date,close,high,low,open,volume,adjClose,adjHigh,adjLow,adjOpen,adjVolume,divCash,splitFactor
2018-01-02 00:00:00+00:00,90.28,90.65,88.93,89.24,2292420,78.3877046343,78.7089657188,77.2155358122,77.4847005047,2292420,0.0,1.0
2018-01-03 00:00:00+00:00,91.4,91.61,90.05,90.28,1985840,79.36017062,79.5425079923,78.1880017979,78.3877046343,1985840,0.0,1.0
2018-01-04 00:00:00+00:00,91.3,92.28,91.25,91.87,1874124,79.2733432998,80.1242510373,79.2299296398,79.7682590247,1874124,0.0,1.0
2018-01-05 00:00:00+00:00,91.67,92.27,90.83,91.52,1779953,79.5946043844,80.1155683053,78.8652548951,79.4643634042,1779953,0.0,1.0
2018-01-08 00:00:00+00:00,91.83,92.21,91.36,91.81,1876970,79.7335280966,80.0634719132,79.3254396919,79.7161626326,1876970,0.0,1.0
2018-01-09 00:00:00+00:00,91.64,92.33,91.42,91.8,2719549,79.5685561884,80.1676646974,79.377536084,79.7074799006,2719549,0.0,1.0
2018-01-10 00:00:00+00:00,90.11,91.15,89.79,91.08,2331428,78.24009819,79.1431023196,77.9622507655,79.0823231955,2331428,0.0,1.0
2018-01-11 00:00:00+00:00,91.19,91.26,89.94,90.4,1886094,79.1778332477,79.2386123718,78.0924917458,78.4918974185,1886094,0.0,1.0
2018-01-12 00:00:00+00:00,92.02,92.59,90.57,91.06,3156049,79.8985000049,80.3934157298,78.6395038627,79.0649577315,3156049,0.0,1.0
2018-01-16 00:00:00+00:00,93.1,93.7,92.35,92.38,3204351,80.8362350626,81.3571989835,80.1850301614,80.2110783575,3204351,0.0,1.0
2018-01-17 00:00:00+00:00,95.57,95.96,93.61,94.0,3871273,82.9808698704,83.319496419,81.2790543954,81.617680944,3871273,0.0,1.0
2018-01-18 00:00:00+00:00,97.24,98.38,95.33,95.58,5210519,84.4308861169,85.4207175667,82.772484302,82.9895526024,5210519,0.0,1.0
2018-01-19 00:00:00+00:00,96.14,97.94,96.14,97.64,2607701,83.4757855952,85.038677358,83.4757855952,84.7781953975,2607701,0.0,1.0
2018-01-22 00:00:00+00:00,96.65,97.0,95.77,96.39,4347013,83.918604928,84.2225005486,83.1545245107,83.6928538956,4347013,0.0,1.0
2018-01-23 00:00:00+00:00,96.47,97.12,95.89,96.69,3166893,83.7623157518,84.3266933327,83.2587172949,83.9533358561,3166893,0.0,1.0
2018-01-24 00:00:00+00:00,95.34,96.64,93.21,94.38,6219952,82.781167034,83.909922196,80.9317451148,81.9476247606,6219952,0.0,1.0
2018-01-25 00:00:00+00:00,91.98,96.99,91.93,96.19,3632408,79.8637690769,84.2138178165,79.8203554168,83.5191992553,3632408,0.0,1.0
2018-01-26 00:00:00+00:00,93.84,94.17,92.58,93.09,4638190,81.4787572317,81.7652873882,80.3847329978,80.8275523306,4638190,0.0,1.0
2018-01-29 00:00:00+00:00,93.78,94.44,92.41,93.2,2989289,81.4266608396,81.9997211526,80.2371265535,80.9230623827,2989289,0.0,1.0
2018-01-30 00:00:00+00:00,91.55,93.39,91.37,92.77,3361080,79.4904116002,81.088034291,79.3341224239,80.5497049061,3361080,0.0,1.0
2018-01-31 00:00:00+00:00,91.88,92.55,91.42,91.89,2927727,79.7769417567,80.3586848017,79.377536084,79.7856244887,2927727,0.0,1.0
2018-02-01 00:00:00+00:00,91.65,92.58,91.25,91.25,2296058,79.5772389204,80.3847329978,79.2299296398,79.2299296398,2296058,0.0,1.0
2018-02-02 00:00:00+00:00,89.11,91.29,89.06,90.74,2878503,77.3718249885,79.2646605678,77.3284113284,78.787110307,2878503,0.0,1.0
2018-02-05 00:00:00+00:00,85.4,89.61,85.33,88.75,3084718,74.1505314108,77.8059615892,74.0897522867,77.0592466359,3084718,0.0,1.0
2018-02-06 00:00:00+00:00,88.54,88.71,82.76,84.2,5222102,76.8769092636,77.0245157079,71.8582901588,73.108603569,5222102,0.0,1.0
2018-02-07 00:00:00+00:00,85.35,87.95,85.29,86.75,4539794,74.1071177507,76.3646280747,74.0550213586,75.3227002329,4539794,0.0,1.0
2018-02-08 00:00:00+00:00,82.68,85.6,82.57,85.54,4829154,71.7888283026,74.3241860511,71.6933182505,74.272089659,4829154,0.0,1.0
2018-02-09 00:00:00+00:00,83.93,84.58,80.95,83.91,4919459,72.8741698045,73.4385473855,70.286715664,72.8568043405,4919459,0.0,1.0
2018-02-12 00:00:00+00:00,85.05,85.9,84.03,84.3,3278133,73.8466357903,74.5846680116,72.9609971247,73.1954308891,3278133,0.0,1.0
2018-02-13 00:00:00+00:00,84.34,86.43,83.77,86.01,2676819,73.2301618172,75.0448528084,72.7352460923,74.6801780637,2676819,0.0,1.0
2018-02-14 00:00:00+00:00,85.13,85.45,83.39,83.52,2783348,73.9160976464,74.1939450709,72.4053022757,72.5181777919,2783348,0.0,1.0
2018-02-15 00:00:00+00:00,85.4,85.94,84.21,85.94,2175772,74.1505314108,74.6193989396,73.117286301,74.6193989396,2175772,0.0,1.0
2018-02-16 00:00:00+00:00,86.09,86.79,85.17,85.28,2499774,74.7496399199,75.3574311609,73.9508285744,74.0463386266,2499774,0.0,1.0
2018-02-20 00:00:00+00:00,88.41,89.49,86.92,87.28,3932531,76.7640337474,77.7017688051,75.4703066771,75.7828850297,3932531,0.0,1.0
2018-02-21 00:00:00+00:00,88.41,90.04,87.85,88.71,2579139,76.7640337474,78.1793190659,76.2778007546,77.0245157079,2579139,0.0,1.0
2018-02-22 00:00:00+00:00,88.56,89.36,88.07,88.46,2415626,76.8942747276,77.5888932889,76.4688208589,76.8074474075,2415626,0.0,1.0
2018-02-23 00:00:00+00:00,90.37,90.43,89.17,89.35,2087733,78.4658492224,78.5179456145,77.4239213806,77.5802105568,2087733,0.0,1.0
2018-02-26 00:00:00+00:00,92.36,92.42,90.57,90.57,2663325,80.1937128935,80.2458092855,78.6395038627,78.6395038627,2663325,0.0,1.0
2018-02-27 00:00:00+00:00,92.26,93.65,91.63,92.21,3219207,80.1068855733,81.3137853234,79.5598734563,80.0634719132,3219207,0.0,1.0
2018-02-28 00:00:00+00:00,90.15,94.92,89.6,94.5,4201881,78.2748291181,82.4164922894,77.7972788572,82.0518175447,4201881,0.0,1.0
2018-03-01 00:00:00+00:00,88.31,90.53,86.79,89.89,4136105,76.6772064273,78.6047729347,75.3574311609,78.0490780857,4136105,0.0,1.0
2018-03-02 00:00:00+00:00,89.53,89.67,86.98,87.44,2298681,77.7364997331,77.8580579813,75.5224030692,75.9218087419,2298681,0.0,1.0
2018-03-05 00:00:00+00:00,91.14,91.7,88.77,88.83,2972161,79.1344195876,79.6206525804,77.0766121,77.1287084921,2972161,0.0,1.0
2018-03-06 00:00:00+00:00,91.93,92.57,91.18,91.73,1958754,79.8203554168,80.3760502658,79.1691505157,79.6467007765,1958754,0.0,1.0
2018-03-07 00:00:00+00:00,92.74,92.8,90.55,91.33,2981069,80.52365671,80.5757531021,78.6221383987,79.2993914959,2981069,0.0,1.0
2018-03-08 00:00:00+00:00,92.72,93.3,92.07,92.9,2095951,80.9230623827,81.4292679067,80.3557630886,81.0801606488,2095951,0.48,1.0
2018-03-09 00:00:00+00:00,94.73,94.85,93.3,93.3,2745183,82.6773263537,82.7820585311,81.4292679067,81.4292679067,2745183,0.0,1.0
2018-03-12 00:00:00+00:00,95.53,95.73,94.67,94.74,2605284,83.3755408695,83.5500944985,82.624960265,82.6860540352,2605284,0.0,1.0
2018-03-13 00:00:00+00:00,94.66,96.85,94.22,96.0,3410403,82.6162325836,84.5275948206,82.2322145999,83.7857418976,3410403,0.0,1.0
2018-03-14 00:00:00+00:00,94.09,95.33,93.27,94.94,1532493,82.1187547411,83.2009872406,81.4030848624,82.8606076641,1532493,0.0,1.0
2018-03-15 00:00:00+00:00,93.94,94.36,93.16,93.92,1264151,81.9878395194,82.3544021402,81.3070803664,81.9703841565,1264151,0.0,1.0
2018-03-16 00:00:00+00:00,94.15,95.01,93.76,94.1,3860390,82.1711208298,82.9217014343,81.8307412533,82.1274824225,3860390,0.0,1.0
2018-03-19 00:00:00+00:00,93.5,93.82,91.84,93.73,2794260,81.6038215357,81.883107342,80.1550264153,81.804558209,2794260,0.0,1.0
2018-03-20 00:00:00+00:00,92.71,93.63,92.37,93.51,1746546,80.9143347013,81.7172813945,80.6175935321,81.6125492171,1746546,0.0,1.0
2018-03-21 00:00:00+00:00,92.8,93.89,92.32,92.5,1499508,80.9928838343,81.9442011121,80.5739551248,80.7310533909,1499508,0.0,1.0
2018-03-22 00:00:00+00:00,90.54,92.43,90.48,91.53,2800267,79.0204278272,80.6699596208,78.9680617385,79.8844682905,2800267,0.0,1.0
2018-03-23 00:00:00+00:00,87.7,90.85,87.65,90.36,2253486,76.541766296,79.290985952,76.4981278888,78.8633295611,2253486,0.0,1.0
2018-03-26 00:00:00+00:00,93.11,93.19,88.94,89.33,3469845,81.2634419592,81.3332634108,77.6239987955,77.964378372,3469845,0.0,1.0
2018-03-27 00:00:00+00:00,91.05,94.32,90.27,93.78,4438036,79.465539581,82.3194914144,78.7847804281,81.8481966162,4438036,0.0,1.0
2018-03-28 00:00:00+00:00,89.91,91.62,89.41,90.71,2601968,78.470583896,79.9630174235,78.0341998236,79.1687984118,2601968,0.0,1.0
2018-03-29 00:00:00+00:00,91.13,92.02,89.85,90.7,2663466,79.5353610326,80.3121246814,78.4182178073,79.1600707303,2663466,0.0,1.0
2018-04-02 00:00:00+00:00,88.75,90.88,87.92,90.47,3308596,77.458172848,79.3171689964,76.7337752879,78.959334057,3308596,0.0,1.0
2018-04-03 00:00:00+00:00,89.52,89.92,87.9,89.61,2721620,78.1302043195,78.4793115774,76.716319925,78.2087534525,2721620,0.0,1.0
2018-04-04 00:00:00+00:00,91.24,91.53,87.54,87.81,2069939,79.6313655285,79.8844682905,76.4021233929,76.6377707919,2069939,0.0,1.0
2018-04-05 00:00:00+00:00,90.94,92.45,90.26,92.1,1769446,79.3695350851,80.6874149837,78.7760527466,80.381946133,1769446,0.0,1.0
2018-04-06 00:00:00+00:00,88.31,90.48,88.13,89.85,2294318,77.0741548643,78.9680617385,76.9170565983,78.4182178073,2294318,0.0,1.0
2018-04-09 00:00:00+00:00,87.99,90.44,87.9,89.12,2513876,76.794869058,78.9331510127,76.716319925,77.7810970616,2513876,0.0,1.0
2018-04-10 00:00:00+00:00,90.03,90.81,88.76,89.5,2242970,78.5753160733,79.2560752262,77.4669005295,78.1127489566,2242970,0.0,1.0
2018-04-11 00:00:00+00:00,90.8,91.15,89.18,89.25,1785178,79.2473475448,79.5528163955,77.8334631503,77.8945569204,1785178,0.0,1.0
2018-04-12 00:00:00+00:00,93.02,93.24,91.2,91.69,2984233,81.1848928262,81.376901818,79.5964548027,80.0241111936,2984233,0.0,1.0
2018-04-13 00:00:00+00:00,92.78,93.6,92.2,93.5,1869665,80.9754284714,81.6910983501,80.4692229475,81.6038215357,1869665,0.0,1.0
2018-04-16 00:00:00+00:00,93.14,93.58,92.48,93.18,2125310,81.2896250035,81.6736429872,80.713598028,81.3245357293,2125310,0.0,1.0
2018-04-17 00:00:00+00:00,95.17,95.54,93.65,93.65,1920040,83.0613443374,83.384268551,81.7347367574,81.7347367574,1920040,0.0,1.0
2018-04-18 00:00:00+00:00,94.57,95.45,94.03,94.78,1909797,82.5376834506,83.305719418,82.0663886524,82.720964761,1909797,0.0,1.0
2018-04-19 00:00:00+00:00,89.85,92.98,89.76,92.98,3774177,78.4182178073,81.1499821004,78.3396686742,81.1499821004,3774177,0.0,1.0
2018-04-20 00:00:00+00:00,89.76,90.0,88.66,89.39,4413807,78.3396686742,78.549133029,77.379623715,78.0167444607,4413807,0.0,1.0
2018-04-23 00:00:00+00:00,88.0,90.19,87.52,90.17,2790338,76.8035967394,78.7149589765,76.38466803,78.6975036136,2790338,0.0,1.0
2018-04-24 00:00:00+00:00,87.65,89.47,87.32,89.27,3137035,76.4981278888,78.0865659123,76.210114401,77.9120122833,3137035,0.0,1.0
2018-04-25 00:00:00+00:00,87.77,88.92,87.33,88.06,2652389,76.6028600662,77.6065434326,76.2188420825,76.8559628281,2652389,0.0,1.0
2018-04-26 00:00:00+00:00,88.7,89.03,87.72,88.45,1981386,77.4145344408,77.7025479286,76.5592216589,77.1963424046,1981386,0.0,1.0
2018-04-27 00:00:00+00:00,87.68,89.38,87.21,89.27,2738572,76.5243109331,78.0080167792,76.1141099051,77.9120122833,2738572,0.0,1.0
2018-04-30 00:00:00+00:00,87.35,88.21,86.03,87.77,3756174,76.2362974453,76.9868780498,75.0842434943,76.6028600662,3756174,0.0,1.0
2018-05-01 00:00:00+00:00,88.86,89.0,86.74,87.14,2094342,77.5541773439,77.6763648842,75.703908877,76.0530161349,2094342,0.0,1.0
2018-05-02 00:00:00+00:00,88.3,89.21,87.48,89.01,1586748,77.0654271829,77.8596461946,76.3497573042,77.6850925657,1586748,0.0,1.0
2018-05-03 00:00:00+00:00,87.91,88.27,86.23,87.52,2261117,76.7250476064,77.0392441385,75.2587971232,76.38466803,2261117,0.0,1.0
2018-05-04 00:00:00+00:00,90.27,90.32,87.12,87.55,2404772,78.7847804281,78.8284188353,76.0355607721,76.4108510743,2404772,0.0,1.0
2018-05-07 00:00:00+00:00,90.5,91.17,89.86,89.86,1867006,78.9855171014,79.5702717584,78.4269454887,78.4269454887,1867006,0.0,1.0
2018-05-08 00:00:00+00:00,91.42,91.45,90.11,90.93,1575027,79.7884637945,79.8146468389,78.6451375249,79.3608074036,1575027,0.0,1.0
2018-05-09 00:00:00+00:00,92.62,92.74,91.42,91.86,1939391,80.8357855683,80.9405177456,79.7884637945,80.1724817782,1939391,0.0,1.0
2018-05-10 00:00:00+00:00,93.34,93.4,92.39,93.08,1914403,81.4641786325,81.5165447212,80.635048895,81.2372589149,1914403,0.0,1.0
2018-05-11 00:00:00+00:00,92.6,93.64,92.42,93.08,1359030,80.8183302054,81.7260090759,80.6612319393,81.2372589149,1359030,0.0,1.0
2018-05-14 00:00:00+00:00,93.87,94.92,93.19,93.19,2173465,81.9267457492,82.8431523012,81.3332634108,81.3332634108,2173465,0.0,1.0
2018-05-15 00:00:00+00:00,93.56,93.85,92.79,93.07,2074877,81.6561876243,81.9092903863,80.9841561529,81.2285312334,2074877,0.0,1.0
2018-05-16 00:00:00+00:00,94.77,94.8,93.58,93.95,1472840,82.7122370795,82.7384201239,81.6736429872,81.9965672008,1472840,0.0,1.0
2018-05-17 00:00:00+00:00,95.04,95.18,94.16,94.21,3344110,82.9478844786,83.0700720189,82.1798485112,82.2234869184,3344110,0.0,1.0
2018-05-18 00:00:00+00:00,94.88,95.57,94.08,94.7,3222037,82.8082415754,83.4104515953,82.1100270596,82.6511433094,3222037,0.0,1.0
2018-05-21 00:00:00+00:00,95.3,96.07,94.5,95.57,1694232,83.1748041962,83.8468356677,82.4765896804,83.4104515953,1694232,0.0,1.0
2018-05-22 00:00:00+00:00,95.71,96.37,95.34,95.78,1336131,83.5326391356,84.1086661111,83.209714922,83.5937329057,1336131,0.0,1.0
2018-05-23 00:00:00+00:00,94.39,95.07,94.05,94.61,3026109,82.3805851845,82.9740675229,82.0838440153,82.5725941764,3026109,0.0,1.0
2018-05-24 00:00:00+00:00,95.04,95.27,93.99,94.51,1920669,82.9478844786,83.1486211519,82.0314779266,82.4853173619,1920669,0.0,1.0
2018-05-25 00:00:00+00:00,95.45,95.5,94.54,94.93,1467930,83.305719418,83.3493578252,82.5115004062,82.8518799827,1467930,0.0,1.0
2018-05-29 00:00:00+00:00,94.39,95.32,93.88,94.68,3474601,82.3805851845,83.1922595591,81.9354734307,82.6336879465,3474601,0.0,1.0
2018-05-30 00:00:00+00:00,94.98,96.98,93.0,93.07,3232438,82.8955183899,84.6410546794,81.1674374633,81.2285312334,3232438,0.0,1.0
2018-05-31 00:00:00+00:00,97.18,98.39,95.55,95.91,5076775,84.8156083084,85.8716577636,83.3929962324,83.7071927645,5076775,0.0,1.0
2018-06-01 00:00:00+00:00,98.4,98.43,96.46,97.68,2301728,85.880385445,85.9065684894,84.1872152442,85.2519923808,2301728,0.0,1.0
2018-06-04 00:00:00+00:00,99.98,100.29,97.43,98.5,2619657,87.2593591137,87.5299172386,85.0338003446,85.9676622595,2619657,0.0,1.0
2018-06-05 00:00:00+00:00,100.64,100.92,99.65,100.01,1869421,87.8353860893,88.0797611698,86.971345626,87.2855421581,1869421,0.0,1.0
2018-06-06 00:00:00+00:00,102.1,102.15,100.11,100.86,2183527,89.1096275807,89.1532659879,87.3728189726,88.0273950811,2183527,0.0,1.0
2018-06-07 00:00:00+00:00,101.96,103.59,101.55,102.31,3660582,89.4063687499,90.8356780973,89.0468492208,89.713275665,3660582,0.48,1.0
2018-06-08 00:00:00+00:00,101.06,101.31,100.0,101.2,2304778,88.6171795396,88.8363987647,87.6876900254,88.7399423057,2304778,0.0,1.0
2018-06-11 00:00:00+00:00,101.39,101.85,100.7,100.86,1635477,88.9065489167,89.3099122908,88.3015038556,88.4418041596,1635477,0.0,1.0
2018-06-12 00:00:00+00:00,102.02,102.07,100.95,101.58,1998432,89.4589813639,89.5028252089,88.5207230806,89.0731555278,1998432,0.0,1.0
2018-06-13 00:00:00+00:00,101.05,102.22,100.73,102.14,2064256,88.6084107706,89.6343567439,88.3278101626,89.5642065919,2064256,0.0,1.0
2018-06-14 00:00:00+00:00,101.7,102.98,101.31,101.73,1855704,89.1783807558,90.3007831881,88.8363987647,89.2046870628,1855704,0.0,1.0
2018-06-15 00:00:00+00:00,101.5,101.96,100.1,101.96,3118232,89.0030053758,89.4063687499,87.7753777154,89.4063687499,3118232,0.0,1.0
2018-06-18 00:00:00+00:00,101.09,101.26,99.83,100.45,1861445,88.6434858467,88.7925549197,87.5386209523,88.0822846305,1861445,0.0,1.0
2018-06-19 00:00:00+00:00,100.06,100.13,98.9,99.5,1759024,87.7403026394,87.8016840224,86.7231254351,87.2492515752,1759024,0.0,1.0
2018-06-20 00:00:00+00:00,101.0,101.07,99.78,100.35,1419235,88.5645669256,88.6259483086,87.4947771073,87.9945969405,1419235,0.0,1.0
2018-06-21 00:00:00+00:00,99.16,101.34,98.98,101.34,1691489,86.9511134292,88.8627050717,86.7932755871,88.8627050717,1691489,0.0,1.0
2018-06-22 00:00:00+00:00,99.09,99.88,98.68,99.83,6226473,86.8897320461,87.5824647973,86.530212517,87.5386209523,6226473,0.0,1.0
2018-06-25 00:00:00+00:00,98.15,98.5,96.89,98.14,4653476,86.0654677599,86.372374675,84.9606028656,86.0566989909,4653476,0.0,1.0
2018-06-26 00:00:00+00:00,98.71,99.41,98.05,98.45,2365558,86.556518824,87.1703326542,85.9777800699,86.32853083,2365558,0.0,1.0
2018-06-27 00:00:00+00:00,96.5,99.35,96.44,98.68,4415221,84.6186208745,87.1177200402,84.5660082605,86.530212517,4415221,0.0,1.0
2018-06-28 00:00:00+00:00,95.95,96.69,95.05,96.19,2349472,84.1363385793,84.7852274855,83.3471493691,84.3467890354,2349472,0.0,1.0
2018-06-29 00:00:00+00:00,95.92,97.83,95.75,96.43,3116694,84.1100322723,85.7848671518,83.9609631993,84.5572394915,3116694,0.0,1.0
2018-07-02 00:00:00+00:00,96.31,96.37,94.62,95.04,2058459,84.4520142634,84.5046268775,82.970092302,83.3383806001,2058459,0.0,1.0
2018-07-03 00:00:00+00:00,94.51,96.84,94.37,96.74,876025,82.873635843,84.9167590206,82.7508730769,84.8290713305,876025,0.0,1.0
2018-07-05 00:00:00+00:00,96.4,96.54,94.93,95.33,1977695,84.5309331845,84.6536959505,83.2419241411,83.5926749012,1977695,0.0,1.0
2018-07-06 00:00:00+00:00,97.2,97.41,95.92,96.39,1551048,85.2324347047,85.4165788537,84.1100322723,84.5221644155,1551048,0.0,1.0
2018-07-09 00:00:00+00:00,97.18,97.86,96.17,97.42,1861303,85.2148971667,85.8111734588,84.3292514974,85.4253476227,1861303,0.0,1.0
2018-07-10 00:00:00+00:00,98.54,98.67,97.02,97.41,2229347,86.407449751,86.521443748,85.0745968626,85.4165788537,2229347,0.0,1.0
2018-07-11 00:00:00+00:00,96.22,97.91,95.97,97.4,1509676,84.3730953424,85.8550173038,84.1538761174,85.4078100847,1509676,0.0,1.0
2018-07-12 00:00:00+00:00,98.4,98.58,95.9,96.18,2328902,86.284686985,86.442524827,84.0924947343,84.3380202664,2328902,0.0,1.0
2018-07-13 00:00:00+00:00,98.12,98.74,97.89,98.62,1130229,86.0391614529,86.5828251311,85.8374797658,86.477599903,1130229,0.0,1.0
2018-07-16 00:00:00+00:00,97.64,98.39,97.32,98.35,1380079,85.6182605408,86.275918216,85.3376599327,86.24084314,1380079,0.0,1.0
2018-07-17 00:00:00+00:00,98.26,98.34,96.46,96.97,1928858,86.1619242189,86.232074371,84.5835457985,85.0307530176,1928858,0.0,1.0
2018-07-18 00:00:00+00:00,99.09,99.4,98.47,98.53,1635235,86.8897320461,87.1615638852,86.346068368,86.398680982,1635235,0.0,1.0
2018-07-19 00:00:00+00:00,98.26,98.96,97.4,98.79,1389518,86.1619242189,86.7757380491,85.4078100847,86.6266689761,1389518,0.0,1.0
2018-07-20 00:00:00+00:00,97.81,98.69,97.3,98.02,1393001,85.7673296138,86.538981286,85.3201223947,85.9514737629,1393001,0.0,1.0
2018-07-23 00:00:00+00:00,97.79,97.96,96.33,97.39,1403708,85.7497920758,85.8988611489,84.4695518014,85.3990413157,1403708,0.0,1.0
2018-07-24 00:00:00+00:00,97.45,99.18,97.31,98.04,2964645,85.4516539297,86.9686509672,85.3288911637,85.9690113009,2964645,0.0,1.0
2018-07-25 00:00:00+00:00,96.55,98.15,95.09,97.48,2613589,84.6624647195,86.0654677599,83.3822244451,85.4779602367,2613589,0.0,1.0
2018-07-26 00:00:00+00:00,97.7,98.56,96.73,97.57,2546220,85.6708731548,86.424987289,84.8203025615,85.5568791578,2546220,0.0,1.0
2018-07-27 00:00:00+00:00,96.98,99.09,96.71,98.09,2147637,85.0395217866,86.8897320461,84.8027650235,86.0128551459,2147637,0.0,1.0
2018-07-30 00:00:00+00:00,95.31,97.57,95.01,97.57,2545043,83.5751373632,85.5568791578,83.3120742931,85.5568791578,2545043,0.0,1.0
2018-07-31 00:00:00+00:00,96.14,96.86,95.58,95.68,2501285,84.3029451904,84.9342965586,83.8118941263,83.8995818163,2501285,0.0,1.0
2018-08-01 00:00:00+00:00,96.04,96.74,95.43,95.43,1717680,84.2152575004,84.8290713305,83.6803625912,83.6803625912,1717680,0.0,1.0
2018-08-02 00:00:00+00:00,96.19,96.55,94.75,95.0,1711780,84.3467890354,84.6624647195,83.084086299,83.3033055241,1711780,0.0,1.0
2018-08-03 00:00:00+00:00,96.56,96.7,95.87,96.08,1017822,84.6712334885,84.7939962545,84.0661884273,84.2503325764,1017822,0.0,1.0
2018-08-06 00:00:00+00:00,97.38,97.42,96.06,96.19,1322202,85.3902725467,85.4253476227,84.2327950384,84.3467890354,1322202,0.0,1.0
2018-08-07 00:00:00+00:00,98.59,98.69,97.45,97.71,1128804,86.451293596,86.538981286,85.4516539297,85.6796419238,1128804,0.0,1.0
2018-08-08 00:00:00+00:00,98.49,98.71,97.94,98.5,1256580,86.363605906,86.556518824,85.8813236109,86.372374675,1256580,0.0,1.0
2018-08-09 00:00:00+00:00,97.74,98.67,97.74,98.54,1451129,85.7059482308,86.521443748,85.7059482308,86.407449751,1451129,0.0,1.0
2018-08-10 00:00:00+00:00,94.94,96.71,94.08,95.33,2817351,83.2506929101,84.8027650235,82.4965787759,83.5926749012,2817351,0.0,1.0
2018-08-13 00:00:00+00:00,95.13,96.13,94.84,95.19,1939325,83.4172995211,84.2941764214,83.1630052201,83.4699121352,1939325,0.0,1.0
2018-08-14 00:00:00+00:00,94.85,96.2399,94.815,95.58,1761598,83.1717739891,84.3905451927,83.1410832976,83.8118941263,1761598,0.0,1.0
2018-08-15 00:00:00+00:00,93.76,94.52,92.81,93.94,2022306,82.2159781678,82.882404612,81.3829451126,82.3738160098,2022306,0.0,1.0
2018-08-16 00:00:00+00:00,94.26,95.07,93.96,94.39,1828687,82.6544166179,83.3646869071,82.3913535478,82.768410615,1828687,0.0,1.0
2018-08-17 00:00:00+00:00,94.58,94.83,92.67,93.46,2869440,82.935017226,83.1542364511,81.2601823465,81.9529150977,2869440,0.0,1.0
2018-08-20 00:00:00+00:00,93.74,94.91,93.24,94.79,2161016,82.1984406298,83.2243866031,81.7600021797,83.1191613751,2161016,0.0,1.0
2018-08-21 00:00:00+00:00,95.92,96.46,93.42,94.06,4051255,84.1100322723,84.5835457985,81.9178400217,82.4790412379,4051255,0.0,1.0
2018-08-22 00:00:00+00:00,97.92,98.12,92.05,92.55,7540753,85.8637860728,86.0391614529,80.7165186684,81.1549571185,7540753,0.0,1.0
2018-08-23 00:00:00+00:00,97.39,98.98,97.24,98.29,2666119,85.3990413157,86.7932755871,85.2675097807,86.1882305259,2666119,0.0,1.0
2018-08-24 00:00:00+00:00,98.78,98.89,97.44,98.06,2674789,86.6179002071,86.7143566661,85.4428851607,85.9865488389,2674789,0.0,1.0
2018-08-27 00:00:00+00:00,100.07,100.72,99.0,99.29,2907259,87.7490714084,88.3190413936,86.8108131251,87.0651074262,2907259,0.0,1.0
2018-08-28 00:00:00+00:00,100.42,100.87,99.46,100.61,3673414,88.0559783235,88.4505729286,87.2141764992,88.2225849345,3673414,0.0,1.0
2018-08-29 00:00:00+00:00,100.17,100.42,99.75,100.42,2370112,87.8367590984,88.0559783235,87.4684708003,88.0559783235,2370112,0.0,1.0
2018-08-30 00:00:00+00:00,98.57,100.17,98.28,99.48,1891693,86.8546569701,88.2644921244,86.5991243484,87.6565007141,1891693,0.48,1.0
2018-08-31 00:00:00+00:00,98.85,99.24,98.2,98.21,1710018,87.1013781221,87.445025441,86.5286325907,86.5374440604,1710018,0.0,1.0
2018-09-04 00:00:00+00:00,98.11,98.89,97.11,97.49,4053178,86.4493293633,87.136624001,85.5681823919,85.903018241,4053178,0.0,1.0
2018-09-05 00:00:00+00:00,97.87,98.84,97.49,98.12,2689002,86.2378540902,87.0925666524,85.903018241,86.458140833,2689002,0.0,1.0
2018-09-06 00:00:00+00:00,97.09,98.09,96.11,97.45,2809812,85.5505594525,86.4317064239,84.6870354205,85.8677723622,2809812,0.0,1.0
2018-09-07 00:00:00+00:00,93.96,95.92,93.59,94.86,5451386,82.792569432,84.5196174959,82.4665450526,83.5856017063,5451386,0.0,1.0
2018-09-10 00:00:00+00:00,94.59,95.18,93.05,94.56,3120064,83.347692024,83.8675687371,81.9907256881,83.3212576149,3120064,0.0,1.0
2018-09-11 00:00:00+00:00,93.25,94.39,93.1,94.12,3229948,82.1669550823,83.1714626297,82.0347830366,82.9335529474,3229948,0.0,1.0
2018-09-12 00:00:00+00:00,91.02,92.56,89.35,92.1,5793632,80.2019973361,81.5589636721,78.7304818939,81.1536360652,5793632,0.0,1.0
2018-09-13 00:00:00+00:00,92.4,93.07,90.88,92.19,3516824,81.4179801566,82.0083486275,80.0786367601,81.2329392927,3516824,0.0,1.0
2018-09-14 00:00:00+00:00,92.53,93.43,92.09,92.55,2843302,81.5325292629,82.3255615372,81.1448245955,81.5501522024,2843302,0.0,1.0
2018-09-17 00:00:00+00:00,91.31,92.82,91.16,92.11,1976252,80.4575299578,81.7880618846,80.3253579121,81.1624475349,1976252,0.0,1.0
2018-09-18 00:00:00+00:00,91.86,92.47,91.35,91.67,2354912,80.9421607921,81.4796604446,80.4927758367,80.7747428675,2354912,0.0,1.0
2018-09-19 00:00:00+00:00,92.58,92.81,91.8,92.02,1843220,81.5765866115,81.7792504149,80.8892919738,81.0831443075,1843220,0.0,1.0
2018-09-20 00:00:00+00:00,95.1,95.66,93.45,93.55,3494871,83.7970769794,84.2905192834,82.3431844766,82.4312991737,3494871,0.0,1.0
2018-09-21 00:00:00+00:00,94.56,95.7,94.19,95.56,4416466,83.3212576149,84.3257651622,82.9952332354,84.2024045862,4416466,0.0,1.0
2018-09-24 00:00:00+00:00,95.0,95.37,93.33,94.14,2558793,83.7089622823,84.0349866617,82.23744684,82.9511758869,2558793,0.0,1.0
2018-09-25 00:00:00+00:00,92.56,93.49,90.55,92.4,6037188,81.5589636721,82.3784303555,79.7878582596,81.4179801566,6037188,0.0,1.0
2018-09-26 00:00:00+00:00,92.32,93.75,92.19,92.4,3802521,81.3474883989,82.607528568,81.2329392927,81.4179801566,3802521,0.0,1.0
2018-09-27 00:00:00+00:00,92.18,92.54,91.61,92.31,1963719,81.2241278229,81.5413407326,80.7218740492,81.3386769292,1963719,0.0,1.0
2018-09-28 00:00:00+00:00,92.46,92.52,91.6,91.96,1650247,81.4708489749,81.5237177932,80.7130625795,81.0302754892,1650247,0.0,1.0
2018-10-01 00:00:00+00:00,92.39,93.39,92.25,92.81,1728836,81.4091686869,82.2903156583,81.2858081109,81.7792504149,1728836,0.0,1.0
2018-10-02 00:00:00+00:00,92.29,93.92,92.11,92.2,1737331,81.3210539898,82.7573235532,81.1624475349,81.2417507624,1737331,0.0,1.0
2018-10-03 00:00:00+00:00,91.83,93.04,90.86,91.71,2914954,80.915726383,81.9819142183,80.0610138207,80.8099887464,2914954,0.0,1.0
2018-10-04 00:00:00+00:00,89.99,91.6,89.57,91.14,4047390,79.2944159556,80.7130625795,78.9243342276,80.3077349727,4047390,0.0,1.0
2018-10-05 00:00:00+00:00,87.15,89.48,86.26,89.0,5816033,76.7919585568,78.8450310002,76.0077377523,78.4220804539,5816033,0.0,1.0
2018-10-08 00:00:00+00:00,86.48,87.23,85.52,86.79,2879353,76.201590086,76.8624503145,75.3556889935,76.4747456471,2879353,0.0,1.0
2018-10-09 00:00:00+00:00,86.76,86.95,85.59,86.62,3950203,76.448311238,76.6157291626,75.4173692815,76.324950662,3950203,0.0,1.0
2018-10-10 00:00:00+00:00,83.9,86.04,83.18,85.46,8524035,73.9282308998,75.8138854186,73.2938050804,75.3028201752,8524035,0.0,1.0
2018-10-11 00:00:00+00:00,83.67,86.59,83.25,85.56,4849880,73.7255670964,76.2985162529,73.3554853684,75.3909348723,4849880,0.0,1.0
2018-10-12 00:00:00+00:00,84.17,85.77,83.07,85.23,3600599,74.1661405821,75.5759757363,73.1968789136,75.1001563718,3600599,0.0,1.0
2018-10-15 00:00:00+00:00,83.9,84.67,83.1,83.71,3153747,73.9282308998,74.6067140678,73.2233133227,73.7608129752,3153747,0.0,1.0
2018-10-16 00:00:00+00:00,85.76,85.84,84.14,84.79,3397746,75.5671642666,75.6376560243,74.1397061729,74.7124517044,3397746,0.0,1.0
2018-10-17 00:00:00+00:00,85.25,86.42,84.6,86.35,3529395,75.1177793112,76.1487212677,74.5450337798,76.0870409797,3529395,0.0,1.0
2018-10-18 00:00:00+00:00,83.17,84.29,81.55,83.0,4923299,73.2849936107,74.2718782187,71.857535517,73.1351986256,4923299,0.0,1.0
2018-10-19 00:00:00+00:00,82.34,84.22,81.87,82.93,2564385,72.5536416244,74.2101979307,72.1395025479,73.0735183376,2564385,0.0,1.0
2018-10-22 00:00:00+00:00,82.55,83.39,82.36,83.01,2337021,72.7386824884,73.4788459444,72.5712645639,73.1440100953,2337021,0.0,1.0
2018-10-23 00:00:00+00:00,82.65,83.01,79.7,80.74,4656395,72.8267971856,73.1440100953,70.22741362,71.1438064702,4656395,0.0,1.0
2018-10-24 00:00:00+00:00,77.82,80.74,77.76,80.32,7790890,68.5708573137,71.1438064702,68.5179884955,70.7737247422,7790890,0.0,1.0
2018-10-25 00:00:00+00:00,79.08,79.9,78.76,78.94,4192534,69.6811024977,70.4036430142,69.3991354669,69.5577419217,4192534,0.0,1.0
2018-10-26 00:00:00+00:00,79.03,80.1,76.62,77.56,4536644,69.6370451491,70.5798724085,67.5134809481,68.3417591012,4536644,0.0,1.0
2018-10-29 00:00:00+00:00,80.41,81.95,78.98,81.32,5055470,70.8530279697,72.2099943056,69.5929878006,71.6548717136,5055470,0.0,1.0
2018-10-30 00:00:00+00:00,82.8,82.86,80.42,80.62,4698768,72.9589692313,73.0118380496,70.8618394394,71.0380688336,4698768,0.0,1.0
2018-10-31 00:00:00+00:00,83.71,84.3,82.88,83.93,3499104,73.7608129752,74.2806896884,73.029460989,73.954665309,3499104,0.0,1.0
2018-11-01 00:00:00+00:00,88.0,88.5,83.72,84.16,3669670,77.5409334825,77.9815069682,73.769624445,74.1573291124,3669670,0.0,1.0
2018-11-02 00:00:00+00:00,87.18,89.01,86.25,88.32,3754858,76.818392966,78.4308919236,75.9989262826,77.8229005134,3754858,0.0,1.0
2018-11-05 00:00:00+00:00,86.38,87.42,85.59,87.09,2143887,76.1134753889,77.0298682391,75.4173692815,76.7390897386,2143887,0.0,1.0
2018-11-06 00:00:00+00:00,87.96,88.0,86.37,86.56,1751269,77.5056876037,77.5409334825,76.1046639191,76.2720818437,1751269,0.0,1.0
2018-11-07 00:00:00+00:00,88.31,89.02,87.39,89.01,2253960,77.8140890437,78.4397033933,77.00343383,78.4308919236,2253960,0.0,1.0
2018-11-08 00:00:00+00:00,89.93,90.08,87.59,87.59,2551090,79.2415471373,79.373719183,77.1796632242,77.1796632242,2551090,0.0,1.0
2018-11-09 00:00:00+00:00,87.59,89.73,87.01,89.46,3043165,77.1796632242,79.065317743,76.6685979808,78.8274080608,3043165,0.0,1.0
2018-11-12 00:00:00+00:00,84.2,86.62,84.1,86.4,3334328,74.1925749912,76.324950662,74.1044602941,76.1310983283,3334328,0.0,1.0
2018-11-13 00:00:00+00:00,85.3,86.81,84.63,84.84,3042486,75.1618366598,76.4923685866,74.5714681889,74.7565090529,3042486,0.0,1.0
2018-11-14 00:00:00+00:00,86.13,87.11,85.47,86.32,2395787,75.893188646,76.756712678,75.3116316449,76.0606065706,2395787,0.0,1.0
2018-11-15 00:00:00+00:00,89.82,89.87,86.03,86.03,4772932,79.1446209705,79.188678319,75.8050739489,75.8050739489,4772932,0.0,1.0
2018-11-16 00:00:00+00:00,89.48,89.96,87.64,88.1,3167913,78.8450310002,79.2679815464,77.2237205728,77.6290481797,3167913,0.0,1.0
2018-11-19 00:00:00+00:00,85.52,89.97,85.45,89.62,6808356,75.3556889935,79.2767930162,75.2940087055,78.9683915762,6808356,0.0,1.0
2018-11-20 00:00:00+00:00,89.02,89.87,83.84,84.76,6660128,78.4397033933,79.188678319,73.8753620815,74.6860172952,6660128,0.0,1.0
2018-11-21 00:00:00+00:00,89.68,90.83,88.21,89.55,3561144,79.0212603945,80.0345794116,77.7259743465,78.9067112882,3561144,0.0,1.0
2018-11-23 00:00:00+00:00,88.64,89.401,87.87,88.65,1163007,78.1048675442,78.7754203894,77.4263843762,78.1136790139,1163007,0.0,1.0
2018-11-26 00:00:00+00:00,90.07,90.63,89.02,90.31,2474599,79.3649077133,79.8583500173,78.4397033933,79.5763829864,2474599,0.0,1.0
2018-11-27 00:00:00+00:00,89.58,90.14,88.36,89.46,2614661,78.9331456973,79.4265880013,77.8581463922,78.8274080608,2614661,0.0,1.0
2018-11-28 00:00:00+00:00,90.72,90.79,88.0,89.43,3864592,80.360603791,80.4226104297,77.9512029718,79.2179100201,3864592,0.48,1.0
2018-11-29 00:00:00+00:00,89.52,90.59,89.35,89.98,2831694,79.2976328414,80.2454486048,79.1470452902,79.7051050387,2831694,0.0,1.0
2018-11-30 00:00:00+00:00,91.92,91.97,88.79,89.7,3335829,81.4235747406,81.4678651968,78.6509921803,79.4570784838,3335829,0.0,1.0
2018-12-03 00:00:00+00:00,93.51,94.62,92.81,93.34,3563789,82.8320112488,83.8152593772,82.2119448616,82.6814236976,3563789,0.0,1.0
2018-12-04 00:00:00+00:00,90.44,93.38,90.34,93.14,3858005,80.1125772361,82.7168560626,80.0239963236,82.5042618727,3858005,0.0,1.0
2018-12-06 00:00:00+00:00,89.53,89.55,86.17,87.33,2957421,79.3064909326,79.3242071151,76.3301722737,77.3577108583,2957421,0.0,1.0
2018-12-07 00:00:00+00:00,86.42,89.98,86.19,89.07,2961144,76.5516245549,79.7051050387,76.3478884562,78.8990187353,2961144,0.0,1.0
2018-12-10 00:00:00+00:00,88.48,88.64,86.0,86.36,2600581,78.3763913517,78.5181208116,76.1795847225,76.4984760074,2600581,0.0,1.0
2018-12-11 00:00:00+00:00,88.64,91.04,88.28,89.91,2094321,78.5181208116,80.6440627109,78.1992295268,79.6430984,2094321,0.0,1.0
2018-12-12 00:00:00+00:00,89.08,90.52,89.0,90.52,2300987,78.9078768265,80.183441966,78.8370120965,80.183441966,2300987,0.0,1.0
2018-12-13 00:00:00+00:00,88.46,89.99,88.08,89.67,1668358,78.3586751692,79.71396313,78.0220677018,79.4305042101,1668358,0.0,1.0
2018-12-14 00:00:00+00:00,87.27,88.39,86.97,87.48,2947820,77.3045623108,78.2966685305,77.0388195734,77.490582227,2947820,0.0,1.0
2018-12-17 00:00:00+00:00,87.31,88.96,86.75,87.25,2933798,77.3399946758,78.8015797315,76.843941566,77.2868461283,2933798,0.0,1.0
2018-12-18 00:00:00+00:00,88.05,89.36,87.5,88.23,2873878,77.9954934281,79.1559033814,77.5082984095,78.1549390705,2873878,0.0,1.0
2018-12-19 00:00:00+00:00,83.69,87.92,83.24,86.73,4216233,74.1333656445,77.8803382419,73.7347515384,76.8262253835,4216233,0.0,1.0
2018-12-20 00:00:00+00:00,82.74,84.55,81.53,83.24,3555429,73.291846976,74.8951614917,72.2200179352,73.7347515384,3555429,0.0,1.0
2018-12-21 00:00:00+00:00,82.32,85.11,81.94,83.41,5189039,72.9198071437,75.3912146015,72.5831996763,73.8853390896,5189039,0.0,1.0
2018-12-24 00:00:00+00:00,80.42,82.91,80.36,82.11,1353267,71.2367698068,73.4424345272,71.1836212593,72.7337872275,1353267,0.0,1.0
2018-12-26 00:00:00+00:00,84.34,84.43,80.08,81.19,2519007,74.7091415755,74.7888643967,70.9355947044,71.9188428328,2519007,0.0,1.0
2018-12-27 00:00:00+00:00,85.36,85.43,81.86,83.26,2070255,75.6126668827,75.6746735214,72.5123349463,73.7524677209,2070255,0.0,1.0
2018-12-28 00:00:00+00:00,85.46,86.9,84.43,85.49,2070730,75.7012477952,76.9768129347,74.7888643967,75.7278220689,2070730,0.0,1.0
2018-12-31 00:00:00+00:00,85.83,86.54,84.97,86.09,1748374,76.0289971713,76.6579216498,75.2672013241,76.2593075437,1748374,0.0,1.0
2019-01-02 00:00:00+00:00,85.92,86.43,83.96,84.03,2524098,76.1087199925,76.5604826461,74.3725341081,74.4345407469,2524098,0.0,1.0
2019-01-03 00:00:00+00:00,80.73,84.35,80.55,82.99,4376622,71.5113706354,74.7179996668,71.351924993,73.5132992572,4376622,0.0,1.0
2019-01-04 00:00:00+00:00,82.69,83.01,80.46,81.46,3470021,73.2475565198,73.5310154397,71.2722021718,72.1580112964,3470021,0.0,1.0
2019-01-07 00:00:00+00:00,83.21,84.19,82.08,82.54,2656324,73.7081772646,74.5762702068,72.7072129537,73.1146851511,2656324,0.0,1.0
2019-01-08 00:00:00+00:00,85.24,85.28,82.67,84.27,3993489,75.5063697877,75.5418021527,73.2298403373,74.6471349368,3993489,0.0,1.0
2019-01-09 00:00:00+00:00,87.4,88.5,85.82,85.82,3321565,77.419717497,78.3941075342,76.02013908,76.02013908,3321565,0.0,1.0
2019-01-10 00:00:00+00:00,88.61,88.66,86.57,86.89,2042362,78.4915465379,78.5358369941,76.6844959236,76.9679548435,2042362,0.0,1.0
2019-01-11 00:00:00+00:00,90.06,91.11,88.07,88.07,3029782,79.7759697687,80.7060693496,78.0132096106,78.0132096106,3029782,0.0,1.0
2019-01-14 00:00:00+00:00,87.5,88.99,87.36,88.68,2239285,77.5082984095,78.8281540053,77.384285132,78.5535531766,2239285,0.0,1.0
2019-01-15 00:00:00+00:00,87.61,88.54,87.01,87.66,1960489,77.6057374132,78.4295398992,77.0742519384,77.6500278695,1960489,0.0,1.0
2019-01-16 00:00:00+00:00,87.0,88.52,86.89,87.6,1667126,77.0653938472,78.4118237167,76.9679548435,77.596879322,1667126,0.0,1.0
2019-01-17 00:00:00+00:00,88.81,88.85,85.44,86.51,2562998,78.6687083628,78.7041407278,75.6835316127,76.6313473761,2562998,0.0,1.0
2019-01-18 00:00:00+00:00,91.36,91.53,88.43,89.61,3471566,80.9275216308,81.078109182,78.3321008955,79.3773556626,3471566,0.0,1.0
2019-01-22 00:00:00+00:00,89.13,90.75,88.21,90.57,2749466,78.9521672827,80.3871780647,78.137222888,80.2277324223,2749466,0.0,1.0
2019-01-23 00:00:00+00:00,88.86,89.71,87.77,89.4,1590502,78.7129988191,79.465936575,77.7474668732,79.1913357464,1590502,0.0,1.0
2019-01-24 00:00:00+00:00,94.75,95.5,90.53,90.53,6478707,83.9304145634,84.5947714069,80.1923000573,80.1923000573,6478707,0.0,1.0
2019-01-25 00:00:00+00:00,97.67,98.15,95.55,95.8,4300164,86.5169772075,86.9421655873,84.6390618632,84.8605141443,4300164,0.0,1.0
2019-01-28 00:00:00+00:00,97.34,97.7,94.86,94.95,2260147,86.2246601964,86.5435514812,84.0278535672,84.1075763884,2260147,0.0,1.0
2019-01-29 00:00:00+00:00,97.01,98.3,96.57,98.3,2171811,85.9323431852,87.075036956,85.5425871704,87.075036956,2171811,0.0,1.0
2019-01-30 00:00:00+00:00,99.01,99.44,97.11,97.57,2653877,87.7039614346,88.0848593582,86.0209240977,86.428396295,2653877,0.0,1.0
2019-01-31 00:00:00+00:00,98.86,98.96,98.03,98.74,2588241,87.5710900659,87.6596709783,86.8358684924,87.4647929709,2588241,0.0,1.0
2019-02-01 00:00:00+00:00,100.54,100.63,98.84,99.17,3074268,89.0592493953,89.1389722166,87.5533738834,87.8456908945,3074268,0.0,1.0
2019-02-04 00:00:00+00:00,99.7,100.79,98.73,100.47,2541880,88.3151697306,89.2807016765,87.4559348797,88.9972427566,2541880,0.0,1.0
2019-02-05 00:00:00+00:00,100.4,100.51,99.05,99.54,2472731,88.9352361179,89.0326751216,87.7393937996,88.1734402707,2472731,0.0,1.0
2019-02-06 00:00:00+00:00,102.41,103.48,101.0,101.05,3279378,90.7157124585,91.6635282219,89.4667215927,89.5110120489,3279378,0.0,1.0
2019-02-07 00:00:00+00:00,100.63,102.1,99.54,101.32,3472016,89.1389722166,90.4411116298,88.1734402707,89.7501805126,3472016,0.0,1.0
2019-02-08 00:00:00+00:00,100.73,100.92,99.07,99.45,2407748,89.227553129,89.3958568627,87.7571099821,88.0937174494,2407748,0.0,1.0
2019-02-11 00:00:00+00:00,101.75,102.65,101.02,102.4,2232265,90.1310784362,90.9283066484,89.4844377752,90.7068543672,2232265,0.0,1.0
2019-02-12 00:00:00+00:00,104.06,104.88,102.88,103.13,3693593,92.1772975142,92.9036609964,91.1320427471,91.3534950283,3693593,0.0,1.0
2019-02-13 00:00:00+00:00,104.42,105.09,103.47,104.43,2417148,92.4961887991,93.0896809126,91.6546701306,92.5050468903,2417148,0.0,1.0
2019-02-14 00:00:00+00:00,104.49,105.04,103.61,104.23,2971563,92.5581954378,93.0453904564,91.7786834081,92.3278850654,2971563,0.0,1.0
2019-02-15 00:00:00+00:00,105.74,105.83,104.29,105.37,2289419,93.6654568437,93.7451796649,92.3810336129,93.3377074675,2289419,0.0,1.0
2019-02-19 00:00:00+00:00,104.22,105.7,104.15,105.44,3722183,92.3190269742,93.6300244787,92.2570203354,93.3997141063,3722183,0.0,1.0
2019-02-20 00:00:00+00:00,106.82,108.28,104.71,105.1,4811711,94.6221306983,95.9154120204,92.7530734452,93.0985390039,4811711,0.0,1.0
2019-02-21 00:00:00+00:00,105.28,106.8,104.92,106.33,3518525,93.2579846463,94.6044145158,92.9390933614,94.1880842272,3518525,0.0,1.0
2019-02-22 00:00:00+00:00,105.91,106.33,105.19,106.08,2248044,93.8160443949,94.1880842272,93.1782618251,93.9666319461,2248044,0.0,1.0
2019-02-25 00:00:00+00:00,107.9,108.22,106.61,106.8,3987499,95.578804553,95.8622634729,94.4361107821,94.6044145158,3987499,0.0,1.0
2019-02-26 00:00:00+00:00,107.18,107.86,106.8,107.36,2083544,94.9410219832,95.543372188,94.6044145158,95.1004676257,2083544,0.0,1.0
2019-02-27 00:00:00+00:00,105.93,106.62,104.97,106.33,2617056,93.8337605774,94.4449688734,92.9833838177,94.1880842272,2617056,0.0,1.0
2019-02-28 00:00:00+00:00,106.96,107.22,104.95,104.95,3212327,95.2244809031,95.4559540242,93.4350156206,93.4350156206,3212327,0.54,1.0
2019-03-01 00:00:00+00:00,108.44,108.79,106.75,107.84,2821391,96.542097131,96.8536955633,95.0375218437,96.00792839,2821391,0.0,1.0
2019-03-04 00:00:00+00:00,108.66,109.48,106.76,109.0,2518086,96.7379590027,97.4679896155,95.0464246561,97.0406546226,2518086,0.0,1.0
2019-03-05 00:00:00+00:00,108.23,109.04,107.96,108.61,2843095,96.3551380716,97.0762658721,96.1147621382,96.693444941,2843095,0.0,1.0
2019-03-06 00:00:00+00:00,106.79,108.66,106.56,108.32,2027957,95.0731330931,96.7379590027,94.8683684091,96.4352633828,2027957,0.0,1.0
2019-03-07 00:00:00+00:00,105.68,106.76,105.22,106.76,2507023,94.0849209222,95.0464246561,93.6753915541,95.0464246561,2507023,0.0,1.0
2019-03-08 00:00:00+00:00,105.41,105.68,104.12,104.75,4791732,93.8445449887,94.0849209222,92.6960821955,93.2569593736,4791732,0.0,1.0
2019-03-11 00:00:00+00:00,107.68,107.74,105.43,105.45,2884084,95.8654833924,95.9189002665,93.8623506134,93.8801562381,2884084,0.0,1.0
2019-03-12 00:00:00+00:00,107.91,108.55,106.66,107.67,2392048,96.0702480764,96.6400280669,94.9573965326,95.85658058,2392048,0.0,1.0
2019-03-13 00:00:00+00:00,108.08,109.06,107.69,108.42,1814147,96.2215958864,97.0940714968,95.8743862047,96.5242915063,1814147,0.0,1.0
2019-03-14 00:00:00+00:00,108.25,108.39,107.12,108.39,1961349,96.3729436963,96.4975830693,95.3669259007,96.4975830693,1961349,0.0,1.0
2019-03-15 00:00:00+00:00,109.39,110.6473,108.35,108.98,4574397,97.3878643043,98.5072149012,96.4619718199,97.0228489979,4574397,0.0,1.0
2019-03-18 00:00:00+00:00,109.15,110.37,108.43,109.03,2745885,97.1741968079,98.2603399147,96.5331943187,97.0673630597,2745885,0.0,1.0
2019-03-19 00:00:00+00:00,109.95,110.38,109.29,109.91,1944912,97.886421796,98.269242727,97.2988361808,97.8508105466,1944912,0.0,1.0
2019-03-20 00:00:00+00:00,108.61,110.27,108.12,109.97,2640754,96.693444941,98.1713117912,96.2572071358,97.9042274207,2640754,0.0,1.0
2019-03-21 00:00:00+00:00,110.18,111.12,108.5,109.0,3724878,98.09118648,98.928050841,96.5955140051,97.0406546226,3724878,0.0,1.0
2019-03-22 00:00:00+00:00,107.4,109.99,107.32,109.79,2300198,95.6162046465,97.9220330454,95.5449821477,97.7439767984,2300198,0.0,1.0
2019-03-25 00:00:00+00:00,105.25,106.09,104.0,104.84,2690762,93.7020999911,94.4499362286,92.5892484473,93.3370846848,2690762,0.0,1.0
2019-03-26 00:00:00+00:00,107.1,107.14,105.72,106.03,3310002,95.349120276,95.3847315254,94.1205321716,94.3965193545,3310002,0.0,1.0
2019-03-27 00:00:00+00:00,104.96,107.47,103.78,106.96,2621058,93.443918433,95.678524333,92.3933865756,95.2244809031,2621058,0.0,1.0
2019-03-28 00:00:00+00:00,104.07,105.64,103.3,105.06,2615227,92.6515681338,94.0493096728,91.9660515827,93.5329465565,2615227,0.0,1.0
2019-03-29 00:00:00+00:00,105.27,105.76,104.6,105.17,2777696,93.7199056158,94.156143421,93.1234171883,93.6308774923,2777696,0.0,1.0
2019-04-01 00:00:00+00:00,108.28,108.62,106.26,106.52,3445825,96.3996521334,96.7023477533,94.6012840386,94.8327571597,3445825,0.0,1.0
2019-04-02 00:00:00+00:00,108.11,108.49,107.41,108.13,1684171,96.2483043234,96.5866111928,95.6251074589,96.2661099481,1684171,0.0,1.0
2019-04-03 00:00:00+00:00,109.84,111.06,109.16,109.62,2739523,97.7884908601,98.8746339669,97.1830996203,97.5926289884,2739523,0.0,1.0
2019-04-04 00:00:00+00:00,110.54,110.96,109.14,109.76,2435746,98.4116877247,98.7856058434,97.1652939956,97.7172683613,2435746,0.0,1.0
2019-04-05 00:00:00+00:00,111.46,111.8,110.55,111.09,2528968,99.2307464609,99.5334420808,98.420590537,98.9013424039,2528968,0.0,1.0
2019-04-08 00:00:00+00:00,111.74,111.83,110.36,110.75,2237860,99.4800252067,99.5601505179,98.2514371023,98.598646784,2237860,0.0,1.0
2019-04-09 00:00:00+00:00,110.49,111.73,110.08,111.5,1856912,98.3671736629,99.4711223944,98.0021583565,99.2663577103,1856912,0.0,1.0
2019-04-10 00:00:00+00:00,112.07,112.12,109.95,110.4,1966665,99.7738180143,99.8183320761,97.886421796,98.2870483517,1966665,0.0,1.0
2019-04-11 00:00:00+00:00,111.82,112.68,111.17,112.37,1784942,99.5512477055,100.3168895677,98.9725649028,100.0409023848,1784942,0.0,1.0
2019-04-12 00:00:00+00:00,114.21,114.29,112.14,112.82,1984198,101.6790198574,101.7502423562,99.8361377008,100.4415289406,1984198,0.0,1.0
2019-04-15 00:00:00+00:00,112.94,114.59,112.62,114.44,1420540,100.5483626888,102.0173267267,100.2634726936,101.8837845414,1420540,0.0,1.0
2019-04-16 00:00:00+00:00,114.6,114.99,113.25,113.33,2298586,102.026229539,102.3734392207,100.8243498717,100.8955723705,2298586,0.0,1.0
2019-04-17 00:00:00+00:00,114.4,115.93,113.85,115.08,2505875,101.848173292,103.2103035817,101.3585186127,102.4535645319,2505875,0.0,1.0
2019-04-18 00:00:00+00:00,114.79,115.09,113.76,115.09,2052786,102.1953829737,102.4624673442,101.2783933016,102.4624673442,2052786,0.0,1.0
2019-04-22 00:00:00+00:00,113.61,114.6,113.45,114.41,2295854,101.1448511163,102.026229539,101.0024061187,101.8570761044,2295854,0.0,1.0
2019-04-23 00:00:00+00:00,114.11,114.4,113.22,113.57,3437855,101.5899917339,101.848173292,100.7976414346,101.1092398669,3437855,0.0,1.0
2019-04-24 00:00:00+00:00,117.29,118.54,114.15,114.78,5727388,104.4210860614,105.5339376052,101.6256029833,102.1864801614,5727388,0.0,1.0
2019-04-25 00:00:00+00:00,115.02,116.4,113.51,116.38,2953030,102.4001476578,103.6287357622,101.0558229928,103.6109301375,2953030,0.0,1.0
2019-04-26 00:00:00+00:00,114.44,114.5899,112.16,113.25,2244943,101.8837845414,102.0172376986,99.8539433255,100.8243498717,2244943,0.0,1.0
2019-04-29 00:00:00+00:00,113.88,114.79,113.4,114.25,1877377,101.3852270498,102.1953829737,100.957892057,101.7146311068,1877377,0.0,1.0
2019-04-30 00:00:00+00:00,116.24,116.83,113.93,114.46,2624811,103.4862907646,104.0115566932,101.4297411115,101.9015901661,2624811,0.0,1.0
2019-05-01 00:00:00+00:00,114.7,116.96,114.64,116.56,1601859,102.1152576625,104.1272932538,102.0618407884,103.7711807598,1601859,0.0,1.0
2019-05-02 00:00:00+00:00,116.96,117.42,114.55,114.83,2223530,104.1272932538,104.5368226219,101.9817154773,102.2309942231,2223530,0.0,1.0
2019-05-03 00:00:00+00:00,116.95,117.96,115.93,117.58,2476296,104.1183904415,105.0175744889,103.2103035817,104.6792676196,2476296,0.0,1.0
2019-05-06 00:00:00+00:00,114.93,115.39,113.4,114.07,2248065,102.3200223466,102.7295517147,100.957892057,101.5543804845,2248065,0.0,1.0
2019-05-07 00:00:00+00:00,113.68,114.29,111.79,113.4,2965415,101.2071708028,101.7502423562,99.5245392685,100.957892057,2965415,0.0,1.0
2019-05-08 00:00:00+00:00,110.55,112.97,110.47,112.46,3819496,98.420590537,100.5750711259,98.3493680382,100.121027696,3819496,0.0,1.0
2019-05-09 00:00:00+00:00,110.55,111.09,107.85,109.14,3408786,98.420590537,98.9013424039,96.0168312023,97.1652939956,3408786,0.0,1.0
2019-05-10 00:00:00+00:00,110.6,111.15,107.68,110.21,2422025,98.4651045988,98.9547592781,95.8654833924,98.1178949171,2422025,0.0,1.0
2019-05-13 00:00:00+00:00,104.23,107.68,103.66,107.14,4900330,92.7940131314,95.8654833924,92.2865528274,95.3847315254,4900330,0.0,1.0
2019-05-14 00:00:00+00:00,106.75,107.21,104.98,105.17,2271873,95.0375218437,95.4470512119,93.4617240577,93.6308774923,2271873,0.0,1.0
2019-05-15 00:00:00+00:00,107.89,108.83,105.53,105.59,2305627,96.0524424517,96.8893068127,93.951378737,94.0047956111,2305627,0.0,1.0
2019-05-16 00:00:00+00:00,104.7,106.18,104.06,105.66,4409779,93.2124453118,94.5300615398,92.6426653214,94.0671152975,4409779,0.0,1.0
2019-05-17 00:00:00+00:00,100.83,103.86,100.19,103.22,5468061,89.7670569321,92.4646090744,89.1972769417,91.8948290839,5468061,0.0,1.0
2019-05-20 00:00:00+00:00,97.5,99.24,96.72,97.88,4505996,86.8024204193,88.3515097684,86.108001056,87.1407272887,4505996,0.0,1.0
2019-05-21 00:00:00+00:00,99.88,101.75,99.1,101.42,4636632,88.9212897588,90.5861156684,88.2268703955,90.2923228608,4636632,0.0,1.0
2019-05-22 00:00:00+00:00,101.44,103.1,98.59,98.84,5187128,90.3101284855,91.7879953357,87.7728269656,87.9953972743,5187128,0.0,1.0
2019-05-23 00:00:00+00:00,98.73,100.56,97.6,99.48,3387311,87.8974663385,89.5266809987,86.8914485428,88.5651772648,3387311,0.0,1.0
2019-05-24 00:00:00+00:00,98.42,100.42,98.33,99.57,2283096,87.6214791556,89.4020416257,87.5413538445,88.6453025759,2283096,0.0,1.0
2019-05-28 00:00:00+00:00,97.11,99.14,96.76,98.66,3602466,86.4552107377,88.2624816449,86.1436123054,87.835146652,3602466,0.0,1.0
2019-05-29 00:00:00+00:00,98.11,98.83,95.94,96.12,3051160,87.3454919727,87.986494462,85.4135816926,85.5738323149,3051160,0.0,1.0
2019-05-30 00:00:00+00:00,98.06,99.57,97.37,97.82,2099646,87.7817297779,89.1334574137,87.1640529112,87.5668856504,2099646,0.54,1.0
2019-05-31 00:00:00+00:00,96.62,98.59,96.48,96.99,2156827,86.4926650127,88.2561772262,86.3673392716,86.8238830426,2156827,0.0,1.0
2019-06-03 00:00:00+00:00,96.07,98.32,95.51,97.31,2899954,86.0003138871,88.0144775828,85.4990109228,87.1103418794,2899954,0.0,1.0
2019-06-04 00:00:00+00:00,100.97,101.08,96.91,97.51,3588576,90.3867148244,90.4851850495,86.7522683335,87.2893786523,3588576,0.0,1.0
2019-06-05 00:00:00+00:00,99.87,102.43,98.43,101.64,1785823,89.4020125731,91.6936832669,88.1129478079,90.9864880137,1785823,0.0,1.0
2019-06-06 00:00:00+00:00,99.97,100.31,98.63,99.71,1881136,89.4915309596,89.7958934736,88.2919845808,89.2587831548,1881136,0.0,1.0
2019-06-07 00:00:00+00:00,100.69,100.99,99.73,100.67,3046367,90.1360633422,90.4046185017,89.2766868321,90.1181596649,3046367,0.0,1.0
2019-06-10 00:00:00+00:00,106.55,107.53,103.13,104.29,4179081,95.3818407897,96.2591209772,92.3203119722,93.3587252553,4179081,0.0,1.0
2019-06-11 00:00:00+00:00,105.17,108.56,104.67,107.67,2325055,94.1464870563,97.1811603579,93.698895124,96.3844467182,2325055,0.0,1.0
2019-06-12 00:00:00+00:00,104.37,104.89,103.66,104.89,1506627,93.4303399645,93.8958355742,92.7947594205,93.8958355742,1506627,0.0,1.0
2019-06-13 00:00:00+00:00,105.78,105.87,104.49,104.78,1696383,94.6925492138,94.7731157617,93.5377620283,93.7973653491,1696383,0.0,1.0
2019-06-14 00:00:00+00:00,104.02,104.41,102.78,103.44,2327185,93.1170256119,93.4661473191,92.0069976196,92.5978189703,2327185,0.0,1.0
2019-06-17 00:00:00+00:00,105.1,105.78,103.47,104.2,1859237,94.0838241858,94.6925492138,92.6246744862,93.2781587075,1859237,0.0,1.0
2019-06-18 00:00:00+00:00,109.94,110.59,106.05,106.69,3190006,98.4165140912,98.9983836033,94.9342488573,95.5071665308,3190006,0.0,1.0
2019-06-19 00:00:00+00:00,111.04,111.53,109.5,110.49,2474493,99.4012163424,99.8398564362,98.0226331907,98.9088652168,2474493,0.0,1.0
2019-06-20 00:00:00+00:00,112.56,113.94,111.51,113.55,2437123,100.7618958169,101.9972495502,99.8219527589,101.648127843,2437123,0.0,1.0
2019-06-21 00:00:00+00:00,113.67,114.36,111.53,112.12,4351314,101.7555499068,102.3732267734,99.8398564362,100.3680149164,4351314,0.0,1.0
2019-06-24 00:00:00+00:00,112.9,114.32,112.66,113.71,2052128,101.0662583309,102.3374194188,100.8514142033,101.7913572613,2052128,0.0,1.0
2019-06-25 00:00:00+00:00,110.28,113.54,109.85,113.01,2516155,98.7208766052,101.6391760043,98.3359475434,101.164728556,2516155,0.0,1.0
2019-06-26 00:00:00+00:00,110.87,112.74,110.39,111.49,3823426,99.2490350854,100.9230289125,98.8193468304,99.8040490816,3823426,0.0,1.0
2019-06-27 00:00:00+00:00,112.84,113.72,111.28,111.69,2054023,101.012547299,101.8003091,99.61606047,99.9830858545,2054023,0.0,1.0
2019-06-28 00:00:00+00:00,112.87,114.42,112.61,113.36,6136774,101.0394028149,102.4269378053,100.8066550101,101.4780429087,6136774,0.0,1.0
2019-07-01 00:00:00+00:00,115.0,118.14,114.41,117.17,2589872,102.9461444469,105.7570217822,102.4179859667,104.8886934334,2589872,0.0,1.0
2019-07-02 00:00:00+00:00,113.51,114.5,112.64,114.49,1357333,101.6123204884,102.4985525145,100.8335105261,102.4896006759,1357333,0.0,1.0
2019-07-03 00:00:00+00:00,113.17,113.67,111.86,113.62,1444451,101.3079579744,101.7555499068,100.1352671115,101.7107907135,1444451,0.0,1.0
2019-07-05 00:00:00+00:00,112.86,112.98,111.31,112.07,1022121,101.0304509763,101.1378730401,99.6429159859,100.3232557231,1022121,0.0,1.0
2019-07-08 00:00:00+00:00,111.83,112.62,111.43,112.19,1790613,100.1084115956,100.8156068488,99.7503380497,100.4306777869,1790613,0.0,1.0
2019-07-09 00:00:00+00:00,113.29,113.92,111.4,111.76,1952608,101.4153800381,101.9793458729,99.7234825338,100.0457487251,1952608,0.0,1.0
2019-07-10 00:00:00+00:00,114.01,115.73,112.94,114.68,1762180,102.0599124208,103.5996286681,101.1020656855,102.6596856102,1762180,0.0,1.0
2019-07-11 00:00:00+00:00,113.92,114.27,113.03,114.27,1414223,101.9793458729,102.2926602256,101.1826322333,102.2926602256,1414223,0.0,1.0
2019-07-12 00:00:00+00:00,116.2,116.26,114.22,114.22,2139499,104.0203650846,104.0740761165,102.2479010324,102.2479010324,2139499,0.0,1.0
2019-07-15 00:00:00+00:00,117.02,117.69,116.22,116.9,1228266,104.7544158537,105.3541890431,104.0382687619,104.6469937899,1228266,0.0,1.0
2019-07-16 00:00:00+00:00,115.46,116.09,114.16,116.0,2007377,103.3579290247,103.9218948595,102.1941900005,103.8413283116,2007377,0.0,1.0
2019-07-17 00:00:00+00:00,113.94,116.01,113.93,115.94,1545006,101.9972495502,103.8502801503,101.9882977116,103.7876172797,1545006,0.0,1.0
2019-07-18 00:00:00+00:00,116.01,116.25,113.25,114.0,2244956,103.8502801503,104.0651242778,101.3795726836,102.0509605821,2244956,0.0,1.0
2019-07-19 00:00:00+00:00,115.78,117.07,115.52,116.29,1558605,103.6443878614,104.7991750469,103.4116400565,104.1009316324,1558605,0.0,1.0
2019-07-22 00:00:00+00:00,117.71,118.08,115.55,116.05,1667118,105.3720927204,105.7033107503,103.4384955725,103.8860875049,1667118,0.0,1.0
2019-07-23 00:00:00+00:00,119.92,119.93,117.69,118.5,2307764,107.3504490615,107.3594009001,105.3541890431,106.0792879735,2307764,0.0,1.0
2019-07-24 00:00:00+00:00,124.64,124.79,120.51,121.02,4240349,111.5757169031,111.7099944828,107.8786075417,108.3351513127,4240349,0.0,1.0
2019-07-25 00:00:00+00:00,122.18,124.1,120.58,123.19,2675395,109.3735645958,111.0923176162,107.9412704122,110.2777002992,2675395,0.0,1.0
2019-07-26 00:00:00+00:00,121.8,123.04,121.71,122.78,1372889,109.0333947272,110.1434227195,108.9528281794,109.9106749147,1372889,0.0,1.0
2019-07-29 00:00:00+00:00,121.21,122.5,120.82,122.08,1694744,108.505236247,109.6600234325,108.1561145398,109.2840462093,1694744,0.0,1.0
2019-07-30 00:00:00+00:00,120.96,121.38,119.57,120.3,1162963,108.2814402808,108.657417504,107.0371347088,107.6906189301,1162963,0.0,1.0
2019-07-31 00:00:00+00:00,117.46,120.97,116.06,120.97,2460089,105.1482967542,108.2903921195,103.8950393435,108.2903921195,2460089,0.0,1.0
2019-08-01 00:00:00+00:00,114.46,120.15,113.11,117.78,2978621,102.4627451599,107.5563413504,101.2542469425,105.4347555909,2978621,0.0,1.0
2019-08-02 00:00:00+00:00,112.68,114.94,112.24,114.21,2717727,100.8693178806,102.892433415,100.4754369802,102.2389491937,2717727,0.0,1.0
2019-08-05 00:00:00+00:00,107.63,109.85,106.14,109.44,3642336,96.3486393636,98.3359475434,95.0148154051,97.9689221588,3642336,0.0,1.0
2019-08-06 00:00:00+00:00,109.28,110.39,108.13,108.86,2868591,97.8256927405,98.8193468304,96.796231296,97.4497155173,2868591,0.0,1.0
2019-08-07 00:00:00+00:00,109.82,110.26,107.16,107.85,2048669,98.3090920274,98.7029729279,95.9279029472,96.5455798139,2048669,0.0,1.0
2019-08-08 00:00:00+00:00,112.33,112.46,109.4,110.22,1837578,100.556003528,100.6723774304,97.9331148042,98.6671655733,1837578,0.0,1.0
2019-08-09 00:00:00+00:00,110.66,111.85,109.78,111.23,1713693,99.0610464738,100.1263152729,98.2732846729,99.5713012767,1713693,0.0,1.0
2019-08-12 00:00:00+00:00,108.96,110.62,108.28,110.22,1395199,97.5392339038,99.0252391192,96.9305088757,98.6671655733,1395199,0.0,1.0
2019-08-13 00:00:00+00:00,113.02,113.58,108.14,109.11,3091711,101.1736803947,101.6749833589,96.8051831347,97.6735114835,3091711,0.0,1.0
2019-08-14 00:00:00+00:00,110.31,111.71,109.55,110.58,1840982,98.7477321212,100.0009895318,98.067392384,98.9894317647,1840982,0.0,1.0
2019-08-15 00:00:00+00:00,108.45,110.95,107.81,110.61,2164914,97.0826901327,99.3206497946,96.5097724593,99.0162872806,2164914,0.0,1.0
2019-08-16 00:00:00+00:00,110.52,111.25,109.2,109.81,2832981,98.9357207328,99.589204954,97.7540780313,98.3001401888,2832981,0.0,1.0
2019-08-19 00:00:00+00:00,111.17,113.72,110.81,113.06,2784622,99.5175902449,101.8003091,99.1953240536,101.2094877493,2784622,0.0,1.0
2019-08-20 00:00:00+00:00,110.29,111.46,109.93,110.37,2255070,98.7298284439,99.7771935656,98.4075622526,98.8014431531,2255070,0.0,1.0
2019-08-21 00:00:00+00:00,108.59,111.7,107.78,109.0,3236529,97.2080158738,99.9920376932,96.4829169433,97.5750412583,3236529,0.0,1.0
2019-08-22 00:00:00+00:00,108.63,109.4,107.22,108.55,2761428,97.2438232284,97.9331148042,95.9816139791,97.1722085192,2761428,0.0,1.0
2019-08-23 00:00:00+00:00,104.17,107.51,103.72,106.98,4382782,93.2513031916,96.2412172999,92.8484704524,95.7667698515,4382782,0.0,1.0
2019-08-26 00:00:00+00:00,106.03,106.09,105.0,105.57,2510354,94.91634518,94.9700562119,93.9943057993,94.5045606022,2510354,0.0,1.0
2019-08-27 00:00:00+00:00,107.05,107.79,106.32,107.29,2222670,95.8294327221,96.491868782,95.1759485008,96.0442768496,2222670,0.0,1.0
2019-08-28 00:00:00+00:00,108.03,108.06,105.83,106.44,1545399,96.7067129095,96.7335684255,94.7373084071,95.2833705646,1545399,0.0,1.0
2019-08-29 00:00:00+00:00,109.02,110.37,108.84,109.26,1949143,98.0763442226,99.2908283971,97.9144129993,98.2922525203,1949143,0.54,1.0
2019-08-30 00:00:00+00:00,109.83,110.96,109.17,109.96,1881677,98.8050347273,99.8216029622,98.2112869087,98.9219850552,1881677,0.0,1.0
2019-09-03 00:00:00+00:00,106.38,108.95,105.83,108.71,2607300,95.7013529481,98.0133709691,95.2065630992,97.7974626714,2607300,0.0,1.0
2019-09-04 00:00:00+00:00,109.19,109.23,108.14,108.21,1181117,98.2292792668,98.2652639831,97.2846804644,97.3476537179,1181117,0.0,1.0
2019-09-05 00:00:00+00:00,113.02,113.9,111.1,111.27,2294821,101.6748158507,102.4664796088,99.9475494692,100.1004845134,2294821,0.0,1.0
2019-09-06 00:00:00+00:00,112.67,113.55,112.43,113.23,1217073,101.3599495832,102.1516133414,101.1440412855,101.8637356111,1217073,0.0,1.0
2019-09-09 00:00:00+00:00,112.87,113.77,112.28,113.19,1208626,101.5398731646,102.3495292809,101.0090985995,101.8277508949,1208626,0.0,1.0
2019-09-10 00:00:00+00:00,113.98,113.98,111.25,112.36,1459727,102.5384490414,102.5384490414,100.0824921552,101.081068032,1459727,0.0,1.0
2019-09-11 00:00:00+00:00,115.04,116.38,113.21,114.03,2387327,103.4920440228,104.6975320182,101.845743253,102.5834299367,2387327,0.0,1.0
2019-09-12 00:00:00+00:00,116.21,118.46,115.53,118.0,2053699,104.544596974,106.5687372648,103.9328567973,106.1549130276,2053699,0.0,1.0
2019-09-13 00:00:00+00:00,116.52,116.99,115.42,116.03,1646317,104.8234785252,105.2462989415,103.8338988275,104.3826657508,1646317,0.0,1.0
2019-09-16 00:00:00+00:00,115.26,115.81,114.57,115.18,1191992,103.6899599624,104.1847498112,103.0692236065,103.6179905298,1191992,0.0,1.0
2019-09-17 00:00:00+00:00,115.28,115.87,114.44,114.98,1447317,103.7079523205,104.2387268856,102.9522732786,103.4380669484,1447317,0.0,1.0
2019-09-18 00:00:00+00:00,116.56,116.62,114.82,115.21,1359894,104.8594632415,104.9134403159,103.2941280833,103.644979067,1359894,0.0,1.0
2019-09-19 00:00:00+00:00,115.88,116.84,115.07,116.1,1678707,104.2477230647,105.1113562555,103.51903256,104.4456390043,1678707,0.0,1.0
2019-09-20 00:00:00+00:00,115.33,116.62,114.62,115.76,3281732,103.7529332159,104.9134403159,103.1142045019,104.1397689159,3281732,0.0,1.0
2019-09-23 00:00:00+00:00,114.29,115.14,113.4,114.95,1730545,102.8173305926,103.5820058135,102.0166706553,103.4110784112,1730545,0.0,1.0
2019-09-24 00:00:00+00:00,110.96,115.06,110.61,115.04,2928792,99.8216029622,103.510036381,99.5067366948,103.4920440228,2928792,0.0,1.0
2019-09-25 00:00:00+00:00,112.68,113.06,109.76,111.14,2395570,101.3689457623,101.7108005669,98.7420614738,99.9835341855,2395570,0.0,1.0
2019-09-26 00:00:00+00:00,113.14,113.44,111.67,112.85,1043534,101.7827699995,102.0526553716,100.4603316762,101.5218808065,1043534,0.0,1.0
2019-09-27 00:00:00+00:00,111.04,113.86,110.37,112.96,1517786,99.8935723948,102.4304948926,99.2908283971,101.6208387762,1517786,0.0,1.0
2019-09-30 00:00:00+00:00,111.73,112.24,110.54,112.15,2395544,100.5143087506,100.9731138832,99.4437634413,100.8921482716,2395544,0.0,1.0
2019-10-01 00:00:00+00:00,109.78,116.19,109.56,114.81,2902230,98.7600538319,104.5266046159,98.5621378924,103.2851319042,2902230,0.0,1.0
2019-10-02 00:00:00+00:00,108.97,109.81,108.11,109.13,1658503,98.0313633273,98.7870423691,97.2576919272,98.1753021924,1658503,0.0,1.0
2019-10-03 00:00:00+00:00,110.87,111.3,108.0,108.87,1880658,99.7406373506,100.1274730506,97.1587339575,97.9414015366,1880658,0.0,1.0
2019-10-04 00:00:00+00:00,113.03,113.22,111.19,111.85,1437647,101.6838120297,101.8547394321,100.0285150808,100.6222628995,1437647,0.0,1.0
2019-10-07 00:00:00+00:00,110.84,113.29,110.78,112.92,1764150,99.7136488134,101.9177126856,99.659671739,101.58485406,1764150,0.0,1.0
2019-10-08 00:00:00+00:00,106.13,110.36,106.09,109.99,3240867,95.4764484713,99.281832218,95.4404637551,98.9489735924,3240867,0.0,1.0
2019-10-09 00:00:00+00:00,108.07,108.87,106.78,107.77,1907631,97.2217072109,97.9414015366,96.0612001109,96.9518218388,1907631,0.0,1.0
2019-10-10 00:00:00+00:00,108.44,109.77,107.52,107.8,1902677,97.5545658365,98.7510576529,96.7269173621,96.9788103761,1902677,0.0,1.0
2019-10-11 00:00:00+00:00,111.22,112.72,109.73,109.73,2626741,100.055503618,101.4049304786,98.7150729366,98.7150729366,2626741,0.0,1.0
2019-10-14 00:00:00+00:00,110.34,111.0,109.99,110.57,1761884,99.2638398599,99.8575876785,98.9489735924,99.4707519785,1761884,0.0,1.0
2019-10-15 00:00:00+00:00,113.29,113.41,110.5,110.75,2629701,101.9177126856,102.0256668344,99.407778725,99.6326832017,2629701,0.0,1.0
2019-10-16 00:00:00+00:00,110.59,113.25,110.39,112.71,1963966,99.4887443366,101.8817279693,99.3088207552,101.3959342995,1963966,0.0,1.0
2019-10-17 00:00:00+00:00,110.0,112.26,109.63,111.77,1494105,98.9579697715,100.9911062413,98.6251111459,100.5502934669,1494105,0.0,1.0
2019-10-18 00:00:00+00:00,109.48,110.43,108.42,110.17,1428915,98.4901684598,99.3448054715,97.5365734784,99.1109048157,1428915,0.0,1.0
2019-10-21 00:00:00+00:00,111.11,111.48,109.99,110.19,1327271,99.9565456483,100.2894042739,98.9489735924,99.1288971738,1327271,0.0,1.0
2019-10-22 00:00:00+00:00,110.88,112.24,110.73,111.25,1664161,99.7496335297,100.9731138832,99.6146908436,100.0824921552,1664161,0.0,1.0
2019-10-23 00:00:00+00:00,105.57,107.75,104.58,107.5,4596793,94.9726624434,96.9338294807,94.0820407155,96.7089250039,4596793,0.0,1.0
2019-10-24 00:00:00+00:00,105.32,106.68,104.92,106.37,3053496,94.7477579667,95.9712383202,94.3879108039,95.692356769,3053496,0.0,1.0
2019-10-25 00:00:00+00:00,106.83,107.03,105.12,105.55,1867697,96.1061810062,96.2861045877,94.5678343853,94.9546700853,1867697,0.0,1.0
2019-10-28 00:00:00+00:00,108.83,109.08,107.42,107.7,2072964,97.9054168203,98.130321297,96.6369555714,96.8888485853,2072964,0.0,1.0
2019-10-29 00:00:00+00:00,108.05,110.12,107.84,109.24,2766559,97.2037148528,99.0659239203,97.0147950923,98.2742601621,2766559,0.0,1.0
2019-10-30 00:00:00+00:00,108.25,110.99,107.77,110.51,2543748,97.3836384342,99.8485914994,96.9518218388,99.4167749041,2543748,0.0,1.0
2019-10-31 00:00:00+00:00,106.63,107.7,104.95,107.7,3847445,95.9262574248,96.8888485853,94.4148993411,96.8888485853,3847445,0.0,1.0
2019-11-01 00:00:00+00:00,109.37,109.92,107.56,107.62,1991769,98.3912104901,98.8860003389,96.7629020784,96.8168791528,1991769,0.0,1.0
2019-11-04 00:00:00+00:00,111.39,112.26,110.35,111.07,1696867,100.2084386622,100.9911062413,99.2728360389,99.920560932,1696867,0.0,1.0
2019-11-05 00:00:00+00:00,113.45,114.43,111.34,111.47,3043690,102.0616515507,102.9432770996,100.1634577669,100.2804080948,3043690,0.0,1.0
2019-11-06 00:00:00+00:00,112.03,113.22,110.65,113.0,1676838,100.7841941227,101.8547394321,99.542721411,101.6568234925,1676838,0.0,1.0
2019-11-07 00:00:00+00:00,112.29,113.82,111.53,113.77,1139209,101.0180947785,102.3945101763,100.3343851692,102.3495292809,1139209,0.0,1.0
2019-11-08 00:00:00+00:00,113.02,113.04,111.17,111.98,1123931,101.6748158507,101.6928082088,100.0105227227,100.7392132274,1123931,0.0,1.0
2019-11-11 00:00:00+00:00,112.55,112.74,111.42,112.55,1263530,101.2519954344,101.4229228367,100.2354271994,101.2519954344,1263530,0.0,1.0
2019-11-12 00:00:00+00:00,113.26,114.01,112.74,113.03,2277128,101.8907241483,102.5654375786,101.4229228367,101.6838120297,2277128,0.0,1.0
2019-11-13 00:00:00+00:00,114.17,114.39,111.91,112.26,1729378,102.7093764437,102.9072923833,100.6762399739,100.9911062413,1729378,0.0,1.0
2019-11-14 00:00:00+00:00,113.32,113.7,112.54,113.7,1102241,101.9447012228,102.2865560274,101.2429992553,102.2865560274,1102241,0.0,1.0
2019-11-15 00:00:00+00:00,113.4,114.95,112.59,114.7,1767396,102.0166706553,103.4110784112,101.2879801506,103.1861739344,1767396,0.0,1.0
2019-11-18 00:00:00+00:00,111.97,113.03,111.7,113.03,1845257,100.7302170483,101.6838120297,100.4873202134,101.6838120297,1845257,0.0,1.0
2019-11-19 00:00:00+00:00,111.71,113.03,111.57,112.73,1876162,100.4963163925,101.6838120297,100.3703698855,101.4139266576,1876162,0.0,1.0
2019-11-20 00:00:00+00:00,108.58,110.83,108.22,110.8,2988293,97.6805123435,99.7046526343,97.356649897,99.6776640971,2988293,0.0,1.0
2019-11-21 00:00:00+00:00,108.78,109.24,107.85,109.06,2903049,97.8604359249,98.2742601621,97.0237912714,98.1123289389,2903049,0.0,1.0
2019-11-22 00:00:00+00:00,110.65,111.08,109.14,111.08,1783561,99.542721411,99.9295571111,98.1842983714,99.9295571111,1783561,0.0,1.0
2019-11-25 00:00:00+00:00,112.93,113.47,111.32,111.62,3031509,101.593850239,102.0796439088,100.1454654087,100.4153507808,3031509,0.0,1.0
2019-11-26 00:00:00+00:00,114.89,115.45,107.51,108.62,7432903,103.3571013368,103.8608873647,96.717921183,97.7164970598,7432903,0.0,1.0
2019-11-27 00:00:00+00:00,113.7,116.31,113.03,116.11,3948863,102.2865560274,104.6345587647,101.6838120297,104.4546351833,3948863,0.0,1.0
2019-11-29 00:00:00+00:00,112.95,114.39,112.44,113.03,1036675,101.6118425972,102.9072923833,101.1530374646,101.6838120297,1036675,0.0,1.0
2019-12-02 00:00:00+00:00,111.26,113.36,110.93,113.06,1715849,100.0914883343,101.980685939,99.794614425,101.7108005669,1715849,0.0,1.0
2019-12-03 00:00:00+00:00,110.25,110.43,108.67,109.54,2157134,99.1828742482,99.3448054715,97.7614779552,98.5441455343,2157134,0.0,1.0
2019-12-04 00:00:00+00:00,114.39,114.51,111.8,111.8,2890447,102.9072923833,103.0152465321,100.5772820041,100.5772820041,2890447,0.0,1.0
2019-12-05 00:00:00+00:00,113.43,115.23,113.16,113.95,2443405,102.5294528623,104.1564740662,102.2853996817,102.9994812101,2443405,0.54,1.0
2019-12-06 00:00:00+00:00,115.89,116.1,114.4,114.74,2150292,104.7530485076,104.942867648,103.4062365111,103.7135627385,2150292,0.0,1.0
2019-12-09 00:00:00+00:00,114.62,115.78,114.51,115.78,1553263,103.6050946582,104.653619434,103.5056655846,104.653619434,1553263,0.0,1.0
2019-12-10 00:00:00+00:00,114.41,115.44,114.03,114.58,2815854,103.4152755178,104.3462932066,103.0717932636,103.5689386314,2815854,0.0,1.0
2019-12-11 00:00:00+00:00,115.85,116.49,114.79,114.95,2203209,104.7168924808,105.2953889089,103.7587577719,103.9033818789,2203209,0.0,1.0
2019-12-12 00:00:00+00:00,117.81,118.66,115.61,115.87,2424054,106.4885377917,107.2568533602,104.4999563203,104.7349704942,2424054,0.0,1.0
2019-12-13 00:00:00+00:00,118.77,119.47,116.9,117.58,1644295,107.3562824337,107.9890129019,105.6659881831,106.2806406379,1644295,0.0,1.0
2019-12-16 00:00:00+00:00,118.86,120.5,118.49,119.52,2062535,107.4376334939,108.9200305908,107.1031902465,108.0342079353,2062535,0.0,1.0
2019-12-17 00:00:00+00:00,118.82,119.41,118.07,118.91,1467449,107.4014774672,107.9347788618,106.7235519656,107.4828285274,1467449,0.0,1.0
2019-12-18 00:00:00+00:00,117.0,119.53,116.86,118.89,2708958,105.75637825,108.043246942,105.6298321563,107.464750514,2708958,0.0,1.0
2019-12-19 00:00:00+00:00,118.7,118.82,117.13,117.38,1713995,107.2930093869,107.4014774672,105.8738853369,106.0998605041,1713995,0.0,1.0
2019-12-20 00:00:00+00:00,119.82,120.22,117.9,120.18,4449011,108.305378136,108.6669384035,106.5698888519,108.6307823767,4449011,0.0,1.0
2019-12-23 00:00:00+00:00,119.17,120.55,119.03,120.0,1565751,107.7178427013,108.9652256242,107.5912966076,108.4680802564,1565751,0.0,1.0
2019-12-24 00:00:00+00:00,119.72,119.88,119.11,119.26,487824,108.2149880691,108.3596121761,107.6636086611,107.7991937614,487824,0.0,1.0
2019-12-26 00:00:00+00:00,119.73,120.13,119.26,119.67,912635,108.2240270758,108.5855873433,107.7991937614,108.1697930357,912635,0.0,1.0
2019-12-27 00:00:00+00:00,119.45,120.0,118.99,119.72,1360930,107.9709348885,108.4680802564,107.5551405809,108.2149880691,1360930,0.0,1.0
2019-12-30 00:00:00+00:00,118.86,119.45,117.94,119.28,1107348,107.4376334939,107.9709348885,106.6060448786,107.8172717748,1107348,0.0,1.0
2019-12-31 00:00:00+00:00,118.84,119.14,118.14,118.82,963456,107.4195554805,107.6907256812,106.7868250124,107.4014774672,963456,0.0,1.0
2020-01-02 00:00:00+00:00,120.43,120.65,118.74,120.11,1151468,108.8567575439,109.0556156911,107.3291654137,108.5675093299,1151468,0.0,1.0
2020-01-03 00:00:00+00:00,118.31,119.67,117.73,118.0,1374372,106.9404881261,108.1697930357,106.4162257382,106.6602789188,1374372,0.0,1.0
2020-01-06 00:00:00+00:00,116.92,117.32,115.61,116.25,1979387,105.6840661964,106.045626464,104.4999563203,105.0784527483,1979387,0.0,1.0
2020-01-07 00:00:00+00:00,119.58,120.88,118.4,118.9,2214839,108.0884419755,109.2635128449,107.0218391863,107.4737895207,2214839,0.0,1.0
2020-01-08 00:00:00+00:00,120.66,121.46,119.69,120.31,2036477,109.0646546978,109.7877752328,108.187871049,108.7482894637,2036477,0.0,1.0
2020-01-09 00:00:00+00:00,120.66,121.69,119.74,121.63,1418485,109.0646546978,109.9956723866,108.2330660825,109.9414383465,1418485,0.0,1.0
2020-01-10 00:00:00+00:00,118.57,120.81,118.37,120.8,1610520,107.1755023,109.2002397981,106.9947221662,109.1912007914,1610520,0.0,1.0
2020-01-13 00:00:00+00:00,119.06,119.64,118.22,118.78,1336056,107.6184136277,108.1426760156,106.8591370659,107.3653214404,1336056,0.0,1.0
2020-01-14 00:00:00+00:00,119.53,120.59,118.7,118.98,1326776,108.043246942,109.001381651,107.2930093869,107.5461015742,1326776,0.0,1.0
2020-01-15 00:00:00+00:00,117.51,119.41,117.23,119.41,1729207,106.217367591,107.9347788618,105.9642754038,107.9347788618,1729207,0.0,1.0
2020-01-16 00:00:00+00:00,119.13,119.22,118.01,118.48,1413598,107.6816866745,107.7630377347,106.6693179254,107.0941512398,1413598,0.0,1.0
2020-01-17 00:00:00+00:00,119.47,119.92,119.02,119.75,2303296,107.9890129019,108.3957682029,107.5822576009,108.2421050892,2303296,0.0,1.0
2020-01-21 00:00:00+00:00,119.31,119.67,118.0,118.19,2244119,107.8443887949,108.1697930357,106.6602789188,106.8320200458,2244119,0.0,1.0
2020-01-22 00:00:00+00:00,120.42,121.05,119.28,119.64,1654714,108.8477185373,109.4171759586,107.8172717748,108.1426760156,1654714,0.0,1.0
2020-01-23 00:00:00+00:00,120.86,121.07,118.85,120.42,2170308,109.2454348315,109.435253972,107.4285944872,108.8477185373,2170308,0.0,1.0
2020-01-24 00:00:00+00:00,117.57,122.2,116.9,121.78,1972168,106.2716016312,110.4566617277,105.6659881831,110.0770234468,1972168,0.0,1.0
2020-01-27 00:00:00+00:00,112.21,114.98,112.2,114.65,2737804,101.4266940464,103.930498899,101.4176550397,103.6322116783,2737804,0.0,1.0
2020-01-28 00:00:00+00:00,114.31,114.59,113.05,114.03,2670469,103.3248854509,103.5779776381,102.1859706082,103.0717932636,2670469,0.0,1.0
2020-01-29 00:00:00+00:00,113.23,114.47,112.6,114.31,3501466,102.3486727286,103.4695095579,101.7792153072,103.3248854509,3501466,0.0,1.0
2020-01-30 00:00:00+00:00,112.37,113.5,110.96,112.23,2760980,101.5713181534,102.5927259091,100.2968182104,101.4447720598,2760980,0.0,1.0
2020-01-31 00:00:00+00:00,109.75,111.72,109.2,111.66,3245433,99.2030984011,100.9837827187,98.7059530333,100.9295486785,3245433,0.0,1.0
2020-02-03 00:00:00+00:00,110.0,111.61,109.55,110.7,2134777,99.4290735683,100.8843536451,99.0223182674,100.0618040365,2134777,0.0,1.0
2020-02-04 00:00:00+00:00,112.46,113.38,111.62,112.26,2249780,101.6526692136,102.4842578289,100.8933926518,101.4718890798,2249780,0.0,1.0
2020-02-05 00:00:00+00:00,116.68,117.06,114.11,115.08,2192425,105.4671300359,105.8106122901,103.1441053171,104.0208889658,2192425,0.0,1.0
2020-02-06 00:00:00+00:00,115.79,117.19,115.35,116.94,1398262,104.6626584407,105.928119377,104.2649421464,105.7021442098,1398262,0.0,1.0
2020-02-07 00:00:00+00:00,112.27,115.14,112.11,115.0,1663795,101.4809280865,104.075123006,101.3363039795,103.9485769123,1663795,0.0,1.0
2020-02-10 00:00:00+00:00,112.9,112.9,110.45,110.91,1813906,102.0503855079,102.0503855079,99.8358288693,100.2516231769,1813906,0.0,1.0
2020-02-11 00:00:00+00:00,116.88,117.77,113.45,113.45,2765514,105.6479101697,106.4523817649,102.5475308757,102.5475308757,2765514,0.0,1.0
2020-02-12 00:00:00+00:00,118.81,119.05,117.29,117.41,1856037,107.3924384605,107.609374621,106.0185094439,106.1269775242,1856037,0.0,1.0
2020-02-13 00:00:00+00:00,118.88,119.04,116.95,118.23,2391089,107.4557115073,107.6003356143,105.7111832165,106.8681760726,2391089,0.0,1.0
2020-02-14 00:00:00+00:00,117.65,119.37,116.7,119.05,1869020,106.3439136847,107.898622835,105.4852080493,107.609374621,1869020,0.0,1.0
2020-02-18 00:00:00+00:00,118.57,118.89,116.07,116.23,3077811,107.1755023,107.464750514,104.915750628,105.060374735,3077811,0.0,1.0
2020-02-19 00:00:00+00:00,123.89,127.3,122.39,125.06,4598958,111.984253858,115.0665551386,110.6284028548,113.0418176405,4598958,0.0,1.0
2020-02-20 00:00:00+00:00,124.55,125.57,122.37,124.4,3062435,112.5808282994,113.5028069816,110.6103248414,112.4452431991,3062435,0.0,1.0
2020-02-21 00:00:00+00:00,122.76,123.97,120.81,122.92,2813765,110.9628461023,112.0565659115,109.2002397981,111.1074702093,2813765,0.0,1.0
2020-02-24 00:00:00+00:00,117.36,119.69,116.97,119.34,3041587,106.0817824907,108.187871049,105.7292612299,107.8715058149,3041587,0.0,1.0
2020-02-25 00:00:00+00:00,114.66,118.78,113.38,118.54,3251681,103.641250685,107.3653214404,102.4842578289,107.1483852799,3251681,0.0,1.0
2020-02-26 00:00:00+00:00,114.84,117.39,114.29,115.98,2896612,103.8039528053,106.1088995108,103.3068074375,104.8343995678,2896612,0.0,1.0
2020-02-27 00:00:00+00:00,107.72,113.71,107.57,111.82,3541339,97.9285984581,103.3741267237,97.7922329757,101.6559216449,3541339,0.62,1.0
2020-02-28 00:00:00+00:00,109.05,110.06,103.5,103.96,6036781,99.1377057358,100.0558999842,94.0921828854,94.5103703649,6036781,0.0,1.0
2020-03-02 00:00:00+00:00,111.27,111.44,107.24,110.09,3979561,101.1559148759,101.3104624227,97.4922289143,100.0831730807,3979561,0.0,1.0
2020-03-03 00:00:00+00:00,107.2,113.19,106.57,110.13,3416121,97.4558647856,102.9013930512,96.8831297594,100.1195372094,3416121,0.0,1.0
2020-03-04 00:00:00+00:00,112.46,112.54,106.68,109.0,2180977,102.2377477033,102.3104759606,96.9831311132,99.092250575,2180977,0.0,1.0
2020-03-05 00:00:00+00:00,108.87,112.07,107.92,109.03,2197267,98.9740671568,101.883197449,98.1104191014,99.1195236714,2197267,0.0,1.0
2020-03-06 00:00:00+00:00,107.0,107.46,104.51,105.0,3801183,97.2740441424,97.6922316219,95.0103771338,95.4558377098,3801183,0.0,1.0
2020-03-09 00:00:00+00:00,97.51,103.61,97.11,99.61,4936845,88.6466546199,94.1921842392,88.2830133333,90.5557713741,4936845,0.0,1.0
2020-03-10 00:00:00+00:00,102.44,102.54,96.12,100.13,4355311,93.1285334761,93.2194437978,87.3830011492,91.0285050465,4355311,0.0,1.0
2020-03-11 00:00:00+00:00,94.41,100.65,93.96,99.48,4168159,85.8284346494,91.501238719,85.419338202,90.4375879559,4168159,0.0,1.0
2020-03-12 00:00:00+00:00,90.01,95.36,87.25,89.79,8483817,81.8283804977,86.6920827048,79.3192556208,81.6283777901,8483817,0.0,1.0
2020-03-13 00:00:00+00:00,99.79,100.46,89.36,94.88,6399368,90.719409953,91.3285091079,81.2374634071,86.255713161,6399368,0.0,1.0
2020-03-16 00:00:00+00:00,83.21,92.86,83.02,89.84,7287252,75.646478627,84.4193246641,75.4737490159,81.673832951,7287252,0.0,1.0
2020-03-17 00:00:00+00:00,95.44,96.9,82.32,86.14,5555718,86.7648109621,88.0921016579,74.8373767645,78.3101510507,5555718,0.0,1.0
2020-03-18 00:00:00+00:00,82.23,92.49,79.08,87.44,5725763,74.755557475,84.0829564741,71.8918823437,79.4919852319,5725763,0.0,1.0
2020-03-19 00:00:00+00:00,90.32,91.7,79.44,82.44,4464962,82.1102024948,83.3647649332,72.2191595016,74.9464691505,4464962,0.0,1.0
2020-03-20 00:00:00+00:00,85.08,93.37,84.88,92.41,4567550,77.3465016414,84.8829673044,77.1646809982,84.0102282168,4567550,0.0,1.0
2020-03-23 00:00:00+00:00,85.16,87.51,80.51,85.78,4063670,77.4192298987,79.555622457,73.191899943,77.9828738928,4063670,0.0,1.0
2020-03-24 00:00:00+00:00,93.73,94.0,87.44,89.78,3651400,85.2102444623,85.4557023307,79.4919852319,81.619286758,3651400,0.0,1.0
2020-03-25 00:00:00+00:00,94.36,97.44,89.74,92.66,3860017,85.7829794886,88.5830173947,81.5829226293,84.2375040209,3860017,0.0,1.0
2020-03-26 00:00:00+00:00,92.62,96.5,90.86,94.53,5063654,84.2011398922,87.7284603714,82.6011182316,85.9375270353,5063654,0.0,1.0
2020-03-27 00:00:00+00:00,88.67,92.63,88.26,89.26,3009981,80.6101821879,84.2102309244,80.2374498692,81.1465530855,3009981,0.0,1.0
2020-03-30 00:00:00+00:00,90.97,91.47,87.6,89.54,3268287,82.7011195854,83.1556711935,79.6374417465,81.4011019861,3268287,0.0,1.0
2020-03-31 00:00:00+00:00,89.65,92.27,89.18,90.56,3432090,81.5011033399,83.8829537665,81.0738248282,82.3283872667,3432090,0.0,1.0
2020-04-01 00:00:00+00:00,84.09,88.11,83.67,86.04,3231933,76.4464894573,80.1010843868,76.0646661065,78.2192407291,3231933,0.0,1.0
2020-04-02 00:00:00+00:00,87.7,88.27,82.9,83.13,3638215,79.7283520681,80.2465409014,75.3646566299,75.5737503697,3638215,0.0,1.0
2020-04-03 00:00:00+00:00,86.56,88.8,85.34,87.39,2253789,78.6919744015,80.728365606,77.5828684777,79.4465300711,2253789,0.0,1.0
2020-04-06 00:00:00+00:00,95.8,96.3,89.92,90.14,3673920,87.09208812,87.5466397282,81.7465612083,81.9465639158,3673920,0.0,1.0
2020-04-07 00:00:00+00:00,96.25,100.92,95.85,99.02,3814769,87.5011845673,91.7466965874,87.1375432808,90.0194004764,3814769,0.0,1.0
2020-04-08 00:00:00+00:00,101.4,101.56,95.75,97.22,3001301,92.1830661312,92.3285226458,87.0466329592,88.3830146871,3001301,0.0,1.0
2020-04-09 00:00:00+00:00,98.79,103.57,97.87,101.34,2806713,89.8103067367,94.1558201105,88.9739317777,92.1285199382,2806713,0.0,1.0
2020-04-13 00:00:00+00:00,99.67,100.22,97.33,97.52,2348250,90.610317567,91.110324336,88.4830160409,88.655745652,2348250,0.0,1.0
2020-04-14 00:00:00+00:00,103.02,103.3,100.07,101.8,3178112,93.6558133416,93.9103622421,90.9739588535,92.5467074177,3178112,0.0,1.0
2020-04-15 00:00:00+00:00,100.45,101.16,98.27,100.73,1884096,91.3194180757,91.9648813593,89.3375730642,91.5739669763,1884096,0.0,1.0
2020-04-16 00:00:00+00:00,101.83,102.34,99.11,101.52,2622038,92.5739805142,93.0376231545,90.1012197659,92.2921585172,2622038,0.0,1.0
2020-04-17 00:00:00+00:00,102.8,104.73,101.39,103.96,1917047,93.455810634,95.2103798414,92.173975099,94.5103703649,1917047,0.0,1.0
2020-04-20 00:00:00+00:00,100.91,103.03,100.0,102.16,1498285,91.7376055552,93.6649043737,90.9103216284,92.8739845756,1498285,0.0,1.0
2020-04-21 00:00:00+00:00,96.47,99.07,96.05,98.06,4028101,87.7011872749,90.0648556373,87.3193639241,89.1466613888,4028101,0.0,1.0
2020-04-22 00:00:00+00:00,102.12,102.72,99.26,99.93,3170599,92.8376204469,93.3830823767,90.2375852484,90.8466844033,3170599,0.0,1.0
2020-04-23 00:00:00+00:00,101.81,103.94,101.12,102.08,2585628,92.5557984499,94.4921883006,91.9285172306,92.8012563183,2585628,0.0,1.0
2020-04-24 00:00:00+00:00,105.92,106.43,101.61,101.61,2899905,96.2922126688,96.7558553091,92.3739778066,92.3739778066,2899905,0.0,1.0
2020-04-27 00:00:00+00:00,108.03,108.56,106.22,106.61,1848894,98.2104204552,98.6922451598,96.5649436337,96.919493888,1848894,0.0,1.0
2020-04-28 00:00:00+00:00,107.61,111.8,107.49,110.93,1648713,97.8285971043,101.6377395806,97.7195047184,100.8468197824,1648713,0.0,1.0
2020-04-29 00:00:00+00:00,113.34,114.06,109.2,109.34,2544272,103.0377585336,103.6923128494,99.2740712182,99.4013456685,2544272,0.0,1.0
2020-04-30 00:00:00+00:00,109.6,113.0,109.35,111.45,2455864,99.6377125047,102.7286634401,99.4104367007,101.3195534549,2455864,0.0,1.0
2020-05-01 00:00:00+00:00,103.64,107.29,103.23,106.37,2782413,94.2194573357,97.5376840751,93.846725017,96.7013091161,2782413,0.0,1.0
2020-05-04 00:00:00+00:00,103.4,103.84,100.99,103.13,2550543,94.0012725638,94.4012779789,91.8103338125,93.7558146954,2550543,0.0,1.0
2020-05-05 00:00:00+00:00,105.94,107.3,105.14,105.74,1818364,96.3103947331,97.5467751073,95.5831121601,96.1285740899,1818364,0.0,1.0
2020-05-06 00:00:00+00:00,105.25,107.7,104.8,106.83,1328709,95.6831135139,97.9104163938,95.2740170666,97.1194965956,1328709,0.0,1.0
2020-05-07 00:00:00+00:00,106.35,107.74,105.83,106.96,1162640,96.6831270518,97.9467805224,96.2103933793,97.2376800137,1162640,0.0,1.0
2020-05-08 00:00:00+00:00,109.83,109.87,106.5,107.12,1286222,99.8468062445,99.8831703731,96.8194925342,97.3831365283,1286222,0.0,1.0
2020-05-11 00:00:00+00:00,108.42,109.44,107.25,108.04,1436587,98.5649707095,99.4922559901,97.5013199465,98.2195114873,1436587,0.0,1.0
2020-05-12 00:00:00+00:00,106.6,110.66,106.45,109.38,2018503,96.9104028559,100.601361914,96.7740373734,99.4377097971,2018503,0.0,1.0
2020-05-13 00:00:00+00:00,103.8,107.38,102.36,106.51,2470145,94.3649138503,97.6195033646,93.0558052188,96.8285835664,2470145,0.0,1.0
2020-05-14 00:00:00+00:00,105.49,105.57,100.46,103.51,2052972,95.9012982858,95.9740265431,91.3285091079,94.1012739176,2052972,0.0,1.0
2020-05-15 00:00:00+00:00,101.8,103.56,100.09,103.05,4237511,92.5467074177,94.1467290784,90.9921409179,93.6830864381,4237511,0.0,1.0
2020-05-18 00:00:00+00:00,108.34,109.16,104.57,105.08,2536425,98.4922424522,99.2377070896,95.0649233268,95.5285659671,2536425,0.0,1.0
2020-05-19 00:00:00+00:00,106.33,110.38,106.11,107.81,3591453,96.6649449875,100.3468130134,96.4649422799,98.0104177476,3591453,0.0,1.0
2020-05-20 00:00:00+00:00,114.57,115.57,110.86,111.69,4753509,104.1559554897,105.0650587059,100.7831825572,101.5377382268,4753509,0.0,1.0
2020-05-21 00:00:00+00:00,111.01,114.24,110.1,113.42,3021054,100.9195480397,103.8559514283,100.0922641129,103.1104867909,3021054,0.0,1.0
2020-05-22 00:00:00+00:00,111.06,111.8,109.52,110.76,1765044,100.9650032005,101.6377395806,99.5649842474,100.6922722356,1765044,0.0,1.0
2020-05-26 00:00:00+00:00,112.7,115.24,112.55,113.87,2112511,102.4559324752,104.7650546446,102.3195669928,103.5195832383,2112511,0.0,1.0
2020-05-27 00:00:00+00:00,114.68,115.39,111.63,113.82,1825888,104.2559568435,104.901420127,101.4831920338,103.4741280774,1825888,0.0,1.0
2020-05-28 00:00:00+00:00,110.96,114.36,110.46,114.17,2274237,101.437736873,104.5459588031,100.9806454127,104.3722640482,2274237,0.62,1.0
2020-05-29 00:00:00+00:00,112.95,113.31,110.41,111.31,2913338,103.256960885,103.5860667364,100.9349362666,101.7577008952,2913338,0.0,1.0
2020-06-01 00:00:00+00:00,112.78,113.44,111.33,112.37,1209503,103.1015497885,103.7049105161,101.7759845536,102.7267347911,1209503,0.0,1.0
2020-06-02 00:00:00+00:00,116.8,116.87,112.44,113.0,3112799,106.7765651294,106.8405579339,102.7907275955,103.3026700311,3112799,0.0,1.0
2020-06-03 00:00:00+00:00,121.62,122.87,118.39,118.85,3762345,111.1829268069,112.3256554577,108.2301159732,108.6506401167,3762345,0.0,1.0
2020-06-04 00:00:00+00:00,122.38,122.86,119.87,119.87,1653179,111.8777058266,112.3165136285,109.5831066958,109.5831066958,1653179,0.0,1.0
2020-06-05 00:00:00+00:00,124.59,127.39,123.96,124.85,3549883,113.8980500811,116.4577622589,113.3221148411,114.1357376405,3549883,0.0,1.0
2020-06-08 00:00:00+00:00,123.71,125.35,122.83,125.0,1809820,113.093569111,114.5928291008,112.2890881408,114.2728650786,1809820,0.0,1.0
2020-06-09 00:00:00+00:00,123.39,124.36,121.57,122.05,2471531,112.8010305764,113.6877880094,111.1372176608,111.5760254627,2471531,0.0,1.0
2020-06-10 00:00:00+00:00,122.88,124.58,121.99,124.19,1892677,112.3347972869,113.8889082519,111.5211744875,113.5323769129,1892677,0.0,1.0
2020-06-11 00:00:00+00:00,115.65,121.18,115.43,120.96,3210604,105.7252547707,110.7806863218,105.5241345282,110.5795660793,3210604,0.0,1.0
2020-06-12 00:00:00+00:00,118.41,119.7,115.5,119.51,3138665,108.2483996317,109.4276955993,105.5881273326,109.2540008443,3138665,0.0,1.0
2020-06-15 00:00:00+00:00,118.5,118.67,115.07,116.15,1695554,108.3306760945,108.486087191,105.1950286768,106.182346231,1695554,0.0,1.0
2020-06-16 00:00:00+00:00,122.69,124.35,120.2,123.63,2706381,112.1611025319,113.6786461802,109.8847870596,113.0204344773,2706381,0.0,1.0
2020-06-17 00:00:00+00:00,122.53,123.74,121.85,122.59,1478878,112.0148332646,113.1209945986,111.3931888786,112.0696842399,1478878,0.0,1.0
2020-06-18 00:00:00+00:00,122.81,123.47,121.99,122.36,1248672,112.2708044824,112.87416521,111.5211744875,111.8594221681,1248672,0.0,1.0
2020-06-19 00:00:00+00:00,120.18,124.39,119.94,124.39,4495695,109.8665034012,113.715213497,109.6470995002,113.715213497,4495695,0.0,1.0
2020-06-22 00:00:00+00:00,120.5,120.73,118.35,120.02,2034569,110.1590419358,110.3693040075,108.1935486564,109.7202341339,2034569,0.0,1.0
2020-06-23 00:00:00+00:00,123.25,124.51,120.97,122.5,2693899,112.6730449675,113.8249154475,110.5887079085,111.987407777,2693899,0.0,1.0
2020-06-24 00:00:00+00:00,119.47,122.61,118.63,122.38,2102949,109.2174335275,112.0879678983,108.4495198742,111.8777058266,2102949,0.0,1.0
2020-06-25 00:00:00+00:00,120.1,120.3,117.61,119.82,1809135,109.7933687675,109.9762053516,107.5170532952,109.5373975497,1809135,0.0,1.0
2020-06-26 00:00:00+00:00,117.87,120.02,117.14,119.87,2264141,107.7547408545,109.7202341339,107.0873873225,109.5831066958,2264141,0.0,1.0
2020-06-29 00:00:00+00:00,119.0,119.31,117.11,118.91,1406154,108.7877675548,109.0711642602,107.0599618348,108.705491092,1406154,0.0,1.0
2020-06-30 00:00:00+00:00,122.64,123.2,119.01,119.52,2400514,112.1153933859,112.6273358215,108.796909384,109.2631426736,2400514,0.0,1.0
2020-07-01 00:00:00+00:00,120.37,122.42,120.3,122.29,1587483,110.0401981561,111.9142731434,109.9762053516,111.7954293637,1587483,0.0,1.0
2020-07-02 00:00:00+00:00,121.24,122.81,120.74,122.41,1624409,110.835537297,112.2708044824,110.3784458367,111.9051313142,1624409,0.0,1.0
2020-07-06 00:00:00+00:00,123.62,124.51,122.88,122.96,1273255,113.0112926481,113.8249154475,112.3347972869,112.4079319205,1273255,0.0,1.0
2020-07-07 00:00:00+00:00,122.62,124.36,121.54,121.69,1920303,112.0971097275,113.6877880094,111.1097921732,111.2469196113,1920303,0.0,1.0
2020-07-08 00:00:00+00:00,122.86,123.6,120.99,123.07,1818891,112.3165136285,112.9930089897,110.6069915669,112.5084920418,1818891,0.0,1.0
2020-07-09 00:00:00+00:00,124.19,125.04,121.04,122.47,1841055,113.5323769129,114.3094323954,110.6527007129,111.9599822894,1841055,0.0,1.0
2020-07-10 00:00:00+00:00,124.5,125.08,122.81,124.41,1769032,113.8157736183,114.3459997123,112.2708044824,113.7334971554,1769032,0.0,1.0
2020-07-13 00:00:00+00:00,117.25,122.93,116.46,121.73,14320024,107.1879474437,112.3805064329,106.4657429364,111.2834869281,14320024,0.0,1.0
2020-07-14 00:00:00+00:00,118.01,118.28,113.81,116.19,6289809,107.8827264634,108.129555852,104.0431581968,106.2189135479,6289809,0.0,1.0
2020-07-15 00:00:00+00:00,117.9,119.36,116.96,119.26,4159217,107.7821663421,109.1168734063,106.9228343967,109.0254551142,4159217,0.0,1.0
2020-07-16 00:00:00+00:00,115.98,116.9,114.91,116.72,4183050,106.0269351345,106.8679834215,105.0487594095,106.7034304958,4183050,0.0,1.0
2020-07-17 00:00:00+00:00,116.75,117.17,115.76,116.46,2709205,106.7308559834,107.1148128101,105.825814892,106.4657429364,2709205,0.0,1.0
2020-07-20 00:00:00+00:00,117.06,117.85,115.54,117.04,3481199,107.0142526888,107.7364571961,105.6246946495,106.9959690304,3481199,0.0,1.0
2020-07-21 00:00:00+00:00,114.58,117.49,113.89,117.29,4967220,104.7470790456,107.4073513447,104.1162928304,107.2245147606,4967220,0.0,1.0
2020-07-22 00:00:00+00:00,113.88,115.01,113.05,114.64,4271267,104.1071510012,105.1401777015,103.3483791771,104.8019300209,4271267,0.0,1.0
2020-07-23 00:00:00+00:00,111.94,113.99,110.47,113.56,4216251,102.3336361352,104.2077111225,100.9897872419,103.8146124666,4216251,0.0,1.0
2020-07-24 00:00:00+00:00,112.21,113.965,110.84,110.99,3736051,102.5804655238,104.1848565495,101.3280349225,101.4651623606,3736051,0.0,1.0
2020-07-27 00:00:00+00:00,115.8,116.08,112.91,113.12,3977538,105.8623822088,106.1183534266,103.2203935682,103.4123719815,3977538,0.0,1.0
2020-07-28 00:00:00+00:00,115.43,115.99,113.77,114.77,4393650,105.5241345282,106.0360769637,104.0065908799,104.9207738006,4393650,0.0,1.0
2020-07-29 00:00:00+00:00,117.53,117.755,115.61,115.96,3944438,107.4439186615,107.6496098186,105.6886874539,106.0086514761,3944438,0.0,1.0
2020-07-30 00:00:00+00:00,116.3,116.56,114.17,114.74,3164097,106.3194736691,106.5571612285,104.3722640482,104.8933483129,3164097,0.0,1.0
2020-07-31 00:00:00+00:00,114.85,116.53,113.37,116.53,3293277,104.9939084342,106.5297357409,103.6409177117,106.5297357409,3293277,0.0,1.0
2020-08-03 00:00:00+00:00,116.57,116.81,115.11,115.87,3068195,106.5663030577,106.7857069587,105.2315959936,105.9263750133,3068195,0.0,1.0
2020-08-04 00:00:00+00:00,117.18,118.04,116.12,116.37,3310260,107.1239546393,107.910151951,106.1549207434,106.3834664736,3310260,0.0,1.0
2020-08-05 00:00:00+00:00,116.17,116.74,114.93,116.58,3115198,106.2006298894,106.7217141542,105.0670430679,106.5754448869,3115198,0.0,1.0
2020-08-06 00:00:00+00:00,116.74,117.15,115.07,116.11,2299225,106.7217141542,107.0965291517,105.1950286768,106.1457789142,2299225,0.0,1.0
2020-08-07 00:00:00+00:00,116.32,117.3,115.52,116.87,2110808,106.3377573275,107.2336565898,105.606410991,106.8405579339,2110808,0.0,1.0
2020-08-10 00:00:00+00:00,116.76,117.31,115.46,116.24,3412081,106.7399978126,107.242798419,105.5515600158,106.2646226939,3412081,0.0,1.0
2020-08-11 00:00:00+00:00,116.56,119.43,116.33,117.32,4316085,106.5571612285,109.1808662107,106.3468991567,107.2519402482,4316085,0.0,1.0
2020-08-12 00:00:00+00:00,119.22,119.57,116.75,117.2,3601929,108.9888877974,109.3088518196,106.7308559834,107.1422382977,3601929,0.0,1.0
2020-08-13 00:00:00+00:00,118.11,119.135,117.55,118.245,2894421,107.9741447555,108.9111822491,107.4622023199,108.0975594498,2894421,0.0,1.0
2020-08-14 00:00:00+00:00,117.18,119.06,117.07,118.57,2079793,107.1239546393,108.8426185301,107.023394518,108.394668899,2079793,0.0,1.0
2020-08-17 00:00:00+00:00,117.44,118.4984,117.25,118.43,2569458,107.3616421986,108.3292134018,107.1879474437,108.2666832901,2569458,0.0,1.0
2020-08-18 00:00:00+00:00,117.88,118.69,117.19,118.01,5718013,107.7638826837,108.5043708494,107.1330964685,107.8827264634,5718013,0.0,1.0
2020-08-19 00:00:00+00:00,118.15,119.47,117.5107,118.5,4722421,108.0107120723,109.2174335275,107.4262749311,108.3306760945,4722421,0.0,1.0
2020-08-20 00:00:00+00:00,117.45,118.5,116.64,117.72,2866941,107.3707840279,108.3306760945,106.6302958621,107.6176134164,2866941,0.0,1.0
2020-08-21 00:00:00+00:00,116.02,117.23,115.74,117.07,3055989,106.0635024514,107.1696637853,105.8075312336,107.023394518,3055989,0.0,1.0
2020-08-24 00:00:00+00:00,117.23,117.54,116.22,117.21,2292302,107.1696637853,107.4530604907,106.2463390355,107.1513801269,2292302,0.0,1.0
2020-08-25 00:00:00+00:00,119.9,119.995,117.4,117.4,3007009,109.6105321834,109.6973795609,107.3250748818,107.3250748818,3007009,0.0,1.0
2020-08-26 00:00:00+00:00,120.51,121.25,118.98,119.91,3462986,110.168183765,110.8446791262,108.7694838964,109.6196740126,3462986,0.0,1.0
2020-08-27 00:00:00+00:00,119.04,120.97,117.95,120.95,3055446,109.3911282824,111.1646907622,108.3894790063,111.1463118764,3055446,0.62,1.0
2020-08-28 00:00:00+00:00,119.58,119.62,118.29,119.13,2123116,109.887358199,109.9241159706,108.7019200649,109.4738332685,2123116,0.0,1.0
2020-08-31 00:00:00+00:00,116.88,118.98,116.8,118.75,2948174,107.406208616,109.335991625,107.3326930728,109.1246344383,2948174,0.0,1.0
2020-09-01 00:00:00+00:00,118.76,118.87,116.86,117.79,2787316,109.1338238812,109.2349077531,107.3878297302,108.2424479199,2787316,0.0,1.0
2020-09-02 00:00:00+00:00,121.83,122.52,118.75,119.13,5158073,111.9549828516,112.5890544117,109.1246344383,109.4738332685,5158073,0.0,1.0
2020-09-03 00:00:00+00:00,117.12,121.36,116.76,121.35,5880259,107.6267552456,111.5230790353,107.2959353012,111.5138895924,5880259,0.0,1.0
2020-09-04 00:00:00+00:00,117.44,118.385,114.25,117.11,3766435,107.9208174184,108.7892197725,104.9893851333,107.6175658027,3766435,0.0,1.0
2020-09-08 00:00:00+00:00,112.93,116.24,112.8,114.39,5379056,103.7763786705,106.8180842704,103.6569159128,105.1180373339,5379056,0.0,1.0
2020-09-09 00:00:00+00:00,115.46,116.245,114.21,114.96,3698529,106.1013077242,106.8226789919,104.9526273617,105.6418355792,3698529,0.0,1.0
2020-09-10 00:00:00+00:00,114.27,116.85,113.67,115.81,2403914,105.0077640191,107.3786402873,104.4563974451,106.4229382257,2403914,0.0,1.0
2020-09-11 00:00:00+00:00,113.8,115.79,112.5,115.12,2361878,104.5758602028,106.4045593399,103.3812326258,105.7888666656,2361878,0.0,1.0
2020-09-14 00:00:00+00:00,114.62,115.78,113.69,115.78,2350918,105.3293945206,106.395369897,104.4747763309,106.395369897,2350918,0.0,1.0
2020-09-15 00:00:00+00:00,116.06,116.98,115.15,115.52,2237271,106.6526742982,107.498103045,105.8164349943,106.1564443816,2237271,0.0,1.0
2020-09-16 00:00:00+00:00,115.56,117.73,115.44,117.01,2476790,106.1932021532,108.1873112625,106.0829288384,107.5256713737,2476790,0.0,1.0
2020-09-17 00:00:00+00:00,115.49,115.63,112.599,112.81,2537835,106.1288760529,106.2575282535,103.4722081105,103.6661053557,2537835,0.0,1.0
2020-09-18 00:00:00+00:00,114.91,116.3,114.09,116.04,5849921,105.5958883647,106.8732209278,104.8423540469,106.6342954124,5849921,0.0,1.0
2020-09-21 00:00:00+00:00,113.93,114.04,111.88,112.97,3282543,104.6953229605,104.7964068324,102.811487166,103.8131364421,3282543,0.0,1.0
2020-09-22 00:00:00+00:00,114.7,114.75,112.905,114.14,2220076,105.4029100638,105.4488572783,103.7534050632,104.8883012614,2220076,0.0,1.0
2020-09-23 00:00:00+00:00,112.5,115.63,112.18,114.89,3149787,103.3812326258,106.2575282535,103.087170453,105.5775094789,3149787,0.0,1.0
2020-09-24 00:00:00+00:00,112.68,114.32,111.46,111.99,2255466,103.546642598,105.0537112336,102.4255305642,102.9125710379,2255466,0.0,1.0
2020-09-25 00:00:00+00:00,113.48,113.66,110.66,111.77,2293652,104.28179803,104.4472080022,101.6903751322,102.7104032941,2293652,0.0,1.0
2020-09-28 00:00:00+00:00,117.06,117.07,114.765,115.32,2071681,107.5716185882,107.5808080311,105.4626414427,105.9726555236,2071681,0.0,1.0
2020-09-29 00:00:00+00:00,116.65,117.94,115.84,115.99,2303840,107.1948514293,108.3802895634,106.4505065544,106.5883481979,2303840,0.0,1.0
2020-09-30 00:00:00+00:00,116.74,118.25,116.21,116.71,3185085,107.2775564154,108.6651622933,106.7905159417,107.2499880867,3185085,0.0,1.0
2020-10-01 00:00:00+00:00,118.99,119.64,117.37,118.98,3092908,109.3451810679,109.9424948564,107.8564913181,109.335991625,3092908,0.0,1.0
2020-10-02 00:00:00+00:00,114.01,117.95,114.0,116.5,3172657,104.7688385037,108.3894790063,104.7596490608,107.0570097858,3172657,0.0,1.0
2020-10-05 00:00:00+00:00,116.6,116.69,114.965,115.36,4413996,107.1489042148,107.2316092009,105.6464303007,106.0094132952,4413996,0.0,1.0
2020-10-06 00:00:00+00:00,115.54,118.93,115.025,115.96,3773013,106.1748232674,109.2900444105,105.7015669581,106.5607798692,3773013,0.0,1.0
2020-10-07 00:00:00+00:00,118.67,118.98,115.79,117.1,4256028,109.0511188951,109.335991625,106.4045593399,107.6083763598,4256028,0.0,1.0
2020-10-08 00:00:00+00:00,120.34,121.1,119.29,119.93,3993053,110.5857558595,111.2841535199,109.6208643549,110.2089887005,3993053,0.0,1.0
2020-10-09 00:00:00+00:00,123.33,124.41,121.76,122.33,3984732,113.3333992866,114.3258591198,111.8906567513,112.4144549966,3984732,0.0,1.0
2020-10-12 00:00:00+00:00,126.11,126.32,124.01,124.72,3053145,115.8880644128,116.0810427137,113.9582814038,114.6107318497,3053145,0.0,1.0
2020-10-13 00:00:00+00:00,123.59,126.49,123.32,126.35,2439601,113.572324802,116.237263243,113.3242098437,116.1086110424,2439601,0.0,1.0
2020-10-14 00:00:00+00:00,123.04,124.19,122.49,123.71,1494931,113.0669054425,114.123691376,112.561486083,113.6825981168,1494931,0.0,1.0
2020-10-15 00:00:00+00:00,123.98,124.56,120.9,121.44,2033103,113.9307130751,114.4637007633,111.1003646619,111.5965945785,2033103,0.0,1.0
2020-10-16 00:00:00+00:00,123.64,125.82,123.54,124.75,2232510,113.6182720165,115.6215705687,113.5263775875,114.6383001784,2232510,0.0,1.0
2020-10-19 00:00:00+00:00,122.61,125.26,122.325,124.62,2390888,112.6717593978,115.1069617663,112.4098602751,114.5188374207,2390888,0.0,1.0
2020-10-20 00:00:00+00:00,123.62,124.52,122.49,122.96,2898904,113.5998931307,114.4269429917,112.561486083,112.9933898993,2898904,0.0,1.0
2020-10-21 00:00:00+00:00,124.76,125.81,123.0,124.08,3992787,114.6474896213,115.6123811258,113.0301476709,114.0226075041,3992787,0.0,1.0
2020-10-22 00:00:00+00:00,124.75,125.14,122.92,124.56,2070506,114.6383001784,114.9966884515,112.9566321277,114.4637007633,2070506,0.0,1.0
2020-10-23 00:00:00+00:00,124.2,125.645,123.45,125.22,2304076,114.1328808189,115.4607553179,113.4436726014,115.0702039947,2304076,0.0,1.0
2020-10-26 00:00:00+00:00,121.13,123.65,119.81,123.38,2186233,111.3117218486,113.6274614594,110.0987153857,113.3793465011,2186233,0.0,1.0
2020-10-27 00:00:00+00:00,120.29,122.2,120.23,121.59,2475120,110.539808645,112.2949922389,110.4846719876,111.734436222,2475120,0.0,1.0
2020-10-28 00:00:00+00:00,116.47,119.54,116.2,118.9,3387212,107.0294414571,109.8506004274,106.7813264988,109.2624760818,3387212,0.0,1.0
2020-10-29 00:00:00+00:00,118.48,119.45,115.639,116.23,2680256,108.87651948,109.7678954413,106.2657987521,106.8088948275,2680256,0.0,1.0
2020-10-30 00:00:00+00:00,118.53,118.66,116.33,117.31,3099150,108.9224666945,109.0419294522,106.9007892565,107.8013546607,3099150,0.0,1.0
2020-11-02 00:00:00+00:00,118.48,120.14,117.62,120.14,2445333,108.87651948,110.4019670015,108.0862273906,110.4019670015,2445333,0.0,1.0
2020-11-03 00:00:00+00:00,119.75,121.305,119.27,119.5,2549906,110.0435787283,111.4725370993,109.6024854691,109.8138426558,2549906,0.0,1.0
2020-11-04 00:00:00+00:00,125.94,126.38,121.02,122.39,3765494,115.7318438835,116.1361793711,111.2106379767,112.469591654,3765494,0.0,1.0
2020-11-05 00:00:00+00:00,130.4,130.95,126.86,127.45,3753271,119.8303354169,120.3357547764,116.5772726303,117.1194497614,3753271,0.0,1.0
2020-11-06 00:00:00+00:00,133.5,133.78,130.0,130.98,3814632,122.6790627159,122.9363671171,119.4627577009,120.3633231051,3814632,0.0,1.0
2020-11-09 00:00:00+00:00,135.82,140.38,135.7,138.56,5151081,124.8110134688,129.0013994312,124.700740154,127.3289208234,5151081,0.0,1.0
2020-11-10 00:00:00+00:00,134.78,136.86,133.9,135.0,4742619,123.8553114072,125.7667155304,123.0466404319,124.057479151,4742619,0.0,1.0
2020-11-11 00:00:00+00:00,137.38,138.64,135.56,135.56,2515248,126.2445665612,127.4024363666,124.5720879534,124.5720879534,2515248,0.0,1.0
2020-11-12 00:00:00+00:00,135.48,137.69,134.39,137.35,2013556,124.4985724102,126.5294392911,123.4969231341,126.2169982325,2013556,0.0,1.0
2020-11-13 00:00:00+00:00,136.27,137.93,135.68,137.43,2220393,125.2245383993,126.7499859207,124.6823612682,126.2905137757,2220393,0.0,1.0
2020-11-16 00:00:00+00:00,138.01,140.17,136.81,137.78,3433233,126.8235014639,128.8084211303,125.7207683159,126.6121442772,3433233,0.0,1.0
2020-11-17 00:00:00+00:00,135.87,137.455,135.15,136.99,2978125,124.8569606833,126.3134873829,124.1953207945,125.8861782881,2978125,0.0,1.0
2020-11-18 00:00:00+00:00,133.23,136.51,132.97,135.95,2359399,122.4309477576,125.4450850289,122.1920222422,124.9304762265,2359399,0.0,1.0
2020-11-19 00:00:00+00:00,136.17,136.23,131.5,131.66,2473972,125.1326439703,125.1877806277,120.8411741359,120.9882052223,2473972,0.0,1.0
2020-11-20 00:00:00+00:00,134.88,136.91,134.68,136.62,2295742,123.9472058362,125.8126627449,123.7634169782,125.5461689008,2295742,0.0,1.0
2020-11-23 00:00:00+00:00,137.07,137.34,135.18,135.28,2884170,125.9596938313,126.2078087896,124.2228891232,124.3147835522,2884170,0.0,1.0
2020-11-24 00:00:00+00:00,136.89,137.92,132.84,137.69,4641987,125.7942838591,126.7407964778,122.0725594845,126.5294392911,4641987,0.0,1.0
2020-11-25 00:00:00+00:00,135.95,137.95,134.9601,136.61,2040208,124.9304762265,126.7683648065,124.0208132738,125.5369794579,2040208,0.0,1.0
2020-11-27 00:00:00+00:00,137.75,138.55,137.235,138.12,1305724,126.5845759485,127.3197313805,126.1113196391,126.9245853358,1305724,0.0,1.0
2020-11-30 00:00:00+00:00,139.08,139.3241,137.1,137.65,3010588,127.8067718542,128.0310861554,125.98726216,126.4926815195,3010588,0.0,1.0
2020-12-01 00:00:00+00:00,140.73,141.91,138.81,140.0,3160127,129.3230299327,130.4073841949,127.5586568959,128.652200601,3160127,0.0,1.0
2020-12-02 00:00:00+00:00,140.66,141.64,140.07,140.71,2193004,129.2587038324,130.1592692366,128.7165267013,129.3046510469,2193004,0.0,1.0
2020-12-03 00:00:00+00:00,139.75,141.4225,139.33,140.58,1734072,128.9922099883,130.5359629128,128.6045410924,129.7583175682,1734072,0.62,1.0
2020-12-04 00:00:00+00:00,143.97,144.14,139.21,139.75,3349071,132.8873593704,133.0442729711,128.4937785508,128.9922099883,3349071,0.0,1.0
2020-12-07 00:00:00+00:00,143.71,144.68,142.5,144.68,1734467,132.6473738635,133.5427044086,131.5305182349,133.5427044086,1734467,0.0,1.0
2020-12-08 00:00:00+00:00,146.13,146.31,143.21,143.25,2837482,134.8810851205,135.047228933,132.1858632732,132.2227841204,2837482,0.0,1.0
2020-12-09 00:00:00+00:00,141.78,146.3075,140.91,145.4,3019527,130.8659429849,135.0449213801,130.0629145578,134.2072796587,3019527,0.0,1.0
2020-12-10 00:00:00+00:00,141.28,142.67,140.14,140.57,2704351,130.4044323946,131.6874318356,129.3521882487,129.7490873564,2704351,0.0,1.0
2020-12-11 00:00:00+00:00,141.15,142.055,139.49,140.04,3215957,130.2844396411,131.1197738096,128.7522244813,129.2598861307,3215957,0.0,1.0
2020-12-14 00:00:00+00:00,142.33,143.93,141.655,142.06,2214406,131.3736046342,132.8504385232,130.7505653373,131.1243889155,2214406,0.0,1.0
2020-12-15 00:00:00+00:00,144.06,145.26,143.49,145.26,2554459,132.9704312767,134.0780566934,132.4443092037,134.0780566934,2554459,0.0,1.0
2020-12-16 00:00:00+00:00,142.8,144.76,141.57,144.76,1583312,131.8074245891,133.6165461031,130.672108537,133.6165461031,1583312,0.0,1.0
2020-12-17 00:00:00+00:00,143.78,143.87,142.61,143.55,2354186,132.7119853461,132.7950572524,131.6320505648,132.4996904746,2354186,0.0,1.0
2020-12-18 00:00:00+00:00,144.56,145.0,143.44,144.38,4230799,133.431941867,133.8380711864,132.3981581447,133.2657980545,4230799,0.0,1.0
2020-12-21 00:00:00+00:00,142.59,143.39,141.31,141.73,1827363,131.6135901412,132.3520070857,130.43212303,130.8197919259,1827363,0.0,1.0
2020-12-22 00:00:00+00:00,144.28,144.68,142.67,142.73,2163678,133.1734959364,133.5427044086,131.6874318356,131.7428131065,2163678,0.0,1.0
2020-12-23 00:00:00+00:00,143.22,145.62,143.08,144.8,2200941,132.195093485,134.4103443184,132.0658705197,133.6534669503,2200941,0.0,1.0
2020-12-24 00:00:00+00:00,144.47,144.48,143.01,144.11,466385,133.3488699607,133.3581001725,132.001259037,133.0165823357,466385,0.0,1.0
2020-12-28 00:00:00+00:00,144.68,147.48,144.44,146.41,1435461,133.5427044086,136.1271637143,133.3211793253,135.1395310511,1435461,0.0,1.0
2020-12-29 00:00:00+00:00,143.66,145.24,142.74,145.18,1130938,132.6012228044,134.0595962698,131.7520433183,134.0042149989,1130938,0.0,1.0
2020-12-30 00:00:00+00:00,146.18,146.61,144.5,144.65,1138772,134.9272361795,135.3241352872,133.3765605961,133.5150137732,1138772,0.0,1.0
2020-12-31 00:00:00+00:00,147.73,147.83,145.7,146.5,1626778,136.3579190095,136.4502211275,134.4841860128,135.2226029573,1626778,0.0,1.0
2021-01-04 00:00:00+00:00,146.02,150.545,144.62,148.45,2496642,134.7795527906,138.9562236328,133.4873231378,137.0224942595,2496642,0.0,1.0
2021-01-05 00:00:00+00:00,148.63,148.67,145.1407,145.77,1513687,137.188638072,137.2255589192,133.9679402665,134.5487974955,1513687,0.0,1.0
2021-01-06 00:00:00+00:00,149.3,152.29,147.11,147.73,2498159,137.807062263,140.566895593,135.7856458775,136.3579190095,2498159,0.0,1.0
2021-01-07 00:00:00+00:00,155.61,156.21,151.14,151.83,2661268,143.6313259125,144.1851386209,139.5054212353,140.1423058499,2661268,0.0,1.0
2021-01-08 00:00:00+00:00,156.74,159.81,155.82,156.02,4204960,144.6743398466,147.5080148711,143.8251603605,144.0097645966,4204960,0.0,1.0
2021-01-11 00:00:00+00:00,158.3,159.2,155.0104,156.13,2609994,146.1142528884,146.9449719509,143.0778824127,144.1112969265,2609994,0.0,1.0
2021-01-12 00:00:00+00:00,159.09,159.34,156.52,157.01,2572363,146.843439621,147.0741949162,144.4712751869,144.9235555654,2572363,0.0,1.0
2021-01-13 00:00:00+00:00,158.48,161.78,158.15,160.0,2622851,146.2803967009,149.3263665968,145.9757997113,147.6833888954,2622851,0.0,1.0
2021-01-14 00:00:00+00:00,159.46,160.815,159.18,159.18,2028093,147.1849574578,148.4356511576,146.9265115273,146.9265115273,2028093,0.0,1.0
2021-01-15 00:00:00+00:00,157.75,159.06,155.53,158.03,2338013,145.606591239,146.8157489856,143.5574842181,145.8650371696,2338013,0.0,1.0
2021-01-19 00:00:00+00:00,160.54,160.97,158.3,158.455,2992073,148.1818203329,148.5787194405,146.1142528884,146.2573211713,2992073,0.0,1.0
2021-01-20 00:00:00+00:00,159.83,162.98,159.58,161.43,2296226,147.5264752947,150.4339920135,147.2957199995,149.0033091836,2296226,0.0,1.0
2021-01-21 00:00:00+00:00,159.29,160.93,157.56,160.61,2469486,147.0280438571,148.5417985933,145.4312172147,148.2464318155,2469486,0.0,1.0
2021-01-22 00:00:00+00:00,155.58,158.9425,155.42,157.73,3147156,143.6036352771,146.7072939969,143.4559518882,145.5881308154,3147156,0.0,1.0
2021-01-25 00:00:00+00:00,153.72,157.29,152.49,157.0,3697109,141.8868158812,145.1820014959,140.7514998291,144.9143253536,3697109,0.0,1.0
2021-01-26 00:00:00+00:00,154.94,155.53,152.0343,153.93,2329108,143.0129017215,143.5574842181,140.3308790771,142.0806503291,2329108,0.0,1.0
2021-01-27 00:00:00+00:00,147.48,152.82,146.749,151.09,5644562,136.1271637143,141.0560968187,135.4524352313,139.4592701763,5644562,0.0,1.0
2021-01-28 00:00:00+00:00,149.21,151.86,148.448,150.37,4351965,137.7239903567,140.1699964853,137.0206482171,138.7946949262,4351965,0.0,1.0
2021-01-29 00:00:00+00:00,147.33,149.53,146.65,148.58,3512758,135.9887105372,138.0193571345,135.3610561344,137.142487013,3512758,0.0,1.0
2021-02-01 00:00:00+00:00,151.88,152.26,147.325,148.34,2958608,140.1884569089,140.5392049576,135.9840954313,136.9209619296,2958608,0.0,1.0
2021-02-02 00:00:00+00:00,151.87,154.25,150.9875,153.02,2512111,140.1792266971,142.3760171069,139.3646605052,141.2407010548,2512111,0.0,1.0
2021-02-03 00:00:00+00:00,147.58,152.41,147.46,152.0,2703592,136.2194658324,140.6776581346,136.1087032907,140.2992194506,2703592,0.0,1.0
2021-02-04 00:00:00+00:00,150.52,150.65,147.0,147.83,2027583,138.9331481033,139.0531408568,135.6841135476,136.4502211275,2027583,0.0,1.0
2021-02-05 00:00:00+00:00,148.76,151.93,148.61,151.72,2169328,137.3086308255,140.234607968,137.1701776484,140.04077352,2169328,0.0,1.0
2021-02-08 00:00:00+00:00,153.2,153.3,148.76,150.16,2296013,141.4068448673,141.4991469854,137.3086308255,138.6008604783,2296013,0.0,1.0
2021-02-09 00:00:00+00:00,152.85,153.51,151.7325,152.7,1688455,141.0837874541,141.6929814333,140.0523112848,140.945334277,1688455,0.0,1.0
2021-02-10 00:00:00+00:00,153.23,154.79,151.6,154.7,1756157,141.4345355027,142.8744485445,139.9300109784,142.7913766382,1756157,0.0,1.0
2021-02-11 00:00:00+00:00,158.8,159.015,154.61,154.61,2981585,146.5757634786,146.7742130325,142.708304732,142.708304732,2981585,0.0,1.0
2021-02-12 00:00:00+00:00,160.78,161.4,157.91,158.99,2387914,148.4033454162,148.9756185482,145.7542746279,146.751137503,2387914,0.0,1.0
2021-02-16 00:00:00+00:00,160.49,163.95,160.36,162.85,3172413,148.1356692739,151.3293225587,148.0156765204,150.3139992601,3172413,0.0,1.0
2021-02-17 00:00:00+00:00,159.75,162.11,155.0,157.15,3713372,147.4526336002,149.6309635864,143.0682829924,145.0527785307,3713372,0.0,1.0
2021-02-18 00:00:00+00:00,158.09,158.77,155.66,157.94,3808456,145.9204184404,146.5480728432,143.6774769716,145.7819652633,3808456,0.0,1.0
2021-02-19 00:00:00+00:00,163.8,164.4,160.0,160.63,2944031,151.1908693816,151.74468209,147.6833888954,148.2648922391,2944031,0.0,1.0
2021-02-22 00:00:00+00:00,159.24,163.4125,158.47,162.31,3502325,146.9818927981,150.8331986741,146.2711664891,149.8155678225,3502325,0.0,1.0
2021-02-23 00:00:00+00:00,157.7,158.67,153.31,157.36,3022283,145.56044018,146.4557707252,141.5083771972,145.2466129786,3022283,0.0,1.0
2021-02-24 00:00:00+00:00,161.76,161.92,155.16,156.52,2748906,149.3079061732,149.4555895621,143.2159663813,144.4712751869,2748906,0.0,1.0
2021-02-25 00:00:00+00:00,153.68,160.15,153.29,158.7,3277503,142.4867796486,148.4855398277,142.1251851401,147.1411499885,3277503,0.69,1.0
2021-02-26 00:00:00+00:00,155.82,157.75,152.26,156.56,5539840,144.4709136182,146.2603428525,141.1702047716,145.1570160189,5539840,0.0,1.0
2021-03-01 00:00:00+00:00,158.59,158.78,155.03,157.08,3385690,147.0391617938,147.215323221,143.7384529472,145.6391420302,3385690,0.0,1.0
2021-03-02 00:00:00+00:00,154.29,159.41,154.03,159.41,3016494,143.0523505465,147.799437427,142.8112875408,147.799437427,3016494,0.0,1.0
2021-03-03 00:00:00+00:00,149.94,155.0,149.52,153.17,2665947,139.0191810288,143.710637985,138.6297715582,142.0139252914,2665947,0.0,1.0
2021-03-04 00:00:00+00:00,144.52,149.59,142.25,149.19,4870042,133.9939445264,138.6946731366,131.889279054,138.3238069741,4870042,0.0,1.0
2021-03-05 00:00:00+00:00,148.88,149.62,143.39,149.0,4040153,138.0363856981,138.7224880988,132.9462476172,138.1476455469,4040153,0.0,1.0
2021-03-08 00:00:00+00:00,144.06,149.56,143.77,147.77,3996375,133.5674484395,138.6668581744,133.2985704716,137.0072320971,3996375,0.0,1.0
2021-03-09 00:00:00+00:00,149.43,151.11,148.17,148.73,5203369,138.5463266716,140.1039645543,137.3780982596,137.8973108872,5203369,0.0,1.0
2021-03-10 00:00:00+00:00,147.11,151.52,147.09,151.33,3137413,136.3953029289,140.4841023709,136.3767596207,140.3079409437,3137413,0.0,1.0
2021-03-11 00:00:00+00:00,151.03,152.12,149.99,150.35,4462146,140.0297913218,141.0404016147,139.0655392992,139.3993188454,4462146,0.0,1.0
2021-03-12 00:00:00+00:00,149.54,149.83,147.55,148.6,3658533,138.6483148663,138.9171928341,136.8032557077,137.7767793843,3658533,0.0,1.0
2021-03-15 00:00:00+00:00,151.0,151.11,147.96,149.62,2113191,140.0019763596,140.1039645543,137.1833935243,138.7224880988,2113191,0.0,1.0
2021-03-16 00:00:00+00:00,153.08,154.51,151.94,152.3374,2324553,141.9304804048,143.2563269359,140.8735118416,141.241967374,2324553,0.0,1.0
2021-03-17 00:00:00+00:00,154.16,154.865,150.07,150.42,2852783,142.9318190437,143.5854706551,139.1397125317,139.4642204239,2852783,0.0,1.0
2021-03-18 00:00:00+00:00,149.45,153.28,149.28,151.35,3853407,138.5648699797,142.1159134861,138.4072518606,140.3264842518,3853407,0.0,1.0
2021-03-19 00:00:00+00:00,151.91,153.21,147.74,149.4,4624903,140.8456968794,142.0510119076,136.9794171349,138.5185117094,4624903,0.0,1.0
2021-03-22 00:00:00+00:00,154.5,156.32,153.22,153.22,3321634,143.2470552818,144.9344963214,142.0602835617,142.0602835617,3321634,0.0,1.0
2021-03-23 00:00:00+00:00,150.49,154.97,149.63,154.59,2505424,139.5291220023,143.6828230228,138.7317597529,143.3305001684,2505424,0.0,1.0
2021-03-24 00:00:00+00:00,150.44,153.97,150.2,152.34,2792999,139.482763732,142.7556576165,139.2602440345,141.2443780041,2792999,0.0,1.0
2021-03-25 00:00:00+00:00,149.9,150.91,146.51,148.44,2725303,138.9820944126,139.918531473,135.839003685,137.6284329193,2725303,0.0,1.0
2021-03-26 00:00:00+00:00,157.11,157.37,148.0,148.42,3686203,145.6669569924,145.9080199981,137.2204801405,137.6098896112,3686203,0.0,1.0
2021-03-29 00:00:00+00:00,153.85,156.21,152.02,155.03,2751718,142.6443977677,144.8325081267,140.9476850741,143.7384529472,2751718,0.0,1.0
2021-03-30 00:00:00+00:00,152.61,153.43,151.5,152.15,2114094,141.4947126638,142.254988297,140.4655590628,141.0682165769,2114094,0.0,1.0
2021-03-31 00:00:00+00:00,155.08,156.11,153.61,154.22,3457075,143.7848112175,144.7397915861,142.4218780702,142.987448968,3457075,0.0,1.0
2021-04-01 00:00:00+00:00,160.38,160.49,156.88,157.38,3345796,148.6987878712,148.8007760659,145.4537089489,145.9172916521,3345796,0.0,1.0
2021-04-05 00:00:00+00:00,163.49,163.9016,160.6,162.16,2628373,151.5822722849,151.9638935662,148.9027642606,150.3491422945,2628373,0.0,1.0
2021-04-06 00:00:00+00:00,161.71,163.09,159.76,162.3,2422061,149.9319178616,151.2114061224,148.1239453192,150.4789454514,2422061,0.0,1.0
2021-04-07 00:00:00+00:00,159.45,161.98,158.63,161.68,2062824,147.8365240433,150.1822525214,147.0762484101,149.9041028994,2062824,0.0,1.0
2021-04-08 00:00:00+00:00,162.12,162.23,159.5,161.62,2599546,150.3120556782,150.4140438729,147.8828823136,149.8484729751,2599546,0.0,1.0
2021-04-09 00:00:00+00:00,161.24,161.97,160.17,160.8,2250494,149.4961501207,150.1729808673,148.5040831359,149.0881973419,2250494,0.0,1.0
2021-04-12 00:00:00+00:00,159.73,160.89,158.96,160.64,2026743,148.0961303571,149.1716422284,147.3822129942,148.9398508768,2026743,0.0,1.0
2021-04-13 00:00:00+00:00,159.16,160.95,157.36,160.55,1704620,147.5676460754,149.2272721528,145.898748344,148.8564059903,1704620,0.0,1.0
2021-04-14 00:00:00+00:00,158.46,160.63,157.65,157.71,1596398,146.918630291,148.9305792228,146.1676263118,146.2232562362,1596398,0.0,1.0
2021-04-15 00:00:00+00:00,160.71,161.32,158.69,160.0,1816032,149.0047524553,149.5703233532,147.1318783344,148.3464650168,1816032,0.0,1.0
2021-04-16 00:00:00+00:00,159.51,161.33,159.14,160.99,1862017,147.8921539677,149.5795950072,147.5491027673,149.2643587691,1862017,0.0,1.0
2021-04-19 00:00:00+00:00,156.91,159.0,155.7,158.48,3405026,145.4815239111,147.4192996104,144.3596537694,146.9371735991,3405026,0.0,1.0
2021-04-20 00:00:00+00:00,154.47,156.26,153.57,154.9,2339678,143.2192403196,144.878866397,142.3847914539,143.6179214444,2339678,0.0,1.0
2021-04-21 00:00:00+00:00,158.29,158.34,154.12,155.49,2713111,146.7610121719,146.8073704422,142.8947324274,144.1649490341,2713111,0.0,1.0
2021-04-22 00:00:00+00:00,155.37,158.13,154.91,157.27,2487856,144.0536891853,146.6126657069,143.6271930984,145.8153034574,2487856,0.0,1.0
2021-04-23 00:00:00+00:00,159.02,159.97,156.11,156.7,3415473,147.4378429185,148.3186500546,144.7397915861,145.2868191758,3415473,0.0,1.0
2021-04-26 00:00:00+00:00,160.64,161.9,158.27,158.63,2705503,148.9398508768,150.1080792888,146.7424688638,147.0762484101,2705503,0.0,1.0
2021-04-27 00:00:00+00:00,159.55,161.92,159.47,161.34,3232502,147.9292405839,150.126622597,147.8550673514,149.5888666613,3232502,0.0,1.0
2021-04-28 00:00:00+00:00,156.06,158.76,155.035,158.5,3304556,144.6934333157,147.1967799129,143.7430887742,146.9557169072,3304556,0.0,1.0
2021-04-29 00:00:00+00:00,158.01,158.11,154.01,156.54,5833014,146.5014058581,146.5941223988,142.7927442327,145.1384727108,5833014,0.0,1.0
2021-04-30 00:00:00+00:00,153.16,156.305,152.57,155.54,4035021,142.0046536373,144.9205888403,141.4576260476,144.2113073044,4035021,0.0,1.0
2021-05-03 00:00:00+00:00,151.32,154.18,150.695,154.0,3265463,140.2986692896,142.9503623518,139.7191909106,142.7834725786,3265463,0.0,1.0
2021-05-04 00:00:00+00:00,151.91,152.0,148.55,150.0,3849712,140.8456968794,140.9291417659,137.730421114,139.0748109532,3849712,0.0,1.0
2021-05-05 00:00:00+00:00,153.93,155.22,152.3,153.28,4415443,142.7185710002,143.9146143744,141.2072913878,142.1159134861,4415443,0.0,1.0
2021-05-06 00:00:00+00:00,155.42,156.48,152.86,153.99,4775190,144.1000474557,145.0828427864,141.7265040154,142.7742009246,4775190,0.0,1.0
2021-05-07 00:00:00+00:00,157.26,158.35,156.02,156.67,2706596,145.8060318034,146.8166420963,144.6563466995,145.2590042136,2706596,0.0,1.0
2021-05-10 00:00:00+00:00,150.79,157.17,150.76,156.83,4132404,139.8072716242,145.7225869168,139.7794566621,145.4073506786,4132404,0.0,1.0
2021-05-11 00:00:00+00:00,150.84,152.085,147.85,148.34,4643144,139.8536298946,141.0079508255,137.0814053296,137.5357163787,4643144,0.0,1.0
2021-05-12 00:00:00+00:00,146.05,149.01,145.65,147.4,4732995,135.4125075981,138.1569172009,135.0416414356,136.6641808967,4732995,0.0,1.0
2021-05-13 00:00:00+00:00,146.63,149.33,145.62,147.61,4053239,135.9502635338,138.453610131,135.0138264734,136.858885632,4053239,0.0,1.0
2021-05-14 00:00:00+00:00,149.61,150.77,146.63,147.99,4852092,138.7132164447,139.7887283161,135.9502635338,137.2112084864,4852092,0.0,1.0
2021-05-17 00:00:00+00:00,148.1,148.822,145.83,148.365,5079834,137.3131966811,137.9826101045,135.2085312087,137.5588955138,5079834,0.0,1.0
2021-05-18 00:00:00+00:00,145.89,149.79,145.81,149.61,4223019,135.2641611331,138.8801062179,135.1899879006,138.7132164447,4223019,0.0,1.0
2021-05-19 00:00:00+00:00,153.12,153.33,144.07,145.79,7066133,141.9675670211,142.1622717564,133.5767200935,135.1714445925,7066133,0.0,1.0
2021-05-20 00:00:00+00:00,159.47,161.2,154.87,155.37,5986511,147.8550673514,149.4590635044,143.5901064822,144.0536891853,5986511,0.0,1.0
2021-05-21 00:00:00+00:00,159.36,160.77,158.98,159.69,3526671,147.7530791567,149.0603823797,147.4007563023,148.0590437408,3526671,0.0,1.0
2021-05-24 00:00:00+00:00,162.51,162.985,160.73,160.99,3434677,150.6736501867,151.1140537547,149.0232957634,149.2643587691,3434677,0.0,1.0
2021-05-25 00:00:00+00:00,163.72,165.17,162.69,164.31,3327324,151.7955203284,153.1399101676,150.8405399599,152.3425479182,3327324,0.0,1.0
2021-05-26 00:00:00+00:00,163.88,165.16,162.67,163.72,4016350,151.9438667934,153.1306385136,150.8219966517,151.7955203284,4016350,0.0,1.0
2021-05-27 00:00:00+00:00,163.21,165.35,162.94,163.19,3469163,151.9624101016,153.9549323589,151.7110171065,151.9437883982,3469163,0.69,1.0
2021-05-28 00:00:00+00:00,164.6,165.6201,163.08,163.73,2750191,153.2566184836,154.2064184625,151.8413690298,152.4465743884,2750191,0.0,1.0
2021-06-01 00:00:00+00:00,163.69,166.32,162.17,163.76,2981969,152.4093309817,154.8580849708,150.9940815279,152.4745069434,2981969,0.0,1.0
2021-06-02 00:00:00+00:00,164.5,165.32,163.36,163.86,2071817,153.1635099669,153.9269998039,152.1020728766,152.5676154601,2071817,0.0,1.0
2021-06-03 00:00:00+00:00,162.07,163.73,161.02,161.635,2553781,150.9009730112,152.4465743884,149.9233335859,150.4959509636,2553781,0.0,1.0
2021-06-04 00:00:00+00:00,165.58,166.15,162.39,162.39,2443209,154.1690819473,154.6998004925,151.1989202646,151.1989202646,2443209,0.0,1.0
2021-06-07 00:00:00+00:00,164.48,165.57,164.01,164.66,1999197,153.1448882636,154.1597710956,152.7072782351,153.3124835937,1999197,0.0,1.0
2021-06-08 00:00:00+00:00,164.91,166.51,163.24,166.51,2437121,153.5452548854,155.0349911526,151.9903426566,155.0349911526,2437121,0.0,1.0
2021-06-09 00:00:00+00:00,166.37,166.91,164.94,165.42,3245417,154.9046392292,155.4074252194,153.5731874404,154.0201083206,3245417,0.0,1.0
2021-06-10 00:00:00+00:00,167.34,167.87,164.69,167.19,2905837,155.8077918411,156.3012669796,153.3404161487,155.6681290661,2905837,0.0,1.0
2021-06-11 00:00:00+00:00,167.6,167.74,166.44,167.69,2383314,156.0498739846,156.1802259079,154.9698151909,156.1336716496,2383314,0.0,1.0
2021-06-14 00:00:00+00:00,168.44,168.44,165.78,167.77,2755523,156.8319855248,156.8319855248,154.3552989807,156.2081584629,2755523,0.0,1.0
2021-06-15 00:00:00+00:00,167.62,168.925,167.09,168.43,2377983,156.0684956879,157.2835618308,155.5750205494,156.8226746732,2377983,0.0,1.0
2021-06-16 00:00:00+00:00,166.02,168.63,164.4498,168.06,2329736,154.5787594207,157.0088917065,153.1167694916,156.4781731614,2329736,0.0,1.0
2021-06-17 00:00:00+00:00,166.22,168.22,165.09,166.0222,2391617,154.7649764541,156.6271467881,153.7128502155,154.5808078081,2391617,0.0,1.0
2021-06-18 00:00:00+00:00,162.19,165.34,161.47,165.34,3936524,151.0127032312,153.9456215072,150.342321911,153.9456215072,3936524,0.0,1.0
2021-06-21 00:00:00+00:00,164.15,164.31,162.18,162.57,2973158,152.8376301585,152.9866037852,151.0033923796,151.3665155947,2973158,0.0,1.0
2021-06-22 00:00:00+00:00,163.67,164.2,162.431,163.545,2983838,152.3907092784,152.8841844169,151.2370947565,152.2743236325,2983838,0.0,1.0
2021-06-23 00:00:00+00:00,163.63,164.93,163.0,163.63,2256995,152.3534658717,153.5638765887,151.7668822165,152.3534658717,2256995,0.0,1.0
2021-06-24 00:00:00+00:00,167.04,167.27,165.24,166.2,2059924,155.5284662911,155.7426158795,153.8525129905,154.7463547508,2059924,0.0,1.0
2021-06-25 00:00:00+00:00,167.66,169.47,167.07,167.526,2959516,156.1057390946,157.7910032468,155.5563988461,155.9809736822,2959516,0.0,1.0
2021-06-28 00:00:00+00:00,170.57,171.16,168.44,168.94,2265927,158.8151969305,159.364537179,156.8319855248,157.2975281083,2265927,0.0,1.0
2021-06-29 00:00:00+00:00,171.4,171.84,169.9,170.28,2121396,159.5879976191,159.9976750925,158.1913698686,158.545182232,2121396,0.0,1.0
2021-06-30 00:00:00+00:00,172.16,172.45,170.2,171.15,2954397,160.295622346,160.5656370444,158.4706954187,159.3552263273,2954397,0.0,1.0
2021-07-01 00:00:00+00:00,169.17,172.09,168.89,172.03,2865052,157.5116776967,160.2304463843,157.25097385,160.1745812743,2865052,0.0,1.0
2021-07-02 00:00:00+00:00,170.67,171.229,169.63,170.29,1563454,158.9083054472,159.4287820555,157.9399768735,158.5544930837,1563454,0.0,1.0
2021-07-06 00:00:00+00:00,168.32,171.53,166.75,171.53,2293457,156.7202553048,159.7090386908,155.2584515926,159.7090386908,2293457,0.0,1.0
2021-07-07 00:00:00+00:00,165.43,169.43,164.64,169.27,4204667,154.0294191722,157.7537598401,153.2938618903,157.6047862134,4204667,0.0,1.0
2021-07-08 00:00:00+00:00,163.91,164.3,160.18,162.31,3152523,152.6141697184,152.9772929336,149.1412220456,151.1244334513,3152523,0.0,1.0
2021-07-09 00:00:00+00:00,166.27,166.61,162.74,163.96,2346298,154.8115307125,155.1280996693,151.5248000731,152.6607239768,2346298,0.0,1.0
2021-07-12 00:00:00+00:00,167.55,167.62,165.67,166.52,2073979,156.0033197262,156.0684956879,154.2528796123,155.0443020042,2073979,0.0,1.0
2021-07-13 00:00:00+00:00,167.26,168.36,165.975,167.02,2127156,155.7333050278,156.7574987115,154.5368605882,155.5098445877,2127156,0.0,1.0
2021-07-14 00:00:00+00:00,166.16,170.0,165.87,168.67,2012798,154.7091113441,158.2844783853,154.4390966457,157.0461351132,2012798,0.0,1.0
2021-07-15 00:00:00+00:00,163.66,165.91,162.32,165.91,3505929,152.3813984267,154.4763400524,151.1337443029,154.4763400524,3505929,0.0,1.0
2021-07-16 00:00:00+00:00,160.44,164.75,160.26,163.99,2284134,149.383304189,153.3962812587,149.215708859,152.6886565318,2284134,0.0,1.0
2021-07-19 00:00:00+00:00,158.98,159.61,156.55,158.72,2772010,148.0239198453,148.6105035005,145.7613828895,147.7818377018,2772010,0.0,1.0
2021-07-20 00:00:00+00:00,160.91,161.81,157.92,159.34,2831099,149.8209142175,150.6588908678,147.0369695683,148.3591105054,2831099,0.0,1.0
2021-07-21 00:00:00+00:00,164.84,164.84,160.78,161.29,2076338,153.4800789237,153.4800789237,149.6998731458,150.174726581,2076338,0.0,1.0
2021-07-22 00:00:00+00:00,162.02,163.03,160.83,162.26,3251020,150.8544187529,151.7948147715,149.7464274042,151.0778791929,3251020,0.0,1.0
2021-07-23 00:00:00+00:00,163.55,163.84,161.67,163.23,2178752,152.2789790583,152.5489937567,150.5285389444,151.9810318049,2178752,0.0,1.0
2021-07-26 00:00:00+00:00,163.9,164.34,161.27,161.27,1733633,152.6048588668,153.0145363402,150.1561048776,150.1561048776,1733633,0.0,1.0
2021-07-27 00:00:00+00:00,162.59,163.75,159.54,163.51,4077740,151.385137298,152.4651960917,148.5453275388,152.2417356516,4077740,0.0,1.0
2021-07-28 00:00:00+00:00,164.04,164.65,162.84,163.32,3632425,152.7352107901,153.303172742,151.6179085898,152.0648294699,3632425,0.0,1.0
2021-07-29 00:00:00+00:00,166.54,167.16,164.54,164.78,3142345,155.0629237076,155.6401965111,153.2007533736,153.4242138137,3142345,0.0,1.0
2021-07-30 00:00:00+00:00,167.42,168.2,165.14,165.58,2678831,155.8822786545,156.6085250847,153.7594044738,154.1690819473,2678831,0.0,1.0
2021-08-02 00:00:00+00:00,167.62,171.33,167.37,168.64,2822043,156.0684956879,159.5228216574,155.8357243962,157.0182025582,2822043,0.0,1.0
2021-08-03 00:00:00+00:00,168.68,169.02,165.59,168.37,3271214,157.0554459649,157.3720149217,154.1783927989,156.7668095631,3271214,0.0,1.0
2021-08-04 00:00:00+00:00,172.58,175.25,168.6,168.74,10201140,160.6866781161,163.1726755119,156.9809591515,157.1113110749,10201140,0.0,1.0
2021-08-05 00:00:00+00:00,169.93,173.77,168.83,173.56,3468277,158.2193024236,161.7946694648,157.1951087399,161.5991415797,3468277,0.0,1.0
2021-08-06 00:00:00+00:00,171.13,171.89,168.37,168.83,3164228,159.336604624,160.0442293509,156.7668095631,157.1951087399,3164228,0.0,1.0
2021-08-09 00:00:00+00:00,171.31,172.53,169.385,171.06,2580792,159.504199954,160.6401238577,157.7118610076,159.2714286623,2580792,0.0,1.0
2021-08-10 00:00:00+00:00,171.0,171.635,169.0,171.31,1943813,159.2155635523,159.8068026333,157.3533932183,159.504199954,1943813,0.0,1.0
2021-08-11 00:00:00+00:00,170.46,172.088,168.68,172.04,1946436,158.7127775621,160.2285842139,157.0554459649,160.1838921259,1946436,0.0,1.0
2021-08-12 00:00:00+00:00,168.58,169.71,166.56,169.5,2562085,156.9623374482,158.0144636869,155.0815454109,157.8189358018,2562085,0.0,1.0
2021-08-13 00:00:00+00:00,170.08,170.77,168.39,169.35,2040075,158.3589651987,159.0014139639,156.7854312665,157.6792730268,2040075,0.0,1.0
2021-08-16 00:00:00+00:00,171.07,171.56,169.47,169.63,2163205,159.280739514,159.7369712458,157.7910032468,157.9399768735,2163205,0.0,1.0
2021-08-17 00:00:00+00:00,166.3,170.14,165.66,170.14,4592955,154.8394632675,158.4148303087,154.2435687606,158.4148303087,4592955,0.0,1.0
2021-08-18 00:00:00+00:00,165.78,168.04,161.285,164.9,5452773,154.3552989807,156.459551458,150.1700711551,153.5359440337,5452773,0.0,1.0
2021-08-19 00:00:00+00:00,166.79,166.97,163.55,165.12,3451106,155.2956949993,155.4632903294,152.2789790583,153.7407827705,3451106,0.0,1.0
2021-08-20 00:00:00+00:00,166.64,168.18,165.07,166.87,2912992,155.1560322243,156.5899033814,153.6942285121,155.3701818127,2912992,0.0,1.0
2021-08-23 00:00:00+00:00,169.63,172.8,166.06,170.24,13465562,157.9399768735,160.8915168528,154.6160028274,158.5079388254,13465562,0.0,1.0
2021-08-24 00:00:00+00:00,165.85,170.36,164.75,169.84,8137035,154.4204749424,158.6196690454,153.3962812587,158.1355047586,8137035,0.0,1.0
2021-08-25 00:00:00+00:00,164.0,167.93,163.08,166.11,19156429,152.6979673835,156.3571320897,151.8413690298,154.6625570858,19156429,0.0,1.0
2021-08-26 00:00:00+00:00,167.36,168.48,163.69,165.0,7306498,156.4688623097,157.515977067,153.0376916317,154.2624419282,7306498,0.69,1.0
2021-08-27 00:00:00+00:00,166.48,169.81,166.17,167.3,9136163,155.6461292861,158.7594258414,155.35630288,156.4127668763,9136163,0.0,1.0
2021-08-30 00:00:00+00:00,166.98,168.27,166.65,166.965,4901685,156.1135912313,157.31964305,155.8050663475,156.099567373,4901685,0.0,1.0
2021-08-31 00:00:00+00:00,162.95,166.52,161.34,166.15,9136562,152.3458479527,155.6835262417,150.840620489,155.3376044022,9136562,0.0,1.0
2021-09-01 00:00:00+00:00,161.11,164.2,161.04,163.77,6513639,150.6255879942,153.5145028158,150.5601433219,153.1124855429,6513639,0.0,1.0
2021-09-02 00:00:00+00:00,162.62,162.94,161.222,162.13,4514740,152.0373230689,152.3364987138,150.73029947,151.5792103625,4514740,0.0,1.0
2021-09-03 00:00:00+00:00,162.44,163.495,161.735,162.52,2385601,151.8690367686,152.855381473,151.2099154258,151.9438306798,2385601,0.0,1.0
2021-09-07 00:00:00+00:00,163.27,163.74,162.145,162.66,5132140,152.6450235977,153.0844378262,151.5932342209,152.0747200245,5132140,0.0,1.0
2021-09-08 00:00:00+00:00,163.67,165.67,162.4,163.705,4620111,153.0189931539,154.8888409348,151.8316398129,153.05171549,4620111,0.0,1.0
2021-09-09 00:00:00+00:00,168.81,170.13,163.27,163.27,7601831,157.8245019509,159.0586014863,152.6450235977,152.6450235977,7601831,0.0,1.0
2021-09-10 00:00:00+00:00,169.94,172.09,169.55,169.6,4280896,158.8809659471,160.8910523116,158.5163456298,158.5630918244,4280896,0.0,1.0
2021-09-13 00:00:00+00:00,172.81,173.14,170.295,171.59,7431688,161.5641975128,161.8727223966,159.2128639282,160.4235903664,7431688,0.0,1.0
2021-09-14 00:00:00+00:00,173.47,174.1,171.54,173.54,5335497,162.1812472805,162.7702493315,160.3768441719,162.2466919528,5335497,0.0,1.0
2021-09-15 00:00:00+00:00,174.08,174.46,172.08,173.94,4498520,162.7515508537,163.1068219321,160.8817030727,162.620661509,4498520,0.0,1.0
2021-09-16 00:00:00+00:00,173.21,174.46,172.43,172.43,4582749,161.938167069,163.1068219321,161.2089264344,161.2089264344,4582749,0.0,1.0
2021-09-17 00:00:00+00:00,171.52,173.015,170.29,171.4,13056376,160.3581456941,161.7558569103,159.2081893088,160.2459548272,13056376,0.0,1.0
2021-09-20 00:00:00+00:00,169.48,170.76,167.03,170.1,10189658,158.4509009575,159.6476035373,156.1603374258,159.0305537696,10189658,0.0,1.0
2021-09-21 00:00:00+00:00,170.57,171.64,168.24,170.82,4011364,159.4699679981,160.4703365609,157.2915953333,159.7036989707,4011364,0.0,1.0
2021-09-22 00:00:00+00:00,173.85,174.26,171.23,172.0,3484536,162.5365183589,162.919837154,160.0870177658,160.8069091615,3484536,0.0,1.0
2021-09-23 00:00:00+00:00,177.23,177.79,174.15,174.5,3391930,165.6965611087,166.2201184873,162.816995526,163.1442188877,3391930,0.0,1.0
2021-09-24 00:00:00+00:00,178.53,178.84,175.84,176.55,2393400,166.9119621663,167.2017885723,164.3970169009,165.0608128632,2393400,0.0,1.0
2021-09-27 00:00:00+00:00,176.91,178.128,175.6,177.27,4497221,165.3973854637,166.5361227623,164.1726351672,165.7339580643,4497221,0.0,1.0
2021-09-28 00:00:00+00:00,171.29,174.8771,171.18,172.275,5493955,160.1431131993,163.4967786868,160.0402715713,161.0640132314,5493955,0.0,1.0
2021-09-29 00:00:00+00:00,168.84,171.83,168.12,170.54,3498449,157.8525496676,160.6479721001,157.1794044665,159.4419202814,3498449,0.0,1.0
2021-09-30 00:00:00+00:00,167.48,171.26,167.36,170.36,4820634,156.5810531766,160.1150654825,156.4688623097,159.2736339811,4820634,0.0,1.0
2021-10-01 00:00:00+00:00,167.37,168.88,164.76,167.83,3549208,156.4782115486,157.8899466232,154.0380601945,156.9082765382,3549208,0.0,1.0
2021-10-04 00:00:00+00:00,164.26,167.7,163.65,166.74,5377545,153.5705982492,156.7867364325,153.000294676,155.8892094976,5377545,0.0,1.0
2021-10-05 00:00:00+00:00,165.37,166.725,163.96,165.24,2899064,154.6083637677,155.8751856392,153.2901210821,154.4868236619,2899064,0.0,1.0
2021-10-06 00:00:00+00:00,166.05,166.27,163.14,163.78,2753976,155.2441120132,155.4497952691,152.5234834919,153.1218347818,2753976,0.0,1.0
2021-10-07 00:00:00+00:00,166.98,169.29,166.735,167.43,2174098,156.1135912313,158.2732654183,155.8845348782,156.534306982,2174098,0.0,1.0
2021-10-08 00:00:00+00:00,168.62,168.95,166.68,168.48,3145920,157.6468664117,157.9553912956,155.8331140642,157.515977067,3145920,0.0,1.0
2021-10-11 00:00:00+00:00,167.9,171.54,167.8,168.12,1964892,156.9737212106,160.3768441719,156.8802288215,157.1794044665,1964892,0.0,1.0
2021-10-12 00:00:00+00:00,164.02,169.57,163.82,168.51,3018047,153.3462165155,158.5350441076,153.1592317374,157.5440247837,3018047,0.0,1.0
2021-10-13 00:00:00+00:00,164.35,166.71,163.57,165.96,3416601,153.6547413994,155.8611617809,152.9255007648,155.159968863,3416601,0.0,1.0
2021-10-14 00:00:00+00:00,168.2,168.6,166.13,166.52,5043330,157.2541983777,157.6281679339,155.3189059244,155.6835262417,5043330,0.0,1.0
2021-10-15 00:00:00+00:00,172.04,172.1,169.715,170.03,2887018,160.8443061171,160.9004015505,158.6706080718,158.9651090973,2887018,0.0,1.0
2021-10-18 00:00:00+00:00,173.33,173.66,169.72,170.38,2541462,162.0503579358,162.3588828197,158.6752826912,159.2923324589,2541462,0.0,1.0
2021-10-19 00:00:00+00:00,176.63,176.75,172.55,173.74,3336706,165.1356067744,165.2477976413,161.3211173013,162.4336767309,3336706,0.0,1.0
2021-10-20 00:00:00+00:00,176.92,177.86,175.92,176.91,3025789,165.4067347026,166.2855631597,164.4718108122,165.3973854637,3025789,0.0,1.0
2021-10-21 00:00:00+00:00,178.81,179.05,176.14,176.66,2743999,167.1737408556,167.3981225893,164.6774940681,165.1636544911,2743999,0.0,1.0
2021-10-22 00:00:00+00:00,178.42,180.77,177.68,179.24,3074268,166.8091205383,169.006191681,166.1172768594,167.5757581285,3074268,0.0,1.0
2021-10-25 00:00:00+00:00,180.52,181.1,178.42,178.58,2498205,168.7724607083,169.3147165648,166.8091205383,166.9587083608,2498205,0.0,1.0
2021-10-26 00:00:00+00:00,179.88,182.386,179.64,181.97,2209197,168.1741094184,170.517028688,167.9497276847,170.1281003495,2209197,0.0,1.0
2021-10-27 00:00:00+00:00,170.46,175.0,170.0,174.11,6263894,159.3671263702,163.6116808329,158.9370613806,162.7795985704,6263894,0.0,1.0
2021-10-28 00:00:00+00:00,172.46,174.35,171.53,172.26,2781100,161.2369741511,163.0039803041,160.367494933,161.049989373,2781100,0.0,1.0
2021-10-29 00:00:00+00:00,173.49,173.86,170.59,171.4,3137367,162.1999457583,162.5458675978,159.4886664759,160.2459548272,3137367,0.0,1.0
2021-11-01 00:00:00+00:00,174.99,175.245,172.9135,173.18,2169442,163.602331594,163.8407371861,161.6609621354,161.9101193523,2169442,0.0,1.0
2021-11-02 00:00:00+00:00,177.94,178.25,174.7,174.99,2330623,166.3603570709,166.650183477,163.3312036658,163.602331594,2330623,0.0,1.0
2021-11-03 00:00:00+00:00,178.8,179.27,175.87,177.42,1997741,167.1643916167,167.6038058452,164.4250646176,165.8741966479,1997741,0.0,1.0
2021-11-04 00:00:00+00:00,180.73,180.96,176.25,179.0,5252671,168.9687947253,169.1838272201,164.780335696,167.3513763948,5252671,0.0,1.0
2021-11-05 00:00:00+00:00,184.18,186.1,182.195,183.75,3415692,172.1942821475,173.9893360172,170.3384582249,171.7922648746,3415692,0.0,1.0
2021-11-08 00:00:00+00:00,184.46,185.94,183.36,183.47,2582310,172.4560608368,173.8397481947,171.4276445573,171.5304861852,2582310,0.0,1.0
2021-11-09 00:00:00+00:00,185.0,185.89,182.816,184.3185,2328236,172.9609197377,173.7930020002,170.9190459609,172.3237691063,2328236,0.0,1.0
2021-11-10 00:00:00+00:00,180.86,185.5,180.04,183.0,2735548,169.0903348311,173.4283816829,168.3236972409,171.0910719567,2735548,0.0,1.0
2021-11-11 00:00:00+00:00,183.1,183.37,180.43,183.23,1703264,171.1845643458,171.4369937962,168.6883175582,171.3061044515,1703264,0.0,1.0
2021-11-12 00:00:00+00:00,184.79,185.7,181.55,183.57,1843939,172.7645857207,173.615366461,169.7354323155,171.6239785743,1843939,0.0,1.0
2021-11-15 00:00:00+00:00,185.06,185.72,183.74,185.72,1337191,173.0170151711,173.6340649388,171.7829156357,173.6340649388,1337191,0.0,1.0
2021-11-16 00:00:00+00:00,187.67,187.85,184.5,184.58,2126290,175.4571665252,175.6254528255,172.4934577924,172.5682517037,2126290,0.0,1.0
2021-11-17 00:00:00+00:00,187.04,188.1,185.54,188.03,2242418,174.8681644742,175.8591837981,173.4657786385,175.7937391258,2242418,0.0,1.0
2021-11-18 00:00:00+00:00,188.09,188.69,185.99,188.1,2091871,175.8498345592,176.4107888935,173.8864943892,175.8591837981,2091871,0.0,1.0
2021-11-19 00:00:00+00:00,188.8,190.0,187.72,188.09,3299833,176.5136305215,177.63553919,175.5039127197,175.8498345592,3299833,0.0,1.0
2021-11-22 00:00:00+00:00,185.5,191.95,185.36,190.0,5229001,173.4283816829,179.4586407765,173.2974923382,177.63553919,5229001,0.0,1.0
2021-11-23 00:00:00+00:00,182.45,188.0,180.23,186.25,4976419,170.576863817,175.7656914091,168.5013327801,174.1295746008,4976419,0.0,1.0
2021-11-24 00:00:00+00:00,182.47,182.51,179.67,181.45,2914821,170.5955622948,170.6329592504,167.9777754014,169.6419399265,2914821,0.0,1.0
2021-11-26 00:00:00+00:00,178.0,180.41,176.78,179.0,2539089,166.4164525043,168.6696190804,165.275845358,167.3513763948,2539089,0.0,1.0
2021-11-29 00:00:00+00:00,183.2,183.69,178.45,180.54,4374848,171.2780567348,171.7361694411,166.8371682551,168.7911591861,4374848,0.0,1.0
2021-11-30 00:00:00+00:00,180.25,184.26,178.91,182.61,4561777,168.5200312579,172.2690760587,167.2672332447,170.7264516394,4561777,0.0,1.0
2021-12-01 00:00:00+00:00,180.84,188.195,180.65,182.28,4831375,169.0716363533,175.9480015677,168.8940008141,170.4179267556,4831375,0.0,1.0
2021-12-02 00:00:00+00:00,180.63,182.53,178.0,180.0,3795551,169.5203998207,171.3035408253,167.0521572723,168.9291478034,3795551,0.69,1.0
2021-12-03 00:00:00+00:00,180.79,183.95,178.71,182.97,2958663,169.6705590632,172.6362041024,167.7184889108,171.7164787422,2958663,0.0,1.0
2021-12-06 00:00:00+00:00,181.06,182.67,176.19,182.32,3938206,169.9239527849,171.4349301625,165.3534808416,171.1064568195,3938206,0.0,1.0
2021-12-07 00:00:00+00:00,186.64,187.69,183.59,183.67,4850057,175.1607563668,176.1461763957,172.2983458068,172.3734254281,4850057,0.0,1.0
2021-12-08 00:00:00+00:00,186.26,186.52,184.33,185.76,3167984,174.8041281659,175.0481369349,172.9928323033,174.3348805331,3167984,0.0,1.0
2021-12-09 00:00:00+00:00,183.68,187.66,183.48,184.93,3457826,172.3828103807,176.1180215377,172.1951113276,173.5559294627,3457826,0.0,1.0
2021-12-10 00:00:00+00:00,183.43,186.5,181.13,186.41,2570895,172.1481865643,175.0293670296,169.9896474535,174.9449024557,2570895,0.0,1.0
2021-12-13 00:00:00+00:00,178.47,184.655,178.22,183.45,4457746,167.4932500471,173.2978432647,167.2586262307,172.1669564696,4457746,0.0,1.0
2021-12-14 00:00:00+00:00,176.28,178.24,173.59,176.95,3771060,165.4379454155,167.277396136,162.9133931511,166.0667372434,3771060,0.0,1.0
2021-12-15 00:00:00+00:00,179.53,179.68,174.14,177.61,3598688,168.4880550286,168.6288293184,163.4295655471,166.6861441187,3598688,0.0,1.0
2021-12-16 00:00:00+00:00,172.6,180.8,172.16,180.15,4817272,161.9842828382,169.6799440159,161.5713449213,169.0699220932,4817272,0.0,1.0
2021-12-17 00:00:00+00:00,170.11,172.42,169.04,171.12,7672485,159.6474296269,161.8153536903,158.6432396927,160.5953098451,7672485,0.0,1.0
2021-12-20 00:00:00+00:00,168.32,169.12,166.35,166.835,4087481,157.9675231015,158.718319314,156.1186874283,156.5738576321,4087481,0.0,1.0
2021-12-21 00:00:00+00:00,172.08,172.34,168.93,170.115,3018106,161.4962653001,161.7402740691,158.5400052135,159.6521221032,3018106,0.0,1.0
2021-12-22 00:00:00+00:00,172.29,172.6248,170.975,171.65,2025517,161.6933493058,162.0075575207,160.4592280316,161.0927123359,2025517,0.0,1.0
2021-12-23 00:00:00+00:00,172.66,174.44,172.57,172.8,2026190,162.0405925541,163.7111141268,161.9561279802,162.1719818913,2026190,0.0,1.0
2021-12-27 00:00:00+00:00,175.47,175.53,173.01,173.01,2135070,164.6777642504,164.7340739663,162.369065897,162.369065897,2135070,0.0,1.0
2021-12-28 00:00:00+00:00,174.38,176.79,174.03,176.42,1634793,163.6548044109,165.9165780009,163.3263310679,165.5693347526,1634793,0.0,1.0
2021-12-29 00:00:00+00:00,175.52,176.5479,174.53,174.53,1685487,164.7246890136,165.6893682971,163.7955787007,163.7955787007,1685487,0.0,1.0
2021-12-30 00:00:00+00:00,174.78,176.96,174.47,176.0,1638634,164.0302025171,166.0761221961,163.7392689848,165.1751667411,1638634,0.0,1.0
2021-12-31 00:00:00+00:00,175.77,176.66,174.58,174.75,1916436,164.95931283,165.7945736164,163.842503464,164.0020476591,1916436,0.0,1.0
2022-01-03 00:00:00+00:00,177.15,177.595,174.75,175.17,2667456,166.2544362965,166.6720666897,164.0020476591,164.3962156707,2667456,0.0,1.0
2022-01-04 00:00:00+00:00,175.55,179.52,174.12,177.68,3889255,164.7528438716,168.4786700759,163.4107956418,166.7518387873,3889255,0.0,1.0
2022-01-05 00:00:00+00:00,172.84,177.18,172.73,175.3207,3655308,162.2095217019,166.2825911545,162.1062872227,164.5376469072,3655308,0.0,1.0
2022-01-06 00:00:00+00:00,173.39,174.96,172.0433,173.1,3584642,162.725694098,164.1991316649,161.4618225238,162.4535304709,3584642,0.0,1.0
2022-01-07 00:00:00+00:00,168.84,173.76,166.0043,173.1013,6747542,158.4555406396,163.0729373462,155.794249615,162.4547505148,6747542,0.0,1.0
2022-01-10 00:00:00+00:00,170.4,170.725,165.38,168.1149,6017128,159.9195932539,160.2246042152,155.2083470207,157.7750377225,6017128,0.0,1.0
2022-01-11 00:00:00+00:00,173.63,174.03,168.46,168.77,3711357,162.9509329617,163.3263310679,158.0989124387,158.389845971,3711357,0.0,1.0
2022-01-12 00:00:00+00:00,173.75,175.39,171.97,175.39,1993426,163.0635523936,164.6026846291,161.3930308208,164.6026846291,1993426,0.0,1.0
2022-01-13 00:00:00+00:00,169.78,176.27,169.24,175.61,3953981,159.3377261892,165.4285604628,158.8309387458,164.8091535875,3953981,0.0,1.0
2022-01-14 00:00:00+00:00,172.0,172.12,168.0917,168.4148,2869639,161.4211856788,161.5338051107,157.7532646324,158.0564924527,2869639,0.0,1.0
2022-01-18 00:00:00+00:00,166.5,170.12,166.17,168.69,4152551,156.2594617181,159.6568145795,155.9497582805,158.3147663498,4152551,0.0,1.0
2022-01-19 00:00:00+00:00,163.06,168.785,162.97,167.1,3676677,153.0310380046,158.4039234,152.9465734307,156.8225588775,3676677,0.0,1.0
2022-01-20 00:00:00+00:00,158.63,164.76,158.6,163.82,4021403,148.8735039781,154.626479956,148.8453491201,153.7442944064,4021403,0.0,1.0
2022-01-21 00:00:00+00:00,159.52,162.68,156.96,158.82,5547465,149.7087647644,152.6744098037,147.3062168846,149.0518180785,5547465,0.0,1.0
2022-01-24 00:00:00+00:00,161.44,161.72,151.465,159.01,6665173,151.5106756743,151.7734543487,142.1491854002,149.230132179,6665173,0.0,1.0
2022-01-25 00:00:00+00:00,155.77,159.589,155.42,157.39,4064160,146.1894075185,149.7735209378,145.8609341756,147.7097698488,4064160,0.0,1.0
2022-01-26 00:00:00+00:00,159.77,165.1,157.34,159.0,5849987,149.9433885808,154.9455683463,147.6628450855,149.2207472263,5849987,0.0,1.0
2022-01-27 00:00:00+00:00,154.59,163.75,154.04,162.6,4692490,145.0819831052,153.6785997378,144.5658107091,152.5993301824,4692490,0.0,1.0
2022-01-28 00:00:00+00:00,158.63,158.71,151.18,154.12,3839703,148.8735039781,148.9485835993,141.8817142495,144.6408903303,3839703,0.0,1.0
2022-01-31 00:00:00+00:00,163.97,164.23,157.21,158.32,4504896,153.8850686962,154.1290774653,147.540840701,148.5825704457,4504896,0.0,1.0
2022-02-01 00:00:00+00:00,165.37,165.5,161.05,164.1,3037959,155.198962068,155.3209664526,151.1446625208,154.0070730808,3037959,0.0,1.0
2022-02-02 00:00:00+00:00,168.91,169.43,164.9,165.43,2824541,158.5212353082,159.0092528463,154.7578692932,155.255271784,2824541,0.0,1.0
2022-02-03 00:00:00+00:00,162.02,167.62,161.57,165.64,4452216,152.0550029284,157.3105764156,151.6326800589,155.4523557898,4452216,0.0,1.0
2022-02-04 00:00:00+00:00,161.03,162.38,156.77,160.15,5174417,151.1258926155,152.392861224,147.1279027841,150.3000167818,5174417,0.0,1.0
2022-02-07 00:00:00+00:00,160.82,163.25,160.3,161.08,2443478,150.9288086097,153.209352105,150.4407910716,151.1728173787,2443478,0.0,1.0
2022-02-08 00:00:00+00:00,163.13,163.68,160.4,160.93,3173242,153.0967326732,153.6129050692,150.5346405981,151.0320430889,3173242,0.0,1.0
2022-02-09 00:00:00+00:00,168.21,168.34,163.48,165.38,3207883,157.8642886223,157.9862930068,153.4252060161,155.2083470207,3207883,0.0,1.0
2022-02-10 00:00:00+00:00,161.67,168.33,161.03,163.82,3462561,151.7265295854,157.9769080541,151.1258926155,153.7442944064,3462561,0.0,1.0
2022-02-11 00:00:00+00:00,153.9,163.2761,153.08,161.96,5455499,144.4344213719,153.2338468315,143.6648552541,151.9986932124,5455499,0.0,1.0
2022-02-14 00:00:00+00:00,153.98,157.09,151.52,154.92,4501654,144.5095009932,147.4282212691,142.2008026398,145.3916865428,4501654,0.0,1.0
2022-02-15 00:00:00+00:00,162.04,162.34,157.1,157.27,4911123,152.0737728337,152.3553214134,147.4376062217,147.5971504169,4911123,0.0,1.0
2022-02-16 00:00:00+00:00,168.34,168.89,161.57,161.89,5825415,157.9862930068,158.5024654029,151.6326800589,151.9329985439,5825415,0.0,1.0
2022-02-17 00:00:00+00:00,160.43,166.27,160.33,166.13,4702670,150.5627954561,156.0436078071,150.4689459296,155.9122184699,4702670,0.0,1.0
2022-02-18 00:00:00+00:00,160.36,162.7,158.57,161.11,3921632,150.4971007875,152.693179709,148.8171942621,151.2009722367,3921632,0.0,1.0
2022-02-22 00:00:00+00:00,160.88,162.88,158.29,158.9,4269436,150.9851183256,152.8621088568,148.5544155878,149.1268976998,4269436,0.0,1.0
2022-02-23 00:00:00+00:00,156.49,163.5,156.17,162.07,5087047,146.8651241097,153.4439759214,146.5648056248,152.1019276917,5087047,0.0,1.0
2022-02-24 00:00:00+00:00,159.79,160.0,152.025,154.33,4152212,150.675414888,150.8734362731,143.3533384339,145.5268588752,4152212,0.76,1.0
2022-02-25 00:00:00+00:00,162.12,162.18,157.67,159.88,2741570,152.8725093037,152.9290868423,148.6763418574,150.7602811959,2741570,0.0,1.0
2022-02-28 00:00:00+00:00,160.29,161.33,157.24,161.33,3606877,151.1468943763,152.1275717121,148.2708694974,152.1275717121,3606877,0.0,1.0
2022-03-01 00:00:00+00:00,156.95,160.75,155.55,159.53,3761795,147.9974113941,151.5806555056,146.6772688267,150.430245554,3761795,0.0,1.0
2022-03-02 00:00:00+00:00,159.82,161.53,157.11,157.47,2578681,150.7037036573,152.3161635074,148.1482848304,148.487750062,2578681,0.0,1.0
2022-03-03 00:00:00+00:00,159.28,161.7,156.97,161.46,2656102,150.1945058099,152.4764665335,148.0162705737,152.2501563791,2656102,0.0,1.0
2022-03-04 00:00:00+00:00,156.85,159.2672,155.75,157.68,2778580,147.9031154965,150.182435935,146.8658606221,148.6857714471,2778580,0.0,1.0
2022-03-07 00:00:00+00:00,146.28,157.34,146.21,157.02,5701277,137.9360391127,148.365165395,137.8700319843,148.0634185225,5701277,0.0,1.0
2022-03-08 00:00:00+00:00,148.52,152.78,143.85,146.02,4745205,140.0482672205,144.0652724613,135.6446487993,137.6908697787,4745205,0.0,1.0
2022-03-09 00:00:00+00:00,153.62,155.06,151.3,153.09,3046254,144.8573580017,146.2152189282,142.6696931757,144.357589744,3046254,0.0,1.0
2022-03-10 00:00:00+00:00,150.56,151.79,147.85,150.85,4035714,141.971903533,143.1317430743,139.4164847061,142.2453616362,4035714,0.0,1.0
2022-03-11 00:00:00+00:00,147.6,153.7834,147.29,153.2,3964265,139.1807449619,145.0114374985,138.8884276791,144.4613152315,3964265,0.0,1.0
2022-03-14 00:00:00+00:00,145.63,148.84,143.81,147.52,3910529,137.3231157778,140.350014093,135.6069304402,139.1053082438,3910529,0.0,1.0
2022-03-15 00:00:00+00:00,150.92,151.46,146.405,147.32,3309941,142.3113687646,142.820566612,138.0539089848,138.9167164484,3309941,0.0,1.0
2022-03-16 00:00:00+00:00,158.57,158.75,152.53,153.09,4376224,149.5250049364,149.6947375522,143.8295327171,144.357589744,4376224,0.0,1.0
2022-03-17 00:00:00+00:00,159.98,160.05,155.76,156.87,4272372,150.8545770936,150.9205842219,146.8752902119,147.921974676,4272372,0.0,1.0
2022-03-18 00:00:00+00:00,163.45,163.94,157.085,158.56,9688127,154.1266447427,154.5886946413,148.124710856,149.5155753466,9688127,0.0,1.0
2022-03-21 00:00:00+00:00,164.22,164.74,161.47,161.8,3230162,154.8527231548,155.3430618227,152.2595859688,152.5707624312,3230162,0.0,1.0
2022-03-22 00:00:00+00:00,164.77,166.49,163.42,163.79,2567138,155.371350592,156.9932400319,154.0983559734,154.4472507948,2567138,0.0,1.0
2022-03-23 00:00:00+00:00,159.14,164.3081,158.79,163.38,3409911,150.0624915531,154.9357978406,149.7324559113,154.0606376144,3409911,0.0,1.0
2022-03-24 00:00:00+00:00,164.96,165.06,159.86,160.82,3152290,155.5505127976,155.6448086952,150.7414220163,151.646662634,3152290,0.0,1.0
2022-03-25 00:00:00+00:00,165.63,165.92,162.8578,165.06,2231113,156.1822953119,156.4557534152,153.5682244367,155.6448086952,2231113,0.0,1.0
2022-03-28 00:00:00+00:00,167.26,167.45,163.35,164.18,2745255,157.719318444,157.8984806496,154.0323488451,154.8150047957,2745255,0.0,1.0
2022-03-29 00:00:00+00:00,170.18,171.56,167.73,169.05,3127723,160.472758656,161.7740420438,158.162509163,159.4072150123,3127723,0.0,1.0
2022-03-30 00:00:00+00:00,166.48,170.0,165.78,168.78,2689136,156.9838104421,160.3030260402,156.3237391585,159.1526160886,2689136,0.0,1.0
2022-03-31 00:00:00+00:00,165.18,167.94,165.08,166.96,3881584,155.7579637724,158.3605305481,155.6636678748,157.436430751,3881584,0.0,1.0
2022-04-01 00:00:00+00:00,165.36,167.14,162.85,166.5,2940959,155.9276963882,157.6061633668,153.5608693567,157.0026696217,2940959,0.0,1.0
2022-04-04 00:00:00+00:00,164.5,165.95,161.72,165.17,4160753,155.1167516683,156.4840421845,152.495325713,155.7485341827,4160753,0.0,1.0
2022-04-05 00:00:00+00:00,159.98,163.515,155.87,162.51,7086428,150.8545770936,154.1879370762,146.9790156993,153.2402633046,7086428,0.0,1.0
2022-04-06 00:00:00+00:00,160.28,164.28,157.2717,157.42,6036030,151.1374647866,154.9093006934,148.3007612969,148.4406021132,6036030,0.0,1.0
2022-04-07 00:00:00+00:00,161.25,162.91,159.14,159.27,3161761,152.052134994,153.6174468953,150.0624915531,150.1850762201,3161761,0.0,1.0
2022-04-08 00:00:00+00:00,158.74,161.01,158.4,160.46,3025053,149.6853079624,151.8258248396,149.3647019104,151.3071974024,3025053,0.0,1.0
2022-04-11 00:00:00+00:00,154.89,158.09,154.69,157.67,3693723,146.0549159021,149.0723846276,145.8663241068,148.6763418574,3693723,0.0,1.0
2022-04-12 00:00:00+00:00,155.5,159.56,154.99,157.33,2580012,146.6301208779,150.4585343233,146.1492117998,148.3557358053,2580012,0.0,1.0
2022-04-13 00:00:00+00:00,158.12,158.96,155.21,156.72,2335214,149.1006733969,149.8927589373,146.3566627747,147.7805308295,2335214,0.0,1.0
2022-04-14 00:00:00+00:00,156.5,159.86,156.29,158.37,5228659,147.5730798546,150.7414220163,147.3750584695,149.3364131411,5228659,0.0,1.0
2022-04-18 00:00:00+00:00,160.34,161.25,156.17,156.28,2728489,151.1940423252,152.052134994,147.2619033923,147.3656288797,2728489,0.0,1.0
2022-04-19 00:00:00+00:00,162.32,162.8,158.61,160.34,2674781,153.061101099,153.5137214079,149.5627232955,151.1940423252,2674781,0.0,1.0
2022-04-20 00:00:00+00:00,161.38,165.56,160.535,164.46,2580816,152.1747196609,156.1162881836,151.3779193256,155.0790333092,2580816,0.0,1.0
2022-04-21 00:00:00+00:00,158.71,164.68,157.965,162.5,3555165,149.6570191931,155.2864842841,148.9545147555,153.2308337149,3555165,0.0,1.0
2022-04-22 00:00:00+00:00,155.25,159.625,155.17,157.98,2640542,146.3943811337,150.5198266568,146.3189444156,148.9686591401,2640542,0.0,1.0
2022-04-25 00:00:00+00:00,158.92,159.15,153.76,154.19,4487466,149.8550405782,150.0719211429,144.9893722584,145.3948446184,4487466,0.0,1.0
2022-04-26 00:00:00+00:00,152.81,157.32,152.74,156.93,3657449,144.0935612306,148.3463062155,144.0275541022,147.9785522146,3657449,0.0,1.0
2022-04-27 00:00:00+00:00,151.72,155.73,149.68,150.0,3077286,143.065735946,146.8470014426,141.1420996335,141.443846506,3077286,0.0,1.0
2022-04-28 00:00:00+00:00,160.45,162.27,153.725,154.13,4155950,151.2977678126,153.0139531502,144.9563686943,145.3382670798,4155950,0.0,1.0
2022-04-29 00:00:00+00:00,154.38,159.72,154.24,158.04,4835835,145.574006824,150.6094077596,145.4419925673,149.0252366787,4835835,0.0,1.0
2022-05-02 00:00:00+00:00,158.15,158.5373,152.79,155.34,2865903,149.1289621662,149.4941701779,144.074702051,146.4792474416,2865903,0.0,1.0
2022-05-03 00:00:00+00:00,158.87,159.71,156.51,157.88,2442017,149.8078926294,150.5999781698,147.5825094444,148.8743632425,2442017,0.0,1.0
2022-05-04 00:00:00+00:00,164.77,164.92,154.265,158.68,3931603,155.371350592,155.5127944385,145.4655665417,149.6287304238,3931603,0.0,1.0
2022-05-05 00:00:00+00:00,158.24,163.37,156.51,162.02,3961527,149.2138284741,154.0512080246,147.5825094444,152.778213406,3961527,0.0,1.0
2022-05-06 00:00:00+00:00,156.13,158.77,154.35,156.55,2710543,147.2241850332,149.7135967317,145.5457180547,147.6202278035,2710543,0.0,1.0
2022-05-09 00:00:00+00:00,152.25,156.03,151.78,154.2,4123127,143.5655042036,147.1298891356,143.1223134846,145.4042742082,4123127,0.0,1.0
2022-05-10 00:00:00+00:00,155.22,158.515,152.65,155.94,3157804,146.3660923644,149.4731421927,143.9426877943,147.0450228277,3157804,0.0,1.0
2022-05-11 00:00:00+00:00,151.99,157.31,151.75,153.43,3861709,143.3203348697,148.3368766257,143.0940247153,144.6781957961,3861709,0.0,1.0
2022-05-12 00:00:00+00:00,152.89,153.68,149.97,151.04,3117744,144.1689979487,144.9139355403,141.4155577367,142.4245238418,3117744,0.0,1.0
2022-05-13 00:00:00+00:00,158.74,159.7,153.88,155.04,4783360,149.6853079624,150.5905485801,145.1025273356,146.1963597486,4783360,0.0,1.0
2022-05-16 00:00:00+00:00,157.44,159.18,155.58,157.23,2328409,148.4594612927,150.1002099122,146.705557596,148.2614399076,2328409,0.0,1.0
2022-05-17 00:00:00+00:00,163.84,164.38,160.62,160.99,4952192,154.4943987436,155.0035965911,151.4580708386,151.80696566,4952192,0.0,1.0
2022-05-18 00:00:00+00:00,159.92,166.33,159.24,166.33,5684642,150.797999555,156.8423665956,150.1567874508,156.8423665956,5684642,0.0,1.0
2022-05-19 00:00:00+00:00,160.94,164.17,159.08,160.85,3812610,151.7598177112,154.805575206,150.0059140145,151.6749514033,3812610,0.0,1.0
2022-05-20 00:00:00+00:00,162.44,165.16,156.72,163.6,3977616,153.1742561763,155.7391045929,147.7805308295,154.2680885892,3977616,0.0,1.0
2022-05-23 00:00:00+00:00,161.55,163.5,159.88,161.62,2291112,152.335022687,154.1737926916,150.7602811959,152.4010298154,2291112,0.0,1.0
2022-05-24 00:00:00+00:00,161.85,163.25,158.81,159.88,3172157,152.61791038,153.9380529474,149.7513150908,150.7602811959,3172157,0.0,1.0
2022-05-25 00:00:00+00:00,162.32,163.24,159.34,160.47,2500281,153.061101099,153.9286233576,150.2510833485,151.3166269921,2500281,0.0,1.0
2022-05-26 00:00:00+00:00,164.0,165.89,161.405,162.36,3820055,154.6452721799,156.4274646459,152.1982936354,153.0988194581,3820055,0.0,1.0
2022-05-27 00:00:00+00:00,167.55,168.16,164.17,165.49,4942359,158.7094253695,159.2872394517,155.5077670123,156.7581187968,4942359,0.76,1.0
2022-05-31 00:00:00+00:00,168.4,169.59,163.59,166.9,5102506,159.5145761398,160.6417872182,154.9583700161,158.0937218393,5102506,0.0,1.0
2022-06-01 00:00:00+00:00,164.77,169.31,163.32,169.18,3283648,156.0761087325,160.3765610821,154.702616242,160.2534203761,3283648,0.0,1.0
2022-06-02 00:00:00+00:00,169.24,169.41,163.68,164.51,2637725,160.3102545481,160.4712847022,155.0436212741,155.8298273204,2637725,0.0,1.0
2022-06-03 00:00:00+00:00,165.24,166.98,164.81,166.59,2539151,156.5213097467,158.1695007353,156.1139981805,157.8000786172,2539151,0.0,1.0
2022-06-06 00:00:00+00:00,165.27,168.83,164.56,167.35,2273830,156.5497268327,159.921887706,155.8771891305,158.5199781295,2273830,0.0,1.0
2022-06-07 00:00:00+00:00,166.95,167.34,162.84,163.74,2108004,158.1410836493,158.5105057674,154.2479428658,155.1004554462,2108004,0.0,1.0
2022-06-08 00:00:00+00:00,165.01,167.96,163.93,165.86,2928881,156.3034454206,159.0977922117,155.2804303242,157.1085961909,2928881,0.0,1.0
2022-06-09 00:00:00+00:00,161.61,167.03,161.51,163.99,3144770,153.0828423394,158.2168625453,152.9881187194,155.3372644963,3144770,0.0,1.0
2022-06-10 00:00:00+00:00,156.92,160.18,156.81,158.35,3369913,148.6403045597,151.7282945729,148.5361085777,149.9948523263,3369913,0.0,1.0
2022-06-13 00:00:00+00:00,147.77,154.43,147.33,153.23,5861619,139.9730933265,146.2816864209,139.5563093983,145.1450029804,5861619,0.0,1.0
2022-06-14 00:00:00+00:00,147.17,150.14,146.05,149.21,2765034,139.4047516063,142.2180431213,138.3438470619,141.337113455,2765034,0.0,1.0
2022-06-15 00:00:00+00:00,150.08,152.4735,146.73,149.17,3263391,142.1612089493,144.4284187949,138.9879676781,141.299224007,3263391,0.0,1.0
2022-06-16 00:00:00+00:00,143.46,146.36,141.69,146.36,4722838,135.890505303,138.637490284,134.2138972283,138.637490284,4722838,0.0,1.0
2022-06-17 00:00:00+00:00,144.63,145.5,141.79,144.02,6724039,136.9987716574,137.8228671517,134.3086208484,136.4209575752,6724039,0.0,1.0
2022-06-21 00:00:00+00:00,148.35,150.29,147.285,147.33,3085757,140.5224903227,142.3601285514,139.5136837693,139.5563093983,3085757,0.0,1.0
2022-06-22 00:00:00+00:00,147.65,148.98,145.86,146.95,3720364,139.8594249825,141.1192491289,138.1638721838,139.1963596422,3720364,0.0,1.0
2022-06-23 00:00:00+00:00,145.54,149.205,143.94,149.02,2946065,137.8607565997,141.332377274,136.3451786791,141.1571385769,2946065,0.0,1.0
2022-06-24 00:00:00+00:00,149.69,150.05,147.2,147.59,5108928,141.7917868312,142.1327918633,139.4331686923,139.8025908104,5108928,0.0,1.0
2022-06-27 00:00:00+00:00,150.59,152.33,149.54,151.1,2048285,142.6442994115,144.2924904001,141.6497014011,143.1273898737,2048285,0.0,1.0
2022-06-28 00:00:00+00:00,148.49,153.16,148.37,151.41,2786498,140.6551033908,145.0786964464,140.5414350467,143.4210330958,2786498,0.0,1.0
2022-06-29 00:00:00+00:00,147.27,147.51,144.75,146.91,2586592,139.4994752263,139.7268119144,137.1124400014,139.1584701942,2586592,0.0,1.0
2022-06-30 00:00:00+00:00,146.09,149.22,143.3,145.45,4158019,138.3817365099,141.346585817,135.7389475109,137.7755053417,4158019,0.0,1.0
2022-07-01 00:00:00+00:00,142.91,145.1,140.52,143.935,3175038,135.3695253928,137.4439726715,133.1056308739,136.3404424981,3175038,0.0,1.0
2022-07-05 00:00:00+00:00,143.07,143.17,138.5,139.9,3792500,135.5210831848,135.6158068049,131.1922137492,132.5183444297,3792500,0.0,1.0
2022-07-06 00:00:00+00:00,144.7,145.91,142.03,143.64,2708562,137.0650781914,138.2112339938,134.5359575365,136.061007819,2708562,0.0,1.0
2022-07-07 00:00:00+00:00,148.57,149.68,147.24,147.71,2742698,140.7308822868,141.7823144692,139.4710581403,139.9162591545,2742698,0.0,1.0
2022-07-08 00:00:00+00:00,149.94,150.54,145.72,147.4,1997945,142.0285958813,142.5969376015,138.0312591158,139.6226159324,1997945,0.0,1.0
2022-07-11 00:00:00+00:00,147.56,149.2592,146.26,148.18,2688810,139.7741737244,141.3837174761,138.542766664,140.3614601686,2688810,0.0,1.0
2022-07-12 00:00:00+00:00,148.05,150.18,147.4,148.46,2305781,140.2383194626,142.2559325694,139.6226159324,140.6266863047,2305781,0.0,1.0
2022-07-13 00:00:00+00:00,149.19,149.97,145.19,145.49,2306933,141.318168731,142.0570129673,137.5292239296,137.8133947897,2306933,0.0,1.0
2022-07-14 00:00:00+00:00,153.31,154.155,147.22,148.75,3794146,145.2207818765,146.0211964658,139.4521134163,140.9013848028,3794146,0.0,1.0
2022-07-15 00:00:00+00:00,157.97,158.28,153.33,153.84,3736611,149.6349025701,149.9285457922,145.2397266005,145.7228170627,3736611,0.0,1.0
2022-07-18 00:00:00+00:00,155.25,159.39,154.37,158.84,2930140,147.0584201052,150.9799779746,146.2248522488,150.4589980644,2930140,0.0,1.0
2022-07-19 00:00:00+00:00,161.45,162.0,156.83,156.93,3581996,152.9312845474,153.4522644576,148.5550533017,148.6497769217,3581996,0.0,1.0
2022-07-20 00:00:00+00:00,163.12,163.72,158.76,159.65,3126010,154.5131690019,155.0815107222,150.3832191684,151.2262593867,3126010,0.0,1.0
2022-07-21 00:00:00+00:00,165.19,165.24,162.28,164.38,2990799,156.4739479367,156.5213097467,153.7174905937,155.7066866144,2990799,0.0,1.0
2022-07-22 00:00:00+00:00,163.27,165.66,162.31,165.66,2945016,154.655254432,156.9191489509,153.7459076797,156.9191489509,2945016,0.0,1.0
2022-07-25 00:00:00+00:00,163.04,163.15,160.27,162.95,3085832,154.4373901059,154.541586088,151.8135458309,154.3521388479,3085832,0.0,1.0
2022-07-26 00:00:00+00:00,161.78,164.265,161.255,163.55,3151315,153.2438724935,155.5977544514,152.7465734883,154.9204805681,3151315,0.0,1.0
2022-07-27 00:00:00+00:00,168.33,169.625,163.255,163.26,4672494,159.4482696058,160.6749404853,154.641045889,154.64578207,4672494,0.0,1.0
2022-07-28 00:00:00+00:00,169.67,170.95,167.3018,168.71,3880217,160.7175661143,161.9300284507,158.4743213446,159.8082193619,3880217,0.0,1.0
2022-07-29 00:00:00+00:00,171.96,172.72,167.71,168.4,4744443,162.8867370131,163.6066365254,158.8609831616,159.5145761398,4744443,0.0,1.0
2022-08-01 00:00:00+00:00,171.46,172.37,169.44,170.71,2277237,162.4131189129,163.2751038552,160.4997017882,161.7026917626,2277237,0.0,1.0
2022-08-02 00:00:00+00:00,170.77,172.53,169.61,170.28,2179638,161.7595259347,163.4266616473,160.6607319423,161.2953801965,2179638,0.0,1.0
2022-08-03 00:00:00+00:00,176.36,176.98,171.0,171.0,2766485,167.0545762947,167.6418627389,161.9773902607,161.9773902607,2766485,0.0,1.0
2022-08-04 00:00:00+00:00,176.96,177.95,175.14,176.37,2395134,167.6229180149,168.5606818532,165.8989481302,167.0640486567,2395134,0.0,1.0
2022-08-05 00:00:00+00:00,177.25,177.52,174.1,174.75,2495266,167.897616513,168.1533702871,164.9138224818,165.5295260121,2495266,0.0,1.0
2022-08-08 00:00:00+00:00,175.86,177.75,173.78,176.22,2308710,166.5809581945,168.3712346131,164.6107068977,166.9219632266,2308710,0.0,1.0
2022-08-09 00:00:00+00:00,170.37,173.89,169.035,173.41,3717659,161.3806314545,164.7149028798,160.116071127,164.2602295036,3717659,0.0,1.0
2022-08-10 00:00:00+00:00,175.08,175.3,171.22,173.72,3213637,165.8421139582,166.0505059223,162.1857822248,164.5538727257,3213637,0.0,1.0
2022-08-11 00:00:00+00:00,174.55,178.28,174.23,176.16,2710043,165.340078772,168.8732697993,165.0369631879,166.8651290546,2710043,0.0,1.0
2022-08-12 00:00:00+00:00,179.26,179.76,175.23,175.23,3198431,169.8015612757,170.2751793759,165.9841993883,165.9841993883,3198431,0.0,1.0
2022-08-15 00:00:00+00:00,179.89,180.01,177.43,178.41,2798528,170.3983200819,170.5119884259,168.068119029,168.9964105054,2798528,0.0,1.0
2022-08-16 00:00:00+00:00,179.04,179.73,176.81,179.32,3138229,169.5931693116,170.2467622898,167.4808325848,169.8583954477,3138229,0.0,1.0
2022-08-17 00:00:00+00:00,170.13,174.0227,167.1,174.0,6158621,161.1532947664,164.8406011236,158.2831690794,164.8190988618,6158621,0.0,1.0
2022-08-18 00:00:00+00:00,170.13,172.48,165.94,167.73,4513485,161.1532947664,163.3792998373,157.184375087,158.8799278856,4513485,0.0,1.0
2022-08-19 00:00:00+00:00,168.0,168.8975,167.02,168.43,3396564,159.1356816597,159.9858261495,158.2073901833,159.5429932258,3396564,0.0,1.0
2022-08-22 00:00:00+00:00,163.84,166.28,162.925,165.16,3731143,155.1951790662,157.5064353951,154.3284579429,156.4455308507,3731143,0.0,1.0
2022-08-23 00:00:00+00:00,164.41,166.29,163.48,163.48,2128370,155.7351037004,157.5159077571,154.8541740341,154.8541740341,2128370,0.0,1.0
2022-08-24 00:00:00+00:00,163.65,164.85,162.24,163.81,3253083,155.0152041881,156.1518876286,153.6796011456,155.1667619802,3253083,0.0,1.0
2022-08-25 00:00:00+00:00,167.07,167.25,164.18,164.29,2981788,158.2547519934,158.4252545094,155.5172393743,155.6214353564,2981788,0.0,1.0
2022-08-26 00:00:00+00:00,158.67,167.48,158.51,166.84,4238469,150.2979679104,158.6431188355,150.1464101183,158.0368876673,4238469,0.0,1.0
2022-08-29 00:00:00+00:00,155.19,157.85,154.17,156.82,3329458,147.7214854454,150.2534730173,146.7505729178,149.2730417395,3329458,0.76,1.0
2022-08-30 00:00:00+00:00,152.73,156.26,151.52,156.13,3670214,145.3798728789,148.7399917243,144.2281040962,148.6162479708,3670214,0.0,1.0
2022-08-31 00:00:00+00:00,151.53,153.46,150.34,153.46,3535296,144.2376228465,146.0747416486,143.1048915643,146.0747416486,3535296,0.0,1.0
2022-09-01 00:00:00+00:00,150.69,151.04,146.54,148.99,3783873,143.4380478237,143.7712040832,139.4877664616,141.8198602778,3783873,0.0,1.0
2022-09-02 00:00:00+00:00,148.63,153.25,147.85,151.66,2787475,141.4771852681,145.874847893,140.734722747,144.3613666,2787475,0.0,1.0
2022-09-06 00:00:00+00:00,148.23,150.07,146.53,148.61,2479252,141.0964352572,142.847885307,139.4782477113,141.4581477675,2479252,0.0,1.0
2022-09-07 00:00:00+00:00,150.7,151.81,148.22,149.58,2496665,143.447566574,144.504147854,141.086916507,142.3814665437,2496665,0.0,1.0
2022-09-08 00:00:00+00:00,152.13,152.84,148.848,149.58,2457650,144.8087478627,145.4845791319,141.684694024,142.3814665437,2457650,0.0,1.0
2022-09-09 00:00:00+00:00,154.18,155.2,152.49,152.49,2620343,146.7600916681,147.7310041957,145.1514228724,145.1514228724,2620343,0.0,1.0
2022-09-12 00:00:00+00:00,155.65,155.85,153.69,155.44,3866860,148.1593479578,148.3497229632,146.2936729049,147.9594542022,3866860,0.0,1.0
2022-09-13 00:00:00+00:00,148.25,152.2,147.8,151.0,4202179,141.1154727578,144.8753791146,140.6871289956,143.7331290821,4202179,0.0,1.0
2022-09-14 00:00:00+00:00,150.25,151.29,147.99,149.52,2272948,143.0192228119,144.00917284,140.8679852508,142.3243540421,2272948,0.0,1.0
2022-09-15 00:00:00+00:00,147.87,150.759,146.99,149.7,3142529,140.7537602475,143.5037272006,139.9161102237,142.495691547,3142529,0.0,1.0
2022-09-16 00:00:00+00:00,149.31,149.48,145.17,146.73,4592425,142.1244602864,142.286279041,138.1836976745,139.6686227167,4592425,0.0,1.0
2022-09-19 00:00:00+00:00,149.61,150.39,147.87,148.07,2398187,142.4100227946,143.1524853156,140.7537602475,140.9441352529,2398187,0.0,1.0
2022-09-20 00:00:00+00:00,149.78,150.51,148.26,148.7,2574358,142.5718415491,143.2667103189,141.1249915081,141.54381652,2574358,0.0,1.0
2022-09-21 00:00:00+00:00,148.44,154.0,148.34,149.96,3315562,141.2963290129,146.5887541632,141.2011415102,142.743179054,3315562,0.0,1.0
2022-09-22 00:00:00+00:00,145.34,148.33,144.2,147.99,3352268,138.3455164291,141.1916227599,137.2603788983,140.8679852508,3352268,0.0,1.0
2022-09-23 00:00:00+00:00,141.92,144.375,140.09,143.81,4839329,135.0901038367,137.426957028,133.3481725372,136.8891476378,4839329,0.0,1.0
2022-09-26 00:00:00+00:00,140.82,143.74,140.62,142.67,4502484,134.0430413069,136.8225163859,133.8526663015,135.8040101069,4502484,0.0,1.0
2022-09-27 00:00:00+00:00,141.81,143.93,139.87,142.69,2964284,134.9853975837,137.003372641,133.1387600312,135.8230476075,2964284,0.0,1.0
2022-09-28 00:00:00+00:00,144.58,145.35,139.92,140.85,3307078,137.6220914086,138.3550351794,133.1863537826,134.0715975577,3307078,0.0,1.0
2022-09-29 00:00:00+00:00,141.99,142.9,139.92,142.9,3453546,135.1567350886,136.0229413632,133.1863537826,136.0229413632,3453546,0.0,1.0
2022-09-30 00:00:00+00:00,139.34,142.63,139.24,140.86,3525972,132.6342662669,135.7659351059,132.5390787642,134.081116308,3525972,0.0,1.0
2022-10-03 00:00:00+00:00,145.13,146.61,139.845,141.28,4708438,138.1456226734,139.5543977134,133.1149631556,134.4809038194,4708438,0.0,1.0
2022-10-04 00:00:00+00:00,150.85,151.7493,148.01,148.25,4181915,143.5903478281,144.4463690399,140.8870227513,141.1154727578,4181915,0.0,1.0
2022-10-05 00:00:00+00:00,151.89,152.96,148.84,149.1,3052031,144.5802978562,145.5988041351,141.6770790237,141.9245665308,3052031,0.0,1.0
2022-10-06 00:00:00+00:00,150.97,153.62,150.72,151.33,2286462,143.7045728313,146.227041653,143.4666040746,144.047247841,2286462,0.0,1.0
2022-10-07 00:00:00+00:00,144.92,148.63,144.13,147.67,4351218,137.9457289178,141.4771852681,137.1937476464,140.5633852421,4351218,0.0,1.0
2022-10-10 00:00:00+00:00,140.9,145.48,138.91,145.14,3828747,134.1191913091,138.4787789329,132.2249600053,138.1551414237,3828747,0.0,1.0
2022-10-11 00:00:00+00:00,138.8,141.07,136.9604,139.66,4735490,132.1202537523,134.2810100637,130.3691844526,132.9388662756,4735490,0.0,1.0
2022-10-12 00:00:00+00:00,138.59,140.335,138.4,139.03,2541083,131.9203599966,133.5813819188,131.7395037415,132.3391850085,2541083,0.0,1.0
2022-10-13 00:00:00+00:00,142.75,143.94,133.48,134.7,5040507,135.8801601091,137.0128913913,127.0562786085,128.2175661415,5040507,0.0,1.0
2022-10-14 00:00:00+00:00,136.73,144.95,136.5,144.62,4970471,130.1498724464,137.9742851686,129.9309411901,137.6601664097,4970471,0.0,1.0
2022-10-17 00:00:00+00:00,139.12,141.28,137.75,140.05,5039785,132.424853761,134.4809038194,131.1207849739,133.3100975361,5039785,0.0,1.0
2022-10-18 00:00:00+00:00,141.1,145.21,139.34,144.64,3280499,134.3095663145,138.2217726756,132.6342662669,137.6792039102,3280499,0.0,1.0
2022-10-19 00:00:00+00:00,141.33,142.97,139.26,140.76,2465411,134.5284975707,136.089572615,132.5581162647,133.9859288053,2465411,0.0,1.0
2022-10-20 00:00:00+00:00,142.08,146.75,141.25,142.44,3341084,135.242403841,139.6876602172,134.4523475685,135.5850788507,3341084,0.0,1.0
2022-10-21 00:00:00+00:00,146.59,147.42,140.95,141.93,3612389,139.5353602129,140.3254164853,134.1667850604,135.0996225869,3612389,0.0,1.0
2022-10-24 00:00:00+00:00,144.53,146.88,142.38,144.98,3334525,137.5744976572,139.8114039707,135.5279663491,138.0028414194,3334525,0.0,1.0
2022-10-25 00:00:00+00:00,146.37,147.51,144.41,145.06,3644779,139.325947707,140.4110852378,137.460272654,138.0789914215,3644779,0.0,1.0
2022-10-26 00:00:00+00:00,141.38,145.65,140.54,142.77,6726543,134.5760913221,138.6405976875,133.7765162994,135.8991976096,6726543,0.0,1.0
2022-10-27 00:00:00+00:00,140.68,143.35,140.04,142.49,4666560,133.9097788031,136.4512851253,133.3005787858,135.6326726021,4666560,0.0,1.0
2022-10-28 00:00:00+00:00,144.88,145.99,141.15,141.5,3482009,137.9076539167,138.9642351967,134.3571600658,134.6903163253,3482009,0.0,1.0
2022-10-31 00:00:00+00:00,142.62,143.8832,140.605,143.81,3078341,135.7564163556,136.9588248897,133.8383881761,136.8891476378,3078341,0.0,1.0
2022-11-01 00:00:00+00:00,144.7,145.91,143.32,145.11,2322752,137.7363164118,138.8880851945,136.4227288745,138.1265851729,2322752,0.0,1.0
2022-11-02 00:00:00+00:00,141.24,147.81,141.02,145.44,3327692,134.4428288183,140.6966477459,134.2334163123,138.4407039318,3327692,0.0,1.0
2022-11-03 00:00:00+00:00,138.02,141.01,137.79,139.4001,3706415,131.3777912312,134.2238975621,131.158859975,132.691473956,3706415,0.0,1.0
2022-11-04 00:00:00+00:00,144.29,145.4,141.11,142.32,5004337,137.3460476507,138.4026289307,134.3190850648,135.4708538475,5004337,0.0,1.0
2022-11-07 00:00:00+00:00,148.93,149.19,143.88,145.81,3981597,141.7627477762,142.0102352832,136.9557788896,138.7928976918,3981597,0.0,1.0
2022-11-08 00:00:00+00:00,151.04,155.6,150.025,151.14,4968267,143.7712040832,148.1117542065,142.8050509308,143.8663915859,4968267,0.0,1.0
2022-11-09 00:00:00+00:00,148.23,150.835,147.59,149.14,3696254,141.0964352572,143.5760697027,140.4872352399,141.9626415318,3696254,0.0,1.0
2022-11-10 00:00:00+00:00,160.37,160.76,154.5,155.91,5617349,152.6521980854,153.023429346,147.0646916767,148.4068354649,5617349,0.0,1.0
2022-11-11 00:00:00+00:00,164.06,164.89,159.31,159.4,3211491,156.1646169352,156.9546732076,151.6432105568,151.7288793092,3211491,0.0,1.0
2022-11-14 00:00:00+00:00,161.26,166.81,160.85,163.12,4269694,153.4993668595,158.7822732595,153.1090980984,155.2698544098,4269694,0.0,1.0
2022-11-15 00:00:00+00:00,165.17,167.86,162.56,167.46,4158124,157.2211982152,159.7817420379,154.7368043946,159.4009920271,4158124,0.0,1.0
2022-11-16 00:00:00+00:00,161.27,162.11,160.23,161.89,3858973,153.5088856098,154.3084606325,152.5189355817,154.0990481265,3858973,0.0,1.0
2022-11-17 00:00:00+00:00,161.47,161.69,158.09,158.45,2836105,153.6992606152,153.9086731211,150.4819230238,150.8245980335,2836105,0.0,1.0
2022-11-18 00:00:00+00:00,161.85,163.88,160.97,163.56,4016639,154.0609731254,155.9932794303,153.2233231017,155.6886794217,4016639,0.0,1.0
2022-11-21 00:00:00+00:00,159.24,162.01,159.15,161.16,6276281,151.5765793049,154.2132731298,151.4909105525,153.4041793568,6276281,0.0,1.0
2022-11-22 00:00:00+00:00,168.43,168.8493,162.71,165.18,5740000,160.3243108033,160.7234320022,154.8795856487,157.2307169655,5740000,0.0,1.0
2022-11-23 00:00:00+00:00,169.2,173.3,167.7,169.345,3851895,161.0572545741,164.959942185,159.6294420336,161.1952764531,3851895,0.0,1.0
2022-11-25 00:00:00+00:00,167.09,169.5,166.98,169.04,1698649,159.0487982671,161.3428170823,158.9440920141,160.9049545698,1698649,0.0,1.0
2022-11-28 00:00:00+00:00,164.01,167.3,162.5367,164.89,3910864,156.1170231838,159.2486920228,154.7146257065,156.9546732076,3910864,0.0,1.0
2022-11-29 00:00:00+00:00,163.89,165.005,162.41,164.76,2685792,156.0027981806,157.0641388357,154.5940231406,156.8309294541,2685792,0.0,1.0
2022-11-30 00:00:00+00:00,171.91,172.19,162.695,164.555,5396300,163.6368358974,163.903360905,154.8653075233,156.6357950736,5396300,0.0,1.0
2022-12-01 00:00:00+00:00,171.48,173.21,169.7618,173.21,3222188,163.2275296358,164.8742734326,161.5920179643,164.8742734326,3222188,0.0,1.0
2022-12-02 00:00:00+00:00,168.63,168.79,165.24,167.2,3055210,161.2381108293,161.3910972358,157.996711341,159.8707948209,3055210,0.76,1.0
2022-12-05 00:00:00+00:00,167.84,168.9,166.78,167.86,2615764,160.4827404471,161.4962753903,159.4692055038,160.5018637479,2615764,0.0,1.0
2022-12-06 00:00:00+00:00,166.51,168.45,165.3,167.75,3572231,159.2110409428,161.0660011219,158.0540812434,160.3966855934,3572231,0.0,1.0
2022-12-07 00:00:00+00:00,166.01,168.48,165.01,166.29,1881647,158.7329584224,161.0946860732,157.7767933816,159.0006846338,1881647,0.0,1.0
2022-12-08 00:00:00+00:00,169.65,169.8,165.92,167.07,2836326,162.2133991709,162.356823927,158.6469035687,159.7464933656,2836326,0.0,1.0
2022-12-09 00:00:00+00:00,168.68,170.36,167.9,168.47,2514922,161.2859190813,162.8922763499,160.5401103495,161.0851244228,2514922,0.0,1.0
2022-12-12 00:00:00+00:00,172.26,172.34,167.74,169.17,2966840,164.7089899274,164.7854831306,160.387123943,161.7544399513,2966840,0.0,1.0
2022-12-13 00:00:00+00:00,175.49,179.95,173.68,178.01,4778090,167.7974030091,172.0618990911,166.0667442853,170.2069389119,4778090,0.0,1.0
2022-12-14 00:00:00+00:00,171.68,176.8505,170.11,175.87,3202492,164.1544142037,169.0982655471,162.6532350897,168.1607457246,3202492,0.0,1.0
2022-12-15 00:00:00+00:00,166.09,169.77,165.49,169.22,3984957,158.8094516257,162.3281389758,158.2357526012,161.8022482034,3984957,0.0,1.0
2022-12-16 00:00:00+00:00,166.82,167.25,164.07,165.28,7411868,159.5074521054,159.918603073,156.8779982433,158.0349579426,7411868,0.0,1.0
2022-12-19 00:00:00+00:00,165.14,167.49,163.75,167.44,2621804,157.9010948369,160.1480826828,156.5720254302,160.1002744307,2621804,0.0,1.0
2022-12-20 00:00:00+00:00,164.33,165.809,163.56,163.72,2102308,157.1266011539,158.5407692492,156.3903540725,156.543340479,2102308,0.0,1.0
2022-12-21 00:00:00+00:00,167.41,167.84,165.22,165.38,2181351,160.0715894795,160.4827404471,157.9775880402,158.1305744467,2181351,0.0,1.0
2022-12-22 00:00:00+00:00,163.75,164.83,161.06,164.83,2972024,156.5720254302,157.6046836743,153.9999414705,157.6046836743,2972024,0.0,1.0
2022-12-23 00:00:00+00:00,163.84,164.116,161.25,162.7,1498283,156.6580802839,156.9219818351,154.1816128282,155.5680521374,1498283,0.0,1.0
2022-12-27 00:00:00+00:00,162.2,163.7,161.15,163.57,1932072,155.089969617,156.5242171782,154.0859963241,156.3999157229,1932072,0.0,1.0
2022-12-28 00:00:00+00:00,160.28,163.57,160.06,161.5,1500055,153.2541327386,156.3999157229,153.0437764297,154.4206540884,1500055,0.0,1.0
2022-12-29 00:00:00+00:00,163.98,164.78,161.5,162.58,2148909,156.7919433896,157.5568754222,154.4206540884,155.4533123325,2148909,0.0,1.0
2022-12-30 00:00:00+00:00,164.03,164.16,160.76,162.36,1619445,156.8397516416,156.9640530969,153.7130919582,155.2429560235,1619445,0.0,1.0
2023-01-03 00:00:00+00:00,162.45,166.2,161.44,165.57,4475744,155.3290108772,158.9146297802,154.363284186,158.3122458044,4475744,0.0,1.0
2023-01-04 00:00:00+00:00,165.91,167.59,163.76,165.38,3477922,158.6373419183,160.2436991869,156.5815870806,158.1305744467,3477922,0.0,1.0
2023-01-05 00:00:00+00:00,159.69,165.625,159.58,164.47,4750292,152.6899953646,158.3648348817,152.5848172101,157.2604642596,4750292,0.0,1.0
2023-01-06 00:00:00+00:00,165.52,166.75,159.93,161.76,3483405,158.2644375524,159.4405205526,152.9194749744,154.669256999,3483405,0.0,1.0
2023-01-09 00:00:00+00:00,167.1,169.91,165.68,167.39,3734105,159.7751783169,162.4620020815,158.4174239589,160.0524661787,3734105,0.0,1.0
2023-01-10 00:00:00+00:00,169.22,169.75,166.5,166.5,2351912,161.8022482034,162.309015675,159.2014792924,159.2014792924,2351912,0.0,1.0
2023-01-11 00:00:00+00:00,169.79,170.13,167.31,167.72,3068956,162.3472622766,162.6723583905,159.9759729754,160.3680006422,3068956,0.0,1.0
2023-01-12 00:00:00+00:00,168.67,170.64,167.1601,170.02,2478167,161.2763574309,163.1600025613,159.8326438358,162.567180236,2478167,0.0,1.0
2023-01-13 00:00:00+00:00,168.98,169.43,166.42,167.5,1891182,161.5727685936,162.0030428619,159.1249860891,160.1576443332,1891182,0.0,1.0
2023-01-17 00:00:00+00:00,166.91,169.17,166.045,167.91,3320258,159.5935069591,161.7544399513,158.7664241988,160.5496719999,3320258,0.0,1.0
2023-01-18 00:00:00+00:00,166.0,169.38,165.9,168.53,2627740,158.723396772,161.9552346099,158.6277802679,161.1424943252,2627740,0.0,1.0
2023-01-19 00:00:00+00:00,163.13,165.64,162.1,165.56,3082471,155.9792031049,158.3791773573,154.9943531129,158.302684154,3082471,0.0,1.0
2023-01-20 00:00:00+00:00,165.17,165.24,161.045,163.82,3841850,157.9297797881,157.996711341,153.9855989949,156.6389569831,3841850,0.0,1.0
2023-01-23 00:00:00+00:00,169.66,170.25,165.62,166.54,3521865,162.2229608213,162.7870981954,158.3600540565,159.239725894,3521865,0.0,1.0
2023-01-24 00:00:00+00:00,168.86,170.03,167.36,167.91,2407052,161.4580287887,162.5767418864,160.0237812275,160.5496719999,2407052,0.0,1.0
2023-01-25 00:00:00+00:00,168.45,168.73,164.21,166.62,2739823,161.0660011219,161.3337273334,157.011861349,159.3162190973,2739823,0.0,1.0
2023-01-26 00:00:00+00:00,170.74,170.95,166.86,169.94,3539873,163.2556190654,163.4564137239,159.5456987071,162.4906870327,3539873,0.0,1.0
2023-01-27 00:00:00+00:00,170.83,172.03,168.4,169.07,2453351,163.341673919,164.489071968,161.0181928699,161.6588234472,2453351,0.0,1.0
2023-01-30 00:00:00+00:00,168.93,171.15,168.34,169.1,3135567,161.5249603415,163.6476467321,160.9608229675,161.6875083985,3135567,0.0,1.0
2023-01-31 00:00:00+00:00,171.47,171.52,168.9,168.93,2549376,163.9536195451,164.0014277972,161.4962753903,161.5249603415,2549376,0.0,1.0
2023-02-01 00:00:00+00:00,176.59,178.51,171.225,171.33,4200290,168.849184554,170.6850214323,163.7193591101,163.8197564394,4200290,0.0,1.0
2023-02-02 00:00:00+00:00,179.3,180.05,176.19,177.86,4206190,171.4403918146,172.1575155952,168.4667185377,170.0635141558,4206190,0.0,1.0
2023-02-03 00:00:00+00:00,178.82,181.34,176.22,176.93,4005655,170.981432595,173.3909684978,168.4954034889,169.1742806679,4005655,0.0,1.0
2023-02-06 00:00:00+00:00,177.55,179.32,176.37,176.99,2916609,169.7671029932,171.4595151154,168.638828245,169.2316505703,2916609,0.0,1.0
2023-02-07 00:00:00+00:00,181.02,181.86,177.01,178.39,3531556,173.0849956847,173.888174319,169.2507738711,170.5702816274,3531556,0.0,1.0
2023-02-08 00:00:00+00:00,177.76,179.87,177.4,178.65,3520553,169.9678976517,171.9854058878,169.6236782371,170.8188845381,3520553,0.0,1.0
2023-02-09 00:00:00+00:00,178.52,182.23,177.32,180.75,2983446,170.6945830827,174.2419553841,169.5471850338,172.8268311237,2983446,0.0,1.0
2023-02-10 00:00:00+00:00,178.46,179.02,176.07,177.14,4003276,170.6372131803,171.1726656031,168.3519787328,169.3750753265,4003276,0.0,1.0
2023-02-13 00:00:00+00:00,180.45,181.63,178.95,179.38,3975486,172.5399816115,173.6682563596,171.1057340503,171.5168850178,3975486,0.0,1.0
2023-02-14 00:00:00+00:00,182.54,183.13,178.53,179.07,3784226,174.5383665467,175.1025039208,170.7041447332,171.2204738552,3784226,0.0,1.0
2023-02-15 00:00:00+00:00,196.18,196.41,191.1,194.34,7456301,187.5804577032,187.8003756626,182.723139296,185.8211140281,7456301,0.0,1.0
2023-02-16 00:00:00+00:00,193.83,196.3,192.96,194.555,4481698,185.3334698573,187.6951975081,184.5016062718,186.0266895119,4481698,0.0,1.0
2023-02-17 00:00:00+00:00,192.71,194.4,191.36,193.09,3774940,184.2625650116,185.8784839306,182.9717422066,184.6259077271,3774940,0.0,1.0
2023-02-21 00:00:00+00:00,185.97,191.18,185.48,190.63,5117898,177.8180126367,182.7996324992,177.3494917667,182.2737417268,5117898,0.0,1.0
2023-02-22 00:00:00+00:00,183.76,186.68,182.84,186.68,3512568,175.7048878965,178.4968898156,174.825216059,178.4968898156,3512568,0.0,1.0
2023-02-23 00:00:00+00:00,185.65,187.465,183.14,186.98,4501918,177.5120398236,179.2474793727,175.1120655712,178.7837393279,4501918,0.0,1.0
2023-02-24 00:00:00+00:00,182.94,183.87,181.61,183.28,3178011,175.7431344981,176.6365482681,174.4654567411,176.0697588872,3178011,0.86,1.0
2023-02-27 00:00:00+00:00,183.17,185.9,182.94,185.58,2769497,175.9640862907,178.5866880027,175.7431344981,178.279276813,2769497,0.0,1.0
2023-02-28 00:00:00+00:00,183.47,185.53,182.54,183.0,2644560,176.252284281,178.2312438146,175.358870511,175.8007740962,2644560,0.0,1.0
2023-03-01 00:00:00+00:00,183.11,185.53,182.7,183.86,2600268,175.9064466927,178.2312438146,175.5125761059,176.6269416685,2600268,0.0,1.0
2023-03-02 00:00:00+00:00,184.59,185.31,179.215,181.13,2906429,177.3282234449,178.0198986217,172.1646761183,174.0043399565,2906429,0.0,1.0
2023-03-03 00:00:00+00:00,186.25,186.8,182.94,185.31,3112385,178.9229189914,179.4512819736,175.7431344981,178.0198986217,3112385,0.0,1.0
2023-03-06 00:00:00+00:00,185.52,188.56,185.09,187.32,2664333,178.2216372149,181.1420435168,177.8085534288,179.9508251568,2664333,0.0,1.0
2023-03-07 00:00:00+00:00,184.94,186.9383,183.51,186.03,2415116,177.6644544336,179.5841412472,176.2907106798,178.7115737985,2415116,0.0,1.0
2023-03-08 00:00:00+00:00,186.57,187.45,185.2,186.37,3182100,179.230330181,180.0757109526,177.9142260252,179.0381981875,3182100,0.0,1.0
2023-03-09 00:00:00+00:00,183.56,188.7903,183.38,187.12,3627273,176.3387436781,181.3632835074,176.165824884,179.7586931633,3627273,0.0,1.0
2023-03-10 00:00:00+00:00,181.76,185.58,181.33,184.73,3166910,174.6095557362,178.279276813,174.1964719501,177.4627158404,3166910,0.0,1.0
2023-03-13 00:00:00+00:00,182.55,184.3,179.08,179.81,3310234,175.3684771107,177.0496320543,172.0349870227,172.7362687991,3310234,0.0,1.0
2023-03-14 00:00:00+00:00,186.58,188.03,183.99,184.96,4147371,179.2399367807,180.6328937339,176.7518274643,177.683667633,4147371,0.0,1.0
2023-03-15 00:00:00+00:00,182.93,185.51,180.34,184.23,3972728,175.7335278985,178.2120306152,173.245418582,176.9823858565,3972728,0.0,1.0
2023-03-16 00:00:00+00:00,186.63,187.31,180.2,181.32,3753764,179.2879697791,179.9412185572,173.1109261865,174.1868653504,3753764,0.0,1.0
2023-03-17 00:00:00+00:00,185.85,188.8,184.465,187.39,6216495,178.5386550043,181.3726019091,177.2081409489,180.0180713546,6216495,0.0,1.0
2023-03-20 00:00:00+00:00,187.06,187.52,185.12,186.1,3033511,179.7010535652,180.1429571504,177.8373732278,178.7788199962,3033511,0.0,1.0
2023-03-21 00:00:00+00:00,188.4,189.92,186.0,188.88,3232914,180.988337922,182.448541073,178.6827539994,181.4494547065,3232914,0.0,1.0
2023-03-22 00:00:00+00:00,186.61,191.5,186.35,188.86,3480989,179.2687565797,183.966383822,179.0189849881,181.4302415072,3480989,0.0,1.0
2023-03-23 00:00:00+00:00,189.45,192.54,187.06,188.97,2658351,181.9970308881,184.9654701884,179.7010535652,181.5359141036,2658351,0.0,1.0
2023-03-24 00:00:00+00:00,187.69,189.42,185.66,189.1,3401812,180.3062693449,181.9682110891,178.3561296104,181.6607998994,3401812,0.0,1.0
2023-03-27 00:00:00+00:00,184.77,188.36,184.48,188.25,3617000,177.5011422391,180.9499115233,177.2225508485,180.8442389268,3617000,0.0,1.0
2023-03-28 00:00:00+00:00,183.6,184.0,180.875,183.72,3319876,176.3771700769,176.7614340639,173.7593716648,176.492449273,3319876,0.0,1.0
2023-03-29 00:00:00+00:00,189.17,190.3,186.035,186.04,3577774,181.7280460972,182.8135918607,178.7163770983,178.7211803981,3577774,0.0,1.0
2023-03-30 00:00:00+00:00,194.21,195.13,190.89,191.25,4367130,186.5697723346,187.4535795049,183.3803812417,183.7262188301,4367130,0.0,1.0
2023-03-31 00:00:00+00:00,197.22,197.56,193.25,193.52,3873013,189.4613588375,189.7879832265,185.6475387655,185.9069169568,3873013,0.0,1.0
2023-04-03 00:00:00+00:00,196.28,197.75,194.26,196.47,3120753,188.5583384678,189.9705086204,186.617805333,188.7408638617,3120753,0.0,1.0
2023-04-04 00:00:00+00:00,195.12,198.245,193.79,197.56,3633602,187.4439729052,190.4460353044,186.1662951481,189.7879832265,3633602,0.0,1.0
2023-04-05 00:00:00+00:00,190.37,194.51,189.05,194.36,3368265,182.8808380584,186.8579703249,181.612766901,186.7138713297,3368265,0.0,1.0
2023-04-06 00:00:00+00:00,187.17,189.8,186.8201,188.74,3010170,179.8067261617,182.3332618768,179.470591239,181.314962311,3010170,0.0,1.0
2023-04-10 00:00:00+00:00,190.95,191.21,185.01,185.63,2573572,183.4380208397,183.6877924313,177.7317006314,178.3273098114,2573572,0.0,1.0
2023-04-11 00:00:00+00:00,189.41,192.315,189.07,192.22,2336387,181.9586044894,184.7493216957,181.6319801004,184.6580589988,2336387,0.0,1.0
2023-04-12 00:00:00+00:00,187.29,190.8,187.02,190.8,2085418,179.9220053578,183.2939218446,179.6626271665,183.2939218446,2085418,0.0,1.0
2023-04-13 00:00:00+00:00,189.1,190.099,186.16,187.3,2020153,181.6607998994,182.6204992072,178.8364595943,179.9316119575,2020153,0.0,1.0
2023-04-14 00:00:00+00:00,188.51,191.08,187.04,188.13,1988171,181.0940105185,183.5629066355,179.6818403659,180.7289597307,1988171,0.0,1.0
2023-04-17 00:00:00+00:00,189.57,189.95,187.4,187.66,2095036,182.1123100843,182.477360872,180.0276779543,180.2774495459,2095036,0.0,1.0
2023-04-18 00:00:00+00:00,189.58,191.96,188.44,190.92,1745549,182.1219166839,184.4082874071,181.0267643207,183.4092010407,1745549,0.0,1.0
2023-04-19 00:00:00+00:00,188.55,189.03,187.56,187.89,1556048,181.1324369172,181.5935537017,180.1813835491,180.4984013385,1556048,0.0,1.0
2023-04-20 00:00:00+00:00,186.98,189.22,183.1,185.57,2807939,179.6242007678,181.7760790955,175.896840093,178.2696702133,2807939,0.0,1.0
2023-04-21 00:00:00+00:00,186.34,187.2,184.64,186.25,1975284,179.0093783885,179.8355459607,177.3762564433,178.9229189914,1975284,0.0,1.0
2023-04-24 00:00:00+00:00,186.96,187.385,185.71,186.34,1782021,179.6049875685,180.0132680547,178.4041626088,179.0093783885,1782021,0.0,1.0
2023-04-25 00:00:00+00:00,181.14,186.135,181.07,186.13,3474806,174.0139465562,178.8124430951,173.9467003585,178.8076397952,3474806,0.0,1.0
2023-04-26 00:00:00+00:00,180.66,182.48,179.65,181.23,3549784,173.5528297717,175.301230913,172.5825632043,174.1004059533,3549784,0.0,1.0
2023-04-27 00:00:00+00:00,177.62,178.94,171.235,178.53,4621687,170.6324234698,171.9004946272,164.4986095758,171.5066240404,4621687,0.0,1.0
2023-04-28 00:00:00+00:00,179.88,180.16,176.27,177.64,3167814,172.8035149969,173.0724997878,169.3355325133,170.6516366691,3167814,0.0,1.0
2023-05-01 00:00:00+00:00,182.54,182.93,180.66,180.745,2573031,175.358870511,175.7335278985,173.5528297717,173.634485869,2573031,0.0,1.0
2023-05-02 00:00:00+00:00,183.66,186.59,182.12,184.44,2710801,176.4348096749,179.2495433804,174.9553933246,177.1841244498,2710801,0.0,1.0
2023-05-03 00:00:00+00:00,182.39,185.18,182.03,183.42,1788627,175.2147715159,177.8950128259,174.8689339275,176.2042512827,1788627,0.0,1.0
2023-05-04 00:00:00+00:00,181.33,182.97,180.48,182.0,2308181,174.1964719501,175.7719542972,173.3799109775,174.8401141285,2308181,0.0,1.0
2023-05-05 00:00:00+00:00,183.39,184.445,179.57,180.64,3672165,176.1754314836,177.1889277496,172.5057104069,173.5336165723,3672165,0.0,1.0
2023-05-08 00:00:00+00:00,184.52,184.57,181.73,183.79,1936886,177.2609772472,177.3090102456,174.5807359372,176.5596954707,1936886,0.0,1.0
2023-05-09 00:00:00+00:00,179.62,182.72,178.03,182.53,3353256,172.5537434053,175.5317893052,171.0262940565,175.3492639114,3353256,0.0,1.0
2023-05-10 00:00:00+00:00,181.43,182.29,179.5601,181.68,3364890,174.2925379469,175.1187055191,172.4961998732,174.5327029388,3364890,0.0,1.0
2023-05-11 00:00:00+00:00,180.59,181.09,178.74,180.4,2252619,173.485583574,173.9659135578,171.7083626336,173.3030581801,2252619,0.0,1.0
2023-05-12 00:00:00+00:00,180.57,182.5474,178.87,181.435,1376889,173.4663703746,175.3659793948,171.8332484294,174.2973412467,1376889,0.0,1.0
2023-05-15 00:00:00+00:00,184.37,184.72,180.275,180.68,2435842,177.116878252,177.4531092407,173.1829756841,173.5720429711,2435842,0.0,1.0
2023-05-16 00:00:00+00:00,182.79,185.26,182.59,183.63,2179522,175.599035503,177.9718656233,175.4069035094,176.4059898759,2179522,0.0,1.0
2023-05-17 00:00:00+00:00,187.96,188.6,183.145,184.0,3002245,180.5656475362,181.1804699155,175.9400697915,176.7614340639,3002245,0.0,1.0
2023-05-18 00:00:00+00:00,192.26,193.04,188.37,188.95,2958954,184.6964853975,185.4458001723,180.959518123,181.5167009043,2958954,0.0,1.0
2023-05-19 00:00:00+00:00,190.53,192.6487,189.76,192.26,3598411,183.0345436533,185.0698939269,182.2948354781,184.6964853975,3598411,0.0,1.0
2023-05-22 00:00:00+00:00,191.31,193.14,189.46,189.91,2494427,183.7838584281,185.5418661691,182.0066374878,182.4389344733,2494427,0.0,1.0
2023-05-23 00:00:00+00:00,187.92,190.355,187.4,189.79,3864704,180.5272211375,182.8664281589,180.0276779543,182.3236552772,3864704,0.0,1.0
2023-05-24 00:00:00+00:00,173.2,176.63,169.7401,171.502,10367075,166.3863064124,169.6813701017,163.06251899,164.7551057871,10367075,0.0,1.0
2023-05-25 00:00:00+00:00,172.39,173.94,161.925,166.51,9915942,165.6081718385,167.0971947885,155.5548652761,159.9594912282,9915942,0.0,1.0
2023-05-26 00:00:00+00:00,176.53,177.735,171.49,172.48,6794834,169.5853041049,170.7428993661,164.7435778675,165.6946312356,6794834,0.0,1.0
2023-05-30 00:00:00+00:00,177.43,178.84,174.81,178.12,5233093,170.4498980759,171.8044286304,167.9329689604,171.1127534536,5233093,0.0,1.0
2023-05-31 00:00:00+00:00,177.69,179.995,175.24,175.4,7008219,170.6996696675,172.9139908932,168.3460527466,168.4997583414,7008219,0.0,1.0
2023-06-01 00:00:00+00:00,180.41,182.195,176.7,179.22,4361699,173.3126647798,175.0274428222,169.7486162995,172.1694794182,4361699,0.0,1.0
2023-06-02 00:00:00+00:00,179.8,182.0,178.92,181.31,3697378,173.5528297717,175.6763905364,172.7034054658,175.0103646602,3697378,0.86,1.0
2023-06-05 00:00:00+00:00,174.98,179.34,173.66,179.17,3311586,168.9003011872,173.1088125209,167.6261647283,172.9447191891,3311586,0.0,1.0
2023-06-06 00:00:00+00:00,177.97,178.72,173.405,173.61,3487425,171.7864133174,172.5103544872,167.3800247306,167.5779019837,3487425,0.0,1.0
2023-06-07 00:00:00+00:00,180.37,183.36,178.27,178.27,4061083,174.1030250607,176.989137191,172.0759897853,172.0759897853,4061083,0.0,1.0
2023-06-08 00:00:00+00:00,181.68,182.54,180.05,181.44,2995541,175.3675089706,176.1976281787,173.794143495,175.1358477963,2995541,0.0,1.0
2023-06-09 00:00:00+00:00,182.46,185.89,181.08,183.27,3164496,176.1204077872,179.4312320704,174.7883560348,176.9022642506,3164496,0.0,1.0
2023-06-12 00:00:00+00:00,187.66,187.96,184.71,185.0,3845829,181.1397332311,181.429309699,178.2922312966,178.5721552156,3845829,0.0,1.0
2023-06-13 00:00:00+00:00,192.37,192.54,189.42,190.34,3827942,185.6860837774,185.8501771093,182.8385818429,183.7266163445,3827942,0.0,1.0
2023-06-14 00:00:00+00:00,191.89,193.97,189.86,192.62,4061354,185.2227614288,187.2304916063,183.2632939959,185.9273975007,4061354,0.0,1.0
2023-06-15 00:00:00+00:00,189.66,191.885,189.45,190.78,3414401,183.0702430172,185.2179351543,182.8675394897,184.1513284975,3414401,0.0,1.0
2023-06-16 00:00:00+00:00,188.36,191.78,187.75,190.49,6889182,181.8154116563,185.1165833905,181.2266061715,183.8714045785,6889182,0.0,1.0
2023-06-20 00:00:00+00:00,187.98,189.0,185.4,187.0,2663550,181.4486147969,182.4331747878,178.9582571728,180.5026650017,2663550,0.0,1.0
2023-06-21 00:00:00+00:00,185.44,188.26,185.34,186.02,2941329,178.9968673685,181.718886167,178.9003418792,179.5567152065,2941329,0.0,1.0
2023-06-22 00:00:00+00:00,186.11,186.37,183.23,183.88,2973175,179.6435881469,179.8945544191,176.8636540549,177.4910697354,2973175,0.0,1.0
2023-06-23 00:00:00+00:00,185.94,187.09,183.52,184.1,5021497,179.4794948151,180.5895379421,177.1435779739,177.7034258118,5021497,0.0,1.0
2023-06-26 00:00:00+00:00,186.34,191.63,186.24,187.85,3365884,179.8655967723,184.9717951566,179.769071283,181.3231316608,3365884,0.0,1.0
2023-06-27 00:00:00+00:00,192.38,192.605,185.01,186.8,3631856,185.6957363264,185.9129186773,178.5818077645,180.3096140231,3631856,0.0,1.0
2023-06-28 00:00:00+00:00,189.9,191.16,188.57,190.02,3836418,183.3019041916,184.5181253568,182.0181151838,183.4177347787,3836418,0.0,1.0
2023-06-29 00:00:00+00:00,189.48,190.66,187.6,189.8,2623204,182.8964971365,184.0354979103,181.0818179375,183.2053787023,2623204,0.0,1.0
2023-06-30 00:00:00+00:00,194.81,195.36,190.8,190.98,3376025,188.0413057165,188.5721959077,184.1706335953,184.3443794761,3376025,0.0,1.0
2023-07-03 00:00:00+00:00,194.33,196.5499,192.27,193.9801,1367583,187.5779833678,189.7207527049,185.5895582881,187.2402406807,1367583,0.0,1.0
2023-07-05 00:00:00+00:00,190.0,193.35,189.87,192.43,2693832,183.3984296809,186.6320335726,183.2729465448,185.743999071,2693832,0.0,1.0
2023-07-06 00:00:00+00:00,186.19,187.96,184.5712,186.9,4204057,179.7208085383,181.429309699,178.1582539175,180.4061395124,4204057,0.0,1.0
2023-07-07 00:00:00+00:00,185.31,188.655,185.18,186.39,3038079,178.8713842324,182.1001618497,178.7459010963,179.9138595169,3038079,0.0,1.0
2023-07-10 00:00:00+00:00,191.05,191.09,185.77,185.91,3367245,184.4119473186,184.4505575143,179.3154014833,179.4505371683,3367245,0.0,1.0
2023-07-11 00:00:00+00:00,190.95,192.07,187.5981,191.66,2039664,184.3154218293,185.3965073095,181.0799839533,185.0007528034,2039664,0.0,1.0
2023-07-12 00:00:00+00:00,195.4,196.05,192.575,193.41,3117722,188.6108061034,189.2382217839,185.8839610305,186.6899488662,3117722,0.0,1.0
2023-07-13 00:00:00+00:00,198.27,199.44,195.91,196.68,3364559,191.3810876465,192.5104358713,189.1030860989,189.8463323665,3364559,0.0,1.0
2023-07-14 00:00:00+00:00,191.97,197.385,191.49,197.375,2922341,185.2999818202,190.5268370661,184.8366594715,190.5171845172,2922341,0.0,1.0
2023-07-17 00:00:00+00:00,196.36,197.535,190.58,190.58,3249112,189.5374508007,190.6716253001,183.9582775189,183.9582775189,3249112,0.0,1.0
2023-07-18 00:00:00+00:00,196.5,196.81,193.82,194.92,3022883,189.6725864858,189.9718155026,187.0857033724,188.1474837547,3022883,0.0,1.0
2023-07-19 00:00:00+00:00,195.79,197.395,195.305,197.17,2040830,188.9872555117,190.536489615,188.5191068886,190.3193072641,2040830,0.0,1.0
2023-07-20 00:00:00+00:00,189.65,193.95,188.76,191.88,3991032,183.0605904683,187.2111865085,182.2015136135,185.2131088798,3991032,0.0,1.0
2023-07-21 00:00:00+00:00,191.96,193.65,190.72,191.65,8748388,185.2903292713,186.9216100405,184.0934132039,184.9911002544,8748388,0.0,1.0
2023-07-24 00:00:00+00:00,192.37,193.605,190.65,191.44,2663777,185.6860837774,186.8781735704,184.0258453614,184.7883967269,2663777,0.0,1.0
2023-07-25 00:00:00+00:00,195.66,196.9534,193.0,193.0,2958713,188.8617723756,190.1102330543,186.2941943601,186.2941943601,2958713,0.0,1.0
2023-07-26 00:00:00+00:00,191.52,192.82,189.9,191.93,2793214,184.8656171183,186.1204484793,183.3019041916,185.2613716245,2793214,0.0,1.0
2023-07-27 00:00:00+00:00,195.45,198.1,193.69,195.5,3474590,188.659068848,191.2169943147,186.9602202363,188.7073315927,3474590,0.0,1.0
2023-07-28 00:00:00+00:00,198.42,199.015,196.19,198.29,2884188,191.5258758804,192.1002025418,189.3733574689,191.4003927443,2884188,0.0,1.0
2023-07-31 00:00:00+00:00,199.53,200.1,198.43,198.735,2091850,192.5973088117,193.1475041008,191.5355284294,191.8299311717,2091850,0.0,1.0
2023-08-01 00:00:00+00:00,199.48,200.0663,196.82,197.64,1900331,192.5490460671,193.1149750109,189.9814680515,190.7729770638,1900331,0.0,1.0
2023-08-02 00:00:00+00:00,192.46,198.155,191.87,198.09,3740808,185.7729567178,191.2700833338,185.2034563309,191.2073417657,3740808,0.0,1.0
2023-08-03 00:00:00+00:00,191.49,193.235,188.935,190.68,3040641,184.8366594715,186.5210292599,182.3704332198,184.0548030082,3040641,0.0,1.0
2023-08-04 00:00:00+00:00,188.35,190.26,184.74,189.0,3632946,181.8057591073,183.6493959531,178.3211889434,182.4331747878,3632946,0.0,1.0
2023-08-07 00:00:00+00:00,190.1,191.37,188.87,190.7,2035182,183.4949551702,184.7208288844,182.3076916517,184.074108106,2035182,0.0,1.0
2023-08-08 00:00:00+00:00,186.61,187.355,183.75,187.0,2939536,180.1262155934,180.8453304887,177.3655865993,180.5026650017,2939536,0.0,1.0
2023-08-09 00:00:00+00:00,184.81,187.495,184.39,186.41,2341930,178.3887567859,180.9804661738,177.9833497308,179.9331646148,2341930,0.0,1.0
2023-08-10 00:00:00+00:00,184.71,188.95,184.14,187.05,2268088,178.2922312966,182.3849120432,177.7420360076,180.5509277464,2268088,0.0,1.0
2023-08-11 00:00:00+00:00,183.21,184.45,182.02,183.0,2859361,176.844348957,178.0412650244,175.6956956343,176.6416454295,2859361,0.0,1.0
2023-08-14 00:00:00+00:00,185.39,185.62,182.55,183.38,2057015,178.9486046239,179.1706132493,176.2072807276,177.0084422888,2057015,0.0,1.0
2023-08-15 00:00:00+00:00,181.32,184.1,181.04,182.96,1959567,175.0200172091,177.7034258118,174.7497458391,176.6030352338,1959567,0.0,1.0
2023-08-16 00:00:00+00:00,177.17,180.64,175.7708,180.39,4869115,171.014209403,174.3636438819,169.6636247566,174.1223301586,4869115,0.0,1.0
2023-08-17 00:00:00+00:00,175.49,178.27,174.63,177.74,2804245,169.3925811826,172.0759897853,168.5624619746,171.564404692,2804245,0.0,1.0
2023-08-18 00:00:00+00:00,175.75,176.495,173.415,173.9,2834631,169.6435474548,170.3626623501,167.3896772795,167.8578259027,2834631,0.0,1.0
2023-08-21 00:00:00+00:00,177.22,177.66,174.22,176.12,3345978,171.0624721476,171.4871843006,168.1667074684,170.0006917652,3345978,0.0,1.0
2023-08-22 00:00:00+00:00,176.66,179.375,175.36,178.99,4241724,170.5219294075,173.1425964422,169.2670980465,172.7709733083,4241724,0.0,1.0
2023-08-23 00:00:00+00:00,177.48,178.79,168.54,168.61,7413455,171.3134384198,172.5779223297,162.6840596759,162.7516275184,7413455,0.0,1.0
2023-08-24 00:00:00+00:00,173.69,178.25,172.95,176.77,6811262,167.6551223751,172.0566846875,166.9408337543,170.6281074457,6811262,0.0,1.0
2023-08-25 00:00:00+00:00,178.16,179.0,173.38,173.38,4538867,171.9698117471,172.7806258573,167.3558933583,167.3558933583,4538867,0.0,1.0
2023-08-28 00:00:00+00:00,180.33,181.115,179.24,180.09,2851802,174.064414865,174.8221399561,173.0122870316,173.8327536907,2851802,0.0,1.0
2023-08-29 00:00:00+00:00,182.56,183.44,178.11,178.72,3574793,176.2169332765,177.0663575824,171.9215490024,172.5103544872,3574793,0.0,1.0
2023-08-30 00:00:00+00:00,181.57,182.8975,180.4,181.68,3081125,175.2613309324,176.5427068029,174.1319827075,175.3675089706,3081125,0.0,1.0
2023-08-31 00:00:00+00:00,181.78,183.955,180.815,181.57,3362818,175.46403446,177.5634638524,174.5325634882,175.2613309324,3362818,0.0,1.0
2023-09-01 00:00:00+00:00,182.43,182.64,180.655,182.6,1879004,176.9215693485,177.1252284482,175.2001650532,177.0864362387,1879004,0.86,1.0
2023-09-05 00:00:00+00:00,181.54,183.43,180.21,181.42,2488043,176.0584426877,177.8913745853,174.7686017228,175.9420660593,2488043,0.0,1.0
2023-09-06 00:00:00+00:00,182.18,182.47,178.75,181.54,3382501,176.6791180393,176.9603615579,173.3526860771,176.0584426877,3382501,0.0,1.0
2023-09-07 00:00:00+00:00,178.46,181.41,177.65,179.94,5562174,173.0714425584,175.9323680069,172.2859003166,174.5067543089,5562174,0.0,1.0
2023-09-08 00:00:00+00:00,177.47,178.87,176.71,178.4,3182214,172.111335374,173.4690627055,171.374283394,173.0132542442,3182214,0.0,1.0
2023-09-11 00:00:00+00:00,177.65,179.91,175.29,179.54,2768329,172.2859003166,174.4776601517,169.9971599578,174.1188322141,2768329,0.0,1.0
2023-09-12 00:00:00+00:00,175.05,179.01,175.015,176.5,2862891,169.7644067009,173.6048354386,169.7304635176,171.1706242943,2862891,0.0,1.0
2023-09-13 00:00:00+00:00,176.17,177.62,175.3,175.91,2269441,170.8505885661,172.2568061595,170.0068580101,170.5984392046,2269441,0.0,1.0
2023-09-14 00:00:00+00:00,179.67,180.11,175.22,178.25,4135409,174.2449068949,174.6716211991,169.9292735912,172.8677834587,4135409,0.0,1.0
2023-09-15 00:00:00+00:00,178.14,179.58,177.21,179.41,6062468,172.7611048826,174.1576244236,171.8591860124,173.9927575334,6062468,0.0,1.0
2023-09-18 00:00:00+00:00,179.72,180.36,177.4,178.1,2733677,174.2933971568,174.9140725083,172.0434490074,172.7223126731,2733677,0.0,1.0
2023-09-19 00:00:00+00:00,178.75,179.02,176.16,178.2,2852833,173.3526860771,173.614533491,170.8408905138,172.8192931968,2852833,0.0,1.0
2023-09-20 00:00:00+00:00,176.08,179.075,175.93,179.02,2606571,170.7633060948,173.667872779,170.6178353093,173.614533491,2606571,0.0,1.0
2023-09-21 00:00:00+00:00,173.84,176.66,173.4,175.4,3781332,168.5909423644,171.3257931322,168.1642280602,170.1038385338,3781332,0.0,1.0
2023-09-22 00:00:00+00:00,175.48,176.88,174.26,174.99,2839684,170.1814229527,171.5391502843,168.9982605639,169.7062183867,2839684,0.0,1.0
2023-09-25 00:00:00+00:00,175.43,175.5785,173.06,174.5,2300429,170.1329326909,170.2769487686,167.8344942797,169.2310138207,2300429,0.0,1.0
2023-09-26 00:00:00+00:00,172.34,173.8199,171.42,173.36,3492540,167.1362345092,168.5714492791,166.2440136914,168.1254358507,3492540,0.0,1.0
2023-09-27 00:00:00+00:00,172.81,174.0,170.65,172.99,2558263,167.5920429705,168.7461112023,165.497263659,167.7666079131,2558263,0.0,1.0
2023-09-28 00:00:00+00:00,176.41,177.62,172.26,172.81,2781796,171.083341823,172.2568061595,167.0586500903,167.5920429705,2781796,0.0,1.0
2023-09-29 00:00:00+00:00,175.09,178.61,174.13,177.96,2703852,169.8031989104,173.2169133439,168.8721858831,172.58653994,2703852,0.0,1.0
2023-10-02 00:00:00+00:00,175.43,176.9,173.69,175.0,1727172,170.1329326909,171.558546389,168.4454715789,169.7159164391,1727172,0.0,1.0
2023-10-03 00:00:00+00:00,171.51,176.4,170.49,173.78,3226098,166.3312961627,171.0736437706,165.3420948211,168.5327540502,3226098,0.0,1.0
2023-10-04 00:00:00+00:00,173.79,174.33,171.72,172.59,3600963,168.5424521026,169.0661469304,166.5349552624,167.3786858184,3600963,0.0,1.0
2023-10-05 00:00:00+00:00,172.1,174.63,169.89,174.22,2874595,166.9034812524,169.3570885015,164.7602116791,168.9594683544,2874595,0.0,1.0
2023-10-06 00:00:00+00:00,173.97,175.29,170.13,170.71,3259876,168.7170170452,169.9971599578,164.9929649359,165.5554519732,3259876,0.0,1.0
2023-10-09 00:00:00+00:00,173.32,173.9,171.43,172.85,2571944,168.0866436413,168.6491306786,166.2537117437,167.63083518,2571944,0.0,1.0
2023-10-10 00:00:00+00:00,175.97,177.57,173.47,173.65,2924545,170.6566275188,172.2083158976,168.2321144268,168.4066793694,2924545,0.0,1.0
2023-10-11 00:00:00+00:00,174.92,177.1,173.235,176.37,2466860,169.6383320201,171.7525074364,168.0042101961,171.0445496135,2466860,0.0,1.0
2023-10-12 00:00:00+00:00,173.6,176.18,172.22,175.89,3568967,168.3581891076,170.8602866185,167.0198578808,170.5790430998,3568967,0.0,1.0
2023-10-13 00:00:00+00:00,171.07,174.26,170.03,173.98,2699879,165.9045818585,168.9982605639,164.8959844122,168.7267150976,2699879,0.0,1.0
2023-10-16 00:00:00+00:00,172.75,173.745,171.5,171.73,3258985,167.5338546563,168.4988108669,166.3215981103,166.5446533148,3258985,0.0,1.0
2023-10-17 00:00:00+00:00,172.61,174.07,168.73,169.49,2283646,167.3980819231,168.8139975689,163.6352376044,164.3722895843,2283646,0.0,1.0
2023-10-18 00:00:00+00:00,171.27,172.96,169.715,170.7,3827229,166.0985429058,167.737513756,164.5904957626,165.5457539209,3827229,0.0,1.0
2023-10-19 00:00:00+00:00,168.72,173.03,168.225,172.93,3692841,163.625539552,167.8054001226,163.1454859598,167.7084195989,3692841,0.0,1.0
2023-10-20 00:00:00+00:00,166.52,169.74,166.01,169.02,3399633,161.4919680311,164.6147408935,160.9973673603,163.9164811231,3399633,0.0,1.0
2023-10-23 00:00:00+00:00,163.87,167.31,163.65,165.55,2757538,158.9219841536,162.2581141681,158.7086270015,160.5512569514,2757538,0.0,1.0
2023-10-24 00:00:00+00:00,164.93,165.32,162.85,164.62,3206341,159.9499777046,160.3282017469,157.932782812,159.6493380812,3206341,0.0,1.0
2023-10-25 00:00:00+00:00,159.79,162.49,159.0,162.01,5142266,154.9651787874,157.5836529268,154.1990326504,157.1181464131,5142266,0.0,1.0
2023-10-26 00:00:00+00:00,160.86,163.93,160.68,160.87,3528299,156.0028703908,158.9801724678,155.8283054482,156.0125684432,3528299,0.0,1.0
2023-10-27 00:00:00+00:00,160.57,162.49,159.8,161.475,2168924,155.7216268721,157.5836529268,154.9748768398,156.5993006114,2168924,0.0,1.0
2023-10-30 00:00:00+00:00,155.88,158.02,154.99,157.615,4421382,151.1732403116,153.2486235183,150.3101136508,152.8558523974,4421382,0.0,1.0
2023-10-31 00:00:00+00:00,157.33,157.64,155.16,156.5,3151764,152.5794579049,152.8800975283,150.4749805411,151.7745195584,3151764,0.0,1.0
2023-11-01 00:00:00+00:00,159.24,159.48,155.47,157.46,4324798,154.4317859072,154.664539164,150.7756201645,152.7055325857,4324798,0.0,1.0
2023-11-02 00:00:00+00:00,164.34,165.265,161.64,161.98,4105940,159.3777926149,160.2748624589,156.7593184755,157.089052256,4105940,0.0,1.0
2023-11-03 00:00:00+00:00,167.92,169.46,165.94,165.94,3536680,162.8496953626,164.3431954272,160.9294809937,160.9294809937,3536680,0.0,1.0
2023-11-06 00:00:00+00:00,167.57,168.92,165.59,167.44,2132958,162.5102635297,163.8195005994,160.5900491608,162.3841888489,2132958,0.0,1.0
2023-11-07 00:00:00+00:00,168.11,169.12,166.94,167.57,2537434,163.0339583576,164.0134616467,161.8992862305,162.5102635297,2537434,0.0,1.0
2023-11-08 00:00:00+00:00,168.91,170.5,167.5,168.5,3452021,163.809802547,165.3517928735,162.4423771631,163.4121823999,3452021,0.0,1.0
2023-11-09 00:00:00+00:00,167.13,170.62,166.78,169.48,4211531,162.0835492255,165.4681695019,161.7441173926,164.362591532,4211531,0.0,1.0
2023-11-10 00:00:00+00:00,172.32,172.99,167.835,169.28,3671019,167.1168384045,167.7666079131,162.7672619175,164.1686304846,3671019,0.0,1.0
2023-11-13 00:00:00+00:00,170.66,171.62,170.095,170.75,3243689,165.5069617114,166.4379747387,164.9590217526,165.5942441827,3243689,0.0,1.0
2023-11-14 00:00:00+00:00,177.58,178.3,175.0,175.2,3448660,172.21801395,172.9162737205,169.7159164391,169.9098774864,3448660,0.0,1.0
2023-11-15 00:00:00+00:00,180.78,182.81,179.02,179.02,3293229,175.3213907078,177.2900953385,173.614533491,173.614533491,3293229,0.0,1.0
2023-11-16 00:00:00+00:00,179.84,181.66,178.66,181.33,3286917,174.4097737852,176.1748193161,173.2654036058,175.854783588,3286917,0.0,1.0
2023-11-17 00:00:00+00:00,183.05,183.565,181.115,182.92,3279033,177.5228485953,178.0222982922,175.6462754621,177.3967739145,3279033,0.0,1.0
2023-11-20 00:00:00+00:00,183.82,184.7,182.09,182.09,3811769,178.2695986276,179.123027236,176.591835568,176.591835568,3811769,0.0,1.0
2023-11-21 00:00:00+00:00,181.25,184.53,179.44,183.06,4966113,175.7771991691,178.9581603457,174.0218516905,177.5325466477,4966113,0.0,1.0
2023-11-22 00:00:00+00:00,182.67,184.21,181.44,182.16,2926365,177.1543226053,178.64782267,175.961462164,176.6597219345,2926365,0.0,1.0
2023-11-24 00:00:00+00:00,183.05,183.39,182.205,182.8,1127071,177.5228485953,177.8525823758,176.7033631702,177.2803972861,1127071,0.0,1.0
2023-11-27 00:00:00+00:00,183.77,184.38,181.43,182.66,3520213,178.2211083658,178.8126895602,175.9517641117,177.1446245529,3520213,0.0,1.0
2023-11-28 00:00:00+00:00,183.2,184.55,182.34,183.26,2797886,177.6683193808,178.9775564505,176.8342868772,177.726507695,2797886,0.0,1.0
2023-11-29 00:00:00+00:00,182.71,186.925,182.53,185.29,2986577,177.1931148148,181.2808438879,177.0185498722,179.6952123257,2986577,0.0,1.0
2023-11-30 00:00:00+00:00,183.38,183.5,180.76,183.18,4356178,177.8428843234,177.9592609518,175.301994603,177.6489232761,4356178,0.0,1.0
2023-12-01 00:00:00+00:00,183.07,183.88,181.16,182.77,2332946,178.3762772037,179.1655096532,176.5152476005,178.083968889,2332946,0.86,1.0
2023-12-04 00:00:00+00:00,183.26,183.45,180.18,181.66,3316148,178.5614058029,178.7465344022,175.5603737726,177.0024281249,3316148,0.0,1.0
2023-12-05 00:00:00+00:00,180.63,182.51,179.63,182.22,2619996,175.9988362446,177.8306350163,175.0244751958,177.5480703122,2619996,0.0,1.0
2023-12-06 00:00:00+00:00,180.57,183.0,180.17,183.0,2762243,175.9403745817,178.3080719302,175.5506301621,178.3080719302,2762243,0.0,1.0
2023-12-07 00:00:00+00:00,184.38,185.72,180.37,182.34,3717624,179.6526901776,180.958333983,175.7455023719,177.664993638,3717624,0.0,1.0
2023-12-08 00:00:00+00:00,184.88,186.3,183.81,184.25,2404187,180.139870702,181.5234633913,179.0973043798,179.5260232412,2404187,0.0,1.0
2023-12-11 00:00:00+00:00,190.13,191.11,185.555,185.65,3499464,185.2552662082,186.210140036,180.7975644099,180.8901287096,3499464,0.0,1.0
2023-12-12 00:00:00+00:00,190.97,191.05,189.12,190.22,2841269,186.0737294892,186.1516783731,184.2711615489,185.3429587026,2841269,0.0,1.0
2023-12-13 00:00:00+00:00,192.27,193.09,189.66,191.41,3701842,187.3403988526,188.1393749126,184.7973165153,186.5024483506,3701842,0.0,1.0
2023-12-14 00:00:00+00:00,200.17,200.26,193.19,193.19,5610167,195.0378511381,195.1255436325,188.2368110175,188.2368110175,5610167,0.0,1.0
2023-12-15 00:00:00+00:00,200.88,202.77,200.02,201.94,7057483,195.7296474828,197.571189865,194.8916969808,196.7624701945,7057483,0.0,1.0
2023-12-18 00:00:00+00:00,196.59,201.185,196.16,200.88,3421059,191.5496385834,196.0268276027,191.1306633324,195.7296474828,3421059,0.0,1.0
2023-12-19 00:00:00+00:00,197.83,198.1,196.69,197.7,1981590,192.7578462839,193.0209237671,191.6470746883,192.6311793476,1981590,0.0,1.0
2023-12-20 00:00:00+00:00,192.19,197.44,192.06,196.26,3629555,187.2624499687,192.3778454749,187.1357830324,191.2280994373,3629555,0.0,1.0
2023-12-21 00:00:00+00:00,196.28,197.695,194.77,195.12,2636834,191.2475866583,192.6263075424,189.7763014746,190.1173278417,2636834,0.0,1.0
2023-12-22 00:00:00+00:00,197.1,199.46,195.73,197.62,1754596,192.0465627183,194.3460547935,190.7116880815,192.5532304637,1754596,0.0,1.0
2023-12-26 00:00:00+00:00,198.87,199.83,197.535,197.9,1607098,193.7711817747,194.7065683815,192.4704097745,192.8260515574,1607098,0.0,1.0
2023-12-27 00:00:00+00:00,199.35,199.44,198.08,198.87,1597095,194.2388750781,194.3265675725,193.0014365461,193.7711817747,1597095,0.0,1.0
2023-12-28 00:00:00+00:00,200.24,201.47,199.71,200.86,2215518,195.1060564115,196.3045205016,194.5896450557,195.7101602618,2215518,0.0,1.0
2023-12-29 00:00:00+00:00,198.56,200.7,198.09,199.87,1542376,193.4691298496,195.554262494,193.0111801566,194.7455428235,1542376,0.0,1.0
2024-01-02 00:00:00+00:00,193.58,197.07,191.51,197.07,3279249,188.6168118265,192.0173318869,186.5998844555,192.0173318869,3279249,0.0,1.0
2024-01-03 00:00:00+00:00,188.96,191.095,188.66,190.77,3297410,184.1152637811,186.1955246203,183.8229554665,185.8788572794,3297410,0.0,1.0
2024-01-04 00:00:00+00:00,186.07,186.89,181.805,181.9,3923546,181.2993603501,182.0983364101,177.1437104769,177.2362747766,3923546,0.0,1.0
2024-01-05 00:00:00+00:00,186.55,187.8,184.98,186.01,2488877,181.7670536535,182.9850049645,180.2373068069,181.2408986871,2488877,0.0,1.0
2024-01-08 00:00:00+00:00,188.98,189.46,187.01,187.18,2587199,184.1347510021,184.6024443055,182.2152597359,182.3809011142,2587199,0.0,1.0
2024-01-09 00:00:00+00:00,189.76,190.32,185.89,186.5,3151706,184.8947526201,185.4403948075,181.1239753613,181.718335601,3151706,0.0,1.0
2024-01-10 00:00:00+00:00,188.37,189.62,186.35,189.62,3080387,183.5403907623,184.7583420733,181.5721814437,184.7583420733,3080387,0.0,1.0
2024-01-11 00:00:00+00:00,188.96,189.76,185.73,188.38,2918888,184.1152637811,184.8947526201,180.9680775935,183.5501343728,2918888,0.0,1.0
2024-01-12 00:00:00+00:00,188.36,190.31,187.415,189.69,1597134,183.5306471518,185.430651197,182.6098759607,184.8265473467,1597134,0.0,1.0
2024-01-16 00:00:00+00:00,187.79,189.37,185.45,187.85,2373528,182.975261354,184.5147518111,180.6952564998,183.0337230169,2373528,0.0,1.0
2024-01-17 00:00:00+00:00,185.43,185.7,182.88,184.68,2926027,180.6757692788,180.938846762,178.1911486044,179.9449984922,2926027,0.0,1.0
2024-01-18 00:00:00+00:00,189.97,190.72,187.71,190.36,3585619,185.0993684404,185.830139227,182.8973124701,185.4793692494,3585619,0.0,1.0
2024-01-19 00:00:00+00:00,194.77,195.58,191.04,191.36,4408441,189.7763014746,190.5655339241,186.1419347626,186.4537302982,4408441,0.0,1.0
2024-01-22 00:00:00+00:00,197.31,197.85,195.47,196.0,2861798,192.2511785386,192.7773335049,190.4583542088,190.9747655646,2861798,0.0,1.0
2024-01-23 00:00:00+00:00,201.37,201.57,196.89,197.14,3801095,196.2070843967,196.4019566064,191.8419468981,192.0855371603,3801095,0.0,1.0
2024-01-24 00:00:00+00:00,198.3,202.44,197.86,200.86,4255292,193.2157959769,197.2496507189,192.7870771154,195.7101602618,4255292,0.0,1.0
2024-01-25 00:00:00+00:00,197.3,202.045,196.96,202.0,2957271,192.2414349281,196.8647781046,191.9101521715,196.8209318574,2957271,0.0,1.0
2024-01-26 00:00:00+00:00,193.93,196.47,193.4707,195.32,2379139,188.9578381936,191.4327152576,188.5103141639,190.3122000515,2379139,0.0,1.0
2024-01-29 00:00:00+00:00,197.2,197.32,192.915,193.94,2766529,192.1439988232,192.2609221491,187.9688617291,188.9675818041,2766529,0.0,1.0
2024-01-30 00:00:00+00:00,194.74,196.56,193.35,195.83,2479828,189.7470706432,191.520407752,188.3927087853,190.8091241863,2479828,0.0,1.0
2024-01-31 00:00:00+00:00,192.36,196.09,191.62,193.51,4125682,187.428091347,191.062458059,186.7070641709,188.5486065531,4125682,0.0,1.0
2024-02-01 00:00:00+00:00,192.01,192.63,188.74,192.11,2628009,187.0870649799,187.6911688302,183.9009043504,187.1845010848,2628009,0.0,1.0
2024-02-02 00:00:00+00:00,192.1,192.88,189.74,190.33,2948446,187.1747574743,187.9347590924,184.8752653992,185.4501384179,2948446,0.0,1.0
2024-02-05 00:00:00+00:00,192.56,193.99,190.415,192.79,3193872,187.6229635568,189.0162998566,185.5329591071,187.847066598,3193872,0.0,1.0
2024-02-06 00:00:00+00:00,189.71,193.21,189.02,193.21,3991755,184.8460345677,188.2562982385,184.173725444,188.2562982385,3991755,0.0,1.0
2024-02-07 00:00:00+00:00,191.97,192.82,188.88,191.83,3500533,187.048090538,187.8762974295,184.0373148972,186.9116799911,3500533,0.0,1.0
2024-02-08 00:00:00+00:00,194.06,195.17,191.905,192.97,2594515,189.08450513,190.1660458941,186.9847570698,188.0224515868,2594515,0.0,1.0
2024-02-09 00:00:00+00:00,195.02,195.53,193.45,195.53,3183967,190.0198917368,190.5168158717,188.4901448902,190.5168158717,3183967,0.0,1.0
2024-02-12 00:00:00+00:00,194.05,195.679,192.605,194.68,6264933,189.0747615195,190.661995668,187.666809804,189.6886089802,6264933,0.0,1.0
2024-02-13 00:00:00+00:00,184.69,188.95,183.01,188.16,6800197,179.9547421027,184.1055201706,178.3178155407,183.3357749421,6800197,0.0,1.0
2024-02-14 00:00:00+00:00,186.32,187.08,184.75,185.91,3780847,181.5429506123,182.2834650093,180.0132037656,181.1434625823,3780847,0.0,1.0
2024-02-15 00:00:00+00:00,187.54,189.33,186.69,187.78,2811237,182.7316710918,184.4757773691,181.9034642003,182.9655177435,2811237,0.0,1.0
2024-02-16 00:00:00+00:00,188.24,190.52,186.06,187.59,4353324,183.413723826,185.6352670172,181.2896167396,182.7803891442,4353324,0.0,1.0
2024-02-20 00:00:00+00:00,189.4,189.51,186.02,187.25,4600510,184.5439826426,184.6511623579,181.2506422976,182.4491063876,4600510,0.0,1.0
2024-02-21 00:00:00+00:00,193.72,194.29,190.1675,190.26,5557212,188.7532223734,189.3086081712,185.2918047475,185.3819331445,5557212,0.0,1.0
2024-02-22 00:00:00+00:00,191.91,197.34,189.035,197.14,5780443,186.989628875,192.28040937,184.1883408598,192.0855371603,5780443,0.0,1.0
2024-02-23 00:00:00+00:00,190.11,193.06,189.87,193.06,3720452,185.2357789872,188.1101440812,185.0019323355,188.1101440812,3720452,0.0,1.0
2024-02-26 00:00:00+00:00,189.01,191.49,188.88,191.28,2827059,184.1639818335,186.5803972346,184.0373148972,186.3757814143,2827059,0.0,1.0
2024-02-27 00:00:00+00:00,189.07,190.365,187.99,189.8,1886102,184.2224434965,185.4842410547,183.1701335638,184.9337270621,1886102,0.0,1.0
2024-02-28 00:00:00+00:00,187.76,188.65,186.22,187.2,1774834,182.9460305225,183.813211856,181.4455145074,182.4003883352,1774834,0.0,1.0
2024-02-29 00:00:00+00:00,191.82,192.29,188.7553,190.13,3119254,186.9019363807,187.3598860736,183.9158120744,185.2552662082,3119254,0.0,1.0
2024-03-01 00:00:00+00:00,196.16,197.22,191.62,192.55,2934748,191.1306633324,192.1634860442,186.7070641709,187.6132199463,2934748,0.0,1.0
2024-03-04 00:00:00+00:00,194.66,196.225,193.7,195.83,3150660,190.5655339241,192.0976158135,189.6257265032,191.7109242185,3150660,0.92,1.0
2024-03-05 00:00:00+00:00,189.8,195.05,188.89,193.29,3328464,185.8077588555,190.9473306889,184.9168997376,189.2243504171,3328464,0.0,1.0
2024-03-06 00:00:00+00:00,191.7,194.0,190.39,191.37,3905461,187.6677943761,189.9194163222,186.3853488329,187.3447355752,3905461,0.0,1.0
2024-03-07 00:00:00+00:00,198.24,199.385,193.68,193.68,4275258,194.0702324315,195.1911485743,189.6061471819,189.6061471819,4275258,0.0,1.0
2024-03-08 00:00:00+00:00,195.94,199.67,195.575,199.0,3752627,191.8186104854,195.4701539024,191.4612878723,194.8142466398,3752627,0.0,1.0
2024-03-11 00:00:00+00:00,198.21,198.49,194.6,194.6,3110692,194.0408634496,194.3149739474,190.5067959603,190.5067959603,3110692,0.0,1.0
2024-03-12 00:00:00+00:00,199.2,199.6,196.525,199.3,3787140,195.0100398525,195.4016262779,192.3913056326,195.1079364589,3787140,0.0,1.0
2024-03-13 00:00:00+00:00,198.6,199.825,197.42,198.45,3568613,194.4226602144,195.6218936422,193.2674802594,194.2758153049,3568613,0.0,1.0
2024-03-14 00:00:00+00:00,194.43,199.895,193.535,199.06,4341465,190.3403717295,195.6904212666,189.4641971027,194.8729846036,4341465,0.0,1.0
2024-03-15 00:00:00+00:00,195.2,195.92,188.75,188.75,10198232,191.0941755984,191.7990311642,184.7798444888,184.7798444888,10198232,0.0,1.0
2024-03-18 00:00:00+00:00,191.22,198.29,191.12,197.21,2846715,187.1978906656,194.1191807347,187.0999940593,193.0618973861,2846715,0.0,1.0
2024-03-19 00:00:00+00:00,190.54,191.08,188.1,190.33,2226816,186.5321937425,187.0608354168,184.1435165475,186.3266108691,2226816,0.0,1.0
2024-03-20 00:00:00+00:00,194.32,194.75,189.95,190.46,2594336,190.2326854625,190.6536408699,185.954603765,186.4538764574,2594336,0.0,1.0
2024-03-21 00:00:00+00:00,195.15,198.67,194.3,196.63,3109230,191.0452272953,194.4911878388,190.2131061413,192.4940970693,3109230,0.0,1.0
2024-03-22 00:00:00+00:00,193.51,195.62,192.55,195.29,2104330,189.4397229511,191.5053413451,188.4999155301,191.1822825442,2104330,0.0,1.0
2024-03-25 00:00:00+00:00,190.63,192.11,190.43,190.81,1768709,186.6203006882,188.0691704622,186.4245074755,186.7965145796,1768709,0.0,1.0
2024-03-26 00:00:00+00:00,188.96,191.93,188.76,190.63,2711470,184.9854273621,187.8929565707,184.7896341494,186.6203006882,2711470,0.0,1.0
2024-03-27 00:00:00+00:00,193.33,193.4,189.3805,190.68,2410432,189.2635090597,189.3320366841,185.3970825918,186.6692489913,2410432,0.0,1.0
2024-03-28 00:00:00+00:00,197.79,198.57,193.93,194.04,3119793,193.6296977029,194.3932912325,189.8508886978,189.9585749648,3119793,0.0,1.0
2024-04-01 00:00:00+00:00,196.62,199.69,196.175,197.4,2032284,192.4843074086,195.4897332236,192.0486675104,193.2479009382,2032284,0.0,1.0
2024-04-02 00:00:00+00:00,194.88,195.58,192.74,195.22,2495393,190.7809064581,191.4661827026,188.6859190822,191.1137549197,2495393,0.0,1.0
2024-04-03 00:00:00+00:00,195.36,196.67,192.65,193.0,1927920,191.2508101686,192.5332557118,188.5978121365,188.9404502587,1927920,0.0,1.0
2024-04-04 00:00:00+00:00,191.95,198.7,191.33,198.35,2891000,187.912535892,194.5205568207,187.3055769326,194.1779186985,2891000,0.0,1.0
2024-04-05 00:00:00+00:00,194.76,195.66,191.17,192.63,2084600,190.6634305305,191.5444999877,187.1489423625,188.5782328152,2084600,0.0,1.0
2024-04-08 00:00:00+00:00,196.69,196.98,194.03,194.63,2449334,192.5528350331,192.8367351915,189.9487853041,190.5361649422,2449334,0.0,1.0
2024-04-09 00:00:00+00:00,204.12,204.2,197.915,198.51,4501661,199.826552885,199.9048701701,193.7520684609,194.3345532687,4501661,0.0,1.0
2024-04-10 00:00:00+00:00,196.33,200.75,195.395,200.38,4517809,192.2004072502,196.527437251,191.2850739808,196.1652198075,4517809,0.0,1.0
2024-04-11 00:00:00+00:00,198.64,199.09,194.24,197.96,3427271,194.4618188569,194.9023535855,190.1543681775,193.7961219337,3427271,0.0,1.0
2024-04-12 00:00:00+00:00,192.27,196.66,192.08,195.03,3337216,188.2258050323,192.5234660512,188.0398014803,190.9277513676,3337216,0.0,1.0
2024-04-15 00:00:00+00:00,190.29,195.8799,189.23,194.95,2561468,186.2874522266,191.759774625,185.2497481992,190.8494340826,2561468,0.0,1.0
2024-04-16 00:00:00+00:00,191.23,194.04,190.47,192.75,2268041,187.2076803263,189.9585749648,186.463666118,188.6957087428,2268041,0.0,1.0
2024-04-17 00:00:00+00:00,189.43,192.83,189.2,192.42,2763309,185.4455414119,188.7740260279,185.2203792173,188.3726499419,2763309,0.0,1.0
2024-04-18 00:00:00+00:00,187.58,190.2,186.6,188.32,2748869,183.6344541944,186.1993452809,182.6750674522,184.3588890814,2748869,0.0,1.0
2024-04-19 00:00:00+00:00,183.36,187.93,182.57,187.09,4081783,179.5032174064,183.9770923167,178.7298342162,183.1547608233,4081783,0.0,1.0
2024-04-22 00:00:00+00:00,186.31,188.31,183.19,184.44,3557814,182.3911672938,184.3490994208,179.3367931756,180.560500755,3557814,0.0,1.0
2024-04-23 00:00:00+00:00,189.93,190.86,186.43,187.0,4177822,185.9350244437,186.8454628828,182.5086432214,183.0666538776,4177822,0.0,1.0
2024-04-24 00:00:00+00:00,196.5,201.675,195.03,200.03,6527523,192.366831481,197.4329808597,190.9277513676,195.8225816852,6527523,0.0,1.0
2024-04-25 00:00:00+00:00,197.94,199.1,195.1,197.86,3301535,193.7765426125,194.9121432462,190.9962789921,193.6982253274,3301535,0.0,1.0
2024-04-26 00:00:00+00:00,201.97,202.6,196.97,197.06,3136261,197.7217758484,198.3385244685,192.8269455309,192.9150524766,3136261,0.0,1.0
2024-04-29 00:00:00+00:00,203.9,203.98,200.64,200.81,2289166,199.611180351,199.6894976361,196.419750984,196.5861752148,2289166,0.0,1.0
2024-04-30 00:00:00+00:00,200.61,204.2,200.5,203.63,2668476,196.3903820021,199.9048701701,196.2826957351,199.3468595139,2668476,0.0,1.0
2024-05-01 00:00:00+00:00,193.89,199.52,193.85,197.06,3554680,189.8117300552,195.3233089928,189.7725714127,192.9150524766,3554680,0.0,1.0
2024-05-02 00:00:00+00:00,196.49,197.32,191.5928,196.1,2728145,192.3570418204,193.1695836531,187.5628492141,191.9752450556,2728145,0.0,1.0
2024-05-03 00:00:00+00:00,199.63,201.8257,199.04,199.04,2372862,195.4309952598,197.5805110455,194.8534052823,194.8534052823,2372862,0.0,1.0
2024-05-06 00:00:00+00:00,203.32,203.43,199.995,200.17,2168862,199.0433800342,199.1510663012,195.788317873,195.9596369341,2168862,0.0,1.0
2024-05-07 00:00:00+00:00,203.57,205.77,203.53,204.5,3276926,199.2881215501,201.4418468898,199.2489629075,200.1985599891,3276926,0.0,1.0
2024-05-08 00:00:00+00:00,204.86,205.0,201.81,202.39,2464298,200.550987772,200.6880430209,197.5651412783,198.1329415951,2464298,0.0,1.0
2024-05-09 00:00:00+00:00,204.79,205.46,203.7,204.48,2941808,200.4824601476,201.1383674101,199.4153871383,200.1789806679,2941808,0.0,1.0
2024-05-10 00:00:00+00:00,207.19,207.76,205.24,205.95,2617014,202.8319787,203.3899893562,200.9229948761,201.6180607812,2617014,0.0,1.0
2024-05-13 00:00:00+00:00,208.38,209.75,208.05,208.83,2314836,203.9969483156,205.3381318226,203.6738895146,204.4374830442,2314836,0.0,1.0
2024-05-14 00:00:00+00:00,211.94,212.42,206.71,209.0,2683484,207.4820675017,207.9519712122,202.3620749895,204.603907275,2683484,0.0,1.0
2024-05-15 00:00:00+00:00,215.75,215.9,212.71,214.43,3802895,211.2119282037,211.3587731132,208.2358713706,209.9196929999,3802895,0.0,1.0
2024-05-16 00:00:00+00:00,214.12,216.0,213.66,216.0,2820225,209.6162135202,211.4566697196,209.165889131,211.4566697196,2820225,0.0,1.0
2024-05-17 00:00:00+00:00,214.08,215.63,212.97,214.51,2373820,209.5770548776,211.0944522761,208.4904025471,209.9980102849,2373820,0.0,1.0
2024-05-20 00:00:00+00:00,217.48,218.7,213.94,214.96,2647913,212.9055394936,214.0998780911,209.4399996287,210.4385450135,2647913,0.0,1.0
2024-05-21 00:00:00+00:00,216.64,217.08,214.55,215.2,3428805,212.0832080002,212.5139530682,210.0371689275,210.6734968688,3428805,0.0,1.0
2024-05-22 00:00:00+00:00,240.16,240.37,224.75,227.79,9445843,235.1084898141,235.3140726875,220.0226227754,222.9986796084,9445843,0.0,1.0
2024-05-23 00:00:00+00:00,234.56,241.88,231.995,240.88,5578442,229.6262798585,236.7923114434,227.1152319055,235.8133453799,5578442,0.0,1.0
2024-05-24 00:00:00+00:00,232.51,238.32,232.2,236.33,4544312,227.6193994282,233.3071922573,227.3159199486,231.3590497909,4544312,0.0,1.0
2024-05-28 00:00:00+00:00,233.44,234.29,230.44,230.44,2673787,228.5298378673,229.3619590213,225.5929396768,225.5929396768,2673787,0.0,1.0
2024-05-29 00:00:00+00:00,228.15,231.625,227.83,229.74,3002067,223.3511073913,226.753014462,223.037838251,224.9076634323,3002067,0.0,1.0
2024-05-30 00:00:00+00:00,230.0,230.685,228.01,228.68,2885148,225.1621946088,225.8327863623,223.2140521424,223.869959405,2885148,0.0,1.0
2024-05-31 00:00:00+00:00,234.49,234.73,227.65,230.1,6460149,229.557752234,229.7927040893,222.8616243596,225.2600912152,6460149,0.0,1.0
2024-06-03 00:00:00+00:00,232.21,236.29,228.51,235.09,3087769,227.3257096092,231.3198911483,223.7035351742,230.1451318721,3087769,0.0,1.0
2024-06-04 00:00:00+00:00,230.63,232.18,228.95,231.86,2616049,226.6795920073,228.2030424153,225.0283683392,227.8885236214,2616049,0.92,1.0
2024-06-05 00:00:00+00:00,235.68,235.97,231.22,232.0,4016735,231.6430917239,231.9281243808,227.2594860336,228.0261255937,4016735,0.0,1.0
2024-06-06 00:00:00+00:00,237.41,238.38,233.285,234.52,2756978,233.3434589535,234.2968440476,229.2891151256,230.5029610959,2756978,0.0,1.0
2024-06-07 00:00:00+00:00,234.77,237.61,233.27,236.05,2208155,230.7486789036,233.5400331997,229.2743720571,232.0067540793,2208155,0.0,1.0
2024-06-10 00:00:00+00:00,235.37,235.98,231.19,232.29,2765658,231.3384016422,231.9379530932,227.2299998966,228.3111582507,2765658,0.0,1.0
2024-06-11 00:00:00+00:00,236.3,236.51,233.13,233.65,3098615,232.2524718871,232.4588748456,229.1367700848,229.6478631249,3098615,0.0,1.0
2024-06-12 00:00:00+00:00,238.44,240.58,236.44,239.03,2514965,234.3558163214,236.4591607558,232.3900738594,234.9357103477,2514965,0.0,1.0
2024-06-13 00:00:00+00:00,234.03,236.25,232.49,232.55,2673838,230.0213541927,232.2033283255,228.5077324969,228.5667047708,2673838,0.0,1.0
2024-06-14 00:00:00+00:00,231.19,232.57,229.45,230.1,2252494,227.2299998966,228.5863621954,225.5198039547,226.1586702548,2252494,0.0,1.0
2024-06-17 00:00:00+00:00,232.39,232.5,227.94,230.54,2414979,228.4094453738,228.5175612093,224.0356683959,226.5911335965,2414979,0.0,1.0
2024-06-18 00:00:00+00:00,235.38,236.43,231.28,231.74,2457388,231.3482303546,232.3802451471,227.3184583074,227.7705790737,2457388,0.0,1.0
2024-06-20 00:00:00+00:00,229.51,232.67,228.805,232.43,4562318,225.5787762285,228.6846493185,224.8858520107,228.4487602231,4562318,0.0,1.0
2024-06-21 00:00:00+00:00,231.05,231.88,229.07,231.535,7366423,227.0923979243,227.908181046,225.1463128869,227.5690904713,7366423,0.0,1.0
2024-06-24 00:00:00+00:00,228.46,231.94,228.1,231.05,2413626,224.546761436,227.9671533199,224.1929277928,227.0923979243,2413626,0.0,1.0
2024-06-25 00:00:00+00:00,230.34,231.08,225.84,231.08,2015750,226.3945593503,227.1218840612,221.9716388107,227.1218840612,2015750,0.0,1.0
2024-06-26 00:00:00+00:00,227.84,229.99,226.57,229.32,2510576,223.9373812728,226.0505544194,222.6891348094,225.3920306946,2510576,0.0,1.0
2024-06-27 00:00:00+00:00,226.68,228.44,225.98,227.0,2159085,222.7972506448,224.5271040114,222.1092407831,223.1117694387,2159085,0.0,1.0
2024-06-28 00:00:00+00:00,228.26,232.065,226.86,228.15,3634130,224.3501871898,228.0900122238,222.9741674664,224.2420713544,3634130,0.0,1.0
2024-07-01 00:00:00+00:00,225.18,226.95,223.92,226.7,2307800,221.3229437983,223.0626258772,220.0845260472,222.8169080694,2307800,0.0,1.0
2024-07-02 00:00:00+00:00,228.24,228.37,224.56,224.56,2417892,224.3305297652,224.4583030252,220.7135636351,220.7135636351,2417892,0.0,1.0
2024-07-03 00:00:00+00:00,230.02,230.99,227.04,228.67,1425672,226.0800405564,227.0334256504,223.151084288,224.7531643945,1425672,0.0,1.0
2024-07-05 00:00:00+00:00,230.89,231.505,228.37,231.42,2251928,226.9351385273,227.5396043344,224.4583030252,227.4560602798,2251928,0.0,1.0
2024-07-08 00:00:00+00:00,233.34,233.75,231.67,232.18,1729502,229.3431730433,229.746150248,227.7017780875,228.2030424153,1729502,0.0,1.0
2024-07-09 00:00:00+00:00,232.01,234.26,230.91,233.76,1315573,228.0359543061,230.2474145758,226.9547959519,229.7559789603,1315573,0.0,1.0
2024-07-10 00:00:00+00:00,238.33,239.09,233.1,234.46,4037562,234.247700486,234.9946826216,229.1072839479,230.443988822,4037562,0.0,1.0
2024-07-11 00:00:00+00:00,233.74,239.1999,233.67,238.76,3104524,229.7363215357,235.1027001699,229.6675205495,234.6703351154,3104524,0.0,1.0
2024-07-12 00:00:00+00:00,238.56,242.16,236.15,238.35,3105747,234.4737608692,238.0120973008,232.1050412024,234.2673579106,3105747,0.0,1.0
2024-07-15 00:00:00+00:00,237.72,239.77,236.1,237.14,2057260,233.6481490351,235.6630350587,232.0558976409,233.0780837211,2057260,0.0,1.0
2024-07-16 00:00:00+00:00,243.33,243.83,237.645,239.01,1964664,239.1620566411,239.6534922566,233.5744336928,234.9160529231,1964664,0.0,1.0
2024-07-17 00:00:00+00:00,235.61,244.14,235.41,240.48,4448188,231.5742907377,239.9581823382,231.3777164915,236.3608736327,4448188,0.0,1.0
2024-07-18 00:00:00+00:00,238.99,241.1,236.29,236.48,3688460,234.8963954985,236.9702537959,232.2426431748,232.4293887087,3688460,0.0,1.0
2024-07-19 00:00:00+00:00,231.22,240.3,230.74,240.3,2894851,227.2594860336,236.1839568111,226.7877078427,236.1839568111,2894851,0.0,1.0
2024-07-22 00:00:00+00:00,240.04,240.26,233.32,237.12,2827273,235.928410291,236.1446419619,229.3235156187,233.0584262965,2827273,0.0,1.0
2024-07-23 00:00:00+00:00,230.32,236.92,229.03,234.1,3876208,226.3749019257,232.8618520503,225.1069980377,230.0901551789,3876208,0.0,1.0
2024-07-24 00:00:00+00:00,224.62,230.96,223.74,230.63,4589596,220.7725359089,227.0039395135,219.9076092256,226.6795920073,4589596,0.0,1.0
2024-07-25 00:00:00+00:00,220.92,227.61,217.25,221.51,5114615,217.1359123542,223.7113208896,213.5287749364,217.7158063805,5114615,0.0,1.0
2024-07-26 00:00:00+00:00,226.43,227.25,222.97,225.3,4296172,222.551532837,223.3574872465,219.1507983777,221.440888346,4296172,0.0,1.0
2024-07-29 00:00:00+00:00,227.4,230.27,225.33,228.74,2672195,223.5049179311,226.3257583641,221.4703744829,224.8219653807,2672195,0.0,1.0
2024-07-30 00:00:00+00:00,224.58,230.18,222.9,228.85,3955556,220.7332210597,226.2372999533,219.0819973916,224.9300812161,3955556,0.0,1.0
2024-07-31 00:00:00+00:00,231.38,232.1599,226.94,229.76,4308081,227.4167454305,228.1832867036,223.0527971649,225.8244940363,4308081,0.0,1.0
2024-08-01 00:00:00+00:00,218.92,231.2,216.77,228.08,5404581,215.1701698922,227.2398286089,213.0569967455,224.1732703682,5404581,0.0,1.0
2024-08-02 00:00:00+00:00,207.96,213.07,206.71,212.48,6796683,204.3979012003,209.4203731908,203.1693121616,208.8404791645,6796683,0.0,1.0
2024-08-05 00:00:00+00:00,200.56,209.09,198.73,206.03,4879768,197.1246540909,205.5085456914,195.3259997381,202.5009597245,4879768,0.0,1.0
2024-08-06 00:00:00+00:00,204.88,208.7,201.18,201.36,4671145,201.3706578088,205.1252259113,197.7340342541,197.9109510757,4671145,0.0,1.0
2024-08-07 00:00:00+00:00,201.31,211.42,200.86,210.47,4178209,197.8618075141,207.7986356596,197.4195154602,206.8649079902,4178209,0.0,1.0
2024-08-08 00:00:00+00:00,213.64,214.14,204.27,206.19,4510126,209.9806097924,210.472045408,200.7711063579,202.6582191214,4510126,0.0,1.0
2024-08-09 00:00:00+00:00,211.31,213.73,209.16,209.95,2482181,207.6905198242,210.0690682032,205.5773466775,206.35381495,2482181,0.0,1.0
2024-08-12 00:00:00+00:00,212.08,213.4,210.0,212.15,1712145,208.4473306721,209.744720697,206.4029585116,208.5161316582,1712145,0.0,1.0
2024-08-13 00:00:00+00:00,218.01,218.6,213.2,213.25,4011066,214.275757072,214.8556510982,209.5481464508,209.5972900124,4011066,0.0,1.0
2024-08-14 00:00:00+00:00,215.32,218.11,212.8,216.92,2409608,211.6318334605,214.3740441951,209.1549979584,213.2044274302,2409608,0.0,1.0
2024-08-15 00:00:00+00:00,223.67,224.24,219.42,220.45,5197357,219.8388082395,220.3990448411,215.6616055077,216.6739628756,5197357,0.0,1.0
2024-08-16 00:00:00+00:00,223.19,223.8,221.42,223.045,2573637,219.3670300486,219.9665814995,217.6273479697,219.2245137201,2573637,0.0,1.0
2024-08-19 00:00:00+00:00,225.95,226.08,221.49,222.43,2803180,222.0797546462,222.2075279062,217.6961489559,218.620047913,2803180,0.0,1.0
2024-08-20 00:00:00+00:00,223.49,226.015,221.39,223.96,3994245,219.6618914179,222.1436412762,217.5978618328,220.1238408964,3994245,0.0,1.0
2024-08-21 00:00:00+00:00,227.5,236.86,224.81,229.52,5595070,223.6032050542,232.8028797764,220.9592814428,225.5886049408,5595070,0.0,1.0
2024-08-22 00:00:00+00:00,221.91,228.26,221.26,225.68,3708163,218.1089548729,224.3501871898,217.4700885727,221.8143794138,3708163,0.0,1.0
2024-08-23 00:00:00+00:00,228.39,229.21,224.76,225.85,3208020,224.4779604498,225.2839148592,220.9101378813,221.9814675231,3208020,0.0,1.0
2024-08-26 00:00:00+00:00,225.61,228.19,223.7875,227.84,2532438,221.7455784276,224.2813862036,219.9542956091,223.9373812728,2532438,0.0,1.0
2024-08-27 00:00:00+00:00,231.84,232.35,224.3125,225.11,3707719,227.8688661968,228.3701305246,220.4703030054,221.2541428121,3707719,0.0,1.0
2024-08-28 00:00:00+00:00,227.17,233.25,225.14,231.08,3211773,223.278857548,229.2547146325,221.283628949,227.1218840612,3211773,0.0,1.0
2024-08-29 00:00:00+00:00,230.89,235.105,229.48,229.49,2711497,226.9351385273,231.077940766,225.5492900916,225.5591188039,2711497,0.0,1.0
2024-08-30 00:00:00+00:00,234.84,236.135,231.82,234.94,2771051,230.8174798898,232.090298134,227.8492087722,230.9157670129,2771051,0.0,1.0
2024-09-03 00:00:00+00:00,218.71,230.015,217.65,228.69,4868561,215.8680084662,227.0261074818,214.8217824638,225.7183249789,4868561,0.92,1.0
2024-09-04 00:00:00+00:00,221.8,223.98,218.12,220.01,2732947,218.9178559636,221.0695283081,215.2856751253,217.1511158276,2732947,0.0,1.0
2024-09-05 00:00:00+00:00,219.06,221.62,217.72,219.48,2729960,216.2134604481,218.7401949443,214.8908728602,216.6280028264,2729960,0.0,1.0
2024-09-06 00:00:00+00:00,213.64,219.405,212.7,218.57,3437085,210.8638897568,216.5539774017,209.936104434,215.7298276734,3437085,0.0,1.0
2024-09-09 00:00:00+00:00,218.56,219.309,216.045,217.01,2450781,215.7199576168,216.4592248581,213.2376383754,214.1900988398,2450781,0.0,1.0
2024-09-10 00:00:00+00:00,218.72,219.03,214.12,217.5,2048974,215.8778785228,216.1838502782,211.3376524749,214.6737316144,2048974,0.0,1.0
2024-09-11 00:00:00+00:00,225.07,225.72,214.71,219.89,3431773,222.1453644803,222.786918161,211.9199858158,217.032675148,3431773,0.0,1.0
2024-09-12 00:00:00+00:00,221.53,223.45,218.93,223.44,2158222,218.6513644347,220.5464153069,216.085149712,220.5365452503,2158222,0.0,1.0
2024-09-13 00:00:00+00:00,225.42,226.55,223.005,223.84,2032345,222.4908164622,223.6061328609,220.107197787,220.9313475153,2032345,0.0,1.0
2024-09-16 00:00:00+00:00,223.28,224.46,220.69,222.39,2124156,220.3786243442,221.5432910261,217.8222796781,219.5001893045,2124156,0.0,1.0
2024-09-17 00:00:00+00:00,225.35,229.04,222.65,227.44,2524630,222.4217260658,226.0637769608,219.7568107768,224.4845679006,2524630,0.0,1.0
2024-09-18 00:00:00+00:00,222.64,228.87,221.96,228.87,2527316,219.7469407202,225.8959859982,219.0757768696,225.8959859982,2527316,0.0,1.0
2024-09-19 00:00:00+00:00,233.45,235.76,227.87,230.0,7157746,230.4164719328,232.6964550134,224.9089803356,227.0113023969,7157746,0.0,1.0
2024-09-20 00:00:00+00:00,226.78,232.48,224.35,231.97,5009739,223.8331441633,229.4590764401,221.4347204032,228.9557035522,5009739,0.0,1.0
2024-09-23 00:00:00+00:00,226.01,226.84,224.2,224.78,1357914,223.0731498031,223.8923645031,221.2866695538,221.8591328381,1357914,0.0,1.0
2024-09-24 00:00:00+00:00,227.33,230.8,226.82,228.64,1984834,224.3759972778,227.800906927,223.8726243898,225.6689746958,1984834,0.0,1.0
2024-09-25 00:00:00+00:00,226.64,227.5836,224.1,224.1,2042633,223.6949633706,224.6263019138,221.1879689876,221.1879689876,2042633,0.0,1.0
2024-09-26 00:00:00+00:00,232.46,233.98,224.805,232.615,3883019,229.4393363269,230.939584934,221.8838079797,229.5923222046,3883019,0.0,1.0
2024-09-27 00:00:00+00:00,232.05,235.26,231.09,234.71,2277852,229.0346640052,232.2029521821,228.0871385691,231.6600990677,2277852,0.0,1.0
2024-09-30 00:00:00+00:00,230.17,230.56,226.66,228.9,2711776,227.1790933595,227.5640255679,223.7147034838,225.925596168,2711776,0.0,1.0
2024-10-01 00:00:00+00:00,223.67,229.44,222.4,228.93,3124382,220.7635565527,226.4585792258,219.5100593612,225.9552063379,3124382,0.0,1.0
2024-10-02 00:00:00+00:00,227.73,229.9718,223.54,224.98,1857982,224.7707995428,226.9834688372,220.6352458165,222.0565339707,1857982,0.0,1.0
2024-10-03 00:00:00+00:00,226.56,228.84,224.46,224.63,2087713,223.6160029176,225.8663758283,221.5432910261,221.7110819887,2087713,0.0,1.0
2024-10-04 00:00:00+00:00,228.23,232.36,226.11,231.9,1895235,225.2643023741,229.3406357606,223.1718503694,228.8866131558,1895235,0.0,1.0
2024-10-07 00:00:00+00:00,226.51,227.3099,224.09,225.65,1564916,223.5666526344,224.3561584639,221.1780989309,222.7178277646,1564916,0.0,1.0
2024-10-08 00:00:00+00:00,229.4,230.51,224.31,226.74,2447430,226.4190989993,227.5146752848,221.3952401767,223.7936639368,2447430,0.0,1.0
2024-10-09 00:00:00+00:00,233.24,233.58,229.29,230.4,2410856,230.2092007437,230.544782669,226.3105283764,227.4061046619,2410856,0.0,1.0
2024-10-10 00:00:00+00:00,230.7,231.83,228.67,229.7,1793748,227.7022063607,228.8175227594,225.6985848656,226.7152006981,1793748,0.0,1.0
2024-10-11 00:00:00+00:00,232.86,234.0,229.32,229.32,1428915,229.8341385919,230.9593250473,226.3401385463,226.3401385463,1428915,0.0,1.0
2024-10-14 00:00:00+00:00,236.43,237.03,232.7,233.8,1770326,233.3577488074,233.9499522049,229.6762176859,230.7619239147,1770326,0.0,1.0
2024-10-15 00:00:00+00:00,225.87,236.7556,224.08,236.01,4112177,222.9349690104,233.6791178511,221.1682288743,232.9432064291,4112177,0.0,1.0
2024-10-16 00:00:00+00:00,227.49,230.34,225.96,228.85,1585728,224.5339181838,227.3468843222,223.02379952,225.8762458849,1585728,0.0,1.0
2024-10-17 00:00:00+00:00,227.34,233.56,227.17,232.52,3637854,224.3858673344,230.5250425557,224.2180763717,229.4985566666,3637854,0.0,1.0
2024-10-18 00:00:00+00:00,228.33,229.78,226.97,229.17,1763100,225.3630029404,226.7941611511,224.0206752392,226.1920876969,1763100,0.0,1.0
2024-10-21 00:00:00+00:00,225.67,226.41,222.41,226.3,2212385,222.7375678778,223.4679520682,219.5199294178,223.3593814453,2212385,0.0,1.0
2024-10-22 00:00:00+00:00,224.62,225.61,222.71,224.44,1833704,221.7012119321,222.6783475381,219.8160311166,221.5235509129,1833704,0.0,1.0
2024-10-23 00:00:00+00:00,226.85,229.51,224.01,228.08,2492028,223.9022345597,226.5276696222,221.0991384779,225.1162515247,2492028,0.0,1.0
2024-10-24 00:00:00+00:00,229.68,230.34,227.42,228.74,2376151,226.6954605849,227.3468843222,224.4648277874,225.767675262,2376151,0.0,1.0
2024-10-25 00:00:00+00:00,230.17,235.2,230.04,231.84,1733471,227.1790933595,232.1437318424,227.0507826234,228.8273928161,1733471,0.0,1.0
2024-10-28 00:00:00+00:00,230.14,231.95,228.6,229.13,3403740,227.1494831896,228.9359634389,225.6294944693,226.1526074704,3403740,0.0,1.0
2024-10-29 00:00:00+00:00,235.23,235.86,229.01,229.7,2056224,232.1733420123,232.7951555797,226.0341667909,226.7152006981,2056224,0.0,1.0
2024-10-30 00:00:00+00:00,230.12,232.99,229.88,230.78,2084447,227.1297430764,229.962449328,226.8928617174,227.7811668137,2084447,0.0,1.0
2024-10-31 00:00:00+00:00,223.11,230.2,220.83,230.16,4258086,220.2108333816,227.2087035294,217.9604604709,227.1692233029,4258086,0.0,1.0
2024-11-01 00:00:00+00:00,225.48,226.6,223.0,223.87,2922814,222.550036802,223.6554831441,220.1022627587,220.9609576852,2922814,0.0,1.0
2024-11-04 00:00:00+00:00,224.19,226.78,223.4401,225.0,1599638,221.2767994972,223.8331441633,220.5366439508,222.0762740839,1599638,0.0,1.0
2024-11-05 00:00:00+00:00,217.6,219.31,215.32,219.31,3753393,214.7724321807,216.4602118637,212.52205927,216.4602118637,3753393,0.0,1.0
2024-11-06 00:00:00+00:00,226.25,228.09,221.94,223.68,3615271,223.3100311622,225.1261215813,219.0560367564,220.7734266093,3615271,0.0,1.0
2024-11-07 00:00:00+00:00,227.77,230.27,225.72,229.63,2500936,224.8102797693,227.2777939258,222.786918161,226.6461103017,2500936,0.0,1.0
2024-11-08 00:00:00+00:00,225.8,228.12,224.76,226.56,3426964,222.865878614,225.1557317512,221.8393927249,223.6160029176,3426964,0.0,1.0
2024-11-11 00:00:00+00:00,220.47,225.01,218.42,223.85,3271768,217.6051384324,222.0861441405,215.581776824,220.9412175719,3271768,0.0,1.0
2024-11-12 00:00:00+00:00,219.55,220.85,215.9,220.49,2593982,216.6970932228,217.9802005841,213.0945225543,217.6248785456,2593982,0.0,1.0
2024-11-13 00:00:00+00:00,212.84,217.68,212.44,216.77,4609884,210.0742852268,214.8513926337,209.6794829617,213.9532174808,4609884,0.0,1.0
2024-11-14 00:00:00+00:00,212.24,215.035,211.46,213.44,3214113,209.4820818292,212.2407626561,208.7122174124,210.6664886243,3214113,0.0,1.0
2024-11-15 00:00:00+00:00,206.35,210.38,205.4,208.77,3880962,203.6686184765,207.6462512968,202.730963097,206.05717218,3880962,0.0,1.0
2024-11-18 00:00:00+00:00,209.65,209.89,206.11,206.52,3774689,206.9257371631,207.1626185221,203.4317371175,203.8364094392,3774689,0.0,1.0
2024-11-19 00:00:00+00:00,210.43,210.82,206.8,207.7,2958662,207.6956015799,208.0805337883,204.1127710247,205.001076121,2958662,0.0,1.0
2024-11-20 00:00:00+00:00,211.01,211.16,207.25,207.25,3072769,208.2680648642,208.4161157136,204.5569235728,204.5569235728,3072769,0.0,1.0
2024-11-21 00:00:00+00:00,213.96,215.01,210.05,212.29,2540586,211.1797315689,212.2160875146,207.3205394281,209.5314321123,2540586,0.0,1.0
2024-11-22 00:00:00+00:00,214.59,214.75,211.54,211.54,2695385,211.8015451363,211.9594660423,208.7911778654,208.7911778654,2695385,0.0,1.0
2024-11-25 00:00:00+00:00,223.58,225.0,216.0,217.74,7303632,220.674726043,222.0762740839,213.1932231206,214.9106129735,7303632,0.0,1.0
2024-11-26 00:00:00+00:00,219.05,233.55,216.005,232.15,6569057,216.2035903915,230.5151724991,213.1981581489,229.1333645715,6569057,0.0,1.0
2024-11-27 00:00:00+00:00,217.17,219.4,213.9,219.32,2943466,214.3480197458,216.5490423734,211.1205112291,216.4700819204,2943466,0.0,1.0
2024-11-29 00:00:00+00:00,218.05,221.7,217.5,219.19,1992604,215.2165847289,218.8191553973,214.6737316144,216.3417711842,1992604,0.0,1.0
2024-12-02 00:00:00+00:00,223.12,224.79,217.01,218.13,3240246,220.2207034382,221.8690028948,214.1900988398,215.2955451819,3240246,0.0,1.0
2024-12-03 00:00:00+00:00,221.54,223.33,219.95,221.58,2340471,218.6612344913,220.4279746274,217.0918954878,218.7007147178,2340471,0.0,1.0
2024-12-04 00:00:00+00:00,218.3,223.21,217.86,223.11,2635207,215.4633361445,220.3095339479,215.029053653,220.2108333816,2635207,0.0,1.0
2024-12-05 00:00:00+00:00,214.55,219.39,213.8555,217.23,2475089,211.7620649098,216.5391723168,211.0765894771,214.4072400855,2475089,0.0,1.0
2024-12-06 00:00:00+00:00,218.2,218.59,213.73,214.73,3189499,215.3646355783,215.7495677867,210.9527202665,211.9397259291,3189499,0.0,1.0
2024-12-09 00:00:00+00:00,219.04,223.55,215.16,215.97,2467331,217.1017655444,221.5718575943,213.2560987698,214.0589312666,2467331,0.92,1.0
2024-12-10 00:00:00+00:00,215.61,219.67,214.5,219.04,2679445,213.7021168236,217.7261908197,212.6019389576,217.1017655444,2679445,0.0,1.0
2024-12-11 00:00:00+00:00,217.12,219.04,215.559,216.03,3839345,215.1987551817,217.1017655444,213.6515681108,214.1184003404,3839345,0.0,1.0
2024-12-12 00:00:00+00:00,217.72,218.73,214.644,215.15,2995032,215.7934459201,216.794508663,212.7446647348,213.2461872575,2995032,0.0,1.0
2024-12-13 00:00:00+00:00,216.61,217.97,213.75,215.41,3067545,214.6932680541,216.0412337277,211.8585755347,213.5038865775,3067545,0.0,1.0
2024-12-16 00:00:00+00:00,216.31,217.79,213.66,214.92,3410112,214.395922685,215.8628265062,211.769371924,213.0182224745,3410112,0.0,1.0
2024-12-17 00:00:00+00:00,213.82,217.93,212.36,215.89,3240525,211.9279561208,216.0015876785,210.4808753242,213.9796391681,3240525,0.0,1.0
2024-12-18 00:00:00+00:00,207.77,218.95,207.26,215.16,4077394,205.9314911759,217.0125619337,205.4260040483,213.2560987698,4077394,0.0,1.0
2024-12-19 00:00:00+00:00,207.78,210.61,207.23,209.6,3942278,205.9414026882,208.7463606707,205.3962695114,207.7452979278,3942278,0.0,1.0
2024-12-20 00:00:00+00:00,211.78,213.3575,205.83,206.28,6604074,209.9060076105,211.4695486767,204.0086577886,204.4546758423,6604074,0.0,1.0
2024-12-23 00:00:00+00:00,214.89,215.58,211.545,211.93,2478480,212.9884879376,213.6723822867,209.6730870713,210.0546802951,2478480,0.0,1.0
2024-12-24 00:00:00+00:00,218.09,218.21,213.67,215.94,1063511,216.1601718754,216.2791100231,211.7792834363,214.0291967297,1063511,0.0,1.0
2024-12-26 00:00:00+00:00,218.06,219.07,215.39,215.39,1189273,216.1304373385,217.1315000813,213.4840635528,213.4840635528,1189273,0.0,1.0
2024-12-27 00:00:00+00:00,216.99,218.25,215.24,217.43,1926739,215.0699055218,216.3187560723,213.3353908683,215.5060120632,1926739,0.0,1.0
2024-12-30 00:00:00+00:00,212.56,214.625,211.025,214.25,2578313,210.6791055703,212.7258328615,209.1576884314,212.35415115,2578313,0.0,1.0
2024-12-31 00:00:00+00:00,212.46,214.55,211.07,214.0,1608772,210.5799904473,212.6514965192,209.2022902368,212.1063633423,1608772,0.0,1.0
2025-01-02 00:00:00+00:00,211.35,217.25,209.75,215.49,2379261,209.4798125813,215.3276048417,207.8939706124,213.5831786759,2379261,0.0,1.0
2025-01-03 00:00:00+00:00,215.37,216.11,210.395,212.76,2547489,213.4642405282,214.1976924389,208.5332631561,210.8773358164,2547489,0.0,1.0
2025-01-06 00:00:00+00:00,218.0,221.53,214.775,215.33,2490969,216.0709682646,219.5697321086,212.874505546,213.424594479,2490969,0.0,1.0
2025-01-07 00:00:00+00:00,215.87,220.28,214.3,219.79,3573300,213.9598161435,218.3307930703,212.4037087115,217.8451289674,3573300,0.0,1.0
2025-01-08 00:00:00+00:00,220.44,221.16,212.63,215.4,3096841,218.4893772672,219.2030061532,210.7484861565,213.4939750651,3096841,0.0,1.0
2025-01-10 00:00:00+00:00,212.37,219.37,211.79,217.54,4108662,210.4907868365,217.4288454505,209.9159191228,215.6150386986,4108662,0.0,1.0
2025-01-13 00:00:00+00:00,212.95,213.37,208.09,209.34,3960579,211.0656545502,211.4819380671,206.2486595697,207.4875986079,3960579,0.0,1.0
2025-01-14 00:00:00+00:00,214.65,214.83,211.54,213.16,1634673,212.7506116422,212.9290188637,209.6681313151,211.2737963087,1634673,0.0,1.0
2025-01-15 00:00:00+00:00,218.22,219.59,215.7,217.5,3302798,216.2890215354,217.6468987212,213.7913204343,215.5753926493,3302798,0.0,1.0
2025-01-16 00:00:00+00:00,215.02,218.3,212.71,218.3,3116371,213.1173375975,216.3683136338,210.8277782549,216.3683136338,3116371,0.0,1.0
2025-01-17 00:00:00+00:00,219.16,220.635,217.84,220.56,2871536,217.2207036921,218.6826517572,215.9123840677,218.6083154149,2871536,0.0,1.0
2025-01-21 00:00:00+00:00,221.45,223.65,219.16,219.23,4091227,219.4904400101,221.6709727174,217.2207036921,217.2900842782,4091227,0.0,1.0
2025-01-22 00:00:00+00:00,224.08,226.22,221.1,221.45,2883331,222.0971677465,224.2182313799,219.1435370794,219.4904400101,2883331,0.0,1.0
2025-01-23 00:00:00+00:00,228.35,228.43,221.53,221.88,2607991,226.3293835011,226.4086755995,219.5697321086,219.9166350393,2607991,0.0,1.0
2025-01-24 00:00:00+00:00,217.37,226.04,217.13,224.62,3929413,215.4465429894,224.0398241584,215.208666694,222.632389411,3929413,0.0,1.0
2025-01-27 00:00:00+00:00,215.42,220.8175,213.64,217.4,7088010,213.5137980898,218.8635368568,211.7495488993,215.4762775263,7088010,0.0,1.0
2025-01-28 00:00:00+00:00,209.52,213.905,207.9,212.81,3748857,207.6660058294,212.0122039754,206.0603408359,210.926893378,3748857,0.0,1.0
2025-01-29 00:00:00+00:00,209.91,211.87,209.01,209.54,2258503,208.0525548093,209.9952112212,207.1605187018,207.685828854,2258503,0.0,1.0
2025-01-30 00:00:00+00:00,212.4,213.065,209.1,210.23,2976438,210.5205213734,211.1796369418,207.2497223125,208.3697232031,2976438,0.0,1.0
2025-01-31 00:00:00+00:00,211.89,217.62,210.69,211.71,3486618,210.0150342458,215.694330797,208.8256527692,209.8366270243,3486618,0.0,1.0
2025-02-03 00:00:00+00:00,205.24,209.65,202.765,209.29,4483530,203.4238785625,207.7948554894,200.9707792669,207.4380410464,4483530,0.0,1.0
2025-02-04 00:00:00+00:00,206.01,208.35,204.07,204.6,4651510,204.1870650101,206.5063588896,202.2642316228,202.789541775,4651510,0.0,1.0
2025-02-05 00:00:00+00:00,209.8,210.55,204.16,205.43,4516698,207.9435281739,208.6868915969,202.3534352335,203.6121972963,4516698,0.0,1.0
2025-02-06 00:00:00+00:00,207.83,210.51,205.7485,208.73,2715143,205.9909602497,208.6472455477,203.9278789633,206.8829963572,2715143,0.0,1.0
2025-02-07 00:00:00+00:00,205.21,209.545,203.74,207.68,3194710,203.3941440256,207.6907846102,201.9371517167,205.8422875651,3194710,0.0,1.0
2025-02-10 00:00:00+00:00,204.86,207.205,202.97,206.58,2820450,203.0472410949,205.3714907306,201.1739652691,204.7520212115,2820450,0.0,1.0
2025-02-11 00:00:00+00:00,203.46,206.62,202.64,202.93,2335759,201.6596293721,204.7916672607,200.8468853631,201.1343192199,2335759,0.0,1.0
2025-02-12 00:00:00+00:00,205.13,205.4,200.8,201.01,2411505,203.3148519272,203.5824627594,199.0231670988,199.2313088572,2411505,0.0,1.0
2025-02-13 00:00:00+00:00,209.34,209.65,204.99,204.99,3134872,207.4875986079,207.7948554894,203.1760907549,203.1760907549,3134872,0.0,1.0
2025-02-14 00:00:00+00:00,214.61,215.15,210.63,211.24,3938608,212.710965593,213.2461872575,208.7661836953,209.370785946,3938608,0.0,1.0
2025-02-18 00:00:00+00:00,220.22,220.51,215.77,217.265,7400196,218.2713239965,218.5587578534,213.8607010205,215.3424721102,7400196,0.0,1.0
2025-02-19 00:00:00+00:00,241.66,242.51,224.1,230.02,9789553,239.52160638,240.3640849259,222.1169907711,227.9846060561,9789553,0.0,1.0
2025-02-20 00:00:00+00:00,243.82,247.1,242.5545,243.54,5890083,241.662493038,244.9134690743,240.4081911557,241.3849706934,5890083,0.0,1.0
2025-02-21 00:00:00+00:00,238.91,246.08,237.76,244.93,6176603,236.7959404959,243.9024948191,235.6561165807,242.7626709039,6176603,0.0,1.0
2025-02-24 00:00:00+00:00,236.99,240.64,236.18,240.28,4778259,234.8929301332,238.5106321248,234.0900976364,238.1538176818,4778259,0.0,1.0
2025-02-25 00:00:00+00:00,235.3,238.33,234.38,238.33,4136763,233.2178845535,236.2210727822,232.3060254214,236.2210727822,4136763,0.0,1.0
2025-02-26 00:00:00+00:00,233.73,236.38,231.83,235.04,2908161,231.6617771215,234.2883278825,229.7785897834,232.9601852336,2908161,0.0,1.0
2025-02-27 00:00:00+00:00,223.85,234.23,223.5,234.23,4480434,221.8692029635,232.1573527368,221.5223000328,232.1573527368,4480434,0.0,1.0
2025-02-28 00:00:00+00:00,230.06,230.12,223.05,225.99,4631189,228.0242521053,228.0837211792,221.076281979,223.9902665969,4631189,0.0,1.0
2025-03-03 00:00:00+00:00,228.53,233.825,225.67,231.84,5000149,226.5077907226,231.7559364884,223.6730982031,229.7885012957,5000149,0.0,1.0
2025-03-04 00:00:00+00:00,226.18,231.44,223.9,230.46,4742681,225.159825049,230.3961000501,222.8901088888,229.4205202971,4742681,0.99,1.0
2025-03-05 00:00:00+00:00,229.47,229.86,222.6991,227.18,3927336,228.4349856485,228.8232265707,221.6946254955,226.1553145929,3927336,0.0,1.0
2025-03-06 00:00:00+00:00,222.77,228.87,222.05,225.68,4818664,221.7652057041,227.8376919222,221.0484532325,224.662080277,4818664,0.0,1.0
2025-03-07 00:00:00+00:00,225.86,226.655,219.74,223.59,4062874,224.8412683949,225.6326825823,218.748872386,222.5815071302,4062874,0.0,1.0
2025-03-10 00:00:00+00:00,216.26,221.15,213.15,220.22,4937074,215.2845687731,220.1525126429,212.1885962914,219.2267073671,4937074,0.0,1.0
2025-03-11 00:00:00+00:00,209.08,217.385,206.48,217.33,4225517,208.1369538476,216.40449451,205.5486810333,216.3497425851,4225517,0.0,1.0
2025-03-12 00:00:00+00:00,206.62,212.99,205.62,209.08,3917668,205.6880495695,212.0293179644,204.6925600255,208.1369538476,3917668,0.0,1.0
2025-03-13 00:00:00+00:00,203.8,208.16,202.59,206.0,2625568,202.8807690555,207.2211034671,201.6762267074,205.0708460522,2625568,0.0,1.0
2025-03-14 00:00:00+00:00,208.75,209.85,206.2288,207.36,2614297,207.8084422981,208.9034807964,205.2986140599,206.424711832,2614297,0.0,1.0
2025-03-17 00:00:00+00:00,211.68,213.3699,207.37,207.75,2514464,210.7252266618,212.4075044421,206.4346667274,206.8129527541,2514464,0.0,1.0
2025-03-18 00:00:00+00:00,209.16,210.75,207.69,210.58,2657324,208.2165930111,209.7994213859,206.7532233815,209.6301881635,2657324,0.0,1.0
2025-03-19 00:00:00+00:00,209.97,213.03,208.09,209.19,2571926,209.0229395417,212.0691375461,207.1514191991,208.2464576974,2571926,0.0,1.0
2025-03-20 00:00:00+00:00,205.9,208.165,204.81,208.165,2775730,204.9712970978,207.2260809148,203.8862134949,207.2260809148,2775730,0.0,1.0
2025-03-21 00:00:00+00:00,204.4,205.27,201.28,203.06,5070459,203.4780627819,204.3441386851,200.3721354048,202.144106793,5070459,0.0,1.0
2025-03-24 00:00:00+00:00,212.34,214.08,209.74,210.0,3458275,211.3822497608,213.1144015673,208.7939769466,209.052804228,3458275,0.0,1.0
2025-03-25 00:00:00+00:00,213.58,214.63,210.98,210.98,2550034,212.6166567953,213.6619208164,210.028383981,210.028383981,2550034,0.0,1.0
2025-03-26 00:00:00+00:00,210.53,214.9,209.685,213.15,2454565,209.5804136863,213.9307029933,208.7392250216,212.1885962914,2454565,0.0,1.0
2025-03-27 00:00:00+00:00,208.94,211.0,205.88,208.68,2885111,207.9975853114,210.0482937719,204.9513873069,207.73875803,2885111,0.0,1.0
2025-03-28 00:00:00+00:00,201.56,208.06,200.77,207.82,3521430,200.6508724771,207.1215545127,199.8644357374,206.8826370222,3521430,0.0,1.0
2025-03-31 00:00:00+00:00,201.67,202.52,196.8,200.23,3803746,200.7603763269,201.6065424393,195.9123422479,199.3268713837,3803746,0.0,1.0
2025-04-01 00:00:00+00:00,199.18,200.84,195.1224,200.26,3383360,198.2816073625,199.9341200055,194.242308989,199.35673607,3383360,0.0,1.0
2025-04-02 00:00:00+00:00,199.59,202.3,195.76,195.76,2437534,198.6897580755,201.3875347396,194.8770331222,194.8770331222,2437534,0.0,1.0
2025-04-03 00:00:00+00:00,180.88,193.195,180.4,191.82,6970781,180.0641487084,192.323602442,179.5863137273,190.9548043191,6970781,0.0,1.0
2025-04-04 00:00:00+00:00,164.6,176.41,164.14,174.61,9634182,163.857578933,175.6143104469,163.3996537428,173.8224292678,9634182,0.0,1.0
2025-04-07 00:00:00+00:00,171.34,183.31,158.65,163.2,10236502,170.5671784592,182.4831883002,157.9344161465,162.4638935715,10236502,0.0,1.0
2025-04-08 00:00:00+00:00,166.09,179.24,161.83,175.38,7640250,165.3408583535,178.4315458563,161.1000728963,174.5889562167,7640250,0.0,1.0
2025-04-09 00:00:00+00:00,196.63,198.46,164.58,166.05,10941563,195.7431090255,197.5648548909,163.8376691421,165.3010387717,10941563,0.0,1.0
2025-04-10 00:00:00+00:00,178.36,189.63,170.93,189.63,8548018,177.5555150576,188.7746822179,170.1590277461,188.7746822179,8548018,0.0,1.0
2025-04-11 00:00:00+00:00,179.16,180.975,167.2,172.125,6528889,178.3519066928,180.158720215,166.4458517472,171.3486377511,6528889,0.0,1.0
2025-04-14 00:00:00+00:00,178.6,185.0,175.58,183.26,3912108,177.7944325482,184.1655656294,174.7880541255,182.433413823,3912108,0.0,1.0
2025-04-15 00:00:00+00:00,179.54,182.47,178.07,178.6,3035881,178.7301927195,181.6469770832,177.2668230899,177.7944325482,3035881,0.0,1.0
2025-04-16 00:00:00+00:00,175.93,177.36,170.39,173.67,4392829,175.1364754659,176.5600255137,169.6214633924,172.8866690965,4392829,0.0,1.0
2025-04-17 00:00:00+00:00,176.27,178.34,173.58,177.89,3341240,175.4749419108,177.5356052668,172.7970750376,177.087634972,3341240,0.0,1.0
2025-04-21 00:00:00+00:00,174.99,175.47,171.0,172.65,3650119,174.2007152945,174.6785502756,170.2287120142,171.8712697617,3650119,0.0,1.0
2025-04-22 00:00:00+00:00,178.5,179.19,175.205,176.78,3735027,177.6948835938,178.3817713791,174.4147455465,175.9826415782,3735027,0.0,1.0
2025-04-23 00:00:00+00:00,183.11,187.84,182.475,185.99,4323335,182.2840903914,186.9927559342,181.651954531,185.1511002779,4323335,0.0,1.0
2025-04-24 00:00:00+00:00,195.23,197.515,191.05,192.725,5606678,194.3494236639,196.6241172719,190.1882773703,191.8557223564,5606678,0.0,1.0
2025-04-25 00:00:00+00:00,194.59,196.37,191.69,192.95,3206797,193.7123103558,195.484281744,190.8253906784,192.0797075038,3206797,0.0,1.0
2025-04-28 00:00:00+00:00,193.72,196.37,189.95,193.36,3401605,192.8462344526,195.484281744,189.0932388719,192.4878582168,3401605,0.0,1.0
2025-04-29 00:00:00+00:00,192.67,194.815,190.36,191.5,3939847,191.8009704315,193.9362955032,189.5013895849,190.636247665,3939847,0.0,1.0
2025-04-30 00:00:00+00:00,194.92,195.34,186.7265,187.55,4415391,194.0408219053,194.4589275138,185.884278327,186.7040639665,4415391,0.0,1.0
2025-05-01 00:00:00+00:00,193.74,197.165,193.44,196.84,3439454,192.8661442435,196.2756959315,192.5674973803,195.9521618297,3439454,0.0,1.0
2025-05-02 00:00:00+00:00,198.59,199.7125,197.15,197.86,3795868,197.6942685316,198.8117055447,196.2607635883,196.9675611645,3795868,0.0,1.0
2025-05-05 00:00:00+00:00,197.72,199.715,195.59,196.16,2022742,196.8281926284,198.8141942685,194.7077998998,195.2752289398,2022742,0.0,1.0
2025-05-06 00:00:00+00:00,195.6,197.4,194.26,194.89,2535541,194.7177547952,196.5096359743,193.3837988063,194.010957219,2535541,0.0,1.0
2025-05-07 00:00:00+00:00,199.86,200.72,195.69,196.63,2966391,198.9585402524,199.8146612602,194.8073488542,195.7431090255,2966391,0.0,1.0
2025-05-08 00:00:00+00:00,202.78,206.04,200.96,202.26,3422453,201.8653697207,205.110665634,200.0535787507,201.3477151579,3422453,0.0,1.0
2025-05-09 00:00:00+00:00,207.51,210.14,206.29,207.24,3537650,206.5740352636,209.1921727641,205.35953802,206.3052530867,3537650,0.0,1.0
2025-05-12 00:00:00+00:00,223.15,225.49,219.1,222.87,6358273,222.1434917308,224.4729372637,218.1117590779,221.8647546585,6358273,0.0,1.0
2025-05-13 00:00:00+00:00,226.68,227.07,220.2489,221.965,4373921,225.6575698209,226.0458107431,219.2554770149,220.9638366213,4373921,0.0,1.0
2025-05-14 00:00:00+00:00,226.82,228.34,224.01,227.64,4648600,225.7969383571,227.3100824639,222.9996127386,226.6132397831,4648600,0.0,1.0
2025-05-15 00:00:00+00:00,227.12,228.7975,224.01,224.425,3045249,226.0955852203,227.7655189302,222.9996127386,223.4127408994,3045249,0.0,1.0
2025-05-16 00:00:00+00:00,227.11,227.8,225.525,227.16,3618204,226.0856303248,226.7725181102,224.5077793977,226.135404802,3618204,0.0,1.0
2025-05-19 00:00:00+00:00,224.54,226.805,223.07,223.635,3974323,223.5272221969,225.7820060139,222.0638525673,222.6263041596,3974323,0.0,1.0
2025-05-20 00:00:00+00:00,224.49,224.6,221.93,222.32,2619352,223.4774477197,223.5869515695,220.9289944872,221.3172354094,2619352,0.0,1.0
2025-05-21 00:00:00+00:00,222.22,227.39,221.325,222.6,5091059,221.217686455,226.3643673971,220.3267233131,221.5959724817,5091059,0.0,1.0
2025-05-22 00:00:00+00:00,211.93,224.395,211.37,221.46,8968264,210.9740990478,223.382876213,210.4166249032,220.4611144016,8968264,0.0,1.0
2025-05-23 00:00:00+00:00,210.47,211.04,206.0,208.98,4848159,209.5206843136,210.0881133537,205.0708460522,208.0374048932,4848159,0.0,1.0
2025-05-27 00:00:00+00:00,216.89,217.87,212.73,215.15,5542334,215.9117271857,216.8873069388,211.7704906829,214.1795753793,5542334,0.0,1.0
2025-05-28 00:00:00+00:00,215.62,218.19,215.46,217.61,3853917,214.6474554649,217.2058635929,214.4881771379,216.6284796574,3853917,0.0,1.0
2025-05-29 00:00:00+00:00,215.75,218.5,214.0,218.055,3800393,214.7768691057,217.5144653515,213.0347624038,217.0714725044,3800393,0.0,1.0
2025-05-30 00:00:00+00:00,213.98,215.84,210.8,215.28,10923408,213.0148526129,214.8664631646,209.8491958631,214.30898902,10923408,0.0,1.0
2025-06-02 00:00:00+00:00,215.45,216.2,212.215,212.4,2233860,214.4782222425,215.2248394004,211.2578135678,211.4419791334,2233860,0.0,1.0
2025-06-03 00:00:00+00:00,218.43,218.89,213.05,214.03,3515816,217.4447810834,217.9027062736,212.089047337,213.0646270901,3515816,0.0,1.0
2025-06-04 00:00:00+00:00,218.5,221.19,217.33,219.83,4199395,218.5,221.19,217.33,219.83,4199395,0.99,1.0
2025-06-05 00:00:00+00:00,218.04,222.585,217.02,219.8,3496524,218.04,222.585,217.02,219.8,3496524,0.0,1.0
2025-06-06 00:00:00+00:00,222.26,225.35,220.625,220.68,3246129,222.26,225.35,220.625,220.68,3246129,0.0,1.0
2025-06-09 00:00:00+00:00,227.66,229.175,223.405,223.815,4110605,227.66,229.175,223.405,223.815,4110605,0.0,1.0
2025-06-10 00:00:00+00:00,233.34,234.76,228.01,228.27,4164753,233.34,234.76,228.01,228.27,4164753,0.0,1.0
2025-06-11 00:00:00+00:00,232.54,236.115,230.27,234.09,3311792,232.54,236.115,230.27,234.09,3311792,0.0,1.0
2025-06-12 00:00:00+00:00,232.12,233.74,230.85,231.53,2144281,232.12,233.74,230.85,231.53,2144281,0.0,1.0
2025-06-13 00:00:00+00:00,225.03,228.9352,224.38,227.56,3349605,225.03,228.9352,224.38,227.56,3349605,0.0,1.0
2025-06-16 00:00:00+00:00,231.8,231.915,227.5,228.13,3344891,231.8,231.915,227.5,228.13,3344891,0.0,1.0
2025-06-17 00:00:00+00:00,227.44,231.69,227.31,229.2,2726467,227.44,231.69,227.31,229.2,2726467,0.0,1.0
2025-06-18 00:00:00+00:00,229.65,233.08,228.84,230.42,2551734,229.65,233.08,228.84,230.42,2551734,0.0,1.0
2025-06-20 00:00:00+00:00,228.35,232.02,225.57,231.745,5316062,228.35,232.02,225.57,231.745,5316062,0.0,1.0
2025-06-23 00:00:00+00:00,230.98,231.31,226.7,228.19,3573457,230.98,231.31,226.7,228.19,3573457,0.0,1.0
2025-06-24 00:00:00+00:00,234.98,235.61,233.21,233.91,3636539,234.98,235.61,233.21,233.91,3636539,0.0,1.0
2025-06-25 00:00:00+00:00,234.68,236.45,231.62,235.6,3548885,234.68,236.45,231.62,235.6,3548885,0.0,1.0
2025-06-26 00:00:00+00:00,237.3,238.22,235.1,236.03,3057975,237.3,238.22,235.1,236.03,3057975,0.0,1.0
2025-06-27 00:00:00+00:00,236.96,239.0659,234.94,237.0,3617766,236.96,239.0659,234.94,237.0,3617766,0.0,1.0
2025-06-30 00:00:00+00:00,238.02,238.67,235.66,237.54,3258867,238.02,238.67,235.66,237.54,3258867,0.0,1.0
2025-07-01 00:00:00+00:00,240.64,241.81,235.82,236.54,3500869,240.64,241.81,235.82,236.54,3500869,0.0,1.0
2025-07-02 00:00:00+00:00,245.15,245.44,240.025,240.47,3538289,245.15,245.44,240.025,240.47,3538289,0.0,1.0
2025-07-03 00:00:00+00:00,245.68,246.55,244.18,245.84,1837392,245.68,246.55,244.18,245.84,1837392,0.0,1.0
2025-07-07 00:00:00+00:00,241.81,245.31,240.36,244.81,2783553,241.81,245.31,240.36,244.81,2783553,0.0,1.0
2025-07-08 00:00:00+00:00,245.15,247.725,242.655,243.6,3964194,245.15,247.725,242.655,243.6,3964194,0.0,1.0
2025-07-09 00:00:00+00:00,242.72,246.9175,241.0,245.59,3339152,242.72,246.9175,241.0,245.59,3339152,0.0,1.0
2025-07-10 00:00:00+00:00,245.13,245.735,242.22,244.78,2428673,245.13,245.735,242.22,244.78,2428673,0.0,1.0
2025-07-11 00:00:00+00:00,244.675,245.775,242.01,243.36,2037684,244.675,245.775,242.01,243.36,2037684,0.0,1.0
2025-07-14 00:00:00+00:00,243.46,244.13,241.425,243.13,2045408,243.46,244.13,241.425,243.13,2045408,0.0,1.0
2025-07-15 00:00:00+00:00,240.42,245.76,240.27,244.99,3002067,240.42,245.76,240.27,244.99,3002067,0.0,1.0
2025-07-16 00:00:00+00:00,240.61,241.01,236.275,239.75,2842270,240.61,241.01,236.275,239.75,2842270,0.0,1.0
2025-07-17 00:00:00+00:00,240.97,241.885,239.075,239.94,2831043,240.97,241.885,239.075,239.94,2831043,0.0,1.0
2025-07-18 00:00:00+00:00,241.85,243.6,240.83,243.04,2761645,241.85,243.6,240.83,243.04,2761645,0.0,1.0
2025-07-21 00:00:00+00:00,240.48,245.72,240.35,243.33,2997844,240.48,245.72,240.35,243.33,2997844,0.0,1.0
2025-07-22 00:00:00+00:00,235.5,241.3981,234.0,238.79,6027478,235.5,241.3981,234.0,238.79,6027478,0.0,1.0
2025-07-23 00:00:00+00:00,228.08,232.5,222.0,230.77,7845181,228.08,232.5,222.0,230.77,7845181,0.0,1.0
2025-07-24 00:00:00+00:00,226.37,228.47,223.76,228.47,4771142,226.37,228.47,223.76,228.47,4771142,0.0,1.0
2025-07-25 00:00:00+00:00,227.82,228.65,225.18,226.64,2695607,227.82,228.65,225.18,226.64,2695607,0.0,1.0
2025-07-28 00:00:00+00:00,230.77,231.04,228.86,228.91,3136232,230.77,231.04,228.86,228.91,3136232,0.0,1.0
2025-07-29 00:00:00+00:00,230.75,232.64,229.14,231.98,2174246,230.75,232.64,229.14,231.98,2174246,0.0,1.0
2025-07-30 00:00:00+00:00,231.11,232.195,229.1,231.83,2324092,231.11,232.195,229.1,231.83,2324092,0.0,1.0
2025-07-31 00:00:00+00:00,224.63,229.78,222.3701,228.28,5339760,224.63,229.78,222.3701,228.28,5339760,0.0,1.0
2025-08-01 00:00:00+00:00,221.71,223.16,218.85,222.36,3740673,221.71,223.16,218.85,222.36,3740673,0.0,1.0
2025-08-04 00:00:00+00:00,222.4,223.53,220.6,221.415,2848063,222.4,223.53,220.6,221.415,2848063,0.0,1.0
2025-08-05 00:00:00+00:00,220.68,225.08,219.39,222.98,3099199,220.68,225.08,219.39,222.98,3099199,0.0,1.0
2025-08-06 00:00:00+00:00,220.69,221.17,218.37,220.68,2547311,220.69,221.17,218.37,220.68,2547311,0.0,1.0
2025-08-07 00:00:00+00:00,223.12,225.64,222.19,223.1,2522300,223.12,225.64,222.19,223.1,2522300,0.0,1.0
2025-08-08 00:00:00+00:00,223.95,224.94,221.15,223.06,3078425,223.95,224.94,221.15,223.06,3078425,0.0,1.0
