date,close,high,low,open,volume,adjClose,adjHigh,adjLow,adjOpen,adjVolume,divCash,splitFactor
2018-01-02 00:00:00+00:00,53.04,53.06,51.22,51.68,9721793,48.6703230885,48.6886753974,47.0002629825,47.4223660863,9721793,0.0,1.0
2018-01-03 00:00:00+00:00,53.98,54.28,53.19,53.54,10716388,49.5328816048,49.8081662377,48.807965405,49.12913081,10716388,0.0,1.0
2018-01-04 00:00:00+00:00,54.29,54.94,53.98,54.5,9370822,49.8173423921,50.4137924299,49.5328816048,50.0100416351,9370822,0.0,1.0
2018-01-05 00:00:00+00:00,54.6,54.91,54.22,54.65,10668866,50.1018031794,50.3862639666,49.7531093111,50.1476839515,10668866,0.0,1.0
2018-01-08 00:00:00+00:00,55.92,56.45,54.97,55.01,12508161,51.3130555639,51.7993917486,50.4413208932,50.4780255109,12508161,0.0,1.0
2018-01-09 00:00:00+00:00,54.86,56.18,54.04,56.17,13492273,50.3403831945,51.5516355791,49.5879385314,51.5424594246,13492273,0.0,1.0
2018-01-10 00:00:00+00:00,53.3,54.11,52.56,54.09,14080696,48.9089031037,49.6521716124,48.229867676,49.6338193035,14080696,0.0,1.0
2018-01-11 00:00:00+00:00,53.2,53.53,52.62,53.47,10178904,48.8171415594,49.1199546555,48.2849246025,49.064897729,10178904,0.0,1.0
2018-01-12 00:00:00+00:00,53.45,54.0,53.08,53.24,9021781,49.0465454201,49.5512339137,48.7070277062,48.8538461771,9021781,0.0,1.0
2018-01-16 00:00:00+00:00,54.5,55.4,54.01,54.82,14150321,50.0100416351,50.8358955336,49.5604100681,50.3036785768,14150321,0.0,1.0
2018-01-17 00:00:00+00:00,57.34,57.52,55.47,55.71,17492642,52.6160694928,52.7812402725,50.9001286146,51.1203563209,17492642,0.0,1.0
2018-01-18 00:00:00+00:00,57.4,58.63,56.68,56.75,15343341,52.6711264193,53.799793414,52.0104433005,52.0746763815,15343341,0.0,1.0
2018-01-19 00:00:00+00:00,57.4,57.72,56.22,57.7,11367654,52.6711264193,52.964763361,51.5883401968,52.9464110522,11367654,0.0,1.0
2018-01-22 00:00:00+00:00,57.46,57.53,56.87,57.47,11082023,52.7261833459,52.7904164269,52.1847902346,52.7353595003,11082023,0.0,1.0
2018-01-23 00:00:00+00:00,57.79,58.18,57.18,57.88,8605103,53.028996442,53.3868664648,52.4692510219,53.1115818319,8605103,0.0,1.0
2018-01-24 00:00:00+00:00,56.88,57.42,56.36,57.32,11482430,52.1939663891,52.6894787282,51.7168063588,52.5977171839,11482430,0.0,1.0
2018-01-25 00:00:00+00:00,55.76,58.73,55.46,58.18,14707139,51.1662370931,53.8915549583,50.8909524602,53.3868664648,14707139,0.0,1.0
2018-01-26 00:00:00+00:00,57.12,57.12,55.93,56.42,10918953,52.4141940953,52.4141940953,51.3222317184,51.7718632853,10918953,0.0,1.0
2018-01-29 00:00:00+00:00,55.33,56.92,54.82,56.73,11795230,50.7716624526,52.2306710068,50.3036785768,52.0563240726,11795230,0.0,1.0
2018-01-30 00:00:00+00:00,53.38,54.33,53.21,54.28,14145314,48.9823123391,49.8540470098,48.8263177138,49.8081662377,14145314,0.0,1.0
2018-01-31 00:00:00+00:00,53.63,54.14,52.91,53.68,12855909,49.2117161998,49.6797000757,48.551033081,49.2575969719,12855909,0.0,1.0
2018-02-01 00:00:00+00:00,53.28,54.18,52.93,53.16,9459981,48.8905507948,49.7164046934,48.5693853898,48.7804369417,9459981,0.0,1.0
2018-02-02 00:00:00+00:00,50.68,52.79,50.52,52.58,16381200,46.5047506434,48.4409192278,46.3579321726,48.2482199848,16381200,0.0,1.0
2018-02-05 00:00:00+00:00,48.31,51.47,48.31,49.98,15857335,44.3300020439,47.2296668433,44.3300020439,45.8624198334,15857335,0.0,1.0
2018-02-06 00:00:00+00:00,50.25,50.26,46.4,47.41,20726996,46.110176003,46.1193521574,42.577356548,43.5041481453,20726996,0.0,1.0
2018-02-07 00:00:00+00:00,48.69,50.58,48.67,49.87,14570054,44.6786959122,46.4129890991,44.6603436033,45.7614821347,14570054,0.0,1.0
2018-02-08 00:00:00+00:00,45.75,49.15,45.74,48.98,18095862,41.9809065102,45.1007990159,41.9717303558,44.9448043906,18095862,0.0,1.0
2018-02-09 00:00:00+00:00,48.08,48.5,45.13,46.84,21258164,44.118950492,44.504348978,41.4119849356,42.9811073429,21258164,0.0,1.0
2018-02-12 00:00:00+00:00,49.5,49.88,48.41,48.96,16134229,45.4219644209,45.7706582891,44.4217635882,44.9264520817,16134229,0.0,1.0
2018-02-13 00:00:00+00:00,49.55,49.65,48.5,49.26,12777703,45.467845193,45.5596067373,44.504348978,45.2017367146,12777703,0.0,1.0
2018-02-14 00:00:00+00:00,51.96,52.12,49.15,49.4,20004099,47.6792984103,47.8261168811,45.1007990159,45.3302028766,20004099,0.0,1.0
2018-02-15 00:00:00+00:00,53.99,54.0,50.58,52.16,26497808,49.5420577592,49.5512339137,46.4129890991,47.8628214988,26497808,0.0,1.0
2018-02-16 00:00:00+00:00,55.03,56.09,53.67,53.8,27106419,50.4963778198,51.4690501892,49.2484208175,49.3677108251,27106419,0.0,1.0
2018-02-20 00:00:00+00:00,56.66,57.36,54.35,54.74,21461851,52.0838525359,52.7273170042,49.9604197905,50.3189214228,21461851,0.1,1.0
2018-02-21 00:00:00+00:00,56.13,57.34,56.08,57.0,15972650,51.5966580099,52.7089323051,51.5506962622,52.3963924205,15972650,0.0,1.0
2018-02-22 00:00:00+00:00,56.07,56.98,55.81,56.49,14704434,51.5415039126,52.3780077214,51.3025028244,51.9275825936,14704434,0.0,1.0
2018-02-23 00:00:00+00:00,57.01,57.13,56.31,56.59,13273501,52.4055847701,52.5158929646,51.7621203018,52.0195060891,13273501,0.0,1.0
2018-02-26 00:00:00+00:00,58.81,59.0,57.34,57.52,14325217,54.0602076886,54.23486233,52.7089323051,52.874394597,14325217,0.0,1.0
2018-02-27 00:00:00+00:00,57.64,58.9,57.63,58.64,12876903,52.9847027916,54.1429388345,52.975510442,53.9039377463,12876903,0.0,1.0
2018-02-28 00:00:00+00:00,57.59,58.77,57.58,57.9,13014321,52.9387410438,54.0234382904,52.9295486943,53.2237038798,13014321,0.0,1.0
2018-03-01 00:00:00+00:00,57.07,58.44,56.12,57.54,17330221,52.4607388674,53.7200907554,51.5874656604,52.8927792961,17330221,0.0,1.0
2018-03-02 00:00:00+00:00,58.03,58.14,55.12,55.9,15719349,53.3432044239,53.4443202689,50.6682307056,51.3852339703,15719349,0.0,1.0
2018-03-05 00:00:00+00:00,57.63,58.42,57.11,57.31,13326704,52.975510442,53.7017060563,52.4975082655,52.6813552565,13326704,0.0,1.0
2018-03-06 00:00:00+00:00,59.99,60.18,58.1,58.32,23269604,55.1449049352,55.3195595766,53.4075508707,53.6097825608,23269604,0.0,1.0
2018-03-07 00:00:00+00:00,59.42,60.09,58.6,59.1,17284037,54.620941011,55.2368284307,53.8671683481,54.3267858255,17284037,0.0,1.0
2018-03-08 00:00:00+00:00,59.37,59.91,59.0,59.76,11739668,54.5749792633,55.0713661388,54.23486233,54.9334808956,11739668,0.0,1.0
2018-03-09 00:00:00+00:00,61.61,61.76,59.47,59.71,16809967,56.6340655619,56.7719508051,54.6669027588,54.8875191479,16809967,0.0,1.0
2018-03-12 00:00:00+00:00,60.97,62.4,60.88,61.91,15598512,56.0457551909,57.3602611762,55.9630240449,56.9098360483,15598512,0.0,1.0
2018-03-13 00:00:00+00:00,59.69,62.24,59.49,61.38,15449563,54.8691344488,57.2131835834,54.6852874578,56.4226415223,15449563,0.0,1.0
2018-03-14 00:00:00+00:00,60.23,60.71,59.39,59.99,11847348,55.3655213244,55.8067541026,54.5933639624,55.1449049352,11847348,0.0,1.0
2018-03-15 00:00:00+00:00,60.28,61.24,59.59,60.4,11754057,55.4114830721,56.2939486287,54.7772109533,55.5217912667,11754057,0.0,1.0
2018-03-16 00:00:00+00:00,59.44,60.52,59.23,60.38,14375820,54.6393257101,55.6320994612,54.4462863696,55.5034065676,14375820,0.0,1.0
2018-03-19 00:00:00+00:00,58.5,59.08,57.47,58.82,13292653,53.7752448526,54.3084011264,52.8284328493,54.0694000382,13292653,0.0,1.0
2018-03-20 00:00:00+00:00,59.23,59.52,58.32,58.42,8163303,54.4462863696,54.7128645065,53.6097825608,53.7017060563,8163303,0.0,1.0
2018-03-21 00:00:00+00:00,60.78,61.57,59.46,59.59,16977951,55.8711005495,56.5972961637,54.6577104092,54.7772109533,16977951,0.0,1.0
2018-03-22 00:00:00+00:00,58.96,60.62,58.9,59.67,14494507,54.1980929318,55.7240229567,54.1429388345,54.8507497497,14494507,0.0,1.0
2018-03-23 00:00:00+00:00,55.38,58.83,55.37,58.67,18689293,50.9072317938,54.0785923877,50.8980394443,53.931514795,18689293,0.0,1.0
2018-03-26 00:00:00+00:00,58.47,58.52,56.61,57.21,14100037,53.747667804,53.7936295517,52.0378907882,52.589431761,14100037,0.0,1.0
2018-03-27 00:00:00+00:00,55.44,59.22,54.84,59.0,16959820,50.9623858911,54.4370940201,50.4108449183,54.23486233,16959820,0.0,1.0
2018-03-28 00:00:00+00:00,54.06,55.43,53.73,55.0,16677761,49.6938416536,50.9531935416,49.3904941185,50.557922511,16677761,0.0,1.0
2018-03-29 00:00:00+00:00,55.61,56.61,54.19,54.6,12580231,51.1186558334,52.0378907882,49.8133421977,50.1902285291,12580231,0.0,1.0
2018-04-02 00:00:00+00:00,52.89,55.53,52.42,55.27,21063622,48.6183367565,51.0451170371,48.1862963278,50.8061159488,21063622,0.0,1.0
2018-04-03 00:00:00+00:00,53.98,54.44,53.01,53.52,10802242,49.6203028572,50.0431509364,48.7286449511,49.197454778,10802242,0.0,1.0
2018-04-04 00:00:00+00:00,55.56,55.76,52.29,52.29,11991886,51.0726940857,51.2565410766,48.0667957837,48.0667957837,11991886,0.0,1.0
2018-04-05 00:00:00+00:00,54.29,56.21,53.86,55.87,12344356,49.9052656932,51.6701968063,49.5099946626,51.3576569217,12344356,0.0,1.0
2018-04-06 00:00:00+00:00,52.34,53.87,51.92,53.26,15088608,48.1127575314,49.5191870122,47.7266788504,48.9584536898,15088608,0.0,1.0
2018-04-09 00:00:00+00:00,53.02,54.98,52.8,52.98,11143484,48.7378373006,50.5395378119,48.5356056106,48.7010679024,11143484,0.0,1.0
2018-04-10 00:00:00+00:00,54.8,55.26,53.8,54.61,10624821,50.3740755201,50.7969235993,49.4548405653,50.1994208787,10624821,0.0,1.0
2018-04-11 00:00:00+00:00,54.95,55.91,54.35,54.49,9364806,50.5119607633,51.3944263199,49.9604197905,50.0891126841,9364806,0.0,1.0
2018-04-12 00:00:00+00:00,56.43,56.67,55.16,55.3,9133679,51.8724284963,52.0930448855,50.7050001038,50.8336929975,9133679,0.0,1.0
2018-04-13 00:00:00+00:00,56.07,57.06,55.69,56.88,6786432,51.5415039126,52.4515465178,51.1921946298,52.286084226,6786432,0.0,1.0
2018-04-16 00:00:00+00:00,56.87,57.24,56.18,56.44,7982836,52.2768918764,52.6170088097,51.6426197576,51.8816208459,7982836,0.0,1.0
2018-04-17 00:00:00+00:00,57.86,58.4,57.17,57.2,9833030,53.1869344816,53.6833213572,52.5526623628,52.5802394115,9833030,0.0,1.0
2018-04-18 00:00:00+00:00,54.73,56.4,54.57,56.0,18705542,50.3097290733,51.8448514477,50.1626514805,51.4771574658,18705542,0.0,1.0
2018-04-19 00:00:00+00:00,51.19,54.18,50.8,53.68,24443494,47.0556373335,49.8041498481,46.6971357011,49.3445323708,24443494,0.0,1.0
2018-04-20 00:00:00+00:00,51.09,52.04,50.68,51.08,16258049,46.963713838,47.836987045,46.5868275065,46.9545214884,16258049,0.0,1.0
2018-04-23 00:00:00+00:00,50.18,51.74,49.93,51.53,12427907,46.1272100292,47.5612165586,45.8974012905,47.3681772181,12427907,0.0,1.0
2018-04-24 00:00:00+00:00,48.72,51.05,48.18,50.71,16358910,44.7851269952,46.9269444398,44.2887401197,46.6144045552,16358910,0.0,1.0
2018-04-25 00:00:00+00:00,49.14,49.47,47.74,48.76,13284571,45.1712056762,45.4745532113,43.8842767396,44.8218963934,13284571,0.0,1.0
2018-04-26 00:00:00+00:00,50.49,50.66,49.55,50.01,12701536,46.4121728651,46.5684428074,45.5480920077,45.9709400869,12701536,0.0,1.0
2018-04-27 00:00:00+00:00,49.4,51.39,49.24,51.04,11514288,45.4102067645,47.2394843244,45.2631291717,46.9177520902,11514288,0.0,1.0
2018-04-30 00:00:00+00:00,49.67,49.95,49.17,49.52,12694967,45.6584002022,45.9157859896,45.1987827249,45.520514959,12694967,0.0,1.0
2018-05-01 00:00:00+00:00,50.91,50.95,49.51,49.74,10935468,46.7982515461,46.8350209443,45.5113226095,45.7227466491,10935468,0.0,1.0
2018-05-02 00:00:00+00:00,50.53,51.28,50.37,50.66,10284964,46.4489422633,47.1383684794,46.3018646706,46.5684428074,10284964,0.0,1.0
2018-05-03 00:00:00+00:00,50.71,50.91,49.88,50.27,11661534,46.6144045552,46.7982515461,45.8514395427,46.2099411751,11661534,0.0,1.0
2018-05-04 00:00:00+00:00,52.56,52.69,50.18,50.39,12523268,48.3149892215,48.4344897656,46.1272100292,46.3202493697,12523268,0.0,1.0
2018-05-07 00:00:00+00:00,52.59,52.9,52.15,52.74,10071105,48.3425662701,48.6275291061,47.93810289,48.4804515133,10071105,0.0,1.0
2018-05-08 00:00:00+00:00,53.45,53.49,52.6,52.7,13492941,49.1331083312,49.1698777294,48.3517586196,48.4436821151,13492941,0.0,1.0
2018-05-09 00:00:00+00:00,54.13,54.17,53.26,53.53,9581362,49.7581881004,49.7949574986,48.9584536898,49.2066471276,9581362,0.0,1.0
2018-05-10 00:00:00+00:00,55.53,55.62,54.32,54.53,9880362,51.0451170371,51.127848183,49.9328427418,50.1258820823,9880362,0.0,1.0
2018-05-11 00:00:00+00:00,54.84,55.89,54.55,55.43,10897315,50.4108449183,51.3760416208,50.1442667814,50.9531935416,10897315,0.0,1.0
2018-05-14 00:00:00+00:00,55.26,56.94,55.23,55.83,12333798,50.7969235993,52.3412383232,50.7693465506,51.3208875235,12333798,0.0,1.0
2018-05-15 00:00:00+00:00,54.09,54.87,53.48,54.75,12837315,49.7214187022,50.4384219669,49.1606853798,50.3281137723,12837315,0.0,1.0
2018-05-16 00:00:00+00:00,55.17,55.46,54.46,54.5,10166674,50.7141924533,50.9807705902,50.0615356355,50.0983050337,10166674,0.0,1.0
2018-05-17 00:00:00+00:00,53.96,54.98,53.46,54.68,20101007,49.6019181581,50.5395378119,49.1423006807,50.2637673255,20101007,0.0,1.0
2018-05-18 00:00:00+00:00,49.51,50.46,48.53,50.29,51042247,45.5113226095,46.3845958165,44.6104723538,46.2283258742,51042247,0.0,1.0
2018-05-21 00:00:00+00:00,50.0,51.37,49.37,50.71,20898855,45.9617477373,47.2210996253,45.3826297158,46.6144045552,20898855,0.0,1.0
2018-05-22 00:00:00+00:00,50.25,51.33,50.0,50.61,15094044,46.191556476,47.1843302271,45.9617477373,46.5224810597,15094044,0.0,1.0
2018-05-23 00:00:00+00:00,50.34,50.8,49.73,49.81,15595400,46.4581346129,46.8826626606,45.8951735061,45.9690044709,15595400,0.2,1.0
2018-05-24 00:00:00+00:00,50.77,50.91,49.86,50.59,10442013,46.8549760488,46.9841802372,46.0151488239,46.6888563779,10442013,0.0,1.0
2018-05-25 00:00:00+00:00,50.85,51.33,50.4,50.73,12202909,46.9288070136,47.3717928025,46.5135078365,46.8180605664,12202909,0.0,1.0
2018-05-29 00:00:00+00:00,52.02,52.25,51.04,51.1,16094872,48.0085848741,48.2208488979,47.104155555,47.1595287787,16094872,0.0,1.0
2018-05-30 00:00:00+00:00,51.59,52.49,51.45,52.38,13439597,47.6117434382,48.4423417924,47.4825392497,48.3408242158,13439597,0.0,1.0
2018-05-31 00:00:00+00:00,50.78,51.61,50.62,51.31,16462732,46.8642049194,47.6302011794,46.7165429897,47.3533350613,16462732,0.0,1.0
2018-06-01 00:00:00+00:00,52.24,52.27,51.11,51.3,11341186,48.2116200273,48.2393066391,47.1687576493,47.3441061907,11341186,0.0,1.0
2018-06-04 00:00:00+00:00,52.29,52.47,51.89,52.35,9911343,48.2577643804,48.4238840512,47.8886095563,48.313137604,9911343,0.0,1.0
2018-06-05 00:00:00+00:00,52.91,53.23,52.32,52.71,13547109,48.8299543577,49.125278217,48.2854509922,48.6453769457,13547109,0.0,1.0
2018-06-06 00:00:00+00:00,52.53,52.93,52.11,52.93,10027147,48.4792572748,48.8484120989,48.0916447095,48.8484120989,10027147,0.0,1.0
2018-06-07 00:00:00+00:00,51.25,51.82,50.4,51.61,16868964,47.2979618377,47.824007462,46.5135078365,47.6302011794,16868964,0.0,1.0
2018-06-08 00:00:00+00:00,51.15,51.22,50.23,50.41,9954442,47.2056731317,47.2702752259,46.3566170362,46.5227367071,9954442,0.0,1.0
2018-06-11 00:00:00+00:00,49.89,51.22,49.56,51.2,18725485,46.0428354358,47.2702752259,45.7382827059,47.2518174847,18725485,0.0,1.0
2018-06-12 00:00:00+00:00,50.86,50.88,49.83,50.07,17236772,46.9380358842,46.9564936254,45.9874622121,46.2089551066,17236772,0.0,1.0
2018-06-13 00:00:00+00:00,50.98,51.59,50.25,50.3,17174088,47.0487823314,47.6117434382,46.3750747774,46.4212191305,17174088,0.0,1.0
2018-06-14 00:00:00+00:00,49.69,51.04,49.62,50.99,16482523,45.8582580237,47.104155555,45.7936559295,47.058011202,16482523,0.0,1.0
2018-06-15 00:00:00+00:00,49.31,49.7,48.76,49.16,23243800,45.5075609408,45.8674868943,44.9999730577,45.3691278818,23243800,0.0,1.0
2018-06-18 00:00:00+00:00,48.32,49.0,48.15,48.88,13780941,44.5939027512,45.2214659521,44.4370119509,45.1107195049,13780941,0.0,1.0
2018-06-19 00:00:00+00:00,48.55,48.81,47.2,47.56,13586351,44.806166775,45.0461174107,43.5602692437,43.8925085854,13586351,0.0,1.0
2018-06-20 00:00:00+00:00,48.58,48.98,48.14,48.75,9735853,44.8338533868,45.2030082109,44.4277830803,44.9907441871,9735853,0.0,1.0
2018-06-21 00:00:00+00:00,48.99,49.79,48.66,49.59,13209348,45.2122370815,45.9505467297,44.9076843517,45.7659693177,13209348,0.0,1.0
2018-06-22 00:00:00+00:00,47.96,49.4,47.73,49.4,13200531,44.2616634095,45.5906207762,44.0493993856,45.5906207762,13200531,0.0,1.0
2018-06-25 00:00:00+00:00,46.71,47.33,46.08,47.0,14442793,43.1080545842,43.6802445615,42.5266357362,43.3756918316,14442793,0.0,1.0
2018-06-26 00:00:00+00:00,46.67,47.3,46.56,47.16,14748320,43.0711391018,43.6525579497,42.9696215251,43.5233537613,14748320,0.0,1.0
2018-06-27 00:00:00+00:00,45.25,47.19,45.2,46.92,14900221,41.7606394762,43.5510403731,41.7144951232,43.3018608668,14900221,0.0,1.0
2018-06-28 00:00:00+00:00,45.29,45.49,44.57,44.96,13760424,41.7975549586,41.9821323707,41.1330762752,41.4930022287,13760424,0.0,1.0
2018-06-29 00:00:00+00:00,46.19,46.82,45.69,45.73,15112231,42.6281533128,43.2095721608,42.1667097827,42.2036252651,15112231,0.0,1.0
2018-07-02 00:00:00+00:00,45.68,45.71,44.92,45.1,11042942,42.1574809121,42.1851675239,41.4560867463,41.6222064172,11042942,0.0,1.0
2018-07-03 00:00:00+00:00,44.8,45.88,44.74,45.76,7538522,41.3453402991,42.3420583242,41.2899670755,42.2313118769,7538522,0.0,1.0
2018-07-05 00:00:00+00:00,45.44,45.68,44.99,45.41,8950714,41.9359880177,42.1574809121,41.5206888405,41.9083014058,8950714,0.0,1.0
2018-07-06 00:00:00+00:00,46.13,46.22,44.89,45.46,11467621,42.5727800892,42.6558399246,41.4284001345,41.9544457589,11467621,0.0,1.0
2018-07-09 00:00:00+00:00,46.52,46.65,45.52,46.26,9727704,42.9327060427,43.0526813606,42.0098189825,42.6927554071,9727704,0.0,1.0
2018-07-10 00:00:00+00:00,46.74,46.92,46.26,46.53,8801991,43.135741196,43.3018608668,42.6927554071,42.9419349133,8801991,0.0,1.0
2018-07-11 00:00:00+00:00,45.2,46.22,44.98,46.05,13332963,41.7144951232,42.6558399246,41.5114599699,42.4989491244,13332963,0.0,1.0
2018-07-12 00:00:00+00:00,45.68,45.89,45.34,45.34,9735426,42.1574809121,42.3512871948,41.8436993116,41.8436993116,9735426,0.0,1.0
2018-07-13 00:00:00+00:00,46.13,46.23,45.5,45.59,6349696,42.5727800892,42.6650687953,41.9913612413,42.0744210767,6349696,0.0,1.0
2018-07-16 00:00:00+00:00,46.31,46.66,45.96,46.04,7228530,42.7388997601,43.0619102312,42.415889289,42.4897202538,7228530,0.0,1.0
2018-07-17 00:00:00+00:00,47.3,47.46,45.95,45.95,9692752,43.6525579497,43.8002198794,42.4066604184,42.4066604184,9692752,0.0,1.0
2018-07-18 00:00:00+00:00,48.28,49.15,47.84,48.97,15309263,44.5569872688,45.3598990112,44.1509169622,45.1937793403,15309263,0.0,1.0
2018-07-19 00:00:00+00:00,46.67,48.0,46.56,47.71,11481075,43.0711391018,44.2985788919,42.9696215251,44.0309416444,11481075,0.0,1.0
2018-07-20 00:00:00+00:00,46.76,47.1,46.21,46.67,7793579,43.1541989372,43.4679805377,42.646611054,43.0711391018,7793579,0.0,1.0
2018-07-23 00:00:00+00:00,46.43,46.54,45.43,46.3,7364275,42.8496462073,42.9511637839,41.9267591471,42.7296708895,7364275,0.0,1.0
2018-07-24 00:00:00+00:00,45.91,47.27,45.83,46.61,10903345,42.369744936,43.6248713379,42.2959139712,43.0157658781,10903345,0.0,1.0
2018-07-25 00:00:00+00:00,45.96,46.07,45.13,45.79,9282833,42.415889289,42.5174068656,41.649893029,42.2589984887,9282833,0.0,1.0
2018-07-26 00:00:00+00:00,47.17,47.31,45.97,46.0,11637455,43.5325826319,43.6617868203,42.4251181596,42.4528047714,11637455,0.0,1.0
2018-07-27 00:00:00+00:00,48.3,49.48,47.88,48.63,17601085,44.57544501,45.6644517411,44.1878324447,44.8799977398,17601085,0.0,1.0
2018-07-30 00:00:00+00:00,47.91,48.43,47.61,48.28,9305429,44.2155190565,44.6954203278,43.9386529384,44.5569872688,9305429,0.0,1.0
2018-07-31 00:00:00+00:00,48.63,49.06,48.16,48.36,10816406,44.8799977398,45.2768391758,44.4462408215,44.6308182336,10816406,0.0,1.0
2018-08-01 00:00:00+00:00,47.97,48.97,47.77,48.89,8326592,44.2708922801,45.1937793403,44.086314868,45.1199483755,8326592,0.0,1.0
2018-08-02 00:00:00+00:00,48.11,48.83,47.11,47.39,9371711,44.4000964685,45.0645751519,43.4772094083,43.7356177851,9371711,0.0,1.0
2018-08-03 00:00:00+00:00,48.84,48.86,47.85,48.19,7032701,45.0738040225,45.0922617637,44.1601458329,44.4739274333,7032701,0.0,1.0
2018-08-06 00:00:00+00:00,49.48,49.79,48.9,49.08,8555009,45.6644517411,45.9505467297,45.1291772461,45.295296917,8555009,0.0,1.0
2018-08-07 00:00:00+00:00,49.63,49.97,49.08,49.79,7530567,45.8028848001,46.1166664006,45.295296917,45.9505467297,7530567,0.0,1.0
2018-08-08 00:00:00+00:00,50.18,50.39,49.45,49.6,8459435,46.3104726832,46.5042789659,45.6367651292,45.7751981883,8459435,0.0,1.0
2018-08-09 00:00:00+00:00,49.16,49.58,48.16,48.96,9514932,45.3691278818,45.7567404471,44.4462408215,45.1845504697,9514932,0.0,1.0
2018-08-10 00:00:00+00:00,48.13,48.66,47.91,48.18,8088784,44.4185542097,44.9076843517,44.2155190565,44.4646985627,8088784,0.0,1.0
2018-08-13 00:00:00+00:00,48.25,48.6,47.66,48.06,6436616,44.529300657,44.852311128,43.9847972914,44.3539521155,6436616,0.0,1.0
2018-08-14 00:00:00+00:00,48.38,48.89,48.23,48.42,6879794,44.6492759748,45.1199483755,44.5108429157,44.6861914572,6879794,0.0,1.0
2018-08-15 00:00:00+00:00,47.51,48.1,47.17,47.85,10296214,43.8463642324,44.3908675979,43.5325826319,44.1601458329,10296214,0.0,1.0
2018-08-16 00:00:00+00:00,47.43,48.23,47.15,47.99,13733112,43.7725332675,44.5108429157,43.5141248907,44.2893500213,13733112,0.0,1.0
2018-08-17 00:00:00+00:00,43.77,44.82,42.62,44.77,52584209,40.394766627,41.3637980403,39.3334465078,41.3176536873,52584209,0.0,1.0
2018-08-20 00:00:00+00:00,43.53,44.15,43.02,43.8,15056137,40.1732737326,40.7454637099,39.7026013319,40.4224532388,15056137,0.0,1.0
2018-08-21 00:00:00+00:00,43.76,44.23,42.85,43.34,15570841,40.3855377564,40.8192946748,39.5457105316,39.9979251911,15570841,0.0,1.0
2018-08-22 00:00:00+00:00,42.99,43.55,42.97,43.52,11214269,39.8594921321,40.3787132438,39.840948521,40.3508978271,11214269,0.2,1.0
2018-08-23 00:00:00+00:00,42.79,43.3,42.65,42.81,9504400,39.6740560208,40.1469181047,39.5442507428,39.6925996319,9504400,0.0,1.0
2018-08-24 00:00:00+00:00,42.73,43.06,42.52,42.84,8294746,39.6184251874,39.9243947711,39.4237172705,39.7204150486,8294746,0.0,1.0
2018-08-27 00:00:00+00:00,43.75,44.2,42.75,42.96,12581324,40.5641493552,40.9813806057,39.6369687985,39.8316767154,12581324,0.0,1.0
2018-08-28 00:00:00+00:00,43.4,43.64,42.95,43.23,13190538,40.2396361603,40.4621594939,39.8224049098,40.0820154657,13190538,0.0,1.0
2018-08-29 00:00:00+00:00,43.1,43.38,42.86,43.31,14226359,39.9614819933,40.2210925492,39.7389586597,40.1561899102,14226359,0.0,1.0
2018-08-30 00:00:00+00:00,43.14,43.5,42.89,42.9,10122318,39.9985692156,40.332354216,39.7667740764,39.776045882,10122318,0.0,1.0
2018-08-31 00:00:00+00:00,43.02,43.3,42.83,43.12,9982189,39.8873075488,40.1469181047,39.711143243,39.9800256045,9982189,0.0,1.0
2018-09-04 00:00:00+00:00,42.62,43.0,42.05,42.84,15147360,39.5164353261,39.8687639377,38.9879424088,39.7204150486,15147360,0.0,1.0
2018-09-05 00:00:00+00:00,42.5,42.58,41.92,42.3,15022488,39.4051736593,39.4793481039,38.8674089364,39.219737548,15022488,0.0,1.0
2018-09-06 00:00:00+00:00,40.27,42.2,40.24,41.98,22590488,37.3375610179,39.1270194923,37.3097456012,38.9230397698,22590488,0.0,1.0
2018-09-07 00:00:00+00:00,39.85,40.4,39.63,40.0,11910089,36.9481451841,37.4580944903,36.7441654616,37.0872222676,11910089,0.0,1.0
2018-09-10 00:00:00+00:00,39.6,40.28,39.4,40.1,15560735,36.7163500449,37.3468328235,36.5309139336,37.1799403233,15560735,0.0,1.0
2018-09-11 00:00:00+00:00,39.18,39.46,38.51,39.14,14716704,36.3269342111,36.586544767,35.7057232381,36.2898469888,14716704,0.0,1.0
2018-09-12 00:00:00+00:00,38.39,38.76,37.39,38.13,17214767,35.5944615713,35.9375183773,34.6672810146,35.3533946266,17214767,0.0,1.0
2018-09-13 00:00:00+00:00,38.89,39.15,38.62,38.78,13402905,36.0580518497,36.2991187944,35.8077130994,35.9560619884,13402905,0.0,1.0
2018-09-14 00:00:00+00:00,39.1,39.58,38.88,38.91,10359178,36.2527597666,36.6978064338,36.0487800441,36.0765954608,10359178,0.0,1.0
2018-09-17 00:00:00+00:00,38.7,39.17,38.64,38.95,10794457,35.8818875439,36.3176624055,35.8262567105,36.1136826831,10794457,0.0,1.0
2018-09-18 00:00:00+00:00,39.19,39.43,38.77,38.85,9846287,36.3362060167,36.5587293503,35.9467901829,36.0209646274,9846287,0.0,1.0
2018-09-19 00:00:00+00:00,39.04,39.47,38.85,39.39,8213411,36.1971289332,36.5958165725,36.0209646274,36.521642128,8213411,0.0,1.0
2018-09-20 00:00:00+00:00,39.39,39.84,39.18,39.28,12464240,36.521642128,36.9388733785,36.3269342111,36.4196522668,12464240,0.0,1.0
2018-09-21 00:00:00+00:00,39.63,39.96,39.15,39.33,20729489,36.7441654616,37.0501350453,36.2991187944,36.4660112946,20729489,0.0,1.0
2018-09-24 00:00:00+00:00,39.1,39.5,38.86,39.24,10678815,36.2527597666,36.6236319892,36.030236433,36.3825650445,10678815,0.0,1.0
2018-09-25 00:00:00+00:00,38.58,39.23,38.51,39.15,9222511,35.7706258771,36.3732932389,35.7057232381,36.2991187944,9222511,0.0,1.0
2018-09-26 00:00:00+00:00,38.26,38.87,38.08,38.1,10927959,35.473928099,36.0395082385,35.3070355987,35.3255792099,10927959,0.0,1.0
2018-09-27 00:00:00+00:00,38.35,38.74,38.07,38.31,7146395,35.5573743491,35.9189747662,35.2977637932,35.5202871268,7146395,0.0,1.0
2018-09-28 00:00:00+00:00,38.65,39.34,38.12,38.27,11751213,35.8355285161,36.4752831002,35.344122821,35.4831999045,11751213,0.0,1.0
2018-10-01 00:00:00+00:00,38.34,38.77,38.05,38.5,10336989,35.5481025435,35.9467901829,35.279220182,35.6964514326,10336989,0.0,1.0
2018-10-02 00:00:00+00:00,38.9,39.36,38.17,38.33,9626512,36.0673236552,36.4938267113,35.3904818489,35.5388307379,9626512,0.0,1.0
2018-10-03 00:00:00+00:00,38.92,39.65,38.69,39.15,7441693,36.0858672664,36.7627090728,35.8726157383,36.2991187944,7441693,0.0,1.0
2018-10-04 00:00:00+00:00,37.89,38.71,37.5,38.57,12199141,35.130871293,35.8911593495,34.7692708759,35.7613540715,12199141,0.0,1.0
2018-10-05 00:00:00+00:00,37.24,38.05,36.98,37.82,9790160,34.5282039311,35.279220182,34.2871369864,35.065968654,9790160,0.0,1.0
2018-10-08 00:00:00+00:00,36.59,37.3,36.31,37.0,10259517,33.9255365693,34.5838347645,33.6659260134,34.3056805975,10259517,0.0,1.0
2018-10-09 00:00:00+00:00,35.72,36.58,35.69,36.53,13392674,33.118889485,33.9162647637,33.0910740683,33.8699057359,13392674,0.0,1.0
2018-10-10 00:00:00+00:00,34.43,35.69,34.09,35.0,23974649,31.9228265668,33.0910740683,31.6075851776,32.4513194841,23974649,0.0,1.0
2018-10-11 00:00:00+00:00,32.79,34.8,32.78,34.36,31702133,30.4022504539,32.2658833728,30.3929786483,31.8579239279,31702133,0.0,1.0
2018-10-12 00:00:00+00:00,33.69,34.34,33.33,33.85,16781796,31.2367129549,31.8393803167,30.9029279545,31.385061844,16781796,0.0,1.0
2018-10-15 00:00:00+00:00,33.43,33.85,33.05,33.44,10151015,30.9956460101,31.385061844,30.6433173986,31.0049178157,10151015,0.0,1.0
2018-10-16 00:00:00+00:00,34.76,34.8,33.72,33.9,11705458,32.2287961505,32.2658833728,31.2645283716,31.4314208718,11705458,0.0,1.0
2018-10-17 00:00:00+00:00,34.96,36.08,34.89,36.02,15149171,32.4142322619,33.4526744854,32.3493296229,33.397043652,15149171,0.0,1.0
2018-10-18 00:00:00+00:00,33.92,34.89,33.77,34.8,12345718,31.4499644829,32.3493296229,31.3108873994,32.2658833728,12345718,0.0,1.0
2018-10-19 00:00:00+00:00,34.29,34.81,33.89,34.17,14616465,31.7930212889,32.2751551784,31.4221490662,31.6817596221,14616465,0.0,1.0
2018-10-22 00:00:00+00:00,33.53,34.54,33.15,34.39,13210064,31.0883640658,32.0248164281,30.7360354543,31.8857393446,13210064,0.0,1.0
2018-10-23 00:00:00+00:00,33.52,33.94,32.11,32.11,16111616,31.0790922602,31.4685080941,29.7717676753,29.7717676753,16111616,0.0,1.0
2018-10-24 00:00:00+00:00,31.81,33.61,31.78,33.1,14457683,29.4936135083,31.1625385103,29.4657980916,30.6896764264,14457683,0.0,1.0
2018-10-25 00:00:00+00:00,32.64,32.94,32.09,32.21,12494844,30.2631733704,30.5413275374,29.7532240642,29.864485731,12494844,0.0,1.0
2018-10-26 00:00:00+00:00,32.36,32.99,31.57,31.71,13317229,30.0035628145,30.5876865652,29.2710901747,29.4008954526,13317229,0.0,1.0
2018-10-29 00:00:00+00:00,31.12,32.75,30.53,32.65,14150426,28.8538589242,30.3651632316,28.3068223957,30.2724451759,14150426,0.0,1.0
2018-10-30 00:00:00+00:00,32.42,32.46,31.1,31.2,15142342,30.0591936479,30.0962808702,28.8353153131,28.9280333687,15142342,0.0,1.0
2018-10-31 00:00:00+00:00,32.88,33.26,32.22,32.9,12942914,30.485696704,30.8380253155,29.8737575365,30.5042403151,12942914,0.0,1.0
2018-11-01 00:00:00+00:00,35.35,35.45,32.91,32.98,14184187,32.775832679,32.8685507347,30.5135121207,30.5784147596,14184187,0.0,1.0
2018-11-02 00:00:00+00:00,35.27,36.02,34.72,35.81,11959729,32.7016582345,33.397043652,32.1917089283,33.2023357351,11959729,0.0,1.0
2018-11-05 00:00:00+00:00,34.32,35.39,33.75,35.32,7785301,31.8208367056,32.8129199013,31.2923437883,32.7480172623,7785301,0.0,1.0
2018-11-06 00:00:00+00:00,34.87,34.92,34.1,34.16,6816354,32.3307860118,32.3771450396,31.6168569831,31.6724878165,6816354,0.0,1.0
2018-11-07 00:00:00+00:00,35.25,35.27,34.53,35.26,11028834,32.6831146233,32.7016582345,32.0155446225,32.6923864289,11028834,0.0,1.0
2018-11-08 00:00:00+00:00,34.94,35.62,34.75,34.8,9029932,32.3956886507,33.0261714293,32.219524345,32.2658833728,9029932,0.0,1.0
2018-11-09 00:00:00+00:00,34.28,34.63,33.83,34.5,11136386,31.7837494833,32.1082626782,31.3665182328,31.9877292058,11136386,0.0,1.0
2018-11-12 00:00:00+00:00,32.62,33.8,32.46,33.73,10618005,30.2446297592,31.3387028161,30.0962808702,31.2738001771,10618005,0.0,1.0
2018-11-13 00:00:00+00:00,33.49,34.06,32.7,32.95,11847527,31.0512768435,31.5797697609,30.3188042038,30.5505993429,11847527,0.0,1.0
2018-11-14 00:00:00+00:00,33.58,34.39,33.2,33.8,9513534,31.1347230936,31.8857393446,30.7823944821,31.3387028161,9513534,0.0,1.0
2018-11-15 00:00:00+00:00,35.02,35.5,33.24,33.32,15175711,32.4698630953,32.9149097625,30.8194817044,30.8936561489,15175711,0.0,1.0
2018-11-16 00:00:00+00:00,35.4,35.82,32.07,32.15,28075252,32.8221917068,33.2116075406,29.734680453,29.8088548976,28075252,0.0,1.0
2018-11-19 00:00:00+00:00,34.42,35.67,34.28,35.24,15052129,31.9135547613,33.0725304571,31.7837494833,32.6738428178,15052129,0.0,1.0
2018-11-20 00:00:00+00:00,35.77,36.92,33.14,33.34,25487053,33.1652485128,34.231506153,30.7267636487,30.91219976,25487053,0.0,1.0
2018-11-21 00:00:00+00:00,35.19,36.28,35.13,36.17,11659631,32.8129199013,33.8292905376,32.7569728937,33.7267210238,11659631,0.2,1.0
2018-11-23 00:00:00+00:00,35.05,35.61,34.8,34.86,5203199,32.6823768837,33.2045489538,32.4492643525,32.50521136,5203199,0.0,1.0
2018-11-26 00:00:00+00:00,36.01,36.05,35.13,35.57,11741184,33.5775290038,33.6148270088,32.7569728937,33.1672509488,11741184,0.0,1.0
2018-11-27 00:00:00+00:00,36.0,36.6,35.37,35.65,11117798,33.5682045026,34.1276745776,32.9807609238,33.2418469588,11117798,0.0,1.0
2018-11-28 00:00:00+00:00,37.11,37.13,35.55,36.36,12038829,34.6032241414,34.6218731439,33.1486019463,33.9038865476,12038829,0.0,1.0
2018-11-29 00:00:00+00:00,36.54,37.09,36.28,36.79,7934255,34.0717275701,34.5845751389,33.8292905376,34.3048401014,7934255,0.0,1.0
2018-11-30 00:00:00+00:00,37.28,37.28,36.33,36.47,13387032,34.7617406627,34.7617406627,33.8759130438,34.0064560613,13387032,0.0,1.0
2018-12-03 00:00:00+00:00,38.34,38.64,37.78,38.3,14370461,35.7501377952,36.0298728327,35.2279657252,35.7128397902,14370461,0.0,1.0
2018-12-04 00:00:00+00:00,35.43,38.07,35.15,38.0,21733036,33.0367079313,35.4983762615,32.7756218963,35.4331047527,21733036,0.0,1.0
2018-12-06 00:00:00+00:00,34.69,34.8762,33.98,34.63,17391745,32.3466948387,32.520317052,31.6846552499,32.2907478312,17391745,0.0,1.0
2018-12-07 00:00:00+00:00,33.64,34.83,33.59,34.45,15636743,31.3676222074,32.4772378562,31.3209997011,32.1229068087,15636743,0.0,1.0
2018-12-10 00:00:00+00:00,34.17,34.31,33.45,33.64,10337813,31.8618207737,31.9923637912,31.1904566836,31.3676222074,10337813,0.0,1.0
2018-12-11 00:00:00+00:00,34.02,35.38,33.96,34.76,13436876,31.7219532549,32.990085425,31.6660062474,32.4119663475,13436876,0.0,1.0
2018-12-12 00:00:00+00:00,34.2,34.99,33.95,34.59,11895523,31.8897942774,32.6264298762,31.6566817462,32.2534498262,11895523,0.0,1.0
2018-12-13 00:00:00+00:00,33.71,34.49,33.53,34.45,9675687,31.4328937161,32.1602048137,31.2650526936,32.1229068087,9675687,0.0,1.0
2018-12-14 00:00:00+00:00,32.65,33.51,32.63,33.19,10822900,30.4444965836,31.2464036911,30.4258475811,30.9480196511,10822900,0.0,1.0
2018-12-17 00:00:00+00:00,32.67,33.76,32.52,32.52,12262149,30.4631455861,31.4795162224,30.3232780673,30.3232780673,12262149,0.0,1.0
2018-12-18 00:00:00+00:00,33.28,34.32,32.89,33.07,13636650,31.0319401624,32.0016882924,30.6682846136,30.8361256361,13636650,0.0,1.0
2018-12-19 00:00:00+00:00,31.53,33.76,31.36,32.73,14660018,29.4001524435,31.4795162224,29.2416359222,30.5190925936,14660018,0.0,1.0
2018-12-20 00:00:00+00:00,30.9,32.25,30.78,31.9,16178261,28.8127088647,30.0715165335,28.7008148497,29.7451589898,16178261,0.0,1.0
2018-12-21 00:00:00+00:00,30.31,31.83,30.25,30.89,24878449,28.2625632909,29.679887481,28.2066162834,28.8033843634,24878449,0.0,1.0
2018-12-24 00:00:00+00:00,28.99,30.32,28.96,30.0,10464918,27.0317291258,28.2718877922,27.0037556221,27.9735037521,10464918,0.0,1.0
2018-12-26 00:00:00+00:00,30.64,30.67,28.79,29.38,13325637,28.5702718322,28.5982453359,26.8452391008,27.3953846746,13325637,0.0,1.0
2018-12-27 00:00:00+00:00,31.55,31.57,30.12,30.22,10920213,29.418801446,29.4374504485,28.0853977671,28.1786427797,10920213,0.0,1.0
2018-12-28 00:00:00+00:00,32.38,33.06,31.66,31.66,13043225,30.1927350498,30.8268011349,29.5213709598,29.5213709598,13043225,0.0,1.0
2018-12-31 00:00:00+00:00,32.74,33.0,32.2,32.71,9697064,30.5284170948,30.7708541273,30.0248940273,30.5004435911,9697064,0.0,1.0
2019-01-02 00:00:00+00:00,33.48,33.79,32.0,32.04,11106343,31.2184301874,31.5074897262,29.8384040023,29.8757020073,11106343,0.0,1.0
2019-01-03 00:00:00+00:00,31.54,33.25,31.48,32.73,21580709,29.4094769447,31.0039666586,29.3535299372,30.5190925936,21580709,0.0,1.0
2019-01-04 00:00:00+00:00,33.7,33.85,32.21,32.26,15631771,31.4235692149,31.5634367337,30.0342185285,30.0808410348,15631771,0.0,1.0
2019-01-07 00:00:00+00:00,34.3,34.8,33.64,33.8,13868845,31.9830392899,32.4492643525,31.3676222074,31.5168142274,13868845,0.0,1.0
2019-01-08 00:00:00+00:00,32.91,34.72,32.67,34.72,12485267,30.6869336161,32.3746683425,30.4631455861,32.3746683425,12485267,0.0,1.0
2019-01-09 00:00:00+00:00,34.3,34.84,33.29,33.32,11757089,31.9830392899,32.4865623575,31.0412646636,31.0692381674,11757089,0.0,1.0
2019-01-10 00:00:00+00:00,34.76,34.82,33.89,34.08,7573577,32.4119663475,32.467913355,31.6007347387,31.7779002624,7573577,0.0,1.0
2019-01-11 00:00:00+00:00,34.78,35.32,34.19,34.42,6449679,32.43061535,32.9341384175,31.8804697762,32.0949333049,6449679,0.0,1.0
2019-01-14 00:00:00+00:00,33.86,34.3,33.41,34.19,9552417,31.5727612349,31.9830392899,31.1531586786,31.8804697762,9552417,0.0,1.0
2019-01-15 00:00:00+00:00,33.75,34.33,33.4,34.09,6593914,31.4701917212,32.0110127937,31.1438341774,31.7872247637,6593914,0.0,1.0
2019-01-16 00:00:00+00:00,33.64,34.27,33.56,33.92,6778947,31.3676222074,31.9550657862,31.2930261974,31.6287082424,6778947,0.0,1.0
2019-01-17 00:00:00+00:00,34.54,34.71,33.25,33.5,10260695,32.20682732,32.3653438412,31.0039666586,31.2370791899,10260695,0.0,1.0
2019-01-18 00:00:00+00:00,35.71,36.32,34.63,34.96,11332673,33.2977939663,33.8665885426,32.2907478312,32.5984563725,11332673,0.0,1.0
2019-01-22 00:00:00+00:00,34.44,35.37,34.12,35.32,10047367,32.1135823075,32.9807609238,31.8151982674,32.9341384175,10047367,0.0,1.0
2019-01-23 00:00:00+00:00,34.31,34.94,33.71,34.71,9560203,31.9923637912,32.57980737,31.4328937161,32.3653438412,9560203,0.0,1.0
2019-01-24 00:00:00+00:00,37.82,37.92,36.01,36.18,21529913,35.2652637302,35.3585087427,33.5775290038,33.7360455251,21529913,0.0,1.0
2019-01-25 00:00:00+00:00,39.19,39.48,38.31,38.53,17553661,36.5427204015,36.8131309378,35.7221642915,35.927303319,17553661,0.0,1.0
2019-01-28 00:00:00+00:00,38.7,38.95,37.52,37.62,12459608,36.0858198403,36.3189323715,34.9855286927,35.0787737052,12459608,0.0,1.0
2019-01-29 00:00:00+00:00,38.2,39.35,37.84,39.27,8754569,35.6195947777,36.6919124216,35.2839127327,36.6173164115,8754569,0.0,1.0
2019-01-30 00:00:00+00:00,39.6,40.0,38.49,38.61,12546186,36.9250249528,37.2980050028,35.890005314,36.001899329,12546186,0.0,1.0
2019-01-31 00:00:00+00:00,39.08,39.75,38.72,39.28,11588866,36.4401508878,37.0648924716,36.1044688428,36.6266409128,11588866,0.0,1.0
2019-02-01 00:00:00+00:00,39.31,39.97,39.08,39.08,11091030,36.6546144165,37.2700314991,36.4401508878,36.4401508878,11091030,0.0,1.0
2019-02-04 00:00:00+00:00,38.9,39.31,38.45,39.16,12458413,36.2723098653,36.6546144165,35.852707309,36.5147468978,12458413,0.0,1.0
2019-02-05 00:00:00+00:00,39.12,39.29,38.6,38.88,13240190,36.4774488928,36.635965414,35.9925748277,36.2536608628,13240190,0.0,1.0
2019-02-06 00:00:00+00:00,40.28,40.71,39.2,39.29,21058321,37.5590910379,37.9600445916,36.5520449028,36.635965414,21058321,0.0,1.0
2019-02-07 00:00:00+00:00,39.92,40.33,39.56,39.73,13395629,37.2234089928,37.6057135441,36.8877269478,37.0462434691,13395629,0.0,1.0
2019-02-08 00:00:00+00:00,39.78,39.8,38.73,39.3,9891633,37.0928659753,37.1115149778,36.113793344,36.6452899153,9891633,0.0,1.0
2019-02-11 00:00:00+00:00,39.9,40.19,39.33,39.97,9969547,37.2047599903,37.4751705266,36.673263419,37.2700314991,9969547,0.0,1.0
2019-02-12 00:00:00+00:00,40.69,40.89,40.28,40.38,8911886,37.9413955891,38.1278856142,37.5590910379,37.6523360504,8911886,0.0,1.0
2019-02-13 00:00:00+00:00,40.85,41.24,40.72,40.96,10134166,38.0905876092,38.4542431579,37.9693690929,38.1931571229,10134166,0.0,1.0
2019-02-14 00:00:00+00:00,40.71,41.22,40.51,40.7,13938398,37.9600445916,38.4355941554,37.7735545666,37.9507200904,13938398,0.0,1.0
2019-02-15 00:00:00+00:00,39.1,40.2,38.59,40.0,22396286,36.4587998903,37.4844950279,35.9832503265,37.2980050028,22396286,0.0,1.0
2019-02-19 00:00:00+00:00,39.3,39.71,39.0,39.0,12353083,36.6452899153,37.0275944666,36.3655548778,36.3655548778,12353083,0.0,1.0
2019-02-20 00:00:00+00:00,39.0,39.36,38.88,39.15,9575857,36.5520449028,36.8894483942,36.4395770723,36.6926296909,9575857,0.2,1.0
2019-02-21 00:00:00+00:00,38.83,39.26,38.5334,39.0,7178769,36.3927154763,36.7957252021,36.1147324886,36.5520449028,7178769,0.0,1.0
2019-02-22 00:00:00+00:00,39.43,39.44,38.8,38.89,8149656,36.9550546286,36.9644269478,36.3645985187,36.4489493915,8149656,0.0,1.0
2019-02-25 00:00:00+00:00,39.66,40.08,39.62,39.92,8064793,37.1706179704,37.564255377,37.1331286936,37.4142982697,8064793,0.0,1.0
2019-02-26 00:00:00+00:00,39.58,39.87,39.48,39.53,6159319,37.0956394167,37.3674366737,37.0019162247,37.0487778207,6159319,0.0,1.0
2019-02-27 00:00:00+00:00,38.78,39.32,38.3,39.3,14038518,36.3458538803,36.8519591174,35.8959825584,36.833214479,14038518,0.0,1.0
2019-02-28 00:00:00+00:00,38.34,38.61,37.92,38.48,9785071,35.9334718352,36.1865244538,35.5398344286,36.0646843041,9785071,0.0,1.0
2019-03-01 00:00:00+00:00,38.56,38.94,38.06,38.66,7852887,36.1396628577,36.4958109876,35.6710468974,36.2333860498,7852887,0.0,1.0
2019-03-04 00:00:00+00:00,39.08,40.18,38.41,38.97,20810690,36.6270234564,37.6579785691,35.9990780696,36.5239279452,20810690,0.0,1.0
2019-03-05 00:00:00+00:00,38.93,39.25,38.76,39.18,12449142,36.4864386683,36.7863528829,36.3271092418,36.7207466485,12449142,0.0,1.0
2019-03-06 00:00:00+00:00,38.07,38.94,37.66,38.88,12557776,35.6804192166,36.4958109876,35.2961541292,36.4395770723,12557776,0.0,1.0
2019-03-07 00:00:00+00:00,37.57,37.95,37.05,37.95,9831733,35.2118032564,35.5679513862,34.7244426577,35.5679513862,9831733,0.0,1.0
2019-03-08 00:00:00+00:00,37.74,37.84,36.8,36.84,8174435,35.3711326829,35.4648558749,34.4901346775,34.5276239543,8174435,0.0,1.0
2019-03-11 00:00:00+00:00,38.51,38.89,37.81,37.95,7199520,36.0928012617,36.4489493915,35.4367389173,35.5679513862,7199520,0.0,1.0
2019-03-12 00:00:00+00:00,38.71,39.03,38.32,38.7,6267672,36.2802476458,36.5801618604,35.9147271968,36.2708753266,6267672,0.0,1.0
2019-03-13 00:00:00+00:00,38.6,39.1,38.56,38.94,6404409,36.1771521346,36.6457680948,36.1396628577,36.4958109876,6404409,0.0,1.0
2019-03-14 00:00:00+00:00,38.93,39.83,38.7,38.7,9491100,36.4864386683,37.3299473969,36.2708753266,36.2708753266,9491100,0.0,1.0
2019-03-15 00:00:00+00:00,40.39,41.03,39.3,39.35,23021455,37.8547972724,38.4546257016,36.833214479,36.880076075,23021455,0.0,1.0
2019-03-18 00:00:00+00:00,40.0,40.71,39.91,40.41,7670758,37.4892768234,38.154711487,37.4049259505,37.8735419108,7670758,0.0,1.0
2019-03-19 00:00:00+00:00,40.37,40.74,40.17,40.2,7134477,37.836052634,38.1828284446,37.6486062499,37.6767232075,7134477,0.0,1.0
2019-03-20 00:00:00+00:00,39.57,40.62,39.36,40.38,7772419,37.0862670975,38.0703606141,36.8894483942,37.8454249532,7772419,0.0,1.0
2019-03-21 00:00:00+00:00,41.33,41.99,39.78,39.79,13135688,38.7357952778,39.3543683453,37.2830858008,37.2924581201,13135688,0.0,1.0
2019-03-22 00:00:00+00:00,39.86,41.21,39.81,41.04,9468291,37.3580643545,38.6233274473,37.3112027585,38.4639980208,9468291,0.0,1.0
2019-03-25 00:00:00+00:00,39.4,40.13,39.07,39.69,6710168,36.926937671,37.611116973,36.6176511372,37.198734928,6710168,0.0,1.0
2019-03-26 00:00:00+00:00,39.63,40.48,39.19,39.83,8138050,37.1425010128,37.9391481453,36.7301189677,37.3299473969,8138050,0.0,1.0
2019-03-27 00:00:00+00:00,38.93,39.91,38.57,39.67,7737550,36.4864386683,37.4049259505,36.1490351769,37.1799902896,7737550,0.0,1.0
2019-03-28 00:00:00+00:00,38.51,39.2,38.24,38.92,8298258,36.0928012617,36.7394912869,35.8397486431,36.4770663491,8298258,0.0,1.0
2019-03-29 00:00:00+00:00,39.66,39.85,39.0,39.06,9221519,37.1706179704,37.3486920353,36.5520449028,36.608278818,9221519,0.0,1.0
2019-04-01 00:00:00+00:00,41.13,41.17,40.21,40.3,11731010,38.5483488936,38.5858381705,37.6860955267,37.7704463995,11731010,0.0,1.0
2019-04-02 00:00:00+00:00,40.99,41.22,40.61,41.0,8688625,38.4171364248,38.6326997665,38.0609882949,38.426508744,8688625,0.0,1.0
2019-04-03 00:00:00+00:00,42.43,43.01,41.62,41.66,13204805,39.7667503904,40.3103449043,39.0075925347,39.0450818115,13204805,0.0,1.0
2019-04-04 00:00:00+00:00,42.62,42.83,42.02,42.07,8472810,39.9448244553,40.1416431586,39.382485303,39.429346899,8472810,0.0,1.0
2019-04-05 00:00:00+00:00,43.04,43.39,42.69,43.0,8502898,40.338461862,40.6664930342,40.0104306897,40.3009725851,8502898,0.0,1.0
2019-04-08 00:00:00+00:00,42.92,43.01,42.11,42.93,6314180,40.2259940315,40.3103449043,39.4668361758,40.2353663507,6314180,0.0,1.0
2019-04-09 00:00:00+00:00,42.01,42.6,41.66,42.55,7412510,39.3731129837,39.9260798169,39.0450818115,39.8792182209,7412510,0.0,1.0
2019-04-10 00:00:00+00:00,42.17,42.34,41.73,41.91,5442592,39.523070091,39.6823995175,39.110688046,39.2793897917,5442592,0.0,1.0
2019-04-11 00:00:00+00:00,42.47,42.94,42.29,42.43,6577569,39.8042396672,40.2447386699,39.6355379215,39.7667503904,6577569,0.0,1.0
2019-04-12 00:00:00+00:00,42.99,43.36,42.77,43.0,4923546,40.2916002659,40.6383760765,40.0854092434,40.3009725851,4923546,0.0,1.0
2019-04-15 00:00:00+00:00,42.71,43.13,42.33,42.75,5739305,40.0291753282,40.4228127348,39.6730271983,40.066664605,5739305,0.0,1.0
2019-04-16 00:00:00+00:00,43.72,44.15,43.05,43.1,9881414,40.9757795679,41.3787892938,40.3478341812,40.3946957772,9881414,0.0,1.0
2019-04-17 00:00:00+00:00,43.89,44.53,43.57,44.35,8290885,41.1351089944,41.7349374236,40.8351947799,41.5662356779,8290885,0.0,1.0
2019-04-18 00:00:00+00:00,43.95,44.27,43.79,44.01,6122096,41.1913429097,41.4912571243,41.0413858024,41.2475768249,6122096,0.0,1.0
2019-04-22 00:00:00+00:00,43.79,43.98,43.27,43.86,4672174,41.0413858024,41.2194598673,40.5540252037,41.1069920368,4672174,0.0,1.0
2019-04-23 00:00:00+00:00,43.83,43.99,43.4,43.8,6703881,41.0788750792,41.2288321865,40.6758653534,41.0507581216,6703881,0.0,1.0
2019-04-24 00:00:00+00:00,44.46,45.64,43.88,43.91,10613300,41.6693311892,42.7752648555,41.1257366752,41.1538536329,10613300,0.0,1.0
2019-04-25 00:00:00+00:00,44.45,45.75,44.3,45.16,9547002,41.65995887,42.8783603667,41.5193740819,42.3253935336,9547002,0.0,1.0
2019-04-26 00:00:00+00:00,44.66,44.71,43.33,43.6,7204087,41.8567775733,41.9036391693,40.6102591189,40.8633117375,7204087,0.0,1.0
2019-04-29 00:00:00+00:00,44.24,44.91,44.2,44.57,5847251,41.4631401667,42.0910855534,41.4256508898,41.7724267004,5847251,0.0,1.0
2019-04-30 00:00:00+00:00,44.07,44.58,43.72,44.15,10447154,41.3038107402,41.7817990197,40.9757795679,41.3787892938,10447154,0.0,1.0
2019-05-01 00:00:00+00:00,43.38,44.67,43.38,44.04,9388108,40.6571207149,41.8661498925,40.6571207149,41.2756937825,9388108,0.0,1.0
2019-05-02 00:00:00+00:00,43.7,44.25,42.86,43.18,12709051,40.9570349295,41.4725124859,40.1697601162,40.4696743308,12709051,0.0,1.0
2019-05-03 00:00:00+00:00,43.96,44.15,43.61,44.03,7375613,41.2007152289,41.3787892938,40.8726840567,41.2663214633,7375613,0.0,1.0
2019-05-06 00:00:00+00:00,43.11,43.15,41.79,42.41,11824253,40.4040680964,40.4415573732,39.1669219612,39.748005752,11824253,0.0,1.0
2019-05-07 00:00:00+00:00,42.05,42.42,41.2,42.26,9898321,39.4106022606,39.7573780712,38.6139551281,39.6074209639,9898321,0.0,1.0
2019-05-08 00:00:00+00:00,41.58,42.2,41.26,41.7,7709165,38.9701032579,39.5511870487,38.6701890433,39.0825710884,7709165,0.0,1.0
2019-05-09 00:00:00+00:00,40.94,41.19,39.85,40.77,11580613,38.3702748287,38.6045828089,37.3486920353,38.2109454022,11580613,0.0,1.0
2019-05-10 00:00:00+00:00,40.8,41.19,39.79,40.82,9025471,38.2390623598,38.6045828089,37.2924581201,38.2578069983,9025471,0.0,1.0
2019-05-13 00:00:00+00:00,39.09,39.64,38.67,39.26,10725058,36.6363957756,37.151873332,36.242758369,36.7957252021,10725058,0.0,1.0
2019-05-14 00:00:00+00:00,40.01,40.39,39.4,39.53,8370277,37.4986491426,37.8547972724,36.926937671,37.0487778207,8370277,0.0,1.0
2019-05-15 00:00:00+00:00,41.5,41.86,40.11,40.41,12050984,38.8951247043,39.2325281957,37.5923723346,37.8735419108,12050984,0.0,1.0
2019-05-16 00:00:00+00:00,41.66,42.19,40.96,41.3,11932487,39.0450818115,39.5418147295,38.3890194671,38.7076783201,11932487,0.0,1.0
2019-05-17 00:00:00+00:00,42.7,44.36,42.57,43.35,20218164,40.019803009,41.5756079971,39.8979628593,40.6290037573,20218164,0.0,1.0
2019-05-20 00:00:00+00:00,40.35,42.76,40.22,41.8,21371762,37.8173079956,40.0760369242,37.6954678459,39.1762942804,21371762,0.0,1.0
2019-05-21 00:00:00+00:00,41.27,41.36,40.82,41.18,8949861,38.6795613625,38.7639122354,38.2578069983,38.5952104897,8949861,0.0,1.0
2019-05-22 00:00:00+00:00,40.49,40.88,40.15,40.75,5897455,38.1453391678,38.5127553761,37.8250276015,38.3902833067,5897455,0.21,1.0
2019-05-23 00:00:00+00:00,39.94,40.08,39.15,39.65,8459814,37.6271881047,37.7590811026,36.8829347597,37.3539811806,8459814,0.0,1.0
2019-05-24 00:00:00+00:00,39.5,40.4,39.45,40.27,8541760,37.2126672543,38.060550812,37.1655626122,37.9380787426,8541760,0.0,1.0
2019-05-28 00:00:00+00:00,39.01,40.03,39.0,39.81,10715581,36.7510417618,37.7119764605,36.7416208334,37.5047160353,10715581,0.0,1.0
2019-05-29 00:00:00+00:00,39.37,39.55,38.4,38.72,10137127,37.0901951849,37.2597718964,36.1763651283,36.4778348377,10137127,0.0,1.0
2019-05-30 00:00:00+00:00,39.75,40.4,39.29,39.45,7491657,37.4481904648,38.060550812,37.0148277575,37.1655626122,7491657,0.0,1.0
2019-05-31 00:00:00+00:00,38.69,39.96,38.68,39.2,8394926,36.4495720524,37.6460299616,36.440151124,36.9300394018,8394926,0.0,1.0
2019-06-03 00:00:00+00:00,38.78,39.66,38.54,38.97,7795295,36.5343604082,37.363402109,36.3082581261,36.7133580481,7795295,0.0,1.0
2019-06-04 00:00:00+00:00,40.42,40.65,39.28,39.52,14138929,38.0793926689,38.2960740225,37.0054068291,37.2315091112,14138929,0.0,1.0
2019-06-05 00:00:00+00:00,40.59,41.17,40.16,40.8,10143486,38.239548452,38.7859623003,37.83444853,38.4373879488,10143486,0.0,1.0
2019-06-06 00:00:00+00:00,41.38,41.49,40.49,40.54,8101730,38.9838017971,39.0874320097,38.1453391678,38.1924438099,8101730,0.0,1.0
2019-06-07 00:00:00+00:00,41.51,41.88,41.08,41.6,6391263,39.1062738665,39.454848218,38.7011739445,39.1910622223,6391263,0.0,1.0
2019-06-10 00:00:00+00:00,43.14,43.55,41.79,42.0,9651670,40.6418851988,41.0281432639,39.3700598622,39.567899359,9651670,0.0,1.0
2019-06-11 00:00:00+00:00,43.75,44.55,43.64,43.91,10536525,41.2165618323,41.9702361058,41.1129316197,41.367296687,10536525,0.0,1.0
2019-06-12 00:00:00+00:00,41.5,42.69,41.36,42.64,10059790,39.0968529381,40.2179434199,38.9649599402,40.1708387778,10059790,0.0,1.0
2019-06-13 00:00:00+00:00,41.65,42.02,41.15,41.61,6979452,39.2381668644,39.5867412159,38.7671204434,39.2004831507,6979452,0.0,1.0
2019-06-14 00:00:00+00:00,41.23,41.49,40.56,40.96,7695082,38.8424878708,39.0874320097,38.2112856667,38.5881228035,7695082,0.0,1.0
2019-06-17 00:00:00+00:00,40.5,41.2,40.24,41.11,12453319,38.1547600962,38.8142250855,37.9098159573,38.7294367297,12453319,0.0,1.0
2019-06-18 00:00:00+00:00,42.31,42.6,40.84,40.93,11291800,39.85994814,40.1331550642,38.4750716624,38.5598600182,11291800,0.0,1.0
2019-06-19 00:00:00+00:00,42.53,42.8387,42.24,42.69,9333080,40.0672085652,40.3580326255,39.7940016411,40.2179434199,9333080,0.0,1.0
2019-06-20 00:00:00+00:00,43.21,43.99,43.0,43.74,8633349,40.7078316977,41.4426641144,40.5099922009,41.2071409039,8633349,0.0,1.0
2019-06-21 00:00:00+00:00,42.96,43.2,42.61,42.9,12096425,40.4723084872,40.6984107693,40.1425759926,40.4157829167,12096425,0.0,1.0
2019-06-24 00:00:00+00:00,42.33,42.93,42.24,42.91,10997071,39.8787899968,40.444045702,39.7940016411,40.4252038451,10997071,0.0,1.0
2019-06-25 00:00:00+00:00,41.98,42.7,41.9,42.25,9637916,39.5490575022,40.2273643483,39.4736900748,39.8034225695,9637916,0.0,1.0
2019-06-26 00:00:00+00:00,43.58,43.8,42.93,43.0,10023943,41.0564060492,41.2636664744,40.444045702,40.5099922009,10023943,0.0,1.0
2019-06-27 00:00:00+00:00,44.69,44.87,43.79,43.89,8894448,42.1021291037,42.2717058152,41.254245546,41.3484548302,8894448,0.0,1.0
2019-06-28 00:00:00+00:00,44.91,45.39,44.68,45.13,15599720,42.3093895289,42.761594093,42.0927081753,42.5166499541,15599720,0.0,1.0
2019-07-01 00:00:00+00:00,45.68,47.55,45.22,46.63,11475932,43.0348010171,44.7965146315,42.6014383099,43.9297892169,11475932,0.0,1.0
2019-07-02 00:00:00+00:00,44.66,45.22,44.12,45.11,13869042,42.0738663184,42.6014383099,41.5651361838,42.4978080973,13869042,0.0,1.0
2019-07-03 00:00:00+00:00,44.67,44.78,44.36,44.52,5559091,42.0832872468,42.1869174595,41.7912384659,41.9419733206,5559091,0.0,1.0
2019-07-05 00:00:00+00:00,43.98,44.42,43.56,44.24,6618191,41.4332431859,41.8477640364,41.0375641924,41.6781873248,6618191,0.0,1.0
2019-07-08 00:00:00+00:00,43.45,43.75,43.06,43.16,9733012,40.9339339798,41.2165618323,40.5665177714,40.6607270556,9733012,0.0,1.0
2019-07-09 00:00:00+00:00,43.97,44.06,42.88,43.23,12432619,41.4238222575,41.5086106133,40.3969410599,40.7266735545,12432619,0.0,1.0
2019-07-10 00:00:00+00:00,44.72,45.43,44.45,44.5,7184698,42.1303918889,42.7992778067,41.8760268216,41.9231314637,7184698,0.0,1.0
2019-07-11 00:00:00+00:00,45.28,45.37,44.37,45.07,8128518,42.6579638804,42.7427522362,41.8006593943,42.4601243836,8128518,0.0,1.0
2019-07-12 00:00:00+00:00,46.51,46.55,45.36,45.36,9030857,43.8167380759,43.8544217896,42.7333313077,42.7333313077,9030857,0.0,1.0
2019-07-15 00:00:00+00:00,46.28,47.43,45.92,46.85,6723387,43.6000567223,44.6834634904,43.2609032992,44.1370496421,6723387,0.0,1.0
2019-07-16 00:00:00+00:00,46.01,46.23,45.5,46.0,6671096,43.345691655,43.5529520802,42.8652243056,43.3362707266,6671096,0.0,1.0
2019-07-17 00:00:00+00:00,46.22,46.47,45.62,46.26,8459934,43.5435311518,43.7790543622,42.9782754466,43.5812148654,8459934,0.0,1.0
2019-07-18 00:00:00+00:00,48.17,48.64,46.38,46.47,14577891,45.3806121934,45.8233958291,43.6942660065,43.7790543622,14577891,0.0,1.0
2019-07-19 00:00:00+00:00,47.81,48.49,47.66,48.31,9415245,45.0414587704,45.6820819028,44.9001448441,45.5125051913,9415245,0.0,1.0
2019-07-22 00:00:00+00:00,50.73,50.8,49.21,49.32,21606446,47.7923698686,47.8583163676,46.360388749,46.4640189616,21606446,0.0,1.0
2019-07-23 00:00:00+00:00,51.03,51.32,50.12,50.64,10063926,48.0749977212,48.3482046454,47.2176932351,47.7075815129,10063926,0.0,1.0
2019-07-24 00:00:00+00:00,52.14,52.42,50.76,50.99,11289791,49.1207207757,49.3845067714,47.8206326539,48.0373140075,11289791,0.0,1.0
2019-07-25 00:00:00+00:00,50.82,51.79,50.67,51.72,8300988,47.8771582244,48.790988281,47.7358442981,48.7250417821,8300988,0.0,1.0
2019-07-26 00:00:00+00:00,50.74,51.1,50.46,50.89,5737709,47.8017907971,48.1409442201,47.5380048013,47.9431047234,5737709,0.0,1.0
2019-07-29 00:00:00+00:00,50.67,50.77,50.06,50.46,4485653,47.7358442981,47.8300535823,47.1611676646,47.5380048013,4485653,0.0,1.0
2019-07-30 00:00:00+00:00,50.73,51.05,49.91,50.06,4666303,47.7923698686,48.0938395781,47.0198537383,47.1611676646,4666303,0.0,1.0
2019-07-31 00:00:00+00:00,49.37,50.59,48.69,50.53,8334837,46.5111236037,47.6604768708,45.8705004712,47.6039513003,8334837,0.0,1.0
2019-08-01 00:00:00+00:00,48.47,51.05,47.91,49.44,11076755,45.663240046,48.0938395781,45.1356680545,46.5770701026,11076755,0.0,1.0
2019-08-02 00:00:00+00:00,47.55,48.4,47.19,48.0,8093891,44.7965146315,45.5972935471,44.4573612084,45.2204564103,8093891,0.0,1.0
2019-08-05 00:00:00+00:00,45.46,46.2,44.97,46.2,12069931,42.8275405919,43.5246892949,42.3659150994,43.5246892949,12069931,0.0,1.0
2019-08-06 00:00:00+00:00,46.33,46.97,45.68,46.42,7428271,43.6471613644,44.2501007832,43.0348010171,43.7319497201,7428271,0.0,1.0
2019-08-07 00:00:00+00:00,46.68,46.86,45.75,46.04,7591370,43.976893859,44.1464705706,43.1007475161,43.3739544402,7591370,0.0,1.0
2019-08-08 00:00:00+00:00,47.86,47.95,46.89,47.09,6122892,45.0885634124,45.1733517682,44.1747333558,44.3631519242,6122892,0.0,1.0
2019-08-09 00:00:00+00:00,47.15,47.54,46.56,47.54,5293173,44.4196774947,44.787093703,43.863842718,44.787093703,5293173,0.0,1.0
2019-08-12 00:00:00+00:00,46.46,47.09,46.23,46.98,7105235,43.7696334338,44.3631519242,43.5529520802,44.2595217116,7105235,0.0,1.0
2019-08-13 00:00:00+00:00,48.06,48.25,46.07,46.43,9162331,45.2769819808,45.4559796208,43.4022172255,43.7413706486,9162331,0.0,1.0
2019-08-14 00:00:00+00:00,46.71,47.25,46.39,46.95,7212301,44.0051566443,44.5138867789,43.7036869349,44.2312589263,7212301,0.0,1.0
2019-08-15 00:00:00+00:00,47.16,47.31,46.5,47.0,10962138,44.4290984231,44.5704123494,43.8073171475,44.2783635684,10962138,0.0,1.0
2019-08-16 00:00:00+00:00,46.63,46.99,44.62,45.96,17870792,43.9297892169,44.26894264,42.0361826048,43.2985870129,17870792,0.0,1.0
2019-08-19 00:00:00+00:00,47.1,47.93,46.8,47.6,8861112,44.3725728526,45.1545099114,44.0899450001,44.8436192736,8861112,0.0,1.0
2019-08-20 00:00:00+00:00,46.73,47.14,46.51,46.93,7753815,44.0239985011,44.4102565663,43.8167380759,44.2124170695,7753815,0.0,1.0
2019-08-21 00:00:00+00:00,46.83,47.52,46.73,47.2,5198369,44.3160472821,44.9690063388,44.2214155348,44.6661847473,5198369,0.21,1.0
2019-08-22 00:00:00+00:00,47.03,47.28,46.44,47.14,4280682,44.5053107768,44.7418901452,43.9469834675,44.6094056989,4280682,0.0,1.0
2019-08-23 00:00:00+00:00,45.12,46.84,44.82,46.51,11616331,42.6978444025,44.3255104568,42.4139491605,44.0132256906,11616331,0.0,1.0
2019-08-26 00:00:00+00:00,45.61,46.17,45.44,46.0,5715187,43.1615399645,43.6914777496,43.000665994,43.5306037791,5715187,0.0,1.0
2019-08-27 00:00:00+00:00,45.51,46.24,45.11,46.0,5926887,43.0669082171,43.7577199728,42.6883812278,43.5306037791,5926887,0.0,1.0
2019-08-28 00:00:00+00:00,45.9,46.04,45.05,45.4,4793138,43.4359720318,43.5684564781,42.6316021793,42.9628132951,4793138,0.0,1.0
2019-08-29 00:00:00+00:00,47.31,47.42,46.63,46.66,6786670,44.7702796694,44.8743745914,44.1267837874,44.1551733116,6786670,0.0,1.0
2019-08-30 00:00:00+00:00,48.02,48.09,47.39,47.55,7820358,45.4421650755,45.5084072987,44.8459850672,44.997395863,7820358,0.0,1.0
2019-09-03 00:00:00+00:00,47.61,47.77,47.16,47.64,7145753,45.0541749114,45.2055857072,44.6283320483,45.0825644356,7145753,0.0,1.0
2019-09-04 00:00:00+00:00,49.51,49.56,48.4,48.57,10227852,46.852178111,46.8994939847,45.8017657154,45.9626396859,10227852,0.0,1.0
2019-09-05 00:00:00+00:00,50.35,51.73,50.27,50.46,10415877,47.6470847887,48.9530029021,47.5713793908,47.7511797108,10415877,0.0,1.0
2019-09-06 00:00:00+00:00,50.1,50.5,49.8,50.47,6913666,47.4105054203,47.7890324097,47.1266101783,47.7606428855,6913666,0.0,1.0
2019-09-09 00:00:00+00:00,50.66,50.8,49.96,50.29,6653765,47.9404432055,48.0729276517,47.278020974,47.5903057403,6653765,0.0,1.0
2019-09-10 00:00:00+00:00,50.19,50.49,49.62,50.38,7304000,47.4956739929,47.779569235,46.9562730331,47.6754743129,7304000,0.0,1.0
2019-09-11 00:00:00+00:00,51.56,51.57,50.01,50.43,8100369,48.7921289316,48.8015921063,47.3253368477,47.7227901866,8100369,0.0,1.0
2019-09-12 00:00:00+00:00,51.25,51.86,51.04,51.65,6251842,48.4987705148,49.0760241736,48.3000438454,48.8772975042,6251842,0.0,1.0
2019-09-13 00:00:00+00:00,51.35,51.98,51.04,51.74,6052724,48.5934022621,49.1895822704,48.3000438454,48.9624660768,6052724,0.0,1.0
2019-09-16 00:00:00+00:00,50.92,51.48,50.28,50.73,5164314,48.1864857486,48.7164235337,47.5808425655,48.0066854286,5164314,0.0,1.0
2019-09-17 00:00:00+00:00,51.2,51.26,50.43,50.55,5478739,48.4514546411,48.5082336895,47.7227901866,47.8363482834,5478739,0.0,1.0
2019-09-18 00:00:00+00:00,52.09,52.1,51.03,51.26,7924463,49.2936771925,49.3031403672,48.2905806706,48.5082336895,7924463,0.0,1.0
2019-09-19 00:00:00+00:00,51.68,52.62,51.37,52.49,6048521,48.9056870284,49.7952254534,48.6123286116,49.6722041819,6048521,0.0,1.0
2019-09-20 00:00:00+00:00,50.96,52.02,50.87,51.9,11651466,48.2243384475,49.2274349694,48.1391698749,49.1138768725,11651466,0.0,1.0
2019-09-23 00:00:00+00:00,51.76,51.97,50.8,50.85,5474049,48.9813924263,49.1801190957,48.0729276517,48.1202435254,5474049,0.0,1.0
2019-09-24 00:00:00+00:00,51.16,52.58,50.87,52.02,7090554,48.4136019422,49.7573727545,48.1391698749,49.2274349694,7090554,0.0,1.0
2019-09-25 00:00:00+00:00,51.93,52.12,50.5,50.65,5488284,49.1422663968,49.3220667167,47.7890324097,47.9309800307,5488284,0.0,1.0
2019-09-26 00:00:00+00:00,52.15,52.46,51.81,52.17,4912909,49.3504562409,49.6438146577,49.0287082999,49.3693825904,4912909,0.0,1.0
2019-09-27 00:00:00+00:00,49.43,51.46,49.15,51.12,11206261,46.7764727131,48.6974971842,46.5115038205,48.3757492432,11206261,0.0,1.0
2019-09-30 00:00:00+00:00,49.9,50.22,49.26,49.75,6780365,47.2212419256,47.5240635171,46.6155987426,47.0792943046,6780365,0.0,1.0
2019-10-01 00:00:00+00:00,50.02,51.0,49.78,50.41,7746018,47.3348000224,48.2621911464,47.1076838288,47.7038638371,7746018,0.0,1.0
2019-10-02 00:00:00+00:00,49.46,49.88,49.21,49.37,6563804,46.8048622373,47.2023155762,46.5682828689,46.7196936647,6563804,0.0,1.0
2019-10-03 00:00:00+00:00,49.64,49.77,48.78,49.42,7082515,46.9751993825,47.0982206541,46.1613663554,46.7670095384,7082515,0.0,1.0
2019-10-04 00:00:00+00:00,50.88,50.9,49.89,50.01,4620605,48.1486330496,48.1675593991,47.2117787509,47.3253368477,4620605,0.0,1.0
2019-10-07 00:00:00+00:00,50.65,51.11,50.58,50.82,5482744,47.9309800307,48.3662860685,47.8647378076,48.0918540012,5482744,0.0,1.0
2019-10-08 00:00:00+00:00,49.31,50.28,49.08,50.15,5722592,46.6629146163,47.5808425655,46.4452615974,47.457821294,5722592,0.0,1.0
2019-10-09 00:00:00+00:00,50.84,51.17,50.0,50.12,6362242,48.1107803507,48.4230651169,47.315873673,47.4294317698,6362242,0.0,1.0
2019-10-10 00:00:00+00:00,51.01,51.6,50.64,50.67,5368631,48.2716543212,48.8299816305,47.921516856,47.9499063802,5368631,0.0,1.0
2019-10-11 00:00:00+00:00,51.75,52.39,51.71,52.16,6823720,48.9719292515,49.5775724345,48.9340765526,49.3599194156,6823720,0.0,1.0
2019-10-14 00:00:00+00:00,51.94,52.13,51.79,51.81,3429704,49.1517295715,49.3315298914,49.0097819505,49.0287082999,3429704,0.0,1.0
2019-10-15 00:00:00+00:00,52.91,53.14,51.88,52.07,8063938,50.0696575207,50.2873105396,49.0949505231,49.274750843,8063938,0.0,1.0
2019-10-16 00:00:00+00:00,51.56,52.8,51.35,51.88,8456280,48.7921289316,49.9655625987,48.5934022621,49.0949505231,8456280,0.0,1.0
2019-10-17 00:00:00+00:00,52.14,53.25,51.84,52.46,5159955,49.3409930662,50.3914054617,49.0570978241,49.6438146577,5159955,0.0,1.0
2019-10-18 00:00:00+00:00,51.68,52.41,51.04,52.22,6393604,48.9056870284,49.596498784,48.3000438454,49.4166984641,6393604,0.0,1.0
2019-10-21 00:00:00+00:00,52.64,52.71,51.99,52.19,5738240,49.8141518029,49.880394026,49.1990454452,49.3883089398,5738240,0.0,1.0
2019-10-22 00:00:00+00:00,51.98,52.71,51.94,52.65,4484021,49.1895822704,49.880394026,49.1517295715,49.8236149776,4484021,0.0,1.0
2019-10-23 00:00:00+00:00,50.53,51.45,50.24,51.29,8608126,47.8174219339,48.6880340095,47.5429898666,48.5366232137,8608126,0.0,1.0
2019-10-24 00:00:00+00:00,55.07,55.12,52.75,52.94,18723030,52.1137032634,52.1610191371,49.918246725,50.0980470449,18723030,0.0,1.0
2019-10-25 00:00:00+00:00,55.72,55.84,54.53,54.9,8568345,52.7288096212,52.842367718,51.6026918277,51.9528292929,8568345,0.0,1.0
2019-10-28 00:00:00+00:00,56.95,57.29,56.0,56.03,8742449,53.8927801135,54.2145280545,52.9937785137,53.0221680379,8742449,0.0,1.0
2019-10-29 00:00:00+00:00,55.52,57.09,55.4,56.68,6354593,52.5395461265,54.0252645598,52.4259880297,53.6372743957,6354593,0.0,1.0
2019-10-30 00:00:00+00:00,55.21,55.44,54.67,55.33,4247462,52.2461877097,52.4638407286,51.735176274,52.3597458065,4247462,0.0,1.0
2019-10-31 00:00:00+00:00,54.26,55.19,53.56,55.19,6741838,51.3471861099,52.2272613602,50.6847638785,52.2272613602,6741838,0.0,1.0
2019-11-01 00:00:00+00:00,55.46,55.47,54.41,54.93,5899037,52.4827670781,52.4922302528,51.4891337309,51.9812188171,5899037,0.0,1.0
2019-11-04 00:00:00+00:00,55.74,56.4,55.34,56.02,4152542,52.7477359706,53.3723055031,52.3692089812,53.0127048632,4152542,0.0,1.0
2019-11-05 00:00:00+00:00,55.88,56.29,55.57,56.09,3857929,52.8802204169,53.268210581,52.5868620001,53.0789470863,3857929,0.0,1.0
2019-11-06 00:00:00+00:00,55.82,55.88,54.91,55.6,3965867,52.8234413685,52.8802204169,51.9622924677,52.6152515243,3965867,0.0,1.0
2019-11-07 00:00:00+00:00,55.94,56.49,55.63,56.31,4487535,52.9369994653,53.4574740757,52.6436410486,53.2871369305,4487535,0.0,1.0
2019-11-08 00:00:00+00:00,56.03,56.14,55.13,55.7,3313903,53.0221680379,53.12626296,52.1704823118,52.7098832717,3313903,0.0,1.0
2019-11-11 00:00:00+00:00,56.59,56.73,55.55,55.77,5651305,53.5521058231,53.6845902694,52.5679356507,52.7761254948,5651305,0.0,1.0
2019-11-12 00:00:00+00:00,56.42,57.25,56.2,57.0,5118063,53.3912318526,54.1766753556,53.1830420084,53.9400959872,5118063,0.0,1.0
2019-11-13 00:00:00+00:00,57.12,57.39,56.01,56.11,5712885,54.053654084,54.3091598018,53.0032416885,53.0978734358,5712885,0.0,1.0
2019-11-14 00:00:00+00:00,56.96,57.2,56.51,57.14,8305853,53.9022432883,54.1293594819,53.4764004252,54.0725804335,8305853,0.0,1.0
2019-11-15 00:00:00+00:00,62.06,62.92,60.22,60.33,28391526,58.7284624029,59.5422954301,56.9872382517,57.0913331738,28391526,0.0,1.0
2019-11-18 00:00:00+00:00,62.35,63.07,61.36,61.89,10413290,59.0028944702,59.6842430511,58.0660401715,58.5675884324,10413290,0.0,1.0
2019-11-19 00:00:00+00:00,60.94,62.67,60.85,62.29,9887589,57.6685868326,59.3057160617,57.58341826,58.9461154218,9887589,0.0,1.0
2019-11-20 00:00:00+00:00,59.65,60.43,59.09,60.03,12045741,56.6465639613,57.3872901958,56.1147605109,57.0074305884,12045741,0.21,1.0
2019-11-21 00:00:00+00:00,56.44,58.45,55.65,56.64,13935308,53.5981906115,55.5069851389,52.8479678868,53.7881204152,13935308,0.0,1.0
2019-11-22 00:00:00+00:00,55.94,57.14,55.44,56.56,8627714,53.1233661022,54.2629449245,52.6485415929,53.7121484937,8627714,0.0,1.0
2019-11-25 00:00:00+00:00,58.28,58.42,56.56,56.62,11194841,55.3455448058,55.4784956684,53.7121484937,53.7691274348,11194841,0.0,1.0
2019-11-26 00:00:00+00:00,57.57,58.42,57.08,58.27,10256637,54.6712940025,55.4784956684,54.2059659834,55.3360483156,10256637,0.0,1.0
2019-11-27 00:00:00+00:00,58.29,58.39,57.74,57.89,5703005,55.3550412959,55.4500061978,54.8327343357,54.9751816885,5703005,0.0,1.0
2019-11-29 00:00:00+00:00,57.9,58.3,57.72,58.09,2905829,54.9846781787,55.3645377861,54.8137413553,55.1651114922,2905829,0.0,1.0
2019-12-02 00:00:00+00:00,56.7,58.14,56.48,58.14,6161355,53.8450993563,55.2125939432,53.6361765722,55.2125939432,6161355,0.0,1.0
2019-12-03 00:00:00+00:00,55.34,55.91,54.95,55.18,7762747,52.553576691,53.0948766316,52.1832135737,52.401632848,7762747,0.0,1.0
2019-12-04 00:00:00+00:00,56.09,56.54,55.59,56.41,6564594,53.265813455,53.6931555133,52.7909889456,53.5697011409,6564594,0.0,1.0
2019-12-05 00:00:00+00:00,55.84,56.53,55.65,56.33,5292329,53.0284012003,53.6836590232,52.8479678868,53.4937292194,5292329,0.0,1.0
2019-12-06 00:00:00+00:00,56.6,57.49,56.48,56.75,6033535,53.7501344545,54.595322081,53.6361765722,53.8925818073,6033535,0.0,1.0
2019-12-09 00:00:00+00:00,56.6,57.23,56.55,57.12,4750359,53.7501344545,54.3484133362,53.7026520035,54.2439519441,4750359,0.0,1.0
2019-12-10 00:00:00+00:00,56.62,57.17,56.46,57.17,6330163,53.7691274348,54.2914343951,53.6171835919,54.2914343951,6330163,0.0,1.0
2019-12-11 00:00:00+00:00,59.04,59.13,56.7,56.82,8840937,56.0672780599,56.1527464716,53.8450993563,53.9590572386,8840937,0.0,1.0
2019-12-12 00:00:00+00:00,60.36,60.48,59.01,59.02,9285907,57.3208147645,57.4347726467,56.0387885894,56.0482850795,9285907,0.0,1.0
2019-12-13 00:00:00+00:00,59.87,60.81,59.78,60.01,6172672,56.8554867454,57.7481568229,56.7700183337,56.988437608,6172672,0.0,1.0
2019-12-16 00:00:00+00:00,59.96,61.43,59.93,61.0,6430827,56.9409551571,58.3369392144,56.9124656865,57.9285901364,6430827,0.0,1.0
2019-12-17 00:00:00+00:00,60.79,60.9,60.23,60.45,7848028,57.7291638425,57.8336252346,57.1973603921,57.4062831762,7848028,0.0,1.0
2019-12-18 00:00:00+00:00,60.38,61.41,60.37,60.82,6529503,57.3398077449,58.3179462341,57.3303112547,57.7576533131,6529503,0.0,1.0
2019-12-19 00:00:00+00:00,60.67,60.7,59.88,60.57,6764975,57.6152059603,57.6436954308,56.8649832356,57.5202410584,6764975,0.0,1.0
2019-12-20 00:00:00+00:00,61.81,61.98,60.7,61.21,15663075,58.6978058415,58.8592461747,57.6436954308,58.1280164303,15663075,0.0,1.0
2019-12-23 00:00:00+00:00,61.08,62.0,61.03,61.95,5842104,58.0045620579,58.8782391551,57.957079607,58.8307567041,5842104,0.0,1.0
2019-12-24 00:00:00+00:00,61.5,61.52,60.94,61.37,1624148,58.4034146457,58.4224076261,57.8716111953,58.2799602733,1624148,0.0,1.0
2019-12-26 00:00:00+00:00,61.31,61.68,61.04,61.61,2960848,58.2229813322,58.5743514691,57.9665760972,58.5078760378,2960848,0.0,1.0
2019-12-27 00:00:00+00:00,61.17,61.68,60.83,61.59,3315350,58.0900304696,58.5743514691,57.7671498033,58.4888830574,3315350,0.0,1.0
2019-12-30 00:00:00+00:00,60.93,61.38,60.19,61.35,3566742,57.8621147051,58.2894567635,57.1593744313,58.260967293,3566742,0.0,1.0
2019-12-31 00:00:00+00:00,61.04,61.08,60.1,60.68,3878974,57.9665760972,58.0045620579,57.0739060197,57.6247024505,3878974,0.0,1.0
2020-01-02 00:00:00+00:00,62.2,62.65,61.7,62.0,6289207,59.0681689588,59.4955110172,58.5933444495,58.8782391551,6289207,0.0,1.0
2020-01-03 00:00:00+00:00,61.21,61.73,60.56,60.69,5416193,58.1280164303,58.62183392,57.5107445682,57.6341989407,5416193,0.0,1.0
2020-01-06 00:00:00+00:00,59.89,60.46,59.3,59.85,8588868,56.8744797258,57.4157796664,56.3141868048,56.836493765,8588868,0.0,1.0
2020-01-07 00:00:00+00:00,61.62,62.1,60.14,60.27,8002207,58.517372528,58.9732040569,57.1118919804,57.2353463528,8002207,0.0,1.0
2020-01-08 00:00:00+00:00,61.58,62.2,61.25,61.7,4364451,58.4793865672,59.0681689588,58.1660023911,58.5933444495,4364451,0.0,1.0
2020-01-09 00:00:00+00:00,61.97,62.85,61.21,62.2,5713547,58.8497496845,59.6854408209,58.1280164303,59.0681689588,5713547,0.0,1.0
2020-01-10 00:00:00+00:00,61.47,62.71,61.2,62.53,4456534,58.3749251752,59.5524899583,58.1185199402,59.3815531349,4456534,0.0,1.0
2020-01-13 00:00:00+00:00,61.81,61.95,61.34,61.48,4072909,58.6978058415,58.8307567041,58.2514708028,58.3844216654,4072909,0.0,1.0
2020-01-14 00:00:00+00:00,62.35,63.55,62.08,62.09,8003042,59.2106163116,60.3501951339,58.9542110766,58.9637075667,8003042,0.0,1.0
2020-01-15 00:00:00+00:00,61.93,62.37,61.35,62.3,6314386,58.8117637238,59.229609292,58.260967293,59.1631338607,6314386,0.0,1.0
2020-01-16 00:00:00+00:00,63.21,63.23,62.47,62.59,5733795,60.0273144676,60.046307448,59.3245741938,59.4385320761,5733795,0.0,1.0
2020-01-17 00:00:00+00:00,62.85,63.81,62.53,63.79,6327840,59.6854408209,60.5971038788,59.3815531349,60.5781108984,6327840,0.0,1.0
2020-01-21 00:00:00+00:00,63.2,63.89,62.65,62.74,5401331,60.0178179774,60.6730758003,59.4955110172,59.5809794289,5401331,0.0,1.0
2020-01-22 00:00:00+00:00,63.89,64.6,63.62,63.7,5598714,60.6730758003,61.3473266035,60.4166705652,60.4926424867,5598714,0.0,1.0
2020-01-23 00:00:00+00:00,63.89,64.26,63.13,64.13,6540695,60.6730758003,61.0244459372,59.9513425461,60.9009915647,6540695,0.0,1.0
2020-01-24 00:00:00+00:00,62.0,64.93,61.61,64.8,8007737,58.8782391551,61.6607107797,58.5078760378,61.5372564072,8007737,0.0,1.0
2020-01-27 00:00:00+00:00,59.05,60.45,58.82,59.95,9350583,56.0767745501,57.4062831762,55.8583552758,56.9314586669,9350583,0.0,1.0
2020-01-28 00:00:00+00:00,60.19,60.35,58.92,59.76,6228135,57.1593744313,57.3113182743,55.9533201777,56.7510253533,6228135,0.0,1.0
2020-01-29 00:00:00+00:00,59.82,60.66,59.49,60.07,6532570,56.8080042945,57.6057094701,56.4946201183,57.0454165491,6532570,0.0,1.0
2020-01-30 00:00:00+00:00,60.25,62.03,59.42,61.54,9656093,57.2163533725,58.9067286256,56.428144687,58.4414006065,9656093,0.0,1.0
2020-01-31 00:00:00+00:00,57.99,59.85,57.53,59.82,10132161,55.0701465904,56.836493765,54.6333080418,56.8080042945,10132161,0.0,1.0
2020-02-03 00:00:00+00:00,59.72,60.25,58.66,58.68,7850022,56.7130393926,57.2163533725,55.7064114328,55.7254044132,7850022,0.0,1.0
2020-02-04 00:00:00+00:00,63.01,63.65,61.2,61.41,12322095,59.8373846639,60.4451600358,58.1185199402,58.3179462341,12322095,0.0,1.0
2020-02-05 00:00:00+00:00,63.8,64.44,62.87,63.98,8252083,60.5876073886,61.1953827605,59.7044338013,60.758544212,8252083,0.0,1.0
2020-02-06 00:00:00+00:00,63.19,64.16,63.05,64.02,4870591,60.0083214872,60.9294810353,59.8753706246,60.7965301727,4870591,0.0,1.0
2020-02-07 00:00:00+00:00,61.71,62.98,61.63,62.84,6093168,58.6028409397,59.8088951933,58.5268690182,59.6759443307,6093168,0.0,1.0
2020-02-10 00:00:00+00:00,62.92,62.96,61.08,61.08,5121109,59.7519162522,59.7899022129,58.0045620579,58.0045620579,5121109,0.0,1.0
2020-02-11 00:00:00+00:00,64.45,64.7,63.34,63.6,6203824,61.2048792507,61.4422915054,60.15076884,60.3976775849,6203824,0.0,1.0
2020-02-12 00:00:00+00:00,65.37,65.68,64.62,64.93,11592173,62.0785563478,62.3729475436,61.3663195839,61.6607107797,11592173,0.0,1.0
2020-02-13 00:00:00+00:00,67.37,69.44,65.95,66.75,21742726,63.9778543851,65.9436278537,62.6293527787,63.3890719936,21742726,0.0,1.0
2020-02-14 00:00:00+00:00,66.85,67.9,66.55,67.46,8103993,63.4840368954,64.481168365,63.1991421898,64.0633227968,8103993,0.0,1.0
2020-02-18 00:00:00+00:00,65.16,66.0,63.85,64.23,10218491,62.0785563478,62.8788323965,60.8305067957,61.1925364368,10218491,0.21,1.0
2020-02-19 00:00:00+00:00,67.41,67.74,66.27,66.5,8502634,64.2221529068,64.5365470688,63.1360639836,63.3551871874,8502634,0.0,1.0
2020-02-20 00:00:00+00:00,66.4,67.35,65.22,67.0,7535934,63.2599162292,64.1649903319,62.1357189228,63.8315419783,7535934,0.0,1.0
2020-02-21 00:00:00+00:00,64.27,66.13,63.63,65.91,9660153,61.2306448201,63.0026846422,60.6209106877,62.7930885342,9660153,0.0,1.0
2020-02-24 00:00:00+00:00,61.08,61.85,60.4,61.13,11223689,58.1915012542,58.9250876322,57.5436587386,58.2391367333,11223689,0.0,1.0
2020-02-25 00:00:00+00:00,58.86,62.28,58.48,61.92,9942547,56.0764859827,59.3347527524,55.7144563417,58.9917773029,9942547,0.0,1.0
2020-02-26 00:00:00+00:00,59.81,60.76,59.31,59.58,10855351,56.9815600854,57.8866341881,56.5052052945,56.7624368816,10855351,0.0,1.0
2020-02-27 00:00:00+00:00,57.0,58.5,56.4,57.2,15746188,54.3044461606,55.7335105333,53.7328204116,54.494988077,15746188,0.0,1.0
2020-02-28 00:00:00+00:00,58.12,58.18,54.08,54.19,14945271,55.3714808922,55.4286434671,51.5225341819,51.6273322359,14945271,0.0,1.0
2020-03-02 00:00:00+00:00,60.16,60.19,57.0,58.7,10795212,57.315008439,57.3435897265,54.3044461606,55.9240524496,10795212,0.0,1.0
2020-03-03 00:00:00+00:00,58.04,61.38,57.56,59.97,14036618,55.2952641257,58.4773141288,54.8379635264,57.1339936185,14036618,0.0,1.0
2020-03-04 00:00:00+00:00,60.52,60.65,58.27,59.44,7925764,57.6579838885,57.7818361341,55.5143873295,56.6290575401,7925764,0.0,1.0
2020-03-05 00:00:00+00:00,59.13,60.44,58.26,58.56,9842549,56.3337175698,57.5817671219,55.5048602337,55.7906731082,9842549,0.0,1.0
2020-03-06 00:00:00+00:00,57.79,58.48,56.25,57.0,8958735,55.0570867302,55.7144563417,53.5899139743,54.3044461606,8958735,0.0,1.0
2020-03-09 00:00:00+00:00,52.07,55.33,52.0,52.81,10305890,49.6075879225,52.7134211591,49.5408982518,50.312593013,10305890,0.0,1.0
2020-03-10 00:00:00+00:00,56.17,56.17,52.57,54.4,10107411,53.5136972078,53.5136972078,50.0839427134,51.827401248,10107411,0.0,1.0
2020-03-11 00:00:00+00:00,52.49,54.99,51.41,54.28,12977850,50.0077259469,52.3894999013,48.9787995986,51.7130760982,12977850,0.0,1.0
2020-03-12 00:00:00+00:00,45.11,50.36,45.1,48.78,18043724,42.9767292334,47.9784545377,42.9672021376,46.4731733985,18043724,0.0,1.0
2020-03-13 00:00:00+00:00,50.89,51.23,45.35,48.67,15539265,48.4833906161,48.8073118739,43.2053795331,46.3683753445,15539265,0.0,1.0
2020-03-16 00:00:00+00:00,40.53,46.7,40.41,44.05,13762985,38.613319349,44.4915374685,38.4989941991,41.9668570768,13762985,0.0,1.0
2020-03-17 00:00:00+00:00,44.86,46.07,39.77,41.76,16361231,42.738551838,43.8913304319,37.8892600668,39.7851521345,16361231,0.0,1.0
2020-03-18 00:00:00+00:00,39.18,41.76,36.64,40.57,18860659,37.3271614136,39.7851521345,34.9072790759,38.6514277322,18860659,0.0,1.0
2020-03-19 00:00:00+00:00,40.19,42.07,36.86,38.68,13066570,38.2893980912,40.0804921049,35.1168751839,36.8508066227,13066570,0.0,1.0
2020-03-20 00:00:00+00:00,37.99,43.26,37.8,41.49,13967138,36.1934370113,41.2142165072,36.0124221907,39.5279205475,13967138,0.0,1.0
2020-03-23 00:00:00+00:00,40.17,41.54,37.92,38.64,15138428,38.2703438995,39.5755560265,36.1267473406,36.8126982394,15138428,0.0,1.0
2020-03-24 00:00:00+00:00,45.14,46.24,43.03,44.24,16338454,43.0053105209,44.0532910608,40.9950933034,42.1478718973,16338454,0.0,1.0
2020-03-25 00:00:00+00:00,44.73,48.22,43.77,44.93,11550731,42.6146995924,45.9396560327,41.7000983939,42.8052415087,11550731,0.0,1.0
2020-03-26 00:00:00+00:00,49.2,49.39,45.34,46.23,11869403,46.8733114229,47.0543262434,43.1958524373,44.043763965,11869403,0.0,1.0
2020-03-27 00:00:00+00:00,45.05,48.13,44.84,47.7,10624183,42.9195666585,45.8539121704,42.7194976464,45.4442470502,10624183,0.0,1.0
2020-03-30 00:00:00+00:00,47.3,47.51,45.33,45.4,7839167,45.0631632175,45.2632322297,43.1863253414,43.2530150122,7839167,0.0,1.0
2020-03-31 00:00:00+00:00,45.82,47.28,45.15,47.17,11068717,43.6531530365,45.0441090259,43.0148376167,44.9393109719,11068717,0.0,1.0
2020-04-01 00:00:00+00:00,43.3,46.18,42.83,43.83,10665913,41.2523248905,43.9961284859,40.804551387,41.7572609688,10665913,0.0,1.0
2020-04-02 00:00:00+00:00,43.24,44.46,42.13,42.5,8764565,41.1951623155,42.3574680053,40.1376546798,40.490157225,8764565,0.0,1.0
2020-04-03 00:00:00+00:00,42.28,43.62,41.58,43.46,9488550,40.2805611171,41.5571919566,39.6136644098,41.4047584235,9488550,0.0,1.0
2020-04-06 00:00:00+00:00,46.15,46.45,44.64,44.84,12046450,43.9675471985,44.253360073,42.52895573,42.7194976464,12046450,0.0,1.0
2020-04-07 00:00:00+00:00,47.56,48.97,46.3,48.0,11962593,45.3108677088,46.6541882191,44.1104536357,45.7300599247,11962593,0.0,1.0
2020-04-08 00:00:00+00:00,51.46,51.62,48.52,48.63,14428958,49.0264350777,49.1788686107,46.2254689073,46.3302669613,14428958,0.0,1.0
2020-04-09 00:00:00+00:00,49.59,52.74,48.68,52.0,11659104,47.2448681598,50.2459033423,46.3779024404,49.5408982518,11659104,0.0,1.0
2020-04-13 00:00:00+00:00,49.88,49.97,48.37,49.3,5750047,47.5211539385,47.6068978008,46.08256247,46.968582381,5750047,0.0,1.0
2020-04-14 00:00:00+00:00,52.47,52.84,51.08,51.41,8025517,49.9886717552,50.3411743005,48.6644054366,48.9787995986,8025517,0.0,1.0
2020-04-15 00:00:00+00:00,50.37,51.31,49.75,51.31,7206676,47.9879816335,48.8835286404,47.3973016928,48.8835286404,7206676,0.0,1.0
2020-04-16 00:00:00+00:00,52.23,52.57,50.8,51.87,8878072,49.7600214556,50.0839427134,48.3976467537,49.4170460062,8878072,0.0,1.0
2020-04-17 00:00:00+00:00,53.2,53.9,52.27,53.64,9367590,50.6841497499,51.3510464572,49.7981298389,51.1033419659,9367590,0.0,1.0
2020-04-20 00:00:00+00:00,50.63,52.49,50.61,52.1,7041189,48.2356861248,50.0077259469,48.2166319332,49.63616921,7041189,0.0,1.0
2020-04-21 00:00:00+00:00,48.33,50.05,48.21,49.9,9359637,46.0444540867,47.6831145674,45.9301289369,47.5402081301,9359637,0.0,1.0
2020-04-22 00:00:00+00:00,52.11,52.43,49.81,50.1,7790213,49.6456963058,49.950563372,47.4544642677,47.7307500465,7790213,0.0,1.0
2020-04-23 00:00:00+00:00,50.9,52.22,50.59,51.75,9048275,48.4929177119,49.7504943598,48.1975777415,49.3027208564,9048275,0.0,1.0
2020-04-24 00:00:00+00:00,51.74,51.88,49.94,51.22,7665048,49.2931937606,49.426573102,47.5783165134,48.797784778,7665048,0.0,1.0
2020-04-27 00:00:00+00:00,51.03,52.72,50.65,52.5,6587434,48.6167699575,50.2268491507,48.2547403164,50.0172530427,6587434,0.0,1.0
2020-04-28 00:00:00+00:00,50.42,52.12,50.26,51.91,7759524,48.0356171126,49.6552234016,47.8831835795,49.4551543895,7759524,0.0,1.0
2020-04-29 00:00:00+00:00,54.34,54.65,51.42,51.83,8946250,51.7702386731,52.0655786435,48.9883266944,49.3789376229,8946250,0.0,1.0
2020-04-30 00:00:00+00:00,49.68,53.88,49.64,53.45,14456993,47.3306120221,51.3319922655,47.2925036388,50.9223271454,14456993,0.0,1.0
2020-05-01 00:00:00+00:00,46.89,48.36,46.37,48.08,13583130,44.672552289,46.0730353742,44.1771433065,45.8062766913,13583130,0.0,1.0
2020-05-04 00:00:00+00:00,47.58,47.64,46.22,46.56,7798029,45.3299219004,45.3870844753,44.0342368692,44.358158127,7798029,0.0,1.0
2020-05-05 00:00:00+00:00,48.85,50.75,48.53,48.83,8220563,46.5398630693,48.3500112746,46.2349960031,46.5208088776,8220563,0.0,1.0
2020-05-06 00:00:00+00:00,50.5,51.16,49.54,49.99,8594562,48.1118338792,48.7406222031,47.1972326807,47.6259519925,8594562,0.0,1.0
2020-05-07 00:00:00+00:00,51.25,51.8,50.91,51.46,6645646,48.8263660655,49.3503563355,48.5024448077,49.0264350777,6645646,0.0,1.0
2020-05-08 00:00:00+00:00,53.81,53.89,52.24,52.41,8089548,51.2653025948,51.3415193613,49.7695485514,49.9315091803,8089548,0.0,1.0
2020-05-11 00:00:00+00:00,54.01,54.41,53.37,54.13,8211460,51.4558445112,51.8369283439,50.8461103788,51.570169661,8211460,0.0,1.0
2020-05-12 00:00:00+00:00,52.33,54.59,52.31,54.4,7479010,49.8552924138,52.0084160686,49.8362382222,51.827401248,7479010,0.0,1.0
2020-05-13 00:00:00+00:00,51.49,52.86,50.4,52.5,8696554,49.0550163651,50.3602284921,48.016562921,50.0172530427,8696554,0.0,1.0
2020-05-14 00:00:00+00:00,54.43,54.65,49.66,50.75,15838955,51.8559825355,52.0655786435,47.3115578305,48.3500112746,15838955,0.0,1.0
2020-05-15 00:00:00+00:00,52.04,53.47,51.17,53.16,20755933,49.5790066351,50.941381337,48.7501492989,50.6460413667,20755933,0.0,1.0
2020-05-18 00:00:00+00:00,54.36,54.65,52.41,53.53,11300624,51.7892928648,52.0655786435,49.9315091803,50.9985439119,11300624,0.0,1.0
2020-05-19 00:00:00+00:00,55.47,57.0,54.03,54.5,10535645,52.8468005005,54.3044461606,51.4748987028,51.9226722062,10535645,0.0,1.0
2020-05-20 00:00:00+00:00,56.88,58.16,56.32,56.5,9824053,54.3997171188,55.6239020329,53.8641362189,54.0362872225,9824053,0.22,1.0
2020-05-21 00:00:00+00:00,55.02,56.92,54.85,56.84,7467173,52.6208234156,54.4379728974,52.4582363567,54.3614613403,7467173,0.0,1.0
2020-05-22 00:00:00+00:00,54.39,55.17,53.72,55.02,7121020,52.0182949032,52.7642825852,51.3775106122,52.6208234156,7121020,0.0,1.0
2020-05-26 00:00:00+00:00,55.14,56.71,54.96,56.31,7757569,52.7355907513,54.2371300599,52.5634397477,53.8545722743,7757569,0.0,1.0
2020-05-27 00:00:00+00:00,56.4,56.44,53.32,55.59,9071585,53.940647776,53.9789035546,50.9949528266,53.1659682601,9071585,0.0,1.0
2020-05-28 00:00:00+00:00,54.67,56.68,54.35,56.12,7239260,52.2860853531,54.208438226,51.9800391246,53.6728573261,7239260,0.0,1.0
2020-05-29 00:00:00+00:00,56.18,56.38,54.46,55.0,10820226,53.7302409939,53.9215198868,52.0852425157,52.6016955263,10820226,0.0,1.0
2020-06-01 00:00:00+00:00,55.69,56.47,55.19,55.63,5377115,53.2616077065,54.0075953885,52.7834104745,53.2042240387,5377115,0.0,1.0
2020-06-02 00:00:00+00:00,55.79,56.22,54.75,56.0,6998693,53.3572471529,53.7684967725,52.3625969103,53.5580899904,6998693,0.0,1.0
2020-06-03 00:00:00+00:00,57.81,58.25,56.41,56.69,8026744,55.2891639704,55.7099775347,53.9502117207,54.2180021706,8026744,0.0,1.0
2020-06-04 00:00:00+00:00,58.13,59.2,57.1,57.16,7456860,55.595210199,56.6185522756,54.6101239009,54.6675075688,7456860,0.0,1.0
2020-06-05 00:00:00+00:00,60.19,61.11,59.62,59.71,8349728,57.565382795,58.445265702,57.0202379505,57.1063134523,8349728,0.0,1.0
2020-06-08 00:00:00+00:00,59.9,60.47,59.09,59.93,5528660,57.2880284004,57.833173245,56.5133488845,57.3167202344,5528660,0.0,1.0
2020-06-09 00:00:00+00:00,59.79,60.26,58.93,59.02,6184250,57.1828250094,57.6323304075,56.3603257703,56.446401272,6184250,0.0,1.0
2020-06-10 00:00:00+00:00,59.86,60.57,59.46,60.2,5319825,57.2497726219,57.9288126914,56.8672148362,57.5749467397,5319825,0.0,1.0
2020-06-11 00:00:00+00:00,55.41,58.59,55.35,58.26,9386832,52.9938172566,56.0351516525,52.9364335887,55.7195414793,9386832,0.0,1.0
2020-06-12 00:00:00+00:00,56.55,58.01,54.97,57.51,8534153,54.0841069457,55.4804428633,52.5730036924,55.0022456312,8534153,0.0,1.0
2020-06-15 00:00:00+00:00,57.05,57.23,54.52,54.92,7222230,54.5623041777,54.7344551813,52.1426261835,52.5251839692,7222230,0.0,1.0
2020-06-16 00:00:00+00:00,58.54,60.13,57.9,58.96,9719139,55.9873319292,57.5079991272,55.3752394722,56.3890176042,9719139,0.0,1.0
2020-06-17 00:00:00+00:00,60.0,60.43,58.54,58.73,8338141,57.3836678469,57.7949174664,55.9873319292,56.1690468774,8338141,0.0,1.0
2020-06-18 00:00:00+00:00,60.38,60.72,59.57,59.57,5673980,57.7470977432,58.072271861,56.9724182273,56.9724182273,5673980,0.0,1.0
2020-06-19 00:00:00+00:00,60.95,62.33,60.41,61.4,10086928,58.2922425878,59.6120669482,57.7757895771,58.7226200966,10086928,0.0,1.0
2020-06-22 00:00:00+00:00,61.27,61.39,59.58,60.52,5379935,58.5982888163,58.713056152,56.9819821719,57.8809929682,5379935,0.0,1.0
2020-06-23 00:00:00+00:00,60.84,61.98,60.44,61.93,7264936,58.1870391967,59.2773288858,57.8044814111,59.2295091626,7264936,0.0,1.0
2020-06-24 00:00:00+00:00,59.97,60.89,59.15,60.33,7937250,57.3549760129,58.2348589199,56.5707325524,57.69927802,7937250,0.0,1.0
2020-06-25 00:00:00+00:00,59.98,60.07,58.61,59.6,6298882,57.3645399576,57.4506154593,56.0542795417,57.0011100612,6298882,0.0,1.0
2020-06-26 00:00:00+00:00,58.38,60.14,58.01,59.57,12786506,55.834308815,57.5175630718,55.4804428633,56.9724182273,12786506,0.0,1.0
2020-06-29 00:00:00+00:00,59.06,59.07,57.56,58.44,5035850,56.4846570506,56.4942209952,55.0500653544,55.8916924828,5035850,0.0,1.0
2020-06-30 00:00:00+00:00,60.45,60.94,59.07,59.12,6067624,57.8140453557,58.2826786431,56.4942209952,56.5420407184,6067624,0.0,1.0
2020-07-01 00:00:00+00:00,59.68,60.78,59.54,60.43,5306563,57.0776216183,58.1296555289,56.9437263934,57.7949174664,5306563,0.0,1.0
2020-07-02 00:00:00+00:00,61.0,61.65,60.34,60.5,5597211,58.340062311,58.9617187126,57.7088419647,57.8618650789,5597211,0.0,1.0
2020-07-06 00:00:00+00:00,63.46,63.71,62.29,62.39,7776963,60.6927926927,60.9318913087,59.5738111697,59.6694506161,7776963,0.0,1.0
2020-07-07 00:00:00+00:00,62.18,63.83,62.03,63.38,5078196,59.4686077786,61.0466586444,59.325148609,60.6162811356,5078196,0.0,1.0
2020-07-08 00:00:00+00:00,62.77,63.18,62.02,62.9,4045734,60.0328805124,60.4250022427,59.3155846644,60.1572117928,4045734,0.0,1.0
2020-07-09 00:00:00+00:00,63.49,63.7,62.24,63.08,6156105,60.7214845266,60.9223273641,59.5259914465,60.3293627963,6156105,0.0,1.0
2020-07-10 00:00:00+00:00,62.59,63.49,62.05,63.28,5899163,59.8607295089,60.7214845266,59.3442764983,60.5206416891,5899163,0.0,1.0
2020-07-13 00:00:00+00:00,61.51,63.78,61.41,63.01,6178740,58.8278234877,60.9988389212,58.7321840413,60.2624151838,6178740,0.0,1.0
2020-07-14 00:00:00+00:00,62.54,62.63,60.07,60.8,6297457,59.8129097857,59.8989852875,57.4506154593,58.1487834181,6297457,0.0,1.0
2020-07-15 00:00:00+00:00,62.1,62.84,61.3,62.75,5226458,59.3920962215,60.0998281249,58.6269806502,60.0137526232,5226458,0.0,1.0
2020-07-16 00:00:00+00:00,62.34,62.62,61.5,61.61,3934305,59.6216308929,59.8894213428,58.818259543,58.9234629341,3934305,0.0,1.0
2020-07-17 00:00:00+00:00,62.3,62.85,61.95,62.85,4585216,59.5833751143,60.1093920696,59.2486370519,60.1093920696,4585216,0.0,1.0
2020-07-20 00:00:00+00:00,63.73,63.9,61.88,62.61,4927116,60.951019198,61.1136062569,59.1816894394,59.8798573982,4927116,0.0,1.0
2020-07-21 00:00:00+00:00,63.81,64.84,63.26,64.12,5674930,61.0275307551,62.0126170532,60.5015137999,61.324013039,5674930,0.0,1.0
2020-07-22 00:00:00+00:00,64.22,64.61,63.52,63.58,5027849,61.4196524854,61.7926463264,60.7501763605,60.8075600284,5027849,0.0,1.0
2020-07-23 00:00:00+00:00,63.63,65.33,63.2,64.33,5351832,60.8553797516,62.4812503406,60.444130132,61.5248558765,5351832,0.0,1.0
2020-07-24 00:00:00+00:00,60.62,61.35,59.62,60.37,11040982,57.9766324146,58.6748003734,57.0202379505,57.7375337986,11040982,0.0,1.0
2020-07-27 00:00:00+00:00,63.01,63.065,61.11,61.63,7194708,60.2624151838,60.3150168794,58.445265702,58.9425908234,7194708,0.0,1.0
2020-07-28 00:00:00+00:00,62.3,62.95,61.9,62.53,4565741,59.5833751143,60.205031516,59.2008173287,59.8033458411,4565741,0.0,1.0
2020-07-29 00:00:00+00:00,63.25,63.66,62.17,62.67,4621405,60.4919498552,60.8840715855,59.459043834,59.937241066,4621405,0.0,1.0
2020-07-30 00:00:00+00:00,64.42,64.43,62.987,63.23,5525019,61.6109313782,61.6204953229,60.2404181112,60.4728219659,5525019,0.0,1.0
2020-07-31 00:00:00+00:00,64.33,64.79,63.12,64.79,5901236,61.5248558765,61.96479733,60.3676185749,61.96479733,5901236,0.0,1.0
2020-08-03 00:00:00+00:00,65.01,65.59,64.68,64.79,5540739,62.1752041121,62.7299129013,61.8595939389,61.96479733,5540739,0.0,1.0
2020-08-04 00:00:00+00:00,64.85,65.2,64.18,65.0,5190185,62.0221809978,62.3569190602,61.3813967069,62.1656401674,5190185,0.0,1.0
2020-08-05 00:00:00+00:00,64.87,65.25,64.42,64.8726,4574091,62.0413088871,62.4047387835,61.6109313782,62.0437955127,4574091,0.0,1.0
2020-08-06 00:00:00+00:00,63.61,64.17,62.6,63.87,7395898,60.8362518623,61.3718327622,59.8702934536,61.084914423,7395898,0.0,1.0
2020-08-07 00:00:00+00:00,63.57,65.01,62.78,63.69,7124232,60.7979960837,62.1752041121,60.0424444571,60.9127634194,7124232,0.0,1.0
2020-08-10 00:00:00+00:00,65.24,65.28,63.62,63.65,7386983,62.3951748388,62.4334306174,60.8458158069,60.8745076409,7386983,0.0,1.0
2020-08-11 00:00:00+00:00,64.46,66.12,64.23,65.32,7608649,61.6491871568,63.2368019672,61.4292164301,62.4716863959,7608649,0.0,1.0
2020-08-12 00:00:00+00:00,66.5,66.67,64.7,64.99,6177867,63.6002318636,63.7628189225,61.8787218282,62.1560762228,6177867,0.0,1.0
2020-08-13 00:00:00+00:00,65.07,66.6,64.61,66.36,10684354,62.2325877799,63.69587131,61.7926463264,63.4663366386,10684354,0.0,1.0
2020-08-14 00:00:00+00:00,67.62,69.9,66.5,67.39,23421915,64.6713936634,66.8519730416,63.6002318636,64.4514229367,23421915,0.0,1.0
2020-08-17 00:00:00+00:00,66.94,68.23,66.77,68.1,6875037,64.0210454278,65.2547942865,63.8584583689,65.1304630062,6875037,0.0,1.0
2020-08-18 00:00:00+00:00,66.43,67.39,66.07,67.39,6166721,63.5332842511,64.4514229367,63.188982244,64.4514229367,6166721,0.0,1.0
2020-08-19 00:00:00+00:00,65.87,66.73,65.69,66.57,4979510,63.2081101333,64.0333564475,63.0353841606,63.8798222495,4979510,0.22,1.0
2020-08-20 00:00:00+00:00,63.79,64.82,63.28,64.71,8307751,61.2121655595,62.200541959,60.7227753034,62.0949871979,8307751,0.0,1.0
2020-08-21 00:00:00+00:00,62.27,63.28,61.92,63.1,11150608,59.7535906786,60.7227753034,59.4177346205,60.5500493307,11150608,0.0,1.0
2020-08-24 00:00:00+00:00,63.74,63.8,62.68,63.36,8366548,61.1641861226,61.2217614469,60.147022061,60.7995424024,8366548,0.0,1.0
2020-08-25 00:00:00+00:00,64.05,64.65,63.43,64.11,5157230,61.4616586312,62.0374118737,60.866713614,61.5192339555,5157230,0.0,1.0
2020-08-26 00:00:00+00:00,63.76,64.26,63.49,64.05,5965129,61.1833778974,61.6631722661,60.9242889383,61.4616586312,5965129,0.0,1.0
2020-08-27 00:00:00+00:00,62.03,64.29,61.29,64.29,8917799,59.5232893816,61.6919599282,58.813193716,61.6919599282,8917799,0.0,1.0
2020-08-28 00:00:00+00:00,63.07,63.1,61.97,62.06,5206045,60.5212616686,60.5500493307,59.4657140574,59.5520770438,5206045,0.0,1.0
2020-08-31 00:00:00+00:00,61.6,62.61,61.4184,62.44,6454221,59.1106662246,60.0798508493,58.9364049098,59.916720764,6454221,0.0,1.0
2020-09-01 00:00:00+00:00,61.89,62.1,61.23,61.98,7922675,59.3889469584,59.5904605933,58.7556183917,59.4753099448,7922675,0.0,1.0
2020-09-02 00:00:00+00:00,65.08,65.3,62.37,62.49,10802478,62.4500350308,62.661144553,59.8495495524,59.9647002009,10802478,0.0,1.0
2020-09-03 00:00:00+00:00,61.46,64.37,61.05,64.19,11012979,58.9763238013,61.7687270272,58.582892419,61.5960010545,11012979,0.0,1.0
2020-09-04 00:00:00+00:00,60.96,61.83,58.5498,61.21,14688155,58.4965294326,59.3313716342,56.1837286577,58.736426617,14688155,0.0,1.0
2020-09-08 00:00:00+00:00,55.63,57.79,55.32,57.07,20934765,53.3819214622,55.454633135,53.0844489536,54.7637292441,20934765,0.0,1.0
2020-09-09 00:00:00+00:00,55.2,56.98,54.51,56.61,16267604,52.9692983051,54.6773662577,52.3071820763,54.3223184249,16267604,0.0,1.0
2020-09-10 00:00:00+00:00,55.12,56.25,54.94,55.6,10670524,52.8925312061,53.9768664794,52.7198052334,53.3531338001,10670524,0.0,1.0
2020-09-11 00:00:00+00:00,55.0,56.31,54.675,55.61,9203264,52.7773805576,54.0344418037,52.465514218,53.3627296875,9203264,0.0,1.0
2020-09-14 00:00:00+00:00,56.46,57.115,56.12,56.23,8495715,54.1783801143,54.8069107373,53.8521199435,53.9576747047,8495715,0.0,1.0
2020-09-15 00:00:00+00:00,57.2,57.88,56.48,57.23,7209788,54.8884757799,55.5409961214,54.197571889,54.9172634421,7209788,0.0,1.0
2020-09-16 00:00:00+00:00,56.47,58.195,56.38,57.49,8340864,54.1879760016,55.8432665737,54.1016130153,55.1667565138,8340864,0.0,1.0
2020-09-17 00:00:00+00:00,56.34,56.63,54.69,54.82,7098656,54.0632294658,54.3415101996,52.479908049,52.6046545849,7098656,0.0,1.0
2020-09-18 00:00:00+00:00,56.15,56.8,55.195,56.79,11912995,53.8809076057,54.504640285,52.9645003614,54.4950443976,11912995,0.0,1.0
2020-09-21 00:00:00+00:00,57.32,57.36,54.15,55.21,8494306,55.0036264284,55.0420099779,51.9617301308,52.9788941925,8494306,0.0,1.0
2020-09-22 00:00:00+00:00,57.89,58.11,56.71,57.96,7629281,55.5505920088,55.761701531,54.4182772986,55.6177632204,7629281,0.0,1.0
2020-09-23 00:00:00+00:00,57.25,58.88,57.01,58.1,8831791,54.9364552168,56.5005848588,54.7061539198,55.7521056436,8831791,0.0,1.0
2020-09-24 00:00:00+00:00,57.79,58.82,56.76,56.94,6318534,55.454633135,56.4430095346,54.4662567355,54.6389827082,6318534,0.0,1.0
2020-09-25 00:00:00+00:00,58.23,58.38,56.65,57.49,6542598,55.8768521795,56.0207904901,54.3607019744,55.1667565138,6542598,0.0,1.0
2020-09-28 00:00:00+00:00,59.36,59.85,58.25,58.28,8615960,56.9611874528,57.4313859341,55.8960439542,55.9248316164,8615960,0.0,1.0
2020-09-29 00:00:00+00:00,59.65,60.25,59.15,59.3814,5427837,57.2394681866,57.8152214291,56.7596738179,56.9817226517,5427837,0.0,1.0
2020-09-30 00:00:00+00:00,59.45,60.183,58.99,59.43,9074380,57.0475504391,57.7509289836,56.6061396199,57.0283586644,9074380,0.0,1.0
2020-10-01 00:00:00+00:00,60.65,61.02,59.51,60.37,7542796,58.199056924,58.5541047569,57.1051257634,57.9303720775,7542796,0.0,1.0
2020-10-02 00:00:00+00:00,58.21,59.66,58.19,59.09,7103905,55.8576604047,57.249064074,55.83846863,56.7020984937,7103905,0.0,1.0
2020-10-05 00:00:00+00:00,60.6,60.63,58.76,58.93,6694647,58.1510774871,58.1798651493,56.3854342103,56.5485642957,6694647,0.0,1.0
2020-10-06 00:00:00+00:00,60.4,62.16,60.17,60.33,6947868,57.9591597397,59.6480359175,57.7384543301,57.891988528,6947868,0.0,1.0
2020-10-07 00:00:00+00:00,61.12,61.79,60.915,61.5,5335383,58.6500636306,59.2929880847,58.4533479394,59.0147073508,5335383,0.0,1.0
2020-10-08 00:00:00+00:00,62.6,62.697,61.37,61.7,5411867,60.070254962,60.1633350695,58.889960815,59.2066250983,5411867,0.0,1.0
2020-10-09 00:00:00+00:00,63.29,63.81,63.06,63.29,6367103,60.7323711908,61.2313573342,60.5116657812,60.7323711908,6367103,0.0,1.0
2020-10-12 00:00:00+00:00,64.68,65.12,63.98,64.06,7021872,62.0661995358,62.4884185803,61.3944874196,61.4712545186,7021872,0.0,1.0
2020-10-13 00:00:00+00:00,64.69,65.42,64.155,65.24,7189885,62.0757954232,62.7762952015,61.5624154486,62.6035692287,7189885,0.0,1.0
2020-10-14 00:00:00+00:00,63.98,65.18,63.43,64.9,5824029,61.3944874196,62.5459939045,60.866713614,62.277309058,5824029,0.0,1.0
2020-10-15 00:00:00+00:00,63.51,63.685,62.02,62.4,6397398,60.943480713,61.1114087421,59.5136934943,59.8783372145,6397398,0.0,1.0
2020-10-16 00:00:00+00:00,63.0,63.93,62.405,63.76,6841070,60.4540904569,61.3465079827,59.8831351582,61.1833778974,6841070,0.0,1.0
2020-10-19 00:00:00+00:00,62.05,63.62,61.8141,63.17,5757543,59.5424811564,61.0490354741,59.3161141732,60.6172205423,5757543,0.0,1.0
2020-10-20 00:00:00+00:00,62.26,63.01,62.02,62.67,4479873,59.7439947913,60.4636863443,59.5136934943,60.1374261736,4479873,0.0,1.0
2020-10-21 00:00:00+00:00,62.11,62.86,61.91,62.4,6188889,59.6000564806,60.3197480337,59.4081387332,59.8783372145,6188889,0.0,1.0
2020-10-22 00:00:00+00:00,61.7,62.15,60.86,61.73,6014586,59.2066250983,59.6384400301,58.4005705589,59.2354127604,6014586,0.0,1.0
2020-10-23 00:00:00+00:00,60.95,62.17,60.66,61.7,6520098,58.4869335452,59.6576318049,58.2086528114,59.2066250983,6520098,0.0,1.0
2020-10-26 00:00:00+00:00,59.51,60.5,58.65,60.325,6715421,57.1051257634,58.0551186134,56.2798794492,57.8871905844,6715421,0.0,1.0
2020-10-27 00:00:00+00:00,58.83,59.99,58.77,59.78,4626324,56.4526054219,57.5657283573,56.3950300977,57.3642147225,4626324,0.0,1.0
2020-10-28 00:00:00+00:00,57.32,58.22,56.87,57.78,8976958,55.0036264284,55.8672562921,54.5718114966,55.4450372476,8976958,0.0,1.0
2020-10-29 00:00:00+00:00,59.5,60.23,56.95,57.23,6314380,57.095529876,57.7960296543,54.6485785956,54.9172634421,6314380,0.0,1.0
2020-10-30 00:00:00+00:00,59.23,59.28,58.26,58.74,7338657,56.8364409169,56.8844203538,55.9056398416,56.3662424356,7338657,0.0,1.0
2020-11-02 00:00:00+00:00,60.33,60.475,59.53,59.95,7475407,57.891988528,58.031128895,57.1243175381,57.5273448078,7475407,0.0,1.0
2020-11-03 00:00:00+00:00,61.83,62.44,60.99,60.99,9967589,59.3313716342,59.916720764,58.5253170947,58.5253170947,9967589,0.0,1.0
2020-11-04 00:00:00+00:00,64.86,65.19,62.13,63.44,9808323,62.2389255085,62.5555897919,59.6192482554,60.8763095014,9808323,0.0,1.0
2020-11-05 00:00:00+00:00,69.95,70.06,65.91,66.0,13118074,67.1232321819,67.2287869431,63.2464936828,63.3328566692,13118074,0.0,1.0
2020-11-06 00:00:00+00:00,70.53,70.86,68.35,68.9,8639662,67.6797936496,67.996457933,65.5878902021,66.1156640077,8639662,0.0,1.0
2020-11-09 00:00:00+00:00,71.3,75.93,71.26,73.2,10154563,68.4186769775,72.8615728317,68.380293428,70.2418955785,10154563,0.0,1.0
2020-11-10 00:00:00+00:00,69.39,71.49,69.1,70.95,8206498,66.585862489,68.6009988376,66.3075817551,68.0828209194,8206498,0.0,1.0
2020-11-11 00:00:00+00:00,71.16,71.7,69.8849,70.2032,8071944,68.2843345542,68.8025124724,67.0607629551,67.3662000503,8071944,0.0,1.0
2020-11-12 00:00:00+00:00,69.8,71.15,69.43,70.86,8555129,66.9792938713,68.2747386668,66.6242460385,67.996457933,8555129,0.0,1.0
2020-11-13 00:00:00+00:00,72.81,73.94,71.505,72.27,10182304,69.8676559709,70.9519912442,68.6153926686,69.3494780527,10182304,0.0,1.0
2020-11-16 00:00:00+00:00,74.48,74.53,72.58,72.97,8104390,71.4701691624,71.5181485993,69.6469505613,70.0211901689,8104390,0.0,1.0
2020-11-17 00:00:00+00:00,74.37,74.57,73.06,73.76,5460128,71.3646144013,71.5565321488,70.1075531553,70.7792652715,5460128,0.0,1.0
2020-11-18 00:00:00+00:00,75.71,76.67,74.59,74.69,10667679,72.8615728317,73.7854548805,71.7837104413,71.8799481548,10667679,0.22,1.0
2020-11-19 00:00:00+00:00,77.25,77.51,74.51,75.26,8990081,74.3436336184,74.5938516733,71.7067202706,72.4285031213,8990081,0.0,1.0
2020-11-20 00:00:00+00:00,76.725,78.57,76.68,77.2,7609745,73.8383856229,75.6139714355,73.7950786519,74.2955147617,7609745,0.0,1.0
2020-11-23 00:00:00+00:00,80.5,80.58,76.9718,76.9718,8809829,77.4713593046,77.5483494753,74.0759002996,74.0759002996,8809829,0.0,1.0
2020-11-24 00:00:00+00:00,82.95,83.14,79.82,81.0,9518681,79.8291832834,80.0120349389,76.8169428533,77.9525478717,9518681,0.0,1.0
2020-11-25 00:00:00+00:00,81.14,83.02,81.07,82.895,5518508,78.0872806705,79.8965496828,78.0199142711,79.776252541,5518508,0.0,1.0
2020-11-27 00:00:00+00:00,82.66,83.53,81.68,81.81,3098229,79.5500939145,80.3873620213,78.606964323,78.7320733504,3098229,0.0,1.0
2020-11-30 00:00:00+00:00,82.48,82.59,80.7075,82.0,7543095,79.3768660303,79.4827275151,77.6710525599,78.9149250059,7543095,0.0,1.0
2020-12-01 00:00:00+00:00,84.27,84.62,82.88,83.05,7021837,81.0995211006,81.4363530976,79.761816884,79.9254209968,7021837,0.0,1.0
2020-12-02 00:00:00+00:00,85.29,85.59,83.61,83.69,5272794,82.0811457775,82.3698589177,80.464352192,80.5413423627,5272794,0.0,1.0
2020-12-03 00:00:00+00:00,86.1,87.03,85.685,85.74,4824985,82.8606712562,83.755681991,82.4612847455,82.5142154879,4824985,0.0,1.0
2020-12-04 00:00:00+00:00,88.84,88.92,86.65,86.92,6876859,85.497584604,85.5745747747,83.38997868,83.6498205063,6876859,0.0,1.0
2020-12-07 00:00:00+00:00,89.14,89.46,87.8225,89.27,5524095,85.7862977442,86.0942584272,84.5183658699,85.9114067717,5524095,0.0,1.0
2020-12-08 00:00:00+00:00,89.75,90.26,89.04,89.23,4702966,86.3733477961,86.8641601345,85.6900600308,85.8729116863,4702966,0.0,1.0
2020-12-09 00:00:00+00:00,87.82,90.1,87.18,89.565,7017779,84.5159599271,86.7101797931,83.9000385612,86.1953080263,7017779,0.0,1.0
2020-12-10 00:00:00+00:00,87.89,88.61,86.46,87.0,5731157,84.5833263265,85.2762378631,83.2071270245,83.726810677,5731157,0.0,1.0
2020-12-11 00:00:00+00:00,88.3,88.59,86.59,87.05,5776367,84.9779009515,85.2569903204,83.332236052,83.7749295337,5776367,0.0,1.0
2020-12-14 00:00:00+00:00,88.5,90.52,88.32,88.4993,6425496,85.1703763783,87.1143781894,84.9971484942,85.1697027143,6425496,0.0,1.0
2020-12-15 00:00:00+00:00,88.47,90.605,87.95,89.9,6180768,85.1415050643,87.1961802459,84.6410689545,86.5177043662,6180768,0.0,1.0
2020-12-16 00:00:00+00:00,88.55,89.25,87.29,88.31,5808136,85.218495235,85.892159229,84.0059000459,84.9875247228,5808136,0.0,1.0
2020-12-17 00:00:00+00:00,87.5,89.24,87.13,89.125,5559640,84.2079992441,85.8825354576,83.8519197044,85.7718620872,5559640,0.0,1.0
2020-12-18 00:00:00+00:00,86.09,88.15,85.3366,87.66,14603135,82.8510474849,84.8335443813,82.1259925519,84.3619795856,14603135,0.0,1.0
2020-12-21 00:00:00+00:00,86.41,86.53,83.8,84.385,5226564,83.1590081678,83.2744934239,80.6472038475,81.210194471,5226564,0.0,1.0
2020-12-22 00:00:00+00:00,85.64,86.61,85.54,86.55,3901444,82.4179777745,83.3514835947,82.321740061,83.2937409666,3901444,0.0,1.0
2020-12-23 00:00:00+00:00,84.03,86.5,83.96,86.3,4586080,80.8685505884,83.2456221099,80.801184189,83.053146683,4586080,0.0,1.0
2020-12-24 00:00:00+00:00,85.33,85.39,84.2,84.74,1409156,82.1196408629,82.1773834909,81.0321547012,81.5518383537,1409156,0.0,1.0
2020-12-28 00:00:00+00:00,84.87,86.74,84.56,86.3665,2995539,81.6769473811,83.4765926221,81.3786104695,83.1171447625,2995539,0.0,1.0
2020-12-29 00:00:00+00:00,84.27,85.1197,83.53,85.02,4518003,81.0995211006,81.9172529515,80.3873620213,81.8213039512,4518003,0.0,1.0
2020-12-30 00:00:00+00:00,86.98,87.57,85.16,85.38,6294301,83.7075631343,84.2753656435,81.95603675,82.1677597196,6294301,0.0,1.0
2020-12-31 00:00:00+00:00,86.3,87.06,85.17,86.99,5716036,83.053146683,83.784553305,81.9656605214,83.7171869057,5716036,0.0,1.0
2021-01-04 00:00:00+00:00,86.87,89.3,86.15,87.24,8449949,83.6017016495,85.9402780857,82.9087901129,83.9577811892,8449949,0.0,1.0
2021-01-05 00:00:00+00:00,89.6,89.62,86.4,86.4,6987214,86.228991226,86.2482387686,83.1493843965,83.1493843965,6987214,0.0,1.0
2021-01-06 00:00:00+00:00,90.83,91.9,88.28,88.29,9817978,87.4127151011,88.4424586347,84.9586534088,84.9682771801,9817978,0.0,1.0
2021-01-07 00:00:00+00:00,94.56,95.0599,91.99,92.1265,8784052,91.0023818117,91.4834741411,88.5290725767,88.6604370556,8784052,0.0,1.0
2021-01-08 00:00:00+00:00,95.56,97.8,94.8799,96.29,9059720,91.9647589459,94.1204837266,91.3102462569,92.6672942539,9059720,0.0,1.0
2021-01-11 00:00:00+00:00,97.96,98.3,94.18,94.62,8359081,94.274464068,94.6016722937,90.6366785007,91.0601244397,8359081,0.0,1.0
2021-01-12 00:00:00+00:00,100.01,100.87,98.2,98.53,7134103,96.2473371932,97.0749815286,94.5054345802,94.8230190345,7134103,0.0,1.0
2021-01-13 00:00:00+00:00,98.05,100.49,97.96,100.49,5309991,94.3610780101,96.7092782176,94.274464068,96.7092782176,5309991,0.0,1.0
2021-01-14 00:00:00+00:00,105.8,106.6,102.7,102.83,11662982,101.8195008003,102.5894025077,98.8361316842,98.9612407117,11662982,0.0,1.0
2021-01-15 00:00:00+00:00,103.14,105.42,101.15,105.16,8981236,99.2595776233,101.4537974893,97.3444471262,101.2035794344,8981236,0.0,1.0
2021-01-19 00:00:00+00:00,109.22,109.58,104.39,105.1,9362201,105.1108305993,105.4572863676,100.4625490411,101.1458368063,9362201,0.0,1.0
2021-01-20 00:00:00+00:00,107.84,110.875,105.16,110.11,9925975,103.7827501541,106.7035647565,101.2035794344,105.9673462488,9925975,0.0,1.0
2021-01-21 00:00:00+00:00,107.97,109.28,106.27,109.11,7273779,103.9078591816,105.1685732274,102.2718180534,105.0049691146,7273779,0.0,1.0
2021-01-22 00:00:00+00:00,106.33,109.7536,106.25,108.0532,6207648,102.3295606814,105.6243550381,102.2525705107,103.9879289591,6207648,0.0,1.0
2021-01-25 00:00:00+00:00,108.12,110.1,107.0,107.51,8437795,104.0522157517,105.9577224774,102.9743533614,103.4651656998,8437795,0.0,1.0
2021-01-26 00:00:00+00:00,105.53,108.895,105.27,108.8503,6029762,101.5596589741,104.7980580307,101.3094409192,104.7550397728,6029762,0.0,1.0
2021-01-27 00:00:00+00:00,98.58,104.06,98.08,102.1,9782747,94.8711378912,100.1449645868,94.3899493241,98.2587054037,9782747,0.0,1.0
2021-01-28 00:00:00+00:00,101.15,103.35,99.97,101.19,7432989,97.3444471262,99.4616768215,96.2088421078,97.3829422116,7432989,0.0,1.0
2021-01-29 00:00:00+00:00,96.68,100.46,96.07,100.23,7943425,93.0426213362,96.6804069036,92.4555712844,96.4590601627,7943425,0.0,1.0
2021-02-01 00:00:00+00:00,101.21,102.15,97.68,99.246,9083609,97.4021897542,98.3068242604,94.0049984704,95.5120810626,9083609,0.0,1.0
2021-02-02 00:00:00+00:00,103.59,103.94,101.77,102.99,5069962,99.6926473337,100.0294793307,97.9411209494,99.1152210531,5069962,0.0,1.0
2021-02-03 00:00:00+00:00,99.87,104.41,99.82,104.32,5399162,96.1126043944,100.4817965837,96.0644855377,100.3951826417,5399162,0.0,1.0
2021-02-04 00:00:00+00:00,103.24,103.73,100.21,100.21,6356334,99.3558153367,99.8273801325,96.43981262,96.43981262,6356334,0.0,1.0
2021-02-05 00:00:00+00:00,100.71,105.2,100.69,104.855,6349259,96.9210011871,101.2420745198,96.9017536444,100.9100544085,6349259,0.0,1.0
2021-02-08 00:00:00+00:00,106.19,106.25,101.76,101.85,6621431,102.1948278826,102.2525705107,97.9314971781,98.0181111201,6621431,0.0,1.0
2021-02-09 00:00:00+00:00,105.38,107.36,104.7805,106.2067,5763794,101.4153024039,103.3208091297,100.838357312,102.2108995808,5763794,0.0,1.0
2021-02-10 00:00:00+00:00,105.88,108.2,105.03,106.94,4986338,101.896490971,104.1292059224,101.078470407,102.9166107333,4986338,0.0,1.0
2021-02-11 00:00:00+00:00,113.0,114.3,107.29,107.4336,12147082,108.7486161667,109.9997064412,103.2534427303,103.3916400868,12147082,0.0,1.0
2021-02-12 00:00:00+00:00,116.7,117.82,111.69,113.0,8157465,112.3094115633,113.3872739536,107.4879021208,108.7486161667,8157465,0.0,1.0
2021-02-16 00:00:00+00:00,118.35,121.132,117.69,118.51,9260050,113.8973338347,116.5746670221,113.2621649262,114.0513141762,9260050,0.0,1.0
2021-02-17 00:00:00+00:00,115.71,117.06,112.09,116.46,7216045,111.3566582004,112.6558673316,107.8728529745,112.0784410511,7216045,0.0,1.0
2021-02-18 00:00:00+00:00,113.43,115.63,112.44,114.0,8239621,109.1624383344,111.2796680297,108.2096849715,109.7109933009,8239621,0.0,1.0
2021-02-19 00:00:00+00:00,119.46,124.5,118.9,121.61,21054135,114.9655724537,119.8159532102,114.4266412586,117.0346832923,21054135,0.0,1.0
2021-02-22 00:00:00+00:00,115.23,119.8699,114.62,117.97,7798801,110.894717176,115.360050841,110.3076671241,113.5316305237,7798801,0.0,1.0
2021-02-23 00:00:00+00:00,116.14,117.8,110.69,112.86,9387863,111.7704803681,113.3680264109,106.5255249866,108.6138833679,9387863,0.0,1.0
2021-02-24 00:00:00+00:00,122.81,123.02,114.42,115.05,10098078,118.4012588229,118.6037200586,110.3124504072,110.9198341143,10098078,0.22,1.0
2021-02-25 00:00:00+00:00,113.93,121.22,113.6,121.17,11301926,109.8400408573,116.8683380385,109.521887487,116.8201329824,11301926,0.0,1.0
2021-02-26 00:00:00+00:00,118.19,120.25,113.44,116.53,11588920,113.9471116381,115.9331599499,109.3676313074,112.3467037752,11588920,0.0,1.0
2021-03-01 00:00:00+00:00,122.25,122.48,119.46,121.18,7008040,117.8613621944,118.0831054525,115.1715200634,116.8297739936,7008040,0.0,1.0
2021-03-02 00:00:00+00:00,117.5,121.91,117.235,121.84,6505039,113.2818818638,117.5335678129,113.0263950664,117.4660807343,6505039,0.0,1.0
2021-03-03 00:00:00+00:00,115.44,119.85,115.1,118.28,7257143,111.2958335519,115.547519501,110.9680391704,114.0338807391,7257143,0.0,1.0
2021-03-04 00:00:00+00:00,108.24,116.49,107.13,115.3384,12433371,104.3543054718,112.3081397303,103.2841532261,111.1978808779,12433371,0.0,1.0
2021-03-05 00:00:00+00:00,113.45,114.34,105.65,111.59,9962705,109.3772723187,110.2353223175,101.8572835652,107.5840442313,9962705,0.0,1.0
2021-03-08 00:00:00+00:00,105.68,114.12,105.5,112.8,12091539,101.8862065988,110.0232200706,101.7126683968,108.7506065892,12091539,0.0,1.0
2021-03-09 00:00:00+00:00,114.22,114.95,109.41,110.26,12040811,110.1196301828,110.823424002,105.4823037848,106.3017897387,12040811,0.0,1.0
2021-03-10 00:00:00+00:00,112.68,116.5,112.58,115.8,8820310,108.6349144545,112.3177807415,108.5385043423,111.6429099559,8820310,0.0,1.0
2021-03-11 00:00:00+00:00,117.19,117.85,115.64,117.26,7715517,112.9830105159,113.6193172565,111.4886537764,113.0504975944,7715517,0.0,1.0
2021-03-12 00:00:00+00:00,114.29,116.45,113.33,114.55,7426014,110.1871172614,112.2695756854,109.261580184,110.4377835531,7426014,0.0,1.0
2021-03-15 00:00:00+00:00,114.88,115.43,113.1,114.63,7068801,110.7559369235,111.2861925407,109.0398369259,110.5149116429,7068801,0.0,1.0
2021-03-16 00:00:00+00:00,118.5,121.2714,116.92,117.03,10383010,114.245982986,116.9178928362,112.7227032129,112.8287543363,10383010,0.0,1.0
2021-03-17 00:00:00+00:00,119.9,121.14,114.9,116.19,8342614,115.5957245572,116.7912099487,110.7752189459,112.0189093936,8342614,0.0,1.0
2021-03-18 00:00:00+00:00,114.28,118.78,114.11,117.86,9044761,110.1774762501,114.5159313002,110.0135790594,113.6289582678,9044761,0.0,1.0
2021-03-19 00:00:00+00:00,114.86,117.06,112.14,114.51,13044677,110.736654901,112.85767737,108.1142998485,110.3992195083,13044677,0.0,1.0
2021-03-22 00:00:00+00:00,119.33,121.48,116.97,117.6048,11318720,115.0461869175,117.1190043303,112.770908269,113.3829196614,11318720,0.0,1.0
2021-03-23 00:00:00+00:00,116.38,120.2,115.56,119.9,8263821,112.2020886068,115.8849548938,111.4115256866,115.5957245572,8263821,0.0,1.0
2021-03-24 00:00:00+00:00,121.1,125.8,120.42,122.65,20252469,116.7526459038,121.2839211784,116.0970571407,118.2470026433,20252469,0.0,1.0
2021-03-25 00:00:00+00:00,119.72,120.48,116.22,118.76,10381612,115.4221863551,116.1549032081,112.0478324273,114.4966492778,10381612,0.0,1.0
2021-03-26 00:00:00+00:00,128.64,128.98,119.1722,119.67,14036994,124.0219683656,124.3497627471,114.8940517604,115.373981299,14036994,0.0,1.0
2021-03-29 00:00:00+00:00,125.71,127.83,123.47,127.04,10539574,121.1971520774,123.2410464566,119.0375655636,122.47940657,10539574,0.0,1.0
2021-03-30 00:00:00+00:00,126.76,127.9,123.858,124.89,7970891,122.2094582557,123.3085335351,119.411636799,120.4065891572,7970891,0.0,1.0
2021-03-31 00:00:00+00:00,133.6,135.5,129.0,129.97,18589548,128.8039099319,130.6357020642,124.3690447696,125.3042228582,18589548,0.0,1.0
2021-04-01 00:00:00+00:00,141.52,142.36,137.2009,138.14,15929211,136.4395908201,137.2494357628,132.275541663,133.1809290269,15929211,0.0,1.0
2021-04-05 00:00:00+00:00,143.05,146.0,141.74,145.5,14377393,137.9146655371,140.7587638477,136.651693067,140.2767132866,14377393,0.0,1.0
2021-04-06 00:00:00+00:00,139.54,145.3,136.95,143.88,18004754,134.530670598,140.0838930622,132.0336486914,138.7148694686,18004754,0.0,1.0
2021-04-07 00:00:00+00:00,139.14,141.87,136.82,140.25,13702741,134.1450301491,136.7770262129,131.9083155455,135.2151823948,13702741,0.0,1.0
2021-04-08 00:00:00+00:00,139.35,141.6828,138.21,140.61,10237997,134.3474913848,136.5965464828,133.2484161055,135.5622587988,10237997,0.0,1.0
2021-04-09 00:00:00+00:00,138.91,140.18,137.49,138.32,9637207,133.923286891,135.1476953163,132.5542632974,133.3544672289,9637207,0.0,1.0
2021-04-12 00:00:00+00:00,135.0,138.73,134.515,137.82,11147473,130.153651503,133.749748689,129.6860624588,132.8724166678,11147473,0.0,1.0
2021-04-13 00:00:00+00:00,135.1,136.99,133.2,136.626,8034306,130.2500616153,132.0722127363,128.418269483,131.7212799278,8034306,0.0,1.0
2021-04-14 00:00:00+00:00,134.14,137.14,133.24,134.67,8134216,129.3245245379,132.2168279046,128.4568335279,129.8354981327,8134216,0.0,1.0
2021-04-15 00:00:00+00:00,134.41,136.14,132.85,136.0,8269392,129.5848318409,131.2527267824,128.0808340902,131.1177526253,8269392,0.0,1.0
2021-04-16 00:00:00+00:00,133.73,134.74,133.01,133.5,7686310,128.9292430778,129.9029852113,128.2350902698,128.7074998197,7686310,0.0,1.0
2021-04-19 00:00:00+00:00,130.89,135.28,128.7,133.3943,12826374,126.1911958906,130.4235998173,124.0798144329,128.6055943311,12826374,0.0,1.0
2021-04-20 00:00:00+00:00,128.59,131.67,128.31,129.3833,7583294,123.9737633095,126.943194766,123.7038149952,124.7385847297,7583294,0.0,1.0
2021-04-21 00:00:00+00:00,135.05,135.16,129.0,130.14,12108821,130.2018565592,130.3079076826,124.3690447696,125.4681200489,12108821,0.0,1.0
2021-04-22 00:00:00+00:00,131.75,135.74,130.45,134.7686,11483492,127.0203228558,130.8670863335,125.7669913968,129.9305585034,11483492,0.0,1.0
2021-04-23 00:00:00+00:00,134.86,135.17,132.75,133.49,8082300,130.0186773459,130.3175486938,127.984423978,128.6978588085,8082300,0.0,1.0
2021-04-26 00:00:00+00:00,137.3,138.67,134.2,134.83,7927184,132.3710840842,133.6919026217,129.3823706053,129.9897543123,7927184,0.0,1.0
2021-04-27 00:00:00+00:00,136.78,138.25,135.55,138.15,5767364,131.8697515006,133.2869801503,130.6839071203,133.1905700381,5767364,0.0,1.0
2021-04-28 00:00:00+00:00,135.69,136.915,134.57,136.64,6172656,130.8188812774,131.9999051521,129.7390880205,131.7347773435,6172656,0.0,1.0
2021-04-29 00:00:00+00:00,135.39,137.6,133.09,137.2516,6668375,130.5296509407,132.6603144209,128.3122183596,132.3244215899,6668375,0.0,1.0
2021-04-30 00:00:00+00:00,132.71,134.4,131.4,132.002,8691846,127.9458599331,129.5751908297,126.682887463,127.2632763386,8691846,0.0,1.0
2021-05-03 00:00:00+00:00,132.85,135.61,131.7,134.25,7750181,128.0808340902,130.7417531876,126.9721177996,129.4305756614,7750181,0.0,1.0
2021-05-04 00:00:00+00:00,128.72,130.68,125.32,129.99,14199065,124.0990964553,125.9887346549,120.8211526397,125.3235048806,14199065,0.0,1.0
2021-05-05 00:00:00+00:00,130.29,132.52,128.76,131.7326,7276634,125.6127352173,127.7626807199,124.1376605002,127.0035474962,7276634,0.0,1.0
2021-05-06 00:00:00+00:00,131.73,131.89,127.76,129.64,7270467,127.0010408333,127.1552970129,123.173559378,124.9860694878,7270467,0.0,1.0
2021-05-07 00:00:00+00:00,132.95,134.095,131.64,132.55,7524772,128.1772442024,129.2811399874,126.9142717323,127.7916037535,7524772,0.0,1.0
2021-05-10 00:00:00+00:00,124.69,131.915,124.51,131.915,10471528,120.2137689327,127.1793995409,120.0402307307,127.1793995409,10471528,0.0,1.0
2021-05-11 00:00:00+00:00,123.55,124.34,117.62,120.0,15287779,119.1146936533,119.8763335399,113.3975739984,115.6921346694,15287779,0.0,1.0
2021-05-12 00:00:00+00:00,114.88,121.01,114.39,119.33,18648177,110.7559369235,116.6658768028,110.2835273736,115.0461869175,18648177,0.0,1.0
2021-05-13 00:00:00+00:00,119.92,121.47,117.89,118.49,14228038,115.6150065796,117.1093633191,113.6578813014,114.2363419748,14228038,0.0,1.0
2021-05-14 00:00:00+00:00,124.83,125.8,120.26,121.89,12422296,120.3487430898,121.2839211784,115.9428009612,117.5142857904,12422296,0.0,1.0
2021-05-17 00:00:00+00:00,123.57,123.62,120.37,122.0,9378982,119.1339756758,119.1821807319,116.0488520846,117.6203369139,9378982,0.0,1.0
2021-05-18 00:00:00+00:00,121.81,125.388,121.69,125.34,7536657,117.4371577006,120.886711516,117.321465566,120.8404346622,7536657,0.0,1.0
2021-05-19 00:00:00+00:00,124.8,125.08,117.79,118.42,10424174,120.3198200561,120.5897683704,113.5614711892,114.1688548962,10424174,0.0,1.0
2021-05-20 00:00:00+00:00,130.31,130.67,125.24,126.811,18239815,125.6320172397,125.9790936437,120.7440245499,122.258627413,18239815,0.0,1.0
2021-05-21 00:00:00+00:00,128.66,130.6899,127.02,129.85,14252355,124.041250388,125.9982792561,122.4601245475,125.1885307235,14252355,0.0,1.0
2021-05-24 00:00:00+00:00,134.58,135.63,129.59,130.19,11405607,129.7487290317,130.7610352101,124.9378644317,125.516325105,11405607,0.0,1.0
2021-05-25 00:00:00+00:00,137.5,139.15,135.94,136.45,12721008,132.5639043087,134.1546711604,131.059906558,131.5515981303,12721008,0.0,1.0
2021-05-26 00:00:00+00:00,136.9,138.97,136.21,137.97,10577908,132.2168279046,134.2160158795,131.550431913,133.2502245873,10577908,0.24,1.0
2021-05-27 00:00:00+00:00,137.82,138.19,135.84,135.936,10623446,133.1053558935,133.4626986716,131.1930891349,131.285805099,10623446,0.0,1.0
2021-05-28 00:00:00+00:00,138.13,139.46,137.82,139.17,7189587,133.4047511941,134.6892536127,133.1053558935,134.409174138,7189587,0.0,1.0
2021-06-01 00:00:00+00:00,138.21,142.12,137.26,139.0,8839275,133.4820144975,137.25825845,132.5645127698,134.2449896183,8839275,0.0,1.0
2021-06-02 00:00:00+00:00,139.01,140.36,136.92,138.05,6401194,134.2546475312,135.5584657757,132.2361437305,133.3274878907,6401194,0.0,1.0
2021-06-03 00:00:00+00:00,136.38,138.03,135.09,137.4,8191949,131.7146164327,133.3081720649,130.4687456657,132.6997235508,8191949,0.0,1.0
2021-06-04 00:00:00+00:00,139.85,140.85,137.62,137.73,6662783,135.0659122167,136.0317035089,132.912197635,133.0184346772,6662783,0.0,1.0
2021-06-07 00:00:00+00:00,138.97,139.69,138.19,139.455,5943050,134.2160158795,134.9113856099,133.4626986716,134.6844246563,5943050,0.0,1.0
2021-06-08 00:00:00+00:00,135.86,140.75,135.24,140.34,8129234,131.2124049607,135.9351243797,130.6136143596,135.5391499499,8129234,0.0,1.0
2021-06-09 00:00:00+00:00,134.65,137.47,134.57,136.85,6887760,130.0437974972,132.7673289412,129.9665341938,132.16853834,6887760,0.0,1.0
2021-06-10 00:00:00+00:00,137.16,138.17,135.3,135.87,6162992,132.4679336406,133.4433828458,130.6715618371,131.2220628737,6162992,0.0,1.0
2021-06-11 00:00:00+00:00,136.82,137.15,135.23,136.925,6077741,132.1395646013,132.4582757277,130.6039564466,132.240972687,6077741,0.0,1.0
2021-06-14 00:00:00+00:00,139.03,139.55,135.75,136.8,6062856,134.2739633571,134.776174829,131.1061679186,132.1202487754,6062856,0.0,1.0
2021-06-15 00:00:00+00:00,138.64,140.61,138.2,139.13,6059348,133.8973047531,135.7999135988,133.4723565845,134.3705424863,6059348,0.0,1.0
2021-06-16 00:00:00+00:00,136.98,140.29,136.04,139.51,7816850,132.294091208,135.4908603853,131.3862473933,134.7375431773,7816850,0.0,1.0
2021-06-17 00:00:00+00:00,137.32,138.65,135.05,136.5452,7690332,132.6224602474,133.906962666,130.430114014,131.8741651542,7690332,0.0,1.0
2021-06-18 00:00:00+00:00,131.23,136.26,130.63,135.25,13258407,126.7407912778,131.5987214776,126.1613165024,130.6232722725,13258407,0.0,1.0
2021-06-21 00:00:00+00:00,133.05,133.58,130.3171,131.19,5984021,128.4985314296,129.0104008145,125.8591204071,126.7021596261,5984021,0.0,1.0
2021-06-22 00:00:00+00:00,133.44,134.44,131.6,132.815,5680872,128.8751900336,129.8409813258,127.0981340559,128.2715704759,5680872,0.0,1.0
2021-06-23 00:00:00+00:00,135.5,136.21,134.28,134.3,6327397,130.8647200955,131.550431913,129.686454719,129.7057705449,6327397,0.0,1.0
2021-06-24 00:00:00+00:00,138.26,138.47,136.71,137.0,6374064,133.5303040621,133.7331202334,132.0333275591,132.3134070339,6374064,0.0,1.0
2021-06-25 00:00:00+00:00,136.19,139.2098,135.38,138.71,7276730,131.5311160872,134.4476126314,130.7488251405,133.9649101436,7276730,0.0,1.0
2021-06-28 00:00:00+00:00,140.99,141.42,137.93,138.78,6984420,136.1669142898,136.5822045455,133.2115929356,134.032515534,6984420,0.0,1.0
2021-06-29 00:00:00+00:00,141.92,142.79,140.39,140.45,5340517,137.0651001916,137.9053386158,135.5874395145,135.645386992,5340517,0.0,1.0
2021-06-30 00:00:00+00:00,142.4,142.64,140.07,141.99,5963392,137.5286800119,137.760469922,135.278386301,137.132705582,5963392,0.0,1.0
2021-07-01 00:00:00+00:00,137.95,142.19,137.59,141.7,7693501,133.2309087615,137.3258638405,132.8832238963,136.8526261073,7693501,0.0,1.0
2021-07-02 00:00:00+00:00,138.16,140.52,137.52,139.93,5299709,133.4337249328,135.7129923825,132.8156185058,135.1431755201,5299709,0.0,1.0
2021-07-06 00:00:00+00:00,136.78,141.1099,134.82,139.28,7432643,132.1009329496,136.2827126658,130.2079820168,134.5154111801,7432643,0.0,1.0
2021-07-07 00:00:00+00:00,134.87,138.7398,134.02,138.51,5956786,130.2562715814,133.9936907241,129.4353489831,133.7717518851,5956786,0.0,1.0
2021-07-08 00:00:00+00:00,132.53,134.39,129.7201,131.64,7770901,127.9963199577,129.7926917612,125.2825430057,127.1367657076,7770901,0.0,1.0
2021-07-09 00:00:00+00:00,134.9,135.38,132.085,133.415,5762884,130.2852453202,130.7488251405,127.5665428326,128.8510452513,5762884,0.0,1.0
2021-07-12 00:00:00+00:00,136.8,137.03,134.67,135.99,5459591,132.1202487754,132.3423807726,130.063113323,131.3379578287,5459591,0.0,1.0
2021-07-13 00:00:00+00:00,136.29,136.97,134.7506,136.0,4950627,131.6276952164,132.2844332951,130.1409561012,131.3476157417,4950627,0.0,1.0
2021-07-14 00:00:00+00:00,135.65,139.88,135.41,138.19,5982313,131.0095887894,135.0948859555,130.7777988792,133.4626986716,5982313,0.0,1.0
2021-07-15 00:00:00+00:00,133.2,135.93,131.6,134.975,7057928,128.6434001234,131.2800103512,127.0981340559,130.3576796671,7057928,0.0,1.0
2021-07-16 00:00:00+00:00,128.18,134.59,127.92,134.0,8190558,123.7951278365,129.9858500196,123.5440221005,129.4160331572,8190558,0.0,1.0
2021-07-19 00:00:00+00:00,128.62,128.72,123.88,125.19,8933965,124.2200760051,124.3166551343,119.64222528,120.9074118728,8933965,0.0,1.0
2021-07-20 00:00:00+00:00,131.97,133.1164,127.8,129.1954,7417625,127.455476834,128.5626599714,123.4281271455,124.7757923146,7417625,0.0,1.0
2021-07-21 00:00:00+00:00,138.0,138.27,132.53,132.825,6434062,133.2791983261,133.539961975,127.9963199577,128.2812283889,6434062,0.0,1.0
2021-07-22 00:00:00+00:00,137.18,138.75,136.37,137.0,5563982,132.4872494665,134.0035417953,131.7049585198,132.3134070339,5563982,0.0,1.0
2021-07-23 00:00:00+00:00,138.43,139.0,136.53,137.9489,4345643,133.6944885817,134.2449896183,131.8594851265,133.2298463911,4345643,0.0,1.0
2021-07-26 00:00:00+00:00,138.48,139.88,137.44,138.23,4638462,133.7427781464,135.0948859555,132.7383552024,133.5013303233,4638462,0.0,1.0
2021-07-27 00:00:00+00:00,134.9,137.63,131.58,137.63,6344109,130.2852453202,132.921855548,127.0788182301,132.921855548,6344109,0.0,1.0
2021-07-28 00:00:00+00:00,137.21,137.88,135.0,135.625,5041918,132.5162232052,133.163303371,130.3818244494,130.9854440071,5041918,0.0,1.0
2021-07-29 00:00:00+00:00,137.5,137.86,133.51,135.41,5357472,132.79630268,133.1439875452,128.942795424,130.7777988792,5357472,0.0,1.0
2021-07-30 00:00:00+00:00,139.93,141.4,136.47,136.5,8556354,135.1431755201,136.5628887196,131.801537649,131.8305113878,8556354,0.0,1.0
2021-08-02 00:00:00+00:00,142.01,145.25,140.89,141.04,10230557,137.1520214079,140.2811851947,136.0703351606,136.2152038544,10230557,0.0,1.0
2021-08-03 00:00:00+00:00,142.16,143.3599,140.24,142.54,5589581,137.2968901017,138.4557430733,135.4425708207,137.6638907928,5589581,0.0,1.0
2021-08-04 00:00:00+00:00,142.76,144.7,141.81,143.0,5434554,137.876364877,139.749999984,136.9588631494,138.1081547872,5434554,0.0,1.0
2021-08-05 00:00:00+00:00,142.27,143.88,141.16,143.43,4282236,137.4031271439,138.9580511243,136.3310988095,138.5234450428,4282236,0.0,1.0
2021-08-06 00:00:00+00:00,142.65,143.16,141.5903,141.715,3843579,137.7701278349,138.2626813939,136.7466788025,136.8671129767,3843579,0.0,1.0
2021-08-09 00:00:00+00:00,142.0,143.69,141.451,143.488,4026620,137.142363495,138.7745507788,136.6121440755,138.5794609378,4026620,0.0,1.0
2021-08-10 00:00:00+00:00,138.06,143.0,135.3,142.905,6403937,133.3371458036,138.1081547872,130.6715618371,138.0164046144,6403937,0.0,1.0
2021-08-11 00:00:00+00:00,134.82,138.59,132.6,138.51,9630550,130.2079820168,133.8490151885,128.0639253481,133.7717518851,9630550,0.0,1.0
2021-08-12 00:00:00+00:00,129.22,132.02,127.69,132.0,12976055,124.7995507804,127.5037663986,123.3218901033,127.4844505728,12976055,0.0,1.0
2021-08-13 00:00:00+00:00,129.9,130.44,128.58,129.13,8698828,125.4562888591,125.9778161569,124.1814443534,124.7126295641,8698828,0.0,1.0
2021-08-16 00:00:00+00:00,131.69,132.05,129.1,129.425,10413764,127.1850552722,127.5327401374,124.6836558254,124.9975379953,10413764,0.0,1.0
2021-08-17 00:00:00+00:00,128.8,130.839,126.71,130.05,8208439,124.3939184377,126.3631668825,122.3754146369,125.601157553,8208439,0.0,1.0
2021-08-18 00:00:00+00:00,127.37,131.64,127.18,128.81,6768795,123.0128368898,127.1367657076,122.8293365443,124.4035763506,6768795,0.0,1.0
2021-08-19 00:00:00+00:00,129.2,129.99,125.28,126.2225,9020165,124.7802349546,125.5432100754,120.9943330891,121.904591382,9020165,0.0,1.0
2021-08-20 00:00:00+00:00,127.2,131.99,125.25,130.38,13707595,122.8486523701,127.4747926599,120.9653593503,125.9198686794,13707595,0.0,1.0
2021-08-23 00:00:00+00:00,131.49,131.5,127.8,128.31,7710683,126.9918970138,127.0015549267,123.4281271455,123.9206807045,7710683,0.0,1.0
2021-08-24 00:00:00+00:00,131.44,133.38,130.62,131.8,6356617,126.9436074491,128.817242556,126.1516585895,127.2912923143,6356617,0.0,1.0
2021-08-25 00:00:00+00:00,132.82,134.2,131.44,131.54,6735147,128.5081893425,129.8433896233,127.1729890618,127.2697427053,6735147,0.24,1.0
2021-08-26 00:00:00+00:00,132.49,133.83,131.59,132.78,3958702,128.1889023189,129.4854011422,127.3181195271,128.4694878851,3958702,0.0,1.0
2021-08-27 00:00:00+00:00,136.55,137.15,132.86,133.01,8413906,132.1171002464,132.6976221076,128.5468907999,128.6920212652,8413906,0.0,1.0
2021-08-30 00:00:00+00:00,136.05,137.89,135.38,137.5743,4617683,131.6333320287,133.4135990697,130.985082617,133.1081478171,4617683,0.0,1.0
2021-08-31 00:00:00+00:00,135.13,136.6,133.55,136.45,5586023,130.7431985082,132.1654770681,129.2144909403,132.0203466028,5586023,0.0,1.0
2021-09-01 00:00:00+00:00,133.46,136.04,133.24,135.68,6260260,129.1274126612,131.6236566643,128.9145546454,131.2753435476,6260260,0.0,1.0
2021-09-02 00:00:00+00:00,134.45,135.95,133.88,134.73,5146558,130.0852737321,131.5365783852,129.533777964,130.356183934,5146558,0.0,1.0
2021-09-03 00:00:00+00:00,135.83,136.43,133.345,133.8422,4838166,131.4204740129,132.0009958741,129.0161459711,129.4972050867,4838166,0.0,1.0
2021-09-07 00:00:00+00:00,136.49,137.17,133.75,136.6465,5551225,132.0590480602,132.7169728363,129.4079982274,132.2104675124,5551225,0.0,1.0
2021-09-08 00:00:00+00:00,133.56,135.94,131.75,135.695,7440648,129.2241663047,131.5269030208,127.4729253567,131.2898565941,7440648,0.0,1.0
2021-09-09 00:00:00+00:00,135.0,135.85,132.915,133.03,6808623,130.6174187716,131.4398247416,128.6001053039,128.711371994,6808623,0.0,1.0
2021-09-10 00:00:00+00:00,136.84,140.8,136.61,138.28,9054701,132.3976858126,136.2291300966,132.1751524325,133.7909382795,9054701,0.0,1.0
2021-09-13 00:00:00+00:00,139.44,141.3,137.56,138.72,8507585,134.9132805445,136.7128983143,133.0943120461,134.2166543111,8507585,0.0,1.0
2021-09-14 00:00:00+00:00,140.14,141.8,137.91,138.1144,8073185,135.5905560493,137.1966665319,133.4329497984,133.6307142458,8073185,0.0,1.0
2021-09-15 00:00:00+00:00,141.23,141.34,137.44,139.99,6103225,136.6451707638,136.7515997717,132.9782076738,135.445425584,6103225,0.0,1.0
2021-09-16 00:00:00+00:00,144.09,144.63,139.17,140.36,8467332,139.4123249689,139.934794644,134.652045707,135.803414065,8467332,0.0,1.0
2021-09-17 00:00:00+00:00,140.8,143.0,139.38,143.0,10884350,136.2291300966,138.3577102543,134.8552283584,138.3577102543,10884350,0.0,1.0
2021-09-20 00:00:00+00:00,135.53,136.69,133.55,136.56,8822525,131.1302130823,132.2525553473,129.2144909403,132.1267756107,8822525,0.0,1.0
2021-09-21 00:00:00+00:00,135.18,137.24,133.45,137.13,5782242,130.7915753299,132.7847003868,129.1177372968,132.6782713789,5782242,0.0,1.0
2021-09-22 00:00:00+00:00,138.1,138.8,135.55,136.19,6344254,133.6167817212,134.2940572259,131.149563811,131.7687871296,6344254,0.0,1.0
2021-09-23 00:00:00+00:00,141.11,142.15,138.71,139.33,5620713,136.5290663915,137.5353042843,134.2069789467,134.8068515366,5620713,0.0,1.0
2021-09-24 00:00:00+00:00,141.92,142.37,139.16,139.41,3729874,137.3127709042,137.7481623001,134.6423703426,134.8842544515,3729874,0.0,1.0
2021-09-27 00:00:00+00:00,142.74,143.27,139.54,139.6,5248647,138.1061507812,138.6189450919,135.0100341881,135.0680863742,5248647,0.0,1.0
2021-09-28 00:00:00+00:00,132.89,139.58,132.5339,137.61,12873859,128.575916893,135.0487356455,128.2313771684,133.1426888678,12873859,0.0,1.0
2021-09-29 00:00:00+00:00,128.27,134.04,128.04,132.8,10730145,124.1058985617,129.6885837937,123.8833651816,128.4888386138,10730145,0.0,1.0
2021-09-30 00:00:00+00:00,128.73,130.85,128.51,129.38,7337925,124.550965322,126.6021425649,124.3381073062,125.1798640049,7337925,0.0,1.0
2021-10-01 00:00:00+00:00,129.13,129.6,126.42,129.26,6459247,124.9379798961,125.3927220207,122.3159561563,125.0637596327,6459247,0.0,1.0
2021-10-04 00:00:00+00:00,125.2,127.82,123.17,127.66,9549504,121.1355617052,123.6705071658,119.1714627415,123.5157013362,9549504,0.0,1.0
2021-10-05 00:00:00+00:00,128.07,129.2,125.4,127.475,7330385,123.9123912746,125.0057074466,121.3290689923,123.3367070956,7330385,0.0,1.0
2021-10-06 00:00:00+00:00,126.52,128.18,125.72,126.3,7388749,122.4127097999,124.0188202825,121.6386806516,122.1998517841,7388749,0.0,1.0
2021-10-07 00:00:00+00:00,127.88,129.95,127.46,128.65,5761349,123.7285593519,125.7313597731,123.3221940491,124.4735624071,5761349,0.0,1.0
2021-10-08 00:00:00+00:00,126.22,128.785,125.87,128.3,6300519,122.1224488693,124.6041798259,121.7838111169,124.1349246548,6300519,0.0,1.0
2021-10-11 00:00:00+00:00,127.5,129.2,125.655,125.7,5471984,123.3608955065,125.0057074466,121.5757907833,121.6193299229,5471984,0.0,1.0
2021-10-12 00:00:00+00:00,126.76,128.83,124.9365,128.7579,7637895,122.6449185443,124.6477189655,120.8806158545,124.5779595885,7637895,0.0,1.0
2021-10-13 00:00:00+00:00,128.21,129.4799,127.5,128.784,4955229,124.0478463756,125.2765208948,123.3608955065,124.6032122895,4955229,0.0,1.0
2021-10-14 00:00:00+00:00,132.07,132.25,129.65,131.62,7952328,127.782537016,127.9566935744,125.4410988425,127.3471456201,7952328,0.0,1.0
2021-10-15 00:00:00+00:00,131.59,132.91,131.245,132.26,4826621,127.3181195271,128.5952676217,126.9843194569,127.9663689387,4826621,0.0,1.0
2021-10-18 00:00:00+00:00,133.28,133.4,129.8444,130.36,4208459,128.9532561028,129.069360475,125.6291879255,126.1280497116,4208459,0.0,1.0
2021-10-19 00:00:00+00:00,134.6,135.34,132.61,133.33,3694274,130.2304041974,130.9463811596,128.3050066911,129.0016329246,3694274,0.0,1.0
2021-10-20 00:00:00+00:00,133.98,135.2,133.35,133.97,4618970,129.6305316075,130.8109260587,129.0209836533,129.6208562432,4618970,0.0,1.0
2021-10-21 00:00:00+00:00,133.34,133.51,130.51,131.66,5611026,129.0113082889,129.1757894829,126.2731801769,127.3858470775,5611026,0.0,1.0
2021-10-22 00:00:00+00:00,135.93,141.56,134.51,135.2135,10744920,131.5172276565,136.9644577874,130.1433259183,130.8239878005,10744920,0.0,1.0
2021-10-25 00:00:00+00:00,135.76,137.92,135.3,136.25,4005556,131.3527464624,133.4426251628,130.9076797022,131.8268393158,4005556,0.0,1.0
2021-10-26 00:00:00+00:00,132.0,137.4,131.68,137.28,7864617,127.7148094656,132.9395062164,127.4051978062,132.8234018442,7864617,0.0,1.0
2021-10-27 00:00:00+00:00,132.16,134.28,131.41,133.28,7837614,127.8696152952,129.9207925381,127.1439629687,128.9532561028,7837614,0.0,1.0
2021-10-28 00:00:00+00:00,136.02,137.85,134.52,134.57,6391690,131.6043059356,133.3748976123,130.1530012826,130.2013781044,6391690,0.0,1.0
2021-10-29 00:00:00+00:00,136.65,137.26,134.55,134.79,5715324,132.2138538899,132.8040511155,130.1820273757,130.4142361202,5715324,0.0,1.0
2021-11-01 00:00:00+00:00,139.51,139.67,136.4183,136.98,5196975,134.981008095,135.1358139246,131.9896756978,132.5331409136,5196975,0.0,1.0
2021-11-02 00:00:00+00:00,141.21,141.47,138.89,139.5,4809218,136.6258200351,136.8773795083,134.3811355051,134.9713327306,4809218,0.0,1.0
2021-11-03 00:00:00+00:00,142.75,143.35,139.88,141.44,4117529,138.1158261455,138.6963480067,135.3389965761,136.8483534152,4117529,0.0,1.0
2021-11-04 00:00:00+00:00,150.13,150.49,142.495,143.27,9272779,145.2562450384,145.6045581551,137.8691043545,138.6189450919,9272779,0.0,1.0
2021-11-05 00:00:00+00:00,153.29,153.73,148.79,150.27,7706838,148.313660174,148.7393762056,143.959746215,145.3917001393,7706838,0.0,1.0
2021-11-08 00:00:00+00:00,152.96,154.89,151.23,154.86,5878508,147.9943731504,149.8617184706,146.3205351172,149.8326923775,5878508,0.0,1.0
2021-11-09 00:00:00+00:00,156.29,156.68,151.42,152.98,6795633,151.2162694801,151.5936086899,146.50436704,148.0137238791,6795633,0.0,1.0
2021-11-10 00:00:00+00:00,150.4,155.0,150.27,153.25,7149511,145.5174798759,149.9681474785,145.3917001393,148.2749587166,7149511,0.0,1.0
2021-11-11 00:00:00+00:00,153.9,154.18,151.3,152.23,5060974,148.9038573996,149.1747676015,146.3882626677,147.2880715526,5060974,0.0,1.0
2021-11-12 00:00:00+00:00,156.82,157.41,154.1055,154.67,5724401,151.7290637908,152.2999102877,149.1026861371,149.6488604548,5724401,0.0,1.0
2021-11-15 00:00:00+00:00,156.27,158.14,155.2,156.9628,7304258,151.1969187514,153.0062118855,150.1616547656,151.8672279938,7304258,0.0,1.0
2021-11-16 00:00:00+00:00,157.86,159.0,153.55,155.38,6200679,152.7353016836,153.8382932199,148.5652196472,150.3358113239,6200679,0.0,1.0
2021-11-17 00:00:00+00:00,155.98,158.51,155.89,157.91,5759230,150.9163331851,153.3642003665,150.8292549059,152.7836785053,5759230,0.0,1.0
2021-11-18 00:00:00+00:00,158.74,158.98,154.735,158.5,9929525,153.5867337467,153.8189424912,149.7117503231,153.3545250022,9929525,0.0,1.0
2021-11-19 00:00:00+00:00,150.03,156.45,149.74,150.9741,16035796,145.1594913948,151.3710753097,144.8789058286,146.0729425434,16035796,0.0,1.0
2021-11-22 00:00:00+00:00,147.55,152.98,147.36,151.0,9032808,142.7600010352,148.0137238791,142.5761691125,146.0980017371,9032808,0.0,1.0
2021-11-23 00:00:00+00:00,148.92,149.95,145.1,148.71,7256353,144.0855259516,145.08208848,140.3895367686,143.8823433002,7256353,0.0,1.0
2021-11-24 00:00:00+00:00,149.01,149.13,145.81,148.39,6185926,144.4048129753,144.5211043487,141.3037096834,143.8039742125,6185926,0.24,1.0
2021-11-26 00:00:00+00:00,143.29,147.18,142.22,145.61,7334135,138.861590841,142.6313695302,137.8246594278,141.1098907276,7334135,0.0,1.0
2021-11-29 00:00:00+00:00,151.22,151.56,145.5,146.77,9932305,146.5465124362,146.876004661,141.003290302,142.2340406709,9932305,0.0,1.0
2021-11-30 00:00:00+00:00,147.19,151.98,146.46,151.11,13505830,142.641060478,147.283024468,141.9336212895,146.4399120105,13505830,0.0,1.0
2021-12-01 00:00:00+00:00,151.67,156.58,149.84,151.25,14374515,146.9826050866,151.7408604501,145.2091616416,146.5755852796,14374515,0.0,1.0
2021-12-02 00:00:00+00:00,146.49,149.9,143.74,148.0,9573216,141.9626941329,145.2673073283,139.2976834915,143.4260272488,9573216,0.0,1.0
2021-12-03 00:00:00+00:00,145.83,150.74,143.33,148.515,7767972,141.323091579,146.0813469424,138.9003546322,143.9251110598,7767972,0.0,1.0
2021-12-06 00:00:00+00:00,147.38,148.3614,141.02,145.7815,8579707,142.825188486,143.7762581018,136.6617456934,141.2760904822,8579707,0.0,1.0
2021-12-07 00:00:00+00:00,156.89,157.9967,150.129,151.0,10514907,152.0412798315,153.1137770231,145.4892300326,146.3333115849,10514907,0.0,1.0
2021-12-08 00:00:00+00:00,157.29,157.86,155.15,156.86,6582440,152.428917743,152.9813017668,150.3550549165,152.0122069881,6582440,0.0,1.0
2021-12-09 00:00:00+00:00,152.65,158.3425,152.38,155.84,5420003,147.9323179697,153.4488899975,147.6706623795,151.0237303138,5420003,0.0,1.0
2021-12-10 00:00:00+00:00,152.73,156.89,150.6455,156.11,5291917,148.009845552,152.0412798315,145.9897674858,151.2853859041,5291917,0.0,1.0
2021-12-13 00:00:00+00:00,147.1,154.47,146.72,154.09,6202464,142.5538419479,149.696070467,142.185585932,149.3278144511,6202464,0.0,1.0
2021-12-14 00:00:00+00:00,147.73,148.2,144.53,144.98,5691461,143.1643716585,143.6198462045,140.0632683666,140.4993610171,5691461,0.0,1.0
2021-12-15 00:00:00+00:00,153.66,153.89,145.1601,147.95,6882971,148.9111036962,149.1339954953,140.6738949867,143.3775725098,6882971,0.0,1.0
2021-12-16 00:00:00+00:00,146.7,155.35,146.26,154.4,7155857,142.1662040364,150.5488738723,141.7398023338,149.6282338325,7155857,0.0,1.0
2021-12-17 00:00:00+00:00,146.15,148.98,144.22,145.29,9357198,141.6332019081,144.3757401319,139.7628489852,140.7997803985,9357198,0.0,1.0
2021-12-20 00:00:00+00:00,145.01,146.78,143.25,143.8,4653367,140.5284338604,142.2437316187,138.8228270499,139.3558291782,4653367,0.0,1.0
2021-12-21 00:00:00+00:00,151.42,151.52,147.02,149.36,5986903,146.7403313919,146.8372408698,142.4763143656,144.7439961478,5986903,0.0,1.0
2021-12-22 00:00:00+00:00,152.32,152.44,148.92,149.9737,4293732,147.6125166928,147.7288080662,144.3175944452,145.3387296135,4293732,0.0,1.0
2021-12-23 00:00:00+00:00,155.49,156.54,153.0,153.07,4625522,150.6845471413,151.7020966589,148.2715011423,148.3393377768,4625522,0.0,1.0
2021-12-27 00:00:00+00:00,162.72,162.81,156.185,156.185,6421440,157.6911023913,157.7783209214,151.3580680125,151.3580680125,6421440,0.0,1.0
2021-12-28 00:00:00+00:00,159.64,162.9917,158.75,162.85,5836693,154.7062904729,157.9544054427,153.8437961199,157.8170847126,5836693,0.0,1.0
2021-12-29 00:00:00+00:00,160.98,163.02,159.55,159.9,4654409,156.0048774764,157.9818308249,154.6190719428,154.9582551154,4654409,0.0,1.0
2021-12-30 00:00:00+00:00,157.98,160.92,157.63,160.68,4171379,153.0975931403,155.9467317897,152.7584099677,155.7141490428,4171379,0.0,1.0
2021-12-31 00:00:00+00:00,157.36,159.67,157.04,158.14,3586896,152.4967543775,154.7353633163,152.1866440483,153.2526483049,3586896,0.0,1.0
2022-01-03 00:00:00+00:00,159.93,160.7781,156.7,157.74,5368311,154.9873279587,155.8092172406,151.8571518235,152.8650103934,5368311,0.0,1.0
2022-01-04 00:00:00+00:00,158.36,161.84,154.51,159.99,6946961,153.4658491562,156.8382989861,149.7348342581,155.0454736455,6946961,0.0,1.0
2022-01-05 00:00:00+00:00,153.74,158.89,153.5,158.04,6840088,148.9886312785,153.9794693889,148.7560485317,153.155738827,6840088,0.0,1.0
2022-01-06 00:00:00+00:00,156.34,157.4,151.84,153.28,6576027,151.5082777032,152.5355181686,147.147351199,148.5428476803,6576027,0.0,1.0
2022-01-07 00:00:00+00:00,150.81,157.38,150.64,155.1001,6335715,146.1491835769,152.516136273,145.9844374645,150.3066970871,6335715,0.0,1.0
2022-01-10 00:00:00+00:00,149.59,149.9,143.27,147.72,9683912,144.9668879469,145.2673073283,138.8422089455,143.1546807107,9683912,0.0,1.0
2022-01-11 00:00:00+00:00,152.45,152.66,146.2727,148.38,6748453,147.738499014,147.9420089175,141.7521098375,143.7942832647,6748453,0.0,1.0
2022-01-12 00:00:00+00:00,159.55,159.75,154.62,154.73,10379777,154.6190719428,154.8128908986,149.8414346838,149.9480351095,10379777,0.0,1.0
2022-01-13 00:00:00+00:00,157.18,166.53,156.5,164.0,12553623,152.3223173173,161.3833534982,151.6633328678,158.9315437081,12553623,0.0,1.0
2022-01-14 00:00:00+00:00,167.0,167.06,155.6,155.78,11437325,161.8388280442,161.8969737309,150.7911475669,150.9655846271,11437325,0.0,1.0
2022-01-18 00:00:00+00:00,152.36,165.89,151.52,165.36,12379005,147.6512804839,160.7631328398,146.8372408698,160.2495126071,12379005,0.0,1.0
2022-01-19 00:00:00+00:00,143.07,155.82,142.92,154.4253,12845589,138.6483899897,151.0043484183,138.5030257729,149.6527519304,12845589,0.0,1.0
2022-01-20 00:00:00+00:00,139.15,147.315,138.56,145.69,10573814,134.8495384572,142.7621973253,134.2777725378,141.1874183099,10573814,0.0,1.0
2022-01-21 00:00:00+00:00,135.06,141.9,134.65,137.522,12408153,130.8859408123,137.5145490986,130.488611953,133.2718521575,12408153,0.0,1.0
2022-01-24 00:00:00+00:00,139.29,139.44,129.69,131.51,13211321,134.9852117262,135.130575943,125.6819018506,127.4456543479,13211321,0.0,1.0
2022-01-25 00:00:00+00:00,132.99,136.41,131.37,134.8,11799977,128.8799146204,132.1942187635,127.3099810788,130.6339761698,11799977,0.0,1.0
2022-01-26 00:00:00+00:00,135.58,141.58,132.84,137.71,11852588,131.3898700972,137.2044387695,128.7345504035,133.4540419759,11852588,0.0,1.0
2022-01-27 00:00:00+00:00,130.15,135.45,129.3,134.24,13544868,126.1276854488,131.263887776,125.3039548869,130.0912830937,13544868,0.0,1.0
2022-01-28 00:00:00+00:00,132.45,132.5,123.851,129.605,13292904,128.3566034399,128.4050581788,120.0233574377,125.5995287944,13292904,0.0,1.0
2022-01-31 00:00:00+00:00,138.18,138.37,131.63,132.92,8588889,133.9095165218,134.0936445298,127.5619457213,128.8120779858,8588889,0.0,1.0
2022-02-01 00:00:00+00:00,138.61,139.28,133.37,138.23,8151371,134.3262272767,134.9755207784,129.2481706363,133.9579712608,8151371,0.0,1.0
2022-02-02 00:00:00+00:00,140.76,141.398,137.21,140.695,8134117,136.4097810509,137.0280635197,132.9694945865,136.3467898903,8134117,0.0,1.0
2022-02-03 00:00:00+00:00,136.51,141.22,135.1,138.19,10040639,132.2911282414,136.8555646491,130.9247046034,133.9192074696,10040639,0.0,1.0
2022-02-04 00:00:00+00:00,135.57,136.745,131.941,134.34,8514352,131.3801791494,132.5188655144,127.8633341975,130.1881925716,8514352,0.0,1.0
2022-02-07 00:00:00+00:00,136.13,138.29,135.2,135.76,7242186,131.9228722255,134.0161169475,131.0216140813,131.5643071574,7242186,0.0,1.0
2022-02-08 00:00:00+00:00,138.75,139.2,133.5,134.84,6644120,134.4619005457,134.8979931961,129.3741529575,130.672739961,6644120,0.0,1.0
2022-02-09 00:00:00+00:00,144.2,144.98,139.49,141.66,7652648,139.7434670897,140.4993610171,135.179030682,137.2819663517,7652648,0.0,1.0
2022-02-10 00:00:00+00:00,139.77,145.16,139.01,139.79,8525688,135.45037722,140.6737980772,134.7138651882,135.4697591156,8525688,0.0,1.0
2022-02-11 00:00:00+00:00,132.49,140.56,131.2809,139.5536,9473100,128.395367231,136.2159620952,127.2236347341,135.2406651099,9473100,0.0,1.0
2022-02-14 00:00:00+00:00,131.86,134.4,129.69,132.37,9529272,127.7848375204,130.2463382583,125.6819018506,128.2790758576,9529272,0.0,1.0
2022-02-15 00:00:00+00:00,139.84,140.38,134.29,134.6878,9069484,135.5182138545,136.041525035,130.1397378327,130.5252437356,9069484,0.0,1.0
2022-02-16 00:00:00+00:00,140.96,141.71,136.9,138.48,7990701,136.6036000067,137.3304210907,132.6690752051,134.2002449555,7990701,0.0,1.0
2022-02-17 00:00:00+00:00,136.47,143.79,134.75,142.83,11879796,132.2523644503,139.3461382304,130.5855214309,138.4158072428,11879796,0.0,1.0
2022-02-18 00:00:00+00:00,133.35,137.03,130.93,136.99,8151340,129.2287887407,132.7950575263,126.8835793762,132.7562937352,8151340,0.0,1.0
2022-02-22 00:00:00+00:00,130.26,135.16,128.495,129.94,7652071,126.4668686214,131.2241821193,124.7532648818,126.1561869235,7652071,0.24,1.0
2022-02-23 00:00:00+00:00,127.86,134.2199,127.62,131.96,8413757,124.1367558877,130.3114575439,123.9037446143,128.1173651411,8413757,0.0,1.0
2022-02-24 00:00:00+00:00,133.42,133.63,122.68,123.08,8500945,129.5348503874,129.7387352516,119.1075959041,119.4959480264,8500945,0.0,1.0
2022-02-25 00:00:00+00:00,135.72,136.1399,131.74,133.36,7784465,131.7678750905,132.1755477309,127.9037714738,129.4765975691,7784465,0.0,1.0
2022-02-28 00:00:00+00:00,134.2,137.0595,132.03,133.82,7428101,130.2921370259,133.06836926,128.1853267625,129.9232025097,7428101,0.0,1.0
2022-03-01 00:00:00+00:00,129.61,135.06,128.09,133.735,9212451,125.8357964227,131.1270940888,124.360058358,129.8406776837,9212451,0.0,1.0
2022-03-02 00:00:00+00:00,133.18,134.47,129.65,130.0,7008727,129.301839114,130.5542747084,125.8746316349,126.2144397419,7008727,0.0,1.0
2022-03-03 00:00:00+00:00,130.64,135.117,129.57,135.117,5449674,126.8358031375,131.1824342662,125.7969612104,131.1824342662,5449674,0.0,1.0
2022-03-04 00:00:00+00:00,125.74,129.555,124.12,128.38,7098065,122.0784896396,125.7823980058,120.5056635443,124.6416136466,7098065,0.0,1.0
2022-03-07 00:00:00+00:00,119.22,128.05,119.11,127.56,9207137,115.7483500464,124.3212231458,115.6415532127,123.845491796,9207137,0.0,1.0
2022-03-08 00:00:00+00:00,124.15,127.87,118.17,119.79,10525001,120.5347899535,124.1464646907,114.7289257254,116.3017518206,10525001,0.0,1.0
2022-03-09 00:00:00+00:00,128.62,129.84,126.2,127.7,7623175,124.87462492,126.059098893,122.5250945802,123.9814150388,7623175,0.0,1.0
2022-03-10 00:00:00+00:00,124.97,126.0,122.68,125.72,5604387,121.3309118042,122.3309185191,119.1075959041,122.0590720335,5604387,0.0,1.0
2022-03-11 00:00:00+00:00,123.64,130.0,123.37,130.0,6015969,120.0396409976,126.2144397419,119.7775033151,126.2144397419,6015969,0.0,1.0
2022-03-14 00:00:00+00:00,120.13,124.72,119.1,123.74,6733185,116.6318511246,121.0881917278,115.6318444097,120.1367290282,6733185,0.0,1.0
2022-03-15 00:00:00+00:00,124.41,124.95,119.86,121.72,6875317,120.787218833,121.3114941981,116.369713442,118.1755508106,6875317,0.0,1.0
2022-03-16 00:00:00+00:00,130.48,130.74,125.09,127.32,9668855,126.6804622886,126.9328911681,121.4474174409,123.6124805226,9668855,0.0,1.0
2022-03-17 00:00:00+00:00,131.99,132.26,128.31,129.315,6781116,128.1464915502,128.4086292328,124.5736520252,125.5493867325,6781116,0.0,1.0
2022-03-18 00:00:00+00:00,135.14,135.75,129.75,130.6,11466776,131.2047645132,131.7970014997,125.9717196655,126.7969679253,11466776,0.0,1.0
2022-03-21 00:00:00+00:00,134.2,135.3822,131.92,134.105,6169739,130.2921370259,131.4399117233,128.0785299288,130.1999033968,6169739,0.0,1.0
2022-03-22 00:00:00+00:00,135.48,137.34,133.85,134.0,4982778,131.5348638172,133.3407011858,129.9523289189,130.0979609647,4982778,0.0,1.0
2022-03-23 00:00:00+00:00,131.42,135.1,131.2,133.61,5457871,127.593089776,131.165929301,127.3794961087,129.7193176455,5457871,0.0,1.0
2022-03-24 00:00:00+00:00,138.59,138.65,131.3301,133.01,7617816,134.5543015679,134.6125543863,127.5058076365,129.1367894621,7617816,0.0,1.0
2022-03-25 00:00:00+00:00,137.06,138.99,134.8,138.63,6065766,133.0688547002,134.9426536902,130.8746652093,134.5931367801,6065766,0.0,1.0
2022-03-28 00:00:00+00:00,137.66,137.75,133.7,135.09,5209555,133.6513828836,133.7387621111,129.806696873,131.1562204979,5209555,0.0,1.0
2022-03-29 00:00:00+00:00,141.44,142.01,138.905,140.08,6162641,137.3213104392,137.8747122134,134.8601288642,136.0009132234,6162641,0.0,1.0
2022-03-30 00:00:00+00:00,135.8,141.3,135.08,140.69,6387460,131.845545515,137.1853871964,131.1465116949,136.5931502099,6387460,0.0,1.0
2022-03-31 00:00:00+00:00,131.8,137.35,131.65,136.095,8474769,127.9620242922,133.3504099888,127.8163922463,132.1319552052,8474769,0.0,1.0
2022-04-01 00:00:00+00:00,127.41,133.04,125.57,132.875,10138140,123.6998597501,129.1659158712,121.9134399876,129.0057206208,10138140,0.0,1.0
2022-04-04 00:00:00+00:00,129.44,129.7,126.9,127.17,8348638,125.6707467707,125.9231756502,123.2047107942,123.4668484767,8348638,0.0,1.0
2022-04-05 00:00:00+00:00,121.71,128.98,121.35,128.78,11421690,118.1658420076,125.2241418301,117.8163250975,125.0299657689,11421690,0.0,1.0
2022-04-06 00:00:00+00:00,119.33,121.22,117.07,119.01,11601955,115.85514688,117.6901106578,113.6609573891,115.5444651822,11601955,0.0,1.0
2022-04-07 00:00:00+00:00,122.4,123.9,118.59,119.08,11817187,118.8357494185,120.2920698771,115.1366954538,115.6124268036,11817187,0.0,1.0
2022-04-08 00:00:00+00:00,119.96,122.3899,119.46,121.26,6408147,116.4668014726,118.8259435274,115.9813613197,117.72894587,6408147,0.0,1.0
2022-04-11 00:00:00+00:00,116.24,119.05,116.14,118.2,7785053,112.8551267354,115.5833003944,112.7580387048,114.7580521345,7785053,0.0,1.0
2022-04-12 00:00:00+00:00,114.56,119.26,114.17,118.1,9883791,111.2240478218,115.7871852586,110.8454045025,114.660964104,9883791,0.0,1.0
2022-04-13 00:00:00+00:00,116.86,118.12,114.49,115.24,9351383,113.4570725249,114.6803817101,111.1560862004,111.8842464297,9351383,0.0,1.0
2022-04-14 00:00:00+00:00,113.36,117.5291,113.25,117.41,7711159,110.0589914549,114.1066885374,109.9521946213,113.991056693,7711159,0.0,1.0
2022-04-18 00:00:00+00:00,114.87,115.98,112.34,112.5,6822714,111.5250207165,112.6026978559,109.0686935431,109.224034392,6822714,0.0,1.0
2022-04-19 00:00:00+00:00,117.06,117.24,113.54,114.13,6086635,113.651248586,113.8260070411,110.23374991,110.8065692903,6086635,0.0,1.0
2022-04-20 00:00:00+00:00,117.89,122.37,117.52,120.52,8830987,114.4570792398,118.8066230093,114.0978535267,117.0104944438,8830987,0.0,1.0
2022-04-21 00:00:00+00:00,115.69,121.075,115.34,119.21,7849411,112.3211425672,117.5493330135,111.9813344602,115.7386412433,7849411,0.0,1.0
2022-04-22 00:00:00+00:00,112.8,116.1859,112.63,115.23,8489399,109.5152984837,112.8026021108,109.3502488318,111.8745376266,8489399,0.0,1.0
2022-04-25 00:00:00+00:00,114.47,114.72,111.2,111.41,8518305,111.1366685943,111.3793886707,107.9618899946,108.1657748588,8518305,0.0,1.0
2022-04-26 00:00:00+00:00,108.92,113.2,108.83,112.84,9422790,105.7482828976,109.903650606,105.6609036701,109.554133696,9422790,0.0,1.0
2022-04-27 00:00:00+00:00,108.81,112.37,107.9,108.37,6891622,105.641486064,109.0978199523,104.7579849858,105.2142987294,6891622,0.0,1.0
2022-04-28 00:00:00+00:00,114.63,115.99,109.59,111.41,7379070,111.2920094432,112.6124066589,106.3987727024,108.1657748588,7379070,0.0,1.0
2022-04-29 00:00:00+00:00,110.35,116.16,110.16,113.03,7998881,107.1366417347,112.7774563109,106.9521744767,109.738600954,7998881,0.0,1.0
2022-05-02 00:00:00+00:00,112.97,113.2,108.18,111.1,9425103,109.6803481357,109.903650606,105.0298314714,107.864801964,9425103,0.0,1.0
2022-05-03 00:00:00+00:00,113.8,114.73,111.43,112.18,5463679,110.4861787894,111.3890974737,108.1851924649,108.9133526942,5463679,0.0,1.0
2022-05-04 00:00:00+00:00,118.81,119.12,112.0352,114.17,6342697,115.350289121,115.6512620158,108.7727692259,110.8454045025,6342697,0.0,1.0
2022-05-05 00:00:00+00:00,113.47,116.9,111.85,116.07,8172534,110.1657882886,113.4959077371,108.5929621933,112.6900770834,8172534,0.0,1.0
2022-05-06 00:00:00+00:00,112.5,115.05,109.8935,111.88,6247012,109.224034392,111.6997791716,106.6934348752,108.6220886025,6247012,0.0,1.0
2022-05-09 00:00:00+00:00,105.75,110.79,105.38,107.94,10088432,102.6705923285,107.5638290693,102.3113666154,104.796820198,10088432,0.0,1.0
2022-05-10 00:00:00+00:00,107.18,109.57,105.18,109.215,8881030,104.0589511657,106.3793550963,102.1171905542,106.0346925878,8881030,0.0,1.0
2022-05-11 00:00:00+00:00,103.92,109.125,103.61,106.66,8311657,100.8938813691,105.9473133603,100.5929084743,103.5540934067,8311657,0.0,1.0
2022-05-12 00:00:00+00:00,106.76,106.88,102.99,103.0279,9287061,103.6511814373,103.7676870739,99.9909626847,100.0277590483,9287061,0.0,1.0
2022-05-13 00:00:00+00:00,111.86,112.6319,108.03,108.19,8321070,108.6026709964,109.3520935043,104.8841994255,105.0395402744,8321070,0.0,1.0
2022-05-16 00:00:00+00:00,110.48,112.31,108.615,109.61,7218166,107.2628561745,109.0395671339,105.4521644043,106.4181903085,7218166,0.0,1.0
2022-05-17 00:00:00+00:00,116.84,117.32,113.33,114.54,6646480,113.4376549188,113.9036774655,110.0298650458,111.2046302157,6646480,0.0,1.0
2022-05-18 00:00:00+00:00,111.34,117.05,110.79,113.99,8522762,108.0978132374,113.641539783,107.5638290693,110.6706460475,8522762,0.0,1.0
2022-05-19 00:00:00+00:00,110.74,113.48,110.2,111.41,10115754,107.515285054,110.1754970916,106.9910096889,108.1657748588,10115754,0.0,1.0
2022-05-20 00:00:00+00:00,106.46,112.74,101.33,112.0,16285504,103.3599173455,109.4570456654,98.3793013773,108.7385942392,16285504,0.0,1.0
2022-05-23 00:00:00+00:00,109.93,111.35,106.98,107.09,7669072,106.7288720064,108.1075220405,103.8647751045,103.9715719381,7669072,0.0,1.0
2022-05-24 00:00:00+00:00,106.59,108.73,105.71,107.88,6785403,103.4861317853,105.5638156395,102.6317571163,104.7385673797,6785403,0.0,1.0
2022-05-25 00:00:00+00:00,108.53,109.42,105.07,105.07,7378173,105.6220684578,106.4882219723,102.2547750195,102.2547750195,7378173,0.26,1.0
2022-05-26 00:00:00+00:00,115.07,115.71,106.82,106.96,9173135,111.98683698,112.6096889455,103.9578858626,104.09413473,9173135,0.0,1.0
2022-05-27 00:00:00+00:00,119.48,119.7,116.4,116.62,8510529,116.2786763046,116.4927816678,113.2812012208,113.4953065839,8510529,0.0,1.0
2022-05-31 00:00:00+00:00,117.29,118.68,115.56,117.55,9751329,114.1473547353,115.5001113478,112.4637080161,114.4003883463,9751329,0.0,1.0
2022-06-01 00:00:00+00:00,114.46,118.5,112.8,117.96,6852208,111.3931812005,115.3249342325,109.777658915,114.7994028866,6852208,0.0,1.0
2022-06-02 00:00:00+00:00,117.33,117.41,113.55,114.69,6408456,114.1862829831,114.2641394788,110.507563562,111.6170186255,6408456,0.0,1.0
2022-06-03 00:00:00+00:00,114.96,116.34,114.14,114.885,5080650,111.8797842985,113.222808849,111.0817552177,111.8067938338,5080650,0.0,1.0
2022-06-06 00:00:00+00:00,115.0,117.88,114.37,117.135,3824616,111.9187125463,114.721546391,111.3055926428,113.9965077749,3824616,0.0,1.0
2022-06-07 00:00:00+00:00,115.67,115.99,112.4004,113.199,4725499,112.5707606977,112.8821866804,109.3887657191,110.1659681872,4725499,0.0,1.0
2022-06-08 00:00:00+00:00,112.46,115.67,111.19,115.27,5138323,109.4467688083,112.5707606977,108.2107969394,112.1814782193,5138323,0.0,1.0
2022-06-09 00:00:00+00:00,107.24,111.97,107.15,111.1,5947853,104.3666324649,108.9698977723,104.2790439073,108.1232083817,5947853,0.0,1.0
2022-06-10 00:00:00+00:00,101.88,106.31,101.81,105.45,8392543,99.1502472541,103.4615507026,99.0821228204,102.624593374,8392543,0.0,1.0
2022-06-13 00:00:00+00:00,96.32,98.85,95.65,98.26,10484166,93.739220804,96.20143248,93.0871726527,95.6272408244,10484166,0.0,1.0
2022-06-14 00:00:00+00:00,96.62,97.96,95.39,97.4,7058409,94.0311826628,95.3352789655,92.8341390417,94.7902834958,7058409,0.0,1.0
2022-06-15 00:00:00+00:00,97.42,99.3,95.59,97.85,9377192,94.8097476197,96.6393752683,93.0287802809,95.228226284,9377192,0.0,1.0
2022-06-16 00:00:00+00:00,89.59,95.11,88.75,94.79,13359331,87.1895431046,92.5616413068,86.3720498999,92.2502153241,13359331,0.0,1.0
2022-06-17 00:00:00+00:00,89.83,90.94,87.62,88.21,14451432,87.4231125916,88.5033714692,85.2723268983,85.846518554,14451432,0.0,1.0
2022-06-21 00:00:00+00:00,95.17,95.675,91.16,91.7,12207425,92.6200336786,93.1115028076,88.7174768324,89.2430081782,12207425,0.0,1.0
2022-06-22 00:00:00+00:00,93.94,95.93,92.85,93.09,7652006,91.4229900574,93.3596703876,90.3621953037,90.5957647908,7652006,0.0,1.0
2022-06-23 00:00:00+00:00,93.28,95.32,92.11,94.63,8286278,90.780673968,92.766014608,89.6420227186,92.0945023327,8286278,0.0,1.0
2022-06-24 00:00:00+00:00,97.36,98.28,94.67,95.32,10582948,94.7513552479,95.6467049483,92.1334305805,92.766014608,10582948,0.0,1.0
2022-06-27 00:00:00+00:00,97.61,98.865,96.54,97.97,4950181,94.9946567969,96.216030573,93.9533261671,95.3450110275,4950181,0.0,1.0
2022-06-28 00:00:00+00:00,95.02,98.91,94.74,98.11,6495010,92.4740527491,96.2598248518,92.2015550142,95.481259895,6495010,0.0,1.0
2022-06-29 00:00:00+00:00,91.94,94.2,91.41,93.97,7570184,89.4765776653,91.6760236684,88.9607783814,91.4521862433,7570184,0.0,1.0
2022-06-30 00:00:00+00:00,90.98,93.52,89.2749,90.25,8183616,88.5422997171,91.0142434551,86.8828858322,87.831859194,8183616,0.0,1.0
2022-07-01 00:00:00+00:00,86.27,88.72,84.46,88.72,13121569,83.9584985337,86.342853714,82.1969953188,86.342853714,13121569,0.0,1.0
2022-07-05 00:00:00+00:00,86.0,86.23,82.67,83.24,9550946,83.6957328607,83.9195702858,80.4549562279,81.0096837596,9550946,0.0,1.0
2022-07-06 00:00:00+00:00,86.56,87.48,84.95,86.25,5732416,84.2407283305,85.1360780309,82.6738663549,83.9390344097,5732416,0.0,1.0
2022-07-07 00:00:00+00:00,90.75,91.16,88.67,88.69,7469589,88.318462292,88.7174768324,86.2941934042,86.3136575281,7469589,0.0,1.0
2022-07-08 00:00:00+00:00,91.19,91.65,89.3,89.64,4890828,88.7466730183,89.1943478684,86.9073133077,87.2382034144,4890828,0.0,1.0
2022-07-11 00:00:00+00:00,88.62,90.07,87.82,89.5,5326575,86.2455330944,87.6566820787,85.4669681375,87.1019545469,5326575,0.0,1.0
2022-07-12 00:00:00+00:00,88.73,90.02,88.09,89.24,5492279,86.352585776,87.6080217689,85.7297338105,86.8489209359,5492279,0.0,1.0
2022-07-13 00:00:00+00:00,89.08,90.12,86.48,86.53,5786887,86.6932079446,87.7053423885,84.1628718348,84.2115321446,5786887,0.0,1.0
2022-07-14 00:00:00+00:00,91.67,92.08,86.41,88.48,8686504,89.2138119924,89.6128265327,84.0947474011,86.1092842269,8686504,0.0,1.0
2022-07-15 00:00:00+00:00,94.47,94.59,90.21,92.36,8051247,91.9387893413,92.0555740848,87.7929309461,89.8853242676,8051247,0.0,1.0
2022-07-18 00:00:00+00:00,93.14,96.4,92.55,95.76,5683385,90.6444251006,93.8170772997,90.0702334449,93.1942253342,5683385,0.0,1.0
2022-07-19 00:00:00+00:00,98.23,98.64,94.37,94.68,8203162,95.5980446385,95.9970591789,91.8414687217,92.1431626425,8203162,0.0,1.0
2022-07-20 00:00:00+00:00,102.23,102.86,97.51,97.585,8314020,99.4908694227,100.1039893262,94.8973361773,94.970326642,8314020,0.0,1.0
2022-07-21 00:00:00+00:00,103.84,103.968,101.02,103.54,5463760,101.0577313983,101.1823017914,98.3132899255,100.7657695395,5463760,0.0,1.0
2022-07-22 00:00:00+00:00,101.67,103.96,100.94,103.71,5100432,98.9458739529,101.1745161419,98.2354334298,100.9312145929,5100432,0.0,1.0
2022-07-25 00:00:00+00:00,101.0,101.2668,99.461,100.51,4367046,98.2938258016,98.5534772147,96.7960614658,97.8169547655,4367046,0.0,1.0
2022-07-26 00:00:00+00:00,98.91,100.98,98.57,100.58,5073857,96.2598248518,98.2743616776,95.9289347451,97.8850791992,5073857,0.0,1.0
2022-07-27 00:00:00+00:00,103.46,104.5,100.0601,100.57,7274974,100.6879130438,101.7000474877,97.3791092979,97.8753471372,7274974,0.0,1.0
2022-07-28 00:00:00+00:00,105.16,105.29,100.75,103.37,6090516,102.3423635771,102.4688803826,98.0505242525,100.6003244862,6090516,0.0,1.0
2022-07-29 00:00:00+00:00,105.98,106.5499,103.04,103.5,5817668,103.1403926579,103.695022869,100.2791664415,100.7268412917,5817668,0.0,1.0
2022-08-01 00:00:00+00:00,106.4,107.34,103.67,104.49,4737621,103.5491392602,104.4639530845,100.892286345,101.6903154258,4737621,0.0,1.0
2022-08-02 00:00:00+00:00,104.99,106.5399,103.66,104.71,4137933,102.1769185238,103.6852908071,100.8825542831,101.9044207889,4137933,0.0,1.0
2022-08-03 00:00:00+00:00,109.01,110.6,105.68,105.74,6088039,106.089207432,107.6366052837,102.8484307991,102.9068231709,6088039,0.0,1.0
2022-08-04 00:00:00+00:00,111.06,111.19,109.03,109.42,5279567,108.0842801339,108.2107969394,106.1086715559,106.4882219723,5279567,0.0,1.0
2022-08-05 00:00:00+00:00,109.62,111.22,107.44,109.06,4784018,106.6828632115,108.2399931252,104.5612737041,106.1378677418,4784018,0.0,1.0
2022-08-08 00:00:00+00:00,107.83,110.36,105.94,109.2,6041462,104.9408241206,107.4030357966,103.1014644101,106.2741166092,6041462,0.0,1.0
2022-08-09 00:00:00+00:00,99.66,103.97,97.88,103.75,10355771,96.9897294988,101.1842482038,95.2574224699,100.9701428407,10355771,0.0,1.0
2022-08-10 00:00:00+00:00,105.05,105.13,100.94,102.77,8599758,102.2353108956,102.3131673913,98.2354334298,100.0164007686,8599758,0.0,1.0
2022-08-11 00:00:00+00:00,105.53,108.91,104.99,105.79,5555622,102.7024498697,105.9918868123,102.1769185238,102.9554834807,5555622,0.0,1.0
2022-08-12 00:00:00+00:00,110.38,111.3189,105.76,106.2,6644695,107.4224999205,108.336243218,102.9262872948,103.354498021,6644695,0.0,1.0
2022-08-15 00:00:00+00:00,109.78,111.65,107.9978,109.8,8342611,106.8385762029,108.6584717895,105.1041281203,106.8580403268,8342611,0.0,1.0
2022-08-16 00:00:00+00:00,108.49,109.59,107.01,108.44,4892445,105.58314021,106.6536670257,104.1427950398,105.5344799002,4892445,0.0,1.0
2022-08-17 00:00:00+00:00,106.0,107.27,104.1201,107.0,5495563,103.1598567818,104.3958286508,101.3303264539,104.1330629779,5495563,0.0,1.0
2022-08-18 00:00:00+00:00,108.27,109.33,105.5,106.68,10062412,105.3690348469,106.4006334147,102.6732536838,103.8216369951,10062412,0.0,1.0
2022-08-19 00:00:00+00:00,104.63,107.3,103.35,106.63,12380941,101.8265642932,104.4250248367,100.5808603623,103.7729766853,12380941,0.0,1.0
2022-08-22 00:00:00+00:00,100.81,103.415,100.35,102.795,6180117,98.1089166243,100.644118765,97.6612417741,100.0407309235,6180117,0.0,1.0
2022-08-23 00:00:00+00:00,101.93,103.31,101.05,101.11,4882311,99.1989075639,100.5419321144,98.3424861114,98.4008784831,4882311,0.0,1.0
2022-08-24 00:00:00+00:00,101.475,102.09,100.14,101.25,4741206,99.0091323557,99.6091877033,97.7065731864,98.7895999114,4741206,0.26,1.0
2022-08-25 00:00:00+00:00,105.0,105.18,101.47,101.97,7645184,102.4484739822,102.6240999376,99.0042538569,99.492103733,7645184,0.0,1.0
2022-08-26 00:00:00+00:00,98.8,105.0,98.55,105.0,7757087,96.3991355185,102.4484739822,96.1552105804,102.4484739822,7757087,0.0,1.0
2022-08-29 00:00:00+00:00,96.54,98.71,96.37,97.55,5553290,94.1940540785,96.3113225408,94.0281851206,95.1795108282,5553290,0.0,1.0
2022-08-30 00:00:00+00:00,94.52,98.28,93.56,97.91,11623176,92.223140579,95.8917716473,91.2864688169,95.530762739,11623176,0.0,1.0
2022-08-31 00:00:00+00:00,94.07,94.82,92.61,94.705,8729715,91.7840756905,92.5158505047,90.3595540523,92.4036450332,8729715,0.0,1.0
2022-09-01 00:00:00+00:00,91.81,91.97,89.03,91.535,9953705,89.5789942505,89.7351062109,86.8665489394,89.3106768187,9953705,0.0,1.0
2022-09-02 00:00:00+00:00,91.24,93.84,90.535,93.15,6795795,89.0228453918,91.5596647475,88.3349770665,90.8864319185,6795795,0.0,1.0
2022-09-06 00:00:00+00:00,90.29,91.6,89.22,91.12,5920515,88.0959306272,89.3740973026,87.0519318923,88.9057614215,5920515,0.0,1.0
2022-09-07 00:00:00+00:00,91.94,92.77,89.88,90.57,5567548,89.7058352183,90.5156660127,87.6958937288,88.3691265578,5567548,0.0,1.0
2022-09-08 00:00:00+00:00,93.79,93.83,90.26,91.02,5232965,91.5108797599,91.54990775,88.0666596346,88.8081914463,5232965,0.0,1.0
2022-09-09 00:00:00+00:00,96.51,97.01,95.06,95.12,5096458,94.1647830859,94.652632962,92.7500184452,92.8085604303,5096458,0.0,1.0
2022-09-12 00:00:00+00:00,96.3,97.67,95.24,96.895,5329334,93.959886138,95.2965947985,92.9256444006,94.5404274905,5329334,0.0,1.0
2022-09-13 00:00:00+00:00,90.39,93.35,90.0,92.43,8422212,88.1935006024,91.0815718689,87.812977699,90.1839280969,8422212,0.0,1.0
2022-09-14 00:00:00+00:00,90.64,91.94,89.6,91.94,5828232,88.4374255404,89.7058352183,87.4226977981,89.7058352183,5828232,0.0,1.0
2022-09-15 00:00:00+00:00,88.92,90.8158,88.09,90.035,7120287,86.7592219666,88.6089535569,85.9493911723,87.8471271904,7120287,0.0,1.0
2022-09-16 00:00:00+00:00,88.87,89.35,86.9401,87.62,10893594,86.710436979,87.1787728601,84.8274340272,85.4908122888,10893594,0.0,1.0
2022-09-19 00:00:00+00:00,89.72,90.29,87.711,87.85,5260534,87.5397817684,88.0959306272,85.5796009662,85.7152232318,5260534,0.0,1.0
2022-09-20 00:00:00+00:00,88.12,89.02,87.35,88.02,4435667,85.9786621649,86.8567919419,85.2273733557,85.8810921896,4435667,0.0,1.0
2022-09-21 00:00:00+00:00,87.09,91.26,87.05,88.37,6953443,84.9736914201,89.0423593868,84.93466343,86.2225871029,6953443,0.0,1.0
2022-09-22 00:00:00+00:00,85.04,86.79,84.59,86.64,8519324,82.9735069281,84.6809814944,82.5344420396,84.5346265316,8519324,0.0,1.0
2022-09-23 00:00:00+00:00,84.29,84.48,82.7,84.19,7384692,82.2417321139,82.4271150668,80.6903695079,82.1441621387,7384692,0.0,1.0
2022-09-26 00:00:00+00:00,82.94,85.58,82.84,84.29,7015803,80.9245374484,83.5003847943,80.8269674732,82.2417321139,7015803,0.0,1.0
2022-09-27 00:00:00+00:00,84.15,85.18,82.53,84.43,6219994,82.1051341486,83.1101048934,80.52450055,82.3783300792,6219994,0.0,1.0
2022-09-28 00:00:00+00:00,86.0,86.4,82.84,83.0,7992595,83.9101786902,84.3004585911,80.8269674732,80.9830794335,7992595,0.0,1.0
2022-09-29 00:00:00+00:00,84.42,85.1,83.2,84.75,8542520,82.3685730817,83.0320489132,81.178219384,82.6905539999,8542520,0.0,1.0
2022-09-30 00:00:00+00:00,81.93,84.46,81.53,81.935,9050957,79.9390806987,82.4076010718,79.5488007978,79.9439591974,9050957,0.0,1.0
2022-10-03 00:00:00+00:00,86.25,87.6064,83.01,83.04,9631456,84.1541036282,85.4775427721,80.9928364311,81.0221074236,9631456,0.0,1.0
2022-10-04 00:00:00+00:00,89.41,90.2664,88.4677,89.12,7914936,87.2373148452,88.072904113,86.3179129687,86.9543619171,7914936,0.0,1.0
2022-10-05 00:00:00+00:00,89.22,90.17,86.1915,87.65,7608582,87.0519318923,87.9788466569,84.0970251927,85.5200832813,7608582,0.0,1.0
2022-10-06 00:00:00+00:00,88.12,91.19,87.88,88.98,6686656,85.9786621649,88.9740604042,85.7444942243,86.8177639518,6686656,0.0,1.0
2022-10-07 00:00:00+00:00,82.6,85.54,82.02,85.17,10029889,80.5927995327,83.4613568042,80.0268936764,83.1003478958,10029889,0.0,1.0
2022-10-10 00:00:00+00:00,79.19,82.13,77.355,82.0,14211919,77.2656633776,80.1342206491,75.4752543323,80.0073796813,14211919,0.0,1.0
2022-10-11 00:00:00+00:00,76.3,78.77,74.97,77.74,12441054,74.4458910937,76.8558694817,73.1482104233,75.8508987369,12441054,0.0,1.0
2022-10-12 00:00:00+00:00,76.01,77.0,75.47,76.55,7770150,74.1629381656,75.1288809203,73.6360602994,74.6898160318,7770150,0.0,1.0
2022-10-13 00:00:00+00:00,79.42,81.52,71.12,72.18,17560158,77.4900743206,79.5390438003,69.3917663773,70.4260081146,17560158,0.0,1.0
2022-10-14 00:00:00+00:00,74.82,79.9,74.59,79.56,10456112,73.0018554605,77.9584102017,72.7774445174,77.6266722859,10456112,0.0,1.0
2022-10-17 00:00:00+00:00,74.41,77.89,74.16,77.21,10772296,72.6018185621,75.9972536997,72.357893624,75.3337778682,10772296,0.0,1.0
2022-10-18 00:00:00+00:00,75.23,77.44,74.15,76.695,10231029,73.4018923589,75.5581888113,72.3481366265,74.8312924959,10231029,0.0,1.0
2022-10-19 00:00:00+00:00,77.26,77.79,74.435,75.0,10579176,75.3825628559,75.8996837245,72.6262110559,73.1774814159,10579176,0.0,1.0
2022-10-20 00:00:00+00:00,78.66,82.115,77.21,78.36,13287857,76.7485425089,80.1195851528,75.3337778682,76.4558325833,13287857,0.0,1.0
2022-10-21 00:00:00+00:00,82.42,82.65,78.13,78.83,11569492,80.4171735773,80.6415845203,76.2314216403,76.9144114668,11569492,0.0,1.0
2022-10-24 00:00:00+00:00,84.94,85.08,81.9,82.83,12005014,82.8759369528,83.0125349181,79.9098097061,80.8172104757,12005014,0.0,1.0
2022-10-25 00:00:00+00:00,87.53,88.5,85.75,85.94,10349364,85.4029993111,86.3494280707,83.6662537521,83.851636705,10349364,0.0,1.0
2022-10-26 00:00:00+00:00,88.14,90.25,85.8,86.47,8991961,85.9981761599,88.0569026371,83.7150387397,84.3687575737,8991961,0.0,1.0
2022-10-27 00:00:00+00:00,86.54,89.99,86.37,88.78,6822536,84.4370565564,87.8032207015,84.2711875985,86.6226240013,6822536,0.0,1.0
2022-10-28 00:00:00+00:00,89.72,89.93,86.46,86.62,6388592,87.5397817684,87.7446787164,84.3590005762,84.5151125366,6388592,0.0,1.0
2022-10-31 00:00:00+00:00,88.29,89.4,87.66,88.86,6875350,86.1445311227,87.2275578477,85.5298402789,86.7006799815,6875350,0.0,1.0
2022-11-01 00:00:00+00:00,89.79,90.8,89.0,90.5,6105626,87.6080807511,88.5935375008,86.8372779468,88.3008275751,6105626,0.0,1.0
2022-11-02 00:00:00+00:00,87.76,93.29,87.53,90.35,10651484,85.6274102541,91.0230298838,85.4029993111,88.1544726123,10651484,0.0,1.0
2022-11-03 00:00:00+00:00,86.3,87.71,84.7,85.96,6849673,84.2028886158,85.5786252665,82.6417690123,83.8711507001,6849673,0.0,1.0
2022-11-04 00:00:00+00:00,91.7,91.8,88.84,90.05,8692669,89.4716672778,89.569237253,86.6811659865,87.8617626866,8692669,0.0,1.0
2022-11-07 00:00:00+00:00,95.04,95.12,92.1,92.26,7684161,92.7305044502,92.8085604303,89.8619471787,90.018059139,7684161,0.0,1.0
2022-11-08 00:00:00+00:00,97.46,98.79,94.78,96.98,10066976,95.0916978505,96.389378521,92.4768225146,94.6233619695,10066976,0.0,1.0
2022-11-09 00:00:00+00:00,94.38,96.61,94.24,95.275,6864577,92.0865426137,94.2623530611,91.9499446484,92.9597938919,6864577,0.0,1.0
2022-11-10 00:00:00+00:00,104.79,104.89,99.48,100.16,11692837,102.2435770342,102.3411470095,97.06261135,97.7260871815,11692837,0.0,1.0
2022-11-11 00:00:00+00:00,110.53,110.885,104.79,105.31,11159967,107.8440936119,108.190467024,102.2435770342,102.7509409054,11159967,0.0,1.0
2022-11-14 00:00:00+00:00,107.61,110.23,107.45,108.86,7761669,104.9950503355,107.5513836863,104.8389383751,106.2146750257,7761669,0.0,1.0
2022-11-15 00:00:00+00:00,110.46,112.12,108.77,111.17,9438599,107.7757946293,109.3954562179,106.126862048,108.4685414533,9438599,0.0,1.0
2022-11-16 00:00:00+00:00,104.22,107.13,102.99,105.375,12082515,101.6874281755,104.5267144544,100.4873174803,102.8143613893,12082515,0.0,1.0
2022-11-17 00:00:00+00:00,104.45,105.6,100.21,100.422,10682840,101.9118391185,103.0338938335,97.7748721691,97.9817205166,10682840,0.0,1.0
2022-11-18 00:00:00+00:00,104.7,110.0,103.645,109.99,10921081,102.1557640565,107.3269727433,101.126400818,107.3172157457,10921081,0.0,1.0
2022-11-21 00:00:00+00:00,105.14,105.91,101.84,103.53,9282393,102.5850719475,103.3363607567,99.3652627652,101.0141953464,9282393,0.0,1.0
2022-11-22 00:00:00+00:00,107.04,107.29,103.85,105.92,8497185,104.4389014767,104.6828264148,101.3264192672,103.3461177542,8497185,0.0,1.0
2022-11-23 00:00:00+00:00,107.67,108.57,106.32,106.32,4077688,105.3072742562,106.1875245286,103.9868988476,103.9868988476,4077688,0.26,1.0
2022-11-25 00:00:00+00:00,105.82,107.5,105.79,106.92,3012477,103.4978709184,105.1410047603,103.4685292427,104.5737323625,3012477,0.0,1.0
2022-11-28 00:00:00+00:00,103.47,105.09,102.81,104.0,6383452,101.1994396516,102.7838901419,100.5539227852,101.7178092565,6383452,0.0,1.0
2022-11-29 00:00:00+00:00,103.25,104.92,102.9225,104.06,3450382,100.9842673628,102.617620646,100.6639540692,101.7764926079,3450382,0.0,1.0
2022-11-30 00:00:00+00:00,109.6,109.64,102.6601,103.97,11167032,107.1949220626,107.2340442969,100.407312212,101.6884675807,11167032,0.0,1.0
2022-12-01 00:00:00+00:00,107.01,110.67,105.76,110.15,6976243,104.6617573897,108.2414418309,103.4391875669,107.7328527846,6976243,0.0,1.0
2022-12-02 00:00:00+00:00,106.71,107.32,104.22,104.32,3903370,104.3683406323,104.9649547058,101.9329815453,102.0307871311,3903370,0.0,1.0
2022-12-05 00:00:00+00:00,106.43,107.69,105.21,106.37,4692694,104.094484992,105.3268353733,102.9012568449,104.0358016405,4692694,0.0,1.0
2022-12-06 00:00:00+00:00,104.71,107.065,103.77,106.82,4571913,102.4122289158,104.7155504619,101.4928564091,104.4759267767,4571913,0.0,1.0
2022-12-07 00:00:00+00:00,106.11,107.65,104.14,104.71,6383621,103.7815071173,105.287713139,101.8547370766,102.4122289158,6383621,0.0,1.0
2022-12-08 00:00:00+00:00,108.61,109.44,106.5,107.04,5493190,106.2266467629,107.0384331253,104.162948902,104.6910990655,5493190,0.0,1.0
2022-12-09 00:00:00+00:00,107.34,109.74,107.0,107.78,4705906,104.984515823,107.3318498827,104.6519768312,105.4148604006,4705906,0.0,1.0
2022-12-12 00:00:00+00:00,109.37,109.42,105.64,106.82,4831377,106.9699692152,107.0188720081,103.321820864,104.4759267767,4831377,0.0,1.0
2022-12-13 00:00:00+00:00,111.87,116.09,111.16,115.39,9557332,109.4151088608,113.5425045825,108.7206892014,112.8578654818,9557332,0.0,1.0
2022-12-14 00:00:00+00:00,109.64,112.61,108.55,111.36,6429339,107.2340442969,110.1388701959,106.1679634114,108.9163003731,6429339,0.0,1.0
2022-12-15 00:00:00+00:00,104.56,108.02,104.02,107.75,6775217,102.2655205371,105.6495938066,101.7373703736,105.3855187248,6775217,0.0,1.0
2022-12-16 00:00:00+00:00,104.73,105.93,103.55,104.15,12925702,102.431790033,103.6054570628,101.2776841202,101.8645176352,12925702,0.0,1.0
2022-12-19 00:00:00+00:00,103.99,105.06,102.67,104.83,6162500,101.7080286979,102.7545484662,100.416994965,102.5295956188,6162500,0.0,1.0
2022-12-20 00:00:00+00:00,103.5,104.605,102.04,102.07,4761804,101.2287813273,102.3095330507,99.8008197743,99.8301614501,4761804,0.0,1.0
2022-12-21 00:00:00+00:00,105.9,106.51,104.2,104.63,4889064,103.5761153871,104.1727294606,101.9134204281,102.3339844471,4889064,0.0,1.0
2022-12-22 00:00:00+00:00,97.6,102.61,95.97,102.11,11326627,95.4582517637,100.3583116135,93.8640207148,99.8692836844,11326627,0.0,1.0
2022-12-23 00:00:00+00:00,97.22,97.3878,95.33,96.69,4753535,95.0865905376,95.2507083106,93.2380649656,94.5682209328,4753535,0.0,1.0
2022-12-27 00:00:00+00:00,95.34,96.84,95.17,96.18,6121361,93.2478455241,94.7149293115,93.0815760282,94.0694124451,6121361,0.0,1.0
2022-12-28 00:00:00+00:00,94.225,95.78,93.675,94.67,4273957,92.1573132422,93.6781901018,91.6193825202,92.5925480991,4273957,0.0,1.0
2022-12-29 00:00:00+00:00,97.14,97.64,95.13,96.05,5071960,95.008346069,95.4973739981,93.0424537939,93.9422651835,5071960,0.0,1.0
2022-12-30 00:00:00+00:00,97.38,97.48,95.03,95.6,3407047,95.2430794749,95.3408850608,92.9446482081,93.5021400473,3407047,0.0,1.0
2023-01-03 00:00:00+00:00,96.73,100.02,96.12,99.77,5921671,94.6073431671,97.8251469407,94.0107290936,97.5806329761,5921671,0.0,1.0
2023-01-04 00:00:00+00:00,99.31,99.62,97.19,98.215,6289509,97.1307272813,97.4339245974,95.0572488619,96.0597561166,6289509,0.0,1.0
2023-01-05 00:00:00+00:00,97.92,99.24,97.36,97.84,4557079,95.7712296384,97.0622633713,95.2235183578,95.6929851697,4557079,0.0,1.0
2023-01-06 00:00:00+00:00,104.27,104.855,98.58,100.0,7241667,101.9818843382,102.5540470152,96.4167465048,97.8055858235,7241667,0.0,1.0
2023-01-09 00:00:00+00:00,106.49,108.76,104.16,105.55,6212259,104.1531683435,106.3733551417,101.8742981938,103.2337958367,6212259,0.0,1.0
2023-01-10 00:00:00+00:00,108.04,108.19,105.86,106.14,4638814,105.6691549237,105.8158633025,103.5369931528,103.8108487931,4638814,0.0,1.0
2023-01-11 00:00:00+00:00,110.06,110.19,106.53,106.68,5532560,107.6448277574,107.7719750189,104.1922905778,104.3389989565,5532560,0.0,1.0
2023-01-12 00:00:00+00:00,110.2,111.885,107.23,110.58,5330916,107.7817555775,109.4297796986,104.8769296786,108.1534168036,5330916,0.0,1.0
2023-01-13 00:00:00+00:00,109.97,110.2,107.44,107.53,5641571,107.5568027301,107.7817555775,105.0823214088,105.170346436,5641571,0.0,1.0
2023-01-17 00:00:00+00:00,109.41,110.63,107.78,109.405,4848070,107.0090914495,108.2023195966,105.4148604006,107.0042011702,4848070,0.0,1.0
2023-01-18 00:00:00+00:00,109.7,112.39,109.58,110.76,5374108,107.2927276484,109.923697907,107.1753609454,108.3294668581,5374108,0.0,1.0
2023-01-19 00:00:00+00:00,106.16,109.64,106.09,109.49,5325095,103.8304099102,107.2340442969,103.7619460002,107.0873359182,5325095,0.0,1.0
2023-01-20 00:00:00+00:00,109.65,109.775,106.4896,106.8,5078502,107.2438248555,107.3660818378,104.1527771211,104.4563656595,5078502,0.0,1.0
2023-01-23 00:00:00+00:00,114.155,114.91,108.5,108.53,7669252,111.6499664968,112.3883986698,106.1190606185,106.1484022943,7669252,0.0,1.0
2023-01-24 00:00:00+00:00,112.99,114.07,112.47,113.47,3504703,110.510531422,111.5668317489,110.0019423757,110.9799982339,3504703,0.0,1.0
2023-01-25 00:00:00+00:00,113.95,114.44,109.41,110.99,5957609,111.4494650459,111.9287124164,107.0090914495,108.5544197055,5957609,0.0,1.0
2023-01-26 00:00:00+00:00,115.58,115.76,112.265,114.4,5813038,113.0436960948,113.2197461493,109.8014409248,111.8895901821,5813038,0.0,1.0
2023-01-27 00:00:00+00:00,112.5,113.89,110.7,112.62,8705733,110.0312840515,111.3907816944,108.2707835066,110.1486507544,8705733,0.0,1.0
2023-01-30 00:00:00+00:00,108.2,110.97,107.965,110.69,7351733,105.825643861,108.5348585884,105.5958007344,108.261002948,7351733,0.0,1.0
2023-01-31 00:00:00+00:00,111.49,111.56,108.61,108.96,6577082,109.0434476346,109.1119115447,106.2266467629,106.5689663133,6577082,0.0,1.0
2023-02-01 00:00:00+00:00,119.01,120.13,111.91,112.11,9886428,116.3984276886,117.4938502498,109.4542310951,109.6498422667,9886428,0.0,1.0
2023-02-02 00:00:00+00:00,124.26,124.92,120.3,120.31,11206465,121.5332209443,122.1787378107,117.6601197457,117.6699003043,11206465,0.0,1.0
2023-02-03 00:00:00+00:00,119.98,123.67,119.61,122.92,6156899,117.3471418711,120.9561679879,116.9852612035,120.2226260943,6156899,0.0,1.0
2023-02-06 00:00:00+00:00,117.69,119.44,116.91,118.21,5330987,115.1073939557,116.8189917076,114.3445103863,115.615983002,5330987,0.0,1.0
2023-02-07 00:00:00+00:00,120.52,121.29,116.75,117.39,4935342,117.8752920345,118.6283950453,114.188021449,114.8139771982,4935342,0.0,1.0
2023-02-08 00:00:00+00:00,115.95,119.3699,115.47,119.15,6460544,113.4055767624,116.7504299919,112.9361099504,116.5353555087,6460544,0.0,1.0
2023-02-09 00:00:00+00:00,116.08,119.56,115.08,118.36,5512202,113.5327240239,116.9363584106,112.5546681657,115.7626913807,5512202,0.0,1.0
2023-02-10 00:00:00+00:00,114.77,114.97,112.97,114.8,4374417,112.2514708496,112.4470820213,110.4909703048,112.2808125254,4374417,0.0,1.0
2023-02-13 00:00:00+00:00,116.53,116.715,114.55,115.17,4198226,113.9728491601,114.1537894939,112.0362985608,112.6426931929,4198226,0.0,1.0
2023-02-14 00:00:00+00:00,118.44,119.005,113.85,114.87,4870669,115.8409358494,116.3935374093,111.3516594601,112.3492764355,4870669,0.0,1.0
2023-02-15 00:00:00+00:00,119.46,119.58,115.99,117.0,4994402,116.8385528248,116.9559195278,113.4446989967,114.4325354135,4994402,0.0,1.0
2023-02-16 00:00:00+00:00,115.39,118.08,115.14,116.88,9117624,112.8578654818,115.4888357404,112.6133515172,114.3151687105,9117624,0.0,1.0
2023-02-17 00:00:00+00:00,115.44,117.4,113.38,116.78,9287116,112.9067682747,114.8237577568,110.8919732067,114.2173631247,9287116,0.0,1.0
2023-02-21 00:00:00+00:00,111.28,114.83,110.93,113.64,7583850,108.8380559044,112.3101542011,108.495736354,111.1462677298,7583850,0.0,1.0
2023-02-22 00:00:00+00:00,110.41,112.38,109.48,111.12,5089232,108.2414418309,110.1727491437,107.3297079218,108.9374967507,5089232,0.26,1.0
2023-02-23 00:00:00+00:00,112.91,113.9584,109.91,112.54,7136058,110.692339436,111.7201478556,107.7512623099,110.3296065904,7136058,0.0,1.0
2023-02-24 00:00:00+00:00,111.31,112.1,110.38,111.01,5808479,109.1237649687,109.8982486119,108.2120310596,108.8296572561,5808479,0.0,1.0
2023-02-27 00:00:00+00:00,112.07,113.89,111.49,113.51,5362738,109.8688378407,111.6530912972,109.3002295963,111.2805548612,5362738,0.0,1.0
2023-02-28 00:00:00+00:00,116.15,118.065,114.85,116.14,13010878,113.8687027322,115.7460902976,112.5942359775,113.8588991417,13010878,0.0,1.0
2023-03-01 00:00:00+00:00,117.26,119.32,116.94,117.7,6756779,114.9569012688,116.9764408954,114.6431863754,115.3882592473,6756779,0.0,1.0
2023-03-02 00:00:00+00:00,118.45,119.09,113.93,115.445,6503427,116.1235285288,116.7509583157,111.6923056588,113.1775496075,6503427,0.0,1.0
2023-03-03 00:00:00+00:00,118.96,119.14,116.945,118.75,7232428,116.6235116403,116.7999762678,114.6480881706,116.4176362414,7232428,0.0,1.0
2023-03-06 00:00:00+00:00,118.54,121.5,118.22,119.85,5775804,116.2117608426,119.113623607,115.8980459492,117.4960311877,5775804,0.0,1.0
2023-03-07 00:00:00+00:00,116.37,118.72,115.66,118.325,5225892,114.0843817214,116.3882254702,113.3883268016,116.0009836486,5225892,0.0,1.0
2023-03-08 00:00:00+00:00,118.65,119.1,116.62,116.62,4474897,116.3196003372,116.7607619061,114.3294714819,114.3294714819,4474897,0.0,1.0
2023-03-09 00:00:00+00:00,117.04,120.96,116.85,118.69,5701404,114.7412222796,118.5842297243,114.5549540616,116.3588146989,5701404,0.0,1.0
2023-03-10 00:00:00+00:00,114.39,118.62,113.92,118.34,7009561,112.1432708182,116.290189566,111.6825020684,116.0156890342,7009561,0.0,1.0
2023-03-13 00:00:00+00:00,115.84,117.32,111.92,113.79,8221437,113.5647914291,115.0157228113,109.7217839844,111.555055393,8221437,0.0,1.0
2023-03-14 00:00:00+00:00,120.34,121.24,117.88,118.78,8322374,117.9764071183,118.8587302561,115.5647238749,116.4470470127,8322374,0.0,1.0
2023-03-15 00:00:00+00:00,118.48,118.83,115.7,118.52,9517727,116.1529393001,116.4960649648,113.4275411632,116.1921536618,9517727,0.0,1.0
2023-03-16 00:00:00+00:00,122.83,123.43,116.9,118.21,6788769,120.4175011329,121.0057165582,114.6039720137,115.8882423587,6788769,0.0,1.0
2023-03-17 00:00:00+00:00,122.6,124.39,121.6201,123.65,13761522,120.1920185533,121.9468612385,119.231364728,121.2213955474,13761522,0.0,1.0
2023-03-20 00:00:00+00:00,124.04,124.76,122.43,122.995,4974722,121.6037355738,122.3095940841,120.0253575161,120.5792603749,4974722,0.0,1.0
2023-03-21 00:00:00+00:00,120.4,125.62,118.41,123.88,10090147,118.0352286608,123.1527028602,116.0843141671,121.4468781271,10090147,0.0,1.0
2023-03-22 00:00:00+00:00,118.86,123.74,118.69,120.27,8342533,116.5254757361,121.3096278612,116.3588146989,117.9077819853,8342533,0.0,1.0
2023-03-23 00:00:00+00:00,122.78,124.99,120.17,121.27,6182233,120.3684831808,122.5350766637,117.8097460811,118.8881410274,6182233,0.0,1.0
2023-03-24 00:00:00+00:00,119.53,122.12,118.05,121.64,6356161,117.1823162942,119.7214462131,115.731384912,119.2508738729,6356161,0.0,1.0
2023-03-27 00:00:00+00:00,118.87,120.98,118.32,120.75,4628324,116.5352793265,118.6038369052,115.9960818534,118.3783543255,4628324,0.0,1.0
2023-03-28 00:00:00+00:00,116.4,119.06,115.58,118.89,5523792,114.1137924927,116.7215475445,113.3098980782,116.5548865073,5523792,0.0,1.0
2023-03-29 00:00:00+00:00,119.85,121.01,117.36,118.72,7865317,117.4960311877,118.6332476764,115.054937173,116.3882254702,7865317,0.0,1.0
2023-03-30 00:00:00+00:00,122.11,123.38,121.335,122.0,6213755,119.7116426227,120.9566986061,118.9518643651,119.603803128,6213755,0.0,1.0
2023-03-31 00:00:00+00:00,122.83,123.52,121.0,121.52,5016500,120.4175011329,121.0939488719,118.623444086,119.1332307879,5016500,0.0,1.0
2023-04-03 00:00:00+00:00,122.32,122.44,120.6,121.63,5146768,119.9175180215,120.0351611065,118.2313004692,119.2410702825,5146768,0.0,1.0
2023-04-04 00:00:00+00:00,120.12,122.97,119.39,122.94,4772208,117.760728129,120.5547513988,117.0450660283,120.5253406276,4772208,0.0,1.0
2023-04-05 00:00:00+00:00,117.32,119.69,115.65,119.59,6691718,115.0157228113,117.339173741,113.3785232111,117.2411378367,6691718,0.0,1.0
2023-04-06 00:00:00+00:00,114.45,115.29,111.872,114.1838,6274987,112.2020923607,113.025593956,109.6747267503,111.9411207837,6274987,0.0,1.0
2023-04-10 00:00:00+00:00,116.5,116.71,112.45,112.47,4096459,114.2118283969,114.4177037957,110.2413742766,110.2609814575,4096459,0.0,1.0
2023-04-11 00:00:00+00:00,116.38,117.83,116.08,117.33,3373011,114.0941853118,115.5157059228,113.8000775992,115.0255264018,3373011,0.0,1.0
2023-04-12 00:00:00+00:00,113.16,117.8,112.87,117.73,5838931,110.9374291965,115.4862951515,110.6531250743,115.4176700186,5838931,0.0,1.0
2023-04-13 00:00:00+00:00,113.47,113.91,111.515,113.53,5299556,111.2413404995,111.672698478,109.3247385723,111.300162042,5299556,0.0,1.0
2023-04-14 00:00:00+00:00,112.9,115.05,111.37,113.36,5211571,110.6825358455,112.7903077859,109.1825865112,111.1335010049,5211571,0.0,1.0
2023-04-17 00:00:00+00:00,111.79,111.97,109.0,109.22,6404636,109.5943373089,109.7708019365,106.8591355816,107.0748145709,6404636,0.0,1.0
2023-04-18 00:00:00+00:00,111.27,113.5911,110.53,112.5,5054956,109.084550607,111.3600619795,108.3590849159,110.2903922287,5054956,0.0,1.0
2023-04-19 00:00:00+00:00,110.34,110.61,109.12,109.85,6796764,108.1728166979,108.4375136393,106.9767786667,107.6924407673,6796764,0.0,1.0
2023-04-20 00:00:00+00:00,114.39,116.33,111.25,111.25,8699540,112.1432708182,114.0451673597,109.0649434262,109.0649434262,8699540,0.0,1.0
2023-04-21 00:00:00+00:00,113.46,114.1,112.205,113.47,4516756,111.2315369091,111.858966696,110.0011863113,111.2413404995,4516756,0.0,1.0
2023-04-24 00:00:00+00:00,113.61,113.94,112.54,113.49,3218100,111.3785907654,111.7021092493,110.3296065904,111.2609476803,3218100,0.0,1.0
2023-04-25 00:00:00+00:00,110.61,113.66,110.42,112.5,6282571,108.4375136393,111.4276087175,108.2512454213,110.2903922287,6282571,0.0,1.0
2023-04-26 00:00:00+00:00,110.31,111.5,109.82,111.16,6225729,108.1434059267,109.3100331867,107.6630299961,108.9767111124,6225729,0.0,1.0
2023-04-27 00:00:00+00:00,111.68,112.18,109.15,111.3,9447029,109.4864978143,109.9766773353,107.0061894379,109.1139613783,9447029,0.0,1.0
2023-04-28 00:00:00+00:00,113.03,113.26,111.12,111.7,8064438,110.809982521,111.0354651007,108.9374967507,109.5061049951,8064438,0.0,1.0
2023-05-01 00:00:00+00:00,112.95,114.44,112.1,113.3,4171844,110.7315537976,112.1922887703,109.8982486119,111.0746794624,4171844,0.0,1.0
2023-05-02 00:00:00+00:00,112.16,113.39,111.2,112.92,4850231,109.9570701544,111.1629117761,109.0159254741,110.7021430264,4850231,0.0,1.0
2023-05-03 00:00:00+00:00,113.29,115.27,111.885,111.94,5624062,111.0648758719,113.0059867752,109.6874714179,109.7413911652,5624062,0.0,1.0
2023-05-04 00:00:00+00:00,112.45,113.41,111.72,113.05,3579606,110.2413742766,111.182518957,109.5257121759,110.8295897018,3579606,0.0,1.0
2023-05-05 00:00:00+00:00,116.06,116.62,112.97,113.7,4874374,113.7804704184,114.3294714819,110.7511609785,111.4668230792,4874374,0.0,1.0
2023-05-08 00:00:00+00:00,115.75,117.59,114.93,116.865,3247629,113.4765591153,115.2804197527,112.6726647009,114.5696594472,3247629,0.0,1.0
2023-05-09 00:00:00+00:00,113.84,114.41,112.86,114.08,3173743,111.6040733451,112.162877999,110.6433214839,111.8393595151,3173743,0.0,1.0
2023-05-10 00:00:00+00:00,115.41,116.24,114.14,115.52,4101016,113.143237041,113.9569350459,111.8981810577,113.2510765357,4101016,0.0,1.0
2023-05-11 00:00:00+00:00,115.46,115.835,113.91,115.3,3630615,113.1922549931,113.5598896339,111.672698478,113.0353975464,3630615,0.0,1.0
2023-05-12 00:00:00+00:00,116.09,117.07,114.99,116.71,3838686,113.8098811896,114.7706330508,112.7314862434,114.4177037957,3838686,0.0,1.0
2023-05-15 00:00:00+00:00,121.11,121.26,116.02,116.69,5859171,118.7312835806,118.8783374369,113.7412560567,114.3980966149,5859171,0.0,1.0
2023-05-16 00:00:00+00:00,120.92,123.065,120.44,120.83,5081009,118.5450153627,120.6478855078,118.0744430225,118.4567830489,5081009,0.0,1.0
2023-05-17 00:00:00+00:00,125.7,126.3,121.88,122.25,7349587,123.2311315836,123.8193470088,119.486160043,119.8488928886,7349587,0.0,1.0
2023-05-18 00:00:00+00:00,129.92,132.06,125.76,125.81,10891208,127.3682467409,129.4662150909,123.2899531261,123.3389710782,10891208,0.0,1.0
2023-05-19 00:00:00+00:00,126.95,128.325,125.25,128.3,10257187,124.4565803861,125.8045740689,122.7899700147,125.7800650929,10257187,0.0,1.0
2023-05-22 00:00:00+00:00,126.55,127.56,125.6505,127.23,4709104,124.0644367693,125.0545994018,123.182603811,124.7310809179,4709104,0.0,1.0
2023-05-23 00:00:00+00:00,124.49,126.73,124.19,125.89,4604632,122.0448971427,124.2409013969,121.7507894301,123.4173998016,4604632,0.0,1.0
2023-05-24 00:00:00+00:00,121.73,122.62,120.18,121.92,6315616,119.6528210801,120.5276342795,118.1292700026,119.8395789542,6315616,0.32,1.0
2023-05-25 00:00:00+00:00,130.47,130.73,126.129,127.17,9575704,128.2436832854,128.4992466919,123.9767573319,124.9999938944,9575704,0.0,1.0
2023-05-26 00:00:00+00:00,136.06,136.69,129.985,130.77,9083778,133.7382965265,134.3575463193,127.7669592385,128.5385641391,9083778,0.0,1.0
2023-05-30 00:00:00+00:00,136.57,138.8,135.485,138.0,7753836,134.2395939778,136.4315416571,133.1731082235,135.6451927139,7753836,0.0,1.0
2023-05-31 00:00:00+00:00,133.3,135.75,132.16,133.6,10911040,131.0253926722,133.4335863109,129.904845428,131.3202735259,10911040,0.0,1.0
2023-06-01 00:00:00+00:00,134.83,136.19,131.6915,133.73,5007034,132.5292850262,133.8660782297,129.4443398281,131.4480552292,5007034,0.0,1.0
2023-06-02 00:00:00+00:00,134.63,135.33,132.38,135.14,5327592,132.3326977904,133.0207531157,130.1210913874,132.8339952417,5327592,0.0,1.0
2023-06-05 00:00:00+00:00,133.73,135.15,133.0408,134.82,3798281,131.4480552292,132.8438246035,130.7706156146,132.5194556644,3798281,0.0,1.0
2023-06-06 00:00:00+00:00,133.94,135.35,130.75,131.4,5469139,131.6544718268,133.0404118393,128.5189054155,129.1578139319,5469139,0.0,1.0
2023-06-07 00:00:00+00:00,135.01,137.04,133.5838,135.27,4835726,132.7062135384,134.701573982,131.3043499598,132.961776945,4835726,0.0,1.0
2023-06-08 00:00:00+00:00,136.2,136.76,134.1501,135.85,4507733,133.8759075915,134.4263518518,131.860986718,133.5318799288,4507733,0.0,1.0
2023-06-09 00:00:00+00:00,136.12,137.98,135.82,137.79,3676052,133.7972726972,135.6255339903,133.5023918435,135.4387761163,3676052,0.0,1.0
2023-06-12 00:00:00+00:00,140.01,140.23,136.83,137.74,5933753,137.6208944338,137.8371403932,134.4951573843,135.3896293073,5933753,0.0,1.0
2023-06-13 00:00:00+00:00,141.79,142.53,139.405,141.5,6859549,139.3705208326,140.0978936051,137.0262180455,139.0854693407,6859549,0.0,1.0
2023-06-14 00:00:00+00:00,141.17,141.36,138.23,138.41,6474558,138.7611004016,138.9478582756,135.8712680351,136.0481965473,6474558,0.0,1.0
2023-06-15 00:00:00+00:00,140.11,141.43,137.93,138.69,5524417,137.7191880517,139.0166638081,135.5763871813,136.3234186774,5524417,0.0,1.0
2023-06-16 00:00:00+00:00,138.93,140.95,138.13,140.89,8847359,136.5593233604,138.5448544422,135.7729744172,138.4858782714,8847359,0.0,1.0
2023-06-20 00:00:00+00:00,138.52,140.32,137.27,139.11,3840324,136.156319527,137.9256046494,134.9276493031,136.7362518727,3840324,0.0,1.0
2023-06-21 00:00:00+00:00,136.67,139.16,135.87,138.53,4715288,134.3378875957,136.7853986816,133.5515386524,136.1661488888,4715288,0.0,1.0
2023-06-22 00:00:00+00:00,138.92,139.6,135.0,135.0,3763902,136.5494939986,137.2178906004,132.6963841766,132.6963841766,3763902,0.0,1.0
2023-06-23 00:00:00+00:00,136.07,136.79,134.8425,136.55,6956859,133.7481258882,134.4558399372,132.5415717284,134.2199352542,6956859,0.0,1.0
2023-06-26 00:00:00+00:00,139.8,140.87,136.47,136.47,7256061,137.4144778362,138.4662195479,134.1413003599,134.1413003599,7256061,0.0,1.0
2023-06-27 00:00:00+00:00,146.55,146.69,139.96,140.15,7343867,144.0492970451,144.1869081101,137.5717476249,137.7585054989,7343867,0.0,1.0
2023-06-28 00:00:00+00:00,144.03,145.9155,142.05,142.8,6645180,141.5722978738,143.4256240394,139.6260842392,140.3632863735,6645180,0.0,1.0
2023-06-29 00:00:00+00:00,144.23,145.245,143.51,144.69,3916548,141.7688851096,142.7665653314,141.0611710606,142.221035752,3916548,0.0,1.0
2023-06-30 00:00:00+00:00,144.54,145.55,143.44,145.3,6142766,142.0735953251,143.066360866,140.9923655281,142.8206268212,6142766,0.0,1.0
2023-07-03 00:00:00+00:00,145.47,145.909,143.3808,144.02,2533617,142.9877259717,143.4192349543,140.9341757063,141.562468512,2533617,0.0,1.0
2023-07-05 00:00:00+00:00,142.26,144.92,142.16,144.25,5198675,139.8325008368,142.4471110732,139.7342072189,141.7885438332,5198675,0.0,1.0
2023-07-06 00:00:00+00:00,140.38,141.33,138.7575,140.66,5793780,137.9845808201,138.9183701902,136.3897668695,138.2598029502,5793780,0.0,1.0
2023-07-07 00:00:00+00:00,139.57,142.12,139.41,139.62,3459428,137.188402515,139.6948897717,137.0311327264,137.237549324,3459428,0.0,1.0
2023-07-10 00:00:00+00:00,140.56,141.88,139.7,139.78,6364392,138.1615093323,139.4589850887,137.3161842183,137.3948191127,6364392,0.0,1.0
2023-07-11 00:00:00+00:00,137.56,140.44,134.01,140.18,7709970,135.2127007951,138.0435569908,131.7232773593,137.7879935843,7709970,0.0,1.0
2023-07-12 00:00:00+00:00,138.89,139.7,137.85,139.21,5590112,136.5200059133,137.3161842183,135.497752287,136.8345454906,5590112,0.0,1.0
2023-07-13 00:00:00+00:00,142.65,143.66,140.02,140.12,5410840,140.2158459466,141.2086114875,137.6307237956,137.7290174135,5410840,0.0,1.0
2023-07-14 00:00:00+00:00,142.74,145.3899,142.38,144.57,6058757,140.3043102027,142.9089927837,139.9504531783,142.1030834105,6058757,0.0,1.0
2023-07-17 00:00:00+00:00,145.5,146.5,141.83,142.98,6306971,143.017214057,144.0001502361,139.4098382798,140.5402148857,6306971,0.0,1.0
2023-07-18 00:00:00+00:00,144.51,145.15,141.91,143.8,6493646,142.0441072397,142.6731863943,139.4884731741,141.3462225526,6493646,0.0,1.0
2023-07-19 00:00:00+00:00,141.78,144.65,141.18,144.05,5379354,139.3606914708,142.1817183048,138.7709297634,141.5919565973,5379354,0.0,1.0
2023-07-20 00:00:00+00:00,134.04,138.185,133.52,137.82,9883246,131.7527654447,135.827035907,131.2416386316,135.4682642016,9883246,0.0,1.0
2023-07-21 00:00:00+00:00,136.4,137.3,135.19,135.22,15686058,134.0724948273,134.9571373885,132.8831420506,132.912630136,15686058,0.0,1.0
2023-07-24 00:00:00+00:00,138.35,139.0787,136.85,137.6,5277025,135.9892203766,136.7054859703,134.5148161079,135.2520182422,5277025,0.0,1.0
2023-07-25 00:00:00+00:00,140.06,141.4,138.5,138.69,5038481,137.6700412428,138.9871757228,136.1366608034,136.3234186774,5038481,0.0,1.0
2023-07-26 00:00:00+00:00,139.02,140.29,136.81,137.63,4050407,136.6477876165,137.896116564,134.4754986608,135.2815063276,4050407,0.0,1.0
2023-07-27 00:00:00+00:00,146.14,150.425,144.21,144.23,8928873,143.6462932116,147.858174739,141.749226386,141.7688851096,8928873,0.0,1.0
2023-07-28 00:00:00+00:00,151.93,153.28,148.7,149.58,7803416,149.3374936885,150.6644575303,146.1626098301,147.0275936677,7803416,0.0,1.0
2023-07-31 00:00:00+00:00,151.59,152.68,150.52,151.93,4184927,149.0032953877,150.0746958229,147.951553676,149.3374936885,4184927,0.0,1.0
2023-08-01 00:00:00+00:00,152.63,152.86,150.28,150.92,3089314,150.0255490139,150.2516243351,147.7156489931,148.3447281477,3089314,0.0,1.0
2023-08-02 00:00:00+00:00,147.33,150.62,146.88,150.62,5471076,144.8159872648,148.0498472939,144.3736659842,148.0498472939,5471076,0.0,1.0
2023-08-03 00:00:00+00:00,147.81,148.7,145.361,146.01,4339024,145.2877966307,146.1626098301,142.8805859281,143.5185115084,4339024,0.0,1.0
2023-08-04 00:00:00+00:00,145.66,149.07,145.07,147.52,3984509,143.1744838457,146.5262962164,142.5945515,145.0027451388,3984509,0.0,1.0
2023-08-07 00:00:00+00:00,150.38,150.69,147.03,147.05,3896077,147.813942611,148.1186528265,144.521106411,144.5407651346,3896077,0.0,1.0
2023-08-08 00:00:00+00:00,148.01,148.31,145.9,148.15,3443698,145.4843838665,145.7792647203,143.4103885287,145.6219949316,3443698,0.0,1.0
2023-08-09 00:00:00+00:00,145.16,148.91,144.801,147.98,4796617,142.6830157561,146.3690264277,142.3301416678,145.4548957812,4796617,0.0,1.0
2023-08-10 00:00:00+00:00,144.61,147.98,143.1,146.77,4018267,142.1424008576,145.4548957812,140.6581672272,144.2655430045,4018267,0.0,1.0
2023-08-11 00:00:00+00:00,138.83,142.47,138.53,142.22,5193238,136.4610297425,140.0389174344,136.1661488888,139.7931833896,5193238,0.0,1.0
2023-08-14 00:00:00+00:00,141.89,141.94,137.67,138.2,4850395,139.4688144505,139.5179612595,135.3208237748,135.8417799497,4850395,0.0,1.0
2023-08-15 00:00:00+00:00,140.08,141.85,139.735,141.27,3384887,137.6896999664,139.4294970034,137.3505869846,138.8593940195,3384887,0.0,1.0
2023-08-16 00:00:00+00:00,138.25,141.26,138.17,140.53,4613017,135.8909267587,138.8495646577,135.8122918643,138.132021247,4613017,0.0,1.0
2023-08-17 00:00:00+00:00,137.59,139.79,136.57,139.19,7065730,135.2421888805,137.4046484744,134.2395939778,136.814886767,7065730,0.0,1.0
2023-08-18 00:00:00+00:00,142.66,143.65,135.53,137.33,11541812,140.2256753084,141.1987821257,133.2173403515,134.9866254739,11541812,0.0,1.0
2023-08-21 00:00:00+00:00,148.77,149.22,143.16,143.28,8121877,146.2314153626,146.6737366432,140.717143398,140.8350957395,8121877,0.0,1.0
2023-08-22 00:00:00+00:00,147.85,151.15,146.94,150.76,4867297,145.3271140779,148.5708034689,144.4326421549,148.187458359,4867297,0.0,1.0
2023-08-23 00:00:00+00:00,148.0,148.5716,146.05,147.01,5300356,145.789094082,146.3521552049,143.8682242614,144.81388325,5300356,0.32,1.0
2023-08-24 00:00:00+00:00,142.52,149.95,141.82,149.54,6771049,140.3909573552,147.7099639027,139.7014143427,147.3060887097,6771049,0.0,1.0
2023-08-25 00:00:00+00:00,144.36,144.9599,140.96,143.59,4720643,142.2034704168,142.7944087785,138.8542614987,141.444973103,4720643,0.0,1.0
2023-08-28 00:00:00+00:00,145.42,147.19,144.045,145.305,3565772,143.2476355501,144.9911943104,141.8931760611,143.1343534837,3565772,0.0,1.0
2023-08-29 00:00:00+00:00,149.98,150.52,143.86,143.86,5017209,147.7395157461,148.2714489272,141.7109396935,141.7109396935,5017209,0.0,1.0
2023-08-30 00:00:00+00:00,150.95,151.57,148.18,149.19,4000010,148.6950253492,149.3057634461,145.9664051424,146.9613172034,4000010,0.0,1.0
2023-08-31 00:00:00+00:00,152.76,153.39,149.41,149.41,6593824,150.4779865674,151.0985752787,147.1780307216,147.1780307216,6593824,0.0,1.0
2023-09-01 00:00:00+00:00,153.99,154.54,152.5,154.5,3693087,151.6896121466,152.2313959422,150.2218705913,152.1919934843,3693087,0.0,1.0
2023-09-05 00:00:00+00:00,153.61,154.82,152.3167,153.97,4266753,151.3152887969,152.5072131472,150.0413088282,151.6699109177,4266753,0.0,1.0
2023-09-06 00:00:00+00:00,153.18,155.26,151.55,153.25,3109708,150.8917123749,152.9406401836,149.2860622171,150.9606666762,3109708,0.0,1.0
2023-09-07 00:00:00+00:00,148.23,149.49,145.13,149.22,6720529,146.0156582147,147.2568356373,142.9619677306,146.9908690468,6720529,0.0,1.0
2023-09-08 00:00:00+00:00,147.53,148.5,146.18,147.72,4473352,145.3261152022,146.2816248053,143.9962822494,145.513276877,4473352,0.0,1.0
2023-09-11 00:00:00+00:00,146.71,150.0,144.04,150.0,4145125,144.5183648161,147.759216975,141.8882507539,147.759216975,4145125,0.0,1.0
2023-09-12 00:00:00+00:00,143.97,146.44,143.72,146.03,4470552,141.8192964527,144.2523982255,141.573031091,143.8485230324,4470552,0.0,1.0
2023-09-13 00:00:00+00:00,144.58,147.11,143.8,144.21,4625233,142.420183935,144.9123893947,141.6518360067,142.0557111998,4625233,0.0,1.0
2023-09-14 00:00:00+00:00,144.57,146.71,143.94,146.41,5629810,142.4103333206,144.5183648161,141.7897446093,144.2228463821,5629810,0.0,1.0
2023-09-15 00:00:00+00:00,138.25,141.2186,136.71,140.85,13654571,136.1847449787,139.1089983887,134.6677503511,138.7459047396,13654571,0.0,1.0
2023-09-18 00:00:00+00:00,140.27,140.98,137.52,137.88,5607696,138.1745691006,138.8739627276,135.4656501227,135.8202722435,5607696,0.0,1.0
2023-09-19 00:00:00+00:00,137.71,140.05,136.67,139.71,6366027,135.6528117976,137.9578555824,134.6283478932,137.6229346906,6366027,0.0,1.0
2023-09-20 00:00:00+00:00,136.97,139.66,136.89,138.76,5808017,134.9238663271,137.5736816182,134.8450614114,136.6871263164,5808017,0.0,1.0
2023-09-21 00:00:00+00:00,135.19,137.515,134.935,135.02,5241664,133.1704569524,135.4607248155,132.9192662835,133.0029965065,5241664,0.0,1.0
2023-09-22 00:00:00+00:00,136.17,138.31,135.75,136.99,5301431,134.1358171699,136.2438486655,133.7220913624,134.9435675561,5301431,0.0,1.0
2023-09-25 00:00:00+00:00,136.59,137.04,134.7175,135.89,5161338,134.5495429775,134.9928206284,132.7050154189,133.8599999649,5161338,0.0,1.0
2023-09-26 00:00:00+00:00,134.08,136.03,133.54,135.61,5343026,132.0770387468,133.9979085674,131.5451055657,133.5841827599,5343026,0.0,1.0
2023-09-27 00:00:00+00:00,135.06,136.07,133.1035,135.22,6296183,133.0423989643,134.0373110253,131.1151262443,133.2000087958,6296183,0.0,1.0
2023-09-28 00:00:00+00:00,138.22,139.8,134.2801,134.68,5341699,136.1551931353,137.7115902207,132.2741495422,132.6680756147,5341699,0.0,1.0
2023-09-29 00:00:00+00:00,138.45,141.56,138.0743,140.22,4448208,136.381757268,139.4452983666,136.0116696825,138.1253160283,4448208,0.0,1.0
2023-10-02 00:00:00+00:00,139.51,141.41,137.26,138.86,4896911,137.4259224013,139.2975391496,135.2095341466,136.785632461,4896911,0.0,1.0
2023-10-03 00:00:00+00:00,136.72,140.005,135.43,138.68,6172973,134.6776009655,137.9135278173,133.4068716995,136.6083214007,6172973,0.0,1.0
2023-10-04 00:00:00+00:00,139.3,139.61,136.97,137.57,5543665,137.2190594975,137.5244285459,134.9238663271,135.514903195,5543665,0.0,1.0
2023-10-05 00:00:00+00:00,139.28,140.15,137.78,139.45,4310399,137.1993582686,138.056361727,135.7217660988,137.3668187145,4310399,0.0,1.0
2023-10-06 00:00:00+00:00,140.29,141.16,135.15,138.05,5234440,138.1942703295,139.051273788,133.1310544945,135.9877326894,5234440,0.0,1.0
2023-10-09 00:00:00+00:00,140.15,140.93,137.76,139.47,3271653,138.056361727,138.8247096553,135.7020648699,137.3865199434,3271653,0.0,1.0
2023-10-10 00:00:00+00:00,141.4,142.73,140.355,141.04,3343103,139.2876885351,140.597820259,138.2582993236,138.9330664144,3343103,0.0,1.0
2023-10-11 00:00:00+00:00,142.18,142.94,140.81,142.82,5137123,140.0560364634,140.8046831628,138.7065022817,140.6864757892,5137123,0.0,1.0
2023-10-12 00:00:00+00:00,145.0,148.4,142.77,143.0,8109885,142.8339097425,146.1831186606,140.6372227169,140.8637868495,8109885,0.0,1.0
2023-10-13 00:00:00+00:00,141.14,147.105,140.72,147.05,6601398,139.0315725591,144.9074640874,138.6178467515,144.8532857079,6601398,0.0,1.0
2023-10-16 00:00:00+00:00,141.0,142.655,139.7352,141.76,6097400,138.8936639565,140.5239406505,137.647758239,139.6423106559,6097400,0.0,1.0
2023-10-17 00:00:00+00:00,142.72,142.79,136.81,139.13,5915937,140.5879696445,140.6569239458,134.7662564957,137.0515990516,5915937,0.0,1.0
2023-10-18 00:00:00+00:00,141.45,142.48,138.1,139.9,5357936,139.3369416075,140.3515548974,136.0369857617,137.8100963654,5357936,0.0,1.0
2023-10-19 00:00:00+00:00,134.43,143.05,133.7735,142.84,9400323,132.421810253,140.9130399219,131.7751174134,140.7061770181,9400323,0.0,1.0
2023-10-20 00:00:00+00:00,134.12,136.15,133.36,134.52,6149460,132.1164412046,134.116115941,131.3677945053,132.5104657832,6149460,0.0,1.0
2023-10-23 00:00:00+00:00,134.23,135.805,131.9,133.2,3820145,132.2247979637,133.776269742,129.9296047934,131.2101846738,3820145,0.0,1.0
2023-10-24 00:00:00+00:00,134.9,135.55,133.5139,135.33,5238786,132.8847891329,133.5250790731,131.5193954619,133.3083655549,5238786,0.0,1.0
2023-10-25 00:00:00+00:00,130.11,133.26,129.75,133.07,7118080,128.1663448042,131.2692883606,127.8117226834,131.0821266858,7118080,0.0,1.0
2023-10-26 00:00:00+00:00,130.84,134.41,130.51,131.11,5462708,128.8854396601,132.4021090241,128.5603693828,129.1514062507,5462708,0.0,1.0
2023-10-27 00:00:00+00:00,131.3,133.11,130.56,131.27,4397310,129.3385679255,131.1215291437,128.6096224551,129.3090160821,4397310,0.0,1.0
2023-10-30 00:00:00+00:00,131.03,132.96,129.82,131.96,4604623,129.0726013349,130.9737699267,127.8806769847,129.9887084802,4604623,0.0,1.0
2023-10-31 00:00:00+00:00,132.35,132.55,129.21,131.8,4108171,130.3728824443,130.5698947336,127.2797895023,129.8310986487,4108171,0.0,1.0
2023-11-01 00:00:00+00:00,135.29,135.83,132.775,133.03,5127781,133.268963097,133.8008962781,130.7915335591,131.0427242279,5127781,0.0,1.0
2023-11-02 00:00:00+00:00,138.51,139.78,136.67,137.81,6088377,136.4408609548,137.6918889918,134.6283478932,135.7513179422,6088377,0.0,1.0
2023-11-03 00:00:00+00:00,139.75,141.77,139.075,139.49,5560310,137.6623371484,139.6521612704,136.997420672,137.4062211723,5560310,0.0,1.0
2023-11-06 00:00:00+00:00,140.36,140.79,139.21,140.4,4823202,138.2632246308,138.6868010528,137.1304039673,138.3026270886,4823202,0.0,1.0
2023-11-07 00:00:00+00:00,141.74,141.92,139.69,140.0,4886905,139.622609427,139.7999204873,137.6032334616,137.90860251,4886905,0.0,1.0
2023-11-08 00:00:00+00:00,144.23,144.525,141.61,142.37,4305862,142.0754124287,142.3660055555,139.4945514389,140.2431981382,4305862,0.0,1.0
2023-11-09 00:00:00+00:00,143.17,147.21,142.8901,144.9,4979876,141.0312472954,145.0108955393,140.7555285966,142.7354035979,4979876,0.0,1.0
2023-11-10 00:00:00+00:00,150.68,150.99,144.67,145.19,6700875,148.4290587587,148.7344278071,142.5088394652,143.0210714174,6700875,0.0,1.0
2023-11-13 00:00:00+00:00,149.74,150.25,147.55,149.0,4125187,147.503100999,148.0054823367,145.3458164311,146.7741555285,4125187,0.0,1.0
2023-11-14 00:00:00+00:00,154.08,154.91,152.14,153.03,6504983,151.7782676768,152.5958686774,149.8672484706,150.7439531579,6504983,0.0,1.0
2023-11-15 00:00:00+00:00,155.37,156.77,154.06,154.97,4383341,153.0489969428,154.4280829679,151.7585664478,152.6549723642,4383341,0.0,1.0
2023-11-16 00:00:00+00:00,154.81,157.76,151.2,155.4,10513826,152.4973625327,155.4032937999,148.9412907108,153.0785487861,10513826,0.0,1.0
2023-11-17 00:00:00+00:00,148.59,149.05,141.94,142.04,18919639,146.3702803355,146.8234086009,139.8196217163,139.9181278609,18919639,0.0,1.0
2023-11-20 00:00:00+00:00,152.57,153.0,148.81,148.88,7093479,150.2908248926,150.7144013145,146.5869938537,146.655948155,7093479,0.0,1.0
2023-11-21 00:00:00+00:00,149.25,151.81,148.165,151.57,6517877,147.0204208902,149.5421781932,145.9516292207,149.3057634461,6517877,0.0,1.0
2023-11-22 00:00:00+00:00,149.48,153.7897,149.02,151.03,5071873,147.5622046857,151.8166121887,147.1081063839,149.0923185288,5071873,0.32,1.0
2023-11-24 00:00:00+00:00,150.34,150.66,149.3282,149.33,1992027,148.4111710761,148.7270655469,147.4123522461,147.4141291525,1992027,0.0,1.0
2023-11-27 00:00:00+00:00,150.81,151.76,148.77,149.5,3429723,148.8751410801,149.8129527904,146.8613138286,147.5819480902,3429723,0.0,1.0
2023-11-28 00:00:00+00:00,148.06,149.99,146.505,149.36,5799571,146.1604229714,148.0656614986,144.6253732773,147.4437442592,5799571,0.0,1.0
2023-11-29 00:00:00+00:00,149.36,152.82,148.853,150.24,4975739,147.4437442592,150.859353225,146.943248957,148.312454054,4975739,0.0,1.0
2023-11-30 00:00:00+00:00,149.78,150.48,147.045,150.41,7555619,147.8583557521,148.5493749071,145.1584451968,148.4802729916,7555619,0.0,1.0
2023-12-01 00:00:00+00:00,151.59,151.98,148.63,149.56,4929366,149.6451338528,150.0301302391,146.7231099976,147.6411783035,4929366,0.0,1.0
2023-12-04 00:00:00+00:00,148.27,150.66,145.655,150.04,5859577,146.3677287179,148.7270655469,143.7862785891,148.1150200097,5859577,0.0,1.0
2023-12-05 00:00:00+00:00,146.15,147.47,145.22,146.53,5206319,144.2749278487,145.5779925409,143.3568595428,144.6500525328,5206319,0.0,1.0
2023-12-06 00:00:00+00:00,144.7,148.72,144.69,148.68,4267921,142.8435310277,146.8119553175,142.8336593255,146.7724685087,4267921,0.0,1.0
2023-12-07 00:00:00+00:00,148.39,148.54,144.57,146.96,5753646,146.4861891445,146.6342646777,142.715198899,145.074535728,5753646,0.0,1.0
2023-12-08 00:00:00+00:00,147.72,148.81,145.99,147.42,4990196,145.8247850962,146.9008006375,144.1169806133,145.5286340298,4990196,0.0,1.0
2023-12-11 00:00:00+00:00,155.14,155.66,149.135,149.21,6945752,153.1495881385,153.6629166536,147.2216309594,147.295668726,6945752,0.0,1.0
2023-12-12 00:00:00+00:00,157.22,158.1753,154.64,155.14,5705165,155.2029021989,156.1459459114,152.6560030279,153.1495881385,5705165,0.0,1.0
2023-12-13 00:00:00+00:00,156.99,158.38,154.625,157.03,5561691,154.975853048,156.3480196557,152.6411954745,155.0153398569,5561691,0.0,1.0
2023-12-14 00:00:00+00:00,161.74,163.06,157.705,157.77,7401171,159.6649115994,160.9679762915,155.6816797563,155.7458458206,7401171,0.0,1.0
2023-12-15 00:00:00+00:00,161.95,164.2087,161.485,162.21,8577337,159.8722173458,162.1019387248,159.4131831929,160.1288816034,8577337,0.0,1.0
2023-12-18 00:00:00+00:00,160.36,161.345,157.73,160.89,4772322,158.3026166939,159.2749793619,155.7063590118,158.8258169112,4772322,0.0,1.0
2023-12-19 00:00:00+00:00,162.33,162.73,160.02,160.58,4435329,160.24734203,160.6422101185,157.9669788187,158.5197941426,4435329,0.0,1.0
2023-12-20 00:00:00+00:00,156.92,162.0,156.83,160.81,5488666,154.9067511325,159.9215758569,154.8179058126,158.7468432935,5488666,0.0,1.0
2023-12-21 00:00:00+00:00,161.39,161.82,159.58,161.0,4257488,159.3194020219,159.7438852171,157.5326239213,158.9344056356,4257488,0.0,1.0
2023-12-22 00:00:00+00:00,162.05,163.0,160.84,161.6,2770624,159.970934368,160.9087460783,158.7764584002,159.5267077684,2770624,0.0,1.0
2023-12-26 00:00:00+00:00,164.28,164.9712,162.1,162.3,2520478,162.1723239616,162.8546560186,160.020292879,160.2177269233,2520478,0.0,1.0
2023-12-27 00:00:00+00:00,164.21,164.99,163.53,164.54,3317659,162.1032220461,162.8732148187,161.4319462956,162.4289882191,3317659,0.0,1.0
2023-12-28 00:00:00+00:00,163.12,165.01,162.85,165.0,2909720,161.0272065048,162.8929582231,160.760670545,162.8830865209,2909720,0.0,1.0
2023-12-29 00:00:00+00:00,162.07,163.5577,160.7,163.11,2905929,159.9906777724,161.4592909107,158.6382545692,161.0173348026,2905929,0.0,1.0
2024-01-02 00:00:00+00:00,154.37,160.11,153.4341,160.0,8607329,152.3894670681,158.0558241386,151.4655744579,157.9472354142,8607329,0.0,1.0
2024-01-03 00:00:00+00:00,151.45,153.17,150.73,151.71,6100066,149.5069300218,151.2048628025,148.7961674624,149.7635942793,6100066,0.0,1.0
2024-01-04 00:00:00+00:00,149.31,152.0,148.75,149.8,6196064,147.3943857481,150.0498736435,146.8415704242,147.8780991566,6196064,0.0,1.0
2024-01-05 00:00:00+00:00,149.0,151.52,148.05,150.08,5398237,147.0883629795,149.5760319373,146.1505512692,148.1545068186,5398237,0.0,1.0
2024-01-08 00:00:00+00:00,151.56,152.79,149.72,149.83,6515509,149.6155187461,150.8297381184,147.7991255389,147.9077142632,6515509,0.0,1.0
2024-01-09 00:00:00+00:00,151.03,151.6899,148.93,149.87,5606916,149.0923185288,149.7437521579,147.019261064,147.9472010721,5606916,0.0,1.0
2024-01-10 00:00:00+00:00,149.81,151.9,148.24,151.77,5035695,147.8879708588,149.9511566214,146.3381136113,149.8228244926,5035695,0.0,1.0
2024-01-11 00:00:00+00:00,151.95,152.44,148.48,150.25,5995644,150.0005151325,150.4842285409,146.5750344644,148.3223257562,5995644,0.0,1.0
2024-01-12 00:00:00+00:00,151.25,152.4,150.37,152.2,4083673,149.3094959775,150.4447417321,148.4407861827,150.2473076878,4083673,0.0,1.0
2024-01-16 00:00:00+00:00,153.76,154.24,149.84,151.3,6528042,151.7872932331,152.2611349393,147.9175859654,149.3588544886,6528042,0.0,1.0
2024-01-17 00:00:00+00:00,153.37,153.75,150.2,153.11,6630647,151.4022968468,151.7774215309,148.2729672451,151.1456325892,6630647,0.0,1.0
2024-01-18 00:00:00+00:00,160.34,160.735,156.776,158.66,8133734,158.2828732895,158.6728055269,154.7645986206,156.6244273176,8133734,0.0,1.0
2024-01-19 00:00:00+00:00,167.94,168.28,162.3,162.57,9159006,165.7853669717,166.1210048469,160.2177269233,160.4842628831,9159006,0.0,1.0
2024-01-22 00:00:00+00:00,168.3,171.905,167.64,168.18,7176443,166.1407482513,169.6994968993,165.4892159053,166.0222878248,7176443,0.0,1.0
2024-01-23 00:00:00+00:00,167.05,168.0,164.71,167.76,5053559,164.9067854747,165.8445971849,162.5968071567,165.6076763318,5053559,0.0,1.0
2024-01-24 00:00:00+00:00,174.14,175.955,170.67,171.39,9710403,171.905822344,173.6975362957,168.4803416759,169.1911042353,9710403,0.0,1.0
2024-01-25 00:00:00+00:00,172.63,178.395,172.43,177.17,7234383,170.4151953097,176.1062316358,170.2177612655,174.8969481146,7234383,0.0,1.0
2024-01-26 00:00:00+00:00,166.9,169.5675,166.62,169.07,6653731,164.7587099415,167.3919865069,164.4823022795,166.9008693218,6653731,0.0,1.0
2024-01-29 00:00:00+00:00,168.48,168.51,166.08,166.31,5370663,166.3184388912,166.3480539978,163.94923036,164.1762795109,5370663,0.0,1.0
2024-01-30 00:00:00+00:00,166.24,169.17,165.82,167.33,5255325,164.1071775954,166.9995863439,163.6925661024,165.1831931366,5255325,0.0,1.0
2024-01-31 00:00:00+00:00,164.3,166.615,160.96,164.0001,6049403,162.192067366,164.4773664284,158.8949188267,161.8960150166,6049403,0.0,1.0
2024-02-01 00:00:00+00:00,166.97,167.74,164.83,165.455,4082620,164.827811857,165.5879329274,162.7152675833,163.3322489716,4082620,0.0,1.0
2024-02-02 00:00:00+00:00,168.18,169.175,165.46,165.92,4741027,166.0222878248,167.004522195,163.3371848227,163.7912831246,4741027,0.0,1.0
2024-02-05 00:00:00+00:00,171.09,172.28,168.28,168.6,5749118,168.8949531689,170.0696857323,166.1210048469,166.4368993177,5749118,0.0,1.0
2024-02-06 00:00:00+00:00,168.7,172.71,167.5001,170.99,4550248,166.5356163399,170.4941689275,165.3511107913,168.7962361467,4550248,0.0,1.0
2024-02-07 00:00:00+00:00,170.9,172.91,168.8346,170.49,5103354,168.7073908268,170.6916029717,166.6684894517,168.3026510361,5103354,0.0,1.0
2024-02-08 00:00:00+00:00,173.89,175.0,169.38,169.99,7327895,171.6590297886,172.7547887343,167.2068920904,167.8090659254,7327895,0.0,1.0
2024-02-09 00:00:00+00:00,185.84,186.15,178.61,179.04,9539890,183.4557139336,183.7617367022,176.3184732334,176.7429564285,9539890,0.0,1.0
2024-02-12 00:00:00+00:00,185.54,188.21,184.64,185.27,7085353,183.1595628672,185.7953073582,182.271109668,182.8930269075,7085353,0.0,1.0
2024-02-13 00:00:00+00:00,180.31,182.1864,176.94,178.6,9692463,177.9966626096,179.8489888129,174.6698989637,176.3086015311,9692463,0.0,1.0
2024-02-14 00:00:00+00:00,186.19,186.98,182.64,182.64,8437858,183.8012235111,184.581087986,180.2967692253,180.2967692253,8437858,0.0,1.0
2024-02-15 00:00:00+00:00,187.66,189.47,186.38,189.0,8622946,185.2523637365,187.0391418371,183.9887858532,186.5751718331,8622946,0.0,1.0
2024-02-16 00:00:00+00:00,199.57,206.77,197.3,202.02,15557857,197.0095610726,204.1171866663,194.7686846702,199.4281281149,15557857,0.0,1.0
2024-02-20 00:00:00+00:00,189.14,195.86,186.12,195.585,11216103,186.7133756641,193.3471595514,183.7321215956,193.0756877406,11216103,0.0,1.0
2024-02-21 00:00:00+00:00,190.33,190.37,185.89,187.92,6994439,188.2040026983,188.2435558959,183.8135977596,185.8209225401,6994439,0.32,1.0
2024-02-22 00:00:00+00:00,199.73,201.55,196.67,198.28,10225918,197.499004145,199.2986746379,194.4731845251,196.0652007304,10225918,0.0,1.0
2024-02-23 00:00:00+00:00,197.16,201.34,196.61,199.32,5108090,194.9577111963,199.0910203503,194.4138547287,197.0935838692,5108090,0.0,1.0
2024-02-26 00:00:00+00:00,203.55,203.99,199.13,199.8,6466592,201.2763345202,201.7114196943,196.9057061804,197.5682222409,6466592,0.0,1.0
2024-02-27 00:00:00+00:00,202.86,204.44,201.22,203.73,5167118,200.5940418608,202.1563931678,198.9723607573,201.4543239096,5167118,0.0,1.0
2024-02-28 00:00:00+00:00,197.54,199.18,196.49,198.49,6207904,195.3334665739,196.9551476774,194.2951951357,196.272855018,6207904,0.0,1.0
2024-02-29 00:00:00+00:00,201.62,202.0,197.26,199.91,9449578,199.3678927338,199.7436481114,195.0565941904,197.6769935344,9449578,0.0,1.0
2024-03-01 00:00:00+00:00,210.25,211.38,203.555,203.77,7647353,207.9014951259,209.0188729594,201.2812786699,201.4938771073,7647353,0.0,1.0
2024-03-04 00:00:00+00:00,209.49,213.37,209.035,212.0,7089834,207.1499843706,210.9866445423,206.7000667474,209.6319475229,7089834,0.0,1.0
2024-03-05 00:00:00+00:00,207.39,210.76,204.78,207.75,6100185,205.0734414942,208.4057983959,202.4925953478,205.429420273,6100185,0.0,1.0
2024-03-06 00:00:00+00:00,212.17,213.5101,209.13,209.95,5642363,209.8000486129,211.125179617,206.7940055918,207.6048461436,5642363,0.0,1.0
2024-03-07 00:00:00+00:00,212.61,214.255,211.51,213.23,6363079,210.235133787,211.8617590402,209.1474208517,210.8482083505,6363079,0.0,1.0
2024-03-08 00:00:00+00:00,205.56,213.5954,205.39,212.48,6940770,203.2638827019,211.209526811,203.0957816119,210.1065858947,6940770,0.0,1.0
2024-03-11 00:00:00+00:00,201.37,203.28,197.61,203.28,6557056,199.1206852485,201.0093504361,195.4026846698,201.0093504361,6557056,0.0,1.0
2024-03-12 00:00:00+00:00,204.94,205.01,199.34,203.88,7204936,202.6508081384,202.7200262343,197.113360468,201.6026484008,7204936,0.0,1.0
2024-03-13 00:00:00+00:00,200.56,203.8799,199.94,202.97,5044502,198.3197329962,201.6025495178,197.7066584327,200.7028131544,5044502,0.0,1.0
2024-03-14 00:00:00+00:00,200.75,202.4,199.05,201.93,4910489,198.507610685,200.1391800879,196.8265997851,199.6744300156,4910489,0.0,1.0
2024-03-15 00:00:00+00:00,198.65,201.2799,197.0001,199.44,9936353,196.4310678086,199.0315916708,194.7995972887,197.2122434621,9936353,0.0,1.0
2024-03-18 00:00:00+00:00,200.73,203.17,199.63,201.68,5062323,198.4878340862,200.9005791426,197.4001211509,199.4272225303,5062323,0.0,1.0
2024-03-19 00:00:00+00:00,201.34,201.55,197.3,199.18,4624515,199.0910203503,199.2986746379,195.0961473881,196.9551476774,4624515,0.0,1.0
2024-03-20 00:00:00+00:00,205.06,205.92,198.7959,201.0,4277964,202.7694677313,203.6198614807,196.575338097,198.7548181703,4277964,0.0,1.0
2024-03-21 00:00:00+00:00,210.8,214.91,210.3562,213.37,6145205,208.4453515935,212.5094426516,208.0065088656,210.9866445423,6145205,0.0,1.0
2024-03-22 00:00:00+00:00,210.25,211.72,208.43,208.508,3829346,207.9014951259,209.3550751394,206.101824633,206.1789533684,3829346,0.0,1.0
2024-03-25 00:00:00+00:00,208.46,211.31,207.35,207.63,3137632,206.1314895312,208.9496548635,205.0338882966,205.3107606801,3137632,0.0,1.0
2024-03-26 00:00:00+00:00,206.67,211.21,206.57,209.79,3607375,204.3614839366,208.8507718694,204.2626009425,207.446633353,3607375,0.0,1.0
2024-03-27 00:00:00+00:00,208.0,208.4857,203.9,208.04,3123889,205.6766277583,206.1569024607,201.6224249996,205.716180956,3123889,0.0,1.0
2024-03-28 00:00:00+00:00,206.23,207.65,202.71,207.56,5750078,203.9263987625,205.3305372789,200.4457173697,205.2415425842,5750078,0.0,1.0
2024-04-01 00:00:00+00:00,208.69,211.77,205.96,206.93,3186134,206.3589204177,209.4045166364,203.6594146784,204.6185797213,3186134,0.0,1.0
2024-04-02 00:00:00+00:00,206.11,206.58,203.4,206.58,4277698,203.8077391696,204.2724892419,201.128010029,204.2724892419,4277698,0.0,1.0
2024-04-03 00:00:00+00:00,207.38,209.1522,203.5,203.6,3294302,205.0635531948,206.8159576165,201.2268930232,201.3257760173,3294302,0.0,1.0
2024-04-04 00:00:00+00:00,203.39,213.04,201.67,211.61,6206066,201.1181217296,210.6603306617,199.4173342309,209.2463038459,6206066,0.0,1.0
2024-04-05 00:00:00+00:00,207.85,209.53,204.9,204.9,3323579,205.5283032671,207.1895375683,202.6112549408,202.6112549408,3323579,0.0,1.0
2024-04-08 00:00:00+00:00,209.04,213.0,208.13,212.86,4430989,206.7050108971,210.620777464,205.8051756507,210.4823412723,4430989,0.0,1.0
2024-04-09 00:00:00+00:00,210.41,212.0999,207.63,211.35,3656842,208.0597079165,209.730731634,205.3107606801,208.9892080612,3656842,0.0,1.0
2024-04-10 00:00:00+00:00,209.25,211.66,208.12,208.89,4645392,206.9126651848,209.2957453429,205.7952873513,206.5566864059,4645392,0.0,1.0
2024-04-11 00:00:00+00:00,212.98,213.33,208.36,209.46,4291584,210.6010008652,210.9470913446,206.0326065371,207.1203194724,4291584,0.0,1.0
2024-04-12 00:00:00+00:00,207.86,209.95,206.91,208.0,5854777,205.5381915666,207.6048461436,204.5988031225,205.6766277583,5854777,0.0,1.0
2024-04-15 00:00:00+00:00,205.68,214.46,204.271,211.9,4492462,203.3825422949,212.0644691781,201.9892809078,209.5330645288,4492462,0.0,1.0
2024-04-16 00:00:00+00:00,209.48,210.42,205.75,206.34,3749231,207.1400960712,208.0695962159,203.4517603907,204.035170056,3749231,0.0,1.0
2024-04-17 00:00:00+00:00,199.89,207.0,198.1,206.09,6350323,197.6572169356,204.6877978172,195.887211341,203.7879625707,6350323,0.0,1.0
2024-04-18 00:00:00+00:00,194.32,198.415,193.52,197.47,6219358,192.1494341634,196.1986927724,191.3583702105,195.2642484781,6219358,0.0,1.0
2024-04-19 00:00:00+00:00,189.77,194.69,188.16,194.26,6495228,187.6502579312,192.5153012417,186.058241726,192.090104367,6495228,0.0,1.0
2024-04-22 00:00:00+00:00,189.46,191.78,186.855,191.55,7149843,187.3437206495,189.6378061129,184.7678186528,189.4103752265,7149843,0.0,1.0
2024-04-23 00:00:00+00:00,193.24,194.5,189.97,190.25,4425871,191.081497827,192.3274235529,187.8480239195,188.124896303,4425871,0.0,1.0
2024-04-24 00:00:00+00:00,196.06,199.36,192.72,197.99,4609370,193.869998261,197.1331370668,190.5673062576,195.7784400474,4609370,0.0,1.0
2024-04-25 00:00:00+00:00,197.5,198.4519,193.6,196.28,4238321,195.2939133763,196.2351805973,191.4374766058,194.0875408481,4238321,0.0,1.0
2024-04-26 00:00:00+00:00,203.38,203.99,197.03,197.03,3933453,201.1082334302,201.7114196943,194.8291633039,194.8291633039,3933453,0.0,1.0
2024-04-29 00:00:00+00:00,205.26,205.29,201.7779,203.51,2789205,202.9672337196,202.9968986178,199.5240289815,201.2367813226,2789205,0.0,1.0
2024-04-30 00:00:00+00:00,198.65,205.83,198.57,203.67,3898216,196.4310678086,203.530866786,196.3519614133,201.3949941132,3898216,0.0,1.0
2024-05-01 00:00:00+00:00,193.99,200.6848,192.69,196.08,5815491,191.8231202829,198.4431389728,190.5376413594,193.8897748599,5815491,0.0,1.0
2024-05-02 00:00:00+00:00,197.91,198.475,193.28,196.26,3523223,195.6993336522,196.2580225689,191.1210510247,194.0677642493,3523223,0.0,1.0
2024-05-03 00:00:00+00:00,204.09,205.27,199.95,202.0,3818510,201.8103026884,202.977122019,197.7165467321,199.7436481114,3818510,0.0,1.0
2024-05-06 00:00:00+00:00,208.86,209.18,204.3,205.31,3638517,206.5270215077,206.8434470889,202.0179569761,203.0166752166,3638517,0.0,1.0
2024-05-07 00:00:00+00:00,207.32,209.47,207.22,209.24,3200852,205.0042233983,207.1302077718,204.9053404042,206.9027768853,3200852,0.0,1.0
2024-05-08 00:00:00+00:00,207.36,207.96,204.75,205.91,2932311,205.043776596,205.6370745607,202.4629304496,203.6099731813,2932311,0.0,1.0
2024-05-09 00:00:00+00:00,206.33,208.25,205.715,207.36,2758265,204.0252817566,205.9238352436,203.4171513428,205.043776596,2758265,0.0,1.0
2024-05-10 00:00:00+00:00,209.73,212.57,208.52,208.8,3502906,207.3873035565,210.1955805894,206.1908193277,206.4676917112,3502906,0.0,1.0
2024-05-13 00:00:00+00:00,206.63,208.47,205.44,208.4,3526900,204.3219307389,206.1413778307,203.145223109,206.0721597348,3526900,0.0,1.0
2024-05-14 00:00:00+00:00,209.82,210.1,204.7132,205.84,3442176,207.4762982512,207.7531706347,202.4265415078,203.5407550854,3442176,0.0,1.0
2024-05-15 00:00:00+00:00,217.49,217.61,210.85,212.5,5820884,215.0606238998,215.1792834927,208.4947930906,210.1263624935,5820884,0.0,1.0
2024-05-16 00:00:00+00:00,214.03,218.75,213.92,218.22,7977854,211.6392723034,216.3065496256,211.5305010099,215.7824697568,7977854,0.0,1.0
2024-05-17 00:00:00+00:00,212.08,219.36,210.23,216.4,8031759,209.7110539182,216.9097358897,207.8817185271,213.9827992639,8031759,0.0,1.0
2024-05-20 00:00:00+00:00,219.95,221.75,212.11,212.15,5954459,217.493145555,219.2730394491,209.7407188164,209.7802720141,5954459,0.0,1.0
2024-05-21 00:00:00+00:00,219.8,220.26,215.81,218.0,3918174,217.3448210638,217.7996828368,213.3993895987,215.5649271698,3918174,0.0,1.0
2024-05-22 00:00:00+00:00,218.15,220.73,216.23,220.52,5046958,216.1087836374,218.6646427334,214.2067489613,218.4566076907,5046958,0.4,1.0
2024-05-23 00:00:00+00:00,217.95,225.07,216.33,225.0,5806608,215.9106550253,222.9640336157,214.3058132674,222.8946886015,5806608,0.0,1.0
2024-05-24 00:00:00+00:00,220.89,223.12,218.64,220.195,3795707,218.823145623,221.0322796478,216.594198737,218.134648696,3795707,0.0,1.0
2024-05-28 00:00:00+00:00,221.32,223.2214,219.88,222.15,5509381,219.249122139,221.1327308542,217.822596132,220.0713558792,5509381,0.0,1.0
2024-05-29 00:00:00+00:00,219.05,220.65,217.16,217.59,4718791,217.0003623918,218.5853912885,215.1280470076,215.5540235236,4718791,0.0,1.0
2024-05-30 00:00:00+00:00,216.54,219.69,215.4976,217.97,4062500,214.5138483101,217.6343739505,213.4812019839,215.9304678865,4062500,0.0,1.0
2024-05-31 00:00:00+00:00,215.08,218.51,209.015,216.75,13548694,213.0675094418,216.4654151392,207.0592592802,214.7218833528,13548694,0.0,1.0
2024-06-03 00:00:00+00:00,214.21,218.35,208.93,218.325,3828092,212.2056499792,216.3069122495,206.97505462,216.282146173,3828092,0.0,1.0
2024-06-04 00:00:00+00:00,212.22,214.345,209.03,213.8,4379643,210.2342702889,212.3393867924,207.0741189261,211.7994863244,4379643,0.0,1.0
2024-06-05 00:00:00+00:00,223.37,224.72,218.19,219.6,7887926,221.279940413,222.6173085446,216.1484093598,217.5452160751,7887926,0.0,1.0
2024-06-06 00:00:00+00:00,221.75,223.255,219.02,221.67,3951234,219.675098655,221.166016461,216.9706431,219.5958472102,3951234,0.0,1.0
2024-06-07 00:00:00+00:00,221.73,224.55,220.08,224.21,3627235,219.6552857938,222.4488992243,218.0207247441,222.1120805837,3627235,0.0,1.0
2024-06-10 00:00:00+00:00,228.16,228.83,219.63,219.71,4797863,226.0251206725,226.688851523,217.5749353669,217.6541868117,4797863,0.0,1.0
2024-06-11 00:00:00+00:00,229.97,230.07,224.635,227.27,4768588,227.8181846119,227.917248918,222.5331038844,225.1434483487,4768588,0.0,1.0
2024-06-12 00:00:00+00:00,237.65,238.4,230.775,231.43,5573488,235.4263233162,236.1693056115,228.6156522756,229.2645234802,5573488,0.0,1.0
2024-06-13 00:00:00+00:00,237.55,238.36,231.42,231.47,3682407,235.3272590102,236.1296798891,229.2546170496,229.3041492026,3682407,0.0,1.0
2024-06-14 00:00:00+00:00,237.03,238.26,233.615,234.08,3306544,234.8121246187,236.0306155831,231.4290785673,231.8897275904,3306544,0.0,1.0
2024-06-17 00:00:00+00:00,242.86,243.28,236.27,236.67,4974631,240.5875736612,241.0036437465,234.0592358928,234.455493117,4974631,0.0,1.0
2024-06-18 00:00:00+00:00,247.83,249.42,242.09,242.78,5256914,245.5110696716,247.0861921377,239.8247785046,240.5083222163,5256914,0.0,1.0
2024-06-20 00:00:00+00:00,239.99,247.83,238.655,247.0,7045020,237.7444280777,245.5110696716,236.421919592,244.6888359314,7045020,0.0,1.0
2024-06-21 00:00:00+00:00,235.41,238.48,232.83,238.32,15389140,233.2072828608,236.2485570564,230.6514237648,236.0900541667,15389140,0.0,1.0
2024-06-24 00:00:00+00:00,229.84,235.41,229.4301,233.0,5928654,227.6894010141,233.2072828608,227.2833364236,230.8198330851,5928654,0.0,1.0
2024-06-25 00:00:00+00:00,234.27,234.55,228.54,231.04,4779039,232.0779497719,232.3553298288,226.4015650355,228.8781726866,4779039,0.0,1.0
2024-06-26 00:00:00+00:00,232.17,236.92,230.8,235.0,4818654,229.9975993449,234.7031538821,228.6404183521,232.801119206,4818654,0.0,1.0
2024-06-27 00:00:00+00:00,232.53,237.82,231.8,237.5,4309553,230.3542308467,235.5947326365,229.6310614126,235.2777268571,4309553,0.0,1.0
2024-06-28 00:00:00+00:00,235.99,241.29,233.91,235.35,6387433,233.7818558359,239.0322640562,231.7213182701,233.1478442772,6387433,0.0,1.0
2024-07-01 00:00:00+00:00,237.41,238.36,233.08,236.86,4239557,235.1885689817,236.1296798891,230.8990845299,234.6437152984,4239557,0.0,1.0
2024-07-02 00:00:00+00:00,240.86,241.0,235.02,235.02,3510604,238.6062875403,238.7449775687,232.8209320672,232.8209320672,3510604,0.0,1.0
2024-07-03 00:00:00+00:00,243.31,244.72,239.85,241.64,2768843,241.0333630384,242.4301697536,237.6057380492,239.3789891274,2768843,0.0,1.0
2024-07-05 00:00:00+00:00,242.59,244.715,240.87,244.69,4076227,240.3201000348,242.4252165383,238.6161939709,242.4004504618,4076227,0.0,1.0
2024-07-08 00:00:00+00:00,246.29,247.18,243.11,243.11,3782098,243.9854793585,244.8671516823,240.8352344263,240.8352344263,3782098,0.0,1.0
2024-07-09 00:00:00+00:00,251.47,252.13,247.48,248.0,4890692,249.1170104116,249.7708348315,245.1643446004,245.6794789919,4890692,0.0,1.0
2024-07-10 00:00:00+00:00,254.97,255.89,250.66,253.0,4258139,252.5842611232,253.4956527388,248.3145895327,250.6326942941,4258139,0.0,1.0
2024-07-11 00:00:00+00:00,241.26,255.57,241.1,255.57,5627387,239.0025447644,253.1786469595,238.8440418748,253.1786469595,5627387,0.0,1.0
2024-07-12 00:00:00+00:00,243.4,248.77,240.54,241.61,5396287,241.1225209138,246.4422741484,238.2892817609,239.3492698356,5396287,0.0,1.0
2024-07-15 00:00:00+00:00,245.55,248.81,243.61,244.52,3674325,243.2524034938,246.4818998708,241.3305559565,242.2320411415,3674325,0.0,1.0
2024-07-16 00:00:00+00:00,245.84,247.52,241.94,246.96,4124766,243.5396899813,245.2039703229,239.6761820455,244.649210209,4124766,0.0,1.0
2024-07-17 00:00:00+00:00,220.07,233.32,219.76,231.24,10538858,218.0108183135,231.1368388644,217.7037189647,229.0763012987,10538858,0.0,1.0
2024-07-18 00:00:00+00:00,217.65,222.325,213.25,222.15,7715764,215.6134621072,220.2447184148,211.2546326412,220.0713558792,7715764,0.0,1.0
2024-07-19 00:00:00+00:00,210.26,218.28,209.67,217.5,6517081,208.2926098904,216.2375672353,207.7081304848,215.4648656481,6517081,0.0,1.0
2024-07-22 00:00:00+00:00,223.47,224.09,213.36,216.23,7515582,221.379004719,221.9932034165,211.3636033778,214.2067489613,7515582,0.0,1.0
2024-07-23 00:00:00+00:00,219.65,221.95,218.622,220.45,3635340,217.5947482281,219.8732272671,216.5763671619,218.3872626764,3635340,0.0,1.0
2024-07-24 00:00:00+00:00,206.53,217.77,205.53,217.37,9263428,204.597511275,215.7323392744,203.6068682145,215.3360820503,9263428,0.0,1.0
2024-07-25 00:00:00+00:00,202.32,209.21,200.333,207.15,9961355,200.4269039905,207.252434677,198.4584962293,205.2117099724,9961355,0.0,1.0
2024-07-26 00:00:00+00:00,206.47,208.36,202.81,206.99,5208974,204.5380726913,206.4103880756,200.9123190901,205.0532070828,5208974,0.0,1.0
2024-07-29 00:00:00+00:00,205.57,212.53,204.89,208.3,4199228,203.6464939369,210.5413696377,202.9728566558,206.350949492,4199228,0.0,1.0
2024-07-30 00:00:00+00:00,196.74,209.17,195.3432,208.26,7652609,194.8991157131,207.2128089546,193.5153854863,206.3113237695,7652609,0.0,1.0
2024-07-31 00:00:00+00:00,212.2,212.87,204.5,206.095,11123667,210.2144574277,210.8781882782,202.5865058622,204.1665815437,11123667,0.0,1.0
2024-08-01 00:00:00+00:00,196.3,209.08,192.32,204.13,11268284,194.4632327665,207.1236510791,190.520473386,202.2199679299,11268284,0.0,1.0
2024-08-02 00:00:00+00:00,181.81,189.57,179.63,187.87,12991632,180.1088148206,187.7962049697,177.9492129488,186.1121117669,12991632,0.0,1.0
2024-08-05 00:00:00+00:00,181.89,187.17,171.61,175.16,10079131,180.1880662654,185.4186616246,170.004255604,173.5210384686,10079131,0.0,1.0
2024-08-06 00:00:00+00:00,183.31,188.51,180.3,183.32,5803940,181.5947794113,186.7461233256,178.6129437993,181.6046858419,5803940,0.0,1.0
2024-08-07 00:00:00+00:00,178.51,191.4,177.94,190.0,6652136,176.8396927211,189.6090817703,176.2750261767,188.2221814857,6652136,0.0,1.0
2024-08-08 00:00:00+00:00,190.55,190.83,181.185,185.26,8637080,188.767035169,189.0444152259,179.4896629078,183.5265333792,8637080,0.0,1.0
2024-08-09 00:00:00+00:00,191.18,193.3181,188.05,190.01,5050766,189.391140297,191.5092342246,186.2904275178,188.2320879163,5050766,0.0,1.0
2024-08-12 00:00:00+00:00,193.09,196.4,190.35,191.5,5568060,191.2832685425,194.5622970726,188.5689065569,189.7081460764,5568060,0.0,1.0
2024-08-13 00:00:00+00:00,200.8,201.8342,193.72,196.44,6198858,198.9211265386,199.9456495917,191.9073736706,194.601922795,6198858,0.0,1.0
2024-08-14 00:00:00+00:00,201.63,204.81,197.7267,202.69,5377855,199.7433602788,202.893605211,195.8765832209,200.7934419228,5377855,0.0,1.0
2024-08-15 00:00:00+00:00,211.83,213.0,205.13,207.31,12073538,209.8479194954,211.0069718761,203.2106109903,205.3702128621,12073538,0.0,1.0
2024-08-16 00:00:00+00:00,207.9,208.89,201.18,204.95,11644577,205.9546922678,206.9354288976,199.2975709015,203.0322952395,11644577,0.0,1.0
2024-08-19 00:00:00+00:00,210.94,211.11,202.5019,207.0,5285410,208.9662471716,209.1346564918,200.6071019632,205.0631135134,5285410,0.0,1.0
2024-08-20 00:00:00+00:00,206.16,210.5899,204.35,209.29,4860323,204.2309733426,208.6194230361,202.4379094032,207.3316861218,4860323,0.0,1.0
2024-08-21 00:00:00+00:00,209.12,210.0,206.5745,208.05,4460528,207.1632768015,208.0350426947,204.6415948912,206.1032887268,4460528,0.0,1.0
2024-08-22 00:00:00+00:00,200.2,210.34,199.44,208.63,6621890,198.7229979265,208.7881887306,197.9686049274,207.0908044825,6621890,0.4,1.0
2024-08-23 00:00:00+00:00,202.67,205.83,200.18,202.16,5296425,201.1747751736,204.3114618542,198.7031454791,200.6685377663,5296425,0.0,1.0
2024-08-26 00:00:00+00:00,196.23,201.26,195.15,200.67,7333916,194.7822871284,199.7751776358,193.7102549718,199.1895304391,7333916,0.0,1.0
2024-08-27 00:00:00+00:00,195.77,196.8,191.79,194.78,6632516,194.3256808395,195.3480818778,190.3750438178,193.3429846959,6632516,0.0,1.0
2024-08-28 00:00:00+00:00,192.89,196.64,190.8,194.68,6412480,191.4669284218,195.189262299,189.3923476742,193.2437224592,6412480,0.0,1.0
2024-08-29 00:00:00+00:00,192.98,198.31,191.67,196.67,6730335,191.5562644348,196.8469416524,190.2559291337,195.21904097,6730335,0.0,1.0
2024-08-30 00:00:00+00:00,197.26,197.84,192.55,197.53,7313848,195.8046881667,196.3804091397,191.1294368169,196.0726962059,7313848,0.0,1.0
2024-09-03 00:00:00+00:00,183.37,194.07,182.5,193.08,12163375,182.0171634854,192.6382228152,181.1535820259,191.6555266716,12163375,0.0,1.0
2024-09-04 00:00:00+00:00,182.38,184.32,177.43,179.99,6241131,181.0344673418,182.9601547343,176.1209866239,178.6620998841,6241131,0.0,1.0
2024-09-05 00:00:00+00:00,180.24,183.74,177.8887,179.04,6494995,178.9102554759,182.3844337613,176.5763025037,177.7191086352,6494995,0.0,1.0
2024-09-06 00:00:00+00:00,174.75,180.705,173.39,179.5,8887931,173.4607586796,179.3718248767,172.1107922601,178.1757149241,8887931,0.0,1.0
2024-09-09 00:00:00+00:00,177.55,178.55,174.57,177.1,7492474,176.2401013079,177.2327236752,173.2820866535,175.7934212427,7492474,0.0,1.0
2024-09-10 00:00:00+00:00,178.05,178.51,174.11,177.97,5367884,176.7364124916,177.1930187805,172.8254803645,176.6570027022,5367884,0.0,1.0
2024-09-11 00:00:00+00:00,185.94,186.41,175.41,180.24,8187051,184.5682029693,185.0347354819,174.115889442,178.9102554759,8187051,0.0,1.0
2024-09-12 00:00:00+00:00,183.21,185.13,180.05,184.36,8013044,181.8583439067,183.7641788518,178.7216572261,182.999859629,8013044,0.0,1.0
2024-09-13 00:00:00+00:00,188.47,188.8,184.95,185.3,4851255,187.0795375585,187.4071029397,183.5855068257,183.9329246542,4851255,0.0,1.0
2024-09-16 00:00:00+00:00,187.58,187.91,183.14,185.0,5915836,186.1961036516,186.5236690328,181.7888603409,183.6351379441,5915836,0.0,1.0
2024-09-17 00:00:00+00:00,188.59,190.499,185.98,189.5,4026069,187.1986522425,189.0935683416,184.607907864,188.1019385968,4026069,0.0,1.0
2024-09-18 00:00:00+00:00,186.14,191.66,185.75,190.76,4266884,184.7667274427,190.24600291,184.3796047195,189.3526427795,4266884,0.0,1.0
2024-09-19 00:00:00+00:00,196.71,198.33,192.9101,194.55,7326067,195.2587458647,196.8667940997,191.4868801314,193.1146815514,7326067,0.0,1.0
2024-09-20 00:00:00+00:00,192.16,195.525,189.47,194.35,14306869,190.7423140937,194.0824883595,188.0721599257,192.916157078,14306869,0.0,1.0
2024-09-23 00:00:00+00:00,194.04,195.64,192.69,194.42,4457925,192.6084441441,194.1966399318,191.2684039483,192.9856406437,4457925,0.0,1.0
2024-09-24 00:00:00+00:00,196.78,197.85,193.76,196.51,4849713,195.3282294304,196.3903353634,192.3305098813,195.0602213913,4849713,0.0,1.0
2024-09-25 00:00:00+00:00,197.31,200.29,195.29,195.29,5060128,195.8543192851,198.8123339395,193.8492221032,193.8492221032,5060128,0.0,1.0
2024-09-26 00:00:00+00:00,209.61,212.15,202.5,210.82,7849767,208.0635744025,210.5848352153,201.0060293712,209.2646474668,7849767,0.0,1.0
2024-09-27 00:00:00+00:00,204.92,211.33,204.0,211.08,4524814,203.4081755,209.7708848741,202.4949629221,209.5227292823,4524814,0.0,1.0
2024-09-30 00:00:00+00:00,202.05,204.31,198.69,201.0,5747161,200.5593493059,202.8026758559,197.2241381519,199.5170958203,5747161,0.0,1.0
2024-10-01 00:00:00+00:00,197.2,204.06,193.64,203.41,6930055,195.7451308247,202.5545202641,192.2113951972,201.9093157254,6930055,0.0,1.0
2024-10-02 00:00:00+00:00,201.15,204.51,196.74,197.83,5536564,199.6659891754,203.0012003294,195.2885245358,196.3704829161,5536564,0.0,1.0
2024-10-03 00:00:00+00:00,199.59,203.125,197.71,197.71,3813269,198.1174982825,201.6264183507,196.251368232,196.251368232,3813269,0.0,1.0
2024-10-04 00:00:00+00:00,201.97,204.92,199.505,204.62,4134027,200.4799395165,203.4081755,198.0331253812,203.1103887898,4134027,0.0,1.0
2024-10-07 00:00:00+00:00,200.13,201.59,198.229,199.38,3711131,198.6535143608,200.102743017,196.7665392406,197.9090475853,3711131,0.0,1.0
2024-10-08 00:00:00+00:00,200.88,202.5475,198.67,200.13,3616136,199.3979811362,201.0531789336,197.2042857046,198.6535143608,3616136,0.0,1.0
2024-10-09 00:00:00+00:00,205.06,205.59,200.63,201.4,4141557,203.5471426314,204.073232486,199.1498255444,199.9141447672,4141557,0.0,1.0
2024-10-10 00:00:00+00:00,203.96,204.25,199.95,201.02,3796758,202.4552580274,202.7431185139,198.4748423347,199.5369482676,3796758,0.0,1.0
2024-10-11 00:00:00+00:00,205.06,207.2299,202.14,202.14,2604134,203.5471426314,205.7010339061,200.648685319,200.648685319,2604134,0.0,1.0
2024-10-14 00:00:00+00:00,213.89,214.25,206.96,206.96,5239260,212.3119981343,212.6693421866,205.4331251292,205.4331251292,5239260,0.0,1.0
2024-10-15 00:00:00+00:00,191.02,215.7,189.565,213.68,16613187,189.610724595,214.1086446191,188.1664590506,212.1035474372,16613187,0.0,1.0
2024-10-16 00:00:00+00:00,184.59,193.22,183.9,193.22,10972552,183.2281627735,191.794493803,182.5432533401,191.794493803,10972552,0.0,1.0
2024-10-17 00:00:00+00:00,183.24,190.8,183.0,190.0,9727114,181.8881225777,189.3923476742,181.6498932095,188.5982497804,9727114,0.0,1.0
2024-10-18 00:00:00+00:00,186.36,186.79,184.64,186.28,5758553,184.9851043635,185.4119319815,183.2777938918,184.9056945742,5758553,0.0,1.0
2024-10-21 00:00:00+00:00,184.46,186.71,184.1,186.16,4918119,183.0991218657,185.3325221921,182.7417778135,184.7865798901,4918119,0.0,1.0
2024-10-22 00:00:00+00:00,183.0,185.28,182.57,184.6,6753600,181.6498932095,183.9130722069,181.2230655916,183.2380889972,6753600,0.0,1.0
2024-10-23 00:00:00+00:00,182.7,183.74,179.79,181.95,6015230,181.3521064993,182.3844337613,178.4635754106,180.6076397239,6015230,0.0,1.0
2024-10-24 00:00:00+00:00,183.75,187.8,183.23,186.88,6122134,182.394359985,186.4144805724,181.878196354,185.5012679945,6122134,0.0,1.0
2024-10-25 00:00:00+00:00,186.52,189.1999,186.17,186.49,4794657,185.1439239423,187.8040526243,184.7965061138,185.1141452713,4794657,0.0,1.0
2024-10-28 00:00:00+00:00,185.34,187.64,184.41,186.52,4101018,183.9726295489,186.2556609936,183.0494907474,185.1439239423,4101018,0.0,1.0
2024-10-29 00:00:00+00:00,190.12,191.53,184.651,185.34,6007375,188.7173644645,190.1169620023,183.2887127379,183.9726295489,6007375,0.0,1.0
2024-10-30 00:00:00+00:00,185.3,188.19,184.7,187.0,5851339,183.9329246542,186.8016032956,183.3373512339,185.6203826786,5851339,0.0,1.0
2024-10-31 00:00:00+00:00,181.58,185.21,179.28,185.21,7307475,180.240369448,183.8435886412,177.9573380033,183.8435886412,7307475,0.0,1.0
2024-11-01 00:00:00+00:00,183.38,185.47,181.22,181.83,6318878,182.0270897091,184.1016704567,179.8830253958,180.4885250398,6318878,0.0,1.0
2024-11-04 00:00:00+00:00,181.82,183.86,180.46,183.2,3857564,180.4785988162,182.5035484454,179.1286323967,181.848417683,3857564,0.0,1.0
2024-11-05 00:00:00+00:00,186.48,186.75,183.1,183.3,4053013,185.1042190476,185.3722270868,181.7491554463,181.9476799197,4053013,0.0,1.0
2024-11-06 00:00:00+00:00,187.52,189.38,184.75,188.96,6393318,186.1365463096,187.9828239127,183.3869823522,187.5659225184,6393318,0.0,1.0
2024-11-07 00:00:00+00:00,194.09,194.33,190.96,190.96,5274709,192.6580752625,192.8963046306,189.551167253,189.551167253,5274709,0.0,1.0
2024-11-08 00:00:00+00:00,192.03,194.1,191.265,192.29,4767343,190.6132731859,192.6680014862,189.853917075,190.8713550014,4767343,0.0,1.0
2024-11-11 00:00:00+00:00,188.56,193.2,186.46,192.31,5475193,187.1688735715,191.7746413556,185.0843666003,190.8912074488,5475193,0.0,1.0
2024-11-12 00:00:00+00:00,186.61,189.75,184.4704,188.71,5478424,185.2332599554,188.3500941886,183.1094451384,187.3177669266,5478424,0.0,1.0
2024-11-13 00:00:00+00:00,182.79,185.48,182.52,184.07,8634649,181.4414425124,184.1115966803,181.1734344732,182.7119991425,8634649,0.0,1.0
2024-11-14 00:00:00+00:00,186.0,187.615,185.09,186.775,11747404,184.6277603113,186.2308454345,183.7244739571,185.397042646,11747404,0.0,1.0
2024-11-15 00:00:00+00:00,168.88,174.07,167.33,168.335,16287484,167.6340653837,172.7857754698,166.0955007145,167.0930861936,16287484,0.0,1.0
2024-11-18 00:00:00+00:00,170.73,171.67,166.8501,167.68,8331082,169.4704167632,170.4034817884,165.6191412404,166.442918543,8331082,0.0,1.0
2024-11-19 00:00:00+00:00,169.31,169.96,167.49,168.34,8651084,168.0608930017,168.7060975404,166.2543202932,167.0980493054,8651084,0.0,1.0
2024-11-20 00:00:00+00:00,170.49,170.525,167.06,169.31,6197305,169.232187395,169.2669291779,165.8274926753,168.0608930017,6197305,0.0,1.0
2024-11-21 00:00:00+00:00,175.75,177.07,171.0501,171.22,8917431,174.8504299938,176.1636736216,170.1745862616,170.3436166346,8917431,0.4,1.0
2024-11-22 00:00:00+00:00,174.88,176.08,173.38,175.12,4242578,173.9848830572,175.1787409007,172.4925607529,174.2236546259,4242578,0.0,1.0
2024-11-25 00:00:00+00:00,174.55,177.19,171.9326,176.71,8926467,173.6565721503,176.2830594059,171.0525692173,175.8055162685,8926467,0.0,1.0
2024-11-26 00:00:00+00:00,173.2,175.485,170.93,175.34,6517076,172.3134820764,174.5867863867,170.0551009891,174.4425285639,6517076,0.0,1.0
2024-11-27 00:00:00+00:00,171.32,173.34,168.7604,173.2,4348730,170.4431047882,172.4527654914,167.8966060081,172.3134820764,4348730,0.0,1.0
2024-11-29 00:00:00+00:00,174.71,178.43,174.26,176.38,5944388,173.8157531961,177.5167125109,173.3680565048,175.4772053616,5944388,0.0,1.0
2024-12-02 00:00:00+00:00,183.265,184.27,174.71,175.48,9100590,182.3269647386,183.3268206825,173.8157531961,174.581811979,9100590,0.0,1.0
2024-12-03 00:00:00+00:00,183.16,183.26,180.8,181.21,5939932,182.2225021773,182.3219903309,179.8745817518,180.2824831816,5939932,0.0,1.0
2024-12-04 00:00:00+00:00,181.16,185.7,180.45,185.34,5819763,180.2327391048,184.7495012793,179.5263732141,184.3913439263,5819763,0.0,1.0
2024-12-05 00:00:00+00:00,172.03,179.42,170.55,176.54,8663758,171.149470679,178.5016452318,169.6770460053,175.6363864074,8663758,0.0,1.0
2024-12-06 00:00:00+00:00,173.02,173.32,171.35,172.16,6058479,172.1344033998,172.4328678607,170.4729512343,171.2788052787,6058479,0.0,1.0
2024-12-09 00:00:00+00:00,171.86,174.5,170.21,171.97,7647077,170.9803408178,173.6068280735,169.338786283,171.0897777868,7647077,0.0,1.0
2024-12-10 00:00:00+00:00,168.17,173.88,167.44,173.5,8230865,167.3092279491,172.990001521,166.5829644276,172.6119465372,8230865,0.0,1.0
2024-12-11 00:00:00+00:00,171.13,173.2,169.485,169.73,6698595,170.2540772963,172.3134820764,168.6174971692,168.8612431456,6698595,0.0,1.0
2024-12-12 00:00:00+00:00,169.08,170.11,166.81,169.7,6108503,168.2145701471,169.2392981294,165.9561890598,168.8313966995,6108503,0.0,1.0
2024-12-13 00:00:00+00:00,169.35,171.53,167.77,169.095,7051664,168.4831881618,170.6520299108,166.9112753346,168.2294933701,7051664,0.0,1.0
2024-12-16 00:00:00+00:00,169.41,171.74,168.85,170.035,6643007,168.542881054,170.8609550334,167.9857473937,169.1646820142,6643007,0.0,1.0
2024-12-17 00:00:00+00:00,170.34,170.75,168.37,169.0,6817636,169.4681208827,169.8760223126,167.5082042563,168.1349796242,6817636,0.0,1.0
2024-12-18 00:00:00+00:00,165.45,174.43,164.55,170.94,9000741,164.6031501705,173.5371863659,163.7077567879,170.0650498045,9000741,0.0,1.0
2024-12-19 00:00:00+00:00,161.44,165.24,161.03,162.7854,9252641,160.6136752102,164.3942250479,160.2057737803,161.9521888291,9252641,0.0,1.0
2024-12-20 00:00:00+00:00,163.59,164.73,158.958,159.98,15336722,162.7526705131,163.8868354644,158.1443792373,159.1611481673,15336722,0.0,1.0
2024-12-23 00:00:00+00:00,167.46,167.69,164.165,164.77,5040203,166.6028620584,166.8316848117,163.3247273964,163.9266307259,5040203,0.0,1.0
2024-12-24 00:00:00+00:00,168.37,168.72,166.9,167.43,2595759,167.5082042563,167.856412794,166.0457283981,166.5730156123,2595759,0.0,1.0
2024-12-26 00:00:00+00:00,167.55,168.8499,166.75,167.35,2796316,166.6924013966,167.9856479056,165.8964961676,166.4934250894,2796316,0.0,1.0
2024-12-27 00:00:00+00:00,166.83,167.2,164.63,166.15,3599555,165.9760866905,166.3441928589,163.7873473108,165.2995672459,3599555,0.0,1.0
2024-12-30 00:00:00+00:00,163.64,164.97,161.97,164.0,4763085,162.8024145899,164.1256070331,161.1409624244,163.160571943,4763085,0.0,1.0
2024-12-31 00:00:00+00:00,162.63,165.18,161.97,164.43,3565535,161.7975842383,164.3345321557,161.1409624244,163.5883710036,3565535,0.0,1.0
2025-01-02 00:00:00+00:00,163.87,166.71,162.83,164.47,4169023,163.0312373433,165.8567009062,161.9965605456,163.628166265,4169023,0.0,1.0
2025-01-03 00:00:00+00:00,170.06,170.42,164.77,165.38,5721416,169.1895540526,169.5477114056,163.9266307259,164.533508463,5721416,0.0,1.0
2025-01-06 00:00:00+00:00,177.48,180.375,174.86,174.975,8475462,176.5715750515,179.4517570989,173.9649854265,174.0793968032,8475462,0.0,1.0
2025-01-07 00:00:00+00:00,177.82,181.84,176.3967,180.07,7332112,176.9098347738,180.9092585494,175.4938198832,179.1483182303,7332112,0.0,1.0
2025-01-08 00:00:00+00:00,176.99,178.17,174.84,177.75,4581723,176.0840830987,177.2580433115,173.9450877958,176.8401930662,4581723,0.0,1.0
2025-01-10 00:00:00+00:00,171.65,174.72,169.505,174.72,6325342,170.7714156952,173.8257020114,168.6373948,173.8257020114,6325342,0.0,1.0
2025-01-13 00:00:00+00:00,170.86,171.61,167.73,169.1,5465785,169.9854592816,170.7316204337,166.8714800731,168.2344677778,5465785,0.0,1.0
2025-01-14 00:00:00+00:00,173.65,173.7,170.315,171.86,3842111,172.7611787677,172.8109228445,169.4432488443,170.9803408178,3842111,0.0,1.0
2025-01-15 00:00:00+00:00,178.38,179.51,175.88,176.75,5908559,177.4669684341,178.59118457,174.9797645935,175.84531153,5908559,0.0,1.0
2025-01-16 00:00:00+00:00,186.48,191.71,183.01,185.8,10825448,185.5255088776,190.7287393121,182.0732699468,184.8489894329,10825448,0.0,1.0
2025-01-17 00:00:00+00:00,192.05,193.16,188.79,193.0,8115101,191.0669990344,192.1713175397,187.8236852263,192.0121364939,8115101,0.0,1.0
2025-01-21 00:00:00+00:00,192.87,195.22,190.82,194.74,7959064,191.8828018941,194.2207735043,189.8432947449,193.7432303669,7959064,0.0,1.0
2025-01-22 00:00:00+00:00,195.51,200.55,195.325,196.825,7288595,194.5092891498,199.5234920925,194.3252360656,195.81755837,7288595,0.0,1.0
2025-01-23 00:00:00+00:00,190.7,191.2,187.79,190.13,6307345,189.7239089605,190.2213497286,186.8288036901,189.1568264849,6307345,0.0,1.0
2025-01-24 00:00:00+00:00,186.75,191.275,185.61,190.89,6088398,185.7941268924,190.2959658439,184.6599619411,189.9129364524,6088398,0.0,1.0
2025-01-27 00:00:00+00:00,174.57,179.56,170.4201,179.55,12150238,173.676469781,178.6409286468,169.5478108938,178.6309798315,12150238,0.0,1.0
2025-01-28 00:00:00+00:00,172.85,174.83,170.0,173.75,7360510,171.9652735387,173.9351389804,169.1298611604,172.8606669213,7360510,0.0,1.0
2025-01-29 00:00:00+00:00,175.28,180.21,173.78,180.0,5679925,174.3828356717,179.2876016454,172.8905133674,179.0786765228,5679925,0.0,1.0
2025-01-30 00:00:00+00:00,181.72,183.27,177.46,179.395,6013770,180.7898727651,182.3319391463,176.5516774207,178.4767731933,6013770,0.0,1.0
2025-01-31 00:00:00+00:00,180.35,186.44,180.0612,182.585,5902833,179.4268850605,185.4857136161,179.1395632728,181.6504452939,5902833,0.0,1.0
2025-02-03 00:00:00+00:00,178.8,180.25,174.24,175.32,5321278,177.8848186793,179.3273969068,173.348158874,174.4226309332,5321278,0.0,1.0
2025-02-04 00:00:00+00:00,178.56,179.3,175.45,175.47,4687114,177.6460471106,178.3822594474,174.5519655329,174.5718631636,4687114,0.0,1.0
2025-02-05 00:00:00+00:00,180.67,181.01,175.28,176.73,3959496,179.7452471521,180.0835068744,174.3828356717,175.8254138993,3959496,0.0,1.0
2025-02-06 00:00:00+00:00,182.8,183.08,178.56,179.61,4479079,181.8643448242,182.1429116544,177.6460471106,178.6906727236,4479079,0.0,1.0
2025-02-07 00:00:00+00:00,180.0,183.54,178.73,183.14,4991954,179.0786765228,182.6005571611,177.8151769717,182.2026045466,4991954,0.0,1.0
2025-02-10 00:00:00+00:00,183.66,184.03,181.42,182.86,5744135,182.7199429454,183.0880491138,180.4914083042,181.9240377164,5744135,0.0,1.0
2025-02-11 00:00:00+00:00,183.2,183.58,181.09,181.795,3913262,182.2622974387,182.6403524225,180.1630973973,180.8644888803,3913262,0.0,1.0
2025-02-12 00:00:00+00:00,180.89,181.53,178.29,179.42,6640831,179.96412109,180.6008452732,177.3774290958,178.5016452318,6640831,0.0,1.0
2025-02-13 00:00:00+00:00,184.27,184.5175,179.62,180.31,10302003,183.3268206825,183.5730538627,178.700621539,179.387089799,10302003,0.0,1.0
2025-02-14 00:00:00+00:00,169.2,176.0,168.61,174.84,12452812,168.3339559314,175.0991503778,167.746975825,173.9450877958,12452812,0.0,1.0
2025-02-18 00:00:00+00:00,172.0,173.76,169.1,171.79,10704879,171.1196242329,172.8706157366,168.2344677778,170.9106991103,10704879,0.0,1.0
2025-02-19 00:00:00+00:00,174.06,174.9,171.13,172.305,5797047,173.1690801975,174.004780688,170.2540772963,171.4230631014,5797047,0.0,1.0
2025-02-20 00:00:00+00:00,176.01,178.37,174.5,175.14,6687264,175.5070518077,177.8603081128,174.0013666294,174.6395378308,6687264,0.4,1.0
2025-02-21 00:00:00+00:00,171.98,176.25,170.6,176.13,7365350,171.4885675239,175.7463660082,170.1125108709,175.6267089079,7365350,0.0,1.0
2025-02-24 00:00:00+00:00,168.57,175.23,168.34,173.77,7126206,168.0883115915,174.729280656,167.858968816,173.2734526028,7126206,0.0,1.0
2025-02-25 00:00:00+00:00,165.54,169.68,164.45,168.12,8570278,165.0669698099,169.1951397689,163.9800844825,167.6395974655,8570278,0.0,1.0
2025-02-26 00:00:00+00:00,168.51,170.25,166.42,167.38,5048546,168.0284830414,169.7635109952,165.9444552118,166.9017120139,5048546,0.0,1.0
2025-02-27 00:00:00+00:00,156.64,170.57,156.375,170.25,9543635,156.1924015406,170.0825965958,155.9281587775,169.7635109952,9543635,0.0,1.0
2025-02-28 00:00:00+00:00,158.07,160.05,153.9513,157.29,9427575,157.6183153187,159.592657473,153.511384495,156.840544167,9427575,0.0,1.0
2025-03-03 00:00:00+00:00,152.13,160.32,150.67,159.73,9259111,151.6952888558,159.8618859486,150.2394608026,159.2735718723,9259111,0.0,1.0
2025-03-04 00:00:00+00:00,152.87,156.23,149.55,153.06,8538627,152.4331743074,155.7835731147,149.1226612001,152.6226313828,8538627,0.0,1.0
2025-03-05 00:00:00+00:00,155.32,155.87,150.0,153.135,5859954,154.8761734377,155.4246018139,149.5713753261,152.6974170704,5859954,0.0,1.0
2025-03-06 00:00:00+00:00,151.54,154.05,149.605,151.54,6967778,151.1069747795,153.6098024599,149.1775040378,151.1069747795,6967778,0.0,1.0
2025-03-07 00:00:00+00:00,155.68,156.3474,150.19,151.46,5537838,155.2351447385,155.9006376444,149.7608324015,151.0272033793,5537838,0.0,1.0
2025-03-10 00:00:00+00:00,149.99,154.45,147.88,152.42,7961801,149.5614039011,154.0086594608,147.4574332215,151.9844601814,7961801,0.0,1.0
2025-03-11 00:00:00+00:00,146.99,150.5106,145.37,148.97,7739928,146.5699763946,150.0805162877,144.9546055411,148.5443185489,7739928,0.0,1.0
2025-03-12 00:00:00+00:00,149.06,151.72,148.44,151.72,8482229,148.6340613741,151.2864604299,148.0158330227,151.2864604299,8482229,0.0,1.0
2025-03-13 00:00:00+00:00,149.95,153.0588,148.37,148.89,5702173,149.521518201,152.6214348118,147.9460330476,148.4645471487,5702173,0.0,1.0
2025-03-14 00:00:00+00:00,155.66,156.500692,152.13,152.13,5138783,155.2152018884,156.0534916129,151.6952888558,151.6952888558,5138783,0.0,1.0
2025-03-17 00:00:00+00:00,155.46,157.21,152.84,152.95,4764341,155.015773388,156.7607727668,152.4032600323,152.5129457075,4764341,0.0,1.0
2025-03-18 00:00:00+00:00,153.51,154.94,151.81,154.32,4282336,153.0713455088,154.4972592869,151.3762032551,153.8790309355,4282336,0.0,1.0
2025-03-19 00:00:00+00:00,154.46,157.075,152.79,153.18,4426507,154.0186308858,156.626158529,152.3534029072,152.742288483,4426507,0.0,1.0
2025-03-20 00:00:00+00:00,154.38,155.615,151.68,152.225,5480259,153.9388594856,155.1703304758,151.2465747298,151.7900173935,5480259,0.0,1.0
2025-03-21 00:00:00+00:00,152.12,152.19,149.01,150.294,15911326,151.6853174307,151.7551174059,148.584204249,149.8645352218,15911326,0.0,1.0
2025-03-24 00:00:00+00:00,154.95,156.27,154.6,155.5,5855208,154.5072307119,155.8234588148,154.1582308361,155.0556590881,5855208,0.0,1.0
2025-03-25 00:00:00+00:00,153.64,154.95,152.52,154.84,5093720,153.200974034,154.5072307119,152.0841744316,154.3975450367,5093720,0.0,1.0
2025-03-26 00:00:00+00:00,150.68,153.99,149.51,153.14,4853836,150.2494322276,153.5499739098,149.0827755001,152.702402783,4853836,0.0,1.0
2025-03-27 00:00:00+00:00,147.68,149.9024,146.94,149.83,6933790,147.2580047211,149.4740542179,146.5201192695,149.4018611008,6933790,0.0,1.0
2025-03-28 00:00:00+00:00,145.06,149.8,144.12,148.8,7714957,144.6454913654,149.3719468257,143.7081774133,148.3748043235,7714957,0.0,1.0
2025-03-31 00:00:00+00:00,145.12,145.68,141.16,142.772,7116271,144.7053199155,145.2637197167,140.7566356069,142.3640293204,7116271,0.0,1.0
2025-04-01 00:00:00+00:00,145.66,146.11,141.8,144.1,5869458,145.2437768667,145.6924909927,141.3948068083,143.6882345633,5869458,0.0,1.0
2025-04-02 00:00:00+00:00,147.75,149.31,143.84,144.03,4904772,147.3278046962,148.8833469996,143.4289775127,143.6184345881,4904772,0.0,1.0
2025-04-03 00:00:00+00:00,135.51,141.87,135.4,141.0,11779640,135.1227804696,141.4646067835,135.0130947944,140.5970928066,11779640,0.0,1.0
2025-04-04 00:00:00+00:00,126.95,132.46,123.94,129.11,15563959,126.587240651,132.081495838,123.5858417195,128.7410684557,15563959,0.0,1.0
2025-04-07 00:00:00+00:00,132.85,141.57,123.7365,124.97,18941906,132.4703814138,141.1654640328,123.3829232203,124.6128984967,18941906,0.0,1.0
2025-04-08 00:00:00+00:00,128.96,140.7,127.5,138.405,16423697,128.5914970804,140.2979500559,127.1356690272,138.0095080134,16423697,0.0,1.0
2025-04-09 00:00:00+00:00,149.73,150.9641,128.6,129.58,20667253,149.3021468505,150.5327204125,128.2325257796,129.2097254317,20667253,0.0,1.0
2025-04-10 00:00:00+00:00,138.24,143.805,133.49,142.23,16290727,137.8449795006,143.3940775252,133.1085526152,141.8235780842,16290727,0.0,1.0
2025-04-11 00:00:00+00:00,144.94,146.23,135.5,138.57,10617191,144.5258342651,145.8121480929,135.1128090446,138.1740365263,10617191,0.0,1.0
2025-04-14 00:00:00+00:00,144.53,147.7,142.14,146.88,6835897,144.1170058392,147.2779475711,141.733835259,146.4602907193,6835897,0.0,1.0
2025-04-15 00:00:00+00:00,145.45,147.045,144.24,144.97,5259919,145.0343769412,146.6248192322,143.8278345136,144.5557485402,5259919,0.0,1.0
2025-04-16 00:00:00+00:00,138.19,141.08,134.35,137.82,9279103,137.7951223755,140.6768642067,133.9660951671,137.4261796496,9279103,0.0,1.0
2025-04-17 00:00:00+00:00,137.46,139.65,136.94,138.99,6494838,137.0672083489,139.2509504286,136.5486942477,138.5928363772,6494838,0.0,1.0
2025-04-21 00:00:00+00:00,135.555,136.015,132.8,135.13,8395304,135.1676518822,135.6263374332,132.4205242887,134.7438663188,8395304,0.0,1.0
2025-04-22 00:00:00+00:00,138.3,139.08,136.32,137.18,5222697,137.9048080507,138.6825792024,135.9304658964,136.7880084483,5222697,0.0,1.0
2025-04-23 00:00:00+00:00,143.58,147.83,142.74,144.845,7994300,143.1697204622,147.4075760964,142.3321207603,144.4311057274,7994300,0.0,1.0
2025-04-24 00:00:00+00:00,150.17,150.4,145.35,147.61,7609178,149.7408895515,149.970232327,144.934662691,147.1882047459,7609178,0.0,1.0
2025-04-25 00:00:00+00:00,151.55,152.61,147.87,148.2,4805247,151.1169462045,152.1739172568,147.4474617965,147.7765188222,4805247,0.0,1.0
2025-04-28 00:00:00+00:00,150.79,151.87,147.51,150.79,7052725,150.3591179028,151.4360318052,147.0884904957,150.3591179028,7052725,0.0,1.0
2025-04-29 00:00:00+00:00,149.55,151.065,147.905,149.0,5721316,149.1226612001,150.6333320909,147.4823617841,148.574232824,5721316,0.0,1.0
2025-04-30 00:00:00+00:00,150.71,151.04,144.71,145.97,7273648,150.2793465027,150.6084035284,144.2964914896,145.5528910424,7273648,0.0,1.0
2025-05-01 00:00:00+00:00,148.96,152.28,148.74,151.64,6731978,148.5343471239,151.8448602311,148.3149757734,151.2066890297,6731978,0.0,1.0
2025-05-02 00:00:00+00:00,155.1,156.695,152.685,152.79,6083227,154.6568020872,156.2472443782,152.2487029445,152.3534029072,6083227,0.0,1.0
2025-05-05 00:00:00+00:00,154.61,156.64,153.845,154.11,4069314,154.1682022611,156.1924015406,153.405388247,153.6696310101,4069314,0.0,1.0
2025-05-06 00:00:00+00:00,153.03,154.48,151.9,152.002,3471702,152.5927171077,154.0385737359,151.4659460803,151.5676546155,3471702,0.0,1.0
2025-05-07 00:00:00+00:00,155.81,156.2,151.51,153.355,5500190,155.3647732638,155.7536588396,151.0770605044,152.9167884209,5500190,0.0,1.0
2025-05-08 00:00:00+00:00,156.0,158.8,155.81,158.03,4824625,155.5542303392,158.3462293453,155.3647732638,157.5784296186,4824625,0.0,1.0
2025-05-09 00:00:00+00:00,155.61,158.0,154.65,156.93,3884590,155.1653447633,157.5485153435,154.2080879612,156.4815728662,3884590,0.0,1.0
2025-05-12 00:00:00+00:00,167.99,169.7999,165.65,166.44,11724095,167.5099689402,169.3146971549,165.1766554852,165.9643980619,11724095,0.0,1.0
2025-05-13 00:00:00+00:00,173.03,174.1799,168.47,168.87,8980217,172.5355671512,173.6821813144,167.9885973413,168.3874543422,8980217,0.0,1.0
2025-05-14 00:00:00+00:00,174.14,175.28,173.05,173.445,7069732,173.6423953286,174.7791377811,172.5555100012,172.9493812896,7069732,0.0,1.0
2025-05-15 00:00:00+00:00,174.75,176.38,171.2,171.75,12811605,174.2506522549,175.8759945335,170.7107963722,171.2592247484,12811605,0.0,1.0
2025-05-16 00:00:00+00:00,165.57,169.47,161.92,168.43,16540365,165.096884085,168.9857398435,161.457313952,167.9487116412,16540365,0.0,1.0
2025-05-19 00:00:00+00:00,165.94,166.0,162.37,162.54,7465699,165.4658268108,165.5256553609,161.906028078,162.0755423034,7465699,0.0,1.0
2025-05-20 00:00:00+00:00,165.73,165.94,164.23,165.05,5372424,165.2564268853,165.4658268108,163.7607131321,164.5783699838,5372424,0.0,1.0
2025-05-21 00:00:00+00:00,162.23,166.29,161.669,163.54,5658555,161.7664281277,165.8148266865,161.207031184,163.0726848056,5658555,0.0,1.0
2025-05-22 00:00:00+00:00,160.52,163.3,160.28,160.69,6355688,160.52,163.3,160.28,160.69,6355688,0.46,1.0
2025-05-23 00:00:00+00:00,157.51,158.41,155.66,156.635,5733447,157.51,158.41,155.66,156.635,5733447,0.0,1.0
2025-05-27 00:00:00+00:00,161.83,162.48,159.17,160.625,8470355,161.83,162.48,159.17,160.625,8470355,0.0,1.0
2025-05-28 00:00:00+00:00,161.59,163.6696,160.88,161.905,6727191,161.59,163.6696,160.88,161.905,6727191,0.0,1.0
2025-05-29 00:00:00+00:00,159.48,165.54,158.45,165.46,6846250,159.48,165.54,158.45,165.46,6846250,0.0,1.0
2025-05-30 00:00:00+00:00,156.75,159.23,153.47,159.04,15273621,156.75,159.23,153.47,159.04,15273621,0.0,1.0
2025-06-02 00:00:00+00:00,157.27,157.62,155.43,155.79,5875258,157.27,157.62,155.43,155.79,5875258,0.0,1.0
2025-06-03 00:00:00+00:00,161.74,161.95,156.36,156.93,6355432,161.74,161.95,156.36,156.93,6355432,0.0,1.0
2025-06-04 00:00:00+00:00,161.93,163.48,160.18,162.5,5990639,161.93,163.48,160.18,162.5,5990639,0.0,1.0
2025-06-05 00:00:00+00:00,164.19,165.62,161.0988,163.22,7393041,164.19,165.62,161.0988,163.22,7393041,0.0,1.0
2025-06-06 00:00:00+00:00,166.74,169.53,165.44,165.44,5717453,166.74,169.53,165.44,165.44,5717453,0.0,1.0
2025-06-09 00:00:00+00:00,169.79,171.82,167.81,167.81,6320019,169.79,171.82,167.81,167.81,6320019,0.0,1.0
2025-06-10 00:00:00+00:00,173.77,174.39,169.99,170.58,5711575,173.77,174.39,169.99,170.58,5711575,0.0,1.0
2025-06-11 00:00:00+00:00,172.79,175.79,170.33,174.24,6133201,172.79,175.79,170.33,174.24,6133201,0.0,1.0
2025-06-12 00:00:00+00:00,175.0,175.3599,172.28,172.49,4468520,175.0,175.3599,172.28,172.49,4468520,0.0,1.0
2025-06-13 00:00:00+00:00,170.59,173.575,170.39,171.055,5297102,170.59,173.575,170.39,171.055,5297102,0.0,1.0
2025-06-16 00:00:00+00:00,176.55,176.8799,172.7901,173.02,6712899,176.55,176.8799,172.7901,173.02,6712899,0.0,1.0
2025-06-17 00:00:00+00:00,174.09,178.32,174.06,176.28,6631417,174.09,178.32,174.06,176.28,6631417,0.0,1.0
2025-06-18 00:00:00+00:00,172.84,175.26,171.81,175.26,4946925,172.84,175.26,171.81,175.26,4946925,0.0,1.0
2025-06-20 00:00:00+00:00,169.46,175.37,165.91,174.465,18396639,169.46,175.37,165.91,174.465,18396639,0.0,1.0
2025-06-23 00:00:00+00:00,171.96,172.29,168.72,170.255,6838843,171.96,172.29,168.72,170.255,6838843,0.0,1.0
2025-06-24 00:00:00+00:00,180.18,180.52,174.995,175.07,7254464,180.18,180.52,174.995,175.07,7254464,0.0,1.0
2025-06-25 00:00:00+00:00,183.07,183.21,180.495,181.11,5431798,183.07,183.21,180.495,181.11,5431798,0.0,1.0
2025-06-26 00:00:00+00:00,183.52,184.5,182.06,183.19,5199682,183.52,184.5,182.06,183.19,5199682,0.0,1.0
2025-06-27 00:00:00+00:00,183.21,185.8,181.115,184.38,14202820,183.21,185.8,181.115,184.38,14202820,0.0,1.0
2025-06-30 00:00:00+00:00,183.07,184.77,182.53,183.8,4070695,183.07,184.77,182.53,183.8,4070695,0.0,1.0
2025-07-01 00:00:00+00:00,183.76,184.9344,180.9,182.44,6572259,183.76,184.9344,180.9,182.44,6572259,0.0,1.0
2025-07-02 00:00:00+00:00,190.01,190.91,181.63,182.63,8800624,190.01,190.91,181.63,182.63,8800624,0.0,1.0
2025-07-03 00:00:00+00:00,191.05,192.04,189.27,189.35,3568536,191.05,192.04,189.27,189.35,3568536,0.0,1.0
2025-07-07 00:00:00+00:00,190.78,191.65,188.61,189.04,6577422,190.78,191.65,188.61,189.04,6577422,0.0,1.0
2025-07-08 00:00:00+00:00,194.99,196.3,191.52,192.135,8097053,194.99,196.3,191.52,192.135,8097053,0.0,1.0
2025-07-09 00:00:00+00:00,195.39,197.96,194.235,195.8,6170835,195.39,197.96,194.235,195.8,6170835,0.0,1.0
2025-07-10 00:00:00+00:00,198.03,199.42,196.65,198.0,5230356,198.03,199.42,196.65,198.0,5230356,0.0,1.0
2025-07-11 00:00:00+00:00,197.93,198.78,196.15,196.85,4424409,197.93,198.78,196.15,196.85,4424409,0.0,1.0
2025-07-14 00:00:00+00:00,197.1,198.82,194.485,195.61,7263986,197.1,198.82,194.485,195.61,7263986,0.0,1.0
2025-07-15 00:00:00+00:00,199.29,201.11,198.495,200.075,6007129,199.29,201.11,198.495,200.075,6007129,0.0,1.0
2025-07-16 00:00:00+00:00,194.81,195.16,189.75,194.0,9400048,194.81,195.16,189.75,194.0,9400048,0.0,1.0
2025-07-17 00:00:00+00:00,192.52,194.0275,191.945,192.62,5704041,192.52,194.0275,191.945,192.62,5704041,0.0,1.0
2025-07-18 00:00:00+00:00,190.44,193.57,190.14,193.06,4757107,190.44,193.57,190.14,193.06,4757107,0.0,1.0
2025-07-21 00:00:00+00:00,192.61,194.4,190.7767,190.79,5061514,192.61,194.4,190.7767,190.79,5061514,0.0,1.0
2025-07-22 00:00:00+00:00,187.14,192.5,185.13,192.27,7074450,187.14,192.5,185.13,192.27,7074450,0.0,1.0
2025-07-23 00:00:00+00:00,187.01,189.4,186.14,187.68,5419786,187.01,189.4,186.14,187.68,5419786,0.0,1.0
2025-07-24 00:00:00+00:00,188.12,190.0446,187.07,188.16,4819916,188.12,190.0446,187.07,188.16,4819916,0.0,1.0
2025-07-25 00:00:00+00:00,185.69,186.515,184.1001,185.81,6608688,185.69,186.515,184.1001,185.81,6608688,0.0,1.0
2025-07-28 00:00:00+00:00,190.27,190.5,188.625,189.01,4912986,190.27,190.5,188.625,189.01,4912986,0.0,1.0
2025-07-29 00:00:00+00:00,188.41,192.448,187.9476,191.62,4605413,188.41,192.448,187.9476,191.62,4605413,0.0,1.0
2025-07-30 00:00:00+00:00,189.39,190.87,187.735,189.73,4018496,189.39,190.87,187.735,189.73,4018496,0.0,1.0
2025-07-31 00:00:00+00:00,180.06,181.47,174.51,177.875,11375445,180.06,181.47,174.51,177.875,11375445,0.0,1.0
2025-08-01 00:00:00+00:00,179.99,181.63,176.25,176.6,8393193,179.99,181.63,176.25,176.6,8393193,0.0,1.0
2025-08-04 00:00:00+00:00,182.82,183.0,180.5,182.0,4189343,182.82,183.0,180.5,182.0,4189343,0.0,1.0
2025-08-05 00:00:00+00:00,179.15,183.26,177.4,182.67,5291996,179.15,183.26,177.4,182.67,5291996,0.0,1.0
2025-08-06 00:00:00+00:00,178.14,179.235,175.48,178.88,5857823,178.14,179.235,175.48,178.88,5857823,0.0,1.0
2025-08-07 00:00:00+00:00,183.15,186.8,181.86,184.345,6616587,183.15,186.8,181.86,184.345,6616587,0.0,1.0
2025-08-08 00:00:00+00:00,184.87,185.38,182.62,183.15,4338737,184.87,185.38,182.62,183.15,4338737,0.0,1.0
