date,close,high,low,open,volume,adjClose,adjHigh,adjLow,adjOpen,adjVolume,divCash,splitFactor
2018-01-02 00:00:00+00:00,10.98,11.02,10.34,10.42,43479727,10.98,11.02,10.34,10.42,43479727,0.0,1.0
2018-01-03 00:00:00+00:00,11.55,12.14,11.36,11.61,150097565,11.55,12.14,11.36,11.61,150097565,0.0,1.0
2018-01-04 00:00:00+00:00,12.12,12.43,11.97,12.1,108512405,12.12,12.43,11.97,12.1,108512405,0.0,1.0
2018-01-05 00:00:00+00:00,11.88,12.22,11.66,12.19,63187983,11.88,12.22,11.66,12.19,63187983,0.0,1.0
2018-01-08 00:00:00+00:00,12.28,12.3,11.85,12.01,62896703,12.28,12.3,11.85,12.01,62896703,0.0,1.0
2018-01-09 00:00:00+00:00,11.82,12.02,11.71,12.0,62071489,11.82,12.02,11.71,12.0,62071489,0.0,1.0
2018-01-10 00:00:00+00:00,11.96,12.15,11.56,11.63,51025659,11.96,12.15,11.56,11.63,51025659,0.0,1.0
2018-01-11 00:00:00+00:00,12.14,12.19,11.9,12.07,33904455,12.14,12.19,11.9,12.07,33904455,0.0,1.0
2018-01-12 00:00:00+00:00,12.02,12.07,11.8,11.82,46862584,12.02,12.07,11.8,11.82,46862584,0.0,1.0
2018-01-16 00:00:00+00:00,11.91,12.2,11.8,12.05,41596214,11.91,12.2,11.8,12.05,41596214,0.0,1.0
2018-01-17 00:00:00+00:00,12.18,12.19,11.82,11.9,38563690,12.18,12.19,11.82,11.9,38563690,0.0,1.0
2018-01-18 00:00:00+00:00,12.47,12.68,12.15,12.18,61621147,12.47,12.68,12.15,12.18,61621147,0.0,1.0
2018-01-19 00:00:00+00:00,12.59,12.88,12.54,12.56,45638452,12.59,12.88,12.54,12.56,45638452,0.0,1.0
2018-01-22 00:00:00+00:00,12.65,12.74,12.37,12.61,34419605,12.65,12.74,12.37,12.61,34419605,0.0,1.0
2018-01-23 00:00:00+00:00,12.94,13.0,12.76,12.82,46005571,12.94,13.0,12.76,12.82,46005571,0.0,1.0
2018-01-24 00:00:00+00:00,12.71,13.05,12.6,13.02,41540864,12.71,13.05,12.6,13.02,41540864,0.0,1.0
2018-01-25 00:00:00+00:00,12.41,12.94,12.32,12.78,41679690,12.41,12.94,12.32,12.78,41679690,0.0,1.0
2018-01-26 00:00:00+00:00,12.95,12.95,12.62,12.7,43419449,12.95,12.95,12.62,12.7,43419449,0.0,1.0
2018-01-29 00:00:00+00:00,13.32,13.47,13.05,13.13,65821254,13.32,13.47,13.05,13.13,65821254,0.0,1.0
2018-01-30 00:00:00+00:00,12.87,13.27,12.69,13.12,65116734,12.87,13.27,12.69,13.12,65116734,0.0,1.0
2018-01-31 00:00:00+00:00,13.74,13.85,13.15,13.24,139842965,13.74,13.85,13.15,13.24,139842965,0.0,1.0
2018-02-01 00:00:00+00:00,13.25,13.84,13.21,13.62,66528817,13.25,13.84,13.21,13.62,66528817,0.0,1.0
2018-02-02 00:00:00+00:00,12.45,13.06,12.43,13.05,76774701,12.45,13.06,12.43,13.05,76774701,0.0,1.0
2018-02-05 00:00:00+00:00,11.57,12.18,10.93,12.05,110561931,11.57,12.18,10.93,12.05,110561931,0.0,1.0
2018-02-06 00:00:00+00:00,11.65,11.74,11.0,11.04,85817061,11.65,11.74,11.0,11.04,85817061,0.0,1.0
2018-02-07 00:00:00+00:00,11.6,11.9,11.53,11.7,55325484,11.6,11.9,11.53,11.7,55325484,0.0,1.0
2018-02-08 00:00:00+00:00,11.22,11.85,11.21,11.72,54139669,11.22,11.85,11.21,11.72,54139669,0.0,1.0
2018-02-09 00:00:00+00:00,11.31,11.57,10.63,11.54,83500016,11.31,11.57,10.63,11.54,83500016,0.0,1.0
2018-02-12 00:00:00+00:00,11.68,11.8,11.43,11.47,62695580,11.68,11.8,11.43,11.47,62695580,0.0,1.0
2018-02-13 00:00:00+00:00,11.78,11.82,11.53,11.6,32126468,11.78,11.82,11.53,11.6,32126468,0.0,1.0
2018-02-14 00:00:00+00:00,12.2,12.31,11.63,11.72,51529646,12.2,12.31,11.63,11.72,51529646,0.0,1.0
2018-02-15 00:00:00+00:00,12.19,12.63,12.07,12.4,57497914,12.19,12.63,12.07,12.4,57497914,0.0,1.0
2018-02-16 00:00:00+00:00,11.82,12.23,11.82,12.11,45980623,11.82,12.23,11.82,12.11,45980623,0.0,1.0
2018-02-20 00:00:00+00:00,12.02,12.19,11.71,11.72,46430056,12.02,12.19,11.71,11.72,46430056,0.0,1.0
2018-02-21 00:00:00+00:00,11.72,12.12,11.72,12.12,39840153,11.72,12.12,11.72,12.12,39840153,0.0,1.0
2018-02-22 00:00:00+00:00,11.84,12.0,11.63,11.82,37579666,11.84,12.0,11.63,11.82,37579666,0.0,1.0
2018-02-23 00:00:00+00:00,12.07,12.16,11.94,11.95,32964802,12.07,12.16,11.94,11.95,32964802,0.0,1.0
2018-02-26 00:00:00+00:00,12.42,12.43,12.05,12.14,41830973,12.42,12.43,12.05,12.14,41830973,0.0,1.0
2018-02-27 00:00:00+00:00,12.53,12.88,12.39,12.43,55068108,12.53,12.88,12.39,12.43,55068108,0.0,1.0
2018-02-28 00:00:00+00:00,12.11,12.73,12.1,12.66,43024362,12.11,12.73,12.1,12.66,43024362,0.0,1.0
2018-03-01 00:00:00+00:00,11.9,12.27,11.66,12.26,63207377,11.9,12.27,11.66,12.26,63207377,0.0,1.0
2018-03-02 00:00:00+00:00,11.81,11.93,11.43,11.67,58123518,11.81,11.93,11.43,11.67,58123518,0.0,1.0
2018-03-05 00:00:00+00:00,11.91,12.06,11.61,11.69,43734836,11.91,12.06,11.61,11.69,43734836,0.0,1.0
2018-03-06 00:00:00+00:00,11.76,12.05,11.71,12.01,46751179,11.76,12.05,11.71,12.01,46751179,0.0,1.0
2018-03-07 00:00:00+00:00,12.24,12.82,11.55,11.58,127603194,12.24,12.82,11.55,11.58,127603194,0.0,1.0
2018-03-08 00:00:00+00:00,11.97,12.59,11.74,12.4,75412079,11.97,12.59,11.74,12.4,75412079,0.0,1.0
2018-03-09 00:00:00+00:00,11.7,12.04,11.58,12.03,88671179,11.7,12.04,11.58,12.03,88671179,0.0,1.0
2018-03-12 00:00:00+00:00,11.52,11.82,11.48,11.76,83266830,11.52,11.82,11.48,11.76,83266830,0.0,1.0
2018-03-13 00:00:00+00:00,11.64,12.04,11.1,11.5,173734863,11.64,12.04,11.1,11.5,173734863,0.0,1.0
2018-03-14 00:00:00+00:00,11.36,11.72,11.26,11.7,79249146,11.36,11.72,11.26,11.7,79249146,0.0,1.0
2018-03-15 00:00:00+00:00,11.46,11.55,11.19,11.43,62979274,11.46,11.55,11.19,11.43,62979274,0.0,1.0
2018-03-16 00:00:00+00:00,11.47,11.55,11.32,11.49,36335291,11.47,11.55,11.32,11.49,36335291,0.0,1.0
2018-03-19 00:00:00+00:00,11.43,11.74,11.35,11.41,53034019,11.43,11.74,11.35,11.41,53034019,0.0,1.0
2018-03-20 00:00:00+00:00,11.11,11.52,11.0,11.41,64277926,11.11,11.52,11.0,11.41,64277926,0.0,1.0
2018-03-21 00:00:00+00:00,11.26,11.34,11.11,11.16,44453537,11.26,11.34,11.11,11.16,44453537,0.0,1.0
2018-03-22 00:00:00+00:00,10.91,11.26,10.85,11.1,59569610,10.91,11.26,10.85,11.1,59569610,0.0,1.0
2018-03-23 00:00:00+00:00,10.63,10.97,10.57,10.91,54661263,10.63,10.97,10.57,10.91,54661263,0.0,1.0
2018-03-26 00:00:00+00:00,10.44,10.8,10.18,10.71,75239343,10.44,10.8,10.18,10.71,75239343,0.0,1.0
2018-03-27 00:00:00+00:00,10.0,10.59,9.9,10.51,68157322,10.0,10.59,9.9,10.51,68157322,0.0,1.0
2018-03-28 00:00:00+00:00,9.81,10.17,9.79,9.99,64832148,9.81,10.17,9.79,9.99,64832148,0.0,1.0
2018-03-29 00:00:00+00:00,10.05,10.08,9.81,9.94,48681415,10.05,10.08,9.81,9.94,48681415,0.0,1.0
2018-04-02 00:00:00+00:00,9.53,10.14,9.51,9.99,64824596,9.53,10.14,9.51,9.99,64824596,0.0,1.0
2018-04-03 00:00:00+00:00,9.55,9.77,9.3,9.63,54891576,9.55,9.77,9.3,9.63,54891576,0.0,1.0
2018-04-04 00:00:00+00:00,9.77,9.81,9.04,9.08,67356888,9.77,9.81,9.04,9.08,67356888,0.0,1.0
2018-04-05 00:00:00+00:00,10.02,10.2,9.91,10.05,65758791,10.02,10.2,9.91,10.05,65758791,0.0,1.0
2018-04-06 00:00:00+00:00,9.61,10.1,9.5,9.83,51087146,9.61,10.1,9.5,9.83,51087146,0.0,1.0
2018-04-09 00:00:00+00:00,9.53,9.84,9.52,9.75,38382608,9.53,9.84,9.52,9.75,38382608,0.0,1.0
2018-04-10 00:00:00+00:00,9.98,10.04,9.71,9.75,43036502,9.98,10.04,9.71,9.75,43036502,0.0,1.0
2018-04-11 00:00:00+00:00,9.82,10.03,9.79,9.87,29169324,9.82,10.03,9.79,9.87,29169324,0.0,1.0
2018-04-12 00:00:00+00:00,10.08,10.1,9.82,9.98,47784419,10.08,10.1,9.82,9.98,47784419,0.0,1.0
2018-04-13 00:00:00+00:00,9.93,10.22,9.88,10.2,38935658,9.93,10.22,9.88,10.2,38935658,0.0,1.0
2018-04-16 00:00:00+00:00,10.09,10.17,9.9,10.0,28875069,10.09,10.17,9.9,10.0,28875069,0.0,1.0
2018-04-17 00:00:00+00:00,10.52,10.53,10.2,10.28,45360314,10.52,10.53,10.2,10.28,45360314,0.0,1.0
2018-04-18 00:00:00+00:00,10.36,10.65,10.33,10.51,42449590,10.36,10.65,10.33,10.51,42449590,0.0,1.0
2018-04-19 00:00:00+00:00,10.11,10.33,9.99,10.18,57841640,10.11,10.33,9.99,10.18,57841640,0.0,1.0
2018-04-20 00:00:00+00:00,9.99,10.14,9.95,10.05,39011902,9.99,10.14,9.95,10.05,39011902,0.0,1.0
2018-04-23 00:00:00+00:00,10.04,10.19,9.97,10.09,42971272,10.04,10.19,9.97,10.09,42971272,0.0,1.0
2018-04-24 00:00:00+00:00,10.09,10.35,9.95,10.19,44992223,10.09,10.35,9.95,10.19,44992223,0.0,1.0
2018-04-25 00:00:00+00:00,9.71,10.09,9.56,10.06,90577981,9.71,10.09,9.56,10.06,90577981,0.0,1.0
2018-04-26 00:00:00+00:00,11.04,11.19,10.61,10.87,145284090,11.04,11.19,10.61,10.87,145284090,0.0,1.0
2018-04-27 00:00:00+00:00,11.11,11.36,11.02,11.2,74347782,11.11,11.36,11.02,11.2,74347782,0.0,1.0
2018-04-30 00:00:00+00:00,10.88,11.14,10.87,11.06,50608764,10.88,11.14,10.87,11.06,50608764,0.0,1.0
2018-05-01 00:00:00+00:00,11.13,11.15,10.77,10.83,43441602,11.13,11.15,10.77,10.83,43441602,0.0,1.0
2018-05-02 00:00:00+00:00,10.97,11.16,10.97,11.1,29267302,10.97,11.16,10.97,11.1,29267302,0.0,1.0
2018-05-03 00:00:00+00:00,10.93,11.06,10.83,10.9,33310596,10.93,11.06,10.83,10.9,33310596,0.0,1.0
2018-05-04 00:00:00+00:00,11.28,11.29,10.87,10.88,47884940,11.28,11.29,10.87,10.88,47884940,0.0,1.0
2018-05-07 00:00:00+00:00,11.59,11.68,11.3,11.32,54001692,11.59,11.68,11.3,11.32,54001692,0.0,1.0
2018-05-08 00:00:00+00:00,11.61,11.66,11.4,11.49,35218414,11.61,11.66,11.4,11.49,35218414,0.0,1.0
2018-05-09 00:00:00+00:00,11.95,11.98,11.57,11.65,49605743,11.95,11.98,11.57,11.65,49605743,0.0,1.0
2018-05-10 00:00:00+00:00,12.13,12.18,11.95,11.98,49744484,12.13,12.18,11.95,11.98,49744484,0.0,1.0
2018-05-11 00:00:00+00:00,11.95,12.03,11.69,11.89,43863746,11.95,12.03,11.69,11.89,43863746,0.0,1.0
2018-05-14 00:00:00+00:00,12.23,12.36,12.11,12.14,50263792,12.23,12.36,12.11,12.14,50263792,0.0,1.0
2018-05-15 00:00:00+00:00,12.45,12.46,12.16,12.18,44183179,12.45,12.46,12.16,12.18,44183179,0.0,1.0
2018-05-16 00:00:00+00:00,12.82,12.98,12.62,12.64,73363996,12.82,12.98,12.62,12.64,73363996,0.0,1.0
2018-05-17 00:00:00+00:00,12.82,12.9,12.66,12.79,38692510,12.82,12.9,12.66,12.79,38692510,0.0,1.0
2018-05-18 00:00:00+00:00,13.0,13.26,12.91,13.06,54063411,13.0,13.26,12.91,13.06,54063411,0.0,1.0
2018-05-21 00:00:00+00:00,12.99,13.31,12.88,13.25,49714221,12.99,13.31,12.88,13.25,49714221,0.0,1.0
2018-05-22 00:00:00+00:00,12.98,13.14,12.71,13.0,43267033,12.98,13.14,12.71,13.0,43267033,0.0,1.0
2018-05-23 00:00:00+00:00,13.1,13.18,12.9,12.93,44517762,13.1,13.18,12.9,12.93,44517762,0.0,1.0
2018-05-24 00:00:00+00:00,13.41,13.43,13.03,13.06,47785726,13.41,13.43,13.03,13.06,47785726,0.0,1.0
2018-05-25 00:00:00+00:00,13.54,13.72,13.36,13.4,43850067,13.54,13.72,13.36,13.4,43850067,0.0,1.0
2018-05-29 00:00:00+00:00,13.36,13.63,13.26,13.45,39578498,13.36,13.63,13.26,13.45,39578498,0.0,1.0
2018-05-30 00:00:00+00:00,13.82,13.95,13.48,13.48,58186435,13.82,13.95,13.48,13.48,58186435,0.0,1.0
2018-05-31 00:00:00+00:00,13.73,13.93,13.69,13.74,46797677,13.73,13.93,13.69,13.74,46797677,0.0,1.0
2018-06-01 00:00:00+00:00,14.4,14.4,13.92,13.98,71677869,14.4,14.4,13.92,13.98,71677869,0.0,1.0
2018-06-04 00:00:00+00:00,14.85,14.98,14.52,14.76,74545986,14.85,14.98,14.52,14.76,74545986,0.0,1.0
2018-06-05 00:00:00+00:00,14.85,14.92,14.63,14.85,56122654,14.85,14.92,14.63,14.85,56122654,0.0,1.0
2018-06-06 00:00:00+00:00,15.67,15.74,15.04,15.07,97089040,15.67,15.74,15.04,15.07,97089040,0.0,1.0
2018-06-07 00:00:00+00:00,14.89,15.97,14.85,15.83,99860297,14.89,15.97,14.85,15.83,99860297,0.0,1.0
2018-06-08 00:00:00+00:00,15.25,15.33,14.31,14.52,81930486,15.25,15.33,14.31,14.52,81930486,0.0,1.0
2018-06-11 00:00:00+00:00,15.73,15.89,15.01,15.21,80737640,15.73,15.89,15.01,15.21,80737640,0.0,1.0
2018-06-12 00:00:00+00:00,15.85,15.95,15.43,15.84,67002592,15.85,15.95,15.43,15.84,67002592,0.0,1.0
2018-06-13 00:00:00+00:00,16.32,16.52,15.78,15.81,90227322,16.32,16.52,15.78,15.81,90227322,0.0,1.0
2018-06-14 00:00:00+00:00,16.25,16.79,15.58,16.62,113048551,16.25,16.79,15.58,16.62,113048551,0.0,1.0
2018-06-15 00:00:00+00:00,16.34,16.52,15.82,16.06,77612174,16.34,16.52,15.82,16.06,77612174,0.0,1.0
2018-06-18 00:00:00+00:00,17.11,17.34,16.13,16.18,104317396,17.11,17.34,16.13,16.18,104317396,0.0,1.0
2018-06-19 00:00:00+00:00,16.69,17.29,16.31,16.85,92542859,16.69,17.29,16.31,16.85,92542859,0.0,1.0
2018-06-20 00:00:00+00:00,16.52,17.13,16.37,16.83,76280646,16.52,17.13,16.37,16.83,76280646,0.0,1.0
2018-06-21 00:00:00+00:00,15.65,16.87,15.46,16.65,95638369,15.65,16.87,15.46,16.65,95638369,0.0,1.0
2018-06-22 00:00:00+00:00,15.8,15.91,15.56,15.78,59257099,15.8,15.91,15.56,15.78,59257099,0.0,1.0
2018-06-25 00:00:00+00:00,15.11,15.74,14.54,15.64,94418420,15.11,15.74,14.54,15.64,94418420,0.0,1.0
2018-06-26 00:00:00+00:00,15.5,15.6,15.1,15.32,54213466,15.5,15.6,15.1,15.32,54213466,0.0,1.0
2018-06-27 00:00:00+00:00,14.97,15.76,14.96,15.65,56014335,14.97,15.76,14.96,15.65,56014335,0.0,1.0
2018-06-28 00:00:00+00:00,15.31,15.36,14.75,14.85,48716794,15.31,15.36,14.75,14.85,48716794,0.0,1.0
2018-06-29 00:00:00+00:00,14.99,15.49,14.98,15.41,41527791,14.99,15.49,14.98,15.41,41527791,0.0,1.0
2018-07-02 00:00:00+00:00,15.16,15.18,14.74,14.8,43398768,15.16,15.18,14.74,14.8,43398768,0.0,1.0
2018-07-03 00:00:00+00:00,15.0,15.34,14.96,15.21,32094031,15.0,15.34,14.96,15.21,32094031,0.0,1.0
2018-07-05 00:00:00+00:00,15.5,15.5,15.02,15.13,40703271,15.5,15.5,15.02,15.13,40703271,0.0,1.0
2018-07-06 00:00:00+00:00,16.36,16.39,15.48,15.52,65101672,16.36,16.39,15.48,15.52,65101672,0.0,1.0
2018-07-09 00:00:00+00:00,16.61,16.84,16.17,16.73,58525542,16.61,16.84,16.17,16.73,58525542,0.0,1.0
2018-07-10 00:00:00+00:00,16.55,16.65,16.31,16.59,37092975,16.55,16.65,16.31,16.59,37092975,0.0,1.0
2018-07-11 00:00:00+00:00,16.27,16.53,16.02,16.15,42544103,16.27,16.53,16.02,16.15,42544103,0.0,1.0
2018-07-12 00:00:00+00:00,16.56,16.79,16.38,16.41,44188137,16.56,16.79,16.38,16.41,44188137,0.0,1.0
2018-07-13 00:00:00+00:00,16.27,16.69,16.22,16.68,40698475,16.27,16.69,16.22,16.68,40698475,0.0,1.0
2018-07-16 00:00:00+00:00,16.58,17.0,16.41,16.42,65275291,16.58,17.0,16.41,16.42,65275291,0.0,1.0
2018-07-17 00:00:00+00:00,16.87,16.88,16.48,16.5,42313518,16.87,16.88,16.48,16.5,42313518,0.0,1.0
2018-07-18 00:00:00+00:00,16.85,16.99,16.55,16.94,40881493,16.85,16.99,16.55,16.94,40881493,0.0,1.0
2018-07-19 00:00:00+00:00,16.71,16.88,16.55,16.71,41267829,16.71,16.88,16.55,16.71,41267829,0.0,1.0
2018-07-20 00:00:00+00:00,16.5,16.88,16.44,16.66,42906009,16.5,16.88,16.44,16.66,42906009,0.0,1.0
2018-07-23 00:00:00+00:00,16.66,16.68,15.9,16.47,44940819,16.66,16.68,15.9,16.47,44940819,0.0,1.0
2018-07-24 00:00:00+00:00,16.19,16.86,16.11,16.75,58201458,16.19,16.86,16.11,16.75,58201458,0.0,1.0
2018-07-25 00:00:00+00:00,16.05,16.39,15.72,16.3,83639684,16.05,16.39,15.72,16.3,83639684,0.0,1.0
2018-07-26 00:00:00+00:00,18.35,18.45,16.83,17.16,192661124,18.35,18.45,16.83,17.16,192661124,0.0,1.0
2018-07-27 00:00:00+00:00,18.94,19.88,18.31,19.07,161903789,18.94,19.88,18.31,19.07,161903789,0.0,1.0
2018-07-30 00:00:00+00:00,19.42,20.18,19.31,19.4,160823407,19.42,20.18,19.31,19.4,160823407,0.0,1.0
2018-07-31 00:00:00+00:00,18.33,19.5,18.27,19.35,118403405,18.33,19.5,18.27,19.35,118403405,0.0,1.0
2018-08-01 00:00:00+00:00,18.48,18.95,18.32,18.34,75495240,18.48,18.95,18.32,18.34,75495240,0.0,1.0
2018-08-02 00:00:00+00:00,18.79,18.83,18.0,18.17,52867121,18.79,18.83,18.0,18.17,52867121,0.0,1.0
2018-08-03 00:00:00+00:00,18.49,19.06,18.37,18.94,53232065,18.49,19.06,18.37,18.94,53232065,0.0,1.0
2018-08-06 00:00:00+00:00,19.43,19.44,18.46,18.89,83579668,19.43,19.44,18.46,18.89,83579668,0.0,1.0
2018-08-07 00:00:00+00:00,19.56,19.71,19.08,19.53,72822590,19.56,19.71,19.08,19.53,72822590,0.0,1.0
2018-08-08 00:00:00+00:00,19.58,19.77,19.26,19.46,52081364,19.58,19.77,19.26,19.46,52081364,0.0,1.0
2018-08-09 00:00:00+00:00,19.1,19.71,19.08,19.58,46653358,19.1,19.71,19.08,19.58,46653358,0.0,1.0
2018-08-10 00:00:00+00:00,19.06,19.48,18.85,19.09,65821056,19.06,19.48,18.85,19.09,65821056,0.0,1.0
2018-08-13 00:00:00+00:00,19.73,19.93,19.12,19.16,81411331,19.73,19.93,19.12,19.16,81411331,0.0,1.0
2018-08-14 00:00:00+00:00,20.02,20.28,19.63,19.97,89195509,20.02,20.28,19.63,19.97,89195509,0.0,1.0
2018-08-15 00:00:00+00:00,19.7,20.1,19.2,19.86,86355654,19.7,20.1,19.2,19.86,86355654,0.0,1.0
2018-08-16 00:00:00+00:00,19.33,20.07,19.25,19.86,69733708,19.33,20.07,19.25,19.86,69733708,0.0,1.0
2018-08-17 00:00:00+00:00,19.77,19.82,18.73,19.12,60616638,19.77,19.82,18.73,19.12,60616638,0.0,1.0
2018-08-20 00:00:00+00:00,19.98,20.08,19.35,19.79,62983236,19.98,20.08,19.35,19.79,62983236,0.0,1.0
2018-08-21 00:00:00+00:00,20.4,20.42,19.86,19.98,55628983,20.4,20.42,19.86,19.98,55628983,0.0,1.0
2018-08-22 00:00:00+00:00,20.9,20.92,20.21,20.28,62002721,20.9,20.92,20.21,20.28,62002721,0.0,1.0
2018-08-23 00:00:00+00:00,22.29,22.32,21.14,21.19,113444117,22.29,22.32,21.14,21.19,113444117,0.0,1.0
2018-08-24 00:00:00+00:00,23.98,24.0,22.67,22.91,164328182,23.98,24.0,22.67,22.91,164328182,0.0,1.0
2018-08-27 00:00:00+00:00,25.26,27.3,24.63,24.94,325058400,25.26,27.3,24.63,24.94,325058400,0.0,1.0
2018-08-28 00:00:00+00:00,25.05,26.18,24.04,25.51,215771220,25.05,26.18,24.04,25.51,215771220,0.0,1.0
2018-08-29 00:00:00+00:00,25.2,25.41,24.01,24.36,143223187,25.2,25.41,24.01,24.36,143223187,0.0,1.0
2018-08-30 00:00:00+00:00,24.89,25.67,24.76,25.29,103607291,24.89,25.67,24.76,25.29,103607291,0.0,1.0
2018-08-31 00:00:00+00:00,25.17,25.24,24.72,24.89,65206352,25.17,25.24,24.72,24.89,65206352,0.0,1.0
2018-09-04 00:00:00+00:00,28.06,28.11,25.57,25.62,192541253,28.06,28.11,25.57,25.62,192541253,0.0,1.0
2018-09-05 00:00:00+00:00,28.51,29.94,26.84,29.41,257349007,28.51,29.94,26.84,29.41,257349007,0.0,1.0
2018-09-06 00:00:00+00:00,27.84,28.58,27.19,28.12,143942935,27.84,28.58,27.19,28.12,143942935,0.0,1.0
2018-09-07 00:00:00+00:00,27.38,28.27,26.8,26.96,123348744,27.38,28.27,26.8,26.96,123348744,0.0,1.0
2018-09-10 00:00:00+00:00,29.89,29.93,27.84,28.15,162253798,29.89,29.93,27.84,28.15,162253798,0.0,1.0
2018-09-11 00:00:00+00:00,30.1,30.59,29.37,30.02,159902483,30.1,30.59,29.37,30.02,159902483,0.0,1.0
2018-09-12 00:00:00+00:00,32.21,32.29,29.45,29.91,197889598,32.21,32.29,29.45,29.91,197889598,0.0,1.0
2018-09-13 00:00:00+00:00,30.48,34.14,29.87,33.16,304147108,30.48,34.14,29.87,33.16,304147108,0.0,1.0
2018-09-14 00:00:00+00:00,32.72,33.09,30.54,31.43,217762820,32.72,33.09,30.54,31.43,217762820,0.0,1.0
2018-09-17 00:00:00+00:00,32.43,33.23,31.6,31.75,180410560,32.43,33.23,31.6,31.75,180410560,0.0,1.0
2018-09-18 00:00:00+00:00,31.93,33.37,31.2,32.99,176673169,31.93,33.37,31.2,32.99,176673169,0.0,1.0
2018-09-19 00:00:00+00:00,31.21,31.83,30.51,31.52,124287022,31.21,31.83,30.51,31.52,124287022,0.0,1.0
2018-09-20 00:00:00+00:00,31.18,32.2,30.64,32.1,123116549,31.18,32.2,30.64,32.1,123116549,0.0,1.0
2018-09-21 00:00:00+00:00,31.02,32.42,30.91,31.19,129792949,31.02,32.42,30.91,31.19,129792949,0.0,1.0
2018-09-24 00:00:00+00:00,32.61,32.65,30.91,31.13,118332614,32.61,32.65,30.91,31.13,118332614,0.0,1.0
2018-09-25 00:00:00+00:00,32.57,33.6,32.19,33.18,118570163,32.57,33.6,32.19,33.18,118570163,0.0,1.0
2018-09-26 00:00:00+00:00,32.19,32.6,31.72,32.4,79347320,32.19,32.6,31.72,32.4,79347320,0.0,1.0
2018-09-27 00:00:00+00:00,32.59,32.63,31.39,31.86,87934428,32.59,32.63,31.39,31.86,87934428,0.0,1.0
2018-09-28 00:00:00+00:00,30.89,32.78,29.98,32.24,165453485,30.89,32.78,29.98,32.24,165453485,0.0,1.0
2018-10-01 00:00:00+00:00,31.42,31.91,30.25,30.69,94742859,31.42,31.91,30.25,30.69,94742859,0.0,1.0
2018-10-02 00:00:00+00:00,29.02,30.82,28.65,30.73,145276455,29.02,30.82,28.65,30.73,145276455,0.0,1.0
2018-10-03 00:00:00+00:00,28.43,29.22,26.54,29.04,190137198,28.43,29.22,26.54,29.04,190137198,0.0,1.0
2018-10-04 00:00:00+00:00,27.78,28.83,27.37,27.99,95831156,27.78,28.83,27.37,27.99,95831156,0.0,1.0
2018-10-05 00:00:00+00:00,27.35,28.47,26.93,28.07,88008487,27.35,28.47,26.93,28.07,88008487,0.0,1.0
2018-10-08 00:00:00+00:00,26.46,27.54,25.96,26.73,103789499,26.46,27.54,25.96,26.73,103789499,0.0,1.0
2018-10-09 00:00:00+00:00,27.24,27.71,26.0,26.15,105461756,27.24,27.71,26.0,26.15,105461756,0.0,1.0
2018-10-10 00:00:00+00:00,25.0,27.4,24.91,27.38,147682923,25.0,27.4,24.91,27.38,147682923,0.0,1.0
2018-10-11 00:00:00+00:00,25.3,26.2,24.55,24.74,147013774,25.3,26.2,24.55,24.74,147013774,0.0,1.0
2018-10-12 00:00:00+00:00,26.34,26.97,25.67,26.77,111059406,26.34,26.97,25.67,26.77,111059406,0.0,1.0
2018-10-15 00:00:00+00:00,26.26,26.77,25.75,26.38,70523486,26.26,26.77,25.75,26.38,70523486,0.0,1.0
2018-10-16 00:00:00+00:00,28.18,28.23,26.17,26.63,92528973,28.18,28.23,26.17,26.63,92528973,0.0,1.0
2018-10-17 00:00:00+00:00,27.3,28.53,26.92,28.41,89466946,27.3,28.53,26.92,28.41,89466946,0.0,1.0
2018-10-18 00:00:00+00:00,26.62,27.75,26.4,27.08,79623723,26.62,27.75,26.4,27.08,79623723,0.0,1.0
2018-10-19 00:00:00+00:00,23.66,27.1,23.6,27.03,130799866,23.66,27.1,23.6,27.03,130799866,0.0,1.0
2018-10-22 00:00:00+00:00,25.03,25.64,24.09,24.46,114158919,25.03,25.64,24.09,24.46,114158919,0.0,1.0
2018-10-23 00:00:00+00:00,25.09,25.26,23.85,24.18,101763018,25.09,25.26,23.85,24.18,101763018,0.0,1.0
2018-10-24 00:00:00+00:00,22.79,25.1,22.75,25.04,134489106,22.79,25.1,22.75,25.04,134489106,0.0,1.0
2018-10-25 00:00:00+00:00,19.27,20.15,17.72,17.92,189173672,19.27,20.15,17.72,17.92,189173672,0.0,1.0
2018-10-26 00:00:00+00:00,17.63,18.78,17.05,18.49,119688961,17.63,18.78,17.05,18.49,119688961,0.0,1.0
2018-10-29 00:00:00+00:00,16.85,18.23,16.27,18.21,94479590,16.85,18.23,16.27,18.21,94479590,0.0,1.0
2018-10-30 00:00:00+00:00,17.2,17.24,16.17,16.38,99049408,17.2,17.24,16.17,16.38,99049408,0.0,1.0
2018-10-31 00:00:00+00:00,18.21,18.34,17.12,17.87,110463663,18.21,18.34,17.12,17.87,110463663,0.0,1.0
2018-11-01 00:00:00+00:00,20.22,20.33,18.08,18.41,136896463,20.22,20.33,18.08,18.41,136896463,0.0,1.0
2018-11-02 00:00:00+00:00,20.23,21.06,19.47,20.59,123787953,20.23,21.06,19.47,20.59,123787953,0.0,1.0
2018-11-05 00:00:00+00:00,19.9,20.18,18.88,20.12,108016703,19.9,20.18,18.88,20.12,108016703,0.0,1.0
2018-11-06 00:00:00+00:00,20.68,21.65,19.48,19.5,144995728,20.68,21.65,19.48,19.5,144995728,0.0,1.0
2018-11-07 00:00:00+00:00,21.84,22.22,21.07,21.42,121115776,21.84,22.22,21.07,21.42,121115776,0.0,1.0
2018-11-08 00:00:00+00:00,21.2,22.08,20.97,21.77,92387565,21.2,22.08,20.97,21.77,92387565,0.0,1.0
2018-11-09 00:00:00+00:00,21.03,21.19,20.11,20.77,85900699,21.03,21.19,20.11,20.77,85900699,0.0,1.0
2018-11-12 00:00:00+00:00,19.03,20.85,18.8,20.68,95948176,19.03,20.85,18.8,20.68,95948176,0.0,1.0
2018-11-13 00:00:00+00:00,19.61,20.02,18.97,19.28,76125994,19.61,20.02,18.97,19.28,76125994,0.0,1.0
2018-11-14 00:00:00+00:00,20.81,21.11,19.76,20.18,106344252,20.81,21.11,19.76,20.18,106344252,0.0,1.0
2018-11-15 00:00:00+00:00,21.49,21.77,20.42,20.72,97715488,21.49,21.77,20.42,20.72,97715488,0.0,1.0
2018-11-16 00:00:00+00:00,20.66,20.97,19.72,19.87,112376589,20.66,20.97,19.72,19.87,112376589,0.0,1.0
2018-11-19 00:00:00+00:00,19.11,20.59,19.09,20.4,93578236,19.11,20.59,19.09,20.4,93578236,0.0,1.0
2018-11-20 00:00:00+00:00,19.21,19.58,17.18,17.4,109869425,19.21,19.58,17.18,17.4,109869425,0.0,1.0
2018-11-21 00:00:00+00:00,18.73,20.31,18.5,20.05,81585649,18.73,20.31,18.5,20.05,81585649,0.0,1.0
2018-11-23 00:00:00+00:00,19.38,19.83,18.56,18.61,54611295,19.38,19.83,18.56,18.61,54611295,0.0,1.0
2018-11-26 00:00:00+00:00,20.08,20.19,19.11,19.96,83210988,20.08,20.19,19.11,19.96,83210988,0.0,1.0
2018-11-27 00:00:00+00:00,21.05,21.45,19.73,19.77,119230147,21.05,21.45,19.73,19.77,119230147,0.0,1.0
2018-11-28 00:00:00+00:00,21.34,21.88,20.18,21.82,134425292,21.34,21.88,20.18,21.82,134425292,0.0,1.0
2018-11-29 00:00:00+00:00,21.43,21.61,20.73,21.19,79853746,21.43,21.61,20.73,21.19,79853746,0.0,1.0
2018-11-30 00:00:00+00:00,21.3,21.36,20.52,21.3,82370737,21.3,21.36,20.52,21.3,82370737,0.0,1.0
2018-12-03 00:00:00+00:00,23.71,23.75,22.37,22.48,139605406,23.71,23.75,22.37,22.48,139605406,0.0,1.0
2018-12-04 00:00:00+00:00,21.12,23.42,21.07,23.35,127392924,21.12,23.42,21.07,23.35,127392924,0.0,1.0
2018-12-06 00:00:00+00:00,21.3,21.41,20.06,20.22,103434674,21.3,21.41,20.06,20.22,103434674,0.0,1.0
2018-12-07 00:00:00+00:00,19.46,21.38,19.17,21.3,105764534,19.46,21.38,19.17,21.3,105764534,0.0,1.0
2018-12-10 00:00:00+00:00,19.99,20.13,19.27,19.35,77984520,19.99,20.13,19.27,19.35,77984520,0.0,1.0
2018-12-11 00:00:00+00:00,19.98,21.14,19.69,20.71,88027392,19.98,21.14,19.69,20.71,88027392,0.0,1.0
2018-12-12 00:00:00+00:00,20.48,21.02,19.71,20.32,100340657,20.48,21.02,19.71,20.32,100340657,0.0,1.0
2018-12-13 00:00:00+00:00,19.86,20.87,19.76,20.63,88108070,19.86,20.87,19.76,20.63,88108070,0.0,1.0
2018-12-14 00:00:00+00:00,19.9,20.7,19.52,19.58,84713551,19.9,20.7,19.52,19.58,84713551,0.0,1.0
2018-12-17 00:00:00+00:00,18.83,20.02,18.64,20.01,115437927,18.83,20.02,18.64,20.01,115437927,0.0,1.0
2018-12-18 00:00:00+00:00,19.5,19.84,18.88,19.15,101512938,19.5,19.84,18.88,19.15,101512938,0.0,1.0
2018-12-19 00:00:00+00:00,18.16,19.72,18.0,19.44,120644490,18.16,19.72,18.0,19.44,120644490,0.0,1.0
2018-12-20 00:00:00+00:00,17.94,18.86,17.34,18.11,119394487,17.94,18.86,17.34,18.11,119394487,0.0,1.0
2018-12-21 00:00:00+00:00,16.93,18.34,16.76,18.12,132245996,16.93,18.34,16.76,18.12,132245996,0.0,1.0
2018-12-24 00:00:00+00:00,16.65,17.22,16.37,16.52,62933126,16.65,17.22,16.37,16.52,62933126,0.0,1.0
2018-12-26 00:00:00+00:00,17.9,17.91,16.03,16.88,108811809,17.9,17.91,16.03,16.88,108811809,0.0,1.0
2018-12-27 00:00:00+00:00,17.49,17.74,16.44,17.43,111373008,17.49,17.74,16.44,17.43,111373008,0.0,1.0
2018-12-28 00:00:00+00:00,17.82,18.31,17.135,17.53,109214352,17.82,18.31,17.135,17.53,109214352,0.0,1.0
2018-12-31 00:00:00+00:00,18.46,18.5101,17.85,18.15,84732181,18.46,18.5101,17.85,18.15,84732181,0.0,1.0
2019-01-02 00:00:00+00:00,18.83,19.0,17.98,18.01,87148693,18.83,19.0,17.98,18.01,87148693,0.0,1.0
2019-01-03 00:00:00+00:00,17.05,18.68,16.94,18.42,117277563,17.05,18.68,16.94,18.42,117277563,0.0,1.0
2019-01-04 00:00:00+00:00,19.0,19.07,17.43,17.55,111878582,19.0,19.07,17.43,17.55,111878582,0.0,1.0
2019-01-07 00:00:00+00:00,20.57,20.68,19.0,19.44,107157014,20.57,20.68,19.0,19.44,107157014,0.0,1.0
2019-01-08 00:00:00+00:00,20.75,21.2,19.68,21.19,121270986,20.75,21.2,19.68,21.19,121270986,0.0,1.0
2019-01-09 00:00:00+00:00,20.19,21.44,20.07,20.89,163944073,20.19,21.44,20.07,20.89,163944073,0.0,1.0
2019-01-10 00:00:00+00:00,19.74,19.83,18.9,19.76,115629372,19.74,19.83,18.9,19.76,115629372,0.0,1.0
2019-01-11 00:00:00+00:00,20.27,20.35,19.19,19.47,85110766,20.27,20.35,19.19,19.47,85110766,0.0,1.0
2019-01-14 00:00:00+00:00,20.23,20.62,19.75,19.96,71350248,20.23,20.62,19.75,19.96,71350248,0.0,1.0
2019-01-15 00:00:00+00:00,20.38,20.68,20.26,20.44,62785800,20.38,20.68,20.26,20.44,62785800,0.0,1.0
2019-01-16 00:00:00+00:00,19.73,20.54,19.71,20.4,70849266,19.73,20.54,19.71,20.4,70849266,0.0,1.0
2019-01-17 00:00:00+00:00,20.25,20.51,19.02,19.49,85018421,20.25,20.51,19.02,19.49,85018421,0.0,1.0
2019-01-18 00:00:00+00:00,20.77,21.05,20.02,20.37,88130950,20.77,21.05,20.02,20.37,88130950,0.0,1.0
2019-01-22 00:00:00+00:00,19.76,20.92,19.7,20.48,78513667,19.76,20.92,19.7,20.48,78513667,0.0,1.0
2019-01-23 00:00:00+00:00,19.8,20.48,19.55,20.03,77811255,19.8,20.48,19.55,20.03,77811255,0.0,1.0
2019-01-24 00:00:00+00:00,20.85,21.01,20.04,20.06,97433423,20.85,21.01,20.04,20.06,97433423,0.0,1.0
2019-01-25 00:00:00+00:00,21.93,22.03,20.79,20.99,110555157,21.93,22.03,20.79,20.99,110555157,0.0,1.0
2019-01-28 00:00:00+00:00,20.18,21.01,20.02,20.32,135164064,20.18,21.01,20.02,20.32,135164064,0.0,1.0
2019-01-29 00:00:00+00:00,19.25,20.39,19.05,20.26,131202535,19.25,20.39,19.05,20.26,131202535,0.0,1.0
2019-01-30 00:00:00+00:00,23.09,23.13,21.37,21.49,211421150,23.09,23.13,21.37,21.49,211421150,0.0,1.0
2019-01-31 00:00:00+00:00,24.41,25.14,22.83,23.02,182575629,24.41,25.14,22.83,23.02,182575629,0.0,1.0
2019-02-01 00:00:00+00:00,24.51,24.84,24.07,24.61,105356175,24.51,24.84,24.07,24.61,105356175,0.0,1.0
2019-02-04 00:00:00+00:00,24.13,24.66,24.07,24.43,70843958,24.13,24.66,24.07,24.43,70843958,0.0,1.0
2019-02-05 00:00:00+00:00,23.31,23.86,22.98,23.42,122226034,23.31,23.86,22.98,23.42,122226034,0.0,1.0
2019-02-06 00:00:00+00:00,23.26,24.14,23.22,23.63,78684325,23.26,24.14,23.22,23.63,78684325,0.0,1.0
2019-02-07 00:00:00+00:00,22.67,23.22,22.32,22.99,86723886,22.67,23.22,22.32,22.99,86723886,0.0,1.0
2019-02-08 00:00:00+00:00,23.05,23.28,22.27,22.33,78129280,23.05,23.28,22.27,22.33,78129280,0.0,1.0
2019-02-11 00:00:00+00:00,22.96,23.28,22.66,23.05,60578705,22.96,23.28,22.66,23.05,60578705,0.0,1.0
2019-02-12 00:00:00+00:00,22.82,23.56,22.75,23.43,67595405,22.82,23.56,22.75,23.43,67595405,0.0,1.0
2019-02-13 00:00:00+00:00,22.85,23.24,22.71,22.98,57544167,22.85,23.24,22.71,22.98,57544167,0.0,1.0
2019-02-14 00:00:00+00:00,23.13,23.37,22.59,22.74,64441243,23.13,23.37,22.59,22.74,64441243,0.0,1.0
2019-02-15 00:00:00+00:00,23.68,24.05,23.2,23.58,78644109,23.68,24.05,23.2,23.58,78644109,0.0,1.0
2019-02-19 00:00:00+00:00,23.95,24.41,23.61,23.63,57517907,23.95,24.41,23.61,23.63,57517907,0.0,1.0
2019-02-20 00:00:00+00:00,23.95,24.37,23.9,24.14,57091617,23.95,24.37,23.9,24.14,57091617,0.0,1.0
2019-02-21 00:00:00+00:00,23.92,24.33,23.85,24.04,49608176,23.92,24.33,23.85,24.04,49608176,0.0,1.0
2019-02-22 00:00:00+00:00,24.36,24.36,23.88,24.05,52650728,24.36,24.36,23.88,24.05,52650728,0.0,1.0
2019-02-25 00:00:00+00:00,24.71,25.52,24.68,25.01,63221028,24.71,25.52,24.68,25.01,63221028,0.0,1.0
2019-02-26 00:00:00+00:00,24.21,24.72,24.15,24.65,48470089,24.21,24.72,24.15,24.65,48470089,0.0,1.0
2019-02-27 00:00:00+00:00,23.48,24.23,23.21,24.11,62649329,23.48,24.23,23.21,24.11,62649329,0.0,1.0
2019-02-28 00:00:00+00:00,23.53,23.67,23.11,23.21,39384901,23.53,23.67,23.11,23.21,39384901,0.0,1.0
2019-03-01 00:00:00+00:00,23.68,24.19,23.45,23.97,48083975,23.68,24.19,23.45,23.97,48083975,0.0,1.0
2019-03-04 00:00:00+00:00,23.37,24.13,23.01,23.89,48147714,23.37,24.13,23.01,23.89,48147714,0.0,1.0
2019-03-05 00:00:00+00:00,23.5,23.68,23.01,23.34,35462587,23.5,23.68,23.01,23.34,35462587,0.0,1.0
2019-03-06 00:00:00+00:00,22.41,23.53,22.4,23.47,60479430,22.41,23.53,22.4,23.47,60479430,0.0,1.0
2019-03-07 00:00:00+00:00,22.08,22.41,21.73,22.33,52186289,22.08,22.41,21.73,22.33,52186289,0.0,1.0
2019-03-08 00:00:00+00:00,22.01,22.09,21.04,21.35,49967725,22.01,22.09,21.04,21.35,49967725,0.0,1.0
2019-03-11 00:00:00+00:00,22.96,23.08,21.98,22.15,54420188,22.96,23.08,21.98,22.15,54420188,0.0,1.0
2019-03-12 00:00:00+00:00,23.49,23.8,22.78,23.1,56410616,23.49,23.8,22.78,23.1,56410616,0.0,1.0
2019-03-13 00:00:00+00:00,23.38,24.15,23.35,23.66,56705777,23.38,24.15,23.35,23.66,56705777,0.0,1.0
2019-03-14 00:00:00+00:00,22.82,23.49,22.8,23.37,42818582,22.82,23.49,22.8,23.37,42818582,0.0,1.0
2019-03-15 00:00:00+00:00,23.29,23.65,23.01,23.1,46519912,23.29,23.65,23.01,23.1,46519912,0.0,1.0
2019-03-18 00:00:00+00:00,23.25,23.62,23.04,23.3,34731839,23.25,23.62,23.04,23.3,34731839,0.0,1.0
2019-03-19 00:00:00+00:00,26.0,26.08,23.59,23.6,156052222,26.0,26.08,23.59,23.6,156052222,0.0,1.0
2019-03-20 00:00:00+00:00,25.7,26.88,25.31,26.49,151292138,25.7,26.88,25.31,26.49,151292138,0.0,1.0
2019-03-21 00:00:00+00:00,27.89,28.11,25.71,25.78,129610272,27.89,28.11,25.71,25.78,129610272,0.0,1.0
2019-03-22 00:00:00+00:00,26.37,27.75,26.33,27.54,115323257,26.37,27.75,26.33,27.54,115323257,0.0,1.0
2019-03-25 00:00:00+00:00,25.97,26.99,25.54,26.29,78438159,25.97,26.99,25.54,26.29,78438159,0.0,1.0
2019-03-26 00:00:00+00:00,25.69,26.98,25.46,26.69,75754079,25.69,26.98,25.46,26.69,75754079,0.0,1.0
2019-03-27 00:00:00+00:00,24.89,25.88,24.55,25.7,88585265,24.89,25.88,24.55,25.7,88585265,0.0,1.0
2019-03-28 00:00:00+00:00,25.06,25.56,24.65,25.1,64667453,25.06,25.56,24.65,25.1,64667453,0.0,1.0
2019-03-29 00:00:00+00:00,25.52,25.73,25.25,25.58,53502807,25.52,25.73,25.25,25.58,53502807,0.0,1.0
2019-04-01 00:00:00+00:00,26.36,26.56,25.83,26.42,63000322,26.36,26.56,25.83,26.42,63000322,0.0,1.0
2019-04-02 00:00:00+00:00,26.75,26.8,26.09,26.51,53358772,26.75,26.8,26.09,26.51,53358772,0.0,1.0
2019-04-03 00:00:00+00:00,29.02,29.95,27.88,28.02,197650478,29.02,29.95,27.88,28.02,197650478,0.0,1.0
2019-04-04 00:00:00+00:00,29.09,29.39,28.61,28.88,82191092,29.09,29.39,28.61,28.88,82191092,0.0,1.0
2019-04-05 00:00:00+00:00,28.98,29.69,28.8,29.64,65662738,28.98,29.69,28.8,29.64,65662738,0.0,1.0
2019-04-08 00:00:00+00:00,28.53,28.95,28.18,28.69,58002493,28.53,28.95,28.18,28.69,58002493,0.0,1.0
2019-04-09 00:00:00+00:00,27.24,28.38,27.19,28.24,75539793,27.24,28.38,27.19,28.24,75539793,0.0,1.0
2019-04-10 00:00:00+00:00,27.83,28.12,27.32,27.46,64368144,27.83,28.12,27.32,27.46,64368144,0.0,1.0
2019-04-11 00:00:00+00:00,27.79,28.05,27.46,27.81,44801179,27.79,28.05,27.46,27.81,44801179,0.0,1.0
2019-04-12 00:00:00+00:00,27.85,28.38,27.66,28.21,41048838,27.85,28.38,27.66,28.21,41048838,0.0,1.0
2019-04-15 00:00:00+00:00,27.33,27.84,26.96,27.8,40812497,27.33,27.84,26.96,27.8,40812497,0.0,1.0
2019-04-16 00:00:00+00:00,27.93,28.18,27.49,27.72,47340055,27.93,28.18,27.49,27.72,47340055,0.0,1.0
2019-04-17 00:00:00+00:00,27.49,28.27,27.22,28.21,48240768,27.49,28.27,27.22,28.21,48240768,0.0,1.0
2019-04-18 00:00:00+00:00,27.68,27.88,27.34,27.6,39880890,27.68,27.88,27.34,27.6,39880890,0.0,1.0
2019-04-22 00:00:00+00:00,28.18,28.23,27.39,27.62,36477286,28.18,28.23,27.39,27.62,36477286,0.0,1.0
2019-04-23 00:00:00+00:00,27.97,28.49,27.79,28.18,41777470,27.97,28.49,27.79,28.18,41777470,0.0,1.0
2019-04-24 00:00:00+00:00,28.46,28.85,27.93,28.1,51784738,28.46,28.85,27.93,28.1,51784738,0.0,1.0
2019-04-25 00:00:00+00:00,27.66,28.86,27.36,28.67,57329711,27.66,28.86,27.36,28.67,57329711,0.0,1.0
2019-04-26 00:00:00+00:00,27.88,27.9,27.05,27.66,48827903,27.88,27.9,27.05,27.66,48827903,0.0,1.0
2019-04-29 00:00:00+00:00,27.69,28.14,27.5,27.9,44532725,27.69,28.14,27.5,27.9,44532725,0.0,1.0
2019-04-30 00:00:00+00:00,27.63,27.8,26.94,27.59,73165869,27.63,27.8,26.94,27.59,73165869,0.0,1.0
2019-05-01 00:00:00+00:00,26.81,29.15,26.78,28.95,136066941,26.81,29.15,26.78,28.95,136066941,0.0,1.0
2019-05-02 00:00:00+00:00,28.29,28.64,26.61,26.94,100514792,28.29,28.64,26.61,26.94,100514792,0.0,1.0
2019-05-03 00:00:00+00:00,28.22,28.42,27.66,28.3,55503062,28.22,28.42,27.66,28.3,55503062,0.0,1.0
2019-05-06 00:00:00+00:00,27.42,27.5,26.45,26.72,70344092,27.42,27.5,26.45,26.72,70344092,0.0,1.0
2019-05-07 00:00:00+00:00,26.66,27.35,26.21,27.2,75868821,26.66,27.35,26.21,27.2,75868821,0.0,1.0
2019-05-08 00:00:00+00:00,27.09,27.71,26.27,26.41,65967544,27.09,27.71,26.27,26.41,65967544,0.0,1.0
2019-05-09 00:00:00+00:00,27.21,27.38,26.03,26.7,73150883,27.21,27.38,26.03,26.7,73150883,0.0,1.0
2019-05-10 00:00:00+00:00,27.96,28.1,26.93,27.03,82930144,27.96,28.1,26.93,27.03,82930144,0.0,1.0
2019-05-13 00:00:00+00:00,26.24,27.23,26.1,26.98,99017893,26.24,27.23,26.1,26.98,99017893,0.0,1.0
2019-05-14 00:00:00+00:00,27.32,27.48,26.15,26.53,82980397,27.32,27.48,26.15,26.53,82980397,0.0,1.0
2019-05-15 00:00:00+00:00,27.58,27.79,26.73,26.87,55689874,27.58,27.79,26.73,26.87,55689874,0.0,1.0
2019-05-16 00:00:00+00:00,28.01,28.37,27.27,27.37,67330064,28.01,28.37,27.27,27.37,67330064,0.0,1.0
2019-05-17 00:00:00+00:00,27.5,28.46,27.4,27.69,65385351,27.5,28.46,27.4,27.69,65385351,0.0,1.0
2019-05-20 00:00:00+00:00,26.68,27.24,26.49,26.98,69757402,26.68,27.24,26.49,26.98,69757402,0.0,1.0
2019-05-21 00:00:00+00:00,27.35,27.37,26.93,27.18,46079177,27.35,27.37,26.93,27.18,46079177,0.0,1.0
2019-05-22 00:00:00+00:00,27.41,27.59,27.07,27.12,40035288,27.41,27.59,27.07,27.12,40035288,0.0,1.0
2019-05-23 00:00:00+00:00,26.36,27.1,26.03,26.99,67809153,26.36,27.1,26.03,26.99,67809153,0.0,1.0
2019-05-24 00:00:00+00:00,26.44,26.93,26.4,26.61,39835788,26.44,26.93,26.4,26.61,39835788,0.0,1.0
2019-05-28 00:00:00+00:00,29.05,29.67,27.06,27.27,146949629,29.05,29.67,27.06,27.27,146949629,0.0,1.0
2019-05-29 00:00:00+00:00,28.09,29.32,27.73,29.0,99969597,28.09,29.32,27.73,29.0,99969597,0.0,1.0
2019-05-30 00:00:00+00:00,28.03,28.56,27.6,28.4,65289093,28.03,28.56,27.6,28.4,65289093,0.0,1.0
2019-05-31 00:00:00+00:00,27.41,28.36,27.4,27.57,68667809,27.41,28.36,27.4,27.57,68667809,0.0,1.0
2019-06-03 00:00:00+00:00,27.58,29.62,27.29,28.75,147532180,27.58,29.62,27.29,28.75,147532180,0.0,1.0
2019-06-04 00:00:00+00:00,29.57,29.59,27.91,28.39,107549523,29.57,29.59,27.91,28.39,107549523,0.0,1.0
2019-06-05 00:00:00+00:00,29.5,29.99,29.03,29.93,79481540,29.5,29.99,29.03,29.93,79481540,0.0,1.0
2019-06-06 00:00:00+00:00,31.82,31.98,29.84,29.87,131267796,31.82,31.98,29.84,29.87,131267796,0.0,1.0
2019-06-07 00:00:00+00:00,32.41,32.6,31.57,31.94,86841098,32.41,32.6,31.57,31.94,86841098,0.0,1.0
2019-06-10 00:00:00+00:00,33.23,34.3,33.08,33.53,97668791,33.23,34.3,33.08,33.53,97668791,0.0,1.0
2019-06-11 00:00:00+00:00,32.41,33.49,31.82,33.43,82834914,32.41,33.49,31.82,33.43,82834914,0.0,1.0
2019-06-12 00:00:00+00:00,32.18,32.57,31.92,32.0,56298671,32.18,32.57,31.92,32.0,56298671,0.0,1.0
2019-06-13 00:00:00+00:00,31.39,32.5,31.06,32.39,63555986,31.39,32.5,31.06,32.39,63555986,0.0,1.0
2019-06-14 00:00:00+00:00,30.36,30.96,30.02,30.7,70373015,30.36,30.96,30.02,30.7,70373015,0.0,1.0
2019-06-17 00:00:00+00:00,29.2,30.45,29.18,30.25,70865743,29.2,30.45,29.18,30.25,70865743,0.0,1.0
2019-06-18 00:00:00+00:00,30.45,30.97,29.58,29.76,86444542,30.45,30.97,29.58,29.76,86444542,0.0,1.0
2019-06-19 00:00:00+00:00,30.5,30.79,30.06,30.665,63233939,30.5,30.79,30.06,30.665,63233939,0.0,1.0
2019-06-20 00:00:00+00:00,30.01,31.36,29.84,31.24,72418162,30.01,31.36,29.84,31.24,72418162,0.0,1.0
2019-06-21 00:00:00+00:00,29.1,30.35,28.97,29.65,81861322,29.1,30.35,28.97,29.65,81861322,0.0,1.0
2019-06-24 00:00:00+00:00,29.26,29.4,28.67,29.32,55724826,29.26,29.4,28.67,29.32,55724826,0.0,1.0
2019-06-25 00:00:00+00:00,28.86,29.72,28.8,29.26,53680887,28.86,29.72,28.8,29.26,53680887,0.0,1.0
2019-06-26 00:00:00+00:00,29.92,30.48,29.78,29.98,65064199,29.92,30.48,29.78,29.98,65064199,0.0,1.0
2019-06-27 00:00:00+00:00,30.74,30.96,30.21,30.41,55623309,30.74,30.96,30.21,30.41,55623309,0.0,1.0
2019-06-28 00:00:00+00:00,30.37,31.11,30.33,31.08,50090925,30.37,31.11,30.33,31.08,50090925,0.0,1.0
2019-07-01 00:00:00+00:00,31.2,32.04,30.87,31.79,60525532,31.2,32.04,30.87,31.79,60525532,0.0,1.0
2019-07-02 00:00:00+00:00,31.24,31.26,30.73,30.96,37721679,31.24,31.26,30.73,30.96,37721679,0.0,1.0
2019-07-03 00:00:00+00:00,31.19,31.33,30.74,31.13,23462004,31.19,31.33,30.74,31.13,23462004,0.0,1.0
2019-07-05 00:00:00+00:00,31.5,31.56,30.75,30.88,34011867,31.5,31.56,30.75,30.88,34011867,0.0,1.0
2019-07-08 00:00:00+00:00,32.04,32.15,31.26,31.8,49689399,32.04,32.15,31.26,31.8,49689399,0.0,1.0
2019-07-09 00:00:00+00:00,33.15,33.18,30.1,31.76,61419773,33.15,33.18,30.1,31.76,61419773,0.0,1.0
2019-07-10 00:00:00+00:00,33.79,34.03,33.36,33.56,60388439,33.79,34.03,33.36,33.56,60388439,0.0,1.0
2019-07-11 00:00:00+00:00,33.06,34.0,32.76,33.91,63081800,33.06,34.0,32.76,33.91,63081800,0.0,1.0
2019-07-12 00:00:00+00:00,33.21,33.39,32.59,32.76,51509682,33.21,33.39,32.59,32.76,51509682,0.0,1.0
2019-07-15 00:00:00+00:00,34.39,34.55,33.27,33.34,65565248,34.39,34.55,33.27,33.34,65565248,0.0,1.0
2019-07-16 00:00:00+00:00,33.85,34.86,33.8,34.3,66912699,33.85,34.86,33.8,34.3,66912699,0.0,1.0
2019-07-17 00:00:00+00:00,33.6,34.3,33.49,34.01,42557903,33.6,34.3,33.49,34.01,42557903,0.0,1.0
2019-07-18 00:00:00+00:00,33.0,33.46,32.42,33.03,58610857,33.0,33.46,32.42,33.03,58610857,0.0,1.0
2019-07-19 00:00:00+00:00,32.51,33.35,32.45,33.08,44617702,32.51,33.35,32.45,33.08,44617702,0.0,1.0
2019-07-22 00:00:00+00:00,32.85,33.31,32.74,32.8,37777312,32.85,33.31,32.74,32.8,37777312,0.0,1.0
2019-07-23 00:00:00+00:00,33.49,33.5,32.93,33.17,38532460,33.49,33.5,32.93,33.17,38532460,0.0,1.0
2019-07-24 00:00:00+00:00,34.11,34.36,33.45,33.64,41952256,34.11,34.36,33.45,33.64,41952256,0.0,1.0
2019-07-25 00:00:00+00:00,33.67,34.25,33.62,34.05,36705616,33.67,34.25,33.62,34.05,36705616,0.0,1.0
2019-07-26 00:00:00+00:00,34.02,34.77,33.87,34.23,43502776,34.02,34.77,33.87,34.23,43502776,0.0,1.0
2019-07-29 00:00:00+00:00,33.48,34.18,32.98,34.14,45921978,33.48,34.18,32.98,34.14,45921978,0.0,1.0
2019-07-30 00:00:00+00:00,33.87,33.94,32.94,33.21,72198880,33.87,33.94,32.94,33.21,72198880,0.0,1.0
2019-07-31 00:00:00+00:00,30.45,32.3,30.3,32.08,119190001,30.45,32.3,30.3,32.08,119190001,0.0,1.0
2019-08-01 00:00:00+00:00,29.86,31.48,29.1,30.5,80878890,29.86,31.48,29.1,30.5,80878890,0.0,1.0
2019-08-02 00:00:00+00:00,29.44,29.73,28.94,29.48,60410852,29.44,29.73,28.94,29.48,60410852,0.0,1.0
2019-08-05 00:00:00+00:00,27.99,28.49,27.65,28.26,74333240,27.99,28.49,27.65,28.26,74333240,0.0,1.0
2019-08-06 00:00:00+00:00,28.86,29.05,28.2,28.86,60578444,28.86,29.05,28.2,28.86,60578444,0.0,1.0
2019-08-07 00:00:00+00:00,29.19,29.28,28.37,28.47,58577543,29.19,29.28,28.37,28.47,58577543,0.0,1.0
2019-08-08 00:00:00+00:00,33.92,34.27,31.48,31.53,167278810,33.92,34.27,31.48,31.53,167278810,0.0,1.0
2019-08-09 00:00:00+00:00,34.19,35.55,33.08,33.45,132483947,34.19,35.55,33.08,33.45,132483947,0.0,1.0
2019-08-12 00:00:00+00:00,32.43,34.65,32.08,34.16,106936040,32.43,34.65,32.08,34.16,106936040,0.0,1.0
2019-08-13 00:00:00+00:00,32.11,33.14,31.72,32.36,102579321,32.11,33.14,31.72,32.36,102579321,0.0,1.0
2019-08-14 00:00:00+00:00,30.24,31.05,29.51,31.0,127521456,30.24,31.05,29.51,31.0,127521456,0.0,1.0
2019-08-15 00:00:00+00:00,29.67,30.73,29.21,30.63,72606817,29.67,30.73,29.21,30.63,72606817,0.0,1.0
2019-08-16 00:00:00+00:00,31.18,31.48,30.21,30.305,71588978,31.18,31.48,30.21,30.305,71588978,0.0,1.0
2019-08-19 00:00:00+00:00,31.48,32.19,31.42,32.0,67781613,31.48,32.19,31.42,32.0,67781613,0.0,1.0
2019-08-20 00:00:00+00:00,30.72,31.31,30.45,30.94,48016381,30.72,31.31,30.45,30.94,48016381,0.0,1.0
2019-08-21 00:00:00+00:00,31.7,31.74,30.84,31.05,41635046,31.7,31.74,30.84,31.05,41635046,0.0,1.0
2019-08-22 00:00:00+00:00,31.9,31.92,30.98,31.76,47742174,31.9,31.92,30.98,31.76,47742174,0.0,1.0
2019-08-23 00:00:00+00:00,29.54,31.83,29.4,31.3,83931683,29.54,31.83,29.4,31.3,83931683,0.0,1.0
2019-08-26 00:00:00+00:00,30.28,30.72,29.94,30.34,50858859,30.28,30.72,29.94,30.34,50858859,0.0,1.0
2019-08-27 00:00:00+00:00,30.2,30.89,29.6,30.6,53351711,30.2,30.89,29.6,30.6,53351711,0.0,1.0
2019-08-28 00:00:00+00:00,30.78,31.18,29.7,29.92,55780427,30.78,31.18,29.7,29.92,55780427,0.0,1.0
2019-08-29 00:00:00+00:00,31.45,31.83,31.33,31.47,44485479,31.45,31.83,31.33,31.47,44485479,0.0,1.0
2019-08-30 00:00:00+00:00,31.45,31.87,31.13,31.6,40347321,31.45,31.87,31.13,31.6,40347321,0.0,1.0
2019-09-03 00:00:00+00:00,30.9,31.14,30.68,30.83,38080254,30.9,31.14,30.68,30.83,38080254,0.0,1.0
2019-09-04 00:00:00+00:00,30.95,31.83,30.85,31.32,46709780,30.95,31.83,30.85,31.32,46709780,0.0,1.0
2019-09-05 00:00:00+00:00,31.5,32.05,31.12,31.79,57932080,31.5,32.05,31.12,31.79,57932080,0.0,1.0
2019-09-06 00:00:00+00:00,30.56,31.51,30.48,31.5,51672982,30.56,31.51,30.48,31.5,51672982,0.0,1.0
2019-09-09 00:00:00+00:00,30.5,31.18,30.24,30.93,54413163,30.5,31.18,30.24,30.93,54413163,0.0,1.0
2019-09-10 00:00:00+00:00,30.23,30.38,29.77,30.22,48604766,30.23,30.38,29.77,30.22,48604766,0.0,1.0
2019-09-11 00:00:00+00:00,29.76,30.43,29.51,30.38,50631683,29.76,30.43,29.51,30.38,50631683,0.0,1.0
2019-09-12 00:00:00+00:00,30.21,30.84,29.95,30.08,53618344,30.21,30.84,29.95,30.08,53618344,0.0,1.0
2019-09-13 00:00:00+00:00,30.69,30.85,29.95,30.27,47758753,30.69,30.85,29.95,30.27,47758753,0.0,1.0
2019-09-16 00:00:00+00:00,30.83,31.15,30.26,30.37,52248540,30.83,31.15,30.26,30.37,52248540,0.0,1.0
2019-09-17 00:00:00+00:00,30.99,31.32,30.74,31.07,35125750,30.99,31.32,30.74,31.07,35125750,0.0,1.0
2019-09-18 00:00:00+00:00,30.42,30.89,29.88,30.75,47277309,30.42,30.89,29.88,30.75,47277309,0.0,1.0
2019-09-19 00:00:00+00:00,30.29,30.96,30.14,30.57,41930831,30.29,30.96,30.14,30.57,41930831,0.0,1.0
2019-09-20 00:00:00+00:00,30.05,30.47,29.65,30.36,83555555,30.05,30.47,29.65,30.36,83555555,0.0,1.0
2019-09-23 00:00:00+00:00,30.64,30.8,30.07,30.12,45185837,30.64,30.8,30.07,30.12,45185837,0.0,1.0
2019-09-24 00:00:00+00:00,29.52,30.75,29.29,30.54,73220942,29.52,30.75,29.29,30.54,73220942,0.0,1.0
2019-09-25 00:00:00+00:00,29.54,29.65,28.55,29.48,58691579,29.54,29.65,28.55,29.48,58691579,0.0,1.0
2019-09-26 00:00:00+00:00,29.47,29.77,29.0,29.67,41182228,29.47,29.77,29.0,29.67,41182228,0.0,1.0
2019-09-27 00:00:00+00:00,28.72,29.77,28.35,29.17,54144672,28.72,29.77,28.35,29.17,54144672,0.0,1.0
2019-09-30 00:00:00+00:00,28.99,29.05,28.36,28.89,40332052,28.99,29.05,28.36,28.89,40332052,0.0,1.0
2019-10-01 00:00:00+00:00,28.76,29.54,28.64,29.05,37366072,28.76,29.54,28.64,29.05,37366072,0.0,1.0
2019-10-02 00:00:00+00:00,28.31,28.85,28.03,28.5,44048752,28.31,28.85,28.03,28.5,44048752,0.0,1.0
2019-10-03 00:00:00+00:00,28.68,28.78,27.43,28.28,56905408,28.68,28.78,27.43,28.28,56905408,0.0,1.0
2019-10-04 00:00:00+00:00,29.01,29.06,28.28,28.83,34609211,29.01,29.06,28.28,28.83,34609211,0.0,1.0
2019-10-07 00:00:00+00:00,28.93,29.63,28.84,28.9,39745268,28.93,29.63,28.84,28.9,39745268,0.0,1.0
2019-10-08 00:00:00+00:00,28.23,28.64,27.92,28.55,44432078,28.23,28.64,27.92,28.55,44432078,0.0,1.0
2019-10-09 00:00:00+00:00,28.46,28.95,28.35,28.8,36321583,28.46,28.95,28.35,28.8,36321583,0.0,1.0
2019-10-10 00:00:00+00:00,28.38,28.89,28.0,28.52,41171995,28.38,28.89,28.0,28.52,41171995,0.0,1.0
2019-10-11 00:00:00+00:00,29.75,30.2,28.81,28.83,66632445,29.75,30.2,28.81,28.83,66632445,0.0,1.0
2019-10-14 00:00:00+00:00,30.53,30.61,29.38,29.71,44818233,30.53,30.61,29.38,29.71,44818233,0.0,1.0
2019-10-15 00:00:00+00:00,30.72,30.92,30.17,30.7,42142385,30.72,30.92,30.17,30.7,42142385,0.0,1.0
2019-10-16 00:00:00+00:00,30.81,31.41,30.53,30.6,43064255,30.81,31.41,30.53,30.6,43064255,0.0,1.0
2019-10-17 00:00:00+00:00,31.14,31.4,30.86,31.3,37010205,31.14,31.4,30.86,31.3,37010205,0.0,1.0
2019-10-18 00:00:00+00:00,30.97,31.33,30.29,31.06,39221435,30.97,31.33,30.29,31.06,39221435,0.0,1.0
2019-10-21 00:00:00+00:00,32.03,32.26,31.41,31.5,52182779,32.03,32.26,31.41,31.5,52182779,0.0,1.0
2019-10-22 00:00:00+00:00,31.51,32.15,31.5,32.06,36860307,31.51,32.15,31.5,32.06,36860307,0.0,1.0
2019-10-23 00:00:00+00:00,31.36,31.65,30.83,31.09,26858110,31.36,31.65,30.83,31.09,26858110,0.0,1.0
2019-10-24 00:00:00+00:00,31.72,31.86,31.34,31.58,28448977,31.72,31.86,31.34,31.58,28448977,0.0,1.0
2019-10-25 00:00:00+00:00,32.71,32.86,31.83,31.9,45368837,32.71,32.86,31.83,31.9,45368837,0.0,1.0
2019-10-28 00:00:00+00:00,33.69,33.91,33.15,33.16,50694873,33.69,33.91,33.15,33.16,50694873,0.0,1.0
2019-10-29 00:00:00+00:00,33.03,33.9,32.7,33.73,78700076,33.03,33.9,32.7,33.73,78700076,0.0,1.0
2019-10-30 00:00:00+00:00,33.13,33.34,32.03,32.93,78228769,33.13,33.34,32.03,32.93,78228769,0.0,1.0
2019-10-31 00:00:00+00:00,33.93,34.34,32.82,32.98,67881623,33.93,34.34,32.82,32.98,67881623,0.0,1.0
2019-11-01 00:00:00+00:00,34.89,35.0,34.1,34.37,64238609,34.89,35.0,34.1,34.37,64238609,0.0,1.0
2019-11-04 00:00:00+00:00,36.29,36.45,34.76,35.19,83343783,36.29,36.45,34.76,35.19,83343783,0.0,1.0
2019-11-05 00:00:00+00:00,36.15,37.18,35.98,36.56,84848638,36.15,37.18,35.98,36.56,84848638,0.0,1.0
2019-11-06 00:00:00+00:00,35.93,36.48,35.52,36.06,51675119,35.93,36.48,35.52,36.06,51675119,0.0,1.0
2019-11-07 00:00:00+00:00,36.28,36.99,36.03,36.52,54350178,36.28,36.99,36.03,36.52,54350178,0.0,1.0
2019-11-08 00:00:00+00:00,36.29,36.58,36.0,36.06,39396230,36.29,36.58,36.0,36.06,39396230,0.0,1.0
2019-11-11 00:00:00+00:00,36.31,36.66,35.58,35.96,43572264,36.31,36.66,35.58,35.96,43572264,0.0,1.0
2019-11-12 00:00:00+00:00,36.71,37.13,36.4,36.43,58664523,36.71,37.13,36.4,36.43,58664523,0.0,1.0
2019-11-13 00:00:00+00:00,37.52,37.96,36.58,36.65,69178093,37.52,37.96,36.58,36.65,69178093,0.0,1.0
2019-11-14 00:00:00+00:00,38.35,38.5,37.36,37.51,65936947,38.35,38.5,37.36,37.51,65936947,0.0,1.0
2019-11-15 00:00:00+00:00,38.56,39.37,38.34,38.94,63020866,38.56,39.37,38.34,38.94,63020866,0.0,1.0
2019-11-18 00:00:00+00:00,39.88,39.99,38.6,38.65,66332767,39.88,39.99,38.6,38.65,66332767,0.0,1.0
2019-11-19 00:00:00+00:00,41.29,41.79,39.69,40.14,94600235,41.29,41.79,39.69,40.14,94600235,0.0,1.0
2019-11-20 00:00:00+00:00,40.98,41.75,40.07,40.96,79968318,40.98,41.75,40.07,40.96,79968318,0.0,1.0
2019-11-21 00:00:00+00:00,39.52,40.71,38.64,40.42,88069355,39.52,40.71,38.64,40.42,88069355,0.0,1.0
2019-11-22 00:00:00+00:00,39.15,39.89,38.19,39.36,56931883,39.15,39.89,38.19,39.36,56931883,0.0,1.0
2019-11-25 00:00:00+00:00,39.79,40.17,39.49,39.5,45879404,39.79,40.17,39.49,39.5,45879404,0.0,1.0
2019-11-26 00:00:00+00:00,38.99,39.48,38.81,39.3,43764146,38.99,39.48,38.81,39.3,43764146,0.0,1.0
2019-11-27 00:00:00+00:00,39.41,39.76,39.07,39.46,33733792,39.41,39.76,39.07,39.46,33733792,0.0,1.0
2019-11-29 00:00:00+00:00,39.15,39.52,39.02,39.1,17609932,39.15,39.52,39.02,39.1,17609932,0.0,1.0
2019-12-02 00:00:00+00:00,38.73,39.41,38.44,39.32,37942678,38.73,39.41,38.44,39.32,37942678,0.0,1.0
2019-12-03 00:00:00+00:00,38.9,38.93,37.15,37.34,52991201,38.9,38.93,37.15,37.34,52991201,0.0,1.0
2019-12-04 00:00:00+00:00,39.69,39.82,39.13,39.38,44372195,39.69,39.82,39.13,39.38,44372195,0.0,1.0
2019-12-05 00:00:00+00:00,39.62,40.22,39.55,39.95,35710943,39.62,40.22,39.55,39.95,35710943,0.0,1.0
2019-12-06 00:00:00+00:00,39.63,40.19,39.56,40.1,31150377,39.63,40.19,39.56,40.1,31150377,0.0,1.0
2019-12-09 00:00:00+00:00,38.93,39.84,38.91,39.46,28035391,38.93,39.84,38.91,39.46,28035391,0.0,1.0
2019-12-10 00:00:00+00:00,39.44,39.73,38.82,39.2,33863025,39.44,39.73,38.82,39.2,33863025,0.0,1.0
2019-12-11 00:00:00+00:00,39.47,39.61,39.04,39.44,31794689,39.47,39.61,39.04,39.44,31794689,0.0,1.0
2019-12-12 00:00:00+00:00,42.59,42.62,39.25,39.4,87398169,42.59,42.62,39.25,39.4,87398169,0.0,1.0
2019-12-13 00:00:00+00:00,41.15,42.95,41.06,42.35,79985411,41.15,42.95,41.06,42.35,79985411,0.0,1.0
2019-12-16 00:00:00+00:00,42.35,42.98,41.73,41.73,58890776,42.35,42.98,41.73,41.73,58890776,0.0,1.0
2019-12-17 00:00:00+00:00,42.77,43.11,42.15,42.51,44935574,42.77,43.11,42.15,42.51,44935574,0.0,1.0
2019-12-18 00:00:00+00:00,42.3,43.06,42.24,42.79,39182983,42.3,43.06,42.24,42.79,39182983,0.0,1.0
2019-12-19 00:00:00+00:00,42.83,43.34,42.6,42.63,45950709,42.83,43.34,42.6,42.63,45950709,0.0,1.0
2019-12-20 00:00:00+00:00,44.15,44.26,43.26,43.44,68216726,44.15,44.26,43.26,43.44,68216726,0.0,1.0
2019-12-23 00:00:00+00:00,45.46,45.63,44.39,44.58,56065288,45.46,45.63,44.39,44.58,56065288,0.0,1.0
2019-12-24 00:00:00+00:00,46.54,46.61,45.77,46.1,44432192,46.54,46.61,45.77,46.1,44432192,0.0,1.0
2019-12-26 00:00:00+00:00,46.63,47.31,45.66,46.99,57712693,46.63,47.31,45.66,46.99,57712693,0.0,1.0
2019-12-27 00:00:00+00:00,46.18,46.88,45.98,46.85,36624234,46.18,46.88,45.98,46.85,36624234,0.0,1.0
2019-12-30 00:00:00+00:00,45.52,46.17,44.66,46.14,41235735,45.52,46.17,44.66,46.14,41235735,0.0,1.0
2019-12-31 00:00:00+00:00,45.86,46.09,44.92,45.07,31791204,45.86,46.09,44.92,45.07,31791204,0.0,1.0
2020-01-02 00:00:00+00:00,49.1,49.25,46.63,46.86,80764599,49.1,49.25,46.63,46.86,80764599,0.0,1.0
2020-01-03 00:00:00+00:00,48.6,49.39,47.54,48.03,73362157,48.6,49.39,47.54,48.03,73362157,0.0,1.0
2020-01-06 00:00:00+00:00,48.39,48.86,47.86,48.02,48176286,48.39,48.86,47.86,48.02,48176286,0.0,1.0
2020-01-07 00:00:00+00:00,48.25,49.39,48.04,49.35,59935556,48.25,49.39,48.04,49.35,59935556,0.0,1.0
2020-01-08 00:00:00+00:00,47.83,48.3,47.14,47.85,53868957,47.83,48.3,47.14,47.85,53868957,0.0,1.0
2020-01-09 00:00:00+00:00,48.97,49.96,48.39,48.94,76649637,48.97,49.96,48.39,48.94,76649637,0.0,1.0
2020-01-10 00:00:00+00:00,48.17,49.29,48.0,49.26,44215594,48.17,49.29,48.0,49.26,44215594,0.0,1.0
2020-01-13 00:00:00+00:00,48.75,48.86,48.24,48.66,33743618,48.75,48.86,48.24,48.66,33743618,0.0,1.0
2020-01-14 00:00:00+00:00,48.21,49.04,47.91,48.64,38694180,48.21,49.04,47.91,48.64,38694180,0.0,1.0
2020-01-15 00:00:00+00:00,48.55,49.08,48.12,48.23,40199943,48.55,49.08,48.12,48.23,40199943,0.0,1.0
2020-01-16 00:00:00+00:00,49.77,50.31,48.99,49.17,58898926,49.77,50.31,48.99,49.17,58898926,0.0,1.0
2020-01-17 00:00:00+00:00,50.93,51.05,49.9,50.2,57722501,50.93,51.05,49.9,50.2,57722501,0.0,1.0
2020-01-21 00:00:00+00:00,51.05,51.81,50.7,50.96,48403014,51.05,51.81,50.7,50.96,48403014,0.0,1.0
2020-01-22 00:00:00+00:00,51.43,51.88,51.2,51.63,40772219,51.43,51.88,51.2,51.63,40772219,0.0,1.0
2020-01-23 00:00:00+00:00,51.71,51.75,50.74,51.34,40135442,51.71,51.75,50.74,51.34,40135442,0.0,1.0
2020-01-24 00:00:00+00:00,50.35,52.81,49.47,52.28,80004909,50.35,52.81,49.47,52.28,80004909,0.0,1.0
2020-01-27 00:00:00+00:00,49.26,49.79,47.9,48.45,48878578,49.26,49.79,47.9,48.45,48878578,0.0,1.0
2020-01-28 00:00:00+00:00,50.53,50.85,49.48,50.03,62343844,50.53,50.85,49.48,50.03,62343844,0.0,1.0
2020-01-29 00:00:00+00:00,47.51,48.07,46.1,47.84,112559197,47.51,48.07,46.1,47.84,112559197,0.0,1.0
2020-01-30 00:00:00+00:00,48.78,48.81,46.13,46.49,70460163,48.78,48.81,46.13,46.49,70460163,0.0,1.0
2020-01-31 00:00:00+00:00,47.0,48.58,46.79,48.4,60322431,47.0,48.58,46.79,48.4,60322431,0.0,1.0
2020-02-03 00:00:00+00:00,48.02,48.1,46.23,46.4,47076956,48.02,48.1,46.23,46.4,47076956,0.0,1.0
2020-02-04 00:00:00+00:00,49.45,49.75,48.61,49.21,46302078,49.45,49.75,48.61,49.21,46302078,0.0,1.0
2020-02-05 00:00:00+00:00,49.84,50.42,49.31,50.29,42737104,49.84,50.42,49.31,50.29,42737104,0.0,1.0
2020-02-06 00:00:00+00:00,49.32,49.39,47.63,48.8,48670617,49.32,49.39,47.63,48.8,48670617,0.0,1.0
2020-02-07 00:00:00+00:00,49.73,50.67,48.64,48.91,53107582,49.73,50.67,48.64,48.91,53107582,0.0,1.0
2020-02-10 00:00:00+00:00,52.26,52.3,49.35,49.47,60971719,52.26,52.3,49.35,49.47,60971719,0.0,1.0
2020-02-11 00:00:00+00:00,53.8,54.48,52.91,53.22,74719054,53.8,54.48,52.91,53.22,74719054,0.0,1.0
2020-02-12 00:00:00+00:00,53.89,54.85,53.53,54.53,45994933,53.89,54.85,53.53,54.53,45994933,0.0,1.0
2020-02-13 00:00:00+00:00,54.53,55.03,53.34,53.43,51640035,54.53,55.03,53.34,53.43,51640035,0.0,1.0
2020-02-14 00:00:00+00:00,55.31,55.4,54.56,55.19,52365370,55.31,55.4,54.56,55.19,52365370,0.0,1.0
2020-02-18 00:00:00+00:00,56.89,58.13,54.84,54.94,70346387,56.89,58.13,54.84,54.94,70346387,0.0,1.0
2020-02-19 00:00:00+00:00,58.9,59.27,57.51,57.99,58597294,58.9,59.27,57.51,57.99,58597294,0.0,1.0
2020-02-20 00:00:00+00:00,57.27,59.02,56.15,58.44,74203373,57.27,59.02,56.15,58.44,74203373,0.0,1.0
2020-02-21 00:00:00+00:00,53.28,56.8,52.89,56.71,88553374,53.28,56.8,52.89,56.71,88553374,0.0,1.0
2020-02-24 00:00:00+00:00,49.12,50.28,47.49,48.18,86624116,49.12,50.28,47.49,48.18,86624116,0.0,1.0
2020-02-25 00:00:00+00:00,47.57,51.24,47.12,51.14,88699382,47.57,51.24,47.12,51.14,88699382,0.0,1.0
2020-02-26 00:00:00+00:00,47.49,49.29,47.07,47.7,86897680,47.49,49.29,47.07,47.7,86897680,0.0,1.0
2020-02-27 00:00:00+00:00,44.01,46.24,42.21,45.38,106416222,44.01,46.24,42.21,45.38,106416222,0.0,1.0
2020-02-28 00:00:00+00:00,45.48,46.15,41.04,41.36,100667707,45.48,46.15,41.04,41.36,100667707,0.0,1.0
2020-03-02 00:00:00+00:00,47.46,47.68,44.66,47.42,102324726,47.46,47.68,44.66,47.42,102324726,0.0,1.0
2020-03-03 00:00:00+00:00,46.75,50.2,45.67,49.03,141972288,46.75,50.2,45.67,49.03,141972288,0.0,1.0
2020-03-04 00:00:00+00:00,50.11,50.14,47.21,48.25,93311779,50.11,50.14,47.21,48.25,93311779,0.0,1.0
2020-03-05 00:00:00+00:00,48.11,49.72,47.51,48.68,98302748,48.11,49.72,47.51,48.68,98302748,0.0,1.0
2020-03-06 00:00:00+00:00,48.59,49.54,46.74,49.44,124590861,48.59,49.54,46.74,49.44,124590861,0.0,1.0
2020-03-09 00:00:00+00:00,43.27,46.34,42.51,43.03,80859774,43.27,46.34,42.51,43.03,80859774,0.0,1.0
2020-03-10 00:00:00+00:00,45.38,45.44,43.1,45.41,76228247,45.38,45.44,43.1,45.41,76228247,0.0,1.0
2020-03-11 00:00:00+00:00,45.7,45.97,43.8,44.19,102319010,45.7,45.97,43.8,44.19,102319010,0.0,1.0
2020-03-12 00:00:00+00:00,39.01,42.5,39.0,42.0,107461521,39.01,42.5,39.0,42.0,107461521,0.0,1.0
2020-03-13 00:00:00+00:00,43.9,43.91,39.6,42.2,86689681,43.9,43.91,39.6,42.2,86689681,0.0,1.0
2020-03-16 00:00:00+00:00,38.71,43.37,38.51,39.08,84545868,38.71,43.37,38.51,39.08,84545868,0.0,1.0
2020-03-17 00:00:00+00:00,41.88,42.88,38.3,40.19,92741881,41.88,42.88,38.3,40.19,92741881,0.0,1.0
2020-03-18 00:00:00+00:00,39.12,41.95,36.75,39.54,106163124,39.12,41.95,36.75,39.54,106163124,0.0,1.0
2020-03-19 00:00:00+00:00,39.82,41.7,37.69,39.56,88939024,39.82,41.7,37.69,39.56,88939024,0.0,1.0
2020-03-20 00:00:00+00:00,39.61,42.48,39.58,41.51,106859502,39.61,42.48,39.58,41.51,106859502,0.0,1.0
2020-03-23 00:00:00+00:00,41.64,42.32,38.95,40.62,101704663,41.64,42.32,38.95,40.62,101704663,0.0,1.0
2020-03-24 00:00:00+00:00,46.22,46.81,43.99,44.04,106794151,46.22,46.81,43.99,44.04,106794151,0.0,1.0
2020-03-25 00:00:00+00:00,44.63,47.88,44.43,46.79,93760389,44.63,47.88,44.43,46.79,93760389,0.0,1.0
2020-03-26 00:00:00+00:00,47.5,47.5,45.4,45.78,73915608,47.5,47.5,45.4,45.78,73915608,0.0,1.0
2020-03-27 00:00:00+00:00,46.58,47.98,45.9,46.32,74599218,46.58,47.98,45.9,46.32,74599218,0.0,1.0
2020-03-30 00:00:00+00:00,47.86,48.46,46.66,47.24,68486602,47.86,48.46,46.66,47.24,68486602,0.0,1.0
2020-03-31 00:00:00+00:00,45.48,48.53,45.16,47.93,83483749,45.48,48.53,45.16,47.93,83483749,0.0,1.0
2020-04-01 00:00:00+00:00,43.66,46.85,43.16,44.18,92083081,43.66,46.85,43.16,44.18,92083081,0.0,1.0
2020-04-02 00:00:00+00:00,44.49,45.28,43.1,43.4,79024133,44.49,45.28,43.1,43.4,79024133,0.0,1.0
2020-04-03 00:00:00+00:00,42.59,44.84,41.7,44.3,79334966,42.59,44.84,41.7,44.3,79334966,0.0,1.0
2020-04-06 00:00:00+00:00,47.52,47.58,44.06,44.3,82293964,47.52,47.58,44.06,44.3,82293964,0.0,1.0
2020-04-07 00:00:00+00:00,47.56,49.65,46.68,48.96,102098689,47.56,49.65,46.68,48.96,102098689,0.0,1.0
2020-04-08 00:00:00+00:00,48.79,49.0,47.61,48.07,64930779,48.79,49.0,47.61,48.07,64930779,0.0,1.0
2020-04-09 00:00:00+00:00,48.38,50.25,47.72,49.65,80357393,48.38,50.25,47.72,49.65,80357393,0.0,1.0
2020-04-13 00:00:00+00:00,50.94,51.07,48.23,48.47,64290112,50.94,51.07,48.23,48.47,64290112,0.0,1.0
2020-04-14 00:00:00+00:00,54.93,55.14,52.11,52.24,85306750,54.93,55.14,52.11,52.24,85306750,0.0,1.0
2020-04-15 00:00:00+00:00,54.99,55.57,53.41,53.73,83814033,54.99,55.57,53.41,53.73,83814033,0.0,1.0
2020-04-16 00:00:00+00:00,56.95,58.08,55.63,55.96,103106456,56.95,58.08,55.63,55.96,103106456,0.0,1.0
2020-04-17 00:00:00+00:00,56.6,57.76,55.55,57.35,76908783,56.6,57.76,55.55,57.35,76908783,0.0,1.0
2020-04-20 00:00:00+00:00,56.97,58.63,55.85,55.98,72367258,56.97,58.63,55.85,55.98,72367258,0.0,1.0
2020-04-21 00:00:00+00:00,52.92,57.73,51.41,56.9,123906390,52.92,57.73,51.41,56.9,123906390,0.0,1.0
2020-04-22 00:00:00+00:00,55.92,56.15,54.34,54.91,63164076,55.92,56.15,54.34,54.91,63164076,0.0,1.0
2020-04-23 00:00:00+00:00,55.9,57.29,55.64,56.65,69662688,55.9,57.29,55.64,56.65,69662688,0.0,1.0
2020-04-24 00:00:00+00:00,56.18,56.78,54.42,55.1,72854752,56.18,56.78,54.42,55.1,72854752,0.0,1.0
2020-04-27 00:00:00+00:00,56.49,58.0,56.25,57.44,62568062,56.49,58.0,56.25,57.44,62568062,0.0,1.0
2020-04-28 00:00:00+00:00,55.51,57.35,55.3,57.16,80501820,55.51,57.35,55.3,57.16,80501820,0.0,1.0
2020-04-29 00:00:00+00:00,53.66,54.86,52.74,54.53,110800859,53.66,54.86,52.74,54.53,110800859,0.0,1.0
2020-04-30 00:00:00+00:00,52.39,54.29,52.03,53.43,65543944,52.39,54.29,52.03,53.43,65543944,0.0,1.0
2020-05-01 00:00:00+00:00,49.88,51.95,49.09,51.07,69562656,49.88,51.95,49.09,51.07,69562656,0.0,1.0
2020-05-04 00:00:00+00:00,52.56,52.61,49.73,49.82,62590577,52.56,52.61,49.73,49.82,62590577,0.0,1.0
2020-05-05 00:00:00+00:00,52.19,53.51,51.29,53.43,56560532,52.19,53.51,51.29,53.43,56560532,0.0,1.0
2020-05-06 00:00:00+00:00,52.16,53.31,51.88,52.42,48138123,52.16,53.31,51.88,52.42,48138123,0.0,1.0
2020-05-07 00:00:00+00:00,51.95,52.97,51.62,52.93,48956641,51.95,52.97,51.62,52.93,48956641,0.0,1.0
2020-05-08 00:00:00+00:00,53.19,53.27,51.81,52.15,40774186,53.19,53.27,51.81,52.15,40774186,0.0,1.0
2020-05-11 00:00:00+00:00,55.74,55.89,52.75,52.9,68746373,55.74,55.89,52.75,52.9,68746373,0.0,1.0
2020-05-12 00:00:00+00:00,53.76,56.58,53.75,56.21,55631098,53.76,56.58,53.75,56.21,55631098,0.0,1.0
2020-05-13 00:00:00+00:00,52.18,55.22,51.3,54.04,76824714,52.18,55.22,51.3,54.04,76824714,0.0,1.0
2020-05-14 00:00:00+00:00,54.51,54.54,51.61,52.1,73813999,54.51,54.54,51.61,52.1,73813999,0.0,1.0
2020-05-15 00:00:00+00:00,54.2,54.44,52.86,53.32,66950863,54.2,54.44,52.86,53.32,66950863,0.0,1.0
2020-05-18 00:00:00+00:00,54.59,55.25,54.24,54.98,48679061,54.59,55.25,54.24,54.98,48679061,0.0,1.0
2020-05-19 00:00:00+00:00,55.47,56.73,54.36,54.39,60388543,55.47,56.73,54.36,54.39,60388543,0.0,1.0
2020-05-20 00:00:00+00:00,56.39,56.98,55.63,56.55,50888191,56.39,56.98,55.63,56.55,50888191,0.0,1.0
2020-05-21 00:00:00+00:00,54.65,56.72,54.61,56.68,48496114,54.65,56.72,54.61,56.68,48496114,0.0,1.0
2020-05-22 00:00:00+00:00,55.17,55.37,53.78,54.77,43524110,55.17,55.37,53.78,54.77,43524110,0.0,1.0
2020-05-26 00:00:00+00:00,53.19,56.08,53.02,56.01,51618865,53.19,56.08,53.02,56.01,51618865,0.0,1.0
2020-05-27 00:00:00+00:00,52.74,53.28,49.09,53.27,102414487,52.74,53.28,49.09,53.27,102414487,0.0,1.0
2020-05-28 00:00:00+00:00,51.74,53.54,51.25,52.25,53754227,51.74,53.54,51.25,52.25,53754227,0.0,1.0
2020-05-29 00:00:00+00:00,53.8,53.8,51.85,52.07,64948312,53.8,53.8,51.85,52.07,64948312,0.0,1.0
2020-06-01 00:00:00+00:00,53.63,54.11,52.89,53.31,36949860,53.63,54.11,52.89,53.31,36949860,0.0,1.0
2020-06-02 00:00:00+00:00,53.54,53.57,52.01,53.45,42855210,53.54,53.57,52.01,53.45,42855210,0.0,1.0
2020-06-03 00:00:00+00:00,52.73,53.65,52.33,53.6,46765332,52.73,53.65,52.33,53.6,46765332,0.0,1.0
2020-06-04 00:00:00+00:00,52.63,53.74,52.2,52.59,44869090,52.63,53.74,52.2,52.59,44869090,0.0,1.0
2020-06-05 00:00:00+00:00,53.1,53.57,52.08,52.99,53908273,53.1,53.57,52.08,52.99,53908273,0.0,1.0
2020-06-08 00:00:00+00:00,52.97,53.35,52.26,53.3,39681749,52.97,53.35,52.26,53.3,39681749,0.0,1.0
2020-06-09 00:00:00+00:00,56.39,56.46,52.72,52.95,79919140,56.39,56.46,52.72,52.95,79919140,0.0,1.0
2020-06-10 00:00:00+00:00,57.44,59.0,57.03,57.2,78719416,57.44,59.0,57.03,57.2,78719416,0.0,1.0
2020-06-11 00:00:00+00:00,52.83,56.68,52.8,55.94,78715402,52.83,56.68,52.8,55.94,78715402,0.0,1.0
2020-06-12 00:00:00+00:00,53.5,55.6,52.11,55.01,71189070,53.5,55.6,52.11,55.01,71189070,0.0,1.0
2020-06-15 00:00:00+00:00,54.68,54.73,52.41,52.58,56740683,54.68,54.73,52.41,52.58,56740683,0.0,1.0
2020-06-16 00:00:00+00:00,54.46,56.07,53.59,55.72,50949745,54.46,56.07,53.59,55.72,50949745,0.0,1.0
2020-06-17 00:00:00+00:00,54.55,55.82,54.3,54.79,45146545,54.55,55.82,54.3,54.79,45146545,0.0,1.0
2020-06-18 00:00:00+00:00,54.04,55.12,53.65,54.62,40354724,54.04,55.12,53.65,54.62,40354724,0.0,1.0
2020-06-19 00:00:00+00:00,54.23,55.46,53.82,54.41,52801461,54.23,55.46,53.82,54.41,52801461,0.0,1.0
2020-06-22 00:00:00+00:00,54.76,55.17,53.74,54.67,44704781,54.76,55.17,53.74,54.67,44704781,0.0,1.0
2020-06-23 00:00:00+00:00,53.99,55.37,53.87,55.05,48089011,53.99,55.37,53.87,55.05,48089011,0.0,1.0
2020-06-24 00:00:00+00:00,52.39,54.74,51.92,53.94,53535548,52.39,54.74,51.92,53.94,53535548,0.0,1.0
2020-06-25 00:00:00+00:00,51.93,52.7,50.54,52.56,51129614,51.93,52.7,50.54,52.56,51129614,0.0,1.0
2020-06-26 00:00:00+00:00,50.1,51.95,49.45,51.85,65485729,50.1,51.95,49.45,51.85,65485729,0.0,1.0
2020-06-29 00:00:00+00:00,50.28,50.28,48.42,50.15,49905813,50.28,50.28,48.42,50.15,49905813,0.0,1.0
2020-06-30 00:00:00+00:00,52.61,52.77,50.82,51.16,42275739,52.61,52.77,50.82,51.16,42275739,0.0,1.0
2020-07-01 00:00:00+00:00,52.58,52.87,51.6,52.63,32372675,52.58,52.87,51.6,52.63,32372675,0.0,1.0
2020-07-02 00:00:00+00:00,52.34,53.19,52.05,53.03,29082825,52.34,53.19,52.05,53.03,29082825,0.0,1.0
2020-07-06 00:00:00+00:00,53.4,53.52,52.33,52.9,36790229,53.4,53.52,52.33,52.9,36790229,0.0,1.0
2020-07-07 00:00:00+00:00,52.93,54.17,52.86,53.28,32153104,52.93,54.17,52.86,53.28,32153104,0.0,1.0
2020-07-08 00:00:00+00:00,53.43,53.47,52.07,53.01,35609484,53.43,53.47,52.07,53.01,35609484,0.0,1.0
2020-07-09 00:00:00+00:00,57.26,57.58,53.31,53.52,87216465,57.26,57.58,53.31,53.52,87216465,0.0,1.0
2020-07-10 00:00:00+00:00,55.88,58.15,55.51,57.54,59877388,55.88,58.15,55.51,57.54,59877388,0.0,1.0
2020-07-13 00:00:00+00:00,53.59,58.35,53.38,56.68,57743221,53.59,58.35,53.38,56.68,57743221,0.0,1.0
2020-07-14 00:00:00+00:00,54.72,54.86,52.26,53.3,54890114,54.72,54.86,52.26,53.3,54890114,0.0,1.0
2020-07-15 00:00:00+00:00,55.34,55.37,53.59,54.96,42376779,55.34,55.37,53.59,54.96,42376779,0.0,1.0
2020-07-16 00:00:00+00:00,54.92,55.15,53.74,54.68,36887082,54.92,55.15,53.74,54.68,36887082,0.0,1.0
2020-07-17 00:00:00+00:00,55.04,55.81,54.68,55.31,34710407,55.04,55.81,54.68,55.31,34710407,0.0,1.0
2020-07-20 00:00:00+00:00,57.46,57.53,54.83,55.23,44710211,57.46,57.53,54.83,55.23,44710211,0.0,1.0
2020-07-21 00:00:00+00:00,57.0,58.5,56.32,57.81,44337135,57.0,58.5,56.32,57.81,44337135,0.0,1.0
2020-07-22 00:00:00+00:00,61.79,62.0,56.97,57.07,135159420,61.79,62.0,56.97,57.07,135159420,0.0,1.0
2020-07-23 00:00:00+00:00,59.57,62.33,58.6342,61.63,106829109,59.57,62.33,58.6342,61.63,106829109,0.0,1.0
2020-07-24 00:00:00+00:00,69.4,69.94,64.05,64.18,205314531,69.4,69.94,64.05,64.18,205314531,0.0,1.0
2020-07-27 00:00:00+00:00,68.97,71.63,67.79,69.28,107918075,68.97,71.63,67.79,69.28,107918075,0.0,1.0
2020-07-28 00:00:00+00:00,67.61,69.8,67.02,68.1,94181374,67.61,69.8,67.02,68.1,94181374,0.0,1.0
2020-07-29 00:00:00+00:00,76.09,77.19,73.9,75.5,132969679,76.09,77.19,73.9,75.5,132969679,0.0,1.0
2020-07-30 00:00:00+00:00,78.2,78.96,75.07,75.37,80286888,78.2,78.96,75.07,75.37,80286888,0.0,1.0
2020-07-31 00:00:00+00:00,77.43,78.96,75.36,78.67,71699667,77.43,78.96,75.36,78.67,71699667,0.0,1.0
2020-08-03 00:00:00+00:00,77.67,78.5,77.06,78.19,42628817,77.67,78.5,77.06,78.19,42628817,0.0,1.0
2020-08-04 00:00:00+00:00,85.04,85.805,77.99,78.03,155676106,85.04,85.805,77.99,78.03,155676106,0.0,1.0
2020-08-05 00:00:00+00:00,85.31,86.32,83.32,84.96,65737306,85.31,86.32,83.32,84.96,65737306,0.0,1.0
2020-08-06 00:00:00+00:00,86.71,86.98,84.7801,85.49,53961739,86.71,86.98,84.7801,85.49,53961739,0.0,1.0
2020-08-07 00:00:00+00:00,84.85,87.29,82.6702,86.67,66543157,84.85,87.29,82.6702,86.67,66543157,0.0,1.0
2020-08-10 00:00:00+00:00,82.24,85.16,79.3221,85.05,70536143,82.24,85.16,79.3221,85.05,70536143,0.0,1.0
2020-08-11 00:00:00+00:00,76.88,80.71,76.1,80.71,77877661,76.88,80.71,76.1,80.71,77877661,0.0,1.0
2020-08-12 00:00:00+00:00,82.61,82.88,77.55,78.43,88607829,82.61,82.88,77.55,78.43,88607829,0.0,1.0
2020-08-13 00:00:00+00:00,81.84,84.02,81.54,82.88,57407355,81.84,84.02,81.54,82.88,57407355,0.0,1.0
2020-08-14 00:00:00+00:00,81.3,83.24,80.88,81.81,42389477,81.3,83.24,80.88,81.81,42389477,0.0,1.0
2020-08-17 00:00:00+00:00,82.42,83.06,81.552,82.09,31210082,82.42,83.06,81.552,82.09,31210082,0.0,1.0
2020-08-18 00:00:00+00:00,81.66,82.88,81.03,82.8,30970483,81.66,82.88,81.03,82.8,30970483,0.0,1.0
2020-08-19 00:00:00+00:00,81.09,81.85,80.45,81.7757,37507391,81.09,81.85,80.45,81.7757,37507391,0.0,1.0
2020-08-20 00:00:00+00:00,82.77,82.84,79.12,79.74,42948860,82.77,82.84,79.12,79.74,42948860,0.0,1.0
2020-08-21 00:00:00+00:00,83.81,84.41,82.23,83.29,48280318,83.81,84.41,82.23,83.29,48280318,0.0,1.0
2020-08-24 00:00:00+00:00,83.08,85.33,82.55,84.55,38036068,83.08,85.33,82.55,84.55,38036068,0.0,1.0
2020-08-25 00:00:00+00:00,86.35,86.62,82.35,83.36,49234399,86.35,86.62,82.35,83.36,49234399,0.0,1.0
2020-08-26 00:00:00+00:00,86.02,87.72,85.2,86.9694,47157273,86.02,87.72,85.2,86.9694,47157273,0.0,1.0
2020-08-27 00:00:00+00:00,83.8,86.58,82.94,86.35,42194222,83.8,86.58,82.94,86.35,42194222,0.0,1.0
2020-08-28 00:00:00+00:00,85.55,86.04,84.19,84.3,40723268,85.55,86.04,84.19,84.3,40723268,0.0,1.0
2020-08-31 00:00:00+00:00,90.82,92.64,85.05,85.05,90655945,90.82,92.64,85.05,85.05,90655945,0.0,1.0
2020-09-01 00:00:00+00:00,92.18,92.51,90.1899,91.92,56117100,92.18,92.51,90.1899,91.92,56117100,0.0,1.0
2020-09-02 00:00:00+00:00,90.22,94.28,88.74,94.01,50366918,90.22,94.28,88.74,94.01,50366918,0.0,1.0
2020-09-03 00:00:00+00:00,82.54,88.47,81.59,87.84,87462687,82.54,88.47,81.59,87.84,87462687,0.0,1.0
2020-09-04 00:00:00+00:00,82.01,84.39,76.33,81.45,82267760,82.01,84.39,76.33,81.45,82267760,0.0,1.0
2020-09-08 00:00:00+00:00,78.69,81.88,78.0,78.05,54955672,78.69,81.88,78.0,78.05,54955672,0.0,1.0
2020-09-09 00:00:00+00:00,81.91,82.44,79.28,81.4,54163878,81.91,82.44,79.28,81.4,54163878,0.0,1.0
2020-09-10 00:00:00+00:00,78.98,83.31,78.38,83.07,51499396,78.98,83.31,78.38,83.07,51499396,0.0,1.0
2020-09-11 00:00:00+00:00,76.34,79.99,75.04,79.82,54762990,76.34,79.99,75.04,79.82,54762990,0.0,1.0
2020-09-14 00:00:00+00:00,77.9,78.82,76.26,76.8,47448681,77.9,78.82,76.26,76.8,47448681,0.0,1.0
2020-09-15 00:00:00+00:00,78.93,80.33,75.97,77.66,57874428,78.93,80.33,75.97,77.66,57874428,0.0,1.0
2020-09-16 00:00:00+00:00,76.66,79.72,76.54,79.35,38445668,76.66,79.72,76.54,79.35,38445668,0.0,1.0
2020-09-17 00:00:00+00:00,76.55,76.625,74.2,74.88,55619100,76.55,76.625,74.2,74.88,55619100,0.0,1.0
2020-09-18 00:00:00+00:00,74.93,77.4,73.85,77.0,51082857,74.93,77.4,73.85,77.0,51082857,0.0,1.0
2020-09-21 00:00:00+00:00,77.94,77.98,73.88,74.23,61311970,77.94,77.98,73.88,74.23,61311970,0.0,1.0
2020-09-22 00:00:00+00:00,77.7,78.79,75.27,78.365,56044742,77.7,78.79,75.27,78.365,56044742,0.0,1.0
2020-09-23 00:00:00+00:00,74.73,77.91,74.34,77.39,42327514,74.73,77.91,74.34,77.39,42327514,0.0,1.0
2020-09-24 00:00:00+00:00,75.82,77.25,73.9,74.54,57540926,75.82,77.25,73.9,74.54,57540926,0.0,1.0
2020-09-25 00:00:00+00:00,78.055,78.2,74.67,76.35,48206242,78.055,78.2,74.67,76.35,48206242,0.0,1.0
2020-09-28 00:00:00+00:00,79.48,79.57,77.52,79.1165,48005488,79.48,79.57,77.52,79.1165,48005488,0.0,1.0
2020-09-29 00:00:00+00:00,81.77,82.55,79.3,79.3,61633672,81.77,82.55,79.3,79.3,61633672,0.0,1.0
2020-09-30 00:00:00+00:00,81.99,82.94,80.66,81.75,51533664,81.99,82.94,80.66,81.75,51533664,0.0,1.0
2020-10-01 00:00:00+00:00,84.86,85.25,82.86,83.06,52177123,84.86,85.25,82.86,83.06,52177123,0.0,1.0
2020-10-02 00:00:00+00:00,81.8,84.65,81.66,82.58,52855053,81.8,84.65,81.66,82.58,52855053,0.0,1.0
2020-10-05 00:00:00+00:00,86.15,86.2819,82.55,82.55,47056522,86.15,86.2819,82.55,82.55,47056522,0.0,1.0
2020-10-06 00:00:00+00:00,84.48,87.25,83.54,86.21,52725432,84.48,87.25,83.54,86.21,52725432,0.0,1.0
2020-10-07 00:00:00+00:00,86.69,87.79,85.65,86.1,43045723,86.69,87.79,85.65,86.1,43045723,0.0,1.0
2020-10-08 00:00:00+00:00,86.51,88.72,85.95,88.11,54240704,86.51,88.72,85.95,88.11,54240704,0.0,1.0
2020-10-09 00:00:00+00:00,83.1,85.75,82.3465,84.74,80354389,83.1,85.75,82.3465,84.74,80354389,0.0,1.0
2020-10-12 00:00:00+00:00,84.29,85.13,83.12,83.65,47669699,84.29,85.13,83.12,83.65,47669699,0.0,1.0
2020-10-13 00:00:00+00:00,85.28,86.09,83.9733,84.86,42764096,85.28,86.09,83.9733,84.86,42764096,0.0,1.0
2020-10-14 00:00:00+00:00,84.21,85.96,83.46,85.86,40446735,84.21,85.96,83.46,85.86,40446735,0.0,1.0
2020-10-15 00:00:00+00:00,83.13,84.7201,82.42,83.4,33696414,83.13,84.7201,82.42,83.4,33696414,0.0,1.0
2020-10-16 00:00:00+00:00,83.17,83.99,82.41,83.54,31474294,83.17,83.99,82.41,83.54,31474294,0.0,1.0
2020-10-19 00:00:00+00:00,82.0,84.65,81.53,83.62,36689114,82.0,84.65,81.53,83.62,36689114,0.0,1.0
2020-10-20 00:00:00+00:00,81.56,82.69,80.58,82.16,38219415,81.56,82.69,80.58,82.16,38219415,0.0,1.0
2020-10-21 00:00:00+00:00,79.2,81.9299,79.19,81.72,36426409,79.2,81.9299,79.19,81.72,36426409,0.0,1.0
2020-10-22 00:00:00+00:00,79.42,80.82,78.42,79.65,38006798,79.42,80.82,78.42,79.65,38006798,0.0,1.0
2020-10-23 00:00:00+00:00,81.96,81.99,79.33,80.93,46557675,81.96,81.99,79.33,80.93,46557675,0.0,1.0
2020-10-26 00:00:00+00:00,82.23,84.97,80.86,82.55,69423675,82.23,84.97,80.86,82.55,69423675,0.0,1.0
2020-10-27 00:00:00+00:00,78.88,82.37,77.57,82.0,156669494,78.88,82.37,77.57,82.0,156669494,0.0,1.0
2020-10-28 00:00:00+00:00,76.4,78.96,75.76,78.73,76529910,76.4,78.96,75.76,78.73,76529910,0.0,1.0
2020-10-29 00:00:00+00:00,78.02,79.18,76.29,76.75,52784087,78.02,79.18,76.29,76.75,52784087,0.0,1.0
2020-10-30 00:00:00+00:00,75.29,77.7,74.23,77.09,51426174,75.29,77.7,74.23,77.09,51426174,0.0,1.0
2020-11-02 00:00:00+00:00,74.7,76.3398,73.7573,75.85,45760659,74.7,76.3398,73.7573,75.85,45760659,0.0,1.0
2020-11-03 00:00:00+00:00,76.58,77.08,74.6,74.93,41231803,76.58,77.08,74.6,74.93,41231803,0.0,1.0
2020-11-04 00:00:00+00:00,81.35,81.85,78.975,80.25,66579711,81.35,81.85,78.975,80.25,66579711,0.0,1.0
2020-11-05 00:00:00+00:00,83.0,83.5,81.85,83.27,46542267,83.0,83.5,81.85,83.27,46542267,0.0,1.0
2020-11-06 00:00:00+00:00,85.88,86.09,82.67,83.52,53829936,85.88,86.09,82.67,83.52,53829936,0.0,1.0
2020-11-09 00:00:00+00:00,83.12,87.05,82.77,84.24,58580684,83.12,87.05,82.77,84.24,58580684,0.0,1.0
2020-11-10 00:00:00+00:00,77.99,82.13,77.63,81.93,67137196,77.99,82.13,77.63,81.93,67137196,0.0,1.0
2020-11-11 00:00:00+00:00,81.28,81.47,78.97,79.39,44611250,81.28,81.47,78.97,79.39,44611250,0.0,1.0
2020-11-12 00:00:00+00:00,81.84,83.0,80.3,81.32,37303106,81.84,83.0,80.3,81.32,37303106,0.0,1.0
2020-11-13 00:00:00+00:00,81.43,83.11,80.7,82.73,30448461,81.43,83.11,80.7,82.73,30448461,0.0,1.0
2020-11-16 00:00:00+00:00,83.73,83.78,80.48,81.21,38640842,83.73,83.78,80.48,81.21,38640842,0.0,1.0
2020-11-17 00:00:00+00:00,83.36,84.81,82.91,83.9298,29473512,83.36,84.81,82.91,83.9298,29473512,0.0,1.0
2020-11-18 00:00:00+00:00,82.54,83.955,82.22,83.0135,29967958,82.54,83.955,82.22,83.0135,29967958,0.0,1.0
2020-11-19 00:00:00+00:00,85.54,85.64,81.72,82.39,50116759,85.54,85.64,81.72,82.39,50116759,0.0,1.0
2020-11-20 00:00:00+00:00,84.64,86.1,84.47,85.28,35008427,84.64,86.1,84.47,85.28,35008427,0.0,1.0
2020-11-23 00:00:00+00:00,85.31,87.54,84.615,85.52,46504964,85.31,87.54,84.615,85.52,46504964,0.0,1.0
2020-11-24 00:00:00+00:00,85.07,86.11,83.32,85.7235,36297944,85.07,86.11,83.32,85.7235,36297944,0.0,1.0
2020-11-25 00:00:00+00:00,86.71,87.84,85.52,85.76,41349727,86.71,87.84,85.52,85.76,41349727,0.0,1.0
2020-11-27 00:00:00+00:00,87.19,88.0,86.3598,87.99,22717638,87.19,88.0,86.3598,87.99,22717638,0.0,1.0
2020-11-30 00:00:00+00:00,92.66,92.74,86.53,87.33,84482979,92.66,92.74,86.53,87.33,84482979,0.0,1.0
2020-12-01 00:00:00+00:00,92.63,93.9,90.78,92.25,58200308,92.63,93.9,90.78,92.25,58200308,0.0,1.0
2020-12-02 00:00:00+00:00,93.74,96.37,92.5253,92.89,57988822,93.74,96.37,92.5253,92.89,57988822,0.0,1.0
2020-12-03 00:00:00+00:00,92.31,94.7,92.01,94.06,35859716,92.31,94.7,92.01,94.06,35859716,0.0,1.0
2020-12-04 00:00:00+00:00,94.04,94.58,90.63,92.58,45570273,94.04,94.58,90.63,92.58,45570273,0.0,1.0
2020-12-07 00:00:00+00:00,94.07,95.0,92.97,94.95,39815654,94.07,95.0,92.97,94.95,39815654,0.0,1.0
2020-12-08 00:00:00+00:00,92.92,94.74,91.9,94.05,33907510,92.92,94.74,91.9,94.05,33907510,0.0,1.0
2020-12-09 00:00:00+00:00,89.83,94.7,89.16,92.76,52170379,89.83,94.7,89.16,92.76,52170379,0.0,1.0
2020-12-10 00:00:00+00:00,91.66,92.09,89.0297,89.55,33804412,91.66,92.09,89.0297,89.55,33804412,0.0,1.0
2020-12-11 00:00:00+00:00,91.65,92.33,90.16,91.54,28368145,91.65,92.33,90.16,91.54,28368145,0.0,1.0
2020-12-14 00:00:00+00:00,94.78,95.41,91.85,92.205,48026426,94.78,95.41,91.85,92.205,48026426,0.0,1.0
2020-12-15 00:00:00+00:00,97.12,97.98,95.45,95.93,57305100,97.12,97.98,95.45,95.93,57305100,0.0,1.0
2020-12-16 00:00:00+00:00,96.85,97.27,95.46,97.04,34909037,96.85,97.27,95.46,97.04,34909037,0.0,1.0
2020-12-17 00:00:00+00:00,96.84,97.92,96.25,97.55,32023734,96.84,97.92,96.25,97.55,32023734,0.0,1.0
2020-12-18 00:00:00+00:00,95.92,97.68,93.56,97.27,51823103,95.92,97.68,93.56,97.27,51823103,0.0,1.0
2020-12-21 00:00:00+00:00,93.23,95.28,91.08,94.25,47093891,93.23,95.28,91.08,94.25,47093891,0.0,1.0
2020-12-22 00:00:00+00:00,93.16,93.55,90.53,93.36,35717836,93.16,93.55,90.53,93.36,35717836,0.0,1.0
2020-12-23 00:00:00+00:00,91.55,93.13,91.46,93.08,25993348,91.55,93.13,91.46,93.08,25993348,0.0,1.0
2020-12-24 00:00:00+00:00,91.81,92.51,91.31,91.8,16705909,91.81,92.51,91.31,91.8,16705909,0.0,1.0
2020-12-28 00:00:00+00:00,91.6,93.14,90.82,92.93,30512512,91.6,93.14,90.82,92.93,30512512,0.0,1.0
2020-12-29 00:00:00+00:00,90.62,92.46,89.4301,91.66,31748211,90.62,92.46,89.4301,91.66,31748211,0.0,1.0
2020-12-30 00:00:00+00:00,92.29,92.85,90.19,90.78,25844973,92.29,92.85,90.19,90.78,25844973,0.0,1.0
2020-12-31 00:00:00+00:00,91.71,92.3,90.87,92.1,24930684,91.71,92.3,90.87,92.1,24930684,0.0,1.0
2021-01-04 00:00:00+00:00,92.3,96.06,90.915,92.11,51802552,92.3,96.06,90.915,92.11,51802552,0.0,1.0
2021-01-05 00:00:00+00:00,92.77,93.2077,91.41,92.1,34207989,92.77,93.2077,91.41,92.1,34207989,0.0,1.0
2021-01-06 00:00:00+00:00,90.33,92.28,89.46,91.62,51911657,90.33,92.28,89.46,91.62,51911657,0.0,1.0
2021-01-07 00:00:00+00:00,95.16,95.51,91.2,91.33,42897157,95.16,95.51,91.2,91.33,42897157,0.0,1.0
2021-01-08 00:00:00+00:00,94.58,96.4,93.27,95.98,39816400,94.58,96.4,93.27,95.98,39816400,0.0,1.0
2021-01-11 00:00:00+00:00,97.25,99.23,93.76,94.025,48669103,97.25,99.23,93.76,94.025,48669103,0.0,1.0
2021-01-12 00:00:00+00:00,95.355,98.97,94.07,97.86,67435038,95.355,98.97,94.07,97.86,67435038,0.0,1.0
2021-01-13 00:00:00+00:00,91.78,93.89,90.84,93.01,60712896,91.78,93.89,90.84,93.01,60712896,0.0,1.0
2021-01-14 00:00:00+00:00,90.79,92.36,90.45,91.77,53408241,90.79,92.36,90.45,91.77,53408241,0.0,1.0
2021-01-15 00:00:00+00:00,88.21,91.59,87.86,90.75,49340338,88.21,91.59,87.86,90.75,49340338,0.0,1.0
2021-01-19 00:00:00+00:00,89.45,89.58,87.24,89.56,45115055,89.45,89.58,87.24,89.56,45115055,0.0,1.0
2021-01-20 00:00:00+00:00,88.75,90.78,88.6,90.55,35185810,88.75,90.78,88.6,90.55,35185810,0.0,1.0
2021-01-21 00:00:00+00:00,91.53,92.07,88.43,89.34,54596079,91.53,92.07,88.43,89.34,54596079,0.0,1.0
2021-01-22 00:00:00+00:00,92.79,95.95,91.88,94.42,71294707,92.79,95.95,91.88,94.42,71294707,0.0,1.0
2021-01-25 00:00:00+00:00,94.13,95.74,91.4,94.14,55086943,94.13,95.74,91.4,94.14,55086943,0.0,1.0
2021-01-26 00:00:00+00:00,94.71,95.7171,93.63,94.91,59449053,94.71,95.7171,93.63,94.91,59449053,0.0,1.0
2021-01-27 00:00:00+00:00,88.84,91.88,86.22,91.1,73341193,88.84,91.88,86.22,91.1,73341193,0.0,1.0
2021-01-28 00:00:00+00:00,87.52,89.88,87.3,89.83,47048362,87.52,89.88,87.3,89.83,47048362,0.0,1.0
2021-01-29 00:00:00+00:00,85.64,88.33,85.02,87.56,56735828,85.64,88.33,85.02,87.56,56735828,0.0,1.0
2021-02-01 00:00:00+00:00,87.66,87.95,84.66,86.83,42359344,87.66,87.95,84.66,86.83,42359344,0.0,1.0
2021-02-02 00:00:00+00:00,88.86,89.28,86.95,88.49,33671407,88.86,89.28,86.95,88.49,33671407,0.0,1.0
2021-02-03 00:00:00+00:00,87.89,89.48,87.34,88.6,32312885,87.89,89.48,87.34,88.6,32312885,0.0,1.0
2021-02-04 00:00:00+00:00,87.84,88.6,87.06,88.22,30791641,87.84,88.6,87.06,88.22,30791641,0.0,1.0
2021-02-05 00:00:00+00:00,87.9,88.36,86.875,88.15,30268677,87.9,88.36,86.875,88.15,30268677,0.0,1.0
2021-02-08 00:00:00+00:00,91.47,91.99,87.98,88.31,47639887,91.47,91.99,87.98,88.31,47639887,0.0,1.0
2021-02-09 00:00:00+00:00,90.91,93.3,90.55,91.39,37378124,90.91,93.3,90.55,91.39,37378124,0.0,1.0
2021-02-10 00:00:00+00:00,92.35,93.27,90.46,91.5,42232296,92.35,93.27,90.46,91.5,42232296,0.0,1.0
2021-02-11 00:00:00+00:00,92.66,93.65,91.33,92.9,35571025,92.66,93.65,91.33,92.9,35571025,0.0,1.0
2021-02-12 00:00:00+00:00,93.77,94.22,91.9,92.75,38538353,93.77,94.22,91.9,92.75,38538353,0.0,1.0
2021-02-16 00:00:00+00:00,91.46,94.0,90.7499,93.9,35105917,91.46,94.0,90.7499,93.9,35105917,0.0,1.0
2021-02-17 00:00:00+00:00,89.94,90.96,88.5701,90.56,32154497,89.94,90.96,88.5701,90.56,32154497,0.0,1.0
2021-02-18 00:00:00+00:00,88.64,89.6,87.31,89.09,35624948,88.64,89.6,87.31,89.09,35624948,0.0,1.0
2021-02-19 00:00:00+00:00,89.58,90.4163,88.69,89.75,29548273,89.58,90.4163,88.69,89.75,29548273,0.0,1.0
2021-02-22 00:00:00+00:00,85.37,88.3,85.21,88.15,36686163,85.37,88.3,85.21,88.15,36686163,0.0,1.0
2021-02-23 00:00:00+00:00,84.74,85.11,79.36,83.4,49720914,84.74,85.11,79.36,83.4,49720914,0.0,1.0
2021-02-24 00:00:00+00:00,86.94,87.09,82.81,84.33,40821150,86.94,87.09,82.81,84.33,40821150,0.0,1.0
2021-02-25 00:00:00+00:00,82.42,87.09,81.92,86.17,54275246,82.42,87.09,81.92,86.17,54275246,0.0,1.0
2021-02-26 00:00:00+00:00,84.51,85.59,82.91,83.565,48815557,84.51,85.59,82.91,83.565,48815557,0.0,1.0
2021-03-01 00:00:00+00:00,86.39,86.5,83.97,85.365,32746181,86.39,86.5,83.97,85.365,32746181,0.0,1.0
2021-03-02 00:00:00+00:00,84.13,86.95,84.04,86.92,34828157,84.13,86.95,84.04,86.92,34828157,0.0,1.0
2021-03-03 00:00:00+00:00,80.86,84.38,80.85,84.28,43541041,80.86,84.38,80.85,84.28,43541041,0.0,1.0
2021-03-04 00:00:00+00:00,77.75,81.8067,76.78,80.23,60549371,77.75,81.8067,76.78,80.23,60549371,0.0,1.0
2021-03-05 00:00:00+00:00,78.52,79.48,74.2,79.0,58548912,78.52,79.48,74.2,79.0,58548912,0.0,1.0
2021-03-08 00:00:00+00:00,73.96,79.0,73.86,78.03,54563874,73.96,79.0,73.86,78.03,54563874,0.0,1.0
2021-03-09 00:00:00+00:00,78.53,79.215,75.77,76.73,45088336,78.53,79.215,75.77,76.73,45088336,0.0,1.0
2021-03-10 00:00:00+00:00,77.52,80.04,77.41,79.75,45416616,77.52,80.04,77.41,79.75,45416616,0.0,1.0
2021-03-11 00:00:00+00:00,81.23,81.89,79.37,79.4,43583719,81.23,81.89,79.37,79.4,43583719,0.0,1.0
2021-03-12 00:00:00+00:00,81.05,81.19,79.23,79.73,32937950,81.05,81.19,79.23,79.73,32937950,0.0,1.0
2021-03-15 00:00:00+00:00,82.5,83.39,81.2,81.91,39365424,82.5,83.39,81.2,81.91,39365424,0.0,1.0
2021-03-16 00:00:00+00:00,82.75,84.75,82.255,83.66,42971552,82.75,84.75,82.255,83.66,42971552,0.0,1.0
2021-03-17 00:00:00+00:00,82.63,83.25,80.411,81.75,43320573,82.63,83.25,80.411,81.75,43320573,0.0,1.0
2021-03-18 00:00:00+00:00,78.12,81.62,78.01,81.055,51036502,78.12,81.62,78.01,81.055,51036502,0.0,1.0
2021-03-19 00:00:00+00:00,79.06,79.34,77.59,78.49,42283391,79.06,79.34,77.59,78.49,42283391,0.0,1.0
2021-03-22 00:00:00+00:00,80.3,81.265,79.22,79.99,39648614,80.3,81.265,79.22,79.99,39648614,0.0,1.0
2021-03-23 00:00:00+00:00,78.38,80.34,77.95,80.13,40466635,78.38,80.34,77.95,80.13,40466635,0.0,1.0
2021-03-24 00:00:00+00:00,76.48,78.8,76.4,77.55,43753642,76.48,78.8,76.4,77.55,43753642,0.0,1.0
2021-03-25 00:00:00+00:00,76.22,76.95,74.96,75.85,44735103,76.22,76.95,74.96,75.85,44735103,0.0,1.0
2021-03-26 00:00:00+00:00,77.41,77.4995,75.03,76.62,49148659,77.41,77.4995,75.03,76.62,49148659,0.0,1.0
2021-03-29 00:00:00+00:00,77.14,78.02,76.26,77.03,37144298,77.14,78.02,76.26,77.03,37144298,0.0,1.0
2021-03-30 00:00:00+00:00,76.0,76.56,74.85,76.47,39169250,76.0,76.56,74.85,76.47,39169250,0.0,1.0
2021-03-31 00:00:00+00:00,78.5,79.13,76.52,76.57,43659455,78.5,79.13,76.52,76.57,43659455,0.0,1.0
2021-04-01 00:00:00+00:00,81.09,81.31,79.48,80.155,40182380,81.09,81.31,79.48,80.155,40182380,0.0,1.0
2021-04-05 00:00:00+00:00,81.43,81.9,80.39,81.74,32610554,81.43,81.9,80.39,81.74,32610554,0.0,1.0
2021-04-06 00:00:00+00:00,81.44,82.455,80.88,81.21,29327948,81.44,82.455,80.88,81.21,29327948,0.0,1.0
2021-04-07 00:00:00+00:00,82.2,83.1,80.35,81.32,35590925,82.2,83.1,80.35,81.32,35590925,0.0,1.0
2021-04-08 00:00:00+00:00,83.35,83.79,82.435,83.32,41925284,83.35,83.79,82.435,83.32,41925284,0.0,1.0
2021-04-09 00:00:00+00:00,82.76,83.59,82.16,82.8,32759867,82.76,83.59,82.16,82.8,32759867,0.0,1.0
2021-04-12 00:00:00+00:00,78.58,82.18,78.03,82.055,62098804,78.58,82.18,78.03,82.055,62098804,0.0,1.0
2021-04-13 00:00:00+00:00,80.19,80.72,78.98,79.67,37767257,80.19,80.72,78.98,79.67,37767257,0.0,1.0
2021-04-14 00:00:00+00:00,78.55,80.13,77.935,79.88,34263832,78.55,80.13,77.935,79.88,34263832,0.0,1.0
2021-04-15 00:00:00+00:00,83.01,83.95,79.97,80.32,68942819,83.01,83.95,79.97,80.32,68942819,0.0,1.0
2021-04-16 00:00:00+00:00,82.15,83.59,81.53,83.3,47280570,82.15,83.59,81.53,83.3,47280570,0.0,1.0
2021-04-19 00:00:00+00:00,81.11,83.18,80.39,82.13,39115461,81.11,83.18,80.39,82.13,39115461,0.0,1.0
2021-04-20 00:00:00+00:00,79.27,81.11,78.51,80.82,34977750,79.27,81.11,78.51,80.82,34977750,0.0,1.0
2021-04-21 00:00:00+00:00,81.61,81.66,78.86,78.99,35068955,81.61,81.66,78.86,78.99,35068955,0.0,1.0
2021-04-22 00:00:00+00:00,79.06,81.79,78.59,81.61,38846050,79.06,81.79,78.59,81.61,38846050,0.0,1.0
2021-04-23 00:00:00+00:00,82.76,83.3,79.96,80.21,49267281,82.76,83.3,79.96,80.21,49267281,0.0,1.0
2021-04-26 00:00:00+00:00,85.41,85.9,82.7,83.35,57594535,85.41,85.9,82.7,83.35,57594535,0.0,1.0
2021-04-27 00:00:00+00:00,85.21,87.15,85.13,85.67,61909865,85.21,87.15,85.13,85.67,61909865,0.0,1.0
2021-04-28 00:00:00+00:00,84.02,89.2,83.92,88.85,108920306,84.02,89.2,83.92,88.85,108920306,0.0,1.0
2021-04-29 00:00:00+00:00,83.91,85.27,82.63,84.7,51294528,83.91,85.27,82.63,84.7,51294528,0.0,1.0
2021-04-30 00:00:00+00:00,81.62,84.1,81.415,82.97,46601858,81.62,84.1,81.415,82.97,46601858,0.0,1.0
2021-05-03 00:00:00+00:00,78.55,82.0,78.46,81.97,66323268,78.55,82.0,78.46,81.97,66323268,0.0,1.0
2021-05-04 00:00:00+00:00,78.61,78.67,77.04,77.95,59194328,78.61,78.67,77.04,77.95,59194328,0.0,1.0
2021-05-05 00:00:00+00:00,77.83,79.3,77.36,79.05,42310154,77.83,79.3,77.36,79.05,42310154,0.0,1.0
2021-05-06 00:00:00+00:00,77.89,78.0599,76.47,77.63,38661325,77.89,78.0599,76.47,77.63,38661325,0.0,1.0
2021-05-07 00:00:00+00:00,78.81,79.5718,78.22,78.75,36954179,78.81,79.5718,78.22,78.75,36954179,0.0,1.0
2021-05-10 00:00:00+00:00,75.99,78.3,75.92,78.2,45134490,75.99,78.3,75.92,78.2,45134490,0.0,1.0
2021-05-11 00:00:00+00:00,76.83,76.93,72.75,73.57,51008239,76.83,76.93,72.75,73.57,51008239,0.0,1.0
2021-05-12 00:00:00+00:00,74.64,76.13,74.16,75.09,42531423,74.64,76.13,74.16,75.09,42531423,0.0,1.0
2021-05-13 00:00:00+00:00,73.09,75.7,72.5,75.21,48646754,73.09,75.7,72.5,75.21,48646754,0.0,1.0
2021-05-14 00:00:00+00:00,74.59,75.0274,72.72,74.02,38355787,74.59,75.0274,72.72,74.02,38355787,0.0,1.0
2021-05-17 00:00:00+00:00,74.65,75.52,73.41,74.215,40779244,74.65,75.52,73.41,74.215,40779244,0.0,1.0
2021-05-18 00:00:00+00:00,74.44,75.7699,74.24,74.74,31982482,74.44,75.7699,74.24,74.74,31982482,0.0,1.0
2021-05-19 00:00:00+00:00,76.23,76.97,72.76,73.16,73966162,76.23,76.97,72.76,73.16,73966162,0.0,1.0
2021-05-20 00:00:00+00:00,78.06,78.27,76.25,76.81,49135012,78.06,78.27,76.25,76.81,49135012,0.0,1.0
2021-05-21 00:00:00+00:00,77.17,78.81,77.04,78.55,40201088,77.17,78.81,77.04,78.55,40201088,0.0,1.0
2021-05-24 00:00:00+00:00,77.44,78.01,76.8,77.26,33194287,77.44,78.01,76.8,77.26,33194287,0.0,1.0
2021-05-25 00:00:00+00:00,77.86,78.77,76.8365,77.33,47353101,77.86,78.77,76.8365,77.33,47353101,0.0,1.0
2021-05-26 00:00:00+00:00,78.34,78.59,77.59,77.83,30353997,78.34,78.59,77.59,77.83,30353997,0.0,1.0
2021-05-27 00:00:00+00:00,78.42,78.43,77.47,78.11,35883219,78.42,78.43,77.47,78.11,35883219,0.0,1.0
2021-05-28 00:00:00+00:00,80.08,81.09,78.66,78.66,40952663,80.08,81.09,78.66,78.66,40952663,0.0,1.0
2021-06-01 00:00:00+00:00,80.81,82.91,80.66,81.01,43433042,80.81,82.91,80.66,81.01,43433042,0.0,1.0
2021-06-02 00:00:00+00:00,81.97,82.6,80.66,81.0,35203224,81.97,82.6,80.66,81.0,35203224,0.0,1.0
2021-06-03 00:00:00+00:00,80.28,81.89,80.26,81.13,29811969,80.28,81.89,80.26,81.13,29811969,0.0,1.0
2021-06-04 00:00:00+00:00,81.58,82.19,80.81,80.92,26387799,81.58,82.19,80.81,80.92,26387799,0.0,1.0
2021-06-07 00:00:00+00:00,81.35,81.68,80.38,81.4,29006782,81.35,81.68,80.38,81.4,29006782,0.0,1.0
2021-06-08 00:00:00+00:00,80.89,82.645,80.45,81.87,26956625,80.89,82.645,80.45,81.87,26956625,0.0,1.0
2021-06-09 00:00:00+00:00,79.96,81.677,79.8,81.09,28454646,79.96,81.677,79.8,81.09,28454646,0.0,1.0
2021-06-10 00:00:00+00:00,81.56,81.71,79.7,80.02,28606356,81.56,81.71,79.7,80.02,28606356,0.0,1.0
2021-06-11 00:00:00+00:00,81.31,82.33,80.7,81.61,24310894,81.31,82.33,80.7,81.61,24310894,0.0,1.0
2021-06-14 00:00:00+00:00,81.55,81.55,80.2,81.51,27830243,81.55,81.55,80.2,81.51,27830243,0.0,1.0
2021-06-15 00:00:00+00:00,80.47,81.68,80.225,81.59,26194342,80.47,81.68,80.225,81.59,26194342,0.0,1.0
2021-06-16 00:00:00+00:00,80.11,81.45,78.96,80.75,29418666,80.11,81.45,78.96,80.75,29418666,0.0,1.0
2021-06-17 00:00:00+00:00,84.56,85.37,80.57,80.77,77822823,84.56,85.37,80.57,80.77,77822823,0.0,1.0
2021-06-18 00:00:00+00:00,84.65,85.77,83.48,84.28,58736805,84.65,85.77,83.48,84.28,58736805,0.0,1.0
2021-06-21 00:00:00+00:00,82.59,84.19,82.21,83.49,44417112,82.59,84.19,82.21,83.49,44417112,0.0,1.0
2021-06-22 00:00:00+00:00,83.58,84.04,82.48,82.9,32107700,83.58,84.04,82.48,82.9,32107700,0.0,1.0
2021-06-23 00:00:00+00:00,83.82,84.485,83.1603,83.83,25992435,83.82,84.485,83.1603,83.83,25992435,0.0,1.0
2021-06-24 00:00:00+00:00,86.1,87.1399,84.365,84.39,42217665,86.1,87.1399,84.365,84.39,42217665,0.0,1.0
2021-06-25 00:00:00+00:00,85.62,86.36,85.1,86.34,27804535,85.62,86.36,85.1,86.34,27804535,0.0,1.0
2021-06-28 00:00:00+00:00,87.08,88.0,86.15,86.38,30262042,87.08,88.0,86.15,86.38,30262042,0.0,1.0
2021-06-29 00:00:00+00:00,89.52,90.3,86.66,87.41,46181000,89.52,90.3,86.66,87.41,46181000,0.0,1.0
2021-06-30 00:00:00+00:00,93.93,94.335,90.6,90.82,70721525,93.93,94.335,90.6,90.82,70721525,0.0,1.0
2021-07-01 00:00:00+00:00,93.31,94.175,91.7,94.04,58059019,93.31,94.175,91.7,94.04,58059019,0.0,1.0
2021-07-02 00:00:00+00:00,94.7,95.27,92.205,93.28,51342975,94.7,95.27,92.205,93.28,51342975,0.0,1.0
2021-07-06 00:00:00+00:00,94.47,95.41,93.32,94.875,44930119,94.47,95.41,93.32,94.875,44930119,0.0,1.0
2021-07-07 00:00:00+00:00,90.54,95.44,90.31,95.02,51498481,90.54,95.44,90.31,95.02,51498481,0.0,1.0
2021-07-08 00:00:00+00:00,89.74,90.3399,87.45,87.86,45673454,89.74,90.3399,87.45,87.86,45673454,0.0,1.0
2021-07-09 00:00:00+00:00,90.9,91.26,88.53,90.04,35278416,90.9,91.26,88.53,90.04,35278416,0.0,1.0
2021-07-12 00:00:00+00:00,90.81,91.9,89.65,91.22,28526559,90.81,91.9,89.65,91.22,28526559,0.0,1.0
2021-07-13 00:00:00+00:00,90.26,91.41,89.8299,90.48,30367595,90.26,91.41,89.8299,90.48,30367595,0.0,1.0
2021-07-14 00:00:00+00:00,89.05,91.395,88.94,90.76,28108505,89.05,91.395,88.94,90.76,28108505,0.0,1.0
2021-07-15 00:00:00+00:00,86.93,89.78,86.1801,89.78,38944741,86.93,89.78,86.1801,89.78,38944741,0.0,1.0
2021-07-16 00:00:00+00:00,85.89,88.03,85.68,87.32,35860740,85.89,88.03,85.68,87.32,35860740,0.0,1.0
2021-07-19 00:00:00+00:00,86.58,87.2294,84.24,84.99,39244796,86.58,87.2294,84.24,84.99,39244796,0.0,1.0
2021-07-20 00:00:00+00:00,87.11,87.77,85.165,87.09,28088956,87.11,87.77,85.165,87.09,28088956,0.0,1.0
2021-07-21 00:00:00+00:00,89.41,89.49,86.9,87.25,29469864,89.41,89.49,86.9,87.25,29469864,0.0,1.0
2021-07-22 00:00:00+00:00,91.21,91.36,89.08,89.4,33730078,91.21,91.36,89.08,89.4,33730078,0.0,1.0
2021-07-23 00:00:00+00:00,92.15,92.37,90.19,91.3484,31708899,92.15,92.37,90.19,91.3484,31708899,0.0,1.0
2021-07-26 00:00:00+00:00,91.82,92.75,91.12,92.01,27668459,91.82,92.75,91.12,92.01,27668459,0.0,1.0
2021-07-27 00:00:00+00:00,91.03,94.1,89.1,92.94,69427021,91.03,94.1,89.1,92.94,69427021,0.0,1.0
2021-07-28 00:00:00+00:00,97.93,98.71,89.65,93.44,140561028,97.93,98.71,89.65,93.44,140561028,0.0,1.0
2021-07-29 00:00:00+00:00,102.95,105.74,96.58,96.58,163055852,102.95,105.74,96.58,96.58,163055852,0.0,1.0
2021-07-30 00:00:00+00:00,106.19,106.97,101.38,101.6,125632018,106.19,106.97,101.38,101.6,125632018,0.0,1.0
2021-08-02 00:00:00+00:00,108.63,110.33,103.83,105.93,115581854,108.63,110.33,103.83,105.93,115581854,0.0,1.0
2021-08-03 00:00:00+00:00,112.56,114.85,107.66,108.15,157723142,112.56,114.85,107.66,108.15,157723142,0.0,1.0
2021-08-04 00:00:00+00:00,118.77,122.49,114.16,114.36,225368699,118.77,122.49,114.16,114.36,225368699,0.0,1.0
2021-08-05 00:00:00+00:00,112.35,117.68,111.59,116.63,137860865,112.35,117.68,111.59,116.63,137860865,0.0,1.0
2021-08-06 00:00:00+00:00,110.11,116.2599,109.7,110.55,143899026,110.11,116.2599,109.7,110.55,143899026,0.0,1.0
2021-08-09 00:00:00+00:00,107.58,112.33,107.06,111.31,115749943,107.58,112.33,107.06,111.31,115749943,0.0,1.0
2021-08-10 00:00:00+00:00,106.48,109.17,104.36,107.895,113012297,106.48,109.17,104.36,107.895,113012297,0.0,1.0
2021-08-11 00:00:00+00:00,107.68,109.79,105.62,107.6,91788289,107.68,109.79,105.62,107.6,91788289,0.0,1.0
2021-08-12 00:00:00+00:00,106.5,108.44,105.86,107.39,60625725,106.5,108.44,105.86,107.39,60625725,0.0,1.0
2021-08-13 00:00:00+00:00,110.55,111.71,106.57,107.17,99825968,110.55,111.71,106.57,107.17,99825968,0.0,1.0
2021-08-16 00:00:00+00:00,107.48,111.58,105.865,110.2,73398938,107.48,111.58,105.865,110.2,73398938,0.0,1.0
2021-08-17 00:00:00+00:00,107.56,108.7,105.35,106.6435,74053905,107.56,108.7,105.35,106.6435,74053905,0.0,1.0
2021-08-18 00:00:00+00:00,103.44,108.07,103.27,107.35,79387943,103.44,108.07,103.27,107.35,79387943,0.0,1.0
2021-08-19 00:00:00+00:00,103.7,106.18,101.975,103.315,71117494,103.7,106.18,101.975,103.315,71117494,0.0,1.0
2021-08-20 00:00:00+00:00,104.65,105.98,103.99,104.32,55227562,104.65,105.98,103.99,104.32,55227562,0.0,1.0
2021-08-23 00:00:00+00:00,108.77,109.02,104.86,105.295,68835281,108.77,109.02,104.86,105.295,68835281,0.0,1.0
2021-08-24 00:00:00+00:00,107.65,109.61,107.28,109.45,51239297,107.65,109.61,107.28,109.45,51239297,0.0,1.0
2021-08-25 00:00:00+00:00,108.3,109.91,107.45,108.13,45485504,108.3,109.91,107.45,108.13,45485504,0.0,1.0
2021-08-26 00:00:00+00:00,107.27,109.2299,106.84,108.57,51442548,107.27,109.2299,106.84,108.57,51442548,0.0,1.0
2021-08-27 00:00:00+00:00,111.4,111.78,107.8,108.01,61030014,111.4,111.78,107.8,108.01,61030014,0.0,1.0
2021-08-30 00:00:00+00:00,111.32,114.4899,111.26,112.61,56130467,111.32,114.4899,111.26,112.61,56130467,0.0,1.0
2021-08-31 00:00:00+00:00,110.72,111.26,109.0343,111.26,49338955,110.72,111.26,109.0343,111.26,49338955,0.0,1.0
2021-09-01 00:00:00+00:00,109.99,111.85,109.85,111.3,38579559,109.99,111.85,109.85,111.3,38579559,0.0,1.0
2021-09-02 00:00:00+00:00,109.2,110.88,108.77,110.32,40108763,109.2,110.88,108.77,110.32,40108763,0.0,1.0
2021-09-03 00:00:00+00:00,109.92,111.17,108.5,108.85,42623780,109.92,111.17,108.5,108.85,42623780,0.0,1.0
2021-09-07 00:00:00+00:00,109.15,110.58,108.66,109.955,28815232,109.15,110.58,108.66,109.955,28815232,0.0,1.0
2021-09-08 00:00:00+00:00,106.17,109.3,105.52,108.88,43067911,106.17,109.3,105.52,108.88,43067911,0.0,1.0
2021-09-09 00:00:00+00:00,106.15,107.2953,105.84,106.56,31857873,106.15,107.2953,105.84,106.56,31857873,0.0,1.0
2021-09-10 00:00:00+00:00,105.2,106.9913,104.98,106.99,32602293,105.2,106.9913,104.98,106.99,32602293,0.0,1.0
2021-09-13 00:00:00+00:00,104.8,105.28,102.63,105.26,37767787,104.8,105.28,102.63,105.26,37767787,0.0,1.0
2021-09-14 00:00:00+00:00,105.73,106.82,104.42,105.52,40629527,105.73,106.82,104.42,105.52,40629527,0.0,1.0
2021-09-15 00:00:00+00:00,105.6,106.32,104.03,106.0,37998941,105.6,106.32,104.03,106.0,37998941,0.0,1.0
2021-09-16 00:00:00+00:00,106.22,106.75,103.76,104.915,38150269,106.22,106.75,103.76,104.915,38150269,0.0,1.0
2021-09-17 00:00:00+00:00,103.88,105.98,103.71,105.555,44528337,103.88,105.98,103.71,105.555,44528337,0.0,1.0
2021-09-20 00:00:00+00:00,101.55,102.51,99.51,101.58,45228411,101.55,102.51,99.51,101.58,45228411,0.0,1.0
2021-09-21 00:00:00+00:00,102.82,103.4299,101.18,102.15,35481501,102.82,103.4299,101.18,102.15,35481501,0.0,1.0
2021-09-22 00:00:00+00:00,104.38,104.56,102.21,102.815,34126280,104.38,104.56,102.21,102.815,34126280,0.0,1.0
2021-09-23 00:00:00+00:00,106.15,106.86,103.89,104.89,32816657,106.15,106.86,103.89,104.89,32816657,0.0,1.0
2021-09-24 00:00:00+00:00,105.8,106.0499,104.68,105.185,26482610,105.8,106.0499,104.68,105.185,26482610,0.0,1.0
2021-09-27 00:00:00+00:00,108.16,108.44,103.44,105.065,51944349,108.16,108.44,103.44,105.065,51944349,0.0,1.0
2021-09-28 00:00:00+00:00,101.52,107.65,101.42,106.835,74051446,101.52,107.65,101.42,106.835,74051446,0.0,1.0
2021-09-29 00:00:00+00:00,100.35,102.66,99.81,102.295,52224721,100.35,102.66,99.81,102.295,52224721,0.0,1.0
2021-09-30 00:00:00+00:00,102.9,104.44,101.99,102.08,57636700,102.9,104.44,101.99,102.08,57636700,0.0,1.0
2021-10-01 00:00:00+00:00,102.45,103.0,100.64,102.6,41491585,102.45,103.0,100.64,102.6,41491585,0.0,1.0
2021-10-04 00:00:00+00:00,100.34,101.85,99.82,101.742,41967149,100.34,101.85,99.82,101.742,41967149,0.0,1.0
2021-10-05 00:00:00+00:00,101.81,102.8699,100.6101,100.92,31455249,101.81,102.8699,100.6101,100.92,31455249,0.0,1.0
2021-10-06 00:00:00+00:00,103.64,103.72,100.35,100.445,39071703,103.64,103.72,100.35,100.445,39071703,0.0,1.0
2021-10-07 00:00:00+00:00,106.45,107.95,104.46,104.6,41543109,106.45,107.95,104.46,104.6,41543109,0.0,1.0
2021-10-08 00:00:00+00:00,105.06,107.28,104.89,106.55,30623047,105.06,107.28,104.89,106.55,30623047,0.0,1.0
2021-10-11 00:00:00+00:00,104.68,107.2,104.022,104.62,31284389,104.68,107.2,104.022,104.62,31284389,0.0,1.0
2021-10-12 00:00:00+00:00,105.04,106.04,104.34,105.165,34039906,105.04,106.04,104.34,105.165,34039906,0.0,1.0
2021-10-13 00:00:00+00:00,109.16,109.88,106.25,106.275,55631917,109.16,109.88,106.25,106.275,55631917,0.0,1.0
2021-10-14 00:00:00+00:00,111.99,112.22,109.6301,110.5,46900157,111.99,112.22,109.6301,110.5,46900157,0.0,1.0
2021-10-15 00:00:00+00:00,112.12,112.835,111.11,112.505,34203008,112.12,112.835,111.11,112.505,34203008,0.0,1.0
2021-10-18 00:00:00+00:00,116.43,116.88,111.37,111.9,47537763,116.43,116.88,111.37,111.9,47537763,0.0,1.0
2021-10-19 00:00:00+00:00,116.33,117.17,114.47,116.16,39593938,116.33,117.17,114.47,116.16,39593938,0.0,1.0
2021-10-20 00:00:00+00:00,116.39,118.3001,115.421,116.29,34244811,116.39,118.3001,115.421,116.29,34244811,0.0,1.0
2021-10-21 00:00:00+00:00,119.33,119.68,116.26,116.5,34794945,119.33,119.68,116.26,116.5,34794945,0.0,1.0
2021-10-22 00:00:00+00:00,119.82,121.56,118.37,120.825,38992694,119.82,121.56,118.37,120.825,38992694,0.0,1.0
2021-10-25 00:00:00+00:00,122.36,123.4599,118.6,120.515,47834118,122.36,123.4599,118.6,120.515,47834118,0.0,1.0
2021-10-26 00:00:00+00:00,122.93,127.2,122.5782,122.99,59458928,122.93,127.2,122.5782,122.99,59458928,0.0,1.0
2021-10-27 00:00:00+00:00,122.28,128.08,121.05,121.63,98245324,122.28,128.08,121.05,121.63,98245324,0.0,1.0
2021-10-28 00:00:00+00:00,121.16,123.5,120.26,122.855,58002459,121.16,123.5,120.26,122.855,58002459,0.0,1.0
2021-10-29 00:00:00+00:00,120.23,122.57,119.88,120.95,43320125,120.23,122.57,119.88,120.95,43320125,0.0,1.0
2021-11-01 00:00:00+00:00,125.23,125.67,118.1301,119.45,54128149,125.23,125.67,118.1301,119.45,54128149,0.0,1.0
2021-11-02 00:00:00+00:00,127.63,128.455,124.2,124.98,52701425,127.63,128.455,124.2,124.98,52701425,0.0,1.0
2021-11-03 00:00:00+00:00,130.53,130.6,126.7901,127.75,59537815,130.53,130.6,126.7901,127.75,59537815,0.0,1.0
2021-11-04 00:00:00+00:00,137.5,139.0,130.77,132.01,84825156,137.5,139.0,130.77,132.01,84825156,0.0,1.0
2021-11-05 00:00:00+00:00,136.34,141.22,134.42,139.185,64920597,136.34,141.22,134.42,139.185,64920597,0.0,1.0
2021-11-08 00:00:00+00:00,150.16,153.6,137.7,137.7,141493842,150.16,153.6,137.7,137.7,141493842,0.0,1.0
2021-11-09 00:00:00+00:00,148.92,155.65,143.89,154.01,98046805,148.92,155.65,143.89,154.01,98046805,0.0,1.0
2021-11-10 00:00:00+00:00,139.87,146.3,138.52,143.93,82989151,139.87,146.3,138.52,143.93,82989151,0.0,1.0
2021-11-11 00:00:00+00:00,146.01,146.47,140.84,142.955,67934845,146.01,146.47,140.84,142.955,67934845,0.0,1.0
2021-11-12 00:00:00+00:00,147.89,148.59,144.25,146.025,51911193,147.89,148.59,144.25,146.025,51911193,0.0,1.0
2021-11-15 00:00:00+00:00,146.49,148.98,142.86,148.0,52271271,146.49,148.98,142.86,148.0,52271271,0.0,1.0
2021-11-16 00:00:00+00:00,152.45,153.08,145.34,145.93,53100810,152.45,153.08,145.34,145.93,53100810,0.0,1.0
2021-11-17 00:00:00+00:00,151.34,154.6599,149.69,151.98,54527482,151.34,154.6599,149.69,151.98,54527482,0.0,1.0
2021-11-18 00:00:00+00:00,155.02,158.89,152.56,157.07,60612733,155.02,158.89,152.56,157.07,60612733,0.0,1.0
2021-11-19 00:00:00+00:00,155.41,156.92,153.445,155.76,41668862,155.41,156.92,153.445,155.76,41668862,0.0,1.0
2021-11-22 00:00:00+00:00,152.52,161.8799,152.39,157.14,58674078,152.52,161.8799,152.39,157.14,58674078,0.0,1.0
2021-11-23 00:00:00+00:00,149.92,152.66,145.2996,150.41,62852705,149.92,152.66,145.2996,150.41,62852705,0.0,1.0
2021-11-24 00:00:00+00:00,157.8,157.93,147.19,149.46,60677062,157.8,157.93,147.19,149.46,60677062,0.0,1.0
2021-11-26 00:00:00+00:00,154.81,158.1,152.81,155.8,36245068,154.81,158.1,152.81,155.8,36245068,0.0,1.0
2021-11-29 00:00:00+00:00,161.91,162.505,156.1,157.5,57438867,161.91,162.505,156.1,157.5,57438867,0.0,1.0
2021-11-30 00:00:00+00:00,158.37,164.4599,155.6801,163.28,75182545,158.37,164.4599,155.6801,163.28,75182545,0.0,1.0
2021-12-01 00:00:00+00:00,149.11,160.88,148.92,160.37,64185119,149.11,160.88,148.92,160.37,64185119,0.0,1.0
2021-12-02 00:00:00+00:00,150.68,152.53,146.47,147.675,56161216,150.68,152.53,146.47,147.675,56161216,0.0,1.0
2021-12-03 00:00:00+00:00,144.01,152.38,140.72,151.645,65910028,144.01,152.38,140.72,151.645,65910028,0.0,1.0
2021-12-06 00:00:00+00:00,139.06,141.31,134.2,141.135,66776493,139.06,141.31,134.2,141.135,66776493,0.0,1.0
2021-12-07 00:00:00+00:00,144.85,145.76,141.0001,143.9,53359432,144.85,145.76,141.0001,143.9,53359432,0.0,1.0
2021-12-08 00:00:00+00:00,145.24,147.04,142.7,144.96,40977478,145.24,147.04,142.7,144.96,40977478,0.0,1.0
2021-12-09 00:00:00+00:00,138.1,146.69,137.8,145.16,53019926,138.1,146.69,137.8,145.16,53019926,0.0,1.0
2021-12-10 00:00:00+00:00,138.55,141.365,135.82,141.29,42224275,138.55,141.365,135.82,141.29,42224275,0.0,1.0
2021-12-13 00:00:00+00:00,133.8,139.4,133.415,138.25,42173963,133.8,139.4,133.415,138.25,42173963,0.0,1.0
2021-12-14 00:00:00+00:00,135.6,137.24,130.6,131.67,50754642,135.6,137.24,130.6,131.67,50754642,0.0,1.0
2021-12-15 00:00:00+00:00,146.5,146.69,133.81,135.11,72425783,146.5,146.69,133.81,135.11,72425783,0.0,1.0
2021-12-16 00:00:00+00:00,138.64,147.93,137.02,147.0,63369550,138.64,147.93,137.02,147.0,63369550,0.0,1.0
2021-12-17 00:00:00+00:00,137.75,142.04,136.11,136.3,55692280,137.75,142.04,136.11,136.3,55692280,0.0,1.0
2021-12-20 00:00:00+00:00,135.8,138.26,133.52,135.97,38195396,135.8,138.26,133.52,135.97,38195396,0.0,1.0
2021-12-21 00:00:00+00:00,144.25,144.5,135.15,138.185,57785243,144.25,144.5,135.15,138.185,57785243,0.0,1.0
2021-12-22 00:00:00+00:00,143.88,144.5,140.27,142.65,46923682,143.88,144.5,140.27,142.65,46923682,0.0,1.0
2021-12-23 00:00:00+00:00,146.14,149.018,143.85,143.89,48653789,146.14,149.018,143.85,143.89,48653789,0.0,1.0
2021-12-27 00:00:00+00:00,154.36,154.89,147.25,147.51,53296375,154.36,154.89,147.25,147.51,53296375,0.0,1.0
2021-12-28 00:00:00+00:00,153.15,156.73,151.38,155.88,58699069,153.15,156.73,151.38,155.88,58699069,0.0,1.0
2021-12-29 00:00:00+00:00,148.26,154.3399,147.29,152.82,51300205,148.26,154.3399,147.29,152.82,51300205,0.0,1.0
2021-12-30 00:00:00+00:00,145.15,148.85,144.85,147.44,44357997,145.15,148.85,144.85,147.44,44357997,0.0,1.0
2021-12-31 00:00:00+00:00,143.9,148.61,143.55,146.16,49027007,143.9,148.61,143.55,146.16,49027007,0.0,1.0
2022-01-03 00:00:00+00:00,150.24,151.65,145.02,145.135,59477667,150.24,151.65,145.02,145.135,59477667,0.0,1.0
2022-01-04 00:00:00+00:00,144.42,152.42,140.7,151.01,80200455,144.42,152.42,140.7,151.01,80200455,0.0,1.0
2022-01-05 00:00:00+00:00,136.15,143.76,135.29,142.815,65403174,136.15,143.76,135.29,142.815,65403174,0.0,1.0
2022-01-06 00:00:00+00:00,136.23,138.0,131.77,136.19,64802937,136.23,138.0,131.77,136.19,64802937,0.0,1.0
2022-01-07 00:00:00+00:00,132.0,137.44,131.13,136.28,58441104,132.0,137.44,131.13,136.28,58441104,0.0,1.0
2022-01-10 00:00:00+00:00,132.0,132.42,125.03,129.08,84671336,132.0,132.42,125.03,129.08,84671336,0.0,1.0
2022-01-11 00:00:00+00:00,137.31,138.99,131.59,133.45,76931592,137.31,138.99,131.59,133.45,76931592,0.0,1.0
2022-01-12 00:00:00+00:00,137.47,140.57,135.77,138.585,69669598,137.47,140.57,135.77,138.585,69669598,0.0,1.0
2022-01-13 00:00:00+00:00,132.74,141.25,131.81,139.44,76618059,132.74,141.25,131.81,139.44,76618059,0.0,1.0
2022-01-14 00:00:00+00:00,136.88,137.0,131.43,131.68,71078438,136.88,137.0,131.43,131.68,71078438,0.0,1.0
2022-01-18 00:00:00+00:00,131.93,136.3893,131.59,134.5,56219009,131.93,136.3893,131.59,134.5,56219009,0.0,1.0
2022-01-19 00:00:00+00:00,128.27,134.57,128.02,133.55,69429197,128.27,134.57,128.02,133.55,69429197,0.0,1.0
2022-01-20 00:00:00+00:00,121.89,128.51,121.41,126.04,91157293,121.89,128.51,121.41,126.04,91157293,0.0,1.0
2022-01-21 00:00:00+00:00,118.81,125.02,118.39,120.14,95685268,118.81,125.02,118.39,120.14,95685268,0.0,1.0
2022-01-24 00:00:00+00:00,116.53,116.77,107.5,115.4,116301816,116.53,116.77,107.5,115.4,116301816,0.0,1.0
2022-01-25 00:00:00+00:00,111.13,114.82,109.86,114.1,85102907,111.13,114.82,109.86,114.1,85102907,0.0,1.0
2022-01-26 00:00:00+00:00,110.71,117.16,108.63,114.55,94752613,110.71,117.16,108.63,114.55,94752613,0.0,1.0
2022-01-27 00:00:00+00:00,102.6,112.75,101.94,111.96,125954124,102.6,112.75,101.94,111.96,125954124,0.0,1.0
2022-01-28 00:00:00+00:00,105.24,105.4,99.35,101.55,98749521,105.24,105.4,99.35,101.55,98749521,0.0,1.0
2022-01-31 00:00:00+00:00,114.25,114.31,106.9,107.93,97205994,114.25,114.31,106.9,107.93,97205994,0.0,1.0
2022-02-01 00:00:00+00:00,116.78,117.26,112.73,116.75,122467874,116.78,117.26,112.73,116.75,122467874,0.0,1.0
2022-02-02 00:00:00+00:00,122.76,130.06,120.64,129.89,180064993,122.76,130.06,120.64,129.89,180064993,0.0,1.0
2022-02-03 00:00:00+00:00,120.08,125.37,118.816,120.32,103599467,120.08,125.37,118.816,120.32,103599467,0.0,1.0
2022-02-04 00:00:00+00:00,123.6,124.96,118.58,120.34,86212008,123.6,124.96,118.58,120.34,86212008,0.0,1.0
2022-02-07 00:00:00+00:00,123.67,127.63,122.785,123.56,81672504,123.67,127.63,122.785,123.56,81672504,0.0,1.0
2022-02-08 00:00:00+00:00,128.23,128.705,122.05,122.38,84902753,128.23,128.705,122.05,122.38,84902753,0.0,1.0
2022-02-09 00:00:00+00:00,132.85,132.96,127.65,129.6,92948862,132.85,132.96,127.65,129.6,92948862,0.0,1.0
2022-02-10 00:00:00+00:00,125.77,131.7589,124.61,128.84,108939859,125.77,131.7589,124.61,128.84,108939859,0.0,1.0
2022-02-11 00:00:00+00:00,113.18,127.1699,111.81,126.14,164723241,113.18,127.1699,111.81,126.14,164723241,0.0,1.0
2022-02-14 00:00:00+00:00,114.27,118.37,113.46,115.51,135146410,114.27,118.37,113.46,115.51,135146410,0.0,1.0
2022-02-15 00:00:00+00:00,121.47,121.88,114.36,117.19,144139671,121.47,121.88,114.36,117.19,144139671,0.0,1.0
2022-02-16 00:00:00+00:00,117.69,119.54,114.22,119.05,119109631,117.69,119.54,114.22,119.05,119109631,0.0,1.0
2022-02-17 00:00:00+00:00,112.37,116.98,112.26,116.26,98179641,112.37,116.98,112.26,116.26,98179641,0.0,1.0
2022-02-18 00:00:00+00:00,113.83,115.635,109.89,113.9,114321231,113.83,115.635,109.89,113.9,114321231,0.0,1.0
2022-02-22 00:00:00+00:00,115.65,119.2,113.61,115.27,141069217,115.65,119.2,113.61,115.27,141069217,0.0,1.0
2022-02-23 00:00:00+00:00,109.76,118.65,109.04,117.4,120299433,109.76,118.65,109.04,117.4,120299433,0.0,1.0
2022-02-24 00:00:00+00:00,116.61,116.96,104.26,104.56,142956572,116.61,116.96,104.26,104.56,142956572,0.0,1.0
2022-02-25 00:00:00+00:00,121.06,121.23,116.0421,117.16,127820983,121.06,121.23,116.0421,117.16,127820983,0.0,1.0
2022-02-28 00:00:00+00:00,123.34,124.61,119.2,120.31,124666142,123.34,124.61,119.2,120.31,124666142,0.0,1.0
2022-03-01 00:00:00+00:00,113.83,122.43,112.8,122.33,126552244,113.83,122.43,112.8,122.33,126552244,0.0,1.0
2022-03-02 00:00:00+00:00,118.28,119.48,113.31,115.47,118354509,118.28,119.48,113.31,115.47,118354509,0.0,1.0
2022-03-03 00:00:00+00:00,111.98,118.26,111.05,118.13,123916721,111.98,118.26,111.05,118.13,123916721,0.0,1.0
2022-03-04 00:00:00+00:00,108.41,113.0,106.81,112.0,100671339,108.41,113.0,106.81,112.0,100671339,0.0,1.0
2022-03-07 00:00:00+00:00,102.95,109.53,102.82,108.53,92599972,102.95,109.53,102.82,108.53,92599972,0.0,1.0
2022-03-08 00:00:00+00:00,105.53,109.9,100.08,102.81,135348316,105.53,109.9,100.08,102.81,135348316,0.0,1.0
2022-03-09 00:00:00+00:00,111.05,111.71,106.85,108.41,102310329,111.05,111.71,106.85,108.41,102310329,0.0,1.0
2022-03-10 00:00:00+00:00,106.46,109.07,103.07,108.89,102557375,106.46,109.07,103.07,108.89,102557375,0.0,1.0
2022-03-11 00:00:00+00:00,104.29,108.19,104.08,108.13,87584432,104.29,108.19,104.08,108.13,87584432,0.0,1.0
2022-03-14 00:00:00+00:00,102.25,105.2397,101.04,102.99,89731676,102.25,105.2397,101.04,102.99,89731676,0.0,1.0
2022-03-15 00:00:00+00:00,109.33,109.69,101.79,102.66,112425543,109.33,109.69,101.79,102.66,112425543,0.0,1.0
2022-03-16 00:00:00+00:00,115.37,115.42,109.89,111.6,113689804,115.37,115.42,109.89,111.6,113689804,0.0,1.0
2022-03-17 00:00:00+00:00,111.69,114.27,109.71,112.14,103201695,111.69,114.27,109.71,112.14,103201695,0.0,1.0
2022-03-18 00:00:00+00:00,113.46,114.93,110.55,111.28,105271835,113.46,114.93,110.55,111.28,105271835,0.0,1.0
2022-03-21 00:00:00+00:00,115.92,117.57,112.54,113.73,101182208,115.92,117.57,112.54,113.73,101182208,0.0,1.0
2022-03-22 00:00:00+00:00,114.78,117.95,113.81,115.43,101343582,114.78,117.95,113.81,115.43,101343582,0.0,1.0
2022-03-23 00:00:00+00:00,113.92,117.55,112.21,114.29,90579150,113.92,117.55,112.21,114.29,90579150,0.0,1.0
2022-03-24 00:00:00+00:00,120.53,120.55,113.71,114.96,121961329,120.53,120.55,113.71,114.96,121961329,0.0,1.0
2022-03-25 00:00:00+00:00,119.67,121.4,117.2533,119.915,95724592,119.67,121.4,117.2533,119.915,95724592,0.0,1.0
2022-03-28 00:00:00+00:00,120.24,120.41,116.71,117.7,92966149,120.24,120.41,116.71,117.7,92966149,0.0,1.0
2022-03-29 00:00:00+00:00,123.23,123.71,119.59,122.28,94143028,123.23,123.71,119.59,122.28,94143028,0.0,1.0
2022-03-30 00:00:00+00:00,119.22,125.67,118.59,123.04,99476946,119.22,125.67,118.59,123.04,99476946,0.0,1.0
2022-03-31 00:00:00+00:00,109.34,116.38,109.02,116.31,147004790,109.34,116.38,109.02,116.31,147004790,0.0,1.0
2022-04-01 00:00:00+00:00,108.19,111.42,106.102,110.48,111867074,108.19,111.42,106.102,110.48,111867074,0.0,1.0
2022-04-04 00:00:00+00:00,110.53,110.9391,107.03,109.97,90220034,110.53,110.9391,107.03,109.97,90220034,0.0,1.0
2022-04-05 00:00:00+00:00,106.82,110.48,106.05,109.685,79305131,106.82,110.48,106.05,109.685,79305131,0.0,1.0
2022-04-06 00:00:00+00:00,103.67,105.744,101.7106,104.45,105256602,103.67,105.744,101.7106,104.45,105256602,0.0,1.0
2022-04-07 00:00:00+00:00,103.72,105.24,100.91,103.92,91895526,103.72,105.24,100.91,103.92,91895526,0.0,1.0
2022-04-08 00:00:00+00:00,101.0,102.99,100.4205,102.51,92746663,101.0,102.99,100.4205,102.51,92746663,0.0,1.0
2022-04-11 00:00:00+00:00,97.37,98.67,95.94,98.6,95527655,97.37,98.67,95.94,98.6,95527655,0.0,1.0
2022-04-12 00:00:00+00:00,95.1,99.59,94.6,98.78,89246449,95.1,99.59,94.6,98.78,89246449,0.0,1.0
2022-04-13 00:00:00+00:00,97.74,98.33,94.71,95.3,77728418,97.74,98.33,94.71,95.3,77728418,0.0,1.0
2022-04-14 00:00:00+00:00,93.06,98.39,92.92,98.37,73354367,93.06,98.39,92.92,98.37,73354367,0.0,1.0
2022-04-18 00:00:00+00:00,93.89,95.16,91.64,92.03,80605752,93.89,95.16,91.64,92.03,80605752,0.0,1.0
2022-04-19 00:00:00+00:00,96.93,97.07,92.84,93.385,77069496,96.93,97.07,92.84,93.385,77069496,0.0,1.0
2022-04-20 00:00:00+00:00,94.02,97.91,93.2,97.84,62322274,94.02,97.91,93.2,97.84,62322274,0.0,1.0
2022-04-21 00:00:00+00:00,89.85,96.23,89.24,95.16,76680635,89.85,96.23,89.24,95.16,76680635,0.0,1.0
2022-04-22 00:00:00+00:00,88.14,91.46,87.935,90.03,75017652,88.14,91.46,87.935,90.03,75017652,0.0,1.0
2022-04-25 00:00:00+00:00,90.69,91.37,88.61,89.86,93481042,90.69,91.37,88.61,89.86,93481042,0.0,1.0
2022-04-26 00:00:00+00:00,85.16,90.12,85.08,89.74,87805574,85.16,90.12,85.08,89.74,87805574,0.0,1.0
2022-04-27 00:00:00+00:00,84.91,87.9,84.02,84.25,83125054,84.91,87.9,84.02,84.25,83125054,0.0,1.0
2022-04-28 00:00:00+00:00,89.64,90.58,84.78,86.67,91495449,89.64,90.58,84.78,86.67,91495449,0.0,1.0
2022-04-29 00:00:00+00:00,85.52,91.79,85.38,88.05,82647701,85.52,91.79,85.38,88.05,82647701,0.0,1.0
2022-05-02 00:00:00+00:00,89.84,90.37,85.3201,85.655,98304091,89.84,90.37,85.3201,85.655,98304091,0.0,1.0
2022-05-03 00:00:00+00:00,91.13,92.21,89.01,89.85,126381846,91.13,92.21,89.01,89.85,126381846,0.0,1.0
2022-05-04 00:00:00+00:00,99.42,99.69,91.7,98.18,224892814,99.42,99.69,91.7,98.18,224892814,0.0,1.0
2022-05-05 00:00:00+00:00,93.87,97.84,92.17,97.65,153129770,93.87,97.84,92.17,97.65,153129770,0.0,1.0
2022-05-06 00:00:00+00:00,95.34,98.18,92.65,94.34,144286560,95.34,98.18,92.65,94.34,144286560,0.0,1.0
2022-05-09 00:00:00+00:00,86.36,93.74,85.38,92.865,144523668,86.36,93.74,85.38,92.865,144523668,0.0,1.0
2022-05-10 00:00:00+00:00,88.73,90.7721,85.41,89.18,137235451,88.73,90.7721,85.41,89.18,137235451,0.0,1.0
2022-05-11 00:00:00+00:00,87.92,93.46,86.53,87.84,136137858,87.92,93.46,86.53,87.84,136137858,0.0,1.0
2022-05-12 00:00:00+00:00,87.06,88.55,83.27,86.6,129214223,87.06,88.55,83.27,86.6,129214223,0.0,1.0
2022-05-13 00:00:00+00:00,95.12,96.57,88.22,88.3,138068073,95.12,96.57,88.22,88.3,138068073,0.0,1.0
2022-05-16 00:00:00+00:00,94.24,98.169,93.0801,93.86,131065665,94.24,98.169,93.0801,93.86,131065665,0.0,1.0
2022-05-17 00:00:00+00:00,102.47,103.2,97.54,97.88,164227181,102.47,103.2,97.54,97.88,164227181,0.0,1.0
2022-05-18 00:00:00+00:00,96.28,104.22,95.71,100.0,142603246,96.28,104.22,95.71,100.0,142603246,0.0,1.0
2022-05-19 00:00:00+00:00,96.67,100.69,95.09,96.69,141506169,96.67,100.69,95.09,96.69,141506169,0.0,1.0
2022-05-20 00:00:00+00:00,93.5,98.64,88.26,98.385,164126807,93.5,98.64,88.26,98.385,164126807,0.0,1.0
2022-05-23 00:00:00+00:00,95.07,95.19,90.92,91.66,128773040,95.07,95.19,90.92,91.66,128773040,0.0,1.0
2022-05-24 00:00:00+00:00,91.16,93.42,89.62,92.54,123341410,91.16,93.42,89.62,92.54,123341410,0.0,1.0
2022-05-25 00:00:00+00:00,92.65,93.89,89.52,90.425,111771116,92.65,93.89,89.52,90.425,111771116,0.0,1.0
2022-05-26 00:00:00+00:00,98.75,100.33,90.74,91.34,128792745,98.75,100.33,90.74,91.34,128792745,0.0,1.0
2022-05-27 00:00:00+00:00,102.26,102.4,99.38,100.14,104348440,102.26,102.4,99.38,100.14,104348440,0.0,1.0
2022-05-31 00:00:00+00:00,101.86,104.55,100.04,102.43,125102894,101.86,104.55,100.04,102.43,125102894,0.0,1.0
2022-06-01 00:00:00+00:00,101.22,103.57,99.55,102.13,99351389,101.22,103.57,99.55,102.13,99351389,0.0,1.0
2022-06-02 00:00:00+00:00,108.59,109.5,100.78,100.78,120953796,108.59,109.5,100.78,100.78,120953796,0.0,1.0
2022-06-03 00:00:00+00:00,106.3,109.39,104.65,105.8,110844697,106.3,109.39,104.65,105.8,110844697,0.0,1.0
2022-06-06 00:00:00+00:00,105.65,109.57,104.225,108.27,96726891,105.65,109.57,104.225,108.27,96726891,0.0,1.0
2022-06-07 00:00:00+00:00,105.28,106.24,102.61,104.24,79022851,105.28,106.24,102.61,104.24,79022851,0.0,1.0
2022-06-08 00:00:00+00:00,101.9,105.848,100.41,104.57,97641865,101.9,105.848,100.41,104.57,97641865,0.0,1.0
2022-06-09 00:00:00+00:00,98.8,103.94,98.74,101.57,95298975,98.8,103.94,98.74,101.57,95298975,0.0,1.0
2022-06-10 00:00:00+00:00,94.82,99.928,94.25,98.82,102212244,94.82,99.928,94.25,98.82,102212244,0.0,1.0
2022-06-13 00:00:00+00:00,86.99,92.03,86.64,91.26,98148812,86.99,92.03,86.64,91.26,98148812,0.0,1.0
2022-06-14 00:00:00+00:00,86.99,88.3,85.8201,87.41,84066567,86.99,88.3,85.8201,87.41,84066567,0.0,1.0
2022-06-15 00:00:00+00:00,89.3,90.86,86.19,87.9,95774807,89.3,90.86,86.19,87.9,95774807,0.0,1.0
2022-06-16 00:00:00+00:00,82.05,86.73,80.64,86.63,102433342,82.05,86.73,80.64,86.63,102433342,0.0,1.0
2022-06-17 00:00:00+00:00,81.57,82.94,79.43,82.19,105212293,81.57,82.94,79.43,82.19,105212293,0.0,1.0
2022-06-21 00:00:00+00:00,83.79,85.81,82.6,84.17,87780567,83.79,85.81,82.6,84.17,87780567,0.0,1.0
2022-06-22 00:00:00+00:00,83.75,86.375,83.3001,84.4,86634716,83.75,86.375,83.3001,84.4,86634716,0.0,1.0
2022-06-23 00:00:00+00:00,82.43,84.41,80.2251,84.315,100614559,82.43,84.41,80.2251,84.315,100614559,0.0,1.0
2022-06-24 00:00:00+00:00,87.08,87.53,83.0801,83.56,88553886,87.08,87.53,83.0801,83.56,88553886,0.0,1.0
2022-06-27 00:00:00+00:00,86.16,88.22,85.25,87.355,74663487,86.16,88.22,85.25,87.355,74663487,0.0,1.0
2022-06-28 00:00:00+00:00,80.78,86.73,80.43,85.71,95752533,80.78,86.73,80.43,85.71,95752533,0.0,1.0
2022-06-29 00:00:00+00:00,77.99,79.75,76.51,79.55,104140895,77.99,79.75,76.51,79.55,104140895,0.0,1.0
2022-06-30 00:00:00+00:00,76.47,78.91,75.48,77.73,105368616,76.47,78.91,75.48,77.73,105368616,0.0,1.0
2022-07-01 00:00:00+00:00,73.67,75.45,72.69,75.185,87734237,73.67,75.45,72.69,75.185,87734237,0.0,1.0
2022-07-05 00:00:00+00:00,75.2,75.21,71.6,71.98,95685751,75.2,75.21,71.6,71.98,95685751,0.0,1.0
2022-07-06 00:00:00+00:00,75.35,76.28,73.55,75.17,85458857,75.35,76.28,73.55,75.17,85458857,0.0,1.0
2022-07-07 00:00:00+00:00,79.3,79.99,76.9,77.195,83640945,79.3,79.99,76.9,77.195,83640945,0.0,1.0
2022-07-08 00:00:00+00:00,79.35,80.47,77.4,78.31,83405931,79.35,80.47,77.4,78.31,83405931,0.0,1.0
2022-07-11 00:00:00+00:00,76.95,78.29,75.8417,77.845,76247536,76.95,78.29,75.8417,77.845,76247536,0.0,1.0
2022-07-12 00:00:00+00:00,76.36,77.44,74.43,76.98,77873214,76.36,77.44,74.43,76.98,77873214,0.0,1.0
2022-07-13 00:00:00+00:00,77.52,79.11,74.48,74.94,79354976,77.52,79.11,74.48,74.94,79354976,0.0,1.0
2022-07-14 00:00:00+00:00,78.6,79.25,76.0,78.23,83493646,78.6,79.25,76.0,78.23,83493646,0.0,1.0
2022-07-15 00:00:00+00:00,81.11,81.2,77.9,79.36,76050597,81.11,81.2,77.9,79.36,76050597,0.0,1.0
2022-07-18 00:00:00+00:00,81.43,84.47,80.94,82.21,90464334,81.43,84.47,80.94,82.21,90464334,0.0,1.0
2022-07-19 00:00:00+00:00,85.88,86.41,82.19,82.76,85047506,85.88,86.41,82.19,82.76,85047506,0.0,1.0
2022-07-20 00:00:00+00:00,89.43,89.9198,85.08,85.39,88348558,89.43,89.9198,85.08,85.39,88348558,0.0,1.0
2022-07-21 00:00:00+00:00,91.09,91.58,88.22,89.6,90449338,91.09,91.58,88.22,89.6,90449338,0.0,1.0
2022-07-22 00:00:00+00:00,88.1,90.69,87.04,90.2,76989702,88.1,90.69,87.04,90.2,76989702,0.0,1.0
2022-07-25 00:00:00+00:00,87.54,87.6,85.12,86.57,70083006,87.54,87.6,85.12,86.57,70083006,0.0,1.0
2022-07-26 00:00:00+00:00,85.25,87.749,84.71,87.0,69180367,85.25,87.749,84.71,87.0,69180367,0.0,1.0
2022-07-27 00:00:00+00:00,89.82,90.62,86.29,86.94,78301564,89.82,90.62,86.29,86.94,78301564,0.0,1.0
2022-07-28 00:00:00+00:00,91.67,92.22,88.5909,90.415,79009185,91.67,92.22,88.5909,90.415,79009185,0.0,1.0
2022-07-29 00:00:00+00:00,94.47,94.81,90.56,90.7,76630707,94.47,94.81,90.56,90.7,76630707,0.0,1.0
2022-08-01 00:00:00+00:00,96.78,98.39,93.96,95.59,96477499,96.78,98.39,93.96,95.59,96477499,0.0,1.0
2022-08-02 00:00:00+00:00,99.29,100.915,95.36,95.71,116734097,99.29,100.915,95.36,95.71,116734097,0.0,1.0
2022-08-03 00:00:00+00:00,98.09,98.7693,93.62,94.83,131142046,98.09,98.7693,93.62,94.83,131142046,0.0,1.0
2022-08-04 00:00:00+00:00,103.91,104.59,97.26,97.5,125855773,103.91,104.59,97.26,97.5,125855773,0.0,1.0
2022-08-05 00:00:00+00:00,102.31,103.86,100.98,101.05,93859876,102.31,103.86,100.98,101.05,93859876,0.0,1.0
2022-08-08 00:00:00+00:00,100.07,101.8,97.99,100.06,92692592,100.07,101.8,97.99,100.06,92692592,0.0,1.0
2022-08-09 00:00:00+00:00,95.54,98.0461,93.67,97.95,89473663,95.54,98.0461,93.67,97.95,89473663,0.0,1.0
2022-08-10 00:00:00+00:00,99.05,99.35,95.61,98.45,83416119,99.05,99.35,95.61,98.45,83416119,0.0,1.0
2022-08-11 00:00:00+00:00,98.12,102.37,98.0,99.93,77516860,98.12,102.37,98.0,99.93,77516860,0.0,1.0
2022-08-12 00:00:00+00:00,100.83,101.4,98.48,99.2,72316345,100.83,101.4,98.48,99.2,72316345,0.0,1.0
2022-08-15 00:00:00+00:00,101.01,101.85,99.8002,100.505,61327142,101.01,101.85,99.8002,100.505,61327142,0.0,1.0
2022-08-16 00:00:00+00:00,100.2,101.45,98.3201,100.84,60220671,100.2,101.45,98.3201,100.84,60220671,0.0,1.0
2022-08-17 00:00:00+00:00,98.27,99.64,96.725,99.26,63735583,98.27,99.64,96.725,99.26,63735583,0.0,1.0
2022-08-18 00:00:00+00:00,100.44,101.07,96.7342,97.74,76059523,100.44,101.07,96.7342,97.74,76059523,0.0,1.0
2022-08-19 00:00:00+00:00,95.95,99.245,94.59,98.67,67221693,95.95,99.245,94.59,98.67,67221693,0.0,1.0
2022-08-22 00:00:00+00:00,92.84,95.02,92.36,94.4,61837284,92.84,95.02,92.36,94.4,61837284,0.0,1.0
2022-08-23 00:00:00+00:00,92.49,94.44,92.11,92.39,52590673,92.49,94.44,92.11,92.39,52590673,0.0,1.0
2022-08-24 00:00:00+00:00,92.73,93.38,90.9,92.21,56520431,92.73,93.38,90.9,92.21,56520431,0.0,1.0
2022-08-25 00:00:00+00:00,97.18,97.57,93.14,93.14,61016201,97.18,97.57,93.14,93.14,61016201,0.0,1.0
2022-08-26 00:00:00+00:00,91.18,97.5999,91.12,96.29,65552540,91.18,97.5999,91.12,96.29,65552540,0.0,1.0
2022-08-29 00:00:00+00:00,88.49,91.19,88.26,90.05,60564253,88.49,91.19,88.26,90.05,60564253,0.0,1.0
2022-08-30 00:00:00+00:00,86.94,90.15,85.34,90.055,69087118,86.94,90.15,85.34,90.055,69087118,0.0,1.0
2022-08-31 00:00:00+00:00,84.87,86.72,83.72,86.28,64991720,84.87,86.72,83.72,86.28,64991720,0.0,1.0
2022-09-01 00:00:00+00:00,82.33,82.755,78.52,82.345,94854710,82.33,82.755,78.52,82.345,94854710,0.0,1.0
2022-09-02 00:00:00+00:00,80.24,83.65,79.805,83.315,84924445,80.24,83.65,79.805,83.315,84924445,0.0,1.0
2022-09-06 00:00:00+00:00,78.72,80.89,78.3724,80.41,68588353,78.72,80.89,78.3724,80.41,68588353,0.0,1.0
2022-09-07 00:00:00+00:00,79.61,80.25,77.74,79.24,67891169,79.61,80.25,77.74,79.24,67891169,0.0,1.0
2022-09-08 00:00:00+00:00,82.78,83.45,79.24,80.03,89089304,82.78,83.45,79.24,80.03,89089304,0.0,1.0
2022-09-09 00:00:00+00:00,85.45,85.68,83.84,84.03,68936919,85.45,85.68,83.84,84.03,68936919,0.0,1.0
2022-09-12 00:00:00+00:00,84.64,85.3488,83.46,84.89,71922542,84.64,85.3488,83.46,84.89,71922542,0.0,1.0
2022-09-13 00:00:00+00:00,77.03,81.47,76.8,80.955,80921218,77.03,81.47,76.8,80.955,80921218,0.0,1.0
2022-09-14 00:00:00+00:00,77.45,78.08,75.87,77.1,71482997,77.45,78.08,75.87,77.1,71482997,0.0,1.0
2022-09-15 00:00:00+00:00,76.66,77.97,74.905,76.64,81817966,76.66,77.97,74.905,76.64,81817966,0.0,1.0
2022-09-16 00:00:00+00:00,76.51,76.82,74.68,75.62,75300178,76.51,76.82,74.68,75.62,75300178,0.0,1.0
2022-09-19 00:00:00+00:00,76.77,77.34,75.35,75.39,64966909,76.77,77.34,75.35,75.39,64966909,0.0,1.0
2022-09-20 00:00:00+00:00,75.25,76.58,74.7312,76.08,51129084,75.25,76.58,74.7312,76.08,51129084,0.0,1.0
2022-09-21 00:00:00+00:00,74.48,78.41,74.45,75.435,82069703,74.48,78.41,74.45,75.435,82069703,0.0,1.0
2022-09-22 00:00:00+00:00,69.5,74.29,69.17,73.89,100565539,69.5,74.29,69.17,73.89,100565539,0.0,1.0
2022-09-23 00:00:00+00:00,67.96,69.0801,66.8216,68.0,87689951,67.96,69.0801,66.8216,68.0,87689951,0.0,1.0
2022-09-26 00:00:00+00:00,66.3,68.74,66.25,67.87,82898693,66.3,68.74,66.25,67.87,82898693,0.0,1.0
2022-09-27 00:00:00+00:00,67.17,68.78,66.0,67.9,94871793,67.17,68.78,66.0,67.9,94871793,0.0,1.0
2022-09-28 00:00:00+00:00,68.36,68.7979,66.56,67.11,72389462,68.36,68.7979,66.56,67.11,72389462,0.0,1.0
2022-09-29 00:00:00+00:00,64.14,67.2,62.8301,67.15,102552389,64.14,67.2,62.8301,67.15,102552389,0.0,1.0
2022-09-30 00:00:00+00:00,63.36,65.91,63.34,63.615,81664125,63.36,65.91,63.34,63.615,81664125,0.0,1.0
2022-10-03 00:00:00+00:00,66.11,66.91,63.39,64.46,83841632,66.11,66.91,63.39,64.46,83841632,0.0,1.0
2022-10-04 00:00:00+00:00,67.9,69.18,67.33,68.27,77160479,67.9,69.18,67.33,68.27,77160479,0.0,1.0
2022-10-05 00:00:00+00:00,67.94,68.69,64.515,66.59,87127384,67.94,68.69,64.515,66.59,87127384,0.0,1.0
2022-10-06 00:00:00+00:00,67.85,70.29,67.661,67.82,98325917,67.85,70.29,67.661,67.82,98325917,0.0,1.0
2022-10-07 00:00:00+00:00,58.44,64.03,58.22,64.0101,163786265,58.44,64.03,58.22,64.0101,163786265,0.0,1.0
2022-10-10 00:00:00+00:00,57.81,58.79,56.3,57.31,112241785,57.81,58.79,56.3,57.31,112241785,0.0,1.0
2022-10-11 00:00:00+00:00,57.63,58.915,56.05,57.21,114054838,57.63,58.915,56.05,57.21,114054838,0.0,1.0
2022-10-12 00:00:00+00:00,57.85,58.32,56.32,57.45,89264184,57.85,58.32,56.32,57.45,89264184,0.0,1.0
2022-10-13 00:00:00+00:00,58.94,60.14,54.57,55.52,131159784,58.94,60.14,54.57,55.52,131159784,0.0,1.0
2022-10-14 00:00:00+00:00,55.94,59.94,55.835,59.6,96959299,55.94,59.94,55.835,59.6,96959299,0.0,1.0
2022-10-17 00:00:00+00:00,57.96,58.51,57.1,57.35,76977604,57.96,58.51,57.1,57.35,76977604,0.0,1.0
2022-10-18 00:00:00+00:00,57.92,60.49,56.4,59.91,103064529,57.92,60.49,56.4,59.91,103064529,0.0,1.0
2022-10-19 00:00:00+00:00,57.23,59.0376,56.57,57.325,75704837,57.23,59.0376,56.57,57.325,75704837,0.0,1.0
2022-10-20 00:00:00+00:00,57.77,60.2,57.4,57.47,79552604,57.77,60.2,57.4,57.47,79552604,0.0,1.0
2022-10-21 00:00:00+00:00,58.82,58.91,55.71,57.215,95366369,58.82,58.91,55.71,57.215,95366369,0.0,1.0
2022-10-24 00:00:00+00:00,58.7,59.0,56.66,58.57,76305381,58.7,59.0,56.66,58.57,76305381,0.0,1.0
2022-10-25 00:00:00+00:00,61.47,61.975,58.69,58.765,85501881,61.47,61.975,58.69,58.765,85501881,0.0,1.0
2022-10-26 00:00:00+00:00,59.73,61.77,59.15,59.69,79915891,59.73,61.77,59.15,59.69,79915891,0.0,1.0
2022-10-27 00:00:00+00:00,58.6,62.72,58.51,61.6,83871440,58.6,62.72,58.51,61.6,83871440,0.0,1.0
2022-10-28 00:00:00+00:00,62.01,62.35,58.92,59.1,78198605,62.01,62.35,58.92,59.1,78198605,0.0,1.0
2022-10-31 00:00:00+00:00,60.06,61.86,59.525,60.75,73274137,60.06,61.86,59.525,60.75,73274137,0.0,1.0
2022-11-01 00:00:00+00:00,59.66,61.99,59.425,61.485,83806667,59.66,61.99,59.425,61.485,83806667,0.0,1.0
2022-11-02 00:00:00+00:00,58.63,63.93,58.57,62.9999,142669440,58.63,63.93,58.57,62.9999,142669440,0.0,1.0
2022-11-03 00:00:00+00:00,60.11,62.28,58.03,58.11,95279891,60.11,62.28,58.03,58.11,95279891,0.0,1.0
2022-11-04 00:00:00+00:00,62.19,63.0,60.53,62.5,84791349,62.19,63.0,60.53,62.5,84791349,0.0,1.0
2022-11-07 00:00:00+00:00,63.08,63.53,61.4,62.93,62722498,63.08,63.53,61.4,62.93,62722498,0.0,1.0
2022-11-08 00:00:00+00:00,63.85,64.96,62.3678,64.09,75938045,63.85,64.96,62.3678,64.09,75938045,0.0,1.0
2022-11-09 00:00:00+00:00,59.92,63.05,59.8,62.28,62940338,59.92,63.05,59.8,62.28,62940338,0.0,1.0
2022-11-10 00:00:00+00:00,68.47,68.8,63.62,64.3,107996331,68.47,68.8,63.62,64.3,107996331,0.0,1.0
2022-11-11 00:00:00+00:00,72.37,73.32,68.29,69.58,111709462,72.37,73.32,68.29,69.58,111709462,0.0,1.0
2022-11-14 00:00:00+00:00,73.53,75.25,72.67,75.22,108892750,73.53,75.25,72.67,75.22,108892750,0.0,1.0
2022-11-15 00:00:00+00:00,76.37,79.16,75.39,77.26,108946318,76.37,79.16,75.39,77.26,108946318,0.0,1.0
2022-11-16 00:00:00+00:00,72.7,74.8268,71.925,73.655,79967998,72.7,74.8268,71.925,73.655,79967998,0.0,1.0
2022-11-17 00:00:00+00:00,73.9,74.38,70.16,70.56,82320829,73.9,74.38,70.16,70.56,82320829,0.0,1.0
2022-11-18 00:00:00+00:00,73.57,75.3499,72.18,75.07,73223214,73.57,75.3499,72.18,75.07,73223214,0.0,1.0
2022-11-21 00:00:00+00:00,72.46,72.98,71.57,72.21,51536349,72.46,72.98,71.57,72.21,51536349,0.0,1.0
2022-11-22 00:00:00+00:00,75.25,75.33,72.1091,72.72,55450160,75.25,75.33,72.1091,72.72,55450160,0.0,1.0
2022-11-23 00:00:00+00:00,76.4,78.22,75.3,75.49,81623628,76.4,78.22,75.3,75.49,81623628,0.0,1.0
2022-11-25 00:00:00+00:00,75.14,76.0393,74.7495,75.67,26018911,75.14,76.0393,74.7495,75.67,26018911,0.0,1.0
2022-11-28 00:00:00+00:00,73.19,75.4699,72.57,73.81,45448323,73.19,75.4699,72.57,73.81,45448323,0.0,1.0
2022-11-29 00:00:00+00:00,73.39,74.4899,72.78,73.62,51846449,73.39,74.4899,72.78,73.62,51846449,0.0,1.0
2022-11-30 00:00:00+00:00,77.63,77.7,72.8131,73.38,88468439,77.63,77.7,72.8131,73.38,88468439,0.0,1.0
2022-12-01 00:00:00+00:00,77.48,79.23,76.44,78.31,59833354,77.48,79.23,76.44,78.31,59833354,0.0,1.0
2022-12-02 00:00:00+00:00,74.98,76.28,73.65,75.05,64377175,74.98,76.28,73.65,75.05,64377175,0.0,1.0
2022-12-05 00:00:00+00:00,73.62,75.17,72.82,74.54,47022185,73.62,75.17,72.82,74.54,47022185,0.0,1.0
2022-12-06 00:00:00+00:00,70.27,73.3911,69.4,73.08,64965235,70.27,73.3911,69.4,73.08,64965235,0.0,1.0
2022-12-07 00:00:00+00:00,70.14,71.37,69.28,69.53,59180109,70.14,71.37,69.28,69.53,59180109,0.0,1.0
2022-12-08 00:00:00+00:00,70.47,71.225,69.0,70.14,56734096,70.47,71.225,69.0,70.14,56734096,0.0,1.0
2022-12-09 00:00:00+00:00,68.59,70.67,68.52,69.49,59058319,68.59,70.67,68.52,69.49,59058319,0.0,1.0
2022-12-12 00:00:00+00:00,70.67,70.67,67.53,68.54,60968341,70.67,70.67,67.53,68.54,60968341,0.0,1.0
2022-12-13 00:00:00+00:00,71.65,75.21,70.66,74.87,72458043,71.65,75.21,70.66,74.87,72458043,0.0,1.0
2022-12-14 00:00:00+00:00,68.93,72.0,68.32,70.93,67277981,68.93,72.0,68.32,70.93,67277981,0.0,1.0
2022-12-15 00:00:00+00:00,66.53,68.21,66.12,67.604,58557045,66.53,68.21,66.12,67.604,58557045,0.0,1.0
2022-12-16 00:00:00+00:00,65.41,67.19,64.8,66.25,62438574,65.41,67.19,64.8,66.25,62438574,0.0,1.0
2022-12-19 00:00:00+00:00,64.59,65.59,63.71,65.12,46246911,64.59,65.59,63.71,65.12,46246911,0.0,1.0
2022-12-20 00:00:00+00:00,65.05,66.06,63.52,63.76,52431257,65.05,66.06,63.52,63.76,52431257,0.0,1.0
2022-12-21 00:00:00+00:00,67.68,67.845,65.21,65.43,44167575,67.68,67.845,65.21,65.43,44167575,0.0,1.0
2022-12-22 00:00:00+00:00,63.86,66.31,62.2601,66.08,73917667,63.86,66.31,62.2601,66.08,73917667,0.0,1.0
2022-12-23 00:00:00+00:00,64.52,64.66,62.72,63.11,45923000,64.52,64.66,62.72,63.11,45923000,0.0,1.0
2022-12-27 00:00:00+00:00,63.27,64.28,62.97,63.87,36085981,63.27,64.28,62.97,63.87,36085981,0.0,1.0
2022-12-28 00:00:00+00:00,62.57,63.54,61.96,62.54,39526483,62.57,63.54,61.96,62.54,39526483,0.0,1.0
2022-12-29 00:00:00+00:00,64.82,65.18,63.06,63.635,41428481,64.82,65.18,63.06,63.635,41428481,0.0,1.0
2022-12-30 00:00:00+00:00,64.77,64.82,63.1437,63.77,37126975,64.77,64.82,63.1437,63.77,37126975,0.0,1.0
2023-01-03 00:00:00+00:00,64.02,66.88,63.59,65.998,46851844,64.02,66.88,63.59,65.998,46851844,0.0,1.0
2023-01-04 00:00:00+00:00,64.66,65.79,63.31,65.0,47477139,64.66,65.79,63.31,65.0,47477139,0.0,1.0
2023-01-05 00:00:00+00:00,62.33,64.35,62.3,64.15,46159549,62.33,64.35,62.3,64.15,46159549,0.0,1.0
2023-01-06 00:00:00+00:00,63.96,64.3,60.05,63.145,70161340,63.96,64.3,60.05,63.145,70161340,0.0,1.0
2023-01-09 00:00:00+00:00,67.24,69.32,65.67,66.22,69741257,67.24,69.32,65.67,66.22,69741257,0.0,1.0
2023-01-10 00:00:00+00:00,68.05,68.15,66.56,66.67,41149630,68.05,68.15,66.56,66.67,41149630,0.0,1.0
2023-01-11 00:00:00+00:00,69.06,69.13,67.2201,68.39,44470060,69.06,69.13,67.2201,68.39,44470060,0.0,1.0
2023-01-12 00:00:00+00:00,70.8,71.65,67.18,70.07,70066161,70.8,71.65,67.18,70.07,70066161,0.0,1.0
2023-01-13 00:00:00+00:00,71.0,71.1,69.23,69.84,45757358,71.0,71.1,69.23,69.84,45757358,0.0,1.0
2023-01-17 00:00:00+00:00,71.59,72.66,70.653,70.87,42621340,71.59,72.66,70.653,70.87,42621340,0.0,1.0
2023-01-18 00:00:00+00:00,70.53,72.78,70.5,71.87,39538725,70.53,72.78,70.5,71.87,39538725,0.0,1.0
2023-01-19 00:00:00+00:00,67.71,69.2536,67.265,68.975,47189852,67.71,69.2536,67.265,68.975,47189852,0.0,1.0
2023-01-20 00:00:00+00:00,70.07,70.13,67.45,68.01,47757593,70.07,70.13,67.45,68.01,47757593,0.0,1.0
2023-01-23 00:00:00+00:00,76.53,76.59,71.54,72.225,84293199,76.53,76.59,71.54,72.225,84293199,0.0,1.0
2023-01-24 00:00:00+00:00,74.7,75.6412,73.42,73.75,60822606,74.7,75.6412,73.42,73.75,60822606,0.0,1.0
2023-01-25 00:00:00+00:00,74.91,75.12,72.09,72.9,49932595,74.91,75.12,72.09,72.9,49932595,0.0,1.0
2023-01-26 00:00:00+00:00,75.16,77.0798,74.28,76.5,49583948,75.16,77.0798,74.28,76.5,49583948,0.0,1.0
2023-01-27 00:00:00+00:00,75.4,76.74,73.49,73.7,58118610,75.4,76.74,73.49,73.7,58118610,0.0,1.0
2023-01-30 00:00:00+00:00,72.45,74.64,72.4,74.23,48105243,72.45,74.64,72.4,74.23,48105243,0.0,1.0
2023-01-31 00:00:00+00:00,75.15,75.2,72.03,72.26,71669107,75.15,75.2,72.03,72.26,71669107,0.0,1.0
2023-02-01 00:00:00+00:00,84.64,85.48,77.88,78.47,152548240,84.64,85.48,77.88,78.47,152548240,0.0,1.0
2023-02-02 00:00:00+00:00,88.31,88.9388,83.2,84.29,97762091,88.31,88.9388,83.2,84.29,97762091,0.0,1.0
2023-02-03 00:00:00+00:00,86.09,88.8014,85.83,86.655,66557818,86.09,88.8014,85.83,86.655,66557818,0.0,1.0
2023-02-06 00:00:00+00:00,83.68,86.28,83.224,84.63,53008890,83.68,86.28,83.224,84.63,53008890,0.0,1.0
2023-02-07 00:00:00+00:00,85.91,86.25,82.52,84.32,65291914,85.91,86.25,82.52,84.32,65291914,0.0,1.0
2023-02-08 00:00:00+00:00,84.69,88.0,84.54,85.88,54140448,84.69,88.0,84.54,85.88,54140448,0.0,1.0
2023-02-09 00:00:00+00:00,83.21,86.67,82.76,85.88,46525397,83.21,86.67,82.76,85.88,46525397,0.0,1.0
2023-02-10 00:00:00+00:00,81.48,82.71,80.47,82.29,49332598,81.48,82.71,80.47,82.29,49332598,0.0,1.0
2023-02-13 00:00:00+00:00,83.13,84.15,80.9,81.57,45400008,83.13,84.15,80.9,81.57,45400008,0.0,1.0
2023-02-14 00:00:00+00:00,85.95,86.185,81.7672,82.7,55979653,85.95,86.185,81.7672,82.7,55979653,0.0,1.0
2023-02-15 00:00:00+00:00,85.18,85.89,83.32,85.1,46483152,85.18,85.89,83.32,85.1,46483152,0.0,1.0
2023-02-16 00:00:00+00:00,80.08,83.35,80.05,82.98,57755166,80.08,83.35,80.05,82.98,57755166,0.0,1.0
2023-02-17 00:00:00+00:00,78.5,79.6498,77.37,79.6,47826602,78.5,79.6498,77.37,79.6,47826602,0.0,1.0
2023-02-21 00:00:00+00:00,76.77,78.455,76.45,77.15,44045643,76.77,78.455,76.45,77.15,44045643,0.0,1.0
2023-02-22 00:00:00+00:00,76.61,78.1299,75.9201,76.93,50286804,76.61,78.1299,75.9201,76.93,50286804,0.0,1.0
2023-02-23 00:00:00+00:00,79.75,81.79,77.965,80.63,76391342,79.75,81.79,77.965,80.63,76391342,0.0,1.0
2023-02-24 00:00:00+00:00,78.09,78.81,76.94,77.75,46700007,78.09,78.81,76.94,77.75,46700007,0.0,1.0
2023-02-27 00:00:00+00:00,78.77,80.12,78.53,79.64,45617297,78.77,80.12,78.53,79.64,45617297,0.0,1.0
2023-02-28 00:00:00+00:00,78.58,80.14,77.42,77.872,44220135,78.58,80.14,77.42,77.872,44220135,0.0,1.0
2023-03-01 00:00:00+00:00,78.29,80.2869,77.8813,78.55,44265984,78.29,80.2869,77.8813,78.55,44265984,0.0,1.0
2023-03-02 00:00:00+00:00,80.44,80.92,76.65,77.57,60185875,80.44,80.92,76.65,77.57,60185875,0.0,1.0
2023-03-03 00:00:00+00:00,81.52,81.63,79.34,80.4,54536217,81.52,81.63,79.34,80.4,54536217,0.0,1.0
2023-03-06 00:00:00+00:00,81.16,83.2986,81.04,82.03,54541281,81.16,83.2986,81.04,82.03,54541281,0.0,1.0
2023-03-07 00:00:00+00:00,82.11,84.85,80.665,81.07,70959009,82.11,84.85,80.665,81.07,70959009,0.0,1.0
2023-03-08 00:00:00+00:00,85.37,85.77,82.28,82.79,69529838,85.37,85.77,82.28,82.79,69529838,0.0,1.0
2023-03-09 00:00:00+00:00,84.03,87.81,83.59,85.29,79496691,84.03,87.81,83.59,85.29,79496691,0.0,1.0
2023-03-10 00:00:00+00:00,82.67,85.45,81.63,84.47,70273562,82.67,85.45,81.63,84.47,70273562,0.0,1.0
2023-03-13 00:00:00+00:00,82.01,83.83,78.515,81.39,65269120,82.01,83.83,78.515,81.39,65269120,0.0,1.0
2023-03-14 00:00:00+00:00,87.45,88.3,83.59,83.67,66616320,87.45,88.3,83.59,83.67,66616320,0.0,1.0
2023-03-15 00:00:00+00:00,89.68,90.42,86.215,86.77,86177424,89.68,90.42,86.215,86.77,86177424,0.0,1.0
2023-03-16 00:00:00+00:00,96.6,96.69,89.02,89.72,115980649,96.6,96.69,89.02,89.72,115980649,0.0,1.0
2023-03-17 00:00:00+00:00,97.84,98.75,95.9364,96.66,94080842,97.84,98.75,95.9364,96.66,94080842,0.0,1.0
2023-03-20 00:00:00+00:00,96.81,96.94,92.9,96.3,92008949,96.81,96.94,92.9,96.3,92008949,0.0,1.0
2023-03-21 00:00:00+00:00,95.93,99.4646,93.64,97.0,85285333,95.93,99.4646,93.64,97.0,85285333,0.0,1.0
2023-03-22 00:00:00+00:00,97.58,101.7,95.64,95.65,110816317,97.58,101.7,95.64,95.65,110816317,0.0,1.0
2023-03-23 00:00:00+00:00,100.28,102.43,98.671,100.05,84088899,100.28,102.43,98.671,100.05,84088899,0.0,1.0
2023-03-24 00:00:00+00:00,97.95,99.52,96.74,99.18,64743698,97.95,99.52,96.74,99.18,64743698,0.0,1.0
2023-03-27 00:00:00+00:00,96.61,98.93,95.425,98.02,57461354,96.61,98.93,95.425,98.02,57461354,0.0,1.0
2023-03-28 00:00:00+00:00,94.56,96.94,92.87,96.77,59150100,94.56,96.94,92.87,96.77,59150100,0.0,1.0
2023-03-29 00:00:00+00:00,96.09,96.91,94.87,96.07,55325974,96.09,96.91,94.87,96.07,55325974,0.0,1.0
2023-03-30 00:00:00+00:00,97.88,99.53,97.25,98.0,59678531,97.88,99.53,97.25,98.0,59678531,0.0,1.0
2023-03-31 00:00:00+00:00,98.01,98.36,95.27,96.34,55861066,98.01,98.36,95.27,96.34,55861066,0.0,1.0
2023-04-03 00:00:00+00:00,96.56,96.79,94.81,96.695,50655332,96.56,96.79,94.81,96.695,50655332,0.0,1.0
2023-04-04 00:00:00+00:00,95.87,97.27,95.21,97.038,43195876,95.87,97.27,95.21,97.038,43195876,0.0,1.0
2023-04-05 00:00:00+00:00,92.56,94.5,91.36,94.35,52979281,92.56,94.5,91.36,94.35,52979281,0.0,1.0
2023-04-06 00:00:00+00:00,92.47,92.9148,90.62,91.47,47778378,92.47,92.9148,90.62,91.47,47778378,0.0,1.0
2023-04-10 00:00:00+00:00,95.48,95.795,91.02,91.32,52536324,95.48,95.795,91.02,91.32,52536324,0.0,1.0
2023-04-11 00:00:00+00:00,94.03,96.07,92.69,96.06,51935800,94.03,96.07,92.69,96.06,51935800,0.0,1.0
2023-04-12 00:00:00+00:00,92.33,95.0,91.74,94.97,53383124,92.33,95.0,91.74,94.97,53383124,0.0,1.0
2023-04-13 00:00:00+00:00,92.09,93.16,91.83,92.79,40572482,92.09,93.16,91.83,92.79,40572482,0.0,1.0
2023-04-14 00:00:00+00:00,91.75,92.97,90.5,91.82,38734794,91.75,92.97,90.5,91.82,38734794,0.0,1.0
2023-04-17 00:00:00+00:00,89.87,90.69,88.3,90.23,46752514,89.87,90.69,88.3,90.23,46752514,0.0,1.0
2023-04-18 00:00:00+00:00,89.78,92.16,89.33,91.61,46246286,89.78,92.16,89.33,91.61,46246286,0.0,1.0
2023-04-19 00:00:00+00:00,89.94,90.54,88.22,88.51,37344502,89.94,90.54,88.22,88.51,37344502,0.0,1.0
2023-04-20 00:00:00+00:00,90.11,91.5795,88.73,88.825,47082684,90.11,91.5795,88.73,88.825,47082684,0.0,1.0
2023-04-21 00:00:00+00:00,88.43,89.8,88.055,89.8,41118264,88.43,89.8,88.055,89.8,41118264,0.0,1.0
2023-04-24 00:00:00+00:00,87.57,88.64,86.34,88.11,40423789,87.57,88.64,86.34,88.11,40423789,0.0,1.0
2023-04-25 00:00:00+00:00,83.8,87.06,83.76,86.9,52771477,83.8,87.06,83.76,86.9,52771477,0.0,1.0
2023-04-26 00:00:00+00:00,85.94,87.35,85.32,86.51,47611799,85.94,87.35,85.32,86.51,47611799,0.0,1.0
2023-04-27 00:00:00+00:00,87.44,87.565,84.09,86.41,53087213,87.44,87.565,84.09,86.41,53087213,0.0,1.0
2023-04-28 00:00:00+00:00,89.37,89.75,86.44,87.02,50686053,89.37,89.75,86.44,87.02,50686053,0.0,1.0
2023-05-01 00:00:00+00:00,89.69,91.04,88.61,91.03,59358710,89.69,91.04,88.61,91.03,59358710,0.0,1.0
2023-05-02 00:00:00+00:00,89.91,90.455,88.12,89.32,70483508,89.91,90.455,88.12,89.32,70483508,0.0,1.0
2023-05-03 00:00:00+00:00,81.62,85.48,81.02,83.54,109482172,81.62,85.48,81.02,83.54,109482172,0.0,1.0
2023-05-04 00:00:00+00:00,86.61,91.64,81.11,81.57,122840488,86.61,91.64,81.11,81.57,122840488,0.0,1.0
2023-05-05 00:00:00+00:00,89.84,90.425,84.72,84.99,78491108,89.84,90.425,84.72,84.99,78491108,0.0,1.0
2023-05-08 00:00:00+00:00,95.04,95.655,89.17,89.99,95503215,95.04,95.655,89.17,89.99,95503215,0.0,1.0
2023-05-09 00:00:00+00:00,95.06,96.16,93.4281,94.89,68674788,95.06,96.16,93.4281,94.89,68674788,0.0,1.0
2023-05-10 00:00:00+00:00,97.02,99.94,96.12,96.42,95619496,97.02,99.94,96.12,96.42,95619496,0.0,1.0
2023-05-11 00:00:00+00:00,97.1,99.19,96.14,98.155,57061034,97.1,99.19,96.14,98.155,57061034,0.0,1.0
2023-05-12 00:00:00+00:00,95.26,97.45,93.68,96.83,53829709,95.26,97.45,93.68,96.83,53829709,0.0,1.0
2023-05-15 00:00:00+00:00,97.4,97.43,93.45,95.2,51749212,97.4,97.43,93.45,95.2,51749212,0.0,1.0
2023-05-16 00:00:00+00:00,101.48,103.28,97.31,97.39,90622884,101.48,103.28,97.31,97.39,90622884,0.0,1.0
2023-05-17 00:00:00+00:00,103.75,104.14,100.05,101.79,75240894,103.75,104.14,100.05,101.79,75240894,0.0,1.0
2023-05-18 00:00:00+00:00,107.93,108.1,103.93,103.98,74338722,107.93,108.1,103.93,103.98,74338722,0.0,1.0
2023-05-19 00:00:00+00:00,105.82,107.29,104.6201,106.36,67880217,105.82,107.29,104.6201,106.36,67880217,0.0,1.0
2023-05-22 00:00:00+00:00,108.0,108.79,103.4923,104.68,65424234,108.0,108.79,103.4923,104.68,65424234,0.0,1.0
2023-05-23 00:00:00+00:00,108.12,110.99,107.19,107.25,73099114,108.12,110.99,107.19,107.25,73099114,0.0,1.0
2023-05-24 00:00:00+00:00,108.27,108.91,105.64,105.98,65910464,108.27,108.91,105.64,105.98,65910464,0.0,1.0
2023-05-25 00:00:00+00:00,120.35,120.69,115.8,117.305,108514669,120.35,120.69,115.8,117.305,108514669,0.0,1.0
2023-05-26 00:00:00+00:00,127.03,127.43,120.89,122.46,92922750,127.03,127.43,120.89,122.46,92922750,0.0,1.0
2023-05-30 00:00:00+00:00,125.27,130.79,123.51,130.415,98902282,125.27,130.79,123.51,130.415,98902282,0.0,1.0
2023-05-31 00:00:00+00:00,118.21,123.96,117.86,122.42,86845493,118.21,123.96,117.86,122.42,86845493,0.0,1.0
2023-06-01 00:00:00+00:00,119.47,121.28,116.6,117.29,66032924,119.47,121.28,116.6,117.29,66032924,0.0,1.0
2023-06-02 00:00:00+00:00,117.86,121.66,117.675,120.75,52382424,117.86,121.66,117.675,120.75,52382424,0.0,1.0
2023-06-05 00:00:00+00:00,117.93,119.32,116.42,116.59,52602861,117.93,119.32,116.42,116.59,52602861,0.0,1.0
2023-06-06 00:00:00+00:00,124.23,124.42,117.74,117.91,75257497,124.23,124.42,117.74,117.91,75257497,0.0,1.0
2023-06-07 00:00:00+00:00,117.83,125.34,117.07,124.025,81755152,117.83,125.34,117.07,124.025,81755152,0.0,1.0
2023-06-08 00:00:00+00:00,121.05,122.21,117.05,118.295,65246930,121.05,122.21,117.05,118.295,65246930,0.0,1.0
2023-06-09 00:00:00+00:00,124.92,127.25,123.55,123.57,75105039,124.92,127.25,123.55,123.57,75105039,0.0,1.0
2023-06-12 00:00:00+00:00,129.19,130.48,126.4,128.52,85673077,129.19,130.48,126.4,128.52,85673077,0.0,1.0
2023-06-13 00:00:00+00:00,124.53,132.83,122.45,132.32,132461926,124.53,132.83,122.45,132.32,132461926,0.0,1.0
2023-06-14 00:00:00+00:00,127.33,127.725,123.81,126.525,95888117,127.33,127.725,123.81,126.525,95888117,0.0,1.0
2023-06-15 00:00:00+00:00,124.24,125.7,122.26,125.39,85587115,124.24,125.7,122.26,125.39,85587115,0.0,1.0
2023-06-16 00:00:00+00:00,120.08,125.85,119.9,125.82,82007083,120.08,125.85,119.9,125.82,82007083,0.0,1.0
2023-06-20 00:00:00+00:00,118.93,121.75,117.7,119.085,58851777,118.93,121.75,117.7,119.085,58851777,0.0,1.0
2023-06-21 00:00:00+00:00,112.11,119.1888,111.67,118.485,82835622,112.11,119.1888,111.67,118.485,82835622,0.0,1.0
2023-06-22 00:00:00+00:00,110.7,114.0,109.85,112.24,70754783,110.7,114.0,109.85,112.24,70754783,0.0,1.0
2023-06-23 00:00:00+00:00,110.01,111.0957,107.46,109.31,73621951,110.01,111.0957,107.46,109.31,73621951,0.0,1.0
2023-06-26 00:00:00+00:00,107.51,112.55,107.2,110.95,68556976,107.51,112.55,107.2,110.95,68556976,0.0,1.0
2023-06-27 00:00:00+00:00,110.39,110.97,107.08,108.565,59381646,110.39,110.97,107.08,108.565,59381646,0.0,1.0
2023-06-28 00:00:00+00:00,110.17,111.78,107.63,108.21,67534134,110.17,111.78,107.63,108.21,67534134,0.0,1.0
2023-06-29 00:00:00+00:00,111.24,112.7599,109.84,112.065,58347174,111.24,112.7599,109.84,112.065,58347174,0.0,1.0
2023-06-30 00:00:00+00:00,113.91,114.69,112.41,113.03,53378774,113.91,114.69,112.41,113.03,53378774,0.0,1.0
2023-07-03 00:00:00+00:00,115.82,116.73,114.51,115.16,31859976,115.82,116.73,114.51,115.16,31859976,0.0,1.0
2023-07-05 00:00:00+00:00,113.95,117.662,113.855,116.1,49501584,113.95,117.662,113.855,116.1,49501584,0.0,1.0
2023-07-06 00:00:00+00:00,113.48,113.79,110.31,112.07,42411840,113.48,113.79,110.31,112.07,42411840,0.0,1.0
2023-07-07 00:00:00+00:00,113.17,115.33,113.04,114.16,37211287,113.17,115.33,113.04,114.16,37211287,0.0,1.0
2023-07-10 00:00:00+00:00,113.58,113.61,109.88,113.0,49330204,113.58,113.61,109.88,113.0,49330204,0.0,1.0
2023-07-11 00:00:00+00:00,111.32,113.27,109.5,111.66,59899536,111.32,113.27,109.5,111.66,59899536,0.0,1.0
2023-07-12 00:00:00+00:00,114.58,115.3999,112.3101,112.89,57993090,114.58,115.3999,112.3101,112.89,57993090,0.0,1.0
2023-07-13 00:00:00+00:00,115.92,116.16,113.575,115.76,49206695,115.92,116.16,113.575,115.76,49206695,0.0,1.0
2023-07-14 00:00:00+00:00,115.94,122.12,115.25,116.17,91927197,115.94,122.12,115.25,116.17,91927197,0.0,1.0
2023-07-17 00:00:00+00:00,118.32,118.8399,112.73,115.95,68593288,118.32,118.8399,112.73,115.95,68593288,0.0,1.0
2023-07-18 00:00:00+00:00,117.93,118.43,115.192,117.55,57980077,117.93,118.43,115.192,117.55,57980077,0.0,1.0
2023-07-19 00:00:00+00:00,116.43,121.6699,115.55,121.3,70363051,116.43,121.6699,115.55,121.3,70363051,0.0,1.0
2023-07-20 00:00:00+00:00,110.25,115.05,109.24,114.96,76340398,110.25,115.05,109.24,114.96,76340398,0.0,1.0
2023-07-21 00:00:00+00:00,110.95,112.3,109.54,110.97,76815378,110.95,112.3,109.54,110.97,76815378,0.0,1.0
2023-07-24 00:00:00+00:00,110.61,111.31,108.55,110.617,45637998,110.61,111.31,108.55,110.617,45637998,0.0,1.0
2023-07-25 00:00:00+00:00,113.0,114.05,111.0,111.14,44916262,113.0,114.05,111.0,111.14,44916262,0.0,1.0
2023-07-26 00:00:00+00:00,110.09,112.36,109.3,111.91,51721689,110.09,112.36,109.3,111.91,51721689,0.0,1.0
2023-07-27 00:00:00+00:00,111.1,115.08,110.51,111.79,70677972,111.1,115.08,110.51,111.79,70677972,0.0,1.0
2023-07-28 00:00:00+00:00,112.96,114.86,112.44,113.38,55525965,112.96,114.86,112.44,113.38,55525965,0.0,1.0
2023-07-31 00:00:00+00:00,114.4,114.68,112.35,114.16,54187286,114.4,114.68,112.35,114.16,54187286,0.0,1.0
2023-08-01 00:00:00+00:00,117.6,118.19,113.16,114.26,97284727,117.6,118.19,113.16,114.26,97284727,0.0,1.0
2023-08-02 00:00:00+00:00,109.35,119.5,107.38,119.49,173372010,109.35,119.5,107.38,119.49,173372010,0.0,1.0
2023-08-03 00:00:00+00:00,113.15,114.96,108.95,108.95,90811558,113.15,114.96,108.95,108.95,90811558,0.0,1.0
2023-08-04 00:00:00+00:00,115.82,118.85,113.96,114.48,83169686,115.82,118.85,113.96,114.48,83169686,0.0,1.0
2023-08-07 00:00:00+00:00,116.81,119.08,115.49,116.36,65854765,116.81,119.08,115.49,116.36,65854765,0.0,1.0
2023-08-08 00:00:00+00:00,113.23,115.46,111.41,114.94,54141829,113.23,115.46,111.41,114.94,54141829,0.0,1.0
2023-08-09 00:00:00+00:00,110.47,113.15,108.78,112.89,56257067,110.47,113.15,108.78,112.89,56257067,0.0,1.0
2023-08-10 00:00:00+00:00,110.23,113.89,109.47,111.3,57297792,110.23,113.89,109.47,111.3,57297792,0.0,1.0
2023-08-11 00:00:00+00:00,107.57,109.07,106.48,108.85,55667745,107.57,109.07,106.48,108.85,55667745,0.0,1.0
2023-08-14 00:00:00+00:00,111.98,111.99,105.42,106.75,57421820,111.98,111.99,105.42,106.75,57421820,0.0,1.0
2023-08-15 00:00:00+00:00,111.35,113.18,110.17,111.99,53816569,111.35,113.18,110.17,111.99,53816569,0.0,1.0
2023-08-16 00:00:00+00:00,107.19,110.4388,106.98,110.0863,54327298,107.19,110.4388,106.98,110.0863,54327298,0.0,1.0
2023-08-17 00:00:00+00:00,104.44,107.85,104.1,107.62,59064275,104.44,107.85,104.1,107.62,59064275,0.0,1.0
2023-08-18 00:00:00+00:00,105.45,106.07,101.68,102.4,59916675,105.45,106.07,101.68,102.4,59916675,0.0,1.0
2023-08-21 00:00:00+00:00,108.22,108.54,105.67,106.2,49319240,108.22,108.54,105.67,106.2,49319240,0.0,1.0
2023-08-22 00:00:00+00:00,105.66,109.72,104.85,109.4,47335086,105.66,109.72,104.85,109.4,47335086,0.0,1.0
2023-08-23 00:00:00+00:00,109.43,110.08,105.0,105.65,54656329,109.43,110.08,105.0,105.65,54656329,0.0,1.0
2023-08-24 00:00:00+00:00,101.8,111.64,100.871,111.06,109179129,101.8,111.64,100.871,111.06,109179129,0.0,1.0
2023-08-25 00:00:00+00:00,102.25,104.12,99.58,101.165,74793086,102.25,104.12,99.58,101.165,74793086,0.0,1.0
2023-08-28 00:00:00+00:00,102.61,104.07,100.8944,103.47,55386803,102.61,104.07,100.8944,103.47,55386803,0.0,1.0
2023-08-29 00:00:00+00:00,105.92,106.57,101.79,102.11,50850289,105.92,106.57,101.79,102.11,50850289,0.0,1.0
2023-08-30 00:00:00+00:00,106.59,107.67,104.5,105.402,54847348,106.59,107.67,104.5,105.402,54847348,0.0,1.0
2023-08-31 00:00:00+00:00,105.72,108.06,104.86,106.19,58918970,105.72,108.06,104.86,106.19,58918970,0.0,1.0
2023-09-01 00:00:00+00:00,109.45,110.06,106.61,107.0,54856148,109.45,110.06,106.61,107.0,54856148,0.0,1.0
2023-09-05 00:00:00+00:00,110.78,111.82,106.3,109.0,66042191,110.78,111.82,106.3,109.0,66042191,0.0,1.0
2023-09-06 00:00:00+00:00,109.28,111.33,108.22,110.56,47736701,109.28,111.33,108.22,110.56,47736701,0.0,1.0
2023-09-07 00:00:00+00:00,106.59,107.69,105.09,106.14,49080149,106.59,107.69,105.09,106.14,49080149,0.0,1.0
2023-09-08 00:00:00+00:00,106.09,109.737,105.75,107.02,46271558,106.09,109.737,105.75,107.02,46271558,0.0,1.0
2023-09-11 00:00:00+00:00,105.32,107.51,103.0,107.315,50611285,105.32,107.51,103.0,107.315,50611285,0.0,1.0
2023-09-12 00:00:00+00:00,105.31,106.74,103.18,104.2,44413572,105.31,106.74,103.18,104.2,44413572,0.0,1.0
2023-09-13 00:00:00+00:00,107.71,108.74,104.83,105.1,44702254,107.71,108.74,104.83,105.1,44702254,0.0,1.0
2023-09-14 00:00:00+00:00,106.63,109.1494,106.2212,108.43,45920612,106.63,109.1494,106.2212,108.43,45920612,0.0,1.0
2023-09-15 00:00:00+00:00,101.49,106.76,101.28,106.07,71103616,101.49,106.76,101.28,106.07,71103616,0.0,1.0
2023-09-18 00:00:00+00:00,102.37,102.99,99.45,100.815,49061310,102.37,102.99,99.45,100.815,49061310,0.0,1.0
2023-09-19 00:00:00+00:00,101.61,102.8582,100.7,101.75,41704110,101.61,102.8582,100.7,101.75,41704110,0.0,1.0
2023-09-20 00:00:00+00:00,100.34,103.94,100.28,102.36,55180576,100.34,103.94,100.28,102.36,55180576,0.0,1.0
2023-09-21 00:00:00+00:00,96.11,98.87,95.84,98.6,59704335,96.11,98.87,95.84,98.6,59704335,0.0,1.0
2023-09-22 00:00:00+00:00,96.2,98.42,95.61,96.92,52169395,96.2,98.42,95.61,96.92,52169395,0.0,1.0
2023-09-25 00:00:00+00:00,97.38,97.45,94.46,95.95,43223749,97.38,97.45,94.46,95.95,43223749,0.0,1.0
2023-09-26 00:00:00+00:00,95.96,97.83,95.27,96.5,42866460,95.96,97.83,95.27,96.5,42866460,0.0,1.0
2023-09-27 00:00:00+00:00,98.07,99.23,96.35,96.82,51261502,98.07,99.23,96.35,96.82,51261502,0.0,1.0
2023-09-28 00:00:00+00:00,102.76,104.2,97.76,97.94,72542056,102.76,104.2,97.76,97.94,72542056,0.0,1.0
2023-09-29 00:00:00+00:00,102.82,104.94,102.56,104.69,56078641,102.82,104.94,102.56,104.69,56078641,0.0,1.0
2023-10-02 00:00:00+00:00,103.27,103.71,101.7,102.21,45118574,103.27,103.71,101.7,102.21,45118574,0.0,1.0
2023-10-03 00:00:00+00:00,100.08,103.29,99.17,101.7963,48116980,100.08,103.29,99.17,101.7963,48116980,0.0,1.0
2023-10-04 00:00:00+00:00,104.07,104.4,100.34,100.65,51023246,104.07,104.4,100.34,100.65,51023246,0.0,1.0
2023-10-05 00:00:00+00:00,102.91,103.74,100.27,103.405,51789731,102.91,103.74,100.27,103.405,51789731,0.0,1.0
2023-10-06 00:00:00+00:00,107.24,107.87,102.03,102.16,64864077,107.24,107.87,102.03,102.16,64864077,0.0,1.0
2023-10-09 00:00:00+00:00,106.97,107.31,104.79,106.01,39593192,106.97,107.31,104.79,106.01,39593192,0.0,1.0
2023-10-10 00:00:00+00:00,109.01,110.12,106.4,107.49,57105529,109.01,110.12,106.4,107.49,57105529,0.0,1.0
2023-10-11 00:00:00+00:00,108.31,110.1,106.93,109.14,51085635,108.31,110.1,106.93,109.14,51085635,0.0,1.0
2023-10-12 00:00:00+00:00,108.79,111.31,107.5101,108.4,60959430,108.79,111.31,107.5101,108.4,60959430,0.0,1.0
2023-10-13 00:00:00+00:00,105.09,108.97,104.75,108.65,52925932,105.09,108.97,104.75,108.65,52925932,0.0,1.0
2023-10-16 00:00:00+00:00,106.46,107.48,105.03,105.42,42464511,106.46,107.48,105.03,105.42,42464511,0.0,1.0
2023-10-17 00:00:00+00:00,105.14,106.29,101.6601,103.54,49642114,105.14,106.29,101.6601,103.54,49642114,0.0,1.0
2023-10-18 00:00:00+00:00,102.17,104.78,101.74,103.38,50449952,102.17,104.78,101.74,103.38,50449952,0.0,1.0
2023-10-19 00:00:00+00:00,102.4,105.6,101.84,103.81,52734201,102.4,105.6,101.84,103.81,52734201,0.0,1.0
2023-10-20 00:00:00+00:00,101.81,104.34,101.44,102.28,61317927,101.81,104.34,101.44,102.28,61317927,0.0,1.0
2023-10-23 00:00:00+00:00,100.01,102.42,99.315,100.812,50817440,100.01,102.42,99.315,100.812,50817440,0.0,1.0
2023-10-24 00:00:00+00:00,101.67,101.7899,99.38,100.97,51982918,101.67,101.7899,99.38,100.97,51982918,0.0,1.0
2023-10-25 00:00:00+00:00,96.055,101.03,95.23,100.42,53424477,96.055,101.03,95.23,100.42,53424477,0.0,1.0
2023-10-26 00:00:00+00:00,93.67,97.52,93.115,95.99,49896360,93.67,97.52,93.115,95.99,49896360,0.0,1.0
2023-10-27 00:00:00+00:00,96.43,97.35,94.59,95.8,52458653,96.43,97.35,94.59,95.8,52458653,0.0,1.0
2023-10-30 00:00:00+00:00,96.18,97.04,94.7,96.14,43716642,96.18,97.04,94.7,96.14,43716642,0.0,1.0
2023-10-31 00:00:00+00:00,98.5,98.8188,94.07,96.235,79547126,98.5,98.8188,94.07,96.235,79547126,0.0,1.0
2023-11-01 00:00:00+00:00,108.04,108.15,98.5,98.58,138641522,108.04,108.15,98.5,98.58,138641522,0.0,1.0
2023-11-02 00:00:00+00:00,107.83,109.405,105.91,107.96,71376954,107.83,109.405,105.91,107.96,71376954,0.0,1.0
2023-11-03 00:00:00+00:00,112.25,113.39,107.86,109.05,65632202,112.25,113.39,107.86,109.05,65632202,0.0,1.0
2023-11-06 00:00:00+00:00,111.75,113.08,110.22,112.6,49270370,111.75,113.08,110.22,112.6,49270370,0.0,1.0
2023-11-07 00:00:00+00:00,113.45,114.65,111.22,111.86,50550151,113.45,114.65,111.22,111.86,50550151,0.0,1.0
2023-11-08 00:00:00+00:00,113.59,115.3166,112.88,113.55,41880606,113.59,115.3166,112.88,113.55,41880606,0.0,1.0
2023-11-09 00:00:00+00:00,113.49,115.81,113.06,114.095,61146862,113.49,115.81,113.06,114.095,61146862,0.0,1.0
2023-11-10 00:00:00+00:00,118.59,119.7,114.03,114.35,75204072,118.59,119.7,114.03,114.35,75204072,0.0,1.0
2023-11-13 00:00:00+00:00,116.79,118.68,116.0,118.34,46741889,116.79,118.68,116.0,118.34,46741889,0.0,1.0
2023-11-14 00:00:00+00:00,119.88,122.11,119.22,119.7,61017449,119.88,122.11,119.22,119.7,61017449,0.0,1.0
2023-11-15 00:00:00+00:00,118.0,120.59,116.8701,120.54,59555593,118.0,120.59,116.8701,120.54,59555593,0.0,1.0
2023-11-16 00:00:00+00:00,119.83,120.726,116.41,117.2,49661870,119.83,120.726,116.41,117.2,49661870,0.0,1.0
2023-11-17 00:00:00+00:00,120.62,121.49,118.82,119.64,38538695,120.62,121.49,118.82,119.64,38538695,0.0,1.0
2023-11-20 00:00:00+00:00,121.53,121.93,120.07,120.7,43173925,121.53,121.93,120.07,120.7,43173925,0.0,1.0
2023-11-21 00:00:00+00:00,119.16,120.65,117.94,120.54,41064750,119.16,120.65,117.94,120.54,41064750,0.0,1.0
2023-11-22 00:00:00+00:00,122.51,124.7623,119.9516,120.0,56894486,122.51,124.7623,119.9516,120.0,56894486,0.0,1.0
2023-11-24 00:00:00+00:00,122.31,123.25,121.54,122.03,19001007,122.31,123.25,121.54,122.03,19001007,0.0,1.0
2023-11-27 00:00:00+00:00,122.65,123.89,121.772,122.07,32743006,122.65,123.89,121.772,122.07,32743006,0.0,1.0
2023-11-28 00:00:00+00:00,122.01,122.54,120.79,121.98,32047063,122.01,122.54,120.79,121.98,32047063,0.0,1.0
2023-11-29 00:00:00+00:00,123.85,125.725,123.48,123.98,37876317,123.85,125.725,123.48,123.98,37876317,0.0,1.0
2023-11-30 00:00:00+00:00,121.16,124.05,119.65,123.61,44494211,121.16,124.05,119.65,123.61,44494211,0.0,1.0
2023-12-01 00:00:00+00:00,121.39,121.4001,118.645,119.88,37048002,121.39,121.4001,118.645,119.88,37048002,0.0,1.0
2023-12-04 00:00:00+00:00,118.57,119.9,116.37,119.75,39854418,118.57,119.9,116.37,119.75,39854418,0.0,1.0
2023-12-05 00:00:00+00:00,118.38,118.49,116.45,117.43,39191565,118.38,118.49,116.45,117.43,39191565,0.0,1.0
2023-12-06 00:00:00+00:00,116.82,122.8313,116.38,120.69,59828499,116.82,122.8313,116.38,120.69,59828499,0.0,1.0
2023-12-07 00:00:00+00:00,128.37,128.68,119.56,120.785,118579097,128.37,128.68,119.56,120.785,118579097,0.0,1.0
2023-12-08 00:00:00+00:00,128.92,131.0,126.89,129.54,89341014,128.92,131.0,126.89,129.54,89341014,0.0,1.0
2023-12-11 00:00:00+00:00,134.41,135.04,128.25,130.56,98668281,134.41,135.04,128.25,130.56,98668281,0.0,1.0
2023-12-12 00:00:00+00:00,137.61,139.89,131.9,132.25,111677821,137.61,139.89,131.9,132.25,111677821,0.0,1.0
2023-12-13 00:00:00+00:00,138.19,139.24,136.0303,137.97,70651603,138.19,139.24,136.0303,137.97,70651603,0.0,1.0
2023-12-14 00:00:00+00:00,138.0,141.82,135.725,138.89,76115174,138.0,141.82,135.725,138.89,76115174,0.0,1.0
2023-12-15 00:00:00+00:00,139.15,140.89,137.25,139.52,70211795,139.15,140.89,137.25,139.52,70211795,0.0,1.0
2023-12-18 00:00:00+00:00,138.9,139.79,137.65,139.15,45199453,138.9,139.79,137.65,139.15,45199453,0.0,1.0
2023-12-19 00:00:00+00:00,140.15,143.47,138.555,138.57,63525074,140.15,143.47,138.555,138.57,63525074,0.0,1.0
2023-12-20 00:00:00+00:00,135.47,139.58,135.37,139.0,54671715,135.47,139.58,135.37,139.0,54671715,0.0,1.0
2023-12-21 00:00:00+00:00,139.91,139.98,137.38,138.14,47179362,139.91,139.98,137.38,138.14,47179362,0.0,1.0
2023-12-22 00:00:00+00:00,139.6,140.7,138.31,140.48,35396582,139.6,140.7,138.31,140.48,35396582,0.0,1.0
2023-12-26 00:00:00+00:00,143.41,143.85,139.92,140.07,47157430,143.41,143.85,139.92,140.07,47157430,0.0,1.0
2023-12-27 00:00:00+00:00,146.07,146.25,143.18,144.72,48878839,146.07,146.25,143.18,144.72,48878839,0.0,1.0
2023-12-28 00:00:00+00:00,148.76,150.41,145.9506,146.8,63800680,148.76,150.41,145.9506,146.8,63800680,0.0,1.0
2023-12-29 00:00:00+00:00,147.41,151.05,147.2,149.5,62079185,147.41,151.05,147.2,149.5,62079185,0.0,1.0
2024-01-02 00:00:00+00:00,138.58,144.4,137.43,144.28,64902029,138.58,144.4,137.43,144.28,64902029,0.0,1.0
2024-01-03 00:00:00+00:00,135.32,137.43,133.7413,135.71,61988583,135.32,137.43,133.7413,135.71,61988583,0.0,1.0
2024-01-04 00:00:00+00:00,136.01,137.7,134.0,134.3,58610286,136.01,137.7,134.0,134.3,58610286,0.0,1.0
2024-01-05 00:00:00+00:00,138.58,141.01,136.4377,136.78,68945151,138.58,141.01,136.4377,136.78,68945151,0.0,1.0
2024-01-08 00:00:00+00:00,146.18,147.15,140.15,140.36,71756913,146.18,147.15,140.15,140.36,71756913,0.0,1.0
2024-01-09 00:00:00+00:00,149.26,149.86,145.08,145.95,67875666,149.26,149.86,145.08,145.95,67875666,0.0,1.0
2024-01-10 00:00:00+00:00,148.54,150.88,146.65,150.07,56951243,148.54,150.88,146.65,150.07,56951243,0.0,1.0
2024-01-11 00:00:00+00:00,148.02,150.38,143.69,148.52,62764597,148.02,150.38,143.69,148.52,62764597,0.0,1.0
2024-01-12 00:00:00+00:00,146.56,148.75,145.0,148.04,48293089,146.56,148.75,145.0,148.04,48293089,0.0,1.0
2024-01-16 00:00:00+00:00,158.74,159.715,149.98,150.36,112711434,158.74,159.715,149.98,150.36,112711434,0.0,1.0
2024-01-17 00:00:00+00:00,160.17,160.64,154.4,158.45,104084985,160.17,160.64,154.4,158.45,104084985,0.0,1.0
2024-01-18 00:00:00+00:00,162.67,168.6,158.22,166.2,131864888,162.67,168.6,158.22,166.2,131864888,0.0,1.0
2024-01-19 00:00:00+00:00,174.23,174.25,162.2,165.8,140367915,174.23,174.25,162.2,165.8,140367915,0.0,1.0
2024-01-22 00:00:00+00:00,168.18,174.72,164.15,174.39,122973822,168.18,174.72,164.15,174.39,122973822,0.0,1.0
2024-01-23 00:00:00+00:00,168.42,169.6299,164.27,166.5,76830455,168.42,169.6299,164.27,166.5,76830455,0.0,1.0
2024-01-24 00:00:00+00:00,178.29,180.58,170.56,172.55,124472905,178.29,180.58,170.56,172.55,124472905,0.0,1.0
2024-01-25 00:00:00+00:00,180.33,184.92,177.63,183.41,127171448,180.33,184.92,177.63,183.41,127171448,0.0,1.0
2024-01-26 00:00:00+00:00,177.25,181.23,174.15,175.29,107381172,177.25,181.23,174.15,175.29,107381172,0.0,1.0
2024-01-29 00:00:00+00:00,177.83,178.885,174.4,178.77,89384452,177.83,178.885,174.4,178.77,89384452,0.0,1.0
2024-01-30 00:00:00+00:00,172.06,178.48,169.52,176.13,122265677,172.06,178.48,169.52,176.13,122265677,0.0,1.0
2024-01-31 00:00:00+00:00,167.69,171.3,162.5602,165.74,133157264,167.69,171.3,162.5602,165.74,133157264,0.0,1.0
2024-02-01 00:00:00+00:00,170.48,171.14,165.86,169.27,91576685,170.48,171.14,165.86,169.27,91576685,0.0,1.0
2024-02-02 00:00:00+00:00,177.66,179.0,173.05,173.79,82134266,177.66,179.0,173.05,173.79,82134266,0.0,1.0
2024-02-05 00:00:00+00:00,174.23,180.01,171.11,179.09,76349244,174.23,180.01,171.11,179.09,76349244,0.0,1.0
2024-02-06 00:00:00+00:00,167.88,173.88,165.5,173.15,68854127,167.88,173.88,165.5,173.15,68854127,0.0,1.0
2024-02-07 00:00:00+00:00,170.94,172.97,168.2,169.47,53665418,170.94,172.97,168.2,169.47,53665418,0.0,1.0
2024-02-08 00:00:00+00:00,169.35,172.17,168.6,170.33,43385275,169.35,172.17,168.6,170.33,43385275,0.0,1.0
2024-02-09 00:00:00+00:00,172.48,175.1,168.6601,171.0,56375713,172.48,175.1,168.6601,171.0,56375713,0.0,1.0
2024-02-12 00:00:00+00:00,171.91,177.405,170.67,172.68,58177053,171.91,177.405,170.67,172.68,58177053,0.0,1.0
2024-02-13 00:00:00+00:00,171.54,173.17,164.3,167.94,63071311,171.54,173.17,164.3,167.94,63071311,0.0,1.0
2024-02-14 00:00:00+00:00,178.7,178.74,172.88,173.47,57402522,178.7,178.74,172.88,173.47,57402522,0.0,1.0
2024-02-15 00:00:00+00:00,176.76,180.5,175.26,179.14,51126437,176.76,180.5,175.26,179.14,51126437,0.0,1.0
2024-02-16 00:00:00+00:00,173.87,180.3301,173.25,177.45,53940342,173.87,180.3301,173.25,177.45,53940342,0.0,1.0
2024-02-20 00:00:00+00:00,165.69,171.81,162.0,171.14,66549992,165.69,171.81,162.0,171.14,66549992,0.0,1.0
2024-02-21 00:00:00+00:00,164.29,164.9,161.81,162.74,48774556,164.29,164.9,161.81,162.74,48774556,0.0,1.0
2024-02-22 00:00:00+00:00,181.86,183.83,172.0,173.2,100684733,181.86,183.83,172.0,173.2,100684733,0.0,1.0
2024-02-23 00:00:00+00:00,176.52,183.8,174.55,181.86,69207367,176.52,183.8,174.55,181.86,69207367,0.0,1.0
2024-02-26 00:00:00+00:00,176.01,179.84,174.81,178.78,45435093,176.01,179.84,174.81,178.78,45435093,0.0,1.0
2024-02-27 00:00:00+00:00,178.0,178.46,172.49,175.92,43665241,178.0,178.46,172.49,175.92,43665241,0.0,1.0
2024-02-28 00:00:00+00:00,176.54,176.84,173.59,176.25,35914414,176.54,176.84,173.59,176.25,35914414,0.0,1.0
2024-02-29 00:00:00+00:00,192.53,193.0,179.82,179.82,105538483,192.53,193.0,179.82,179.82,105538483,0.0,1.0
2024-03-01 00:00:00+00:00,202.64,202.72,195.42,197.91,103820773,202.64,202.72,195.42,197.91,103820773,0.0,1.0
2024-03-04 00:00:00+00:00,205.36,211.01,203.5,205.16,86835338,205.36,211.01,203.5,205.16,86835338,0.0,1.0
2024-03-05 00:00:00+00:00,205.13,205.33,199.15,200.5,65407112,205.13,205.33,199.15,200.5,65407112,0.0,1.0
2024-03-06 00:00:00+00:00,210.63,214.8109,207.32,210.43,86686987,210.63,214.8109,207.32,210.43,86686987,0.0,1.0
2024-03-07 00:00:00+00:00,211.38,213.83,208.22,212.52,63869038,211.38,213.83,208.22,212.52,63869038,0.0,1.0
2024-03-08 00:00:00+00:00,207.39,227.3,205.6,213.41,120815222,207.39,227.3,205.6,213.41,120815222,0.0,1.0
2024-03-11 00:00:00+00:00,198.39,203.55,196.7,203.01,72435560,198.39,203.55,196.7,203.01,72435560,0.0,1.0
2024-03-12 00:00:00+00:00,202.76,202.8499,194.27,200.52,67922120,202.76,202.8499,194.27,200.52,67922120,0.0,1.0
2024-03-13 00:00:00+00:00,194.79,198.83,192.7001,198.73,68877581,194.79,198.83,192.7001,198.73,68877581,0.0,1.0
2024-03-14 00:00:00+00:00,187.06,196.93,184.03,192.92,83079474,187.06,196.93,184.03,192.92,83079474,0.0,1.0
2024-03-15 00:00:00+00:00,191.06,193.7999,184.48,184.83,95289509,191.06,193.7999,184.48,184.83,95289509,0.0,1.0
2024-03-18 00:00:00+00:00,190.65,193.5,188.05,193.285,59306865,190.65,193.5,188.05,193.285,59306865,0.0,1.0
2024-03-19 00:00:00+00:00,181.42,185.6127,177.3602,183.16,83509459,181.42,185.6127,177.3602,183.16,83509459,0.0,1.0
2024-03-20 00:00:00+00:00,179.73,182.68,174.0,182.03,81773114,179.73,182.68,174.0,182.03,81773114,0.0,1.0
2024-03-21 00:00:00+00:00,178.68,187.69,177.66,185.97,75265596,178.68,187.69,177.66,185.97,75265596,0.0,1.0
2024-03-22 00:00:00+00:00,179.65,180.76,175.05,177.21,57899071,179.65,180.76,175.05,177.21,57899071,0.0,1.0
2024-03-25 00:00:00+00:00,178.63,182.8,172.0,172.9,71935313,178.63,182.8,172.0,172.9,71935313,0.0,1.0
2024-03-26 00:00:00+00:00,177.87,182.5983,176.33,179.54,65322445,177.87,182.5983,176.33,179.54,65322445,0.0,1.0
2024-03-27 00:00:00+00:00,179.59,181.23,175.4,179.96,55685645,179.59,181.23,175.4,179.96,55685645,0.0,1.0
2024-03-28 00:00:00+00:00,180.49,183.4,178.3,179.47,57628614,180.49,183.4,178.3,179.47,57628614,0.0,1.0
2024-04-01 00:00:00+00:00,183.34,187.24,179.9,180.1,73463638,183.34,187.24,179.9,180.1,73463638,0.0,1.0
2024-04-02 00:00:00+00:00,178.7,180.1,174.83,179.47,61256416,178.7,180.1,174.83,179.47,61256416,0.0,1.0
2024-04-03 00:00:00+00:00,180.77,182.05,176.7,177.54,49681014,180.77,182.05,176.7,177.54,49681014,0.0,1.0
2024-04-04 00:00:00+00:00,165.83,183.02,165.65,182.92,87098676,165.83,183.02,165.65,182.92,87098676,0.0,1.0
2024-04-05 00:00:00+00:00,170.42,172.69,165.58,168.1,65810538,170.42,172.69,165.58,168.1,65810538,0.0,1.0
2024-04-08 00:00:00+00:00,169.9,171.6599,166.82,168.2,43732720,169.9,171.6599,166.82,168.2,43732720,0.0,1.0
2024-04-09 00:00:00+00:00,170.78,171.6,167.29,170.21,42808628,170.78,171.6,167.29,170.21,42808628,0.0,1.0
2024-04-10 00:00:00+00:00,167.14,169.7752,164.0,166.71,59599958,167.14,169.7752,164.0,166.71,59599958,0.0,1.0
2024-04-11 00:00:00+00:00,170.5,170.9499,166.5492,167.545,48994531,170.5,170.9499,166.5492,167.545,48994531,0.0,1.0
2024-04-12 00:00:00+00:00,163.28,165.7,161.825,164.53,63519643,163.28,165.7,161.825,164.53,63519643,0.0,1.0
2024-04-15 00:00:00+00:00,160.32,164.44,158.76,164.43,61461150,160.32,164.44,158.76,164.43,61461150,0.0,1.0
2024-04-16 00:00:00+00:00,163.46,164.8799,161.67,162.28,55302100,163.46,164.8799,161.67,162.28,55302100,0.0,1.0
2024-04-17 00:00:00+00:00,154.02,164.45,153.88,163.97,75908969,154.02,164.45,153.88,163.97,75908969,0.0,1.0
2024-04-18 00:00:00+00:00,155.08,156.96,152.32,155.51,52669816,155.08,156.96,152.32,155.51,52669816,0.0,1.0
2024-04-19 00:00:00+00:00,146.64,154.25,145.29,151.59,71618197,146.64,154.25,145.29,151.59,71618197,0.0,1.0
2024-04-22 00:00:00+00:00,148.64,149.89,145.63,148.15,49397034,148.64,149.89,145.63,148.15,49397034,0.0,1.0
2024-04-23 00:00:00+00:00,152.27,153.495,150.35,151.65,46051911,152.27,153.495,150.35,151.65,46051911,0.0,1.0
2024-04-24 00:00:00+00:00,151.74,157.6598,150.63,156.56,43412550,151.74,157.6598,150.63,156.56,43412550,0.0,1.0
2024-04-25 00:00:00+00:00,153.76,155.14,146.75,149.15,41471423,153.76,155.14,146.75,149.15,41471423,0.0,1.0
2024-04-26 00:00:00+00:00,157.4,158.63,153.4252,154.24,42510708,157.4,158.63,153.4252,154.24,42510708,0.0,1.0
2024-04-29 00:00:00+00:00,160.2,160.77,156.26,159.08,43478221,160.2,160.77,156.26,159.08,43478221,0.0,1.0
2024-04-30 00:00:00+00:00,158.38,162.29,158.35,160.63,60742834,158.38,162.29,158.35,160.63,60742834,0.0,1.0
2024-05-01 00:00:00+00:00,144.27,151.37,142.14,148.11,89413168,144.27,151.37,142.14,148.11,89413168,0.0,1.0
2024-05-02 00:00:00+00:00,146.16,147.62,141.155,145.51,50034730,146.16,147.62,141.155,145.51,50034730,0.0,1.0
2024-05-03 00:00:00+00:00,150.6,150.79,147.2384,148.75,49361081,150.6,150.79,147.2384,148.75,49361081,0.0,1.0
2024-05-06 00:00:00+00:00,155.78,156.65,151.26,153.1,44624546,155.78,156.65,151.26,153.1,44624546,0.0,1.0
2024-05-07 00:00:00+00:00,154.43,157.7,153.66,156.32,37374906,154.43,157.7,153.66,156.32,37374906,0.0,1.0
2024-05-08 00:00:00+00:00,153.62,155.33,152.52,153.4,28727963,153.62,155.33,152.52,153.4,28727963,0.0,1.0
2024-05-09 00:00:00+00:00,152.39,154.092,150.61,153.13,33017962,152.39,154.092,150.61,153.13,33017962,0.0,1.0
2024-05-10 00:00:00+00:00,151.92,156.37,151.31,154.2874,37652770,151.92,156.37,151.31,154.2874,37652770,0.0,1.0
2024-05-13 00:00:00+00:00,150.56,153.33,150.4,151.28,27859183,150.56,153.33,150.4,151.28,27859183,0.0,1.0
2024-05-14 00:00:00+00:00,153.16,153.4879,148.78,150.43,31938277,153.16,153.4879,148.78,150.43,31938277,0.0,1.0
2024-05-15 00:00:00+00:00,159.67,159.69,154.7,155.588,43195901,159.67,159.69,154.7,155.588,43195901,0.0,1.0
2024-05-16 00:00:00+00:00,162.62,168.06,159.9,160.92,76726728,162.62,168.06,159.9,160.92,76726728,0.0,1.0
2024-05-17 00:00:00+00:00,164.47,169.72,162.32,168.43,65944362,164.47,169.72,162.32,168.43,65944362,0.0,1.0
2024-05-20 00:00:00+00:00,166.33,168.49,164.47,165.55,45618044,166.33,168.49,164.47,165.55,45618044,0.0,1.0
2024-05-21 00:00:00+00:00,164.66,165.83,163.1,164.0,30005478,164.66,165.83,163.1,164.0,30005478,0.0,1.0
2024-05-22 00:00:00+00:00,165.52,169.8148,163.86,167.41,47426719,165.52,169.8148,163.86,167.41,47426719,0.0,1.0
2024-05-23 00:00:00+00:00,160.43,173.14,158.27,170.18,91888841,160.43,173.14,158.27,170.18,91888841,0.0,1.0
2024-05-24 00:00:00+00:00,166.36,167.66,160.25,161.412,54868646,166.36,167.66,160.25,161.412,54868646,0.0,1.0
2024-05-28 00:00:00+00:00,171.61,174.55,164.96,169.42,66495414,171.61,174.55,164.96,169.42,66495414,0.0,1.0
2024-05-29 00:00:00+00:00,165.14,168.48,162.91,167.46,56537503,165.14,168.48,162.91,167.46,56537503,0.0,1.0
2024-05-30 00:00:00+00:00,166.75,168.7469,163.8,167.9,46479934,166.75,168.7469,163.8,167.9,46479934,0.0,1.0
2024-05-31 00:00:00+00:00,166.9,169.5,160.07,166.65,64331946,166.9,169.5,160.07,166.65,64331946,0.0,1.0
2024-06-03 00:00:00+00:00,163.55,171.08,160.9101,170.82,59157590,163.55,171.08,160.9101,170.82,59157590,0.0,1.0
2024-06-04 00:00:00+00:00,159.99,164.83,158.8729,162.84,48157209,159.99,164.83,158.8729,162.84,48157209,0.0,1.0
2024-06-05 00:00:00+00:00,166.17,167.12,161.38,162.07,60507494,166.17,167.12,161.38,162.07,60507494,0.0,1.0
2024-06-06 00:00:00+00:00,166.78,169.51,163.86,165.46,47153676,166.78,169.51,163.86,165.46,47153676,0.0,1.0
2024-06-07 00:00:00+00:00,167.87,169.45,165.86,166.59,44795998,167.87,169.45,165.86,166.59,44795998,0.0,1.0
2024-06-10 00:00:00+00:00,160.34,165.55,159.61,162.48,67575627,160.34,165.55,159.61,162.48,67575627,0.0,1.0
2024-06-11 00:00:00+00:00,158.96,161.54,156.92,160.5,40497092,158.96,161.54,156.92,160.5,40497092,0.0,1.0
2024-06-12 00:00:00+00:00,160.24,162.24,158.62,160.32,48325813,160.24,162.24,158.62,160.32,48325813,0.0,1.0
2024-06-13 00:00:00+00:00,159.9,162.66,157.31,160.4,44442511,159.9,162.66,157.31,160.4,44442511,0.0,1.0
2024-06-14 00:00:00+00:00,159.63,161.3399,157.61,158.5,34054023,159.63,161.3399,157.61,158.5,34054023,0.0,1.0
2024-06-17 00:00:00+00:00,158.4,159.23,154.135,158.0,44507742,158.4,159.23,154.135,158.0,44507742,0.0,1.0
2024-06-18 00:00:00+00:00,154.63,157.24,153.34,156.99,51852033,154.63,157.24,153.34,156.99,51852033,0.0,1.0
2024-06-20 00:00:00+00:00,161.78,166.82,155.5,155.825,93245732,161.78,166.82,155.5,155.825,93245732,0.0,1.0
2024-06-21 00:00:00+00:00,161.23,163.2,157.89,161.75,61334699,161.23,163.2,157.89,161.75,61334699,0.0,1.0
2024-06-24 00:00:00+00:00,160.25,163.4,158.19,159.75,45954054,160.25,163.4,158.19,159.75,45954054,0.0,1.0
2024-06-25 00:00:00+00:00,160.25,161.0,156.45,160.73,40975277,160.25,161.0,156.45,160.73,40975277,0.0,1.0
2024-06-26 00:00:00+00:00,157.54,160.74,156.0,160.6,36973440,157.54,160.74,156.0,160.6,36973440,0.0,1.0
2024-06-27 00:00:00+00:00,159.47,160.61,156.81,157.18,34018216,159.47,160.61,156.81,157.18,34018216,0.0,1.0
2024-06-28 00:00:00+00:00,162.21,166.45,159.41,160.23,56204617,162.21,166.45,159.41,160.23,56204617,0.0,1.0
2024-07-01 00:00:00+00:00,157.69,161.5068,153.64,161.25,50436691,157.69,161.5068,153.64,161.25,50436691,0.0,1.0
2024-07-02 00:00:00+00:00,164.31,164.58,156.7,157.04,57838610,164.31,164.58,156.7,157.04,57838610,0.0,1.0
2024-07-03 00:00:00+00:00,163.9,165.26,162.51,164.2,26980906,163.9,165.26,162.51,164.2,26980906,0.0,1.0
2024-07-05 00:00:00+00:00,171.9,174.0396,165.68,165.97,61857052,171.9,174.0396,165.68,165.97,61857052,0.0,1.0
2024-07-08 00:00:00+00:00,178.69,178.95,173.22,174.9,60223422,178.69,178.95,173.22,174.9,60223422,0.0,1.0
2024-07-09 00:00:00+00:00,177.1,180.41,174.7,177.97,43471169,177.1,180.41,174.7,177.97,43471169,0.0,1.0
2024-07-10 00:00:00+00:00,183.96,187.28,177.8,179.99,90246965,183.96,187.28,177.8,179.99,90246965,0.0,1.0
2024-07-11 00:00:00+00:00,181.94,187.11,177.25,184.07,59231412,181.94,187.11,177.25,184.07,59231412,0.0,1.0
2024-07-12 00:00:00+00:00,181.61,186.99,179.69,182.015,50827368,181.61,186.99,179.69,182.015,50827368,0.0,1.0
2024-07-15 00:00:00+00:00,179.83,185.5,178.54,184.45,42202726,179.83,185.5,178.54,184.45,42202726,0.0,1.0
2024-07-16 00:00:00+00:00,177.55,179.75,174.53,179.69,40633058,177.55,179.75,174.53,179.69,40633058,0.0,1.0
2024-07-17 00:00:00+00:00,159.43,169.8,159.37,169.8,76954198,159.43,169.8,159.37,169.8,76954198,0.0,1.0
2024-07-18 00:00:00+00:00,155.77,163.41,153.2,163.41,69420335,155.77,163.41,153.2,163.41,69420335,0.0,1.0
2024-07-19 00:00:00+00:00,151.58,155.81,150.62,154.86,47513063,151.58,155.81,150.62,154.86,47513063,0.0,1.0
2024-07-22 00:00:00+00:00,155.87,156.7,152.545,154.23,43912459,155.87,156.7,152.545,154.23,43912459,0.0,1.0
2024-07-23 00:00:00+00:00,154.0,157.05,153.8,154.95,31950579,154.0,157.05,153.8,154.95,31950579,0.0,1.0
2024-07-24 00:00:00+00:00,144.63,153.68,144.53,152.72,49203120,144.63,153.68,144.53,152.72,49203120,0.0,1.0
2024-07-25 00:00:00+00:00,138.32,144.75,136.81,144.07,60578529,138.32,144.75,136.81,144.07,60578529,0.0,1.0
2024-07-26 00:00:00+00:00,139.99,141.29,138.27,140.32,49435825,139.99,141.29,138.27,140.32,49435825,0.0,1.0
2024-07-29 00:00:00+00:00,139.75,144.585,138.75,141.19,47447194,139.75,144.585,138.75,141.19,47447194,0.0,1.0
2024-07-30 00:00:00+00:00,138.44,141.7,134.05,139.88,68801709,138.44,141.7,134.05,139.88,68801709,0.0,1.0
2024-07-31 00:00:00+00:00,144.48,153.603,140.03,150.73,114306763,144.48,153.603,140.03,150.73,114306763,0.0,1.0
2024-08-01 00:00:00+00:00,132.54,147.29,130.24,145.0,94731931,132.54,147.29,130.24,145.0,94731931,0.0,1.0
2024-08-02 00:00:00+00:00,132.5,137.1,131.33,133.5,78561997,132.5,137.1,131.33,133.5,78561997,0.0,1.0
2024-08-05 00:00:00+00:00,134.82,139.14,121.825,122.16,76089361,134.82,139.14,121.825,122.16,76089361,0.0,1.0
2024-08-06 00:00:00+00:00,130.18,136.44,129.1,135.15,64455613,130.18,136.44,129.1,135.15,64455613,0.0,1.0
2024-08-07 00:00:00+00:00,128.67,136.24,128.37,133.75,54676492,128.67,136.24,128.37,133.75,54676492,0.0,1.0
2024-08-08 00:00:00+00:00,136.32,136.48,128.94,131.97,49037454,136.32,136.48,128.94,131.97,49037454,0.0,1.0
2024-08-09 00:00:00+00:00,134.27,135.5,132.44,134.69,40582992,134.27,135.5,132.44,134.69,40582992,0.0,1.0
2024-08-12 00:00:00+00:00,136.77,137.99,133.23,134.44,39724343,136.77,137.99,133.23,134.44,39724343,0.0,1.0
2024-08-13 00:00:00+00:00,141.13,141.19,137.52,138.12,42218019,141.13,141.19,137.52,138.12,42218019,0.0,1.0
2024-08-14 00:00:00+00:00,140.75,143.25,137.64,143.0,35506434,140.75,143.25,137.64,143.0,35506434,0.0,1.0
2024-08-15 00:00:00+00:00,147.36,147.96,141.81,143.0,43582387,147.36,147.96,141.81,143.0,43582387,0.0,1.0
2024-08-16 00:00:00+00:00,148.56,149.3693,145.2,145.7,31123927,148.56,149.3693,145.2,145.7,31123927,0.0,1.0
2024-08-19 00:00:00+00:00,155.28,155.365,147.72,148.43,60766854,155.28,155.365,147.72,148.43,60766854,0.0,1.0
2024-08-20 00:00:00+00:00,156.4,162.04,154.51,156.49,76851158,156.4,162.04,154.51,156.49,76851158,0.0,1.0
2024-08-21 00:00:00+00:00,157.81,158.65,155.07,156.12,42791246,157.81,158.65,155.07,156.12,42791246,0.0,1.0
2024-08-22 00:00:00+00:00,151.7,159.84,151.01,158.87,45737257,151.7,159.84,151.01,158.87,45737257,0.0,1.0
2024-08-23 00:00:00+00:00,154.98,156.4,151.83,153.6,43694642,154.98,156.4,151.83,153.6,43694642,0.0,1.0
2024-08-26 00:00:00+00:00,149.99,158.28,148.9101,154.7,49893259,149.99,158.28,148.9101,154.7,49893259,0.0,1.0
2024-08-27 00:00:00+00:00,150.5,151.7,148.44,150.13,35102650,150.5,151.7,148.44,150.13,35102650,0.0,1.0
2024-08-28 00:00:00+00:00,146.36,150.43,144.72,149.4,34075823,146.36,150.43,144.72,149.4,34075823,0.0,1.0
2024-08-29 00:00:00+00:00,145.49,149.49,144.47,146.59,31602113,145.49,149.49,144.47,146.59,31602113,0.0,1.0
2024-08-30 00:00:00+00:00,148.56,148.99,145.25,147.52,31169069,148.56,148.99,145.25,147.52,31169069,0.0,1.0
2024-09-03 00:00:00+00:00,136.94,146.49,136.1,146.41,42172672,136.94,146.49,136.1,146.41,42172672,0.0,1.0
2024-09-04 00:00:00+00:00,140.87,143.37,138.51,140.505,39955469,140.87,143.37,138.51,140.505,39955469,0.0,1.0
2024-09-05 00:00:00+00:00,139.44,141.71,137.83,138.2,25023021,139.44,141.71,137.83,138.2,25023021,0.0,1.0
2024-09-06 00:00:00+00:00,134.35,139.13,132.1101,138.7,39993507,134.35,139.13,132.1101,138.7,39993507,0.0,1.0
2024-09-09 00:00:00+00:00,138.15,138.445,134.86,136.1,27194508,138.15,138.445,134.86,136.1,27194508,0.0,1.0
2024-09-10 00:00:00+00:00,142.84,143.08,137.25,139.06,37217528,142.84,143.08,137.25,139.06,37217528,0.0,1.0
2024-09-11 00:00:00+00:00,149.86,150.16,140.71,145.325,50935390,149.86,150.16,140.71,145.325,50935390,0.0,1.0
2024-09-12 00:00:00+00:00,150.77,151.54,147.65,148.43,29286166,150.77,151.54,147.65,148.43,29286166,0.0,1.0
2024-09-13 00:00:00+00:00,152.31,153.03,150.7,152.32,25117241,152.31,153.03,150.7,152.32,25117241,0.0,1.0
2024-09-16 00:00:00+00:00,152.08,154.44,150.912,151.7,27677761,152.08,154.44,150.912,151.7,27677761,0.0,1.0
2024-09-17 00:00:00+00:00,150.82,154.045,149.225,153.55,29888994,150.82,154.045,149.225,153.55,29888994,0.0,1.0
2024-09-18 00:00:00+00:00,148.29,152.82,148.01,150.9,26320083,148.29,152.82,148.01,150.9,26320083,0.0,1.0
2024-09-19 00:00:00+00:00,156.74,159.25,152.77,153.81,44499983,156.74,159.25,152.77,153.81,44499983,0.0,1.0
2024-09-20 00:00:00+00:00,155.95,157.45,152.47,156.0,40248201,155.95,157.45,152.47,156.0,40248201,0.0,1.0
2024-09-23 00:00:00+00:00,156.75,157.19,154.97,156.445,21728542,156.75,157.19,154.97,156.445,21728542,0.0,1.0
2024-09-24 00:00:00+00:00,158.32,159.64,154.58,157.46,27531200,158.32,159.64,154.58,157.46,27531200,0.0,1.0
2024-09-25 00:00:00+00:00,162.02,162.95,158.18,158.5,35233264,162.02,162.95,158.18,158.5,35233264,0.0,1.0
2024-09-26 00:00:00+00:00,167.49,168.68,164.05,167.055,38044919,167.49,168.68,164.05,167.055,38044919,0.0,1.0
2024-09-27 00:00:00+00:00,164.35,168.7286,163.74,167.48,27876037,164.35,168.7286,163.74,167.48,27876037,0.0,1.0
2024-09-30 00:00:00+00:00,164.08,165.08,162.18,163.1,21920300,164.08,165.08,162.18,163.1,21920300,0.0,1.0
2024-10-01 00:00:00+00:00,159.75,165.4,158.08,164.48,31831860,159.75,165.4,158.08,164.48,31831860,0.0,1.0
2024-10-02 00:00:00+00:00,159.78,163.1,158.6689,159.31,24630431,159.78,163.1,158.6689,159.31,24630431,0.0,1.0
2024-10-03 00:00:00+00:00,162.85,166.7894,159.4,159.71,29598787,162.85,166.7894,159.4,159.71,29598787,0.0,1.0
2024-10-04 00:00:00+00:00,170.9,171.21,164.42,166.533,44640296,170.9,171.21,164.42,166.533,44640296,0.0,1.0
2024-10-07 00:00:00+00:00,170.97,172.41,168.21,171.08,38379930,170.97,172.41,168.21,171.08,38379930,0.0,1.0
2024-10-08 00:00:00+00:00,172.8,173.6,170.0,171.75,34730152,172.8,173.6,170.0,171.75,34730152,0.0,1.0
2024-10-09 00:00:00+00:00,171.02,174.05,169.55,174.05,33890735,171.02,174.05,169.55,174.05,33890735,0.0,1.0
2024-10-10 00:00:00+00:00,164.18,172.01,162.0,169.76,75113590,164.18,172.01,162.0,169.76,75113590,0.0,1.0
2024-10-11 00:00:00+00:00,167.89,169.35,163.0101,164.185,42136175,167.89,169.35,163.0101,164.185,42136175,0.0,1.0
2024-10-14 00:00:00+00:00,165.27,168.9,165.15,167.77,31757205,165.27,168.9,165.15,167.77,31757205,0.0,1.0
2024-10-15 00:00:00+00:00,156.64,164.13,155.74,163.21,50768024,156.64,164.13,155.74,163.21,50768024,0.0,1.0
2024-10-16 00:00:00+00:00,156.13,158.28,154.9159,158.075,30575773,156.13,158.28,154.9159,158.075,30575773,0.0,1.0
2024-10-17 00:00:00+00:00,156.25,160.44,156.2,160.0,29491853,156.25,160.44,156.2,160.0,29491853,0.0,1.0
2024-10-18 00:00:00+00:00,155.97,158.01,155.56,157.41,23822985,155.97,158.01,155.56,157.41,23822985,0.0,1.0
2024-10-21 00:00:00+00:00,157.9,158.0,154.15,155.76,25781212,157.9,158.0,154.15,155.76,25781212,0.0,1.0
2024-10-22 00:00:00+00:00,154.09,156.74,151.91,156.6,34997352,154.09,156.74,151.91,156.6,34997352,0.0,1.0
2024-10-23 00:00:00+00:00,152.91,153.445,150.52,153.0,26095933,152.91,153.445,150.52,153.0,26095933,0.0,1.0
2024-10-24 00:00:00+00:00,153.44,155.19,152.35,154.74,22877016,153.44,155.19,152.35,154.74,22877016,0.0,1.0
2024-10-25 00:00:00+00:00,156.23,158.91,155.05,155.4,29758489,156.23,158.91,155.05,155.4,29758489,0.0,1.0
2024-10-28 00:00:00+00:00,159.92,160.28,157.045,158.5,36010134,159.92,160.28,157.045,158.5,36010134,0.0,1.0
2024-10-29 00:00:00+00:00,166.25,167.5099,158.94,161.1,71896038,166.25,167.5099,158.94,161.1,71896038,0.0,1.0
2024-10-30 00:00:00+00:00,148.6,153.12,148.1,153.01,87701674,148.6,153.12,148.1,153.01,87701674,0.0,1.0
2024-10-31 00:00:00+00:00,144.07,148.68,143.33,147.8,44386597,144.07,148.68,143.33,147.8,44386597,0.0,1.0
2024-11-01 00:00:00+00:00,141.86,144.54,141.32,144.44,39027430,141.86,144.54,141.32,144.44,39027430,0.0,1.0
2024-11-04 00:00:00+00:00,140.71,143.64,139.72,141.7,29117421,140.71,143.64,139.72,141.7,29117421,0.0,1.0
2024-11-05 00:00:00+00:00,141.66,143.08,140.8,141.94,27067330,141.66,143.08,140.8,141.94,27067330,0.0,1.0
2024-11-06 00:00:00+00:00,145.1,145.625,141.52,144.95,32911499,145.1,145.625,141.52,144.95,32911499,0.0,1.0
2024-11-07 00:00:00+00:00,149.82,150.12,145.66,146.68,30326430,149.82,150.12,145.66,146.68,30326430,0.0,1.0
2024-11-08 00:00:00+00:00,147.95,150.71,147.525,149.39,27560342,147.95,150.71,147.525,149.39,27560342,0.0,1.0
2024-11-11 00:00:00+00:00,147.35,148.57,144.91,147.38,29868125,147.35,148.57,144.91,147.38,29868125,0.0,1.0
2024-11-12 00:00:00+00:00,143.63,147.45,141.5501,147.0,33560287,143.63,147.45,141.5501,147.0,33560287,0.0,1.0
2024-11-13 00:00:00+00:00,139.3,144.49,139.07,142.86,35146648,139.3,144.49,139.07,142.86,35146648,0.0,1.0
2024-11-14 00:00:00+00:00,138.84,141.4,138.56,140.34,31681410,138.84,141.4,138.56,140.34,31681410,0.0,1.0
2024-11-15 00:00:00+00:00,134.9,137.35,133.65,136.575,44217530,134.9,137.35,133.65,136.575,44217530,0.0,1.0
2024-11-18 00:00:00+00:00,138.93,140.9,137.21,138.185,38782434,138.93,140.9,137.21,138.185,38782434,0.0,1.0
2024-11-19 00:00:00+00:00,139.39,139.75,137.14,137.41,23131352,139.39,139.75,137.14,137.41,23131352,0.0,1.0
2024-11-20 00:00:00+00:00,137.6,140.77,135.48,138.96,28843065,137.6,140.77,135.48,138.96,28843065,0.0,1.0
2024-11-21 00:00:00+00:00,137.49,140.2799,134.93,138.87,29311442,137.49,140.2799,134.93,138.87,29311442,0.0,1.0
2024-11-22 00:00:00+00:00,138.35,139.13,137.04,137.35,21784728,138.35,139.13,137.04,137.35,21784728,0.0,1.0
2024-11-25 00:00:00+00:00,141.13,142.35,139.05,140.49,30923110,141.13,142.35,139.05,140.49,30923110,0.0,1.0
2024-11-26 00:00:00+00:00,137.72,142.8,136.62,142.55,32092378,137.72,142.8,136.62,142.55,32092378,0.0,1.0
2024-11-27 00:00:00+00:00,136.24,137.94,132.96,137.2,30175287,136.24,137.94,132.96,137.2,30175287,0.0,1.0
2024-11-29 00:00:00+00:00,137.18,138.59,135.78,136.24,16085714,137.18,138.59,135.78,136.24,16085714,0.0,1.0
2024-12-02 00:00:00+00:00,142.06,142.82,137.8,137.915,33102438,142.06,142.82,137.8,137.915,33102438,0.0,1.0
2024-12-03 00:00:00+00:00,141.98,143.4495,141.0801,142.58,22665348,141.98,143.4495,141.0801,142.58,22665348,0.0,1.0
2024-12-04 00:00:00+00:00,143.99,144.12,141.18,142.96,25942650,143.99,144.12,141.18,142.96,25942650,0.0,1.0
2024-12-05 00:00:00+00:00,141.36,143.95,140.38,143.68,29576925,141.36,143.95,140.38,143.68,29576925,0.0,1.0
2024-12-06 00:00:00+00:00,138.59,142.7852,137.4,141.48,33576839,138.59,142.7852,137.4,141.48,33576839,0.0,1.0
2024-12-09 00:00:00+00:00,130.87,135.77,130.0,135.71,57055558,130.87,135.77,130.0,135.71,57055558,0.0,1.0
2024-12-10 00:00:00+00:00,127.74,131.56,127.07,131.56,38907198,127.74,131.56,127.07,131.56,38907198,0.0,1.0
2024-12-11 00:00:00+00:00,130.15,131.21,126.2201,128.52,45588138,130.15,131.21,126.2201,128.52,45588138,0.0,1.0
2024-12-12 00:00:00+00:00,130.6,132.32,129.07,130.0,34267091,130.6,132.32,129.07,130.0,34267091,0.0,1.0
2024-12-13 00:00:00+00:00,126.91,131.3,124.77,131.3,67544738,126.91,131.3,124.77,131.3,67544738,0.0,1.0
2024-12-16 00:00:00+00:00,126.69,127.76,123.12,126.01,42090277,126.69,127.76,123.12,126.01,42090277,0.0,1.0
2024-12-17 00:00:00+00:00,125.02,127.08,123.15,124.45,43314939,125.02,127.08,123.15,124.45,43314939,0.0,1.0
2024-12-18 00:00:00+00:00,121.41,127.75,120.43,125.43,49724442,121.41,127.75,120.43,125.43,49724442,0.0,1.0
2024-12-19 00:00:00+00:00,118.88,123.38,118.45,122.16,46160667,118.88,123.38,118.45,122.16,46160667,0.0,1.0
2024-12-20 00:00:00+00:00,119.21,121.86,117.9,118.0,53591212,119.21,121.86,117.9,118.0,53591212,0.0,1.0
2024-12-23 00:00:00+00:00,124.6,126.3387,120.47,120.71,47777898,124.6,126.3387,120.47,120.71,47777898,0.0,1.0
2024-12-24 00:00:00+00:00,126.29,127.51,124.66,127.51,24829564,126.29,127.51,124.66,127.51,24829564,0.0,1.0
2024-12-26 00:00:00+00:00,125.06,127.2999,125.05,125.52,25139138,125.06,127.2999,125.05,125.52,25139138,0.0,1.0
2024-12-27 00:00:00+00:00,125.19,126.18,122.26,124.37,32924011,125.19,126.18,122.26,124.37,32924011,0.0,1.0
2024-12-30 00:00:00+00:00,122.44,124.1,122.35,123.562,30501637,122.44,124.1,122.35,123.562,30501637,0.0,1.0
2024-12-31 00:00:00+00:00,120.79,123.55,120.138,123.1,30203428,120.79,123.55,120.138,123.1,30203428,0.0,1.0
2025-01-02 00:00:00+00:00,120.63,123.14,119.44,122.29,34256182,120.63,123.14,119.44,122.29,34256182,0.0,1.0
2025-01-03 00:00:00+00:00,125.37,125.56,121.42,121.65,36785299,125.37,125.56,121.42,121.65,36785299,0.0,1.0
2025-01-06 00:00:00+00:00,129.55,130.73,127.36,129.07,48020190,129.55,130.73,127.36,129.07,48020190,0.0,1.0
2025-01-07 00:00:00+00:00,127.33,131.71,126.8537,130.51,39220408,127.33,131.71,126.8537,130.51,39220408,0.0,1.0
2025-01-08 00:00:00+00:00,121.84,125.3,120.1201,124.51,46723136,121.84,125.3,120.1201,124.51,46723136,0.0,1.0
2025-01-10 00:00:00+00:00,116.04,118.71,114.4501,118.18,59415614,116.04,118.71,114.4501,118.18,59415614,0.0,1.0
2025-01-13 00:00:00+00:00,117.32,117.48,114.41,115.28,39128897,117.32,117.48,114.41,115.28,39128897,0.0,1.0
2025-01-14 00:00:00+00:00,116.09,118.66,114.5,118.0,37005279,116.09,118.66,114.5,118.0,37005279,0.0,1.0
2025-01-15 00:00:00+00:00,119.96,120.42,117.46,117.55,38185819,119.96,120.42,117.46,117.55,38185819,0.0,1.0
2025-01-16 00:00:00+00:00,118.44,121.09,118.25,120.24,29414126,118.44,121.09,118.25,120.24,29414126,0.0,1.0
2025-01-17 00:00:00+00:00,121.46,122.74,120.55,120.78,35765924,121.46,122.74,120.55,120.78,35765924,0.0,1.0
2025-01-21 00:00:00+00:00,122.28,123.75,121.1201,122.39,31578832,122.28,123.75,121.1201,122.39,31578832,0.0,1.0
2025-01-22 00:00:00+00:00,123.75,125.65,121.912,123.08,35023842,123.75,125.65,121.912,123.08,35023842,0.0,1.0
2025-01-23 00:00:00+00:00,123.04,123.71,120.63,121.425,24921108,123.04,123.71,120.63,121.425,24921108,0.0,1.0
2025-01-24 00:00:00+00:00,122.84,125.25,122.23,124.55,31570300,122.84,125.25,122.23,124.55,31570300,0.0,1.0
2025-01-27 00:00:00+00:00,115.01,118.08,112.8,117.8,61067888,115.01,118.08,112.8,117.8,61067888,0.0,1.0
2025-01-28 00:00:00+00:00,114.17,116.15,112.95,115.175,40554760,114.17,116.15,112.95,115.175,40554760,0.0,1.0
2025-01-29 00:00:00+00:00,117.35,118.52,114.96,115.77,40199052,117.35,118.52,114.96,115.77,40199052,0.0,1.0
2025-01-30 00:00:00+00:00,118.86,120.44,117.09,118.53,29788383,118.86,120.44,117.09,118.53,29788383,0.0,1.0
2025-01-31 00:00:00+00:00,115.95,119.565,115.33,119.14,40533565,115.95,119.565,115.33,119.14,40533565,0.0,1.0
2025-02-03 00:00:00+00:00,114.27,115.16,112.98,113.875,34586051,114.27,115.16,112.98,113.875,34586051,0.0,1.0
2025-02-04 00:00:00+00:00,119.5,119.85,114.79,115.45,69412094,119.5,119.85,114.79,115.45,69412094,0.0,1.0
2025-02-05 00:00:00+00:00,112.01,112.09,106.5,107.61,110609343,112.01,112.09,106.5,107.61,110609343,0.0,1.0
2025-02-06 00:00:00+00:00,110.16,112.56,109.02,110.93,50426590,110.16,112.56,109.02,110.93,50426590,0.0,1.0
2025-02-07 00:00:00+00:00,107.56,109.92,106.79,109.13,46082499,107.56,109.92,106.79,109.13,46082499,0.0,1.0
2025-02-10 00:00:00+00:00,110.48,111.4,108.15,108.44,34905359,110.48,111.4,108.15,108.44,34905359,0.0,1.0
2025-02-11 00:00:00+00:00,111.1,113.07,108.94,108.98,35033759,111.1,113.07,108.94,108.98,35033759,0.0,1.0
2025-02-12 00:00:00+00:00,111.72,111.8356,109.0649,109.52,25319729,111.72,111.8356,109.0649,109.52,25319729,0.0,1.0
2025-02-13 00:00:00+00:00,111.81,114.6,110.4,112.0,40911804,111.81,114.6,110.4,112.0,40911804,0.0,1.0
2025-02-14 00:00:00+00:00,113.1,114.63,111.7,112.65,32477159,113.1,114.63,111.7,112.65,32477159,0.0,1.0
2025-02-18 00:00:00+00:00,114.28,115.55,113.45,114.05,31720307,114.28,115.55,113.45,114.05,31720307,0.0,1.0
2025-02-19 00:00:00+00:00,114.69,116.11,113.14,114.245,28807709,114.69,116.11,113.14,114.245,28807709,0.0,1.0
2025-02-20 00:00:00+00:00,114.17,116.55,113.105,115.01,27219565,114.17,116.55,113.105,115.01,27219565,0.0,1.0
2025-02-21 00:00:00+00:00,110.84,115.76,110.43,114.845,41353683,110.84,115.76,110.43,114.845,41353683,0.0,1.0
2025-02-24 00:00:00+00:00,108.11,111.6,107.98,111.49,29072208,108.11,111.6,107.98,111.49,29072208,0.0,1.0
2025-02-25 00:00:00+00:00,103.96,108.64,103.62,107.885,39169161,103.96,108.64,103.62,107.885,39169161,0.0,1.0
2025-02-26 00:00:00+00:00,104.74,105.7999,103.99,104.945,29178213,104.74,105.7999,103.99,104.945,29178213,0.0,1.0
2025-02-27 00:00:00+00:00,99.51,105.76,99.5,105.08,47263727,99.51,105.76,99.5,105.08,47263727,0.0,1.0
2025-02-28 00:00:00+00:00,99.86,101.8,98.69,99.56,45194576,99.86,101.8,98.69,99.56,45194576,0.0,1.0
2025-03-03 00:00:00+00:00,98.23,102.34,97.09,101.515,38957988,98.23,102.34,97.09,101.515,38957988,0.0,1.0
2025-03-04 00:00:00+00:00,100.75,103.18,95.89,96.0,54156941,100.75,103.18,95.89,96.0,54156941,0.0,1.0
2025-03-05 00:00:00+00:00,101.67,101.84,98.87,100.36,27855488,101.67,101.84,98.87,100.36,27855488,0.0,1.0
2025-03-06 00:00:00+00:00,98.85,101.08,98.27,99.05,28984978,98.85,101.08,98.27,99.05,28984978,0.0,1.0
2025-03-07 00:00:00+00:00,100.31,100.65,96.39,98.88,33254367,100.31,100.65,96.39,98.88,33254367,0.0,1.0
2025-03-10 00:00:00+00:00,96.63,101.29,95.83,98.57,38281746,96.63,101.29,95.83,98.57,38281746,0.0,1.0
2025-03-11 00:00:00+00:00,96.76,98.1599,94.73,96.79,34078300,96.76,98.1599,94.73,96.79,34078300,0.0,1.0
2025-03-12 00:00:00+00:00,100.79,101.715,98.17,99.045,34241287,100.79,101.715,98.17,99.045,34241287,0.0,1.0
2025-03-13 00:00:00+00:00,98.11,100.07,97.27,99.715,28575150,98.11,100.07,97.27,99.715,28575150,0.0,1.0
2025-03-14 00:00:00+00:00,100.97,101.22,99.58,99.64,24715265,100.97,101.22,99.58,99.64,24715265,0.0,1.0
2025-03-17 00:00:00+00:00,104.59,106.15,102.6,102.6,43689523,104.59,106.15,102.6,102.6,43689523,0.0,1.0
2025-03-18 00:00:00+00:00,103.51,104.55,102.97,103.85,27152827,103.51,104.55,102.97,103.85,27152827,0.0,1.0
2025-03-19 00:00:00+00:00,106.23,107.9,101.96,104.42,32287496,106.23,107.9,101.96,104.42,32287496,0.0,1.0
2025-03-20 00:00:00+00:00,107.14,108.26,105.12,105.12,26871839,107.14,108.26,105.12,105.12,26871839,0.0,1.0
2025-03-21 00:00:00+00:00,106.44,107.25,104.33,105.33,30767938,106.44,107.25,104.33,105.33,30767938,0.0,1.0
2025-03-24 00:00:00+00:00,113.85,114.85,109.4,109.73,53342002,113.85,114.85,109.4,109.73,53342002,0.0,1.0
2025-03-25 00:00:00+00:00,114.81,114.95,112.71,113.265,29077507,114.81,114.95,112.71,113.265,29077507,0.0,1.0
2025-03-26 00:00:00+00:00,110.19,115.8999,108.68,114.11,39976485,110.19,115.8999,108.68,114.11,39976485,0.0,1.0
2025-03-27 00:00:00+00:00,106.65,107.62,105.5499,106.11,32773714,106.65,107.62,105.5499,106.11,32773714,0.0,1.0
2025-03-28 00:00:00+00:00,103.22,106.51,102.48,105.525,31069114,103.22,106.51,102.48,105.525,31069114,0.0,1.0
2025-03-31 00:00:00+00:00,102.74,102.82,98.8,100.235,30865342,102.74,102.82,98.8,100.235,30865342,0.0,1.0
2025-04-01 00:00:00+00:00,102.78,102.83,100.93,102.16,23523230,102.78,102.83,100.93,102.16,23523230,0.0,1.0
2025-04-02 00:00:00+00:00,102.96,104.185,100.76,101.52,20793989,102.96,104.185,100.76,101.52,20793989,0.0,1.0
2025-04-03 00:00:00+00:00,93.8,99.4499,93.64,97.79,50472542,93.8,99.4499,93.64,97.79,50472542,0.0,1.0
2025-04-04 00:00:00+00:00,85.76,91.08,83.67,90.1,65847021,85.76,91.08,83.67,90.1,65847021,0.0,1.0
2025-04-07 00:00:00+00:00,83.64,89.0,77.75,80.68,70515429,83.64,89.0,77.75,80.68,70515429,0.0,1.0
2025-04-08 00:00:00+00:00,78.21,88.93,76.48,86.145,69910233,78.21,88.93,76.48,86.145,69910233,0.0,1.0
2025-04-09 00:00:00+00:00,96.84,97.91,78.87,79.22,97827352,96.84,97.91,78.87,79.22,97827352,0.0,1.0
2025-04-10 00:00:00+00:00,88.7,92.95,85.06,91.0,65210565,88.7,92.95,85.06,91.0,65210565,0.0,1.0
2025-04-11 00:00:00+00:00,93.4,94.76,90.5,90.51,57892600,93.4,94.76,90.5,90.51,57892600,0.0,1.0
2025-04-14 00:00:00+00:00,94.5,97.3699,93.45,97.11,36002970,94.5,97.3699,93.45,97.11,36002970,0.0,1.0
2025-04-15 00:00:00+00:00,95.29,96.85,94.62,94.66,28116536,95.29,96.85,94.62,94.66,28116536,0.0,1.0
2025-04-16 00:00:00+00:00,88.29,90.47,85.295,87.61,62109016,88.29,90.47,85.295,87.61,62109016,0.0,1.0
2025-04-17 00:00:00+00:00,87.5,89.03,86.515,88.84,34801437,87.5,89.03,86.515,88.84,34801437,0.0,1.0
2025-04-21 00:00:00+00:00,85.56,86.14,83.75,86.015,33855392,85.56,86.14,83.75,86.015,33855392,0.0,1.0
2025-04-22 00:00:00+00:00,86.26,87.17,85.17,86.12,35236735,86.26,87.17,85.17,86.12,35236735,0.0,1.0
2025-04-23 00:00:00+00:00,90.39,93.74,90.12,91.875,41102589,90.39,93.74,90.12,91.875,41102589,0.0,1.0
2025-04-24 00:00:00+00:00,94.47,94.75,90.37,91.59,33681919,94.47,94.75,90.37,91.59,33681919,0.0,1.0
2025-04-25 00:00:00+00:00,96.645,97.1,92.85,93.275,28575343,96.645,97.1,92.85,93.275,28575343,0.0,1.0
2025-04-28 00:00:00+00:00,96.39,97.4865,94.27,95.575,30456683,96.39,97.4865,94.27,95.575,30456683,0.0,1.0
2025-04-29 00:00:00+00:00,96.06,97.1767,95.33,95.755,20700637,96.06,97.1767,95.33,95.755,20700637,0.0,1.0
2025-04-30 00:00:00+00:00,97.35,97.55,91.87,92.81,29730729,97.35,97.55,91.87,92.81,29730729,0.0,1.0
2025-05-01 00:00:00+00:00,96.65,100.1,96.45,99.265,29591507,96.65,100.1,96.45,99.265,29591507,0.0,1.0
2025-05-02 00:00:00+00:00,98.8,99.88,98.3,98.4,29957888,98.8,99.88,98.3,98.4,29957888,0.0,1.0
2025-05-05 00:00:00+00:00,100.59,102.05,98.76,99.0,41268886,100.59,102.05,98.76,99.0,41268886,0.0,1.0
2025-05-06 00:00:00+00:00,98.62,100.07,97.44,98.41,54264254,98.62,100.07,97.44,98.41,54264254,0.0,1.0
2025-05-07 00:00:00+00:00,100.36,103.42,96.88,100.75,86648749,100.36,103.42,96.88,100.75,86648749,0.0,1.0
2025-05-08 00:00:00+00:00,101.7,105.44,101.56,101.92,54231362,101.7,105.44,101.56,101.92,54231362,0.0,1.0
2025-05-09 00:00:00+00:00,102.84,103.54,101.6,102.585,31704261,102.84,103.54,101.6,102.585,31704261,0.0,1.0
2025-05-12 00:00:00+00:00,108.12,110.667,106.98,110.415,50543396,108.12,110.667,106.98,110.415,50543396,0.0,1.0
2025-05-13 00:00:00+00:00,112.46,113.1277,109.0,109.6,55659513,112.46,113.1277,109.0,109.6,55659513,0.0,1.0
2025-05-14 00:00:00+00:00,117.72,122.52,116.59,119.83,86743700,117.72,122.52,116.59,119.83,86743700,0.0,1.0
2025-05-15 00:00:00+00:00,114.99,117.5,114.01,117.02,43843235,114.99,117.5,114.01,117.02,43843235,0.0,1.0
2025-05-16 00:00:00+00:00,117.17,118.24,116.01,118.07,43419695,117.17,118.24,116.01,118.07,43419695,0.0,1.0
2025-05-19 00:00:00+00:00,114.74,115.53,114.06,115.015,37737373,114.74,115.53,114.06,115.015,37737373,0.0,1.0
2025-05-20 00:00:00+00:00,113.51,114.51,112.08,114.35,29030815,113.51,114.51,112.08,114.35,29030815,0.0,1.0
2025-05-21 00:00:00+00:00,112.06,116.1,111.09,113.85,43594606,112.06,116.1,111.09,113.85,43594606,0.0,1.0
2025-05-22 00:00:00+00:00,110.71,112.64,110.61,111.9,29251957,110.71,112.64,110.61,111.9,29251957,0.0,1.0
2025-05-23 00:00:00+00:00,110.31,111.015,107.6671,108.085,30867274,110.31,111.015,107.6671,108.085,30867274,0.0,1.0
2025-05-27 00:00:00+00:00,114.56,115.395,112.27,113.175,37885019,114.56,115.395,112.27,113.175,37885019,0.0,1.0
2025-05-28 00:00:00+00:00,112.86,114.948,112.66,114.915,27483741,112.86,114.948,112.66,114.915,27483741,0.0,1.0
2025-05-29 00:00:00+00:00,113.03,115.54,112.13,115.485,30572131,113.03,115.54,112.13,115.485,30572131,0.0,1.0
2025-05-30 00:00:00+00:00,110.73,112.11,108.6154,111.584,36088472,110.73,112.11,108.6154,111.584,36088472,0.0,1.0
2025-06-02 00:00:00+00:00,114.63,114.86,111.01,111.06,34078358,114.63,114.86,111.01,111.06,34078358,0.0,1.0
2025-06-03 00:00:00+00:00,117.31,117.68,113.28,114.5,37161484,117.31,117.68,113.28,114.5,37161484,0.0,1.0
2025-06-04 00:00:00+00:00,118.58,119.295,115.73,117.41,31024986,118.58,119.295,115.73,117.41,31024986,0.0,1.0
2025-06-05 00:00:00+00:00,115.69,119.2448,114.71,118.95,34182902,115.69,119.2448,114.71,118.95,34182902,0.0,1.0
2025-06-06 00:00:00+00:00,116.19,118.38,115.88,117.685,27042083,116.19,118.38,115.88,117.685,27042083,0.0,1.0
2025-06-09 00:00:00+00:00,121.73,122.3699,119.04,119.18,55437652,121.73,122.3699,119.04,119.18,55437652,0.0,1.0
2025-06-10 00:00:00+00:00,123.24,124.09,120.8,121.105,41691908,123.24,124.09,120.8,121.105,41691908,0.0,1.0
2025-06-11 00:00:00+00:00,121.14,124.47,119.88,124.44,32261863,121.14,124.47,119.88,124.44,32261863,0.0,1.0
2025-06-12 00:00:00+00:00,118.5,122.25,118.03,120.615,44718365,118.5,122.25,118.03,120.615,44718365,0.0,1.0
2025-06-13 00:00:00+00:00,116.16,117.883,115.06,116.045,39702742,116.16,117.883,115.06,116.045,39702742,0.0,1.0
2025-06-16 00:00:00+00:00,126.39,128.1393,117.78,118.635,100968478,126.39,128.1393,117.78,118.635,100968478,0.0,1.0
2025-06-17 00:00:00+00:00,127.1,130.7,126.58,127.93,86623910,127.1,130.7,126.58,127.93,86623910,0.0,1.0
2025-06-18 00:00:00+00:00,126.79,129.21,125.77,128.01,49627112,126.79,129.21,125.77,128.01,49627112,0.0,1.0
2025-06-20 00:00:00+00:00,128.24,132.805,127.55,129.0,79930980,128.24,132.805,127.55,129.0,79930980,0.0,1.0
2025-06-23 00:00:00+00:00,129.58,133.25,126.82,130.47,65152874,129.58,133.25,126.82,130.47,65152874,0.0,1.0
2025-06-24 00:00:00+00:00,138.43,138.79,132.93,133.43,78571997,138.43,138.79,132.93,133.43,78571997,0.0,1.0
2025-06-25 00:00:00+00:00,143.4,144.18,139.46,140.94,74607219,143.4,144.18,139.46,140.94,74607219,0.0,1.0
2025-06-26 00:00:00+00:00,143.68,146.0,141.91,145.97,58180081,143.68,146.0,141.91,145.97,58180081,0.0,1.0
2025-06-27 00:00:00+00:00,143.81,147.7504,141.63,144.18,61937853,143.81,147.7504,141.63,144.18,61937853,0.0,1.0
2025-06-30 00:00:00+00:00,141.9,146.0,141.01,144.0,42972468,141.9,146.0,141.01,144.0,42972468,0.0,1.0
2025-07-01 00:00:00+00:00,136.11,140.23,135.1202,138.77,55257237,136.11,140.23,135.1202,138.77,55257237,0.0,1.0
2025-07-02 00:00:00+00:00,138.52,139.78,135.22,135.53,39227986,138.52,139.78,135.22,135.53,39227986,0.0,1.0
2025-07-03 00:00:00+00:00,137.91,139.5,137.32,139.11,28645993,137.91,139.5,137.32,139.11,28645993,0.0,1.0
2025-07-07 00:00:00+00:00,134.8,137.44,133.5,136.56,37395010,134.8,137.44,133.5,136.56,37395010,0.0,1.0
2025-07-08 00:00:00+00:00,137.82,139.15,135.91,137.32,36124612,137.82,139.15,135.91,137.32,36124612,0.0,1.0
2025-07-09 00:00:00+00:00,138.41,140.65,137.59,138.69,37013130,138.41,140.65,137.59,138.69,37013130,0.0,1.0
2025-07-10 00:00:00+00:00,144.16,145.82,141.85,143.0,61101465,144.16,145.82,141.85,143.0,61101465,0.0,1.0
2025-07-11 00:00:00+00:00,146.42,147.4,141.6,142.6,50049179,146.42,147.4,141.6,142.6,50049179,0.0,1.0
2025-07-14 00:00:00+00:00,146.24,147.58,141.9,145.09,44718554,146.24,147.58,141.9,145.09,44718554,0.0,1.0
2025-07-15 00:00:00+00:00,155.61,158.68,153.56,153.75,93370081,155.61,158.68,153.56,153.75,93370081,0.0,1.0
2025-07-16 00:00:00+00:00,160.08,160.36,152.85,155.31,59492760,160.08,160.36,152.85,155.31,59492760,0.0,1.0
2025-07-17 00:00:00+00:00,160.41,161.96,158.68,161.81,50605117,160.41,161.96,158.68,161.81,50605117,0.0,1.0
2025-07-18 00:00:00+00:00,156.99,160.83,155.81,159.59,48859835,156.99,160.83,155.81,159.59,48859835,0.0,1.0
2025-07-21 00:00:00+00:00,157.0,160.34,156.92,157.62,39021130,157.0,160.34,156.92,157.62,39021130,0.0,1.0
2025-07-22 00:00:00+00:00,154.72,156.2291,149.34,156.2,49028017,154.72,156.2291,149.34,156.2,49028017,0.0,1.0
2025-07-23 00:00:00+00:00,158.65,159.4485,156.0,156.315,41510896,158.65,159.4485,156.0,156.315,41510896,0.0,1.0
2025-07-24 00:00:00+00:00,162.12,163.93,158.36,159.12,48440112,162.12,163.93,158.36,159.12,48440112,0.0,1.0
2025-07-25 00:00:00+00:00,166.47,167.175,162.36,163.505,53432260,166.47,167.175,162.36,163.505,53432260,0.0,1.0
2025-07-28 00:00:00+00:00,173.66,174.7,168.67,169.08,68267835,173.66,174.7,168.67,169.08,68267835,0.0,1.0
2025-07-29 00:00:00+00:00,177.44,182.31,174.68,175.205,108154838,177.44,182.31,174.68,175.205,108154838,0.0,1.0
2025-07-30 00:00:00+00:00,179.51,180.37,173.8,175.605,64820291,179.51,180.37,173.8,175.605,64820291,0.0,1.0
2025-07-31 00:00:00+00:00,176.31,182.5,173.0,182.015,71765285,176.31,182.5,173.0,182.015,71765285,0.0,1.0
2025-08-01 00:00:00+00:00,171.7,174.4,166.82,170.16,75396130,171.7,174.4,166.82,170.16,75396130,0.0,1.0
2025-08-04 00:00:00+00:00,176.78,177.86,173.56,174.605,52951044,176.78,177.86,173.56,174.605,52951044,0.0,1.0
2025-08-05 00:00:00+00:00,174.31,177.99,171.8,177.565,88808520,174.31,177.99,171.8,177.565,88808520,0.0,1.0
2025-08-06 00:00:00+00:00,163.12,166.18,157.8,165.05,133641835,163.12,166.18,157.8,165.05,133641835,0.0,1.0
2025-08-07 00:00:00+00:00,172.4,175.75,166.7,166.835,95448310,172.4,175.75,166.7,166.835,95448310,0.0,1.0
2025-08-08 00:00:00+00:00,172.76,176.48,170.52,174.04,68866692,172.76,176.48,170.52,174.04,68866692,0.0,1.0
