date,close,high,low,open,volume,adjClose,adjHigh,adjLow,adjOpen,adjVolume,divCash,splitFactor
2018-01-02 00:00:00+00:00,267.01,267.5,257.57,259.77,3282906,21.5035471258,21.5430090864,20.7433003752,20.9204765247,32829060,0.0,1.0
2018-01-03 00:00:00+00:00,269.93,270.73,266.03,267.29,3088440,21.738708197,21.8031358877,21.4246232047,21.5260968176,30884400,0.0,1.0
2018-01-04 00:00:00+00:00,270.02,271.76,268.43,271.59,1894663,21.7459563122,21.8860865395,21.6179062768,21.8723956552,18946630,0.0,1.0
2018-01-05 00:00:00+00:00,271.62,274.26,269.45,271.97,2851581,21.8748116936,22.087423073,21.7000515825,21.9029988083,28515810,0.0,1.0
2018-01-08 00:00:00+00:00,272.27,272.55,269.06,270.92,2090645,21.9271591923,21.9497088841,21.6686430833,21.8184374642,20906450,0.0,1.0
2018-01-09 00:00:00+00:00,268.5,273.85,268.19,273.06,2598312,21.6235436998,22.0544038815,21.5985779696,21.9907815369,25983120,0.0,1.0
2018-01-10 00:00:00+00:00,262.83,266.14,260.73,265.98,3054390,21.1669124418,21.4334820121,20.9977897536,21.420596474,30543900,0.0,1.0
2018-01-11 00:00:00+00:00,263.5,263.85,261.55,263.57,1732462,21.2208706327,21.2490577474,21.0638281366,21.2265080557,17324620,0.0,1.0
2018-01-12 00:00:00+00:00,264.29,265.32,262.01,263.39,1980469,21.2844929773,21.3674436291,21.1008740588,21.2120118253,19804690,0.0,1.0
2018-01-16 00:00:00+00:00,263.25,267.0,261.66,265.18,3244136,21.2007369794,21.5027417797,21.0726869441,21.3561687833,32441360,0.0,1.0
2018-01-17 00:00:00+00:00,265.81,266.53,260.46,265.48,3672632,21.4069055897,21.4648905114,20.976045408,21.3803291673,36726320,0.0,1.0
2018-01-18 00:00:00+00:00,269.8,270.06,264.48,265.46,2953738,21.7282386972,21.7491776967,21.2997945539,21.378718475,29537380,0.0,1.0
2018-01-19 00:00:00+00:00,266.39,269.44,266.07,269.15,2958629,21.4536156655,21.6992462364,21.4278445892,21.6758911985,29586290,0.0,1.0
2018-01-22 00:00:00+00:00,262.11,266.77,260.62,265.65,2649017,21.1089275201,21.4842188186,20.9889309461,21.3940200516,26490170,0.0,1.0
2018-01-23 00:00:00+00:00,262.9,264.41,258.11,261.74,3449057,21.1725498647,21.2941571309,20.7867890665,21.0791297132,34490570,0.0,1.0
2018-01-24 00:00:00+00:00,256.86,263.27,256.0,260.97,4498726,20.6861207997,21.2023476717,20.6168610322,21.0171180608,44987260,0.0,1.0
2018-01-25 00:00:00+00:00,247.29,257.84,247.0,257.74,5905575,19.9154045494,20.7650447209,19.8920495115,20.7569912595,59055750,0.0,1.0
2018-01-26 00:00:00+00:00,250.79,250.95,245.24,249.42,4836850,20.1972756963,20.2101612345,19.7503085919,20.086943276,48368500,0.0,1.0
2018-01-29 00:00:00+00:00,245.47,249.49,243.49,248.28,4997038,19.768831553,20.0925806989,19.6093730185,19.9951338167,49970380,0.0,1.0
2018-01-30 00:00:00+00:00,240.98,245.03,237.01,241.25,4565683,19.4072311388,19.7333963231,19.0875087236,19.4289754844,45656830,0.0,1.0
2018-01-31 00:00:00+00:00,248.03,253.14,244.86,250.0,7991608,19.9750001633,20.3865320379,19.7197054388,20.1336533518,79916080,0.0,1.0
2018-02-01 00:00:00+00:00,238.79,245.9,238.1,241.72,6627644,19.2308603355,19.8034614368,19.1752914522,19.4668267527,66276440,0.0,1.0
2018-02-02 00:00:00+00:00,235.48,237.96,234.09,236.77,5804750,18.9642907651,19.1640166063,18.8523476524,19.0681804164,58047500,0.0,1.0
2018-02-05 00:00:00+00:00,228.1,244.0,227.6,234.68,6436836,18.3699453181,19.6504456713,18.3296780114,18.8998630744,64368360,0.0,1.0
2018-02-06 00:00:00+00:00,240.38,240.4,224.9,225.62,7610956,19.3589103708,19.360521063,18.1122345552,18.1702194769,76109560,0.0,1.0
2018-02-07 00:00:00+00:00,237.38,243.1,237.0,238.76,4018443,19.1173065306,19.5779645192,19.0867033775,19.2284442971,40184430,0.0,1.0
2018-02-08 00:00:00+00:00,229.57,238.52,229.51,237.39,3819573,18.4883311998,19.2091159898,18.483499123,19.1181118767,38195730,0.0,1.0
2018-02-09 00:00:00+00:00,235.5,237.12,226.25,232.79,4032928,18.9659014574,19.0963675311,18.2209562833,18.747652655,40329280,0.0,1.0
2018-02-12 00:00:00+00:00,244.4,245.48,237.5,237.86,3490978,19.6826595167,19.7696368992,19.1269706842,19.155963145,34909780,0.0,1.0
2018-02-13 00:00:00+00:00,245.86,246.03,240.06,241.01,2341692,19.8002400522,19.8139309365,19.3331392945,19.4096471772,23416920,0.0,1.0
2018-02-14 00:00:00+00:00,247.66,248.65,243.48,245.0,2516121,19.9452023564,20.0249316237,19.6085676723,19.7309802847,25161210,0.0,1.0
2018-02-15 00:00:00+00:00,251.83,251.84,244.43,249.28,2540629,20.2810316943,20.2818370404,19.6850755551,20.0756684301,25406290,0.0,1.0
2018-02-16 00:00:00+00:00,248.89,252.37,248.04,251.27,3171750,20.0442599309,20.3245203855,19.9758055095,20.2359323108,31717500,0.0,1.0
2018-02-20 00:00:00+00:00,249.62,255.74,247.52,248.75,4134753,20.1030501987,20.5959220327,19.9339275105,20.032985085,41347530,0.0,1.0
2018-02-21 00:00:00+00:00,248.62,253.47,248.45,252.49,2794204,20.0225155853,20.4131084603,20.008824701,20.3341845391,27942040,0.0,1.0
2018-02-22 00:00:00+00:00,249.35,253.1,248.27,249.12,1925608,20.081305853,20.3833106533,19.9943284706,20.062782892,19256080,0.0,1.0
2018-02-23 00:00:00+00:00,253.71,255.03,250.29,252.14,1796122,20.4324367675,20.5387424572,20.1570083896,20.3059974244,17961220,0.0,1.0
2018-02-26 00:00:00+00:00,252.95,254.44,251.0,251.96,2841594,20.3712304613,20.4912270353,20.2141879652,20.291501194,28415940,0.0,1.0
2018-02-27 00:00:00+00:00,251.81,255.67,251.68,252.09,2086168,20.279421002,20.5902846098,20.2689515023,20.3019706938,20861680,0.0,1.0
2018-02-28 00:00:00+00:00,246.46,254.49,245.98,254.08,2858161,19.8485608203,20.495253766,19.8099042059,20.4622345745,28581610,0.0,1.0
2018-03-01 00:00:00+00:00,243.31,249.12,241.31,245.86,2604435,19.5948767881,20.062782892,19.4338075612,19.8002400522,26044350,0.0,1.0
2018-03-02 00:00:00+00:00,250.87,251.18,240.23,240.43,2740164,20.2037184654,20.2286841956,19.3468301788,19.3629371014,27401640,0.0,1.0
2018-03-05 00:00:00+00:00,246.98,251.34,243.42,249.9,2589960,19.8904388193,20.2415697337,19.6037355955,20.1255998904,25899600,0.0,1.0
2018-03-06 00:00:00+00:00,250.96,251.3,247.32,249.31,3003004,20.2109665806,20.2383483492,19.9178205878,20.0780844685,30030040,0.0,1.0
2018-03-07 00:00:00+00:00,247.05,249.4,244.33,248.69,3154859,19.8960762422,20.0853325837,19.6770220937,20.0281530082,31548590,0.0,1.0
2018-03-08 00:00:00+00:00,246.95,248.3,245.92,248.26,3287738,19.8880227809,19.996744509,19.8050721291,19.9935231244,32877380,0.0,1.0
2018-03-09 00:00:00+00:00,253.78,254.28,247.63,248.58,2754628,20.4380741904,20.4783414971,19.942786318,20.0192942007,27546280,0.0,1.0
2018-03-12 00:00:00+00:00,262.84,264.3,259.62,260.65,5244235,21.1677177879,21.2852983235,20.9083963327,20.9913469845,52442350,0.0,1.0
2018-03-13 00:00:00+00:00,261.22,273.85,260.23,266.43,6666205,21.0372517142,22.0544038815,20.9575224469,21.45683705,66662050,0.0,1.0
2018-03-14 00:00:00+00:00,260.59,262.34,255.15,262.0,3894301,20.9865149077,21.1274504812,20.5484066108,21.1000687126,38943010,0.0,1.0
2018-03-15 00:00:00+00:00,267.76,268.9,263.5,263.73,5399341,21.5639480859,21.6557575451,21.2208706327,21.2393935938,53993410,0.0,1.0
2018-03-16 00:00:00+00:00,254.87,263.6,254.41,263.0,11241709,20.525856919,21.2289240941,20.4888109969,21.180603326,112417090,0.0,1.0
2018-03-19 00:00:00+00:00,244.95,256.49,242.77,253.1,6970189,19.726953554,20.6563229928,19.5513880968,20.3833106533,69701890,0.0,1.0
2018-03-20 00:00:00+00:00,242.36,248.05,241.28,245.1,6121449,19.5183689053,19.9766108556,19.4313915228,19.7390337461,61214490,0.0,1.0
2018-03-21 00:00:00+00:00,246.0,250.59,240.06,240.58,5439448,19.9524504716,20.3247339987,19.4706717895,19.512847701,54394480,1.75,1.0
2018-03-22 00:00:00+00:00,243.57,246.72,241.5,242.03,4215848,19.7553591925,20.0108478876,19.5874666215,19.6304536083,42158480,0.0,1.0
2018-03-23 00:00:00+00:00,242.48,245.22,240.41,243.38,5845337,19.6669519933,19.8891866042,19.4990594223,19.7399487633,58453370,0.0,1.0
2018-03-26 00:00:00+00:00,247.73,248.83,240.51,247.67,4559848,20.0927664851,20.1819847595,19.5071701745,20.0879000337,45598480,0.0,1.0
2018-03-27 00:00:00+00:00,244.37,254.25,241.6,248.08,6309121,19.8202452103,20.6215875301,19.5955773737,20.1211541179,63091210,0.0,1.0
2018-03-28 00:00:00+00:00,236.68,246.93,235.6,244.08,4174405,19.1965283643,20.0278804673,19.1089322403,19.7967240289,41744050,0.0,1.0
2018-03-29 00:00:00+00:00,235.65,240.84,234.76,238.09,4687413,19.1129876164,19.5339356568,19.0408019216,19.3108899707,46874130,0.0,1.0
2018-04-02 00:00:00+00:00,227.68,236.12,225.44,233.95,5308786,18.4665606641,19.1511081518,18.2848798143,18.9751048286,53087860,0.0,1.0
2018-04-03 00:00:00+00:00,236.78,236.98,227.21,230.86,4556870,19.2046391165,19.220860621,18.4284401287,18.7244825848,45568700,0.0,1.0
2018-04-04 00:00:00+00:00,236.99,237.92,229.5,230.05,3771974,19.2216716962,19.2971016919,18.6141763546,18.6587854918,37719740,0.0,1.0
2018-04-05 00:00:00+00:00,236.31,241.68,235.0,240.76,3579819,19.1665185811,19.6020659755,19.0602677269,19.527447055,35798190,0.0,1.0
2018-04-06 00:00:00+00:00,228.87,236.54,227.76,233.73,3024759,18.5630786156,19.1851733112,18.4730492659,18.9572611737,30247590,0.0,1.0
2018-04-09 00:00:00+00:00,234.74,239.66,229.26,229.98,3749372,19.0391797711,19.4382287806,18.5947105493,18.6531079653,37493720,0.0,1.0
2018-04-10 00:00:00+00:00,239.75,241.56,237.66,239.56,3537228,19.4455284576,19.5923330728,19.2760137361,19.4301180283,35372280,0.0,1.0
2018-04-11 00:00:00+00:00,240.32,240.72,237.08,238.12,1992202,19.4917597453,19.5242027541,19.2289713732,19.3133231963,19922020,0.0,1.0
2018-04-12 00:00:00+00:00,239.43,242.64,237.1,241.43,4103588,19.4195740505,19.6799291969,19.2305935236,19.5817890949,41035880,0.0,1.0
2018-04-13 00:00:00+00:00,246.94,252.0,244.9,250.0,4831233,20.0286915425,20.439095605,19.8632321971,20.2768805606,48312330,0.0,1.0
2018-04-16 00:00:00+00:00,249.37,249.89,245.68,249.09,2517175,20.2257828215,20.2679587331,19.9264960645,20.2030727153,25171750,0.0,1.0
2018-04-17 00:00:00+00:00,251.74,252.85,249.64,250.89,2508383,20.4180076493,20.5080369989,20.2476818525,20.3490662554,25083830,0.0,1.0
2018-04-18 00:00:00+00:00,249.59,251.67,247.46,251.0,2051064,20.2436264764,20.4123301227,20.0708674541,20.3579880828,20510640,0.0,1.0
2018-04-19 00:00:00+00:00,242.86,246.28,240.66,243.54,5014099,19.6977728517,19.9751605778,19.5193363028,19.7529259669,50140990,0.0,1.0
2018-04-20 00:00:00+00:00,237.12,241.6,235.01,241.22,4152992,19.2322156741,19.5955773737,19.0610788021,19.5647565153,41529920,0.0,1.0
2018-04-23 00:00:00+00:00,233.45,238.32,232.12,237.99,3133710,18.9345510674,19.3295447008,18.8266780629,19.3027792184,31337100,0.0,1.0
2018-04-24 00:00:00+00:00,228.39,236.12,226.69,235.74,4488879,18.5241470049,19.1511081518,18.3862642171,19.1202872934,44888790,0.0,1.0
2018-04-25 00:00:00+00:00,229.0,231.1,225.86,229.0,3402290,18.5736225935,18.7439483902,18.3189449736,18.5736225935,34022900,0.0,1.0
2018-04-26 00:00:00+00:00,230.42,231.88,228.3,231.0,3275088,18.6887952751,18.8072122575,18.5168473279,18.735837638,32750880,0.0,1.0
2018-04-27 00:00:00+00:00,232.78,234.2,230.7,233.57,2721139,18.8802090275,18.9953817091,18.7115053813,18.9442839701,27211390,0.0,1.0
2018-04-30 00:00:00+00:00,229.42,234.12,228.32,232.58,3968159,18.6076877528,18.9888931074,18.5184694783,18.8639875231,39681590,0.0,1.0
2018-05-01 00:00:00+00:00,230.38,230.85,226.36,230.85,4494715,18.6855509742,18.7236715096,18.3594987348,18.7236715096,44947150,0.0,1.0
2018-05-02 00:00:00+00:00,228.74,233.44,226.8,233.3,5295034,18.5525346377,18.9337399922,18.3951860445,18.9223849391,52950340,0.0,1.0
2018-05-03 00:00:00+00:00,225.25,227.88,222.68,226.49,5801139,18.2694693851,18.4827821686,18.0610230529,18.3700427126,58011390,0.0,1.0
2018-05-04 00:00:00+00:00,230.52,232.09,221.98,223.65,5130280,18.6969060273,18.8242448372,18.0042477873,18.1396973495,51302800,0.0,1.0
2018-05-07 00:00:00+00:00,235.97,236.9,231.0,231.3,3695339,19.1389420235,19.2143720192,18.735837638,18.7601698946,36953390,0.0,1.0
2018-05-08 00:00:00+00:00,238.85,238.96,234.82,235.74,4014883,19.3725316876,19.381453515,19.0456683729,19.1202872934,40148830,0.0,1.0
2018-05-09 00:00:00+00:00,238.05,239.13,234.05,235.8,3503116,19.3076456698,19.3952417938,18.9832155808,19.1251537447,35031160,0.0,1.0
2018-05-10 00:00:00+00:00,243.51,243.73,238.61,239.73,2574726,19.7504927412,19.7683363961,19.3530658822,19.4439063071,25747260,0.0,1.0
2018-05-11 00:00:00+00:00,243.38,244.5,241.6,243.08,2405205,19.7399487633,19.8307891882,19.5955773737,19.7156165066,24052050,0.0,1.0
2018-05-14 00:00:00+00:00,244.76,248.42,243.8,246.28,2757954,19.851877144,20.1487306754,19.7740139227,19.9751605778,27579540,0.0,1.0
2018-05-15 00:00:00+00:00,241.58,244.44,238.5,242.31,2498386,19.5939552233,19.8259227369,19.3441440548,19.6531637145,24983860,0.0,1.0
2018-05-16 00:00:00+00:00,240.51,242.21,238.99,242.14,2932964,19.5071701745,19.6450529623,19.3838867407,19.6393754357,29329640,0.0,1.0
2018-05-17 00:00:00+00:00,239.45,241.66,238.0,238.12,2282519,19.4211962009,19.6004438251,19.3035902937,19.3133231963,22825190,0.0,1.0
2018-05-18 00:00:00+00:00,235.99,240.62,235.88,239.86,2526200,19.1405641739,19.5160920019,19.1316423465,19.454450285,25262000,0.0,1.0
2018-05-21 00:00:00+00:00,239.05,240.5,236.67,239.46,2571950,19.388753192,19.5063590993,19.1957172891,19.4220072761,25719500,0.0,1.0
2018-05-22 00:00:00+00:00,238.49,241.37,237.58,240.24,1921771,19.3433329795,19.5769226436,19.2695251343,19.4852711435,19217710,0.0,1.0
2018-05-23 00:00:00+00:00,240.56,240.63,236.03,236.23,2345357,19.5112255506,19.5169030771,19.1438084748,19.1600299793,23453570,0.0,1.0
2018-05-24 00:00:00+00:00,243.53,244.36,240.0,240.86,2279928,19.7521148916,19.8194341351,19.4658053381,19.5355578073,22799280,0.0,1.0
2018-05-25 00:00:00+00:00,250.03,250.68,244.04,244.04,3221425,20.2793137862,20.3320336757,19.793479728,19.793479728,32214250,0.0,1.0
2018-05-29 00:00:00+00:00,249.69,251.11,248.47,248.64,2828101,20.2517372287,20.3669099102,20.1527860515,20.1665743303,28281010,0.0,1.0
2018-05-30 00:00:00+00:00,249.4,252.03,249.33,251.18,2684369,20.2282160472,20.4415288307,20.2225385207,20.3725874368,26843690,0.0,1.0
2018-05-31 00:00:00+00:00,252.07,255.29,249.0,249.26,3469805,20.4447731316,20.7059393532,20.1957730383,20.2168609941,34698050,0.0,1.0
2018-06-01 00:00:00+00:00,256.34,257.7,252.54,254.37,2636023,20.7911022516,20.9014084818,20.4828936671,20.6313204328,26360230,0.0,1.0
2018-06-04 00:00:00+00:00,258.37,259.36,256.23,258.0,2588550,20.9557505217,21.0360469687,20.7821804241,20.9257407385,25885500,0.0,1.0
2018-06-05 00:00:00+00:00,259.26,261.35,258.04,259.46,4237411,21.0279362165,21.197450938,20.9289850394,21.044157721,42374110,0.0,1.0
2018-06-06 00:00:00+00:00,263.52,263.78,259.71,260.74,3746530,21.3734542613,21.3945422171,21.0644346015,21.1479753494,37465300,0.0,1.0
2018-06-07 00:00:00+00:00,264.68,266.48,262.92,263.0,4607658,21.4675389871,21.6135325271,21.3247897479,21.3312783497,46076580,0.0,1.0
2018-06-08 00:00:00+00:00,257.97,259.93,253.74,256.74,7369382,20.9233075128,21.0822782564,20.5802226937,20.8235452605,73693820,0.0,1.0
2018-06-11 00:00:00+00:00,260.83,261.8,256.32,257.86,3185941,21.1552750264,21.233949323,20.7894801011,20.9143856854,31859410,0.0,1.0
2018-06-12 00:00:00+00:00,261.43,261.73,258.4,260.33,2759400,21.2039395398,21.2282717965,20.9581837474,21.1147212653,27594000,0.0,1.0
2018-06-13 00:00:00+00:00,263.58,266.07,260.71,261.76,3486822,21.3783207126,21.580278443,21.1455421238,21.2307050221,34868220,0.0,1.0
2018-06-14 00:00:00+00:00,268.46,269.07,264.1,265.0,3704162,21.7741254211,21.8236010097,21.4204966242,21.4934933942,37041620,0.0,1.0
2018-06-15 00:00:00+00:00,270.23,271.81,266.33,270.04,6096866,21.9176857355,22.0458356207,21.6013663988,21.9022753063,60968660,0.0,1.0
2018-06-18 00:00:00+00:00,264.5,269.0,264.23,269.0,3019056,21.4529396331,21.8179234832,21.4310406021,21.8179234832,30190560,0.0,1.0
2018-06-19 00:00:00+00:00,260.95,261.13,254.15,256.0,3622147,21.306946093,21.3216433542,20.7517162274,20.9027714114,36221470,1.75,1.0
2018-06-20 00:00:00+00:00,261.22,264.02,260.74,261.5,2495125,21.3289919848,21.5576160471,21.2897992884,21.351854391,24951250,0.0,1.0
2018-06-21 00:00:00+00:00,259.65,262.57,258.44,261.58,1818637,21.200799207,21.4392214434,21.1020009515,21.3583865071,18186370,0.0,1.0
2018-06-22 00:00:00+00:00,259.71,261.5,258.96,261.18,5241177,21.205698294,21.351854391,21.1444597059,21.3257259267,52411770,0.0,1.0
2018-06-25 00:00:00+00:00,252.42,256.42,250.43,256.42,2970532,20.6104592175,20.9370650208,20.4479728303,20.9370650208,29705320,0.0,1.0
2018-06-26 00:00:00+00:00,251.54,254.61,250.55,253.0,2423327,20.5386059408,20.7892758948,20.4577710044,20.657817059,24233270,0.0,1.0
2018-06-27 00:00:00+00:00,247.11,255.16,246.85,252.09,2471987,20.1768900136,20.8341841928,20.1556606364,20.5835142387,24719870,0.0,1.0
2018-06-28 00:00:00+00:00,244.9,247.32,242.27,246.28,3324128,19.9964403073,20.1940368183,19.7816969916,20.1091193094,33241280,0.0,1.0
2018-06-29 00:00:00+00:00,242.64,246.95,242.57,246.95,4279382,19.8119080284,20.1638257815,19.8061924269,20.1638257815,42793820,0.0,1.0
2018-07-02 00:00:00+00:00,242.05,242.22,237.42,240.09,3336918,19.7637336724,19.7776144191,19.3856874551,19.6036968288,33369180,0.0,1.0
2018-07-03 00:00:00+00:00,239.29,243.39,239.0,243.36,1159050,19.5383756681,19.8731466165,19.5146967474,19.870697073,11590500,0.0,1.0
2018-07-05 00:00:00+00:00,245.4,245.61,240.68,241.79,2529880,20.0372660327,20.0544128374,19.6518711848,19.7425042952,25298800,0.0,1.0
2018-07-06 00:00:00+00:00,247.68,248.6,244.42,244.9,2311214,20.2234313406,20.2985506753,19.9572476109,19.9964403073,23112140,0.0,1.0
2018-07-09 00:00:00+00:00,247.43,249.23,245.53,249.0,1795480,20.2030184779,20.3499910894,20.0478807213,20.3312112557,17954800,0.0,1.0
2018-07-10 00:00:00+00:00,250.56,251.8,247.05,248.34,1641319,20.458587519,20.559835318,20.1719909266,20.2773212981,16413190,0.0,1.0
2018-07-11 00:00:00+00:00,243.44,247.54,242.61,244.95,3576070,19.8772291891,20.2120001375,19.8094584849,20.0005228798,35760700,0.0,1.0
2018-07-12 00:00:00+00:00,209.98,210.28,197.46,207.08,43508279,17.1451716444,17.1696670797,16.1228954801,16.908382437,435082790,0.0,1.0
2018-07-13 00:00:00+00:00,202.46,214.0,201.9,212.5,16180077,16.5311527342,17.4734104768,16.4854279218,17.3509333005,161800770,0.0,1.0
2018-07-16 00:00:00+00:00,203.25,206.38,200.53,201.6,10227659,16.5956573804,16.8512264215,16.3735654341,16.4609324865,102276590,0.0,1.0
2018-07-17 00:00:00+00:00,208.31,209.09,202.01,202.21,11082719,17.0088137216,17.0725018532,16.4944095814,16.5107398715,110827190,0.0,1.0
2018-07-18 00:00:00+00:00,208.78,209.88,206.63,207.22,8083430,17.0471899034,17.1370064994,16.8716392842,16.9198136402,80834300,0.0,1.0
2018-07-19 00:00:00+00:00,210.37,211.48,208.04,208.29,6324721,17.1770157103,17.2676488207,16.9867678298,17.0071806925,63247210,0.0,1.0
2018-07-20 00:00:00+00:00,210.33,211.21,208.76,210.1,6383110,17.1737496522,17.245602929,17.0455568744,17.1549698185,63831100,0.0,1.0
2018-07-23 00:00:00+00:00,216.72,218.64,210.4,210.41,8221127,17.695502423,17.8522732086,17.1794652538,17.1802817683,82211270,0.0,1.0
2018-07-24 00:00:00+00:00,217.34,220.39,216.0,217.8,8115781,17.7461263225,17.9951632475,17.6367133784,17.7836859899,81157810,0.0,1.0
2018-07-25 00:00:00+00:00,225.97,228.65,217.71,217.71,9362828,18.4507783431,18.6696042314,17.7763373593,17.7763373593,93628280,0.0,1.0
2018-07-26 00:00:00+00:00,223.18,229.77,221.57,226.5,8506904,18.2229707953,18.7610538563,18.0915119595,18.4940536121,85069040,0.0,1.0
2018-07-27 00:00:00+00:00,221.05,229.29,220.07,224.01,7944317,18.0490532051,18.7218611599,17.9690347833,18.2907414995,79443170,0.0,1.0
2018-07-30 00:00:00+00:00,225.19,228.02,221.05,221.11,7527549,18.3870902115,18.6181638173,18.0490532051,18.0539522921,75275490,0.0,1.0
2018-07-31 00:00:00+00:00,221.77,228.84,221.54,226.68,6386008,18.1078422497,18.685118007,18.089062416,18.5087508732,63860080,0.0,1.0
2018-08-01 00:00:00+00:00,216.8,223.94,216.2,223.26,4266886,17.7020345391,18.285025898,17.6530436686,18.2295029114,42668860,0.0,1.0
2018-08-02 00:00:00+00:00,216.35,218.26,213.25,214.27,4031156,17.6652913862,17.8212456573,17.4121718886,17.4954563685,40311560,0.0,1.0
2018-08-03 00:00:00+00:00,217.81,218.0,214.4,215.75,2483244,17.7845025044,17.8000162801,17.5060710571,17.6163005157,24832440,0.0,1.0
2018-08-06 00:00:00+00:00,216.95,218.31,215.86,216.63,2263860,17.7142822567,17.8253282298,17.6252821753,17.6881537924,22638600,0.0,1.0
2018-08-07 00:00:00+00:00,220.31,221.84,217.14,219.22,2980002,17.9886311315,18.1135578512,17.7297960323,17.8996310501,29800020,0.0,1.0
2018-08-08 00:00:00+00:00,219.46,221.23,218.95,220.54,1580469,17.9192273983,18.0637504662,17.8775851583,18.0074109652,15804690,0.0,1.0
2018-08-09 00:00:00+00:00,216.58,220.25,215.94,220.15,2756342,17.6840712199,17.9837320444,17.6318142914,17.9755668993,27563420,0.0,1.0
2018-08-10 00:00:00+00:00,212.23,214.48,210.46,212.81,3702474,17.3288874088,17.5126031732,17.1843643408,17.3762452503,37024740,0.0,1.0
2018-08-13 00:00:00+00:00,211.08,213.98,210.45,211.65,2984221,17.2349882403,17.4717774477,17.1835478263,17.2815295673,29842210,0.0,1.0
2018-08-14 00:00:00+00:00,207.3,211.58,206.84,211.58,3632709,16.9263457562,17.2758139658,16.8887860888,17.2758139658,36327090,0.0,1.0
2018-08-15 00:00:00+00:00,206.58,207.58,202.77,205.13,4113208,16.8675567116,16.9492081625,16.556464684,16.7491621079,41132080,0.0,1.0
2018-08-16 00:00:00+00:00,208.69,208.86,206.69,207.77,2923918,17.0398412729,17.0537220195,16.8765383712,16.9647219381,29239180,0.0,1.0
2018-08-17 00:00:00+00:00,209.27,211.19,205.51,207.97,3909288,17.0871991143,17.2439698999,16.7801896592,16.9810522283,39092880,0.0,1.0
2018-08-20 00:00:00+00:00,206.72,210.0,205.86,209.48,5449291,16.8789879147,17.1468046735,16.808767667,17.104345919,54492910,0.0,1.0
2018-08-21 00:00:00+00:00,210.51,211.44,207.11,207.52,2995613,17.1884469134,17.2643827626,16.9108319806,16.9443090754,29956130,0.0,1.0
2018-08-22 00:00:00+00:00,207.54,211.71,207.43,210.45,2689042,16.9459421044,17.2864286544,16.9369604448,17.1835478263,26890420,0.0,1.0
2018-08-23 00:00:00+00:00,205.59,209.08,205.28,207.73,3557801,16.7867217753,17.0716853387,16.7614098256,16.9614558801,35578010,0.0,1.0
2018-08-24 00:00:00+00:00,209.0,209.27,204.68,206.35,2054407,17.0651532226,17.0871991143,16.7124189551,16.8487768779,20544070,0.0,1.0
2018-08-27 00:00:00+00:00,212.97,214.37,208.63,210.25,2821329,17.3893094824,17.5036215136,17.0349421858,17.1672175362,28213290,0.0,1.0
2018-08-28 00:00:00+00:00,214.43,215.96,212.57,214.63,2433965,17.5085206006,17.6334473204,17.3566489021,17.5248508908,24339650,0.0,1.0
2018-08-29 00:00:00+00:00,214.99,215.8,213.45,214.81,1812462,17.5542454131,17.6203830882,17.4285021788,17.5395481519,18124620,0.0,1.0
2018-08-30 00:00:00+00:00,216.65,216.94,214.61,214.97,2652937,17.6897868214,17.7134657422,17.5232178618,17.5526123841,26529370,0.0,1.0
2018-08-31 00:00:00+00:00,219.03,219.32,215.85,216.03,2762298,17.8841172744,17.9077961951,17.6244656608,17.6391629219,27622980,0.0,1.0
2018-09-04 00:00:00+00:00,219.43,220.29,217.13,218.59,3666278,17.9167778547,17.9869981024,17.7289795178,17.848190636,36662780,0.0,1.0
2018-09-05 00:00:00+00:00,221.42,221.8,219.58,219.95,3719422,18.0792642419,18.1102917932,17.9290255724,17.9592366092,37194220,0.0,1.0
2018-09-06 00:00:00+00:00,215.97,222.82,213.92,221.5,6250907,17.6342638349,18.193576273,17.4668783607,18.0857963579,62509070,0.0,1.0
2018-09-07 00:00:00+00:00,232.58,235.41,224.0,224.2,10470300,18.9904944331,19.2215680389,18.289924985,18.3062552752,104703000,0.0,1.0
2018-09-10 00:00:00+00:00,240.61,240.95,232.05,234.66,6087991,19.6461555832,19.6739170765,18.9472191642,19.1603294508,60879910,0.0,1.0
2018-09-11 00:00:00+00:00,232.55,239.7,230.4,237.7,6075543,18.9880448896,19.571852763,18.8124942703,19.4085498613,60755430,0.0,1.0
2018-09-12 00:00:00+00:00,229.89,230.85,222.83,228.1,5307948,18.7708520304,18.8492374232,18.1943927875,18.6246959334,53079480,0.0,1.0
2018-09-13 00:00:00+00:00,235.42,239.22,231.12,233.69,4375727,19.2223845534,19.5326600666,18.8712833149,19.0811275435,43757270,0.0,1.0
2018-09-14 00:00:00+00:00,236.34,237.09,233.69,235.16,2809548,19.2975038882,19.3587424763,19.0811275435,19.2011551762,28095480,0.0,1.0
2018-09-17 00:00:00+00:00,234.83,240.3,234.31,240.0,3673918,19.1742101975,19.6208436335,19.131751443,19.5963481982,36739180,0.0,1.0
2018-09-18 00:00:00+00:00,239.73,241.4,234.87,235.0,5051071,19.7171923455,19.8545456647,19.3174695123,19.3281616868,50510710,1.75,1.0
2018-09-19 00:00:00+00:00,241.79,242.49,239.77,240.47,3115984,19.8866221883,19.9441954359,19.7204822453,19.7780554929,31159840,0.0,1.0
2018-09-20 00:00:00+00:00,244.93,246.04,241.72,242.99,3998594,20.1448793275,20.2361740486,19.8808648636,19.9853191842,39985940,0.0,1.0
2018-09-21 00:00:00+00:00,248.1,248.77,245.18,246.33,13532054,20.4056038915,20.4607097142,20.1654412016,20.2600258226,135320540,0.0,1.0
2018-09-24 00:00:00+00:00,249.45,250.1,247.31,248.05,4532652,20.5166380118,20.5700988846,20.3406283692,20.4014915167,45326520,0.0,1.0
2018-09-25 00:00:00+00:00,247.65,249.35,245.8,248.98,4703739,20.368592518,20.5084132622,20.2164346494,20.4779816884,47037390,0.0,1.0
2018-09-26 00:00:00+00:00,245.43,248.05,244.8,245.64,3342845,20.1860030757,20.4014915167,20.1341871529,20.20327505,33428450,0.0,1.0
2018-09-27 00:00:00+00:00,246.45,247.88,244.91,245.69,2957154,20.2698955222,20.3875094423,20.1432343775,20.2073874248,29571540,0.0,1.0
2018-09-28 00:00:00+00:00,246.73,246.97,243.85,245.54,2673911,20.2929248212,20.3126642204,20.0560520312,20.1950503003,26739110,0.0,1.0
2018-10-01 00:00:00+00:00,249.51,252.14,247.67,247.88,2771018,20.5215728616,20.7378837775,20.370237468,20.3875094423,27710180,0.0,1.0
2018-10-02 00:00:00+00:00,248.1,251.71,247.92,249.14,2488779,20.4056038915,20.702517354,20.3907993421,20.4911412879,24887790,0.0,1.0
2018-10-03 00:00:00+00:00,249.42,251.33,247.04,248.81,1960713,20.5141705869,20.6712633053,20.3184215452,20.463999614,19607130,0.0,1.0
2018-10-04 00:00:00+00:00,248.17,249.73,246.2,246.66,2566302,20.4113612162,20.5396673108,20.2493336481,20.2871674965,25663020,0.0,1.0
2018-10-05 00:00:00+00:00,244.23,250.05,242.4,248.39,3385951,20.0873060799,20.5659865097,19.9367931612,20.4294556655,33859510,0.0,1.0
2018-10-08 00:00:00+00:00,241.37,245.42,240.38,243.31,3339697,19.8520782398,20.1851806008,19.7706532182,20.0116383831,33396970,0.0,1.0
2018-10-09 00:00:00+00:00,244.7,245.73,240.37,240.59,2467581,20.1259624033,20.2106773247,19.7698307432,19.7879251925,24675810,0.0,1.0
2018-10-10 00:00:00+00:00,231.83,245.07,231.64,242.93,5632741,19.0674371228,20.156393977,19.0518100984,19.9803843344,56327410,0.0,1.0
2018-10-11 00:00:00+00:00,228.9,235.6,227.19,231.97,3742359,18.8264519579,19.3775101847,18.6858087388,19.0789517723,37423590,0.0,1.0
2018-10-12 00:00:00+00:00,232.95,235.67,229.11,234.76,3259030,19.1595543189,19.3832675095,18.8437239322,19.3084222876,32590300,0.0,1.0
2018-10-15 00:00:00+00:00,232.47,235.33,230.04,231.03,3009936,19.1200755206,19.3553033607,18.920214104,19.0016391256,30099360,0.0,1.0
2018-10-16 00:00:00+00:00,238.32,238.76,234.18,236.0,3035475,19.6012233753,19.6374122738,19.2607187397,19.4104091834,30354750,0.0,1.0
2018-10-17 00:00:00+00:00,237.17,239.74,233.92,239.74,2026236,19.5066387543,19.7180148204,19.2393343906,19.7180148204,20262360,0.0,1.0
2018-10-18 00:00:00+00:00,228.02,236.82,226.53,235.43,3744272,18.754074161,19.4778521305,18.6315253911,19.3635281103,37442720,0.0,1.0
2018-10-19 00:00:00+00:00,228.28,231.09,226.93,230.0,3223264,18.7754585101,19.0065739753,18.6644243897,18.9169242041,32232640,0.0,1.0
2018-10-22 00:00:00+00:00,228.62,232.43,228.04,230.56,2561869,18.8034226589,19.1167856207,18.7557191109,18.9629828022,25618690,0.0,1.0
2018-10-23 00:00:00+00:00,229.05,229.54,218.82,222.81,3599023,18.8387890824,18.8790903557,17.9973971928,18.325564704,35990230,0.0,1.0
2018-10-24 00:00:00+00:00,218.71,226.41,217.84,226.4,3781020,17.9883499682,18.6216556915,17.9167946462,18.6208332166,37810200,0.0,1.0
2018-10-25 00:00:00+00:00,222.24,223.39,219.15,219.88,3519322,18.278683631,18.373268252,18.0245388667,18.0845795391,35193220,0.0,1.0
2018-10-26 00:00:00+00:00,213.15,217.34,209.2,215.57,5332407,17.5310538874,17.8756708979,17.2061762761,17.7300928291,53324070,0.0,1.0
2018-10-29 00:00:00+00:00,211.5,218.69,208.23,216.19,2863614,17.3953455181,17.9867050183,17.1263962045,17.7810862769,28636140,0.0,1.0
2018-10-30 00:00:00+00:00,221.01,221.56,211.0,213.78,2969670,18.1775192102,18.2227553333,17.3542217699,17.5828698102,29696700,0.0,1.0
2018-10-31 00:00:00+00:00,223.49,225.67,221.71,225.0,2814897,18.3814930016,18.5607925441,18.2350924578,18.5056867214,28148970,0.0,1.0
2018-11-01 00:00:00+00:00,229.88,234.23,223.72,225.16,3683037,18.9070545045,19.2648311145,18.4004099259,18.5188463209,36830370,0.0,1.0
2018-11-02 00:00:00+00:00,220.77,225.97,217.75,225.33,4024080,18.1577798111,18.5854667931,17.9093923715,18.5328283953,40240800,0.0,1.0
2018-11-05 00:00:00+00:00,220.09,221.1,213.71,219.02,2760887,18.1018515134,18.1849214849,17.5771124855,18.0138466921,27608870,0.0,1.0
2018-11-06 00:00:00+00:00,228.25,229.16,219.72,220.3,2946674,18.7729910852,18.847836307,18.0714199397,18.1191234877,29466740,0.0,1.0
2018-11-07 00:00:00+00:00,234.4,235.29,229.21,231.99,2900356,19.2788131889,19.3520134608,18.8519486819,19.0805967222,29003560,0.0,1.0
2018-11-08 00:00:00+00:00,240.25,242.62,232.71,232.71,2979558,19.7599610437,19.9548876105,19.1398149197,19.1398149197,29795580,0.0,1.0
2018-11-09 00:00:00+00:00,238.99,239.02,232.54,235.0,3361128,19.656329198,19.6587966229,19.1258328453,19.3281616868,33611280,0.0,1.0
2018-11-12 00:00:00+00:00,223.63,231.87,220.28,231.0,5030587,18.3930076512,19.0707270227,18.1174785378,18.9991717007,50305870,0.0,1.0
2018-11-13 00:00:00+00:00,224.83,229.82,222.32,225.49,2669659,18.491704647,18.9021196547,18.2852634307,18.5459879947,26696590,0.0,1.0
2018-11-14 00:00:00+00:00,226.2,230.53,225.62,226.76,2541106,18.6043837173,18.9605153773,18.5566801693,18.6504423153,25411060,0.0,1.0
2018-11-15 00:00:00+00:00,236.34,239.31,225.86,226.22,3669419,19.4383733322,19.6826483969,18.5764195684,18.6060286672,36694190,0.0,1.0
2018-11-16 00:00:00+00:00,237.61,239.2,231.65,233.82,3600547,19.5428276528,19.6736011723,19.0526325734,19.2311096409,36005470,0.0,1.0
2018-11-19 00:00:00+00:00,229.13,241.08,228.54,236.53,3532211,18.8453688821,19.8282264658,18.7968428592,19.4540003565,35322110,0.0,1.0
2018-11-20 00:00:00+00:00,227.71,229.08,222.58,223.94,3212376,18.728577437,18.8412565073,18.3066477798,18.4185043751,32123760,0.0,1.0
2018-11-21 00:00:00+00:00,230.0,233.31,227.51,230.22,1992626,18.9169242041,19.1891634177,18.7121279377,18.9350186534,19926260,0.0,1.0
2018-11-23 00:00:00+00:00,229.9,232.69,227.58,227.58,806595,18.9086994545,19.1381699698,18.7178852625,18.7178852625,8065950,0.0,1.0
2018-11-26 00:00:00+00:00,235.31,238.15,231.55,234.22,2871382,19.3536584107,19.5872413009,19.0444078238,19.2640086395,28713820,0.0,1.0
2018-11-27 00:00:00+00:00,235.83,238.37,232.42,233.58,3040854,19.3964271089,19.6053357502,19.1159631457,19.2113702417,30408540,0.0,1.0
2018-11-28 00:00:00+00:00,235.22,238.0,231.62,236.5,3108032,19.3462561361,19.5749041764,19.0501651485,19.4515329316,31080320,0.0,1.0
2018-11-29 00:00:00+00:00,235.78,238.63,232.76,234.27,1791954,19.3923147341,19.6267200993,19.1439272946,19.2681210143,17919540,0.0,1.0
2018-11-30 00:00:00+00:00,237.41,238.28,233.39,235.4,4008285,19.5263781535,19.5979334755,19.1957432174,19.3610606854,40082850,0.0,1.0
2018-12-03 00:00:00+00:00,242.07,247.04,241.47,245.2,3524031,19.9096514874,20.3184215452,19.8603029894,20.1670861515,35240310,0.0,1.0
2018-12-04 00:00:00+00:00,232.04,241.13,231.58,240.49,3645518,19.0847090971,19.8323388406,19.0468752487,19.7797004428,36455180,0.0,1.0
2018-12-06 00:00:00+00:00,227.24,227.25,217.61,226.24,5785875,18.6899211137,18.6907435886,17.897877722,18.6076736171,57858750,0.0,1.0
2018-12-07 00:00:00+00:00,228.56,238.28,224.5,234.05,7839582,18.7984878091,19.5979334755,18.4645629732,19.2500265651,78395820,0.0,1.0
2018-12-10 00:00:00+00:00,239.25,240.32,226.51,227.95,4334384,19.6777135471,19.7657183684,18.6298804412,18.7483168362,43343840,0.0,1.0
2018-12-11 00:00:00+00:00,246.84,250.34,243.42,243.46,5772965,20.3019720458,20.5898382837,20.0206856077,20.0239755075,57729650,0.0,1.0
2018-12-12 00:00:00+00:00,254.98,260.19,252.0,252.44,6870734,20.9714666677,21.3999761247,20.726369128,20.7625580265,68707340,0.0,1.0
2018-12-13 00:00:00+00:00,258.3,261.5,254.58,258.46,5435509,21.2445283562,21.5077203451,20.9385676691,21.2576879556,54355090,0.0,1.0
2018-12-14 00:00:00+00:00,254.83,261.59,254.63,255.36,4272738,20.9591295432,21.5151226198,20.9426800439,21.0027207164,42727380,0.0,1.0
2018-12-17 00:00:00+00:00,254.13,261.32,253.08,253.99,5623830,20.9015562956,21.4929157957,20.8151964243,20.8900416461,56238300,0.0,1.0
2018-12-18 00:00:00+00:00,249.67,255.59,248.81,255.08,5184947,20.7526883269,21.2447615231,20.6812047207,21.2023700822,51849470,2.65,1.0
2018-12-19 00:00:00+00:00,243.89,255.93,242.52,249.0,5972763,20.2722519968,21.2730224837,20.1583769497,20.6969976104,59727630,0.0,1.0
2018-12-20 00:00:00+00:00,241.89,248.5,238.45,244.4,7536529,20.1060110522,20.6554373743,19.8200766273,20.3146434377,75365290,0.0,1.0
2018-12-21 00:00:00+00:00,244.91,251.74,241.89,241.89,10213790,20.3570348786,20.9247477046,20.1060110522,20.1060110522,102137900,0.0,1.0
2018-12-24 00:00:00+00:00,233.8,243.7,233.51,242.0,2849366,19.433566431,20.2564591071,19.409461494,20.1151543041,28493660,0.0,1.0
2018-12-26 00:00:00+00:00,248.14,248.5,233.5,237.78,3674133,20.6255140042,20.6554373743,19.4086302893,19.7643859109,36741330,0.0,1.0
2018-12-27 00:00:00+00:00,250.85,251.23,242.14,245.0,3750725,20.8507704842,20.8823562637,20.1267911702,20.3645157211,37507250,0.0,1.0
2018-12-28 00:00:00+00:00,253.59,258.06,251.16,253.0,2870204,21.0785205784,21.4500690897,20.8765378307,21.0294794997,28702040,0.0,1.0
2018-12-31 00:00:00+00:00,254.28,258.5,250.95,257.83,2658996,21.1358737043,21.4866420976,20.8590825315,21.4309513811,26589960,0.0,1.0
2019-01-02 00:00:00+00:00,253.51,254.7,246.49,248.85,3034553,21.0718709406,21.1707843027,20.4883652249,20.6845295396,30345530,0.0,1.0
2019-01-03 00:00:00+00:00,230.96,246.54,230.33,244.56,6857960,19.1975042896,20.4925212485,19.145138392,20.3279427133,68579600,0.0,1.0
2019-01-04 00:00:00+00:00,233.23,236.45,231.67,234.29,5424767,19.3861877618,19.6538356827,19.2565198249,19.4742954624,54247670,0.0,1.0
2019-01-07 00:00:00+00:00,237.98,240.24,230.76,233.65,5343306,19.7810100053,19.9688622728,19.1808801951,19.4210983601,53433060,0.0,1.0
2019-01-08 00:00:00+00:00,236.07,241.9,233.37,240.11,3679521,19.6222499032,20.1068422569,19.3978246279,19.9580566114,36795210,0.0,1.0
2019-01-09 00:00:00+00:00,246.28,246.68,237.85,238.42,5297113,20.4709099257,20.5041581146,19.7702043439,19.8175830132,52971130,0.0,1.0
2019-01-10 00:00:00+00:00,249.52,250.57,244.36,245.57,2959355,20.740220256,20.827496752,20.3113186188,20.4118943903,29593550,0.0,1.0
2019-01-11 00:00:00+00:00,250.57,252.92,249.32,249.43,2015827,20.827496752,21.022829862,20.7235961616,20.7327394135,20158270,0.0,1.0
2019-01-14 00:00:00+00:00,250.87,251.58,245.9,248.11,2549960,20.8524328937,20.911448429,20.4393241462,20.62302039,25499600,0.0,1.0
2019-01-15 00:00:00+00:00,256.49,262.22,252.01,252.76,3924685,21.3195699482,21.7958502546,20.9471902321,21.0095305864,39246850,0.0,1.0
2019-01-16 00:00:00+00:00,251.7,257.35,251.36,257.2,2448374,20.9214228857,21.3910535544,20.8931619251,21.3785854835,24483740,0.0,1.0
2019-01-17 00:00:00+00:00,255.33,257.35,248.72,250.06,3515360,21.2231502003,21.3910535544,20.6737238782,20.7851053111,35153600,0.0,1.0
2019-01-18 00:00:00+00:00,260.82,261.94,257.0,259.13,3463448,21.6794815934,21.7725765224,21.3619613891,21.5390079951,34634480,0.0,1.0
2019-01-22 00:00:00+00:00,258.29,259.46,254.9,258.0,3715581,21.4691867984,21.566437751,21.1874083972,21.4450818614,37155810,0.0,1.0
2019-01-23 00:00:00+00:00,257.52,260.91,253.65,259.54,3177100,21.4051840347,21.6869624359,21.0835078068,21.5730873888,31771000,0.0,1.0
2019-01-24 00:00:00+00:00,263.55,266.75,260.0,261.09,3599910,21.9064004828,22.1723859943,21.6113228061,21.7019241209,35999100,0.0,1.0
2019-01-25 00:00:00+00:00,267.94,268.31,260.91,265.17,3034760,22.2712993564,22.3020539311,21.6869624359,22.041055648,30347600,0.0,1.0
2019-01-28 00:00:00+00:00,267.62,268.85,258.65,261.56,3132006,22.2447008052,22.3469389862,21.4991101684,21.7409907429,31320060,0.0,1.0
2019-01-29 00:00:00+00:00,266.32,267.6,263.83,267.35,2787032,22.1366441912,22.2430383958,21.9296742151,22.2222582777,27870320,0.0,1.0
2019-01-30 00:00:00+00:00,270.82,273.75,267.37,270.0,2872654,22.5106863167,22.7542293006,22.2239206871,22.4425275294,28726540,0.0,1.0
2019-01-31 00:00:00+00:00,268.25,271.0,266.35,270.56,2106274,22.2970667028,22.5256480017,22.1391378054,22.4890749939,21062740,0.0,1.0
2019-02-01 00:00:00+00:00,266.81,269.6,264.89,269.15,2287755,22.1773732226,22.4092793404,22.0177819158,22.3718751279,22877550,0.0,1.0
2019-02-04 00:00:00+00:00,272.12,272.14,264.95,267.5,2076093,22.6187429307,22.6204053402,22.0227691441,22.2347263485,20760930,0.0,1.0
2019-02-05 00:00:00+00:00,270.0,274.63,269.91,271.96,2262128,22.4425275294,22.8273753163,22.4350466869,22.6054436551,22621280,0.0,1.0
2019-02-06 00:00:00+00:00,276.21,280.0,272.75,273.27,2706413,22.9587056626,23.2737322527,22.6711088283,22.7143314739,27064130,0.0,1.0
2019-02-07 00:00:00+00:00,269.09,274.57,266.3,272.86,2864739,22.3668878996,22.8223880879,22.1349817818,22.6802520802,28647390,0.0,1.0
2019-02-08 00:00:00+00:00,274.06,274.29,267.06,267.33,2390288,22.779996647,22.7991143557,22.1981533407,22.2205958683,23902880,0.0,1.0
2019-02-11 00:00:00+00:00,275.72,276.0,273.28,274.4,1801188,22.9179766311,22.9412503634,22.7151626786,22.8082576076,18011880,0.0,1.0
2019-02-12 00:00:00+00:00,279.39,280.39,277.06,278.65,1980916,23.2230287646,23.3061492369,23.029358064,23.161519615,19809160,0.0,1.0
2019-02-13 00:00:00+00:00,281.32,282.16,277.97,280.0,1919218,23.3834512762,23.4532724729,23.1049976939,23.2737322527,19192180,0.0,1.0
2019-02-14 00:00:00+00:00,281.5,282.84,278.95,280.6,1601504,23.3984129612,23.5097943941,23.1864557567,23.3236045361,16015040,0.0,1.0
2019-02-15 00:00:00+00:00,281.93,284.09,278.79,284.09,1735175,23.4341547643,23.6136949845,23.1731564812,23.6136949845,17351750,0.0,1.0
2019-02-19 00:00:00+00:00,281.66,282.83,280.15,281.15,1515175,23.4117122368,23.5089631894,23.2862003235,23.3693207959,15151750,0.0,1.0
2019-02-20 00:00:00+00:00,283.42,286.63,282.28,283.25,1614951,23.5580042681,23.8248209842,23.4632469296,23.5438737878,16149510,0.0,1.0
2019-02-21 00:00:00+00:00,280.94,283.35,278.93,283.24,1325617,23.3518654967,23.552185835,23.1847933473,23.543042583,13256170,0.0,1.0
2019-02-22 00:00:00+00:00,276.5,280.0,274.66,279.95,2722814,22.9828105995,23.2737322527,22.8298689304,23.2695762291,27228140,0.0,1.0
2019-02-25 00:00:00+00:00,278.6,280.83,278.48,280.78,1924460,23.1573635914,23.3427222447,23.1473891347,23.3385662211,19244600,0.0,1.0
2019-02-26 00:00:00+00:00,275.0,278.01,274.45,277.93,2721216,22.858129891,23.1083225127,22.8124136312,23.101672875,27212160,0.0,1.0
2019-02-27 00:00:00+00:00,271.49,275.1,269.58,273.22,2914640,22.5663770331,22.8664419383,22.407616931,22.7101754503,29146400,0.0,1.0
2019-02-28 00:00:00+00:00,275.36,275.71,268.63,269.97,3146053,22.8880532611,22.9171454264,22.3286524823,22.4400339152,31460530,0.0,1.0
2019-03-01 00:00:00+00:00,272.75,278.16,271.13,277.73,1903785,22.6711088283,23.1207905836,22.5364536631,23.0850487805,19037850,0.0,1.0
2019-03-04 00:00:00+00:00,274.89,276.58,270.86,275.0,1738161,22.8489866391,22.9894602373,22.5140111356,22.858129891,17381610,0.0,1.0
2019-03-05 00:00:00+00:00,277.01,280.44,274.53,275.5,2169908,23.0252020404,23.3103052605,22.819063269,22.8996901272,21699080,0.0,1.0
2019-03-06 00:00:00+00:00,271.35,276.93,270.48,276.66,1997385,22.554740167,23.0185524026,22.4824253561,22.9961098751,19973850,0.0,1.0
2019-03-07 00:00:00+00:00,265.51,270.33,264.08,270.18,2541082,22.0693166086,22.4699572852,21.9504543332,22.4574892144,25410820,0.0,1.0
2019-03-08 00:00:00+00:00,264.19,264.76,259.2,261.56,2216990,21.9595975851,22.0069762544,21.5448264282,21.7409907429,22169900,0.0,1.0
2019-03-11 00:00:00+00:00,269.06,270.55,264.05,264.89,2716054,22.3643942854,22.4882437892,21.947960719,22.0177819158,27160540,0.0,1.0
2019-03-12 00:00:00+00:00,269.63,270.03,264.27,269.76,2332424,22.4117729546,22.4450211435,21.9662472229,22.422578616,23324240,0.0,1.0
2019-03-13 00:00:00+00:00,271.21,273.08,269.02,270.51,3208871,22.5431033009,22.6985385842,22.3610694665,22.4849189703,32088710,0.0,1.0
2019-03-14 00:00:00+00:00,268.2,272.26,267.89,272.09,4309432,22.2929106792,22.6303797968,22.2671433328,22.6162493165,43094320,0.0,1.0
2019-03-15 00:00:00+00:00,290.29,299.55,283.5,286.46,14406598,24.129041913,24.8987374868,23.5646539058,23.8106905039,144065980,0.0,1.0
2019-03-18 00:00:00+00:00,293.84,296.98,290.21,290.23,5674859,24.4241195897,24.6851178729,24.1223922752,24.1240546846,56748590,0.0,1.0
2019-03-19 00:00:00+00:00,299.31,300.98,294.11,294.16,5155604,24.8787885734,25.0175997622,24.4465621173,24.4507181409,51556040,0.0,1.0
2019-03-20 00:00:00+00:00,291.03,299.0,290.29,298.0,4126580,24.4108203142,25.0793226607,24.3487510875,24.9954453274,41265800,2.65,1.0
2019-03-21 00:00:00+00:00,296.8,299.37,291.0,291.88,2737961,24.8947925274,25.110357274,24.4083039942,24.4821160475,27379610,0.0,1.0
2019-03-22 00:00:00+00:00,292.65,296.44,291.4,295.92,2330901,24.5467015941,24.8645966874,24.4418549275,24.8209804741,23309010,0.0,1.0
2019-03-25 00:00:00+00:00,292.16,294.18,289.0,292.2,2387876,24.5056017008,24.6750339141,24.2405493275,24.5089567942,23878760,0.0,1.0
2019-03-26 00:00:00+00:00,297.03,299.47,294.23,294.37,2801154,24.9140843141,25.1187450073,24.6792277808,24.6909706074,28011540,0.0,1.0
2019-03-27 00:00:00+00:00,295.97,298.68,292.46,297.57,2186180,24.8251743407,25.052481914,24.5307649008,24.959378074,21861800,0.0,1.0
2019-03-28 00:00:00+00:00,299.07,303.3,295.67,297.11,3302952,25.085194074,25.4399951939,24.8000111407,24.9207945007,33029520,0.0,1.0
2019-03-29 00:00:00+00:00,300.71,302.67,298.28,301.22,2449344,25.2227529006,25.3871524739,25.0189309807,25.2655303406,24493440,0.0,1.0
2019-04-01 00:00:00+00:00,305.79,306.75,299.75,303.11,2703960,25.6488497539,25.7293719939,25.1422306607,25.4240585006,27039600,0.0,1.0
2019-04-02 00:00:00+00:00,303.05,307.35,302.61,306.16,2285693,25.4190258606,25.7796983938,25.3821198339,25.6798843672,22856930,0.0,1.0
2019-04-03 00:00:00+00:00,304.2,307.4,301.82,306.22,2315289,25.5154847939,25.7838922605,25.3158567406,25.6849170072,23152890,0.0,1.0
2019-04-04 00:00:00+00:00,302.0,306.0,301.67,304.75,1522814,25.3309546606,25.6664639939,25.3032751406,25.5616173272,15228140,0.0,1.0
2019-04-05 00:00:00+00:00,304.28,304.44,301.8,304.0,1887537,25.5221949806,25.5356153539,25.314179194,25.4987093272,18875370,0.0,1.0
2019-04-08 00:00:00+00:00,304.48,305.3,302.0,304.14,1389871,25.5389704472,25.6077498606,25.3309546606,25.5104521539,13898710,0.0,1.0
2019-04-09 00:00:00+00:00,303.45,304.11,300.29,302.58,1162051,25.4525767939,25.5079358339,25.1875244207,25.3796035139,11620510,0.0,1.0
2019-04-10 00:00:00+00:00,307.51,307.77,303.0,303.6,1499192,25.7931187672,25.8149268738,25.4148319939,25.4651583939,14991920,0.0,1.0
2019-04-11 00:00:00+00:00,309.41,310.19,306.23,308.15,1667017,25.9524857005,26.0179100205,25.6857557805,25.8468002605,16670170,0.0,1.0
2019-04-12 00:00:00+00:00,317.03,317.44,310.57,311.35,3008958,26.5916309803,26.626020687,26.0497834071,26.1152077271,30089580,0.0,1.0
2019-04-15 00:00:00+00:00,316.4,317.52,313.17,317.03,1621682,26.5387882603,26.6327308736,26.2678644737,26.5916309803,16216820,0.0,1.0
2019-04-16 00:00:00+00:00,318.5,320.01,316.1,320.0,2111735,26.7149306603,26.8415854336,26.5136250603,26.8407466603,21117350,0.0,1.0
2019-04-17 00:00:00+00:00,320.53,320.94,317.84,320.24,1813793,26.8852016469,26.9195913536,26.6595716203,26.8608772203,18137930,0.0,1.0
2019-04-18 00:00:00+00:00,318.62,322.45,318.16,321.04,2654805,26.7249959403,27.0462461269,26.686412367,26.9279790869,26548050,0.0,1.0
2019-04-22 00:00:00+00:00,315.0,317.89,314.2,317.32,1350728,26.4213599937,26.663765487,26.354258127,26.615955407,13507280,0.0,1.0
2019-04-23 00:00:00+00:00,315.64,318.09,314.19,316.76,1977675,26.475041487,26.6805409536,26.3534193537,26.5689841003,19776750,0.0,1.0
2019-04-24 00:00:00+00:00,314.33,317.01,313.19,314.58,2333488,26.3651621804,26.5899534337,26.2695420204,26.3861315137,23334880,0.0,1.0
2019-04-25 00:00:00+00:00,311.82,312.95,306.57,312.95,2673609,26.1546300738,26.2494114604,25.7142740739,26.2494114604,26736090,0.0,1.0
2019-04-26 00:00:00+00:00,310.41,310.95,305.11,309.15,1640375,26.0363630338,26.0816567938,25.5918131672,25.9306775938,16403750,0.0,1.0
2019-04-29 00:00:00+00:00,312.72,314.67,310.44,311.24,1340358,26.2301196737,26.3936804737,26.0388793538,26.1059812204,13403580,0.0,1.0
2019-04-30 00:00:00+00:00,318.4,318.42,312.53,313.32,1895321,26.706542927,26.7082204736,26.2141829804,26.2804460737,18953210,0.0,1.0
2019-05-01 00:00:00+00:00,318.9,323.2,318.69,320.5,1815793,26.7484815936,27.1091541269,26.7308673536,26.8826853269,18157930,0.0,1.0
2019-05-02 00:00:00+00:00,315.82,322.19,314.23,319.98,2042824,26.490139407,27.0244380202,26.356774447,26.8390691136,20428240,0.0,1.0
2019-05-03 00:00:00+00:00,315.71,316.65,310.69,314.95,1921373,26.4809129003,26.5597575937,26.0598486871,26.417166127,19213730,0.0,1.0
2019-05-06 00:00:00+00:00,311.57,311.93,305.35,306.79,1437403,26.1336607404,26.1638565804,25.6119437272,25.7327270872,14374030,0.0,1.0
2019-05-07 00:00:00+00:00,307.29,309.62,303.73,308.65,2173409,25.7746657538,25.9700999405,25.4760624473,25.8887389272,21734090,0.0,1.0
2019-05-08 00:00:00+00:00,303.39,307.66,303.11,305.3,1509866,25.4475441539,25.8057003672,25.4240585006,25.6077498606,15098660,0.0,1.0
2019-05-09 00:00:00+00:00,304.06,305.85,296.85,300.0,2228224,25.5037419672,25.6538823939,24.8989863941,25.163199994,22282240,0.0,1.0
2019-05-10 00:00:00+00:00,303.96,305.4,296.66,303.23,2102486,25.4953542339,25.6161375939,24.8830497007,25.4341237806,21024860,0.0,1.0
2019-05-13 00:00:00+00:00,293.38,295.68,288.2,293.82,3786434,24.6079320475,24.8008499141,24.1734474609,24.6448380741,37864340,0.0,1.0
2019-05-14 00:00:00+00:00,302.0,304.6,295.48,295.69,3427699,25.3309546606,25.5490357272,24.7840744474,24.8016886874,34276990,0.0,1.0
2019-05-15 00:00:00+00:00,304.37,307.77,298.61,300.27,1816785,25.5297439406,25.8149268738,25.0466105007,25.185846874,18167850,0.0,1.0
2019-05-16 00:00:00+00:00,297.29,303.1,294.7,299.75,3423313,24.9358924207,25.4232197273,24.7186501274,25.1422306607,34233130,0.0,1.0
2019-05-17 00:00:00+00:00,289.89,293.57,288.41,292.78,3909439,24.3152001542,24.6238687408,24.1910617009,24.5576056475,39094390,0.0,1.0
2019-05-20 00:00:00+00:00,272.59,279.95,268.64,278.0,6516154,22.8641222879,23.4814594611,22.5328068213,23.3178986611,65161540,0.0,1.0
2019-05-21 00:00:00+00:00,275.33,279.78,274.65,277.09,2506008,23.0939461812,23.4672003144,23.0369095945,23.2415702878,25060080,0.0,1.0
2019-05-22 00:00:00+00:00,269.22,275.06,268.97,270.48,3180892,22.5814556746,23.0712993012,22.5604863413,22.6871411146,31808920,0.0,1.0
2019-05-23 00:00:00+00:00,260.09,265.49,258.17,264.58,4660703,21.8156556215,22.2685932214,21.6546111415,22.192264848,46607030,0.0,1.0
2019-05-24 00:00:00+00:00,255.94,265.74,255.74,262.7,2796327,21.4675646882,22.2895625547,21.4507892215,22.0345754614,27963270,0.0,1.0
2019-05-28 00:00:00+00:00,254.48,257.73,250.09,256.57,6196527,21.3451037816,21.6177051148,20.9768822883,21.5204074082,61965270,0.0,1.0
2019-05-29 00:00:00+00:00,254.12,256.37,251.58,252.74,2813243,21.3149079416,21.5036319415,21.101859515,21.1991572216,28132430,0.0,1.0
2019-05-30 00:00:00+00:00,256.62,257.34,254.12,254.66,1731287,21.5246012749,21.5849929548,21.3149079416,21.3602017016,17312870,0.0,1.0
2019-05-31 00:00:00+00:00,251.64,255.74,251.0,253.04,2219380,21.106892155,21.4507892215,21.0532106616,21.2243204216,22193800,0.0,1.0
2019-06-03 00:00:00+00:00,253.18,258.33,251.2,252.55,2891066,21.2360632483,21.6680315148,21.0699861283,21.1832205283,28910660,0.0,1.0
2019-06-04 00:00:00+00:00,265.7,266.0,255.76,256.96,3680802,22.2862074613,22.3113706613,21.4524667682,21.5531195682,36808020,0.0,1.0
2019-06-05 00:00:00+00:00,265.72,271.51,262.4,269.01,2365444,22.287885008,22.7735347679,22.0094122614,22.5638414346,23654440,0.0,1.0
2019-06-06 00:00:00+00:00,272.79,275.0,265.28,267.02,3268676,22.8808977545,23.0662666612,22.2509789814,22.3969255413,32686760,0.0,1.0
2019-06-07 00:00:00+00:00,274.87,277.8744,273.28,274.78,2596690,23.0553626078,23.307363668,22.9219976479,23.0478136478,25966900,0.0,1.0
2019-06-10 00:00:00+00:00,280.21,284.77,276.72,276.73,2327989,23.5032675677,23.8857482076,23.2105356745,23.2113744478,23279890,0.0,1.0
2019-06-11 00:00:00+00:00,283.48,291.75,279.41,290.49,3710648,23.7775464477,24.4712119942,23.4361657011,24.3655265542,37106480,0.0,1.0
2019-06-12 00:00:00+00:00,279.73,283.16,277.41,281.67,2705712,23.4630064477,23.750705701,23.2684110344,23.6257284744,27057120,0.0,1.0
2019-06-13 00:00:00+00:00,281.61,282.89,277.41,281.52,3773457,23.6206958344,23.728058821,23.2684110344,23.6131468744,37734570,0.0,1.0
2019-06-14 00:00:00+00:00,265.93,268.09,257.47,258.11,10079720,22.305499248,22.486674288,21.5958970082,21.6495785015,100797200,0.0,1.0
2019-06-17 00:00:00+00:00,265.97,268.7,261.34,264.84,3578549,22.3088543413,22.5378394613,21.9205022881,22.2140729547,35785490,0.0,1.0
2019-06-18 00:00:00+00:00,278.05,283.02,266.46,268.15,5492044,23.3220925278,23.7389628743,22.3499542347,22.491706928,54920440,0.0,1.0
2019-06-19 00:00:00+00:00,277.49,279.07,273.71,278.78,2892032,23.2751212211,23.4076474077,22.9580649012,23.3833229811,28920320,0.0,1.0
2019-06-20 00:00:00+00:00,279.05,285.45,277.16,282.51,5729124,23.4059698611,23.9427847943,23.2474417011,23.6961854343,57291240,0.0,1.0
2019-06-21 00:00:00+00:00,273.99,281.0,273.96,276.61,4539947,23.2038254878,23.7974924708,23.2012848302,23.4257095813,45399470,2.65,1.0
2019-06-24 00:00:00+00:00,279.2,279.45,275.0,275.52,2050617,23.6450530172,23.6662251636,23.289360959,23.3333990233,20506170,0.0,1.0
2019-06-25 00:00:00+00:00,276.51,282.88,276.02,279.16,2443597,23.4172407228,23.9567070112,23.375743316,23.6416654738,24435970,0.0,1.0
2019-06-26 00:00:00+00:00,281.44,284.03,278.1,278.58,2477396,23.8347554483,24.0540988843,23.5518955734,23.5925460943,24773960,0.0,1.0
2019-06-27 00:00:00+00:00,285.71,288.45,282.23,282.93,2181273,24.1963757076,24.4284224313,23.9016594307,23.9609414404,21812730,0.0,1.0
2019-06-28 00:00:00+00:00,287.86,289.3,284.82,287.86,4926498,24.378456166,24.5004077288,24.1210028667,24.378456166,49264980,0.0,1.0
2019-07-01 00:00:00+00:00,300.35,305.75,296.33,301.68,4495568,25.4362165964,25.8935349571,25.0957684835,25.5488524149,44955680,0.0,1.0
2019-07-02 00:00:00+00:00,295.33,300.67,293.9,298.88,1901117,25.0110798982,25.4633169437,24.8899752212,25.311724376,19011170,0.0,1.0
2019-07-03 00:00:00+00:00,284.89,288.78,283.02,283.7,4941080,24.1269310676,24.4563696645,23.9685634131,24.0261516511,49410800,0.0,1.0
2019-07-05 00:00:00+00:00,282.66,285.44,281.97,283.65,2456533,23.9380755224,24.1735097895,23.8796403985,24.0219172218,24565330,0.0,1.0
2019-07-08 00:00:00+00:00,274.96,281.19,274.39,280.0,3429056,23.2859734155,23.813583302,23.2377009219,23.7128038855,34290560,0.0,1.0
2019-07-09 00:00:00+00:00,275.53,275.98,272.41,273.45,2613246,23.3342459092,23.3723557726,23.070017523,23.1580936517,26132460,0.0,1.0
2019-07-10 00:00:00+00:00,274.5,278.8,274.0,277.86,3013447,23.2470166663,23.6111775831,23.2046723736,23.5315703129,30134470,0.0,1.0
2019-07-11 00:00:00+00:00,276.06,277.45,272.95,275.24,2071327,23.3791308594,23.496847993,23.1157493591,23.3096862194,20713270,0.0,1.0
2019-07-12 00:00:00+00:00,285.39,285.93,276.38,276.38,2197117,24.1692753603,24.2150071963,23.4062312067,23.4062312067,21971170,0.0,1.0
2019-07-15 00:00:00+00:00,288.34,294.49,287.27,291.1,3033669,24.4191066869,24.9399414866,24.3284899006,24.6528471824,30336690,0.0,1.0
2019-07-16 00:00:00+00:00,284.13,287.79,282.39,286.99,1461752,24.0625677428,24.372527965,23.9152096044,24.3047770968,14617520,0.0,1.0
2019-07-17 00:00:00+00:00,285.08,287.29,283.19,285.56,1545297,24.1430218988,24.3301836724,23.9829604726,24.1836724198,15452970,0.0,1.0
2019-07-18 00:00:00+00:00,289.78,290.3,283.8,286.18,1936983,24.5410582498,24.5850963141,24.0346205096,24.2361793427,19369830,0.0,1.0
2019-07-19 00:00:00+00:00,290.0,293.16,289.53,291.83,2204995,24.5596897385,24.8273056681,24.5198861034,24.7146698496,22049950,0.0,1.0
2019-07-22 00:00:00+00:00,296.15,299.99,292.24,293.0,3391297,25.0805245382,25.4057287057,24.7493921696,24.8137554944,33912970,0.0,1.0
2019-07-23 00:00:00+00:00,300.78,302.36,299.21,299.5,1969162,25.4726326881,25.6064406529,25.3396716092,25.3642312989,19691620,0.0,1.0
2019-07-24 00:00:00+00:00,303.77,304.88,300.5,301.2,1901044,25.7258515582,25.8198558879,25.4489198842,25.508201894,19010440,0.0,1.0
2019-07-25 00:00:00+00:00,300.39,302.13,299.4,302.13,1574066,25.4396041399,25.5869622783,25.3557624404,25.5869622783,15740660,0.0,1.0
2019-07-26 00:00:00+00:00,300.92,303.02,300.53,301.59,1499559,25.4844890901,25.6623351192,25.4514605418,25.5412304422,14995590,0.0,1.0
2019-07-29 00:00:00+00:00,301.74,302.55,296.96,301.23,1206805,25.55393373,25.6225314841,25.1491222923,25.5107425515,12068050,0.0,1.0
2019-07-30 00:00:00+00:00,299.56,300.93,297.1,299.09,1116439,25.3693126141,25.4853359759,25.1609786942,25.329508979,11164390,0.0,1.0
2019-07-31 00:00:00+00:00,289.99,300.83,286.67,300.03,2081939,24.5588428527,25.4768671174,24.2776767495,25.4091162491,20819390,0.0,1.0
2019-08-01 00:00:00+00:00,285.34,297.82,282.32,289.13,2191069,24.165040931,25.2219544756,23.9092814034,24.4860106693,21910690,0.0,1.0
2019-08-02 00:00:00+00:00,278.53,283.84,275.91,282.07,2007951,23.5883116651,24.0380080531,23.3664275716,23.8881092571,20079510,0.0,1.0
2019-08-05 00:00:00+00:00,267.66,272.24,264.08,271.95,2776482,22.6677467428,23.0556204635,22.3645616074,23.0310607738,27764820,0.0,1.0
2019-08-06 00:00:00+00:00,266.44,272.18,264.56,270.13,2219934,22.5644266687,23.0505391484,22.4052121284,22.8769275485,22199340,0.0,1.0
2019-08-07 00:00:00+00:00,270.05,272.72,263.0,264.03,2224408,22.8701524617,23.0962709845,22.2730979353,22.3603271782,22244080,0.0,1.0
2019-08-08 00:00:00+00:00,270.98,272.56,262.5,270.38,2916338,22.948912846,23.0827208108,22.2307536426,22.8980996948,29163380,0.0,1.0
2019-08-09 00:00:00+00:00,275.73,280.55,269.58,269.58,3073462,23.3511836262,23.7593826074,22.8303488266,22.8303488266,30734620,0.0,1.0
2019-08-12 00:00:00+00:00,275.64,278.21,272.54,273.38,2003969,23.3435616535,23.5612113178,23.0810270391,23.1521654508,20039690,0.0,1.0
2019-08-13 00:00:00+00:00,283.7,285.5,272.03,275.3,2294124,24.0261516511,24.1785911047,23.0378358606,23.3147675345,22941240,0.0,1.0
2019-08-14 00:00:00+00:00,271.56,280.15,270.38,278.79,2710811,22.9980322255,23.7255071733,22.8980996948,23.6103306973,27108110,0.0,1.0
2019-08-15 00:00:00+00:00,268.64,272.78,264.85,272.0,2014233,22.7507415564,23.1013522996,22.4297718181,23.035295203,20142330,0.0,1.0
2019-08-16 00:00:00+00:00,273.78,275.75,271.98,272.15,1820305,23.1860408849,23.3528773979,23.0336014313,23.0479984908,18203050,0.0,1.0
2019-08-19 00:00:00+00:00,278.78,280.07,275.61,279.5,1748910,23.6094838114,23.7187320865,23.341020996,23.6704595928,17489100,0.0,1.0
2019-08-20 00:00:00+00:00,280.37,284.96,277.01,278.16,1792071,23.744138662,24.1328592686,23.4595850154,23.5569768885,17920710,0.0,1.0
2019-08-21 00:00:00+00:00,287.5,288.26,284.05,284.64,1938488,24.3479682753,24.4123316001,24.055792656,24.1057589213,19384880,0.0,1.0
2019-08-22 00:00:00+00:00,287.62,289.41,284.55,288.39,1229940,24.3581309055,24.5097234732,24.0981369486,24.4233411162,12299400,0.0,1.0
2019-08-23 00:00:00+00:00,272.13,285.48,271.05,283.99,2576280,23.0463047191,24.176897333,22.954841047,24.0507113408,25762800,0.0,1.0
2019-08-26 00:00:00+00:00,277.22,277.95,275.0,276.95,1425016,23.4773696183,23.5391922856,23.289360959,23.4545037003,14250160,0.0,1.0
2019-08-27 00:00:00+00:00,275.57,280.22,274.91,279.15,1429887,23.3376334526,23.7314353742,23.2817389863,23.640818588,14298870,0.0,1.0
2019-08-28 00:00:00+00:00,276.06,276.41,270.47,274.33,1713316,23.3791308594,23.4087718642,22.9057216675,23.2326196068,17133160,0.0,1.0
2019-08-29 00:00:00+00:00,283.37,285.49,281.05,281.49,1643001,23.998204418,24.1777442188,23.8017269001,23.8389898776,16430010,0.0,1.0
2019-08-30 00:00:00+00:00,282.64,285.9,279.9,285.36,1672115,23.9363817507,24.2124665388,23.704335027,24.1667347027,16721150,0.0,1.0
2019-09-03 00:00:00+00:00,274.05,280.85,270.93,280.0,2221028,23.2089068029,23.784789183,22.9446784168,23.7128038855,22210280,0.0,1.0
2019-09-04 00:00:00+00:00,283.02,284.35,278.2,278.79,1986835,23.9685634131,24.0811992316,23.5603644319,23.6103306973,19868350,0.0,1.0
2019-09-05 00:00:00+00:00,291.02,293.68,288.36,288.36,2094058,24.6460720955,24.8713437325,24.4208004586,24.4208004586,20940580,0.0,1.0
2019-09-06 00:00:00+00:00,291.91,293.3,289.3,291.85,1374758,24.7214449365,24.83916207,24.5004077288,24.7163636213,13747580,0.0,1.0
2019-09-09 00:00:00+00:00,292.61,297.2,290.4,295.0,2168905,24.7807269462,25.1694475527,24.5935651727,24.9831326651,21689050,0.0,1.0
2019-09-10 00:00:00+00:00,294.44,294.45,288.82,291.35,2085102,24.9357070573,24.9365539431,24.4597572079,24.6740193287,20851020,0.0,1.0
2019-09-11 00:00:00+00:00,298.01,298.78,294.55,296.32,1925989,25.2380453068,25.3032555175,24.9450228017,25.0949215977,19259890,0.0,1.0
2019-09-12 00:00:00+00:00,300.58,302.33,296.47,301.43,3310930,25.4556949711,25.6038999953,25.1076248855,25.5276802686,33109300,0.0,1.0
2019-09-13 00:00:00+00:00,290.32,297.99,283.89,297.65,6255696,24.5867900858,25.2363515351,24.0422424823,25.2075574161,62556960,0.0,1.0
2019-09-16 00:00:00+00:00,288.66,290.27,285.7,286.8,2217572,24.4462070342,24.5825556566,24.1955288217,24.2886862656,22175720,0.0,1.0
2019-09-17 00:00:00+00:00,288.83,289.3,283.75,288.02,2203473,24.4606040937,24.5004077288,24.0303860804,24.3920063396,22034730,0.0,1.0
2019-09-18 00:00:00+00:00,287.74,290.76,283.88,288.49,1737065,24.3682935357,24.6240530634,24.0413955965,24.4318099747,17370650,0.0,1.0
2019-09-19 00:00:00+00:00,290.64,291.95,287.23,288.5,1977918,24.6138904331,24.7248324799,24.3251023572,24.4326568606,19779180,0.0,1.0
2019-09-20 00:00:00+00:00,284.26,288.4,281.82,287.67,3689318,24.2980020099,24.6518813047,24.0894354691,24.5894822986,36893180,2.65,1.0
2019-09-23 00:00:00+00:00,285.46,287.16,282.08,283.62,1558379,24.4005757186,24.5458884724,24.1116597726,24.243296032,15583790,0.0,1.0
2019-09-24 00:00:00+00:00,282.31,288.9,279.75,287.32,2104247,24.1313197334,24.6946203499,23.9124958217,24.5595649669,21042470,0.0,1.0
2019-09-25 00:00:00+00:00,275.77,277.21,270.0,271.75,5595904,23.5722930215,23.6953814718,23.0790844392,23.2286710976,55959040,0.0,1.0
2019-09-26 00:00:00+00:00,276.91,278.66,272.68,275.26,2765225,23.6697380447,23.8193247031,23.3081657218,23.5286991953,27652250,0.0,1.0
2019-09-27 00:00:00+00:00,274.14,281.28,272.96,276.63,2894245,23.4329637339,24.0432773002,23.3320995871,23.6458041793,28942450,0.0,1.0
2019-09-30 00:00:00+00:00,276.07,276.72,272.5,275.79,2020410,23.5979364486,23.6534972075,23.2927796655,23.5740025833,20204100,0.0,1.0
2019-10-01 00:00:00+00:00,274.85,279.65,273.38,278.27,1958915,23.4936531782,23.9039480127,23.3680003851,23.7859882478,19589150,0.0,1.0
2019-10-02 00:00:00+00:00,270.07,273.8,268.32,273.46,2000229,23.0850679055,23.4039011831,22.9354812471,23.3748386324,20002290,0.0,1.0
2019-10-03 00:00:00+00:00,274.43,274.5,267.22,270.0,1901869,23.4577523802,23.4637358465,22.8414553476,23.0790844392,19018690,0.0,1.0
2019-10-04 00:00:00+00:00,281.43,281.7,275.2,278.49,2591666,24.0560990138,24.0791780982,23.5235705099,23.8047934277,25916660,0.0,1.0
2019-10-07 00:00:00+00:00,276.08,281.02,275.7,280.01,1910303,23.5987912295,24.0210529967,23.5663095551,23.9347201252,19103030,0.0,1.0
2019-10-08 00:00:00+00:00,270.33,274.9,268.91,274.06,2306738,23.1072922091,23.4979270827,22.9859133205,23.4261254867,23067380,0.0,1.0
2019-10-09 00:00:00+00:00,273.15,274.91,272.02,273.68,1666927,23.3483404243,23.4987818636,23.251750182,23.3936438123,16669270,0.0,1.0
2019-10-10 00:00:00+00:00,274.45,278.78,273.65,274.56,1810886,23.459461942,23.8295820739,23.3910794696,23.4688645319,18108860,0.0,1.0
2019-10-11 00:00:00+00:00,280.91,284.08,279.09,279.49,2389088,24.0116504067,24.2826159536,23.856080282,23.8902715182,23890880,0.0,1.0
2019-10-14 00:00:00+00:00,281.66,282.65,279.88,280.42,1336895,24.0757589746,24.1603822842,23.9236079735,23.9697661424,13368950,0.0,1.0
2019-10-15 00:00:00+00:00,290.32,290.62,282.2,282.64,2149904,24.8159992385,24.8416426656,24.1219171435,24.1595275033,21499040,0.0,1.0
2019-10-16 00:00:00+00:00,288.48,290.1,286.54,289.0,2076893,24.6587195519,24.7971940586,24.4928920563,24.703168159,20768930,0.0,1.0
2019-10-17 00:00:00+00:00,289.43,291.71,288.32,290.14,1362019,24.7399237379,24.9348137843,24.6450430574,24.8006131822,13620190,0.0,1.0
2019-10-18 00:00:00+00:00,286.73,289.94,284.0,289.5,1661095,24.5091328935,24.7835175641,24.2757777064,24.7459072042,16610950,0.0,1.0
2019-10-21 00:00:00+00:00,289.57,291.9,287.06,288.44,1303122,24.7518906706,24.9510546215,24.5373406634,24.6553004283,13031220,0.0,1.0
2019-10-22 00:00:00+00:00,287.46,290.86,287.24,289.59,1344039,24.5715318996,24.8621574073,24.5527267197,24.7536002324,13440390,0.0,1.0
2019-10-23 00:00:00+00:00,280.32,283.54,278.76,282.96,2099789,23.9612183333,24.2364577848,23.8278725121,24.1868804923,20997890,0.0,1.0
2019-10-24 00:00:00+00:00,282.31,283.5,278.7,282.89,1715972,24.1313197334,24.2330386611,23.8227438267,24.1808970259,17159720,0.0,1.0
2019-10-25 00:00:00+00:00,289.82,291.37,283.22,283.26,2086877,24.7732601932,24.9057512335,24.2091047958,24.2125239194,20868770,0.0,1.0
2019-10-28 00:00:00+00:00,291.55,292.48,288.32,291.16,1242161,24.9211372898,25.000631914,24.6450430574,24.8878008345,12421610,0.0,1.0
2019-10-29 00:00:00+00:00,288.16,293.7,288.07,292.28,1327229,24.631366563,25.1049151844,24.6236735348,24.9835362959,13272290,0.0,1.0
2019-10-30 00:00:00+00:00,290.24,290.97,286.52,290.01,1728068,24.8091609912,24.8715599973,24.4911824945,24.7895010304,17280680,0.0,1.0
2019-10-31 00:00:00+00:00,292.85,294.08,287.8,289.8,2788055,25.0322588075,25.1373968588,24.6005944504,24.7715506314,27880550,0.0,1.0
2019-11-01 00:00:00+00:00,296.59,296.59,292.09,292.99,2123401,25.351946866,25.351946866,24.9672954587,25.0442257401,21234010,0.0,1.0
2019-11-04 00:00:00+00:00,305.0,305.46,299.1,299.52,3407532,26.0708176072,26.1101375289,25.5664968732,25.6023976712,34075320,0.0,1.0
2019-11-05 00:00:00+00:00,314.04,316.78,304.47,305.0,3871146,26.8435395455,27.0777495135,26.0255142193,26.0708176072,38711460,0.0,1.0
2019-11-06 00:00:00+00:00,313.16,314.28,308.71,312.06,1807599,26.7683188258,26.8640542872,26.387941323,26.6742929263,18075990,0.0,1.0
2019-11-07 00:00:00+00:00,311.74,319.5,310.65,315.58,2398255,26.6469399373,27.3102499197,26.5537688186,26.9751758049,23982550,0.0,1.0
2019-11-08 00:00:00+00:00,313.41,313.6,305.13,309.87,1783010,26.7896883485,26.8059291857,26.081929759,26.487095908,17830100,0.0,1.0
2019-11-11 00:00:00+00:00,312.75,313.24,310.84,311.2,915445,26.7332728087,26.7751570731,26.5700096558,26.6007817684,9154450,0.0,1.0
2019-11-12 00:00:00+00:00,315.53,316.4,313.26,314.0,1688039,26.9709019004,27.0452678391,26.7768666349,26.8401204219,16880390,0.0,1.0
2019-11-13 00:00:00+00:00,313.67,315.71,312.0,312.48,1334797,26.811912652,26.9862879567,26.6691642408,26.7101937243,13347970,0.0,1.0
2019-11-14 00:00:00+00:00,308.97,311.84,306.11,310.75,1727126,26.4101656266,26.6554877464,26.1656982877,26.5623166277,17271260,0.0,1.0
2019-11-15 00:00:00+00:00,312.91,313.06,310.08,312.27,1812044,26.7469493032,26.7597710168,26.5050463071,26.6922433253,18120440,0.0,1.0
2019-11-18 00:00:00+00:00,311.07,313.41,308.03,311.82,1585106,26.5896696167,26.7896883485,26.3298162215,26.6537781845,15851060,0.0,1.0
2019-11-19 00:00:00+00:00,317.7,325.67,316.65,316.65,3174632,27.1563893568,27.8376497382,27.0666373617,27.0666373617,31746320,0.0,1.0
2019-11-20 00:00:00+00:00,311.67,316.83,309.0,315.9,1995247,26.640956471,27.082023418,26.4127299693,27.0025287939,19952470,0.0,1.0
2019-11-21 00:00:00+00:00,315.25,315.7,309.8,311.14,1931735,26.946968035,26.9854331757,26.4811124417,26.595653083,19317350,0.0,1.0
2019-11-22 00:00:00+00:00,314.92,319.48,313.71,316.64,1321643,26.9187602651,27.3085403579,26.8153317756,27.0657825808,13216430,0.0,1.0
2019-11-25 00:00:00+00:00,319.62,320.18,316.27,316.61,1963663,27.3205072906,27.3683750213,27.0341556873,27.0632182381,19636630,0.0,1.0
2019-11-26 00:00:00+00:00,316.27,320.18,316.05,319.0,3080101,27.0341556873,27.3683750213,27.0153505074,27.2675108744,30801010,0.0,1.0
2019-11-27 00:00:00+00:00,318.44,319.94,316.47,317.94,2018344,27.2196431438,27.3478602795,27.0512513054,27.1769040985,20183440,0.0,1.0
2019-11-29 00:00:00+00:00,316.21,317.79,315.0,316.85,922924,27.0290270019,27.1640823849,26.9255985124,27.0837329798,9229240,0.0,1.0
2019-12-02 00:00:00+00:00,310.72,317.93,310.56,317.72,2317709,26.559752285,27.1760493176,26.5460757905,27.1580989186,23177090,0.0,1.0
2019-12-03 00:00:00+00:00,306.52,309.0,303.13,305.82,1912356,26.2007443048,26.4127299693,25.910973578,26.1409096415,19123560,0.0,1.0
2019-12-04 00:00:00+00:00,309.72,311.37,307.13,309.75,1443954,26.4742741945,26.6153130438,26.25288594,26.4768385372,14439540,0.0,1.0
2019-12-05 00:00:00+00:00,311.19,312.46,309.06,310.59,1549453,26.5999269875,26.7084841625,26.4178586547,26.5486401332,15494530,0.0,1.0
2019-12-06 00:00:00+00:00,316.05,316.34,312.06,314.64,1693928,27.0153505074,27.0401391537,26.6742929263,26.8948263998,16939280,0.0,1.0
2019-12-09 00:00:00+00:00,314.38,317.15,313.94,316.0,2479303,26.8726020963,27.109376407,26.8349917364,27.0110766029,24793030,0.0,1.0
2019-12-10 00:00:00+00:00,315.06,315.91,313.25,315.1,1456678,26.9307271978,27.0033835748,26.776011854,26.9341463214,14566780,0.0,1.0
2019-12-11 00:00:00+00:00,319.72,321.35,315.18,315.18,2084755,27.3290550996,27.4683843872,26.9409845687,26.9409845687,20847550,0.0,1.0
2019-12-12 00:00:00+00:00,327.8,330.16,319.43,319.73,3918733,28.019718071,28.2214463646,27.3042664534,27.3299098805,39187330,0.0,1.0
2019-12-13 00:00:00+00:00,315.42,319.77,310.62,318.06,7098711,26.9614993104,27.3333290041,26.5512044759,27.1871614694,70987110,0.0,1.0
2019-12-16 00:00:00+00:00,323.13,327.6,317.53,317.97,3793328,27.6205353883,28.0026224529,27.1418580814,27.1794684412,37933280,0.0,1.0
2019-12-17 00:00:00+00:00,323.8,324.95,321.75,323.74,2025210,27.6778057089,27.776105513,27.5025756234,27.6726770235,20252100,0.0,1.0
2019-12-18 00:00:00+00:00,327.44,331.2,323.55,324.4,3517881,27.9889459584,28.3103435787,27.6564361863,27.7290925632,35178810,0.0,1.0
2019-12-19 00:00:00+00:00,324.1,329.26,323.71,329.21,3179904,27.7034491361,28.1445160831,27.6701126808,28.1402421786,31799040,0.0,1.0
2019-12-20 00:00:00+00:00,319.0,322.47,316.91,322.47,5054233,27.5453146686,27.844945521,27.3648453656,27.844945521,50542330,3.25,1.0
2019-12-23 00:00:00+00:00,319.53,322.33,317.61,320.54,2025490,27.5910796115,27.8328566681,27.4252896298,27.6782920498,20254900,0.0,1.0
2019-12-24 00:00:00+00:00,320.5,320.68,319.01,320.0,702376,27.6748380918,27.6903809026,27.5461781581,27.6316636174,7023760,0.0,1.0
2019-12-26 00:00:00+00:00,317.98,321.74,316.82,321.27,1585786,27.4572387408,27.7819107883,27.3570739602,27.7413267824,15857860,0.0,1.0
2019-12-27 00:00:00+00:00,316.53,319.35,315.22,319.3,1448916,27.3320327651,27.5755368007,27.2189156421,27.5712193533,14489160,0.0,1.0
2019-12-30 00:00:00+00:00,313.46,317.33,312.75,316.52,1310404,27.0669414922,27.4011119241,27.0056337386,27.3311692756,13104040,0.0,1.0
2019-12-31 00:00:00+00:00,316.02,316.36,312.8,313.12,1248887,27.2879948012,27.3173534438,27.009951186,27.0375828497,12488870,0.0,1.0
2020-01-02 00:00:00+00:00,322.39,322.5,317.32,319.32,1966411,27.8380376051,27.8475359894,27.4002484346,27.5729463322,19664110,0.0,1.0
2020-01-03 00:00:00+00:00,314.19,320.0,314.08,317.51,2287663,27.1299762249,27.6316636174,27.1204778405,27.4166547349,22876630,0.0,1.0
2020-01-06 00:00:00+00:00,313.72,313.92,309.63,310.85,2081081,27.0893922189,27.1066620087,26.7362250183,26.8415707359,20810810,0.0,1.0
2020-01-07 00:00:00+00:00,312.64,316.58,312.25,315.25,1863062,26.9961353542,27.3363502125,26.9624592642,27.2215061106,18630620,0.0,1.0
2020-01-08 00:00:00+00:00,308.74,313.49,308.41,312.98,3207546,26.6593744539,27.0695319607,26.6308793008,27.0254939968,32075460,0.0,1.0
2020-01-09 00:00:00+00:00,306.26,312.99,303.05,312.32,4245089,26.4452290609,27.0263574863,26.1680489352,26.9685036906,42450890,0.0,1.0
2020-01-10 00:00:00+00:00,299.22,305.55,298.8,305.45,4071143,25.8373324613,26.3839213072,25.8010659028,26.3752864123,40711430,0.0,1.0
2020-01-13 00:00:00+00:00,301.18,303.8,299.67,300.02,1980060,26.0065764009,26.2328106468,25.8761894882,25.9064116203,19800600,0.0,1.0
2020-01-14 00:00:00+00:00,308.18,309.15,301.59,302.0,2891287,26.6110190426,26.6947775229,26.0419794699,26.0773825389,28912870,0.0,1.0
2020-01-15 00:00:00+00:00,303.14,307.88,300.7,307.31,2273260,26.1758203406,26.5851143579,25.9651289055,26.5358954571,22732600,0.0,1.0
2020-01-16 00:00:00+00:00,307.05,307.86,304.21,305.0,2150771,26.5134447304,26.5833873789,26.2682137158,26.3364293854,21507710,0.0,1.0
2020-01-17 00:00:00+00:00,308.79,308.94,304.07,308.66,2689804,26.6636919013,26.6766442437,26.256124863,26.652466538,26898040,0.0,1.0
2020-01-21 00:00:00+00:00,308.07,309.51,306.33,307.8,2171118,26.6015206582,26.7258631445,26.4512734873,26.578206442,21711180,0.0,1.0
2020-01-22 00:00:00+00:00,312.97,317.92,310.5,310.8,2926382,27.0246305073,27.4520578039,26.8113486038,26.8372532884,29263820,0.0,1.0
2020-01-23 00:00:00+00:00,319.65,319.8,310.82,315.18,3026645,27.6014414853,27.6143938277,26.8389802674,27.2154616842,30266450,0.0,1.0
2020-01-24 00:00:00+00:00,324.0,331.58,320.77,330.5,5578152,27.9770594126,28.6315844446,27.698152308,28.5383275799,55781520,0.0,1.0
2020-01-27 00:00:00+00:00,309.03,319.88,308.64,316.41,3884315,26.684415649,27.6213017436,26.650739559,27.3216708912,38843150,0.0,1.0
2020-01-28 00:00:00+00:00,318.31,319.23,312.77,313.53,2316594,27.4857338939,27.5651749268,27.0073607176,27.0729859187,23165940,0.0,1.0
2020-01-29 00:00:00+00:00,317.51,325.43,317.14,320.82,2367301,27.4166547349,28.1005384094,27.3847056238,27.7024697554,23673010,0.0,1.0
2020-01-30 00:00:00+00:00,315.2,315.52,308.59,314.32,2112818,27.2171886632,27.2448203268,26.6464221116,27.1412015882,21128180,0.0,1.0
2020-01-31 00:00:00+00:00,305.16,314.58,303.62,314.16,2212297,26.3502452172,27.1636523149,26.217267836,27.1273857564,22122970,0.0,1.0
2020-02-03 00:00:00+00:00,305.23,306.6,303.64,305.63,2128994,26.3562896436,26.4745877034,26.218994815,26.3908292231,21289940,0.0,1.0
2020-02-04 00:00:00+00:00,311.6,314.57,309.65,311.79,2255873,26.9063324475,27.1627888254,26.7379519973,26.9227387477,22558730,0.0,1.0
2020-02-05 00:00:00+00:00,317.38,319.81,315.86,317.5,2482475,27.4054293716,27.6152573172,27.2741789694,27.4157912454,24824750,0.0,1.0
2020-02-06 00:00:00+00:00,319.69,319.88,314.23,318.84,2268311,27.6048954433,27.6213017436,27.1334301828,27.5314988368,22683110,0.0,1.0
2020-02-07 00:00:00+00:00,315.23,318.52,314.87,318.32,1588405,27.2197791316,27.5038671732,27.1886935101,27.4865973834,15884050,0.0,1.0
2020-02-10 00:00:00+00:00,314.2,314.6,310.3,312.37,1921810,27.1308397144,27.1653792939,26.794078814,26.9728211381,19218100,0.0,1.0
2020-02-11 00:00:00+00:00,320.16,320.79,316.01,316.65,1552703,27.6454794492,27.699879287,27.2871313117,27.3423946389,15527030,0.0,1.0
2020-02-12 00:00:00+00:00,324.7,325.09,321.63,322.04,1531020,28.0375036768,28.0711797668,27.772412404,27.807815473,15310200,0.0,1.0
2020-02-13 00:00:00+00:00,323.97,325.46,320.95,321.48,1385663,27.9744689442,28.1031288779,27.7136951188,27.7594600617,13856630,0.0,1.0
2020-02-14 00:00:00+00:00,317.77,325.7,317.1,324.84,1913664,27.4391054616,28.1238526256,27.3812516659,28.0495925296,19136640,0.0,1.0
2020-02-18 00:00:00+00:00,310.75,315.01,308.05,315.0,2670324,26.832935841,27.2007823629,26.5997936792,27.1999188734,26703240,0.0,1.0
2020-02-19 00:00:00+00:00,315.69,316.83,311.7,313.0,2052525,27.2594996481,27.3579374497,26.9149673424,27.0272209758,20525250,0.0,1.0
2020-02-20 00:00:00+00:00,309.24,315.69,306.12,313.96,2552088,26.7025489283,27.2594996481,26.433140208,27.1101159666,25520880,0.0,1.0
2020-02-21 00:00:00+00:00,304.5,309.45,302.29,308.5,2453090,26.293254911,26.7206822075,26.1024237341,26.6386507062,24530900,0.0,1.0
2020-02-24 00:00:00+00:00,291.6,298.8,290.06,294.2,3684871,25.1793534714,25.8010659028,25.0463760902,25.4038607383,36848710,0.0,1.0
2020-02-25 00:00:00+00:00,282.68,295.73,281.07,294.11,3189198,24.409120848,25.5359746299,24.2700990405,25.3960893329,31891980,0.0,1.0
2020-02-26 00:00:00+00:00,285.88,288.2,284.0,284.35,2308856,24.6854374842,24.8857670454,24.5231014605,24.5533235925,23088560,0.0,1.0
2020-02-27 00:00:00+00:00,273.95,285.31,273.54,280.3,3483709,23.655294525,24.6362185834,23.619891456,24.2036103499,34837090,0.0,1.0
2020-02-28 00:00:00+00:00,272.62,274.13,262.74,263.33,4460424,23.5404504231,23.6708373358,22.6873228089,22.7382686887,44604240,0.0,1.0
2020-03-02 00:00:00+00:00,284.97,285.4,271.15,276.76,3197647,24.6068599408,24.6439899888,23.4135174683,23.8979350711,31976470,0.0,1.0
2020-03-03 00:00:00+00:00,274.25,288.48,271.57,284.65,2992968,23.6811992096,24.9099447511,23.4497840268,24.5792282772,29929680,0.0,1.0
2020-03-04 00:00:00+00:00,285.45,285.72,274.77,277.54,2347789,24.6483074362,24.6716216524,23.726100663,23.9652872512,23477890,0.0,1.0
2020-03-05 00:00:00+00:00,274.04,283.09,272.45,277.26,2437413,23.6630659304,24.4445239171,23.5257711018,23.9411095455,24374130,0.0,1.0
2020-03-06 00:00:00+00:00,269.45,270.93,262.5,266.98,3016877,23.2667242554,23.3945206996,22.6665990612,23.0534423518,30168770,0.0,1.0
2020-03-09 00:00:00+00:00,247.72,260.27,244.25,251.08,4393360,21.3903615978,22.4740409053,21.0907307455,21.6804940658,43933600,0.0,1.0
2020-03-10 00:00:00+00:00,262.9,263.68,243.4,256.59,5507531,22.7011386407,22.7684908208,21.017334139,22.1562767737,55075310,0.0,1.0
2020-03-11 00:00:00+00:00,245.97,256.49,242.49,253.88,3604372,21.2392509374,22.1476418789,20.9387565956,21.9222711225,36043720,0.0,1.0
2020-03-12 00:00:00+00:00,218.78,242.76,216.32,226.99,6428111,18.8914230194,20.9620708118,18.6790046054,19.6003478891,64281110,0.0,1.0
2020-03-13 00:00:00+00:00,234.22,234.47,201.16,225.51,8471369,20.224650789,20.2462380262,17.3699545415,19.4725514449,84713690,0.0,1.0
2020-03-16 00:00:00+00:00,187.58,218.8,180.23,208.18,7693502,16.1973358167,18.8931499984,15.562671043,17.9761241621,76935020,0.0,1.0
2020-03-17 00:00:00+00:00,199.51,200.01,181.48,191.82,7066156,17.227478776,17.2706532504,15.670607229,16.5634553597,70661560,0.0,1.0
2020-03-18 00:00:00+00:00,167.87,187.48,155.67,185.66,9868583,14.4953980358,16.1887009219,13.4419408604,16.031545835,98685830,0.0,1.0
2020-03-19 00:00:00+00:00,194.45,207.47,165.0,167.64,7443821,16.790553095,17.9148164085,14.2475765527,14.4755377776,74438210,0.0,1.0
2020-03-20 00:00:00+00:00,192.22,208.68,187.91,202.0,7404367,16.8786290228,18.3239637107,16.500172613,17.73740018,74043670,3.25,1.0
2020-03-23 00:00:00+00:00,193.47,195.97,177.75,192.88,4692052,16.9883901625,17.207912442,15.6080340693,16.9365829046,46920520,0.0,1.0
2020-03-24 00:00:00+00:00,212.76,218.71,201.29,205.64,6296977,18.6822240708,19.2046870959,17.6750558527,18.0570246189,62969770,0.0,1.0
2020-03-25 00:00:00+00:00,217.55,244.0,209.22,212.19,6444245,19.1028287583,21.4253744749,18.3713805231,18.6321729911,64442450,0.0,1.0
2020-03-26 00:00:00+00:00,243.17,244.8,226.03,226.03,6023343,21.3524930781,21.4956216043,19.8474483302,19.8474483302,60233430,0.0,1.0
2020-03-27 00:00:00+00:00,230.69,242.09,230.0,233.0,3944771,20.2566378591,21.2576594534,20.1960497099,20.4594764453,39447710,0.0,1.0
2020-03-30 00:00:00+00:00,240.11,241.36,228.44,232.2,5234349,21.0837978081,21.1935589478,20.0590678076,20.3892293159,52343490,0.0,1.0
2020-03-31 00:00:00+00:00,237.1,252.71,236.06,238.0,5021531,20.8194929836,22.1901900965,20.7281717153,20.8985210042,50215310,0.0,1.0
2020-04-01 00:00:00+00:00,223.63,234.41,219.68,227.99,4185832,19.6367069419,20.5832870109,19.2898617404,20.0195537973,41858320,0.0,1.0
2020-04-02 00:00:00+00:00,237.06,237.95,221.45,222.4,4504883,20.8159806271,20.8941305586,19.4452835142,19.5287019804,45048830,0.0,1.0
2020-04-03 00:00:00+00:00,234.26,242.55,230.55,236.64,2896148,20.5701156741,21.2980515528,20.2443446114,20.7791008842,28961480,0.0,1.0
2020-04-06 00:00:00+00:00,252.44,253.41,243.56,244.58,3886786,22.1664816903,22.2516563348,21.3867385537,21.4763036437,38867860,0.0,1.0
2020-04-07 00:00:00+00:00,253.27,265.5,252.53,261.84,4589207,22.2393630871,23.3132660782,22.1743844924,22.9918854611,45892070,0.0,1.0
2020-04-08 00:00:00+00:00,261.1,262.2,253.64,256.77,2756546,22.9269068664,23.0234966693,22.2718523845,22.5466942784,27565460,0.0,1.0
2020-04-09 00:00:00+00:00,254.3,267.5,251.31,265.79,3482759,22.3298062663,23.4888839018,22.06725762,23.3387306626,34827590,0.0,1.0
2020-04-13 00:00:00+00:00,259.92,261.52,252.8,253.5,2572858,22.8232923505,22.9637866093,22.1980928986,22.2595591368,25728580,0.0,1.0
2020-04-14 00:00:00+00:00,267.63,268.38,262.32,266.12,2309632,23.5002990603,23.5661557442,23.0340337388,23.3677076035,23096320,0.0,1.0
2020-04-15 00:00:00+00:00,257.44,262.32,256.16,261.0,2592648,22.6055262493,23.0340337388,22.4931308422,22.9181259752,25926480,0.0,1.0
2020-04-16 00:00:00+00:00,258.29,261.76,254.11,261.76,2689592,22.6801638243,22.9848607482,22.313122573,22.9848607482,26895920,0.0,1.0
2020-04-17 00:00:00+00:00,265.88,267.43,258.94,263.22,3408880,23.3466334647,23.482737278,22.7372396169,23.1130617594,34088800,0.0,1.0
2020-04-20 00:00:00+00:00,258.28,265.26,257.91,260.0,2380122,22.6792857352,23.2921919394,22.6467964378,22.8303170634,23801220,0.0,1.0
2020-04-21 00:00:00+00:00,247.65,254.79,246.8,254.56,2913805,21.7458770029,22.372832633,21.6712394279,22.3526365833,29138050,0.0,1.0
2020-04-22 00:00:00+00:00,259.97,262.22,250.74,254.77,3544184,22.8276827961,23.0252528476,22.0172065403,22.3710764548,35441840,0.0,1.0
2020-04-23 00:00:00+00:00,258.93,265.2,258.52,260.25,2166169,22.7363615278,23.2869234047,22.700359874,22.8522692914,21661690,0.0,1.0
2020-04-24 00:00:00+00:00,264.81,265.07,258.88,259.81,2342511,23.2526779291,23.2755082462,22.7319710822,22.8136333702,23425110,0.0,1.0
2020-04-27 00:00:00+00:00,268.45,271.22,264.35,264.35,1659249,23.572302368,23.8155330536,23.2122858297,23.2122858297,16592490,0.0,1.0
2020-04-28 00:00:00+00:00,264.73,276.41,264.12,274.24,1899225,23.2456532161,24.2712613058,23.19208978,24.0807159672,18992250,0.0,1.0
2020-04-29 00:00:00+00:00,276.02,276.99,269.23,271.08,2887069,24.2370158302,24.3221904746,23.6407933192,23.803239806,28870690,0.0,1.0
2020-04-30 00:00:00+00:00,271.62,274.05,268.8,273.53,2337943,23.8506566183,24.064032274,23.6030354871,24.0183716398,23379430,0.0,1.0
2020-05-01 00:00:00+00:00,259.7,267.85,258.2,266.0,2683561,22.8039743899,23.5196170209,22.6722610222,23.3571705341,26835610,0.0,1.0
2020-05-04 00:00:00+00:00,262.26,262.43,255.32,259.21,1704609,23.028765204,23.043692719,22.4193713563,22.7609480231,17046090,0.0,1.0
2020-05-05 00:00:00+00:00,264.87,268.94,263.71,266.55,2646359,23.2579464638,23.6153287348,23.1560881261,23.4054654356,26463590,0.0,1.0
2020-05-06 00:00:00+00:00,264.18,270.48,263.62,268.33,2272993,23.1973583147,23.7505544589,23.1481853241,23.5617652986,22729930,0.0,1.0
2020-05-07 00:00:00+00:00,267.75,270.47,266.0,270.0,1824705,23.5108361297,23.7496763698,23.3571705341,23.7084061812,18247050,0.0,1.0
2020-05-08 00:00:00+00:00,275.03,275.55,270.03,272.2,1676700,24.1500850075,24.1957456416,23.7110404486,23.9015857872,16767000,0.0,1.0
2020-05-11 00:00:00+00:00,275.4,276.74,271.75,273.37,2085097,24.1825743049,24.3002382467,23.8620717769,24.0043222139,20850970,0.0,1.0
2020-05-12 00:00:00+00:00,268.45,277.72,268.22,276.58,1876382,23.572302368,24.3862909802,23.5521063183,24.2861888208,18763820,0.0,1.0
2020-05-13 00:00:00+00:00,263.15,270.33,259.36,270.07,2192740,23.1069151355,23.7373831221,22.7741193599,23.7145528051,21927400,0.0,1.0
2020-05-14 00:00:00+00:00,266.6,266.95,254.75,260.96,1991193,23.4098558812,23.4405890003,22.3693202766,22.9146136187,19911930,0.0,1.0
2020-05-15 00:00:00+00:00,260.41,264.06,256.77,259.42,2165422,22.8663187172,23.1868212453,22.5466942784,22.7793878946,21654220,0.0,1.0
2020-05-18 00:00:00+00:00,273.53,276.73,268.0,268.62,2653723,24.0183716398,24.2993601575,23.5327883577,23.587229883,26537230,0.0,1.0
2020-05-19 00:00:00+00:00,271.95,276.03,271.61,273.53,1870179,23.8796335592,24.2378939193,23.8497785292,24.0183716398,18701790,0.0,1.0
2020-05-20 00:00:00+00:00,278.68,281.31,276.08,276.97,1860540,24.4705875355,24.7015249735,24.2422843649,24.3204342964,18605400,0.0,1.0
2020-05-21 00:00:00+00:00,274.8,279.5,274.65,278.92,1484895,24.1298889578,24.5425908432,24.116717621,24.4916616743,14848950,0.0,1.0
2020-05-22 00:00:00+00:00,276.65,277.25,270.51,273.74,1745284,24.2923354446,24.3450207917,23.7531887263,24.0368115113,17452840,0.0,1.0
2020-05-26 00:00:00+00:00,282.02,287.09,281.39,285.0,2357286,24.7638693009,25.2090604836,24.7085496864,25.025539858,23572860,0.0,1.0
2020-05-27 00:00:00+00:00,287.59,287.8,280.0,283.02,2281161,25.2529649395,25.271404811,24.5864952991,24.8516782126,22811610,0.0,1.0
2020-05-28 00:00:00+00:00,283.14,289.3,282.43,285.0,1855517,24.8622152821,25.4031181786,24.7998709547,25.025539858,18555170,0.0,1.0
2020-05-29 00:00:00+00:00,291.27,292.0,281.91,282.9,2732383,25.5761017349,25.6402022405,24.7542103206,24.8411411432,27323830,0.0,1.0
2020-06-01 00:00:00+00:00,289.99,291.1,287.37,290.42,1844788,25.4637063278,25.5611742199,25.2336469789,25.5014641598,18447880,0.0,1.0
2020-06-02 00:00:00+00:00,298.06,298.32,290.09,291.03,3184692,26.1723242459,26.1951545629,25.472487219,25.555027596,31846920,0.0,1.0
2020-06-03 00:00:00+00:00,309.53,310.85,300.51,301.05,3192583,27.179492464,27.2954002276,26.3874560797,26.4348728921,31925830,0.0,1.0
2020-06-04 00:00:00+00:00,308.89,313.0,302.1,305.75,3499739,27.1232947605,27.4841893879,26.5270722495,26.8475747775,34997390,0.0,1.0
2020-06-05 00:00:00+00:00,317.08,328.11,315.09,319.7,5096195,27.842449748,28.8109820449,27.6677100135,28.0725090968,50961950,0.0,1.0
2020-06-08 00:00:00+00:00,317.52,318.84,313.36,317.5,2391610,27.8810856691,27.9969934327,27.5158005961,27.8793294909,23916100,0.0,1.0
2020-06-09 00:00:00+00:00,315.32,318.88,311.57,312.0,2233477,27.6879060632,28.0005057892,27.358622644,27.3963804761,22334770,0.0,1.0
2020-06-10 00:00:00+00:00,315.04,319.21,314.7,316.65,2591365,27.6633195679,28.0294827301,27.6334645379,27.8046919159,25913650,0.0,1.0
2020-06-11 00:00:00+00:00,293.75,308.55,293.4,307.62,4511477,25.7938678361,27.0934397305,25.7631347169,27.0117774425,45114770,0.0,1.0
2020-06-12 00:00:00+00:00,300.25,303.95,292.73,302.82,3943917,26.3646257627,26.6895187363,25.7043027461,26.5902946659,39439170,0.0,1.0
2020-06-15 00:00:00+00:00,304.09,306.75,292.41,295.0,2987229,26.7018119839,26.9353836892,25.6762038943,25.9036289758,29872290,0.0,1.0
2020-06-16 00:00:00+00:00,310.72,314.55,304.0,310.0,3040010,27.283985069,27.6202932011,26.6939091818,27.2207626525,30400100,0.0,1.0
2020-06-17 00:00:00+00:00,313.44,316.71,311.79,313.42,2027921,27.5228253091,27.8099604506,27.3779406046,27.5210691308,20279210,0.0,1.0
2020-06-18 00:00:00+00:00,318.71,319.12,311.52,312.12,3362457,27.9855782742,28.021579928,27.3542321984,27.4069175455,33624570,0.0,1.0
2020-06-19 00:00:00+00:00,302.77,318.1,302.77,317.68,5846464,26.8712831836,28.2318432497,26.8712831836,28.1945676315,58464640,3.25,1.0
2020-06-22 00:00:00+00:00,313.54,314.18,303.53,305.5,2719472,27.8271365373,27.8839374794,26.9387343024,27.1135747023,27194720,0.0,1.0
2020-06-23 00:00:00+00:00,311.3,317.44,311.29,315.06,2241898,27.62833324,28.1732672782,27.6274457253,27.9620387748,22418980,0.0,1.0
2020-06-24 00:00:00+00:00,306.97,310.97,304.51,309.2,1909729,27.2440393661,27.5990452542,27.025710745,27.4419551487,19097290,0.0,1.0
2020-06-25 00:00:00+00:00,308.85,309.48,303.0,306.06,1503011,27.4108921335,27.4668055609,26.8916960222,27.1632755266,15030110,0.0,1.0
2020-06-26 00:00:00+00:00,307.41,315.78,303.15,313.57,3142534,27.2830900138,28.0259398346,26.905008743,27.8297990815,31425340,0.0,1.0
2020-06-29 00:00:00+00:00,309.78,310.41,304.4506,308.07,1451602,27.4934310025,27.5493444299,27.0204389075,27.3416659854,14516020,0.0,1.0
2020-06-30 00:00:00+00:00,315.61,317.07,306.75,309.95,2512542,28.0108520844,28.1404292335,27.2245140423,27.5085187528,25125420,0.0,1.0
2020-07-01 00:00:00+00:00,312.73,316.85,311.94,315.11,1566787,27.755247845,28.1209039097,27.6851341821,27.9664763484,15667870,0.0,1.0
2020-07-02 00:00:00+00:00,315.47,319.38,314.66,317.75,1666557,27.9984268783,28.3454451339,27.926538186,28.2007802345,16665570,0.0,1.0
2020-07-06 00:00:00+00:00,318.79,320.99,317.34,320.0,1756070,28.2930817654,28.4883350039,28.164392131,28.4004710466,17560700,0.0,1.0
2020-07-07 00:00:00+00:00,313.12,318.16,312.55,317.34,1615346,27.7898609191,28.237168338,27.73927258,28.164392131,16153460,0.0,1.0
2020-07-08 00:00:00+00:00,319.57,319.84,314.12,316.14,1802263,28.3623079136,28.386270811,27.8786123911,28.0578903646,18022630,0.0,1.0
2020-07-09 00:00:00+00:00,321.5,324.33,315.25,320.01,2522786,28.5335982546,28.7847649204,27.9789015545,28.4013585613,25227860,0.0,1.0
2020-07-10 00:00:00+00:00,319.44,322.99,315.44,321.91,1328126,28.3507702222,28.6658379479,27.9957643341,28.5699863581,13281260,0.0,1.0
2020-07-13 00:00:00+00:00,311.31,323.53,310.58,321.68,2154990,27.6292207547,28.7137637428,27.5644321801,28.5495735196,21549900,0.0,1.0
2020-07-14 00:00:00+00:00,315.08,316.22,305.19,308.99,1836317,27.9638138042,28.0649904823,27.0860617459,27.4233173396,18363170,0.0,1.0
2020-07-15 00:00:00+00:00,313.78,317.77,310.17,315.95,1525283,27.8484368906,28.202555264,27.5280440766,28.0410275849,15252830,0.0,1.0
2020-07-16 00:00:00+00:00,311.34,313.88,309.3,310.61,1293085,27.6318832989,27.8573120378,27.4508302959,27.5670947243,12930850,0.0,1.0
2020-07-17 00:00:00+00:00,312.71,315.21,310.0,314.15,1335512,27.7534728155,27.9753514956,27.5129563264,27.8812749352,13355120,0.0,1.0
2020-07-20 00:00:00+00:00,317.13,317.65,310.26,311.85,1417854,28.1457543219,28.1919050873,27.5360317091,27.6771465496,14178540,0.0,1.0
2020-07-21 00:00:00+00:00,314.34,319.23,312.67,319.23,1389876,27.8981377149,28.3321324131,27.7499227566,28.3321324131,13898760,0.0,1.0
2020-07-22 00:00:00+00:00,313.8,315.68,310.37,315.01,1440450,27.85021192,28.0170646874,27.545794371,27.9576012012,14404500,0.0,1.0
2020-07-23 00:00:00+00:00,309.67,316.09,308.38,313.37,1941719,27.4836683406,28.053452791,27.3691789417,27.8120487871,19417190,0.0,1.0
2020-07-24 00:00:00+00:00,305.79,310.91,304.18,306.59,1563403,27.1393126291,27.5937201659,26.9964227592,27.2103138068,15634030,0.0,1.0
2020-07-27 00:00:00+00:00,312.68,312.96,307.485,308.3,2064602,27.7508102714,27.7756606835,27.2897463742,27.3620788239,20646020,0.0,1.0
2020-07-28 00:00:00+00:00,307.35,312.11,306.16,311.18,1397848,27.2777649255,27.7002219323,27.1721506738,27.6176830633,13978480,0.0,1.0
2020-07-29 00:00:00+00:00,308.85,311.23,307.44,308.53,1656162,27.4108921335,27.6221206369,27.285752558,27.3824916625,16561620,0.0,1.0
2020-07-30 00:00:00+00:00,312.1,312.93,306.0,306.0,2125853,27.6993344176,27.7729981394,27.1579504383,27.1579504383,21258530,0.0,1.0
2020-07-31 00:00:00+00:00,316.75,318.4,311.4,314.7,2472008,28.1120287625,28.2584686913,27.6372083872,27.9300882448,24720080,0.0,1.0
2020-08-03 00:00:00+00:00,321.23,323.49,317.28,318.0,2080036,28.5096353571,28.7102136839,28.1590670427,28.2229681025,20800360,0.0,1.0
2020-08-04 00:00:00+00:00,328.39,328.59,320.39,320.5,2526045,29.1450958968,29.1628461912,28.4350841206,28.4448467826,25260450,0.0,1.0
2020-08-05 00:00:00+00:00,329.54,331.58,325.8,328.25,2230211,29.2471600896,29.4282130926,28.9152295843,29.1326706907,22302110,0.0,1.0
2020-08-06 00:00:00+00:00,329.16,330.88,325.4101,327.77,1419296,29.2134345303,29.3660870621,28.8806253853,29.0900699842,14192960,0.0,1.0
2020-08-07 00:00:00+00:00,325.93,329.73,321.48,328.39,1419332,28.9267672756,29.2640228693,28.5318232251,29.1450958968,14193320,0.0,1.0
2020-08-10 00:00:00+00:00,327.36,329.27,324.0601,324.22,1199008,29.0536818806,29.2231971922,28.7608108981,28.7750022585,11990080,0.0,1.0
2020-08-11 00:00:00+00:00,324.03,333.32,322.76,327.57,1931596,28.7581394788,29.5826406539,28.6454251093,29.0723196898,19315960,0.0,1.0
2020-08-12 00:00:00+00:00,333.64,335.88,325.355,325.85,1847643,29.6110411249,29.8098444222,28.8757351792,28.9196671579,18476430,0.0,1.0
2020-08-13 00:00:00+00:00,329.42,333.41,327.85,332.21,1509772,29.236509913,29.5906282864,29.0971701019,29.4841265199,15097720,0.0,1.0
2020-08-14 00:00:00+00:00,327.82,329.85,326.0,328.02,1014005,29.0945075578,29.274673046,28.9329798787,29.1122578522,10140050,0.0,1.0
2020-08-17 00:00:00+00:00,330.32,331.79,329.0,329.51,1056011,29.3163862378,29.4468509017,29.1992342947,29.2444975455,10560110,0.0,1.0
2020-08-18 00:00:00+00:00,328.64,333.18,328.14,331.86,885936,29.1672837648,29.5702154478,29.1229080288,29.4530635047,8859360,0.0,1.0
2020-08-19 00:00:00+00:00,329.21,333.09,328.24,329.47,1127314,29.2178721039,29.5622278153,29.131783176,29.2409474866,11273140,0.0,1.0
2020-08-20 00:00:00+00:00,328.83,329.99,326.06,327.69,891027,29.1841465445,29.287098252,28.938304967,29.0829698664,8910270,0.0,1.0
2020-08-21 00:00:00+00:00,330.02,330.46,325.0,328.3,1150867,29.2897607962,29.3288114439,28.8442284067,29.1371082643,11508670,0.0,1.0
2020-08-24 00:00:00+00:00,334.0,336.19,331.14,332.0102,1199751,29.6429916548,29.8373573786,29.3891624449,29.4663939758,11997510,0.0,1.0
2020-08-25 00:00:00+00:00,336.14,337.09,333.0,335.0,1114334,29.832919805,29.9172337034,29.5542401828,29.7317431269,11143340,0.0,1.0
2020-08-26 00:00:00+00:00,339.67,341.51,333.51,334.74,1484403,30.1462125012,30.3095152097,29.5995034336,29.7086677441,14844030,0.0,1.0
2020-08-27 00:00:00+00:00,339.14,341.3,336.14,340.49,1255211,30.099174221,30.2908774006,29.832919805,30.2189887083,12552110,0.0,1.0
2020-08-28 00:00:00+00:00,344.82,344.82,337.7,339.0,1458873,30.6032825821,30.6032825821,29.9713721013,30.0867490149,14588730,0.0,1.0
2020-08-31 00:00:00+00:00,347.15,350.58,343.52,343.52,2222898,30.8100735119,31.1144910609,30.4879056685,30.4879056685,22228980,0.0,1.0
2020-09-01 00:00:00+00:00,359.54,362.07,347.42,350.0,2925897,31.9097042502,32.1342454745,30.8340364094,31.0630152072,29258970,0.0,1.0
2020-09-02 00:00:00+00:00,375.01,378.96,363.5673,365.86,3705338,33.2826895224,33.6332578369,32.2671330535,32.4706135534,37053380,0.0,1.0
2020-09-03 00:00:00+00:00,352.09,368.9,350.16,366.01,4179472,31.2485057837,32.7404180284,31.0772154427,32.4839262742,41794720,0.0,1.0
2020-09-04 00:00:00+00:00,362.95,372.53,353.5,360.97,5851373,32.2123467698,33.0625858718,31.3736453592,32.0366188552,58513730,0.0,1.0
2020-09-08 00:00:00+00:00,350.54,362.75,350.0,352.66,2668508,31.1109410021,32.1945964754,31.0630152072,31.2990941227,26685080,0.0,1.0
2020-09-09 00:00:00+00:00,360.03,361.85,351.1,356.16,2627324,31.9531924715,32.1147201506,31.1606418264,31.6097242748,26273240,0.0,1.0
2020-09-10 00:00:00+00:00,357.08,367.83,354.385,362.13,2285132,31.6913756291,32.6454539533,31.452190412,32.1395705628,22851320,0.0,1.0
2020-09-11 00:00:00+00:00,359.7,364.27,354.6813,360.5,1736198,31.9239044858,32.3294987129,31.4784874731,31.9949056634,17361980,0.0,1.0
2020-09-14 00:00:00+00:00,362.2,365.89,359.345,364.41,1644854,32.1457831658,32.4732760976,31.8923977132,32.341923919,16448540,0.0,1.0
2020-09-15 00:00:00+00:00,366.91,371.12,365.35,366.3,1661785,32.563802599,32.9374462962,32.4253503027,32.5096642011,16617850,0.0,1.0
2020-09-16 00:00:00+00:00,367.04,372.0,366.35,368.18,1851209,32.5753402904,33.0155475916,32.5141017747,32.6765169685,18512090,0.0,1.0
2020-09-17 00:00:00+00:00,365.92,370.115,355.0,355.0,2286423,32.4759386417,32.8482510669,31.5067725673,31.5067725673,22864230,0.0,1.0
2020-09-18 00:00:00+00:00,359.73,367.84,355.05,367.1215,3529481,31.9265670299,32.646341468,31.5112101409,32.5825735354,35294810,0.0,1.0
2020-09-21 00:00:00+00:00,351.79,351.96,343.48,350.01,2419834,31.5103226262,31.5255497641,30.7659842964,31.3508855351,24198340,3.25,1.0
2020-09-22 00:00:00+00:00,361.59,361.8,352.95,356.37,1950025,32.3881223411,32.406932335,31.6142254496,31.9205596358,19500250,0.0,1.0
2020-09-23 00:00:00+00:00,351.59,361.21,350.045,360.18,1554537,31.4924083463,32.3540852093,31.354020534,32.2618266679,15545370,0.0,1.0
2020-09-24 00:00:00+00:00,352.52,357.57,349.09,350.2,1361376,31.5757097478,32.0280453152,31.2684798475,31.367904101,13613760,0.0,1.0
2020-09-25 00:00:00+00:00,356.8,357.72,348.2801,352.05,1818342,31.9590753376,32.0414810251,31.1959359711,31.53361119,18183420,0.0,1.0
2020-09-28 00:00:00+00:00,367.3,368.43,359.03,361.68,2219160,32.8995750322,33.0007907136,32.1588195585,32.3961837671,22191600,0.0,1.0
2020-09-29 00:00:00+00:00,364.26,370.8,363.985,367.49,1382997,32.6272779778,33.2130749304,32.6026458429,32.9165935981,13829970,0.0,1.0
2020-09-30 00:00:00+00:00,364.32,371.0,361.71,362.95,2240328,32.6326522617,33.2309892103,32.3988709091,32.5099394444,22403280,0.0,1.0
2020-10-01 00:00:00+00:00,368.6,370.71,364.82,368.98,1601868,33.0160178516,33.2050135045,32.6774379615,33.0500549834,16018680,0.0,1.0
2020-10-02 00:00:00+00:00,356.83,364.92,356.15,360.0,1710021,31.9617624796,32.6863951014,31.9008539279,32.245703816,17100210,0.0,1.0
2020-10-05 00:00:00+00:00,366.1,366.85,359.9,360.84,1892328,32.7920893528,32.8592679025,32.236746676,32.3209437915,18923280,0.0,1.0
2020-10-06 00:00:00+00:00,363.98,372.0,362.02,366.11,1667193,32.6021979859,33.3205606098,32.4266380429,32.7929850668,16671930,0.0,1.0
2020-10-07 00:00:00+00:00,366.74,369.86,366.06,368.35,1275008,32.8494150485,33.1288778149,32.7885064969,32.9936250017,12750080,0.0,1.0
2020-10-08 00:00:00+00:00,373.33,374.29,368.31,369.89,1704535,33.4396905711,33.5256791147,32.9900421457,33.1315649569,17045350,0.0,1.0
2020-10-09 00:00:00+00:00,376.7,380.0,374.0,375.93,1725547,33.7415461874,34.0371318057,33.4997034088,33.6725762098,17255470,0.0,1.0
2020-10-12 00:00:00+00:00,382.43,385.1,379.79,381.79,1883948,34.2547903065,34.4939459431,34.0183218118,34.1974646108,18839480,0.0,1.0
2020-10-13 00:00:00+00:00,381.49,387.8,378.61,384.41,1673145,34.170593191,34.7357887217,33.9126275604,34.4321416775,16731450,0.0,1.0
2020-10-14 00:00:00+00:00,380.3,383.735,377.85,383.54,1730153,34.0640032256,34.3716809828,33.8445532968,34.3542145599,17301530,0.0,1.0
2020-10-15 00:00:00+00:00,379.93,380.49,375.02,375.05,1437354,34.0308618078,34.0810217915,33.5910662363,33.5937533783,14373540,0.0,1.0
2020-10-16 00:00:00+00:00,378.65,383.28,378.15,383.28,1029702,33.9162104164,34.3309259961,33.8714247167,34.3309259961,10297020,0.0,1.0
2020-10-19 00:00:00+00:00,375.77,383.605,375.15,381.24,1480273,33.6582447859,34.3600367009,33.6027105182,34.1482003411,14802730,0.0,1.0
2020-10-20 00:00:00+00:00,376.99,381.1352,375.56,377.01,1329692,33.7675218933,34.1388132584,33.639434792,33.7693133213,13296920,0.0,1.0
2020-10-21 00:00:00+00:00,372.05,376.86,370.31,375.77,1189635,33.3250391798,33.7558776113,33.1691849447,33.6582447859,11896350,0.0,1.0
2020-10-22 00:00:00+00:00,373.37,374.31,367.11,371.075,1354842,33.4432734271,33.5274705426,32.8825564663,33.2377070653,13548420,0.0,1.0
2020-10-23 00:00:00+00:00,372.72,373.94,370.76,373.26,886849,33.3850520175,33.4943291248,33.2094920745,33.4334205732,8868490,0.0,1.0
2020-10-26 00:00:00+00:00,363.04,369.955,357.61,369.6,1550896,32.5180008704,33.1373870979,32.0316281712,33.105589251,15508960,0.0,1.0
2020-10-27 00:00:00+00:00,359.6,365.18,359.22,365.18,961996,32.2098752562,32.7096836653,32.1758381244,32.7096836653,9619960,0.0,1.0
2020-10-28 00:00:00+00:00,347.21,354.86,345.525,354.0,2233144,31.1000856165,31.7853068226,30.9491578084,31.708275419,22331440,0.0,1.0
2020-10-29 00:00:00+00:00,355.01,359.44,345.37,347.26,1569735,31.7987425325,32.1955438322,30.9352742414,31.1045641865,15697350,0.0,1.0
2020-10-30 00:00:00+00:00,349.63,352.99,344.42,349.39,1853026,31.3168484033,31.6178083055,30.8501814119,31.2953512674,18530260,0.0,1.0
2020-11-02 00:00:00+00:00,351.25,355.39,348.345,355.04,1175654,31.4619540704,31.8327796643,31.2017491549,31.8014296745,11756540,0.0,1.0
2020-11-03 00:00:00+00:00,353.76,359.24,346.66,355.95,1545700,31.6867782831,32.1776295523,31.0508213468,31.882939648,15457000,0.0,1.0
2020-11-04 00:00:00+00:00,364.63,368.98,357.1401,360.48,2127661,32.6604193956,33.0500549834,31.9895385706,32.2886980877,21276610,0.0,1.0
2020-11-05 00:00:00+00:00,380.87,382.65,372.01,372.357,2178342,34.1150589233,34.2744960144,33.3214563238,33.3525375994,21783420,0.0,1.0
2020-11-06 00:00:00+00:00,380.62,383.67,377.17,380.05,1354649,34.0926660734,34.3658588419,33.7836447452,34.0416103757,13546490,0.0,1.0
2020-11-09 00:00:00+00:00,375.54,393.89,375.01,389.1,2408838,33.637643364,35.2812785446,33.5901705223,34.8522315411,24088380,0.0,1.0
2020-11-10 00:00:00+00:00,363.13,373.2,360.36,370.32,2678417,32.5260622964,33.4280462892,32.2779495198,33.1700806587,26784170,0.0,1.0
2020-11-11 00:00:00+00:00,375.92,377.14,368.55,370.86,1513418,33.6716804958,33.7809576032,33.0115392816,33.2184492144,15134180,0.0,1.0
2020-11-12 00:00:00+00:00,370.2,378.6,368.28,377.23,1217465,33.1593320907,33.9117318464,32.9873550037,33.7890190291,12174650,0.0,1.0
2020-11-13 00:00:00+00:00,373.5,377.33,371.58,375.0,1099688,33.4549177091,33.7979761691,33.282940622,33.5892748083,10996880,0.0,1.0
2020-11-16 00:00:00+00:00,380.81,381.37,374.0,374.81,1210269,34.1096846393,34.159844623,33.4997034088,33.5722562424,12102690,0.0,1.0
2020-11-17 00:00:00+00:00,380.6,382.4399,377.03,378.66,1195092,34.0908746454,34.2556770633,33.7711047493,33.9171061304,11950920,0.0,1.0
2020-11-18 00:00:00+00:00,380.62,384.94,379.6205,379.89,1351854,34.0926660734,34.4796145192,34.0031394596,34.0272789518,13518540,0.0,1.0
2020-11-19 00:00:00+00:00,384.33,384.84,374.35,377.72,1455537,34.4249759655,34.4706573793,33.5310533986,33.8329090149,14555370,0.0,1.0
2020-11-20 00:00:00+00:00,383.33,388.85,382.7,384.31,1614836,34.335404566,34.8298386912,34.2789745844,34.4231845375,16148360,0.0,1.0
2020-11-23 00:00:00+00:00,387.0,389.15,383.0,385.37,1221604,34.6641316022,34.8567101111,34.3058460042,34.518130221,12216040,0.0,1.0
2020-11-24 00:00:00+00:00,392.23,392.81,386.175,388.62,1339830,35.1325900215,35.1845414332,34.5902351976,34.8092372693,13398300,0.0,1.0
2020-11-25 00:00:00+00:00,390.83,395.5,389.0,392.84,1178849,35.0071900622,35.4254884978,34.8432744011,35.1872285752,11788490,0.0,1.0
2020-11-27 00:00:00+00:00,394.95,399.17,393.0,393.15,684633,35.3762242281,35.7542155339,35.2015599991,35.214995709,6846330,0.0,1.0
2020-11-30 00:00:00+00:00,401.58,402.16,392.74,394.02,1545389,35.9700826067,36.0220340184,35.1782714352,35.2929228266,15453890,0.0,1.0
2020-12-01 00:00:00+00:00,404.57,406.68,400.12,403.46,1805446,36.2379010912,36.4268967441,35.8393083634,36.1384768377,18054460,0.0,1.0
2020-12-02 00:00:00+00:00,403.73,405.41,401.11,404.74,1003365,36.1626611156,36.3131410667,35.9279840489,36.2531282291,10033650,0.0,1.0
2020-12-03 00:00:00+00:00,399.8,406.64,398.1,404.5,1612211,35.8106455156,36.4233138881,35.6583741365,36.2316310932,16122110,0.0,1.0
2020-12-04 00:00:00+00:00,411.68,412.4,402.385,402.4,2008271,36.8747537415,36.9392451492,36.0421875833,36.0435311543,20082710,0.0,1.0
2020-12-07 00:00:00+00:00,420.89,422.842,413.34,416.41,1970749,37.6997063308,37.8745497026,37.0234422647,37.2984264611,19707490,0.0,1.0
2020-12-08 00:00:00+00:00,423.41,426.7,418.16,419.28,1812080,37.9254262575,38.2201161619,37.4551764102,37.5554963777,18120800,0.0,1.0
2020-12-09 00:00:00+00:00,416.22,426.1,413.67,419.47,2090846,37.2814078952,38.1663733222,37.0530008265,37.5725149436,20908460,0.0,1.0
2020-12-10 00:00:00+00:00,410.04,415.25,408.01,411.44,2624360,36.7278566464,37.1945236377,36.5460267054,36.8532566057,26243600,0.0,1.0
2020-12-11 00:00:00+00:00,405.82,407.0,398.28,404.0,2666510,36.3498653405,36.4555595919,35.6744969884,36.1868453935,26665100,0.0,1.0
2020-12-14 00:00:00+00:00,411.8,414.3,406.0,406.5291,2611611,36.8855023095,37.1094308082,36.3659881924,36.4133804199,26116110,0.0,1.0
2020-12-15 00:00:00+00:00,418.06,419.39,412.99,415.28,2122133,37.4462192703,37.5653492316,36.9920922749,37.1972107797,21221330,0.0,1.0
2020-12-16 00:00:00+00:00,424.9,427.146,416.9648,418.0,2315954,38.0588876428,38.260065006,37.3481206736,37.4408449863,23159540,0.0,1.0
2020-12-17 00:00:00+00:00,426.1,430.01,424.545,426.5,1715176,38.1663733222,38.5165974942,38.027089796,38.202201882,17151760,0.0,1.0
2020-12-18 00:00:00+00:00,434.56,435.65,422.0,424.8,4524332,39.2466044,39.3450460393,38.1122677117,38.3651453174,45243320,3.6,1.0
2020-12-21 00:00:00+00:00,428.88,432.0,423.7,428.15,1909606,38.7336241142,39.0154020177,38.2658005437,38.6676953099,19096060,0.0,1.0
2020-12-22 00:00:00+00:00,433.1,433.55,428.0,428.88,1793801,39.1147467913,39.1553878351,38.6541482953,38.7336241142,17938010,0.0,1.0
2020-12-23 00:00:00+00:00,425.46,436.0,425.08,435.0,1053366,38.4247521816,39.3766557401,38.3904330779,39.2863423095,10533660,0.0,1.0
2020-12-24 00:00:00+00:00,431.46,432.0,427.57,428.49,412268,38.9666327652,39.0154020177,38.6153135201,38.6984018763,4122680,0.0,1.0
2020-12-28 00:00:00+00:00,431.88,437.27,431.15,434.34,1050971,39.004564406,39.4913537969,38.9386356017,39.2267354453,10509710,0.0,1.0
2020-12-29 00:00:00+00:00,429.04,435.83,426.79,435.83,959340,38.7480742631,39.3613024569,38.5448690443,39.3613024569,9593400,0.0,1.0
2020-12-30 00:00:00+00:00,434.83,437.9999,430.1,431.67,1055498,39.2709890263,39.5572735699,38.8438064995,38.9855985856,10554980,0.0,1.0
2020-12-31 00:00:00+00:00,437.85,438.5,433.05,436.31,1021152,39.5437355867,39.6024393165,39.1102311198,39.4046529035,10211520,0.0,1.0
2021-01-04 00:00:00+00:00,425.22,442.24,421.235,439.33,2417225,38.4030769582,39.940211547,38.0431779373,39.6773994639,24172250,0.0,1.0
2021-01-05 00:00:00+00:00,428.1,429.39,422.4,425.05,1506912,38.6631796383,38.7796839638,38.1483930839,38.387723675,15069120,0.0,1.0
2021-01-06 00:00:00+00:00,425.46,434.58,420.54,423.3,1722618,38.4247521816,39.2484106686,37.980410103,38.2296751715,17226180,0.0,1.0
2021-01-07 00:00:00+00:00,443.39,444.59,430.6,432.0617,2126960,40.0440719922,40.1524481089,38.8889632148,39.0209743563,21269600,0.0,1.0
2021-01-08 00:00:00+00:00,445.64,449.99,438.646,447.0,1527347,40.247277211,40.6401406341,39.6156250774,40.3701034766,15273470,0.0,1.0
2021-01-11 00:00:00+00:00,445.76,448.78,440.42,440.61,1166168,40.2581148227,40.5308613831,39.7758411033,39.7930006551,11661680,0.0,1.0
2021-01-12 00:00:00+00:00,449.39,454.758,445.6,447.77,1384215,40.5859525757,41.0707550712,40.2436646738,40.4396448182,13842150,0.0,1.0
2021-01-13 00:00:00+00:00,451.21,453.4925,448.1065,450.3,1311809,40.7503230194,40.9564634248,40.4700352876,40.6681377976,13118090,0.0,1.0
2021-01-14 00:00:00+00:00,452.07,458.5,451.33,453.51,1969243,40.8279925697,41.4087079285,40.7611606311,40.9580439098,19692430,0.0,1.0
2021-01-15 00:00:00+00:00,445.85,450.0,440.66,448.18,1816738,40.2662430314,40.6410437684,39.7975163266,40.4766733247,18167380,0.0,1.0
2021-01-19 00:00:00+00:00,459.27,459.49,448.28,448.28,1881935,41.47824927,41.4981182248,40.4857046678,40.4857046678,18819350,0.0,1.0
2021-01-20 00:00:00+00:00,461.88,465.7894,455.0,459.52,1471116,41.7139673239,42.0670386495,41.0926109214,41.5008276277,14711160,0.0,1.0
2021-01-21 00:00:00+00:00,466.82,469.47,460.4,462.11,1575420,42.160115671,42.3994462621,41.5803034466,41.7347394129,15754200,0.0,1.0
2021-01-22 00:00:00+00:00,465.02,467.55,462.38,463.7235,1624758,41.997551496,42.2260444754,41.7591240392,41.8804601332,16247580,0.0,1.0
2021-01-25 00:00:00+00:00,464.79,470.0,456.08,469.56,1469391,41.9767794069,42.4473123803,41.1901494264,42.4075744709,14693910,0.0,1.0
2021-01-26 00:00:00+00:00,463.87,467.0339,461.88,462.65,1074174,41.8936910508,42.1794337138,41.7139673239,41.7835086655,10741740,0.0,1.0
2021-01-27 00:00:00+00:00,444.7,456.96,441.51,455.54,2185727,40.1623825862,41.2696252454,39.8742827426,41.1413801739,21857270,0.0,1.0
2021-01-28 00:00:00+00:00,451.74,458.48,447.03,455.53,1694612,40.7981891376,41.4069016599,40.3728128795,41.1404770396,16946120,0.0,1.0
2021-01-29 00:00:00+00:00,450.5,458.1,447.63,449.9,2207108,40.6862004837,41.3725825562,40.4270009379,40.6320124253,22071080,0.0,1.0
2021-02-01 00:00:00+00:00,466.74,469.315,453.59,455.85,1702813,42.1528905966,42.3854476804,40.9652689843,41.1693773374,17028130,0.0,1.0
2021-02-02 00:00:00+00:00,476.88,476.97,468.0,469.76,1611072,43.0686687828,43.0767969916,42.2666855191,42.425637157,16110720,0.0,1.0
2021-02-03 00:00:00+00:00,465.19,478.52,464.585,476.93,1785699,42.0129047792,43.216782809,41.9582651537,43.0731844544,17856990,0.0,1.0
2021-02-04 00:00:00+00:00,470.63,471.16,457.4808,460.0,1524265,42.5042098416,42.5520759598,41.31666048,41.5441780744,15242650,0.0,1.0
2021-02-05 00:00:00+00:00,466.01,476.92,465.36,474.33,1248935,42.0869617923,43.0722813201,42.0282580624,42.8383695348,12489350,0.0,1.0
2021-02-08 00:00:00+00:00,472.7,473.42,465.58,468.75,1761131,42.6911586429,42.756184313,42.0481270171,42.3344205921,17611310,0.0,1.0
2021-02-09 00:00:00+00:00,474.63,475.19,468.62,472.0,1269903,42.865463564,42.9160390851,42.3226798461,42.6279392415,12699030,0.0,1.0
2021-02-10 00:00:00+00:00,470.05,477.485,465.49,477.21,1454846,42.4518280519,43.1233084084,42.0399988083,43.0984722149,14548460,0.0,1.0
2021-02-11 00:00:00+00:00,478.39,479.35,469.1901,473.69,1712354,43.205042063,43.2917429564,42.3741675329,42.7805689392,17123540,0.0,1.0
2021-02-12 00:00:00+00:00,486.32,487.02,474.885,478.38,1355191,43.9212275677,43.9844469691,42.8884934888,43.2041389287,13551910,0.0,1.0
2021-02-16 00:00:00+00:00,489.13,494.78,487.02,490.875,1516338,44.1750083076,44.6852791905,43.9844469691,44.332605244,15163380,0.0,1.0
2021-02-17 00:00:00+00:00,482.48,486.12,475.06,484.23,1369790,43.5744239942,43.9031648816,42.9042983392,43.7324724977,13697900,0.0,1.0
2021-02-18 00:00:00+00:00,483.26,485.41,475.1272,480.23,1671453,43.64486847,43.8390423458,42.9103674017,43.3712187753,16714530,0.0,1.0
2021-02-19 00:00:00+00:00,489.96,495.14,486.765,487.25,1799449,44.249968455,44.7177920255,43.9614170443,44.0052190581,17994490,0.0,1.0
2021-02-22 00:00:00+00:00,476.36,486.61,475.315,484.0,1644513,43.0217057989,43.9474184625,42.927328264,43.7117004087,16445130,0.0,1.0
2021-02-23 00:00:00+00:00,471.9,474.62,456.06,471.14,2130608,42.6189078985,42.8645604297,41.1883431578,42.5502696912,21306080,0.0,1.0
2021-02-24 00:00:00+00:00,480.88,481.41,462.66,467.68,1512530,43.4299225052,43.4777886234,41.7844117998,42.2377852214,15125300,0.0,1.0
2021-02-25 00:00:00+00:00,457.16,479.375,455.21,474.75,2309328,41.2876879315,43.2940007922,41.1115767418,42.8763011757,23093280,0.0,1.0
2021-02-26 00:00:00+00:00,469.87,475.76,460.74,467.53,2232359,42.4355716344,42.9675177406,41.611010013,42.2242382068,22323590,0.0,1.0
2021-03-01 00:00:00+00:00,489.58,490.0,473.86,479.7,2468239,44.2156493514,44.2535809923,42.7959222224,43.3233526571,24682390,0.0,1.0
2021-03-02 00:00:00+00:00,480.51,490.8599,479.6,490.37,1854574,43.3965065359,44.3312415112,43.3143213141,44.2869969616,18545740,0.0,1.0
2021-03-03 00:00:00+00:00,463.06,481.3899,461.97,478.0,2399134,41.820537172,43.4759733235,41.7220955326,43.1698198251,23991340,0.0,1.0
2021-03-04 00:00:00+00:00,443.59,467.0,441.43,461.67,3457469,40.0621346783,42.1763720885,39.8670576682,41.6950015035,34574690,0.0,1.0
2021-03-05 00:00:00+00:00,450.14,456.0,433.0,454.25,4241400,40.6536876487,41.182924352,39.1057154483,41.0248758484,42414000,0.0,1.0
2021-03-08 00:00:00+00:00,421.25,447.96,419.26,446.83,4524328,38.0445326388,40.45680437,37.8648089119,40.3547501934,45243280,0.0,1.0
2021-03-09 00:00:00+00:00,443.6,446.9,430.6,435.69,3788449,40.0630378126,40.3610721336,38.8889632148,39.3486585766,37884490,0.0,1.0
2021-03-10 00:00:00+00:00,437.59,454.03,435.1,447.35,1991428,39.5202540947,41.0050068937,39.2953736525,40.4017131773,19914280,0.0,1.0
2021-03-11 00:00:00+00:00,453.69,457.45,442.0923,449.02,2616955,40.9743003273,41.3138788264,39.9268722533,40.5525366064,26169550,0.0,1.0
2021-03-12 00:00:00+00:00,451.17,453.49,444.5191,445.36,1890607,40.7467104822,40.9562376412,40.1460448867,40.2219894504,18906070,0.0,1.0
2021-03-15 00:00:00+00:00,470.77,471.23,453.19,455.18,3129937,42.5168537219,42.5583979,40.929143612,41.1088673389,31299370,0.0,1.0
2021-03-16 00:00:00+00:00,478.18,484.0,467.405,471.27,3119015,43.1860762426,43.7117004087,42.2129490279,42.5620104372,31190150,0.0,1.0
2021-03-17 00:00:00+00:00,483.59,487.27,470.01,470.3,2375358,43.6746719021,44.0070253267,42.4482155146,42.4744064095,23753580,0.0,1.0
2021-03-18 00:00:00+00:00,464.15,483.35,463.75,474.56,2874329,41.9189788113,43.6529966788,41.8828534391,42.8591416239,28743290,0.0,1.0
2021-03-19 00:00:00+00:00,474.46,476.675,454.1,457.05,10860245,43.1752386309,43.3768007301,41.3225052951,41.5909514317,108602450,3.6,1.0
2021-03-22 00:00:00+00:00,475.28,481.28,471.67,472.91,3180705,43.249857557,43.7958496992,42.9213522848,43.0341906609,31807050,0.0,1.0
2021-03-23 00:00:00+00:00,464.06,475.37,462.65,473.78,2471188,42.2288522511,43.2580474392,42.1005440977,43.1133595215,24711880,0.0,1.0
2021-03-24 00:00:00+00:00,457.27,469.99,456.87,469.45,2088274,41.6109711436,42.768474485,41.5745716674,42.7193351922,20882740,0.0,1.0
2021-03-25 00:00:00+00:00,461.7,464.02,449.31,454.96,1753868,42.0140953419,42.2252123035,40.8866215682,41.4007641688,17538680,0.0,1.0
2021-03-26 00:00:00+00:00,482.04,483.0,456.64,456.64,2892453,43.8650087039,43.9523674467,41.5536419686,41.5536419686,28924530,0.0,1.0
2021-03-29 00:00:00+00:00,472.62,481.16,468.27,480.4,2841104,43.0078010407,43.7849298564,42.6119567376,43.7157708517,28411040,0.0,1.0
2021-03-30 00:00:00+00:00,456.16,464.0,451.62,463.88,2793520,41.5099625973,42.2233923297,41.096828543,42.2124724869,27935200,0.0,1.0
2021-03-31 00:00:00+00:00,463.66,467.07,452.4,459.0,2868442,42.192452775,42.5027583091,41.1678075215,41.7683988779,28684420,0.0,1.0
2021-04-01 00:00:00+00:00,475.95,476.58,469.2,472.07,2352951,43.3108266796,43.3681558545,42.6965855196,42.957751761,23529510,0.0,1.0
2021-04-05 00:00:00+00:00,488.48,489.635,476.82,480.3,2296566,44.4510402699,44.5561437572,43.3899955402,43.7066709827,22965660,0.0,1.0
2021-04-06 00:00:00+00:00,483.87,488.22,477.74,483.115,1806300,44.0315363073,44.4273806104,43.4737143353,43.9628322961,18063000,0.0,1.0
2021-04-07 00:00:00+00:00,482.46,483.91,478.0,480.01,1207383,43.9032281539,44.0351762549,43.4973739948,43.6802813625,12073830,0.0,1.0
2021-04-08 00:00:00+00:00,485.48,487.98,480.12,487.98,1812102,44.1780441988,44.4055409247,43.6902912184,44.4055409247,18121020,0.0,1.0
2021-04-09 00:00:00+00:00,485.09,485.31,476.54,480.0,1661746,44.1425547095,44.1625744214,43.3645159069,43.6793713756,16617460,0.0,1.0
2021-04-12 00:00:00+00:00,483.67,485.4199,478.6,481.93,2324776,44.0133365692,44.1725751775,43.5519732091,43.854998848,23247760,0.0,1.0
2021-04-13 00:00:00+00:00,484.96,488.22,480.2894,485.0,1528110,44.1307248798,44.4273806104,43.7057063966,44.1343648274,15281100,0.0,1.0
2021-04-14 00:00:00+00:00,477.3,489.19,475.19,482.47,1822341,43.4336749116,44.51564934,43.2416676749,43.9041381408,18223410,0.0,1.0
2021-04-15 00:00:00+00:00,480.0,482.3147,476.78,481.64,1837111,43.6793713756,43.8900060442,43.3863555926,43.8286092278,18371110,0.0,1.0
2021-04-16 00:00:00+00:00,478.79,481.78,476.78,480.48,1626384,43.5692629602,43.8413490444,43.3863555926,43.7230507469,16263840,0.0,1.0
2021-04-19 00:00:00+00:00,462.0,476.8,460.05,476.53,2631892,42.041394949,43.3881755664,41.8639475028,43.36360592,26318920,0.0,1.0
2021-04-20 00:00:00+00:00,457.26,462.0287,454.54,460.01,1912840,41.6100611567,42.0440066114,41.3625447189,41.8603075552,19128400,0.0,1.0
2021-04-21 00:00:00+00:00,459.79,460.34,452.6,455.22,2594937,41.8402878433,41.890337123,41.1860072596,41.4244238283,25949370,0.0,1.0
2021-04-22 00:00:00+00:00,455.11,461.14,449.0,455.1,2705774,41.4144139724,41.9631360753,40.8584119742,41.4135039855,27057740,0.0,1.0
2021-04-23 00:00:00+00:00,466.13,467.85,457.5,458.49,2289167,42.4172195402,42.5737372876,41.6319008423,41.7219895458,22891670,0.0,1.0
2021-04-26 00:00:00+00:00,471.85,473.825,463.5731,467.0204,1827157,42.9377320491,43.1174544626,42.1845449888,42.4982447741,18271570,0.0,1.0
2021-04-27 00:00:00+00:00,466.35,474.26,465.06,473.7,1326721,42.4372392521,43.1570388929,42.3198509415,43.1060796263,13267210,0.0,1.0
2021-04-28 00:00:00+00:00,459.2,465.97,456.05,465.37,1593972,41.786598616,42.4026597497,41.4999527413,42.3480605355,15939720,0.0,1.0
2021-04-29 00:00:00+00:00,466.29,469.69,459.03,469.69,1464994,42.4317793307,42.7411748779,41.7711288386,42.7411748779,14649940,0.0,1.0
2021-04-30 00:00:00+00:00,456.2,460.7331,453.84,459.71,1936764,41.5136025449,41.9261087082,41.2988456356,41.8330079481,19367640,0.0,1.0
2021-05-03 00:00:00+00:00,450.14,459.84,448.28,459.75,1509765,40.9621504813,41.8448377778,40.7928929172,41.8366478957,15097650,0.0,1.0
2021-05-04 00:00:00+00:00,444.54,447.7,437.31,447.22,2349723,40.4525578152,40.7401136768,39.7946372839,40.6964343054,23497230,0.0,1.0
2021-05-05 00:00:00+00:00,443.83,451.44,442.37,450.4143,1638981,40.387948745,41.0804487787,40.2550906571,40.987111422,16389810,0.0,1.0
2021-05-06 00:00:00+00:00,448.58,449.09,439.84,443.8,1349637,40.8201925243,40.8666018564,40.0248639705,40.3852187843,13496370,0.0,1.0
2021-05-07 00:00:00+00:00,452.58,458.38,449.2,454.59,1171164,41.1841872857,41.7119796899,40.8766117123,41.3670946534,11711640,0.0,1.0
2021-05-10 00:00:00+00:00,436.1,448.532,435.765,448.38,2523850,39.6845288685,40.8158245871,39.6540443072,40.8019927862,25238500,0.0,1.0
2021-05-11 00:00:00+00:00,440.07,441.76,423.05,425.0,1788913,40.0457936693,40.199581456,38.4969959592,38.6744434055,17889130,0.0,1.0
2021-05-12 00:00:00+00:00,422.38,430.86,419.14,429.2857,2994319,38.4360268367,39.207695731,38.1411910799,39.0644364928,29943190,0.0,1.0
2021-05-13 00:00:00+00:00,430.6,434.82,425.64,429.89,2184221,39.1840360715,39.5680505448,38.7326825673,39.1194270013,21842210,0.0,1.0
2021-05-14 00:00:00+00:00,441.62,445.12,432.05,436.39,1696613,40.1868416393,40.5053370556,39.3159841725,39.7109184887,16966130,0.0,1.0
2021-05-17 00:00:00+00:00,439.94,442.14,432.84,442.14,1572813,40.0339638395,40.2341609583,39.3878731379,40.2341609583,15728130,0.0,1.0
2021-05-18 00:00:00+00:00,433.74,444.4375,433.28,443.92,1782448,39.4697719593,40.4432304494,39.4279125617,40.3961386272,17824480,0.0,1.0
2021-05-19 00:00:00+00:00,441.72,442.5,425.7,426.0,2136931,40.1959415084,40.2669204869,38.7381424887,38.7654420958,21369310,0.0,1.0
2021-05-20 00:00:00+00:00,455.0,459.3,445.33,445.75,2188892,41.4044041164,41.795698485,40.5244467806,40.5626662305,21888920,0.0,1.0
2021-05-21 00:00:00+00:00,451.24,457.99,449.34,457.99,1321815,41.0622490407,41.6764902006,40.889351529,41.6764902006,13218150,0.0,1.0
2021-05-24 00:00:00+00:00,459.19,462.44,456.355,456.92,1442259,41.7856886291,42.0814343727,41.5277073419,41.5791216019,14422590,0.0,1.0
2021-05-25 00:00:00+00:00,459.54,462.96,456.495,461.9,960027,41.8175381707,42.1287536917,41.5404471585,42.03229508,9600270,0.0,1.0
2021-05-26 00:00:00+00:00,460.49,462.1,455.53,460.77,987409,41.9039869265,42.050494818,41.4526334223,41.9294665598,9874090,0.0,1.0
2021-05-27 00:00:00+00:00,467.68,468.44,459.645,460.0,1909835,42.5582675103,42.6274265149,41.8270930332,41.8593975683,19098350,0.0,1.0
2021-05-28 00:00:00+00:00,472.33,474.62,467.68,470.0,1994762,42.9814114205,43.1897984214,42.5582675103,42.7693844719,19947620,0.0,1.0
2021-06-01 00:00:00+00:00,468.31,477.9999,467.2,475.44,1627735,42.6155966852,43.497364895,42.5145881389,43.2644173475,16277350,0.0,1.0
2021-06-02 00:00:00+00:00,473.73,477.7,469.47,471.83,1328640,43.108809587,43.4700743877,42.721155166,42.9359120753,13286400,0.0,1.0
2021-06-03 00:00:00+00:00,464.8,469.76,463.26,468.8,2038896,42.296191282,42.7475447862,42.1560532988,42.6601860435,20388960,0.0,1.0
2021-06-04 00:00:00+00:00,475.0,478.4,469.52,470.5,2386716,43.2243779237,43.533773471,42.7257051005,42.8148838171,23867160,0.0,1.0
2021-06-07 00:00:00+00:00,463.78,474.48,462.47,473.0,2414160,42.2033726178,43.1770586048,42.0841643335,43.042380543,24141600,0.0,1.0
2021-06-08 00:00:00+00:00,463.53,472.39,463.51,468.05,1661565,42.1806229452,42.9868713419,42.1788029714,42.5919370257,16615650,0.0,1.0
2021-06-09 00:00:00+00:00,463.93,467.19,461.715,467.19,1212781,42.2170224214,42.513678152,42.0154603222,42.513678152,12127810,0.0,1.0
2021-06-10 00:00:00+00:00,468.67,469.54,460.21,465.5,1541504,42.6483562137,42.7275250743,41.8785072932,42.3598903653,15415040,0.0,1.0
2021-06-11 00:00:00+00:00,470.7,472.13,467.145,468.44,1450840,42.8330835552,42.9632116824,42.5095832109,42.6274265149,14508400,0.0,1.0
2021-06-14 00:00:00+00:00,475.83,475.9,466.06,470.49,1467617,43.2999068367,43.3062767451,42.4108496319,42.8139738302,14676170,0.0,1.0
2021-06-15 00:00:00+00:00,470.74,476.57,468.55,476.56,1113122,42.8367235028,43.3672458676,42.6374363709,43.3663358807,11131220,0.0,1.0
2021-06-16 00:00:00+00:00,465.75,471.12,461.48,470.27,1893483,42.3826400379,42.8713030051,41.99407563,42.7939541183,18934830,0.0,1.0
2021-06-17 00:00:00+00:00,471.17,475.24,463.94,464.88,2088079,42.8758529396,43.2462176094,42.2179324083,42.3034711772,20880790,0.0,1.0
2021-06-18 00:00:00+00:00,463.5,469.755,460.505,467.27,2853689,42.1778929845,42.7470897928,41.9053519069,42.5209580472,28536890,0.0,1.0
2021-06-21 00:00:00+00:00,464.61,465.38,458.44,461.17,1859179,42.6064968162,42.6771087327,42.0406844459,42.2910357864,18591790,3.6,1.0
2021-06-22 00:00:00+00:00,464.45,468.58,461.32,466.58,1372197,42.5918242101,42.9705608534,42.3047913545,42.787153278,13721970,0.0,1.0
2021-06-23 00:00:00+00:00,466.66,467.875,463.035,463.86,1767412,42.794489581,42.9059096831,42.4620633505,42.5377189754,17674120,0.0,1.0
2021-06-24 00:00:00+00:00,470.06,473.65,468.6,469.89,1250272,43.1062824593,43.4354990572,42.9723949292,43.0906928154,12502720,0.0,1.0
2021-06-25 00:00:00+00:00,462.2,472.45,460.0,471.35,1909957,42.3854906877,43.3254545119,42.1837423547,43.2245803454,19099570,0.0,1.0
2021-06-28 00:00:00+00:00,472.8,476.29,465.51,466.0,1398674,43.3575508376,43.6775970568,42.6890302251,42.7339650811,13986740,0.0,1.0
2021-06-29 00:00:00+00:00,477.15,477.31,470.74,472.37,1418430,43.7564623143,43.7711349203,43.1686410349,43.3181182089,14184300,0.0,1.0
2021-06-30 00:00:00+00:00,476.84,478.59,472.525,478.13,1538268,43.7280341401,43.8885157686,43.332332296,43.8463320262,15382680,0.0,1.0
2021-07-01 00:00:00+00:00,469.64,477.84,468.93,477.84,1115374,43.0677668684,43.8197379278,43.0026571791,43.8197379278,11153740,0.0,1.0
2021-07-02 00:00:00+00:00,468.17,478.58,455.71,476.771,3705859,42.9329623005,43.8875987307,41.7903331054,43.7217065787,37058590,0.0,1.0
2021-07-06 00:00:00+00:00,473.28,476.75,468.3,470.4,1387136,43.4015686558,43.7197807992,42.9448837929,43.1374617471,13871360,0.0,1.0
2021-07-07 00:00:00+00:00,469.54,475.36,466.37,475.0,1258175,43.0585964897,43.5923125342,42.7678954826,43.5592991707,12581750,0.0,1.0
2021-07-08 00:00:00+00:00,470.5,471.08,461.56,464.42,1601160,43.1466321259,43.1998203228,42.3268002636,42.5890730965,16011600,0.0,1.0
2021-07-09 00:00:00+00:00,480.18,480.88,468.03,469.57,1678344,44.0343247911,44.0985174425,42.9201237702,43.0613476033,16783440,0.0,1.0
2021-07-12 00:00:00+00:00,485.75,494.02,473.26,481.32,3314161,44.5451148887,45.3035052132,43.39973458,44.1388671091,33141610,0.0,1.0
2021-07-13 00:00:00+00:00,484.01,487.53,482.0,485.33,1180646,44.3855502981,44.7083476309,44.2012256847,44.5065992979,11806460,0.0,1.0
2021-07-14 00:00:00+00:00,481.59,492.0,480.745,489.2,1401987,44.1636271318,45.118263562,44.0861374311,44.8614929564,14019870,0.0,1.0
2021-07-15 00:00:00+00:00,477.34,484.45,473.12,483.28,1262488,43.7738860339,44.4258999647,43.3868960497,44.318606533,12624880,0.0,1.0
2021-07-16 00:00:00+00:00,468.07,480.28,467.26,479.06,1398147,42.9237919217,44.0434951699,42.8495118536,43.9316165488,13981470,0.0,1.0
2021-07-19 00:00:00+00:00,465.67,465.97,457.5901,463.48,1493878,42.7037028312,42.7312139675,41.9627453967,42.502871536,14938780,0.0,1.0
2021-07-20 00:00:00+00:00,468.59,472.25,463.27,467.89,2072779,42.9714778913,43.3071137544,42.4836137406,42.9072852399,20727790,0.0,1.0
2021-07-21 00:00:00+00:00,479.02,479.28,468.5,469.63,1366068,43.9279483973,43.9517913821,42.9632245504,43.0668498306,13660680,0.0,1.0
2021-07-22 00:00:00+00:00,476.33,478.99,474.51,476.6,1258396,43.6812652083,43.9251972837,43.5143643147,43.706025231,12583960,0.0,1.0
2021-07-23 00:00:00+00:00,483.15,483.58,476.83,480.03,1348920,44.3066850406,44.3461176694,43.7271171022,44.0205692229,13489200,0.0,1.0
2021-07-26 00:00:00+00:00,482.24,483.62,479.68,482.16,1116087,44.2232345938,44.3497858209,43.9884728972,44.2158982908,11160870,0.0,1.0
2021-07-27 00:00:00+00:00,475.36,481.81,467.8001,480.76,1471521,43.5923125342,44.1838019651,42.8990410694,44.087512988,14715210,0.0,1.0
2021-07-28 00:00:00+00:00,477.65,479.08,474.32,476.7,836185,43.8023142081,43.9334506246,43.496940595,43.7151956098,8361850,0.0,1.0
2021-07-29 00:00:00+00:00,484.11,485.8253,477.44,478.465,910548,44.3947206768,44.5520201839,43.7830564127,43.8770527951,9105480,0.0,1.0
2021-07-30 00:00:00+00:00,485.4,486.34,479.57,481.96,1154827,44.513018563,44.5992201235,43.9783854806,44.1975575332,11548270,0.0,1.0
2021-08-02 00:00:00+00:00,484.68,494.6,483.51,489.05,1562164,44.4469918359,45.3566934101,44.3396984042,44.8477373882,15621640,0.0,1.0
2021-08-03 00:00:00+00:00,486.79,487.755,479.96,485.49,1113483,44.640486828,44.7289809831,44.0141499578,44.5212719039,11134830,0.0,1.0
2021-08-04 00:00:00+00:00,487.8,489.98,484.01,488.53,1212419,44.7331076536,44.9330219108,44.3855502981,44.8000514186,12124190,0.0,1.0
2021-08-05 00:00:00+00:00,487.67,490.43,484.886,490.43,837272,44.7211861612,44.9742886153,44.4658828161,44.9742886153,8372720,0.0,1.0
2021-08-06 00:00:00+00:00,485.43,488.12,484.03,485.07,996463,44.5157696767,44.7624528656,44.3873843738,44.4827563131,9964630,0.0,1.0
2021-08-09 00:00:00+00:00,484.68,486.83,481.0,486.49,595390,44.4469918359,44.6441549795,44.109521897,44.6129756916,5953900,0.0,1.0
2021-08-10 00:00:00+00:00,482.26,486.45,477.83,485.9,932006,44.2250686696,44.6093075401,43.8188208899,44.5588704569,9320060,0.0,1.0
2021-08-11 00:00:00+00:00,483.55,485.97,479.7874,484.8119,981602,44.3433665557,44.565289722,43.998321884,44.4590875655,9816020,0.0,1.0
2021-08-12 00:00:00+00:00,484.26,485.0,476.731,482.28,870201,44.408476245,44.4763370479,43.7180384272,44.2269027453,8702010,0.0,1.0
2021-08-13 00:00:00+00:00,486.16,488.97,482.11,482.61,854791,44.5827134417,44.8404010852,44.2113131014,44.2571649953,8547910,0.0,1.0
2021-08-16 00:00:00+00:00,488.14,488.9118,484.4,484.83,918862,44.7642869414,44.8350639248,44.4213147753,44.460747404,9188620,0.0,1.0
2021-08-17 00:00:00+00:00,478.69,486.22,474.52,485.59,1650087,43.8976861474,44.588215669,43.5152813525,44.5304422827,16500870,0.0,1.0
2021-08-18 00:00:00+00:00,468.97,477.08,468.345,476.65,1561643,43.0063253307,43.7500430491,42.9490104633,43.7106104204,15616430,0.0,1.0
2021-08-19 00:00:00+00:00,473.53,475.83,462.66,466.35,1404368,43.4244946027,43.6354133145,42.4276744301,42.7660614068,14043680,0.0,1.0
2021-08-20 00:00:00+00:00,475.17,476.23,470.44,472.82,1000807,43.5748888146,43.6720948296,43.1411298986,43.3593849134,10008070,0.0,1.0
2021-08-23 00:00:00+00:00,482.45,486.19,475.695,476.33,1570741,44.2424923892,44.5854645553,43.6230333031,43.6812652083,15707410,0.0,1.0
2021-08-24 00:00:00+00:00,481.43,483.04,480.16,482.4,942923,44.1489545257,44.296597624,44.0324907153,44.2379071998,9429230,0.0,1.0
2021-08-25 00:00:00+00:00,483.41,486.27,481.565,481.565,1001693,44.3305280254,44.5928008583,44.1613345371,44.1613345371,10016930,0.0,1.0
2021-08-26 00:00:00+00:00,485.74,488.11,480.6,483.0,1083764,44.5441978508,44.7615358278,44.0728403819,44.2929294725,10837640,0.0,1.0
2021-08-27 00:00:00+00:00,495.94,496.4447,486.64,488.01,1646077,45.4795764857,45.5258593873,44.6267312598,44.752365449,16460770,0.0,1.0
2021-08-30 00:00:00+00:00,498.89,507.85,498.2537,500.0,1961364,45.7501026595,46.5717685975,45.6917515393,45.8518938638,19613640,0.0,1.0
2021-08-31 00:00:00+00:00,497.21,501.29,492.7,501.29,1738040,45.5960402961,45.97019175,45.1824562134,45.97019175,17380400,0.0,1.0
2021-09-01 00:00:00+00:00,493.16,499.24,492.885,496.27,1258589,45.2246399558,45.7821989852,45.1994214142,45.5098387356,12585890,0.0,1.0
2021-09-02 00:00:00+00:00,491.9,495.98,490.16,495.79,1712249,45.1090931832,45.4832446372,44.9495285926,45.4658209175,17122490,0.0,1.0
2021-09-03 00:00:00+00:00,497.68,506.0,495.043,495.91,2520467,45.6391410763,46.4021165902,45.3973181881,45.476825372,25204670,0.0,1.0
2021-09-07 00:00:00+00:00,496.59,497.6,491.0,497.6,1239944,45.5391839477,45.6318047733,45.0265597743,45.6318047733,12399440,0.0,1.0
2021-09-08 00:00:00+00:00,494.38,499.89,488.11,499.62,1398675,45.3365185768,45.8418064472,44.7615358278,45.8170464245,13986750,0.0,1.0
2021-09-09 00:00:00+00:00,493.49,498.698,492.8497,492.8497,1317503,45.2549022057,45.7324955322,45.1961842705,45.1961842705,13175030,0.0,1.0
2021-09-10 00:00:00+00:00,498.15,505.99,496.51,497.05,1611029,45.6822418565,46.4011995523,45.5318476447,45.58136769,16110290,0.0,1.0
2021-09-13 00:00:00+00:00,498.96,502.47,493.2605,502.0,1492982,45.7565219246,46.0784022195,45.2338561865,46.0353014393,14929820,0.0,1.0
2021-09-14 00:00:00+00:00,501.87,505.42,498.36,502.0,1413410,46.0233799469,46.3489283933,45.701499652,46.0353014393,14134100,0.0,1.0
2021-09-15 00:00:00+00:00,509.74,510.7,499.42,502.12,2334578,46.7450887563,46.8331243925,45.798705667,46.0463058938,23345780,0.0,1.0
2021-09-16 00:00:00+00:00,507.35,509.15,500.2068,505.2,1756917,46.5259167036,46.6909835216,45.8708582071,46.32875356,17569170,0.0,1.0
2021-09-17 00:00:00+00:00,506.0,507.62,501.0,503.97,3446968,46.4021165902,46.5506767263,45.9435976516,46.2159579011,34469680,0.0,1.0
2021-09-20 00:00:00+00:00,494.82,503.0,488.44,499.0,3010547,45.3768682434,46.127005227,44.7917980777,45.7601900761,30105470,0.0,1.0
2021-09-21 00:00:00+00:00,490.99,493.75,487.0,493.49,1693622,45.3557763722,45.6107346052,44.9871954485,45.5867168006,16936220,3.6,1.0
2021-09-22 00:00:00+00:00,500.59,503.0,492.22,494.25,2061043,46.2425876172,46.4652141902,45.469399063,45.6569226908,20610430,0.0,1.0
2021-09-23 00:00:00+00:00,504.3,507.29,500.59,502.51,1837027,46.5853032129,46.8615079653,46.2425876172,46.4199498662,18370270,0.0,1.0
2021-09-24 00:00:00+00:00,504.92,505.5,500.83,502.27,1060793,46.6425764392,46.6961546186,46.2647578983,46.3977795851,10607930,0.0,1.0
2021-09-27 00:00:00+00:00,504.85,505.82,497.38,499.7756,983099,46.6361101072,46.7257149934,45.9460601072,46.1673564633,9830990,0.0,1.0
2021-09-28 00:00:00+00:00,491.02,501.45,490.54,497.0,2012409,45.3585476574,46.3220311246,45.3142070951,45.9109571621,20124090,0.0,1.0
2021-09-29 00:00:00+00:00,489.48,494.27,487.65,493.63,1578367,45.2162883535,45.6587702143,45.0472399599,45.5996494646,15783670,0.0,1.0
2021-09-30 00:00:00+00:00,484.93,494.52,484.4801,494.52,1573539,44.7959767738,45.6818642571,44.7544167343,45.6818642571,15735390,0.0,1.0
2021-10-01 00:00:00+00:00,487.35,488.66,477.5,487.85,1605175,45.0195271085,45.140539893,44.1096218207,45.0657151942,16051750,0.0,1.0
2021-10-04 00:00:00+00:00,475.95,486.56,472.78,484.9304,2009284,43.9664387551,44.9465499331,43.6736062919,44.7960137243,20092840,0.0,1.0
2021-10-05 00:00:00+00:00,485.42,489.79,475.33,475.94,1655798,44.8412410978,45.2449249666,43.9091655289,43.9655149934,16557980,0.0,1.0
2021-10-06 00:00:00+00:00,488.78,489.35,479.7,483.13,1204169,45.1516250335,45.2042794512,44.3128493977,44.6296996654,12041690,0.0,1.0
2021-10-07 00:00:00+00:00,493.92,499.9,492.63,492.63,1326088,45.6264385543,46.178848059,45.5072732933,45.5072732933,13260880,0.0,1.0
2021-10-08 00:00:00+00:00,492.85,498.0,491.28,496.82,1027984,45.527596051,46.0033333334,45.3825654619,45.8943294512,10279840,0.0,1.0
2021-10-11 00:00:00+00:00,492.34,499.59,490.85,491.24,1118804,45.4804842036,46.1502114459,45.3428437082,45.3788704151,11188040,0.0,1.0
2021-10-12 00:00:00+00:00,485.28,496.7,482.0201,495.84,2099054,44.8283084338,45.8832443107,44.5271713528,45.8038008033,20990540,0.0,1.0
2021-10-13 00:00:00+00:00,485.01,485.38,479.55,481.17,1642533,44.8033668675,44.8375460509,44.298992972,44.4486423696,16425330,0.0,1.0
2021-10-14 00:00:00+00:00,497.6,499.15,490.815,491.86,1923297,45.9663828649,46.1095659305,45.3396105422,45.4361436413,19232970,0.0,1.0
2021-10-15 00:00:00+00:00,503.25,505.86,501.08,504.4041,2510461,46.488308233,46.7294100402,46.2878519412,46.5949195724,25104610,0.0,1.0
2021-10-18 00:00:00+00:00,503.36,503.98,498.66,500.39,1604242,46.4984696119,46.5557428381,46.0643016065,46.2241123829,16042420,0.0,1.0
2021-10-19 00:00:00+00:00,510.39,510.87,501.77,504.32,1638306,47.1478740965,47.1922146587,46.3515914994,46.5871507364,16383060,0.0,1.0
2021-10-20 00:00:00+00:00,509.39,513.43,508.44,511.0,1345845,47.0554979251,47.4286976574,46.9677405623,47.204223561,13458450,0.0,1.0
2021-10-21 00:00:00+00:00,514.15,514.79,508.6,509.42,1178679,47.4952085008,47.5543292504,46.9825207497,47.0582692103,11786790,0.0,1.0
2021-10-22 00:00:00+00:00,515.41,521.38,513.02,514.7423,1536739,47.6116024767,48.1630882196,47.3908234271,47.549922907,15367390,0.0,1.0
2021-10-25 00:00:00+00:00,522.07,524.5,515.18,517.49,1241554,48.2268277779,48.4513018742,47.5903559572,47.8037449131,12415540,0.0,1.0
2021-10-26 00:00:00+00:00,533.87,534.99,524.0,525.225,2404304,49.3168665998,49.4203279117,48.4051137886,48.5182745985,24043040,0.0,1.0
2021-10-27 00:00:00+00:00,523.11,536.07,521.86,531.82,2350034,48.3228989961,49.5200941768,48.2074287819,49.1274954485,23500340,0.0,1.0
2021-10-28 00:00:00+00:00,529.57,529.95,523.43,524.14,1187523,48.919649063,48.9547520081,48.3524593709,48.4180464526,11875230,0.0,1.0
2021-10-29 00:00:00+00:00,531.67,532.15,523.5,523.5,1556429,49.1136390228,49.1579795851,48.3589257029,48.3589257029,15564290,0.0,1.0
2021-11-01 00:00:00+00:00,528.05,532.5751,524.93,530.336,1685053,48.7792372825,49.1972486955,48.4910236279,48.9904092103,16850530,0.0,1.0
2021-11-02 00:00:00+00:00,537.07,540.82,526.68,527.4465,1616968,49.6124703481,49.9588809907,48.6526819278,48.7234882631,16169680,0.0,1.0
2021-11-03 00:00:00+00:00,542.37,543.795,533.77,539.0527,1403784,50.1020640563,50.2337001005,49.3076289827,49.7956245831,14037840,0.0,1.0
2021-11-04 00:00:00+00:00,548.62,549.07,540.925,543.8,1595804,50.6794151273,50.7209844044,49.9685804887,50.2341619813,15958040,0.0,1.0
2021-11-05 00:00:00+00:00,558.92,559.67,549.81,550.0,1867351,51.6308896922,51.7001718207,50.7893427712,50.8068942437,18673510,0.0,1.0
2021-11-08 00:00:00+00:00,558.95,563.89,558.1,561.97,1723365,51.6336609773,52.0899992638,51.5551412317,51.9126370148,17233650,0.0,1.0
2021-11-09 00:00:00+00:00,557.8,561.9009,555.14,559.19,1578357,51.5274283803,51.9062538214,51.2817077645,51.6558312585,15783570,0.0,1.0
2021-11-10 00:00:00+00:00,548.77,560.9022,548.05,554.3,1844824,50.693271553,51.813997739,50.6267607096,51.2041117805,18448240,0.0,1.0
2021-11-11 00:00:00+00:00,555.4,557.12,548.81,552.69,1415701,51.305725569,51.4646125838,50.6969665998,51.0553861447,14157010,0.0,1.0
2021-11-12 00:00:00+00:00,563.22,565.84,554.59,558.41,1357529,52.028107229,52.270132798,51.2309008702,51.5837778448,13575290,0.0,1.0
2021-11-15 00:00:00+00:00,565.77,567.69,559.8301,567.69,1397239,52.263666466,52.441028715,51.7149612457,52.441028715,13972390,0.0,1.0
2021-11-16 00:00:00+00:00,568.77,569.53,562.74,564.09,1319404,52.54079498,52.6110008702,51.9837666668,52.1084744981,13194040,0.0,1.0
2021-11-17 00:00:00+00:00,569.64,571.3564,564.1,568.14,1253294,52.6211622491,52.7797167096,52.1093982598,52.4825979921,12532940,0.0,1.0
2021-11-18 00:00:00+00:00,574.81,576.73,569.64,571.1,1271333,53.098747055,53.276109304,52.6211622491,52.7560314593,12713330,0.0,1.0
2021-11-19 00:00:00+00:00,568.72,577.21,565.93,576.2805,1963032,52.5361761714,53.3204498662,52.2784466534,53.234586215,19630320,0.0,1.0
2021-11-22 00:00:00+00:00,553.28,572.04,552.48,571.68,2590056,51.1098880858,52.8428650603,51.0359871487,52.8096096386,25900560,0.0,1.0
2021-11-23 00:00:00+00:00,555.12,555.86,548.53,552.42,1710989,51.2798602411,51.3482186079,50.6711012718,51.0304445784,17109890,0.0,1.0
2021-11-24 00:00:00+00:00,558.73,559.08,547.39,553.23,1208725,51.6133382196,51.6456698796,50.5657924365,51.1052692772,12087250,0.0,1.0
2021-11-26 00:00:00+00:00,546.59,557.3,543.3201,551.77,1421903,50.4918914994,51.4812402946,50.1898306567,50.970400067,14219030,0.0,1.0
2021-11-29 00:00:00+00:00,564.34,567.55,553.68,556.2,1870345,52.1315685409,52.428096051,51.1468385543,51.3796265061,18703450,0.0,1.0
2021-11-30 00:00:00+00:00,553.68,564.99,552.0,563.27,2257749,51.1468385543,52.1916130523,50.9916465864,52.0327260376,22577490,0.0,1.0
2021-12-01 00:00:00+00:00,554.76,568.4799,553.33,563.48,2198288,51.2466048194,52.5139966527,51.1145068943,52.0521250336,21982880,0.0,1.0
2021-12-02 00:00:00+00:00,552.45,559.11,544.0,546.07,2261872,51.0332158635,51.6484411648,50.2526372156,50.4438558903,22618720,0.0,1.0
2021-12-03 00:00:00+00:00,558.12,569.0,550.4,564.9447,2030739,51.5569887551,52.5620414994,50.8438447123,52.1874284117,20307390,0.0,1.0
2021-12-06 00:00:00+00:00,564.98,568.3729,555.95,564.6474,2248229,52.1906892906,52.5041124024,51.3565324633,52.159964976,22482290,0.0,1.0
2021-12-07 00:00:00+00:00,590.4,593.07,572.0,572.0,2956207,54.5388915664,54.7855359439,52.8391700135,52.8391700135,29562070,0.0,1.0
2021-12-08 00:00:00+00:00,588.56,590.94,582.43,590.94,1799765,54.3689194111,54.5887746989,53.8026534807,54.5887746989,17997650,0.0,1.0
2021-12-09 00:00:00+00:00,583.42,590.2397,582.45,582.45,2907960,53.8941058903,54.5240836661,53.8045010041,53.8045010041,29079600,0.0,1.0
2021-12-10 00:00:00+00:00,631.68,644.7499,618.59,623.98,5708665,58.3521799198,59.5595272417,57.1429758368,57.6408834004,57086650,0.0,1.0
2021-12-13 00:00:00+00:00,621.66,634.42,621.23,634.0,2689830,57.4265706828,58.6052906293,57.3868489292,58.5664926373,26898300,0.0,1.0
2021-12-14 00:00:00+00:00,614.91,618.6199,605.64,617.84,3595635,56.8030315262,57.1457378843,55.9467044178,57.0736937083,35956350,0.0,1.0
2021-12-15 00:00:00+00:00,639.86,640.86,610.34,615.57,2909168,59.1078170014,59.2001931728,56.3808724231,56.8639997993,29091680,0.0,1.0
2021-12-16 00:00:00+00:00,620.68,640.6556,611.5,637.36,4274842,57.3360420349,59.1813114834,56.4880287819,58.8768765731,42748420,0.0,1.0
2021-12-17 00:00:00+00:00,634.96,639.99,615.1,617.53,5075310,58.6551737618,59.1198259037,56.8205829988,57.0450570951,50753100,0.0,1.0
2021-12-20 00:00:00+00:00,645.03,646.09,625.09,626.3,3277047,59.5854018073,59.683320549,57.7434209506,57.8551961179,32770470,0.0,1.0
2021-12-21 00:00:00+00:00,646.24,649.47,633.3,648.1,3653389,60.0759192772,60.3761873189,58.8729878656,60.2488290474,36533890,4.1,1.0
2021-12-22 00:00:00+00:00,655.2,657.16,639.26,643.32,2838293,60.9088609656,61.09106696,59.427042828,59.8044695305,28382930,0.0,1.0
2021-12-23 00:00:00+00:00,664.8,670.73,656.13,656.13,2359625,61.8012984889,62.3525645841,60.9953158507,60.9953158507,23596250,0.0,1.0
2021-12-27 00:00:00+00:00,674.28,676.3,664.46,664.8,1944503,62.6825805432,62.8703642721,61.7696913267,61.8012984889,19445030,0.0,1.0
2021-12-28 00:00:00+00:00,669.0,677.76,667.0301,677.55,1725041,62.1917399054,63.0060891454,62.0086135848,62.9865670746,17250410,0.0,1.0
2021-12-29 00:00:00+00:00,672.61,677.0,669.12,669.7965,1479957,62.527333599,62.9354378415,62.2028953744,62.2657843311,14799570,0.0,1.0
2021-12-30 00:00:00+00:00,665.08,675.7,663.84,673.1,1147314,61.8273279167,62.8145869269,61.7120547366,62.5728850976,11473140,0.0,1.0
2021-12-31 00:00:00+00:00,665.41,671.31,663.27,666.97,1176331,61.8580054566,62.4064826844,61.6590662587,62.0030265541,11763310,0.0,1.0
2022-01-03 00:00:00+00:00,663.32,671.7,661.22,666.317,2259950,61.6637143708,62.4427379588,61.4684936625,61.9423222101,22599500,0.0,1.0
2022-01-04 00:00:00+00:00,670.92,672.1862,657.225,662.875,2110277,62.37022741,62.4879362009,61.0971095057,61.6223461731,21102770,0.0,1.0
2022-01-05 00:00:00+00:00,643.0,671.21,642.01,671.21,3496111,59.7747216131,62.3971864602,59.6826889935,62.3971864602,34961110,0.0,1.0
2022-01-06 00:00:00+00:00,637.03,648.65,634.43,640.16,2858130,59.2197370283,60.2999582805,58.9780351991,59.5107088458,28581300,0.0,1.0
2022-01-07 00:00:00+00:00,619.15,639.91,618.46,635.85,2783173,57.5575721411,59.4874682853,57.4934281941,59.1100415827,27831730,0.0,1.0
2022-01-10 00:00:00+00:00,621.16,622.04,603.57,608.86,2979338,57.7444262476,57.8262330205,56.1092204106,56.6009906708,29793380,0.0,1.0
2022-01-11 00:00:00+00:00,622.05,628.0,614.57,615.54,1902738,57.827162643,58.3802879829,57.1318050727,57.2219784475,19027380,0.0,1.0
2022-01-12 00:00:00+00:00,622.0,630.99,619.74,627.51,1880639,57.8225145309,58.6582450865,57.6124198639,58.3347364843,18806390,0.0,1.0
2022-01-13 00:00:00+00:00,597.19,627.88,594.15,627.47,3004792,55.5161213066,58.3691325139,55.2335160909,58.3310179947,30047920,0.0,1.0
2022-01-14 00:00:00+00:00,596.37,600.38,592.0,595.78,2566283,55.4398922681,55.8126708586,55.0336472705,55.3850445453,25662830,0.0,1.0
2022-01-18 00:00:00+00:00,577.79,591.04,575.99,588.32,3569452,53.7126538116,54.9444035182,53.5453217759,54.6915462199,35694520,0.0,1.0
2022-01-19 00:00:00+00:00,563.97,584.73,563.33,581.58,2251167,52.427915627,54.3578117711,52.3684197921,54.0649807088,22511670,0.0,1.0
2022-01-20 00:00:00+00:00,547.72,570.14,546.77,568.0,2522478,50.9172791943,53.0014926602,50.8289650644,52.8025534623,25224780,0.0,1.0
2022-01-21 00:00:00+00:00,533.23,555.4,531.34,546.64,3801047,49.5702563075,51.6312292129,49.3945576701,50.8168799729,38010470,0.0,1.0
2022-01-24 00:00:00+00:00,541.58,543.51,513.4,530.89,5426724,50.3464910283,50.5259081554,47.7268150485,49.3527246612,54267240,0.0,1.0
2022-01-25 00:00:00+00:00,534.14,545.4,524.22,528.0,3815824,49.6548519478,50.7016067928,48.732666507,49.0840637818,38158240,0.0,1.0
2022-01-26 00:00:00+00:00,557.12,574.17,550.07,552.0,4971487,51.7911242692,53.3761304955,51.135740463,51.3151575901,49714870,0.0,1.0
2022-01-27 00:00:00+00:00,542.31,570.255,541.025,569.72,3420955,50.414353465,53.012183318,50.294896984,52.9624485185,34209550,0.0,1.0
2022-01-28 00:00:00+00:00,560.1,560.5,532.39,543.36,3025363,52.0681517504,52.1053366472,49.4921680243,50.5119638191,30253630,0.0,1.0
2022-01-31 00:00:00+00:00,585.88,586.37,556.0,559.4,4028846,54.4647183494,54.510269848,51.6870065581,52.003078181,40288460,0.0,1.0
2022-02-01 00:00:00+00:00,592.72,593.9,575.8228,585.87,2571948,55.1005800848,55.2102755304,53.5297784891,54.463788727,25719480,0.0,1.0
2022-02-02 00:00:00+00:00,603.43,604.8,593.631,599.0,2444338,56.0962056967,56.2235639683,55.1852686873,55.6843829646,24443380,0.0,1.0
2022-02-03 00:00:00+00:00,580.85,599.02,580.12,595.67,3060176,53.9971182721,55.6862422095,53.9292558354,55.3748186987,30601760,0.0,1.0
2022-02-04 00:00:00+00:00,590.16,596.53,576.14,576.38,2054844,54.8625967452,55.4547662268,53.5592661122,53.5815770503,20548440,0.0,1.0
2022-02-07 00:00:00+00:00,587.63,601.58,584.16,590.16,1867302,54.6274022729,55.924225549,54.3048232932,54.8625967452,18673020,0.0,1.0
2022-02-08 00:00:00+00:00,600.22,601.85,586.99,588.38,1457174,55.7977968999,55.9493253543,54.5679064381,54.6971239545,14571740,0.0,1.0
2022-02-09 00:00:00+00:00,611.34,611.72,601.56,607.3527,2200361,56.831537031,56.866862683,55.9223663042,56.4608686835,22003610,0.0,1.0
2022-02-10 00:00:00+00:00,591.36,614.64,588.57,595.3,2491954,54.9741514356,57.1383124297,54.7147867804,55.3404226692,24919540,0.0,1.0
2022-02-11 00:00:00+00:00,573.42,599.76,569.075,591.36,2728064,53.306408814,55.7550342685,52.9024878724,54.9741514356,27280640,0.0,1.0
2022-02-14 00:00:00+00:00,578.58,582.8117,570.07,575.0,1929091,53.7860939827,54.1794823023,52.9949853032,53.4532891563,19290910,0.0,1.0
2022-02-15 00:00:00+00:00,602.77,606.039,588.25,589.03,3428437,56.034850617,56.3387441861,54.685038863,54.7575494118,34284370,0.0,1.0
2022-02-16 00:00:00+00:00,597.21,600.81,587.22,594.06,2293143,55.5179805514,55.8526446227,54.5892877537,55.2251494891,22931430,0.0,1.0
2022-02-17 00:00:00+00:00,579.0,591.58,578.89,589.7,2142434,53.8251381244,54.9946031289,53.8149122778,54.8198341139,21424340,0.0,1.0
2022-02-18 00:00:00+00:00,579.99,587.74,573.28,580.94,1970772,53.917170744,54.6376281196,53.2933941001,54.0054848739,19707720,0.0,1.0
2022-02-22 00:00:00+00:00,577.46,590.21,569.81,579.99,1999184,53.6819762717,54.8672448573,52.9708151203,53.917170744,19991840,0.0,1.0
2022-02-23 00:00:00+00:00,565.19,585.07,564.74,580.23,2241646,52.5413295622,54.3894189334,52.4994965533,53.9394816821,22416460,0.0,1.0
2022-02-24 00:00:00+00:00,580.0,585.69,549.02,551.58,3531619,53.9181003664,54.4470555234,51.0381301089,51.2761134484,35316190,0.0,1.0
2022-02-25 00:00:00+00:00,588.01,589.38,574.0,579.83,2238003,54.6627279249,54.7900861965,53.3603269143,53.9022967853,22380030,0.0,1.0
2022-02-28 00:00:00+00:00,587.44,592.3,576.38,581.0,2500487,54.609739447,55.0615359431,53.5815770503,54.0110626084,25004870,0.0,1.0
2022-03-01 00:00:00+00:00,570.12,587.62,565.3,584.79,2489810,52.9996334153,54.6264726505,52.5515554088,54.3633895056,24898100,0.0,1.0
2022-03-02 00:00:00+00:00,585.78,590.53,573.58,574.52,2177131,54.4554221252,54.8969927748,53.3212827727,53.4086672802,21771310,0.0,1.0
2022-03-03 00:00:00+00:00,578.6,593.7,574.33,593.68,2645397,53.7879532276,55.191683082,53.3910044542,55.1898238371,26453970,0.0,1.0
2022-03-04 00:00:00+00:00,595.99,605.91,584.01,592.79,4476193,55.4045666162,56.3267520569,54.2908789569,55.1070874417,44761930,0.0,1.0
2022-03-07 00:00:00+00:00,570.7,598.78,570.0,597.08,2649363,53.0535515157,55.6639312714,52.9884779463,55.50589546,26493630,0.0,1.0
2022-03-08 00:00:00+00:00,575.95,596.05,563.61,572.17,2699261,53.5416032863,55.4101443507,52.3944492198,53.1902060115,26992610,0.0,1.0
2022-03-09 00:00:00+00:00,597.02,601.635,587.0,588.79,2256049,55.5003177254,55.9293384723,54.5688360605,54.7352384737,22560490,0.0,1.0
2022-03-10 00:00:00+00:00,587.73,590.02,576.37,585.56,1932364,54.6366984971,54.8495820314,53.5806474279,54.434970432,19323640,0.0,1.0
2022-03-11 00:00:00+00:00,577.85,594.4299,577.12,592.0,1981534,53.7182315461,55.2595362224,53.6503691094,55.0336472705,19815340,0.0,1.0
2022-03-14 00:00:00+00:00,567.8,579.98,564.75,576.96,2523390,52.7839610139,53.9162411216,52.5004261757,53.6354951507,25233900,0.0,1.0
2022-03-15 00:00:00+00:00,592.76,596.76,575.04,577.27,2825988,55.1042985745,55.4761475425,53.457007646,53.6643134457,28259880,0.0,1.0
2022-03-16 00:00:00+00:00,607.12,607.705,584.06,596.65,2945372,56.4392363697,56.4936192813,54.295527069,55.4659216959,29453720,0.0,1.0
2022-03-17 00:00:00+00:00,602.67,607.0,597.63,604.72,1817402,56.0255543928,56.4280809007,55.5570246931,56.2161269889,18174020,0.0,1.0
2022-03-18 00:00:00+00:00,610.41,613.21,595.99,603.97,3935581,56.745082146,57.0053764236,55.4045666162,56.1464053074,39355810,0.0,1.0
2022-03-21 00:00:00+00:00,601.29,605.6,588.86,605.6,2535231,56.2784116911,56.6818109733,55.1150119051,56.6818109733,25352310,4.1,1.0
2022-03-22 00:00:00+00:00,611.34,613.5,599.33,601.72,1870886,57.2190527087,57.4212203304,56.0949632936,56.3186580232,18708860,0.0,1.0
2022-03-23 00:00:00+00:00,599.38,611.37,599.16,608.0,1383886,56.0996430997,57.2218605923,56.079051953,56.906441664,13838860,0.0,1.0
2022-03-24 00:00:00+00:00,626.43,627.2169,602.0,606.63,2601580,58.631418177,58.7050689647,56.3448649371,56.778214978,26015800,0.0,1.0
2022-03-25 00:00:00+00:00,628.87,630.405,620.065,627.08,1449153,58.8597927126,59.0034627586,58.0356788658,58.6922556557,14491530,0.0,1.0
2022-03-28 00:00:00+00:00,632.88,633.3,615.78,625.88,1442861,59.2351131584,59.2744235293,57.6346194866,58.5799403103,14428610,0.0,1.0
2022-03-29 00:00:00+00:00,641.47,645.31,630.0,640.0,2300138,60.0391038392,60.3985129444,58.9655563295,59.9015175411,23001380,0.0,1.0
2022-03-30 00:00:00+00:00,631.09,644.29,627.33,638.87,1862620,59.0675761016,60.3030449009,58.715654686,59.7957539242,18626200,0.0,1.0
2022-03-31 00:00:00+00:00,629.68,638.9999,628.05,630.48,2173051,58.9356055707,59.8079120603,58.7830438933,59.0104824677,21730510,0.0,1.0
2022-04-01 00:00:00+00:00,626.98,634.57,618.69,631.69,1626685,58.6828960436,59.3932906032,57.9069841992,59.1237337743,16266850,0.0,1.0
2022-04-04 00:00:00+00:00,634.85,636.72,624.515,626.425,1648573,59.4194975171,59.5945222637,58.452181605,58.6309501964,16485730,0.0,1.0
2022-04-05 00:00:00+00:00,614.12,632.2639,613.0,629.55,1941536,57.4792499255,59.1774485882,57.3744222698,58.923438075,19415360,0.0,1.0
2022-04-06 00:00:00+00:00,602.0,611.59,593.77,602.08,2374237,56.3448649371,57.242451739,55.57456886,56.3523526268,23742370,0.0,1.0
2022-04-07 00:00:00+00:00,603.05,607.6437,593.24,599.83,1658333,56.4431408643,56.8730933661,55.5249629157,56.1417613542,16583330,0.0,1.0
2022-04-08 00:00:00+00:00,587.0,598.59,585.97,597.38,2046397,54.9409231197,56.0257021639,54.8445191149,55.9124508573,20463970,0.0,1.0
2022-04-11 00:00:00+00:00,580.61,589.28,579.43,582.58,2351240,54.3428439055,55.154322276,54.2324004826,54.5272282642,23512400,0.0,1.0
2022-04-12 00:00:00+00:00,585.07,598.585,582.17,589.11,1734993,54.7602826059,56.0252341833,54.4888538545,55.1384109354,17349930,0.0,1.0
2022-04-13 00:00:00+00:00,592.54,596.71,586.05,588.5,2026760,55.4594456309,55.8497414562,54.8520068046,55.0813173015,20267600,0.0,1.0
2022-04-14 00:00:00+00:00,573.85,597.06,572.86,594.99,2738471,53.7101341265,55.8825000986,53.6174739665,55.6887561278,27384710,0.0,1.0
2022-04-18 00:00:00+00:00,586.5,591.22,572.85,572.85,2137453,54.8941250591,55.335898751,53.6165380053,53.6165380053,21374530,0.0,1.0
2022-04-19 00:00:00+00:00,597.62,598.695,579.36,579.36,1658242,55.9349139264,56.0355297567,54.2258487541,54.2258487541,16582420,0.0,1.0
2022-04-20 00:00:00+00:00,597.72,613.43,595.13,604.2,1389280,55.9442735385,57.4146686019,55.7018595847,56.5507764036,13892800,0.0,1.0
2022-04-21 00:00:00+00:00,592.73,615.87,590.66,605.54,2035211,55.477228894,57.6430431375,55.2834849232,56.676195206,20352110,0.0,1.0
2022-04-22 00:00:00+00:00,586.95,598.74,586.26,590.11,2106519,54.9362433137,56.0397415821,54.8716619901,55.2320070565,21065190,0.0,1.0
2022-04-25 00:00:00+00:00,587.88,588.76,571.12,581.49,2695907,55.0232877063,55.105652293,53.4546167157,54.4252084921,26959070,0.0,1.0
2022-04-26 00:00:00+00:00,560.07,585.46,559.71,583.8,3542956,52.4203795769,54.7967850931,52.3866849733,54.641415532,35429560,0.0,1.0
2022-04-27 00:00:00+00:00,559.54,570.075,555.0,555.79,1931324,52.3707736327,53.3568087691,51.9458472427,52.0197881784,19313240,0.0,1.0
2022-04-28 00:00:00+00:00,578.94,585.02,557.97,565.94,2233400,54.1865383832,54.7556027998,52.2238277225,52.9697888081,22334000,0.0,1.0
2022-04-29 00:00:00+00:00,554.39,578.2806,553.395,572.62,2611006,51.8887536088,54.1248211009,51.7956254682,53.5950108975,26110060,0.0,1.0
2022-05-02 00:00:00+00:00,576.35,577.64,556.38,557.14,2672471,53.9441244294,54.0648634257,52.0750098899,52.1461429419,26724710,0.0,1.0
2022-05-03 00:00:00+00:00,581.17,586.75,571.7666,576.01,1706449,54.3952577334,54.9175240894,53.5151359677,53.9123017482,17064490,0.0,1.0
2022-05-04 00:00:00+00:00,603.66,604.07,573.98,581.79,2342000,56.5002344982,56.5386089079,53.7223016222,54.4532873285,23420000,0.0,1.0
2022-05-05 00:00:00+00:00,579.99,597.865,574.285,594.23,3280649,54.2848143104,55.9578449761,53.7508484392,55.6176230757,32806490,0.0,1.0
2022-05-06 00:00:00+00:00,580.1,589.98,569.43,574.94,2074700,54.2951098837,55.2198395608,53.296439271,53.8121538986,20747000,0.0,1.0
2022-05-09 00:00:00+00:00,562.92,578.0,560.27,572.88,3007388,52.6871285222,54.0985580293,52.4390988012,53.619345889,30073880,0.0,1.0
2022-05-10 00:00:00+00:00,581.39,591.15,571.8,580.49,2927311,54.41584888,55.3293470225,53.5182620781,54.331612371,29273110,0.0,1.0
2022-05-11 00:00:00+00:00,567.11,584.69,565.86,574.58,2665951,53.0792962699,54.7247160798,52.9623011184,53.7784592949,26659510,0.0,1.0
2022-05-12 00:00:00+00:00,571.57,573.61,558.26,563.4,2551775,53.4967349702,53.6876710574,52.2509705976,52.7320546604,25517750,0.0,1.0
2022-05-13 00:00:00+00:00,588.24,591.59,573.5,577.05,1945085,55.05698231,55.3705293158,53.6773754841,54.0096417142,19450850,0.0,1.0
2022-05-16 00:00:00+00:00,582.67,589.14,577.65,584.38,1419084,54.5356519151,55.141218819,54.0657993869,54.6957012823,14190840,0.0,1.0
2022-05-17 00:00:00+00:00,608.15,609.0,593.61,595.45,2467604,56.9204810822,57.0000377852,55.5595934806,55.7318103435,24676040,0.0,1.0
2022-05-18 00:00:00+00:00,570.57,600.72,566.18,600.0,3502433,53.4031388491,56.225061902,52.9922518772,56.1576726948,35024330,0.0,1.0
2022-05-19 00:00:00+00:00,546.21,560.75,538.96,558.0,3488421,51.1231373377,52.4840249393,50.4445654593,52.2266356061,34884210,0.0,1.0
2022-05-20 00:00:00+00:00,543.19,554.99,512.44,553.9,4028103,50.8404770518,51.9449112815,47.9623963262,51.8428915094,40281030,0.0,1.0
2022-05-23 00:00:00+00:00,526.36,535.57,514.26,524.0,5858580,49.2652543327,50.1272746086,48.1327412667,49.0443674868,58585800,0.0,1.0
2022-05-24 00:00:00+00:00,524.2,528.87,516.19,526.66,2506019,49.063086711,49.5001805968,48.3133817805,49.293333169,25060190,0.0,1.0
2022-05-25 00:00:00+00:00,531.63,537.45,523.9,523.9,1784225,49.7585058912,50.3032353163,49.0350078747,49.0350078747,17842250,0.0,1.0
2022-05-26 00:00:00+00:00,550.66,554.57,527.72,531.54,3974283,51.5396400768,51.9056009106,49.3925450575,49.7500822403,39742830,0.0,1.0
2022-05-27 00:00:00+00:00,583.28,585.455,560.01,562.09,3730114,54.592745549,54.7963171125,52.4147638097,52.6094437417,37301140,0.0,1.0
2022-05-31 00:00:00+00:00,580.13,587.025,576.0,584.5,3000940,54.2979177674,54.9432630227,53.911365787,54.7069328168,30009400,0.0,1.0
2022-06-01 00:00:00+00:00,573.62,590.94,568.43,587.58,1834481,53.6886070186,55.3096918371,53.2028431498,54.99520887,18344810,0.0,1.0
2022-06-02 00:00:00+00:00,576.74,577.77,568.13,577.75,2948939,53.9806269166,54.0770309214,53.1747643135,54.075158999,29489390,0.0,1.0
2022-06-03 00:00:00+00:00,563.32,569.6,560.98,568.87,2056171,52.7245669707,53.3123506116,52.5055520472,53.2440254431,20561710,0.0,1.0
2022-06-06 00:00:00+00:00,561.23,572.72,557.54,571.52,1455678,52.5289510775,53.6043705096,52.1835813904,53.4920551642,14556780,0.0,1.0
2022-06-07 00:00:00+00:00,572.99,574.54,557.53,560.54,1589491,53.6296414623,53.7747154501,52.1826454292,52.4643697539,15894910,0.0,1.0
2022-06-08 00:00:00+00:00,565.36,576.27,562.14,571.82,2400504,52.9155030579,53.9366367397,52.6141235477,53.5201340005,24005040,0.0,1.0
2022-06-09 00:00:00+00:00,556.22,573.64,555.93,561.16,1878740,52.0600345105,53.690478941,52.0328916353,52.522399349,18787400,0.0,1.0
2022-06-10 00:00:00+00:00,541.27,551.0431,539.7219,550.09,2402436,50.6607724992,51.5754967509,50.515876344,51.4862902878,24024360,0.0,1.0
2022-06-13 00:00:00+00:00,517.62,533.0,516.021,526.78,3161905,48.4472242338,49.8867325772,48.297564036,49.3045647036,31619050,0.0,1.0
2022-06-14 00:00:00+00:00,520.17,524.97,514.59,524.97,2438173,48.6858943427,49.1351557243,48.1636279867,49.1351557243,24381730,0.0,1.0
2022-06-15 00:00:00+00:00,526.71,533.83,515.52,529.15,1914054,49.2980129751,49.9644173577,48.2506723793,49.5263875107,19140540,0.0,1.0
2022-06-16 00:00:00+00:00,497.18,514.43,492.275,511.95,3724442,46.5341195173,48.1486526073,46.075030543,47.9165342268,37244420,0.0,1.0
2022-06-17 00:00:00+00:00,498.65,500.36,487.87,495.0,4350396,46.6717058154,46.8317551826,45.6627396293,46.3300799732,43503960,0.0,1.0
2022-06-21 00:00:00+00:00,503.77,510.91,502.89,504.08,2190065,47.5346620525,48.2083772143,47.4516271306,47.5639129909,21900650,4.1,1.0
2022-06-22 00:00:00+00:00,496.1,503.77,494.2,496.31,2472117,46.8109372218,47.5346620525,46.6316572768,46.8307523736,24721170,0.0,1.0
2022-06-23 00:00:00+00:00,496.58,501.75,491.01,501.75,1670776,46.8562289974,47.3440591636,46.3306556849,47.3440591636,16707760,0.0,1.0
2022-06-24 00:00:00+00:00,509.09,511.8,501.445,505.0,2120140,48.0366458985,48.2923557148,47.3152800145,47.6507222274,21201400,0.0,1.0
2022-06-27 00:00:00+00:00,505.71,514.035,502.82,513.8,1320718,47.7177163121,48.5032455449,47.44502208,48.4810714464,13207180,0.0,1.0
2022-06-28 00:00:00+00:00,498.45,514.15,498.105,512.61,1566904,47.0326782064,48.5140966995,47.0001247427,48.3687855861,15669040,0.0,1.0
2022-06-29 00:00:00+00:00,490.41,495.93,486.67,495.48,1444397,46.2740409654,46.7948963846,45.9211425474,46.752435345,14443970,0.0,1.0
2022-06-30 00:00:00+00:00,485.81,493.74,480.71,488.03,1888997,45.8399947828,46.5882526585,45.3587696672,46.0494692448,18889970,0.0,1.0
2022-07-01 00:00:00+00:00,477.84,484.265,469.43,479.41,2131693,45.0879625924,45.6942118801,44.294412941,45.2361044417,21316930,0.0,1.0
2022-07-05 00:00:00+00:00,476.3,476.93,463.91,472.0,2071600,44.942651479,45.0020969345,43.7735575218,44.5369126561,20716000,0.0,1.0
2022-07-06 00:00:00+00:00,482.61,487.05,475.5,480.53,2297599,45.5380496122,45.9569985364,44.8671651864,45.3417852514,22975990,0.0,1.0
2022-07-07 00:00:00+00:00,498.54,501.39,488.11,488.11,2131887,47.0411704144,47.3100903319,46.0570178741,46.0570178741,21318870,0.0,1.0
2022-07-08 00:00:00+00:00,498.69,499.63,490.0001,492.99,1271338,47.0553240942,47.1440204881,46.2353636763,46.5174842592,12713380,0.0,1.0
2022-07-11 00:00:00+00:00,482.86,491.62,480.98,489.49,2148141,45.5616390787,46.3882139831,45.384246291,46.1872317289,21481410,0.0,1.0
2022-07-12 00:00:00+00:00,481.37,492.6,480.07,487.82,2116095,45.4210458586,46.4806846915,45.2983806331,46.029654093,21160950,0.0,1.0
2022-07-13 00:00:00+00:00,481.73,485.6363,472.2875,474.98,1766746,45.4550146903,45.8236048215,44.5640405425,44.8180990962,17667460,0.0,1.0
2022-07-14 00:00:00+00:00,484.64,486.68,473.4254,482.45,1995682,45.7295960798,45.922086126,44.671410358,45.5229523537,19956820,0.0,1.0
2022-07-15 00:00:00+00:00,494.46,494.74,486.13,490.83,1871375,46.6561903219,46.6826105243,45.8701892998,46.3136712691,18713750,0.0,1.0
2022-07-18 00:00:00+00:00,491.06,502.4099,488.19,500.16,1804234,46.3353735782,47.4063259192,46.0645665034,47.194030157,18042340,0.0,1.0
2022-07-19 00:00:00+00:00,509.0,511.35,495.89,496.8,2725707,48.0281536906,48.2498946752,46.79112207,46.8769877279,27257070,0.0,1.0
2022-07-20 00:00:00+00:00,511.77,517.61,504.4701,509.54,2741173,48.2895249789,48.8405749151,47.6007219943,48.0791069381,27411730,0.0,1.0
2022-07-21 00:00:00+00:00,517.68,517.81,506.02,512.55,1391150,48.8471799657,48.8594464883,47.7469672505,48.3631241142,13911500,0.0,1.0
2022-07-22 00:00:00+00:00,512.52,519.79,506.68,518.81,1786684,48.3602933782,49.0462750626,47.809243442,48.9538043541,17866840,0.0,1.0
2022-07-25 00:00:00+00:00,513.11,513.32,506.5317,510.46,1506053,48.415964519,48.4357796708,47.7952501705,48.1659161747,15060530,0.0,1.0
2022-07-26 00:00:00+00:00,511.09,516.81,508.92,514.63,1795782,48.2253616301,48.7650886225,48.0206050613,48.559388475,17957820,0.0,1.0
2022-07-27 00:00:00+00:00,527.79,530.19,516.93,518.2,2552844,49.8011379889,50.0275968668,48.7764115664,48.8962460559,25528440,0.0,1.0
2022-07-28 00:00:00+00:00,533.61,536.515,520.58,528.59,1486745,50.3503007679,50.624410368,49.1208177765,49.8766242816,14867450,0.0,1.0
2022-07-29 00:00:00+00:00,535.48,537.83,530.27,531.98,1848287,50.5267499769,50.7484909615,50.0351454961,50.1964974466,18482870,0.0,1.0
2022-08-01 00:00:00+00:00,536.37,539.7853,530.44,531.43,1148539,50.6107284775,50.9329888965,50.0511863333,50.1446006204,11485390,0.0,1.0
2022-08-02 00:00:00+00:00,531.21,539.2,527.23,533.22,1307231,50.12384189,50.8777612377,49.7482975841,50.3135012002,13072310,0.0,1.0
2022-08-03 00:00:00+00:00,546.74,548.0,534.12,535.29,1922816,51.5892195458,51.7081104567,50.3984232794,50.5088219824,19228160,0.0,1.0
2022-08-04 00:00:00+00:00,552.8,553.15,545.01,548.41,1629251,52.1610282125,52.1940534655,51.425980438,51.7467971817,16292510,0.0,1.0
2022-08-05 00:00:00+00:00,551.44,552.0,543.28,544.9,1435744,52.032701515,52.0855419199,51.2627413301,51.4156010727,14357440,0.0,1.0
2022-08-08 00:00:00+00:00,545.53,552.99,538.74,549.35,1372821,51.4750465282,52.178956207,50.8343566194,51.8354935755,13728210,0.0,1.0
2022-08-09 00:00:00+00:00,532.8,539.35,527.75,539.09,2007417,50.2738708966,50.8919149175,49.7973636743,50.8673818724,20074170,0.0,1.0
2022-08-10 00:00:00+00:00,550.41,551.02,539.24,546.06,1951872,51.9355129133,51.9930712114,50.8815355523,51.525056197,19518720,0.0,1.0
2022-08-11 00:00:00+00:00,545.43,557.765,544.25,553.95,1427035,51.4656107416,52.6295150162,51.3542684599,52.2695397582,14270350,0.0,1.0
2022-08-12 00:00:00+00:00,558.23,558.41,545.65,547.81,1840020,52.6733914238,52.6903758396,51.4863694721,51.6901824622,18400200,0.0,1.0
2022-08-15 00:00:00+00:00,558.96,559.785,550.5,554.23,1432965,52.7422726658,52.8201179051,51.9440051212,52.2959599606,14329650,0.0,1.0
2022-08-16 00:00:00+00:00,551.65,557.94,546.01,557.52,1478384,52.0525166668,52.6460276427,51.5203383037,52.6063973391,14783840,0.0,1.0
2022-08-17 00:00:00+00:00,538.59,544.71,531.04,544.37,1902221,50.8202029395,51.3976730782,50.1078010528,51.3655914038,19022210,0.0,1.0
2022-08-18 00:00:00+00:00,558.45,560.56,541.63,543.41,2345959,52.6941501543,52.8932452511,51.1070508516,51.2750078527,23459590,0.0,1.0
2022-08-19 00:00:00+00:00,548.43,555.58,547.87,550.86,1692455,51.748684339,52.4233430794,51.6958439341,51.9779739529,16924550,0.0,1.0
2022-08-22 00:00:00+00:00,528.75,543.09,527.05,542.57,1855584,49.8917215401,51.2448133356,49.7313131682,51.1957472454,18555840,0.0,1.0
2022-08-23 00:00:00+00:00,529.78,537.62,528.91,533.85,900317,49.9889101419,50.7286758097,49.9068187986,50.3729466557,9003170,0.0,1.0
2022-08-24 00:00:00+00:00,530.84,531.3,523.4401,529.56,1188496,50.0889294796,50.1323340979,49.3906907085,49.9681514114,11884960,0.0,1.0
2022-08-25 00:00:00+00:00,550.13,550.48,532.26,533.45,1734523,51.9090927108,51.9421179639,50.222917649,50.3352035093,17345230,0.0,1.0
2022-08-26 00:00:00+00:00,520.86,550.99,520.0,548.835,2568256,49.147237979,51.9902404754,49.0660902144,51.7868992746,25682560,0.0,1.0
2022-08-29 00:00:00+00:00,514.18,522.74,512.0,520.0,1655525,48.5169274354,49.3246307667,48.311227288,49.0660902144,16555250,0.0,1.0
2022-08-30 00:00:00+00:00,506.39,517.91,501.39,516.84,1828167,47.7818796609,48.8688822749,47.3100903319,48.7679193585,18281670,0.0,1.0
2022-08-31 00:00:00+00:00,499.11,510.16,496.54,510.16,3244469,47.0949543979,48.1376088149,46.8524546828,48.1376088149,32444690,0.0,1.0
2022-09-01 00:00:00+00:00,492.01,493.29,480.84,491.47,3193046,46.4250135507,46.5457916189,45.3710361898,46.3740603032,31930460,0.0,1.0
2022-09-02 00:00:00+00:00,500.22,519.81,498.3,518.0,4042587,47.1996916289,49.0481622199,47.0185245266,48.8773744828,40425870,0.0,1.0
2022-09-06 00:00:00+00:00,498.2,504.0,490.37,498.53,2473124,47.00908874,47.5563643616,46.2702666508,47.0402268357,24731240,0.0,1.0
2022-09-07 00:00:00+00:00,505.13,509.43,499.08,502.91,2044027,47.66298875,48.0687275729,47.0921236619,47.4535142879,20440270,0.0,1.0
2022-09-08 00:00:00+00:00,511.93,512.74,498.695,502.6,2253477,48.3046222374,48.3810521087,47.0557958836,47.4242633495,22534770,0.0,1.0
2022-09-09 00:00:00+00:00,522.4,525.97,515.44,515.44,2301888,49.2925490923,49.6294066732,48.6358183463,48.6358183463,23018880,0.0,1.0
2022-09-12 00:00:00+00:00,529.06,531.26,524.56,526.75,1815800,49.9209724785,50.1285597832,49.4963620824,49.7030058085,18158000,0.0,1.0
2022-09-13 00:00:00+00:00,503.65,518.27,501.68,513.84,3513603,47.5233391086,48.9028511065,47.337454113,48.4848457611,35136030,0.0,1.0
2022-09-14 00:00:00+00:00,510.75,513.0,502.77,507.13,2060450,48.1932799558,48.4055851538,47.4403041867,47.8517044816,20604500,0.0,1.0
2022-09-15 00:00:00+00:00,500.14,511.56,497.28,508.93,3657361,47.1921429996,48.269709827,46.9222795035,48.02154864,36573610,0.0,1.0
2022-09-16 00:00:00+00:00,502.5,503.69,489.86,497.72,5901214,47.4148275629,47.5271134232,46.2221441393,46.9637969644,59012140,0.0,1.0
2022-09-19 00:00:00+00:00,501.84,503.39,494.42,494.42,1794826,47.3525513715,47.4988060635,46.6524160073,46.6524160073,17948260,0.0,1.0
2022-09-20 00:00:00+00:00,493.06,498.83,489.72,496.0,1713164,46.5240893098,47.0685341955,46.208934038,46.8015014352,17131640,0.0,1.0
2022-09-21 00:00:00+00:00,482.14,499.88,481.77,490.99,2066913,45.8805686651,47.5687117109,45.8453593682,46.7227369827,20669130,4.1,1.0
2022-09-22 00:00:00+00:00,477.61,483.21,473.0,482.43,2350056,45.4494926787,45.9823901453,45.0108038714,45.908165141,23500560,0.0,1.0
2022-09-23 00:00:00+00:00,468.68,477.99,462.0,474.95,2964907,44.5997115401,45.4856535782,43.9640409907,45.1963663821,29649070,0.0,1.0
2022-09-26 00:00:00+00:00,462.26,473.3,461.31,468.98,1936095,43.9887826588,45.03935195,43.89838041,44.6282596187,19360950,0.0,1.0
2022-09-27 00:00:00+00:00,464.75,469.89,456.51,469.55,1785161,44.2257317109,44.714855457,43.441611153,44.6825009679,17851610,0.0,1.0
2022-09-28 00:00:00+00:00,465.96,468.75,456.35,461.34,2760544,44.3408756278,44.6063727584,43.4263855111,43.9012352179,27605440,0.0,1.0
2022-09-29 00:00:00+00:00,450.13,461.37,444.88,460.9,3999662,42.8344886821,43.9040900257,42.3348973072,43.8593647026,39996620,0.0,1.0
2022-09-30 00:00:00+00:00,444.01,457.8185,443.635,449.06,2720220,42.2521078794,43.5661283556,42.2164227812,42.7326672019,27202200,0.0,1.0
2022-10-03 00:00:00+00:00,456.78,460.9536,446.965,449.24,2147893,43.4673044237,43.8644652927,42.5333064533,42.7497960491,21478930,0.0,1.0
2022-10-04 00:00:00+00:00,479.86,480.16,465.86,468.5,2727696,45.663603268,45.6921513465,44.3313596016,44.582582693,27276960,0.0,1.0
2022-10-05 00:00:00+00:00,484.8,488.0861,471.46,472.55,1849324,46.1336949617,46.4464010983,44.8642570681,44.9679817536,18493240,0.0,1.0
2022-10-06 00:00:00+00:00,479.5,489.7,478.715,483.79,1725000,45.6293455737,46.5999802449,45.5546447681,46.0375830972,17250000,0.0,1.0
2022-10-07 00:00:00+00:00,460.48,473.34,459.02,472.38,2842546,43.8193973926,45.0431583605,43.6804634103,44.9518045091,28425460,0.0,1.0
2022-10-10 00:00:00+00:00,437.7,460.1,431.84,460.0,3345412,41.6516466269,43.7832364931,41.0940074923,43.7737204669,33454120,0.0,1.0
2022-10-11 00:00:00+00:00,430.76,438.7,425.58,435.2,2804633,40.9912344094,41.7468068888,40.4983042529,41.4137459722,28046330,0.0,1.0
2022-10-12 00:00:00+00:00,430.57,435.72,428.01,432.25,1504625,40.9731539597,41.4632293084,40.7295436893,41.1330231996,15046250,0.0,1.0
2022-10-13 00:00:00+00:00,437.97,443.77,415.0682,417.42,2798438,41.6773398976,42.2292694166,39.497998612,39.7217965159,27984380,0.0,1.0
2022-10-14 00:00:00+00:00,427.1,443.96,426.41,443.28,2281671,40.6429478509,42.2473498663,40.5772872702,42.1826408882,22816710,0.0,1.0
2022-10-17 00:00:00+00:00,435.37,441.24,433.39,439.55,2412009,41.4299232167,41.988513954,41.2415058982,41.8276931114,24120090,0.0,1.0
2022-10-18 00:00:00+00:00,434.83,448.55,430.16,448.21,2034087,41.3785366753,42.6841354684,40.9341382523,42.6517809793,20340870,0.0,1.0
2022-10-19 00:00:00+00:00,435.3,438.3,430.88,433.23,1270235,41.4232619984,41.708742784,41.0026536409,41.2262802563,12702350,0.0,1.0
2022-10-20 00:00:00+00:00,430.3,442.19,428.14,435.13,2340319,40.947460689,42.0789162028,40.7419145233,41.4070847539,23403190,0.0,1.0
2022-10-21 00:00:00+00:00,449.73,450.66,429.17,432.09,2697968,42.7964245774,42.8849236209,40.839929593,41.1177975577,26979680,0.0,1.0
2022-10-24 00:00:00+00:00,456.52,458.7899,451.11,452.73,2528701,43.4425627556,43.658567034,42.9277457388,43.081905363,25287010,0.0,1.0
2022-10-25 00:00:00+00:00,460.07,464.26,456.83,457.99,1824609,43.7803816853,44.1791031826,43.4720624368,43.5824483406,18246090,0.0,1.0
2022-10-26 00:00:00+00:00,461.18,471.755,455.343,457.99,2931519,43.886009576,44.8923293454,43.3305591273,43.5824483406,29315190,0.0,1.0
2022-10-27 00:00:00+00:00,455.4,470.77,454.9101,466.05,1851186,43.3359832623,44.7985964874,43.28936425,44.3494400513,18511860,0.0,1.0
2022-10-28 00:00:00+00:00,472.9,474.34,455.645,456.96,2309608,45.0012878453,45.1383186224,43.3592975264,43.4844332708,23096080,0.0,1.0
2022-10-31 00:00:00+00:00,470.12,472.81,465.0101,466.85,1925861,44.7367423172,44.9927234217,44.250482895,44.4255682609,19258610,0.0,1.0
2022-11-01 00:00:00+00:00,467.9,476.825,463.17,475.795,1632438,44.5254865358,45.3747918732,44.0753784971,45.2767768034,16324380,0.0,1.0
2022-11-02 00:00:00+00:00,456.03,480.45,455.72,470.28,2109131,43.3959342273,45.7197478225,43.3664345461,44.7519679591,21091310,0.0,1.0
2022-11-03 00:00:00+00:00,444.12,452.8593,441.36,450.94,2388727,42.2625755082,43.0942095849,41.9999331854,42.9115684943,23887270,0.0,1.0
2022-11-04 00:00:00+00:00,465.3,468.89,453.28,456.86,2889054,44.2780698549,44.6196951951,43.1342435071,43.4749172446,28890540,0.0,1.0
2022-11-07 00:00:00+00:00,475.22,477.74,461.57,466.77,1768745,45.2220596528,45.4618635128,43.9231220781,44.4179554399,17687450,0.0,1.0
2022-11-08 00:00:00+00:00,482.11,488.8,473.5,481.245,2074321,45.8777138572,46.5143360092,45.0583840024,45.7954002307,20743210,0.0,1.0
2022-11-09 00:00:00+00:00,469.47,479.0,469.03,478.5,2369509,44.674888147,45.5817654428,44.6330176318,45.5341853118,23695090,0.0,1.0
2022-11-10 00:00:00+00:00,506.57,507.17,487.192,491.0,3397028,48.2053338629,48.26243002,46.3613183081,46.7236885854,33970280,0.0,1.0
2022-11-11 00:00:00+00:00,518.09,519.0,502.0,504.8,2672832,49.3015800798,49.3881759181,47.7704514661,48.0369001994,26728320,0.0,1.0
2022-11-14 00:00:00+00:00,513.22,525.02,513.0,515.39,2160182,48.8381496044,49.9610406947,48.8172143468,49.0446473727,21601820,0.0,1.0
2022-11-15 00:00:00+00:00,524.42,532.57,515.91,529.96,2331539,49.9039445376,50.6795006719,49.0941307089,50.4311323884,23315390,0.0,1.0
2022-11-16 00:00:00+00:00,511.73,518.54,510.28,516.72,2540504,48.6963608142,49.3444021977,48.5583784345,49.171210521,25405040,0.0,1.0
2022-11-17 00:00:00+00:00,512.11,512.7399,503.14,505.0,2038503,48.7325217138,48.7924631627,47.8789341646,48.0559322518,20385030,0.0,1.0
2022-11-18 00:00:00+00:00,515.16,517.73,511.0,516.87,1453871,49.0227605125,49.2673223855,48.6268938231,49.1854845603,14538710,0.0,1.0
2022-11-21 00:00:00+00:00,517.44,520.85,511.11,512.94,1862162,49.2397259096,49.5642224026,48.6373614519,48.8115047311,18621620,0.0,1.0
2022-11-22 00:00:00+00:00,530.05,530.28,519.01,522.97,1891968,50.439696812,50.4615836722,49.3891275208,49.7659621578,18919680,0.0,1.0
2022-11-23 00:00:00+00:00,533.64,541.48,528.8,530.35,1396717,50.7813221521,51.5273786053,50.3207464846,50.4682448905,13967170,0.0,1.0
2022-11-25 00:00:00+00:00,529.91,534.58,529.48,530.69,745539,50.4263743753,50.8707727983,50.3854554627,50.5005993796,7455390,0.0,1.0
2022-11-28 00:00:00+00:00,522.21,528.76,516.24,525.24,2351064,49.6936403588,50.3169400741,49.1255335953,49.9819759523,23510640,0.0,1.0
2022-11-29 00:00:00+00:00,521.39,525.85,514.83,523.0,1269585,49.615608944,50.040023712,48.9913576261,49.7688169657,12695850,0.0,1.0
2022-11-30 00:00:00+00:00,551.03,551.66,517.83,524.11,4734939,52.4361591063,52.4961100713,49.2768384117,49.8744448564,47349390,0.0,1.0
2022-12-01 00:00:00+00:00,550.75,552.42,541.955,551.03,2300645,52.409514233,52.5684318703,51.5725797297,52.4361591063,23006450,0.0,1.0
2022-12-02 00:00:00+00:00,540.8,542.7,536.08,537.05,1931953,51.4626696272,51.6434741248,51.0135131911,51.1058186452,19319530,0.0,1.0
2022-12-05 00:00:00+00:00,530.64,539.48,525.485,537.77,1854983,50.4958413665,51.3370580815,50.0052902165,51.1743340337,18549830,0.0,1.0
2022-12-06 00:00:00+00:00,525.82,533.57,521.75,530.65,1965513,50.0371689042,50.7746609338,49.6498666383,50.4967929691,19655130,0.0,1.0
2022-12-07 00:00:00+00:00,518.5,524.9985,516.05,519.6,1652385,49.3405957872,49.9589947491,49.1074531456,49.4452720753,16523850,0.0,1.0
2022-12-08 00:00:00+00:00,531.08,532.42,520.3848,520.81,2751431,50.5377118817,50.6652266326,49.5199538488,49.5604159921,27514310,0.0,1.0
2022-12-09 00:00:00+00:00,544.72,552.64,541.0,550.94,3702830,51.8356978538,52.5893671279,51.4817016796,52.4275946827,37028300,0.0,1.0
2022-12-12 00:00:00+00:00,556.63,556.87,542.24,544.75,2341842,52.9690565729,52.9918950357,51.5997004043,51.8385526617,23418420,0.0,1.0
2022-12-13 00:00:00+00:00,571.04,581.84,565.03,575.82,4041629,54.3403159466,55.368046775,53.7684027727,54.7951819984,40416290,0.0,1.0
2022-12-14 00:00:00+00:00,574.44,585.65,567.73,568.55,3521831,54.663860837,55.7306073728,54.0253354798,54.1033668945,35218310,0.0,1.0
2022-12-15 00:00:00+00:00,558.0,566.4876,557.7,563.78,3690333,53.0994261316,53.9071083704,53.0708780531,53.6494524453,36903330,0.0,1.0
2022-12-16 00:00:00+00:00,555.91,559.8,550.87,557.45,4954898,52.9005411843,53.270714603,52.4209334644,53.0470879876,49548980,0.0,1.0
2022-12-19 00:00:00+00:00,549.63,556.48,545.72,554.02,2509318,52.7406719443,53.3979752262,52.3654813119,53.1619217848,25093180,4.6,1.0
2022-12-20 00:00:00+00:00,544.02,549.0,540.915,545.17,2983055,52.20235495,52.6802192337,51.9044094478,52.312705136,29830550,0.0,1.0
2022-12-21 00:00:00+00:00,561.23,561.91,546.95,547.67,2561912,53.8537694728,53.9190200175,52.4835080326,52.5525968447,25619120,0.0,1.0
2022-12-22 00:00:00+00:00,553.09,554.94,547.2,553.35,2755413,53.0726820692,53.2502019336,52.5074972035,53.0976308069,27554130,0.0,1.0
2022-12-23 00:00:00+00:00,552.43,553.6175,547.45,550.0,1376102,53.0093506581,53.1232992197,52.5314863743,52.7761759172,13761020,0.0,1.0
2022-12-27 00:00:00+00:00,553.54,558.105,546.94,551.55,1667704,53.1158625768,53.5539048369,52.4825484658,52.9249087766,16677040,0.0,1.0
2022-12-28 00:00:00+00:00,544.89,557.77,542.45,551.64,1541156,52.2858372646,53.5217593479,52.0517029569,52.9335448781,15411560,0.0,1.0
2022-12-29 00:00:00+00:00,557.81,562.6,550.5006,551.85,1817606,53.5255976152,53.9852301291,52.824211833,52.9536957817,18176060,0.0,1.0
2022-12-30 00:00:00+00:00,559.13,559.65,548.01,551.82,1437725,53.6522604374,53.7021579129,52.5852221171,52.9508170812,14377250,0.0,1.0
2023-01-03 00:00:00+00:00,553.48,567.57,550.79,565.0,2017314,53.1101051758,54.4621348461,52.8519816972,54.2155261695,20173140,0.0,1.0
2023-01-04 00:00:00+00:00,560.24,568.16,556.03,562.99,1707359,53.7587723561,54.5187492893,53.3547947186,54.0226532357,17073590,0.0,1.0
2023-01-05 00:00:00+00:00,555.02,559.84,551.12,555.71,1627885,53.2578784683,53.7203896827,52.8836474027,53.3240885799,16278850,0.0,1.0
2023-01-06 00:00:00+00:00,588.43,591.0,562.305,563.12,3526101,56.4637912636,56.7103999401,53.9569229075,54.0351276046,35261010,0.0,1.0
2023-01-09 00:00:00+00:00,576.89,601.675,560.56,592.3,3773874,55.3564511362,57.7347375364,53.7894784948,56.8351436287,37738740,0.0,1.0
2023-01-10 00:00:00+00:00,574.93,575.13,549.99,572.0001,4463532,55.1683760365,55.1875673732,52.7752163504,54.8872325496,44635320,0.0,1.0
2023-01-11 00:00:00+00:00,578.14,578.34,566.87,573.0,2250247,55.4763969905,55.4955883272,54.3949651676,54.9831796374,22502470,0.0,1.0
2023-01-12 00:00:00+00:00,581.94,585.11,573.76,575.59,1951395,55.8410323878,56.1452150744,55.0561067168,55.2317074476,19513950,0.0,1.0
2023-01-13 00:00:00+00:00,579.0,581.93,576.675,577.15,1964748,55.5589197383,55.8400728209,55.3358204492,55.3813998739,19647480,0.0,1.0
2023-01-17 00:00:00+00:00,579.24,585.36,574.54,574.9,1583506,55.5819493424,56.1692042453,55.13095293,55.165497336,15835060,0.0,1.0
2023-01-18 00:00:00+00:00,574.29,587.56,573.72,583.21,1570366,55.1069637591,56.380308949,55.0522684495,55.9628973758,15703660,0.0,1.0
2023-01-19 00:00:00+00:00,563.22,570.06,560.31,569.12,2269382,54.0447232729,54.701066988,53.765489324,54.6108677055,22693820,0.0,1.0
2023-01-20 00:00:00+00:00,570.78,571.36,559.11,563.03,2295020,54.7701558001,54.8258106765,53.6503413038,54.026491503,22950200,0.0,1.0
2023-01-23 00:00:00+00:00,581.63,584.7925,569.78,572.0,2342882,55.8112858159,56.1147488274,54.6741991166,54.8872229539,23428820,0.0,1.0
2023-01-24 00:00:00+00:00,585.03,586.69,575.63,578.44,1382466,56.1375385397,56.2968266343,55.235545715,55.5051839956,13824660,0.0,1.0
2023-01-25 00:00:00+00:00,585.68,586.97,576.04,577.67,1376594,56.199910384,56.3236945057,55.2748879552,55.4312973493,13765940,0.0,1.0
2023-01-26 00:00:00+00:00,598.58,600.56,586.2601,590.41,2452457,57.437751601,57.6277458343,56.2555748561,56.6537854969,24524570,0.0,1.0
2023-01-27 00:00:00+00:00,590.99,599.25,590.19,593.32,1934464,56.7094403733,57.5020425789,56.6326750265,56.9330194458,19344640,0.0,1.0
2023-01-30 00:00:00+00:00,581.45,589.61,579.76,583.0,1698406,55.7940136129,56.5770201501,55.6318468178,55.9427464723,16984060,0.0,1.0
2023-01-31 00:00:00+00:00,585.01,587.23,580.735,582.07,2371907,56.1356194061,56.3486432434,55.7254045842,55.8535067566,23719070,0.0,1.0
2023-02-01 00:00:00+00:00,602.75,608.3,582.7,583.57,2655270,57.8378909711,58.3704505644,55.9139594672,55.9974417818,26552700,0.0,1.0
2023-02-02 00:00:00+00:00,605.77,613.14,599.75,607.63,2418766,58.1276801552,58.8348809125,57.5500209206,58.3061595865,24187660,0.0,1.0
2023-02-03 00:00:00+00:00,597.62,608.04,596.25,598.0,1909419,57.3456331848,58.3455018267,57.2141725284,57.3820967245,19094190,0.0,1.0
2023-02-06 00:00:00+00:00,601.3,603.22,592.26,593.34,1870933,57.69875378,57.8829906123,56.8313053613,56.9349385795,18709330,0.0,1.0
2023-02-07 00:00:00+00:00,614.45,617.01,599.72,600.66,2402487,58.9605841679,59.2062332776,57.5471422201,57.6373415026,24024870,0.0,1.0
2023-02-08 00:00:00+00:00,601.71,610.18,600.62,606.68,1529012,57.7380960203,58.5508491294,57.6335032353,58.2150007372,15290120,0.0,1.0
2023-02-09 00:00:00+00:00,599.41,614.9299,595.48,612.6,1883657,57.5173956483,59.0066337803,57.1402858822,58.7830643034,18836570,0.0,1.0
2023-02-10 00:00:00+00:00,593.25,598.46,589.63,596.31,2103456,56.926302478,57.4262367989,56.5789392838,57.2199299295,21034560,0.0,1.0
2023-02-13 00:00:00+00:00,601.12,601.48,593.4704,595.0,1984742,57.681481577,57.7160259831,56.947451331,57.0942266741,19847420,0.0,1.0
2023-02-14 00:00:00+00:00,602.31,605.58,593.315,594.17,1757119,57.7956700304,58.1094483854,56.9325396624,57.0145826268,17571190,0.0,1.0
2023-02-15 00:00:00+00:00,607.69,608.28,596.7,598.86,1268895,58.3119169875,58.3685314308,57.257353036,57.4646194723,12688950,0.0,1.0
2023-02-16 00:00:00+00:00,600.54,608.94,599.55,600.75,1744871,57.6258267006,58.4318628419,57.5308295839,57.6459776041,17448710,0.0,1.0
2023-02-17 00:00:00+00:00,595.59,600.85,592.45,600.0,1421560,57.1508411173,57.6555732725,56.8495371312,57.5740100915,14215600,0.0,1.0
2023-02-21 00:00:00+00:00,581.54,593.09,579.84,590.0,2273874,55.8026497144,56.9109494086,55.6395233524,56.6144432567,22738740,0.0,1.0
2023-02-22 00:00:00+00:00,576.17,583.0875,572.1,582.25,2347525,55.287362324,55.9511426821,54.8968186223,55.8707789596,23475250,0.0,1.0
2023-02-23 00:00:00+00:00,583.8,585.94,573.68,585.75,1893930,56.019511819,56.2248591217,55.0484301822,56.2066273518,18939300,0.0,1.0
2023-02-24 00:00:00+00:00,577.75,580.24,573.61,577.53,1535326,55.438973884,55.6779060258,55.0417132143,55.4178634136,15353260,0.0,1.0
2023-02-27 00:00:00+00:00,585.45,589.8,584.26,585.87,1832279,56.1778403468,56.59525192,56.0636518934,56.2181421539,18322790,0.0,1.0
2023-02-28 00:00:00+00:00,594.29,598.5756,582.18,585.56,2782194,57.0260974288,57.4373293916,55.8640619918,56.188395582,27821940,0.0,1.0
2023-03-01 00:00:00+00:00,593.57,598.21,590.3,594.0,1548354,56.9570086167,57.4022476281,56.6432302617,56.9982699906,15483540,0.0,1.0
2023-03-02 00:00:00+00:00,598.65,600.94,586.13,589.39,2766254,57.4444685688,57.664209374,56.2430908916,56.5559096797,27662540,0.0,1.0
2023-03-03 00:00:00+00:00,632.76,635.73,615.75,617.7,4608782,60.7175510425,61.0025423925,59.0853278564,59.2724433892,46087820,0.0,1.0
2023-03-06 00:00:00+00:00,632.92,644.05,631.73,635.0,2498259,60.7329041119,61.8009019991,60.6187156585,60.9324940135,24982590,0.0,1.0
2023-03-07 00:00:00+00:00,625.15,635.78,623.51,634.87,1933550,59.9873206812,61.0073402266,59.8299517203,60.9200196447,19335500,0.0,1.0
2023-03-08 00:00:00+00:00,632.26,632.725,623.67,627.78,2091312,60.6695727008,60.7141925586,59.8453047896,60.2396867588,20913120,0.0,1.0
2023-03-09 00:00:00+00:00,622.52,642.44,621.88,630.08,2177832,59.7349546036,61.6464117387,59.6735423262,60.4603871308,21778320,0.0,1.0
2023-03-10 00:00:00+00:00,614.83,630.16,612.82,628.19,2609918,58.9970477076,60.4680636655,58.8041747738,60.279028999,26099180,0.0,1.0
2023-03-13 00:00:00+00:00,616.47,624.39,606.88,607.09,2236402,59.1544166685,59.9143936017,58.2341920739,58.2543429774,22364020,0.0,1.0
2023-03-14 00:00:00+00:00,632.46,633.37,618.5,623.39,2589333,60.6887640375,60.7760846194,59.349208736,59.8184369183,25893330,0.0,1.0
2023-03-15 00:00:00+00:00,626.04,630.07,616.2,627.67,2296299,60.0727221295,60.4594275639,59.128508364,60.2291315236,22962990,0.0,1.0
2023-03-16 00:00:00+00:00,636.5,637.07,617.81,621.85,3172152,61.0764290388,61.1311243483,59.2829986244,59.6706636257,31721520,0.0,1.0
2023-03-17 00:00:00+00:00,630.97,639.5699,627.08,636.5,7930280,60.5457885791,61.3710064614,60.1725170803,61.0764290388,79302800,0.0,1.0
2023-03-20 00:00:00+00:00,643.71,644.74,631.595,632.74,2585730,61.7682767267,61.8671121107,60.6057615063,60.7156319088,25857300,0.0,1.0
2023-03-21 00:00:00+00:00,636.75,646.59,634.33,643.09,2500011,61.5418189537,62.4928538944,61.3079262142,62.1545792712,25000110,4.6,1.0
2023-03-22 00:00:00+00:00,630.92,648.4999,630.67,636.9,2579887,60.9783500813,62.6774455238,60.9541876082,61.5563164375,25798870,0.0,1.0
2023-03-23 00:00:00+00:00,639.23,648.18,631.53,638.9,2716446,61.7815106867,62.6465272232,61.0373065156,61.7496162222,27164460,0.0,1.0
2023-03-24 00:00:00+00:00,636.17,639.3,628.5526,638.03,1722916,61.4857620161,61.7882761791,60.7495411261,61.6655308159,17229160,0.0,1.0
2023-03-27 00:00:00+00:00,626.84,639.1,625.99,639.0,1470884,60.5840185205,61.7689462007,60.501866112,61.7592812114,14708840,0.0,1.0
2023-03-28 00:00:00+00:00,624.7,626.535,618.86,625.23,1243911,60.3771877508,60.5545403033,59.8127523795,60.4284121938,12439110,0.0,1.0
2023-03-29 00:00:00+00:00,625.5,634.01,624.64,632.78,2639532,60.4545076647,61.2769982486,60.3713887573,61.158118881,26395320,0.0,1.0
2023-03-30 00:00:00+00:00,633.75,636.05,629.3,632.73,2152294,61.2518692766,61.474164029,60.8217772557,61.1532863864,21522940,0.0,1.0
2023-03-31 00:00:00+00:00,641.54,642.215,625.91,630.54,2209728,62.004771938,62.0700106153,60.4941341206,60.9416231222,22097280,0.0,1.0
2023-04-03 00:00:00+00:00,642.47,643.9,636.44,639.0,1568246,62.0946563379,62.232865684,61.511857487,61.7592812114,15682460,0.0,1.0
2023-04-04 00:00:00+00:00,634.41,644.235,632.0,643.15,1342999,61.3156582056,62.2652433979,61.082731965,62.1603782647,13429990,0.0,1.0
2023-04-05 00:00:00+00:00,629.01,631.7,625.7,631.14,1690875,60.7937487869,61.0537369973,60.4738376432,60.9996130576,16908750,0.0,1.0
2023-04-06 00:00:00+00:00,622.64,628.4001,618.97,624.16,1449317,60.1780889726,60.7348020175,59.8233838677,60.324996809,14493170,0.0,1.0
2023-04-10 00:00:00+00:00,627.39,627.87,616.4506,618.05,1540174,60.6371759613,60.6835679096,59.5798841289,59.7344659667,15401740,0.0,1.0
2023-04-11 00:00:00+00:00,621.57,630.88,620.82,630.78,1651762,60.0746735878,60.9744840856,60.0021861685,60.9648190963,16517620,0.0,1.0
2023-04-12 00:00:00+00:00,616.7,627.52,616.26,627.34,1411200,59.603988612,60.6497404473,59.5614626594,60.6323434666,14112000,0.0,1.0
2023-04-13 00:00:00+00:00,624.24,626.5,617.11,619.07,1726497,60.3327288004,60.5511575571,59.6436150679,59.8330488569,17264970,0.0,1.0
2023-04-14 00:00:00+00:00,619.54,628.03,615.21,620.48,1746594,59.8784743063,60.6990318924,59.4599802724,59.9693252051,17465940,0.0,1.0
2023-04-17 00:00:00+00:00,627.36,628.34,617.81,618.61,1317967,60.6342764645,60.728993359,59.7112699926,59.7885899064,13179670,0.0,1.0
2023-04-18 00:00:00+00:00,632.32,635.5,627.1331,631.62,1680730,61.1136599305,61.4210065882,60.6123466039,61.0460050059,16807300,0.0,1.0
2023-04-19 00:00:00+00:00,634.5,636.79,625.55,626.79,1906166,61.3243566959,61.5456849494,60.4593401593,60.5791860259,19061660,0.0,1.0
2023-04-20 00:00:00+00:00,633.02,642.73,627.14,627.86,2023927,61.1813148552,62.1197853099,60.6130134882,60.6826014107,20239270,0.0,1.0
2023-04-21 00:00:00+00:00,632.9,633.8,621.99,630.6,1480715,61.1697168681,61.2567017712,60.1152665426,60.9474221157,14807150,0.0,1.0
2023-04-24 00:00:00+00:00,634.54,638.85,631.785,633.64,1233771,61.3282226916,61.7447837276,61.0619522381,61.2412377885,12337710,0.0,1.0
2023-04-25 00:00:00+00:00,622.02,635.99,621.74,633.99,2366980,60.1181660393,61.4683650355,60.0911040695,61.2750652508,23669800,0.0,1.0
2023-04-26 00:00:00+00:00,616.19,623.1256,613.51,619.97,1709462,59.5546971669,60.2250221603,59.2956754555,59.92003376,17094620,0.0,1.0
2023-04-27 00:00:00+00:00,618.41,620.09,603.23,616.19,1824988,59.769259928,59.9316317471,58.3021145621,59.5546971669,18249880,0.0,1.0
2023-04-28 00:00:00+00:00,626.5,626.78,614.56,619.07,1618305,60.5511575571,60.5782195269,59.3971578424,59.8330488569,16183050,0.0,1.0
2023-05-01 00:00:00+00:00,637.95,638.99,626.2,626.5,1702989,61.6577988245,61.7583147125,60.5221625894,60.5511575571,17029890,0.0,1.0
2023-05-02 00:00:00+00:00,612.34,626.5,605.02,625.76,2835748,59.1825950814,60.5511575571,58.4751178694,60.4796366367,28357480,0.0,1.0
2023-05-03 00:00:00+00:00,613.2,621.95,612.4,616.9,1981558,59.2657139888,60.1114005469,59.1883940749,59.6233185905,19815580,0.0,1.0
2023-05-04 00:00:00+00:00,610.16,613.96,601.29,610.0,1768438,58.9718983161,59.339167907,58.1146137709,58.9564343333,17684380,0.0,1.0
2023-05-05 00:00:00+00:00,630.12,631.47,613.37,615.95,2487634,60.9010301674,61.0315075221,59.2821444705,59.5315011928,24876340,0.0,1.0
2023-05-08 00:00:00+00:00,629.06,630.73,620.58,629.78,1393503,60.7985812815,60.9599866017,59.9789901944,60.868169204,13935030,0.0,1.0
2023-05-09 00:00:00+00:00,618.51,624.07,615.86,622.73,1699048,59.7789249172,60.3162983187,59.5228027025,60.1867874629,16990480,0.0,1.0
2023-05-10 00:00:00+00:00,626.27,628.0,618.27,622.06,1917544,60.5289280818,60.6961323956,59.755728943,60.122032035,19175440,0.0,1.0
2023-05-11 00:00:00+00:00,627.67,628.48,617.99,626.58,1442994,60.6642379311,60.7425243439,59.7286669732,60.5588895485,14429940,0.0,1.0
2023-05-12 00:00:00+00:00,631.15,632.7,624.21,628.38,1194246,61.0005795565,61.1503868896,60.3298293036,60.7328593547,11942460,0.0,1.0
2023-05-15 00:00:00+00:00,639.8,640.02,628.47,631.87,1461357,61.8366011253,61.8578641016,60.741557845,61.070167479,14613570,0.0,1.0
2023-05-16 00:00:00+00:00,641.44,646.91,638.73,640.46,1496930,61.9951069488,62.5237818599,61.7331857405,61.9003900543,14969300,0.0,1.0
2023-05-17 00:00:00+00:00,657.47,660.9,644.58,647.35,2413298,63.5444047231,63.8759138539,62.2985876108,62.5663078126,24132980,0.0,1.0
2023-05-18 00:00:00+00:00,677.9,679.36,656.0,656.0,2638889,65.5189620238,65.6600708667,63.4023293814,63.4023293814,26388890,0.0,1.0
2023-05-19 00:00:00+00:00,682.25,684.95,678.41,680.0,2296790,65.9393890556,66.2003437649,65.5682534689,65.7219267978,22967900,0.0,1.0
2023-05-22 00:00:00+00:00,678.37,684.68,674.12,681.4,1779776,65.5643874733,66.174248294,65.1536254308,65.8572366471,17797760,0.0,1.0
2023-05-23 00:00:00+00:00,686.5,698.99,682.02,690.64,3608802,66.3501510981,67.5573082535,65.9171595803,66.7502816524,36088020,0.0,1.0
2023-05-24 00:00:00+00:00,679.53,684.31,676.06,681.44,2302096,65.6765013484,66.1384878338,65.3411262219,65.8611026428,23020960,0.0,1.0
2023-05-25 00:00:00+00:00,728.8,732.39,690.77,699.41,4926257,70.4384415444,70.785414658,66.7628461384,67.5979012083,49262570,0.0,1.0
2023-05-26 00:00:00+00:00,812.73,814.98,747.02,747.425,8250038,78.5502670094,78.7677292671,72.1994025831,72.2385457895,82500380,0.0,1.0
2023-05-30 00:00:00+00:00,803.34,921.7799,798.81,835.12,11691201,77.6427245202,89.0899281051,77.2049005078,80.7142580991,116912010,0.0,1.0
2023-05-31 00:00:00+00:00,807.96,821.67,790.13,794.9,8983812,78.0892470228,79.414317047,76.3659794423,76.8269994288,89838120,0.0,1.0
2023-06-01 00:00:00+00:00,789.95,805.79,785.16,800.62,8079228,76.3485824616,77.8795167564,75.8856294773,77.379836813,80792280,0.0,1.0
2023-06-02 00:00:00+00:00,812.0,823.77,787.2,790.64,6281484,78.4797125879,79.6172818209,76.0827952577,76.4152708873,62814840,0.0,1.0
2023-06-05 00:00:00+00:00,802.3,809.2,794.48,809.2,2622196,77.5422086321,78.2090928894,76.786406474,78.2090928894,26221960,0.0,1.0
2023-06-06 00:00:00+00:00,790.0,802.0,776.38,802.0,3782345,76.3534149562,77.5132136644,75.0370434224,77.5132136644,37823450,0.0,1.0
2023-06-07 00:00:00+00:00,792.63,805.45,787.51,789.82,2895699,76.6076041731,77.846655793,76.1127567243,76.3360179756,28956990,0.0,1.0
2023-06-08 00:00:00+00:00,804.2,805.01,788.78,794.91,2191717,77.7258434276,77.8041298404,76.2355020876,76.8279659277,21917170,0.0,1.0
2023-06-09 00:00:00+00:00,804.62,817.7489,803.88,805.8,1924688,77.7664363824,79.0353431541,77.6949154621,77.8804832554,19246880,0.0,1.0
2023-06-12 00:00:00+00:00,855.36,858.0,811.12,811.12,5109788,82.6704519202,82.925607636,78.3946606827,78.3946606827,51097880,0.0,1.0
2023-06-13 00:00:00+00:00,851.12,863.26,841.0,861.13,3899027,82.2606563767,83.4339860698,81.2825594661,83.2281217991,38990270,0.0,1.0
2023-06-14 00:00:00+00:00,886.18,888.54,847.22,855.9,4352396,85.6492016024,85.8772953484,81.8837217965,82.7226428621,43523960,0.0,1.0
2023-06-15 00:00:00+00:00,883.43,887.97,871.02,884.41,3381353,85.3834143985,85.8222049097,84.1839892344,85.478131293,33813530,0.0,1.0
2023-06-16 00:00:00+00:00,868.11,889.95,865.445,889.275,6829894,83.9027380477,86.0135716966,83.6451660846,85.9483330193,68298940,0.0,1.0
2023-06-20 00:00:00+00:00,868.03,877.07,861.0102,862.66,2753723,83.8950060563,84.7687210831,83.216543142,83.3759961344,27537230,0.0,1.0
2023-06-21 00:00:00+00:00,847.66,866.0,844.6,860.0,2322881,82.3708372539,84.153015433,82.0734836428,83.5699691367,23228810,4.6,1.0
2023-06-22 00:00:00+00:00,842.43,848.91,835.31,845.09,2347326,81.8626152323,82.4923052323,81.1707336274,82.1210990904,23473260,0.0,1.0
2023-06-23 00:00:00+00:00,822.15,836.02,818.85,834.01,3741325,79.8919187508,81.2397274391,79.5712432879,81.0444069298,37413250,0.0,1.0
2023-06-26 00:00:00+00:00,821.63,837.0,820.22,825.0,2137215,79.8413880718,81.3349583342,79.7043721922,80.1688657416,21372150,0.0,1.0
2023-06-27 00:00:00+00:00,848.4,850.0,821.0,828.68,2492272,82.4427462971,82.5982253095,79.7801682107,80.52646747,24922720,0.0,1.0
2023-06-28 00:00:00+00:00,847.94,858.53,837.06,838.73,1944475,82.3980460811,83.4271227941,81.3407887971,81.5030700163,19444750,0.0,1.0
2023-06-29 00:00:00+00:00,862.57,862.84,846.41,854.45,2338598,83.8197073002,83.8459443836,82.2493692755,83.0306513126,23385980,0.0,1.0
2023-06-30 00:00:00+00:00,867.43,874.57,864.33,868.52,2314517,84.2919748003,84.9857998929,83.9907342138,84.3978948774,23145170,0.0,1.0
2023-07-03 00:00:00+00:00,876.44,876.73,864.92,868.62,903830,85.1675159885,85.1956965595,84.0480670996,84.4076123157,9038300,0.0,1.0
2023-07-05 00:00:00+00:00,861.86,876.9,861.75,867.4,1444642,83.7507134885,85.2122162046,83.7400243064,84.2890595688,14446420,0.0,1.0
2023-07-06 00:00:00+00:00,848.0,853.9,844.33,845.0,2395005,82.4038765441,82.9772054021,82.0472465595,82.1123533959,23950050,0.0,1.0
2023-07-07 00:00:00+00:00,846.75,857.99,844.66,850.43,1940866,82.2824085657,83.3746486274,82.0793141058,82.6400102941,19408660,0.0,1.0
2023-07-10 00:00:00+00:00,877.73,879.17,848.28,848.28,3062175,85.2928709422,85.4328020534,82.4310853712,82.4310853712,30621750,0.0,1.0
2023-07-11 00:00:00+00:00,882.05,883.0,864.63,881.11,2550446,85.7126642756,85.8049799392,84.0198865286,85.6213203558,25504460,0.0,1.0
2023-07-12 00:00:00+00:00,889.95,897.59,882.0,889.0,2819675,86.480341899,87.222754183,85.7078055564,86.3880262355,28196750,0.0,1.0
2023-07-13 00:00:00+00:00,890.36,898.94,878.27,898.94,2591199,86.520183396,87.3539395997,85.3453451089,87.3539395997,25911990,0.0,1.0
2023-07-14 00:00:00+00:00,888.58,903.35,886.16,886.16,1851036,86.3472129947,87.7824786274,86.1120509885,86.1120509885,18510360,0.0,1.0
2023-07-17 00:00:00+00:00,910.35,913.21,889.78,891.01,2682521,88.4626993065,88.740618041,86.463822254,86.5833467447,26825210,0.0,1.0
2023-07-18 00:00:00+00:00,903.43,909.9,898.2601,905.98,2451835,87.7902525781,88.4189708342,87.2878707369,88.038047254,24518350,0.0,1.0
2023-07-19 00:00:00+00:00,901.37,905.965,885.63,897.27,2411756,87.5900733497,88.0365896383,86.0605485657,87.1916583805,24117560,0.0,1.0
2023-07-20 00:00:00+00:00,888.34,906.9999,886.0,892.54,2826831,86.3238911429,88.1371554069,86.0965030873,86.7320235503,28268310,0.0,1.0
2023-07-21 00:00:00+00:00,896.75,911.15,893.83,904.49,7428676,87.1411277015,88.5404388126,86.857378504,87.8932574237,74286760,0.0,1.0
2023-07-24 00:00:00+00:00,901.59,905.44,894.23,900.8,1999382,87.6114517139,87.9855730873,86.8962482571,87.5346839515,19993820,0.0,1.0
2023-07-25 00:00:00+00:00,917.99,923.18,900.62,900.62,2004161,89.2051115904,89.7094466367,87.5171925626,87.5171925626,20041610,0.0,1.0
2023-07-26 00:00:00+00:00,893.09,910.62,887.65,909.0,1987667,86.7854694608,88.4889363898,86.2568408188,88.3315138898,19876670,0.0,1.0
2023-07-27 00:00:00+00:00,893.53,909.85,886.0,908.5,2192178,86.8282261892,88.4141121151,86.0965030873,88.2829266984,21921780,0.0,1.0
2023-07-28 00:00:00+00:00,899.79,903.56,893.95,899.32,1879426,87.436537825,87.8028852478,86.8690394299,87.3908658651,18794260,0.0,1.0
2023-07-31 00:00:00+00:00,898.65,901.0,891.0,897.5,1496692,87.3257590287,87.5541188281,86.5823750009,87.2140084886,14966920,0.0,1.0
2023-08-01 00:00:00+00:00,920.0,920.62,897.7008,898.98,1970675,89.4004320997,89.460680217,87.2335211046,87.357826575,19706750,0.0,1.0
2023-08-02 00:00:00+00:00,892.3,913.0,890.29,912.3,2688957,86.7087016984,88.7202114207,86.5133811892,88.6521893528,26889570,0.0,1.0
2023-08-03 00:00:00+00:00,884.98,895.33,881.08,886.62,1829264,85.9973852169,87.0031400781,85.6184051243,86.1567512046,18292640,0.0,1.0
2023-08-04 00:00:00+00:00,881.65,893.62,873.3715,884.98,2115785,85.6737945225,86.8369718836,84.8693363952,85.9973852169,21157850,0.0,1.0
2023-08-07 00:00:00+00:00,897.06,897.37,885.266,887.68,1114565,87.1712517602,87.2013758188,86.0251770904,86.2597560503,11145650,0.0,1.0
2023-08-08 00:00:00+00:00,883.16,890.6,873.4,890.09,1408091,85.8205278404,86.5435052478,84.8721058651,86.4939463126,14080910,0.0,1.0
2023-08-09 00:00:00+00:00,850.73,883.53,848.7201,882.72,2467248,82.6691626089,85.856482362,82.4738518171,85.777771112,24672480,0.0,1.0
2023-08-10 00:00:00+00:00,842.9,861.5,837.07,853.12,2018613,81.9082871922,83.7157307107,81.341760541,82.9014093836,20186130,0.0,1.0
2023-08-11 00:00:00+00:00,829.76,836.4,823.48,834.01,2033126,80.6314158033,81.2766537045,80.0211606798,81.0444069298,20331260,0.0,1.0
2023-08-14 00:00:00+00:00,854.1,854.18,827.38,831.13,1768800,82.9966402786,83.0044142293,80.4001407724,80.7645447076,17688000,0.0,1.0
2023-08-15 00:00:00+00:00,842.52,854.62,836.46,849.21,1403635,81.8713609268,83.0471709576,81.2824841675,82.5214575471,14036350,0.0,1.0
2023-08-16 00:00:00+00:00,832.99,854.5,831.96,847.79,1600301,80.9452890595,83.0355100317,80.8451994453,82.3834699237,16003010,0.0,1.0
2023-08-17 00:00:00+00:00,827.1,839.42,827.01,836.51,1922777,80.3729319453,81.5701203403,80.3641862508,81.2873428866,19227770,0.0,1.0
2023-08-18 00:00:00+00:00,825.84,828.17,812.0,820.0,1775869,80.2504922231,80.4769085348,78.9055987662,79.682993828,17758690,0.0,1.0
2023-08-21 00:00:00+00:00,865.14,867.34,831.77,834.06,3001163,84.0694454638,84.2832291058,80.8267363126,81.049265649,30011630,0.0,1.0
2023-08-22 00:00:00+00:00,855.79,874.75,850.88,873.41,1708164,83.1608649854,85.0032912817,82.6837387663,84.8730776089,17081640,0.0,1.0
2023-08-23 00:00:00+00:00,876.58,878.19,850.0,850.77,1969205,85.1811204021,85.3375711583,82.5982253095,82.6730495842,19692050,0.0,1.0
2023-08-24 00:00:00+00:00,854.46,909.855,852.46,902.35,3093431,83.0316230564,88.414597987,82.837274291,87.6853042447,30934310,0.0,1.0
2023-08-25 00:00:00+00:00,851.82,869.44,837.67,857.02,2418053,82.775082686,84.4872953095,81.4000651706,83.2803894762,24180530,0.0,1.0
2023-08-28 00:00:00+00:00,861.08,864.1299,847.11,856.39,1430596,83.67491747,83.9712896198,82.3173913434,83.2191696151,14305960,0.0,1.0
2023-08-29 00:00:00+00:00,889.93,892.835,856.4199,858.4,2782239,86.4783984114,86.7606899932,83.2220751291,83.4144901243,27822390,0.0,1.0
2023-08-30 00:00:00+00:00,892.28,898.71,879.11,892.39,2323424,86.7067582108,87.3315894916,85.4269715904,86.7174473929,23234240,0.0,1.0
2023-08-31 00:00:00+00:00,922.89,923.67,893.77,898.01,5520285,89.6812660657,89.7570620843,86.851548041,87.2635674237,55202850,0.0,1.0
2023-09-01 00:00:00+00:00,872.52,901.87,864.66,901.87,6501716,84.7865924083,87.638660541,84.0228017601,87.638660541,65017160,0.0,1.0
2023-09-05 00:00:00+00:00,872.17,883.0,867.0,869.51,2480807,84.7525813743,85.8049799392,84.2501898157,84.4940975163,24808070,0.0,1.0
2023-09-06 00:00:00+00:00,872.27,877.37,866.74,872.5,2014246,84.7622988126,85.2578881645,84.2249244762,84.7846489206,20142460,0.0,1.0
2023-09-07 00:00:00+00:00,857.03,861.69,840.52,859.5,2778920,83.28136122,83.7341938435,81.6770121613,83.5213819453,27789200,0.0,1.0
2023-09-08 00:00:00+00:00,857.55,860.83,850.12,855.0,1681900,83.331891899,83.6506238743,82.6098862354,83.0840972231,16819000,0.0,1.0
2023-09-11 00:00:00+00:00,859.14,869.0,845.65,868.77,1571039,83.4863991675,84.4445385811,82.1755167447,84.4221884731,15710390,0.0,1.0
2023-09-12 00:00:00+00:00,844.52,858.265,841.66,850.24,1668027,82.0657096922,83.4013715827,81.7877909576,82.6215471613,16680270,0.0,1.0
2023-09-13 00:00:00+00:00,852.93,859.11,844.24,847.19,1741263,82.8829462509,83.483483936,82.038500865,82.3251652941,17412630,0.0,1.0
2023-09-14 00:00:00+00:00,871.64,876.67,855.0,859.03,1964828,84.7010789515,85.1898660966,83.0840972231,83.4757099854,19648280,0.0,1.0
2023-09-15 00:00:00+00:00,851.68,868.16,842.9,868.16,5018958,82.7614782725,84.3629120996,81.9082871922,84.3629120996,50189580,0.0,1.0
2023-09-18 00:00:00+00:00,850.0,856.33,840.0,842.58,1654086,82.5982253095,83.2133391521,81.6264814823,81.8771913897,16540860,0.0,1.0
2023-09-19 00:00:00+00:00,849.2,851.03,838.5,845.99,1313196,82.5204858033,82.6983149237,81.4807199082,82.2085560348,13131960,0.0,1.0
2023-09-20 00:00:00+00:00,830.57,849.99,830.35,849.99,1370171,81.1571292138,83.054707322,81.1356324484,83.054707322,13701710,4.6,1.0
2023-09-21 00:00:00+00:00,808.36,822.5,795.09,795.11,5367165,78.9869330355,80.3685887744,77.6902872324,77.6922414838,53671650,0.0,1.0
2023-09-22 00:00:00+00:00,829.08,830.5799,810.38,811.24,2779501,81.0115374846,81.1580965682,79.1843124267,79.2683452369,27795010,0.0,1.0
2023-09-25 00:00:00+00:00,833.89,838.5599,823.01,828.0,1564758,81.481534946,81.9378428764,80.4184221851,80.9060079091,15647580,0.0,1.0
2023-09-26 00:00:00+00:00,816.19,830.265,811.21,829.17,1764138,79.7520224581,81.12732688,79.2654138598,81.0203316159,17641380,0.0,1.0
2023-09-27 00:00:00+00:00,816.81,823.68,804.3801,819.26,1535268,79.8126042514,80.4838896069,78.5980467784,80.0520000478,15352680,0.0,1.0
2023-09-28 00:00:00+00:00,832.0,838.86,814.68,820.17,1617994,81.2968581888,81.9671664186,79.6044764775,80.1409184864,16179940,0.0,1.0
2023-09-29 00:00:00+00:00,830.58,844.04,822.91,836.45,1648104,81.1581063395,82.4733175309,80.4086509281,81.731679125,16481040,0.0,1.0
2023-10-02 00:00:00+00:00,834.95,838.56,823.5,829.06,1467578,81.5851102701,81.9378526476,80.4663013443,81.0095832332,14675780,0.0,1.0
2023-10-03 00:00:00+00:00,814.83,835.75,808.91,827.0,1876086,79.619133363,81.6632803261,79.0406749489,80.8082953391,18760860,0.0,1.0
2023-10-04 00:00:00+00:00,823.81,830.58,816.3025,820.33,1641706,80.496592241,81.1581063395,79.7630151222,80.1565524976,16417060,0.0,1.0
2023-10-05 00:00:00+00:00,823.86,828.63,815.4801,820.11,1147424,80.5014778695,80.9675668281,79.6826563047,80.1350557322,11474240,0.0,1.0
2023-10-06 00:00:00+00:00,845.26,848.385,811.72,819.4,2110319,82.5925268662,82.8978786473,79.3152472705,80.0656798076,21103190,0.0,1.0
2023-10-09 00:00:00+00:00,855.88,856.61,837.83,840.46,1575985,83.6302343589,83.701564535,81.8665224716,82.1235065305,15759850,0.0,1.0
2023-10-10 00:00:00+00:00,858.41,872.545,855.72,857.15,1471807,83.8774471609,85.258614337,83.6146003478,83.7543293228,14718070,0.0,1.0
2023-10-11 00:00:00+00:00,874.56,875.34,856.55,859.71,1433412,85.4555051654,85.5317209699,83.6957017808,84.0044735018,14334120,0.0,1.0
2023-10-12 00:00:00+00:00,905.6,917.93,876.43,876.43,4387055,88.4885033363,89.6932993236,85.6382276712,85.6382276712,43870550,0.0,1.0
2023-10-13 00:00:00+00:00,883.18,925.91,882.09,909.0,2833352,86.2977875183,90.4730456317,86.191280817,88.8207260741,28333520,0.0,1.0
2023-10-16 00:00:00+00:00,902.57,915.785,890.97,890.97,2115048,88.1924342494,89.4837058611,87.0589684381,87.0589684381,21150480,0.0,1.0
2023-10-17 00:00:00+00:00,884.4,892.98,866.0,885.15,3300834,86.4169968536,87.2553707037,84.6190855667,86.490281281,33008340,0.0,1.0
2023-10-18 00:00:00+00:00,887.03,895.63,875.2,879.945,2040434,86.6739809125,87.514309014,85.5180412102,85.9816873545,20404340,0.0,1.0
2023-10-19 00:00:00+00:00,867.83,889.49,865.67,887.02,2661970,84.7978995697,86.9143538346,84.5868404186,86.6730037868,26619700,0.0,1.0
2023-10-20 00:00:00+00:00,853.63,874.9,851.84,874.9,2695307,83.4103810766,85.4887274392,83.2354755764,85.4887274392,26953070,0.0,1.0
2023-10-23 00:00:00+00:00,862.22,873.5999,842.82,857.96,1645579,84.2497320524,85.361691327,82.3541081955,83.8334765044,16455790,0.0,1.0
2023-10-24 00:00:00+00:00,881.11,883.0,863.12,864.0,1497244,86.0955224985,86.2801992557,84.3376733653,84.4236604268,14972440,0.0,1.0
2023-10-25 00:00:00+00:00,849.63,878.73,846.08,877.07,2143160,83.0195307968,85.862966582,82.6726511735,85.7007637159,21431600,0.0,1.0
2023-10-26 00:00:00+00:00,826.75,854.415,818.34,847.91,2791656,80.7838671966,83.487085444,79.9621044835,82.8514651765,27916560,0.0,1.0
2023-10-27 00:00:00+00:00,838.36,840.21,828.54,830.0,1823628,81.9183101336,82.099078388,80.9587726968,81.1014330489,18236280,0.0,1.0
2023-10-30 00:00:00+00:00,841.25,849.43,827.15,841.1,2088946,82.2006994607,82.9999882828,80.8229522246,82.1860425753,20889460,0.0,1.0
2023-10-31 00:00:00+00:00,841.37,845.5,832.6,843.89,1474720,82.2124249691,82.615977883,81.3554857308,82.4586606454,14747200,0.0,1.0
2023-11-01 00:00:00+00:00,852.94,853.825,835.57,842.0,1868391,83.3429594033,83.4294350277,81.6456920635,82.2739838882,18683910,0.0,1.0
2023-11-02 00:00:00+00:00,871.3,880.5,860.0,862.0,1875945,85.1369621874,86.0359178308,84.0328101471,84.228235287,18759450,0.0,1.0
2023-11-03 00:00:00+00:00,882.68,887.5,871.0567,877.5,1804129,86.2489312333,86.7199058204,85.1131887191,85.742780121,18041290,0.0,1.0
2023-11-06 00:00:00+00:00,880.83,885.89,871.21,881.56,1287148,86.0681629789,86.5625885828,85.1281680561,86.139493155,12871480,0.0,1.0
2023-11-07 00:00:00+00:00,897.82,901.77,876.155,882.32,1936665,87.7282995422,88.1142641934,85.6113567144,86.2137547081,19366650,0.0,1.0
2023-11-08 00:00:00+00:00,911.13,912.9084,899.0,900.0,1527994,89.028853848,89.2026258824,87.8436003747,87.9413129446,15279940,0.0,1.0
2023-11-09 00:00:00+00:00,911.38,929.7999,908.56,912.5,2448621,89.0532819905,90.8531377575,88.7777325433,89.1627200689,24486210,0.0,1.0
2023-11-10 00:00:00+00:00,957.52,958.95,918.21,921.74,3628792,93.5617399675,93.7014689425,89.7206588432,90.0655842151,36287920,0.0,1.0
2023-11-13 00:00:00+00:00,946.93,952.4,940.48,950.05,1689297,92.5269638518,93.0614516094,91.8967177757,92.83182707,16892970,0.0,1.0
2023-11-14 00:00:00+00:00,972.96,976.77,955.2521,962.34,2388558,95.0704220473,95.4427069388,93.3401376301,94.0327145546,23885580,0.0,1.0
2023-11-15 00:00:00+00:00,975.4,981.75,966.91,979.51,1609948,95.308840718,95.9293155371,94.4792609992,95.7104393804,16099480,0.0,1.0
2023-11-16 00:00:00+00:00,959.55,968.7,950.52,964.0,2619803,93.7600964845,94.6541664994,92.8777519779,94.1949174207,26198030,0.0,1.0
2023-11-17 00:00:00+00:00,977.73,983.89,951.0,958.21,1979461,95.5365110059,96.1384204368,92.9246540115,93.6291616407,19794610,0.0,1.0
2023-11-20 00:00:00+00:00,995.71,999.87,973.0,973.0,1868034,97.2933830134,97.6998673044,95.0743305501,95.0743305501,18680340,0.0,1.0
2023-11-21 00:00:00+00:00,981.2,991.0,971.63,975.0,4334384,95.8755736236,96.833156809,94.9404643293,95.26975569,43343840,0.0,1.0
2023-11-22 00:00:00+00:00,972.0,987.9899,971.0,983.69,3375092,94.9766179802,96.5390322023,94.8789054103,96.1188779228,33750920,0.0,1.0
2023-11-24 00:00:00+00:00,978.87,979.86,966.75,974.96,2315789,95.6479033357,95.7446387799,94.463626988,95.2658471872,23157890,0.0,1.0
2023-11-27 00:00:00+00:00,950.24,981.01,949.33,976.15,9696202,92.8503924583,95.8570082353,92.7614740197,95.3821251454,96962020,0.0,1.0
2023-11-28 00:00:00+00:00,946.35,950.86,934.16,939.94,3902494,92.4702905613,92.9109742517,91.2791743337,91.843952988,39024940,0.0,1.0
2023-11-29 00:00:00+00:00,940.83,959.4299,939.37,948.34,3484274,91.9309171752,93.7483612048,91.7882568231,92.6647385755,34842740,0.0,1.0
2023-11-30 00:00:00+00:00,925.73,942.415,918.37,941.0,4957110,90.4554573691,92.0857915986,89.7362928544,91.9475283121,49571100,0.0,1.0
2023-12-01 00:00:00+00:00,930.0,933.9,908.0,922.46,2961244,90.8726900428,91.2537690655,88.7230135041,90.1359372654,29612440,0.0,1.0
2023-12-04 00:00:00+00:00,923.97,930.97,916.44,920.64,2500921,90.2834832461,90.9674712356,89.5477075944,89.9581003882,25009210,0.0,1.0
2023-12-05 00:00:00+00:00,913.12,917.27,905.845,911.6,3706593,89.2233018622,89.6288090275,88.5124429159,89.0747787559,37065930,0.0,1.0
2023-12-06 00:00:00+00:00,903.64,920.97,903.1,920.36,2446650,88.2969866992,89.9903455362,88.2442219114,89.9307408686,24466500,0.0,1.0
2023-12-07 00:00:00+00:00,922.26,924.12,903.64,905.54,4351689,90.1163947515,90.2981401315,88.2969866992,88.4826405821,43516890,0.0,1.0
2023-12-08 00:00:00+00:00,944.3,950.73,910.5262,927.84,6966842,92.2699797929,92.8982716176,88.9698549983,90.6616308917,69668420,0.0,1.0
2023-12-11 00:00:00+00:00,1029.24,1039.51,956.09,957.01,10118369,100.5696854835,101.5731935767,93.4220109925,93.5119065568,101183690,0.0,1.0
2023-12-12 00:00:00+00:00,1072.28,1079.39,1024.58,1027.99,9024155,104.7752344936,105.4699708659,100.1143449076,100.4475447711,90241550,0.0,1.0
2023-12-13 00:00:00+00:00,1089.69,1099.78,1062.54,1068.0,7165375,106.4764103363,107.4623301669,103.8235140624,104.3570246943,71653750,0.0,1.0
2023-12-14 00:00:00+00:00,1106.49,1121.46,1090.28,1092.18,6696402,108.1179815112,109.5807386832,106.5340607525,106.7197146354,66964020,0.0,1.0
2023-12-15 00:00:00+00:00,1129.74,1149.8799,1094.6184,1095.22,11854371,110.3897987623,112.3577201496,106.9579769659,107.016760848,118543710,0.0,1.0
2023-12-18 00:00:00+00:00,1147.0,1151.82,1118.64,1120.8,5474137,112.0763177194,112.5472923065,109.305189236,109.516248387,54741370,0.0,1.0
2023-12-19 00:00:00+00:00,1139.58,1150.46,1132.505,1142.0,3597230,111.8642814427,112.932291922,111.1697801429,112.1018352441,35972300,5.25,1.0
2023-12-20 00:00:00+00:00,1110.38,1141.36,1109.26,1132.7,3452335,108.9979297884,112.0390110983,108.8879875332,111.1889218748,34523350,0.0,1.0
2023-12-21 00:00:00+00:00,1127.29,1135.42,1115.0,1132.65,2410561,110.657861517,111.4559244947,109.4514415913,111.1840137384,24105610,0.0,1.0
2023-12-22 00:00:00+00:00,1121.98,1132.0,1113.53,1127.98,1908897,110.1366174319,111.1202079653,109.3071423813,110.7255937992,19088970,0.0,1.0
2023-12-26 00:00:00+00:00,1131.89,1135.5,1123.02,1124.24,1679327,111.1094100652,111.4637775129,110.2387066689,110.3584651969,16793270,0.0,1.0
2023-12-27 00:00:00+00:00,1126.17,1139.57,1122.9601,1136.0,1975536,110.5479192617,111.8632998154,110.2328267215,111.5128588768,19755360,0.0,1.0
2023-12-28 00:00:00+00:00,1122.41,1132.24,1119.05,1131.69,2124925,110.1788274049,111.14376702,109.8490006392,111.0897775197,21249250,0.0,1.0
2023-12-29 00:00:00+00:00,1116.25,1124.38,1114.67,1121.46,2055800,109.5741450011,110.3722079788,109.4190478911,110.0855728134,20558000,0.0,1.0
2024-01-02 00:00:00+00:00,1085.38,1102.0,1077.09,1092.12,2883102,106.5438615913,108.1753261288,105.7300925772,107.2054783773,28831020,0.0,1.0
2024-01-03 00:00:00+00:00,1058.58,1075.0,1055.31,1070.2,3473547,103.913100484,105.5249324759,103.5921083638,105.053751382,34735470,0.0,1.0
2024-01-04 00:00:00+00:00,1049.01,1069.497,1047.37,1057.96,2565803,102.9736831782,104.9847429843,102.8126963044,103.8522395927,25658030,0.0,1.0
2024-01-05 00:00:00+00:00,1049.28,1055.46,1041.51,1051.6,2201847,103.0001871147,103.606832773,102.237462719,103.2279246434,22018470,0.0,1.0
2024-01-08 00:00:00+00:00,1074.85,1077.9999,1052.0018,1056.5,3311029,105.5102080667,105.8194108433,103.2673664274,103.70892201,33110290,0.0,1.0
2024-01-09 00:00:00+00:00,1082.49,1088.5499,1064.71,1065.62,2322534,106.2601713077,106.8550276224,104.514838006,104.6041660883,23225340,0.0,1.0
2024-01-10 00:00:00+00:00,1080.57,1082.955,1062.6047,1080.35,1764345,106.0716988702,106.3058169762,104.3081760149,106.0501030701,17643450,0.0,1.0
2024-01-11 00:00:00+00:00,1099.98,1101.3,1074.505,1084.32,2575722,107.9770374184,108.1066122192,105.4763419256,106.4398090998,25757220,0.0,1.0
2024-01-12 00:00:00+00:00,1107.68,1115.6899,1100.01,1112.1,2688196,108.7328904231,109.5191640572,107.9799823003,109.1667696804,26881960,0.0,1.0
2024-01-16 00:00:00+00:00,1114.96,1126.2431,1098.63,1112.34,2614508,109.4475150821,110.5550949571,107.8445177358,109.1903287351,26145080,0.0,1.0
2024-01-17 00:00:00+00:00,1103.67,1113.11,1090.215,1106.29,1831405,108.3392578843,109.2659140356,107.0184783806,108.5964442314,18314050,0.0,1.0
2024-01-18 00:00:00+00:00,1143.91,1146.548,1121.88,1124.9,3222840,112.2893260544,112.5482793306,110.1268011591,110.4232525973,32228400,0.0,1.0
2024-01-19 00:00:00+00:00,1211.2,1217.0,1156.0,1157.31,5307712,118.8946960138,119.4640398355,113.4761134345,113.6047066081,53077120,0.0,1.0
2024-01-22 00:00:00+00:00,1220.5,1231.33,1208.2177,1216.25,3122224,119.8076093831,120.8707117261,118.6019453104,119.3904177896,31222240,0.0,1.0
2024-01-23 00:00:00+00:00,1226.31,1226.98,1203.52,1221.0,1695211,120.3779348321,120.4437038598,118.1408062636,119.856690747,16952110,0.0,1.0
2024-01-24 00:00:00+00:00,1253.87,1284.5499,1231.0093,1242.295,3463577,123.0832996126,126.0949222878,120.8392309392,121.9470660373,34635770,0.0,1.0
2024-01-25 00:00:00+00:00,1230.0,1281.0,1228.8,1281.0,3635610,120.740155298,125.7464544201,120.6223600245,125.7464544201,36356100,0.0,1.0
2024-01-26 00:00:00+00:00,1204.88,1221.21,1200.23,1219.7,2581760,118.2743075735,119.8773049199,117.8178508889,119.7290792008,25817600,0.0,1.0
2024-01-29 00:00:00+00:00,1217.77,1223.67,1204.995,1214.91,2152647,119.539625136,120.1187852305,118.2855962872,119.2588797342,21526470,0.0,1.0
2024-01-30 00:00:00+00:00,1208.16,1228.0,1204.29,1216.77,2068254,118.596281321,120.5438298422,118.2163915641,119.4414624081,20682540,0.0,1.0
2024-01-31 00:00:00+00:00,1180.0,1197.22,1174.31,1189.45,2740019,115.8320189038,117.5223810779,115.2734729821,116.7596566823,27400190,0.0,1.0
2024-02-01 00:00:00+00:00,1200.01,1203.09,1179.11,1187.35,1941128,117.7962550887,118.0985962906,115.7446540759,116.5535149537,19411280,0.0,1.0
2024-02-02 00:00:00+00:00,1224.34,1234.69,1205.15,1208.75,2668929,120.1845542582,121.2005384918,118.3008115101,118.6541973304,26689290,0.0,1.0
2024-02-05 00:00:00+00:00,1243.1,1247.7522,1222.15,1226.96,2204452,122.0260870333,122.4827596759,119.9695778841,120.4417406052,22044520,0.0,1.0
2024-02-06 00:00:00+00:00,1222.65,1272.1099,1211.94,1263.57,2535410,120.018659248,124.8737779529,118.9673364324,124.0354780731,25354100,0.0,1.0
2024-02-07 00:00:00+00:00,1257.06,1259.51,1226.7,1234.0,2576775,123.3964387145,123.6369373979,120.416218296,121.1328062095,25767750,0.0,1.0
2024-02-08 00:00:00+00:00,1274.76,1295.97,1265.01,1267.0,2932624,125.1339189981,127.2159504565,124.1768324012,124.3721762297,29326240,0.0,1.0
2024-02-09 00:00:00+00:00,1283.44,1285.75,1248.99,1252.03,2629289,125.9859714761,126.2127273775,122.6042655005,122.9026801933,26292890,0.0,1.0
2024-02-12 00:00:00+00:00,1265.0,1290.07,1259.0,1290.01,2477822,124.1758507739,126.636790362,123.5868744066,126.6309005983,24778220,0.0,1.0
2024-02-13 00:00:00+00:00,1251.65,1255.87,1227.09,1235.12,3190652,122.8653783567,123.2796250684,120.4545017598,121.2427484648,31906520,0.0,1.0
2024-02-14 00:00:00+00:00,1262.22,1273.0,1241.3179,1269.24,2730626,123.9029583904,124.961152597,121.8511512359,124.5920607402,27306260,0.0,1.0
2024-02-15 00:00:00+00:00,1265.07,1280.0,1244.85,1279.95,2187344,124.1827221649,125.6482916922,122.1978718071,125.6433835558,21873440,0.0,1.0
2024-02-16 00:00:00+00:00,1245.48,1275.6846,1242.39,1259.04,2126805,122.2597143256,125.2246802563,121.9563914965,123.5908009158,21268050,0.0,1.0
2024-02-20 00:00:00+00:00,1226.55,1237.72,1212.56,1235.86,2632919,120.4014938868,121.4979715573,119.0281973237,121.3153888834,26329190,0.0,1.0
2024-02-21 00:00:00+00:00,1227.45,1228.05,1202.64,1218.0,2063983,120.4898403419,120.5487379786,118.0544230631,119.5622025634,20639830,0.0,1.0
2024-02-22 00:00:00+00:00,1304.9,1310.98,1276.47,1281.71,4081926,128.0925436165,128.6893730021,125.3017772628,125.8161499569,40819260,0.0,1.0
2024-02-23 00:00:00+00:00,1296.37,1319.62,1288.82,1308.37,2311464,127.2552155477,129.537498971,126.5140869522,128.4331682823,23114640,0.0,1.0
2024-02-26 00:00:00+00:00,1309.13,1318.7899,1301.46,1310.0,1628248,128.5077719555,129.4560140906,127.7548638326,128.5931735287,16282480,0.0,1.0
2024-02-27 00:00:00+00:00,1296.23,1311.94,1292.22,1309.13,1212605,127.2414727658,128.7836092208,126.847840227,128.5077719555,12126050,0.0,1.0
2024-02-28 00:00:00+00:00,1289.42,1298.52,1282.9734,1293.0,1096718,126.5729845889,127.4662654126,125.9401687473,126.9244071547,10967180,0.0,1.0
2024-02-29 00:00:00+00:00,1300.49,1308.395,1287.275,1303.31,2753564,127.6596459866,128.4356223505,126.3624255376,127.9364648792,27535640,0.0,1.0
2024-03-01 00:00:00+00:00,1399.17,1407.76,1320.0,1325.93,4448772,137.3463439742,138.1895618067,129.5748008076,130.156905784,44487720,0.0,1.0
2024-03-04 00:00:00+00:00,1402.26,1438.17,1385.19,1403.15,3485418,137.6496668034,141.1746903617,135.9740290384,137.7370316312,34854180,0.0,1.0
2024-03-05 00:00:00+00:00,1342.75,1395.0,1332.37,1395.0,3603975,131.808002867,136.9370053989,130.7890737515,136.9370053989,36039750,0.0,1.0
2024-03-06 00:00:00+00:00,1350.0,1394.83,1347.06,1391.58,4319589,132.5196826441,136.9203177352,132.2310842242,136.6012888696,43195890,0.0,1.0
2024-03-07 00:00:00+00:00,1407.01,1414.31,1372.89,1381.99,6283177,138.1159397608,138.8325276744,134.7666274854,135.6599083092,62831770,0.0,1.0
2024-03-08 00:00:00+00:00,1308.72,1413.0,1301.58,1394.25,7402484,128.4675252371,138.7039345009,127.76664336,136.863383353,74024840,0.0,1.0
2024-03-11 00:00:00+00:00,1293.12,1299.02,1252.56,1277.93,3083035,126.9361866821,127.5153467766,122.9547064391,125.4450948455,30830350,0.0,1.0
2024-03-12 00:00:00+00:00,1291.88,1307.79,1259.28,1307.0,4177101,126.8144648995,128.3762339001,123.6143599704,128.2986853451,41771010,0.0,1.0
2024-03-13 00:00:00+00:00,1257.87,1282.88,1252.355,1282.88,3586067,123.4759505241,125.9310003485,122.9345830798,125.9310003485,35860670,0.0,1.0
2024-03-14 00:00:00+00:00,1262.27,1273.13,1247.71,1262.54,3598260,123.9078665268,124.9739137516,122.4786172088,123.9343704634,35982600,0.0,1.0
2024-03-15 00:00:00+00:00,1235.5,1267.37,1230.07,1253.46,8882251,121.2800503014,124.408496439,120.7470266889,123.0430528942,88822510,0.0,1.0
2024-03-18 00:00:00+00:00,1237.24,1262.88,1231.7,1253.98,2573716,121.4508534479,123.9677457908,120.9070319354,123.0940975127,25737160,0.0,1.0
2024-03-19 00:00:00+00:00,1238.01,1240.27,1204.02,1216.95,2449087,121.5264387483,121.7482865134,118.1898876275,119.4591316991,24490870,0.0,1.0
2024-03-20 00:00:00+00:00,1276.0,1287.99,1226.59,1239.02,4094614,125.7709951021,126.9528087629,120.9008188732,122.1260018428,40946140,5.25,1.0
2024-03-21 00:00:00+00:00,1348.0,1403.61,1316.0,1328.32,7246773,132.8677910639,138.3490802784,129.7136595253,130.9280001677,72467730,0.0,1.0
2024-03-22 00:00:00+00:00,1353.47,1376.22,1346.15,1350.0,3862386,133.4069504238,135.6493408146,132.6854428344,133.0649242851,38623860,0.0,1.0
2024-03-25 00:00:00+00:00,1351.58,1358.4399,1337.47,1345.03,2123660,133.2206595298,133.8968166218,131.8298846545,132.5750482305,21236600,0.0,1.0
2024-03-26 00:00:00+00:00,1331.49,1379.9377,1330.51,1364.69,2352218,131.2404563232,136.0157819027,131.1438610449,134.5128677945,23522180,0.0,1.0
2024-03-27 00:00:00+00:00,1318.73,1350.0,1296.02,1350.0,2558265,129.9827463722,133.0649242851,127.7442986459,133.0649242851,25582650,0.0,1.0
2024-03-28 00:00:00+00:00,1325.41,1330.09,1311.53,1317.9,1985552,130.6411713309,131.1024630684,129.273066776,129.9009360854,19855520,0.0,1.0
2024-04-01 00:00:00+00:00,1350.26,1362.98,1325.41,1325.68,1722937,133.0905516039,134.3443188905,130.6411713309,130.6677843158,17229370,0.0,1.0
2024-04-02 00:00:00+00:00,1338.76,1342.37,1303.4138,1315.79,2462497,131.9570355822,132.3128610464,128.4730804512,129.6929605371,24624970,0.0,1.0
2024-04-03 00:00:00+00:00,1363.21,1376.82,1325.27,1328.0,2855154,134.3669892109,135.7084807809,130.6273720054,130.8964588523,28551540,0.0,1.0
2024-04-04 00:00:00+00:00,1317.5,1403.98,1315.0,1385.32,2694408,129.8615094412,138.3855499243,129.6150929147,136.5462969708,26944080,0.0,1.0
2024-04-05 00:00:00+00:00,1339.43,1361.23,1314.195,1326.0,1940617,132.0230752113,134.1718273219,129.5357467932,130.6993256311,19406170,0.0,1.0
2024-04-08 00:00:00+00:00,1336.1,1342.5,1315.7501,1333.65,1709273,131.694848398,132.3256747057,129.6890277293,131.4533602021,17092730,0.0,1.0
2024-04-09 00:00:00+00:00,1334.08,1359.48,1308.64,1357.37,1796343,131.4957438446,133.9993357534,128.9882092715,133.7913602051,17963430,0.0,1.0
2024-04-10 00:00:00+00:00,1322.37,1335.75,1315.48,1323.0,1746652,130.3415288347,131.6603500843,129.6624048878,130.4036257994,17466520,0.0,1.0
2024-04-11 00:00:00+00:00,1382.46,1391.87,1323.65,1332.68,3171331,136.2643964646,137.1919082702,130.4676940963,131.3577505898,31713310,0.0,1.0
2024-04-12 00:00:00+00:00,1344.07,1366.505,1336.62,1352.01,2782332,132.4804242844,134.6917661928,131.7461030355,133.2630431724,27823320,0.0,1.0
2024-04-15 00:00:00+00:00,1310.69,1370.0,1306.0,1370.0,2437045,129.1902708231,135.0362564967,128.7279934195,135.0362564967,24370450,0.0,1.0
2024-04-16 00:00:00+00:00,1329.06,1336.319,1311.0,1315.38,1892274,131.0009394595,131.7164344857,129.2208264724,129.6525482268,18922740,0.0,1.0
2024-04-17 00:00:00+00:00,1282.63,1347.0,1281.42,1343.11,2471780,126.4244917302,132.7692244534,126.3052261314,132.3858003382,24717800,0.0,1.0
2024-04-18 00:00:00+00:00,1258.99,1292.65,1255.46,1288.0,2488803,124.0943770561,127.4121291683,123.7464369207,126.953794429,24888030,0.0,1.0
2024-04-19 00:00:00+00:00,1204.71,1260.0,1197.56,1258.99,4479658,118.7441814337,124.1939293328,118.0394301681,124.0943770561,44796580,0.0,1.0
2024-04-22 00:00:00+00:00,1224.46,1233.2,1200.54,1224.5,2516218,120.6908719927,121.5523441692,118.3331586676,120.6948146571,25162180,0.0,1.0
2024-04-23 00:00:00+00:00,1249.19,1257.9,1228.02,1228.17,2202513,123.1284242724,123.9869394505,121.0417691264,121.056554118,22025130,0.0,1.0
2024-04-24 00:00:00+00:00,1256.82,1285.62,1244.96,1263.9,2010793,123.8804875111,126.7192058959,122.7114875096,124.578339114,20107930,0.0,1.0
2024-04-25 00:00:00+00:00,1294.42,1308.03,1257.0,1272.45,3040967,127.586592069,128.928083639,123.898229501,125.4210836345,30409670,0.0,1.0
2024-04-26 00:00:00+00:00,1344.07,1355.83,1303.13,1310.0,2409983,132.4804242844,133.6395676248,128.4451072471,129.1222598618,24099830,0.0,1.0
2024-04-29 00:00:00+00:00,1338.62,1352.98,1325.695,1344.08,1337179,131.9432362567,133.3586527846,130.6692628149,132.4814099505,13371790,0.0,1.0
2024-04-30 00:00:00+00:00,1300.27,1348.35,1299.05,1328.88,2211336,128.1632067409,132.9022893776,128.042955476,130.9831974696,22113360,0.0,1.0
2024-05-01 00:00:00+00:00,1242.86,1292.37,1241.345,1278.33,3095783,122.5044976274,127.3845305173,122.3551692124,126.0006553047,30957830,0.0,1.0
2024-05-02 00:00:00+00:00,1238.57,1264.45,1223.31,1256.28,2947968,122.081646868,124.6325507499,120.5775203905,123.8272615414,29479680,0.0,1.0
2024-05-03 00:00:00+00:00,1278.11,1283.88,1247.14,1259.0,2489755,125.9789706504,126.5476999935,122.9263627207,124.0953627222,24897550,0.0,1.0
2024-05-06 00:00:00+00:00,1310.31,1310.77,1275.07,1286.225,1628708,129.1528155111,129.198156152,125.6793281542,126.7788386953,16287080,0.0,1.0
2024-05-07 00:00:00+00:00,1303.11,1318.99,1296.755,1316.44,1241283,128.4431359149,130.008373691,127.8167451047,129.757028834,12412830,0.0,1.0
2024-05-08 00:00:00+00:00,1325.37,1337.905,1288.49,1293.5,1391764,130.6372286665,131.8727611301,127.0020920682,127.4959107872,13917640,0.0,1.0
2024-05-09 00:00:00+00:00,1305.67,1321.61,1302.0,1317.83,1216955,128.695466438,130.2666182107,128.3337269772,129.8940364227,12169550,0.0,1.0
2024-05-10 00:00:00+00:00,1332.8,1344.0,1315.31,1315.31,1629953,131.3695785831,132.4735246216,129.645648564,129.645648564,16299530,0.0,1.0
2024-05-13 00:00:00+00:00,1337.51,1358.39,1330.11,1348.0,1850703,131.8338273189,133.8918981479,131.1044344006,132.8677910639,18507030,0.0,1.0
2024-05-14 00:00:00+00:00,1380.03,1381.99,1325.8,1332.34,1942029,136.0248796009,136.2180701576,130.679612309,131.3242379422,19420290,0.0,1.0
2024-05-15 00:00:00+00:00,1436.17,1438.95,1369.975,1380.0,3275738,141.5584091189,141.8324242963,135.0337923315,136.0219226026,32757380,0.0,1.0
2024-05-16 00:00:00+00:00,1412.13,1445.4,1405.06,1426.0,2839503,139.1888678005,142.4681789346,138.4920018637,140.5559866893,28395030,0.0,1.0
2024-05-17 00:00:00+00:00,1395.29,1419.53,1381.78,1412.42,1817367,137.5290060783,139.9182607188,136.1973711694,139.2174521176,18173670,0.0,1.0
2024-05-20 00:00:00+00:00,1414.03,1416.94,1393.16,1396.0,2716995,139.3761443606,139.6629731974,137.3190591978,137.5989883719,27169950,0.0,1.0
2024-05-21 00:00:00+00:00,1399.2,1409.39,1393.46,1398.68,1533251,137.9144015257,138.9187952875,137.348629181,137.8631468882,15332510,0.0,1.0
2024-05-22 00:00:00+00:00,1392.24,1405.0,1384.22,1396.01,2100212,137.2283779161,138.4860878671,136.4378736992,137.599974038,21002120,0.0,1.0
2024-05-23 00:00:00+00:00,1393.29,1429.0,1378.0,1428.43,3103899,137.3318728572,140.851686521,135.8247893814,140.795503553,31038990,0.0,1.0
2024-05-24 00:00:00+00:00,1407.84,1413.5844,1392.0242,1399.79,1672996,138.7660170411,139.332223079,137.2071072415,137.972555826,16729960,0.0,1.0
2024-05-28 00:00:00+00:00,1412.45,1417.1813,1392.54,1410.0,2291886,139.2204091159,139.6867573206,137.2579478992,138.97892092,22918860,0.0,1.0
2024-05-29 00:00:00+00:00,1390.67,1399.1,1383.0,1399.1,2686055,137.0736283375,137.9045448647,136.3176224343,137.9045448647,26860550,0.0,1.0
2024-05-30 00:00:00+00:00,1364.08,1382.78,1355.6399,1379.0,2172828,134.4527421621,136.29593778,133.6208301121,135.923355992,21728280,0.0,1.0
2024-05-31 00:00:00+00:00,1328.55,1362.55,1307.26,1361.36,7309132,130.9506704881,134.3019352479,128.8521873488,134.1846409813,73091320,0.0,1.0
2024-06-03 00:00:00+00:00,1321.9,1353.0,1302.53,1352.7,2627847,130.2952025278,133.3606241168,128.3859672808,133.3310541337,26278470,0.0,1.0
2024-06-04 00:00:00+00:00,1330.82,1331.99,1307.01,1320.4,2304814,131.1744166942,131.2897396285,128.8275456962,130.1473526119,23048140,0.0,1.0
2024-06-05 00:00:00+00:00,1413.09,1414.35,1340.54,1346.0,3294656,139.2834917467,139.407685676,132.132484149,132.6706578428,32946560,0.0,1.0
2024-06-06 00:00:00+00:00,1401.27,1422.6899,1388.2401,1421.87,2017181,138.1184344096,140.2297213516,136.8341213304,140.1489065876,20171810,0.0,1.0
2024-06-07 00:00:00+00:00,1406.64,1425.0,1397.02,1407.775,1785903,138.6477371084,140.4574200787,137.6995263147,138.7596102115,17859030,0.0,1.0
2024-06-10 00:00:00+00:00,1440.47,1449.0499,1409.125,1409.8,3108171,141.9822455444,142.8279372065,138.8926751357,138.9592075979,31081710,0.0,1.0
2024-06-11 00:00:00+00:00,1461.03,1465.01,1416.23,1438.2,3484432,144.008775058,144.4010701681,139.5929909039,141.7584993384,34844320,0.0,1.0
2024-06-12 00:00:00+00:00,1495.51,1505.8,1476.4,1500.0,5669737,147.4073517908,148.4216022137,145.5237438626,147.8499158723,56697370,0.0,1.0
2024-06-13 00:00:00+00:00,1678.99,1735.85,1652.52,1710.0,8906065,165.4923535003,171.096850978,162.8832953182,168.5489040945,89060650,0.0,1.0
2024-06-14 00:00:00+00:00,1735.04,1747.24,1682.1,1686.86,6970471,171.0170120234,172.2195246725,165.7988956592,166.2680727256,69704710,0.0,1.0
2024-06-17 00:00:00+00:00,1828.87,1843.0,1778.58,1800.0,8752762,180.2655170943,181.6582633018,175.3086022481,177.4198990468,87527620,0.0,1.0
2024-06-18 00:00:00+00:00,1802.52,1851.62,1785.01,1839.59,8679674,177.6682869055,182.507907485,175.9423855542,181.3221511597,86796740,0.0,1.0
2024-06-20 00:00:00+00:00,1734.56,1804.75,1722.2201,1803.46,6815662,170.9697000503,177.8880904471,169.7533979324,177.7609395194,68156620,0.0,1.0
2024-06-21 00:00:00+00:00,1658.63,1713.999,1651.42,1695.66,9999861,163.4855373089,168.9430719702,162.7748720466,167.1354588987,99998610,0.0,1.0
2024-06-24 00:00:00+00:00,1592.21,1661.0,1590.66,1642.05,5857538,157.4562177396,164.2589719104,157.3029357369,162.3849758131,58575380,5.25,1.0
2024-06-25 00:00:00+00:00,1580.79,1606.04,1564.0,1600.13,5681045,156.3268755005,158.82388877,154.6664852907,158.2394393275,56810450,0.0,1.0
2024-06-26 00:00:00+00:00,1592.0,1618.18,1573.59,1597.62,4647875,157.4354505005,160.0244329717,155.6148558751,157.9912213748,46478750,0.0,1.0
2024-06-27 00:00:00+00:00,1586.66,1605.62,1571.0,1592.0,3164906,156.9073692784,158.7823542919,155.3587265932,157.4354505005,31649060,0.0,1.0
2024-06-28 00:00:00+00:00,1605.53,1639.23,1586.0,1595.88,6937663,158.7734540466,162.1061014598,156.8421008127,157.8191499653,69376630,0.0,1.0
2024-07-01 00:00:00+00:00,1640.8,1648.75,1593.5,1608.2,4762344,162.2613612948,163.0475496311,157.5837879225,159.0374946576,47623440,0.0,1.0
2024-07-02 00:00:00+00:00,1657.48,1659.1999,1622.0,1640.8,3253884,163.9108734269,164.0809571149,160.4021989396,162.2613612948,32538840,0.0,1.0
2024-07-03 00:00:00+00:00,1729.22,1729.22,1664.46,1670.0,3995382,171.0053578609,171.0053578609,164.6011368971,165.1489964422,39953820,0.0,1.0
2024-07-05 00:00:00+00:00,1703.31,1765.47,1696.0001,1755.56,4524048,168.4430761257,174.5901788915,167.7201883119,173.6101629904,45240480,0.0,1.0
2024-07-08 00:00:00+00:00,1745.86,1756.8999,1705.0,1705.0,3639846,172.6509143284,173.7426678649,168.6102029544,168.6102029544,36398460,0.0,1.0
2024-07-09 00:00:00+00:00,1733.31,1770.98,1705.56,1756.56,3791621,171.4098245648,175.1350716881,168.6655822586,173.709054605,37916210,0.0,1.0
2024-07-10 00:00:00+00:00,1744.69,1766.4899,1726.3628,1746.0,4107420,172.5352111393,174.6910384492,170.7228047396,172.6647591545,41074200,0.0,1.0
2024-07-11 00:00:00+00:00,1705.95,1764.87,1668.5,1764.66,5111168,168.7041499883,174.5308439227,165.0006590202,174.5100766836,51111680,0.0,1.0
2024-07-12 00:00:00+00:00,1700.67,1725.91,1691.31,1711.03,3045300,168.182002263,170.6780266165,167.25637675,169.2065193907,30453000,0.0,1.0
2024-07-15 00:00:00+00:00,171.42,173.5099,169.26,170.0,22868335,169.5200058091,171.5867416633,167.3839469329,168.1157448812,22868335,0.0,10.0
2024-07-16 00:00:00+00:00,169.375,172.81,166.4,172.4,22244943,167.4976722898,170.8945992525,164.5556467543,170.4891436325,22244943,0.0,1.0
2024-07-17 00:00:00+00:00,155.98,162.84,155.61,162.31,43343355,154.2511405093,161.0351052733,153.8852415351,160.5109797157,43343355,0.0,1.0
2024-07-18 00:00:00+00:00,160.52,161.51,153.9,158.89,37973498,158.7408198137,159.7198467986,152.1941949248,157.1288864952,37973498,0.0,1.0
2024-07-19 00:00:00+00:00,157.35,163.95,157.12,161.84,26309545,155.6059556298,162.1328021958,155.3785049161,160.0461891269,26309545,0.0,1.0
2024-07-22 00:00:00+00:00,161.06,162.99,157.9,160.23,28813334,159.2748345328,161.1834426952,156.1498595103,158.4540341313,28813334,0.0,1.0
2024-07-23 00:00:00+00:00,163.77,165.33,159.9,160.395,21570177,161.9547972894,163.4975064777,158.127691803,158.6172052954,21570177,0.0,1.0
2024-07-24 00:00:00+00:00,151.34,161.405,151.1,160.355,37162620,149.6625695902,159.6160106033,149.425229715,158.5776486496,37162620,0.0,1.0
2024-07-25 00:00:00+00:00,149.26,153.55,145.52,151.26,30872127,147.6056240057,151.8480742736,143.9070776183,149.5834562984,30872127,0.0,1.0
2024-07-26 00:00:00+00:00,151.63,153.58,149.9202,153.5,20839871,149.9493552726,151.877741758,148.2585064456,151.7986284663,20839871,0.0,1.0
2024-07-29 00:00:00+00:00,150.22,155.0,149.15,152.02,16625762,148.5549835062,153.2820026858,147.4968432296,150.3350325697,16625762,0.0,1.0
2024-07-30 00:00:00+00:00,143.52,153.47,143.35,153.28,31102341,141.9292453256,151.7689609819,141.7611295807,151.5810669141,31102341,0.0,1.0
2024-07-31 00:00:00+00:00,160.68,161.33,151.0,151.47,45827511,158.8990463972,159.5418418923,149.3263381004,149.7911286892,45827511,0.0,1.0
2024-08-01 00:00:00+00:00,147.02,158.91,146.17,157.5,40319955,145.3904518379,157.1486648181,144.5498731135,155.7542930517,40319955,0.0,1.0
2024-08-02 00:00:00+00:00,143.82,145.35,139.6,141.925,33745843,142.2259201695,143.7389618735,138.0526940319,140.3519240722,33745843,0.0,1.0
2024-08-05 00:00:00+00:00,142.08,145.42,128.5,129.61,41309257,140.5052060749,143.8081860037,127.0757248073,128.1734217297,41309257,0.0,1.0
2024-08-06 00:00:00+00:00,143.92,148.91,140.25,141.73,24751290,142.3248117842,147.2595033545,138.695489527,140.1590854236,24751290,0.0,1.0
2024-08-07 00:00:00+00:00,136.27,150.1,135.83,148.25,29749755,134.7596032645,148.4363135687,134.3244801601,146.6068186979,29749755,0.0,1.0
2024-08-08 00:00:00+00:00,145.74,146.27,138.4,141.2,27583199,144.1246391705,144.6487647281,136.8659946563,139.6349598661,27583199,0.0,1.0
2024-08-09 00:00:00+00:00,148.26,149.55,144.11,144.2,18438655,146.6167078594,147.8924096882,142.512705852,142.6017083051,18438655,0.0,1.0
2024-08-12 00:00:00+00:00,148.62,151.13,146.37,148.08,17778473,146.9727176721,149.4548971994,144.7476563427,146.438702953,17778473,0.0,1.0
2024-08-13 00:00:00+00:00,156.16,156.38,149.81,151.55,22053604,154.4291454156,154.6467069678,148.1495278862,149.8702419809,22053604,0.0,1.0
2024-08-14 00:00:00+00:00,157.69,160.25,154.72,158.02,20184199,155.9421871195,158.4738124542,153.0051061648,156.2685294478,20184199,0.0,1.0
2024-08-15 00:00:00+00:00,166.13,166.67,160.3351,161.2,27944968,164.2886393948,164.8226541139,158.5579692183,159.4132827933,27944968,0.0,1.0
2024-08-16 00:00:00+00:00,165.72,166.09,162.68,164.47,19296868,163.8831837748,164.249082749,160.8768786899,162.6470385919,19296868,0.0,1.0
2024-08-19 00:00:00+00:00,167.71,167.83,160.42,164.86,20441691,165.8511269061,165.9697968436,158.6419281991,163.0327158889,20441691,0.0,1.0
2024-08-20 00:00:00+00:00,165.95,168.3699,164.15,167.05,19417494,164.1106344885,166.5037126711,162.330585425,165.1984422495,19417494,0.0,1.0
2024-08-21 00:00:00+00:00,165.78,166.47,162.88,165.12,16097693,163.9425187436,164.6248708846,161.0746619191,163.289834087,16097693,0.0,1.0
2024-08-22 00:00:00+00:00,162.34,172.42,161.49,170.84,30044532,160.5406472001,170.5089219554,159.7000684757,168.9464344442,30044532,0.0,1.0
2024-08-23 00:00:00+00:00,166.36,168.28,163.46,165.025,18848022,164.5160901085,166.4148091095,161.648233284,163.1958870531,18848022,0.0,1.0
2024-08-26 00:00:00+00:00,159.62,165.7,158.66,164.96,18521153,157.850795282,163.8634054519,156.9014357815,163.1316075036,18521153,0.0,1.0
2024-08-27 00:00:00+00:00,161.39,162.03,155.83,157.6,16683106,159.6011768611,160.2340831947,154.1028030873,155.8531846664,16683106,0.0,1.0
2024-08-28 00:00:00+00:00,158.18,162.28,156.25,160.08,18063622,156.4267560313,160.4813122313,154.5181478688,158.3056967093,18063622,0.0,1.0
2024-08-29 00:00:00+00:00,156.93,163.2,155.41,158.49,23519286,155.1906108483,161.391115086,153.6874583058,156.7333200366,23519286,0.0,1.0
2024-08-30 00:00:00+00:00,162.82,163.24,158.71,161.12,25158510,161.0153269504,161.4306717318,156.9508815888,159.3341695016,25158510,0.0,1.0
2024-09-03 00:00:00+00:00,152.79,160.74,151.38,160.38,37179061,151.0964980024,158.9583813659,149.702126236,158.6023715532,37179061,0.0,1.0
2024-09-04 00:00:00+00:00,154.12,157.79,149.15,150.3,20099668,152.411756477,156.0410787342,147.4968432296,148.6340967979,20099668,0.0,1.0
2024-09-05 00:00:00+00:00,152.82,156.36,150.11,150.565,31548537,151.1261654868,154.6269286449,148.4462027301,148.8961595767,31548537,0.0,1.0
2024-09-06 00:00:00+00:00,136.995,143.5,136.6,143.25,76634630,135.4765674706,141.9094670027,135.0859455928,141.6622379661,76634630,0.0,1.0
2024-09-09 00:00:00+00:00,140.82,141.585,134.9,139.11,39516691,139.2591717304,140.0156925824,133.404788144,137.5681251202,39516691,0.0,1.0
2024-09-10 00:00:00+00:00,148.21,149.86,141.04,141.22,36067473,146.567262052,148.1989736935,139.4767332826,139.654738189,36067473,0.0,1.0
2024-09-11 00:00:00+00:00,158.27,158.87,145.04,148.39,39700766,156.5157584844,157.1091081722,143.4323978681,146.7452669584,39700766,0.0,1.0
2024-09-12 00:00:00+00:00,164.56,166.32,156.83,158.1,43581917,162.736041045,164.4765334626,155.0917192337,156.3476427395,43581917,0.0,1.0
2024-09-13 00:00:00+00:00,167.69,168.08,164.0401,166.735,29850048,165.8313485831,166.2170258802,162.2219035405,164.8869336634,29850048,0.0,1.0
2024-09-16 00:00:00+00:00,164.02,165.5,160.41,165.19,26126934,162.202026326,163.6656222226,158.6320390376,163.3590582172,26126934,0.0,1.0
2024-09-17 00:00:00+00:00,162.47,166.02,160.7,165.49,19844343,160.6692062991,164.1798586187,158.9188247201,163.6557330611,19844343,0.0,1.0
2024-09-18 00:00:00+00:00,161.67,167.47,161.36,163.77,26557560,159.8780733821,165.6137870309,159.5715093767,161.9547972894,26557560,0.0,1.0
2024-09-19 00:00:00+00:00,167.42,170.0,165.66,167.68,32453057,166.0884667812,168.6479473946,164.3424645023,166.346398936,32453057,0.53,1.0
2024-09-20 00:00:00+00:00,171.1,172.02,166.47,167.18,91758507,169.7391988189,170.6518818283,165.1460223693,165.8503755613,91758507,0.0,1.0
2024-09-23 00:00:00+00:00,172.94,173.32,168.3501,172.0,29431112,171.5645648378,171.9415426025,167.0111694628,170.6320408934,29431112,0.0,1.0
2024-09-24 00:00:00+00:00,174.84,175.99,171.68,172.81,34223405,173.4494536616,174.5903074234,170.3145859336,171.4355987604,34223405,0.0,1.0
2024-09-25 00:00:00+00:00,175.52,177.14,173.76,174.65,16613795,174.1240454512,175.7311611852,172.3780431723,173.2609647792,16613795,0.0,1.0
2024-09-26 00:00:00+00:00,178.09,180.25,175.0,178.5,24339996,176.6736055971,178.8164265757,173.6081811415,177.0803447643,24339996,0.0,1.0
2024-09-27 00:00:00+00:00,172.69,178.47,171.76,178.17,20580905,171.3165531504,177.0505833618,170.3939496735,176.752969337,20580905,0.0,1.0
2024-09-30 00:00:00+00:00,172.5,172.92,169.6302,171.87,16900033,171.128064268,171.5447239028,168.2810885067,170.5030748159,16900033,0.0,1.0
2024-10-01 00:00:00+00:00,167.47,172.25,165.8,172.16,23770416,166.1380691187,170.8800525807,164.4813510472,170.7907683733,23770416,0.0,1.0
2024-10-02 00:00:00+00:00,170.66,172.84,167.0201,167.55,14317834,169.3026982492,171.4653601628,165.6917472861,166.2174328586,14317834,0.0,1.0
2024-10-03 00:00:00+00:00,171.89,174.94,169.19,169.62,13072281,170.5229157509,173.5486583365,167.8443895276,168.2709696298,13072281,0.0,1.0
2024-10-04 00:00:00+00:00,176.64,176.8998,172.6,176.3,17941387,175.2351378105,175.492871556,171.227268943,174.8978419157,17941387,0.0,1.0
2024-10-07 00:00:00+00:00,175.08,178.31,173.86,174.82,15588333,173.6875448814,176.8918558819,172.4772478472,173.4296127266,15588333,0.0,1.0
2024-10-08 00:00:00+00:00,180.73,181.6,174.89,175.42,20774189,179.2926090154,180.1556896874,173.4990559991,174.0248407762,20774189,0.0,1.0
2024-10-09 00:00:00+00:00,185.95,186.42,176.42,179.24,25504058,184.4710930472,184.9373550194,175.0168875256,177.8144593589,25504058,0.0,1.0
2024-10-10 00:00:00+00:00,185.69,186.31,182.53,183.56,16317969,184.2131608924,184.828229877,181.0782931643,182.1001013162,16317969,0.0,1.0
2024-10-11 00:00:00+00:00,181.48,182.59,177.4,181.14,23070023,180.0366440775,181.1378159693,175.98909334,179.6993481827,23070023,0.0,1.0
2024-10-14 00:00:00+00:00,182.31,184.951647,180.13,183.3,17195824,180.8600428795,183.4806801988,178.6973809658,181.8421691614,17195824,0.0,1.0
2024-10-15 00:00:00+00:00,175.98,181.7,173.3652,180.79,27657529,174.5803869559,180.2548943623,171.9863831156,179.3521318204,27657529,0.0,1.0
2024-10-16 00:00:00+00:00,176.82,179.25,175.33,178.51,15285054,175.4137062254,177.8243798264,173.9355565688,177.0902652318,15285054,0.0,1.0
2024-10-17 00:00:00+00:00,181.53,185.51,180.69,181.37,25232427,180.0862464149,184.0345924775,179.2529271455,179.927518935,25232427,0.0,1.0
2024-10-18 00:00:00+00:00,179.89,182.71,178.68,182.32,17835247,178.459289746,181.2568615792,177.2589131792,180.869963347,17835247,0.0,1.0
2024-10-21 00:00:00+00:00,179.99,181.7199,178.25,179.38,13695149,178.5584944209,180.2746360927,176.832333077,177.9533459038,13695149,0.0,1.0
2024-10-22 00:00:00+00:00,179.38,180.69,177.41,178.66,12062648,177.9533459038,179.2529271455,175.9990138075,177.2390722442,12062648,0.0,1.0
2024-10-23 00:00:00+00:00,173.51,178.98,172.57,177.585,19513713,172.1300314849,177.556527204,171.1975075405,176.1726219886,19513713,0.0,1.0
2024-10-24 00:00:00+00:00,171.35,174.3,169.5,174.26,20485174,169.9872105063,172.9137484169,168.1519240199,172.874066547,20485174,0.0,1.0
2024-10-25 00:00:00+00:00,173.0,176.796,172.72,174.19,19977679,171.6240876427,175.3898971034,171.3463145529,172.8046232745,19977679,0.0,1.0
2024-10-28 00:00:00+00:00,172.02,173.9728,171.345,173.0,13195829,170.6518818283,172.5891507205,169.9822502725,171.6240876427,13195829,0.0,1.0
2024-10-29 00:00:00+00:00,179.24,180.23,171.2101,172.435,23702344,177.8144593589,178.7965856408,169.848423166,171.0635812293,23702344,0.0,1.0
2024-10-30 00:00:00+00:00,176.64,179.19,175.62,177.47,17911488,175.2351378105,177.7648570214,174.2232501261,176.0585366125,17911488,0.0,1.0
2024-10-31 00:00:00+00:00,169.77,174.45,167.38,174.45,26086587,168.4197766422,173.0625554293,166.0487849112,173.0625554293,26086587,0.0,1.0
2024-11-01 00:00:00+00:00,168.92,171.3255,167.5,168.26,17847038,167.5765369053,169.9629053609,166.1678305211,166.9217860507,17847038,0.0,1.0
2024-11-04 00:00:00+00:00,168.55,172.45,168.42,169.28,13621310,167.209479608,171.0784619306,167.0805135306,167.933673735,13621310,0.0,1.0
2024-11-05 00:00:00+00:00,173.9,174.4,170.05,170.05,13441752,172.5169297172,173.0129530919,168.6975497321,168.6975497321,13441752,0.0,1.0
2024-11-06 00:00:00+00:00,179.55,180.21,175.96,179.63,24300758,178.1219938512,178.7767447058,174.5605460209,178.2013575911,24300758,0.0,1.0
2024-11-07 00:00:00+00:00,183.81,184.8722,181.79,181.9853,18970581,182.3481130035,183.4018650607,180.3441785698,180.5379252999,18970581,0.0,1.0
2024-11-08 00:00:00+00:00,183.64,185.05,181.83,182.99,13503154,182.1794650561,183.5782509728,180.3838604398,181.534634669,13503154,0.0,1.0
2024-11-11 00:00:00+00:00,178.91,183.63,176.8201,183.4,17036660,177.4870839316,182.1695445886,175.41380543,181.9413738363,17036660,0.0,1.0
2024-11-12 00:00:00+00:00,176.22,179.56,173.2,178.9,15861981,174.8184781757,178.1319143187,171.8224969926,177.4771634641,15861981,0.0,1.0
2024-11-13 00:00:00+00:00,173.58,175.5926,172.6,174.705,17472513,172.1994747574,174.1960680452,171.227268943,173.3155273504,17472513,0.0,1.0
2024-11-14 00:00:00+00:00,170.38,175.57,169.87,174.77,20638855,169.0249251594,174.1736477886,168.5189813172,173.3800103891,20638855,0.0,1.0
2024-11-15 00:00:00+00:00,164.84,169.135,163.43,168.47,20836160,163.5289861678,167.7898269564,162.1302002512,167.130115868,20836160,0.0,1.0
2024-11-18 00:00:00+00:00,165.67,166.3463,162.22,165.66,17870329,164.3523849698,165.0233061864,160.9298236844,164.3424645023,17870329,0.0,1.0
2024-11-19 00:00:00+00:00,165.35,166.8,164.31,166.66,18003401,164.03493001,165.4733977966,163.0032013906,165.3345112517,18003401,0.0,1.0
2024-11-20 00:00:00+00:00,163.25,165.54,160.86,165.54,17196728,161.9516318363,164.2234188924,159.5806401053,164.2234188924,17196728,0.0,1.0
2024-11-21 00:00:00+00:00,163.94,166.34,160.6,166.25,24835252,162.6361440934,165.0170562919,159.3227079504,164.9277720844,24835252,0.0,1.0
2024-11-22 00:00:00+00:00,164.23,164.9092,162.4,164.3,17332473,162.9238376507,163.5976358029,161.1083920993,162.9932809231,17332473,0.0,1.0
2024-11-25 00:00:00+00:00,164.82,167.225,162.89,165.395,26850591,163.5091452328,165.8950176651,161.5944950065,164.0795721137,26850591,0.0,1.0
2024-11-26 00:00:00+00:00,164.74,166.37,162.69,164.6,16308772,163.4297814929,165.0468176943,161.3960856566,163.2908949479,16308772,0.0,1.0
2024-11-27 00:00:00+00:00,159.67,163.2,157.54,163.2,19722723,158.4001044735,161.9020294988,156.2870448973,161.9020294988,19722723,0.0,1.0
2024-11-29 00:00:00+00:00,162.08,162.69,159.08,159.57,11024005,160.7909371395,161.3960856566,157.8147968914,158.3008997986,11024005,0.0,1.0
2024-12-02 00:00:00+00:00,166.51,168.3797,162.75,162.95,21472442,165.1857042393,167.0405340466,161.4556084616,161.6540178115,21472442,0.0,1.0
2024-12-03 00:00:00+00:00,168.15,168.27,164.03,164.48,17024434,166.8126609082,166.9317065182,162.7254283008,163.171849338,17024434,0.0,1.0
2024-12-04 00:00:00+00:00,170.56,175.39,168.56,173.44,32748246,169.2034935742,173.9950793738,167.2194000755,172.0605882125,32748246,0.0,1.0
2024-12-05 00:00:00+00:00,170.47,172.3981,169.2,170.75,18489993,169.1142093668,171.0269747043,167.8543099951,169.3919824566,18489993,0.0,1.0
2024-12-06 00:00:00+00:00,179.53,180.68,169.3301,170.1,27830828,178.1021529162,179.243006678,167.9833752772,168.7471520695,27830828,0.0,1.0
2024-12-09 00:00:00+00:00,178.94,180.7933,176.0209,178.95,20886305,177.5168453341,179.3554055747,174.6209616679,177.5267658015,20886305,0.0,1.0
2024-12-10 00:00:00+00:00,171.81,178.5,169.73,177.81,27762632,170.443552011,177.0803447643,168.3800947723,176.3958325073,27762632,0.0,1.0
2024-12-11 00:00:00+00:00,183.2,184.87,176.4296,180.01,41295179,181.7429644864,183.3996825579,175.0264111744,178.5783353559,41295179,0.0,1.0
2024-12-12 00:00:00+00:00,180.66,182.0,175.99,180.93,46967170,179.223165743,180.5525083872,174.5903074234,179.4910183653,46967170,0.0,1.0
2024-12-13 00:00:00+00:00,224.8,228.7,211.11,213.9,121336628,223.0121092606,226.8810915832,209.4309892616,212.1987996924,121336628,0.0,1.0
2024-12-16 00:00:00+00:00,250.0,251.88,230.81,231.79,111623166,248.011687345,249.8767352338,228.9743102244,229.9465160388,111623166,0.0,1.0
2024-12-17 00:00:00+00:00,240.23,242.47,233.8,240.65,70382134,238.3193906036,240.5415753222,231.940530005,238.7360502383,70382134,0.0,1.0
2024-12-18 00:00:00+00:00,223.62,239.85,219.22,239.41,53960103,221.8414940964,237.9424128388,217.4764883991,237.5059122691,53960103,0.0,1.0
2024-12-19 00:00:00+00:00,218.32,228.05,217.58,227.91,40845167,216.5836463246,226.2362611961,215.8495317301,226.0973746512,40845167,0.0,1.0
2024-12-20 00:00:00+00:00,220.79,230.29,218.91,220.36,131910354,219.0340017956,228.4584459147,217.1689539068,218.6074216934,131910354,0.0,1.0
2024-12-23 00:00:00+00:00,232.35,233.3994,225.13,226.69,40643778,231.0873698006,232.131067179,223.9066045328,225.4581272223,40643778,0.59,1.0
2024-12-24 00:00:00+00:00,239.68,240.228,234.8,240.115,22827188,238.3775373092,238.9225593822,233.5240560756,238.8101734438,22827188,0.0,1.0
2024-12-26 00:00:00+00:00,245.36,247.28,237.6,240.0,28537540,244.0266712041,245.9362375911,236.30884039,238.6957983737,28537540,0.0,1.0
2024-12-27 00:00:00+00:00,241.75,245.78,236.3532,245.64,29282230,240.4362885702,244.4443888512,235.0688157174,244.3051496355,29282230,0.0,1.0
2024-12-30 00:00:00+00:00,235.58,238.77,231.62,234.695,27316797,234.2998174204,237.4724824071,230.3613367472,233.4196266638,27316797,0.0,1.0
2024-12-31 00:00:00+00:00,231.84,237.46,231.31,235.88,17927719,230.580141229,236.1696011743,230.053021341,234.5981871683,17927719,0.0,1.0
2025-01-02 00:00:00+00:00,231.98,239.5,230.2425,236.155,31525830,230.7193804447,238.1985154605,228.9913223211,234.8716927706,31525830,0.0,1.0
2025-01-03 00:00:00+00:00,232.55,236.4893,229.0,233.59,24973192,231.2862829659,235.2041761264,227.7555742816,232.3206314255,24973192,0.0,1.0
2025-01-06 00:00:00+00:00,236.41,241.75,233.3,236.5,34028377,235.1253070564,240.4362885702,232.0322073358,235.2148179808,34028377,0.0,1.0
2025-01-07 00:00:00+00:00,228.64,239.5,227.6,239.5,25928606,227.397530584,238.1985154605,226.3631821244,238.1985154605,25928606,0.0,1.0
2025-01-08 00:00:00+00:00,229.31,232.47,226.06,229.7,18756487,228.0638896878,231.2067176998,224.8315507515,228.4517703602,18756487,0.0,1.0
2025-01-10 00:00:00+00:00,224.31,227.83,221.25,227.3,23864005,223.0910605551,226.5919322645,220.0476891258,226.0648123765,23864005,0.0,1.0
2025-01-13 00:00:00+00:00,225.29,229.26,219.51,219.99,23772091,224.0657350651,228.0141613965,218.3171445876,218.7945361843,23772091,0.0,1.0
2025-01-14 00:00:00+00:00,224.7,230.26,223.1,226.57,18143124,223.4789412274,229.0087272231,221.8876359049,225.3387793231,18143124,0.0,1.0
2025-01-15 00:00:00+00:00,228.0,230.34,225.58,228.55,21745616,226.761008455,229.0882924892,224.3541591548,227.3080196597,21745616,0.0,1.0
2025-01-16 00:00:00+00:00,229.41,238.6,229.21,235.22,23471871,228.1633462705,237.3034062166,227.9644331052,233.9417737228,23471871,0.0,1.0
2025-01-17 00:00:00+00:00,237.44,238.1,232.66,237.08,31196642,236.1497098577,236.8061233033,231.3956852068,235.7916661602,31196642,0.0,1.0
2025-01-21 00:00:00+00:00,240.31,242.75,237.4,241.5,30903186,239.00411378,241.4308543968,236.1099272247,240.1876471136,30903186,0.0,1.0
2025-01-22 00:00:00+00:00,240.91,246.99,240.69,246.75,29610501,239.6008532759,245.6478135014,239.3820487941,245.409117703,29610501,0.0,1.0
2025-01-23 00:00:00+00:00,240.28,240.4,236.12,238.41,17653942,238.9742768052,239.0936247044,234.8368829667,237.1144387095,17653942,0.0,1.0
2025-01-24 00:00:00+00:00,244.7,249.59,241.91,244.7,25387825,243.3702577586,248.2336846504,240.5954191025,243.3702577586,25387825,0.0,1.0
2025-01-27 00:00:00+00:00,202.13,218.43,196.23,213.4,90569376,201.031590522,217.2430134949,195.1636521453,212.2403473873,90569376,0.0,1.0
2025-01-28 00:00:00+00:00,207.36,209.95,198.89,208.01,50315987,206.2331697949,208.8090952857,197.809197244,206.8796375822,50315987,0.0,1.0
2025-01-29 00:00:00+00:00,206.35,211.45,202.77,208.84,32533735,205.2286583101,210.3009440255,201.668112651,207.7051272182,32533735,0.0,1.0
2025-01-30 00:00:00+00:00,215.66,221.96,213.7,218.57,42449478,214.4880661553,220.7538308626,212.5387171353,217.3822527106,42449478,0.0,1.0
2025-01-31 00:00:00+00:00,221.27,226.8,216.3,219.66,41150975,220.0675804423,225.5675294632,215.1245882843,218.4663294616,41150975,0.0,1.0
2025-02-03 00:00:00+00:00,217.73,220.9377,213.51,215.46,24507274,216.5468174163,219.7370862182,212.3497496282,214.28915299,24507274,0.0,1.0
2025-02-04 00:00:00+00:00,222.43,223.03,215.3,219.35,23768517,221.2212768011,221.8180162971,214.1300224578,218.1580140553,23768517,0.0,1.0
2025-02-05 00:00:00+00:00,232.0,237.9299,227.5,233.94,29250582,230.7392717613,236.6369476562,226.2637255418,232.6687294648,29250582,0.0,1.0
2025-02-06 00:00:00+00:00,231.36,234.8,228.56,234.5,21169529,230.1027496323,233.5240560756,227.3179653179,233.2256863277,21169529,0.0,1.0
2025-02-07 00:00:00+00:00,224.87,235.65,224.11,235.0,22117468,223.6480174179,234.3694370282,222.8921473897,233.7229692409,22117468,0.0,1.0
2025-02-10 00:00:00+00:00,235.04,235.82,227.12,227.43,23901643,233.762751874,234.5385132187,225.8857905277,226.1941059339,23901643,0.0,1.0
2025-02-11 00:00:00+00:00,235.04,237.89,229.9739,232.48,18476200,233.762751874,236.5972644797,228.7241819401,231.216663358,18476200,0.0,1.0
2025-02-12 00:00:00+00:00,236.35,236.48,230.0,230.355,16397336,235.0656331068,235.1949266643,228.7501401082,229.1032109766,16397336,0.0,1.0
2025-02-13 00:00:00+00:00,235.8,236.95,230.7276,236.06,20962031,234.5186219022,235.6623726027,229.4737862036,234.7772090171,20962031,0.0,1.0
2025-02-14 00:00:00+00:00,233.04,235.74,228.9,234.53,16988777,231.7736202209,234.4589479526,227.6561176989,233.2555233025,16988777,0.0,1.0
2025-02-18 00:00:00+00:00,228.53,232.2,224.3001,230.1,26080547,227.2881283431,230.9381849266,223.0812143534,228.8495966908,26080547,0.0,1.0
2025-02-19 00:00:00+00:00,228.73,229.0653,224.4,227.85,16375487,227.4870415084,227.8205194301,223.1805714794,226.6118235811,16375487,0.0,1.0
2025-02-20 00:00:00+00:00,226.74,228.98,222.75,228.645,16103996,225.5078555136,227.7356829651,221.5395378656,227.4025034132,16103996,0.0,1.0
2025-02-21 00:00:00+00:00,218.66,227.75,215.63,225.65,24883556,217.471763635,226.5123669984,214.4582291805,224.4237787626,24883556,0.0,1.0
2025-02-24 00:00:00+00:00,207.93,219.48,207.54,218.6,33050425,206.800072316,218.2873076128,206.4121916437,217.4120896854,33050425,0.0,1.0
2025-02-25 00:00:00+00:00,202.54,208.6425,200.92,207.0,33100814,201.4393625109,207.5087004675,199.8281658719,205.8751260973,33100814,0.0,1.0
2025-02-26 00:00:00+00:00,212.94,213.54,206.0,206.91,21368302,211.7828471071,212.379586603,204.8805602708,205.785615173,21368302,0.0,1.0
2025-02-27 00:00:00+00:00,197.8,219.25,197.4,217.28,27572887,196.725120493,218.0585574727,196.3272941624,216.0992627944,27572887,0.0,1.0
2025-02-28 00:00:00+00:00,199.43,201.19,193.15,195.76,39747248,198.3462627903,200.096698645,192.1003893995,194.6962062068,39747248,0.0,1.0
2025-03-03 00:00:00+00:00,187.37,204.06,184.53,204.0,37435603,186.351798922,202.9511025673,183.5272319746,202.8914286177,37435603,0.0,1.0
2025-03-04 00:00:00+00:00,187.48,193.95,180.48,189.215,37910477,186.4612011629,192.8960420608,179.499240377,188.186772872,37910477,0.0,1.0
2025-03-05 00:00:00+00:00,191.58,194.08,187.1,191.86,25644540,190.5389210518,193.0253356182,186.0832661489,190.8173994833,25644540,0.0,1.0
2025-03-06 00:00:00+00:00,179.45,186.83,177.61,181.04,56864099,178.4748375757,185.8147333757,176.6448364548,180.0561972399,56864099,0.0,1.0
2025-03-07 00:00:00+00:00,194.96,195.48,181.56,187.73,74528855,193.9005535456,194.4177277754,180.5733714697,186.7098426196,74528855,0.0,1.0
2025-03-10 00:00:00+00:00,184.45,191.98,180.43,189.6,43844089,183.4476667085,190.9367473825,179.4495120857,188.5696807153,43844089,0.0,1.0
2025-03-11 00:00:00+00:00,190.09,195.6155,185.345,188.05,42153248,189.0570179703,194.5524914449,184.3378031232,187.0281036841,42153248,0.0,1.0
2025-03-12 00:00:00+00:00,194.23,199.98,192.4527,196.215,30409728,193.1745204922,198.8932739949,191.4068786487,195.1487336579,30409728,0.0,1.0
2025-03-13 00:00:00+00:00,191.36,196.32,189.465,193.15,27236137,190.32011657,195.2531630697,188.4354143287,192.1003893995,27236137,0.0,1.0
2025-03-14 00:00:00+00:00,195.54,197.5,193.2,196.2,25900939,194.477401725,196.4267507451,192.1501176909,195.1338151705,25900939,0.0,1.0
2025-03-17 00:00:00+00:00,194.5,196.72,187.5,188.05,26830624,193.4430532654,195.6509894003,186.4810924795,187.0281036841,26830624,0.0,1.0
2025-03-18 00:00:00+00:00,188.67,192.89,186.9,190.44,24951025,187.6447344966,191.8418022846,185.8843529835,189.4051160096,24951025,0.0,1.0
2025-03-19 00:00:00+00:00,195.57,198.27,186.9,189.34,37962698,194.5072386998,197.1925664315,185.8843529835,188.3110936003,37962698,0.0,1.0
2025-03-20 00:00:00+00:00,190.54,193.8365,188.94,191.52,31430022,190.0913664299,193.3801046971,188.4951336898,191.0690589832,31430022,0.59,1.0
2025-03-21 00:00:00+00:00,191.66,192.07,187.37,188.21,43086517,191.2087293479,191.6177639875,186.9288303137,187.7668525022,43086517,0.0,1.0
2025-03-24 00:00:00+00:00,191.25,196.69,190.67,194.295,33180280,190.7996947083,196.2268860244,190.22106034,193.8375251417,33180280,0.0,1.0
2025-03-25 00:00:00+00:00,188.26,191.6,187.68,190.885,23417250,187.8167347753,191.1488706202,187.2381004071,190.4355541145,23417250,0.0,1.0
2025-03-26 00:00:00+00:00,179.27,188.06,177.582,186.66,30670536,178.8479020672,187.6172056828,177.1638765265,186.2205020353,30670536,0.0,1.0
2025-03-27 00:00:00+00:00,171.99,178.38,170.46,177.655,32151667,171.5850431,177.9599976056,170.0586455423,177.2367046452,32151667,0.0,1.0
2025-03-28 00:00:00+00:00,169.12,173.3,166.47,171.93,30391479,168.7218006226,172.8919586559,166.0780401469,171.5251843723,30391479,0.0,1.0
2025-03-31 00:00:00+00:00,167.43,167.94,160.62,164.485,35656449,167.0357797909,167.5445789768,160.2418141911,164.0977139037,35656449,0.0,1.0
2025-04-01 00:00:00+00:00,168.52,168.71,163.42,166.37,20472443,168.123213345,168.3127659829,163.0352214862,165.9782756006,20472443,0.0,1.0
2025-04-02 00:00:00+00:00,172.09,173.43,165.5,166.08,19523663,171.6848076463,173.021652566,165.1103240482,165.6889584165,19523663,0.0,1.0
2025-04-03 00:00:00+00:00,154.01,163.425,153.7,160.54,44354859,153.6473776838,163.0402097135,153.3381075904,160.1620025541,44354859,0.0,1.0
2025-04-04 00:00:00+00:00,146.29,152.8,139.1701,148.17,72302229,145.9455547131,152.4402266741,138.8424187844,147.8211281826,72302229,0.0,1.0
2025-04-07 00:00:00+00:00,154.14,160.43,138.1,144.49,68503505,153.7770715939,160.0522615532,137.774838375,144.1497928805,68503505,0.0,1.0
2025-04-08 00:00:00+00:00,156.03,169.78,153.09,167.62,58888228,155.6626215181,169.3802466278,152.7295438582,167.2253324288,58888228,0.0,1.0
2025-04-09 00:00:00+00:00,185.15,187.33,157.51,160.5,72708307,184.7140573869,186.8889244952,157.1391368026,160.1220967356,72708307,0.0,1.0
2025-04-10 00:00:00+00:00,172.3,176.95,166.4,175.3,51212217,171.8943131934,176.5333645941,166.0082049645,174.887249581,51212217,0.0,1.0
2025-04-11 00:00:00+00:00,181.94,182.66,173.31,173.62,33964143,181.5116154522,182.2299201852,172.9019351105,173.2112052039,33964143,0.0,1.0
2025-04-14 00:00:00+00:00,178.36,186.0,175.82,185.075,25748301,177.9400446963,185.56205603,175.4060252215,184.6392339772,25748301,0.0,1.0
2025-04-15 00:00:00+00:00,178.95,182.2644,178.08,179.725,17242350,178.5286555192,181.8352516402,177.6607039668,179.3018307527,17242350,0.0,1.0
2025-04-16 00:00:00+00:00,174.61,176.08,166.92,170.43,34638639,174.1988742118,175.6654130417,166.526980605,170.0287161785,34638639,0.0,1.0
2025-04-17 00:00:00+00:00,170.99,176.25,169.9156,176.25,22501785,170.5873976375,175.8350127704,169.5155273525,175.8350127704,22501785,0.0,1.0
2025-04-21 00:00:00+00:00,166.21,168.0,161.61,166.99,23469794,165.8186523266,167.6044377045,161.229483199,166.5968157874,23469794,0.0,1.0
2025-04-22 00:00:00+00:00,169.58,170.52,165.2229,167.43,18504860,169.1807175353,170.1185042701,164.8338764905,167.0357797909,18504860,0.0,1.0
2025-04-23 00:00:00+00:00,176.91,180.45,175.82,177.78,24380470,176.4934587756,180.025123713,175.4060252215,177.361410328,24380470,0.0,1.0
2025-04-24 00:00:00+00:00,188.15,188.57,178.295,179.69,27576900,187.7069937744,188.1260048687,177.8751977412,179.2669131615,27576900,0.0,1.0
2025-04-25 00:00:00+00:00,192.31,193.37,186.89,186.92,21242342,191.8571988986,192.9147030888,186.4499604917,186.4798898555,21242342,0.0,1.0
2025-04-28 00:00:00+00:00,192.47,193.1,187.68,190.53,16385846,192.0168221726,192.645338814,187.2381004071,190.0813899753,16385846,0.0,1.0
2025-04-29 00:00:00+00:00,191.17,193.25,190.1,191.72,14630015,190.7198830713,192.7949856333,189.6524024264,191.2685880757,14630015,0.0,1.0
2025-04-30 00:00:00+00:00,192.47,193.2,184.02,185.895,22768862,192.0168221726,192.7451033602,183.5867180142,185.4573032564,22768862,0.0,1.0
2025-05-01 00:00:00+00:00,197.33,201.4,196.235,198.14,24939695,196.8653791204,200.9257961529,195.772957339,197.6734719451,24939695,0.0,1.0
2025-05-02 00:00:00+00:00,203.64,205.68,201.08,203.9,17766751,203.160521989,205.1957187325,200.6065496049,203.4199098092,17766751,0.0,1.0
2025-05-05 00:00:00+00:00,200.72,203.2347,200.0,200.25,14025425,200.2473972384,202.756176283,199.5290925054,199.778503871,14025425,0.0,1.0
2025-05-06 00:00:00+00:00,200.09,201.91,195.94,196.44,16348806,199.618880597,201.4345953388,195.4786519275,195.9774746588,16348806,0.0,1.0
2025-05-07 00:00:00+00:00,204.81,206.23,198.43,199.285,20277825,204.3277671801,205.7444237369,197.9627891292,198.8157759997,20277825,0.0,1.0
2025-05-08 00:00:00+00:00,207.77,211.1625,203.69,208.0,18460929,207.2807977492,210.6653099808,203.2104042621,207.5102562056,18460929,0.0,1.0
2025-05-09 00:00:00+00:00,208.2,209.96,206.52,209.33,13289174,207.7097852981,209.4656413122,206.0337409211,208.8371246708,13289174,0.0,1.0
2025-05-12 00:00:00+00:00,221.58,221.8,215.88,219.49,25437672,221.0582815867,221.2777635885,215.3717024503,218.97320257,25437672,0.0,1.0
2025-05-13 00:00:00+00:00,232.42,235.28,222.0,222.0,28790536,231.8727584005,234.7260244233,221.477292681,221.477292681,28790536,0.0,1.0
2025-05-14 00:00:00+00:00,232.12,233.5,228.35,230.23,19751445,231.5734647618,232.9502155,227.812341368,229.6879148376,19751445,0.0,1.0
2025-05-15 00:00:00+00:00,232.64,234.455,228.07,230.16,18803678,232.0922404023,233.9029669168,227.5330006385,229.6180796552,18803678,0.0,1.0
2025-05-16 00:00:00+00:00,228.61,232.64,226.39,232.32,23094606,228.0717291883,232.0922404023,225.8569562615,231.7729938543,23094606,0.0,1.0
2025-05-19 00:00:00+00:00,230.63,231.2499,221.6,221.85,15355450,230.0869730226,230.7054134448,221.078234496,221.3276458616,15355450,0.0,1.0
2025-05-20 00:00:00+00:00,231.68,231.77,226.34,226.49,11787156,231.1345007582,231.2242888499,225.8070739883,225.9567208077,11787156,0.0,1.0
2025-05-21 00:00:00+00:00,229.73,236.5,227.8301,228.39,17642941,229.1890921063,235.9431518876,227.2936654921,227.8522471865,17642941,0.0,1.0
2025-05-22 00:00:00+00:00,230.53,233.6899,227.43,228.34,14340230,229.9872084763,233.1396683734,226.8945075425,227.8023649134,14340230,0.0,1.0
2025-05-23 00:00:00+00:00,228.72,230.65,226.18,226.94,15385632,228.1814701892,230.1069259318,225.6474507143,226.4056612659,15385632,0.0,1.0
2025-05-27 00:00:00+00:00,235.65,236.48,231.1308,232.865,17941668,235.0951532445,235.9231989784,230.5865938702,232.3167106313,17941668,0.0,1.0
2025-05-28 00:00:00+00:00,239.43,240.99,234.425,237.15,20443004,238.8662530928,240.4225800144,233.8730375529,236.5916214383,20443004,0.0,1.0
2025-05-29 00:00:00+00:00,241.97,246.07,237.4,245.905,20768031,241.4002725676,245.490618964,236.8410328039,245.3260074627,20768031,0.0,1.0
2025-05-30 00:00:00+00:00,242.07,243.17,234.9,241.215,27088559,241.5000371139,242.5974471227,234.3469191476,240.6470502434,27088559,0.0,1.0
2025-06-02 00:00:00+00:00,248.71,250.0,243.19,243.25,19197009,248.1244029851,249.4113656317,242.6174000319,242.6772587597,19197009,0.0,1.0
2025-06-03 00:00:00+00:00,256.85,257.88,249.4,250.075,30380248,256.24523705,257.2728118764,248.8127783542,249.4861890414,30380248,0.0,1.0
2025-06-04 00:00:00+00:00,261.08,265.43,257.59,258.06,31536047,260.4652773565,264.8050351185,256.9834946923,257.4523880597,31536047,0.0,1.0
2025-06-05 00:00:00+00:00,259.93,264.89,259.06,262.95,42334079,259.3179850746,264.2663065688,258.4500335222,262.3308743715,42334079,0.0,1.0
2025-06-06 00:00:00+00:00,246.93,255.32,246.1348,251.14,41146653,246.3485940618,254.7188394924,245.55526639,250.548681459,41146653,0.0,1.0
2025-06-09 00:00:00+00:00,244.28,248.17,241.11,245.045,25334081,243.7048335861,247.5856744353,240.5422974699,244.4680323649,25334081,0.0,1.0
2025-06-10 00:00:00+00:00,244.63,246.2795,241.4,244.215,25491286,244.054009498,245.6996256884,240.831614654,243.639986631,25491286,0.0,1.0
2025-06-11 00:00:00+00:00,252.91,254.77,243.8,246.355,24598987,252.3145139277,254.170134488,243.2259637641,245.7749479208,24598987,0.0,1.0
2025-06-12 00:00:00+00:00,256.07,257.89,249.5,250.185,20410901,255.4670735893,257.2827883311,248.9125429005,249.5959300423,20410901,0.0,1.0
2025-06-13 00:00:00+00:00,248.7,254.0,248.35,250.66,19028440,248.1144265304,253.4019474818,247.7652506186,250.069811637,19028440,0.0,1.0
2025-06-16 00:00:00+00:00,252.1,255.19,249.565,250.35,20363010,251.506421103,254.5891455822,248.9773898555,249.7605415436,20363010,0.0,1.0
2025-06-17 00:00:00+00:00,249.37,253.96,247.92,250.95,22014312,248.7828489903,253.3620416633,247.3362630697,250.3591288211,22014312,0.0,1.0
2025-06-18 00:00:00+00:00,251.26,255.64,249.41,250.89,30435494,250.6683989145,255.0380860404,248.8227548088,250.2992700934,30435494,0.0,1.0
2025-06-20 00:00:00+00:00,249.99,253.52,244.17,253.21,42134900,249.99,253.52,244.17,253.21,42134900,0.59,1.0
2025-06-23 00:00:00+00:00,253.77,254.21,246.46,249.105,19747034,253.77,254.21,246.46,249.105,19747034,0.0,1.0
2025-06-24 00:00:00+00:00,263.77,265.87,258.77,258.77,32764864,263.77,265.87,258.77,258.77,32764864,0.0,1.0
2025-06-25 00:00:00+00:00,264.65,269.87,263.43,266.0,18894163,264.65,269.87,263.43,266.0,18894163,0.0,1.0
2025-06-26 00:00:00+00:00,270.17,271.67,264.125,265.075,23569585,270.17,271.67,264.125,265.075,23569585,0.0,1.0
2025-06-27 00:00:00+00:00,269.35,271.85,266.88,270.3,27477575,269.35,271.85,266.88,270.3,27477575,0.0,1.0
2025-06-30 00:00:00+00:00,275.65,277.705,272.13,274.73,24708432,275.65,277.705,272.13,274.73,24708432,0.0,1.0
2025-07-01 00:00:00+00:00,264.74,274.5,262.6555,274.4,28847626,264.74,274.5,262.6555,274.4,28847626,0.0,1.0
2025-07-02 00:00:00+00:00,269.9,272.0,262.73,263.99,17582090,269.9,272.0,262.73,263.99,17582090,0.0,1.0
2025-07-03 00:00:00+00:00,275.18,275.8,270.12,270.73,10592655,275.18,275.8,270.12,270.73,10592655,0.0,1.0
2025-07-07 00:00:00+00:00,274.18,277.56,272.66,275.13,16760617,274.18,277.56,272.66,275.13,16760617,0.0,1.0
2025-07-08 00:00:00+00:00,271.8,276.345,271.1545,276.345,14869407,271.8,276.345,271.1545,276.345,14869407,0.0,1.0
2025-07-09 00:00:00+00:00,277.9,279.45,272.72,272.96,20133002,277.9,279.45,272.72,272.96,20133002,0.0,1.0
2025-07-10 00:00:00+00:00,275.4,281.18,272.7,279.785,17891599,275.4,281.18,272.7,279.785,17891599,0.0,1.0
2025-07-11 00:00:00+00:00,274.38,276.47,271.89,274.14,14274674,274.38,276.47,271.89,274.14,14274674,0.0,1.0
2025-07-14 00:00:00+00:00,275.6,278.355,269.58,274.13,11934236,275.6,278.355,269.58,274.13,11934236,0.0,1.0
2025-07-15 00:00:00+00:00,280.94,283.36,277.8501,279.805,17918352,280.94,283.36,277.8501,279.805,17918352,0.0,1.0
2025-07-16 00:00:00+00:00,280.81,281.51,275.67,280.105,15031022,280.81,281.51,275.67,280.105,15031022,0.0,1.0
2025-07-17 00:00:00+00:00,286.45,288.28,279.91,281.14,17231099,286.45,288.28,279.91,281.14,17231099,0.0,1.0
2025-07-18 00:00:00+00:00,283.34,287.53,281.0,287.11,15012409,283.34,287.53,281.0,287.11,15012409,0.0,1.0
2025-07-21 00:00:00+00:00,288.21,290.54,283.63,283.955,17726804,288.21,290.54,283.63,283.955,17726804,0.0,1.0
2025-07-22 00:00:00+00:00,278.59,288.0,276.43,287.655,16564831,278.59,288.0,276.43,287.655,16564831,0.0,1.0
2025-07-23 00:00:00+00:00,283.69,284.0,273.0,276.78,20556237,283.69,284.0,273.0,276.78,20556237,0.0,1.0
2025-07-24 00:00:00+00:00,288.71,291.2,283.5,289.79,16413778,288.71,291.2,283.5,289.79,16413778,0.0,1.0
2025-07-25 00:00:00+00:00,290.18,292.5943,287.27,288.07,12476248,290.18,292.5943,287.27,288.07,12476248,0.0,1.0
2025-07-28 00:00:00+00:00,294.3,295.45,290.59,292.46,13683375,294.3,295.45,290.59,292.46,13683375,0.0,1.0
2025-07-29 00:00:00+00:00,297.42,302.19,294.87,297.5,19210780,297.42,302.19,294.87,297.5,19210780,0.0,1.0
2025-07-30 00:00:00+00:00,302.62,303.255,295.8,297.15,16738929,302.62,303.255,295.8,297.15,16738929,0.0,1.0
2025-07-31 00:00:00+00:00,293.7,306.949,290.225,302.8,25488478,293.7,306.949,290.225,302.8,25488478,0.0,1.0
2025-08-01 00:00:00+00:00,288.64,292.6365,281.61,286.535,21428128,288.64,292.6365,281.61,286.535,21428128,0.0,1.0
2025-08-04 00:00:00+00:00,297.72,298.48,291.4,292.2,17164629,297.72,298.48,291.4,292.2,17164629,0.0,1.0
2025-08-05 00:00:00+00:00,292.93,301.2,291.45,297.81,18477469,292.93,301.2,291.45,297.81,18477469,0.0,1.0
2025-08-06 00:00:00+00:00,301.67,302.81,291.9044,292.9,17392100,301.67,302.81,291.9044,292.9,17392100,0.0,1.0
2025-08-07 00:00:00+00:00,303.76,310.34,299.8807,306.17,16319444,303.76,310.34,299.8807,306.17,16319444,0.0,1.0
2025-08-08 00:00:00+00:00,304.97,307.87,302.5518,304.05,12458746,304.97,307.87,302.5518,304.05,12458746,0.0,1.0
