date,close,high,low,open,volume,adjClose,adjHigh,adjLow,adjOpen,adjVolume,divCash,splitFactor
2018-01-02 00:00:00+00:00,42.05,42.21,41.71,42.0,1911145,42.05,42.21,41.71,42.0,1911145,0.0,1.0
2018-01-03 00:00:00+00:00,42.93,42.95,42.05,42.16,2128022,42.93,42.95,42.05,42.16,2128022,0.0,1.0
2018-01-04 00:00:00+00:00,43.58,43.93,43.08,43.19,3115664,43.58,43.93,43.08,43.19,3115664,0.0,1.0
2018-01-05 00:00:00+00:00,43.99,44.2,43.67,43.78,1628381,43.99,44.2,43.67,43.78,1628381,0.0,1.0
2018-01-08 00:00:00+00:00,44.92,45.05,43.92,43.95,1811264,44.92,45.05,43.92,43.95,1811264,0.0,1.0
2018-01-09 00:00:00+00:00,45.07,45.27,44.62,45.0,1515496,45.07,45.27,44.62,45.0,1515496,0.0,1.0
2018-01-10 00:00:00+00:00,44.84,45.17,44.57,44.89,1066683,44.84,45.17,44.57,44.89,1066683,0.0,1.0
2018-01-11 00:00:00+00:00,44.87,45.14,44.77,44.9,1168560,44.87,45.14,44.77,44.9,1168560,0.0,1.0
2018-01-12 00:00:00+00:00,45.07,45.16,44.64,44.98,1201124,45.07,45.16,44.64,44.98,1201124,0.0,1.0
2018-01-16 00:00:00+00:00,44.28,45.41,44.2,45.22,2198367,44.28,45.41,44.2,45.22,2198367,0.0,1.0
2018-01-17 00:00:00+00:00,44.86,45.06,44.51,44.66,2131986,44.86,45.06,44.51,44.66,2131986,0.0,1.0
2018-01-18 00:00:00+00:00,44.94,45.08,44.72,44.91,1586519,44.94,45.08,44.72,44.91,1586519,0.0,1.0
2018-01-19 00:00:00+00:00,45.6,45.74,44.84,45.0,2108273,45.6,45.74,44.84,45.0,2108273,0.0,1.0
2018-01-22 00:00:00+00:00,45.69,45.86,45.25,45.52,1435524,45.69,45.86,45.25,45.52,1435524,0.0,1.0
2018-01-23 00:00:00+00:00,45.75,45.94,45.5,45.6,1473872,45.75,45.94,45.5,45.6,1473872,0.0,1.0
2018-01-24 00:00:00+00:00,45.38,46.0,45.36,45.89,1500683,45.38,46.0,45.36,45.89,1500683,0.0,1.0
2018-01-25 00:00:00+00:00,44.86,45.95,44.77,45.58,1521410,44.86,45.95,44.77,45.58,1521410,0.0,1.0
2018-01-26 00:00:00+00:00,45.8,45.81,44.67,45.17,1456607,45.8,45.81,44.67,45.17,1456607,0.0,1.0
2018-01-29 00:00:00+00:00,44.56,45.75,44.48,45.56,1931968,44.56,45.75,44.48,45.56,1931968,0.0,1.0
2018-01-30 00:00:00+00:00,43.98,44.71,43.82,44.36,2106804,43.98,44.71,43.82,44.36,2106804,0.0,1.0
2018-01-31 00:00:00+00:00,44.86,45.03,43.92,44.06,3479071,44.86,45.03,43.92,44.06,3479071,0.0,1.0
2018-02-01 00:00:00+00:00,42.23,45.25,41.9,44.4,7197710,42.23,45.25,41.9,44.4,7197710,0.0,1.0
2018-02-02 00:00:00+00:00,41.1,42.15,41.08,42.04,3641304,41.1,42.15,41.08,42.04,3641304,0.0,1.0
2018-02-05 00:00:00+00:00,39.29,41.41,39.27,40.93,2777177,39.29,41.41,39.27,40.93,2777177,0.0,1.0
2018-02-06 00:00:00+00:00,39.58,39.66,37.78,38.73,3801636,39.58,39.66,37.78,38.73,3801636,0.0,1.0
2018-02-07 00:00:00+00:00,38.57,39.72,37.61,37.91,2701545,38.57,39.72,37.61,37.91,2701545,0.0,1.0
2018-02-08 00:00:00+00:00,36.82,38.5,36.79,38.48,2997886,36.82,38.5,36.79,38.48,2997886,0.0,1.0
2018-02-09 00:00:00+00:00,37.68,38.02,36.23,37.33,2942433,37.68,38.02,36.23,37.33,2942433,0.0,1.0
2018-02-12 00:00:00+00:00,38.6,38.84,37.93,37.95,2402498,38.6,38.84,37.93,37.95,2402498,0.0,1.0
2018-02-13 00:00:00+00:00,37.9,39.13,37.54,39.13,2304832,37.9,39.13,37.54,39.13,2304832,0.0,1.0
2018-02-14 00:00:00+00:00,38.63,38.72,37.42,37.55,2681650,38.63,38.72,37.42,37.55,2681650,0.0,1.0
2018-02-15 00:00:00+00:00,39.07,39.21,38.3,38.78,2460301,39.07,39.21,38.3,38.78,2460301,0.0,1.0
2018-02-16 00:00:00+00:00,39.16,39.46,38.81,39.11,1780186,39.16,39.46,38.81,39.11,1780186,0.0,1.0
2018-02-20 00:00:00+00:00,40.17,40.31,38.9,38.91,3094448,40.17,40.31,38.9,38.91,3094448,0.0,1.0
2018-02-21 00:00:00+00:00,39.26,40.34,39.26,40.18,2144707,39.26,40.34,39.26,40.18,2144707,0.0,1.0
2018-02-22 00:00:00+00:00,38.8,39.75,38.61,39.42,2609489,38.8,39.75,38.61,39.42,2609489,0.0,1.0
2018-02-23 00:00:00+00:00,39.74,39.76,39.04,39.04,1533685,39.74,39.76,39.04,39.04,1533685,0.0,1.0
2018-02-26 00:00:00+00:00,39.89,40.11,39.65,39.83,1653578,39.89,40.11,39.65,39.83,1653578,0.0,1.0
2018-02-27 00:00:00+00:00,39.39,40.1,39.39,40.01,1641147,39.39,40.1,39.39,40.01,1641147,0.0,1.0
2018-02-28 00:00:00+00:00,38.77,39.94,38.76,39.64,2604510,38.77,39.94,38.76,39.64,2604510,0.0,1.0
2018-03-01 00:00:00+00:00,38.23,39.02,37.91,38.84,3311587,38.23,39.02,37.91,38.84,3311587,0.0,1.0
2018-03-02 00:00:00+00:00,39.29,39.37,37.8,37.89,2336970,39.29,39.37,37.8,37.89,2336970,0.0,1.0
2018-03-05 00:00:00+00:00,39.5,39.82,38.73,38.95,2222596,39.5,39.82,38.73,38.95,2222596,0.0,1.0
2018-03-06 00:00:00+00:00,38.98,39.57,38.86,39.51,2507614,38.98,39.57,38.86,39.51,2507614,0.0,1.0
2018-03-07 00:00:00+00:00,39.37,39.63,38.74,38.8,1940945,39.37,39.63,38.74,38.8,1940945,0.0,1.0
2018-03-08 00:00:00+00:00,39.3,39.81,39.06,39.38,3404621,39.3,39.81,39.06,39.38,3404621,0.0,1.0
2018-03-09 00:00:00+00:00,39.68,39.8,38.76,39.65,2503583,39.68,39.8,38.76,39.65,2503583,0.0,1.0
2018-03-12 00:00:00+00:00,39.7,40.05,39.61,39.83,3465065,39.7,40.05,39.61,39.83,3465065,0.0,1.0
2018-03-13 00:00:00+00:00,39.17,40.3,39.03,39.96,2272472,39.17,40.3,39.03,39.96,2272472,0.0,1.0
2018-03-14 00:00:00+00:00,38.83,39.54,38.67,39.25,2011477,38.83,39.54,38.67,39.25,2011477,0.0,1.0
2018-03-15 00:00:00+00:00,39.08,39.39,38.75,38.75,2001055,39.08,39.39,38.75,38.75,2001055,0.0,1.0
2018-03-16 00:00:00+00:00,38.59,39.33,38.41,39.21,6161594,38.59,39.33,38.41,39.21,6161594,0.0,1.0
2018-03-19 00:00:00+00:00,38.23,38.79,37.75,38.3,3093444,38.23,38.79,37.75,38.3,3093444,0.0,1.0
2018-03-20 00:00:00+00:00,37.96,38.5,37.74,38.23,2946839,37.96,38.5,37.74,38.23,2946839,0.0,1.0
2018-03-21 00:00:00+00:00,38.35,38.75,37.7,37.96,2992866,38.35,38.75,37.7,37.96,2992866,0.0,1.0
2018-03-22 00:00:00+00:00,37.39,38.28,37.38,37.86,2092722,37.39,38.28,37.38,37.86,2092722,0.0,1.0
2018-03-23 00:00:00+00:00,36.38,37.5,36.38,37.29,2283131,36.38,37.5,36.38,37.29,2283131,0.0,1.0
2018-03-26 00:00:00+00:00,37.46,38.0,36.56,36.97,2560056,37.46,38.0,36.56,36.97,2560056,0.0,1.0
2018-03-27 00:00:00+00:00,36.4,37.66,36.22,37.6,2009573,36.4,37.66,36.22,37.6,2009573,0.0,1.0
2018-03-28 00:00:00+00:00,36.14,36.84,36.02,36.51,2183691,36.14,36.84,36.02,36.51,2183691,0.0,1.0
2018-03-29 00:00:00+00:00,36.77,37.51,36.37,36.4,3697021,36.77,37.51,36.37,36.4,3697021,0.0,1.0
2018-04-02 00:00:00+00:00,35.85,37.05,35.49,36.69,2274797,35.85,37.05,35.49,36.69,2274797,0.0,1.0
2018-04-03 00:00:00+00:00,36.31,36.47,35.67,36.01,2787742,36.31,36.47,35.67,36.01,2787742,0.0,1.0
2018-04-04 00:00:00+00:00,36.68,36.78,35.59,35.75,2475685,36.68,36.78,35.59,35.75,2475685,0.0,1.0
2018-04-05 00:00:00+00:00,36.98,37.52,36.8,37.41,2762699,36.98,37.52,36.8,37.41,2762699,0.0,1.0
2018-04-06 00:00:00+00:00,35.9,36.8,35.66,36.71,3395911,35.9,36.8,35.66,36.71,3395911,0.0,1.0
2018-04-09 00:00:00+00:00,36.25,37.13,36.03,36.16,1971249,36.25,37.13,36.03,36.16,1971249,0.0,1.0
2018-04-10 00:00:00+00:00,37.01,37.28,36.55,36.82,2356932,37.01,37.28,36.55,36.82,2356932,0.0,1.0
2018-04-11 00:00:00+00:00,36.7,37.08,36.25,36.69,1684330,36.7,37.08,36.25,36.69,1684330,0.0,1.0
2018-04-12 00:00:00+00:00,37.47,37.68,36.78,36.85,2235609,37.47,37.68,36.78,36.85,2235609,0.0,1.0
2018-04-13 00:00:00+00:00,37.3,37.78,37.16,37.68,1212168,37.3,37.78,37.16,37.68,1212168,0.0,1.0
2018-04-16 00:00:00+00:00,37.54,37.59,37.23,37.58,2106830,37.54,37.59,37.23,37.58,2106830,0.0,1.0
2018-04-17 00:00:00+00:00,38.1,38.22,36.99,37.86,2467865,38.1,38.22,36.99,37.86,2467865,0.0,1.0
2018-04-18 00:00:00+00:00,38.17,38.33,37.52,38.09,2632112,38.17,38.33,37.52,38.09,2632112,0.0,1.0
2018-04-19 00:00:00+00:00,37.38,37.89,37.22,37.88,2413033,37.38,37.89,37.22,37.88,2413033,0.0,1.0
2018-04-20 00:00:00+00:00,37.02,37.62,36.77,37.3,2960028,37.02,37.62,36.77,37.3,2960028,0.0,1.0
2018-04-23 00:00:00+00:00,36.74,37.47,36.65,37.21,3266912,36.74,37.47,36.65,37.21,3266912,0.0,1.0
2018-04-24 00:00:00+00:00,40.09,41.49,39.62,40.11,9009838,40.09,41.49,39.62,40.11,9009838,0.0,1.0
2018-04-25 00:00:00+00:00,39.56,39.99,38.58,39.96,3961869,39.56,39.99,38.58,39.96,3961869,0.0,1.0
2018-04-26 00:00:00+00:00,39.89,40.48,39.31,39.85,2979270,39.89,40.48,39.31,39.85,2979270,0.0,1.0
2018-04-27 00:00:00+00:00,39.96,40.22,39.8,40.04,2922068,39.96,40.22,39.8,40.04,2922068,0.0,1.0
2018-04-30 00:00:00+00:00,40.06,40.36,39.96,40.07,3089325,40.06,40.36,39.96,40.07,3089325,0.0,1.0
2018-05-01 00:00:00+00:00,40.34,40.38,39.57,39.91,2275040,40.34,40.38,39.57,39.91,2275040,0.0,1.0
2018-05-02 00:00:00+00:00,39.97,40.35,39.75,39.89,2471324,39.97,40.35,39.75,39.89,2471324,0.0,1.0
2018-05-03 00:00:00+00:00,40.25,40.32,39.58,39.7,2312452,40.25,40.32,39.58,39.7,2312452,0.0,1.0
2018-05-04 00:00:00+00:00,40.8,40.88,39.95,40.15,2009866,40.8,40.88,39.95,40.15,2009866,0.0,1.0
2018-05-07 00:00:00+00:00,41.07,41.27,40.84,40.84,2967288,41.07,41.27,40.84,40.84,2967288,0.0,1.0
2018-05-08 00:00:00+00:00,40.9,41.2,40.66,40.89,3765315,40.9,41.2,40.66,40.89,3765315,0.0,1.0
2018-05-09 00:00:00+00:00,41.76,41.89,40.96,41.0,1586654,41.76,41.89,40.96,41.0,1586654,0.0,1.0
2018-05-10 00:00:00+00:00,42.23,42.28,41.56,41.86,3097382,42.23,42.28,41.56,41.86,3097382,0.0,1.0
2018-05-11 00:00:00+00:00,42.25,42.47,42.06,42.27,1911684,42.25,42.47,42.06,42.27,1911684,0.0,1.0
2018-05-14 00:00:00+00:00,42.19,42.54,42.0,42.37,3880003,42.19,42.54,42.0,42.37,3880003,0.0,1.0
2018-05-15 00:00:00+00:00,41.08,41.96,40.92,41.83,3196780,41.08,41.96,40.92,41.83,3196780,0.0,1.0
2018-05-16 00:00:00+00:00,41.03,41.28,40.88,41.16,2787016,41.03,41.28,40.88,41.16,2787016,0.0,1.0
2018-05-17 00:00:00+00:00,41.52,41.75,40.9,40.97,2409063,41.52,41.75,40.9,40.97,2409063,0.0,1.0
2018-05-18 00:00:00+00:00,41.8,41.89,41.17,41.45,2664068,41.8,41.89,41.17,41.45,2664068,0.0,1.0
2018-05-21 00:00:00+00:00,42.01,42.13,41.77,41.99,2083469,42.01,42.13,41.77,41.99,2083469,0.0,1.0
2018-05-22 00:00:00+00:00,42.05,42.63,42.01,42.03,3104877,42.05,42.63,42.01,42.03,3104877,0.0,1.0
2018-05-23 00:00:00+00:00,42.33,42.34,41.54,41.72,2063212,42.33,42.34,41.54,41.72,2063212,0.0,1.0
2018-05-24 00:00:00+00:00,42.23,42.43,41.84,42.21,2935391,42.23,42.43,41.84,42.21,2935391,0.0,1.0
2018-05-25 00:00:00+00:00,42.24,42.29,41.96,42.09,1921422,42.24,42.29,41.96,42.09,1921422,0.0,1.0
2018-05-29 00:00:00+00:00,42.01,42.29,41.82,42.02,1641004,42.01,42.29,41.82,42.02,1641004,0.0,1.0
2018-05-30 00:00:00+00:00,42.16,42.55,42.02,42.2,2240024,42.16,42.55,42.02,42.2,2240024,0.0,1.0
2018-05-31 00:00:00+00:00,42.45,42.8,42.05,42.15,4283882,42.45,42.8,42.05,42.15,4283882,0.0,1.0
2018-06-01 00:00:00+00:00,43.21,43.26,42.67,42.71,1489844,43.21,43.26,42.67,42.71,1489844,0.0,1.0
2018-06-04 00:00:00+00:00,43.42,43.58,42.88,43.41,1314063,43.42,43.58,42.88,43.41,1314063,0.0,1.0
2018-06-05 00:00:00+00:00,43.69,43.75,43.19,43.21,1889607,43.69,43.75,43.19,43.21,1889607,0.0,1.0
2018-06-06 00:00:00+00:00,44.12,44.18,43.75,43.86,1315666,44.12,44.18,43.75,43.86,1315666,0.0,1.0
2018-06-07 00:00:00+00:00,44.08,44.5,43.79,44.06,3378924,44.08,44.5,43.79,44.06,3378924,0.0,1.0
2018-06-08 00:00:00+00:00,44.07,44.15,43.66,43.92,1479586,44.07,44.15,43.66,43.92,1479586,0.0,1.0
2018-06-11 00:00:00+00:00,44.25,44.33,43.91,44.14,1037133,44.25,44.33,43.91,44.14,1037133,0.0,1.0
2018-06-12 00:00:00+00:00,44.51,44.53,44.13,44.2,1589582,44.51,44.53,44.13,44.2,1589582,0.0,1.0
2018-06-13 00:00:00+00:00,44.58,44.8,44.37,44.4,2341949,44.58,44.8,44.37,44.4,2341949,0.0,1.0
2018-06-14 00:00:00+00:00,44.94,45.17,44.6,44.84,1596508,44.94,45.17,44.6,44.84,1596508,0.0,1.0
2018-06-15 00:00:00+00:00,45.02,45.14,44.46,44.91,3130023,45.02,45.14,44.46,44.91,3130023,0.0,1.0
2018-06-18 00:00:00+00:00,45.18,45.23,44.2,44.7,1450188,45.18,45.23,44.2,44.7,1450188,0.0,1.0
2018-06-19 00:00:00+00:00,44.92,44.97,44.4,44.69,1505936,44.92,44.97,44.4,44.69,1505936,0.0,1.0
2018-06-20 00:00:00+00:00,45.2,45.38,44.87,44.87,1813474,45.2,45.38,44.87,44.87,1813474,0.0,1.0
2018-06-21 00:00:00+00:00,44.9,45.46,44.82,45.22,1626702,44.9,45.46,44.82,45.22,1626702,0.0,1.0
2018-06-22 00:00:00+00:00,43.87,45.0,43.86,44.92,2836722,43.87,45.0,43.86,44.92,2836722,0.0,1.0
2018-06-25 00:00:00+00:00,43.34,43.79,42.96,43.54,1793143,43.34,43.79,42.96,43.54,1793143,0.0,1.0
2018-06-26 00:00:00+00:00,43.53,43.79,43.27,43.35,2891427,43.53,43.79,43.27,43.35,2891427,0.0,1.0
2018-06-27 00:00:00+00:00,42.86,44.11,42.85,43.6,2326505,42.86,44.11,42.85,43.6,2326505,0.0,1.0
2018-06-28 00:00:00+00:00,43.1,43.18,42.49,42.72,1209145,43.1,43.18,42.49,42.72,1209145,0.0,1.0
2018-06-29 00:00:00+00:00,43.31,43.53,43.09,43.24,1563916,43.31,43.53,43.09,43.24,1563916,0.0,1.0
2018-07-02 00:00:00+00:00,43.77,43.79,42.84,42.95,1202315,43.77,43.79,42.84,42.95,1202315,0.0,1.0
2018-07-03 00:00:00+00:00,43.81,44.36,43.78,44.04,809498,43.81,44.36,43.78,44.04,809498,0.0,1.0
2018-07-05 00:00:00+00:00,44.46,44.47,43.73,43.96,1677143,44.46,44.47,43.73,43.96,1677143,0.0,1.0
2018-07-06 00:00:00+00:00,44.88,45.04,44.52,44.54,1539936,44.88,45.04,44.52,44.54,1539936,0.0,1.0
2018-07-09 00:00:00+00:00,44.87,45.38,44.53,45.1,1637570,44.87,45.38,44.53,45.1,1637570,0.0,1.0
2018-07-10 00:00:00+00:00,44.78,44.94,44.54,44.71,1420683,44.78,44.94,44.54,44.71,1420683,0.0,1.0
2018-07-11 00:00:00+00:00,44.6,44.67,44.28,44.52,1023567,44.6,44.67,44.28,44.52,1023567,0.0,1.0
2018-07-12 00:00:00+00:00,45.57,45.64,44.77,44.77,1375400,45.57,45.64,44.77,44.77,1375400,0.0,1.0
2018-07-13 00:00:00+00:00,45.29,45.73,45.2,45.67,978421,45.29,45.73,45.2,45.67,978421,0.0,1.0
2018-07-16 00:00:00+00:00,45.07,45.37,44.97,45.31,756663,45.07,45.37,44.97,45.31,756663,0.0,1.0
2018-07-17 00:00:00+00:00,45.66,45.76,44.81,44.83,1643214,45.66,45.76,44.81,44.83,1643214,0.0,1.0
2018-07-18 00:00:00+00:00,45.52,45.72,45.25,45.56,994429,45.52,45.72,45.25,45.56,994429,0.0,1.0
2018-07-19 00:00:00+00:00,45.23,45.52,44.88,45.27,849962,45.23,45.52,44.88,45.27,849962,0.0,1.0
2018-07-20 00:00:00+00:00,45.14,45.6,45.0,45.15,1705431,45.14,45.6,45.0,45.15,1705431,0.0,1.0
2018-07-23 00:00:00+00:00,45.15,45.21,44.81,44.98,1359088,45.15,45.21,44.81,44.98,1359088,0.0,1.0
2018-07-24 00:00:00+00:00,45.5,46.55,45.24,45.8,3037526,45.5,46.55,45.24,45.8,3037526,0.0,1.0
2018-07-25 00:00:00+00:00,46.8,46.82,45.56,45.6,2503499,46.8,46.82,45.56,45.6,2503499,0.0,1.0
2018-07-26 00:00:00+00:00,46.26,46.99,46.23,46.81,2199853,46.26,46.99,46.23,46.81,2199853,0.0,1.0
2018-07-27 00:00:00+00:00,45.24,46.45,44.83,46.25,1527672,45.24,46.45,44.83,46.25,1527672,0.0,1.0
2018-07-30 00:00:00+00:00,43.91,45.29,43.86,45.02,1848559,43.91,45.29,43.86,45.02,1848559,0.0,1.0
2018-07-31 00:00:00+00:00,44.09,44.48,43.83,44.2,1928236,44.09,44.48,43.83,44.2,1928236,0.0,1.0
2018-08-01 00:00:00+00:00,43.99,44.58,43.87,44.21,1948946,43.99,44.58,43.87,44.21,1948946,0.0,1.0
2018-08-02 00:00:00+00:00,44.7,44.74,43.57,43.68,1599514,44.7,44.74,43.57,43.68,1599514,0.0,1.0
2018-08-03 00:00:00+00:00,44.77,44.96,44.38,44.81,777037,44.77,44.96,44.38,44.81,777037,0.0,1.0
2018-08-06 00:00:00+00:00,45.09,45.3,44.61,44.74,962283,45.09,45.3,44.61,44.74,962283,0.0,1.0
2018-08-07 00:00:00+00:00,45.16,45.47,45.04,45.08,926063,45.16,45.47,45.04,45.08,926063,0.0,1.0
2018-08-08 00:00:00+00:00,45.07,45.33,44.86,45.07,1275495,45.07,45.33,44.86,45.07,1275495,0.0,1.0
2018-08-09 00:00:00+00:00,45.33,45.58,44.97,45.19,1080168,45.33,45.58,44.97,45.19,1080168,0.0,1.0
2018-08-10 00:00:00+00:00,45.2,45.52,45.04,45.12,835654,45.2,45.52,45.04,45.12,835654,0.0,1.0
2018-08-13 00:00:00+00:00,45.36,45.68,45.09,45.31,2240040,45.36,45.68,45.09,45.31,2240040,0.0,1.0
2018-08-14 00:00:00+00:00,46.0,46.1,45.42,45.66,1345669,46.0,46.1,45.42,45.66,1345669,0.0,1.0
2018-08-15 00:00:00+00:00,45.44,45.82,45.1,45.61,1519990,45.44,45.82,45.1,45.61,1519990,0.0,1.0
2018-08-16 00:00:00+00:00,45.37,45.73,45.27,45.58,1379310,45.37,45.73,45.27,45.58,1379310,0.0,1.0
2018-08-17 00:00:00+00:00,45.18,45.38,44.691,45.22,978242,45.18,45.38,44.691,45.22,978242,0.0,1.0
2018-08-20 00:00:00+00:00,45.08,45.36,44.83,45.2,1095028,45.08,45.36,44.83,45.2,1095028,0.0,1.0
2018-08-21 00:00:00+00:00,45.4,45.64,45.11,45.12,1257061,45.4,45.64,45.11,45.12,1257061,0.0,1.0
2018-08-22 00:00:00+00:00,45.75,45.83,45.25,45.4,701755,45.75,45.83,45.25,45.4,701755,0.0,1.0
2018-08-23 00:00:00+00:00,46.37,46.74,45.58,45.62,1475937,46.37,46.74,45.58,45.62,1475937,0.0,1.0
2018-08-24 00:00:00+00:00,46.82,46.94,46.54,46.62,888414,46.82,46.94,46.54,46.62,888414,0.0,1.0
2018-08-27 00:00:00+00:00,46.84,47.17,46.7,46.98,1141776,46.84,47.17,46.7,46.98,1141776,0.0,1.0
2018-08-28 00:00:00+00:00,46.91,47.18,46.67,47.0,793330,46.91,47.18,46.67,47.0,793330,0.0,1.0
2018-08-29 00:00:00+00:00,47.26,47.39,46.98,47.05,1450382,47.26,47.39,46.98,47.05,1450382,0.0,1.0
2018-08-30 00:00:00+00:00,47.06,47.31,46.98,47.08,1494169,47.06,47.31,46.98,47.08,1494169,0.0,1.0
2018-08-31 00:00:00+00:00,47.04,47.4,46.74,46.89,1254432,47.04,47.4,46.74,46.89,1254432,0.0,1.0
2018-09-04 00:00:00+00:00,46.64,47.27,46.42,46.91,2050876,46.64,47.27,46.42,46.91,2050876,0.0,1.0
2018-09-05 00:00:00+00:00,46.53,46.72,45.7,46.61,1702138,46.53,46.72,45.7,46.61,1702138,0.0,1.0
2018-09-06 00:00:00+00:00,46.54,46.92,46.32,46.6,1922470,46.54,46.92,46.32,46.6,1922470,0.0,1.0
2018-09-07 00:00:00+00:00,46.44,46.7,46.22,46.41,1551958,46.44,46.7,46.22,46.41,1551958,0.0,1.0
2018-09-10 00:00:00+00:00,46.49,46.79,46.39,46.69,1211363,46.49,46.79,46.39,46.69,1211363,0.0,1.0
2018-09-11 00:00:00+00:00,46.46,46.67,46.24,46.34,2074704,46.46,46.67,46.24,46.34,2074704,0.0,1.0
2018-09-12 00:00:00+00:00,45.87,46.44,45.79,46.34,1751048,45.87,46.44,45.79,46.34,1751048,0.0,1.0
2018-09-13 00:00:00+00:00,46.31,46.47,45.9,46.04,1454682,46.31,46.47,45.9,46.04,1454682,0.0,1.0
2018-09-14 00:00:00+00:00,46.26,46.66,46.11,46.11,1220191,46.26,46.66,46.11,46.11,1220191,0.0,1.0
2018-09-17 00:00:00+00:00,45.37,46.41,45.34,46.16,1492653,45.37,46.41,45.34,46.16,1492653,0.0,1.0
2018-09-18 00:00:00+00:00,45.22,45.64,45.2,45.32,1600796,45.22,45.64,45.2,45.32,1600796,0.0,1.0
2018-09-19 00:00:00+00:00,45.03,45.33,44.69,45.22,1137047,45.03,45.33,44.69,45.22,1137047,0.0,1.0
2018-09-20 00:00:00+00:00,45.75,45.84,45.14,45.24,1405728,45.75,45.84,45.14,45.24,1405728,0.0,1.0
2018-09-21 00:00:00+00:00,45.53,45.93,45.44,45.79,3650264,45.53,45.93,45.44,45.79,3650264,0.0,1.0
2018-09-24 00:00:00+00:00,45.57,45.69,45.01,45.39,1118399,45.57,45.69,45.01,45.39,1118399,0.0,1.0
2018-09-25 00:00:00+00:00,45.42,45.93,45.38,45.74,1187596,45.42,45.93,45.38,45.74,1187596,0.0,1.0
2018-09-26 00:00:00+00:00,44.95,45.82,44.9,45.4,1394494,44.95,45.82,44.9,45.4,1394494,0.0,1.0
2018-09-27 00:00:00+00:00,45.01,45.12,44.76,45.08,952339,45.01,45.12,44.76,45.08,952339,0.0,1.0
2018-09-28 00:00:00+00:00,45.32,45.34,44.78,44.93,1189938,45.32,45.34,44.78,44.93,1189938,0.0,1.0
2018-10-01 00:00:00+00:00,45.06,45.69,44.92,45.46,1606454,45.06,45.69,44.92,45.46,1606454,0.0,1.0
2018-10-02 00:00:00+00:00,44.49,45.11,44.39,45.06,1468691,44.49,45.11,44.39,45.06,1468691,0.0,1.0
2018-10-03 00:00:00+00:00,44.9,45.11,44.5,44.66,1449714,44.9,45.11,44.5,44.66,1449714,0.0,1.0
2018-10-04 00:00:00+00:00,43.42,44.81,43.09,44.7,1884847,43.42,44.81,43.09,44.7,1884847,0.0,1.0
2018-10-05 00:00:00+00:00,42.9,43.7,42.56,43.47,1623082,42.9,43.7,42.56,43.47,1623082,0.0,1.0
2018-10-08 00:00:00+00:00,41.41,42.85,40.96,42.75,2387043,41.41,42.85,40.96,42.75,2387043,0.0,1.0
2018-10-09 00:00:00+00:00,41.31,41.86,40.97,41.42,1528929,41.31,41.86,40.97,41.42,1528929,0.0,1.0
2018-10-10 00:00:00+00:00,39.48,41.31,39.43,41.11,2753663,39.48,41.31,39.43,41.11,2753663,0.0,1.0
2018-10-11 00:00:00+00:00,39.13,40.29,39.08,39.43,2921126,39.13,40.29,39.08,39.43,2921126,0.0,1.0
2018-10-12 00:00:00+00:00,39.99,40.13,39.16,39.85,2965883,39.99,40.13,39.16,39.85,2965883,0.0,1.0
2018-10-15 00:00:00+00:00,39.38,39.99,39.28,39.82,2025327,39.38,39.99,39.28,39.82,2025327,0.0,1.0
2018-10-16 00:00:00+00:00,40.34,40.44,39.61,39.77,2127011,40.34,40.44,39.61,39.77,2127011,0.0,1.0
2018-10-17 00:00:00+00:00,40.4,40.51,39.71,40.33,1515184,40.4,40.51,39.71,40.33,1515184,0.0,1.0
2018-10-18 00:00:00+00:00,40.04,40.31,39.87,40.19,2340845,40.04,40.31,39.87,40.19,2340845,0.0,1.0
2018-10-19 00:00:00+00:00,40.11,40.72,39.97,40.14,2582564,40.11,40.72,39.97,40.14,2582564,0.0,1.0
2018-10-22 00:00:00+00:00,40.61,40.82,40.14,40.29,3242054,40.61,40.82,40.14,40.29,3242054,0.0,1.0
2018-10-23 00:00:00+00:00,46.85,47.04,43.0,43.9,8592114,46.85,47.04,43.0,43.9,8592114,0.0,1.0
2018-10-24 00:00:00+00:00,45.11,46.9,45.11,46.47,6652645,45.11,46.9,45.11,46.47,6652645,0.0,1.0
2018-10-25 00:00:00+00:00,46.53,46.98,45.49,45.57,3593583,46.53,46.98,45.49,45.57,3593583,0.0,1.0
2018-10-26 00:00:00+00:00,45.52,46.52,45.24,45.24,3102489,45.52,46.52,45.24,45.24,3102489,0.0,1.0
2018-10-29 00:00:00+00:00,44.2,46.53,43.49,46.33,3421226,44.2,46.53,43.49,46.33,3421226,0.0,1.0
2018-10-30 00:00:00+00:00,44.38,44.9,43.64,44.16,2801383,44.38,44.9,43.64,44.16,2801383,0.0,1.0
2018-10-31 00:00:00+00:00,44.57,45.34,44.4,44.99,2649595,44.57,45.34,44.4,44.99,2649595,0.0,1.0
2018-11-01 00:00:00+00:00,45.31,45.39,43.99,44.48,2596229,45.31,45.39,43.99,44.48,2596229,0.0,1.0
2018-11-02 00:00:00+00:00,45.15,45.71,44.75,45.29,2306107,45.15,45.71,44.75,45.29,2306107,0.0,1.0
2018-11-05 00:00:00+00:00,44.95,45.65,44.5,45.36,1460477,44.95,45.65,44.5,45.36,1460477,0.0,1.0
2018-11-06 00:00:00+00:00,44.7,45.11,44.29,44.84,1601503,44.7,45.11,44.29,44.84,1601503,0.0,1.0
2018-11-07 00:00:00+00:00,46.15,46.22,45.16,45.18,1876979,46.15,46.22,45.16,45.18,1876979,0.0,1.0
2018-11-08 00:00:00+00:00,46.46,46.73,45.94,46.2,1547164,46.46,46.73,45.94,46.2,1547164,0.0,1.0
2018-11-09 00:00:00+00:00,46.26,46.41,45.85,46.25,1576745,46.26,46.41,45.85,46.25,1576745,0.0,1.0
2018-11-12 00:00:00+00:00,44.82,45.99,44.69,45.99,2061394,44.82,45.99,44.69,45.99,2061394,0.0,1.0
2018-11-13 00:00:00+00:00,44.6,45.83,44.47,45.01,1497862,44.6,45.83,44.47,45.01,1497862,0.0,1.0
2018-11-14 00:00:00+00:00,44.42,45.59,44.25,45.08,1375757,44.42,45.59,44.25,45.08,1375757,0.0,1.0
2018-11-15 00:00:00+00:00,45.54,45.58,44.09,44.16,1757508,45.54,45.58,44.09,44.16,1757508,0.0,1.0
2018-11-16 00:00:00+00:00,45.76,46.04,45.12,45.4,1834620,45.76,46.04,45.12,45.4,1834620,0.0,1.0
2018-11-19 00:00:00+00:00,42.77,45.6,42.66,45.6,2142356,42.77,45.6,42.66,45.6,2142356,0.0,1.0
2018-11-20 00:00:00+00:00,42.68,43.29,41.84,42.37,2678759,42.68,43.29,41.84,42.37,2678759,0.0,1.0
2018-11-21 00:00:00+00:00,43.06,43.81,42.57,43.29,1513463,43.06,43.81,42.57,43.29,1513463,0.0,1.0
2018-11-23 00:00:00+00:00,42.61,43.03,42.31,42.62,472155,42.61,43.03,42.31,42.62,472155,0.0,1.0
2018-11-26 00:00:00+00:00,43.54,43.55,42.6,43.11,1208534,43.54,43.55,42.6,43.11,1208534,0.0,1.0
2018-11-27 00:00:00+00:00,43.08,43.66,42.85,43.31,1194738,43.08,43.66,42.85,43.31,1194738,0.0,1.0
2018-11-28 00:00:00+00:00,44.77,44.8,43.15,43.24,1826084,44.77,44.8,43.15,43.24,1826084,0.0,1.0
2018-11-29 00:00:00+00:00,44.12,44.62,43.85,44.52,1113058,44.12,44.62,43.85,44.52,1113058,0.0,1.0
2018-11-30 00:00:00+00:00,45.04,45.14,44.0,44.26,1991068,45.04,45.14,44.0,44.26,1991068,0.0,1.0
2018-12-03 00:00:00+00:00,46.22,46.38,45.57,45.99,2047811,46.22,46.38,45.57,45.99,2047811,0.0,1.0
2018-12-04 00:00:00+00:00,44.73,46.32,44.58,46.11,2287913,44.73,46.32,44.58,46.11,2287913,0.0,1.0
2018-12-06 00:00:00+00:00,44.0,44.24,43.2246,43.85,2771307,44.0,44.24,43.2246,43.85,2771307,0.0,1.0
2018-12-07 00:00:00+00:00,42.67,43.89,42.29,43.65,1817645,42.67,43.89,42.29,43.65,1817645,0.0,1.0
2018-12-10 00:00:00+00:00,43.38,43.61,42.44,42.67,1861753,43.38,43.61,42.44,42.67,1861753,0.0,1.0
2018-12-11 00:00:00+00:00,43.83,44.7,43.58,44.13,1510959,43.83,44.7,43.58,44.13,1510959,0.0,1.0
2018-12-12 00:00:00+00:00,44.39,45.05,44.34,44.73,1310271,44.39,45.05,44.34,44.73,1310271,0.0,1.0
2018-12-13 00:00:00+00:00,44.11,44.7,43.86,44.5,927424,44.11,44.7,43.86,44.5,927424,0.0,1.0
2018-12-14 00:00:00+00:00,43.22,44.01,42.51,43.65,1293979,43.22,44.01,42.51,43.65,1293979,0.0,1.0
2018-12-17 00:00:00+00:00,42.31,43.2,42.07,43.14,1682170,42.31,43.2,42.07,43.14,1682170,0.0,1.0
2018-12-18 00:00:00+00:00,43.07,43.35,42.52,42.74,2382107,43.07,43.35,42.52,42.74,2382107,0.0,1.0
2018-12-19 00:00:00+00:00,42.09,43.53,41.44,42.94,2381693,42.09,43.53,41.44,42.94,2381693,0.0,1.0
2018-12-20 00:00:00+00:00,41.56,42.41,41.01,42.0,1975378,41.56,42.41,41.01,42.0,1975378,0.0,1.0
2018-12-21 00:00:00+00:00,40.69,42.39,40.63,41.71,4200687,40.69,42.39,40.63,41.71,4200687,0.0,1.0
2018-12-24 00:00:00+00:00,40.31,41.42,40.31,40.54,1287769,40.31,41.42,40.31,40.54,1287769,0.0,1.0
2018-12-26 00:00:00+00:00,42.59,42.61,40.44,40.69,1587940,42.59,42.61,40.44,40.69,1587940,0.0,1.0
2018-12-27 00:00:00+00:00,43.41,43.41,41.74,42.07,1566573,43.41,43.41,41.74,42.07,1566573,0.0,1.0
2018-12-28 00:00:00+00:00,43.34,43.95,42.65,43.54,1243995,43.34,43.95,42.65,43.54,1243995,0.0,1.0
2018-12-31 00:00:00+00:00,43.48,43.79,43.15,43.6,1202170,43.48,43.79,43.15,43.6,1202170,0.0,1.0
2019-01-02 00:00:00+00:00,43.23,43.48,42.5,42.65,1463554,43.23,43.48,42.5,42.65,1463554,0.0,1.0
2019-01-03 00:00:00+00:00,41.53,42.93,41.43,42.69,1823406,41.53,42.93,41.43,42.69,1823406,0.0,1.0
2019-01-04 00:00:00+00:00,43.26,43.49,41.78,42.13,1775507,43.26,43.49,41.78,42.13,1775507,0.0,1.0
2019-01-07 00:00:00+00:00,43.42,43.73,42.8,42.93,1720187,43.42,43.73,42.8,42.93,1720187,0.0,1.0
2019-01-08 00:00:00+00:00,43.67,44.24,43.28,44.16,1468757,43.67,44.24,43.28,44.16,1468757,0.0,1.0
2019-01-09 00:00:00+00:00,43.85,44.17,43.42,43.67,1177817,43.85,44.17,43.42,43.67,1177817,0.0,1.0
2019-01-10 00:00:00+00:00,44.32,44.36,43.29,43.64,928829,44.32,44.36,43.29,43.64,928829,0.0,1.0
2019-01-11 00:00:00+00:00,44.45,44.58,43.8,44.03,1221873,44.45,44.58,43.8,44.03,1221873,0.0,1.0
2019-01-14 00:00:00+00:00,44.38,44.55,43.92,44.15,1053439,44.38,44.55,43.92,44.15,1053439,0.0,1.0
2019-01-15 00:00:00+00:00,45.27,45.33,44.44,44.67,1533032,45.27,45.33,44.44,44.67,1533032,0.0,1.0
2019-01-16 00:00:00+00:00,45.37,45.46,44.97,45.12,1022205,45.37,45.46,44.97,45.12,1022205,0.0,1.0
2019-01-17 00:00:00+00:00,45.74,45.77,44.99,45.14,1263075,45.74,45.77,44.99,45.14,1263075,0.0,1.0
2019-01-18 00:00:00+00:00,46.62,46.63,45.63,46.05,1924740,46.62,46.63,45.63,46.05,1924740,0.0,1.0
2019-01-22 00:00:00+00:00,45.78,46.6,45.41,46.22,1685007,45.78,46.6,45.41,46.22,1685007,0.0,1.0
2019-01-23 00:00:00+00:00,45.48,46.23,45.17,45.57,1088471,45.48,46.23,45.17,45.57,1088471,0.0,1.0
2019-01-24 00:00:00+00:00,45.94,46.13,45.24,45.48,1194865,45.94,46.13,45.24,45.48,1194865,0.0,1.0
2019-01-25 00:00:00+00:00,46.59,46.74,46.22,46.48,1535039,46.59,46.74,46.22,46.48,1535039,0.0,1.0
2019-01-28 00:00:00+00:00,46.46,46.46,45.76,45.96,1086240,46.46,46.46,45.76,45.96,1086240,0.0,1.0
2019-01-29 00:00:00+00:00,46.3,46.58,45.97,46.45,1020142,46.3,46.58,45.97,46.45,1020142,0.0,1.0
2019-01-30 00:00:00+00:00,47.48,47.59,46.28,46.53,1633085,47.48,47.59,46.28,46.53,1633085,0.0,1.0
2019-01-31 00:00:00+00:00,48.03,48.17,47.48,47.5,2044633,48.03,48.17,47.48,47.5,2044633,0.0,1.0
2019-02-01 00:00:00+00:00,48.68,48.81,48.0,48.05,1532934,48.68,48.81,48.0,48.05,1532934,0.0,1.0
2019-02-04 00:00:00+00:00,49.69,51.01,48.75,49.03,2103577,49.69,51.01,48.75,49.03,2103577,0.0,1.0
2019-02-05 00:00:00+00:00,50.08,50.21,49.69,49.9,1369543,50.08,50.21,49.69,49.9,1369543,0.0,1.0
2019-02-06 00:00:00+00:00,50.48,50.58,49.76,50.09,1402386,50.48,50.58,49.76,50.09,1402386,0.0,1.0
2019-02-07 00:00:00+00:00,50.58,50.62,49.96,50.12,1393679,50.58,50.62,49.96,50.12,1393679,0.0,1.0
2019-02-08 00:00:00+00:00,50.91,50.91,49.97,50.2,1295553,50.91,50.91,49.97,50.2,1295553,0.0,1.0
2019-02-11 00:00:00+00:00,50.84,51.44,50.7,51.0,1498098,50.84,51.44,50.7,51.0,1498098,0.0,1.0
2019-02-12 00:00:00+00:00,52.13,52.18,50.98,51.31,1878511,52.13,52.18,50.98,51.31,1878511,0.0,1.0
2019-02-13 00:00:00+00:00,51.36,52.37,51.2,52.25,1872221,51.36,52.37,51.2,52.25,1872221,0.0,1.0
2019-02-14 00:00:00+00:00,51.66,51.9,51.01,51.32,2029332,51.66,51.9,51.01,51.32,2029332,0.0,1.0
2019-02-15 00:00:00+00:00,52.58,52.6,51.7,52.09,2098157,52.58,52.6,51.7,52.09,2098157,0.0,1.0
2019-02-19 00:00:00+00:00,52.64,52.77,52.14,52.34,3014755,52.64,52.77,52.14,52.34,3014755,0.0,1.0
2019-02-20 00:00:00+00:00,55.07,57.25,54.91,57.0,4325413,55.07,57.25,54.91,57.0,4325413,0.0,1.0
2019-02-21 00:00:00+00:00,55.4,55.605,54.22,55.0,2478109,55.4,55.605,54.22,55.0,2478109,0.0,1.0
2019-02-22 00:00:00+00:00,56.57,56.72,55.46,55.56,3291097,56.57,56.72,55.46,55.56,3291097,0.0,1.0
2019-02-25 00:00:00+00:00,57.27,57.92,56.65,56.92,2281940,57.27,57.92,56.65,56.92,2281940,0.0,1.0
2019-02-26 00:00:00+00:00,57.36,57.46,56.88,57.29,2224015,57.36,57.46,56.88,57.29,2224015,0.0,1.0
2019-02-27 00:00:00+00:00,57.45,57.47,56.7,57.1,2088156,57.45,57.47,56.7,57.1,2088156,0.0,1.0
2019-02-28 00:00:00+00:00,57.25,58.08,57.15,57.49,2165951,57.25,58.08,57.15,57.49,2165951,0.0,1.0
2019-03-01 00:00:00+00:00,58.14,58.35,57.42,58.06,1717645,58.14,58.35,57.42,58.06,1717645,0.0,1.0
2019-03-04 00:00:00+00:00,58.54,58.88,57.55,58.88,2447541,58.54,58.88,57.55,58.88,2447541,0.0,1.0
2019-03-05 00:00:00+00:00,58.87,58.95,58.28,58.59,2237352,58.87,58.95,58.28,58.59,2237352,0.0,1.0
2019-03-06 00:00:00+00:00,58.51,59.17,58.43,58.95,1917946,58.51,59.17,58.43,58.95,1917946,0.0,1.0
2019-03-07 00:00:00+00:00,58.77,58.88,58.21,58.46,2166769,58.77,58.88,58.21,58.46,2166769,0.0,1.0
2019-03-08 00:00:00+00:00,59.16,59.17,57.76,58.13,1835892,59.16,59.17,57.76,58.13,1835892,0.0,1.0
2019-03-11 00:00:00+00:00,59.96,60.0,59.2,59.32,1987964,59.96,60.0,59.2,59.32,1987964,0.0,1.0
2019-03-12 00:00:00+00:00,60.62,60.7,59.86,60.0,2021498,60.62,60.7,59.86,60.0,2021498,0.0,1.0
2019-03-13 00:00:00+00:00,60.66,61.43,60.0,60.87,2088438,60.66,61.43,60.0,60.87,2088438,0.0,1.0
2019-03-14 00:00:00+00:00,61.16,61.4,60.64,60.76,1965849,61.16,61.4,60.64,60.76,1965849,0.0,1.0
2019-03-15 00:00:00+00:00,60.99,62.17,60.87,61.26,4051115,60.99,62.17,60.87,61.26,4051115,0.0,1.0
2019-03-18 00:00:00+00:00,61.06,61.71,61.01,61.26,3537029,61.06,61.71,61.01,61.26,3537029,0.0,1.0
2019-03-19 00:00:00+00:00,61.24,61.5,60.75,61.19,2383012,61.24,61.5,60.75,61.19,2383012,0.0,1.0
2019-03-20 00:00:00+00:00,61.45,61.9,61.14,61.31,1807802,61.45,61.9,61.14,61.31,1807802,0.0,1.0
2019-03-21 00:00:00+00:00,63.08,63.19,61.57,61.57,1998540,63.08,63.19,61.57,61.57,1998540,0.0,1.0
2019-03-22 00:00:00+00:00,61.76,63.24,61.72,63.11,1925117,61.76,63.24,61.72,63.11,1925117,0.0,1.0
2019-03-25 00:00:00+00:00,62.11,62.26,61.27,61.76,2122989,62.11,62.26,61.27,61.76,2122989,0.0,1.0
2019-03-26 00:00:00+00:00,62.3,62.9,62.03,62.76,1822255,62.3,62.9,62.03,62.76,1822255,0.0,1.0
2019-03-27 00:00:00+00:00,61.83,62.45,61.1,62.35,1718746,61.83,62.45,61.1,62.35,1718746,0.0,1.0
2019-03-28 00:00:00+00:00,62.65,62.75,61.67,62.03,1478567,62.65,62.75,61.67,62.03,1478567,0.0,1.0
2019-03-29 00:00:00+00:00,63.51,63.56,62.8,63.15,1899110,63.51,63.56,62.8,63.15,1899110,0.0,1.0
2019-04-01 00:00:00+00:00,64.8,65.24,63.6,65.08,2283826,64.8,65.24,63.6,65.08,2283826,0.0,1.0
2019-04-02 00:00:00+00:00,64.61,64.81,63.96,64.75,2256342,64.61,64.81,63.96,64.75,2256342,0.0,1.0
2019-04-03 00:00:00+00:00,65.17,65.45,64.56,65.06,2994365,65.17,65.45,64.56,65.06,2994365,0.0,1.0
2019-04-04 00:00:00+00:00,63.67,65.25,63.05,65.25,3546052,63.67,65.25,63.05,65.25,3546052,0.0,1.0
2019-04-05 00:00:00+00:00,64.2,64.3,63.51,64.13,1939052,64.2,64.3,63.51,64.13,1939052,0.0,1.0
2019-04-08 00:00:00+00:00,63.98,64.29,63.28,64.23,1946062,63.98,64.29,63.28,64.23,1946062,0.0,1.0
2019-04-09 00:00:00+00:00,64.31,64.59,63.63,63.64,1496951,64.31,64.59,63.63,63.64,1496951,0.0,1.0
2019-04-10 00:00:00+00:00,64.47,64.99,64.28,64.31,1589130,64.47,64.99,64.28,64.31,1589130,0.0,1.0
2019-04-11 00:00:00+00:00,64.57,64.72,64.08,64.59,1027349,64.57,64.72,64.08,64.59,1027349,0.0,1.0
2019-04-12 00:00:00+00:00,64.98,65.0,64.4,64.8,1703268,64.98,65.0,64.4,64.8,1703268,0.0,1.0
2019-04-15 00:00:00+00:00,65.06,65.37,64.59,65.0,1332870,65.06,65.37,64.59,65.0,1332870,0.0,1.0
2019-04-16 00:00:00+00:00,64.7,65.64,64.25,65.48,2138729,64.7,65.64,64.25,65.48,2138729,0.0,1.0
2019-04-17 00:00:00+00:00,63.97,65.06,63.74,65.0,2021170,63.97,65.06,63.74,65.0,2021170,0.0,1.0
2019-04-18 00:00:00+00:00,63.37,64.33,62.52,64.33,3021871,63.37,64.33,62.52,64.33,3021871,0.0,1.0
2019-04-22 00:00:00+00:00,64.21,64.27,63.25,63.31,2307564,64.21,64.27,63.25,63.31,2307564,0.0,1.0
2019-04-23 00:00:00+00:00,66.7,69.69,65.88,68.5,5947501,66.7,69.69,65.88,68.5,5947501,0.0,1.0
2019-04-24 00:00:00+00:00,67.65,68.33,66.69,66.79,3186614,67.65,68.33,66.69,66.79,3186614,0.0,1.0
2019-04-25 00:00:00+00:00,67.49,68.44,66.69,68.11,2047101,67.49,68.44,66.69,68.11,2047101,0.0,1.0
2019-04-26 00:00:00+00:00,68.22,68.25,66.84,67.5,2177863,68.22,68.25,66.84,67.5,2177863,0.0,1.0
2019-04-29 00:00:00+00:00,68.18,68.87,67.92,68.42,1683166,68.18,68.87,67.92,68.42,1683166,0.0,1.0
2019-04-30 00:00:00+00:00,69.38,69.44,68.16,68.18,2154966,69.38,69.44,68.16,68.18,2154966,0.0,1.0
2019-05-01 00:00:00+00:00,68.54,69.99,68.46,69.6,1649273,68.54,69.99,68.46,69.6,1649273,0.0,1.0
2019-05-02 00:00:00+00:00,69.45,69.52,68.2,68.54,2359393,69.45,69.52,68.2,68.54,2359393,0.0,1.0
2019-05-03 00:00:00+00:00,70.27,70.49,68.75,69.59,2233939,70.27,70.49,68.75,69.59,2233939,0.0,1.0
2019-05-06 00:00:00+00:00,70.0,70.19,68.06,68.62,1628935,70.0,70.19,68.06,68.62,1628935,0.0,1.0
2019-05-07 00:00:00+00:00,68.6,69.46,67.94,69.11,2380742,68.6,69.46,67.94,69.11,2380742,0.0,1.0
2019-05-08 00:00:00+00:00,68.94,69.3,67.89,68.29,1696518,68.94,69.3,67.89,68.29,1696518,0.0,1.0
2019-05-09 00:00:00+00:00,68.7,69.0,67.2,68.07,1717182,68.7,69.0,67.2,68.07,1717182,0.0,1.0
2019-05-10 00:00:00+00:00,69.36,69.52,67.48,68.45,1736863,69.36,69.52,67.48,68.45,1736863,0.0,1.0
2019-05-13 00:00:00+00:00,66.9,68.22,66.67,67.4,1717178,66.9,68.22,66.67,67.4,1717178,0.0,1.0
2019-05-14 00:00:00+00:00,68.09,68.49,67.08,67.27,1827231,68.09,68.49,67.08,67.27,1827231,0.0,1.0
2019-05-15 00:00:00+00:00,68.74,69.18,67.32,67.55,2438772,68.74,69.18,67.32,67.55,2438772,0.0,1.0
2019-05-16 00:00:00+00:00,69.85,70.36,68.75,68.9,2102331,69.85,70.36,68.75,68.9,2102331,0.0,1.0
2019-05-17 00:00:00+00:00,68.66,69.93,68.56,69.53,2045827,68.66,69.93,68.56,69.53,2045827,0.0,1.0
2019-05-20 00:00:00+00:00,64.62,67.4,64.38,67.37,3520807,64.62,67.4,64.38,67.37,3520807,0.0,1.0
2019-05-21 00:00:00+00:00,65.35,65.78,65.17,65.4,2708759,65.35,65.78,65.17,65.4,2708759,0.0,1.0
2019-05-22 00:00:00+00:00,64.72,65.14,64.44,65.02,2697865,64.72,65.14,64.44,65.02,2697865,0.0,1.0
2019-05-23 00:00:00+00:00,63.72,64.3,63.31,64.21,2613133,63.72,64.3,63.31,64.21,2613133,0.0,1.0
2019-05-24 00:00:00+00:00,63.94,64.33,63.78,63.89,2100293,63.94,64.33,63.78,63.89,2100293,0.0,1.0
2019-05-28 00:00:00+00:00,63.92,65.13,63.46,64.16,3914454,63.92,65.13,63.46,64.16,3914454,0.0,1.0
2019-05-29 00:00:00+00:00,63.75,64.18,62.82,63.44,2704225,63.75,64.18,62.82,63.44,2704225,0.0,1.0
2019-05-30 00:00:00+00:00,64.32,64.79,63.82,64.01,1360478,64.32,64.79,63.82,64.01,1360478,0.0,1.0
2019-05-31 00:00:00+00:00,63.57,64.27,63.13,63.45,2349260,63.57,64.27,63.13,63.45,2349260,0.0,1.0
2019-06-03 00:00:00+00:00,61.7,63.8,61.32,63.31,2636135,61.7,63.8,61.32,63.31,2636135,0.0,1.0
2019-06-04 00:00:00+00:00,63.22,63.55,62.22,62.57,4211582,63.22,63.55,62.22,62.57,4211582,0.0,1.0
2019-06-05 00:00:00+00:00,64.5,64.84,63.86,64.07,2572680,64.5,64.84,63.86,64.07,2572680,0.0,1.0
2019-06-06 00:00:00+00:00,64.69,64.85,63.66,64.7,2461770,64.69,64.85,63.66,64.7,2461770,0.0,1.0
2019-06-07 00:00:00+00:00,65.57,65.94,64.85,64.87,1726661,65.57,65.94,64.85,64.87,1726661,0.0,1.0
2019-06-10 00:00:00+00:00,67.17,67.31,65.85,66.2,2039946,67.17,67.31,65.85,66.2,2039946,0.0,1.0
2019-06-11 00:00:00+00:00,68.2,68.33,67.38,67.83,2760228,68.2,68.33,67.38,67.83,2760228,0.0,1.0
2019-06-12 00:00:00+00:00,69.35,69.51,68.0,68.14,2270884,69.35,69.51,68.0,68.14,2270884,0.0,1.0
2019-06-13 00:00:00+00:00,68.1,70.08,67.89,69.98,2336183,68.1,70.08,67.89,69.98,2336183,0.0,1.0
2019-06-14 00:00:00+00:00,67.72,68.0,67.08,68.0,2064277,67.72,68.0,67.08,68.0,2064277,0.0,1.0
2019-06-17 00:00:00+00:00,67.55,68.41,67.31,67.9,2149942,67.55,68.41,67.31,67.9,2149942,0.0,1.0
2019-06-18 00:00:00+00:00,69.21,69.37,68.07,68.33,2226701,69.21,69.37,68.07,68.33,2226701,0.0,1.0
2019-06-19 00:00:00+00:00,71.44,71.61,69.22,69.35,3280202,71.44,71.61,69.22,69.35,3280202,0.0,1.0
2019-06-20 00:00:00+00:00,72.67,73.09,72.2081,72.52,3027658,72.67,73.09,72.2081,72.52,3027658,0.0,1.0
2019-06-21 00:00:00+00:00,71.37,72.87,71.16,72.5,2885707,71.37,72.87,71.16,72.5,2885707,0.0,1.0
2019-06-24 00:00:00+00:00,71.28,71.88,70.57,71.57,1960671,71.28,71.88,70.57,71.57,1960671,0.0,1.0
2019-06-25 00:00:00+00:00,69.43,71.66,69.36,71.04,2035163,69.43,71.66,69.36,71.04,2035163,0.0,1.0
2019-06-26 00:00:00+00:00,69.84,70.76,69.63,69.98,1798056,69.84,70.76,69.63,69.98,1798056,0.0,1.0
2019-06-27 00:00:00+00:00,70.17,70.48,69.95,69.99,1451851,70.17,70.48,69.95,69.99,1451851,0.0,1.0
2019-06-28 00:00:00+00:00,70.81,70.93,69.95,70.39,3560999,70.81,70.93,69.95,70.39,3560999,0.0,1.0
2019-07-01 00:00:00+00:00,73.35,73.53,72.38,72.56,2044445,73.35,73.53,72.38,72.56,2044445,0.0,1.0
2019-07-02 00:00:00+00:00,74.02,74.02,73.29,73.35,1967392,74.02,74.02,73.29,73.35,1967392,0.0,1.0
2019-07-03 00:00:00+00:00,74.81,75.02,74.02,74.25,1854929,74.81,75.02,74.02,74.25,1854929,0.0,1.0
2019-07-05 00:00:00+00:00,74.41,74.43,72.88,74.2,1244822,74.41,74.43,72.88,74.2,1244822,0.0,1.0
2019-07-08 00:00:00+00:00,74.37,74.46,73.74,74.08,1341926,74.37,74.46,73.74,74.08,1341926,0.0,1.0
2019-07-09 00:00:00+00:00,74.49,74.57,73.54,73.85,1918150,74.49,74.57,73.54,73.85,1918150,0.0,1.0
2019-07-10 00:00:00+00:00,75.1,75.6,74.58,74.84,1738921,75.1,75.6,74.58,74.84,1738921,0.0,1.0
2019-07-11 00:00:00+00:00,75.2,75.56,74.75,75.55,1904150,75.2,75.56,74.75,75.55,1904150,0.0,1.0
2019-07-12 00:00:00+00:00,75.02,75.51,73.95,75.17,1786187,75.02,75.51,73.95,75.17,1786187,0.0,1.0
2019-07-15 00:00:00+00:00,75.2,75.53,74.72,75.53,1483883,75.2,75.53,74.72,75.53,1483883,0.0,1.0
2019-07-16 00:00:00+00:00,74.69,75.45,74.67,75.05,1924540,74.69,75.45,74.67,75.05,1924540,0.0,1.0
2019-07-17 00:00:00+00:00,74.35,75.41,74.29,74.75,1778334,74.35,75.41,74.29,74.75,1778334,0.0,1.0
2019-07-18 00:00:00+00:00,74.72,75.04,73.62,74.0,2865838,74.72,75.04,73.62,74.0,2865838,0.0,1.0
2019-07-19 00:00:00+00:00,72.92,74.92,72.87,74.8,2148272,72.92,74.92,72.87,74.8,2148272,0.0,1.0
2019-07-22 00:00:00+00:00,72.66,73.85,72.49,73.4,3778339,72.66,73.85,72.49,73.4,3778339,0.0,1.0
2019-07-23 00:00:00+00:00,74.27,74.43,71.1,71.99,3923791,74.27,74.43,71.1,71.99,3923791,0.0,1.0
2019-07-24 00:00:00+00:00,75.79,76.0,73.71,74.01,2229243,75.79,76.0,73.71,74.01,2229243,0.0,1.0
2019-07-25 00:00:00+00:00,76.04,77.08,75.38,75.69,2296217,76.04,77.08,75.38,75.69,2296217,0.0,1.0
2019-07-26 00:00:00+00:00,75.91,76.77,75.76,76.19,1948069,75.91,76.77,75.76,76.19,1948069,0.0,1.0
2019-07-29 00:00:00+00:00,76.35,76.44,74.54,76.01,1427327,76.35,76.44,74.54,76.01,1427327,0.0,1.0
2019-07-30 00:00:00+00:00,75.54,76.27,75.23,75.7,1153567,75.54,76.27,75.23,75.7,1153567,0.0,1.0
2019-07-31 00:00:00+00:00,73.91,75.83,73.12,75.73,1660383,73.91,75.83,73.12,75.73,1660383,0.0,1.0
2019-08-01 00:00:00+00:00,73.04,75.34,72.64,73.91,2114272,73.04,75.34,72.64,73.91,2114272,0.0,1.0
2019-08-02 00:00:00+00:00,71.27,72.99,70.66,72.32,1802398,71.27,72.99,70.66,72.32,1802398,0.0,1.0
2019-08-05 00:00:00+00:00,67.5,69.6,66.98,69.5,2771278,67.5,69.6,66.98,69.5,2771278,0.0,1.0
2019-08-06 00:00:00+00:00,69.15,69.4,68.05,68.15,2132725,69.15,69.4,68.05,68.15,2132725,0.0,1.0
2019-08-07 00:00:00+00:00,68.93,69.2,67.77,68.25,2122728,68.93,69.2,67.77,68.25,2122728,0.0,1.0
2019-08-08 00:00:00+00:00,71.39,71.67,69.5,69.51,1980780,71.39,71.67,69.5,69.51,1980780,0.0,1.0
2019-08-09 00:00:00+00:00,70.24,71.29,69.04,70.83,1200285,70.24,71.29,69.04,70.83,1200285,0.0,1.0
2019-08-12 00:00:00+00:00,68.72,70.03,68.39,69.95,1484540,68.72,70.03,68.39,69.95,1484540,0.0,1.0
2019-08-13 00:00:00+00:00,70.97,71.13,68.41,68.6,2284787,70.97,71.13,68.41,68.6,2284787,0.0,1.0
2019-08-14 00:00:00+00:00,67.73,69.87,67.29,69.42,1883309,67.73,69.87,67.29,69.42,1883309,0.0,1.0
2019-08-15 00:00:00+00:00,68.14,68.42,67.3,67.92,1662691,68.14,68.42,67.3,67.92,1662691,0.0,1.0
2019-08-16 00:00:00+00:00,69.32,69.49,68.5,69.05,1454804,69.32,69.49,68.5,69.05,1454804,0.0,1.0
2019-08-19 00:00:00+00:00,69.6,70.7,69.06,70.59,1146011,69.6,70.7,69.06,70.59,1146011,0.0,1.0
2019-08-20 00:00:00+00:00,68.79,69.66,68.5,69.37,1586645,68.79,69.66,68.5,69.37,1586645,0.0,1.0
2019-08-21 00:00:00+00:00,69.69,70.4,68.91,69.48,1599760,69.69,70.4,68.91,69.48,1599760,0.0,1.0
2019-08-22 00:00:00+00:00,69.81,71.11,69.1,70.18,1915669,69.81,71.11,69.1,70.18,1915669,0.0,1.0
2019-08-23 00:00:00+00:00,66.81,69.61,66.55,69.33,2234956,66.81,69.61,66.55,69.33,2234956,0.0,1.0
2019-08-26 00:00:00+00:00,67.79,68.04,67.27,67.77,2715938,67.79,68.04,67.27,67.77,2715938,0.0,1.0
2019-08-27 00:00:00+00:00,67.11,68.33,66.82,68.25,2491615,67.11,68.33,66.82,68.25,2491615,0.0,1.0
2019-08-28 00:00:00+00:00,66.82,67.29,66.03,66.43,1751041,66.82,67.29,66.03,66.43,1751041,0.0,1.0
2019-08-29 00:00:00+00:00,69.02,69.38,67.67,67.76,2104999,69.02,69.38,67.67,67.76,2104999,0.0,1.0
2019-08-30 00:00:00+00:00,68.48,69.57,68.21,69.51,1666051,68.48,69.57,68.21,69.51,1666051,0.0,1.0
2019-09-03 00:00:00+00:00,68.14,68.51,67.51,67.82,2136016,68.14,68.51,67.51,67.82,2136016,0.0,1.0
2019-09-04 00:00:00+00:00,68.5,69.49,68.21,69.09,1671353,68.5,69.49,68.21,69.09,1671353,0.0,1.0
2019-09-05 00:00:00+00:00,70.61,70.9,68.85,69.44,1600088,70.61,70.9,68.85,69.44,1600088,0.0,1.0
2019-09-06 00:00:00+00:00,70.0,70.94,69.89,70.6,1559834,70.0,70.94,69.89,70.6,1559834,0.0,1.0
2019-09-09 00:00:00+00:00,68.41,70.45,67.79,70.45,1681109,68.41,70.45,67.79,70.45,1681109,0.0,1.0
2019-09-10 00:00:00+00:00,65.77,68.3,65.04,67.85,2319101,65.77,68.3,65.04,67.85,2319101,0.0,1.0
2019-09-11 00:00:00+00:00,65.47,66.38,65.25,65.83,1860329,65.47,66.38,65.25,65.83,1860329,0.0,1.0
2019-09-12 00:00:00+00:00,66.15,67.59,65.81,65.81,1803604,66.15,67.59,65.81,65.81,1803604,0.0,1.0
2019-09-13 00:00:00+00:00,65.54,67.04,65.37,66.09,1588293,65.54,67.04,65.37,66.09,1588293,0.0,1.0
2019-09-16 00:00:00+00:00,65.73,65.8,64.26,64.96,1673953,65.73,65.8,64.26,64.96,1673953,0.0,1.0
2019-09-17 00:00:00+00:00,67.35,67.47,65.58,66.04,2303107,67.35,67.47,65.58,66.04,2303107,0.0,1.0
2019-09-18 00:00:00+00:00,67.79,67.88,66.5,67.06,1908686,67.79,67.88,66.5,67.06,1908686,0.0,1.0
2019-09-19 00:00:00+00:00,66.92,68.24,66.86,67.56,2026957,66.92,68.24,66.86,67.56,2026957,0.0,1.0
2019-09-20 00:00:00+00:00,66.01,68.2,66.01,67.32,2855047,66.01,68.2,66.01,67.32,2855047,0.0,1.0
2019-09-23 00:00:00+00:00,65.97,66.51,65.26,65.49,1080861,65.97,66.51,65.26,65.49,1080861,0.0,1.0
2019-09-24 00:00:00+00:00,65.16,66.78,64.83,66.64,1963793,65.16,66.78,64.83,66.64,1963793,0.0,1.0
2019-09-25 00:00:00+00:00,66.13,66.43,64.21,65.19,1839764,66.13,66.43,64.21,65.19,1839764,0.0,1.0
2019-09-26 00:00:00+00:00,66.58,66.83,65.84,66.22,1033880,66.58,66.83,65.84,66.22,1033880,0.0,1.0
2019-09-27 00:00:00+00:00,65.2,66.85,64.38,66.74,1613784,65.2,66.85,64.38,66.74,1613784,0.0,1.0
2019-09-30 00:00:00+00:00,66.08,66.46,65.07,65.42,1604781,66.08,66.46,65.07,65.42,1604781,0.0,1.0
2019-10-01 00:00:00+00:00,65.29,66.99,65.25,66.35,1227189,65.29,66.99,65.25,66.35,1227189,0.0,1.0
2019-10-02 00:00:00+00:00,64.02,64.81,63.14,64.7,1857290,64.02,64.81,63.14,64.7,1857290,0.0,1.0
2019-10-03 00:00:00+00:00,65.1,65.22,63.22,64.02,1689751,65.1,65.22,63.22,64.02,1689751,0.0,1.0
2019-10-04 00:00:00+00:00,65.91,65.93,64.93,65.41,2989161,65.91,65.93,64.93,65.41,2989161,0.0,1.0
2019-10-07 00:00:00+00:00,65.6,66.32,65.45,65.74,1159625,65.6,66.32,65.45,65.74,1159625,0.0,1.0
2019-10-08 00:00:00+00:00,63.64,65.09,63.2,64.68,1777963,63.64,65.09,63.2,64.68,1777963,0.0,1.0
2019-10-09 00:00:00+00:00,64.85,65.26,64.08,64.41,916873,64.85,65.26,64.08,64.41,916873,0.0,1.0
2019-10-10 00:00:00+00:00,65.54,65.7,64.6,64.68,1280110,65.54,65.7,64.6,64.68,1280110,0.0,1.0
2019-10-11 00:00:00+00:00,65.9,67.0,65.69,66.36,1537757,65.9,67.0,65.69,66.36,1537757,0.0,1.0
2019-10-14 00:00:00+00:00,66.51,66.87,65.98,66.01,1147388,66.51,66.87,65.98,66.01,1147388,0.0,1.0
2019-10-15 00:00:00+00:00,67.63,67.7,66.48,66.77,1496535,67.63,67.7,66.48,66.77,1496535,0.0,1.0
2019-10-16 00:00:00+00:00,66.82,67.37,66.14,66.19,1102916,66.82,67.37,66.14,66.19,1102916,0.0,1.0
2019-10-17 00:00:00+00:00,66.0,67.77,65.91,67.27,1333818,66.0,67.77,65.91,67.27,1333818,0.0,1.0
2019-10-18 00:00:00+00:00,65.6,66.59,64.88,65.67,1879853,65.6,66.59,64.88,65.67,1879853,0.0,1.0
2019-10-21 00:00:00+00:00,66.75,66.87,65.8,66.34,1784649,66.75,66.87,65.8,66.34,1784649,0.0,1.0
2019-10-22 00:00:00+00:00,62.94,70.5,62.75,69.79,3848317,62.94,70.5,62.75,69.79,3848317,0.0,1.0
2019-10-23 00:00:00+00:00,63.47,64.37,62.41,62.42,1889499,63.47,64.37,62.41,62.42,1889499,0.0,1.0
2019-10-24 00:00:00+00:00,65.09,65.27,63.62,63.72,1463162,65.09,65.27,63.62,63.72,1463162,0.0,1.0
2019-10-25 00:00:00+00:00,65.1,65.39,64.46,64.81,878290,65.1,65.39,64.46,64.81,878290,0.0,1.0
2019-10-28 00:00:00+00:00,65.88,66.0,65.18,65.18,947068,65.88,66.0,65.18,65.18,947068,0.0,1.0
2019-10-29 00:00:00+00:00,65.97,66.57,65.8,65.97,1405812,65.97,66.57,65.8,65.97,1405812,0.0,1.0
2019-10-30 00:00:00+00:00,66.94,66.99,65.52,66.16,1233015,66.94,66.99,65.52,66.16,1233015,0.0,1.0
2019-10-31 00:00:00+00:00,65.35,67.0,64.91,66.71,1693330,65.35,67.0,64.91,66.71,1693330,0.0,1.0
2019-11-01 00:00:00+00:00,65.48,66.42,65.22,65.69,2596801,65.48,66.42,65.22,65.69,2596801,0.0,1.0
2019-11-04 00:00:00+00:00,66.88,66.92,65.61,66.08,2456730,66.88,66.92,65.61,66.08,2456730,0.0,1.0
2019-11-05 00:00:00+00:00,67.2,67.63,66.55,67.14,2063205,67.2,67.63,66.55,67.14,2063205,0.0,1.0
2019-11-06 00:00:00+00:00,67.14,67.21,66.55,67.17,1030454,67.14,67.21,66.55,67.17,1030454,0.0,1.0
2019-11-07 00:00:00+00:00,66.87,68.2,66.5,67.37,1157973,66.87,68.2,66.5,67.37,1157973,0.0,1.0
2019-11-08 00:00:00+00:00,67.1,67.28,66.25,66.49,897083,67.1,67.28,66.25,66.49,897083,0.0,1.0
2019-11-11 00:00:00+00:00,67.45,67.71,66.46,66.76,823029,67.45,67.71,66.46,66.76,823029,0.0,1.0
2019-11-12 00:00:00+00:00,67.58,68.25,67.23,67.24,867604,67.58,68.25,67.23,67.24,867604,0.0,1.0
2019-11-13 00:00:00+00:00,67.21,67.78,66.83,67.22,836459,67.21,67.78,66.83,67.22,836459,0.0,1.0
2019-11-14 00:00:00+00:00,67.16,67.37,66.75,66.8,907726,67.16,67.37,66.75,66.8,907726,0.0,1.0
2019-11-15 00:00:00+00:00,67.48,67.58,66.7,67.52,1481858,67.48,67.58,66.7,67.52,1481858,0.0,1.0
2019-11-18 00:00:00+00:00,67.23,67.74,66.97,67.61,1059476,67.23,67.74,66.97,67.61,1059476,0.0,1.0
2019-11-19 00:00:00+00:00,68.49,68.6,67.38,67.5,1561448,68.49,68.6,67.38,67.5,1561448,0.0,1.0
2019-11-20 00:00:00+00:00,67.7,68.94,67.5,68.28,1558775,67.7,68.94,67.5,68.28,1558775,0.0,1.0
2019-11-21 00:00:00+00:00,67.19,67.98,66.91,67.7,1319050,67.19,67.98,66.91,67.7,1319050,0.0,1.0
2019-11-22 00:00:00+00:00,67.19,67.82,66.58,67.51,1444654,67.19,67.82,66.58,67.51,1444654,0.0,1.0
2019-11-25 00:00:00+00:00,68.17,68.33,67.25,67.25,1480916,68.17,68.33,67.25,67.25,1480916,0.0,1.0
2019-11-26 00:00:00+00:00,69.53,69.69,68.35,68.38,2829177,69.53,69.69,68.35,68.38,2829177,0.0,1.0
2019-11-27 00:00:00+00:00,70.9,70.96,69.53,69.68,1484259,70.9,70.96,69.53,69.68,1484259,0.0,1.0
2019-11-29 00:00:00+00:00,70.25,70.96,70.09,70.64,1182559,70.25,70.96,70.09,70.64,1182559,0.0,1.0
2019-12-02 00:00:00+00:00,67.48,70.21,67.3,70.1,1925438,67.48,70.21,67.3,70.1,1925438,0.0,1.0
2019-12-03 00:00:00+00:00,65.22,66.62,64.75,66.5,2941430,65.22,66.62,64.75,66.5,2941430,0.0,1.0
2019-12-04 00:00:00+00:00,65.93,66.22,65.16,65.71,1712422,65.93,66.22,65.16,65.71,1712422,0.0,1.0
2019-12-05 00:00:00+00:00,65.81,66.35,65.48,65.72,1773505,65.81,66.35,65.48,65.72,1773505,0.0,1.0
2019-12-06 00:00:00+00:00,67.18,67.41,66.25,66.46,1303668,67.18,67.41,66.25,66.46,1303668,0.0,1.0
2019-12-09 00:00:00+00:00,66.03,67.29,66.01,66.81,1722908,66.03,67.29,66.01,66.81,1722908,0.0,1.0
2019-12-10 00:00:00+00:00,65.85,66.72,65.5,66.21,1395678,65.85,66.72,65.5,66.21,1395678,0.0,1.0
2019-12-11 00:00:00+00:00,65.89,66.42,65.64,66.22,1931594,65.89,66.42,65.64,66.22,1931594,0.0,1.0
2019-12-12 00:00:00+00:00,66.88,67.04,65.09,65.7,1820731,66.88,67.04,65.09,65.7,1820731,0.0,1.0
2019-12-13 00:00:00+00:00,67.92,68.08,66.59,66.84,1941456,67.92,68.08,66.59,66.84,1941456,0.0,1.0
2019-12-16 00:00:00+00:00,69.06,69.64,68.39,68.39,2388141,69.06,69.64,68.39,68.39,2388141,0.0,1.0
2019-12-17 00:00:00+00:00,69.13,69.89,68.64,69.37,2520549,69.13,69.89,68.64,69.37,2520549,0.0,1.0
2019-12-18 00:00:00+00:00,69.94,70.43,69.24,69.52,2108736,69.94,70.43,69.24,69.52,2108736,0.0,1.0
2019-12-19 00:00:00+00:00,69.68,70.42,69.24,69.68,1580025,69.68,70.42,69.24,69.68,1580025,0.0,1.0
2019-12-20 00:00:00+00:00,70.09,70.71,69.34,70.09,4451661,70.09,70.71,69.34,70.09,4451661,0.0,1.0
2019-12-23 00:00:00+00:00,70.14,70.62,69.42,70.23,1619898,70.14,70.62,69.42,70.23,1619898,0.0,1.0
2019-12-24 00:00:00+00:00,69.65,70.41,69.14,70.15,436461,69.65,70.41,69.14,70.15,436461,0.0,1.0
2019-12-26 00:00:00+00:00,70.05,70.42,69.65,69.65,668492,70.05,70.42,69.65,69.65,668492,0.0,1.0
2019-12-27 00:00:00+00:00,70.29,70.44,69.39,70.39,900589,70.29,70.44,69.39,70.39,900589,0.0,1.0
2019-12-30 00:00:00+00:00,69.99,70.22,69.06,69.99,845671,69.99,70.22,69.06,69.99,845671,0.0,1.0
2019-12-31 00:00:00+00:00,69.36,70.48,69.25,69.81,1538697,69.36,70.48,69.25,69.81,1538697,0.0,1.0
2020-01-02 00:00:00+00:00,71.44,71.44,69.59,70.18,1410679,71.44,71.44,69.59,70.18,1410679,0.0,1.0
2020-01-03 00:00:00+00:00,70.42,70.99,70.06,70.54,1317580,70.42,70.99,70.06,70.54,1317580,0.0,1.0
2020-01-06 00:00:00+00:00,70.85,70.97,69.65,69.98,1545015,70.85,70.97,69.65,69.98,1545015,0.0,1.0
2020-01-07 00:00:00+00:00,71.07,71.28,69.94,70.46,1664687,71.07,71.28,69.94,70.46,1664687,0.0,1.0
2020-01-08 00:00:00+00:00,72.28,72.76,70.96,71.28,1763077,72.28,72.76,70.96,71.28,1763077,0.0,1.0
2020-01-09 00:00:00+00:00,73.36,73.69,72.56,72.82,1514381,73.36,73.69,72.56,72.82,1514381,0.0,1.0
2020-01-10 00:00:00+00:00,73.03,73.58,72.67,73.4,949972,73.03,73.58,72.67,73.4,949972,0.0,1.0
2020-01-13 00:00:00+00:00,73.39,73.95,72.95,73.53,1140706,73.39,73.95,72.95,73.53,1140706,0.0,1.0
2020-01-14 00:00:00+00:00,72.61,73.47,72.41,73.4,1023815,72.61,73.47,72.41,73.4,1023815,0.0,1.0
2020-01-15 00:00:00+00:00,71.94,73.1,71.66,72.65,1333647,71.94,73.1,71.66,72.65,1333647,0.0,1.0
2020-01-16 00:00:00+00:00,73.06,73.07,72.03,72.33,1242118,73.06,73.07,72.03,72.33,1242118,0.0,1.0
2020-01-17 00:00:00+00:00,73.73,73.83,72.65,73.38,1893491,73.73,73.83,72.65,73.38,1893491,0.0,1.0
2020-01-21 00:00:00+00:00,74.6,74.87,73.23,73.41,1621983,74.6,74.87,73.23,73.41,1621983,0.0,1.0
2020-01-22 00:00:00+00:00,74.8,75.36,74.51,75.0,1156576,74.8,75.36,74.51,75.0,1156576,0.0,1.0
2020-01-23 00:00:00+00:00,75.42,75.55,74.2,74.92,994593,75.42,75.55,74.2,74.92,994593,0.0,1.0
2020-01-24 00:00:00+00:00,74.58,76.31,74.07,75.94,957074,74.58,76.31,74.07,75.94,957074,0.0,1.0
2020-01-27 00:00:00+00:00,72.62,73.28,71.76,72.49,1259934,72.62,73.28,71.76,72.49,1259934,0.0,1.0
2020-01-28 00:00:00+00:00,74.18,74.51,72.88,73.09,1298063,74.18,74.51,72.88,73.09,1298063,0.0,1.0
2020-01-29 00:00:00+00:00,73.14,74.65,73.05,74.5,1241457,73.14,74.65,73.05,74.5,1241457,0.0,1.0
2020-01-30 00:00:00+00:00,73.16,73.21,72.1,72.46,1033191,73.16,73.21,72.1,72.46,1033191,0.0,1.0
2020-01-31 00:00:00+00:00,72.11,73.05,71.36,72.86,2452577,72.11,73.05,71.36,72.86,2452577,0.0,1.0
2020-02-03 00:00:00+00:00,72.83,73.24,72.46,72.49,1405907,72.83,73.24,72.46,72.49,1405907,0.0,1.0
2020-02-04 00:00:00+00:00,74.42,74.78,73.68,73.96,1371951,74.42,74.78,73.68,73.96,1371951,0.0,1.0
2020-02-05 00:00:00+00:00,74.32,75.39,73.845,75.39,1666772,74.32,75.39,73.845,75.39,1666772,0.0,1.0
2020-02-06 00:00:00+00:00,74.54,75.36,74.38,74.91,911612,74.54,75.36,74.38,74.91,911612,0.0,1.0
2020-02-07 00:00:00+00:00,73.55,74.4,73.51,74.02,1157696,73.55,74.4,73.51,74.02,1157696,0.0,1.0
2020-02-10 00:00:00+00:00,74.63,74.66,72.98,73.35,1302935,74.63,74.66,72.98,73.35,1302935,0.0,1.0
2020-02-11 00:00:00+00:00,75.71,75.88,74.68,75.04,1419563,75.71,75.88,74.68,75.04,1419563,0.0,1.0
2020-02-12 00:00:00+00:00,77.1,77.22,75.83,76.0,1932799,77.1,77.22,75.83,76.0,1932799,0.0,1.0
2020-02-13 00:00:00+00:00,79.25,79.59,75.27,77.0,3253163,79.25,79.59,75.27,77.0,3253163,0.0,1.0
2020-02-14 00:00:00+00:00,78.76,79.69,78.36,79.56,1329662,78.76,79.69,78.36,79.56,1329662,0.0,1.0
2020-02-18 00:00:00+00:00,78.58,79.0,78.05,78.18,1539986,78.58,79.0,78.05,78.18,1539986,0.0,1.0
2020-02-19 00:00:00+00:00,80.02,80.4,78.88,79.0,2212033,80.02,80.4,78.88,79.0,2212033,0.0,1.0
2020-02-20 00:00:00+00:00,76.97,79.46,76.05,79.46,2394522,76.97,79.46,76.05,79.46,2394522,0.0,1.0
2020-02-21 00:00:00+00:00,74.73,76.58,74.18,75.96,1550286,74.73,76.58,74.18,75.96,1550286,0.0,1.0
2020-02-24 00:00:00+00:00,71.39,73.27,70.87,71.95,2361985,71.39,73.27,70.87,71.95,2361985,0.0,1.0
2020-02-25 00:00:00+00:00,68.45,72.27,68.18,71.9,2648279,68.45,72.27,68.18,71.9,2648279,0.0,1.0
2020-02-26 00:00:00+00:00,68.88,70.06,68.18,69.1,2477323,68.88,70.06,68.18,69.1,2477323,0.0,1.0
2020-02-27 00:00:00+00:00,65.84,68.56,65.66,66.75,2678906,65.84,68.56,65.66,66.75,2678906,0.0,1.0
2020-02-28 00:00:00+00:00,66.14,66.31,63.24,63.51,4698593,66.14,66.31,63.24,63.51,4698593,0.0,1.0
2020-03-02 00:00:00+00:00,68.36,68.38,65.01,66.66,2711129,68.36,68.38,65.01,66.66,2711129,0.0,1.0
2020-03-03 00:00:00+00:00,66.23,68.81,65.47,67.87,3162806,66.23,68.81,65.47,67.87,3162806,0.0,1.0
2020-03-04 00:00:00+00:00,70.27,70.39,67.23,67.64,2364362,70.27,70.39,67.23,67.64,2364362,0.0,1.0
2020-03-05 00:00:00+00:00,67.84,69.62,66.83,67.79,2163703,67.84,69.62,66.83,67.79,2163703,0.0,1.0
2020-03-06 00:00:00+00:00,64.73,65.82,62.98,64.7,3361030,64.73,65.82,62.98,64.7,3361030,0.0,1.0
2020-03-09 00:00:00+00:00,59.75,64.17,58.05,61.68,2793602,59.75,64.17,58.05,61.68,2793602,0.0,1.0
2020-03-10 00:00:00+00:00,62.92,62.92,59.86,61.28,2809853,62.92,62.92,59.86,61.28,2809853,0.0,1.0
2020-03-11 00:00:00+00:00,62.23,62.71,60.38,61.3,2918503,62.23,62.71,60.38,61.3,2918503,0.0,1.0
2020-03-12 00:00:00+00:00,56.94,62.64,56.82,58.06,4756622,56.94,62.64,56.82,58.06,4756622,0.0,1.0
2020-03-13 00:00:00+00:00,62.47,62.47,55.5,59.28,3988535,62.47,62.47,55.5,59.28,3988535,0.0,1.0
2020-03-16 00:00:00+00:00,54.6,57.98,54.1,55.76,3071610,54.6,57.98,54.1,55.76,3071610,0.0,1.0
2020-03-17 00:00:00+00:00,58.94,59.11,53.39,55.88,2719479,58.94,59.11,53.39,55.88,2719479,0.0,1.0
2020-03-18 00:00:00+00:00,54.32,55.72,51.39,55.0,3136227,54.32,55.72,51.39,55.0,3136227,0.0,1.0
2020-03-19 00:00:00+00:00,55.72,57.61,52.15,53.74,2584943,55.72,57.61,52.15,53.74,2584943,0.0,1.0
2020-03-20 00:00:00+00:00,55.08,58.56,54.57,56.9,3393464,55.08,58.56,54.57,56.9,3393464,0.0,1.0
2020-03-23 00:00:00+00:00,55.86,57.88,53.16,55.0,2954056,55.86,57.88,53.16,55.0,2954056,0.0,1.0
2020-03-24 00:00:00+00:00,63.34,63.95,58.21,58.93,4180242,63.34,63.95,58.21,58.93,4180242,0.0,1.0
2020-03-25 00:00:00+00:00,61.35,64.6,60.93,63.06,3940095,61.35,64.6,60.93,63.06,3940095,0.0,1.0
2020-03-26 00:00:00+00:00,66.94,67.12,61.39,61.91,2781505,66.94,67.12,61.39,61.91,2781505,0.0,1.0
2020-03-27 00:00:00+00:00,62.28,65.55,61.73,64.46,2228379,62.28,65.55,61.73,64.46,2228379,0.0,1.0
2020-03-30 00:00:00+00:00,66.91,67.38,62.38,62.68,2514340,66.91,67.38,62.38,62.68,2514340,0.0,1.0
2020-03-31 00:00:00+00:00,66.04,67.47,65.34,66.11,3451353,66.04,67.47,65.34,66.11,3451353,0.0,1.0
2020-04-01 00:00:00+00:00,65.24,66.51,62.92,63.43,2824123,65.24,66.51,62.92,63.43,2824123,0.0,1.0
2020-04-02 00:00:00+00:00,65.93,67.07,63.92,64.24,2959094,65.93,67.07,63.92,64.24,2959094,0.0,1.0
2020-04-03 00:00:00+00:00,63.93,66.72,63.74,65.05,2554884,63.93,66.72,63.74,65.05,2554884,0.0,1.0
2020-04-06 00:00:00+00:00,69.42,69.77,65.92,67.52,2332714,69.42,69.77,65.92,67.52,2332714,0.0,1.0
2020-04-07 00:00:00+00:00,69.05,71.62,68.82,71.0,2315177,69.05,71.62,68.82,71.0,2315177,0.0,1.0
2020-04-08 00:00:00+00:00,71.84,72.26,69.46,69.84,1932520,71.84,72.26,69.46,69.84,1932520,0.0,1.0
2020-04-09 00:00:00+00:00,71.65,72.73,71.07,71.91,1954323,71.65,72.73,71.07,71.91,1954323,0.0,1.0
2020-04-13 00:00:00+00:00,71.55,71.75,70.4,70.97,2521654,71.55,71.75,70.4,70.97,2521654,0.0,1.0
2020-04-14 00:00:00+00:00,76.33,76.5,72.26,73.0,2511049,76.33,76.5,72.26,73.0,2511049,0.0,1.0
2020-04-15 00:00:00+00:00,75.7,76.17,74.27,74.91,2245583,75.7,76.17,74.27,74.91,2245583,0.0,1.0
2020-04-16 00:00:00+00:00,78.59,79.17,76.01,76.01,2603334,78.59,79.17,76.01,76.01,2603334,0.0,1.0
2020-04-17 00:00:00+00:00,78.65,80.46,78.33,79.57,3958580,78.65,80.46,78.33,79.57,3958580,0.0,1.0
2020-04-20 00:00:00+00:00,77.84,78.67,76.77,77.73,2300713,77.84,78.67,76.77,77.73,2300713,0.0,1.0
2020-04-21 00:00:00+00:00,74.59,76.89,73.35,76.43,2938547,74.59,76.89,73.35,76.43,2938547,0.0,1.0
2020-04-22 00:00:00+00:00,79.8,80.55,77.51,79.18,3043490,79.8,80.55,77.51,79.18,3043490,0.0,1.0
2020-04-23 00:00:00+00:00,79.83,81.43,79.3,79.37,2273057,79.83,81.43,79.3,79.37,2273057,0.0,1.0
2020-04-24 00:00:00+00:00,80.52,81.32,79.11,80.85,2124467,80.52,81.32,79.11,80.85,2124467,0.0,1.0
2020-04-27 00:00:00+00:00,81.31,81.97,80.55,81.0,1517243,81.31,81.97,80.55,81.0,1517243,0.0,1.0
2020-04-28 00:00:00+00:00,78.47,82.46,78.34,82.0,2271007,78.47,82.46,78.34,82.0,2271007,0.0,1.0
2020-04-29 00:00:00+00:00,82.0,82.78,78.53,78.53,2689749,82.0,82.78,78.53,78.53,2689749,0.0,1.0
2020-04-30 00:00:00+00:00,81.13,82.61,80.88,81.76,3129158,81.13,82.61,80.88,81.76,3129158,0.0,1.0
2020-05-01 00:00:00+00:00,75.84,80.0,75.51,79.59,2894628,75.84,80.0,75.51,79.59,2894628,0.0,1.0
2020-05-04 00:00:00+00:00,77.64,77.73,75.27,75.93,2152051,77.64,77.73,75.27,75.93,2152051,0.0,1.0
2020-05-05 00:00:00+00:00,79.67,80.3,78.12,78.12,2008684,79.67,80.3,78.12,78.12,2008684,0.0,1.0
2020-05-06 00:00:00+00:00,80.99,81.96,80.01,80.14,2111999,80.99,81.96,80.01,80.14,2111999,0.0,1.0
2020-05-07 00:00:00+00:00,81.37,82.78,80.98,82.23,1480443,81.37,82.78,80.98,82.23,1480443,0.0,1.0
2020-05-08 00:00:00+00:00,82.46,82.7,81.18,82.36,1125669,82.46,82.7,81.18,82.36,1125669,0.0,1.0
2020-05-11 00:00:00+00:00,83.0,83.58,81.5,81.7,2019667,83.0,83.58,81.5,81.7,2019667,0.0,1.0
2020-05-12 00:00:00+00:00,81.05,83.57,81.05,83.57,1628861,81.05,83.57,81.05,83.57,1628861,0.0,1.0
2020-05-13 00:00:00+00:00,81.0,82.98,79.83,81.37,2768183,81.0,82.98,79.83,81.37,2768183,0.0,1.0
2020-05-14 00:00:00+00:00,81.85,81.9,79.68,80.51,2077671,81.85,81.9,79.68,80.51,2077671,0.0,1.0
2020-05-15 00:00:00+00:00,82.07,82.32,79.05,79.19,2549581,82.07,82.32,79.05,79.19,2549581,0.0,1.0
2020-05-18 00:00:00+00:00,83.37,84.06,81.34,82.15,2426351,83.37,84.06,81.34,82.15,2426351,0.0,1.0
2020-05-19 00:00:00+00:00,85.44,87.0,83.51,83.76,2214605,85.44,87.0,83.51,83.76,2214605,0.0,1.0
2020-05-20 00:00:00+00:00,88.09,88.55,86.86,86.92,2347609,88.09,88.55,86.86,86.92,2347609,0.0,1.0
2020-05-21 00:00:00+00:00,86.11,88.46,86.0,88.25,1503297,86.11,88.46,86.0,88.25,1503297,0.0,1.0
2020-05-22 00:00:00+00:00,86.05,86.65,85.22,86.1,1490336,86.05,86.65,85.22,86.1,1490336,0.0,1.0
2020-05-26 00:00:00+00:00,85.01,87.81,84.88,87.78,1703795,85.01,87.81,84.88,87.78,1703795,0.0,1.0
2020-05-27 00:00:00+00:00,85.2,85.24,81.95,84.5,1871466,85.2,85.24,81.95,84.5,1871466,0.0,1.0
2020-05-28 00:00:00+00:00,88.06,89.65,84.77,84.81,2392806,88.06,89.65,84.77,84.81,2392806,0.0,1.0
2020-05-29 00:00:00+00:00,91.29,91.58,87.92,88.23,2668276,91.29,91.58,87.92,88.23,2668276,0.0,1.0
2020-06-01 00:00:00+00:00,91.68,92.86,89.82,90.8,2119515,91.68,92.86,89.82,90.8,2119515,0.0,1.0
2020-06-02 00:00:00+00:00,92.38,92.39,90.55,91.5,1850758,92.38,92.39,90.55,91.5,1850758,0.0,1.0
2020-06-03 00:00:00+00:00,92.96,93.3,91.83,92.9,1717370,92.96,93.3,91.83,92.9,1717370,0.0,1.0
2020-06-04 00:00:00+00:00,91.27,93.01,90.85,92.23,1562573,91.27,93.01,90.85,92.23,1562573,0.0,1.0
2020-06-05 00:00:00+00:00,91.4,92.46,89.5,91.18,2280466,91.4,92.46,89.5,91.18,2280466,0.0,1.0
2020-06-08 00:00:00+00:00,92.13,92.39,89.04,91.0,2128905,92.13,92.39,89.04,91.0,2128905,0.0,1.0
2020-06-09 00:00:00+00:00,92.56,93.52,91.71,91.8,2075370,92.56,93.52,91.71,91.8,2075370,0.0,1.0
2020-06-10 00:00:00+00:00,93.19,94.18,92.5,93.33,1502295,93.19,94.18,92.5,93.33,1502295,0.0,1.0
2020-06-11 00:00:00+00:00,88.41,93.09,88.32,92.8,2063508,88.41,93.09,88.32,92.8,2063508,0.0,1.0
2020-06-12 00:00:00+00:00,89.46,91.45,87.94,90.06,1889403,89.46,91.45,87.94,90.06,1889403,0.0,1.0
2020-06-15 00:00:00+00:00,90.85,90.88,87.75,88.59,1828848,90.85,90.88,87.75,88.59,1828848,0.0,1.0
2020-06-16 00:00:00+00:00,92.02,93.28,91.14,92.38,1707166,92.02,93.28,91.14,92.38,1707166,0.0,1.0
2020-06-17 00:00:00+00:00,93.07,93.89,92.58,92.94,1705146,93.07,93.89,92.58,92.94,1705146,0.0,1.0
2020-06-18 00:00:00+00:00,93.73,93.85,92.42,93.09,1778482,93.73,93.85,92.42,93.09,1778482,0.0,1.0
2020-06-19 00:00:00+00:00,91.9,95.21,91.66,94.98,3048645,91.9,95.21,91.66,94.98,3048645,0.0,1.0
2020-06-22 00:00:00+00:00,94.46,94.54,91.86,92.4,1487900,94.46,94.54,91.86,92.4,1487900,0.0,1.0
2020-06-23 00:00:00+00:00,94.55,95.29,94.29,95.05,2082139,94.55,95.29,94.29,95.05,2082139,0.0,1.0
2020-06-24 00:00:00+00:00,91.99,95.12,91.8,94.32,1783714,91.99,95.12,91.8,94.32,1783714,0.0,1.0
2020-06-25 00:00:00+00:00,92.66,92.74,90.05,92.66,3256737,92.66,92.74,90.05,92.66,3256737,0.0,1.0
2020-06-26 00:00:00+00:00,93.84,94.57,91.76,93.0,3763597,93.84,94.57,91.76,93.0,3763597,0.0,1.0
2020-06-29 00:00:00+00:00,94.03,94.12,91.43,93.3,1825170,94.03,94.12,91.43,93.3,1825170,0.0,1.0
2020-06-30 00:00:00+00:00,95.96,96.56,94.07,94.45,1971433,95.96,96.56,94.07,94.45,1971433,0.0,1.0
2020-07-01 00:00:00+00:00,97.07,97.68,95.23,95.7,2360361,97.07,97.68,95.23,95.7,2360361,0.0,1.0
2020-07-02 00:00:00+00:00,97.82,98.81,96.93,97.38,2088242,97.82,98.81,96.93,97.38,2088242,0.0,1.0
2020-07-06 00:00:00+00:00,98.74,100.8,98.51,99.53,1773405,98.74,100.8,98.51,99.53,1773405,0.0,1.0
2020-07-07 00:00:00+00:00,98.77,100.96,98.47,98.66,1360674,98.77,100.96,98.47,98.66,1360674,0.0,1.0
2020-07-08 00:00:00+00:00,99.6,100.13,98.68,99.7,1009860,99.6,100.13,98.68,99.7,1009860,0.0,1.0
2020-07-09 00:00:00+00:00,101.53,101.63,99.08,100.77,1249887,101.53,101.63,99.08,100.77,1249887,0.0,1.0
2020-07-10 00:00:00+00:00,100.97,101.79,99.45,101.39,1589771,100.97,101.79,99.45,101.39,1589771,0.0,1.0
2020-07-13 00:00:00+00:00,98.21,102.08,98.06,101.63,2412737,98.21,102.08,98.06,101.63,2412737,0.0,1.0
2020-07-14 00:00:00+00:00,99.03,99.22,95.24,97.16,2000168,99.03,99.22,95.24,97.16,2000168,0.0,1.0
2020-07-15 00:00:00+00:00,99.11,100.0,97.92,99.7,1710664,99.11,100.0,97.92,99.7,1710664,0.0,1.0
2020-07-16 00:00:00+00:00,98.68,99.1,97.27,98.65,1179817,98.68,99.1,97.27,98.65,1179817,0.0,1.0
2020-07-17 00:00:00+00:00,100.23,100.68,98.25,98.68,2125088,100.23,100.68,98.25,98.68,2125088,0.0,1.0
2020-07-20 00:00:00+00:00,103.7,104.34,99.91,100.67,2199669,103.7,104.34,99.91,100.67,2199669,0.0,1.0
2020-07-21 00:00:00+00:00,103.58,106.54,102.64,106.54,2295057,103.58,106.54,102.64,106.54,2295057,0.0,1.0
2020-07-22 00:00:00+00:00,103.67,105.14,102.8,104.28,1435455,103.67,105.14,102.8,104.28,1435455,0.0,1.0
2020-07-23 00:00:00+00:00,102.94,105.89,102.35,103.42,1666060,102.94,105.89,102.35,103.42,1666060,0.0,1.0
2020-07-24 00:00:00+00:00,102.59,103.36,100.63,101.99,2006777,102.59,103.36,100.63,101.99,2006777,0.0,1.0
2020-07-27 00:00:00+00:00,105.27,105.41,103.32,103.62,1442456,105.27,105.41,103.32,103.62,1442456,0.0,1.0
2020-07-28 00:00:00+00:00,104.05,105.985,103.885,105.44,1122958,104.05,105.985,103.885,105.44,1122958,0.0,1.0
2020-07-29 00:00:00+00:00,105.97,107.0,104.43,104.43,2254128,105.97,107.0,104.43,104.43,2254128,0.0,1.0
2020-07-30 00:00:00+00:00,107.65,108.04,104.45,104.78,1427362,107.65,108.04,104.45,104.78,1427362,0.0,1.0
2020-07-31 00:00:00+00:00,109.25,109.26,106.08,108.29,1757403,109.25,109.26,106.08,108.29,1757403,0.0,1.0
2020-08-03 00:00:00+00:00,111.77,112.32,109.7,109.75,1808496,111.77,112.32,109.7,109.75,1808496,0.0,1.0
2020-08-04 00:00:00+00:00,109.14,112.0,108.45,111.53,2132068,109.14,112.0,108.45,111.53,2132068,0.0,1.0
2020-08-05 00:00:00+00:00,109.65,110.93,109.17,109.81,1177347,109.65,110.93,109.17,109.81,1177347,0.0,1.0
2020-08-06 00:00:00+00:00,110.52,110.695,108.655,109.26,1120240,110.52,110.695,108.655,109.26,1120240,0.0,1.0
2020-08-07 00:00:00+00:00,108.53,110.8,107.38,110.41,1336480,108.53,110.8,107.38,110.41,1336480,0.0,1.0
2020-08-10 00:00:00+00:00,107.19,108.3465,105.6401,108.3465,1969268,107.19,108.3465,105.6401,108.3465,1969268,0.0,1.0
2020-08-11 00:00:00+00:00,105.18,107.0,104.68,106.55,1474608,105.18,107.0,104.68,106.55,1474608,0.0,1.0
2020-08-12 00:00:00+00:00,107.28,108.14,104.8,105.37,1290715,107.28,108.14,104.8,105.37,1290715,0.0,1.0
2020-08-13 00:00:00+00:00,108.66,109.695,107.27,107.63,1044292,108.66,109.695,107.27,107.63,1044292,0.0,1.0
2020-08-14 00:00:00+00:00,108.0,109.65,107.53,108.92,737189,108.0,109.65,107.53,108.92,737189,0.0,1.0
2020-08-17 00:00:00+00:00,109.52,109.905,108.11,108.43,1070229,109.52,109.905,108.11,108.43,1070229,0.0,1.0
2020-08-18 00:00:00+00:00,109.15,110.46,108.42,109.57,995266,109.15,110.46,108.42,109.57,995266,0.0,1.0
2020-08-19 00:00:00+00:00,108.53,109.585,107.4,109.23,1195435,108.53,109.585,107.4,109.23,1195435,0.0,1.0
2020-08-20 00:00:00+00:00,111.26,111.63,107.97,108.0,1288580,111.26,111.63,107.97,108.0,1288580,0.0,1.0
2020-08-21 00:00:00+00:00,110.57,111.2,109.31,110.735,1438342,110.57,111.2,109.31,110.735,1438342,0.0,1.0
2020-08-24 00:00:00+00:00,111.28,113.04,110.59,112.0,1094690,111.28,113.04,110.59,112.0,1094690,0.0,1.0
2020-08-25 00:00:00+00:00,111.26,111.9837,110.723,111.37,1300373,111.26,111.9837,110.723,111.37,1300373,0.0,1.0
2020-08-26 00:00:00+00:00,112.67,113.97,111.56,111.82,1221894,112.67,113.97,111.56,111.82,1221894,0.0,1.0
2020-08-27 00:00:00+00:00,109.36,113.47,109.08,113.26,1999832,109.36,113.47,109.08,113.26,1999832,0.0,1.0
2020-08-28 00:00:00+00:00,110.86,111.36,109.87,110.5,1038172,110.86,111.36,109.87,110.5,1038172,0.0,1.0
2020-08-31 00:00:00+00:00,110.91,112.0,110.215,110.51,1603110,110.91,112.0,110.215,110.51,1603110,0.0,1.0
2020-09-01 00:00:00+00:00,113.98,114.03,110.89,111.1788,1544169,113.98,114.03,110.89,111.1788,1544169,0.0,1.0
2020-09-02 00:00:00+00:00,117.09,117.59,113.59,114.47,1792856,117.09,117.59,113.59,114.47,1792856,0.0,1.0
2020-09-03 00:00:00+00:00,108.06,115.3,107.105,114.82,2558370,108.06,115.3,107.105,114.82,2558370,0.0,1.0
2020-09-04 00:00:00+00:00,105.88,108.53,102.0,108.16,2248580,105.88,108.53,102.0,108.16,2248580,0.0,1.0
2020-09-08 00:00:00+00:00,100.44,103.71,98.1572,100.0,2166563,100.44,103.71,98.1572,100.0,2166563,0.0,1.0
2020-09-09 00:00:00+00:00,104.34,105.11,101.2,102.39,1494976,104.34,105.11,101.2,102.39,1494976,0.0,1.0
2020-09-10 00:00:00+00:00,102.22,105.81,101.54,104.52,1279196,102.22,105.81,101.54,104.52,1279196,0.0,1.0
2020-09-11 00:00:00+00:00,101.51,103.81,100.27,102.91,1167793,101.51,103.81,100.27,102.91,1167793,0.0,1.0
2020-09-14 00:00:00+00:00,103.23,104.035,102.035,102.88,1451480,103.23,104.035,102.035,102.88,1451480,0.0,1.0
2020-09-15 00:00:00+00:00,105.23,105.88,104.44,104.45,1069556,105.23,105.88,104.44,104.45,1069556,0.0,1.0
2020-09-16 00:00:00+00:00,102.55,106.21,102.44,105.77,1066307,102.55,106.21,102.44,105.77,1066307,0.0,1.0
2020-09-17 00:00:00+00:00,101.15,101.49,99.0,99.62,2491361,101.15,101.49,99.0,99.62,2491361,0.0,1.0
2020-09-18 00:00:00+00:00,99.76,101.96,98.64,101.86,3428164,99.76,101.96,98.64,101.86,3428164,0.0,1.0
2020-09-21 00:00:00+00:00,102.1,102.13,97.45,98.75,2093796,102.1,102.13,97.45,98.75,2093796,0.0,1.0
2020-09-22 00:00:00+00:00,102.83,103.39,100.52,103.39,1422768,102.83,103.39,100.52,103.39,1422768,0.0,1.0
2020-09-23 00:00:00+00:00,99.72,102.83,99.23,102.31,1063109,99.72,102.83,99.23,102.31,1063109,0.0,1.0
2020-09-24 00:00:00+00:00,102.12,103.1,98.47,98.74,1689892,102.12,103.1,98.47,98.74,1689892,0.0,1.0
2020-09-25 00:00:00+00:00,103.72,104.13,100.88,102.0,2412480,103.72,104.13,100.88,102.0,2412480,0.0,1.0
2020-09-28 00:00:00+00:00,105.25,105.325,103.83,105.05,1427430,105.25,105.325,103.83,105.05,1427430,0.0,1.0
2020-09-29 00:00:00+00:00,105.78,106.94,105.65,105.82,1187916,105.78,106.94,105.65,105.82,1187916,0.0,1.0
2020-09-30 00:00:00+00:00,106.63,107.9501,105.3,105.35,1813892,106.63,107.9501,105.3,105.35,1813892,0.0,1.0
2020-10-01 00:00:00+00:00,108.63,109.31,107.59,107.85,1837452,108.63,109.31,107.59,107.85,1837452,0.0,1.0
2020-10-02 00:00:00+00:00,105.32,107.47,104.48,106.38,1332139,105.32,107.47,104.48,106.38,1332139,0.0,1.0
2020-10-05 00:00:00+00:00,107.46,107.65,106.04,106.11,962731,107.46,107.65,106.04,106.11,962731,0.0,1.0
2020-10-06 00:00:00+00:00,105.52,108.0,105.19,107.0,1137215,105.52,108.0,105.19,107.0,1137215,0.0,1.0
2020-10-07 00:00:00+00:00,108.44,108.99,105.79,106.53,1139276,108.44,108.99,105.79,106.53,1139276,0.0,1.0
2020-10-08 00:00:00+00:00,109.32,109.55,107.9359,109.41,661989,109.32,109.55,107.9359,109.41,661989,0.0,1.0
2020-10-09 00:00:00+00:00,111.93,112.3,109.85,110.29,1018867,111.93,112.3,109.85,110.29,1018867,0.0,1.0
2020-10-12 00:00:00+00:00,115.56,116.38,113.0568,114.26,1445633,115.56,116.38,113.0568,114.26,1445633,0.0,1.0
2020-10-13 00:00:00+00:00,116.77,117.87,115.29,116.46,1246562,116.77,117.87,115.29,116.46,1246562,0.0,1.0
2020-10-14 00:00:00+00:00,116.97,118.22,115.8,117.0,1639885,116.97,118.22,115.8,117.0,1639885,0.0,1.0
2020-10-15 00:00:00+00:00,115.96,116.55,114.0,115.0,1458241,115.96,116.55,114.0,115.0,1458241,0.0,1.0
2020-10-16 00:00:00+00:00,115.69,117.5,114.56,116.87,1169020,115.69,117.5,114.56,116.87,1169020,0.0,1.0
2020-10-19 00:00:00+00:00,113.56,117.095,112.91,115.51,1611778,113.56,117.095,112.91,115.51,1611778,0.0,1.0
2020-10-20 00:00:00+00:00,112.61,116.0,112.0,115.35,2304646,112.61,116.0,112.0,115.35,2304646,0.0,1.0
2020-10-21 00:00:00+00:00,111.23,113.96,111.21,112.61,1445095,111.23,113.96,111.21,112.61,1445095,0.0,1.0
2020-10-22 00:00:00+00:00,109.32,112.0599,108.75,111.67,1589765,109.32,112.0599,108.75,111.67,1589765,0.0,1.0
2020-10-23 00:00:00+00:00,112.05,112.1,109.06,109.88,1066203,112.05,112.1,109.06,109.88,1066203,0.0,1.0
2020-10-26 00:00:00+00:00,109.88,112.22,108.11,110.31,1008073,109.88,112.22,108.11,110.31,1008073,0.0,1.0
2020-10-27 00:00:00+00:00,109.84,112.2,109.68,110.96,908374,109.84,112.2,109.68,110.96,908374,0.0,1.0
2020-10-28 00:00:00+00:00,107.64,109.39,105.93,108.05,2006342,107.64,109.39,105.93,108.05,2006342,0.0,1.0
2020-10-29 00:00:00+00:00,110.21,111.51,107.58,107.64,1357004,110.21,111.51,107.58,107.64,1357004,0.0,1.0
2020-10-30 00:00:00+00:00,109.37,110.74,108.1333,108.65,2316611,109.37,110.74,108.1333,108.65,2316611,0.0,1.0
2020-11-02 00:00:00+00:00,110.51,112.32,109.535,109.95,1645586,110.51,112.32,109.535,109.95,1645586,0.0,1.0
2020-11-03 00:00:00+00:00,113.59,114.16,111.09,111.55,1477636,113.59,114.16,111.09,111.55,1477636,0.0,1.0
2020-11-04 00:00:00+00:00,120.99,121.4,115.8,117.67,2250676,120.99,121.4,115.8,117.67,2250676,0.0,1.0
2020-11-05 00:00:00+00:00,124.07,124.68,122.3559,123.79,2016252,124.07,124.68,122.3559,123.79,2016252,0.0,1.0
2020-11-06 00:00:00+00:00,125.5,126.27,122.25,125.0371,1457637,125.5,126.27,122.25,125.0371,1457637,0.0,1.0
2020-11-09 00:00:00+00:00,118.57,127.5,118.44,126.46,2405691,118.57,127.5,118.44,126.46,2405691,0.0,1.0
2020-11-10 00:00:00+00:00,112.39,116.38,111.4,115.94,2097308,112.39,116.38,111.4,115.94,2097308,0.0,1.0
2020-11-11 00:00:00+00:00,116.68,117.8213,114.63,114.63,1431767,116.68,117.8213,114.63,114.63,1431767,0.0,1.0
2020-11-12 00:00:00+00:00,114.56,118.14,114.04,117.14,1554381,114.56,118.14,114.04,117.14,1554381,0.0,1.0
2020-11-13 00:00:00+00:00,115.82,116.53,114.74,115.62,859584,115.82,116.53,114.74,115.62,859584,0.0,1.0
2020-11-16 00:00:00+00:00,114.86,116.37,113.95,115.0,1159945,114.86,116.37,113.95,115.0,1159945,0.0,1.0
2020-11-17 00:00:00+00:00,113.48,115.16,113.27,115.0,1207735,113.48,115.16,113.27,115.0,1207735,0.0,1.0
2020-11-18 00:00:00+00:00,111.03,113.44,110.84,113.25,1467580,111.03,113.44,110.84,113.25,1467580,0.0,1.0
2020-11-19 00:00:00+00:00,112.6,113.12,110.44,111.67,2076482,112.6,113.12,110.44,111.67,2076482,0.0,1.0
2020-11-20 00:00:00+00:00,112.79,114.88,112.585,113.05,1418835,112.79,114.88,112.585,113.05,1418835,0.0,1.0
2020-11-23 00:00:00+00:00,111.25,113.98,109.65,113.5,1081672,111.25,113.98,109.65,113.5,1081672,0.0,1.0
2020-11-24 00:00:00+00:00,110.74,111.535,109.2,111.3,1617430,110.74,111.535,109.2,111.3,1617430,0.0,1.0
2020-11-25 00:00:00+00:00,113.04,113.27,111.41,112.07,1238748,113.04,113.27,111.41,112.07,1238748,0.0,1.0
2020-11-27 00:00:00+00:00,116.58,116.89,113.67,113.67,927416,116.58,116.89,113.67,113.67,927416,0.0,1.0
2020-11-30 00:00:00+00:00,116.3,117.34,114.66,117.22,2304137,116.3,117.34,114.66,117.22,2304137,0.0,1.0
2020-12-01 00:00:00+00:00,115.65,117.07,114.59,116.88,2125341,115.65,117.07,114.59,116.88,2125341,0.0,1.0
2020-12-02 00:00:00+00:00,116.43,116.79,113.84,114.95,1174166,116.43,116.79,113.84,114.95,1174166,0.0,1.0
2020-12-03 00:00:00+00:00,116.68,118.575,115.3,115.72,1422084,116.68,118.575,115.3,115.72,1422084,0.0,1.0
2020-12-04 00:00:00+00:00,118.34,119.21,116.61,116.7,1160315,118.34,119.21,116.61,116.7,1160315,0.0,1.0
2020-12-07 00:00:00+00:00,119.02,120.16,118.515,118.89,1025362,119.02,120.16,118.515,118.89,1025362,0.0,1.0
2020-12-08 00:00:00+00:00,118.41,119.41,117.3,119.33,1400714,118.41,119.41,117.3,119.33,1400714,0.0,1.0
2020-12-09 00:00:00+00:00,115.49,121.78,114.825,121.78,1483791,115.49,121.78,114.825,121.78,1483791,0.0,1.0
2020-12-10 00:00:00+00:00,117.45,117.95,113.8001,114.69,1078677,117.45,117.95,113.8001,114.69,1078677,0.0,1.0
2020-12-11 00:00:00+00:00,118.52,118.83,116.6624,117.23,1004122,118.52,118.83,116.6624,117.23,1004122,0.0,1.0
2020-12-14 00:00:00+00:00,121.31,122.02,118.41,118.41,1357239,121.31,122.02,118.41,118.41,1357239,0.0,1.0
2020-12-15 00:00:00+00:00,122.82,124.22,122.08,122.1,1835632,122.82,124.22,122.08,122.1,1835632,0.0,1.0
2020-12-16 00:00:00+00:00,125.4,125.97,123.7932,123.86,1633953,125.4,125.97,123.7932,123.86,1633953,0.0,1.0
2020-12-17 00:00:00+00:00,127.3,127.37,125.14,126.31,1589621,127.3,127.37,125.14,126.31,1589621,0.0,1.0
2020-12-18 00:00:00+00:00,132.02,132.26,126.58,127.38,3647880,132.02,132.26,126.58,127.38,3647880,0.0,1.0
2020-12-21 00:00:00+00:00,131.73,131.9,128.1,130.9,1564336,131.73,131.9,128.1,130.9,1564336,0.0,1.0
2020-12-22 00:00:00+00:00,134.37,134.91,131.43,132.21,1491967,134.37,134.91,131.43,132.21,1491967,0.0,1.0
2020-12-23 00:00:00+00:00,133.06,135.99,132.7201,134.86,1171620,133.06,135.99,132.7201,134.86,1171620,0.0,1.0
2020-12-24 00:00:00+00:00,134.0,134.6199,132.63,133.49,377249,134.0,134.6199,132.63,133.49,377249,0.0,1.0
2020-12-28 00:00:00+00:00,134.76,136.0,133.53,135.85,831462,134.76,136.0,133.53,135.85,831462,0.0,1.0
2020-12-29 00:00:00+00:00,133.98,135.75,133.29,135.13,996915,133.98,135.75,133.29,135.13,996915,0.0,1.0
2020-12-30 00:00:00+00:00,135.25,136.06,134.07,134.71,944508,135.25,136.06,134.07,134.71,944508,0.0,1.0
2020-12-31 00:00:00+00:00,136.43,136.835,135.3,135.42,773703,136.43,136.835,135.3,135.42,773703,0.0,1.0
2021-01-04 00:00:00+00:00,135.76,138.31,133.51,136.89,2501961,135.76,138.31,133.51,136.89,2501961,0.0,1.0
2021-01-05 00:00:00+00:00,136.14,137.33,135.0,136.74,1634282,136.14,137.33,135.0,136.74,1634282,0.0,1.0
2021-01-06 00:00:00+00:00,130.64,133.41,129.9107,132.34,2299316,130.64,133.41,129.9107,132.34,2299316,0.0,1.0
2021-01-07 00:00:00+00:00,137.05,137.49,131.74,132.14,1639860,137.05,137.49,131.74,132.14,1639860,0.0,1.0
2021-01-08 00:00:00+00:00,136.19,138.545,134.1,136.945,2049699,136.19,138.545,134.1,136.945,2049699,0.0,1.0
2021-01-11 00:00:00+00:00,134.69,136.31,132.831,133.89,2332802,134.69,136.31,132.831,133.89,2332802,0.0,1.0
2021-01-12 00:00:00+00:00,133.72,135.05,132.63,135.05,1337364,133.72,135.05,132.63,135.05,1337364,0.0,1.0
2021-01-13 00:00:00+00:00,134.12,135.17,132.155,134.06,1155337,134.12,135.17,132.155,134.06,1155337,0.0,1.0
2021-01-14 00:00:00+00:00,135.4,136.02,133.82,134.38,1490773,135.4,136.02,133.82,134.38,1490773,0.0,1.0
2021-01-15 00:00:00+00:00,134.64,136.15,132.93,134.41,1126778,134.64,136.15,132.93,134.41,1126778,0.0,1.0
2021-01-19 00:00:00+00:00,137.62,137.98,134.85,135.83,947628,137.62,137.98,134.85,135.83,947628,0.0,1.0
2021-01-20 00:00:00+00:00,140.1,142.11,138.29,138.29,1433062,140.1,142.11,138.29,138.29,1433062,0.0,1.0
2021-01-21 00:00:00+00:00,138.62,141.25,138.2,140.95,1196485,138.62,141.25,138.2,140.95,1196485,0.0,1.0
2021-01-22 00:00:00+00:00,137.42,140.4,137.04,139.08,1402463,137.42,140.4,137.04,139.08,1402463,0.0,1.0
2021-01-25 00:00:00+00:00,135.9,139.4,134.31,138.81,1229596,135.9,139.4,134.31,138.81,1229596,0.0,1.0
2021-01-26 00:00:00+00:00,133.83,135.97,133.53,135.77,960775,133.83,135.97,133.53,135.77,960775,0.0,1.0
2021-01-27 00:00:00+00:00,128.43,133.96,127.5566,132.0,2085374,128.43,133.96,127.5566,132.0,2085374,0.0,1.0
2021-01-28 00:00:00+00:00,132.95,135.07,129.55,129.79,1549422,132.95,135.07,129.55,129.79,1549422,0.0,1.0
2021-01-29 00:00:00+00:00,130.39,133.15,130.04,132.51,1859465,130.39,133.15,130.04,132.51,1859465,0.0,1.0
2021-02-01 00:00:00+00:00,134.4,134.98,130.975,131.98,1430079,134.4,134.98,130.975,131.98,1430079,0.0,1.0
2021-02-02 00:00:00+00:00,135.72,136.46,134.815,135.33,1441715,135.72,136.46,134.815,135.33,1441715,0.0,1.0
2021-02-03 00:00:00+00:00,134.82,136.32,134.07,136.0,1538969,134.82,136.32,134.07,136.0,1538969,0.0,1.0
2021-02-04 00:00:00+00:00,137.1,137.25,134.87,135.22,1332288,137.1,137.25,134.87,135.22,1332288,0.0,1.0
2021-02-05 00:00:00+00:00,135.8,138.945,135.52,137.57,1802562,135.8,138.945,135.52,137.57,1802562,0.0,1.0
2021-02-08 00:00:00+00:00,137.58,138.43,136.66,137.17,1248423,137.58,138.43,136.66,137.17,1248423,0.0,1.0
2021-02-09 00:00:00+00:00,139.49,139.87,137.02,137.56,885357,139.49,139.87,137.02,137.56,885357,0.0,1.0
2021-02-10 00:00:00+00:00,137.86,140.9685,137.52,140.2,1103512,137.86,140.9685,137.52,140.2,1103512,0.0,1.0
2021-02-11 00:00:00+00:00,143.97,144.06,138.81,139.53,1131849,143.97,144.06,138.81,139.53,1131849,0.0,1.0
2021-02-12 00:00:00+00:00,145.68,145.92,142.6302,143.52,1152754,145.68,145.92,142.6302,143.52,1152754,0.0,1.0
2021-02-16 00:00:00+00:00,145.99,149.08,145.66,148.37,1309525,145.99,149.08,145.66,148.37,1309525,0.0,1.0
2021-02-17 00:00:00+00:00,141.78,145.33,140.08,145.12,1077181,141.78,145.33,140.08,145.12,1077181,0.0,1.0
2021-02-18 00:00:00+00:00,139.53,140.91,137.6671,140.2,1723312,139.53,140.91,137.6671,140.2,1723312,0.0,1.0
2021-02-19 00:00:00+00:00,139.66,142.33,139.6,141.22,1579454,139.66,142.33,139.6,141.22,1579454,0.0,1.0
2021-02-22 00:00:00+00:00,133.16,138.93,132.92,138.92,2063133,133.16,138.93,132.92,138.92,2063133,0.0,1.0
2021-02-23 00:00:00+00:00,132.6,135.89,128.49,135.54,3075992,132.6,135.89,128.49,135.54,3075992,0.0,1.0
2021-02-24 00:00:00+00:00,139.42,140.2,129.81,131.6,3097634,139.42,140.2,129.81,131.6,3097634,0.0,1.0
2021-02-25 00:00:00+00:00,138.02,142.64,137.275,138.43,3034435,138.02,142.64,137.275,138.43,3034435,0.0,1.0
2021-02-26 00:00:00+00:00,141.09,143.32,137.735,139.06,2483322,141.09,143.32,137.735,139.06,2483322,0.0,1.0
2021-03-01 00:00:00+00:00,147.44,147.6,142.13,143.23,2043782,147.44,147.6,142.13,143.23,2043782,0.0,1.0
2021-03-02 00:00:00+00:00,142.15,147.98,141.08,147.66,2813806,142.15,147.98,141.08,147.66,2813806,0.0,1.0
2021-03-03 00:00:00+00:00,133.74,141.7,133.69,141.17,2497300,133.74,141.7,133.69,141.17,2497300,0.0,1.0
2021-03-04 00:00:00+00:00,128.81,134.81,127.27,133.96,2715235,128.81,134.81,127.27,133.96,2715235,0.0,1.0
2021-03-05 00:00:00+00:00,126.69,130.81,122.62,130.81,3755421,126.69,130.81,122.62,130.81,3755421,0.0,1.0
2021-03-08 00:00:00+00:00,119.68,125.86,119.65,125.0651,3490418,119.68,125.86,119.65,125.0651,3490418,0.0,1.0
2021-03-09 00:00:00+00:00,127.3,128.68,123.27,123.7,2365088,127.3,128.68,123.27,123.7,2365088,0.0,1.0
2021-03-10 00:00:00+00:00,126.88,130.545,126.69,128.97,2048322,126.88,130.545,126.69,128.97,2048322,0.0,1.0
2021-03-11 00:00:00+00:00,130.13,132.18,129.135,129.135,2582512,130.13,132.18,129.135,129.135,2582512,0.0,1.0
2021-03-12 00:00:00+00:00,125.74,127.15,124.61,127.05,1760655,125.74,127.15,124.61,127.05,1760655,0.0,1.0
2021-03-15 00:00:00+00:00,129.39,129.46,124.44,125.62,1240679,129.39,129.46,124.44,125.62,1240679,0.0,1.0
2021-03-16 00:00:00+00:00,129.39,132.61,129.092,130.31,1206045,129.39,132.61,129.092,130.31,1206045,0.0,1.0
2021-03-17 00:00:00+00:00,128.49,130.09,125.27,127.81,1473888,128.49,130.09,125.27,127.81,1473888,0.0,1.0
2021-03-18 00:00:00+00:00,124.03,126.94,123.42,125.46,1755456,124.03,126.94,123.42,125.46,1755456,0.0,1.0
2021-03-19 00:00:00+00:00,125.48,126.52,122.75,124.55,2593264,125.48,126.52,122.75,124.55,2593264,0.0,1.0
2021-03-22 00:00:00+00:00,127.97,129.9,126.3,126.3,1348115,127.97,129.9,126.3,126.3,1348115,0.0,1.0
2021-03-23 00:00:00+00:00,128.25,129.83,127.85,128.3,1517604,128.25,129.83,127.85,128.3,1517604,0.0,1.0
2021-03-24 00:00:00+00:00,126.97,129.29,126.08,128.98,1778316,126.97,129.29,126.08,128.98,1778316,0.0,1.0
2021-03-25 00:00:00+00:00,125.67,127.15,123.76,126.65,1735000,125.67,127.15,123.76,126.65,1735000,0.0,1.0
2021-03-26 00:00:00+00:00,132.58,132.74,126.06,126.08,2347437,132.58,132.74,126.06,126.08,2347437,0.0,1.0
2021-03-29 00:00:00+00:00,132.75,133.9,130.3,132.15,1956234,132.75,133.9,130.3,132.15,1956234,0.0,1.0
2021-03-30 00:00:00+00:00,130.87,132.43,128.37,131.65,1579741,130.87,132.43,128.37,131.65,1579741,0.0,1.0
2021-03-31 00:00:00+00:00,136.99,138.09,132.19,132.39,2619600,136.99,138.09,132.19,132.39,2619600,0.0,1.0
2021-04-01 00:00:00+00:00,141.49,142.78,138.41,138.46,1887891,141.49,142.78,138.41,138.46,1887891,0.0,1.0
2021-04-05 00:00:00+00:00,145.87,146.06,141.64,142.0,1828614,145.87,146.06,141.64,142.0,1828614,0.0,1.0
2021-04-06 00:00:00+00:00,143.46,145.47,142.4,144.23,1882981,143.46,145.47,142.4,144.23,1882981,0.0,1.0
2021-04-07 00:00:00+00:00,142.56,143.53,141.55,142.43,976084,142.56,143.53,141.55,142.43,976084,0.0,1.0
2021-04-08 00:00:00+00:00,145.46,145.81,143.68,144.45,1190926,145.46,145.81,143.68,144.45,1190926,0.0,1.0
2021-04-09 00:00:00+00:00,145.35,146.0,144.12,144.98,1310955,145.35,146.0,144.12,144.98,1310955,0.0,1.0
2021-04-12 00:00:00+00:00,144.79,144.99,143.28,144.54,1120079,144.79,144.99,143.28,144.54,1120079,0.0,1.0
2021-04-13 00:00:00+00:00,146.15,147.705,144.91,145.71,1059167,146.15,147.705,144.91,145.71,1059167,0.0,1.0
2021-04-14 00:00:00+00:00,144.61,147.25,143.99,146.1,1294736,144.61,147.25,143.99,146.1,1294736,0.0,1.0
2021-04-15 00:00:00+00:00,147.59,148.27,146.1,146.1,1098927,147.59,148.27,146.1,146.1,1098927,0.0,1.0
2021-04-16 00:00:00+00:00,147.26,147.94,145.08,147.62,1011265,147.26,147.94,145.08,147.62,1011265,0.0,1.0
2021-04-19 00:00:00+00:00,141.94,147.01,140.43,145.67,1974364,141.94,147.01,140.43,145.67,1974364,0.0,1.0
2021-04-20 00:00:00+00:00,140.94,142.17,140.07,140.59,1700985,140.94,142.17,140.07,140.59,1700985,0.0,1.0
2021-04-21 00:00:00+00:00,141.5,141.92,139.82,141.41,1597051,141.5,141.92,139.82,141.41,1597051,0.0,1.0
2021-04-22 00:00:00+00:00,140.06,142.87,138.951,142.63,2163029,140.06,142.87,138.951,142.63,2163029,0.0,1.0
2021-04-23 00:00:00+00:00,142.08,143.13,140.91,141.59,1992135,142.08,143.13,140.91,141.59,1992135,0.0,1.0
2021-04-26 00:00:00+00:00,144.23,144.41,140.4,141.39,2345344,144.23,144.41,140.4,141.39,2345344,0.0,1.0
2021-04-27 00:00:00+00:00,132.75,136.9103,130.45,135.53,6075643,132.75,136.9103,130.45,135.53,6075643,0.0,1.0
2021-04-28 00:00:00+00:00,133.27,133.66,130.27,132.18,2666959,133.27,133.66,130.27,132.18,2666959,0.0,1.0
2021-04-29 00:00:00+00:00,133.46,134.485,132.38,133.66,1404173,133.46,134.485,132.38,133.66,1404173,0.0,1.0
2021-04-30 00:00:00+00:00,131.77,133.94,131.03,131.26,1862612,131.77,133.94,131.03,131.26,1862612,0.0,1.0
2021-05-03 00:00:00+00:00,129.62,133.18,129.51,132.32,1488688,129.62,133.18,129.51,132.32,1488688,0.0,1.0
2021-05-04 00:00:00+00:00,126.35,128.46,124.64,127.85,1903021,126.35,128.46,124.64,127.85,1903021,0.0,1.0
2021-05-05 00:00:00+00:00,126.89,128.76,126.32,127.11,2090445,126.89,128.76,126.32,127.11,2090445,0.0,1.0
2021-05-06 00:00:00+00:00,126.9,127.0,124.44,125.79,1710010,126.9,127.0,124.44,125.79,1710010,0.0,1.0
2021-05-07 00:00:00+00:00,129.05,131.48,128.44,129.04,1613178,129.05,131.48,128.44,129.04,1613178,0.0,1.0
2021-05-10 00:00:00+00:00,124.14,129.04,124.07,127.87,1664781,124.14,129.04,124.07,127.87,1664781,0.0,1.0
2021-05-11 00:00:00+00:00,125.83,126.61,120.56,121.3327,1808090,125.83,126.61,120.56,121.3327,1808090,0.0,1.0
2021-05-12 00:00:00+00:00,121.78,124.4,121.33,122.88,1575577,121.78,124.4,121.33,122.88,1575577,0.0,1.0
2021-05-13 00:00:00+00:00,122.07,124.34,120.57,123.41,1655615,122.07,124.34,120.57,123.41,1655615,0.0,1.0
2021-05-14 00:00:00+00:00,124.28,124.89,122.055,123.53,1253461,124.28,124.89,122.055,123.53,1253461,0.0,1.0
2021-05-17 00:00:00+00:00,121.835,123.22,120.08,123.07,1222626,121.835,123.22,120.08,123.07,1222626,0.0,1.0
2021-05-18 00:00:00+00:00,121.14,123.5,121.11,122.21,1768575,121.14,123.5,121.11,122.21,1768575,0.0,1.0
2021-05-19 00:00:00+00:00,122.32,122.44,118.11,118.64,1647499,122.32,122.44,118.11,118.64,1647499,0.0,1.0
2021-05-20 00:00:00+00:00,125.25,126.04,123.1,123.54,1501655,125.25,126.04,123.1,123.54,1501655,0.0,1.0
2021-05-21 00:00:00+00:00,123.46,126.46,123.06,126.09,1471566,123.46,126.46,123.06,126.09,1471566,0.0,1.0
2021-05-24 00:00:00+00:00,126.33,127.24,125.22,125.23,1345339,126.33,127.24,125.22,125.23,1345339,0.0,1.0
2021-05-25 00:00:00+00:00,127.49,127.86,126.36,127.29,1398570,127.49,127.86,126.36,127.29,1398570,0.0,1.0
2021-05-26 00:00:00+00:00,126.83,129.055,126.56,128.19,1220217,126.83,129.055,126.56,128.19,1220217,0.0,1.0
2021-05-27 00:00:00+00:00,127.13,128.72,125.31,126.66,2201664,127.13,128.72,125.31,126.66,2201664,0.0,1.0
2021-05-28 00:00:00+00:00,126.99,128.52,126.9,128.52,1223225,126.99,128.52,126.9,128.52,1223225,0.0,1.0
2021-06-01 00:00:00+00:00,125.75,127.67,124.32,126.12,1274796,125.75,127.67,124.32,126.12,1274796,0.0,1.0
2021-06-02 00:00:00+00:00,124.53,126.53,123.91,125.84,1812117,124.53,126.53,123.91,125.84,1812117,0.0,1.0
2021-06-03 00:00:00+00:00,123.94,125.27,122.035,123.04,1331165,123.94,125.27,122.035,123.04,1331165,0.0,1.0
2021-06-04 00:00:00+00:00,126.75,127.07,124.665,124.81,1005057,126.75,127.07,124.665,124.81,1005057,0.0,1.0
2021-06-07 00:00:00+00:00,124.93,126.69,124.27,125.89,1097258,124.93,126.69,124.27,125.89,1097258,0.0,1.0
2021-06-08 00:00:00+00:00,125.22,127.4,124.995,126.26,1488264,125.22,127.4,124.995,126.26,1488264,0.0,1.0
2021-06-09 00:00:00+00:00,125.19,126.95,124.7811,126.13,1469616,125.19,126.95,124.7811,126.13,1469616,0.0,1.0
2021-06-10 00:00:00+00:00,128.51,128.6,124.51,124.99,2155211,128.51,128.6,124.51,124.99,2155211,0.0,1.0
2021-06-11 00:00:00+00:00,129.28,129.35,127.94,127.94,1032508,129.28,129.35,127.94,127.94,1032508,0.0,1.0
2021-06-14 00:00:00+00:00,130.96,131.01,128.9517,129.66,1055149,130.96,131.01,128.9517,129.66,1055149,0.0,1.0
2021-06-15 00:00:00+00:00,129.46,131.22,129.05,130.76,1042540,129.46,131.22,129.05,130.76,1042540,0.0,1.0
2021-06-16 00:00:00+00:00,128.2,130.43,126.73,129.24,1128408,128.2,130.43,126.73,129.24,1128408,0.0,1.0
2021-06-17 00:00:00+00:00,130.91,131.49,127.03,127.03,1346148,130.91,131.49,127.03,127.03,1346148,0.0,1.0
2021-06-18 00:00:00+00:00,130.47,131.8785,129.875,130.55,2661742,130.47,131.8785,129.875,130.55,2661742,0.0,1.0
2021-06-21 00:00:00+00:00,132.13,132.775,128.92,130.93,1677606,132.13,132.775,128.92,130.93,1677606,0.0,1.0
2021-06-22 00:00:00+00:00,134.04,134.15,131.31,131.97,1251206,134.04,134.15,131.31,131.97,1251206,0.0,1.0
2021-06-23 00:00:00+00:00,133.0,134.955,132.87,133.97,1537070,133.0,134.955,132.87,133.97,1537070,0.0,1.0
2021-06-24 00:00:00+00:00,135.02,135.6,134.01,134.35,1235822,135.02,135.6,134.01,134.35,1235822,0.0,1.0
2021-06-25 00:00:00+00:00,134.76,136.66,134.2,135.7,2070705,134.76,136.66,134.2,135.7,2070705,0.0,1.0
2021-06-28 00:00:00+00:00,137.1,137.23,135.53,135.78,1245148,137.1,137.23,135.53,135.78,1245148,0.0,1.0
2021-06-29 00:00:00+00:00,138.35,138.525,134.84,136.9678,916684,138.35,138.525,134.84,136.9678,916684,0.0,1.0
2021-06-30 00:00:00+00:00,136.82,138.765,136.47,138.0,2140889,136.82,138.765,136.47,138.0,2140889,0.0,1.0
2021-07-01 00:00:00+00:00,136.93,137.0,135.04,136.04,1018412,136.93,137.0,135.04,136.04,1018412,0.0,1.0
2021-07-02 00:00:00+00:00,137.94,138.44,137.32,137.48,715238,137.94,138.44,137.32,137.48,715238,0.0,1.0
2021-07-06 00:00:00+00:00,138.67,139.01,136.94,138.33,1118251,138.67,139.01,136.94,138.33,1118251,0.0,1.0
2021-07-07 00:00:00+00:00,139.1,140.545,137.6,139.77,1336187,139.1,140.545,137.6,139.77,1336187,0.0,1.0
2021-07-08 00:00:00+00:00,137.31,137.89,135.35,137.16,1238375,137.31,137.89,135.35,137.16,1238375,0.0,1.0
2021-07-09 00:00:00+00:00,138.5,138.84,135.71,136.84,988665,138.5,138.84,135.71,136.84,988665,0.0,1.0
2021-07-12 00:00:00+00:00,137.73,139.6,137.05,138.85,813655,137.73,139.6,137.05,138.85,813655,0.0,1.0
2021-07-13 00:00:00+00:00,137.72,138.71,137.16,137.79,686249,137.72,138.71,137.16,137.79,686249,0.0,1.0
2021-07-14 00:00:00+00:00,138.83,140.24,138.0,138.43,1044070,138.83,140.24,138.0,138.43,1044070,0.0,1.0
2021-07-15 00:00:00+00:00,137.55,139.19,136.675,139.19,1056440,137.55,139.19,136.675,139.19,1056440,0.0,1.0
2021-07-16 00:00:00+00:00,137.67,139.47,137.23,138.09,752173,137.67,139.47,137.23,138.09,752173,0.0,1.0
2021-07-19 00:00:00+00:00,137.72,137.93,136.1,136.37,1119799,137.72,137.93,136.1,136.37,1119799,0.0,1.0
2021-07-20 00:00:00+00:00,139.79,140.78,136.33,137.97,1356115,139.79,140.78,136.33,137.97,1356115,0.0,1.0
2021-07-21 00:00:00+00:00,140.76,140.84,138.88,139.41,931789,140.76,140.84,138.88,139.41,931789,0.0,1.0
2021-07-22 00:00:00+00:00,143.02,143.14,140.48,140.68,825980,143.02,143.14,140.48,140.68,825980,0.0,1.0
2021-07-23 00:00:00+00:00,145.67,146.65,143.26,143.59,1256020,145.67,146.65,143.26,143.59,1256020,0.0,1.0
2021-07-26 00:00:00+00:00,144.97,145.63,144.38,145.0,1121311,144.97,145.63,144.38,145.0,1121311,0.0,1.0
2021-07-27 00:00:00+00:00,143.27,145.735,140.89,145.51,1537895,143.27,145.735,140.89,145.51,1537895,0.0,1.0
2021-07-28 00:00:00+00:00,144.59,144.91,142.16,143.3,1428425,144.59,144.91,142.16,143.3,1428425,0.0,1.0
2021-07-29 00:00:00+00:00,145.8,146.32,144.33,144.56,1011361,145.8,146.32,144.33,144.56,1011361,0.0,1.0
2021-07-30 00:00:00+00:00,147.65,148.115,144.73,144.91,1478560,147.65,148.115,144.73,144.91,1478560,0.0,1.0
2021-08-02 00:00:00+00:00,147.29,148.14,145.81,147.82,834912,147.29,148.14,145.81,147.82,834912,0.0,1.0
2021-08-03 00:00:00+00:00,149.85,150.29,147.505,147.55,1701824,149.85,150.29,147.505,147.55,1701824,0.0,1.0
2021-08-04 00:00:00+00:00,151.08,152.03,149.0,150.0,1501756,151.08,152.03,149.0,150.0,1501756,0.0,1.0
2021-08-05 00:00:00+00:00,151.76,152.0,149.79,151.53,1003439,151.76,152.0,149.79,151.53,1003439,0.0,1.0
2021-08-06 00:00:00+00:00,151.07,151.5,149.17,150.74,762273,151.07,151.5,149.17,150.74,762273,0.0,1.0
2021-08-09 00:00:00+00:00,150.29,151.44,150.12,151.0,508858,150.29,151.44,150.12,151.0,508858,0.0,1.0
2021-08-10 00:00:00+00:00,149.05,151.61,148.01,151.32,782241,149.05,151.61,148.01,151.32,782241,0.0,1.0
2021-08-11 00:00:00+00:00,150.53,150.6927,148.6504,149.58,899028,150.53,150.6927,148.6504,149.58,899028,0.0,1.0
2021-08-12 00:00:00+00:00,152.26,153.18,149.25,149.7,1033981,152.26,153.18,149.25,149.7,1033981,0.0,1.0
2021-08-13 00:00:00+00:00,152.67,153.33,151.72,152.32,848848,152.67,153.33,151.72,152.32,848848,0.0,1.0
2021-08-16 00:00:00+00:00,151.87,152.82,150.78,152.26,784600,151.87,152.82,150.78,152.26,784600,0.0,1.0
2021-08-17 00:00:00+00:00,149.59,151.505,148.97,151.505,895484,149.59,151.505,148.97,151.505,895484,0.0,1.0
2021-08-18 00:00:00+00:00,148.02,149.69,147.89,149.18,974774,148.02,149.69,147.89,149.18,974774,0.0,1.0
2021-08-19 00:00:00+00:00,153.27,153.98,147.2216,147.77,1435650,153.27,153.98,147.2216,147.77,1435650,0.0,1.0
2021-08-20 00:00:00+00:00,156.67,156.92,152.315,152.95,1747801,156.67,156.92,152.315,152.95,1747801,0.0,1.0
2021-08-23 00:00:00+00:00,158.32,158.63,155.415,155.64,834380,158.32,158.63,155.415,155.64,834380,0.0,1.0
2021-08-24 00:00:00+00:00,158.58,159.04,158.05,158.71,867392,158.58,159.04,158.05,158.71,867392,0.0,1.0
2021-08-25 00:00:00+00:00,158.63,159.33,157.7,158.75,1129807,158.63,159.33,157.7,158.75,1129807,0.0,1.0
2021-08-26 00:00:00+00:00,159.37,160.63,158.1,158.39,832641,159.37,160.63,158.1,158.39,832641,0.0,1.0
2021-08-27 00:00:00+00:00,162.47,162.98,159.62,159.9,865639,162.47,162.98,159.62,159.9,865639,0.0,1.0
2021-08-30 00:00:00+00:00,163.89,164.44,163.0,163.22,861359,163.89,164.44,163.0,163.22,861359,0.0,1.0
2021-08-31 00:00:00+00:00,163.48,164.66,162.47,164.53,1486685,163.48,164.66,162.47,164.53,1486685,0.0,1.0
2021-09-01 00:00:00+00:00,164.15,165.63,163.86,164.66,999282,164.15,165.63,163.86,164.66,999282,0.0,1.0
2021-09-02 00:00:00+00:00,165.19,165.405,164.04,164.7,763082,165.19,165.405,164.04,164.7,763082,0.0,1.0
2021-09-03 00:00:00+00:00,165.71,167.169,164.835,165.0,899339,165.71,167.169,164.835,165.0,899339,0.0,1.0
2021-09-07 00:00:00+00:00,164.98,166.32,163.391,165.98,768319,164.98,166.32,163.391,165.98,768319,0.0,1.0
2021-09-08 00:00:00+00:00,165.56,166.38,163.61,164.45,883909,165.56,166.38,163.61,164.45,883909,0.0,1.0
2021-09-09 00:00:00+00:00,165.91,166.77,164.85,165.7,848535,165.91,166.77,164.85,165.7,848535,0.0,1.0
2021-09-10 00:00:00+00:00,166.87,168.61,166.43,166.87,922145,166.87,168.61,166.43,166.87,922145,0.0,1.0
2021-09-13 00:00:00+00:00,164.63,168.0,162.07,167.8,956991,164.63,168.0,162.07,167.8,956991,0.0,1.0
2021-09-14 00:00:00+00:00,164.93,166.055,163.75,165.45,1303148,164.93,166.055,163.75,165.45,1303148,0.0,1.0
2021-09-15 00:00:00+00:00,167.54,168.125,164.11,165.17,1014186,167.54,168.125,164.11,165.17,1014186,0.0,1.0
2021-09-16 00:00:00+00:00,167.61,168.21,165.6,167.16,983782,167.61,168.21,165.6,167.16,983782,0.0,1.0
2021-09-17 00:00:00+00:00,163.63,167.025,162.46,167.0,2759104,163.63,167.025,162.46,167.0,2759104,0.0,1.0
2021-09-20 00:00:00+00:00,160.93,162.78,158.96,161.62,1484276,160.93,162.78,158.96,161.62,1484276,0.0,1.0
2021-09-21 00:00:00+00:00,160.87,162.49,160.56,162.18,860945,160.87,162.49,160.56,162.18,860945,0.0,1.0
2021-09-22 00:00:00+00:00,162.23,163.07,160.42,161.6,762922,162.23,163.07,160.42,161.6,762922,0.0,1.0
2021-09-23 00:00:00+00:00,163.1,163.99,162.38,163.28,999587,163.1,163.99,162.38,163.28,999587,0.0,1.0
2021-09-24 00:00:00+00:00,163.55,163.83,161.05,162.39,882304,163.55,163.83,161.05,162.39,882304,0.0,1.0
2021-09-27 00:00:00+00:00,158.16,161.8607,157.075,161.5,1047942,158.16,161.8607,157.075,161.5,1047942,0.0,1.0
2021-09-28 00:00:00+00:00,152.47,157.1,152.25,155.62,1461299,152.47,157.1,152.25,155.62,1461299,0.0,1.0
2021-09-29 00:00:00+00:00,152.25,154.625,151.76,153.86,773250,152.25,154.625,151.76,153.86,773250,0.0,1.0
2021-09-30 00:00:00+00:00,151.44,154.26,151.2,153.42,1008702,151.44,154.26,151.2,153.42,1008702,0.0,1.0
2021-10-01 00:00:00+00:00,153.01,154.04,149.235,152.34,1206729,153.01,154.04,149.235,152.34,1206729,0.0,1.0
2021-10-04 00:00:00+00:00,148.05,152.14,145.84,151.86,1206835,148.05,152.14,145.84,151.86,1206835,0.0,1.0
2021-10-05 00:00:00+00:00,150.21,151.23,148.46,148.95,1207881,150.21,151.23,148.46,148.95,1207881,0.0,1.0
2021-10-06 00:00:00+00:00,150.04,150.41,147.24,148.32,1295932,150.04,150.41,147.24,148.32,1295932,0.0,1.0
2021-10-07 00:00:00+00:00,152.25,153.2103,151.21,151.32,1384749,152.25,153.2103,151.21,151.32,1384749,0.0,1.0
2021-10-08 00:00:00+00:00,150.12,153.15,149.37,152.65,581331,150.12,153.15,149.37,152.65,581331,0.0,1.0
2021-10-11 00:00:00+00:00,149.52,151.7,148.96,149.58,690004,149.52,151.7,148.96,149.58,690004,0.0,1.0
2021-10-12 00:00:00+00:00,150.16,151.79,149.68,150.74,710751,150.16,151.79,149.68,150.74,710751,0.0,1.0
2021-10-13 00:00:00+00:00,153.5,154.36,151.06,151.72,1166074,153.5,154.36,151.06,151.72,1166074,0.0,1.0
2021-10-14 00:00:00+00:00,157.33,157.87,155.17,155.17,843552,157.33,157.87,155.17,155.17,843552,0.0,1.0
2021-10-15 00:00:00+00:00,155.78,157.95,155.19,157.8,919030,155.78,157.95,155.19,157.8,919030,0.0,1.0
2021-10-18 00:00:00+00:00,157.54,157.73,154.46,155.07,1036323,157.54,157.73,154.46,155.07,1036323,0.0,1.0
2021-10-19 00:00:00+00:00,158.83,159.28,157.41,158.19,912251,158.83,159.28,157.41,158.19,912251,0.0,1.0
2021-10-20 00:00:00+00:00,160.09,161.71,159.845,160.0,1238476,160.09,161.71,159.845,160.0,1238476,0.0,1.0
2021-10-21 00:00:00+00:00,165.45,166.85,160.83,161.19,1124085,165.45,166.85,160.83,161.19,1124085,0.0,1.0
2021-10-22 00:00:00+00:00,166.76,167.48,165.38,165.81,879040,166.76,167.48,165.38,165.81,879040,0.0,1.0
2021-10-25 00:00:00+00:00,167.37,169.79,166.94,168.0,1591187,167.37,169.79,166.94,168.0,1591187,0.0,1.0
2021-10-26 00:00:00+00:00,172.93,175.08,167.79,170.8165,1800963,172.93,175.08,167.79,170.8165,1800963,0.0,1.0
2021-10-27 00:00:00+00:00,165.1,173.74,164.645,172.79,2037943,165.1,173.74,164.645,172.79,2037943,0.0,1.0
2021-10-28 00:00:00+00:00,168.92,169.18,165.0,165.01,1037758,168.92,169.18,165.0,165.01,1037758,0.0,1.0
2021-10-29 00:00:00+00:00,173.11,174.01,168.25,168.28,1392017,173.11,174.01,168.25,168.28,1392017,0.0,1.0
2021-11-01 00:00:00+00:00,173.84,174.79,172.97,174.0,1236633,173.84,174.79,172.97,174.0,1236633,0.0,1.0
2021-11-02 00:00:00+00:00,175.55,176.5612,173.75,174.19,869099,175.55,176.5612,173.75,174.19,869099,0.0,1.0
2021-11-03 00:00:00+00:00,172.97,176.19,171.31,176.055,1459829,172.97,176.19,171.31,176.055,1459829,0.0,1.0
2021-11-04 00:00:00+00:00,179.56,179.72,172.5,172.97,1232253,179.56,179.72,172.5,172.97,1232253,0.0,1.0
2021-11-05 00:00:00+00:00,178.0,180.63,177.13,180.1,841178,178.0,180.63,177.13,180.1,841178,0.0,1.0
2021-11-08 00:00:00+00:00,179.24,179.64,177.47,179.64,645913,179.24,179.64,177.47,179.64,645913,0.0,1.0
2021-11-09 00:00:00+00:00,182.37,182.58,178.7,179.53,1330505,182.37,182.58,178.7,179.53,1330505,0.0,1.0
2021-11-10 00:00:00+00:00,177.48,182.13,177.44,181.71,889420,177.48,182.13,177.44,181.71,889420,0.0,1.0
2021-11-11 00:00:00+00:00,177.23,179.5499,176.88,179.06,655147,177.23,179.5499,176.88,179.06,655147,0.0,1.0
2021-11-12 00:00:00+00:00,181.44,181.47,177.73,178.5308,685852,181.44,181.47,177.73,178.5308,685852,0.0,1.0
2021-11-15 00:00:00+00:00,182.34,183.178,179.85,182.78,780449,182.34,183.178,179.85,182.78,780449,0.0,1.0
2021-11-16 00:00:00+00:00,186.92,187.07,181.97,182.16,949399,186.92,187.07,181.97,182.16,949399,0.0,1.0
2021-11-17 00:00:00+00:00,187.74,188.595,185.57,186.16,1186064,187.74,188.595,185.57,186.16,1186064,0.0,1.0
2021-11-18 00:00:00+00:00,186.05,187.8,185.13,187.8,905156,186.05,187.8,185.13,187.8,905156,0.0,1.0
2021-11-19 00:00:00+00:00,188.12,190.09,187.13,187.32,1177413,188.12,190.09,187.13,187.32,1177413,0.0,1.0
2021-11-22 00:00:00+00:00,184.51,189.9,183.9453,188.21,1082369,184.51,189.9,183.9453,188.21,1082369,0.0,1.0
2021-11-23 00:00:00+00:00,181.58,183.49,177.2,183.0,1618032,181.58,183.49,177.2,183.0,1618032,0.0,1.0
2021-11-24 00:00:00+00:00,183.47,183.77,177.47,178.85,1092771,183.47,183.77,177.47,178.85,1092771,0.0,1.0
2021-11-26 00:00:00+00:00,178.36,185.31,177.14,179.18,1131224,178.36,185.31,177.14,179.18,1131224,0.0,1.0
2021-11-29 00:00:00+00:00,186.69,187.51,180.04,181.37,1511409,186.69,187.51,180.04,181.37,1511409,0.0,1.0
2021-11-30 00:00:00+00:00,177.46,186.15,176.48,186.0,3117729,177.46,186.15,176.48,186.0,3117729,0.0,1.0
2021-12-01 00:00:00+00:00,175.05,181.795,175.02,180.0,1486603,175.05,181.795,175.02,180.0,1486603,0.0,1.0
2021-12-02 00:00:00+00:00,184.66,185.76,177.55,178.0,1804118,184.66,185.76,177.55,178.0,1804118,0.0,1.0
2021-12-03 00:00:00+00:00,177.87,185.28,175.34,184.89,2332225,177.87,185.28,175.34,184.89,2332225,0.0,1.0
2021-12-06 00:00:00+00:00,177.21,178.92,172.89,177.87,1463756,177.21,178.92,172.89,177.87,1463756,0.0,1.0
2021-12-07 00:00:00+00:00,182.77,183.515,180.06,181.675,1564277,182.77,183.515,180.06,181.675,1564277,0.0,1.0
2021-12-08 00:00:00+00:00,184.21,184.53,181.31,182.94,1151531,184.21,184.53,181.31,182.94,1151531,0.0,1.0
2021-12-09 00:00:00+00:00,179.62,186.0,179.61,183.35,1042861,179.62,186.0,179.61,183.35,1042861,0.0,1.0
2021-12-10 00:00:00+00:00,184.14,184.57,181.43,181.83,1249339,184.14,184.57,181.43,181.83,1249339,0.0,1.0
2021-12-13 00:00:00+00:00,184.13,185.26,182.725,184.0,1491805,184.13,185.26,182.725,184.0,1491805,0.0,1.0
2021-12-14 00:00:00+00:00,176.06,178.8,170.55,178.23,2501030,176.06,178.8,170.55,178.23,2501030,0.0,1.0
2021-12-15 00:00:00+00:00,184.27,184.41,176.25,176.7,1813149,184.27,184.41,176.25,176.7,1813149,0.0,1.0
2021-12-16 00:00:00+00:00,179.62,184.01,177.81,184.0,1573361,179.62,184.01,177.81,184.0,1573361,0.0,1.0
2021-12-17 00:00:00+00:00,179.15,182.45,177.08,177.08,3456064,179.15,182.45,177.08,177.08,3456064,0.0,1.0
2021-12-20 00:00:00+00:00,177.32,178.62,175.25,175.85,1255142,177.32,178.62,175.25,175.85,1255142,0.0,1.0
2021-12-21 00:00:00+00:00,183.03,183.29,176.58,179.58,980637,183.03,183.29,176.58,179.58,980637,0.0,1.0
2021-12-22 00:00:00+00:00,186.56,186.68,182.58,182.92,887369,186.56,186.68,182.58,182.92,887369,0.0,1.0
2021-12-23 00:00:00+00:00,187.48,188.665,185.95,186.59,752898,187.48,188.665,185.95,186.59,752898,0.0,1.0
2021-12-27 00:00:00+00:00,191.65,191.86,187.63,188.89,933720,191.65,191.86,187.63,188.89,933720,0.0,1.0
2021-12-28 00:00:00+00:00,190.08,192.7,189.32,192.7,1025251,190.08,192.7,189.32,192.7,1025251,0.0,1.0
2021-12-29 00:00:00+00:00,189.93,190.775,188.1786,190.22,1092547,189.93,190.775,188.1786,190.22,1092547,0.0,1.0
2021-12-30 00:00:00+00:00,188.25,190.76,187.67,190.0,1100061,188.25,190.76,187.67,190.0,1100061,0.0,1.0
2021-12-31 00:00:00+00:00,186.35,187.685,184.93,187.0,1685645,186.35,187.685,184.93,187.0,1685645,0.0,1.0
2022-01-03 00:00:00+00:00,183.16,188.565,181.88,185.68,1104513,183.16,188.565,181.88,185.68,1104513,0.0,1.0
2022-01-04 00:00:00+00:00,178.3,183.68,174.325,182.19,1691021,178.3,183.68,174.325,182.19,1691021,0.0,1.0
2022-01-05 00:00:00+00:00,172.62,178.71,172.06,176.57,1733287,172.62,178.71,172.06,176.57,1733287,0.0,1.0
2022-01-06 00:00:00+00:00,173.12,175.22,170.53,171.75,1442995,173.12,175.22,170.53,171.75,1442995,0.0,1.0
2022-01-07 00:00:00+00:00,166.02,172.64,165.93,171.55,1590212,166.02,172.64,165.93,171.55,1590212,0.0,1.0
2022-01-10 00:00:00+00:00,165.88,166.1,160.83,162.82,2105078,165.88,166.1,160.83,162.82,2105078,0.0,1.0
2022-01-11 00:00:00+00:00,169.23,169.68,164.615,165.66,1206673,169.23,169.68,164.615,165.66,1206673,0.0,1.0
2022-01-12 00:00:00+00:00,170.18,172.52,168.68,170.29,1138043,170.18,172.52,168.68,170.29,1138043,0.0,1.0
2022-01-13 00:00:00+00:00,163.16,172.64,162.85,170.6,1455646,163.16,172.64,162.85,170.6,1455646,0.0,1.0
2022-01-14 00:00:00+00:00,161.75,163.97,159.41,161.05,1412605,161.75,163.97,159.41,161.05,1412605,0.0,1.0
2022-01-18 00:00:00+00:00,153.53,156.57,152.92,156.0,2235327,153.53,156.57,152.92,156.0,2235327,0.0,1.0
2022-01-19 00:00:00+00:00,153.17,156.17,153.0,154.4,1982102,153.17,156.17,153.0,154.4,1982102,0.0,1.0
2022-01-20 00:00:00+00:00,150.31,157.22,150.05,155.7,1356154,150.31,157.22,150.05,155.7,1356154,0.0,1.0
2022-01-21 00:00:00+00:00,148.3,152.625,148.09,149.88,2091160,148.3,152.625,148.09,149.88,2091160,0.0,1.0
2022-01-24 00:00:00+00:00,151.66,152.0,141.96,146.19,2494518,151.66,152.0,141.96,146.19,2494518,0.0,1.0
2022-01-25 00:00:00+00:00,142.39,148.92,142.31,147.26,2462705,142.39,148.92,142.31,147.26,2462705,0.0,1.0
2022-01-26 00:00:00+00:00,141.49,148.35,139.22,145.53,2266419,141.49,148.35,139.22,145.53,2266419,0.0,1.0
2022-01-27 00:00:00+00:00,138.98,144.9434,137.875,144.22,1577545,138.98,144.9434,137.875,144.22,1577545,0.0,1.0
2022-01-28 00:00:00+00:00,145.42,145.715,136.62,139.99,1578102,145.42,145.715,136.62,139.99,1578102,0.0,1.0
2022-01-31 00:00:00+00:00,152.14,152.21,145.22,145.39,1647989,152.14,152.21,145.22,145.39,1647989,0.0,1.0
2022-02-01 00:00:00+00:00,151.61,153.305,149.17,152.37,1557104,151.61,153.305,149.17,152.37,1557104,0.0,1.0
2022-02-02 00:00:00+00:00,153.13,153.46,150.42,151.81,1439112,153.13,153.46,150.42,151.81,1439112,0.0,1.0
2022-02-03 00:00:00+00:00,146.42,151.47,145.76,149.53,1763288,146.42,151.47,145.76,149.53,1763288,0.0,1.0
2022-02-04 00:00:00+00:00,147.51,149.495,144.62,145.58,1398629,147.51,149.495,144.62,145.58,1398629,0.0,1.0
2022-02-07 00:00:00+00:00,146.72,149.59,146.065,148.15,1111582,146.72,149.59,146.065,148.15,1111582,0.0,1.0
2022-02-08 00:00:00+00:00,148.37,149.49,145.82,146.46,2095537,148.37,149.49,145.82,146.46,2095537,0.0,1.0
2022-02-09 00:00:00+00:00,154.4,154.42,150.31,151.51,1193973,154.4,154.42,150.31,151.51,1193973,0.0,1.0
2022-02-10 00:00:00+00:00,148.87,153.28,147.59,149.53,1385344,148.87,153.28,147.59,149.53,1385344,0.0,1.0
2022-02-11 00:00:00+00:00,142.5,150.53,141.33,149.0,1548272,142.5,150.53,141.33,149.0,1548272,0.0,1.0
2022-02-14 00:00:00+00:00,142.08,144.64,140.15,142.5,1218681,142.08,144.64,140.15,142.5,1218681,0.0,1.0
2022-02-15 00:00:00+00:00,146.07,146.46,144.02,144.64,1631935,146.07,146.46,144.02,144.64,1631935,0.0,1.0
2022-02-16 00:00:00+00:00,145.85,146.81,142.33,144.97,1741490,145.85,146.81,142.33,144.97,1741490,0.0,1.0
2022-02-17 00:00:00+00:00,138.22,144.77,137.64,144.18,1343281,138.22,144.77,137.64,144.18,1343281,0.0,1.0
2022-02-18 00:00:00+00:00,134.95,139.22,134.05,138.62,2437265,134.95,139.22,134.05,138.62,2437265,0.0,1.0
2022-02-22 00:00:00+00:00,135.21,136.955,133.095,134.63,2771730,135.21,136.955,133.095,134.63,2771730,0.0,1.0
2022-02-23 00:00:00+00:00,140.88,150.965,140.58,150.23,4882483,140.88,150.965,140.58,150.23,4882483,0.0,1.0
2022-02-24 00:00:00+00:00,149.04,149.73,137.11,138.42,3715241,149.04,149.73,137.11,138.42,3715241,0.0,1.0
2022-02-25 00:00:00+00:00,152.93,153.33,147.1244,148.4,2117737,152.93,153.33,147.1244,148.4,2117737,0.0,1.0
2022-02-28 00:00:00+00:00,151.43,153.81,148.76,151.2,1835398,151.43,153.81,148.76,151.2,1835398,0.0,1.0
2022-03-01 00:00:00+00:00,150.53,154.14,149.31,151.69,2074812,150.53,154.14,149.31,151.69,2074812,0.0,1.0
2022-03-02 00:00:00+00:00,157.46,157.8,150.81,152.02,2368464,157.46,157.8,150.81,152.02,2368464,0.0,1.0
2022-03-03 00:00:00+00:00,153.94,159.51,152.7,158.52,1662097,153.94,159.51,152.7,158.52,1662097,0.0,1.0
2022-03-04 00:00:00+00:00,154.69,155.73,151.65,153.15,2208736,154.69,155.73,151.65,153.15,2208736,0.0,1.0
2022-03-07 00:00:00+00:00,150.4,155.375,150.25,154.94,2089617,150.4,155.375,150.25,154.94,2089617,0.0,1.0
2022-03-08 00:00:00+00:00,145.8,151.35,143.43,149.257,2369453,145.8,151.35,143.43,149.257,2369453,0.0,1.0
2022-03-09 00:00:00+00:00,150.89,152.215,146.96,149.47,2086904,150.89,152.215,146.96,149.47,2086904,0.0,1.0
2022-03-10 00:00:00+00:00,149.46,150.01,144.59,147.65,1603218,149.46,150.01,144.59,147.65,1603218,0.0,1.0
2022-03-11 00:00:00+00:00,144.91,151.77,144.67,151.08,1382365,144.91,151.77,144.67,151.08,1382365,0.0,1.0
2022-03-14 00:00:00+00:00,139.16,145.78,138.49,144.31,2264817,139.16,145.78,138.49,144.31,2264817,0.0,1.0
2022-03-15 00:00:00+00:00,142.5,143.71,139.42,140.39,2831095,142.5,143.71,139.42,140.39,2831095,0.0,1.0
2022-03-16 00:00:00+00:00,150.51,150.53,144.39,145.12,3056259,150.51,150.53,144.39,145.12,3056259,0.0,1.0
2022-03-17 00:00:00+00:00,153.32,153.93,149.44,149.95,1646988,153.32,153.93,149.44,149.95,1646988,0.0,1.0
2022-03-18 00:00:00+00:00,158.87,159.68,151.03,152.17,2501919,158.87,159.68,151.03,152.17,2501919,0.0,1.0
2022-03-21 00:00:00+00:00,157.2,158.25,153.945,157.38,1466638,157.2,158.25,153.945,157.38,1466638,0.0,1.0
2022-03-22 00:00:00+00:00,160.2,161.06,156.42,157.6,1128953,160.2,161.06,156.42,157.6,1128953,0.0,1.0
2022-03-23 00:00:00+00:00,157.29,159.92,155.19,158.92,1068503,157.29,159.92,155.19,158.92,1068503,0.0,1.0
2022-03-24 00:00:00+00:00,162.12,162.14,156.76,158.16,1494195,162.12,162.14,156.76,158.16,1494195,0.0,1.0
2022-03-25 00:00:00+00:00,158.84,163.24,157.33,162.81,1271965,158.84,163.24,157.33,162.81,1271965,0.0,1.0
2022-03-28 00:00:00+00:00,162.47,162.48,158.64,159.0,1102307,162.47,162.48,158.64,159.0,1102307,0.0,1.0
2022-03-29 00:00:00+00:00,165.97,167.36,163.13,164.73,1147987,165.97,167.36,163.13,164.73,1147987,0.0,1.0
2022-03-30 00:00:00+00:00,163.31,166.11,162.225,165.01,983693,163.31,166.11,162.225,165.01,983693,0.0,1.0
2022-03-31 00:00:00+00:00,164.46,166.58,163.0,164.55,2446189,164.46,166.58,163.0,164.55,2446189,0.0,1.0
2022-04-01 00:00:00+00:00,165.63,167.38,162.865,165.0,1455868,165.63,167.38,162.865,165.0,1455868,0.0,1.0
2022-04-04 00:00:00+00:00,167.11,168.73,165.05,165.95,1257178,167.11,168.73,165.05,165.95,1257178,0.0,1.0
2022-04-05 00:00:00+00:00,163.45,167.78,162.09,167.37,1156584,163.45,167.78,162.09,167.37,1156584,0.0,1.0
2022-04-06 00:00:00+00:00,161.85,163.78,158.79,160.62,1415457,161.85,163.78,158.79,160.62,1415457,0.0,1.0
2022-04-07 00:00:00+00:00,163.13,164.52,160.55,161.11,1952186,163.13,164.52,160.55,161.11,1952186,0.0,1.0
2022-04-08 00:00:00+00:00,158.24,161.75,157.82,161.3,1204961,158.24,161.75,157.82,161.3,1204961,0.0,1.0
2022-04-11 00:00:00+00:00,153.74,157.2,152.51,157.2,1441323,153.74,157.2,152.51,157.2,1441323,0.0,1.0
2022-04-12 00:00:00+00:00,153.37,159.01,152.86,157.21,1298190,153.37,159.01,152.86,157.21,1298190,0.0,1.0
2022-04-13 00:00:00+00:00,155.79,158.61,153.865,154.0,1773288,155.79,158.61,153.865,154.0,1773288,0.0,1.0
2022-04-14 00:00:00+00:00,149.8,156.17,149.05,156.05,2113034,149.8,156.17,149.05,156.05,2113034,0.0,1.0
2022-04-18 00:00:00+00:00,150.61,151.6976,148.24,148.52,1123641,150.61,151.6976,148.24,148.52,1123641,0.0,1.0
2022-04-19 00:00:00+00:00,155.62,156.22,149.39,149.68,1322299,155.62,156.22,149.39,149.68,1322299,0.0,1.0
2022-04-20 00:00:00+00:00,157.13,157.94,155.8,157.01,1834350,157.13,157.94,155.8,157.01,1834350,0.0,1.0
2022-04-21 00:00:00+00:00,151.86,160.965,150.99,159.0,1459677,151.86,160.965,150.99,159.0,1459677,0.0,1.0
2022-04-22 00:00:00+00:00,148.07,153.045,147.81,151.08,1350187,148.07,153.045,147.81,151.08,1350187,0.0,1.0
2022-04-25 00:00:00+00:00,151.1,151.35,147.205,148.38,2350861,151.1,151.35,147.205,148.38,2350861,0.0,1.0
2022-04-26 00:00:00+00:00,151.54,159.5,150.5,158.0,3899605,151.54,159.5,150.5,158.0,3899605,0.0,1.0
2022-04-27 00:00:00+00:00,153.41,156.98,151.54,151.92,2012056,153.41,156.98,151.54,151.92,2012056,0.0,1.0
2022-04-28 00:00:00+00:00,159.01,160.965,153.07,155.88,1763659,159.01,160.965,153.07,155.88,1763659,0.0,1.0
2022-04-29 00:00:00+00:00,150.85,158.66,149.92,157.47,1657182,150.85,158.66,149.92,157.47,1657182,0.0,1.0
2022-05-02 00:00:00+00:00,150.49,152.04,146.12,150.54,2016439,150.49,152.04,146.12,150.54,2016439,0.0,1.0
2022-05-03 00:00:00+00:00,152.85,153.8,149.865,150.32,1387739,152.85,153.8,149.865,150.32,1387739,0.0,1.0
2022-05-04 00:00:00+00:00,158.34,158.71,148.89,153.54,1540632,158.34,158.71,148.89,153.54,1540632,0.0,1.0
2022-05-05 00:00:00+00:00,149.4,156.49,147.15,156.08,1590186,149.4,156.49,147.15,156.08,1590186,0.0,1.0
2022-05-06 00:00:00+00:00,146.37,149.22,142.823,148.12,1539474,146.37,149.22,142.823,148.12,1539474,0.0,1.0
2022-05-09 00:00:00+00:00,137.18,144.35,136.38,143.39,2216883,137.18,144.35,136.38,143.39,2216883,0.0,1.0
2022-05-10 00:00:00+00:00,141.17,143.88,136.94,141.51,1705089,141.17,143.88,136.94,141.51,1705089,0.0,1.0
2022-05-11 00:00:00+00:00,135.68,143.62,135.29,138.88,1550924,135.68,143.62,135.29,138.88,1550924,0.0,1.0
2022-05-12 00:00:00+00:00,135.82,136.94,132.315,133.41,1604719,135.82,136.94,132.315,133.41,1604719,0.0,1.0
2022-05-13 00:00:00+00:00,142.44,143.13,137.7,137.81,1826383,142.44,143.13,137.7,137.81,1826383,0.0,1.0
2022-05-16 00:00:00+00:00,139.38,141.64,138.92,140.95,1297847,139.38,141.64,138.92,140.95,1297847,0.0,1.0
2022-05-17 00:00:00+00:00,142.87,144.25,139.79,143.12,1064696,142.87,144.25,139.79,143.12,1064696,0.0,1.0
2022-05-18 00:00:00+00:00,136.3,141.4,135.47,140.3,1376792,136.3,141.4,135.47,140.3,1376792,0.0,1.0
2022-05-19 00:00:00+00:00,143.83,146.94,136.27,136.27,2436451,143.83,146.94,136.27,136.27,2436451,0.0,1.0
2022-05-20 00:00:00+00:00,146.6,147.47,141.0,146.93,2917607,146.6,147.47,141.0,146.93,2917607,0.0,1.0
2022-05-23 00:00:00+00:00,147.63,148.43,145.17,147.2,1333184,147.63,148.43,145.17,147.2,1333184,0.0,1.0
2022-05-24 00:00:00+00:00,144.0,146.64,142.56,145.68,1492118,144.0,146.64,142.56,145.68,1492118,0.0,1.0
2022-05-25 00:00:00+00:00,145.06,146.18,142.0,142.2,1586931,145.06,146.18,142.0,142.2,1586931,0.0,1.0
2022-05-26 00:00:00+00:00,148.67,149.6,144.73,146.44,1214226,148.67,149.6,144.73,146.44,1214226,0.0,1.0
2022-05-27 00:00:00+00:00,156.24,156.33,149.88,150.0,1330717,156.24,156.33,149.88,150.0,1330717,0.0,1.0
2022-05-31 00:00:00+00:00,153.73,155.79,151.83,155.74,2655517,153.73,155.79,151.83,155.74,2655517,0.0,1.0
2022-06-01 00:00:00+00:00,153.22,157.77,151.89,155.15,1072275,153.22,157.77,151.89,155.15,1072275,0.0,1.0
2022-06-02 00:00:00+00:00,161.41,161.69,152.425,152.83,1451832,161.41,161.69,152.425,152.83,1451832,0.0,1.0
2022-06-03 00:00:00+00:00,158.56,159.92,157.3818,159.11,1096684,158.56,159.92,157.3818,159.11,1096684,0.0,1.0
2022-06-06 00:00:00+00:00,160.29,164.18,159.34,160.9,1092167,160.29,164.18,159.34,160.9,1092167,0.0,1.0
2022-06-07 00:00:00+00:00,162.27,162.98,157.967,158.58,927874,162.27,162.98,157.967,158.58,927874,0.0,1.0
2022-06-08 00:00:00+00:00,159.93,162.11,158.88,161.84,1489177,159.93,162.11,158.88,161.84,1489177,0.0,1.0
2022-06-09 00:00:00+00:00,155.81,160.03,155.75,158.48,1199218,155.81,160.03,155.75,158.48,1199218,0.0,1.0
2022-06-10 00:00:00+00:00,149.11,152.49,147.84,151.74,1195326,149.11,152.49,147.84,151.74,1195326,0.0,1.0
2022-06-13 00:00:00+00:00,141.66,145.3,140.89,144.4,1443729,141.66,145.3,140.89,144.4,1443729,0.0,1.0
2022-06-14 00:00:00+00:00,143.39,144.14,140.215,142.65,1048930,143.39,144.14,140.215,142.65,1048930,0.0,1.0
2022-06-15 00:00:00+00:00,147.72,149.91,144.02,145.2,1647588,147.72,149.91,144.02,145.2,1647588,0.0,1.0
2022-06-16 00:00:00+00:00,141.08,144.51,139.73,143.2,1611178,141.08,144.51,139.73,143.2,1611178,0.0,1.0
2022-06-17 00:00:00+00:00,143.09,145.0,140.27,141.65,2946325,143.09,145.0,140.27,141.65,2946325,0.0,1.0
2022-06-21 00:00:00+00:00,148.14,150.14,145.35,145.65,2022236,148.14,150.14,145.35,145.65,2022236,0.0,1.0
2022-06-22 00:00:00+00:00,145.96,149.35,145.09,146.12,1958781,145.96,149.35,145.09,146.12,1958781,0.0,1.0
2022-06-23 00:00:00+00:00,151.06,151.36,145.14,147.96,1840846,151.06,151.36,145.14,147.96,1840846,0.0,1.0
2022-06-24 00:00:00+00:00,157.62,157.89,152.27,152.8,2175986,157.62,157.89,152.27,152.8,2175986,0.0,1.0
2022-06-27 00:00:00+00:00,154.45,158.32,153.7,157.25,1193785,154.45,158.32,153.7,157.25,1193785,0.0,1.0
2022-06-28 00:00:00+00:00,150.12,155.37,149.51,154.39,1300839,150.12,155.37,149.51,154.39,1300839,0.0,1.0
2022-06-29 00:00:00+00:00,150.92,152.325,149.38,150.56,1141558,150.92,152.325,149.38,150.56,1141558,0.0,1.0
2022-06-30 00:00:00+00:00,150.03,152.51,148.41,149.34,2088047,150.03,152.51,148.41,149.34,2088047,0.0,1.0
2022-07-01 00:00:00+00:00,149.64,150.78,147.4,149.76,1509276,149.64,150.78,147.4,149.76,1509276,0.0,1.0
2022-07-05 00:00:00+00:00,151.64,151.92,147.0,148.98,1456394,151.64,151.92,147.0,148.98,1456394,0.0,1.0
2022-07-06 00:00:00+00:00,156.04,157.44,150.95,152.65,1675823,156.04,157.44,150.95,152.65,1675823,0.0,1.0
2022-07-07 00:00:00+00:00,160.19,160.76,156.21,156.41,1409900,160.19,160.76,156.21,156.41,1409900,0.0,1.0
2022-07-08 00:00:00+00:00,160.42,161.42,157.22,158.5,1051140,160.42,161.42,157.22,158.5,1051140,0.0,1.0
2022-07-11 00:00:00+00:00,157.87,159.74,156.99,158.87,1161127,157.87,159.74,156.99,158.87,1161127,0.0,1.0
2022-07-12 00:00:00+00:00,154.22,162.19,153.495,159.35,1430793,154.22,162.19,153.495,159.35,1430793,0.0,1.0
2022-07-13 00:00:00+00:00,153.34,154.26,149.17,150.49,941524,153.34,154.26,149.17,150.49,941524,0.0,1.0
2022-07-14 00:00:00+00:00,154.02,155.36,148.85,152.21,1281371,154.02,155.36,148.85,152.21,1281371,0.0,1.0
2022-07-15 00:00:00+00:00,157.0,158.09,153.48,155.99,1386649,157.0,158.09,153.48,155.99,1386649,0.0,1.0
2022-07-18 00:00:00+00:00,155.06,158.95,154.22,158.08,1043821,155.06,158.95,154.22,158.08,1043821,0.0,1.0
2022-07-19 00:00:00+00:00,161.58,162.13,157.42,158.09,1307524,161.58,162.13,157.42,158.09,1307524,0.0,1.0
2022-07-20 00:00:00+00:00,164.02,165.94,161.58,162.33,1453238,164.02,165.94,161.58,162.33,1453238,0.0,1.0
2022-07-21 00:00:00+00:00,168.75,168.76,163.6,164.91,1409179,168.75,168.76,163.6,164.91,1409179,0.0,1.0
2022-07-22 00:00:00+00:00,167.71,171.11,167.23,169.46,1804334,167.71,171.11,167.23,169.46,1804334,0.0,1.0
2022-07-25 00:00:00+00:00,167.66,167.96,165.19,167.72,1338832,167.66,167.96,165.19,167.72,1338832,0.0,1.0
2022-07-26 00:00:00+00:00,170.75,174.5,169.94,170.54,2713082,170.75,174.5,169.94,170.54,2713082,0.0,1.0
2022-07-27 00:00:00+00:00,176.62,178.51,171.63,171.63,2118261,176.62,178.51,171.63,171.63,2118261,0.0,1.0
2022-07-28 00:00:00+00:00,183.62,183.89,177.48,177.82,2116005,183.62,183.89,177.48,177.82,2116005,0.0,1.0
2022-07-29 00:00:00+00:00,186.08,186.58,182.96,182.96,1594530,186.08,186.58,182.96,182.96,1594530,0.0,1.0
2022-08-01 00:00:00+00:00,185.04,187.51,183.015,183.015,1812020,185.04,187.51,183.015,183.015,1812020,0.0,1.0
2022-08-02 00:00:00+00:00,183.45,185.095,182.11,183.6,1709160,183.45,185.095,182.11,183.6,1709160,0.0,1.0
2022-08-03 00:00:00+00:00,181.95,183.05,176.25,182.185,3271004,181.95,183.05,176.25,182.185,3271004,0.0,1.0
2022-08-04 00:00:00+00:00,185.58,185.63,181.28,182.89,1599107,185.58,185.63,181.28,182.89,1599107,0.0,1.0
2022-08-05 00:00:00+00:00,186.55,186.69,181.96,182.0,1422880,186.55,186.69,181.96,182.0,1422880,0.0,1.0
2022-08-08 00:00:00+00:00,184.33,187.61,183.3,186.82,1690987,184.33,187.61,183.3,186.82,1690987,0.0,1.0
2022-08-09 00:00:00+00:00,184.61,185.65,183.12,183.94,1458812,184.61,185.65,183.12,183.94,1458812,0.0,1.0
2022-08-10 00:00:00+00:00,186.34,189.9499,185.68,188.58,1736957,186.34,189.9499,185.68,188.58,1736957,0.0,1.0
2022-08-11 00:00:00+00:00,186.35,188.48,185.66,187.92,1676997,186.35,188.48,185.66,187.92,1676997,0.0,1.0
2022-08-12 00:00:00+00:00,188.83,189.3,186.45,187.0,1805929,188.83,189.3,186.45,187.0,1805929,0.0,1.0
2022-08-15 00:00:00+00:00,193.09,193.21,188.62,188.83,1659306,193.09,193.21,188.62,188.83,1659306,0.0,1.0
2022-08-16 00:00:00+00:00,192.63,194.97,191.14,191.48,1621995,192.63,194.97,191.14,191.48,1621995,0.0,1.0
2022-08-17 00:00:00+00:00,191.0,192.35,190.03,191.98,1341465,191.0,192.35,190.03,191.98,1341465,0.0,1.0
2022-08-18 00:00:00+00:00,190.73,192.8,190.41,190.9,1221768,190.73,192.8,190.41,190.9,1221768,0.0,1.0
2022-08-19 00:00:00+00:00,188.04,189.25,186.62,188.12,1329701,188.04,189.25,186.62,188.12,1329701,0.0,1.0
2022-08-22 00:00:00+00:00,184.9,187.13,184.51,186.34,1275835,184.9,187.13,184.51,186.34,1275835,0.0,1.0
2022-08-23 00:00:00+00:00,183.25,186.07,183.0,183.82,1012832,183.25,186.07,183.0,183.82,1012832,0.0,1.0
2022-08-24 00:00:00+00:00,182.99,185.4,182.64,185.4,1315117,182.99,185.4,182.64,185.4,1315117,0.0,1.0
2022-08-25 00:00:00+00:00,184.8,185.38,182.78,184.69,1163835,184.8,185.38,182.78,184.69,1163835,0.0,1.0
2022-08-26 00:00:00+00:00,177.83,184.42,177.48,184.42,1750154,177.83,184.42,177.48,184.42,1750154,0.0,1.0
2022-08-29 00:00:00+00:00,174.83,177.51,174.72,175.65,1317600,174.83,177.51,174.72,175.65,1317600,0.0,1.0
2022-08-30 00:00:00+00:00,174.23,176.14,171.18,175.86,1381112,174.23,176.14,171.18,175.86,1381112,0.0,1.0
2022-08-31 00:00:00+00:00,173.77,176.62,172.64,175.33,2072303,173.77,176.62,172.64,175.33,2072303,0.0,1.0
2022-09-01 00:00:00+00:00,170.04,171.49,166.89,171.0,2353355,170.04,171.49,166.89,171.0,2353355,0.0,1.0
2022-09-02 00:00:00+00:00,168.17,172.85,167.16,171.34,1416261,168.17,172.85,167.16,171.34,1416261,0.0,1.0
2022-09-06 00:00:00+00:00,167.82,170.395,166.64,168.39,1628066,167.82,170.395,166.64,168.39,1628066,0.0,1.0
2022-09-07 00:00:00+00:00,170.89,171.89,167.62,168.62,1394042,170.89,171.89,167.62,168.62,1394042,0.0,1.0
2022-09-08 00:00:00+00:00,171.84,172.98,168.78,169.46,1778890,171.84,172.98,168.78,169.46,1778890,0.0,1.0
2022-09-09 00:00:00+00:00,174.68,175.97,173.308,173.46,1292535,174.68,175.97,173.308,173.46,1292535,0.0,1.0
2022-09-12 00:00:00+00:00,175.02,175.45,173.58,175.11,1439201,175.02,175.45,173.58,175.11,1439201,0.0,1.0
2022-09-13 00:00:00+00:00,166.92,170.4889,166.66,169.68,1947095,166.92,170.4889,166.66,169.68,1947095,0.0,1.0
2022-09-14 00:00:00+00:00,167.23,168.84,165.19,168.38,1563705,167.23,168.84,165.19,168.38,1563705,0.0,1.0
2022-09-15 00:00:00+00:00,163.05,165.765,161.16,165.38,2164241,163.05,165.765,161.16,165.38,2164241,0.0,1.0
2022-09-16 00:00:00+00:00,164.27,164.8,160.825,161.92,3470895,164.27,164.8,160.825,161.92,3470895,0.0,1.0
2022-09-19 00:00:00+00:00,167.19,167.29,162.57,162.63,1555820,167.19,167.29,162.57,162.63,1555820,0.0,1.0
2022-09-20 00:00:00+00:00,166.99,168.3,165.79,165.97,1734865,166.99,168.3,165.79,165.97,1734865,0.0,1.0
2022-09-21 00:00:00+00:00,166.04,172.06,166.0,168.545,2099961,166.04,172.06,166.0,168.545,2099961,0.0,1.0
2022-09-22 00:00:00+00:00,162.32,165.785,161.87,164.31,1809478,162.32,165.785,161.87,164.31,1809478,0.0,1.0
2022-09-23 00:00:00+00:00,160.97,162.5,159.12,160.96,1669320,160.97,162.5,159.12,160.96,1669320,0.0,1.0
2022-09-26 00:00:00+00:00,162.38,164.985,161.49,161.49,1776515,162.38,164.985,161.49,161.49,1776515,0.0,1.0
2022-09-27 00:00:00+00:00,163.13,164.91,160.61,164.26,1539270,163.13,164.91,160.61,164.26,1539270,0.0,1.0
2022-09-28 00:00:00+00:00,166.97,167.66,162.09,164.0,1477137,166.97,167.66,162.09,164.0,1477137,0.0,1.0
2022-09-29 00:00:00+00:00,164.69,166.85,163.15,165.59,1584971,164.69,166.85,163.15,165.59,1584971,0.0,1.0
2022-09-30 00:00:00+00:00,163.43,167.58,163.27,164.75,2156877,163.43,167.58,163.27,164.75,2156877,0.0,1.0
2022-10-03 00:00:00+00:00,170.28,171.26,164.39,164.39,1797455,170.28,171.26,164.39,164.39,1797455,0.0,1.0
2022-10-04 00:00:00+00:00,171.33,174.33,170.34,173.28,2126984,171.33,174.33,170.34,173.28,2126984,0.0,1.0
2022-10-05 00:00:00+00:00,169.7,170.785,167.72,170.01,2585714,169.7,170.785,167.72,170.01,2585714,0.0,1.0
2022-10-06 00:00:00+00:00,168.41,171.64,168.17,169.95,1849858,168.41,171.64,168.17,169.95,1849858,0.0,1.0
2022-10-07 00:00:00+00:00,158.9,165.62,158.0,165.26,2415693,158.9,165.62,158.0,165.26,2415693,0.0,1.0
2022-10-10 00:00:00+00:00,154.71,159.86,152.73,159.48,2242366,154.71,159.86,152.73,159.48,2242366,0.0,1.0
2022-10-11 00:00:00+00:00,148.04,154.9,147.06,154.57,4034112,148.04,154.9,147.06,154.57,4034112,0.0,1.0
2022-10-12 00:00:00+00:00,147.97,151.33,147.83,149.24,2662097,147.97,151.33,147.83,149.24,2662097,0.0,1.0
2022-10-13 00:00:00+00:00,150.55,151.62,142.338,142.37,4676621,150.55,151.62,142.338,142.37,4676621,0.0,1.0
2022-10-14 00:00:00+00:00,147.45,152.92,147.23,152.32,2373678,147.45,152.92,147.23,152.32,2373678,0.0,1.0
2022-10-17 00:00:00+00:00,154.07,155.165,151.835,152.23,2287981,154.07,155.165,151.835,152.23,2287981,0.0,1.0
2022-10-18 00:00:00+00:00,155.56,159.82,154.15,158.0,1683475,155.56,159.82,154.15,158.0,1683475,0.0,1.0
2022-10-19 00:00:00+00:00,153.72,154.28,151.73,152.66,1164755,153.72,154.28,151.73,152.66,1164755,0.0,1.0
2022-10-20 00:00:00+00:00,153.05,156.61,152.0,154.12,1599909,153.05,156.61,152.0,154.12,1599909,0.0,1.0
2022-10-21 00:00:00+00:00,158.34,158.86,150.69,152.095,2034589,158.34,158.86,150.69,152.095,2034589,0.0,1.0
2022-10-24 00:00:00+00:00,160.22,161.3988,157.07,160.04,1832165,160.22,161.3988,157.07,160.04,1832165,0.0,1.0
2022-10-25 00:00:00+00:00,151.32,160.74,150.86,158.21,5082570,151.32,160.74,150.86,158.21,5082570,0.0,1.0
2022-10-26 00:00:00+00:00,149.05,152.26,147.44,148.23,2486564,149.05,152.26,147.44,148.23,2486564,0.0,1.0
2022-10-27 00:00:00+00:00,148.58,150.96,146.36,149.7,2169093,148.58,150.96,146.36,149.7,2169093,0.0,1.0
2022-10-28 00:00:00+00:00,151.48,151.82,148.83,149.66,1944810,151.48,151.82,148.83,149.66,1944810,0.0,1.0
2022-10-31 00:00:00+00:00,151.39,152.56,149.42,150.19,1544231,151.39,152.56,149.42,150.19,1544231,0.0,1.0
2022-11-01 00:00:00+00:00,150.93,153.7591,149.81,153.25,1299655,150.93,153.7591,149.81,153.25,1299655,0.0,1.0
2022-11-02 00:00:00+00:00,145.09,152.4,145.02,151.54,2667946,145.09,152.4,145.02,151.54,2667946,0.0,1.0
2022-11-03 00:00:00+00:00,142.86,145.745,142.38,144.0,1870181,142.86,145.745,142.38,144.0,1870181,0.0,1.0
2022-11-04 00:00:00+00:00,142.41,144.72,138.76,144.34,2998689,142.41,144.72,138.76,144.34,2998689,0.0,1.0
2022-11-07 00:00:00+00:00,146.0,146.61,141.62,143.75,2085350,146.0,146.61,141.62,143.75,2085350,0.0,1.0
2022-11-08 00:00:00+00:00,149.095,151.09,146.44,147.11,1236439,149.095,151.09,146.44,147.11,1236439,0.0,1.0
2022-11-09 00:00:00+00:00,147.76,148.55,145.94,147.65,1070013,147.76,148.55,145.94,147.65,1070013,0.0,1.0
2022-11-10 00:00:00+00:00,162.02,162.61,155.685,156.66,2656246,162.02,162.61,155.685,156.66,2656246,0.0,1.0
2022-11-11 00:00:00+00:00,166.9,167.99,161.49,162.465,2273753,166.9,167.99,161.49,162.465,2273753,0.0,1.0
2022-11-14 00:00:00+00:00,167.93,169.38,165.4475,166.03,1773075,167.93,169.38,165.4475,166.03,1773075,0.0,1.0
2022-11-15 00:00:00+00:00,168.74,172.4,167.18,171.78,2008804,168.74,172.4,167.18,171.78,2008804,0.0,1.0
2022-11-16 00:00:00+00:00,168.86,170.49,167.16,168.68,1137579,168.86,170.49,167.16,168.68,1137579,0.0,1.0
2022-11-17 00:00:00+00:00,165.1,166.975,162.87,165.2,1556933,165.1,166.975,162.87,165.2,1556933,0.0,1.0
2022-11-18 00:00:00+00:00,165.02,168.16,163.6107,167.67,1198577,165.02,168.16,163.6107,167.67,1198577,0.0,1.0
2022-11-21 00:00:00+00:00,161.86,164.45,161.645,164.45,1184872,161.86,164.45,161.645,164.45,1184872,0.0,1.0
2022-11-22 00:00:00+00:00,165.2,165.63,160.87,162.6,1118551,165.2,165.63,160.87,162.6,1118551,0.0,1.0
2022-11-23 00:00:00+00:00,167.51,168.65,163.0,163.0,721524,167.51,168.65,163.0,163.0,721524,0.0,1.0
2022-11-25 00:00:00+00:00,167.31,168.35,166.94,167.51,441076,167.31,168.35,166.94,167.51,441076,0.0,1.0
2022-11-28 00:00:00+00:00,164.95,169.475,164.17,167.54,1401098,164.95,169.475,164.17,167.54,1401098,0.0,1.0
2022-11-29 00:00:00+00:00,163.52,165.36,161.9,165.36,1142198,163.52,165.36,161.9,165.36,1142198,0.0,1.0
2022-11-30 00:00:00+00:00,172.04,172.25,164.02,164.2,2565593,172.04,172.25,164.02,164.2,2565593,0.0,1.0
2022-12-01 00:00:00+00:00,176.78,177.27,173.33,174.745,1931931,176.78,177.27,173.33,174.745,1931931,0.0,1.0
2022-12-02 00:00:00+00:00,172.43,173.45,170.285,172.93,1255349,172.43,173.45,170.285,172.93,1255349,0.0,1.0
2022-12-05 00:00:00+00:00,166.46,170.92,165.505,170.45,1441386,166.46,170.92,165.505,170.45,1441386,0.0,1.0
2022-12-06 00:00:00+00:00,163.66,166.92,162.16,166.92,1152422,163.66,166.92,162.16,166.92,1152422,0.0,1.0
2022-12-07 00:00:00+00:00,160.59,163.1,159.72,162.32,1674022,160.59,163.1,159.72,162.32,1674022,0.0,1.0
2022-12-08 00:00:00+00:00,164.06,165.44,161.36,162.12,1397168,164.06,165.44,161.36,162.12,1397168,0.0,1.0
2022-12-09 00:00:00+00:00,163.67,164.66,162.17,163.32,1299751,163.67,164.66,162.17,163.32,1299751,0.0,1.0
2022-12-12 00:00:00+00:00,166.09,166.84,163.755,163.96,1414051,166.09,166.84,163.755,163.96,1414051,0.0,1.0
2022-12-13 00:00:00+00:00,168.23,174.48,166.07,174.31,1657433,168.23,174.48,166.07,174.31,1657433,0.0,1.0
2022-12-14 00:00:00+00:00,165.47,171.225,164.25,168.23,1459386,165.47,171.225,164.25,168.23,1459386,0.0,1.0
2022-12-15 00:00:00+00:00,162.23,163.96,160.38,163.04,1584607,162.23,163.96,160.38,163.04,1584607,0.0,1.0
2022-12-16 00:00:00+00:00,163.2,166.61,161.45,163.01,2992891,163.2,166.61,161.45,163.01,2992891,0.0,1.0
2022-12-19 00:00:00+00:00,160.95,163.15,160.02,163.15,944687,160.95,163.15,160.02,163.15,944687,0.0,1.0
2022-12-20 00:00:00+00:00,162.36,162.9199,159.12,159.9,1353475,162.36,162.9199,159.12,159.9,1353475,0.0,1.0
2022-12-21 00:00:00+00:00,165.41,165.765,161.61,162.79,1178706,165.41,165.765,161.61,162.79,1178706,0.0,1.0
2022-12-22 00:00:00+00:00,161.76,163.34,158.94,162.99,1154009,161.76,163.34,158.94,162.99,1154009,0.0,1.0
2022-12-23 00:00:00+00:00,161.45,161.95,159.25,160.92,709726,161.45,161.95,159.25,160.92,709726,0.0,1.0
2022-12-27 00:00:00+00:00,160.05,161.1,158.97,161.1,615176,160.05,161.1,158.97,161.1,615176,0.0,1.0
2022-12-28 00:00:00+00:00,158.34,161.73,158.1825,159.95,769541,158.34,161.73,158.1825,159.95,769541,0.0,1.0
2022-12-29 00:00:00+00:00,161.93,163.18,159.4,159.59,771608,161.93,163.18,159.4,159.59,771608,0.0,1.0
2022-12-30 00:00:00+00:00,160.64,160.75,158.41,159.92,739442,160.64,160.75,158.41,159.92,739442,0.0,1.0
2023-01-03 00:00:00+00:00,159.64,163.9999,157.495,162.83,992792,159.64,163.9999,157.495,162.83,992792,0.0,1.0
2023-01-04 00:00:00+00:00,159.23,162.1,157.46,161.0,1328964,159.23,162.1,157.46,161.0,1328964,0.0,1.0
2023-01-05 00:00:00+00:00,156.8,158.74,154.88,157.56,1728376,156.8,158.74,154.88,157.56,1728376,0.0,1.0
2023-01-06 00:00:00+00:00,159.66,160.325,155.2,158.75,1194186,159.66,160.325,155.2,158.75,1194186,0.0,1.0
2023-01-09 00:00:00+00:00,165.92,168.52,161.34,161.34,1924860,165.92,168.52,161.34,161.34,1924860,0.0,1.0
2023-01-10 00:00:00+00:00,164.32,166.61,162.48,164.59,1302087,164.32,166.61,162.48,164.59,1302087,0.0,1.0
2023-01-11 00:00:00+00:00,168.47,168.7,163.76,164.58,1523682,168.47,168.7,163.76,164.58,1523682,0.0,1.0
2023-01-12 00:00:00+00:00,168.06,168.66,164.85,168.17,1039231,168.06,168.66,164.85,168.17,1039231,0.0,1.0
2023-01-13 00:00:00+00:00,169.26,169.37,166.0,166.0,1021097,169.26,169.37,166.0,166.0,1021097,0.0,1.0
2023-01-17 00:00:00+00:00,172.97,174.52,169.41,171.79,2034181,172.97,174.52,169.41,171.79,2034181,0.0,1.0
2023-01-18 00:00:00+00:00,172.46,177.6,172.21,174.4,1445633,172.46,177.6,172.21,174.4,1445633,0.0,1.0
2023-01-19 00:00:00+00:00,171.95,173.43,171.23,171.64,1549397,171.95,173.43,171.23,171.64,1549397,0.0,1.0
2023-01-20 00:00:00+00:00,178.26,178.945,171.68,171.69,1769242,178.26,178.945,171.68,171.69,1769242,0.0,1.0
2023-01-23 00:00:00+00:00,183.41,184.24,177.2,177.2,1813585,183.41,184.24,177.2,177.2,1813585,0.0,1.0
2023-01-24 00:00:00+00:00,182.38,183.66,181.3821,183.35,1201880,182.38,183.66,181.3821,183.35,1201880,0.0,1.0
2023-01-25 00:00:00+00:00,182.48,182.76,176.49,179.31,1103316,182.48,182.76,176.49,179.31,1103316,0.0,1.0
2023-01-26 00:00:00+00:00,185.63,185.86,182.59,184.9,857119,185.63,185.86,182.59,184.9,857119,0.0,1.0
2023-01-27 00:00:00+00:00,185.03,186.24,183.11,183.93,1137512,185.03,186.24,183.11,183.93,1137512,0.0,1.0
2023-01-30 00:00:00+00:00,180.74,183.72,180.615,183.61,1191326,180.74,183.72,180.615,183.61,1191326,0.0,1.0
2023-01-31 00:00:00+00:00,182.83,183.73,180.75,181.36,1741938,182.83,183.73,180.75,181.36,1741938,0.0,1.0
2023-02-01 00:00:00+00:00,188.89,190.25,181.28,181.78,1613173,188.89,190.25,181.28,181.78,1613173,0.0,1.0
2023-02-02 00:00:00+00:00,189.22,191.92,188.4,190.73,1909673,189.22,191.92,188.4,190.73,1909673,0.0,1.0
2023-02-03 00:00:00+00:00,185.85,188.68,184.23,185.2,1158902,185.85,188.68,184.23,185.2,1158902,0.0,1.0
2023-02-06 00:00:00+00:00,185.91,186.99,183.995,184.46,1072045,185.91,186.99,183.995,184.46,1072045,0.0,1.0
2023-02-07 00:00:00+00:00,188.33,189.24,183.2566,185.29,1208603,188.33,189.24,183.2566,185.29,1208603,0.0,1.0
2023-02-08 00:00:00+00:00,185.45,188.54,184.88,187.78,1389174,185.45,188.54,184.88,187.78,1389174,0.0,1.0
2023-02-09 00:00:00+00:00,186.27,190.585,185.54,188.15,1489569,186.27,190.585,185.54,188.15,1489569,0.0,1.0
2023-02-10 00:00:00+00:00,183.8,185.135,183.42,184.1,1169918,183.8,185.135,183.42,184.1,1169918,0.0,1.0
2023-02-13 00:00:00+00:00,185.7,186.85,183.8,185.1,1992315,185.7,186.85,183.8,185.1,1992315,0.0,1.0
2023-02-14 00:00:00+00:00,199.09,199.8565,192.0,193.4,3361209,199.09,199.8565,192.0,193.4,3361209,0.0,1.0
2023-02-15 00:00:00+00:00,202.26,202.96,198.73,199.1,2140461,202.26,202.96,198.73,199.1,2140461,0.0,1.0
2023-02-16 00:00:00+00:00,194.62,198.44,193.45,196.28,2903237,194.62,198.44,193.45,196.28,2903237,0.0,1.0
2023-02-17 00:00:00+00:00,194.44,195.12,191.1,192.33,1993976,194.44,195.12,191.1,192.33,1993976,0.0,1.0
2023-02-21 00:00:00+00:00,192.65,193.58,191.44,192.19,1785917,192.65,193.58,191.44,192.19,1785917,0.0,1.0
2023-02-22 00:00:00+00:00,193.99,196.0,192.875,193.24,1779303,193.99,196.0,192.875,193.24,1779303,0.0,1.0
2023-02-23 00:00:00+00:00,196.62,198.57,194.66,196.03,1669431,196.62,198.57,194.66,196.03,1669431,0.0,1.0
2023-02-24 00:00:00+00:00,193.74,195.37,192.45,192.65,1180557,193.74,195.37,192.45,192.65,1180557,0.0,1.0
2023-02-27 00:00:00+00:00,193.18,195.985,192.66,195.35,1354110,193.18,195.985,192.66,195.35,1354110,0.0,1.0
2023-02-28 00:00:00+00:00,192.94,195.23,192.74,193.26,1715258,192.94,195.23,192.74,193.26,1715258,0.0,1.0
2023-03-01 00:00:00+00:00,191.43,193.5699,190.69,193.14,1204689,191.43,193.5699,190.69,193.14,1204689,0.0,1.0
2023-03-02 00:00:00+00:00,192.64,193.3936,189.2968,190.32,1472424,192.64,193.3936,189.2968,190.32,1472424,0.0,1.0
2023-03-03 00:00:00+00:00,196.5,196.77,192.81,193.85,1563618,196.5,196.77,192.81,193.85,1563618,0.0,1.0
2023-03-06 00:00:00+00:00,197.4,198.8125,195.26,196.94,1614834,197.4,198.8125,195.26,196.94,1614834,0.0,1.0
2023-03-07 00:00:00+00:00,195.35,198.15,194.34,196.49,1403097,195.35,198.15,194.34,196.49,1403097,0.0,1.0
2023-03-08 00:00:00+00:00,199.3,199.46,195.17,195.71,1440635,199.3,199.46,195.17,195.71,1440635,0.0,1.0
2023-03-09 00:00:00+00:00,196.4,201.97,196.12,199.33,1864692,196.4,201.97,196.12,199.33,1864692,0.0,1.0
2023-03-10 00:00:00+00:00,195.67,198.0804,192.78,196.68,2385304,195.67,198.0804,192.78,196.68,2385304,0.0,1.0
2023-03-13 00:00:00+00:00,196.27,198.57,193.115,194.55,2309841,196.27,198.57,193.115,194.55,2309841,0.0,1.0
2023-03-14 00:00:00+00:00,203.52,203.68,197.42,197.86,2190665,203.52,203.68,197.42,197.86,2190665,0.0,1.0
2023-03-15 00:00:00+00:00,202.94,203.94,200.49,202.64,3116317,202.94,203.94,200.49,202.64,3116317,0.0,1.0
2023-03-16 00:00:00+00:00,207.82,209.28,200.01,202.1,3228489,207.82,209.28,200.01,202.1,3228489,0.0,1.0
2023-03-17 00:00:00+00:00,206.88,209.5,205.43,206.78,4539695,206.88,209.5,205.43,206.78,4539695,0.0,1.0
2023-03-20 00:00:00+00:00,207.07,207.89,204.73,207.0,2757046,207.07,207.89,204.73,207.0,2757046,0.0,1.0
2023-03-21 00:00:00+00:00,207.88,208.58,204.49,207.7,2723012,207.88,208.58,204.49,207.7,2723012,0.0,1.0
2023-03-22 00:00:00+00:00,204.0,209.23,203.96,206.72,2039750,204.0,209.23,203.96,206.72,2039750,0.0,1.0
2023-03-23 00:00:00+00:00,207.0,208.24,203.0281,204.84,2120154,207.0,208.24,203.0281,204.84,2120154,0.0,1.0
2023-03-24 00:00:00+00:00,204.48,206.95,203.05,206.63,2302468,204.48,206.95,203.05,206.63,2302468,0.0,1.0
2023-03-27 00:00:00+00:00,205.27,206.29,203.55,204.48,1400322,205.27,206.29,203.55,204.48,1400322,0.0,1.0
2023-03-28 00:00:00+00:00,203.28,205.72,201.3505,204.65,1180800,203.28,205.72,201.3505,204.65,1180800,0.0,1.0
2023-03-29 00:00:00+00:00,206.0,206.66,204.7,205.22,1184856,206.0,206.66,204.7,205.22,1184856,0.0,1.0
2023-03-30 00:00:00+00:00,207.01,207.99,205.39,207.34,1629730,207.01,207.99,205.39,207.34,1629730,0.0,1.0
2023-03-31 00:00:00+00:00,210.09,210.23,207.44,208.0,2104120,210.09,210.23,207.44,208.0,2104120,0.0,1.0
2023-04-03 00:00:00+00:00,211.39,211.6,208.73,209.0,1603573,211.39,211.6,208.73,209.0,1603573,0.0,1.0
2023-04-04 00:00:00+00:00,211.51,214.14,210.89,212.185,1228671,211.51,214.14,210.89,212.185,1228671,0.0,1.0
2023-04-05 00:00:00+00:00,207.56,211.08,206.1401,210.12,1455121,207.56,211.08,206.1401,210.12,1455121,0.0,1.0
2023-04-06 00:00:00+00:00,208.52,209.26,205.33,205.39,1885926,208.52,209.26,205.33,205.39,1885926,0.0,1.0
2023-04-10 00:00:00+00:00,213.61,214.13,207.02,207.24,2167876,213.61,214.13,207.02,207.24,2167876,0.0,1.0
2023-04-11 00:00:00+00:00,213.89,214.95,212.36,212.46,1530415,213.89,214.95,212.36,212.46,1530415,0.0,1.0
2023-04-12 00:00:00+00:00,212.18,216.33,211.81,215.0,1416643,212.18,216.33,211.81,215.0,1416643,0.0,1.0
2023-04-13 00:00:00+00:00,217.01,217.67,212.88,212.88,1639984,217.01,217.67,212.88,212.88,1639984,0.0,1.0
2023-04-14 00:00:00+00:00,214.55,216.73,212.92,214.87,1273060,214.55,216.73,212.92,214.87,1273060,0.0,1.0
2023-04-17 00:00:00+00:00,213.16,215.48,211.73,215.0,895693,213.16,215.48,211.73,215.0,895693,0.0,1.0
2023-04-18 00:00:00+00:00,213.77,215.52,212.935,214.86,915324,213.77,215.52,212.935,214.86,915324,0.0,1.0
2023-04-19 00:00:00+00:00,213.67,214.06,212.23,212.87,937780,213.67,214.06,212.23,212.87,937780,0.0,1.0
2023-04-20 00:00:00+00:00,213.73,215.7801,212.36,212.36,1173032,213.73,215.7801,212.36,212.36,1173032,0.0,1.0
2023-04-21 00:00:00+00:00,213.0,214.48,210.36,213.58,1461021,213.0,214.48,210.36,213.58,1461021,0.0,1.0
2023-04-24 00:00:00+00:00,212.98,214.81,212.3688,212.78,1416106,212.98,214.81,212.3688,212.78,1416106,0.0,1.0
2023-04-25 00:00:00+00:00,203.9,204.7,194.01,200.6,5320568,203.9,204.7,194.01,200.6,5320568,0.0,1.0
2023-04-26 00:00:00+00:00,203.61,207.33,203.04,203.9,2221960,203.61,207.33,203.04,203.9,2221960,0.0,1.0
2023-04-27 00:00:00+00:00,207.86,208.44,202.6601,204.84,1738813,207.86,208.44,202.6601,204.84,1738813,0.0,1.0
2023-04-28 00:00:00+00:00,209.45,211.95,207.69,207.83,1996415,209.45,211.95,207.69,207.83,1996415,0.0,1.0
2023-05-01 00:00:00+00:00,210.65,211.5,207.7,209.3,1075586,210.65,211.5,207.7,209.3,1075586,0.0,1.0
2023-05-02 00:00:00+00:00,208.97,212.91,207.87,211.31,1435097,208.97,212.91,207.87,211.31,1435097,0.0,1.0
2023-05-03 00:00:00+00:00,207.45,209.96,207.04,208.98,1084494,207.45,209.96,207.04,208.98,1084494,0.0,1.0
2023-05-04 00:00:00+00:00,205.03,208.67,204.95,208.1,1271931,205.03,208.67,204.95,208.1,1271931,0.0,1.0
2023-05-05 00:00:00+00:00,205.24,206.99,203.3743,205.94,1749105,205.24,206.99,203.3743,205.94,1749105,0.0,1.0
2023-05-08 00:00:00+00:00,205.56,206.33,203.562,205.43,734910,205.56,206.33,203.562,205.43,734910,0.0,1.0
2023-05-09 00:00:00+00:00,204.03,206.2899,203.23,205.14,1024723,204.03,206.2899,203.23,205.14,1024723,0.0,1.0
2023-05-10 00:00:00+00:00,204.19,206.23,202.33,205.7,1404026,204.19,206.23,202.33,205.7,1404026,0.0,1.0
2023-05-11 00:00:00+00:00,201.46,203.72,199.32,203.68,1841442,201.46,203.72,199.32,203.68,1841442,0.0,1.0
2023-05-12 00:00:00+00:00,201.16,202.41,199.86,202.04,1223007,201.16,202.41,199.86,202.04,1223007,0.0,1.0
2023-05-15 00:00:00+00:00,202.31,202.34,198.92,200.86,1434529,202.31,202.34,198.92,200.86,1434529,0.0,1.0
2023-05-16 00:00:00+00:00,202.46,203.54,201.73,202.31,1254093,202.46,203.54,201.73,202.31,1254093,0.0,1.0
2023-05-17 00:00:00+00:00,204.15,205.62,202.08,202.66,1293073,204.15,205.62,202.08,202.66,1293073,0.0,1.0
2023-05-18 00:00:00+00:00,216.84,217.46,205.455,205.53,3005359,216.84,217.46,205.455,205.53,3005359,0.0,1.0
2023-05-19 00:00:00+00:00,216.71,219.085,214.78,217.91,1751596,216.71,219.085,214.78,217.91,1751596,0.0,1.0
2023-05-22 00:00:00+00:00,211.63,215.94,211.4,215.55,1847285,211.63,215.94,211.4,215.55,1847285,0.0,1.0
2023-05-23 00:00:00+00:00,205.76,211.065,205.18,210.88,1571150,205.76,211.065,205.18,210.88,1571150,0.0,1.0
2023-05-24 00:00:00+00:00,203.67,204.95,203.13,204.41,1520721,203.67,204.95,203.13,204.41,1520721,0.0,1.0
2023-05-25 00:00:00+00:00,224.49,225.459,208.5,208.75,3818786,224.49,225.459,208.5,208.75,3818786,0.0,1.0
2023-05-26 00:00:00+00:00,228.33,232.14,226.15,226.26,2810051,228.33,232.14,226.15,226.26,2810051,0.0,1.0
2023-05-30 00:00:00+00:00,234.75,239.0,231.5052,231.98,3316779,234.75,239.0,231.5052,231.98,3316779,0.0,1.0
2023-05-31 00:00:00+00:00,230.91,234.25,228.74,231.35,3147420,230.91,234.25,228.74,231.35,3147420,0.0,1.0
2023-06-01 00:00:00+00:00,232.39,233.98,227.6403,228.57,1964267,232.39,233.98,227.6403,228.57,1964267,0.0,1.0
2023-06-02 00:00:00+00:00,229.69,233.1099,229.3179,232.15,2098474,229.69,233.1099,229.3179,232.15,2098474,0.0,1.0
2023-06-05 00:00:00+00:00,232.33,234.085,227.32,228.24,1766303,232.33,234.085,227.32,228.24,1766303,0.0,1.0
2023-06-06 00:00:00+00:00,228.78,233.43,227.24,232.88,1235161,228.78,233.43,227.24,232.88,1235161,0.0,1.0
2023-06-07 00:00:00+00:00,222.47,230.43,221.68,227.77,2273612,222.47,230.43,221.68,227.77,2273612,0.0,1.0
2023-06-08 00:00:00+00:00,228.08,229.47,221.45,222.12,1778596,228.08,229.47,221.45,222.12,1778596,0.0,1.0
2023-06-09 00:00:00+00:00,229.3,232.59,228.7,229.59,1295397,229.3,232.59,228.7,229.59,1295397,0.0,1.0
2023-06-12 00:00:00+00:00,233.22,233.39,228.23,230.91,1444029,233.22,233.39,228.23,230.91,1444029,0.0,1.0
2023-06-13 00:00:00+00:00,239.0,242.65,235.785,240.19,2092802,239.0,242.65,235.785,240.19,2092802,0.0,1.0
2023-06-14 00:00:00+00:00,236.06,238.42,234.11,237.24,2684639,236.06,238.42,234.11,237.24,2684639,0.0,1.0
2023-06-15 00:00:00+00:00,237.77,239.5,233.39,234.88,2757180,237.77,239.5,233.39,234.88,2757180,0.0,1.0
2023-06-16 00:00:00+00:00,235.84,240.74,234.42,240.74,5007193,235.84,240.74,234.42,240.74,5007193,0.0,1.0
2023-06-20 00:00:00+00:00,232.53,236.7,230.71,234.52,2393550,232.53,236.7,230.71,234.52,2393550,0.0,1.0
2023-06-21 00:00:00+00:00,228.01,233.64,226.025,233.0,3129951,228.01,233.64,226.025,233.0,3129951,0.0,1.0
2023-06-22 00:00:00+00:00,227.0,228.99,222.86,226.11,2683923,227.0,228.99,222.86,226.11,2683923,0.0,1.0
2023-06-23 00:00:00+00:00,225.32,227.91,223.69,225.47,7001674,225.32,227.91,223.69,225.47,7001674,0.0,1.0
2023-06-26 00:00:00+00:00,223.01,228.65,222.88,224.64,1438527,223.01,228.65,222.88,224.64,1438527,0.0,1.0
2023-06-27 00:00:00+00:00,228.8,229.7,223.51,223.51,1591146,228.8,229.7,223.51,223.51,1591146,0.0,1.0
2023-06-28 00:00:00+00:00,229.36,230.175,226.54,227.69,1462912,229.36,230.175,226.54,227.69,1462912,0.0,1.0
2023-06-29 00:00:00+00:00,228.54,231.59,227.635,230.77,1063041,228.54,231.59,227.635,230.77,1063041,0.0,1.0
2023-06-30 00:00:00+00:00,234.52,235.75,230.05,230.99,1923366,234.52,235.75,230.05,230.99,1923366,0.0,1.0
2023-07-03 00:00:00+00:00,235.4,235.42,232.0,234.38,860271,235.4,235.42,232.0,234.38,860271,0.0,1.0
2023-07-05 00:00:00+00:00,232.52,237.67,232.35,233.31,1438993,232.52,237.67,232.35,233.31,1438993,0.0,1.0
2023-07-06 00:00:00+00:00,230.07,230.735,227.5,228.84,1184903,230.07,230.735,227.5,228.84,1184903,0.0,1.0
2023-07-07 00:00:00+00:00,226.89,230.04,226.11,229.82,1494638,226.89,230.04,226.11,229.82,1494638,0.0,1.0
2023-07-10 00:00:00+00:00,234.42,235.47,227.39,227.39,1911453,234.42,235.47,227.39,227.39,1911453,0.0,1.0
2023-07-11 00:00:00+00:00,231.87,234.385,228.72,234.13,1239054,231.87,234.385,228.72,234.13,1239054,0.0,1.0
2023-07-12 00:00:00+00:00,232.74,236.54,230.455,236.04,1635690,232.74,236.54,230.455,236.04,1635690,0.0,1.0
2023-07-13 00:00:00+00:00,239.51,240.08,235.61,236.93,1942173,239.51,240.08,235.61,236.93,1942173,0.0,1.0
2023-07-14 00:00:00+00:00,240.74,244.45,239.42,239.42,1304065,240.74,244.45,239.42,239.42,1304065,0.0,1.0
2023-07-17 00:00:00+00:00,244.44,245.24,239.71,240.27,1384196,244.44,245.24,239.71,240.27,1384196,0.0,1.0
2023-07-18 00:00:00+00:00,244.09,244.96,239.06,244.44,1732136,244.09,244.96,239.06,244.44,1732136,0.0,1.0
2023-07-19 00:00:00+00:00,242.49,245.58,241.5601,244.67,1375461,242.49,245.58,241.5601,244.67,1375461,0.0,1.0
2023-07-20 00:00:00+00:00,238.79,248.16,238.15,245.23,1756661,238.79,248.16,238.15,245.23,1756661,0.0,1.0
2023-07-21 00:00:00+00:00,242.86,244.45,240.8301,241.16,5338757,242.86,244.45,240.8301,241.16,5338757,0.0,1.0
2023-07-24 00:00:00+00:00,241.27,243.28,238.11,242.49,2078122,241.27,243.28,238.11,242.49,2078122,0.0,1.0
2023-07-25 00:00:00+00:00,238.29,240.9,231.56,231.82,3018969,238.29,240.9,231.56,231.82,3018969,0.0,1.0
2023-07-26 00:00:00+00:00,233.96,238.0,231.57,236.38,1902681,233.96,238.0,231.57,236.38,1902681,0.0,1.0
2023-07-27 00:00:00+00:00,234.9,242.16,233.97,238.83,2158851,234.9,242.16,233.97,238.83,2158851,0.0,1.0
2023-07-28 00:00:00+00:00,234.24,238.36,232.58,237.77,1552878,234.24,238.36,232.58,237.77,1552878,0.0,1.0
2023-07-31 00:00:00+00:00,234.01,236.2899,231.41,234.86,1615431,234.01,236.2899,231.41,234.86,1615431,0.0,1.0
2023-08-01 00:00:00+00:00,233.63,234.52,230.3157,231.43,1008156,233.63,234.52,230.3157,231.43,1008156,0.0,1.0
2023-08-02 00:00:00+00:00,228.74,231.51,226.42,231.51,1599739,228.74,231.51,226.42,231.51,1599739,0.0,1.0
2023-08-03 00:00:00+00:00,228.59,229.8351,227.39,227.85,1148787,228.59,229.8351,227.39,227.85,1148787,0.0,1.0
2023-08-04 00:00:00+00:00,229.0,232.98,227.0301,229.86,1413310,229.0,232.98,227.0301,229.86,1413310,0.0,1.0
2023-08-07 00:00:00+00:00,232.44,233.7,230.09,230.51,1183802,232.44,233.7,230.09,230.51,1183802,0.0,1.0
2023-08-08 00:00:00+00:00,228.93,230.84,227.94,229.8,1466191,228.93,230.84,227.94,229.8,1466191,0.0,1.0
2023-08-09 00:00:00+00:00,225.3,228.975,222.22,228.17,1348629,225.3,228.975,222.22,228.17,1348629,0.0,1.0
2023-08-10 00:00:00+00:00,225.61,229.735,224.28,228.13,858179,225.61,229.735,224.28,228.13,858179,0.0,1.0
2023-08-11 00:00:00+00:00,226.07,226.76,222.85,223.4,949422,226.07,226.76,222.85,223.4,949422,0.0,1.0
2023-08-14 00:00:00+00:00,227.9,228.38,223.945,224.96,1053853,227.9,228.38,223.945,224.96,1053853,0.0,1.0
2023-08-15 00:00:00+00:00,226.16,228.37,224.77,227.96,1171539,226.16,228.37,224.77,227.96,1171539,0.0,1.0
2023-08-16 00:00:00+00:00,223.24,227.561,223.09,226.51,1134898,223.24,227.561,223.09,226.51,1134898,0.0,1.0
2023-08-17 00:00:00+00:00,220.31,225.47,219.82,224.25,1169705,220.31,225.47,219.82,224.25,1169705,0.0,1.0
2023-08-18 00:00:00+00:00,220.55,221.37,217.77,217.77,1080636,220.55,221.37,217.77,217.77,1080636,0.0,1.0
2023-08-21 00:00:00+00:00,225.0,226.255,221.665,222.43,1341956,225.0,226.255,221.665,222.43,1341956,0.0,1.0
2023-08-22 00:00:00+00:00,225.51,227.96,224.75,226.9,1003838,225.51,227.96,224.75,226.9,1003838,0.0,1.0
2023-08-23 00:00:00+00:00,233.58,234.305,226.49,227.28,1936648,233.58,234.305,226.49,227.28,1936648,0.0,1.0
2023-08-24 00:00:00+00:00,228.04,237.91,227.62,236.98,1489948,228.04,237.91,227.62,236.98,1489948,0.0,1.0
2023-08-25 00:00:00+00:00,232.51,233.11,228.0,228.0,1293759,232.51,233.11,228.0,228.0,1293759,0.0,1.0
2023-08-28 00:00:00+00:00,233.55,234.51,231.935,233.97,601392,233.55,234.51,231.935,233.97,601392,0.0,1.0
2023-08-29 00:00:00+00:00,237.79,238.26,230.855,232.46,1242317,237.79,238.26,230.855,232.46,1242317,0.0,1.0
2023-08-30 00:00:00+00:00,239.88,240.45,237.94,238.34,1015508,239.88,240.45,237.94,238.34,1015508,0.0,1.0
2023-08-31 00:00:00+00:00,240.44,242.735,239.42,239.88,1453186,240.44,242.735,239.42,239.88,1453186,0.0,1.0
2023-09-01 00:00:00+00:00,243.56,243.8281,239.66,242.21,1004721,243.56,243.8281,239.66,242.21,1004721,0.0,1.0
2023-09-05 00:00:00+00:00,245.51,247.12,240.37,243.44,1302643,245.51,247.12,240.37,243.44,1302643,0.0,1.0
2023-09-06 00:00:00+00:00,246.7,247.5,244.47,244.47,1251307,246.7,247.5,244.47,244.47,1251307,0.0,1.0
2023-09-07 00:00:00+00:00,241.46,246.47,235.825,246.04,1555524,241.46,246.47,235.825,246.04,1555524,0.0,1.0
2023-09-08 00:00:00+00:00,237.99,243.525,236.56,241.42,1234086,237.99,243.525,236.56,241.42,1234086,0.0,1.0
2023-09-11 00:00:00+00:00,243.24,243.83,238.78,238.78,1146902,243.24,243.83,238.78,238.78,1146902,0.0,1.0
2023-09-12 00:00:00+00:00,236.46,242.05,236.34,241.9,986418,236.46,242.05,236.34,241.9,986418,0.0,1.0
2023-09-13 00:00:00+00:00,241.13,243.025,236.46,236.46,1164692,241.13,243.025,236.46,236.46,1164692,0.0,1.0
2023-09-14 00:00:00+00:00,242.82,244.15,238.18,243.12,1205281,242.82,244.15,238.18,243.12,1205281,0.0,1.0
2023-09-15 00:00:00+00:00,234.08,242.64,232.19,242.64,2806203,234.08,242.64,232.19,242.64,2806203,0.0,1.0
2023-09-18 00:00:00+00:00,236.83,237.24,232.805,233.11,680523,236.83,237.24,232.805,233.11,680523,0.0,1.0
2023-09-19 00:00:00+00:00,236.56,236.705,233.11,235.66,610894,236.56,236.705,233.11,235.66,610894,0.0,1.0
2023-09-20 00:00:00+00:00,234.2,238.29,234.19,237.47,718467,234.2,238.29,234.19,237.47,718467,0.0,1.0
2023-09-21 00:00:00+00:00,228.58,232.41,228.52,231.3,1092919,228.58,232.41,228.52,231.3,1092919,0.0,1.0
2023-09-22 00:00:00+00:00,230.66,233.25,229.67,229.67,786887,230.66,233.25,229.67,229.67,786887,0.0,1.0
2023-09-25 00:00:00+00:00,231.25,232.66,229.42,230.99,864438,231.25,232.66,229.42,230.99,864438,0.0,1.0
2023-09-26 00:00:00+00:00,229.26,230.78,227.05,230.61,1058453,229.26,230.78,227.05,230.61,1058453,0.0,1.0
2023-09-27 00:00:00+00:00,230.65,232.38,227.77,230.33,1196972,230.65,232.38,227.77,230.33,1196972,0.0,1.0
2023-09-28 00:00:00+00:00,234.01,236.22,229.23,230.01,1237162,234.01,236.22,229.23,230.01,1237162,0.0,1.0
2023-09-29 00:00:00+00:00,234.3,239.12,233.1201,236.68,900742,234.3,239.12,233.1201,236.68,900742,0.0,1.0
2023-10-02 00:00:00+00:00,236.49,237.87,234.4838,235.44,747141,236.49,237.87,234.4838,235.44,747141,0.0,1.0
2023-10-03 00:00:00+00:00,228.69,237.12,227.7701,233.63,1076830,228.69,237.12,227.7701,233.63,1076830,0.0,1.0
2023-10-04 00:00:00+00:00,235.05,235.78,230.17,230.93,832862,235.05,235.78,230.17,230.93,832862,0.0,1.0
2023-10-05 00:00:00+00:00,234.77,235.69,231.1,234.5,808253,234.77,235.69,231.1,234.5,808253,0.0,1.0
2023-10-06 00:00:00+00:00,243.95,244.88,231.84,232.88,1415387,243.95,244.88,231.84,232.88,1415387,0.0,1.0
2023-10-09 00:00:00+00:00,247.34,248.72,240.3,241.15,1184579,247.34,248.72,240.3,241.15,1184579,0.0,1.0
2023-10-10 00:00:00+00:00,249.75,253.44,246.175,248.27,1657297,249.75,253.44,246.175,248.27,1657297,0.0,1.0
2023-10-11 00:00:00+00:00,252.98,253.97,250.32,250.32,1227877,252.98,253.97,250.32,250.32,1227877,0.0,1.0
2023-10-12 00:00:00+00:00,252.2,255.85,250.62,254.36,1085426,252.2,255.85,250.62,254.36,1085426,0.0,1.0
2023-10-13 00:00:00+00:00,250.25,253.74,248.32,252.98,1306357,250.25,253.74,248.32,252.98,1306357,0.0,1.0
2023-10-16 00:00:00+00:00,251.42,252.69,247.5,251.94,1502896,251.42,252.69,247.5,251.94,1502896,0.0,1.0
2023-10-17 00:00:00+00:00,250.02,251.47,245.83,248.58,1543974,250.02,251.47,245.83,248.58,1543974,0.0,1.0
2023-10-18 00:00:00+00:00,246.56,251.3,245.94,248.82,1437284,246.56,251.3,245.94,248.82,1437284,0.0,1.0
2023-10-19 00:00:00+00:00,245.06,250.24,243.93,248.6,1252137,245.06,250.24,243.93,248.6,1252137,0.0,1.0
2023-10-20 00:00:00+00:00,238.64,245.13,238.03,245.13,1361517,238.64,245.13,238.03,245.13,1361517,0.0,1.0
2023-10-23 00:00:00+00:00,239.92,242.32,236.19,239.08,1345982,239.92,242.32,236.19,239.08,1345982,0.0,1.0
2023-10-24 00:00:00+00:00,237.41,243.94,232.59,234.69,2590995,237.41,243.94,232.59,234.69,2590995,0.0,1.0
2023-10-25 00:00:00+00:00,231.03,238.17,229.69,237.04,1514502,231.03,238.17,229.69,237.04,1514502,0.0,1.0
2023-10-26 00:00:00+00:00,230.44,235.16,228.66,231.17,1721891,230.44,235.16,228.66,231.17,1721891,0.0,1.0
2023-10-27 00:00:00+00:00,230.87,233.28,229.124,232.71,1428131,230.87,233.28,229.124,232.71,1428131,0.0,1.0
2023-10-30 00:00:00+00:00,233.72,235.45,230.65,232.99,1095656,233.72,235.45,230.65,232.99,1095656,0.0,1.0
2023-10-31 00:00:00+00:00,239.85,240.3,233.51,235.15,1618889,239.85,240.3,233.51,235.15,1618889,0.0,1.0
2023-11-01 00:00:00+00:00,244.88,245.73,240.35,240.8,1583137,244.88,245.73,240.35,240.8,1583137,0.0,1.0
2023-11-02 00:00:00+00:00,244.48,248.54,242.12,247.88,1774344,244.48,248.54,242.12,247.88,1774344,0.0,1.0
2023-11-03 00:00:00+00:00,249.54,250.9985,245.45,245.94,1525618,249.54,250.9985,245.45,245.94,1525618,0.0,1.0
2023-11-06 00:00:00+00:00,249.77,250.78,247.33,250.11,1173082,249.77,250.78,247.33,250.11,1173082,0.0,1.0
2023-11-07 00:00:00+00:00,253.73,254.545,249.76,251.195,1173803,253.73,254.545,249.76,251.195,1173803,0.0,1.0
2023-11-08 00:00:00+00:00,256.4,257.475,253.41,255.0,1076093,256.4,257.475,253.41,255.0,1076093,0.0,1.0
2023-11-09 00:00:00+00:00,256.45,259.49,255.13,256.95,1150984,256.45,259.49,255.13,256.95,1150984,0.0,1.0
2023-11-10 00:00:00+00:00,261.56,262.46,257.0,258.99,1754302,261.56,262.46,257.0,258.99,1754302,0.0,1.0
2023-11-13 00:00:00+00:00,263.94,265.435,259.58,260.6,1174631,263.94,265.435,259.58,260.6,1174631,0.0,1.0
2023-11-14 00:00:00+00:00,272.62,272.99,265.59,268.49,1684206,272.62,272.99,265.59,268.49,1684206,0.0,1.0
2023-11-15 00:00:00+00:00,265.79,274.32,264.0801,273.38,2123144,265.79,274.32,264.0801,273.38,2123144,0.0,1.0
2023-11-16 00:00:00+00:00,266.99,269.32,263.26,265.79,1696747,266.99,269.32,263.26,265.79,1696747,0.0,1.0
2023-11-17 00:00:00+00:00,268.27,269.75,266.4,267.83,1013487,268.27,269.75,266.4,267.83,1013487,0.0,1.0
2023-11-20 00:00:00+00:00,270.25,270.4625,266.66,269.58,1297739,270.25,270.4625,266.66,269.58,1297739,0.0,1.0
2023-11-21 00:00:00+00:00,270.39,272.69,269.11,270.57,972362,270.39,272.69,269.11,270.57,972362,0.0,1.0
2023-11-22 00:00:00+00:00,270.35,273.91,270.18,271.91,826031,270.35,273.91,270.18,271.91,826031,0.0,1.0
2023-11-24 00:00:00+00:00,270.61,270.61,265.72,269.11,563746,270.61,270.61,265.72,269.11,563746,0.0,1.0
2023-11-27 00:00:00+00:00,271.55,273.88,268.21,270.73,1085403,271.55,273.88,268.21,270.73,1085403,0.0,1.0
2023-11-28 00:00:00+00:00,270.72,273.0,270.28,270.56,985921,270.72,273.0,270.28,270.56,985921,0.0,1.0
2023-11-29 00:00:00+00:00,275.21,277.52,273.39,273.39,1140490,275.21,277.52,273.39,273.39,1140490,0.0,1.0
2023-11-30 00:00:00+00:00,273.27,279.325,269.58,277.66,1955273,273.27,279.325,269.58,277.66,1955273,0.0,1.0
2023-12-01 00:00:00+00:00,270.35,273.395,268.3827,272.85,1679173,270.35,273.395,268.3827,272.85,1679173,0.0,1.0
2023-12-04 00:00:00+00:00,263.48,268.08,258.03,267.56,2172672,263.48,268.08,258.03,267.56,2172672,0.0,1.0
2023-12-05 00:00:00+00:00,262.18,263.15,257.545,260.72,1449451,262.18,263.15,257.545,260.72,1449451,0.0,1.0
2023-12-06 00:00:00+00:00,257.68,263.45,257.13,263.38,1752047,257.68,263.45,257.13,263.38,1752047,0.0,1.0
2023-12-07 00:00:00+00:00,259.47,259.62,256.95,258.63,1406049,259.47,259.62,256.95,258.63,1406049,0.0,1.0
2023-12-08 00:00:00+00:00,259.93,261.58,257.56,257.56,1049287,259.93,261.58,257.56,257.56,1049287,0.0,1.0
2023-12-11 00:00:00+00:00,268.75,270.82,261.6,261.6,1840559,268.75,270.82,261.6,261.6,1840559,0.0,1.0
2023-12-12 00:00:00+00:00,274.23,274.56,266.51,268.75,1515295,274.23,274.56,266.51,268.75,1515295,0.0,1.0
2023-12-13 00:00:00+00:00,276.57,278.2,271.54,277.19,1511855,276.57,278.2,271.54,277.19,1511855,0.0,1.0
2023-12-14 00:00:00+00:00,270.1,277.645,269.08,277.61,1854797,270.1,277.645,269.08,277.61,1854797,0.0,1.0
2023-12-15 00:00:00+00:00,271.52,273.06,270.08,270.23,3717092,271.52,273.06,270.08,270.23,3717092,0.0,1.0
2023-12-18 00:00:00+00:00,273.5,274.635,271.52,271.91,1439660,273.5,274.635,271.52,271.91,1439660,0.0,1.0
2023-12-19 00:00:00+00:00,274.33,277.78,273.81,275.0,1322440,274.33,277.78,273.81,275.0,1322440,0.0,1.0
2023-12-20 00:00:00+00:00,270.79,275.63,270.73,273.78,1100612,270.79,275.63,270.73,273.78,1100612,0.0,1.0
2023-12-21 00:00:00+00:00,275.57,275.84,272.59,273.69,853019,275.57,275.84,272.59,273.69,853019,0.0,1.0
2023-12-22 00:00:00+00:00,275.82,276.73,269.01,275.99,1845919,275.82,276.73,269.01,275.99,1845919,0.0,1.0
2023-12-26 00:00:00+00:00,274.96,279.18,274.38,276.64,872462,274.96,279.18,274.38,276.64,872462,0.0,1.0
2023-12-27 00:00:00+00:00,274.64,277.49,273.0,275.61,842262,274.64,277.49,273.0,275.61,842262,0.0,1.0
2023-12-28 00:00:00+00:00,273.24,275.28,273.01,274.56,900281,273.24,275.28,273.01,274.56,900281,0.0,1.0
2023-12-29 00:00:00+00:00,272.37,274.715,270.86,273.44,818584,272.37,274.715,270.86,273.44,818584,0.0,1.0
2024-01-02 00:00:00+00:00,262.9,269.2,260.28,269.16,1594367,262.9,269.2,260.28,269.16,1594367,0.0,1.0
2024-01-03 00:00:00+00:00,257.28,261.9999,256.6,260.77,1326298,257.28,261.9999,256.6,260.77,1326298,0.0,1.0
2024-01-04 00:00:00+00:00,255.92,259.565,255.62,257.11,1095220,255.92,259.565,255.62,257.11,1095220,0.0,1.0
2024-01-05 00:00:00+00:00,252.71,257.42,251.94,255.0,1677534,252.71,257.42,251.94,255.0,1677534,0.0,1.0
2024-01-08 00:00:00+00:00,261.91,262.13,253.72,254.9,1980651,261.91,262.13,253.72,254.9,1980651,0.0,1.0
2024-01-09 00:00:00+00:00,261.75,264.345,258.71,259.5,1135830,261.75,264.345,258.71,259.5,1135830,0.0,1.0
2024-01-10 00:00:00+00:00,263.26,266.21,260.75,262.6,1220020,263.26,266.21,260.75,262.6,1220020,0.0,1.0
2024-01-11 00:00:00+00:00,266.79,268.49,261.25,265.24,1535812,266.79,268.49,261.25,265.24,1535812,0.0,1.0
2024-01-12 00:00:00+00:00,268.5,268.79,265.6708,267.67,1432089,268.5,268.79,265.6708,267.67,1432089,0.0,1.0
2024-01-16 00:00:00+00:00,277.56,278.86,268.11,268.6,2605100,277.56,278.86,268.11,268.6,2605100,0.0,1.0
2024-01-17 00:00:00+00:00,275.39,279.65,269.61,277.56,1883332,275.39,279.65,269.61,277.56,1883332,0.0,1.0
2024-01-18 00:00:00+00:00,279.01,279.62,275.28,276.95,1298749,279.01,279.62,275.28,276.95,1298749,0.0,1.0
2024-01-19 00:00:00+00:00,292.14,292.54,280.0,280.0,2623314,292.14,292.54,280.0,280.0,2623314,0.0,1.0
2024-01-22 00:00:00+00:00,295.73,299.965,293.61,295.96,2322586,295.73,299.965,293.61,295.96,2322586,0.0,1.0
2024-01-23 00:00:00+00:00,295.54,296.59,291.0,295.8,1385907,295.54,296.59,291.0,295.8,1385907,0.0,1.0
2024-01-24 00:00:00+00:00,294.91,301.61,294.39,297.64,1536443,294.91,301.61,294.39,297.64,1536443,0.0,1.0
2024-01-25 00:00:00+00:00,291.19,298.88,290.07,298.65,1395215,291.19,298.88,290.07,298.65,1395215,0.0,1.0
2024-01-26 00:00:00+00:00,290.73,293.35,287.2,289.0,1268970,290.73,293.35,287.2,289.0,1268970,0.0,1.0
2024-01-29 00:00:00+00:00,294.37,294.82,291.0,291.0,966470,294.37,294.82,291.0,291.0,966470,0.0,1.0
2024-01-30 00:00:00+00:00,294.62,295.23,292.375,293.98,901053,294.62,295.23,292.375,293.98,901053,0.0,1.0
2024-01-31 00:00:00+00:00,288.46,292.01,287.275,291.4,1197758,288.46,292.01,287.275,291.4,1197758,0.0,1.0
2024-02-01 00:00:00+00:00,290.52,291.325,287.01,289.5,1056045,290.52,291.325,287.01,289.5,1056045,0.0,1.0
2024-02-02 00:00:00+00:00,296.55,298.57,290.75,290.75,1276072,296.55,298.57,290.75,290.75,1276072,0.0,1.0
2024-02-05 00:00:00+00:00,296.65,298.35,294.06,295.69,1164615,296.65,298.35,294.06,295.69,1164615,0.0,1.0
2024-02-06 00:00:00+00:00,292.8,299.73,289.74,298.24,1123088,292.8,299.73,289.74,298.24,1123088,0.0,1.0
2024-02-07 00:00:00+00:00,300.73,302.42,294.855,295.27,1147827,300.73,302.42,294.855,295.27,1147827,0.0,1.0
2024-02-08 00:00:00+00:00,307.36,308.1896,302.29,303.502,1506574,307.36,308.1896,302.29,303.502,1506574,0.0,1.0
2024-02-09 00:00:00+00:00,311.94,313.12,308.815,311.0,1580103,311.94,313.12,308.815,311.0,1580103,0.0,1.0
2024-02-12 00:00:00+00:00,306.58,315.7,305.47,315.0,3285845,306.58,315.7,305.47,315.0,3285845,0.0,1.0
2024-02-13 00:00:00+00:00,294.33,300.46,286.05,290.0,4063448,294.33,300.46,286.05,290.0,4063448,0.0,1.0
2024-02-14 00:00:00+00:00,300.74,304.155,298.4,300.65,1742970,300.74,304.155,298.4,300.65,1742970,0.0,1.0
2024-02-15 00:00:00+00:00,295.67,303.33,294.915,302.37,2018605,295.67,303.33,294.915,302.37,2018605,0.0,1.0
2024-02-16 00:00:00+00:00,290.3,298.3,289.5,295.8,1621993,290.3,298.3,289.5,295.8,1621993,0.0,1.0
2024-02-20 00:00:00+00:00,292.07,292.69,284.79,289.92,1799208,292.07,292.69,284.79,289.92,1799208,0.0,1.0
2024-02-21 00:00:00+00:00,290.76,290.96,285.71,288.69,1265074,290.76,290.96,285.71,288.69,1265074,0.0,1.0
2024-02-22 00:00:00+00:00,305.57,308.0,303.35,304.5,2240704,305.57,308.0,303.35,304.5,2240704,0.0,1.0
2024-02-23 00:00:00+00:00,303.53,308.26,300.55,307.28,1167826,303.53,308.26,300.55,307.28,1167826,0.0,1.0
2024-02-26 00:00:00+00:00,303.69,307.0865,303.0001,305.0,1015361,303.69,307.0865,303.0001,305.0,1015361,0.0,1.0
2024-02-27 00:00:00+00:00,300.01,304.05,298.29,303.9,804232,300.01,304.05,298.29,303.9,804232,0.0,1.0
2024-02-28 00:00:00+00:00,300.58,302.685,298.01,299.0,752602,300.58,302.685,298.01,299.0,752602,0.0,1.0
2024-02-29 00:00:00+00:00,304.38,305.79,299.86,302.5,1704347,304.38,305.79,299.86,302.5,1704347,0.0,1.0
2024-03-01 00:00:00+00:00,315.24,315.78,303.0,303.23,1840095,315.24,315.78,303.0,303.23,1840095,0.0,1.0
2024-03-04 00:00:00+00:00,317.31,320.7845,313.965,315.24,1592965,317.31,320.7845,313.965,315.24,1592965,0.0,1.0
2024-03-05 00:00:00+00:00,307.7,316.95,304.24,313.38,1744314,307.7,316.95,304.24,313.38,1744314,0.0,1.0
2024-03-06 00:00:00+00:00,312.65,315.8128,307.15,311.69,1206511,312.65,315.8128,307.15,311.69,1206511,0.0,1.0
2024-03-07 00:00:00+00:00,318.04,319.835,312.65,316.01,1177260,318.04,319.835,312.65,316.01,1177260,0.0,1.0
2024-03-08 00:00:00+00:00,308.6,319.0,308.495,318.46,1313057,308.6,319.0,308.495,318.46,1313057,0.0,1.0
2024-03-11 00:00:00+00:00,305.74,307.44,301.12,306.97,1118883,305.74,307.44,301.12,306.97,1118883,0.0,1.0
2024-03-12 00:00:00+00:00,311.28,312.93,305.6,308.98,1331808,311.28,312.93,305.6,308.98,1331808,0.0,1.0
2024-03-13 00:00:00+00:00,306.21,311.69,303.5,311.69,1282205,306.21,311.69,303.5,311.69,1282205,0.0,1.0
2024-03-14 00:00:00+00:00,306.24,310.385,304.34,310.0,1010686,306.24,310.385,304.34,310.0,1010686,0.0,1.0
2024-03-15 00:00:00+00:00,298.44,305.41,298.11,304.25,2606631,298.44,305.41,298.11,304.25,2606631,0.0,1.0
2024-03-18 00:00:00+00:00,300.93,303.98,300.26,300.85,1244129,300.93,303.98,300.26,300.85,1244129,0.0,1.0
2024-03-19 00:00:00+00:00,311.85,312.79,303.435,303.75,1997324,311.85,312.79,303.435,303.75,1997324,0.0,1.0
2024-03-20 00:00:00+00:00,316.86,317.1,311.7201,314.17,1297687,316.86,317.1,311.7201,314.17,1297687,0.0,1.0
2024-03-21 00:00:00+00:00,322.8,327.355,320.655,320.87,1907484,322.8,327.355,320.655,320.87,1907484,0.0,1.0
2024-03-22 00:00:00+00:00,322.74,324.23,318.57,322.75,1752050,322.74,324.23,318.57,322.75,1752050,0.0,1.0
2024-03-25 00:00:00+00:00,316.21,318.645,313.21,318.61,1306036,316.21,318.645,313.21,318.61,1306036,0.0,1.0
2024-03-26 00:00:00+00:00,316.01,321.35,315.0,317.0,1266813,316.01,321.35,315.0,317.0,1266813,0.0,1.0
2024-03-27 00:00:00+00:00,311.34,319.37,309.31,319.24,1075907,311.34,319.37,309.31,319.24,1075907,0.0,1.0
2024-03-28 00:00:00+00:00,311.28,313.01,309.39,312.16,1331711,311.28,313.01,309.39,312.16,1331711,0.0,1.0
2024-04-01 00:00:00+00:00,312.13,313.97,308.65,310.46,894603,312.13,313.97,308.65,310.46,894603,0.0,1.0
2024-04-02 00:00:00+00:00,306.36,307.27,303.53,307.0,1172642,306.36,307.27,303.53,307.0,1172642,0.0,1.0
2024-04-03 00:00:00+00:00,310.58,312.165,304.0,304.0,1106093,310.58,312.165,304.0,304.0,1106093,0.0,1.0
2024-04-04 00:00:00+00:00,306.48,317.09,306.04,314.9,1123541,306.48,317.09,306.04,314.9,1123541,0.0,1.0
2024-04-05 00:00:00+00:00,308.02,310.8012,307.12,309.12,1064141,308.02,310.8012,307.12,309.12,1064141,0.0,1.0
2024-04-08 00:00:00+00:00,311.09,312.2,306.195,309.05,770627,311.09,312.2,306.195,309.05,770627,0.0,1.0
2024-04-09 00:00:00+00:00,311.41,313.45,305.04,312.74,1186753,311.41,313.45,305.04,312.74,1186753,0.0,1.0
2024-04-10 00:00:00+00:00,304.59,307.4399,303.0129,305.55,1014019,304.59,307.4399,303.0129,305.55,1014019,0.0,1.0
2024-04-11 00:00:00+00:00,310.1,310.77,303.96,304.61,1287912,310.1,310.77,303.96,304.61,1287912,0.0,1.0
2024-04-12 00:00:00+00:00,305.85,306.89,304.0183,305.55,1115533,305.85,306.89,304.0183,305.55,1115533,0.0,1.0
2024-04-15 00:00:00+00:00,301.56,310.73,299.68,310.5,1337952,301.56,310.73,299.68,310.5,1337952,0.0,1.0
2024-04-16 00:00:00+00:00,300.81,302.04,296.57,298.92,1651399,300.81,302.04,296.57,298.92,1651399,0.0,1.0
2024-04-17 00:00:00+00:00,293.71,303.63,293.6,300.81,1127477,293.71,303.63,293.6,300.81,1127477,0.0,1.0
2024-04-18 00:00:00+00:00,285.9,296.16,282.6,295.05,2700626,285.9,296.16,282.6,295.05,2700626,0.0,1.0
2024-04-19 00:00:00+00:00,280.25,286.67,279.6,285.0,2021408,280.25,286.67,279.6,285.0,2021408,0.0,1.0
2024-04-22 00:00:00+00:00,285.02,287.1399,281.0,284.0,2781607,285.02,287.1399,281.0,284.0,2781607,0.0,1.0
2024-04-23 00:00:00+00:00,281.76,285.975,275.5,278.0,4681906,281.76,285.975,275.5,278.0,4681906,0.0,1.0
2024-04-24 00:00:00+00:00,277.66,284.1,276.72,282.47,2329158,277.66,284.1,276.72,282.47,2329158,0.0,1.0
2024-04-25 00:00:00+00:00,277.08,279.58,273.49,274.47,2046459,277.08,279.58,273.49,274.47,2046459,0.0,1.0
2024-04-26 00:00:00+00:00,282.41,287.435,278.5,278.5,2141655,282.41,287.435,278.5,278.5,2141655,0.0,1.0
2024-04-29 00:00:00+00:00,282.49,285.71,280.18,283.77,1396449,282.49,285.71,280.18,283.77,1396449,0.0,1.0
2024-04-30 00:00:00+00:00,275.63,282.84,275.405,281.52,1705824,275.63,282.84,275.405,281.52,1705824,0.0,1.0
2024-05-01 00:00:00+00:00,274.55,280.82,273.24,275.36,2082475,274.55,280.82,273.24,275.36,2082475,0.0,1.0
2024-05-02 00:00:00+00:00,276.44,277.45,270.39,275.84,1643461,276.44,277.45,270.39,275.84,1643461,0.0,1.0
2024-05-03 00:00:00+00:00,281.63,284.315,279.34,280.39,1371195,281.63,284.315,279.34,280.39,1371195,0.0,1.0
2024-05-06 00:00:00+00:00,285.19,285.22,280.275,281.78,1013883,285.19,285.22,280.275,281.78,1013883,0.0,1.0
2024-05-07 00:00:00+00:00,284.04,288.418,283.8,286.0,1040604,284.04,288.418,283.8,286.0,1040604,0.0,1.0
2024-05-08 00:00:00+00:00,282.57,284.6084,281.35,282.5,1237035,282.57,284.6084,281.35,282.5,1237035,0.0,1.0
2024-05-09 00:00:00+00:00,285.28,287.23,282.25,283.05,1001260,285.28,287.23,282.25,283.05,1001260,0.0,1.0
2024-05-10 00:00:00+00:00,287.48,290.54,285.28,285.7,840607,287.48,290.54,285.28,285.7,840607,0.0,1.0
2024-05-13 00:00:00+00:00,284.46,289.2,283.94,289.2,1058195,284.46,289.2,283.94,289.2,1058195,0.0,1.0
2024-05-14 00:00:00+00:00,283.33,285.37,282.1,284.6,1315850,283.33,285.37,282.1,284.6,1315850,0.0,1.0
2024-05-15 00:00:00+00:00,293.1,294.42,285.82,287.19,1994753,293.1,294.42,285.82,287.19,1994753,0.0,1.0
2024-05-16 00:00:00+00:00,288.93,294.74,288.72,293.1,1222396,288.93,294.74,288.72,293.1,1222396,0.0,1.0
2024-05-17 00:00:00+00:00,288.81,290.28,288.385,290.0,895919,288.81,290.28,288.385,290.0,895919,0.0,1.0
2024-05-20 00:00:00+00:00,292.47,292.63,287.3,288.74,1044973,292.47,292.63,287.3,288.74,1044973,0.0,1.0
2024-05-21 00:00:00+00:00,290.1,292.975,289.68,292.23,1181444,290.1,292.975,289.68,292.23,1181444,0.0,1.0
2024-05-22 00:00:00+00:00,292.84,294.49,290.5,291.92,1222193,292.84,294.49,290.5,291.92,1222193,0.0,1.0
2024-05-23 00:00:00+00:00,294.69,301.935,293.5,297.67,1873573,294.69,301.935,293.5,297.67,1873573,0.0,1.0
2024-05-24 00:00:00+00:00,294.28,297.68,291.03,293.7,957105,294.28,297.68,291.03,293.7,957105,0.0,1.0
2024-05-28 00:00:00+00:00,296.21,297.91,293.07,293.07,1479663,296.21,297.91,293.07,293.07,1479663,0.0,1.0
2024-05-29 00:00:00+00:00,291.7,293.005,288.44,291.79,1776841,291.7,293.005,288.44,291.79,1776841,0.0,1.0
2024-05-30 00:00:00+00:00,288.25,290.5,287.3829,290.5,2121491,288.25,290.5,287.3829,290.5,2121491,0.0,1.0
2024-05-31 00:00:00+00:00,286.31,289.57,279.02,287.672,3475288,286.31,289.57,279.02,287.672,3475288,0.0,1.0
2024-06-03 00:00:00+00:00,286.15,289.67,281.26,287.31,1265897,286.15,289.67,281.26,287.31,1265897,0.0,1.0
2024-06-04 00:00:00+00:00,287.13,289.84,283.75,288.38,1135386,287.13,289.84,283.75,288.38,1135386,0.0,1.0
2024-06-05 00:00:00+00:00,296.42,297.13,287.43,287.99,1890272,296.42,297.13,287.43,287.99,1890272,0.0,1.0
2024-06-06 00:00:00+00:00,295.74,299.08,295.07,296.77,1236979,295.74,299.08,295.07,296.77,1236979,0.0,1.0
2024-06-07 00:00:00+00:00,294.42,299.4,293.56,297.33,997245,294.42,299.4,293.56,297.33,997245,0.0,1.0
2024-06-10 00:00:00+00:00,296.18,296.435,292.22,293.73,934206,296.18,296.435,292.22,293.73,934206,0.0,1.0
2024-06-11 00:00:00+00:00,300.83,301.98,294.515,295.0,1602183,300.83,301.98,294.515,295.0,1602183,0.0,1.0
2024-06-12 00:00:00+00:00,311.7,312.74,303.8,305.72,2137759,311.7,312.74,303.8,305.72,2137759,0.0,1.0
2024-06-13 00:00:00+00:00,307.54,316.92,304.7,312.59,1564722,307.54,316.92,304.7,312.59,1564722,0.0,1.0
2024-06-14 00:00:00+00:00,312.1,312.58,307.05,309.09,1428109,312.1,312.58,307.05,309.09,1428109,0.0,1.0
2024-06-17 00:00:00+00:00,322.08,323.25,310.48,310.48,2250745,322.08,323.25,310.48,310.48,2250745,0.0,1.0
2024-06-18 00:00:00+00:00,326.5,327.105,320.39,320.39,2415706,326.5,327.105,320.39,320.39,2415706,0.0,1.0
2024-06-20 00:00:00+00:00,318.53,328.99,317.61,328.79,1717335,318.53,328.99,317.61,328.79,1717335,0.0,1.0
2024-06-21 00:00:00+00:00,318.39,319.53,313.72,319.43,2713394,318.39,319.53,313.72,319.43,2713394,0.0,1.0
2024-06-24 00:00:00+00:00,309.14,317.52,309.14,317.52,1400465,309.14,317.52,309.14,317.52,1400465,0.0,1.0
2024-06-25 00:00:00+00:00,311.53,311.75,307.1,310.0,1295184,311.53,311.75,307.1,310.0,1295184,0.0,1.0
2024-06-26 00:00:00+00:00,309.33,312.22,308.375,310.03,1147774,309.33,312.22,308.375,310.03,1147774,0.0,1.0
2024-06-27 00:00:00+00:00,307.92,313.37,307.65,311.44,1433315,307.92,313.37,307.65,311.44,1433315,0.0,1.0
2024-06-28 00:00:00+00:00,307.75,313.0,307.47,308.46,2312595,307.75,313.0,307.47,308.46,2312595,0.0,1.0
2024-07-01 00:00:00+00:00,310.92,311.98,304.12,307.75,1330324,310.92,311.98,304.12,307.75,1330324,0.0,1.0
2024-07-02 00:00:00+00:00,316.78,317.28,310.98,314.06,1326311,316.78,317.28,310.98,314.06,1326311,0.0,1.0
2024-07-03 00:00:00+00:00,315.47,318.83,314.64,315.11,673152,315.47,318.83,314.64,315.11,673152,0.0,1.0
2024-07-05 00:00:00+00:00,321.11,322.28,313.595,315.37,1126305,321.11,322.28,313.595,315.37,1126305,0.0,1.0
2024-07-08 00:00:00+00:00,317.36,322.0,317.0,320.0,1010411,317.36,322.0,317.0,320.0,1010411,0.0,1.0
2024-07-09 00:00:00+00:00,315.26,319.89,313.43,319.44,822582,315.26,319.89,313.43,319.44,822582,0.0,1.0
2024-07-10 00:00:00+00:00,319.8,320.34,313.905,315.21,1222545,319.8,320.34,313.905,315.21,1222545,0.0,1.0
2024-07-11 00:00:00+00:00,314.07,321.6799,313.9,320.0,1368811,314.07,321.6799,313.9,320.0,1368811,0.0,1.0
2024-07-12 00:00:00+00:00,315.67,319.46,311.25,313.09,1098565,315.67,319.46,311.25,313.09,1098565,0.0,1.0
2024-07-15 00:00:00+00:00,315.63,317.0,313.23,314.57,1076776,315.63,317.0,313.23,314.57,1076776,0.0,1.0
2024-07-16 00:00:00+00:00,311.73,317.54,310.095,317.24,1333023,311.73,317.54,310.095,317.24,1333023,0.0,1.0
2024-07-17 00:00:00+00:00,288.12,305.5,287.83,305.41,3558702,288.12,305.5,287.83,305.41,3558702,0.0,1.0
2024-07-18 00:00:00+00:00,277.83,289.465,273.17,289.36,4131949,277.83,289.465,273.17,289.36,4131949,0.0,1.0
2024-07-19 00:00:00+00:00,279.95,280.83,276.17,280.83,2607527,279.95,280.83,276.17,280.83,2607527,0.0,1.0
2024-07-22 00:00:00+00:00,287.08,289.09,282.7301,283.62,3260005,287.08,289.09,282.7301,283.62,3260005,0.0,1.0
2024-07-23 00:00:00+00:00,282.99,291.83,280.77,285.86,3342007,282.99,291.83,280.77,285.86,3342007,0.0,1.0
2024-07-24 00:00:00+00:00,266.34,281.03,265.77,280.05,3086742,266.34,281.03,265.77,280.05,3086742,0.0,1.0
2024-07-25 00:00:00+00:00,258.38,268.9299,258.16,267.0,3483340,258.38,268.9299,258.16,267.0,3483340,0.0,1.0
2024-07-26 00:00:00+00:00,258.79,264.55,257.78,263.04,2605433,258.79,264.55,257.78,263.04,2605433,0.0,1.0
2024-07-29 00:00:00+00:00,259.05,264.81,258.6,260.49,1506117,259.05,264.81,258.6,260.49,1506117,0.0,1.0
2024-07-30 00:00:00+00:00,253.11,260.76,250.835,258.94,2859793,253.11,260.76,250.835,258.94,2859793,0.0,1.0
2024-07-31 00:00:00+00:00,267.66,269.52,261.785,264.17,4149495,267.66,269.52,261.785,264.17,4149495,0.0,1.0
2024-08-01 00:00:00+00:00,260.81,270.9227,258.9,266.24,2865522,260.81,270.9227,258.9,266.24,2865522,0.0,1.0
2024-08-02 00:00:00+00:00,249.63,257.0,241.45,253.31,4742041,249.63,257.0,241.45,253.31,4742041,0.0,1.0
2024-08-05 00:00:00+00:00,246.84,250.68,241.29,249.44,4285592,246.84,250.68,241.29,249.44,4285592,0.0,1.0
2024-08-06 00:00:00+00:00,259.8,265.04,252.61,259.44,4752361,259.8,265.04,252.61,259.44,4752361,0.0,1.0
2024-08-07 00:00:00+00:00,250.31,271.0,250.06,267.71,2484497,250.31,271.0,250.06,267.71,2484497,0.0,1.0
2024-08-08 00:00:00+00:00,268.68,269.154,256.0,257.75,3226799,268.68,269.154,256.0,257.75,3226799,0.0,1.0
2024-08-09 00:00:00+00:00,270.13,271.09,265.66,267.0,1865224,270.13,271.09,265.66,267.0,1865224,0.0,1.0
2024-08-12 00:00:00+00:00,266.64,269.52,263.425,268.9,1309760,266.64,269.52,263.425,268.9,1309760,0.0,1.0
2024-08-13 00:00:00+00:00,271.41,273.96,268.16,269.48,1661924,271.41,273.96,268.16,269.48,1661924,0.0,1.0
2024-08-14 00:00:00+00:00,271.78,274.5278,269.975,271.73,1734115,271.78,274.5278,269.975,271.73,1734115,0.0,1.0
2024-08-15 00:00:00+00:00,280.12,281.27,275.05,276.24,1709177,280.12,281.27,275.05,276.24,1709177,0.0,1.0
2024-08-16 00:00:00+00:00,281.0,282.97,278.6,279.49,1090251,281.0,282.97,278.6,279.49,1090251,0.0,1.0
2024-08-19 00:00:00+00:00,281.96,282.37,276.69,281.18,1549770,281.96,282.37,276.69,281.18,1549770,0.0,1.0
2024-08-20 00:00:00+00:00,281.37,283.84,279.64,281.26,1423354,281.37,283.84,279.64,281.26,1423354,0.0,1.0
2024-08-21 00:00:00+00:00,284.56,284.98,279.15,280.58,1208290,284.56,284.98,279.15,280.58,1208290,0.0,1.0
2024-08-22 00:00:00+00:00,275.58,287.47,274.63,286.68,1190945,275.58,287.47,274.63,286.68,1190945,0.0,1.0
2024-08-23 00:00:00+00:00,273.9,280.92,272.77,279.02,1153360,273.9,280.92,272.77,279.02,1153360,0.0,1.0
2024-08-26 00:00:00+00:00,268.25,271.94,264.01,271.43,1948133,268.25,271.94,264.01,271.43,1948133,0.0,1.0
2024-08-27 00:00:00+00:00,268.93,270.93,264.335,266.02,1818201,268.93,270.93,264.335,266.02,1818201,0.0,1.0
2024-08-28 00:00:00+00:00,263.09,268.42,260.7,266.92,2292385,263.09,268.42,260.7,266.92,2292385,0.0,1.0
2024-08-29 00:00:00+00:00,265.63,271.0,262.3104,266.16,1137798,265.63,271.0,262.3104,266.16,1137798,0.0,1.0
2024-08-30 00:00:00+00:00,268.93,270.56,265.87,269.13,2021784,268.93,270.56,265.87,269.13,2021784,0.0,1.0
2024-09-03 00:00:00+00:00,256.28,268.49,255.195,266.89,2083584,256.28,268.49,255.195,266.89,2083584,0.0,1.0
2024-09-04 00:00:00+00:00,254.13,255.93,248.5,249.03,2498396,254.13,255.93,248.5,249.03,2498396,0.0,1.0
2024-09-05 00:00:00+00:00,250.85,255.79,248.61,249.28,1470195,250.85,255.79,248.61,249.28,1470195,0.0,1.0
2024-09-06 00:00:00+00:00,247.52,254.45,245.45,251.85,1740196,247.52,254.45,245.45,251.85,1740196,0.0,1.0
2024-09-09 00:00:00+00:00,252.81,253.02,245.77,251.33,2378310,252.81,253.02,245.77,251.33,2378310,0.0,1.0
2024-09-10 00:00:00+00:00,255.85,256.7,252.34,253.91,1744792,255.85,256.7,252.34,253.91,1744792,0.0,1.0
2024-09-11 00:00:00+00:00,264.72,265.03,254.795,256.35,2269841,264.72,265.03,254.795,256.35,2269841,0.0,1.0
2024-09-12 00:00:00+00:00,269.9,272.28,264.55,265.24,1984474,269.9,272.28,264.55,265.24,1984474,0.0,1.0
2024-09-13 00:00:00+00:00,268.72,270.98,266.22,269.41,949017,268.72,270.98,266.22,269.41,949017,0.0,1.0
2024-09-16 00:00:00+00:00,273.13,273.88,266.85,268.91,1325319,273.13,273.88,266.85,268.91,1325319,0.0,1.0
2024-09-17 00:00:00+00:00,274.79,279.325,274.01,275.98,1910725,274.79,279.325,274.01,275.98,1910725,0.0,1.0
2024-09-18 00:00:00+00:00,269.69,276.7,269.47,275.16,1423844,269.69,276.7,269.47,275.16,1423844,0.0,1.0
2024-09-19 00:00:00+00:00,280.35,284.95,279.8625,283.39,1688340,280.35,284.95,279.8625,283.39,1688340,0.0,1.0
2024-09-20 00:00:00+00:00,273.76,279.97,273.54,278.58,2983935,273.76,279.97,273.54,278.58,2983935,0.0,1.0
2024-09-23 00:00:00+00:00,274.08,276.96,273.65,274.64,1122251,274.08,276.96,273.65,274.64,1122251,0.0,1.0
2024-09-24 00:00:00+00:00,273.32,276.18,270.67,274.76,1444028,273.32,276.18,270.67,274.76,1444028,0.0,1.0
2024-09-25 00:00:00+00:00,271.8,272.14,268.37,268.37,1627196,271.8,272.14,268.37,268.37,1627196,0.0,1.0
2024-09-26 00:00:00+00:00,274.23,280.9321,272.19,280.39,1497984,274.23,280.9321,272.19,280.39,1497984,0.0,1.0
2024-09-27 00:00:00+00:00,274.13,275.89,271.01,275.19,1180722,274.13,275.89,271.01,275.19,1180722,0.0,1.0
2024-09-30 00:00:00+00:00,271.03,272.66,268.18,272.13,1773924,271.03,272.66,268.18,272.13,1773924,0.0,1.0
2024-10-01 00:00:00+00:00,263.32,274.35,263.03,273.44,1904496,263.32,274.35,263.03,273.44,1904496,0.0,1.0
2024-10-02 00:00:00+00:00,267.01,269.7625,262.25,262.25,1202115,267.01,269.7625,262.25,262.25,1202115,0.0,1.0
2024-10-03 00:00:00+00:00,265.79,268.63,264.38,264.38,1123339,265.79,268.63,264.38,264.38,1123339,0.0,1.0
2024-10-04 00:00:00+00:00,268.65,272.87,266.51,272.41,1095892,268.65,272.87,266.51,272.41,1095892,0.0,1.0
2024-10-07 00:00:00+00:00,262.86,266.18,261.34,265.21,1249112,262.86,266.18,261.34,265.21,1249112,0.0,1.0
2024-10-08 00:00:00+00:00,270.15,270.781,263.57,263.57,1685522,270.15,270.781,263.57,263.57,1685522,0.0,1.0
2024-10-09 00:00:00+00:00,279.56,280.205,268.61,270.59,1438091,279.56,280.205,268.61,270.59,1438091,0.0,1.0
2024-10-10 00:00:00+00:00,280.64,281.52,276.84,277.13,1046396,280.64,281.52,276.84,277.13,1046396,0.0,1.0
2024-10-11 00:00:00+00:00,282.39,283.14,279.22,280.47,1386289,282.39,283.14,279.22,280.47,1386289,0.0,1.0
2024-10-14 00:00:00+00:00,282.14,285.0,280.865,284.73,1318953,282.14,285.0,280.865,284.73,1318953,0.0,1.0
2024-10-15 00:00:00+00:00,269.47,284.35,268.86,283.66,2477197,269.47,284.35,268.86,283.66,2477197,0.0,1.0
2024-10-16 00:00:00+00:00,262.95,271.91,262.46,270.76,2151701,262.95,271.91,262.46,270.76,2151701,0.0,1.0
2024-10-17 00:00:00+00:00,263.03,268.88,262.85,268.73,2235530,263.03,268.88,262.85,268.73,2235530,0.0,1.0
2024-10-18 00:00:00+00:00,258.52,265.12,258.25,263.23,4062607,258.52,265.12,258.25,263.23,4062607,0.0,1.0
2024-10-21 00:00:00+00:00,253.15,258.13,252.71,256.0,2828352,253.15,258.13,252.71,256.0,2828352,0.0,1.0
2024-10-22 00:00:00+00:00,251.51,252.99,246.6,252.0,2923796,251.51,252.99,246.6,252.0,2923796,0.0,1.0
2024-10-23 00:00:00+00:00,249.09,251.23,246.92,249.73,1754188,249.09,251.23,246.92,249.73,1754188,0.0,1.0
2024-10-24 00:00:00+00:00,251.28,251.87,247.4596,251.05,1792589,251.28,251.87,247.4596,251.05,1792589,0.0,1.0
2024-10-25 00:00:00+00:00,257.3,260.09,254.19,254.19,2024694,257.3,260.09,254.19,254.19,2024694,0.0,1.0
2024-10-28 00:00:00+00:00,252.77,258.905,251.81,258.72,3171262,252.77,258.905,251.81,258.72,3171262,0.0,1.0
2024-10-29 00:00:00+00:00,284.45,287.015,271.99,274.94,5991333,284.45,287.015,271.99,274.94,5991333,0.0,1.0
2024-10-30 00:00:00+00:00,290.0,290.2,278.77,280.5,3454454,290.0,290.2,278.77,280.5,3454454,0.0,1.0
2024-10-31 00:00:00+00:00,276.12,288.49,276.07,287.44,2785502,276.12,288.49,276.07,287.44,2785502,0.0,1.0
2024-11-01 00:00:00+00:00,282.09,283.0,275.42,276.0,1897324,282.09,283.0,275.42,276.0,1897324,0.0,1.0
2024-11-04 00:00:00+00:00,289.34,291.95,282.6,284.52,2497291,289.34,291.95,282.6,284.52,2497291,0.0,1.0
2024-11-05 00:00:00+00:00,291.21,294.78,289.5,289.76,1964866,291.21,294.78,289.5,289.76,1964866,0.0,1.0
2024-11-06 00:00:00+00:00,296.75,305.0,293.6,298.0,2756858,296.75,305.0,293.6,298.0,2756858,0.0,1.0
2024-11-07 00:00:00+00:00,301.72,304.35,297.73,298.73,1509020,301.72,304.35,297.73,298.73,1509020,0.0,1.0
2024-11-08 00:00:00+00:00,301.25,305.52,299.47,303.48,1242846,301.25,305.52,299.47,303.48,1242846,0.0,1.0
2024-11-11 00:00:00+00:00,300.9,301.2499,296.285,300.48,1178525,300.9,301.2499,296.285,300.48,1178525,0.0,1.0
2024-11-12 00:00:00+00:00,297.77,301.77,295.5144,301.26,1227836,297.77,301.77,295.5144,301.26,1227836,0.0,1.0
2024-11-13 00:00:00+00:00,306.47,309.9566,295.64,295.68,2149298,306.47,309.9566,295.64,295.68,2149298,0.0,1.0
2024-11-14 00:00:00+00:00,303.04,306.19,299.64,304.46,1612698,303.04,306.19,299.64,304.46,1612698,0.0,1.0
2024-11-15 00:00:00+00:00,289.71,298.58,287.49,298.45,1583318,289.71,298.58,287.49,298.45,1583318,0.0,1.0
2024-11-18 00:00:00+00:00,294.325,295.95,288.77,291.36,1775124,294.325,295.95,288.77,291.36,1775124,0.0,1.0
2024-11-19 00:00:00+00:00,299.63,300.0,290.05,291.38,1260131,299.63,300.0,290.05,291.38,1260131,0.0,1.0
2024-11-20 00:00:00+00:00,304.01,305.23,296.06,298.7,1716615,304.01,305.23,296.06,298.7,1716615,0.0,1.0
2024-11-21 00:00:00+00:00,306.51,308.454,300.95,306.11,1132000,306.51,308.454,300.95,306.11,1132000,0.0,1.0
2024-11-22 00:00:00+00:00,311.87,313.36,307.02,308.71,1373057,311.87,313.36,307.02,308.71,1373057,0.0,1.0
2024-11-25 00:00:00+00:00,312.39,315.3,309.15,314.965,1944440,312.39,315.3,309.15,314.965,1944440,0.0,1.0
2024-11-26 00:00:00+00:00,310.1,316.37,309.42,314.55,1144068,310.1,316.37,309.42,314.55,1144068,0.0,1.0
2024-11-27 00:00:00+00:00,304.68,308.86,302.49,308.22,932178,304.68,308.86,302.49,308.22,932178,0.0,1.0
2024-11-29 00:00:00+00:00,306.81,310.29,304.29,304.37,888720,306.81,310.29,304.29,304.37,888720,0.0,1.0
2024-12-02 00:00:00+00:00,310.27,312.26,304.85,306.19,1697729,310.27,312.26,304.85,306.19,1697729,0.0,1.0
2024-12-03 00:00:00+00:00,313.25,314.36,305.38,306.75,1452079,313.25,314.36,305.38,306.75,1452079,0.0,1.0
2024-12-04 00:00:00+00:00,324.54,326.19,315.0,317.63,2198271,324.54,326.19,315.0,317.63,2198271,0.0,1.0
2024-12-05 00:00:00+00:00,303.79,319.15,302.641,318.5,2696737,303.79,319.15,302.641,318.5,2696737,0.0,1.0
2024-12-06 00:00:00+00:00,307.51,309.95,303.7,305.0,1797650,307.51,309.95,303.7,305.0,1797650,0.0,1.0
2024-12-09 00:00:00+00:00,309.75,315.04,307.63,310.0,1518585,309.75,315.04,307.63,310.0,1518585,0.0,1.0
2024-12-10 00:00:00+00:00,302.86,310.55,300.25,310.42,1682355,302.86,310.55,300.25,310.42,1682355,0.0,1.0
2024-12-11 00:00:00+00:00,308.78,311.1,305.775,307.52,2217062,308.78,311.1,305.775,307.52,2217062,0.0,1.0
2024-12-12 00:00:00+00:00,308.22,310.29,306.545,308.42,851245,308.22,310.29,306.545,308.42,851245,0.0,1.0
2024-12-13 00:00:00+00:00,306.75,308.17,301.65,305.78,1544108,306.75,308.17,301.65,305.78,1544108,0.0,1.0
2024-12-16 00:00:00+00:00,313.49,317.25,306.495,309.54,1757720,313.49,317.25,306.495,309.54,1757720,0.0,1.0
2024-12-17 00:00:00+00:00,311.35,315.73,310.35,312.88,1627893,311.35,315.73,310.35,312.88,1627893,0.0,1.0
2024-12-18 00:00:00+00:00,301.24,313.99,299.43,309.03,1715797,301.24,313.99,299.43,309.03,1715797,0.0,1.0
2024-12-19 00:00:00+00:00,299.87,306.81,299.77,304.67,1852874,299.87,306.81,299.77,304.67,1852874,0.0,1.0
2024-12-20 00:00:00+00:00,301.47,306.5,295.98,296.71,3042406,301.47,306.5,295.98,296.71,3042406,0.0,1.0
2024-12-23 00:00:00+00:00,304.41,304.77,299.84,302.17,1217597,304.41,304.77,299.84,302.17,1217597,0.0,1.0
2024-12-24 00:00:00+00:00,308.58,308.93,303.145,304.6,575286,308.58,308.93,303.145,304.6,575286,0.0,1.0
2024-12-26 00:00:00+00:00,308.69,310.24,305.47,305.57,769532,308.69,310.24,305.47,305.57,769532,0.0,1.0
2024-12-27 00:00:00+00:00,305.03,306.78,300.95,303.67,988337,305.03,306.78,300.95,303.67,988337,0.0,1.0
2024-12-30 00:00:00+00:00,301.86,304.425,298.25,302.28,1224258,301.86,304.425,298.25,302.28,1224258,0.0,1.0
2024-12-31 00:00:00+00:00,300.46,303.08,299.755,302.39,900596,300.46,303.08,299.755,302.39,900596,0.0,1.0
2025-01-02 00:00:00+00:00,297.66,306.05,295.79,304.84,1147108,297.66,306.05,295.79,304.84,1147108,0.0,1.0
2025-01-03 00:00:00+00:00,303.86,306.23,297.625,300.49,1149118,303.86,306.23,297.625,300.49,1149118,0.0,1.0
2025-01-06 00:00:00+00:00,308.14,315.55,306.46,306.46,1513205,308.14,315.55,306.46,306.46,1513205,0.0,1.0
2025-01-07 00:00:00+00:00,301.67,308.89,298.48,307.205,1386426,301.67,308.89,298.48,307.205,1386426,0.0,1.0
2025-01-08 00:00:00+00:00,302.73,306.77,301.415,303.04,1117133,302.73,306.77,301.415,303.04,1117133,0.0,1.0
2025-01-10 00:00:00+00:00,299.0,302.72,297.32,298.77,1330535,299.0,302.72,297.32,298.77,1330535,0.0,1.0
2025-01-13 00:00:00+00:00,292.5,298.355,290.91,298.0,1795053,292.5,298.355,290.91,298.0,1795053,0.0,1.0
2025-01-14 00:00:00+00:00,294.19,295.33,289.0,293.55,1260802,294.19,295.33,289.0,293.55,1260802,0.0,1.0
2025-01-15 00:00:00+00:00,300.72,304.0,300.345,301.88,1819951,300.72,304.0,300.345,301.88,1819951,0.0,1.0
2025-01-16 00:00:00+00:00,298.9,304.06,298.68,303.0,1430756,298.9,304.06,298.68,303.0,1430756,0.0,1.0
2025-01-17 00:00:00+00:00,305.6,307.05,302.61,305.87,1567570,305.6,307.05,302.61,305.87,1567570,0.0,1.0
2025-01-21 00:00:00+00:00,310.97,311.58,304.39,307.28,1769856,310.97,311.58,304.39,307.28,1769856,0.0,1.0
2025-01-22 00:00:00+00:00,321.49,324.6,313.77,313.86,1941980,321.49,324.6,313.77,313.86,1941980,0.0,1.0
2025-01-23 00:00:00+00:00,324.52,324.57,318.0,319.0,1442461,324.52,324.57,318.0,319.0,1442461,0.0,1.0
2025-01-24 00:00:00+00:00,320.48,325.03,317.56,324.45,1392201,320.48,325.03,317.56,324.45,1392201,0.0,1.0
2025-01-27 00:00:00+00:00,289.87,309.92,285.06,305.61,3680656,289.87,309.92,285.06,305.61,3680656,0.0,1.0
2025-01-28 00:00:00+00:00,299.3,299.54,285.28,289.46,2262274,299.3,299.54,285.28,289.46,2262274,0.0,1.0
2025-01-29 00:00:00+00:00,289.88,298.6,288.365,296.83,1395428,289.88,298.6,288.365,296.83,1395428,0.0,1.0
2025-01-30 00:00:00+00:00,297.76,298.28,292.0,292.24,1377565,297.76,298.28,292.0,292.24,1377565,0.0,1.0
2025-01-31 00:00:00+00:00,297.62,304.72,297.33,299.6,1297317,297.62,304.72,297.33,299.6,1297317,0.0,1.0
2025-02-03 00:00:00+00:00,298.3,299.465,289.83,292.32,1451582,298.3,299.465,289.83,292.32,1451582,0.0,1.0
2025-02-04 00:00:00+00:00,299.67,300.28,295.11,295.11,1039336,299.67,300.28,295.11,295.11,1039336,0.0,1.0
2025-02-05 00:00:00+00:00,302.65,303.73,295.835,298.0,988521,302.65,303.73,295.835,298.0,988521,0.0,1.0
2025-02-06 00:00:00+00:00,302.91,306.75,300.66,302.55,816446,302.91,306.75,300.66,302.55,816446,0.0,1.0
2025-02-07 00:00:00+00:00,299.68,309.89,297.37,304.01,1411501,299.68,309.89,297.37,304.01,1411501,0.0,1.0
2025-02-10 00:00:00+00:00,305.63,305.885,301.22,303.83,1236979,305.63,305.885,301.22,303.83,1236979,0.0,1.0
2025-02-11 00:00:00+00:00,303.87,304.11,298.63,301.47,959703,303.87,304.11,298.63,301.47,959703,0.0,1.0
2025-02-12 00:00:00+00:00,294.045,298.09,291.96,296.2,1091841,294.045,298.09,291.96,296.2,1091841,0.0,1.0
2025-02-13 00:00:00+00:00,296.16,297.51,293.47,294.0,1792795,296.16,297.51,293.47,294.0,1792795,0.0,1.0
2025-02-14 00:00:00+00:00,295.19,296.01,291.96,295.915,2105158,295.19,296.01,291.96,295.915,2105158,0.0,1.0
2025-02-18 00:00:00+00:00,300.43,300.86,292.57,297.095,2806749,300.43,300.86,292.57,297.095,2806749,0.0,1.0
2025-02-19 00:00:00+00:00,274.04,286.49,264.62,285.22,7638273,274.04,286.49,264.62,285.22,7638273,0.0,1.0
2025-02-20 00:00:00+00:00,270.23,277.63,268.71,274.495,3621407,270.23,277.63,268.71,274.495,3621407,0.0,1.0
2025-02-21 00:00:00+00:00,258.34,270.44,256.83,269.79,4553680,258.34,270.44,256.83,269.79,4553680,0.0,1.0
2025-02-24 00:00:00+00:00,252.95,262.415,251.27,261.795,4303490,252.95,262.415,251.27,261.795,4303490,0.0,1.0
2025-02-25 00:00:00+00:00,248.9,253.68,247.5,251.5,2767399,248.9,253.68,247.5,251.5,2767399,0.0,1.0
2025-02-26 00:00:00+00:00,253.94,256.58,249.07,251.1,2836748,253.94,256.58,249.07,251.1,2836748,0.0,1.0
2025-02-27 00:00:00+00:00,248.56,257.92,248.2822,255.8,2619102,248.56,257.92,248.2822,255.8,2619102,0.0,1.0
2025-02-28 00:00:00+00:00,250.5,253.77,245.81,249.8,2102497,250.5,253.77,245.81,249.8,2102497,0.0,1.0
2025-03-03 00:00:00+00:00,241.74,253.45,240.35,253.01,2063020,241.74,253.45,240.35,253.01,2063020,0.0,1.0
2025-03-04 00:00:00+00:00,241.29,246.47,233.72,240.4,2669766,241.29,246.47,233.72,240.4,2669766,0.0,1.0
2025-03-05 00:00:00+00:00,244.7,246.79,238.65,240.02,1658925,244.7,246.79,238.65,240.02,1658925,0.0,1.0
2025-03-06 00:00:00+00:00,243.16,245.34,237.54,238.97,2688039,243.16,245.34,237.54,238.97,2688039,0.0,1.0
2025-03-07 00:00:00+00:00,243.21,245.075,233.78,241.76,2405998,243.21,245.075,233.78,241.76,2405998,0.0,1.0
2025-03-10 00:00:00+00:00,233.96,238.8,231.51,238.18,3014537,233.96,238.8,231.51,238.18,3014537,0.0,1.0
2025-03-11 00:00:00+00:00,234.25,238.41,230.09,234.0,2646760,234.25,238.41,230.09,234.0,2646760,0.0,1.0
2025-03-12 00:00:00+00:00,239.22,244.99,239.14,240.15,2368410,239.22,244.99,239.14,240.15,2368410,0.0,1.0
2025-03-13 00:00:00+00:00,241.56,247.2,239.8,240.76,2166518,241.56,247.2,239.8,240.76,2166518,0.0,1.0
2025-03-14 00:00:00+00:00,247.43,248.0,241.46,241.68,2271448,247.43,248.0,241.46,241.68,2271448,0.0,1.0
2025-03-17 00:00:00+00:00,255.11,258.14,246.25,246.25,2772995,255.11,258.14,246.25,246.25,2772995,0.0,1.0
2025-03-18 00:00:00+00:00,253.88,255.99,251.35,252.04,1772712,253.88,255.99,251.35,252.04,1772712,0.0,1.0
2025-03-19 00:00:00+00:00,258.7,262.14,254.075,255.0,2736075,258.7,262.14,254.075,255.0,2736075,0.0,1.0
2025-03-20 00:00:00+00:00,258.5,259.86,254.88,255.93,1722867,258.5,259.86,254.88,255.93,1722867,0.0,1.0
2025-03-21 00:00:00+00:00,262.42,266.95,252.06,254.91,5699876,262.42,266.95,252.06,254.91,5699876,0.0,1.0
2025-03-24 00:00:00+00:00,267.15,268.24,264.0,266.0,2526024,267.15,268.24,264.0,266.0,2526024,0.0,1.0
2025-03-25 00:00:00+00:00,269.11,269.71,265.97,267.15,1253669,269.11,269.71,265.97,267.15,1253669,0.0,1.0
2025-03-26 00:00:00+00:00,263.41,269.3,262.515,269.3,1395545,263.41,269.3,262.515,269.3,1395545,0.0,1.0
2025-03-27 00:00:00+00:00,262.54,263.975,258.21,261.98,1349875,262.54,263.975,258.21,261.98,1349875,0.0,1.0
2025-03-28 00:00:00+00:00,256.69,263.235,255.87,262.31,1249058,256.69,263.235,255.87,262.31,1249058,0.0,1.0
2025-03-31 00:00:00+00:00,254.33,254.97,248.52,253.09,2259511,254.33,254.97,248.52,253.09,2259511,0.0,1.0
2025-04-01 00:00:00+00:00,258.79,259.4751,251.82,252.64,1421908,258.79,259.4751,251.82,252.64,1421908,0.0,1.0
2025-04-02 00:00:00+00:00,264.94,265.73,253.44,253.52,1859463,264.94,265.73,253.44,253.52,1859463,0.0,1.0
2025-04-03 00:00:00+00:00,248.91,255.19,245.42,252.34,2995241,248.91,255.19,245.42,252.34,2995241,0.0,1.0
2025-04-04 00:00:00+00:00,232.88,246.215,232.37,243.53,4203157,232.88,246.215,232.37,243.53,4203157,0.0,1.0
2025-04-07 00:00:00+00:00,233.82,245.66,221.5601,229.65,4174676,233.82,245.66,221.5601,229.65,4174676,0.0,1.0
2025-04-08 00:00:00+00:00,231.64,244.3,228.1964,237.81,2654475,231.64,244.3,228.1964,237.81,2654475,0.0,1.0
2025-04-09 00:00:00+00:00,264.65,266.65,229.6021,230.7,4256759,264.65,266.65,229.6021,230.7,4256759,0.0,1.0
2025-04-10 00:00:00+00:00,254.02,258.553,244.99,256.88,2603627,254.02,258.553,244.99,256.88,2603627,0.0,1.0
2025-04-11 00:00:00+00:00,259.47,260.415,248.5501,253.52,1647645,259.47,260.415,248.5501,253.52,1647645,0.0,1.0
2025-04-14 00:00:00+00:00,260.56,265.59,257.65,264.595,1453804,260.56,265.59,257.65,264.595,1453804,0.0,1.0
2025-04-15 00:00:00+00:00,264.31,266.085,260.8,262.0,1857239,264.31,266.085,260.8,262.0,1857239,0.0,1.0
2025-04-16 00:00:00+00:00,259.26,262.075,254.48,256.51,2171060,259.26,262.075,254.48,256.51,2171060,0.0,1.0
2025-04-17 00:00:00+00:00,260.22,263.16,257.88,262.79,1914745,260.22,263.16,257.88,262.79,1914745,0.0,1.0
2025-04-21 00:00:00+00:00,251.56,257.16,247.7,257.02,1494753,251.56,257.16,247.7,257.02,1494753,0.0,1.0
2025-04-22 00:00:00+00:00,258.15,260.67,251.95,255.23,1389090,258.15,260.67,251.95,255.23,1389090,0.0,1.0
2025-04-23 00:00:00+00:00,265.42,272.81,264.79,266.78,1708424,265.42,272.81,264.79,266.78,1708424,0.0,1.0
2025-04-24 00:00:00+00:00,281.78,283.0,270.0,270.305,2177653,281.78,283.0,270.0,270.305,2177653,0.0,1.0
2025-04-25 00:00:00+00:00,289.63,290.5,279.4457,279.99,2414012,289.63,290.5,279.4457,279.99,2414012,0.0,1.0
2025-04-28 00:00:00+00:00,285.74,289.41,281.7,288.02,3416053,285.74,289.41,281.7,288.02,3416053,0.0,1.0
2025-04-29 00:00:00+00:00,302.22,303.6,289.64,289.64,3815648,302.22,303.6,289.64,289.64,3815648,0.0,1.0
2025-04-30 00:00:00+00:00,297.74,299.98,293.85,294.51,2781042,297.74,299.98,293.85,294.51,2781042,0.0,1.0
2025-05-01 00:00:00+00:00,299.73,304.7,299.4067,301.74,2304240,299.73,304.7,299.4067,301.74,2304240,0.0,1.0
2025-05-02 00:00:00+00:00,308.15,310.58,304.1936,305.27,1935561,308.15,310.58,304.1936,305.27,1935561,0.0,1.0
2025-05-05 00:00:00+00:00,308.83,311.98,305.6,307.0,1794504,308.83,311.98,305.6,307.0,1794504,0.0,1.0
2025-05-06 00:00:00+00:00,305.78,308.65,302.29,302.89,1643005,305.78,308.65,302.29,302.89,1643005,0.0,1.0
2025-05-07 00:00:00+00:00,308.34,310.88,304.77,306.145,1774697,308.34,310.88,304.77,306.145,1774697,0.0,1.0
2025-05-08 00:00:00+00:00,307.96,313.0,307.7,311.22,1609503,307.96,313.0,307.7,311.22,1609503,0.0,1.0
2025-05-09 00:00:00+00:00,305.78,309.53,303.82,309.53,1480106,305.78,309.53,303.82,309.53,1480106,0.0,1.0
2025-05-12 00:00:00+00:00,311.77,320.0,308.58,320.0,2439752,311.77,320.0,308.58,320.0,2439752,0.0,1.0
2025-05-13 00:00:00+00:00,318.66,319.565,311.565,312.42,1707340,318.66,319.565,311.565,312.42,1707340,0.0,1.0
2025-05-14 00:00:00+00:00,319.39,321.86,316.79,316.95,1463283,319.39,321.86,316.79,316.95,1463283,0.0,1.0
2025-05-15 00:00:00+00:00,318.77,321.87,317.74,318.36,1535422,318.77,321.87,317.74,318.36,1535422,0.0,1.0
2025-05-16 00:00:00+00:00,321.56,322.19,317.18,320.16,1575130,321.56,322.19,317.18,320.16,1575130,0.0,1.0
2025-05-19 00:00:00+00:00,320.3,322.275,317.41,318.77,1510674,320.3,322.275,317.41,318.77,1510674,0.0,1.0
2025-05-20 00:00:00+00:00,320.55,320.9999,315.36,316.96,1374232,320.55,320.9999,315.36,316.96,1374232,0.0,1.0
2025-05-21 00:00:00+00:00,317.55,322.64,316.31,317.37,1869690,317.55,322.64,316.31,317.37,1869690,0.0,1.0
2025-05-22 00:00:00+00:00,316.63,318.6,313.91,315.505,1481096,316.63,318.6,313.91,315.505,1481096,0.0,1.0
2025-05-23 00:00:00+00:00,315.51,317.28,311.645,312.04,1010566,315.51,317.28,311.645,312.04,1010566,0.0,1.0
2025-05-27 00:00:00+00:00,323.08,323.28,318.1,319.46,1446709,323.08,323.28,318.1,319.46,1446709,0.0,1.0
2025-05-28 00:00:00+00:00,288.61,323.39,284.3,322.87,7018683,288.61,323.39,284.3,322.87,7018683,0.0,1.0
2025-05-29 00:00:00+00:00,284.5,294.13,276.61,293.11,6282229,284.5,294.13,276.61,293.11,6282229,0.0,1.0
2025-05-30 00:00:00+00:00,287.07,288.21,280.34,284.43,2901854,287.07,288.21,280.34,284.43,2901854,0.0,1.0
2025-06-02 00:00:00+00:00,292.53,292.87,285.48,286.76,1993355,292.53,292.87,285.48,286.76,1993355,0.0,1.0
2025-06-03 00:00:00+00:00,293.33,294.81,289.12,289.12,1617618,293.33,294.81,289.12,289.12,1617618,0.0,1.0
2025-06-04 00:00:00+00:00,294.4,296.09,291.6201,293.91,1430628,294.4,296.09,291.6201,293.91,1430628,0.0,1.0
2025-06-05 00:00:00+00:00,296.29,302.0,294.4,294.4,1904766,296.29,302.0,294.4,294.4,1904766,0.0,1.0
2025-06-06 00:00:00+00:00,296.95,299.64,295.65,299.34,1365843,296.95,299.64,295.65,299.34,1365843,0.0,1.0
2025-06-09 00:00:00+00:00,301.66,310.95,301.517,307.58,2517418,301.66,310.95,301.517,307.58,2517418,0.0,1.0
2025-06-10 00:00:00+00:00,305.69,306.08,300.465,302.41,1603667,305.69,306.08,300.465,302.41,1603667,0.0,1.0
2025-06-11 00:00:00+00:00,307.2,309.39,302.4501,306.0,1259707,307.2,309.39,302.4501,306.0,1259707,0.0,1.0
2025-06-12 00:00:00+00:00,307.85,310.0,306.1,306.4,1012783,307.85,310.0,306.1,306.4,1012783,0.0,1.0
2025-06-13 00:00:00+00:00,300.0,305.3,299.62,302.0,1188950,300.0,305.3,299.62,302.0,1188950,0.0,1.0
2025-06-16 00:00:00+00:00,300.81,302.405,297.03,300.69,1697079,300.81,302.405,297.03,300.69,1697079,0.0,1.0
2025-06-17 00:00:00+00:00,299.0,304.44,298.13,299.79,1130561,299.0,304.44,298.13,299.79,1130561,0.0,1.0
2025-06-18 00:00:00+00:00,296.84,300.1,295.6086,297.78,1221116,296.84,300.1,295.6086,297.78,1221116,0.0,1.0
2025-06-20 00:00:00+00:00,295.4,300.76,293.84,299.63,2373325,295.4,300.76,293.84,299.63,2373325,0.0,1.0
2025-06-23 00:00:00+00:00,293.56,295.82,289.69,294.33,2134880,293.56,295.82,289.69,294.33,2134880,0.0,1.0
2025-06-24 00:00:00+00:00,296.8,297.14,293.61,295.85,1906386,296.8,297.14,293.61,295.85,1906386,0.0,1.0
2025-06-25 00:00:00+00:00,297.53,301.26,295.33,297.834,1736796,297.53,301.26,295.33,297.834,1736796,0.0,1.0
2025-06-26 00:00:00+00:00,303.69,303.87,298.33,299.0,2128233,303.69,303.87,298.33,299.0,2128233,0.0,1.0
2025-06-27 00:00:00+00:00,305.2,315.9,304.29,307.03,2331778,305.2,315.9,304.29,307.03,2331778,0.0,1.0
2025-06-30 00:00:00+00:00,308.15,310.12,305.21,306.12,1748252,308.15,310.12,305.21,306.12,1748252,0.0,1.0
2025-07-01 00:00:00+00:00,309.46,310.99,304.73,306.35,1332210,309.46,310.99,304.73,306.35,1332210,0.0,1.0
2025-07-02 00:00:00+00:00,310.95,312.75,306.0001,307.23,1164871,310.95,312.75,306.0001,307.23,1164871,0.0,1.0
2025-07-03 00:00:00+00:00,326.81,330.09,321.3764,326.47,2274696,326.81,330.09,321.3764,326.47,2274696,0.0,1.0
2025-07-07 00:00:00+00:00,320.3,327.98,318.8,326.81,1824445,320.3,327.98,318.8,326.81,1824445,0.0,1.0
2025-07-08 00:00:00+00:00,323.28,323.705,319.0201,322.12,2022887,323.28,323.705,319.0201,322.12,2022887,0.0,1.0
2025-07-09 00:00:00+00:00,322.91,325.54,320.54,324.14,1092525,322.91,325.54,320.54,324.14,1092525,0.0,1.0
2025-07-10 00:00:00+00:00,322.66,325.26,318.2,325.26,1463741,322.66,325.26,318.2,325.26,1463741,0.0,1.0
2025-07-11 00:00:00+00:00,320.6,324.32,318.16,321.57,1201776,320.6,324.32,318.16,321.57,1201776,0.0,1.0
2025-07-14 00:00:00+00:00,317.49,320.97,314.7,320.13,1863085,317.49,320.97,314.7,320.13,1863085,0.0,1.0
2025-07-15 00:00:00+00:00,318.04,324.4899,317.67,319.84,1447559,318.04,324.4899,317.67,319.84,1447559,0.0,1.0
2025-07-16 00:00:00+00:00,314.58,318.7,311.085,318.7,1595846,314.58,318.7,311.085,318.7,1595846,0.0,1.0
2025-07-17 00:00:00+00:00,320.855,321.23,311.45,313.08,1276061,320.855,321.23,311.45,313.08,1276061,0.0,1.0
2025-07-18 00:00:00+00:00,315.57,322.1482,315.04,321.37,1391024,315.57,322.1482,315.04,321.37,1391024,0.0,1.0
2025-07-21 00:00:00+00:00,316.32,318.83,315.04,315.04,1042247,316.32,318.83,315.04,315.04,1042247,0.0,1.0
2025-07-22 00:00:00+00:00,319.6,321.69,313.0001,317.54,1211417,319.6,321.69,313.0001,317.54,1211417,0.0,1.0
2025-07-23 00:00:00+00:00,326.46,326.52,318.49,320.48,1524023,326.46,326.52,318.49,320.48,1524023,0.0,1.0
2025-07-24 00:00:00+00:00,324.64,327.5,324.37,325.56,1649843,324.64,327.5,324.37,325.56,1649843,0.0,1.0
2025-07-25 00:00:00+00:00,332.19,335.16,324.5,325.0,2718308,332.19,335.16,324.5,325.0,2718308,0.0,1.0
2025-07-28 00:00:00+00:00,333.76,334.9999,328.455,334.475,2682369,333.76,334.9999,328.455,334.475,2682369,0.0,1.0
2025-07-29 00:00:00+00:00,366.26,370.6065,353.0,355.0,4666680,366.26,370.6065,353.0,355.0,4666680,0.0,1.0
2025-07-30 00:00:00+00:00,371.03,374.05,363.75,367.49,3894030,371.03,374.05,363.75,367.49,3894030,0.0,1.0
2025-07-31 00:00:00+00:00,364.57,376.445,363.47,371.52,3012745,364.57,376.445,363.47,371.52,3012745,0.0,1.0
2025-08-01 00:00:00+00:00,356.97,360.31,353.01,358.0,2070357,356.97,360.31,353.01,358.0,2070357,0.0,1.0
2025-08-04 00:00:00+00:00,364.88,364.89,355.63,358.78,1841948,364.88,364.89,355.63,358.78,1841948,0.0,1.0
2025-08-05 00:00:00+00:00,360.5,369.1399,357.7,366.2,1682437,360.5,369.1399,357.7,366.2,1682437,0.0,1.0
2025-08-06 00:00:00+00:00,360.16,364.07,358.7,361.86,1058804,360.16,364.07,358.7,361.86,1058804,0.0,1.0
2025-08-07 00:00:00+00:00,354.33,365.4,349.66,363.015,1526700,354.33,365.4,349.66,363.015,1526700,0.0,1.0
2025-08-08 00:00:00+00:00,352.06,357.59,351.5,356.43,1373176,352.06,357.59,351.5,356.43,1373176,0.0,1.0
