date,close,high,low,open,volume,adjClose,adjHigh,adjLow,adjOpen,adjVolume,divCash,splitFactor
2018-01-02 00:00:00+00:00,69.76,69.98,69.03,69.73,729274,63.943817509,64.1454751904,63.2746806572,63.9163187343,729274,0.0,1.0
2018-01-03 00:00:00+00:00,71.8,71.91,69.79,69.79,1140366,65.8137341907,65.9145630314,63.9713162837,63.9713162837,1140366,0.0,1.0
2018-01-04 00:00:00+00:00,73.06,73.46,71.79,72.06,835995,66.9686827295,67.3353330592,65.8045679325,66.0520569051,835995,0.0,1.0
2018-01-05 00:00:00+00:00,72.94,73.57,72.8,73.24,465427,66.8586876305,67.4361618999,66.7303600151,67.1336753779,465427,0.0,1.0
2018-01-08 00:00:00+00:00,73.05,73.32,72.2,72.59,922266,66.9595164712,67.2070054438,66.1803845205,66.537868592,922266,0.0,1.0
2018-01-09 00:00:00+00:00,72.86,74.01,72.79,73.34,497218,66.7853575646,67.8394772626,66.7211937569,67.2253379603,497218,0.0,1.0
2018-01-10 00:00:00+00:00,72.34,72.89,72.04,72.34,722191,66.3087121359,66.8128563393,66.0337243886,66.3087121359,722191,0.0,1.0
2018-01-11 00:00:00+00:00,72.73,72.75,71.5,71.5,674617,66.6661962074,66.6845287239,65.5387464434,65.5387464434,674617,0.0,1.0
2018-01-12 00:00:00+00:00,72.88,73.28,72.71,73.0,669307,66.8036900811,67.1703404108,66.6478636909,66.91368518,669307,0.0,1.0
2018-01-16 00:00:00+00:00,72.15,73.36,72.08,73.3,608773,66.1345532293,67.2436704768,66.0703894216,67.1886729273,608773,0.0,1.0
2018-01-17 00:00:00+00:00,73.48,73.85,72.28,72.8,694948,67.3536655757,67.6928171307,66.2537145865,66.7303600151,694948,0.0,1.0
2018-01-18 00:00:00+00:00,73.79,74.11,73.05,73.7,574527,67.6378195813,67.9311398451,66.9595164712,67.5553232571,574527,0.0,1.0
2018-01-19 00:00:00+00:00,75.21,75.27,73.93,74.0,455966,68.9394282519,68.9944258014,67.7661471967,67.8303110044,455966,0.0,1.0
2018-01-22 00:00:00+00:00,75.01,75.37,74.48,75.01,389642,68.756103087,69.0860883838,68.2702914001,68.756103087,389642,0.0,1.0
2018-01-23 00:00:00+00:00,75.6,75.79,75.12,75.65,466913,69.2969123234,69.47107123,68.8569319277,69.3427436146,466913,0.0,1.0
2018-01-24 00:00:00+00:00,75.04,76.34,74.49,75.05,596194,68.7836018617,69.9752154334,68.2794576583,68.79276812,596194,0.0,1.0
2018-01-25 00:00:00+00:00,75.37,75.87,74.69,75.68,706732,69.0860883838,69.544401296,68.4627828232,69.3702423894,706732,0.0,1.0
2018-01-26 00:00:00+00:00,75.68,75.92,74.8,75.79,394973,69.3702423894,69.5902325872,68.5636116639,69.47107123,394973,0.0,1.0
2018-01-29 00:00:00+00:00,75.8,76.16,75.19,75.33,409521,69.4802374883,69.8102227851,68.9210957354,69.0494233508,409521,0.0,1.0
2018-01-30 00:00:00+00:00,74.99,76.0,74.97,75.28,554148,68.7377705705,69.6635626532,68.719438054,69.0035920596,554148,0.0,1.0
2018-01-31 00:00:00+00:00,74.79,75.69,74.33,75.32,1014247,68.5544454057,69.3794086476,68.1327975264,69.0402570926,1014247,0.0,1.0
2018-02-01 00:00:00+00:00,76.5,76.51,74.45,74.45,903755,70.1218755653,70.1310418236,68.2427926254,68.2427926254,903755,0.0,1.0
2018-02-02 00:00:00+00:00,75.92,76.73,74.91,76.0,1499592,69.5902325872,70.332699505,68.6644405046,69.6635626532,1499592,0.0,1.0
2018-02-05 00:00:00+00:00,73.81,76.44,73.53,75.41,1122715,67.6561520978,70.0668780159,67.3994968669,69.1227534168,1122715,0.0,1.0
2018-02-06 00:00:00+00:00,73.24,74.95,72.03,72.5,1672411,67.1336753779,68.7011055376,66.0245581304,66.4553722678,1672411,0.0,1.0
2018-02-07 00:00:00+00:00,68.4,71.32,67.42,70.77,3861946,62.6972063878,65.373753795,61.7989130799,64.8696095916,3861946,0.0,1.0
2018-02-08 00:00:00+00:00,69.05,71.03,68.38,68.92,2601408,63.2930131737,65.107932306,62.6788738714,63.1738518165,2601408,0.0,1.0
2018-02-09 00:00:00+00:00,69.14,70.84,66.88,69.79,1557171,63.3755094979,64.9337733993,61.3039351348,63.9713162837,1557171,0.0,1.0
2018-02-12 00:00:00+00:00,68.31,70.11,67.85,69.24,853495,62.6147100636,64.2646365475,62.1930621844,63.4671720803,853495,0.0,1.0
2018-02-13 00:00:00+00:00,69.37,69.79,67.81,67.81,905387,63.5863334375,63.9713162837,62.1563971515,62.1563971515,905387,0.0,1.0
2018-02-14 00:00:00+00:00,70.38,70.42,68.86,69.1,1391604,64.5121255201,64.5487905531,63.1188542671,63.3388444649,1391604,0.0,1.0
2018-02-15 00:00:00+00:00,71.32,71.33,69.79,70.38,926554,65.373753795,65.3829200533,63.9713162837,64.5121255201,926554,0.0,1.0
2018-02-16 00:00:00+00:00,71.46,71.89,69.89,70.93,878811,65.5020814105,65.8962305149,64.0629788662,65.0162697235,878811,0.0,1.0
2018-02-20 00:00:00+00:00,70.91,71.71,70.6,70.87,932884,64.997937207,65.7312378666,64.7137832015,64.9612721741,932884,0.0,1.0
2018-02-21 00:00:00+00:00,71.13,71.96,70.69,71.08,1232921,65.1995948884,65.9603943226,64.7962795257,65.1537635972,1232921,0.0,1.0
2018-02-22 00:00:00+00:00,71.47,72.545,71.34,71.64,846663,65.5112476687,66.4966204299,65.3920863115,65.6670740588,846663,0.0,1.0
2018-02-23 00:00:00+00:00,72.04,72.17,71.32,71.47,756051,66.2262158117,66.3457245299,65.5643213727,65.7022160475,756051,0.21,1.0
2018-02-26 00:00:00+00:00,73.52,73.66,71.81,72.56,780720,67.586776603,67.7154782994,66.0147773104,66.7042506843,780720,0.0,1.0
2018-02-27 00:00:00+00:00,73.49,74.96,72.73,72.73,1017088,67.559197668,68.9105654809,66.8605313157,66.8605313157,1017088,0.0,1.0
2018-02-28 00:00:00+00:00,72.93,74.32,72.89,73.81,768715,67.0443908821,68.3222148685,67.0076189689,67.8533729742,768715,0.0,1.0
2018-03-01 00:00:00+00:00,72.08,73.42,71.44,73.28,934252,66.262987725,67.4948468198,65.6746371126,67.3661451233,934252,0.0,1.0
2018-03-02 00:00:00+00:00,73.14,73.37,71.19,71.74,661780,67.2374434268,67.4488819282,65.4448126546,65.9504264621,661780,0.0,1.0
2018-03-05 00:00:00+00:00,73.94,74.55,72.15,72.78,829136,67.9728816924,68.5336533698,66.3273385732,66.9064962073,829136,0.0,1.0
2018-03-06 00:00:00+00:00,74.11,74.5,73.41,74.17,887171,68.1291623238,68.4876884782,67.4856538415,68.1843201937,887171,0.0,1.0
2018-03-07 00:00:00+00:00,74.58,74.85,73.42,73.5,898742,68.5612323048,68.8094427194,67.4948468198,67.5683906463,898742,0.0,1.0
2018-03-08 00:00:00+00:00,73.14,74.61,72.61,74.6,1106231,67.2374434268,68.5888112398,66.7502155759,68.5796182614,1106231,0.0,1.0
2018-03-09 00:00:00+00:00,74.38,74.56,72.9,73.37,987617,68.3773727384,68.5428463482,67.0168119472,67.4488819282,987617,0.0,1.0
2018-03-12 00:00:00+00:00,75.32,75.68,74.05,74.35,610064,69.2415127004,69.5724599199,68.0740044539,68.3497938035,610064,0.0,1.0
2018-03-13 00:00:00+00:00,75.65,76.14,75.3,75.45,582817,69.544880985,69.9953369226,69.2231267438,69.3610214186,582817,0.0,1.0
2018-03-14 00:00:00+00:00,75.43,76.07,75.0,76.02,638562,69.3426354619,69.9309860744,68.9473373942,69.8850211828,638562,0.0,1.0
2018-03-15 00:00:00+00:00,74.63,75.51,74.18,75.36,969377,68.6071971964,69.4161792885,68.193513172,69.2782846137,969377,0.0,1.0
2018-03-16 00:00:00+00:00,75.83,75.99,73.04,74.78,981127,69.7103545947,69.8574422478,67.1455136436,68.7450918712,981127,0.0,1.0
2018-03-19 00:00:00+00:00,73.98,75.35,73.45,75.35,1275244,68.0096536056,69.2690916354,67.5224257547,69.2690916354,1275244,0.0,1.0
2018-03-20 00:00:00+00:00,75.21,75.63,74.28,74.28,859264,69.1403899389,69.5264950283,68.2854429552,68.2854429552,859264,0.0,1.0
2018-03-21 00:00:00+00:00,74.79,75.37,74.47,75.3,680998,68.7542848495,69.287477592,68.4601095433,69.2231267438,680998,0.0,1.0
2018-03-22 00:00:00+00:00,73.25,74.75,73.15,74.42,770825,67.3385661883,68.7175129362,67.2466364052,68.4141446517,770825,0.0,1.0
2018-03-23 00:00:00+00:00,69.91,73.25,69.87,73.13,996659,64.2681114297,67.3385661883,64.2313395164,67.2282504485,996659,0.0,1.0
2018-03-26 00:00:00+00:00,71.58,71.71,69.71,70.74,875986,65.803338809,65.9228475272,64.0842518633,65.0311286302,875986,0.0,1.0
2018-03-27 00:00:00+00:00,70.21,72.69,69.84,72.1,530948,64.5439007793,66.8237594025,64.2037605815,66.2813736816,530948,0.0,1.0
2018-03-28 00:00:00+00:00,69.93,70.39,69.26,70.36,531784,64.2864973864,64.709374389,63.670567839,64.6817954541,531784,0.0,1.0
2018-03-29 00:00:00+00:00,70.31,71.06,69.84,70.39,1021372,64.6358305625,65.3253039364,64.2037605815,64.709374389,1021372,0.0,1.0
2018-04-02 00:00:00+00:00,68.84,70.8,68.32,70.27,865136,63.2844627496,65.0862865001,62.806427877,64.5990586492,865136,0.0,1.0
2018-04-03 00:00:00+00:00,69.23,69.7,68.69,69.1,727415,63.642988904,64.075058885,63.1465680748,63.5234801859,727415,0.0,1.0
2018-04-04 00:00:00+00:00,69.58,69.74,68.0,68.12,751726,63.9647431452,64.1118307983,62.5122525708,62.6225683106,751726,0.0,1.0
2018-04-05 00:00:00+00:00,69.72,70.37,69.17,69.98,661409,64.0934448417,64.6909884324,63.5878310341,64.332462278,661409,0.0,1.0
2018-04-06 00:00:00+00:00,67.95,69.64,67.44,69.12,640223,62.4662876792,64.0199010151,61.9974457849,63.5418661425,640223,0.0,1.0
2018-04-09 00:00:00+00:00,68.45,69.64,68.36,68.62,544346,62.9259365951,64.0199010151,62.8431997902,63.0822172265,544346,0.0,1.0
2018-04-10 00:00:00+00:00,70.12,70.46,68.96,69.51,458663,64.4611639744,64.7737252373,63.3947784894,63.900392297,458663,0.0,1.0
2018-04-11 00:00:00+00:00,69.83,70.23,68.88,69.65,633220,64.1945676032,64.5622867359,63.3212346628,64.0290939934,633220,0.0,1.0
2018-04-12 00:00:00+00:00,70.07,70.59,69.77,70.09,440789,64.4151990828,64.8932339554,64.1394097333,64.4335850395,440789,0.0,1.0
2018-04-13 00:00:00+00:00,69.59,70.51,69.27,70.51,853741,63.9739361235,64.8196901289,63.6797608173,64.8196901289,853741,0.0,1.0
2018-04-16 00:00:00+00:00,70.65,70.85,69.05,69.68,573938,64.9483918253,65.1322513917,63.4775152943,64.0566729284,573938,0.0,1.0
2018-04-17 00:00:00+00:00,71.46,71.61,70.84,71.25,439227,65.6930230692,65.830917744,65.1230584134,65.4999705245,439227,0.0,1.0
2018-04-18 00:00:00+00:00,72.11,72.54,71.31,71.78,686195,66.29056666,66.6858647277,65.5551283944,65.9871983754,686195,0.0,1.0
2018-04-19 00:00:00+00:00,72.53,72.88,71.46,71.93,774656,66.6766717494,66.9984259905,65.6930230692,66.1250930502,774656,0.0,1.0
2018-04-20 00:00:00+00:00,71.53,72.36,71.01,72.36,409044,65.7573739174,66.5203911179,65.2793390448,66.5203911179,409044,0.0,1.0
2018-04-23 00:00:00+00:00,71.61,72.53,71.15,71.92,667625,65.830917744,66.6766717494,65.4080407413,66.1159000719,667625,0.0,1.0
2018-04-24 00:00:00+00:00,70.74,72.36,70.29,72.07,357282,65.0311286302,66.5203911179,64.6174446059,66.2537947467,357282,0.0,1.0
2018-04-25 00:00:00+00:00,71.13,71.28,69.97,70.75,407297,65.3896547847,65.5275494595,64.3232692996,65.0403216085,407297,0.0,1.0
2018-04-26 00:00:00+00:00,71.16,72.46,70.93,71.46,421811,65.4172337196,66.6123209011,65.2057952183,65.6930230692,421811,0.0,1.0
2018-04-27 00:00:00+00:00,71.61,71.91,70.57,71.32,626754,65.830917744,66.1067070936,64.8748479988,65.5643213727,626754,0.0,1.0
2018-04-30 00:00:00+00:00,71.29,72.0,71.03,71.51,565835,65.5367424378,66.1894438984,65.2977250015,65.7389879608,565835,0.0,1.0
2018-05-01 00:00:00+00:00,72.37,72.79,71.17,71.5,1236494,66.5295840963,66.9156891857,65.4264266979,65.7297949825,1236494,0.0,1.0
2018-05-02 00:00:00+00:00,76.06,78.79,74.23,74.23,2271458,69.921793096,72.4314761772,68.2394780636,68.2394780636,2271458,0.0,1.0
2018-05-03 00:00:00+00:00,74.5,76.31,74.06,76.11,1070883,68.4876884782,70.151617554,68.0831974322,69.9677579876,1070883,0.0,1.0
2018-05-04 00:00:00+00:00,75.52,75.82,74.19,74.76,777191,69.4253722668,69.7011616164,68.2027061504,68.7267059145,777191,0.0,1.0
2018-05-07 00:00:00+00:00,76.37,76.58,75.19,75.52,778079,70.2067754239,70.3998279686,69.1220039823,69.4253722668,778079,0.0,1.0
2018-05-08 00:00:00+00:00,76.59,76.75,75.64,76.62,688988,70.409020947,70.5561086001,69.5356880066,70.4365998819,688988,0.0,1.0
2018-05-09 00:00:00+00:00,77.69,77.75,76.5,76.91,672891,71.4202485621,71.475406432,70.3262841421,70.7031962532,672891,0.0,1.0
2018-05-10 00:00:00+00:00,78.21,78.33,77.02,77.63,520269,71.8982834347,72.0085991745,70.8043190147,71.3650906922,520269,0.0,1.0
2018-05-11 00:00:00+00:00,78.64,79.0,78.0,78.31,1057217,72.2935815024,72.6245287219,71.70523089,71.9902132179,1057217,0.0,1.0
2018-05-14 00:00:00+00:00,78.35,79.26,78.22,78.82,579604,72.0269851312,72.8635461582,71.907476413,72.4590551122,579604,0.0,1.0
2018-05-15 00:00:00+00:00,78.1,78.88,77.79,78.09,512975,71.7971606732,72.5142129821,71.5121783453,71.7879676949,512975,0.0,1.0
2018-05-16 00:00:00+00:00,78.64,78.97,77.95,78.09,479240,72.2935815024,72.5969497869,71.6592659984,71.7879676949,479240,0.0,1.0
2018-05-17 00:00:00+00:00,78.91,79.27,78.44,78.44,503159,72.541791917,72.8727391365,72.109721936,72.109721936,503159,0.0,1.0
2018-05-18 00:00:00+00:00,78.75,79.55,78.53,79.0,876773,72.3947042639,73.1301425295,72.1924587409,72.6245287219,876773,0.0,1.0
2018-05-21 00:00:00+00:00,79.86,79.93,78.62,79.02,566476,73.4151248574,73.4794757056,72.2751955458,72.6429146785,566476,0.0,1.0
2018-05-22 00:00:00+00:00,78.99,79.82,78.53,79.82,1040984,72.6153357436,73.3783529441,72.1924587409,73.3783529441,1040984,0.0,1.0
2018-05-23 00:00:00+00:00,80.17,80.2,78.56,78.87,662962,73.7001071853,73.7276861202,72.2200376759,72.5050200038,662962,0.0,1.0
2018-05-24 00:00:00+00:00,80.31,80.73,79.57,80.0,806674,74.0218614264,74.4089761294,73.3398021878,73.7361339075,806674,0.21,1.0
2018-05-25 00:00:00+00:00,80.69,81.08,79.41,80.41,426355,74.3721080625,74.7315717153,73.19232992,74.1140315938,426355,0.0,1.0
2018-05-29 00:00:00+00:00,80.89,81.66,80.05,80.05,729270,74.5564483973,75.2661586861,73.7822189912,73.7822189912,729270,0.0,1.0
2018-05-30 00:00:00+00:00,81.4,81.97,81.12,81.12,710184,75.0265162509,75.551886205,74.7684397822,74.7684397822,710184,0.0,1.0
2018-05-31 00:00:00+00:00,80.05,81.79,80.0,81.79,1364098,73.7822189912,75.3859799037,73.7361339075,75.3859799037,1364098,0.0,1.0
2018-06-01 00:00:00+00:00,81.0,81.54,79.98,80.45,837000,74.6578355814,75.1555544853,73.7176998741,74.1508996608,837000,0.0,1.0
2018-06-04 00:00:00+00:00,81.36,81.87,80.99,80.99,860234,74.989648184,75.4597160376,74.6486185646,74.6486185646,860234,0.0,1.0
2018-06-05 00:00:00+00:00,84.21,84.25,81.05,81.25,1223625,77.6164979544,77.6533660214,74.7039206651,74.8882609998,1223625,0.0,1.0
2018-06-06 00:00:00+00:00,85.05,85.17,83.52,84.0,982559,78.3907273604,78.5013315613,76.9805237995,77.4229406029,982559,0.0,1.0
2018-06-07 00:00:00+00:00,84.67,85.49,83.08,85.0,624271,78.0404807244,78.7962760969,76.574975063,78.3446422768,624271,0.0,1.0
2018-06-08 00:00:00+00:00,84.71,85.31,83.73,84.5,454325,78.0773487913,78.6303697956,77.174081151,77.8837914398,454325,0.0,1.0
2018-06-11 00:00:00+00:00,84.61,85.02,84.26,84.88,825609,77.985178624,78.3630763102,77.6625830381,78.2340380759,825609,0.0,1.0
2018-06-12 00:00:00+00:00,84.41,85.02,83.8,84.75,587571,77.8008382892,78.3630763102,77.2386002681,78.1142168583,587571,0.0,1.0
2018-06-13 00:00:00+00:00,83.78,84.74,83.37,84.74,1410037,77.2201662347,78.1049998416,76.8422685484,78.1049998416,1410037,0.0,1.0
2018-06-14 00:00:00+00:00,83.84,84.51,83.54,83.79,1193022,77.2754683351,77.8930084566,76.9989578329,77.2293832514,1193022,0.0,1.0
2018-06-15 00:00:00+00:00,85.47,85.55,81.75,83.5,1796507,78.7778420635,78.8515781974,75.3491118368,76.962089766,1796507,0.0,1.0
2018-06-18 00:00:00+00:00,85.04,85.82,84.36,85.14,1168375,78.3815103437,79.1004376493,77.7547532055,78.4736805111,1168375,0.0,1.0
2018-06-19 00:00:00+00:00,84.72,85.0,83.84,84.1,1483646,78.0865658081,78.3446422768,77.2754683351,77.5151107703,1483646,0.0,1.0
2018-06-20 00:00:00+00:00,84.29,85.69,84.02,85.55,819919,77.6902340883,78.9806164317,77.4413746364,78.8515781974,819919,0.0,1.0
2018-06-21 00:00:00+00:00,84.06,85.0,83.87,84.65,896966,77.4782427033,78.3446422768,77.3031193853,78.0220466909,896966,0.0,1.0
2018-06-22 00:00:00+00:00,83.77,84.53,83.34,84.53,1223512,77.2109492179,77.91144249,76.8146174982,77.91144249,1223512,0.0,1.0
2018-06-25 00:00:00+00:00,82.37,84.0,81.52,83.72,921789,75.9205668745,77.4229406029,75.1371204518,77.1648641342,921789,0.0,1.0
2018-06-26 00:00:00+00:00,82.39,83.12,81.52,82.32,868328,75.939000908,76.6118431299,75.1371204518,75.8744817909,868328,0.0,1.0
2018-06-27 00:00:00+00:00,80.87,83.03,80.74,82.67,473602,74.5380143638,76.5288899793,74.4181931462,76.1970773767,473602,0.0,1.0
2018-06-28 00:00:00+00:00,81.72,82.11,80.5,80.89,694607,75.3214607865,75.6809244393,74.1969847445,74.5564483973,694607,0.0,1.0
2018-06-29 00:00:00+00:00,80.79,82.07,80.77,81.89,1105497,74.4642782299,75.6440563724,74.4458441964,75.4781500711,1105497,0.0,1.0
2018-07-02 00:00:00+00:00,82.46,82.48,80.07,80.27,679906,76.0035200252,76.0219540587,73.8006530247,73.9849933595,679906,0.0,1.0
2018-07-03 00:00:00+00:00,82.17,82.72,81.36,82.38,484923,75.7362265398,76.2431624604,74.989648184,75.9297838913,484923,0.0,1.0
2018-07-05 00:00:00+00:00,81.75,82.62,81.4,82.4,1460277,75.3491118368,76.150992293,75.0265162509,75.9482179248,1460277,0.0,1.0
2018-07-06 00:00:00+00:00,82.91,83.12,80.93,81.96,577966,76.4182857784,76.6118431299,74.5933164642,75.5426691883,577966,0.0,1.0
2018-07-09 00:00:00+00:00,83.59,83.96,82.93,83.21,562095,77.0450429166,77.386072536,76.4367198119,76.6947962806,562095,0.0,1.0
2018-07-10 00:00:00+00:00,84.31,84.4,83.47,83.47,664284,77.7086681218,77.7916212724,76.9344387158,76.9344387158,664284,0.0,1.0
2018-07-11 00:00:00+00:00,84.01,84.29,83.17,83.92,645649,77.4321576196,77.6902340883,76.6579282136,77.349204469,645649,0.0,1.0
2018-07-12 00:00:00+00:00,85.1,85.17,83.87,84.41,834068,78.4368124441,78.5013315613,77.3031193853,77.8008382892,834068,0.0,1.0
2018-07-13 00:00:00+00:00,85.28,85.93,84.96,84.96,522513,78.6027187454,79.2018248334,78.3077742098,78.3077742098,522513,0.0,1.0
2018-07-16 00:00:00+00:00,84.94,85.81,84.77,85.39,378865,78.2893401763,79.0912206326,78.1326508918,78.7041059296,378865,0.0,1.0
2018-07-17 00:00:00+00:00,86.18,86.56,84.01,84.56,501161,79.4322502519,79.782496888,77.4321576196,77.9390935403,501161,0.0,1.0
2018-07-18 00:00:00+00:00,87.18,88.17,86.48,86.85,957310,80.3539519257,81.2664365828,79.708760754,80.0497903734,957310,0.0,1.0
2018-07-19 00:00:00+00:00,87.38,88.36,87.1,87.33,945259,80.5382922605,81.4415599009,80.2802157918,80.4922071768,945259,0.0,1.0
2018-07-20 00:00:00+00:00,86.41,87.65,86.39,87.38,542293,79.6442416369,80.7871517124,79.6258076034,80.5382922605,542293,0.0,1.0
2018-07-23 00:00:00+00:00,86.53,86.97,86.07,86.62,828890,79.7548458377,80.1603945742,79.3308630678,79.8377989884,828890,0.0,1.0
2018-07-24 00:00:00+00:00,85.1,87.42,84.89,87.01,958020,78.4368124441,80.5751603275,78.2432550926,80.1972626412,958020,0.0,1.0
2018-07-25 00:00:00+00:00,85.88,86.05,84.38,85.08,740037,79.1557397497,79.3124290343,77.773187239,78.4183784107,740037,0.0,1.0
2018-07-26 00:00:00+00:00,86.76,87.45,84.72,85.47,776612,79.9668372227,80.6028113777,78.0865658081,78.7778420635,776612,0.0,1.0
2018-07-27 00:00:00+00:00,84.67,86.9,84.38,86.79,517517,78.0404807244,80.0958754571,77.773187239,79.9944882729,517517,0.0,1.0
2018-07-30 00:00:00+00:00,83.58,84.98,83.22,84.78,553729,77.0358258999,78.3262082433,76.7040132973,78.1418679085,553729,0.0,1.0
2018-07-31 00:00:00+00:00,84.09,84.78,82.16,84.0,908229,77.5058937536,78.1418679085,75.727009523,77.4229406029,908229,0.0,1.0
2018-08-01 00:00:00+00:00,83.89,85.65,83.81,84.26,864343,77.3215534188,78.9437483648,77.2478172849,77.6625830381,864343,0.0,1.0
2018-08-02 00:00:00+00:00,87.24,87.48,82.8,83.82,1290157,80.4092540262,80.6304624279,76.3168985943,77.2570343016,1290157,0.0,1.0
2018-08-03 00:00:00+00:00,85.23,87.3,84.67,86.78,790425,78.5566336617,80.4645561266,78.0404807244,79.9852712562,790425,0.0,1.0
2018-08-06 00:00:00+00:00,85.64,85.89,84.71,84.85,541167,78.934531348,79.1649567665,78.0773487913,78.2063870257,541167,0.0,1.0
2018-08-07 00:00:00+00:00,85.98,86.59,85.65,85.65,928704,79.2479099171,79.8101479382,78.9437483648,78.9437483648,928704,0.0,1.0
2018-08-08 00:00:00+00:00,85.22,86.17,84.95,86.17,710450,78.547416645,79.4230332352,78.2985571931,79.4230332352,710450,0.0,1.0
2018-08-09 00:00:00+00:00,85.69,86.03,85.17,85.44,633465,78.9806164317,79.2939950008,78.5013315613,78.7501910132,633465,0.0,1.0
2018-08-10 00:00:00+00:00,84.65,85.56,84.36,85.08,558834,78.0220466909,78.8607952141,77.7547532055,78.4183784107,558834,0.0,1.0
2018-08-13 00:00:00+00:00,84.76,85.27,84.37,84.84,910257,78.123433875,78.5935017287,77.7639702222,78.1971700089,910257,0.0,1.0
2018-08-14 00:00:00+00:00,85.86,86.08,84.7501,85.31,1027785,79.1373057163,79.3400800845,78.1143090285,78.6303697956,1027785,0.0,1.0
2018-08-15 00:00:00+00:00,85.23,85.88,84.48,85.37,521286,78.5566336617,79.1557397497,77.8653574064,78.6856718961,521286,0.0,1.0
2018-08-16 00:00:00+00:00,85.85,86.52,85.69,85.8,471177,79.1280886995,79.745628821,78.9806164317,79.0820036158,471177,0.0,1.0
2018-08-17 00:00:00+00:00,85.98,86.4,85.55,86.02,1139866,79.2479099171,79.6350246201,78.8515781974,79.2847779841,1139866,0.0,1.0
2018-08-20 00:00:00+00:00,85.97,86.65,85.8,86.44,657595,79.2386929004,79.8654500386,79.0820036158,79.6718926871,657595,0.0,1.0
2018-08-21 00:00:00+00:00,86.35,86.81,85.92,86.01,1778719,79.5889395364,80.0129223064,79.1926078167,79.2755609673,1778719,0.0,1.0
2018-08-22 00:00:00+00:00,85.94,86.64,84.85,86.28,600422,79.2110418502,79.8562330219,78.2063870257,79.5244204193,600422,0.0,1.0
2018-08-23 00:00:00+00:00,86.33,86.73,85.61,85.63,729396,79.7640628545,80.1336403495,79.0988233635,79.1173022383,729396,0.21,1.0
2018-08-24 00:00:00+00:00,86.79,87.2,86.51,86.77,834699,80.1890769737,80.5678939061,79.9303727272,80.170598099,834699,0.0,1.0
2018-08-27 00:00:00+00:00,87.64,88.2,86.78,86.78,599370,80.9744291505,81.4918376435,80.1798375363,80.1798375363,599370,0.0,1.0
2018-08-28 00:00:00+00:00,88.12,88.26,87.06,87.57,479064,81.4179221445,81.5472742678,80.4385417828,80.9097530889,479064,0.0,1.0
2018-08-29 00:00:00+00:00,88.35,88.81,88.12,88.35,423696,81.6304292041,82.0554433234,81.4179221445,81.6304292041,423696,0.0,1.0
2018-08-30 00:00:00+00:00,87.63,88.46,87.33,88.17,656600,80.9651897132,81.7320630153,80.6880065919,81.4641193314,656600,0.0,1.0
2018-08-31 00:00:00+00:00,87.56,87.89,87.39,87.49,556280,80.9005136515,81.2054150849,80.7434432162,80.8358375899,556280,0.0,1.0
2018-09-04 00:00:00+00:00,87.71,89.17,86.38,87.94,671265,81.0391052122,82.3880630688,79.8102600413,81.2516122718,671265,0.0,1.0
2018-09-05 00:00:00+00:00,87.14,87.98,86.21,87.86,718656,80.5124572818,81.2885700213,79.653189606,81.1776967728,718656,0.0,1.0
2018-09-06 00:00:00+00:00,87.47,87.81,86.54,86.82,982679,80.8173587152,81.1314995859,79.9580910393,80.2167952858,982679,0.0,1.0
2018-09-07 00:00:00+00:00,87.66,88.12,87.14,87.32,474104,80.9929080253,81.4179221445,80.5124572818,80.6787671546,474104,0.0,1.0
2018-09-10 00:00:00+00:00,88.49,88.56,87.07,87.63,416187,81.7597813274,81.824457389,80.4477812202,80.9651897132,416187,0.0,1.0
2018-09-11 00:00:00+00:00,89.68,89.86,88.055,88.49,785350,82.8592743749,83.0255842477,81.3578658016,81.7597813274,785350,0.0,1.0
2018-09-12 00:00:00+00:00,88.98,89.68,88.03,89.6,700353,82.2125137587,82.8592743749,81.3347672081,82.785358876,700353,0.0,1.0
2018-09-13 00:00:00+00:00,89.41,90.5,89.23,89.41,480079,82.6098095658,83.6169082397,82.4434996931,82.6098095658,480079,0.0,1.0
2018-09-14 00:00:00+00:00,90.15,90.47,89.71,89.76,686176,83.2935279316,83.5891899275,82.8869926871,82.9331898739,686176,0.0,1.0
2018-09-17 00:00:00+00:00,88.89,90.48,88.82,90.01,652657,82.1293588224,83.5984293649,82.0646827607,83.1641758083,652657,0.0,1.0
2018-09-18 00:00:00+00:00,89.27,90.17,88.0,88.7,1068303,82.4804574426,83.3120068063,81.307048896,81.9538095122,1068303,0.0,1.0
2018-09-19 00:00:00+00:00,89.05,89.77,88.73,89.5,1135844,82.2771898204,82.9424293113,81.9815278244,82.6929645022,1135844,0.0,1.0
2018-09-20 00:00:00+00:00,89.11,89.52,88.84,89.32,1291736,82.3326264446,82.711443377,82.0831616355,82.5266546295,1291736,0.0,1.0
2018-09-21 00:00:00+00:00,89.08,90.34,88.85,89.04,1404096,82.3049081325,83.4690772417,82.0924010729,82.267950383,1404096,0.0,1.0
2018-09-24 00:00:00+00:00,88.98,89.12,87.66,88.87,1178066,82.2125137587,82.341865882,80.9929080253,82.1108799476,1178066,0.0,1.0
2018-09-25 00:00:00+00:00,89.18,89.31,88.05,89.22,1578989,82.3973025062,82.5174151921,81.3532460829,82.4342602557,1578989,0.0,1.0
2018-09-26 00:00:00+00:00,88.65,89.92,88.48,89.36,542830,81.9076123254,83.0810208719,81.75054189,82.563612379,542830,0.0,1.0
2018-09-27 00:00:00+00:00,88.4,89.19,88.28,88.97,515057,81.676626391,82.4065419436,81.5657531425,82.2032743214,515057,0.0,1.0
2018-09-28 00:00:00+00:00,88.92,89.16,88.09,88.21,648646,82.1570771345,82.3788236315,81.3902038324,81.5010770809,648646,0.0,1.0
2018-10-01 00:00:00+00:00,87.97,89.27,87.82,89.23,667355,81.2793305839,82.4804574426,81.1407390233,82.4434996931,667355,0.0,1.0
2018-10-02 00:00:00+00:00,87.47,88.32,87.28,87.77,681008,80.8173587152,81.602710892,80.6418094051,81.0945418364,681008,0.0,1.0
2018-10-03 00:00:00+00:00,88.3,88.35,87.07,87.51,879884,81.5842320173,81.6304292041,80.4477812202,80.8543164647,879884,0.0,1.0
2018-10-04 00:00:00+00:00,86.4,88.18,86.18,88.18,775144,79.8287389161,81.4733587688,79.6254712939,81.4733587688,775144,0.0,1.0
2018-10-05 00:00:00+00:00,85.67,87.31,84.99,86.32,807370,79.1542599878,80.6695277172,78.5259782463,79.7548234171,807370,0.0,1.0
2018-10-08 00:00:00+00:00,83.75,85.3,82.87,85.09,1288399,77.3802880118,78.8124008049,76.5672175229,78.61837262,1288399,0.0,1.0
2018-10-09 00:00:00+00:00,84.47,85.0,83.57,84.16,798798,78.0455275028,78.5352176837,77.2139781391,77.7591049442,798798,0.0,1.0
2018-10-10 00:00:00+00:00,81.35,84.06,80.79,84.0,1223319,75.1628230419,77.6667105705,74.645414549,77.6112739462,1223319,0.0,1.0
2018-10-11 00:00:00+00:00,80.37,82.2,80.31,81.05,926881,74.2573581792,75.9481752188,74.201921555,74.8856399207,926881,0.0,1.0
2018-10-12 00:00:00+00:00,82.37,83.4,80.86,82.06,674470,76.1052456542,77.0569077037,74.7100906106,75.8188230955,674470,0.0,1.0
2018-10-15 00:00:00+00:00,81.84,82.7,81.61,82.15,658903,75.6155554733,76.4101470875,75.4030484137,75.9019780319,658903,0.0,1.0
2018-10-16 00:00:00+00:00,84.46,84.58,81.93,82.51,552982,78.0362880654,78.1471613139,75.6987104097,76.2345977774,552982,0.0,1.0
2018-10-17 00:00:00+00:00,83.91,84.87,83.11,84.87,602170,77.5281190098,78.4151049978,76.7889640199,78.4151049978,602170,0.0,1.0
2018-10-18 00:00:00+00:00,83.31,84.48,82.54,83.77,538056,76.9737527674,78.0547669402,76.2623160895,77.3987668866,538056,0.0,1.0
2018-10-19 00:00:00+00:00,80.7,83.75,80.38,83.37,1096764,74.5622596126,77.3802880118,74.2665976166,77.0291893916,1096764,0.0,1.0
2018-10-22 00:00:00+00:00,82.15,82.77,80.79,80.94,606572,75.9019780319,76.4748231491,74.645414549,74.7840061096,606572,0.0,1.0
2018-10-23 00:00:00+00:00,83.16,83.44,80.03,81.04,943073,76.8351612067,77.0938654532,73.9432173085,74.8764004833,943073,0.0,1.0
2018-10-24 00:00:00+00:00,80.47,83.42,80.44,83.01,1680040,74.349752553,77.0753865785,74.3220342409,76.6965696461,1680040,0.0,1.0
2018-10-25 00:00:00+00:00,81.02,81.8,80.26,81.13,772656,74.8579216086,75.5785977238,74.1557243681,74.9595554197,772656,0.0,1.0
2018-10-26 00:00:00+00:00,79.67,80.91,78.74,79.93,833690,73.610597563,74.7562877975,72.7513298872,73.8508229348,833690,0.0,1.0
2018-10-29 00:00:00+00:00,78.66,81.94,77.75,80.43,956098,72.6774143882,75.707949847,71.8366255871,74.3127948035,956098,0.0,1.0
2018-10-30 00:00:00+00:00,80.26,80.98,78.61,78.84,1167304,74.1557243681,74.8209638591,72.6312172013,72.8437242609,1167304,0.0,1.0
2018-10-31 00:00:00+00:00,90.01,92.18,84.0,85.32,3432560,83.1641758083,85.1691337186,77.6112739462,78.8308796796,3432560,0.0,1.0
2018-11-01 00:00:00+00:00,89.23,92.03,89.03,89.51,1456627,82.4434996931,85.030542158,82.2587109456,82.7022039396,1456627,0.0,1.0
2018-11-02 00:00:00+00:00,88.04,90.15,87.45,89.65,1355909,81.3440066455,83.2935279316,80.7988798404,82.8315560628,1355909,0.0,1.0
2018-11-05 00:00:00+00:00,87.71,88.34,86.66,88.16,1161483,81.0391052122,81.6211897668,80.0689642878,81.454879894,1161483,0.0,1.0
2018-11-06 00:00:00+00:00,88.02,88.17,86.89,87.21,1313806,81.3255277708,81.4641193314,80.2814713474,80.5771333434,1313806,0.0,1.0
2018-11-07 00:00:00+00:00,90.2,90.35,87.99,88.81,1400767,83.3397251184,83.478316679,81.2978094586,82.0554433234,1400767,0.0,1.0
2018-11-08 00:00:00+00:00,91.73,91.77,89.01,90.16,1170556,84.7533590367,84.7903167862,82.2402320709,83.3027673689,1170556,0.0,1.0
2018-11-09 00:00:00+00:00,91.08,91.49,90.07,90.61,752267,84.1527956074,84.5316125397,83.2196124326,83.7185420508,752267,0.0,1.0
2018-11-12 00:00:00+00:00,89.19,91.24,88.53,90.14,631545,82.4065419436,84.3006266054,81.7967390769,83.2842884942,631545,0.0,1.0
2018-11-13 00:00:00+00:00,89.64,90.18,88.78,89.35,752520,82.8223166254,83.3212462437,82.0277250112,82.5543729416,752520,0.0,1.0
2018-11-14 00:00:00+00:00,87.23,90.54,87.2,90.14,1075088,80.5956122182,83.6538659892,80.5678939061,83.2842884942,1075088,0.0,1.0
2018-11-15 00:00:00+00:00,88.56,88.65,86.38,87.1,824491,81.824457389,81.9076123254,79.8102600413,80.4754995323,824491,0.0,1.0
2018-11-16 00:00:00+00:00,89.44,90.1,87.25,87.84,629093,82.637527878,83.2473307447,80.6140910929,81.159217898,629093,0.0,1.0
2018-11-19 00:00:00+00:00,87.86,89.9,87.46,89.34,591234,81.1776967728,83.0625419972,80.8081192778,82.5451335042,591234,0.0,1.0
2018-11-20 00:00:00+00:00,86.0,87.41,85.2,86.0,836343,79.4591614211,80.7619220909,78.7200064311,79.4591614211,836343,0.0,1.0
2018-11-21 00:00:00+00:00,86.73,88.99,85.47,86.79,1048162,80.1336403495,82.2217531961,78.9694712403,80.1890769737,1048162,0.0,1.0
2018-11-23 00:00:00+00:00,87.87,88.19,85.9,86.02,295437,81.4594996127,81.7561542147,79.6332197193,79.744465195,295437,0.295,1.0
2018-11-26 00:00:00+00:00,89.75,90.03,87.91,88.5,1419136,83.2023453993,83.4619181761,81.496581438,82.0435383604,1419136,0.0,1.0
2018-11-27 00:00:00+00:00,88.77,89.76,88.62,89.43,1662421,82.2938406808,83.2116158557,82.1547838361,82.9056907974,1662421,0.0,1.0
2018-11-28 00:00:00+00:00,91.1,91.92,89.02,89.32,984813,84.4538570014,85.214034419,82.5256020886,82.8037157779,984813,0.0,1.0
2018-11-29 00:00:00+00:00,92.39,93.08,90.81,91.45,859921,85.6497458657,86.2894073512,84.1850137684,84.7783229724,859921,0.0,1.0
2018-11-30 00:00:00+00:00,92.68,93.92,92.33,92.55,1648718,85.9185890987,87.0681256814,85.5941231278,85.7980731667,1648718,0.0,1.0
2018-12-03 00:00:00+00:00,95.97,95.97,93.09,93.5,2039792,88.9685692253,88.9685692253,86.2986778075,86.6787665163,2039792,0.0,1.0
2018-12-04 00:00:00+00:00,93.85,96.75,93.69,95.56,1650646,87.0032324872,89.6916648177,86.8549051862,88.5884805166,1650646,0.0,1.0
2018-12-06 00:00:00+00:00,95.54,95.69,91.63,91.99,1273745,88.5699396039,88.7089964486,84.945191186,85.2789276132,1273745,0.0,1.0
2018-12-07 00:00:00+00:00,91.48,95.95,91.06,95.84,1665988,84.8061343413,88.9500283127,84.4167751762,88.8480532933,1665988,0.0,1.0
2018-12-10 00:00:00+00:00,90.62,92.56,90.22,90.75,1718599,84.0088750985,85.807343623,83.638056846,84.1293910305,1718599,0.0,1.0
2018-12-11 00:00:00+00:00,90.79,92.84,90.36,92.22,1161874,84.1664728558,86.0669163997,83.7678432344,85.4921481084,1161874,0.0,1.0
2018-12-12 00:00:00+00:00,91.55,93.24,90.96,91.67,1093348,84.8710275355,86.4377346522,84.3240706131,84.9822730112,1093348,0.0,1.0
2018-12-13 00:00:00+00:00,89.81,92.75,89.53,91.75,1235780,83.2579681372,85.9834822929,82.9983953605,85.0564366617,1235780,0.0,1.0
2018-12-14 00:00:00+00:00,87.71,91.48,87.65,89.45,1458416,81.3111723117,84.8061343413,81.2555495738,82.92423171,1458416,0.0,1.0
2018-12-17 00:00:00+00:00,84.73,87.63,84.28,87.22,1239850,78.5485763308,81.2370086612,78.1314057967,80.8569199524,1239850,0.0,1.0
2018-12-18 00:00:00+00:00,85.04,86.27,84.35,85.57,1046512,78.8359604764,79.9762266028,78.1962989909,79.327294661,1046512,0.0,1.0
2018-12-19 00:00:00+00:00,84.25,86.48,83.22,84.65,1320775,78.1035944278,80.1709061853,77.1487374277,78.4744126803,1320775,0.0,1.0
2018-12-20 00:00:00+00:00,80.58,84.12,79.18,83.82,1409018,74.7013369613,77.9830784957,73.4034730777,77.7049648064,1409018,0.0,1.0
2018-12-21 00:00:00+00:00,77.31,81.07,76.86,80.57,2090340,71.6698977473,75.1555893206,71.2527272133,74.692066505,2090340,0.0,1.0
2018-12-24 00:00:00+00:00,75.33,77.68,75.31,77.0,543587,69.8343473976,72.0129046309,69.815806485,71.3825136017,543587,0.0,1.0
2018-12-26 00:00:00+00:00,79.67,79.81,74.32,75.8,943359,73.8577254369,73.9875118253,68.8980313101,70.2700588442,943359,0.0,1.0
2018-12-27 00:00:00+00:00,79.46,79.5,76.97,78.49,688370,73.6630458544,73.7001276796,71.3547022327,72.7638115921,688370,0.0,1.0
2018-12-28 00:00:00+00:00,79.75,82.0,78.76,80.19,774599,73.9318890874,76.0177417576,73.0141139126,74.3397891652,774599,0.0,1.0
2018-12-31 00:00:00+00:00,81.05,81.18,79.81,80.5,788517,75.137048408,75.25756434,73.9875118253,74.6271733108,788517,0.0,1.0
2019-01-02 00:00:00+00:00,79.17,80.23,78.76,79.68,854238,73.3942026213,74.3768709904,73.0141139126,73.8669958933,854238,0.0,1.0
2019-01-03 00:00:00+00:00,77.13,78.87,76.59,77.7,1096755,71.5030295337,73.116088932,71.0024248929,72.0314455435,1096755,0.0,1.0
2019-01-04 00:00:00+00:00,77.88,78.73,76.07,78.15,1401368,72.1983137571,72.9863025436,70.5203611647,72.4486160775,1401368,0.0,1.0
2019-01-07 00:00:00+00:00,77.57,78.95,77.26,78.21,1360621,71.9109296114,73.1902525825,71.6235454658,72.5042388154,1360621,0.0,1.0
2019-01-08 00:00:00+00:00,80.27,80.5,78.13,78.2,1321989,74.4139528157,74.6271733108,72.4300751649,72.4949683591,1321989,0.0,1.0
2019-01-09 00:00:00+00:00,81.33,92.57,80.77,92.57,960252,75.3966211847,85.8166140793,74.8774756313,85.8166140793,960252,0.0,1.0
2019-01-10 00:00:00+00:00,81.94,82.36,79.75,80.65,629210,75.9621190197,76.3514781848,73.9318890874,74.7662301555,629210,0.0,1.0
2019-01-11 00:00:00+00:00,80.59,82.85,80.43,81.8,1192900,74.7106074176,76.8057305441,74.5622801166,75.8323326314,1192900,0.0,1.0
2019-01-14 00:00:00+00:00,79.24,80.58,79.22,80.32,1051593,73.4590958155,74.7013369613,73.4405549029,74.4603050972,1051593,0.0,1.0
2019-01-15 00:00:00+00:00,80.49,80.53,79.08,79.69,1418520,74.6179028545,74.6549846798,73.3107685145,73.8762663496,1418520,0.0,1.0
2019-01-16 00:00:00+00:00,80.53,81.66,80.44,80.93,753911,74.6549846798,75.702546243,74.571550573,75.0258029322,753911,0.0,1.0
2019-01-17 00:00:00+00:00,80.76,81.09,79.98,79.98,809187,74.8682051749,75.1741302332,74.1451095826,74.1451095826,809187,0.0,1.0
2019-01-18 00:00:00+00:00,81.69,82.14,80.77,81.23,913239,75.7303576119,76.147528146,74.8774756313,75.3039166216,913239,0.0,1.0
2019-01-22 00:00:00+00:00,80.33,81.83,79.77,81.47,812968,74.4695755535,75.8601440003,73.9504300001,75.5264075731,812968,0.0,1.0
2019-01-23 00:00:00+00:00,81.39,82.27,80.01,80.82,955756,75.4522439226,76.268044078,74.1729209515,74.9238279128,955756,0.0,1.0
2019-01-24 00:00:00+00:00,81.16,82.32,81.11,81.48,719842,75.2390234274,76.3143963596,75.1926711459,75.5356780294,719842,0.0,1.0
2019-01-25 00:00:00+00:00,81.96,82.59,81.13,81.96,871348,75.9806599324,76.56469868,75.2112120585,75.9806599324,871348,0.0,1.0
2019-01-28 00:00:00+00:00,82.07,82.37,80.85,80.87,1094075,76.0826349518,76.3607486412,74.9516392817,74.9701801944,1094075,0.0,1.0
2019-01-29 00:00:00+00:00,81.92,82.72,81.73,82.09,536561,75.9435781071,76.6852146121,75.7674394372,76.1011758644,536561,0.0,1.0
2019-01-30 00:00:00+00:00,82.98,83.1,81.57,82.53,477439,76.9262464762,77.0374919519,75.6191121362,76.5090759421,477439,0.0,1.0
2019-01-31 00:00:00+00:00,83.27,83.59,82.44,82.96,1082961,77.1950897092,77.4917443112,76.4256418353,76.9077055636,1082961,0.0,1.0
2019-02-01 00:00:00+00:00,83.55,84.01,82.76,83.55,667576,77.454662486,77.8811034763,76.7222964373,77.454662486,667576,0.0,1.0
2019-02-04 00:00:00+00:00,84.19,84.48,83.31,83.98,625423,78.0479716899,78.316814923,77.2321715345,77.8532921074,625423,0.0,1.0
2019-02-05 00:00:00+00:00,85.53,85.72,84.28,84.45,1220821,79.2902128357,79.4663515056,78.1314057967,78.289003554,1220821,0.0,1.0
2019-02-06 00:00:00+00:00,85.39,85.84,84.76,85.65,1004796,79.1604264474,79.5775969814,78.5763876997,79.4014583115,1004796,0.0,1.0
2019-02-07 00:00:00+00:00,91.08,91.21,87.0,87.02,1854685,84.4353160888,84.5558320209,80.6529699136,80.6715108262,1854685,0.0,1.0
2019-02-08 00:00:00+00:00,90.31,90.9,88.02,90.9,1148819,83.7214909528,84.2684478752,81.5985564574,84.2684478752,1148819,0.0,1.0
2019-02-11 00:00:00+00:00,90.51,91.5,90.02,90.2,897010,83.906900079,84.8246752539,83.4526477198,83.6195159334,897010,0.0,1.0
2019-02-12 00:00:00+00:00,92.72,92.86,90.69,90.69,1166625,85.955670924,86.0854573123,84.0737682927,84.0737682927,1166625,0.0,1.0
2019-02-13 00:00:00+00:00,92.71,93.16,92.0,93.0,829510,85.9464004677,86.3635710017,85.2881980695,86.2152437007,829510,0.0,1.0
2019-02-14 00:00:00+00:00,93.85,94.32,92.39,92.66,829233,87.0032324872,87.4389439339,85.6497458657,85.9000481861,829233,0.0,1.0
2019-02-15 00:00:00+00:00,94.84,94.85,93.5,93.89,903816,87.9210076621,87.9302781184,86.6787665163,87.0403143125,903816,0.0,1.0
2019-02-19 00:00:00+00:00,94.68,94.98,93.85,94.41,711569,87.7726803611,88.0507940505,87.0032324872,87.5223780407,711569,0.0,1.0
2019-02-20 00:00:00+00:00,94.79,95.33,94.15,94.56,969572,87.8746553805,88.3752600214,87.2813461766,87.6614348854,969572,0.0,1.0
2019-02-21 00:00:00+00:00,95.0,95.235,94.38,94.83,560267,88.0693349631,88.2871906864,87.4945666718,87.9117372058,560267,0.0,1.0
2019-02-22 00:00:00+00:00,95.75,96.11,94.89,95.28,497211,89.0380976477,89.3728622968,88.238382097,88.6010438002,497211,0.295,1.0
2019-02-25 00:00:00+00:00,95.57,97.0599,95.47,96.2,626746,88.8707153231,90.2561760196,88.7777251428,89.4565534591,626746,0.0,1.0
2019-02-26 00:00:00+00:00,95.27,95.79,94.85,95.11,1291917,88.5917447822,89.0752937198,88.2011860249,88.4429604937,1291917,0.0,1.0
2019-02-27 00:00:00+00:00,94.94,95.17,94.06,94.71,428154,88.2848771872,88.4987546019,87.4665636004,88.0709997725,428154,0.0,1.0
2019-02-28 00:00:00+00:00,93.89,94.87,93.85,94.87,555179,87.3084802939,88.2197840609,87.2712842218,88.2197840609,555179,0.0,1.0
2019-03-01 00:00:00+00:00,94.83,94.9,93.56,94.25,589917,88.1825879888,88.247681115,87.0016126989,87.643244943,589917,0.0,1.0
2019-03-04 00:00:00+00:00,94.26,95.5,93.35,95.0,527393,87.6525439611,88.8056221969,86.8063333202,88.3406712954,527393,0.0,1.0
2019-03-05 00:00:00+00:00,93.84,94.93,93.7,94.43,628233,87.2619852037,88.2755781691,87.1317989513,87.8106272676,628233,0.0,1.0
2019-03-06 00:00:00+00:00,93.21,94.33,93.21,93.98,609030,86.6761470678,87.7176370873,86.6761470678,87.3921714562,609030,0.0,1.0
2019-03-07 00:00:00+00:00,91.73,92.83,91.16,92.83,678108,85.2998923992,86.3227843826,84.7698483714,86.3227843826,678108,0.0,1.0
2019-03-08 00:00:00+00:00,92.3,92.36,90.53,90.8,478612,85.829936427,85.8857305351,84.1840102355,84.4350837223,478612,0.0,1.0
2019-03-11 00:00:00+00:00,94.71,94.76,92.37,92.56,893194,88.0709997725,88.1174948626,85.8950295532,86.0717108958,893194,0.0,1.0
2019-03-12 00:00:00+00:00,95.99,96.12,94.63,95.07,697895,89.2612740804,89.3821613148,87.9966076282,88.4057644216,697895,0.0,1.0
2019-03-13 00:00:00+00:00,96.97,97.4,96.16,96.35,823706,90.1725778475,90.5724356228,89.419357387,89.5960387295,823706,0.0,1.0
2019-03-14 00:00:00+00:00,96.62,97.0,96.1,96.78,580648,89.8471122164,90.2004749016,89.3635632788,89.9958965049,580648,0.0,1.0
2019-03-15 00:00:00+00:00,97.82,97.82,96.4461,96.88,1238372,90.9629943801,90.9629943801,89.6854022928,90.0888866852,1238372,0.0,1.0
2019-03-18 00:00:00+00:00,97.03,98.02,96.31,97.62,647809,90.2283719557,91.1489747407,89.5588426574,90.7770140195,647809,0.0,1.0
2019-03-19 00:00:00+00:00,97.55,98.22,97.03,97.46,627482,90.7119208933,91.3349551014,90.2283719557,90.628229731,627482,0.0,1.0
2019-03-20 00:00:00+00:00,97.17,97.8,96.51,97.36,823076,90.3585582081,90.9443963441,89.744823018,90.5352395507,823076,0.0,1.0
2019-03-21 00:00:00+00:00,98.58,99.29,97.25,97.33,733883,91.6697197505,92.3299500307,90.4329503523,90.5073424966,733883,0.0,1.0
2019-03-22 00:00:00+00:00,95.87,98.62,95.84,98.42,693482,89.1496858641,91.7069158226,89.12178881,91.520935462,693482,0.0,1.0
2019-03-25 00:00:00+00:00,95.66,96.0,94.8,95.98,499777,88.9544064854,89.2705730985,88.1546909347,89.2519750624,499777,0.0,1.0
2019-03-26 00:00:00+00:00,95.7,96.76,95.23,96.47,1037708,88.9916025575,89.9772984688,88.5545487101,89.7076269459,1037708,0.0,1.0
2019-03-27 00:00:00+00:00,94.2,96.02,93.77,96.02,569476,87.5967498529,89.2891711345,87.1968920775,89.2891711345,569476,0.0,1.0
2019-03-28 00:00:00+00:00,95.11,95.52,93.74,94.72,625085,88.4429604937,88.824220233,87.1689950234,88.0802987905,625085,0.0,1.0
2019-03-29 00:00:00+00:00,96.37,96.67,95.49,95.83,1080055,89.6146367656,89.8936073065,88.7963231789,89.1124897919,1080055,0.0,1.0
2019-04-01 00:00:00+00:00,98.62,98.89,97.05,97.27,675305,91.7069158226,91.9579893094,90.2469699917,90.4515483884,675305,0.0,1.0
2019-04-02 00:00:00+00:00,99.27,99.8,98.17,98.6,579007,92.3113519946,92.8041999503,91.2884600112,91.6883177865,579007,0.0,1.0
2019-04-03 00:00:00+00:00,100.5,101.06,99.45,99.98,740327,93.4551312125,93.9758762222,92.4787343192,92.9715822748,740327,0.0,1.0
2019-04-04 00:00:00+00:00,100.56,100.94,100.05,100.71,585847,93.5109253206,93.8642880058,93.0366754011,93.6504105911,585847,0.0,1.0
2019-04-05 00:00:00+00:00,100.79,101.18,100.37,100.95,555890,93.7248027354,94.0874644386,93.334243978,93.8735870239,555890,0.0,1.0
2019-04-08 00:00:00+00:00,101.99,102.07,99.18,100.54,945140,94.8406848991,94.9150770433,92.2276608323,93.4923272846,945140,0.0,1.0
2019-04-09 00:00:00+00:00,101.97,102.12,101.32,101.67,609256,94.822086863,94.9615721335,94.217650691,94.5431163221,609256,0.0,1.0
2019-04-10 00:00:00+00:00,104.05,104.52,101.97,102.04,1007865,96.7562826135,97.193336461,94.822086863,94.8871799892,1007865,0.0,1.0
2019-04-11 00:00:00+00:00,106.7,107.09,104.49,104.96,904372,99.2205223917,99.5831840949,97.1654394069,97.6024932543,904372,0.0,1.0
2019-04-12 00:00:00+00:00,107.0,107.26,105.94,107.04,1201292,99.4994929327,99.7412674015,98.5137970214,99.5366890048,1201292,0.0,1.0
2019-04-15 00:00:00+00:00,108.14,108.28,106.71,107.41,1116154,100.5595809882,100.6897672406,99.2298214098,99.8807526719,1116154,0.0,1.0
2019-04-16 00:00:00+00:00,107.68,108.57,107.45,108.17,753717,100.1318261588,100.9594387635,99.9179487441,100.5874780423,753717,0.0,1.0
2019-04-17 00:00:00+00:00,105.19,107.67,104.66,107.61,698871,97.816370669,100.1225271407,97.3235227134,100.0667330326,698871,0.0,1.0
2019-04-18 00:00:00+00:00,105.39,105.68,104.69,105.61,504702,98.0023510297,98.2720225526,97.3514197675,98.2069294263,504702,0.0,1.0
2019-04-22 00:00:00+00:00,104.92,105.39,104.61,105.24,533912,97.5652971822,98.0023510297,97.2770276232,97.8628657592,533912,0.0,1.0
2019-04-23 00:00:00+00:00,106.1,106.4,104.85,105.04,738907,98.6625813099,98.9415518508,97.500204056,97.6768853986,738907,0.0,1.0
2019-04-24 00:00:00+00:00,106.38,106.98,106.25,106.25,503585,98.9229538147,99.4808948966,98.8020665803,98.8020665803,503585,0.0,1.0
2019-04-25 00:00:00+00:00,105.25,106.53,104.65,106.53,523393,97.8721647772,99.0624390852,97.3142236954,99.0624390852,523393,0.0,1.0
2019-04-26 00:00:00+00:00,105.29,105.35,104.04,104.46,542224,97.9093608493,97.9651549575,96.7469835955,97.1375423528,542224,0.0,1.0
2019-04-29 00:00:00+00:00,104.87,105.5,104.38,105.12,512445,97.518802092,98.104640228,97.0631502085,97.7512775428,512445,0.0,1.0
2019-04-30 00:00:00+00:00,105.6,105.72,104.02,104.88,836586,98.1976304083,98.3092186247,96.7283855594,97.5281011101,836586,0.0,1.0
2019-05-01 00:00:00+00:00,107.36,111.59,107.34,110.46,721457,99.8342575818,103.7677422089,99.8156595457,102.7169531714,721457,0.0,1.0
2019-05-02 00:00:00+00:00,107.72,108.81,106.42,107.31,594599,100.1690222309,101.1826151963,98.9601498869,99.7877624916,594599,0.0,1.0
2019-05-03 00:00:00+00:00,109.09,109.42,107.76,108.46,523045,101.4429877012,101.7498552962,100.206218303,100.8571495652,523045,0.0,1.0
2019-05-06 00:00:00+00:00,109.05,109.21,106.7,106.96,374991,101.405791629,101.5545759175,99.2205223917,99.4622968605,374991,0.0,1.0
2019-05-07 00:00:00+00:00,106.77,108.33,105.82,108.0,593520,99.2856155179,100.7362623308,98.402208805,100.4293947358,593520,0.0,1.0
2019-05-08 00:00:00+00:00,105.64,107.0,105.53,106.28,625831,98.2348264804,99.4994929327,98.1325372821,98.8299636344,625831,0.0,1.0
2019-05-09 00:00:00+00:00,105.39,105.55,103.37,104.8,809551,98.0023510297,98.1511353182,96.1239493874,97.4537089658,809551,0.0,1.0
2019-05-10 00:00:00+00:00,106.55,106.86,104.0,105.02,836483,99.0810371213,99.3693066802,96.7097875233,97.6582873625,836483,0.0,1.0
2019-05-13 00:00:00+00:00,102.04,105.14,101.87,104.29,747734,94.8871799892,97.7698755789,94.7290966827,96.9794590462,747734,0.0,1.0
2019-05-14 00:00:00+00:00,103.26,103.98,102.28,102.54,855999,96.021660189,96.6911894873,95.110356422,95.3521308908,855999,0.0,1.0
2019-05-15 00:00:00+00:00,104.11,104.71,102.84,102.86,593016,96.8120767217,97.3700178035,95.6311014317,95.6496994678,593016,0.0,1.0
2019-05-16 00:00:00+00:00,105.83,106.18,104.58,104.58,755525,98.411507823,98.7369734541,97.2491305691,97.2491305691,755525,0.0,1.0
2019-05-17 00:00:00+00:00,104.34,106.72,104.21,105.04,707966,97.0259541364,99.2391204278,96.905066902,97.6768853986,707966,0.0,1.0
2019-05-20 00:00:00+00:00,104.33,104.88,102.93,103.41,545235,97.0166551184,97.5281011101,95.714792594,96.1611454595,545235,0.0,1.0
2019-05-21 00:00:00+00:00,106.32,106.63,105.32,105.32,749685,98.8671597065,99.1554292655,97.9372579034,97.9372579034,749685,0.0,1.0
2019-05-22 00:00:00+00:00,106.09,106.56,105.25,106.11,558330,98.6532822918,99.0903361393,97.8721647772,98.6718803279,558330,0.0,1.0
2019-05-23 00:00:00+00:00,102.3,105.36,102.12,104.62,768365,95.40327549,98.2569805046,95.2354104891,97.5668688344,768365,0.295,1.0
2019-05-24 00:00:00+00:00,103.19,103.6,101.91,103.07,397222,96.2332746609,96.6156338295,95.0395679881,96.1213646603,397222,0.0,1.0
2019-05-28 00:00:00+00:00,102.98,104.55,102.75,103.64,992091,96.0374321599,97.5015880007,95.8229379921,96.652937163,992091,0.0,1.0
2019-05-29 00:00:00+00:00,102.97,103.52,101.78,102.62,665634,96.0281063265,96.5410271625,94.9183321541,95.7017021582,665634,0.0,1.0
2019-05-30 00:00:00+00:00,102.51,104.3,102.08,103.25,536446,95.599117991,97.2684421662,95.1981071556,96.2892296612,536446,0.0,1.0
2019-05-31 00:00:00+00:00,98.44,101.72,97.93,101.52,1066312,91.8035038048,94.8623771539,91.3278863024,94.6758604862,1066312,0.0,1.0
2019-06-03 00:00:00+00:00,99.36,99.7,98.34,98.44,1135891,92.6614804759,92.9785588108,91.710245471,91.8035038048,1135891,0.0,1.0
2019-06-04 00:00:00+00:00,102.48,102.56,100.0,100.14,818228,95.5711404908,95.6457471579,93.2583338123,93.3888954796,818228,0.0,1.0
2019-06-05 00:00:00+00:00,103.18,103.75,101.51,103.46,350494,96.2239488275,96.7555213302,94.6665346528,96.4850721622,350494,0.0,1.0
2019-06-06 00:00:00+00:00,104.22,104.7,103.16,104.06,528580,97.1938354992,97.6414755015,96.2052971608,97.0446221651,528580,0.0,1.0
2019-06-07 00:00:00+00:00,104.86,106.1,104.56,104.88,448346,97.7906888356,98.9470921748,97.5109138341,97.8093405023,448346,0.0,1.0
2019-06-10 00:00:00+00:00,106.38,107.56,105.69,105.9,565058,99.2082155095,100.3086638485,98.5647330062,98.7605755072,565058,0.0,1.0
2019-06-11 00:00:00+00:00,105.85,107.97,105.69,107.41,506638,98.7139463403,100.6910230171,98.5647330062,100.1687763478,506638,0.0,1.0
2019-06-12 00:00:00+00:00,105.37,106.33,104.83,105.45,417747,98.266306338,99.1615863426,97.7627113354,98.3409130051,417747,0.0,1.0
2019-06-13 00:00:00+00:00,106.11,106.31,105.42,106.02,646469,98.9564180082,99.1429346758,98.3129355049,98.8724855078,646469,0.0,1.0
2019-06-14 00:00:00+00:00,104.24,106.4,104.18,105.94,426375,97.2124871659,99.2268671763,97.1565321656,98.7978788407,426375,0.0,1.0
2019-06-17 00:00:00+00:00,104.21,104.95,103.4,104.22,649572,97.1845096658,97.874621336,96.4291171619,97.1938354992,649572,0.0,1.0
2019-06-18 00:00:00+00:00,104.13,106.19,104.0,105.52,630187,97.1099029987,99.0310246753,96.9886671648,98.4061938387,630187,0.0,1.0
2019-06-19 00:00:00+00:00,105.02,105.36,104.01,104.27,817710,97.9399021697,98.2569805046,96.9979929982,97.2404646661,817710,0.0,1.0
2019-06-20 00:00:00+00:00,108.11,109.32,106.1,106.48,1037768,100.8215846845,101.9500105236,98.9470921748,99.3014738433,1037768,0.0,1.0
2019-06-21 00:00:00+00:00,108.59,109.87,106.76,107.79,1799898,101.2692246868,102.4629313596,99.562597178,100.5231580163,1799898,0.0,1.0
2019-06-24 00:00:00+00:00,107.54,109.04,107.31,108.69,894032,100.2900121817,101.6888871889,100.075518014,101.3624830206,894032,0.0,1.0
2019-06-25 00:00:00+00:00,107.47,108.97,107.25,107.64,743001,100.2247313481,101.6236063552,100.0195630137,100.3832705155,743001,0.0,1.0
2019-06-26 00:00:00+00:00,108.61,108.95,107.98,108.04,579425,101.2878763535,101.6049546885,100.7003488505,100.7563038508,579425,0.0,1.0
2019-06-27 00:00:00+00:00,110.4,110.54,108.35,108.71,631266,102.9572005288,103.0877621961,101.0454046856,101.3811346873,631266,0.0,1.0
2019-06-28 00:00:00+00:00,111.0,111.42,110.04,110.91,2185679,103.5167505316,103.9084355336,102.621470527,103.4328180312,2185679,0.0,1.0
2019-07-01 00:00:00+00:00,112.53,113.59,111.41,112.95,786443,104.943603039,105.9321413774,103.8991097003,105.335288041,786443,0.0,1.0
2019-07-02 00:00:00+00:00,112.73,113.24,112.16,112.57,728811,105.1301197066,105.605737209,104.5985472039,104.9809063725,728811,0.0,1.0
2019-07-03 00:00:00+00:00,113.54,114.34,112.78,112.96,612539,105.8855122105,106.631578881,105.1767488735,105.3446138744,612539,0.0,1.0
2019-07-05 00:00:00+00:00,113.79,113.93,112.53,113.22,645621,106.118658045,106.2492197123,104.943603039,105.5870855423,645621,0.0,1.0
2019-07-08 00:00:00+00:00,110.4,113.09,110.12,113.09,719762,102.9572005288,105.4658497083,102.6960771941,105.4658497083,719762,0.0,1.0
2019-07-09 00:00:00+00:00,112.76,113.11,109.29,109.63,1241010,105.1580972067,105.4845013751,101.9220330234,102.2391113584,1241010,0.0,1.0
2019-07-10 00:00:00+00:00,112.46,113.77,111.72,113.14,827755,104.8783222053,106.1000063782,104.1882105351,105.5124788752,827755,0.0,1.0
2019-07-11 00:00:00+00:00,113.57,113.84,111.14,112.69,660760,105.9134897106,106.1652872119,103.647312199,105.0928163731,660760,0.0,1.0
2019-07-12 00:00:00+00:00,116.22,116.34,113.65,113.75,655220,108.3848355566,108.4967455572,105.9880963777,106.0813547115,655220,0.0,1.0
2019-07-15 00:00:00+00:00,115.92,116.47,115.0,116.22,985859,108.1050605552,108.6179813912,107.2470838841,108.3848355566,985859,0.0,1.0
2019-07-16 00:00:00+00:00,114.36,115.92,114.05,115.57,867556,106.6502305477,108.1050605552,106.3611297129,107.7786563869,867556,0.0,1.0
2019-07-17 00:00:00+00:00,113.48,114.6,113.38,114.14,650643,105.8295572102,106.8740505489,105.7362988764,106.4450622133,650643,0.0,1.0
2019-07-18 00:00:00+00:00,112.41,113.42,111.35,113.19,1109594,104.8316930384,105.7736022099,103.8431547,105.5591080421,1109594,0.0,1.0
2019-07-19 00:00:00+00:00,112.51,114.55,112.51,112.99,619176,104.9249513722,106.827421382,104.9249513722,105.3725913745,619176,0.0,1.0
2019-07-22 00:00:00+00:00,112.31,113.53,112.24,113.24,584178,104.7384347046,105.8761863771,104.6731538709,105.605737209,584178,0.0,1.0
2019-07-23 00:00:00+00:00,113.66,113.72,112.15,112.8,585285,105.997422211,106.0533772113,104.5892213705,105.1954005403,585285,0.0,1.0
2019-07-24 00:00:00+00:00,113.6,114.05,112.83,113.21,606821,105.9414672108,106.3611297129,105.2233780404,105.5777597089,606821,0.0,1.0
2019-07-25 00:00:00+00:00,114.21,114.49,112.46,113.0,421951,106.510343047,106.7714663817,104.8783222053,105.3819172079,421951,0.0,1.0
2019-07-26 00:00:00+00:00,114.44,115.98,114.36,115.63,418448,106.7248372148,108.1610155555,106.6502305477,107.8346113871,418448,0.0,1.0
2019-07-29 00:00:00+00:00,112.91,114.52,112.59,114.39,704588,105.2979847074,106.7994438818,104.9995580392,106.6782080479,704588,0.0,1.0
2019-07-30 00:00:00+00:00,113.58,113.97,112.11,112.56,1370667,105.922815544,106.2865230459,104.5519180369,104.9715805391,1370667,0.0,1.0
2019-07-31 00:00:00+00:00,118.16,119.72,115.2,115.2,1102781,110.1940472326,111.6488772401,107.4336005518,107.4336005518,1102781,0.0,1.0
2019-08-01 00:00:00+00:00,118.52,120.82,117.8,118.5,1312624,110.5297772343,112.674718912,109.8583172309,110.5111255676,1312624,0.0,1.0
2019-08-02 00:00:00+00:00,116.34,117.63,113.78,117.44,795490,108.4967455572,109.6997780634,106.1093322116,109.5225872291,795490,0.0,1.0
2019-08-05 00:00:00+00:00,107.53,111.84,106.85,111.69,978317,100.2806863483,104.3001205357,99.6465296784,104.1602330349,978317,0.0,1.0
2019-08-06 00:00:00+00:00,108.34,109.25,107.83,108.03,804265,101.0360788522,101.8847296899,100.5604613498,100.7469780174,804265,0.0,1.0
2019-08-07 00:00:00+00:00,108.65,109.15,105.99,106.72,634135,101.325179687,101.7914713561,98.8445080076,99.5252938445,634135,0.0,1.0
2019-08-08 00:00:00+00:00,112.7,113.07,109.5,109.96,1462567,105.1021422064,105.4471980415,102.1178755244,102.54686386,1462567,0.0,1.0
2019-08-09 00:00:00+00:00,114.73,115.35,111.03,111.93,729530,106.9952863828,107.5734880525,103.5447280318,104.3840530361,729530,0.0,1.0
2019-08-12 00:00:00+00:00,112.36,114.38,111.93,114.0,479189,104.7850638715,106.6688822145,104.3840530361,106.314500546,479189,0.0,1.0
2019-08-13 00:00:00+00:00,113.35,114.63,110.88,112.01,701882,105.7083213762,106.902028049,103.4048405311,104.4586597031,701882,0.0,1.0
2019-08-14 00:00:00+00:00,110.01,112.09,109.74,110.73,552660,102.5934930269,104.5332663702,102.3416955256,103.2649530303,552660,0.0,1.0
2019-08-15 00:00:00+00:00,108.72,110.68,108.35,109.9,512008,101.3904605207,103.2183238634,101.0454046856,102.4909088597,512008,0.0,1.0
2019-08-16 00:00:00+00:00,111.69,112.285,109.07,109.29,502195,104.1602330349,104.7151201211,101.7168646891,101.9220330234,502195,0.0,1.0
2019-08-19 00:00:00+00:00,114.31,115.89,113.03,113.35,723496,106.6036013808,108.0770830551,105.409894708,105.7083213762,723496,0.0,1.0
2019-08-20 00:00:00+00:00,113.73,115.4,113.6,114.59,371412,106.0627030447,107.6201172194,105.9414672108,106.8647247155,371412,0.0,1.0
2019-08-21 00:00:00+00:00,115.88,116.69,114.36,114.77,325084,108.0677572217,108.8231497256,106.6502305477,107.0325897164,325084,0.0,1.0
2019-08-22 00:00:00+00:00,116.52,117.95,115.32,115.96,508016,108.6646105581,109.9982047316,107.5455105523,108.1423638887,508016,0.0,1.0
2019-08-23 00:00:00+00:00,112.23,115.71,111.75,115.22,510043,104.9389401223,108.1928607462,104.4901234845,107.7346937618,510043,0.295,1.0
2019-08-26 00:00:00+00:00,112.77,114.15,111.91,114.15,603434,105.4438588398,106.7342066734,104.6397290304,106.7342066734,603434,0.0,1.0
2019-08-27 00:00:00+00:00,112.58,113.97,112.49,113.72,801917,105.266202254,106.5659004342,105.1820491344,106.3321417687,801917,0.0,1.0
2019-08-28 00:00:00+00:00,111.73,112.49,111.5,112.14,588186,104.4714227912,105.1820491344,104.256364819,104.8547870027,588186,0.0,1.0
2019-08-29 00:00:00+00:00,114.7,115.25,113.63,113.63,768210,107.2484757375,107.7627448017,106.2479886491,106.2479886491,768210,0.0,1.0
2019-08-30 00:00:00+00:00,115.5,116.5,113.59,115.53,1100016,107.9965034672,108.9315381292,106.2105872627,108.024554507,1100016,0.0,1.0
2019-09-03 00:00:00+00:00,116.02,116.33,113.95,115.52,709694,108.4827214915,108.7725822367,106.547199741,108.0152041604,709694,0.0,1.0
2019-09-04 00:00:00+00:00,118.06,118.65,116.7,117.02,903840,110.390192202,110.9418626527,109.1185450617,109.4177561535,903840,0.0,1.0
2019-09-05 00:00:00+00:00,118.47,119.99,117.59,119.27,581716,110.7735564135,112.1948090998,109.9507259109,111.5215841431,581716,0.0,1.0
2019-09-06 00:00:00+00:00,118.39,118.91,117.55,118.91,659686,110.6987536405,111.1849716648,109.9133245244,111.1849716648,659686,0.0,1.0
2019-09-09 00:00:00+00:00,117.51,119.32,116.65,119.0,590434,109.8759231379,111.5683358762,109.0717933285,111.2691247844,590434,0.0,1.0
2019-09-10 00:00:00+00:00,111.5,116.87,110.76,116.65,968372,104.256364819,109.2775009542,103.5644391691,109.0717933285,968372,0.0,1.0
2019-09-11 00:00:00+00:00,112.81,112.92,110.09,111.75,695611,105.4812602263,105.5841140391,102.9379659455,104.4901234845,695611,0.0,1.0
2019-09-12 00:00:00+00:00,114.32,114.62,111.06,112.78,661024,106.893162566,107.1736729646,103.8449495677,105.4532091864,661024,0.0,1.0
2019-09-13 00:00:00+00:00,111.71,113.98,110.97,113.89,957505,104.452722098,106.5752507809,103.7607964481,106.4910976613,957505,0.0,1.0
2019-09-16 00:00:00+00:00,113.0,116.02,110.52,111.6,1174015,105.6589168121,108.4827214915,103.3400308502,104.3498682852,1174015,0.0,1.0
2019-09-17 00:00:00+00:00,113.8,114.62,111.0,112.68,750369,106.4069445417,107.1736729646,103.7888474879,105.3597057202,750369,0.0,1.0
2019-09-18 00:00:00+00:00,120.38,122.2,118.79,121.0,7404823,112.559472618,114.2612357029,111.0727675053,113.1391941085,7404823,0.0,1.0
2019-09-19 00:00:00+00:00,121.8,122.91,119.64,119.89,3156042,113.8872218381,114.925110313,111.8675469681,112.1013056336,3156042,0.0,1.0
2019-09-20 00:00:00+00:00,121.06,122.39,118.84,122.07,26561193,113.1952961882,114.4388922887,111.1195192384,114.1396811969,26561193,0.0,1.0
2019-09-23 00:00:00+00:00,119.34,121.76,119.21,120.88,2561593,111.5870365695,113.8498204516,111.4654820634,113.026989949,2561593,0.0,1.0
2019-09-24 00:00:00+00:00,118.66,120.47,117.26,119.57,2165122,110.9512129993,112.6436257376,109.6421644724,111.8020945417,2165122,0.0,1.0
2019-09-25 00:00:00+00:00,121.52,121.79,117.05,118.47,1663825,113.6254121327,113.8778714915,109.4458071934,110.7735564135,1663825,0.0,1.0
2019-09-26 00:00:00+00:00,123.4,124.34,120.13,121.52,1806326,115.3832772974,116.2622098797,112.3257139525,113.6254121327,1806326,0.0,1.0
2019-09-27 00:00:00+00:00,121.79,124.08,120.94,123.14,1729240,113.8778714915,116.0191008676,113.0830920288,115.1401682853,1729240,0.0,1.0
2019-09-30 00:00:00+00:00,123.24,123.52,121.65,122.42,1716602,115.2336717515,115.4954814569,113.7469666388,114.4669433286,1716602,0.0,1.0
2019-10-01 00:00:00+00:00,121.12,124.52,121.1,123.43,1309953,113.2513982679,116.4305161189,113.2326975747,115.4113283373,1309953,0.0,1.0
2019-10-02 00:00:00+00:00,119.82,121.3,118.9,121.29,1479234,112.0358532073,113.4197045071,111.1756213182,113.4103541605,1479234,0.0,1.0
2019-10-03 00:00:00+00:00,119.68,120.78,117.55,119.64,1182724,111.9049483546,112.9334864828,109.9133245244,111.8675469681,1182724,0.0,1.0
2019-10-04 00:00:00+00:00,122.4,122.61,119.84,120.01,1475773,114.4482426354,114.6445999144,112.0545539005,112.213509793,1475773,0.0,1.0
2019-10-07 00:00:00+00:00,123.12,124.11,121.05,122.34,888801,115.121467592,116.0471519075,113.1859458416,114.3921405556,888801,0.0,1.0
2019-10-08 00:00:00+00:00,122.99,124.06,121.45,121.93,1881903,114.999913086,116.0004001744,113.5599597064,114.0087763442,1881903,0.0,1.0
2019-10-09 00:00:00+00:00,121.8,123.86,120.92,123.86,1479388,113.8872218381,115.813393242,113.0643913355,115.813393242,1479388,0.0,1.0
2019-10-10 00:00:00+00:00,122.54,122.85,121.0,121.34,1371476,114.579147488,114.8690082333,113.1391941085,113.4571058936,1371476,0.0,1.0
2019-10-11 00:00:00+00:00,124.41,125.41,123.24,123.97,793175,116.3276623061,117.2626969681,115.2336717515,115.9162470548,793175,0.0,1.0
2019-10-14 00:00:00+00:00,123.33,124.4,123.2,123.62,946486,115.3178248711,116.3183119595,115.196270365,115.5889849231,946486,0.0,1.0
2019-10-15 00:00:00+00:00,123.36,124.34,123.0,123.33,957177,115.3458759109,116.2622098797,115.0092634326,115.3178248711,957177,0.0,1.0
2019-10-16 00:00:00+00:00,123.67,124.93,123.01,123.37,802929,115.6357366562,116.8138803304,115.0186137792,115.3552262575,802929,0.0,1.0
2019-10-17 00:00:00+00:00,123.97,124.75,122.78,123.92,643804,115.9162470548,116.6455740912,114.8035558069,115.8694953217,643804,0.0,1.0
2019-10-18 00:00:00+00:00,123.91,125.0,122.7,124.43,761888,115.8601449751,116.8793327567,114.728753034,116.3463629993,761888,0.0,1.0
2019-10-21 00:00:00+00:00,124.06,125.22,123.93,124.36,727664,116.0004001744,117.0850403823,115.8788456683,116.280910573,727664,0.0,1.0
2019-10-22 00:00:00+00:00,122.41,124.98,122.21,124.89,818470,114.457592982,116.8606320635,114.2705860496,116.7764789439,818470,0.0,1.0
2019-10-23 00:00:00+00:00,123.04,123.26,121.75,122.1,853475,115.0466648191,115.2523724447,113.840470105,114.1677322367,853475,0.0,1.0
2019-10-24 00:00:00+00:00,124.45,124.51,122.94,124.03,773697,116.3650636926,116.4211657723,114.9531613529,115.9723491345,773697,0.0,1.0
2019-10-25 00:00:00+00:00,124.86,125.06,123.54,123.85,754448,116.748427904,116.9354348364,115.5141821501,115.8040428953,754448,0.0,1.0
2019-10-28 00:00:00+00:00,125.99,127.01,125.65,126.08,1103315,117.8050170721,118.7587524274,117.487105287,117.8891701917,1103315,0.0,1.0
2019-10-29 00:00:00+00:00,126.18,127.25,125.11,125.12,941623,117.9826736579,118.9831607463,116.9821865695,116.9915369161,941623,0.0,1.0
2019-10-30 00:00:00+00:00,127.38,127.51,124.91,126.15,1035225,119.1047152524,119.2262697585,116.7951796371,117.9546226181,1035225,0.0,1.0
2019-10-31 00:00:00+00:00,127.91,132.35,127.42,131.5,1672991,119.6002836233,123.7518375228,119.1421166389,122.95705806,1672991,0.0,1.0
2019-11-01 00:00:00+00:00,131.2,131.4,128.47,128.96,1067143,122.6765476614,122.8635545938,120.123903034,120.5820700184,1067143,0.0,1.0
2019-11-04 00:00:00+00:00,131.8,133.44,131.41,132.34,1297610,123.2375684587,124.7710253044,122.8729049405,123.7424871762,1297610,0.0,1.0
2019-11-05 00:00:00+00:00,135.81,136.31,131.59,131.99,1203487,126.9870574535,127.4545747845,123.0412111796,123.4152250444,1203487,0.0,1.0
2019-11-06 00:00:00+00:00,132.96,135.6,132.35,135.2,1286766,124.3222086666,126.7907001745,123.7518375228,126.4166863096,1286766,0.0,1.0
2019-11-07 00:00:00+00:00,132.93,134.04,132.41,132.81,1010982,124.2941576268,125.3320461017,123.8079396025,124.1819534673,1010982,0.0,1.0
2019-11-08 00:00:00+00:00,133.52,134.1,132.01,132.48,725925,124.8458280774,125.3881481814,123.4339257377,123.8733920289,725925,0.0,1.0
2019-11-11 00:00:00+00:00,134.11,134.53,132.6,132.98,820039,125.397498528,125.7902130861,123.9855961883,124.3409093599,820039,0.0,1.0
2019-11-12 00:00:00+00:00,133.82,134.45,132.25,133.77,955463,125.126338476,125.7154103131,123.6583340566,125.0795867429,955463,0.0,1.0
2019-11-13 00:00:00+00:00,135.48,135.57,133.13,133.25,919787,126.678496015,126.7626491346,124.4811645592,124.5933687186,919787,0.0,1.0
2019-11-14 00:00:00+00:00,132.82,135.25,132.55,134.81,1063278,124.191303814,126.4634380427,123.9388444552,126.0520227914,1063278,0.0,1.0
2019-11-15 00:00:00+00:00,136.55,136.63,133.4,134.19,1008349,127.6789831034,127.7537858764,124.7336239179,125.472301301,1008349,0.0,1.0
2019-11-18 00:00:00+00:00,137.64,137.9,135.71,136.1,585464,128.6981708851,128.9412798972,126.8935539873,127.2582175055,585464,0.0,1.0
2019-11-19 00:00:00+00:00,137.8,138.88,137.55,138.78,649204,128.847776431,129.857613866,128.6140177655,129.7641103998,649204,0.0,1.0
2019-11-20 00:00:00+00:00,137.7,138.79,136.7,137.35,715785,128.7542729648,129.7734607464,127.8192383027,128.4270108331,715785,0.0,1.0
2019-11-21 00:00:00+00:00,137.59,137.81,136.35,137.6,697604,128.6514191519,128.8571267776,127.491976171,128.6607694986,697604,0.0,1.0
2019-11-22 00:00:00+00:00,136.44,137.84,136.18,137.79,629703,127.9314424622,129.2441368293,127.6876563654,129.1972548876,629703,0.38,1.0
2019-11-25 00:00:00+00:00,138.02,138.49,136.36,137.04,762345,129.4129118193,129.8536020711,127.8564313555,128.4940257624,762345,0.0,1.0
2019-11-26 00:00:00+00:00,136.99,138.38,136.81,137.92,866209,128.4471438207,129.7504617994,128.2783688306,129.319147936,866209,0.0,1.0
2019-11-27 00:00:00+00:00,136.45,137.25,133.98,137.25,781244,127.9408188505,128.6909299174,125.6248509314,128.6909299174,781244,0.0,1.0
2019-11-29 00:00:00+00:00,135.05,136.88,134.84,136.04,548992,126.6281244834,128.344003549,126.4312203283,127.5563869287,548992,0.0,1.0
2019-12-02 00:00:00+00:00,134.08,135.9,133.24,135.9,1276883,125.7186148148,127.425117492,124.9309981945,127.425117492,1276883,0.0,1.0
2019-12-03 00:00:00+00:00,133.14,133.42,130.82,132.27,808468,124.8372343111,125.0997731846,122.6619122171,124.0214885259,808468,0.0,1.0
2019-12-04 00:00:00+00:00,135.33,135.91,134.29,134.47,629999,126.8906633568,127.4344938803,125.9155189698,126.0842939599,629999,0.0,1.0
2019-12-05 00:00:00+00:00,134.42,135.84,134.28,135.5,477580,126.0374120182,127.368859162,125.9061425815,127.0500619585,477580,0.0,1.0
2019-12-06 00:00:00+00:00,136.66,136.89,135.05,135.32,699545,128.1377230056,128.3533799373,126.6281244834,126.8812869685,699545,0.0,1.0
2019-12-09 00:00:00+00:00,134.34,136.59,134.2,136.37,720067,125.9624009115,128.0720882872,125.8311314748,127.8658077438,720067,0.0,1.0
2019-12-10 00:00:00+00:00,135.75,135.82,134.0,134.16,540095,127.284471667,127.3501063853,125.6436037081,125.7936259215,540095,0.0,1.0
2019-12-11 00:00:00+00:00,135.66,135.96,134.99,135.74,533588,127.2000841719,127.481375822,126.5718661534,127.2750952786,533588,0.0,1.0
2019-12-12 00:00:00+00:00,136.8,137.65,135.26,135.88,507171,128.2689924423,129.0659854509,126.8250286385,127.4063647153,507171,0.0,1.0
2019-12-13 00:00:00+00:00,137.77,137.88,135.93,136.75,562901,129.1785021109,129.2816423826,127.453246657,128.2221105006,562901,0.0,1.0
2019-12-16 00:00:00+00:00,140.69,141.75,139.07,139.07,1323290,131.9164075051,132.9103046688,130.3974325946,130.3974325946,1323290,0.0,1.0
2019-12-17 00:00:00+00:00,139.36,141.11,138.46,140.14,1272396,130.6693478564,132.3102158153,129.8254729061,131.4007061466,1272396,0.0,1.0
2019-12-18 00:00:00+00:00,140.62,140.91,139.24,139.36,957235,131.8507727868,132.1226880486,130.5568311964,130.6693478564,957235,0.0,1.0
2019-12-19 00:00:00+00:00,142.25,142.41,140.23,140.76,984647,133.3791240856,133.529146299,131.4850936417,131.9820422235,984647,0.0,1.0
2019-12-20 00:00:00+00:00,143.92,144.21,141.73,143.38,5961659,134.9449809378,135.2168961996,132.8915518921,134.4386559676,5961659,0.0,1.0
2019-12-23 00:00:00+00:00,142.87,144.09,141.96,144.0,1208920,133.9604601625,135.1043795395,133.1072088239,135.0199920445,1208920,0.0,1.0
2019-12-24 00:00:00+00:00,142.97,143.45,142.55,143.07,292606,134.0542240459,134.504290686,133.6604157357,134.1479879292,292606,0.0,1.0
2019-12-26 00:00:00+00:00,144.63,144.73,143.0,143.06,469763,135.6107045097,135.7044683931,134.0823532109,134.1386115409,469763,0.0,1.0
2019-12-27 00:00:00+00:00,143.96,144.95,143.52,144.78,420354,134.9824864912,135.9107489365,134.5699254044,135.7513503347,420354,0.0,1.0
2019-12-30 00:00:00+00:00,142.78,143.9,142.1,143.87,505024,133.8760726675,134.9262281611,133.2384782606,134.8980989961,505024,0.0,1.0
2019-12-31 00:00:00+00:00,142.84,143.16,141.94,142.21,547605,133.9323309975,134.2323754242,133.0884560472,133.3416185323,547605,0.0,1.0
2020-01-02 00:00:00+00:00,143.88,144.49,141.78,144.49,1287095,134.9074753845,135.479435073,132.9384338338,135.479435073,1287095,0.0,1.0
2020-01-03 00:00:00+00:00,142.15,143.44,141.81,141.99,883159,133.2853602023,134.4949142977,132.9665629988,133.1353379889,883159,0.0,1.0
2020-01-06 00:00:00+00:00,141.08,141.65,140.29,141.0,1014886,132.2820866503,132.8165407854,131.5413519717,132.2070755436,1014886,0.0,1.0
2020-01-07 00:00:00+00:00,140.92,141.78,140.66,141.19,801407,132.1320644369,132.9384338338,131.8882783401,132.385226922,801407,0.0,1.0
2020-01-08 00:00:00+00:00,140.71,141.84,140.32,141.01,1034231,131.9351602818,132.9946921638,131.5694811367,132.2164519319,1034231,0.0,1.0
2020-01-09 00:00:00+00:00,141.97,143.0,141.05,141.28,943883,133.1165852122,134.0823532109,132.2539574853,132.469614417,943883,0.0,1.0
2020-01-10 00:00:00+00:00,142.36,143.93,141.23,142.42,668427,133.4822643573,134.9543573261,132.4227324753,133.5385226873,668427,0.0,1.0
2020-01-13 00:00:00+00:00,143.35,143.72,141.86,142.76,1363155,134.4105268026,134.7574531711,133.0134449405,133.8573198908,1363155,0.0,1.0
2020-01-14 00:00:00+00:00,143.96,145.06,142.79,143.35,863495,134.9824864912,136.0138892082,133.8854490558,134.4105268026,863495,0.0,1.0
2020-01-15 00:00:00+00:00,144.6,145.4,143.44,143.89,791263,135.5825753447,136.3326864116,134.4949142977,134.9168517728,791263,0.0,1.0
2020-01-16 00:00:00+00:00,144.2,146.09,143.58,145.48,834265,135.2075198112,136.9796572068,134.6261837344,136.4076975183,834265,0.0,1.0
2020-01-17 00:00:00+00:00,136.85,141.62,136.08,140.89,2357027,128.315874384,132.7884116204,127.5938924821,132.1039352719,2357027,0.0,1.0
2020-01-21 00:00:00+00:00,136.08,138.12,135.83,136.14,1619438,127.5938924821,129.5066757027,127.3594827736,127.6501508121,1619438,0.0,1.0
2020-01-22 00:00:00+00:00,136.58,138.25,136.35,137.18,1131860,128.0627118989,129.6285687511,127.8470549671,128.6252951991,1131860,0.0,1.0
2020-01-23 00:00:00+00:00,138.73,138.85,135.47,136.58,1175405,130.0786353912,130.1911520512,127.0219327935,128.0627118989,1175405,0.0,1.0
2020-01-24 00:00:00+00:00,137.92,139.5,137.15,139.04,856913,129.319147936,130.8006172931,128.5971660341,130.3693034296,856913,0.0,1.0
2020-01-27 00:00:00+00:00,133.87,136.05,133.76,135.48,887080,125.5217106597,127.565763317,125.418570388,127.0313091819,887080,0.0,1.0
2020-01-28 00:00:00+00:00,135.46,135.73,133.91,134.66,1180933,127.0125564052,127.2657188903,125.5592162131,126.2624453383,1180933,0.0,1.0
2020-01-29 00:00:00+00:00,134.86,136.47,134.34,135.9,746821,126.449973105,127.9595716272,125.9624009115,127.425117492,746821,0.0,1.0
2020-01-30 00:00:00+00:00,133.83,134.715,132.7307,133.24,975104,125.4842051064,126.3140154741,124.4534587365,124.9309981945,975104,0.0,1.0
2020-01-31 00:00:00+00:00,130.45,133.72,129.92,133.39,1173061,122.3149858486,125.3810648347,121.8180372668,125.0716440196,1173061,0.0,1.0
2020-02-03 00:00:00+00:00,132.89,133.76,130.54,130.74,1618159,124.6028246027,125.418570388,122.3993733437,122.5869011104,1618159,0.0,1.0
2020-02-04 00:00:00+00:00,136.15,136.24,133.99,134.47,1068774,127.6595272004,127.7439146954,125.6342273197,126.0842939599,1068774,0.0,1.0
2020-02-05 00:00:00+00:00,136.04,137.49,134.89,137.22,1124335,127.5563869287,128.9159632375,126.47810227,128.6628007524,1124335,0.0,1.0
2020-02-06 00:00:00+00:00,134.64,138.45,133.68,134.51,1186718,126.2436925616,129.8160965178,125.3435592813,126.1217995132,1186718,0.0,1.0
2020-02-07 00:00:00+00:00,132.66,134.49,131.17,134.41,1354577,124.387167671,126.1030467366,122.9900858089,126.0280356299,1354577,0.0,1.0
2020-02-10 00:00:00+00:00,133.99,134.07,132.5,132.71,920042,125.6342273197,125.7092384264,124.2371454576,124.4340496127,920042,0.0,1.0
2020-02-11 00:00:00+00:00,135.97,136.18,133.33,134.31,1228320,127.4907522104,127.6876563654,125.0153856895,125.9342717465,1228320,0.0,1.0
2020-02-12 00:00:00+00:00,136.59,137.56,135.69,136.0,1028507,128.0720882872,128.9815979558,127.2282133369,127.5188813754,1028507,0.0,1.0
2020-02-13 00:00:00+00:00,137.28,137.31,134.89,135.3,1034088,128.7190590824,128.7471882474,126.47810227,126.8625341918,1034088,0.0,1.0
2020-02-14 00:00:00+00:00,138.29,138.96,137.06,137.94,1292565,129.6660743044,130.2942923229,128.512778539,129.3379007126,1292565,0.0,1.0
2020-02-18 00:00:00+00:00,134.87,137.66,133.33,137.47,1003198,126.4593494934,129.0753618392,125.0153856895,128.8972104608,1003198,0.0,1.0
2020-02-19 00:00:00+00:00,136.63,137.36,135.08,135.27,666976,128.1095938406,128.7940701891,126.6562536484,126.8344050268,666976,0.0,1.0
2020-02-20 00:00:00+00:00,138.24,138.44,135.76,136.53,667898,129.6191923627,129.8067201295,127.2938480553,128.0158299572,667898,0.0,1.0
2020-02-21 00:00:00+00:00,133.91,138.3,133.15,137.37,960149,125.5592162131,129.6754506927,124.8466106995,128.8034465775,960149,0.0,1.0
2020-02-24 00:00:00+00:00,129.54,132.87,128.36,131.39,1441173,121.8180372668,124.9495338246,120.7083778259,123.5577575767,1441173,0.38,1.0
2020-02-25 00:00:00+00:00,125.15,131.07,124.75,130.34,1291717,117.6897279909,123.2568329826,117.3135722482,122.5703487522,1291717,0.0,1.0
2020-02-26 00:00:00+00:00,124.84,129.17,124.68,125.79,1319553,117.3982072903,121.4700932048,117.2477449933,118.2915771792,1319553,0.0,1.0
2020-02-27 00:00:00+00:00,116.08,121.98,116.04,121.74,1969178,109.1603965256,114.7086937302,109.1227809514,114.4830002846,1969178,0.0,1.0
2020-02-28 00:00:00+00:00,114.22,117.87,110.92,113.29,2984813,107.4112723222,110.8436934741,104.3079874451,106.5367102205,2984813,0.0,1.0
2020-03-02 00:00:00+00:00,119.98,119.98,113.13,115.36,2087718,112.8279150168,112.8279150168,106.3862479234,108.4833161888,2087718,0.0,1.0
2020-03-03 00:00:00+00:00,115.61,120.91,113.87,118.15,1656454,108.718413528,113.7024771185,107.0821360473,111.107002494,1656454,0.0,1.0
2020-03-04 00:00:00+00:00,119.19,119.26,115.94,117.81,1301763,112.085007425,112.15083468,109.0287420157,110.7872701127,1301763,0.0,1.0
2020-03-05 00:00:00+00:00,113.81,116.77,111.68,115.99,1623074,107.0257126859,109.8092651818,105.0226833562,109.0757614835,1623074,0.0,1.0
2020-03-06 00:00:00+00:00,111.58,112.01,108.32,108.96,1572864,104.9286444205,105.3330118439,101.8629751177,102.464824306,1572864,0.0,1.0
2020-03-09 00:00:00+00:00,98.21,105.52,98.19,102.15,2728923,92.3556387214,99.2298849189,92.3368309343,96.0607727868,2728923,0.0,1.0
2020-03-10 00:00:00+00:00,104.09,104.09,99.08,102.18,2157455,97.8851281388,97.8851281388,93.1737774618,96.0889844675,2157455,0.0,1.0
2020-03-11 00:00:00+00:00,102.87,104.64,100.37,100.37,2892909,96.7378531237,98.402342285,94.3868797319,94.3868797319,2892909,0.0,1.0
2020-03-12 00:00:00+00:00,91.47,101.38,91.25,96.01,2756277,86.0174144573,95.3366729822,85.8105287988,90.2867821367,2756277,0.0,1.0
2020-03-13 00:00:00+00:00,101.3,101.38,92.51,96.52,2292369,95.2614418336,95.3366729822,86.9954193882,90.7663807086,2292369,0.0,1.0
2020-03-16 00:00:00+00:00,86.97,91.58,85.01,88.06,2461034,81.7856623521,86.1208572865,79.942499213,82.8106867509,2461034,0.0,1.0
2020-03-17 00:00:00+00:00,87.28,89.47,84.36,88.68,2124980,82.0771830527,84.1366357439,79.3312461311,83.3937281521,2124980,0.0,1.0
2020-03-18 00:00:00+00:00,84.39,88.58,75.2,80.99,2121312,79.3594578118,83.2996892164,70.7172796238,76.1621339991,2121312,0.0,1.0
2020-03-19 00:00:00+00:00,88.27,89.45,78.76,84.06,1873196,83.0081685158,84.1178279567,74.0650657336,79.0491293241,1873196,0.0,1.0
2020-03-20 00:00:00+00:00,79.56,91.03,79.33,89.66,1903544,74.817377219,85.6036431403,74.601087667,84.3153097217,1903544,0.0,1.0
2020-03-23 00:00:00+00:00,85.6,87.0,73.39,78.38,2204178,80.4973289335,81.8138740328,69.0151748882,73.7077177781,2204178,0.0,1.0
2020-03-24 00:00:00+00:00,93.83,95.48,88.8,90.24,2191156,88.2367333391,89.7883757776,83.5065748749,84.8607355485,2191156,0.0,1.0
2020-03-25 00:00:00+00:00,91.91,96.79,90.41,92.66,1747034,86.4311857742,91.0202858349,85.0206017392,87.1364777918,1747034,0.0,1.0
2020-03-26 00:00:00+00:00,101.06,101.9,90.01,91.5,1577432,95.035748388,95.8256754477,84.6444459965,86.045626138,1577432,0.0,1.0
2020-03-27 00:00:00+00:00,93.75,97.8,92.52,95.86,1361920,88.1615021906,91.9700790852,87.0048232818,90.1457237332,1361920,0.0,1.0
2020-03-30 00:00:00+00:00,96.91,97.75,91.82,92.01,932545,91.1331325577,91.9230596174,86.3465507321,86.5252247099,932545,0.0,1.0
2020-03-31 00:00:00+00:00,93.27,98.41,92.46,96.44,2153553,87.7101152993,92.5437165928,86.9483999204,90.6911495601,2153553,0.0,1.0
2020-04-01 00:00:00+00:00,88.83,92.67,88.01,89.32,1531872,83.5347865556,87.1458816853,82.7636672831,83.9955773404,1531872,0.0,1.0
2020-04-02 00:00:00+00:00,87.97,89.29,85.78,86.63,1439868,82.7260517088,83.9673656597,80.6665990177,81.4659299709,1439868,0.0,1.0
2020-04-03 00:00:00+00:00,86.89,89.77,85.88,87.44,1125076,81.7104312036,84.4187525509,80.7606379533,82.2276453498,1125076,0.0,1.0
2020-04-06 00:00:00+00:00,95.84,96.29,91.3,92.64,1196312,90.1269159461,90.5500911566,85.8575482666,87.1176700046,1196312,0.0,1.0
2020-04-07 00:00:00+00:00,98.63,102.96,98.51,101.52,1273093,92.7506022512,96.8224881658,92.6377555284,95.4683274921,1273093,0.0,1.0
2020-04-08 00:00:00+00:00,102.27,103.29,98.5,99.53,1010486,96.1736195096,97.1328166535,92.6283516349,93.5969526723,1010486,0.0,1.0
2020-04-09 00:00:00+00:00,106.26,107.81,103.28,104.2,1318873,99.9257730429,101.3833765457,97.1234127599,97.9885709681,1318873,0.0,1.0
2020-04-13 00:00:00+00:00,103.88,107.0,101.58,105.91,832935,97.6876463739,100.6216611668,95.5247508535,99.596636768,832935,0.0,1.0
2020-04-14 00:00:00+00:00,106.75,107.24,104.66,104.66,967131,100.3865638276,100.8473546124,98.4211500721,98.4211500721,967131,0.0,1.0
2020-04-15 00:00:00+00:00,103.68,105.35,102.42,102.43,698035,97.4995685026,99.0700187283,96.3146779131,96.3240818067,698035,0.0,1.0
2020-04-16 00:00:00+00:00,104.25,105.69,101.1,103.83,1092121,98.0355904359,99.3897511095,95.0733639623,97.6406269061,1092121,0.0,1.0
2020-04-17 00:00:00+00:00,108.82,109.03,105.64,106.14,965991,102.333169796,102.5306515609,99.3427316417,99.8129263201,965991,0.0,1.0
2020-04-20 00:00:00+00:00,105.6,107.11,104.51,106.47,1066760,99.3051160674,100.7251039961,98.2800916686,100.1232548078,1066760,0.0,1.0
2020-04-21 00:00:00+00:00,98.85,103.75,98.12,102.7,1423229,92.9574879097,97.5653957575,92.2710036793,96.577986933,1423229,0.0,1.0
2020-04-22 00:00:00+00:00,101.74,102.93,99.36,100.9,864722,95.6752131506,96.7942764851,93.4370864816,94.885286091,864722,0.0,1.0
2020-04-23 00:00:00+00:00,100.86,104.34,100.7,102.51,900194,94.8476705167,98.120225478,94.6972082196,96.3993129552,900194,0.0,1.0
2020-04-24 00:00:00+00:00,104.77,105.71,102.34,103.05,1068841,98.5245929014,99.4085588967,96.2394467646,96.9071232079,1068841,0.0,1.0
2020-04-27 00:00:00+00:00,106.28,107.04,104.6,104.77,734745,99.94458083,100.6592767411,98.3647267107,98.5245929014,734745,0.0,1.0
2020-04-28 00:00:00+00:00,107.12,109.06,106.18,108.62,1016700,100.7345078896,102.5588632416,99.8505418943,102.1450919247,1016700,0.0,1.0
2020-04-29 00:00:00+00:00,111.29,112.14,108.43,109.17,988044,104.6559315071,105.4552624603,101.9664179469,102.6623060709,988044,0.0,1.0
2020-04-30 00:00:00+00:00,110.8,111.19,108.95,110.93,1144421,104.1951407223,104.5618925714,102.4554204124,104.3173913386,1144421,0.0,1.0
2020-05-01 00:00:00+00:00,106.82,108.69,106.18,108.22,823500,100.4523910826,102.2109191796,99.8505418943,101.768936182,823500,0.0,1.0
2020-05-04 00:00:00+00:00,108.19,108.34,104.46,106.22,724575,101.7407245013,101.8817829048,98.2330722008,99.8881574686,724575,0.0,1.0
2020-05-05 00:00:00+00:00,109.99,111.01,107.63,107.83,813407,103.4334253433,104.3926224872,101.2141064615,101.4021843329,813407,0.0,1.0
2020-05-06 00:00:00+00:00,106.77,111.3,104.66,110.61,1328896,100.4053716148,104.6653354006,98.4211500721,104.0164667445,1328896,0.0,1.0
2020-05-07 00:00:00+00:00,106.67,108.89,104.97,106.47,896753,100.3113326791,102.398997051,98.7126707727,100.1232548078,896753,0.0,1.0
2020-05-08 00:00:00+00:00,108.54,109.83,107.54,108.05,583978,102.0698607761,103.2829630463,101.1294714194,101.6090699914,583978,0.0,1.0
2020-05-11 00:00:00+00:00,104.97,107.31,104.97,106.97,771040,98.7126707727,100.9131818674,98.7126707727,100.5934494861,771040,0.0,1.0
2020-05-12 00:00:00+00:00,101.98,106.32,101.96,105.38,858884,95.9009065962,99.9821964043,95.8820988091,99.098230409,858884,0.0,1.0
2020-05-13 00:00:00+00:00,98.01,102.77,96.5,100.99,958150,92.1675608501,96.643814188,90.7475729215,94.9699211331,958150,0.0,1.0
2020-05-14 00:00:00+00:00,99.7,99.83,93.75,95.27,1088056,93.7568188629,93.8790694793,88.1615021906,89.5908940127,1088056,0.0,1.0
2020-05-15 00:00:00+00:00,97.81,98.81,96.91,98.01,1288035,91.9794829788,92.9198723355,91.1331325577,92.1675608501,1288035,0.0,1.0
2020-05-18 00:00:00+00:00,106.51,107.18,101.49,102.48,1773221,100.160870382,100.790931251,95.4401158114,96.3711012745,1773221,0.0,1.0
2020-05-19 00:00:00+00:00,105.99,108.51,105.11,106.36,892162,99.6718679166,102.0416490954,98.8443252827,100.0198119785,892162,0.0,1.0
2020-05-20 00:00:00+00:00,109.23,109.39,105.83,105.83,1008258,102.7187294323,102.8691917293,99.5214056195,99.5214056195,1008258,0.0,1.0
2020-05-21 00:00:00+00:00,107.21,109.96,107.01,108.44,732445,101.1764908873,103.7717278049,100.9877463842,102.3372695813,732445,0.38,1.0
2020-05-22 00:00:00+00:00,105.74,106.7,105.41,106.23,624167,99.7892187895,100.6951924044,99.4777903594,100.2516428221,624167,0.0,1.0
2020-05-26 00:00:00+00:00,108.01,110.52,107.97,108.56,940339,101.9314688997,104.3002124136,101.8937199991,102.4505162832,940339,0.0,1.0
2020-05-27 00:00:00+00:00,110.34,110.38,107.11,109.61,821312,104.1303423608,104.1680912614,101.0821186357,103.4414249245,821312,0.0,1.0
2020-05-28 00:00:00+00:00,109.65,111.66,108.39,110.0,766941,103.4791738251,105.3760560813,102.2900834556,103.8094767055,766941,0.0,1.0
2020-05-29 00:00:00+00:00,110.91,111.5,108.34,110.42,1210466,104.6682641946,105.2250604788,102.2428973298,104.205840162,1210466,0.0,1.0
2020-06-01 00:00:00+00:00,111.91,113.2,109.58,110.26,607064,105.6119867101,106.8293887551,103.413113249,104.0548445596,607064,0.0,1.0
2020-06-02 00:00:00+00:00,113.27,113.65,111.6,111.97,881787,106.8954493312,107.2540638871,105.3194327303,105.6686100611,881787,0.0,1.0
2020-06-03 00:00:00+00:00,115.09,115.75,113.51,113.51,648167,108.6130243094,109.2358811697,107.121942735,107.121942735,648167,0.0,1.0
2020-06-04 00:00:00+00:00,116.75,117.0,114.01,114.4,1101849,110.1796036852,110.4155343141,107.5938039927,107.9618557738,1101849,0.0,1.0
2020-06-05 00:00:00+00:00,125.34,126.0,119.32,119.34,2030927,118.2861800934,118.9090369536,112.60497055,112.6238450003,2030927,0.0,1.0
2020-06-08 00:00:00+00:00,128.29,129.23,125.35,126.4,1658251,121.0701615141,121.9572606787,118.2956173185,119.2865259598,1658251,0.0,1.0
2020-06-09 00:00:00+00:00,124.41,127.14,124.29,126.57,1328301,117.408518154,119.9848806213,117.2952714521,119.4469587874,1328301,0.0,1.0
2020-06-10 00:00:00+00:00,121.71,124.52,121.48,124.11,911178,114.8604673621,117.5123276307,114.6434111835,117.1254013993,911178,0.0,1.0
2020-06-11 00:00:00+00:00,110.54,120.6,110.53,120.24,994659,104.3190868639,113.8129353699,104.3096496387,113.4731952643,994659,0.0,1.0
2020-06-12 00:00:00+00:00,114.1,116.02,111.03,113.9,923972,107.6787390191,109.4906862489,104.7815108965,107.489994516,923972,0.0,1.0
2020-06-15 00:00:00+00:00,113.9,114.08,108.64,111.0,897460,107.489994516,107.6598645688,102.5260140844,104.753199221,897460,0.0,1.0
2020-06-16 00:00:00+00:00,119.37,120.65,115.85,118.04,1239296,112.6521566758,113.8601214957,109.3302534212,111.3970057302,1239296,0.0,1.0
2020-06-17 00:00:00+00:00,117.18,120.43,116.64,119.99,782720,110.5854043669,113.6525025422,110.0757942085,113.2372646354,782720,0.0,1.0
2020-06-18 00:00:00+00:00,117.24,117.56,115.64,116.54,703153,110.6420277178,110.9440189227,109.132071693,109.9814219569,703153,0.0,1.0
2020-06-19 00:00:00+00:00,116.95,121.0,116.33,117.86,1421866,110.3683481883,114.1904243761,109.7832402287,111.2271356774,1421866,0.0,1.0
2020-06-22 00:00:00+00:00,116.19,116.58,114.64,115.99,856306,109.6511190765,110.0191708576,108.1883491775,109.4623745734,856306,0.0,1.0
2020-06-23 00:00:00+00:00,115.95,117.99,115.52,117.99,1098359,109.4246256728,111.3498196044,109.0188249911,111.3498196044,1098359,0.0,1.0
2020-06-24 00:00:00+00:00,111.49,114.84,110.39,114.79,890534,105.2156232536,108.3770936806,104.1775284866,108.3299075548,890534,0.0,1.0
2020-06-25 00:00:00+00:00,112.44,112.78,109.7,111.7,733455,106.1121596434,106.4330252986,103.5263599509,105.4138049819,733455,0.0,1.0
2020-06-26 00:00:00+00:00,108.49,112.8,108.16,112.8,2005015,102.3844557071,106.4518997489,102.073027277,106.4518997489,2005015,0.0,1.0
2020-06-29 00:00:00+00:00,114.0,115.165,111.5,112.65,1912385,107.5843667675,108.6838034981,105.2250604788,106.3103413716,1912385,0.0,1.0
2020-06-30 00:00:00+00:00,116.18,116.9,112.5,113.6,1006346,109.6416818514,110.3211620625,106.1687829943,107.2068777613,1006346,0.0,1.0
2020-07-01 00:00:00+00:00,115.53,117.91,115.16,116.03,880471,109.0282622163,111.2743218032,108.6790848855,109.500123474,880471,0.0,1.0
2020-07-02 00:00:00+00:00,117.11,118.76,116.5,116.78,894171,110.5193437908,112.0764859414,109.9436730563,110.2079153607,894171,0.0,1.0
2020-07-06 00:00:00+00:00,117.55,120.0,117.2,119.75,729494,110.9345816976,113.2467018606,110.6042788172,113.0107712317,729494,0.0,1.0
2020-07-07 00:00:00+00:00,114.06,118.03,113.71,116.87,883927,107.6409901185,111.387568505,107.3106872381,110.292850387,883927,0.0,1.0
2020-07-08 00:00:00+00:00,113.38,114.96,112.3,114.22,865239,106.9992588079,108.4903403824,105.9800384912,107.791985721,865239,0.0,1.0
2020-07-09 00:00:00+00:00,112.51,114.01,110.19,113.62,723854,106.1782202194,107.5938039927,103.9887839835,107.2257522117,723854,0.0,1.0
2020-07-10 00:00:00+00:00,113.84,114.24,111.29,111.81,660454,107.4333711651,107.8108601713,105.0268787505,105.5176144586,660454,0.0,1.0
2020-07-13 00:00:00+00:00,112.58,115.12,112.46,115.11,780459,106.2442807955,108.6413359849,106.1310340937,108.6318987598,780459,0.0,1.0
2020-07-14 00:00:00+00:00,114.4,114.56,110.98,111.26,609929,107.9618557738,108.1128513762,104.7343247707,104.9985670751,609929,0.0,1.0
2020-07-15 00:00:00+00:00,117.7,118.27,114.92,115.74,660742,111.0761400749,111.6140619088,108.4525914818,109.2264439445,660742,0.0,1.0
2020-07-16 00:00:00+00:00,116.7,117.41,116.13,117.12,567080,110.1324175594,110.8024605454,109.5944957256,110.5287810159,567080,0.0,1.0
2020-07-17 00:00:00+00:00,118.51,119.62,116.55,117.16,560640,111.8405553125,112.8880873047,109.9908591821,110.5665299165,560640,0.0,1.0
2020-07-20 00:00:00+00:00,118.18,118.36,115.75,117.74,489382,111.5291268824,111.6989969352,109.2358811697,111.1138889755,489382,0.0,1.0
2020-07-21 00:00:00+00:00,117.0,119.72,116.22,117.67,841565,110.4155343141,112.9824595562,109.679430752,111.0478283995,841565,0.0,1.0
2020-07-22 00:00:00+00:00,119.08,119.719,117.61,117.8,519165,112.3784771463,112.9815158337,110.9912050485,111.1705123265,519165,0.0,1.0
2020-07-23 00:00:00+00:00,118.79,121.48,118.28,119.28,473044,112.1047976168,114.6434111835,111.6234991339,112.5672216494,473044,0.0,1.0
2020-07-24 00:00:00+00:00,114.56,118.29,113.72,118.02,920663,108.1128513762,111.6329363591,107.3201244632,111.3781312799,920663,0.0,1.0
2020-07-27 00:00:00+00:00,116.3,116.54,114.26,115.28,761331,109.7549285532,109.9814219569,107.8297346216,108.7923315874,761331,0.0,1.0
2020-07-28 00:00:00+00:00,113.85,116.79,113.68,115.54,465151,107.4428083902,110.2173525858,107.2823755626,109.0376994414,465151,0.0,1.0
2020-07-29 00:00:00+00:00,115.64,116.01,113.36,113.76,541661,109.132071693,109.4812490237,106.9803843576,107.3578733638,541661,0.0,1.0
2020-07-30 00:00:00+00:00,115.69,115.84,112.4,113.47,529231,109.1792578188,109.3208161961,106.0744107427,107.0841938343,529231,0.0,1.0
2020-07-31 00:00:00+00:00,116.25,116.4,113.55,115.32,769317,109.7077424274,109.8493008048,107.1596916356,108.830080488,769317,0.0,1.0
2020-08-03 00:00:00+00:00,117.46,118.42,116.05,116.68,537427,110.8496466712,111.7556202861,109.5189979243,110.1135431091,537427,0.0,1.0
2020-08-04 00:00:00+00:00,119.52,119.83,116.695,116.96,996381,112.7937150531,113.0862690329,110.1276989468,110.3777854134,996381,0.0,1.0
2020-08-05 00:00:00+00:00,116.75,121.93,115.46,121.93,1293249,110.1796036852,115.0680863155,108.9622016402,115.0680863155,1293249,0.0,1.0
2020-08-06 00:00:00+00:00,114.79,117.95,114.42,115.9,784415,108.3299075548,111.3120707038,107.9807302241,109.377439547,784415,0.0,1.0
2020-08-07 00:00:00+00:00,114.77,114.85,112.85,113.74,678383,108.3110331045,108.3865309057,106.4990858747,107.3389989135,678383,0.0,1.0
2020-08-10 00:00:00+00:00,113.0,115.01,112.98,114.23,675875,106.640644252,108.5375265082,106.6217698017,107.8014229461,675875,0.0,1.0
2020-08-11 00:00:00+00:00,117.21,119.95,113.91,114.41,1123210,110.6137160423,113.1995157348,107.4994317412,107.9712929989,1123210,0.0,1.0
2020-08-12 00:00:00+00:00,116.61,118.5,116.28,118.5,855920,110.047482533,111.8311180873,109.7360541029,111.8311180873,855920,0.0,1.0
2020-08-13 00:00:00+00:00,114.58,116.015,113.802,115.87,490761,108.1317258265,109.4859676363,107.3975097095,109.3491278715,490761,0.0,1.0
2020-08-14 00:00:00+00:00,113.52,113.8599,112.8125,113.59,533088,107.1313799601,107.4521512431,106.4636962804,107.1974405362,533088,0.0,1.0
2020-08-17 00:00:00+00:00,113.62,115.12,113.39,114.01,407914,107.2257522117,108.6413359849,107.0086960331,107.5938039927,407914,0.0,1.0
2020-08-18 00:00:00+00:00,110.98,114.33,110.77,113.68,750190,104.7343247707,107.8957951977,104.5361430425,107.2823755626,750190,0.0,1.0
2020-08-19 00:00:00+00:00,111.99,112.94,110.79,110.87,541041,105.6874845114,106.5840209011,104.5550174928,104.630515294,541041,0.0,1.0
2020-08-20 00:00:00+00:00,112.32,113.14,111.03,111.31,630188,105.9989129415,106.7727654042,104.7815108965,105.0457532008,630188,0.0,1.0
2020-08-21 00:00:00+00:00,111.15,112.07,110.53,112.0,556490,104.8947575984,105.7629823126,104.3096496387,105.6969217365,556490,0.0,1.0
2020-08-24 00:00:00+00:00,112.29,113.39,111.35,111.69,540967,106.3292158219,107.3708236,105.4391146297,105.7610661248,540967,0.38,1.0
2020-08-25 00:00:00+00:00,112.15,113.49,111.16,112.52,491916,106.1966475593,107.4655152162,105.259200559,106.5470065392,491916,0.0,1.0
2020-08-26 00:00:00+00:00,111.17,112.235,110.09,111.98,1026415,105.2686697206,106.277135433,104.2460002657,106.0356718117,1026415,0.0,1.0
2020-08-27 00:00:00+00:00,114.84,115.56,111.83,112.52,1177836,108.7438520348,109.4256316714,105.8936343874,106.5470065392,1177836,0.0,1.0
2020-08-28 00:00:00+00:00,115.34,115.84,113.76,115.09,578548,109.2173101158,109.6907681967,107.7211825799,108.9805810753,578548,0.0,1.0
2020-08-31 00:00:00+00:00,113.65,115.01,112.71,115.01,631394,107.6170218021,108.9048277823,106.7269206099,108.9048277823,631394,0.0,1.0
2020-09-01 00:00:00+00:00,112.59,113.48,110.13,112.74,1097007,106.6132906705,107.4560460546,104.2838769122,106.7553280948,1097007,0.0,1.0
2020-09-02 00:00:00+00:00,117.53,117.86,112.95,113.93,1080820,111.2910565104,111.6035388438,106.9541804888,107.8821583275,1080820,0.0,1.0
2020-09-03 00:00:00+00:00,112.17,117.53,111.3,117.01,919022,106.2155858825,111.2910565104,105.3917688216,110.7986601062,919022,0.0,1.0
2020-09-04 00:00:00+00:00,114.25,115.42,111.54,113.74,1383562,108.1851714993,109.2930634087,105.6190287005,107.7022442567,1383562,0.0,1.0
2020-09-08 00:00:00+00:00,111.72,114.16,111.59,112.14,1157197,105.7894736096,108.0999490447,105.6663745086,106.1871783976,1157197,0.0,1.0
2020-09-09 00:00:00+00:00,110.55,112.79,109.52,112.47,637934,104.6815817002,106.8026739029,103.7062580534,106.4996607311,637934,0.0,1.0
2020-09-10 00:00:00+00:00,110.08,112.05,109.36,111.0,1083303,104.2365311041,106.1019559431,103.5547514675,105.1076939731,1083303,0.0,1.0
2020-09-11 00:00:00+00:00,111.32,111.55,109.05,109.25,1073797,105.4107071449,105.6284978621,103.2612074573,103.4505906897,1073797,0.0,1.0
2020-09-14 00:00:00+00:00,113.15,114.815,111.86,112.36,765170,107.1435637212,108.7201791308,105.9220418723,106.3954999533,765170,0.0,1.0
2020-09-15 00:00:00+00:00,114.18,115.51,113.2,113.32,468891,108.118887368,109.3782858633,107.1909095293,107.3045394687,468891,0.0,1.0
2020-09-16 00:00:00+00:00,113.91,116.65,113.6412,115.11,894225,107.8632200042,110.4577702879,107.6086889399,108.9995193985,894225,0.0,1.0
2020-09-17 00:00:00+00:00,114.23,114.48,111.76,112.07,908856,108.1662331761,108.4029622165,105.8273502561,106.1208942663,908856,0.0,1.0
2020-09-18 00:00:00+00:00,112.82,115.26,112.17,115.0,1240261,106.8310813877,109.1415568228,106.2155858825,108.8953586207,1240261,0.0,1.0
2020-09-21 00:00:00+00:00,108.81,111.47,108.49,110.89,1031921,103.0339475784,105.5527445692,102.7309344066,105.0035331952,1031921,0.0,1.0
2020-09-22 00:00:00+00:00,110.17,110.31,105.87,108.33,847664,104.3217535587,104.4543218213,100.2500140624,102.5794278207,847664,0.0,1.0
2020-09-23 00:00:00+00:00,109.21,112.13,108.01,111.01,946435,103.4127140432,106.177709236,102.2764146489,105.1171631347,946435,0.0,1.0
2020-09-24 00:00:00+00:00,110.43,111.98,108.14,108.63,911084,104.5679517608,106.0356718117,102.39951375,102.8635026693,911084,0.0,1.0
2020-09-25 00:00:00+00:00,112.74,112.86,109.67,110.25,688627,106.7553280948,106.8689580342,103.8482954777,104.3975068516,688627,0.0,1.0
2020-09-28 00:00:00+00:00,116.5,116.72,113.11,114.44,1214966,110.3157328636,110.5240544192,107.1056870747,108.3650855701,1214966,0.0,1.0
2020-09-29 00:00:00+00:00,118.11,118.965,116.51,116.99,790063,111.8402678843,112.6498812027,110.3252020252,110.7797217829,790063,0.0,1.0
2020-09-30 00:00:00+00:00,119.53,121.89,118.1,118.53,1013463,113.1848888342,115.4196109764,111.8307987227,112.2379726723,1013463,0.0,1.0
2020-10-01 00:00:00+00:00,123.5,124.53,120.445,120.445,1000938,116.944145997,117.9194696438,114.0513171224,114.0513171224,1000938,0.0,1.0
2020-10-02 00:00:00+00:00,123.49,124.62,120.42,120.64,1128318,116.9346768354,118.0046920984,114.0276442183,114.235965774,1128318,0.0,1.0
2020-10-05 00:00:00+00:00,125.88,126.43,124.06,124.35,653728,119.1978064624,119.7186103515,117.4744190477,117.7490247347,653728,0.0,1.0
2020-10-06 00:00:00+00:00,123.07,127.24,122.52,126.13,985929,116.5369720474,120.4856124426,116.0161681584,119.4345355029,985929,0.0,1.0
2020-10-07 00:00:00+00:00,125.93,126.24,124.3,124.68,497869,119.2451522705,119.5386962807,117.7016789266,118.0615070681,497869,0.0,1.0
2020-10-08 00:00:00+00:00,126.2,127.16,125.57,126.73,404348,119.5008196342,120.4098591497,118.9042624522,120.0026852,404348,0.0,1.0
2020-10-09 00:00:00+00:00,125.99,127.83,125.62,127.25,506660,119.3019672402,121.0442929782,118.9516082603,120.4950816042,506660,0.0,1.0
2020-10-12 00:00:00+00:00,130.01,130.81,126.48,127.86,596325,123.1085702111,123.8661031407,119.7659561596,121.072700463,596325,0.0,1.0
2020-10-13 00:00:00+00:00,129.93,131.215,129.685,130.53,688900,123.0328169182,124.2496041863,122.8008224585,123.6009666153,688900,0.0,1.0
2020-10-14 00:00:00+00:00,129.52,131.13,129.39,130.38,673178,122.6445812918,124.1691163125,122.5214821907,123.4589291911,673178,0.0,1.0
2020-10-15 00:00:00+00:00,129.8,130.16,127.0,127.58,473929,122.9097178171,123.2506076354,120.2583525638,120.8075639377,473929,0.0,1.0
2020-10-16 00:00:00+00:00,130.62,131.76,129.3,130.75,393909,123.6861890699,124.7656734945,122.4362597362,123.809288171,393909,0.0,1.0
2020-10-19 00:00:00+00:00,128.86,132.25,128.12,130.21,482590,122.0196166249,125.2296624138,121.3188986651,123.2979534435,482590,0.0,1.0
2020-10-20 00:00:00+00:00,129.32,131.39,128.91,130.72,422356,122.4551980594,124.4153145146,122.066962433,123.7808806861,422356,0.0,1.0
2020-10-21 00:00:00+00:00,128.84,130.2987,128.09,129.75,468863,122.0006783017,123.3819449071,121.2904911803,122.862372009,468863,0.0,1.0
2020-10-22 00:00:00+00:00,129.44,129.83,127.32,128.52,337782,122.5688279988,122.938125302,120.5613657356,121.6976651299,337782,0.0,1.0
2020-10-23 00:00:00+00:00,130.0,130.54,128.67,130.3037,310924,123.0991010495,123.610435777,121.8397025542,123.3866794879,310924,0.0,1.0
2020-10-26 00:00:00+00:00,125.67,129.61,124.2201,128.27,426470,118.9989540684,122.7298037464,117.6260203252,121.4609360894,426470,0.0,1.0
2020-10-27 00:00:00+00:00,123.28,126.2,123.12,125.35,620061,116.7358244414,119.5008196342,116.5843178555,118.6959408966,620061,0.0,1.0
2020-10-28 00:00:00+00:00,118.73,120.75,118.31,120.33,706867,112.4273559047,114.3401265518,112.0296511167,113.9424217638,706867,0.0,1.0
2020-10-29 00:00:00+00:00,120.95,122.09,117.02,117.28,733060,114.5295097841,115.6089942087,110.8081292678,111.0543274699,733060,0.0,1.0
2020-10-30 00:00:00+00:00,122.6,123.1984,118.6071,119.94,1147024,116.0919214513,116.6585560826,112.3109799084,113.5731244606,1147024,0.0,1.0
2020-11-02 00:00:00+00:00,126.45,129.46,123.215,125.17,1247647,119.7375486747,122.5877663221,116.6742748909,118.5254959875,1247647,0.0,1.0
2020-11-03 00:00:00+00:00,130.72,131.81,127.66,130.05,676921,123.7808806861,124.8130193026,120.8833172306,123.1464468576,676921,0.0,1.0
2020-11-04 00:00:00+00:00,133.85,135.95,130.09,132.15,993776,126.7447282729,128.7332522129,123.1843235041,125.1349707976,993776,0.0,1.0
2020-11-05 00:00:00+00:00,138.18,139.75,135.11,135.22,1322187,130.844875254,132.3315336282,127.9378426369,128.0420034147,1322187,0.0,1.0
2020-11-06 00:00:00+00:00,138.05,139.49,137.11,138.3,676298,130.721776153,132.0853354261,129.8316749608,130.9585051935,676298,0.0,1.0
2020-11-09 00:00:00+00:00,143.95,146.95,141.09,141.09,1568912,136.3085815083,139.1493299941,133.6004012852,133.6004012852,1568912,0.0,1.0
2020-11-10 00:00:00+00:00,137.53,144.22,136.87,141.33,1310312,130.2293797488,136.564248872,129.6044150819,133.8276611641,1310312,0.0,1.0
2020-11-11 00:00:00+00:00,138.7,139.335,136.87,138.32,582342,131.3372716582,131.938563421,129.6044150819,130.9774435167,582342,0.0,1.0
2020-11-12 00:00:00+00:00,135.56,139.23,135.26,138.46,456458,128.3639549098,131.839137224,128.0798800612,131.1100117794,456458,0.0,1.0
2020-11-13 00:00:00+00:00,137.59,138.43,136.82,136.99,1199473,130.2861947185,131.0816042945,129.5570692738,129.7180450213,1199473,0.0,1.0
2020-11-16 00:00:00+00:00,139.08,140.82,138.57,139.31,677911,131.6970997997,133.3447339215,131.2141725572,131.914890517,677911,0.0,1.0
2020-11-17 00:00:00+00:00,136.78,138.96,136.33,137.61,711413,129.5191926273,131.5834698603,129.0930803545,130.3051330417,711413,0.0,1.0
2020-11-18 00:00:00+00:00,135.73,138.11,135.67,137.1,1480993,128.5249306573,130.7785911227,128.4681156876,129.8222057991,1480993,0.0,1.0
2020-11-19 00:00:00+00:00,132.78,135.075,131.05,134.74,1418938,125.7315279797,127.9047005713,124.0933630195,127.587483657,1418938,0.0,1.0
2020-11-20 00:00:00+00:00,131.95,133.6,131.92,132.45,783704,124.9455875653,126.5079992324,124.9171800804,125.4190456462,783704,0.0,1.0
2020-11-23 00:00:00+00:00,131.22,132.69,130.23,132.26,1103111,124.2543387671,125.6463055251,123.3168917668,125.2391315755,1103111,0.0,1.0
2020-11-24 00:00:00+00:00,136.82,137.67,131.665,131.855,1970118,129.9358357386,130.7430675788,125.0402120488,125.2206521072,1970118,0.4,1.0
2020-11-25 00:00:00+00:00,131.94,136.34,131.33,136.24,786789,125.3013752912,129.47998717,124.7220677353,129.3850187182,786789,0.0,1.0
2020-11-27 00:00:00+00:00,132.23,132.42,131.08,132.11,357083,125.5767838014,125.7572238598,124.4846466059,125.4628216593,357083,0.0,1.0
2020-11-30 00:00:00+00:00,130.49,131.5,129.06,131.5,1082054,123.9243327403,124.8835141034,122.5662838797,124.8835141034,1082054,0.0,1.0
2020-12-01 00:00:00+00:00,132.02,133.1,131.03,131.93,985754,125.3773500527,126.403009332,124.43716238,125.2918784461,985754,0.0,1.0
2020-12-02 00:00:00+00:00,131.21,132.28,130.61,131.97,587038,124.6081055932,125.6242680273,124.0382948824,125.3298658268,587038,0.0,1.0
2020-12-03 00:00:00+00:00,131.25,132.95,130.735,130.81,610855,124.6460929739,126.2605566543,124.1570054472,124.228231786,610855,0.0,1.0
2020-12-04 00:00:00+00:00,133.5,134.38,131.35,131.55,925359,126.7828831392,127.6186055149,124.7410614257,124.9309983293,925359,0.0,1.0
2020-12-07 00:00:00+00:00,132.94,134.75,132.0,133.25,742443,126.2510598091,127.9699887865,125.3583563623,126.5454620097,742443,0.0,1.0
2020-12-08 00:00:00+00:00,132.94,134.32,132.32,133.6,1203374,126.2510598091,127.5616244438,125.662255408,126.877851591,1203374,0.0,1.0
2020-12-09 00:00:00+00:00,131.95,133.46,131.11,133.0,687842,125.3108721364,126.7448957584,124.5131371414,126.3080408802,687842,0.0,1.0
2020-12-10 00:00:00+00:00,131.71,132.37,130.895,131.5,542639,125.0829478521,125.7097396339,124.30895497,124.8835141034,542639,0.0,1.0
2020-12-11 00:00:00+00:00,130.7,131.6106,128.82,130.72,689126,124.1237664891,124.988549211,122.3383595954,124.1427601794,689126,0.0,1.0
2020-12-14 00:00:00+00:00,131.73,134.11,130.75,131.57,937023,125.1019415425,127.3621906951,124.1712507149,124.9499920196,937023,0.0,1.0
2020-12-15 00:00:00+00:00,132.83,133.26,131.755,132.19,650051,126.1465945122,126.5549588549,125.1256836554,125.5387964207,650051,0.0,1.0
2020-12-16 00:00:00+00:00,132.26,133.185,131.774,132.71,570052,125.605274337,126.483732516,125.1437276613,126.03263237,570052,0.0,1.0
2020-12-17 00:00:00+00:00,135.24,135.38,128.9069,128.9069,885874,128.4353342003,128.5682900328,122.42088718,122.42088718,885874,0.0,1.0
2020-12-18 00:00:00+00:00,134.37,136.63,133.27,135.85,2098286,127.6091086697,129.7553956802,126.5644557,129.0146417562,2098286,0.0,1.0
2020-12-21 00:00:00+00:00,130.99,132.13,129.3,131.75,1153790,124.3991749992,125.4818153496,122.794208164,125.1209352328,1153790,0.0,1.0
2020-12-22 00:00:00+00:00,130.75,131.645,129.47,131.35,1207149,124.1712507149,125.0212183585,122.955654532,124.7410614257,1207149,0.0,1.0
2020-12-23 00:00:00+00:00,129.85,132.585,129.67,131.41,782512,123.3165346488,125.9139218053,123.1455914356,124.7980424968,782512,0.0,1.0
2020-12-24 00:00:00+00:00,129.23,130.53,128.25,130.46,392930,122.7277302477,123.962320121,121.7970394202,123.8958422048,392930,0.0,1.0
2020-12-28 00:00:00+00:00,131.06,131.51,129.63,130.75,952586,124.4656529155,124.8930109485,123.1076040549,124.1712507149,952586,0.0,1.0
2020-12-29 00:00:00+00:00,129.47,133.89,128.84,132.01,740552,122.955654532,127.1532601011,122.3573532858,125.3678532075,740552,0.0,1.0
2020-12-30 00:00:00+00:00,130.0,131.47,129.0,129.33,483624,123.4589873265,124.8550235678,122.5093028086,122.8226986995,483624,0.0,1.0
2020-12-31 00:00:00+00:00,131.79,132.17,129.4,129.82,493658,125.1589226136,125.5198027304,122.8891766158,123.2880441133,493658,0.0,1.0
2021-01-04 00:00:00+00:00,127.16,132.81,125.46,131.75,1073833,120.7618832957,126.1276008218,119.1474196153,125.1209352328,1073833,0.0,1.0
2021-01-05 00:00:00+00:00,127.84,128.33,125.66,126.19,1026221,121.4076687679,121.8730141816,119.3373565189,119.8406893133,1026221,0.0,1.0
2021-01-06 00:00:00+00:00,128.9,130.37,127.22,127.22,964220,122.4143343568,123.8103705981,120.8188643668,120.8188643668,964220,0.0,1.0
2021-01-07 00:00:00+00:00,131.97,132.62,128.58,129.12,1482670,125.3298658268,125.9471607634,122.1104353111,122.6232649508,1482670,0.0,1.0
2021-01-08 00:00:00+00:00,134.59,135.74,132.0,132.19,999402,127.8180392637,128.9101764593,125.3583563623,125.5387964207,999402,0.0,1.0
2021-01-11 00:00:00+00:00,133.65,135.16,132.76,133.01,686377,126.9253358168,128.3593594389,126.0801165959,126.3175377254,686377,0.0,1.0
2021-01-12 00:00:00+00:00,134.42,135.74,132.91,133.28,652198,127.6565928956,128.9101764593,126.2225692736,126.5739525452,652198,0.0,1.0
2021-01-13 00:00:00+00:00,134.95,136.23,134.1,134.38,972698,128.1599256901,129.375521873,127.3526938499,127.6186055149,972698,0.0,1.0
2021-01-14 00:00:00+00:00,134.8,136.21,134.45,135.18,677712,128.0174730124,129.3565281827,127.6850834312,128.3783531292,677712,0.0,1.0
2021-01-15 00:00:00+00:00,133.66,134.64,131.17,134.21,811042,126.934832662,127.8655234896,124.5701182125,127.4571591469,811042,0.0,1.0
2021-01-19 00:00:00+00:00,132.97,134.88,130.01,133.45,784341,126.2795503447,128.0934477739,123.4684841717,126.7353989133,784341,0.0,1.0
2021-01-20 00:00:00+00:00,136.15,136.815,133.1,133.85,774649,129.2995471116,129.931087316,126.403009332,127.1152727204,774649,0.0,1.0
2021-01-21 00:00:00+00:00,137.67,137.8,134.76,135.83,750176,130.7430675788,130.8665265661,127.9794856317,128.9956480659,750176,0.0,1.0
2021-01-22 00:00:00+00:00,135.32,137.25,135.32,136.49,804819,128.5113089617,130.3442000813,128.5113089617,129.6224398477,804819,0.0,1.0
2021-01-25 00:00:00+00:00,135.23,137.01,134.84,135.82,610115,128.4258373551,130.116275797,128.0554603931,128.9861512207,610115,0.0,1.0
2021-01-26 00:00:00+00:00,134.24,136.14,133.21,136.14,461343,127.4856496824,129.2900502664,126.507474629,129.2900502664,461343,0.0,1.0
2021-01-27 00:00:00+00:00,133.02,134.2887,130.355,132.96,963400,126.3270345706,127.5318993184,123.7961253304,126.2700534995,963400,0.0,1.0
2021-01-28 00:00:00+00:00,134.5,136.41,132.65,133.63,986958,127.7325676571,129.5464650862,125.9756512989,126.9063421265,986958,0.0,1.0
2021-01-29 00:00:00+00:00,131.66,134.41,130.22,133.26,1108846,125.0354636262,127.6470960504,123.6679179205,126.5549588549,1108846,0.0,1.0
2021-02-01 00:00:00+00:00,138.16,139.31,132.71,133.47,1230669,131.2084129926,132.3005501881,126.03263237,126.7543926036,1230669,0.0,1.0
2021-02-02 00:00:00+00:00,141.44,142.4,138.37,138.74,713074,134.3233782113,135.2350753484,131.4078467413,131.7592300129,713074,0.0,1.0
2021-02-03 00:00:00+00:00,140.99,141.92,139.37,140.53,768277,133.8960201782,134.7792267799,132.3575312592,133.4591653,768277,0.0,1.0
2021-02-04 00:00:00+00:00,149.98,149.99,144.82,145.71,1211727,142.4336839941,142.4431808393,137.5333118817,138.3785311027,1211727,0.0,1.0
2021-02-05 00:00:00+00:00,150.97,151.2729,147.52,151.2729,630930,143.3738716668,143.6615311073,140.0974600801,143.6615311073,630930,0.0,1.0
2021-02-08 00:00:00+00:00,150.39,153.95,150.02,152.08,1436353,142.8230546464,146.2039315301,142.4716713748,144.4280214817,1436353,0.0,1.0
2021-02-09 00:00:00+00:00,151.56,151.75,149.27,150.39,752230,143.9341855324,144.1146255908,141.7594079864,142.8230546464,752230,0.0,1.0
2021-02-10 00:00:00+00:00,157.34,157.94,154.31,155.26,1019934,149.4233620458,149.9931727565,146.5458179566,147.4480182486,1019934,0.0,1.0
2021-02-11 00:00:00+00:00,156.91,157.1,154.155,156.98,730465,149.0149977031,149.1954377615,146.3986168563,149.0814756194,730465,0.0,1.0
2021-02-12 00:00:00+00:00,155.4,157.02,154.41,157.02,573729,147.5809740811,149.1194630001,146.6407864084,149.1194630001,573729,0.0,1.0
2021-02-16 00:00:00+00:00,155.93,156.77,154.66,154.78,739966,148.0843068756,148.8820418706,146.8782075378,146.99216968,739966,0.0,1.0
2021-02-17 00:00:00+00:00,157.86,158.58,154.3,155.61,870883,149.9171979951,150.600970848,146.5363211114,147.7804078299,870883,0.0,1.0
2021-02-18 00:00:00+00:00,156.65,158.08,156.55,156.8,672239,148.7680797285,150.1261285891,148.6731112767,148.9105324061,672239,0.0,1.0
2021-02-19 00:00:00+00:00,160.75,162.42,156.8022,157.25,1035372,152.6617862518,154.2477593967,148.9126217121,149.3378904392,1035372,0.0,1.0
2021-02-22 00:00:00+00:00,159.32,160.78,158.32,158.6,585981,151.3037373912,152.6902767874,150.3540528734,150.6199645384,585981,0.0,1.0
2021-02-23 00:00:00+00:00,157.18,158.46,154.43,158.46,772417,149.2714125229,150.4870087059,146.6597800987,150.4870087059,772417,0.0,1.0
2021-02-24 00:00:00+00:00,162.1,162.73,154.01,154.63,700988,154.3237341582,154.9235117801,146.6218278698,147.2120852121,700988,0.4,1.0
2021-02-25 00:00:00+00:00,156.89,161.415,156.51,160.97,788894,149.3636684273,153.6715949978,149.0018977982,153.2479425505,788894,0.0,1.0
2021-02-26 00:00:00+00:00,156.89,159.71,155.67,158.36,954361,149.3636684273,152.0483873066,148.2021943023,150.7631495453,954361,0.0,1.0
2021-03-01 00:00:00+00:00,160.57,161.86,158.62,160.1,786835,152.867131362,154.095247445,151.0106768178,152.4196782154,786835,0.0,1.0
2021-03-02 00:00:00+00:00,157.1,160.81,156.84,160.0,701691,149.5635943013,153.0956180751,149.3160670288,152.3244754183,701691,0.0,1.0
2021-03-03 00:00:00+00:00,155.66,157.0,154.38,156.49,961077,148.1926740226,149.4683915042,146.9740782192,148.9828572388,961077,0.0,1.0
2021-03-04 00:00:00+00:00,151.44,155.78,148.91,154.88,1072103,144.1751159834,148.3069173791,141.7664852159,147.4500922049,1072103,0.0,1.0
2021-03-05 00:00:00+00:00,154.48,155.25,149.215,153.82,891174,147.0692810164,147.8023425543,142.0568537471,146.4409425553,891174,0.0,1.0
2021-03-08 00:00:00+00:00,155.14,157.2,152.905,154.07,774180,147.6976194775,149.6587970985,145.5698369615,146.6789495481,774180,0.0,1.0
2021-03-09 00:00:00+00:00,154.47,157.32,154.17,155.87,849171,147.0597607366,149.773040455,146.7741523452,148.3925998966,849171,0.0,1.0
2021-03-10 00:00:00+00:00,156.44,158.27,154.295,155.67,684658,148.9352558402,150.6774670278,146.8931558417,148.2021943023,684658,0.0,1.0
2021-03-11 00:00:00+00:00,159.99,161.015,156.18,157.11,703076,152.3149551386,153.2907838092,148.6877285677,149.573114581,703076,0.0,1.0
2021-03-12 00:00:00+00:00,160.06,162.0,158.99,161.02,639911,152.3815970966,154.228531361,151.3629271672,153.2955439491,639911,0.0,1.0
2021-03-15 00:00:00+00:00,161.27,161.34,158.5,159.69,504504,153.5335509419,153.6001928999,150.8964334612,152.0293467472,504504,0.0,1.0
2021-03-16 00:00:00+00:00,160.97,162.2,160.02,162.13,524727,153.2479425505,154.4189369553,152.3435159777,154.3522949973,524727,0.0,1.0
2021-03-17 00:00:00+00:00,160.4,160.63,157.57,160.15,715682,152.7052866068,152.9242530403,150.0110474479,152.467279614,715682,0.0,1.0
2021-03-18 00:00:00+00:00,157.1,159.915,156.59,157.3,766288,149.5635943013,152.2435530407,149.0780600359,149.7539998956,766288,0.0,1.0
2021-03-19 00:00:00+00:00,158.03,159.42,154.74,156.27,1663372,150.4489803147,151.7722991949,147.3168082889,148.7734110851,1663372,0.0,1.0
2021-03-22 00:00:00+00:00,159.3,160.35,157.18,158.2,639606,151.6580558383,152.6576852083,149.639756539,150.6108250698,639606,0.0,1.0
2021-03-23 00:00:00+00:00,156.06,159.925,155.175,158.85,773258,148.5734852111,152.2530733204,147.7309404565,151.2296432512,773258,0.0,1.0
2021-03-24 00:00:00+00:00,156.41,159.63,156.1,156.74,819072,148.9066950011,151.9722250689,148.61156633,149.2208642316,819072,0.0,1.0
2021-03-25 00:00:00+00:00,159.62,160.4,154.53,156.015,1004572,151.9627047892,152.7052866068,147.1168824149,148.5306439524,1004572,0.0,1.0
2021-03-26 00:00:00+00:00,167.9,168.03,158.59,158.75,1342639,159.8454963921,159.9692600283,150.9821159787,151.1344404541,1342639,0.0,1.0
2021-03-29 00:00:00+00:00,165.06,168.96,163.8,167.74,821988,157.1417369534,160.8546460417,155.9421817095,159.6931719167,821988,0.0,1.0
2021-03-30 00:00:00+00:00,164.82,165.33,161.34,163.97,549447,156.9132502403,157.3987845057,153.6001928999,156.1040264646,549447,0.0,1.0
2021-03-31 00:00:00+00:00,165.75,166.4,164.0597,165.77,763369,157.7986362536,158.417454435,156.1894233736,157.8176768131,763369,0.0,1.0
2021-04-01 00:00:00+00:00,169.44,169.64,166.59,167.63,722820,161.311619468,161.5020250622,158.5983397496,159.5884488398,722820,0.0,1.0
2021-04-05 00:00:00+00:00,171.53,172.79,169.5,170.4,704419,163.3013579281,164.500913172,161.3687411463,162.2255663205,704419,0.0,1.0
2021-04-06 00:00:00+00:00,171.52,171.56,169.56,170.79,785696,163.2918376484,163.3299187673,161.4258628245,162.5968572293,785696,0.0,1.0
2021-04-07 00:00:00+00:00,170.32,171.3,169.85,171.29,483755,162.1494040828,163.0823914947,161.7019509362,163.072871215,483755,0.0,1.0
2021-04-08 00:00:00+00:00,174.59,176.33,172.18,176.33,782791,166.2145635205,167.8710921907,163.9201761095,167.8710921907,782791,0.0,1.0
2021-04-09 00:00:00+00:00,175.44,175.68,172.7,173.8,855239,167.0237872962,167.2522740093,164.4152306546,165.4624614231,855239,0.0,1.0
2021-04-12 00:00:00+00:00,174.25,175.56,173.32,175.44,777512,165.8908740102,167.1380306527,165.0054879969,167.0237872962,777512,0.0,1.0
2021-04-13 00:00:00+00:00,175.89,176.18,173.59,174.05,578085,167.4521998833,167.728287995,165.2625355491,165.700468416,578085,0.0,1.0
2021-04-14 00:00:00+00:00,178.13,178.93,175.44,176.99,1199640,169.5847425391,170.3463649162,167.0237872962,168.4994306518,1199640,0.0,1.0
2021-04-15 00:00:00+00:00,180.82,181.04,176.92,178.78,893703,172.1456977821,172.3551439358,168.4327886938,170.2035607205,893703,0.0,1.0
2021-04-16 00:00:00+00:00,184.01,184.58,181.575,184.58,965637,175.1826670107,175.7253229544,172.8644789005,175.7253229544,965637,0.0,1.0
2021-04-19 00:00:00+00:00,182.2,184.0558,181.91,183.1,856801,173.4594963826,175.2262698918,173.1834082709,174.3163215568,856801,0.0,1.0
2021-04-20 00:00:00+00:00,180.74,183.63,179.72,181.31,784825,172.0695355444,174.8208963816,171.0984670136,172.6121914881,784825,0.0,1.0
2021-04-21 00:00:00+00:00,181.83,182.61,180.8,181.38,816073,173.1072460332,173.8498278508,172.1266572227,172.6788334461,816073,0.0,1.0
2021-04-22 00:00:00+00:00,180.87,183.11,180.26,182.67,587782,172.1932991807,174.3258418365,171.6125621181,173.9069495291,587782,0.0,1.0
2021-04-23 00:00:00+00:00,182.61,183.52,180.93,181.91,775245,173.8498278508,174.7161733048,172.2504208589,173.1834082709,775245,0.0,1.0
2021-04-26 00:00:00+00:00,183.11,184.0,181.64,182.76,613990,174.3258418365,175.173146731,172.9263607186,173.9926320465,613990,0.0,1.0
2021-04-27 00:00:00+00:00,183.49,183.72,181.67,183.01,472313,174.6876124656,174.9065788991,172.9549215578,174.2306390394,472313,0.0,1.0
2021-04-28 00:00:00+00:00,182.03,183.85,181.105,183.43,423214,173.2976516274,175.0303425353,172.4170257539,174.6304907874,423214,0.0,1.0
2021-04-29 00:00:00+00:00,182.5,184.02,181.95,183.22,515642,173.745104774,175.1921872905,173.2214893897,174.4305649134,515642,0.0,1.0
2021-04-30 00:00:00+00:00,178.33,181.46,177.86,181.46,863414,169.7751481334,172.7549956838,169.3276949869,172.7549956838,863414,0.0,1.0
2021-05-03 00:00:00+00:00,179.2,180.77,177.512,180.26,724644,170.6034124685,172.0980963835,168.9963892528,171.6125621181,724644,0.0,1.0
2021-05-04 00:00:00+00:00,176.3,179.095,175.02,178.56,973742,167.8425313515,170.5034495315,166.6239355482,169.9941145668,973742,0.0,1.0
2021-05-05 00:00:00+00:00,171.4,176.0,169.04,174.645,1464544,163.1775942918,167.5569229601,160.9308082794,166.2669250589,1464544,0.0,1.0
2021-05-06 00:00:00+00:00,172.6,172.92,166.41,171.06,1314465,164.3200278575,164.6246768083,158.4269747147,162.8539047816,1314465,0.0,1.0
2021-05-07 00:00:00+00:00,174.87,175.38,171.97,172.67,784459,166.4811313525,166.9666656179,163.7202502355,164.3866698155,784459,0.0,1.0
2021-05-10 00:00:00+00:00,171.42,175.39,171.4,174.87,545639,163.1966348513,166.9761858976,163.1775942918,166.4811313525,545639,0.0,1.0
2021-05-11 00:00:00+00:00,167.64,169.64,166.66,168.6,1497884,159.5979691195,161.5020250622,158.6649817076,160.511915972,1497884,0.0,1.0
2021-05-12 00:00:00+00:00,163.48,166.43,162.57,164.63,1228297,155.6375327586,158.4460152742,154.7711873047,156.7323649257,1228297,0.0,1.0
2021-05-13 00:00:00+00:00,168.53,169.76,163.66,164.95,1242346,160.445274014,161.6162684188,155.8088977935,157.0370138765,1242346,0.0,1.0
2021-05-14 00:00:00+00:00,169.45,170.06,166.35,169.88,878311,161.3211397477,161.9018768102,158.3698530365,161.7305117754,878311,0.0,1.0
2021-05-17 00:00:00+00:00,169.14,169.27,166.62,167.89,642027,161.0260110766,161.1497747128,158.6269005887,159.8359761124,642027,0.0,1.0
2021-05-18 00:00:00+00:00,167.87,169.84,167.8,169.56,736791,159.8169355529,161.6924306565,159.7502935949,161.4258628245,736791,0.0,1.0
2021-05-19 00:00:00+00:00,168.03,168.24,164.3483,164.92,569858,159.9692600283,160.1691859023,156.4641786462,157.0084530374,569858,0.0,1.0
2021-05-20 00:00:00+00:00,168.06,168.76,166.855,168.03,847520,159.9978208675,160.6642404474,158.850627162,159.9692600283,847520,0.0,1.0
2021-05-21 00:00:00+00:00,168.07,169.7601,167.07,168.52,772907,160.0073411472,161.6163636216,159.0553131758,160.4357537343,772907,0.0,1.0
2021-05-24 00:00:00+00:00,168.56,169.9781,168.03,169.23,471582,160.8546460417,162.2079206831,160.3488738395,161.4940184483,471582,0.4,1.0
2021-05-25 00:00:00+00:00,166.73,169.85,166.36,169.59,450933,159.1083005134,162.0856764961,158.755214259,161.8375618309,450933,0.0,1.0
2021-05-26 00:00:00+00:00,166.08,167.37,164.92,166.8,1283474,158.4880138503,159.7190443047,157.3810407285,159.1751006156,1283474,0.0,1.0
2021-05-27 00:00:00+00:00,167.18,168.14,166.04,166.93,1271157,159.5377297417,160.4538454287,158.4498423634,159.2991579482,1271157,0.0,1.0
2021-05-28 00:00:00+00:00,165.42,168.08,162.94,167.31,948041,157.8581843155,160.3965881982,155.4915521241,159.6617870743,948041,0.0,1.0
2021-06-01 00:00:00+00:00,163.87,166.94,163.46,165.9572,817679,156.3790391959,159.3087008199,155.9877814545,158.3708273853,817679,0.0,1.0
2021-06-02 00:00:00+00:00,164.96,165.96,164.355,164.59,641109,157.4192122155,158.3734993894,156.8418684752,157.0661259611,641109,0.0,1.0
2021-06-03 00:00:00+00:00,165.28,166.12,162.47,163.04,780512,157.7245841111,158.5261853373,155.0430371523,155.5869808415,780512,0.0,1.0
2021-06-04 00:00:00+00:00,167.49,168.23,165.51,165.76,622530,159.8335587656,160.5397312743,157.9440701612,158.1826419546,622530,0.0,1.0
2021-06-07 00:00:00+00:00,165.76,167.82,165.36,167.07,682811,158.1826419546,160.148473533,157.8009270851,159.4327581525,682811,0.0,1.0
2021-06-08 00:00:00+00:00,166.48,167.49,165.71,166.5,432778,158.8697287199,159.8335587656,158.1349275959,158.8888144634,432778,0.0,1.0
2021-06-09 00:00:00+00:00,165.81,167.29,165.69,167.0,456324,158.2303563133,159.6427013308,158.1158418525,159.3659580503,456324,0.0,1.0
2021-06-10 00:00:00+00:00,167.41,167.44,165.21,166.17,385641,159.7572157917,159.7858444069,157.657784009,158.573899696,385641,0.0,1.0
2021-06-11 00:00:00+00:00,168.66,168.76,166.98,168.49,588812,160.9500747591,161.0455034765,159.3468723069,160.7878459395,588812,0.0,1.0
2021-06-14 00:00:00+00:00,169.3,169.62,167.92,168.68,650497,161.5608185504,161.8661904461,160.2439022504,160.9691605026,650497,0.0,1.0
2021-06-15 00:00:00+00:00,170.93,172.0,168.98,169.61,853719,163.116306644,164.1373939201,161.2554466548,161.8566475744,853719,0.0,1.0
2021-06-16 00:00:00+00:00,171.73,173.29,169.9,170.92,1299400,163.8797363832,165.3684243745,162.1333908548,163.1067637722,1299400,0.0,1.0
2021-06-17 00:00:00+00:00,169.24,171.5388,168.2,170.93,1079804,161.50356132,163.6972766755,160.5111026591,163.116306644,1079804,0.0,1.0
2021-06-18 00:00:00+00:00,165.78,169.41,164.63,168.19,1457905,158.2017276981,161.6657901396,157.1042974481,160.5015597874,1457905,0.0,1.0
2021-06-21 00:00:00+00:00,169.73,170.39,166.12,166.9,602758,161.9711620352,162.6009915701,158.5261853373,159.270529333,602758,0.0,1.0
2021-06-22 00:00:00+00:00,171.14,171.83,168.72,169.25,707172,163.3167069505,163.9751651005,161.0073319895,161.5131041917,707172,0.0,1.0
2021-06-23 00:00:00+00:00,169.1,171.4399,168.85,170.86,883569,161.3699611157,163.602897674,161.1313893222,163.0495065418,883569,0.0,1.0
2021-06-24 00:00:00+00:00,170.29,170.45,168.61,170.0,465399,162.5055628527,162.6582488005,160.9023604004,162.2288195722,465399,0.0,1.0
2021-06-25 00:00:00+00:00,171.77,172.58,169.22,170.0,1102707,163.9179078701,164.690880481,161.4844755765,162.2288195722,1102707,0.0,1.0
2021-06-28 00:00:00+00:00,173.79,173.975,171.8,172.24,803468,165.8455679615,166.0221110887,163.9465364853,164.3664228419,803468,0.0,1.0
2021-06-29 00:00:00+00:00,176.33,176.49,173.31,173.31,617016,168.2694573833,168.4221433312,165.387510118,165.387510118,617016,0.0,1.0
2021-06-30 00:00:00+00:00,174.65,176.99,174.38,176.09,594718,166.6662549311,168.8992869181,166.4085973941,168.0404284616,594718,0.0,1.0
2021-07-01 00:00:00+00:00,175.8,176.69,173.43,174.86,537612,167.7636851811,168.613000766,165.5020245789,166.8666552376,537612,0.0,1.0
2021-07-02 00:00:00+00:00,176.89,177.684,176.12,176.52,409752,168.8038582008,169.5615622169,168.0690570768,168.4507719464,409752,0.0,1.0
2021-07-06 00:00:00+00:00,175.97,176.98,173.955,176.65,955455,167.9259140007,168.8897440464,166.0030253452,168.574829279,955455,0.0,1.0
2021-07-07 00:00:00+00:00,178.83,178.95,175.23,176.65,620253,170.6551753182,170.7696897791,167.219741492,168.574829279,620253,0.0,1.0
2021-07-08 00:00:00+00:00,176.83,179.57,176.0,176.77,664300,168.7466009703,171.361347827,167.9545426159,168.6893437399,664300,0.0,1.0
2021-07-09 00:00:00+00:00,177.98,178.61,176.07,176.28,775419,169.8440312204,170.44523214,168.0213427181,168.2217430246,775419,0.0,1.0
2021-07-12 00:00:00+00:00,176.33,178.54,175.75,177.63,627329,168.2694573833,170.3784320378,167.7159708224,169.5100307095,627329,0.0,1.0
2021-07-13 00:00:00+00:00,174.16,177.02,173.87,175.59,653402,166.1986542159,168.9279155334,165.9219109354,167.5632848746,653402,0.0,1.0
2021-07-14 00:00:00+00:00,176.05,176.77,174.99,175.19,705658,168.0022569746,168.6893437399,166.9907125702,167.181570005,705658,0.0,1.0
2021-07-15 00:00:00+00:00,175.36,175.66,173.98,175.52,436945,167.3437988246,167.6300849768,166.0268825245,167.4964847724,436945,0.0,1.0
2021-07-16 00:00:00+00:00,174.44,177.4099,174.3,176.07,446754,166.4658546246,169.2999921025,166.3322544202,168.0213427181,446754,0.0,1.0
2021-07-19 00:00:00+00:00,172.43,173.95,171.33,172.17,600687,164.5477374049,165.9982539093,163.4980215136,164.2996227397,600687,0.0,1.0
2021-07-20 00:00:00+00:00,176.24,177.76,172.59,173.32,625995,168.1835715377,169.6340880421,164.7004233528,165.3970529897,625995,0.0,1.0
2021-07-21 00:00:00+00:00,177.25,177.94,175.96,176.66,545576,169.1474015834,169.8058597334,167.916371129,168.5843721507,545576,0.0,1.0
2021-07-22 00:00:00+00:00,177.46,177.94,176.635,177.52,458279,169.3478018899,169.8058597334,168.5605149714,169.4050591203,458279,0.0,1.0
2021-07-23 00:00:00+00:00,180.95,181.06,177.96,178.57,367904,172.678264127,172.7832357161,169.8249454769,170.407060653,367904,0.0,1.0
2021-07-26 00:00:00+00:00,181.58,182.4,180.22,180.22,453333,173.2794650466,174.0619805292,171.98163449,171.98163449,453333,0.0,1.0
2021-07-27 00:00:00+00:00,181.3,182.49,178.88,180.75,534392,173.0122646379,174.1478663749,170.7028896769,172.4874066922,534392,0.0,1.0
2021-07-28 00:00:00+00:00,180.32,182.155,179.56,181.57,544282,172.0770632074,173.8281801716,171.3518049552,173.2699221749,544282,0.0,1.0
2021-07-29 00:00:00+00:00,183.11,183.78,180.83,180.84,412166,174.7395244227,175.3788968293,172.5637496661,172.5732925379,412166,0.0,1.0
2021-07-30 00:00:00+00:00,183.35,183.45,181.53,182.74,670773,174.9685533445,175.0639820619,173.2317506879,174.3864381684,670773,0.0,1.0
2021-08-02 00:00:00+00:00,183.67,185.45,183.28,184.8,575280,175.2739252402,176.9725564098,174.9017532423,176.3522697467,575280,0.0,1.0
2021-08-03 00:00:00+00:00,185.29,185.41,182.33,184.51,693538,176.819870462,176.9343849228,173.9951804271,176.0755264663,693538,0.0,1.0
2021-08-04 00:00:00+00:00,188.24,190.67,179.24,183.28,1219273,179.6350176251,181.9539354578,171.0464330595,174.9017532423,1219273,0.0,1.0
2021-08-05 00:00:00+00:00,190.62,191.05,187.32,190.01,806633,181.9062210991,182.3165645839,178.7570734251,181.324105923,806633,0.0,1.0
2021-08-06 00:00:00+00:00,190.05,192.72,189.67,189.95,686999,181.36227741,183.9102241644,180.9996482839,181.2668486926,686999,0.0,1.0
2021-08-09 00:00:00+00:00,189.63,190.035,188.0,188.965,592219,180.9614767969,181.3479631024,179.4059887034,180.3268758263,592219,0.0,1.0
2021-08-10 00:00:00+00:00,191.52,192.7738,189.38,190.22,774854,182.7650795557,183.9615648144,180.7229050034,181.5245062296,774854,0.0,1.0
2021-08-11 00:00:00+00:00,195.96,196.24,191.84,192.45,892952,187.0021146081,187.2693150168,183.0704514514,183.6525666275,892952,0.0,1.0
2021-08-12 00:00:00+00:00,197.91,198.29,195.26,195.8,622419,188.8629745973,189.2256037234,186.3341135863,186.8494286602,622419,0.0,1.0
2021-08-13 00:00:00+00:00,198.32,198.54,191.335,191.335,650923,189.2542323386,189.4641755169,182.5885364285,182.5885364285,650923,0.0,1.0
2021-08-16 00:00:00+00:00,199.02,199.05,196.77,198.1,804276,189.9222333604,189.9508619756,187.775087219,189.0442891603,804276,0.0,1.0
2021-08-17 00:00:00+00:00,196.69,198.975,194.95,198.975,612685,187.698744245,189.8792904375,186.0382845624,189.8792904375,612685,0.0,1.0
2021-08-18 00:00:00+00:00,195.27,197.83,195.04,196.39,424533,186.343656458,188.7866316234,186.124170408,187.4124580929,424533,0.0,1.0
2021-08-19 00:00:00+00:00,194.33,195.17,192.02,193.3511,633225,185.4466265145,186.2482277406,183.2422231427,184.5124747999,633225,0.0,1.0
2021-08-20 00:00:00+00:00,195.77,196.53,194.2,194.62,519982,186.820800045,187.5460582972,185.3225691819,185.723369795,519982,0.0,1.0
2021-08-23 00:00:00+00:00,196.9,197.31,195.425,196.34,390512,187.8991445516,188.2904022929,186.49157097,187.3647437342,390512,0.0,1.0
2021-08-24 00:00:00+00:00,196.95,198.22,196.5,196.75,494923,188.3285737799,189.5429799169,187.8982723927,188.1373287189,494923,0.4,1.0
2021-08-25 00:00:00+00:00,198.38,199.1,196.38,196.65,542179,189.6959759657,190.3844581852,187.7835253561,188.0417061884,542179,0.0,1.0
2021-08-26 00:00:00+00:00,198.07,199.105,197.2457,198.36,540023,189.3995461212,190.3892393117,188.6113296025,189.6768514596,540023,0.0,1.0
2021-08-27 00:00:00+00:00,199.25,199.45,196.87,197.85,781404,190.5278919809,190.7191370418,188.2520757555,189.1891765542,781404,0.0,1.0
2021-08-30 00:00:00+00:00,200.74,201.36,198.62,199.79,654227,191.952667685,192.545527374,189.9254700389,191.0442536455,654227,0.0,1.0
2021-08-31 00:00:00+00:00,200.61,201.35,199.32,200.76,984577,191.8283583954,192.535965121,190.5948277522,191.9717921911,984577,0.0,1.0
2021-09-01 00:00:00+00:00,200.29,201.36,198.4,200.95,529001,191.5223662979,192.545527374,189.7151004718,192.153474999,529001,0.0,1.0
2021-09-02 00:00:00+00:00,203.26,203.34,200.6737,200.6737,471278,194.3623554531,194.4388534775,191.8892699473,191.8892699473,471278,0.0,1.0
2021-09-03 00:00:00+00:00,202.7,203.82,202.16,202.36,384381,193.8268692824,194.8978416238,193.3105076179,193.5017526788,384381,0.0,1.0
2021-09-07 00:00:00+00:00,201.25,202.26,200.265,201.8,512711,192.4403425905,193.4061301483,191.4984606653,192.9662665081,512711,0.0,1.0
2021-09-08 00:00:00+00:00,200.39,200.66,198.495,200.39,658862,191.6179888284,191.8761696607,189.8059418758,191.6179888284,658862,0.0,1.0
2021-09-09 00:00:00+00:00,199.55,202.1196,199.33,200.07,632258,190.8147595723,193.2718761155,190.6043900053,191.3119967308,632258,0.0,1.0
2021-09-10 00:00:00+00:00,197.99,201.92,197.71,200.41,541265,189.3230480968,193.0810135447,189.0553050115,191.6371133345,541265,0.0,1.0
2021-09-13 00:00:00+00:00,196.77,200.09,195.35,199.86,603680,188.156453225,191.3311212369,186.7986132922,191.1111894168,603680,0.0,1.0
2021-09-14 00:00:00+00:00,193.48,198.7,192.51,198.7,820458,185.0104719722,190.0019680633,184.0829334266,190.0019680633,820458,0.0,1.0
2021-09-15 00:00:00+00:00,195.09,195.5325,191.4841,192.71,1130482,186.5499947129,186.9731244103,183.1019418864,184.2741784875,1130482,0.0,1.0
2021-09-16 00:00:00+00:00,194.34,195.855,193.75,194.22,801113,185.8328257343,187.2815070711,185.2686528045,185.7180786978,801113,0.0,1.0
2021-09-17 00:00:00+00:00,191.14,193.68,190.17,192.88,1866858,182.772904759,185.2017170332,181.8453662133,184.4367367893,1866858,0.0,1.0
2021-09-20 00:00:00+00:00,187.8,190.0,185.72,187.6,800773,179.579112241,181.6828079115,177.590163607,179.38786718,800773,0.0,1.0
2021-09-21 00:00:00+00:00,187.76,188.99,185.76,188.31,656703,179.5408632288,180.7170203537,177.6284126192,180.0667871464,656703,0.0,1.0
2021-09-22 00:00:00+00:00,189.63,190.8856,188.54,188.54,490759,181.3290045487,182.5296410414,180.2867189665,180.2867189665,490759,0.0,1.0
2021-09-23 00:00:00+00:00,192.52,194.31,189.07,189.12,401397,184.0924956796,185.8041389752,180.7935183781,180.8413296433,401397,0.0,1.0
2021-09-24 00:00:00+00:00,193.06,193.7,191.11,191.55,439796,184.6088573442,185.2208415393,182.7442179998,183.1649571339,439796,0.0,1.0
2021-09-27 00:00:00+00:00,192.29,193.76,191.45,191.98,446363,183.8725638595,185.2782150576,183.0693346035,183.576134015,446363,0.0,1.0
2021-09-28 00:00:00+00:00,186.14,191.09,185.59,190.65,603430,177.991778235,182.7250934937,177.4658543174,182.3043543596,603430,0.0,1.0
2021-09-29 00:00:00+00:00,185.39,188.67,183.94,188.12,468308,177.2746092564,180.4110282561,175.8880825644,179.8851043385,468308,0.0,1.0
2021-09-30 00:00:00+00:00,182.02,187.1,181.89,186.0098,919324,174.0521299792,178.9097545276,173.9278206896,177.8672777003,919324,0.0,1.0
2021-10-01 00:00:00+00:00,185.71,186.42,180.25,182.66,850590,177.5806013539,178.2595213203,172.3596111897,174.6641141743,850590,0.0,1.0
2021-10-04 00:00:00+00:00,182.65,187.47,182.22,185.24,1010606,174.6545519213,179.2635578904,174.2433750402,177.1311754607,1010606,0.0,1.0
2021-10-05 00:00:00+00:00,184.13,185.67,181.82,183.06,576842,176.0697653724,177.5423523417,173.8608849183,175.0466042962,576842,0.0,1.0
2021-10-06 00:00:00+00:00,175.53,178.55,172.24,178.55,1253978,167.8462277511,170.7340281716,164.7002464983,170.7340281716,1253978,0.0,1.0
2021-10-07 00:00:00+00:00,177.46,178.78,176.58,177.28,817137,169.6917425894,170.9539599917,168.8502643211,169.5196220345,817137,0.0,1.0
2021-10-08 00:00:00+00:00,176.88,178.08,176.12,178.03,558708,169.1371319126,170.2846022783,168.4104006809,170.2367910131,558708,0.0,1.0
2021-10-11 00:00:00+00:00,174.57,176.49,174.37,175.6,593379,166.9282514585,168.7642040437,166.7370063975,167.9131635224,593379,0.0,1.0
2021-10-12 00:00:00+00:00,173.61,175.8,173.15,175.55,613459,166.0102751659,168.1044085834,165.5704115257,167.8653522572,613459,0.0,1.0
2021-10-13 00:00:00+00:00,174.02,175.63,172.88,174.495,761936,166.4023275409,167.9418502816,165.3122306934,166.8565345606,761936,0.0,1.0
2021-10-14 00:00:00+00:00,177.53,178.23,174.64,175.81,716486,169.7586783607,170.428036074,166.9951872298,168.1139708364,716486,0.0,1.0
2021-10-15 00:00:00+00:00,177.72,179.135,177.105,177.79,709394,169.9403611686,171.2934199749,169.3522826062,170.0072969399,709394,0.0,1.0
2021-10-18 00:00:00+00:00,186.23,190.715,178.96,178.97,1628757,178.0778385124,182.3665090044,171.1260805466,171.1356427996,1628757,0.0,1.0
2021-10-19 00:00:00+00:00,187.63,187.77,185.56,186.74,550380,179.4165539391,179.5504254818,177.4371675582,178.5655134179,550380,0.0,1.0
2021-10-20 00:00:00+00:00,188.39,189.49,187.72,188.06,697468,180.1432851708,181.1951330061,179.5026142166,179.8277308202,697468,0.0,1.0
2021-10-21 00:00:00+00:00,190.55,190.67,187.645,188.28,585164,182.2087318292,182.3234788657,179.4308973187,180.0381003873,585164,0.0,1.0
2021-10-22 00:00:00+00:00,191.47,193.11,190.55,190.55,431744,183.0884591096,184.6566686094,182.2087318292,182.2087318292,431744,0.0,1.0
2021-10-25 00:00:00+00:00,191.54,192.92,190.4101,191.58,431044,183.1553948809,184.4749858015,182.074955909,183.1936438931,431044,0.0,1.0
2021-10-26 00:00:00+00:00,188.47,192.28,188.28,192.28,628309,180.2197831952,183.8630016065,180.0381003873,183.8630016065,628309,0.0,1.0
2021-10-27 00:00:00+00:00,184.37,188.46,184.13,188.46,645738,176.2992594455,180.2102209421,176.0697653724,180.2102209421,645738,0.0,1.0
2021-10-28 00:00:00+00:00,185.94,187.47,184.67,184.85,648570,177.800533174,179.2635578904,176.5861270369,176.7582475918,648570,0.0,1.0
2021-10-29 00:00:00+00:00,186.65,187.265,184.25,184.25,502980,178.4794531404,179.0675317029,176.1845124089,176.1845124089,502980,0.0,1.0
2021-11-01 00:00:00+00:00,187.64,189.14,186.79,186.79,704591,179.4261161922,180.8604541494,178.6133246831,178.6133246831,704591,0.0,1.0
2021-11-02 00:00:00+00:00,189.21,189.55,186.37,187.55,881183,180.9273899207,181.2525065244,178.2117100551,179.3400559148,881183,0.0,1.0
2021-11-03 00:00:00+00:00,185.54,189.38,182.02,189.38,831247,177.4180430521,181.0899482225,174.0521299792,181.0899482225,831247,0.0,1.0
2021-11-04 00:00:00+00:00,185.0,189.05,184.68,187.49,1136735,176.9016813875,180.774393872,176.59568929,179.2826823965,1136735,0.0,1.0
2021-11-05 00:00:00+00:00,187.07,189.815,185.216,185.81,1369575,178.8810677685,181.5059062301,177.1082260534,177.6762238844,1369575,0.0,1.0
2021-11-08 00:00:00+00:00,185.32,188.95,184.6,187.78,662245,177.2076734851,180.6787713415,176.5191912656,179.5599877349,662245,0.0,1.0
2021-11-09 00:00:00+00:00,187.02,188.01,185.29,185.65,744335,178.8332565032,179.779919555,177.1789867259,177.5232278356,744335,0.0,1.0
2021-11-10 00:00:00+00:00,188.8,191.42,185.76,185.76,950210,180.5353375458,183.0406478443,177.6284126192,177.6284126192,950210,0.0,1.0
2021-11-11 00:00:00+00:00,188.32,190.86,186.36,188.69,511183,180.0763493995,182.5051616736,178.2021478021,180.4301527622,511183,0.0,1.0
2021-11-12 00:00:00+00:00,191.08,191.72,188.18,189.63,384428,182.7155312407,183.3275154358,179.9424778568,181.3290045487,384428,0.0,1.0
2021-11-15 00:00:00+00:00,190.85,192.75,190.31,191.47,532446,182.4955994206,184.3124274997,181.979237756,183.0884591096,532446,0.0,1.0
2021-11-16 00:00:00+00:00,194.98,195.61,189.94,190.35,914944,186.4448099294,187.0472318714,181.6254343932,182.0174867682,914944,0.0,1.0
2021-11-17 00:00:00+00:00,195.24,195.79,194.235,195.14,681654,186.6934285087,187.2193524263,185.7324220773,186.5978059782,681654,0.0,1.0
2021-11-18 00:00:00+00:00,195.23,195.71,192.6545,195.27,595967,186.6838662556,187.1428544019,184.2211079831,186.7221152678,595967,0.0,1.0
2021-11-19 00:00:00+00:00,196.06,198.095,194.85,195.3874,748278,187.4775332586,189.4234517538,186.3205006398,186.8343761186,748278,0.0,1.0
2021-11-22 00:00:00+00:00,196.2,200.53,195.0,196.89,659956,187.6114048013,191.751860371,186.4639344355,188.2712002616,659956,0.0,1.0
2021-11-23 00:00:00+00:00,195.84,197.075,192.68,195.32,603484,187.7452763439,188.9292296542,184.7158897363,187.246769687,603484,0.5,1.0
2021-11-24 00:00:00+00:00,199.79,199.91,194.84,194.84,515503,191.5320096035,191.6470496013,186.7866096959,186.7866096959,515503,0.0,1.0
2021-11-26 00:00:00+00:00,191.16,199.93,190.01,198.29,522528,183.2587164313,191.6662229342,182.1562497861,190.0940096315,522528,0.0,1.0
2021-11-29 00:00:00+00:00,194.8,196.32,192.95,193.86,839263,186.74826303,188.205436335,184.9747297312,185.8471163809,839263,0.0,1.0
2021-11-30 00:00:00+00:00,189.36,196.93,188.01,194.36,1496847,181.5331164649,188.7902229902,180.2389164901,186.3264497049,1496847,0.0,1.0
2021-12-01 00:00:00+00:00,184.81,194.09,184.71,192.01,1033141,177.1711832165,186.0676097099,177.0753165517,184.0735830821,1033141,0.0,1.0
2021-12-02 00:00:00+00:00,193.62,194.94,185.88,185.88,735271,185.6170363854,186.8824763607,178.1969565299,178.1969565299,735271,0.0,1.0
2021-12-03 00:00:00+00:00,191.67,194.93,190.05,194.02,870618,183.7476364218,186.8728896943,182.194596452,186.0005030446,870618,0.0,1.0
2021-12-06 00:00:00+00:00,194.38,196.53,193.01,193.03,658037,186.3456230379,188.406756331,185.0322497301,185.0514230631,658037,0.0,1.0
2021-12-07 00:00:00+00:00,198.21,198.895,194.84,196.4,545969,190.0173162997,190.6740029536,186.7866096959,188.2821296668,545969,0.0,1.0
2021-12-08 00:00:00+00:00,198.82,200.4,197.68,199.28,522924,190.602102955,192.1167962588,189.5092229762,191.043089613,522924,0.0,1.0
2021-12-09 00:00:00+00:00,194.69,198.385,194.6,197.8,556611,186.6428096987,190.1850829631,186.5565297004,189.624262974,556611,0.0,1.0
2021-12-10 00:00:00+00:00,194.87,196.64,192.99,196.5,639226,186.8153696954,188.5122096623,185.0130763971,188.3779963316,639226,0.0,1.0
2021-12-13 00:00:00+00:00,191.75,194.07,190.55,193.81,912611,183.8243297536,186.048436377,182.673929776,185.7991830485,912611,0.0,1.0
2021-12-14 00:00:00+00:00,189.69,192.5822,187.5,191.27,878939,181.8494764587,184.6221321381,179.7499964996,183.3641697626,878939,0.0,1.0
2021-12-15 00:00:00+00:00,192.15,192.27,185.96,189.95,966220,184.2077964128,184.3228364106,178.2736498617,182.0987297872,966220,0.0,1.0
2021-12-16 00:00:00+00:00,187.83,193.6,187.1487,193.6,1117169,180.0663564935,185.5978630524,179.4132169062,185.5978630524,1117169,0.0,1.0
2021-12-17 00:00:00+00:00,190.07,194.02,187.54,187.99,8374319,182.213769785,186.0005030446,179.7883431655,180.2197431571,8374319,0.0,1.0
2021-12-20 00:00:00+00:00,186.74,187.325,182.05,186.89,967074,179.0214098471,179.5822298362,174.525263268,179.1652098443,967074,0.0,1.0
2021-12-21 00:00:00+00:00,193.3,193.77,187.66,188.69,621580,185.310263058,185.7608363826,179.9033831633,180.8908098107,621580,0.0,1.0
2021-12-22 00:00:00+00:00,198.87,198.95,193.115,193.82,606091,190.6500362874,190.7267296192,185.1329097281,185.808769715,606091,0.0,1.0
2021-12-23 00:00:00+00:00,202.76,203.85,198.07,198.07,637062,194.3792495481,195.4241961944,189.883102969,189.883102969,637062,0.0,1.0
2021-12-27 00:00:00+00:00,207.02,207.19,203.16,203.45,461255,198.4631694685,198.6261427987,194.7627162073,195.0407295352,461255,0.0,1.0
2021-12-28 00:00:00+00:00,205.6,207.67,205.09,207.67,291465,197.1018628284,199.0863027897,196.6129428379,199.0863027897,291465,0.0,1.0
2021-12-29 00:00:00+00:00,206.83,207.47,205.35,205.66,331121,198.2810228054,198.8945694601,196.8621961664,197.1593828273,331121,0.0,1.0
2021-12-30 00:00:00+00:00,203.97,207.55,203.81,207.16,315063,195.5392361922,198.971262792,195.3858495285,198.5973827993,315063,0.0,1.0
2021-12-31 00:00:00+00:00,204.78,205.69,202.64,203.55,380227,196.315756177,197.1881428267,194.2642095503,195.1365962,380227,0.0,1.0
2022-01-03 00:00:00+00:00,205.01,206.99,203.38,205.34,850047,196.5362495061,198.4344094691,194.9736228698,196.8526094999,850047,0.0,1.0
2022-01-04 00:00:00+00:00,208.13,208.705,205.6,205.6,804216,199.5272894478,200.0785227704,197.1018628284,197.1018628284,804216,0.0,1.0
2022-01-05 00:00:00+00:00,203.53,208.125,203.25,207.65,841755,195.117422867,199.5224961146,194.8489962056,199.0671294568,841755,0.0,1.0
2022-01-06 00:00:00+00:00,206.21,206.62,202.65,203.66,1306461,197.6866494837,198.0797028093,194.2737962168,195.2420495313,1306461,0.0,1.0
2022-01-07 00:00:00+00:00,198.38,206.54,198.33,205.9,1122560,190.1802896298,198.0030094775,190.1323562974,197.3894628228,1122560,0.0,1.0
2022-01-10 00:00:00+00:00,200.21,200.6,192.29,196.38,1232750,191.9346495957,192.3085295884,184.3420097435,188.2629563338,1232750,0.0,1.0
2022-01-11 00:00:00+00:00,200.42,201.98,196.83,201.11,927037,192.1359695918,193.6314895626,188.6943563254,192.7974495789,927037,0.0,1.0
2022-01-12 00:00:00+00:00,197.4,202.775,197.06,200.82,558126,189.2407963148,194.3936295478,188.9148496545,192.519436251,558126,0.0,1.0
2022-01-13 00:00:00+00:00,194.05,198.915,193.69,198.24,525708,186.029263044,190.6931762865,185.6841430507,190.0460762991,525708,0.0,1.0
2022-01-14 00:00:00+00:00,191.64,193.32,188.16,192.08,687524,183.7188764223,185.329436391,180.3827164873,184.1406897475,687524,0.0,1.0
2022-01-18 00:00:00+00:00,189.94,191.16,188.081,188.49,765546,182.0891431207,183.2587164313,180.3069818221,180.6990764811,765546,0.0,1.0
2022-01-19 00:00:00+00:00,189.4,192.58,189.05,190.37,860411,181.5714631308,184.6200230715,181.235929804,182.5013697794,860411,0.0,1.0
2022-01-20 00:00:00+00:00,188.98,194.48,188.445,190.72,831523,181.1688231387,186.4414897027,180.655936482,182.8369031062,831523,0.0,1.0
2022-01-21 00:00:00+00:00,184.66,189.595,184.33,188.64,696655,177.0273832193,181.7584031272,176.7110232255,180.8428764783,696655,0.0,1.0
2022-01-24 00:00:00+00:00,185.15,185.68,177.4,182.37,1193171,177.4971298768,178.0052232003,170.0674633548,174.8320365954,1193171,0.0,1.0
2022-01-25 00:00:00+00:00,180.85,183.34,178.24,181.33,1017685,173.3748632904,175.761943244,170.8727433392,173.8350232815,1017685,0.0,1.0
2022-01-26 00:00:00+00:00,182.49,188.215,179.89,182.38,1170456,174.9470765932,180.4354431529,172.4545433084,174.8416232619,1170456,0.0,1.0
2022-01-27 00:00:00+00:00,181.73,188.035,180.31,184.75,775752,174.2184899407,180.2628831563,172.8571833005,177.1136632176,775752,0.0,1.0
2022-01-28 00:00:00+00:00,184.53,184.86,178.59,181.57,806850,176.9027565551,177.2191165489,171.208276666,174.065103277,806850,0.0,1.0
2022-01-31 00:00:00+00:00,189.05,189.15,183.8,184.155,986310,181.235929804,181.3317964688,176.202929902,176.5432565621,986310,0.0,1.0
2022-02-01 00:00:00+00:00,189.4,189.975,185.97,188.69,704630,181.5714631308,182.1226964534,178.2832365282,180.8908098107,704630,0.0,1.0
2022-02-02 00:00:00+00:00,194.6,195.31,189.97,189.97,925381,186.5565297004,187.2371830205,182.1179031202,182.1179031202,925381,0.0,1.0
2022-02-03 00:00:00+00:00,192.97,195.78,192.22,192.81,1473090,184.9939030642,187.687756345,184.2749030782,184.8405164005,1473090,0.0,1.0
2022-02-04 00:00:00+00:00,192.3,194.37,189.83,192.58,691269,184.35159641,186.3360363714,181.9836897895,184.6200230715,691269,0.0,1.0
2022-02-07 00:00:00+00:00,191.31,193.58,189.35,192.58,638181,183.4025164285,185.5786897195,181.5235297984,184.6200230715,638181,0.0,1.0
2022-02-08 00:00:00+00:00,194.76,195.29,190.72,191.85,786695,186.7099163641,187.2180096875,182.8369031062,183.9201964184,786695,0.0,1.0
2022-02-09 00:00:00+00:00,189.96,199.77,188.65,198.55,2115388,182.1083164537,191.5128362706,180.8524631448,190.34326296,2115388,0.0,1.0
2022-02-10 00:00:00+00:00,183.37,187.775,182.55,186.54,1700692,175.7907032434,180.0136298278,175.004596592,178.8296765175,1700692,0.0,1.0
2022-02-11 00:00:00+00:00,178.75,184.08,178.27,183.62,1826017,171.3616633296,176.4713565635,170.9015033386,176.0303699054,1826017,0.0,1.0
2022-02-14 00:00:00+00:00,176.1,180.09,175.28,178.75,1505983,168.8211967124,172.646276638,168.0350900611,171.3616633296,1505983,0.0,1.0
2022-02-15 00:00:00+00:00,183.62,184.45,178.13,179.73,1010347,176.0303699054,176.8260632232,170.7672900079,172.3011566447,1010347,0.0,1.0
2022-02-16 00:00:00+00:00,185.48,186.11,180.89,182.1,1023064,177.8134898707,178.4174498589,173.4132099564,174.5731966004,1023064,0.0,1.0
2022-02-17 00:00:00+00:00,182.28,184.265,181.54,183.75,816566,174.7457565971,176.6487098934,174.0363432776,176.1549965696,816566,0.0,1.0
2022-02-18 00:00:00+00:00,181.76,183.91,180.8575,182.17,690371,174.2472499401,176.3083832333,173.3820532903,174.6403032658,690371,0.0,1.0
2022-02-22 00:00:00+00:00,177.99,183.69,177.51,180.4423,919574,170.6330766772,176.0974765708,170.1729166861,172.9840148981,919574,0.0,1.0
2022-02-23 00:00:00+00:00,169.1,179.98,168.9,178.72,1231247,162.1105301765,172.5408233067,161.9187968469,171.3329033302,1231247,0.0,1.0
2022-02-24 00:00:00+00:00,171.3,171.47,163.29,164.03,1208907,164.6989301261,164.8623791519,156.9975966158,157.7090806105,1208907,0.5,1.0
2022-02-25 00:00:00+00:00,177.53,177.7,170.35,171.94,986409,170.6888561896,170.8523052154,163.7855385112,165.314267635,986409,0.0,1.0
2022-02-28 00:00:00+00:00,172.46,174.93,169.85,174.54,1229775,165.814229361,168.1890475596,163.3048060824,167.814076265,1229775,0.0,1.0
2022-03-01 00:00:00+00:00,169.41,172.68,168.17,171.19,915681,162.881761545,166.0257516297,161.6895451214,164.5931689917,915681,0.0,1.0
2022-03-02 00:00:00+00:00,174.02,175.49,170.37,170.38,635602,167.314114539,168.7274678799,163.8047678084,163.814382457,635602,0.0,1.0
2022-03-03 00:00:00+00:00,174.35,175.88,172.07,174.83,538899,167.6313979421,169.1024391744,165.4392580665,168.0929010738,538899,0.0,1.0
2022-03-04 00:00:00+00:00,171.57,173.15,168.31,172.25,634127,164.9585256376,166.4776401128,161.8241502015,165.6123217409,634127,0.0,1.0
2022-03-07 00:00:00+00:00,165.44,170.87,165.4,170.62,662396,159.0647460599,164.2855002372,159.0262874656,164.0451340228,662396,0.0,1.0
2022-03-08 00:00:00+00:00,164.78,169.035,162.91,166.34,794268,158.4301792538,162.5212122233,156.6322399699,159.9300644318,794268,0.0,1.0
2022-03-09 00:00:00+00:00,171.0,171.895,166.94,169.16,720203,164.4104906687,165.2710017164,160.5069433464,162.6413953306,720203,0.0,1.0
2022-03-10 00:00:00+00:00,170.12,170.552,167.03,168.2,438661,163.564401594,163.9797544125,160.5934751836,161.7183890672,438661,0.0,1.0
2022-03-11 00:00:00+00:00,170.0,172.82,169.82,171.63,751451,163.449025811,166.1603567098,163.2759621366,165.0162135291,751451,0.0,1.0
2022-03-14 00:00:00+00:00,166.6,171.91,165.195,170.88,800150,160.1800452948,165.2854236893,158.8291871697,164.2951148858,800150,0.0,1.0
2022-03-15 00:00:00+00:00,172.28,172.595,166.75,167.52,751441,165.6411656866,165.9440271168,160.3242650235,161.0645929639,751441,0.0,1.0
2022-03-16 00:00:00+00:00,173.4,176.8006,169.9,173.63,696053,166.7180063273,169.9875637224,163.3528793253,166.9391432445,696053,0.0,1.0
2022-03-17 00:00:00+00:00,176.41,176.67,172.33,172.59,546499,169.612015549,169.861996412,165.6892389295,165.9392197925,546499,0.0,1.0
2022-03-18 00:00:00+00:00,179.39,179.93,175.19,175.77,963275,172.4771808249,172.9963718481,168.4390284226,168.99667804,963275,0.0,1.0
2022-03-21 00:00:00+00:00,178.79,179.99,177.295,178.96,447201,171.9003019103,173.0540597396,170.462911948,172.0637509361,447201,0.0,1.0
2022-03-22 00:00:00+00:00,178.15,180.285,177.52,179.73,633680,171.2849644014,173.3376918726,170.679241541,172.8040788766,633680,0.0,1.0
2022-03-23 00:00:00+00:00,174.53,178.33,174.52,177.71,377991,167.8044616165,171.4580280758,167.7948469679,170.861919864,377991,0.0,1.0
2022-03-24 00:00:00+00:00,175.84,176.47,174.195,175.0,621215,169.0639805801,169.6697034404,167.4823708891,168.2563500996,621215,0.0,1.0
2022-03-25 00:00:00+00:00,176.15,177.15,174.08,176.89,673898,169.362034686,170.3234995437,167.3718024305,170.0735186807,673898,0.0,1.0
2022-03-28 00:00:00+00:00,177.31,177.849,174.82,175.47,1151013,170.4773339209,170.9955634792,168.0832864252,168.7082385827,1151013,0.0,1.0
2022-03-29 00:00:00+00:00,180.96,182.85,179.06,179.62,1517638,173.9866806516,175.8038492326,172.1598974219,172.6983177422,1517638,0.0,1.0
2022-03-30 00:00:00+00:00,178.82,180.64,177.605,180.64,874075,171.9291458561,173.6790118971,170.7609660539,173.6790118971,874075,0.0,1.0
2022-03-31 00:00:00+00:00,178.89,181.135,178.41,179.65,1371687,171.9964483961,174.1549370017,171.5349452644,172.727161688,1371687,0.0,1.0
2022-04-01 00:00:00+00:00,177.8,180.16,175.0,179.9,858905,170.9484517012,173.2175087654,168.2563500996,172.9675279024,858905,0.0,1.0
2022-04-04 00:00:00+00:00,178.83,179.72,176.785,177.76,650662,171.9387605046,172.794464228,169.9725648706,170.9099931069,650662,0.0,1.0
2022-04-05 00:00:00+00:00,176.81,179.45,176.13,178.15,587580,169.9966014921,172.5348687164,169.3428053888,171.2849644014,587580,0.0,1.0
2022-04-06 00:00:00+00:00,176.38,177.36,174.03,175.17,868206,169.5831716032,170.5254071638,167.3237291876,168.4197991254,868206,0.0,1.0
2022-04-07 00:00:00+00:00,177.32,178.275,174.93,175.8,736189,170.4869485695,171.4051475086,168.1890475596,169.0255219858,736189,0.0,1.0
2022-04-08 00:00:00+00:00,175.55,177.51,174.91,177.42,646511,168.7851557713,170.6696268924,168.1698182624,170.5830950553,646511,0.0,1.0
2022-04-11 00:00:00+00:00,172.21,175.69,171.8559,174.94,576898,165.5738631466,168.9197608514,165.2334084405,168.1986622081,576898,0.0,1.0
2022-04-12 00:00:00+00:00,171.65,175.8,170.65,173.25,734319,165.0354428263,169.0255219858,164.0739779685,166.5737865986,734319,0.0,1.0
2022-04-13 00:00:00+00:00,170.97,172.24,170.03,171.34,788987,164.381646723,165.6027070923,163.4778697568,164.7373887204,788987,0.0,1.0
2022-04-14 00:00:00+00:00,172.97,176.75,172.63,174.122,1028725,166.3045764384,169.9389136006,165.9776783868,167.4121839545,1028725,0.0,1.0
2022-04-18 00:00:00+00:00,171.68,174.75,170.87,172.72,828065,165.064286772,168.0159838852,164.2855002372,166.064210224,828065,0.0,1.0
2022-04-19 00:00:00+00:00,173.94,175.2,172.15,172.15,2277115,167.2371973504,168.4486430711,165.5161752551,165.5161752551,2277115,0.0,1.0
2022-04-20 00:00:00+00:00,179.0,181.0,175.595,176.05,960472,172.1022095304,174.0251392459,168.8284216899,169.2658882002,960472,0.0,1.0
2022-04-21 00:00:00+00:00,176.41,181.02,175.8,179.96,514814,169.612015549,174.044368543,169.0255219858,173.0252157938,514814,0.0,1.0
2022-04-22 00:00:00+00:00,169.54,175.4,169.27,175.4,806585,163.0067519765,168.6409360427,162.7471564649,168.6409360427,806585,0.0,1.0
2022-04-25 00:00:00+00:00,170.65,170.88,165.37,169.13,810519,164.0739779685,164.2951148858,158.9974435198,162.6125513848,810519,0.0,1.0
2022-04-26 00:00:00+00:00,163.17,169.96,163.02,169.52,1097605,156.8822208329,163.4105672167,156.7380011042,162.9875226793,1097605,0.0,1.0
2022-04-27 00:00:00+00:00,162.53,165.52,161.66,163.04,1274118,156.2668833239,159.1416632485,155.4304088977,156.7572304014,1274118,0.0,1.0
2022-04-28 00:00:00+00:00,168.64,168.99,163.5,164.08,1227162,162.1414336045,162.4779463047,157.1995042359,157.7571538534,1227162,0.0,1.0
2022-04-29 00:00:00+00:00,163.18,169.39,162.65,167.68,862475,156.8918354814,162.8625322478,156.3822591068,161.2184273411,862475,0.0,1.0
2022-05-02 00:00:00+00:00,164.13,164.52,159.91,163.02,1215650,157.8052270963,158.1801983908,153.7478453967,156.7380011042,1215650,0.0,1.0
2022-05-03 00:00:00+00:00,167.68,168.63,163.87,164.81,1316623,161.2184273411,162.131818956,157.5552462333,158.4590231995,1316623,0.0,1.0
2022-05-04 00:00:00+00:00,177.11,177.57,169.0,169.0,1623363,170.2850409494,170.7273147839,162.4875609533,162.4875609533,1623363,0.0,1.0
2022-05-05 00:00:00+00:00,171.21,176.63,168.63,175.15,1190501,164.6123982889,169.8235378177,162.131818956,168.4005698282,1190501,0.0,1.0
2022-05-06 00:00:00+00:00,170.62,171.97,166.97,170.25,792458,164.0451340228,165.3431115807,160.5357872922,163.6893920255,792458,0.0,1.0
2022-05-09 00:00:00+00:00,164.8,169.6,164.07,167.78,742595,158.4494085509,163.0644398679,157.7475392048,161.3145738269,742595,0.0,1.0
2022-05-10 00:00:00+00:00,166.55,169.71,164.28,168.26,773418,160.1319720519,163.1702010023,157.9494468249,161.7760769586,773418,0.0,1.0
2022-05-11 00:00:00+00:00,164.45,170.44,164.04,167.0,847049,158.1128958507,163.8720703484,157.7186952591,160.5646312379,847049,0.0,1.0
2022-05-12 00:00:00+00:00,166.79,167.91,163.25,163.25,862285,160.3627236178,161.4395642584,156.9591380215,156.9591380215,862285,0.0,1.0
2022-05-13 00:00:00+00:00,169.34,170.73,167.44,167.89,746236,162.8144590049,164.1508951572,160.9876757753,161.4203349613,746236,0.0,1.0
2022-05-16 00:00:00+00:00,169.17,170.67,166.57,168.37,724599,162.6510099791,164.0932072657,160.1512013491,161.881838093,724599,0.0,1.0
2022-05-17 00:00:00+00:00,172.65,173.31,170.615,171.8,473880,165.996907684,166.6314744901,164.0403266985,165.1796625549,473880,0.0,1.0
2022-05-18 00:00:00+00:00,163.73,172.17,162.811,171.25,685845,157.4206411532,165.5354045523,156.5370549489,164.6508568832,685845,0.0,1.0
2022-05-19 00:00:00+00:00,161.95,164.21,158.91,162.52,949443,155.7092337065,157.8821442849,152.786380539,156.2572686753,949443,0.0,1.0
2022-05-20 00:00:00+00:00,160.2,163.42,155.3925,163.21,749696,154.0266702055,157.1225870473,149.404427902,156.9206794272,749696,0.0,1.0
2022-05-23 00:00:00+00:00,161.25,163.145,158.98,161.85,847437,155.0362083061,156.8581842114,152.853683079,155.6130872207,847437,0.0,1.0
2022-05-24 00:00:00+00:00,158.81,160.43,156.12,159.84,953433,153.1709664821,154.7334434401,150.5764831382,154.16439319,953433,0.5,1.0
2022-05-25 00:00:00+00:00,161.26,162.38,157.22,157.73,1361933,155.5339717581,156.6142027414,151.6374242826,152.1293151768,1361933,0.0,1.0
2022-05-26 00:00:00+00:00,166.52,167.22,161.96,163.07,777263,160.6071994119,161.2823437764,156.2091161227,157.2797021865,777263,0.0,1.0
2022-05-27 00:00:00+00:00,171.1,171.1,168.28,168.34,506777,165.0245725401,165.0245725401,162.3047052428,162.3625747597,506777,0.0,1.0
2022-05-31 00:00:00+00:00,169.86,171.79,168.01,170.22,2237284,163.8286025228,165.6900719851,162.0442924164,164.1758196246,2237284,0.0,1.0
2022-06-01 00:00:00+00:00,171.21,172.12,168.67,170.43,793799,165.1306666545,166.0083543284,162.680857103,164.378362934,793799,0.0,1.0
2022-06-02 00:00:00+00:00,176.13,176.3,170.53,171.77,572366,169.8759670455,170.0399306769,164.4748121289,165.6707821461,572366,0.0,1.0
2022-06-03 00:00:00+00:00,175.59,176.035,173.585,174.16,537215,169.3551413928,169.7843403103,167.4213350343,167.9759179052,537215,0.0,1.0
2022-06-06 00:00:00+00:00,175.73,178.88,175.59,176.94,848384,169.4901702657,172.5283199063,169.3551413928,170.6572055245,848384,0.0,1.0
2022-06-07 00:00:00+00:00,178.1,178.515,173.91,174.34,558894,171.7760161858,172.1762803448,167.7347949178,168.1495264561,558894,0.0,1.0
2022-06-08 00:00:00+00:00,174.34,177.23,173.02,177.23,478720,168.1495264561,170.9369081898,166.8763970829,170.9369081898,478720,0.0,1.0
2022-06-09 00:00:00+00:00,173.59,176.6,172.87,174.03,719020,167.426157494,170.3292782617,166.7317232905,167.8505339518,719020,0.0,1.0
2022-06-10 00:00:00+00:00,167.34,171.59,167.32,170.7,699708,161.3980828104,165.4971735953,161.3787929714,164.6387757603,699708,0.0,1.0
2022-06-13 00:00:00+00:00,160.88,165.85,160.38,163.5,1041965,155.1674648173,159.9609898058,154.6852188426,157.6944337247,1041965,0.0,1.0
2022-06-14 00:00:00+00:00,162.5,162.855,160.37,161.16,760425,156.7299417753,157.0723364174,154.6755739231,155.4375225631,760425,0.0,1.0
2022-06-15 00:00:00+00:00,163.85,166.69,161.54,163.38,582588,158.032005907,160.7711630433,155.8040295039,157.5786946908,582588,0.0,1.0
2022-06-16 00:00:00+00:00,155.94,160.26,154.72,160.08,763008,150.4028745874,154.5694798087,149.2261944091,154.3958712578,763008,0.0,1.0
2022-06-17 00:00:00+00:00,156.2,158.285,154.13,157.36,1122166,150.6536424942,152.6646082087,148.657144159,151.7724531555,1122166,0.0,1.0
2022-06-21 00:00:00+00:00,159.83,160.17,157.685,158.42,643470,154.1547482705,154.4826755333,152.085913039,152.7948146218,643470,0.0,1.0
2022-06-22 00:00:00+00:00,159.63,160.84,156.52,158.11,568569,153.9618498806,155.1288851393,150.962279918,152.4958221175,568569,0.0,1.0
2022-06-23 00:00:00+00:00,158.12,161.07,156.98,160.63,703119,152.505467037,155.3507182877,151.4059462147,154.92634183,703119,0.0,1.0
2022-06-24 00:00:00+00:00,164.34,164.37,159.77,159.77,1191803,158.5046069622,158.5335417207,154.0968787535,154.0968787535,1191803,0.0,1.0
2022-06-27 00:00:00+00:00,165.78,166.36,162.82,165.0,532597,159.8934753693,160.4528807,157.0385791991,159.1411716488,532597,0.0,1.0
2022-06-28 00:00:00+00:00,159.37,166.84,159.13,165.72,681284,153.7110819737,160.9158368357,153.4796039059,159.8356058524,681284,0.0,1.0
2022-06-29 00:00:00+00:00,158.08,159.37,156.39,159.37,550761,152.466887359,153.7110819737,150.8368959646,153.7110819737,550761,0.0,1.0
2022-06-30 00:00:00+00:00,157.56,158.8395,154.81,156.01,797196,151.9653515454,153.1994189946,149.3129986845,150.4703890238,797196,0.0,1.0
2022-07-01 00:00:00+00:00,157.0,159.195,154.22,156.4,798080,151.4252360537,153.5422958826,148.7439484344,150.8465408841,798080,0.0,1.0
2022-07-05 00:00:00+00:00,157.75,157.88,152.15,153.81,701820,152.1486050157,152.2739889692,146.7474500992,148.3485067352,701820,0.0,1.0
2022-07-06 00:00:00+00:00,158.16,159.55,157.05,158.48,464993,152.544046715,153.8846905246,151.4734606512,152.8526841388,464993,0.0,1.0
2022-07-07 00:00:00+00:00,159.82,160.98,159.26,159.5,590602,154.145103351,155.2639140123,153.6049878593,153.8364659272,590602,0.0,1.0
2022-07-08 00:00:00+00:00,161.53,161.69,158.27,159.17,410094,155.7943845844,155.9487032963,152.6501408294,153.5181835839,410094,0.0,1.0
2022-07-11 00:00:00+00:00,158.59,160.96,158.44,160.82,375250,152.9587782532,155.2446241733,152.8141044608,155.1095953004,375250,0.0,1.0
2022-07-12 00:00:00+00:00,158.2,161.062,157.3025,159.18,470308,152.582626393,155.3430023521,151.7169948684,153.5278285034,470308,0.0,1.0
2022-07-13 00:00:00+00:00,158.3,158.84,154.614,155.8,485734,152.6790755879,153.1999012406,149.1239582625,150.2678457144,485734,0.0,1.0
2022-07-14 00:00:00+00:00,158.77,159.56,155.56,157.72,512260,153.1323868041,153.8943354441,150.0363676466,152.1196702573,512260,0.0,1.0
2022-07-15 00:00:00+00:00,161.51,161.69,159.59,160.08,511316,155.7750947454,155.9487032963,153.9232702026,154.3958712578,511316,0.0,1.0
2022-07-18 00:00:00+00:00,159.67,163.53,159.11,161.69,461679,154.0004295586,157.7233684832,153.4603140669,155.9487032963,461679,0.0,1.0
2022-07-19 00:00:00+00:00,167.53,167.75,162.05,162.05,639282,161.5813362807,161.7935245096,156.2959203981,156.2959203981,639282,0.0,1.0
2022-07-20 00:00:00+00:00,169.21,169.65,166.27,167.19,454191,163.2016827557,163.6260592134,160.3660764245,161.253409018,454191,0.0,1.0
2022-07-21 00:00:00+00:00,171.25,171.42,168.56,169.0,456683,165.1692463325,165.3332099639,162.5747629886,162.9991394463,456683,0.0,1.0
2022-07-22 00:00:00+00:00,170.1,171.76,168.58,171.27,710044,164.0600805907,165.6611372266,162.5940528276,165.1885361714,710044,0.0,1.0
2022-07-25 00:00:00+00:00,170.44,171.24,169.2,171.08,272524,164.3880078535,165.159601413,163.1920378362,165.0052827011,272524,0.0,1.0
2022-07-26 00:00:00+00:00,170.1,171.2,169.42,170.77,623488,164.0600805907,165.121021735,163.4042260651,164.7062901968,623488,0.0,1.0
2022-07-27 00:00:00+00:00,174.8,175.7,170.41,170.93,538616,168.5931927528,169.4612355072,164.359073095,164.8606089087,538616,0.0,1.0
2022-07-28 00:00:00+00:00,178.15,178.44,174.37,175.34,707607,171.8242407832,172.1039434486,168.1784612145,169.1140184055,707607,0.0,1.0
2022-07-29 00:00:00+00:00,181.53,182.05,177.84,178.54,963332,175.0842235722,175.5857593858,171.5252482789,172.2003926435,963332,0.0,1.0
2022-08-01 00:00:00+00:00,181.51,182.78,179.44,180.01,766365,175.0649337332,176.2898385089,173.0684353979,173.6181958091,766365,0.0,1.0
2022-08-02 00:00:00+00:00,180.33,182.39,179.43,181.19,939573,173.9268332329,175.9136866486,173.0587904784,174.7562963094,939573,0.0,1.0
2022-08-03 00:00:00+00:00,181.96,182.73,177.725,180.33,1019187,175.4989551104,176.2416139114,171.4143317047,173.9268332329,1019187,0.0,1.0
2022-08-04 00:00:00+00:00,180.02,182.24,178.82,181.04,832547,173.6278407286,175.7690128562,172.4704503893,174.611622517,832547,0.0,1.0
2022-08-05 00:00:00+00:00,179.69,180.27,177.44,178.18,823713,173.3095583853,173.8689637159,171.1394514992,171.8531755417,823713,0.0,1.0
2022-08-08 00:00:00+00:00,178.58,181.3,177.5,180.23,875989,172.2389723215,174.8623904238,171.1973210161,173.830384038,875989,0.0,1.0
2022-08-09 00:00:00+00:00,172.52,178.69,172.12,177.7,1401410,166.3941511082,172.3450664359,166.0083543284,171.390219406,1401410,0.0,1.0
2022-08-10 00:00:00+00:00,176.01,176.57,174.36,175.83,733220,169.7602280115,170.3003435032,168.1688162951,169.5866194607,733220,0.0,1.0
2022-08-11 00:00:00+00:00,175.71,178.61,175.335,178.16,613906,169.4708804267,172.2679070799,169.1091959457,171.8338857027,613906,0.0,1.0
2022-08-12 00:00:00+00:00,180.27,180.67,175.31,176.87,571496,173.8689637159,174.2547604957,169.085083647,170.589691088,571496,0.0,1.0
2022-08-15 00:00:00+00:00,181.67,181.9,177.82,178.88,1449067,175.2192524451,175.4410855934,171.5059584399,172.5283199063,1449067,0.0,1.0
2022-08-16 00:00:00+00:00,183.55,183.94,180.5,181.04,582397,177.0324973099,177.4086491702,174.0907968643,174.611622517,582397,0.0,1.0
2022-08-17 00:00:00+00:00,182.62,183.94,181.13,183.55,943047,176.135519797,177.4086491702,174.6984267924,177.0324973099,943047,0.0,1.0
2022-08-18 00:00:00+00:00,187.11,187.26,183.02,183.18,1026554,180.4660886497,180.6107624421,176.5213165767,176.6756352886,1026554,0.0,1.0
2022-08-19 00:00:00+00:00,188.37,188.895,185.76,186.35,1334978,181.681348506,182.1877067794,179.1640245181,179.7330747682,1334978,0.0,1.0
2022-08-22 00:00:00+00:00,185.11,187.2,184.66,186.07,1243741,178.537104751,180.5528929252,178.1030833737,179.4630170224,1243741,0.0,1.0
2022-08-23 00:00:00+00:00,184.87,186.2499,184.53,185.24,863914,178.3056266831,179.6365291241,177.9776994203,178.6624887044,863914,0.0,1.0
2022-08-24 00:00:00+00:00,184.4,185.47,183.37,184.35,683068,178.3345614416,179.3693661094,177.3384410604,178.2862060833,683068,0.5,1.0
2022-08-25 00:00:00+00:00,187.9,187.95,184.68,184.68,522335,181.7194365232,181.7677918815,178.6053514481,178.6053514481,522335,0.0,1.0
2022-08-26 00:00:00+00:00,179.69,187.9,179.38,187.9,987137,173.7794866889,181.7194365232,173.4796834674,181.7194365232,987137,0.0,1.0
2022-08-29 00:00:00+00:00,178.0,179.285,176.87,177.88,857516,172.1450755781,173.3878082866,171.0522444803,172.0290227182,857516,0.0,1.0
2022-08-30 00:00:00+00:00,175.07,178.135,174.537,178.0,817370,169.3114515812,172.2756350455,168.7959834617,172.1450755781,817370,0.0,1.0
2022-08-31 00:00:00+00:00,170.7,175.88,170.33,175.68,1180675,165.0851932651,170.0948083858,164.7273636136,169.9013869526,1180675,0.0,1.0
2022-09-01 00:00:00+00:00,170.51,170.89,167.945,169.5,788551,164.9014429035,165.2689436266,162.4208130223,163.9246646657,788551,0.0,1.0
2022-09-02 00:00:00+00:00,168.5,173.04,167.78,172.48,549061,162.9575574995,167.3482240339,162.2612403399,166.8066440209,549061,0.0,1.0
2022-09-06 00:00:00+00:00,169.37,170.235,167.15,169.75,630236,163.7989407341,164.6354884328,161.6519628252,164.1664414572,630236,0.0,1.0
2022-09-07 00:00:00+00:00,173.07,173.395,168.72,169.6,600484,167.3772372489,167.6915470779,163.1703210761,164.0213753823,600484,0.0,1.0
2022-09-08 00:00:00+00:00,174.36,175.2,171.53,171.77,480287,168.6248054933,169.4371755128,165.887892213,166.1199979329,480287,0.0,1.0
2022-09-09 00:00:00+00:00,175.57,176.75,174.75,175.7,624567,169.7950051643,170.9361916204,169.0019772881,169.9207290959,624567,0.0,1.0
2022-09-12 00:00:00+00:00,177.78,177.84,175.586,177.15,610140,171.9323120015,171.9903384315,169.810478879,171.3230344869,610140,0.0,1.0
2022-09-13 00:00:00+00:00,172.45,175.33,171.64,173.88,852644,166.7776308059,169.5628994444,165.9942740013,168.1605940535,852644,0.0,1.0
2022-09-14 00:00:00+00:00,172.04,173.92,170.3008,172.77,616911,166.3811168677,168.1992783401,164.6991240843,167.087105099,616911,0.0,1.0
2022-09-15 00:00:00+00:00,169.68,172.73,169.13,171.88,468971,164.0987439556,167.0484208124,163.5668350142,166.2263797212,468971,0.0,1.0
2022-09-16 00:00:00+00:00,170.83,171.51,166.81,168.69,1267571,165.2109171967,165.8685500697,161.3231463887,163.1413078611,1267571,0.0,1.0
2022-09-19 00:00:00+00:00,170.68,170.94,168.0786,169.27,465041,165.0658511217,165.317298985,162.5500185397,163.7022300175,465041,0.0,1.0
2022-09-20 00:00:00+00:00,168.25,170.12,166.865,169.93,474890,162.715780708,164.5242711087,161.3763372828,164.3405207471,474890,0.0,1.0
2022-09-21 00:00:00+00:00,165.4,170.6,165.4,168.96,523931,159.9595252844,164.9884825485,159.9595252844,163.4024267959,523931,0.0,1.0
2022-09-22 00:00:00+00:00,162.64,165.09,161.245,165.0,605279,157.2903095057,159.6597220629,155.9411950089,159.5726824179,605279,0.0,1.0
2022-09-23 00:00:00+00:00,159.91,161.84,157.7,161.84,543037,154.6501069421,156.5166237728,152.5128001049,156.5166237728,543037,0.0,1.0
2022-09-26 00:00:00+00:00,158.3,161.45,158.02,159.53,409572,153.0930644046,156.139451978,152.822274398,154.282606219,409572,0.0,1.0
2022-09-27 00:00:00+00:00,157.73,160.79,156.07,159.53,423978,152.5418133199,155.5011612483,150.936415424,154.282606219,423978,0.0,1.0
2022-09-28 00:00:00+00:00,161.46,162.39,157.285,158.12,901471,156.1491230497,157.0485327142,152.1114506309,152.9189851147,901471,0.0,1.0
2022-09-29 00:00:00+00:00,158.97,161.504,158.19,159.95,712806,153.7410262059,156.191675765,152.9866826163,154.6887912288,712806,0.0,1.0
2022-09-30 00:00:00+00:00,156.08,160.35,155.89,159.13,717457,150.9460864957,155.0756340952,150.7623361341,153.8957633525,717457,0.0,1.0
2022-10-03 00:00:00+00:00,159.91,161.1971,156.865,157.06,734919,154.6501069421,155.8948705757,151.7052656211,151.8938515185,734919,0.0,1.0
2022-10-04 00:00:00+00:00,166.34,166.41,162.86,162.91,600024,160.8686060206,160.9363035222,157.5030730823,157.5514284406,600024,0.0,1.0
2022-10-05 00:00:00+00:00,166.55,167.79,163.9,164.82,351742,161.0716985255,162.2709114115,158.5088645351,159.398603128,351742,0.0,1.0
2022-10-06 00:00:00+00:00,165.0,167.73,164.46,166.61,539393,159.5726824179,162.2128849815,159.0504445482,161.1297249554,539393,0.0,1.0
2022-10-07 00:00:00+00:00,159.62,162.79,158.95,162.79,750905,154.3696458639,157.4353755807,153.7216840626,157.4353755807,750905,0.0,1.0
2022-10-10 00:00:00+00:00,158.43,160.26,156.74,160.26,576546,153.2187883362,154.9885944503,151.5843772254,154.9885944503,576546,0.0,1.0
2022-10-11 00:00:00+00:00,152.6,158.68,151.815,158.68,1046090,147.5805535574,153.4605651277,146.821374432,153.4605651277,1046090,0.0,1.0
2022-10-12 00:00:00+00:00,152.59,154.09,152.44,153.53,871894,147.5708824857,149.021543235,147.4258164108,148.4799632219,871894,0.0,1.0
2022-10-13 00:00:00+00:00,157.89,158.9836,147.91,149.02,867644,152.6965504664,153.7541788634,143.0448209481,144.1183099025,867644,0.0,1.0
2022-10-14 00:00:00+00:00,154.08,160.0,153.8,159.57,687916,149.0118721633,154.7371465871,148.7410821568,154.3212905056,687916,0.0,1.0
2022-10-17 00:00:00+00:00,159.26,159.67,157.28,157.28,777089,154.0214872841,154.4180012222,152.1066150951,152.1066150951,777089,0.0,1.0
2022-10-18 00:00:00+00:00,161.18,163.8799,160.12,162.72,815784,155.8783330431,158.4894256811,154.853199447,157.367678079,815784,0.0,1.0
2022-10-19 00:00:00+00:00,159.47,161.71,158.54,160.18,358374,154.224579789,156.3908998412,153.3251701245,154.911225877,358374,0.0,1.0
2022-10-20 00:00:00+00:00,158.42,161.72,157.35,160.57,648409,153.2091172645,156.4005709129,152.1743125967,155.2883976718,648409,0.0,1.0
2022-10-21 00:00:00+00:00,162.43,163.22,157.5,158.66,555850,157.0872170009,157.8512316621,152.3193786716,153.4412229844,555850,0.0,1.0
2022-10-24 00:00:00+00:00,164.7,165.38,162.515,163.47,484007,159.2825502681,159.9401831411,157.16942111,158.0930084537,484007,0.0,1.0
2022-10-25 00:00:00+00:00,168.56,168.67,164.96,164.96,548803,163.0155839295,163.1219657177,159.5339981313,159.5339981313,548803,0.0,1.0
2022-10-26 00:00:00+00:00,167.58,169.4491,166.19,167.72,516188,162.0678189066,163.8754389109,160.7235399456,162.2032139099,516188,0.0,1.0
2022-10-27 00:00:00+00:00,168.43,169.67,166.975,168.96,649119,162.8898599979,164.0890728839,161.4827190711,163.4024267959,649119,0.0,1.0
2022-10-28 00:00:00+00:00,172.88,173.69,168.42,168.44,513347,167.1934868873,167.9768436919,162.8801889262,162.8995310695,513347,0.0,1.0
2022-10-31 00:00:00+00:00,172.81,174.15,171.185,171.77,839775,167.1257893857,168.4217129884,165.5542402407,166.1199979329,839775,0.0,1.0
2022-11-01 00:00:00+00:00,172.58,174.7,170.5,174.06,1006919,166.9033547375,168.9536219297,164.8917718318,168.3346733434,1006919,0.0,1.0
2022-11-02 00:00:00+00:00,172.4,179.2575,167.6,169.32,1351170,166.7292754476,173.3612128396,162.0871610499,163.7505853758,1351170,0.0,1.0
2022-11-03 00:00:00+00:00,172.83,173.4,166.0,169.53,934721,167.145131529,167.6963826137,160.5397895841,163.9536778807,934721,0.0,1.0
2022-11-04 00:00:00+00:00,172.41,175.65,168.96,175.41,646568,166.7389465192,169.8723737376,163.4024267959,169.6402680177,646568,0.0,1.0
2022-11-07 00:00:00+00:00,172.31,173.36,170.175,172.67,529984,166.6422358026,167.6576983271,164.5774620028,166.9903943824,529984,0.0,1.0
2022-11-08 00:00:00+00:00,175.72,177.055,172.2,173.39,598911,169.9400712392,171.2311593061,166.5358540143,167.6867115421,598911,0.0,1.0
2022-11-09 00:00:00+00:00,172.09,175.65,171.75,174.56,430251,166.429472226,169.8723737376,166.1006557895,168.8182269265,430251,0.0,1.0
2022-11-10 00:00:00+00:00,185.5,185.78,178.18,178.94,772891,179.3983793244,179.6691693309,172.319154868,173.0541563143,772891,0.0,1.0
2022-11-11 00:00:00+00:00,184.35,188.87,184.1,186.71,531819,178.2862060833,182.6575304744,178.0444292917,180.5685789954,531819,0.0,1.0
2022-11-14 00:00:00+00:00,182.49,186.0644,182.42,183.74,416811,176.4873867542,179.944214609,176.4196892526,177.6962707119,416811,0.0,1.0
2022-11-15 00:00:00+00:00,184.83,186.08,182.86,185.27,297669,178.750417523,179.9593014808,176.8452164057,179.1759446762,297669,0.0,1.0
2022-11-16 00:00:00+00:00,182.88,184.65,182.6,184.65,581450,176.864558549,178.5763382331,176.5937685425,178.5763382331,581450,0.0,1.0
2022-11-17 00:00:00+00:00,183.2,183.23,179.495,180.79,293655,177.1740328422,177.2030460572,173.5909007915,174.8433045717,293655,0.0,1.0
2022-11-18 00:00:00+00:00,185.6,186.24,183.46,184.97,369250,179.495090041,180.1140386273,177.4254807054,178.8858125263,369250,0.0,1.0
2022-11-21 00:00:00+00:00,185.12,186.76,183.92,185.5,479534,179.0308786012,180.6169343537,177.8703500018,179.3983793244,479534,0.0,1.0
2022-11-22 00:00:00+00:00,188.5,189.34,185.33,186.3,452081,182.2997008229,183.1120708425,179.2339711061,180.1720650573,452081,0.0,1.0
2022-11-23 00:00:00+00:00,189.24,190.74,187.7138,188.34,320602,183.5859533539,185.0411368776,182.1053526246,182.7128432396,320602,0.59,1.0
2022-11-25 00:00:00+00:00,188.2,189.43,188.0,188.78,231939,182.5770261108,183.7702766002,182.3830016409,183.1396970733,231939,0.0,1.0
2022-11-28 00:00:00+00:00,185.3,188.11,184.6,187.18,977787,179.7636712982,182.4897150993,179.0845856538,181.5875013146,977787,0.0,1.0
2022-11-29 00:00:00+00:00,184.08,185.84,182.32,185.1,703481,178.5801220323,180.2875373668,176.8727066977,179.5696468284,703481,0.0,1.0
2022-11-30 00:00:00+00:00,188.64,188.93,182.89,183.82,1488256,183.0038799444,183.2852154256,177.4256764368,178.3278902215,1488256,0.0,1.0
2022-12-01 00:00:00+00:00,191.21,192.0,188.945,190.0,666067,185.4970943817,186.2634910376,183.2997672609,184.3232463392,666067,0.0,1.0
2022-12-02 00:00:00+00:00,190.02,190.7,187.69,188.5,684778,184.3426487862,185.0023319837,182.0822637127,182.8680628155,684778,0.0,1.0
2022-12-05 00:00:00+00:00,186.93,188.39,185.205,188.39,525371,181.3449707273,182.7613493571,179.6715096751,182.7613493571,525371,0.0,1.0
2022-12-06 00:00:00+00:00,184.74,187.27,183.1232,187.27,354260,179.2204027827,181.6748123261,177.6519089686,181.6748123261,354260,0.0,1.0
2022-12-07 00:00:00+00:00,184.85,185.78,183.4,184.72,589912,179.3271162411,180.2293300258,177.9204388348,179.2010003357,589912,0.0,1.0
2022-12-08 00:00:00+00:00,186.95,187.18,184.48,185.49,401015,181.3643731743,181.5875013146,178.9681709719,179.9479945446,401015,0.0,1.0
2022-12-09 00:00:00+00:00,185.48,188.28,185.35,187.2,344926,179.9382933211,182.6546358987,179.8121774157,181.6069037616,344926,0.0,1.0
2022-12-12 00:00:00+00:00,189.62,189.68,185.44,185.93,509549,183.9545998466,184.0128071875,179.8994884271,180.3748483782,509549,0.0,1.0
2022-12-13 00:00:00+00:00,192.98,195.0,189.68,195.0,905541,187.2142109397,189.173858085,184.0128071875,189.173858085,905541,0.0,1.0
2022-12-14 00:00:00+00:00,192.03,197.0,190.86,192.61,660160,186.292594708,191.1141027833,185.1575515595,186.8552656705,660160,0.0,1.0
2022-12-15 00:00:00+00:00,184.2,191.9895,183.47,189.33,550030,178.6965367142,186.2533047529,177.9883473993,183.6732643653,550030,0.0,1.0
2022-12-16 00:00:00+00:00,181.28,183.77,179.44,182.91,1176494,175.8637794546,178.279384104,174.0787543322,177.4450788837,1176494,0.0,1.0
2022-12-19 00:00:00+00:00,178.33,181.09,177.84,180.63,458923,173.0019185246,175.6794562083,172.5265585735,175.2331999277,458923,0.0,1.0
2022-12-20 00:00:00+00:00,178.94,179.1656,177.45,178.4,496668,173.5936931576,173.8125527596,172.1482108574,173.0698270891,496668,0.0,1.0
2022-12-21 00:00:00+00:00,181.09,183.1,179.71,180.66,572115,175.6794562083,177.6294021301,174.3406873664,175.2623035981,572115,0.0,1.0
2022-12-22 00:00:00+00:00,177.82,180.83,175.54,179.48,576637,172.5071561265,175.4272243975,170.2952771705,174.1175592261,576637,0.0,1.0
2022-12-23 00:00:00+00:00,178.14,178.61,176.4,177.34,350709,172.8175952783,173.2735527824,171.1295823908,172.041497399,350709,0.0,1.0
2022-12-27 00:00:00+00:00,178.99,180.0956,177.6,179.05,566984,173.6421992751,174.7147665443,172.2937292097,173.700406616,566984,0.0,1.0
2022-12-28 00:00:00+00:00,175.47,179.69,175.34,179.16,396903,170.227368606,174.3212849195,170.1012527006,173.8071200744,396903,0.0,1.0
2022-12-29 00:00:00+00:00,179.86,180.66,176.11,176.73,387528,174.4862057188,175.2623035981,170.8482469095,171.449722766,387528,0.0,1.0
2022-12-30 00:00:00+00:00,178.58,178.7,176.48,178.55,337866,173.2444491119,173.3608637938,171.2071921787,173.2153454414,337866,0.0,1.0
2023-01-03 00:00:00+00:00,179.51,181.02,178.04,179.4,515349,174.1466628966,175.6115476438,172.7205830434,174.0399494382,515349,0.0,1.0
2023-01-04 00:00:00+00:00,181.15,182.97,179.8675,181.52,630757,175.7376635492,177.5032862247,174.4934816364,176.0966088184,630757,0.0,1.0
2023-01-05 00:00:00+00:00,178.06,180.55,177.61,179.6,635011,172.7399854903,175.1555901397,172.3034304332,174.233973908,635011,0.0,1.0
2023-01-06 00:00:00+00:00,183.22,183.765,179.48,180.33,443885,177.745816812,178.2745334923,174.1175592261,174.9421632229,443885,0.0,1.0
2023-01-09 00:00:00+00:00,183.96,186.87,183.185,183.8,567005,178.4637073504,181.2867633864,177.7118625298,178.3084877745,567005,0.0,1.0
2023-01-10 00:00:00+00:00,186.38,186.49,182.87,183.45,349015,180.8114034353,180.9181168937,177.4062739898,177.9689449523,349015,0.0,1.0
2023-01-11 00:00:00+00:00,190.58,190.7,186.785,186.96,506472,184.8859173018,185.0023319837,181.2043029867,181.3740743978,506472,0.0,1.0
2023-01-12 00:00:00+00:00,193.39,193.605,189.28,190.89,686236,187.6119611029,187.8205374079,183.6247582479,185.18665523,686236,0.0,1.0
2023-01-13 00:00:00+00:00,194.85,195.295,192.0,192.01,713683,189.0283397326,189.460044178,186.2634910376,186.273192261,713683,0.0,1.0
2023-01-17 00:00:00+00:00,197.62,198.28,194.03,195.15,1108177,191.7155786398,192.3558593902,188.2328394063,189.3193764374,1108177,0.0,1.0
2023-01-18 00:00:00+00:00,198.09,201.0,197.39,199.0,1370316,192.1715361439,194.9945921799,191.4924504995,193.0543474816,1370316,0.0,1.0
2023-01-19 00:00:00+00:00,197.29,198.225,195.74,197.32,1432417,191.3954382646,192.302502661,189.8917486234,191.4245419351,1432417,0.0,1.0
2023-01-20 00:00:00+00:00,198.76,199.11,196.755,197.16,1139335,192.8215181178,193.16106094,190.8764228078,191.2693223592,1139335,0.0,1.0
2023-01-23 00:00:00+00:00,199.97,201.78,197.85,198.94,691928,193.9953661603,195.7512876123,191.9387067801,192.9961401407,691928,0.0,1.0
2023-01-24 00:00:00+00:00,197.14,199.62,196.58,199.62,754636,191.2499199122,193.6558233381,190.7066513967,193.6558233381,754636,0.0,1.0
2023-01-25 00:00:00+00:00,192.12,194.98,189.38,194.66,861958,186.3799057194,189.154455638,183.7217704828,188.8440164863,861958,0.0,1.0
2023-01-26 00:00:00+00:00,194.3,195.065,191.89,193.61,753820,188.4947724406,189.2369160377,186.1567775791,187.8253880197,753820,0.0,1.0
2023-01-27 00:00:00+00:00,193.29,194.41,192.81,193.11,758280,187.514948868,188.601485899,187.0492901404,187.3403268451,758280,0.0,1.0
2023-01-30 00:00:00+00:00,194.03,194.94,192.26,192.43,709028,188.2328394063,189.1156507441,186.5157228483,186.6806436477,709028,0.0,1.0
2023-01-31 00:00:00+00:00,196.03,196.12,191.26,194.5,871410,190.1730841046,190.2603951161,185.5456004992,188.6887969104,871410,0.0,1.0
2023-02-01 00:00:00+00:00,199.18,200.415,194.77,194.77,722068,193.2289695045,194.4270706057,188.9507299447,188.9507299447,722068,0.0,1.0
2023-02-02 00:00:00+00:00,202.08,203.35,200.28,200.58,1250940,196.042324317,197.2743797004,194.2961040885,194.5871407933,1250940,0.0,1.0
2023-02-03 00:00:00+00:00,201.08,203.565,200.08,200.08,742091,195.0722019679,197.4829560055,194.1020796187,194.1020796187,742091,0.0,1.0
2023-02-06 00:00:00+00:00,200.06,201.75,199.02,199.33,903861,194.0826771717,195.7221839418,193.0737499286,193.3744878569,903861,0.0,1.0
2023-02-07 00:00:00+00:00,199.29,199.8,195.41,198.87,966102,193.3356829629,193.830445361,189.5716082482,192.9282315762,966102,0.0,1.0
2023-02-08 00:00:00+00:00,201.66,204.77,195.26,200.45,1471035,195.6348729304,198.6519534362,189.4260898958,194.4610248879,1471035,0.0,1.0
2023-02-09 00:00:00+00:00,203.36,203.98,202.03,203.7,1579275,197.2840809239,197.8855567804,195.9938181996,197.6139225227,1579275,0.0,1.0
2023-02-10 00:00:00+00:00,205.64,205.77,201.98,203.08,1190223,199.49595988,199.6220757854,195.9453120821,197.0124466662,1190223,0.0,1.0
2023-02-13 00:00:00+00:00,211.2,211.4,205.81,206.0,1441983,204.8898401413,205.0838646111,199.6608806794,199.8452039257,1441983,0.0,1.0
2023-02-14 00:00:00+00:00,208.09,210.72,206.32,209.68,902100,201.8727596354,204.4241814137,200.1556430774,203.4152541706,902100,0.0,1.0
2023-02-15 00:00:00+00:00,212.62,212.7,206.51,206.51,954638,206.2674138771,206.345023665,200.3399663238,200.3399663238,954638,0.0,1.0
2023-02-16 00:00:00+00:00,214.25,214.96,210.92,211.87,1409010,207.8487133062,208.5375001741,204.6182058835,205.5398221152,1409010,0.0,1.0
2023-02-17 00:00:00+00:00,213.93,215.0,212.25,213.44,1073662,207.5382741545,208.5763050681,205.9084686079,207.0629142034,1073662,0.0,1.0
2023-02-21 00:00:00+00:00,205.5,213.04,204.92,213.04,1106350,199.3601427511,206.6748652638,198.7974717886,206.6748652638,1106350,0.0,1.0
2023-02-22 00:00:00+00:00,203.99,205.94,202.68,205.94,688740,197.8952580039,199.7869965848,196.6243977265,199.7869965848,688740,0.0,1.0
2023-02-23 00:00:00+00:00,204.62,205.8,202.28,205.8,591364,199.0788072699,200.2268523905,196.8021754205,200.2268523905,591364,0.59,1.0
2023-02-24 00:00:00+00:00,202.53,203.2,201.45,201.72,529546,197.045405319,197.6972614468,195.9946521577,196.257340448,529546,0.0,1.0
2023-02-27 00:00:00+00:00,202.52,204.55,201.63,204.12,690375,197.035676123,199.0107028983,196.1697776846,198.592347473,690375,0.0,1.0
2023-02-28 00:00:00+00:00,202.42,204.29,202.06,202.33,819114,196.9383841637,198.7577438039,196.5881331099,196.8508214002,819114,0.0,1.0
2023-03-01 00:00:00+00:00,200.78,203.45,200.34,202.14,521154,195.3427960299,197.9404913452,194.9147114087,196.6659666774,521154,0.0,1.0
2023-03-02 00:00:00+00:00,201.52,202.255,199.17,199.8,517608,196.0627565293,196.7778524307,193.776395484,194.3893348281,517608,0.0,1.0
2023-03-03 00:00:00+00:00,201.63,202.57,200.88,202.29,658200,196.1697776846,197.0843221027,195.4400879893,196.8119046165,658200,0.0,1.0
2023-03-06 00:00:00+00:00,202.99,203.68,201.91,201.91,625393,197.4929483321,198.1642628518,196.4421951709,196.4421951709,625393,0.0,1.0
2023-03-07 00:00:00+00:00,199.33,203.35,198.68,202.98,468976,193.932062619,197.8431993858,193.2996648831,197.4832191362,468976,0.0,1.0
2023-03-08 00:00:00+00:00,199.98,200.417,198.5,199.3,568663,194.5644603549,194.9896262174,193.1245393562,193.9028750312,568663,0.0,1.0
2023-03-09 00:00:00+00:00,196.21,201.665,196.11,200.71,582415,190.8965534866,196.2038298704,190.7992615272,195.2746916584,582415,0.0,1.0
2023-03-10 00:00:00+00:00,190.47,194.63,189.15,194.63,699104,185.3119950185,189.3593405285,184.0277411548,189.3593405285,699104,0.0,1.0
2023-03-13 00:00:00+00:00,188.42,191.7,188.05,188.83,729589,183.3175098514,186.5086861188,182.9575296017,183.7164068848,729589,0.0,1.0
2023-03-14 00:00:00+00:00,191.3,193.5,189.41,190.48,872579,186.1195182813,188.2599413876,184.2807002492,185.3217242145,872579,0.0,1.0
2023-03-15 00:00:00+00:00,188.65,190.89,185.14,187.98,926847,183.5412813579,185.7206212479,180.1263335839,182.8894252301,926847,0.0,1.0
2023-03-16 00:00:00+00:00,193.58,193.79,186.55,187.1,933748,188.3377749551,188.5420880697,181.4981502111,182.0332559877,933748,0.0,1.0
2023-03-17 00:00:00+00:00,188.05,193.58,186.5,193.58,1622270,182.9575296017,188.3377749551,181.4495042314,188.3377749551,1622270,0.0,1.0
2023-03-20 00:00:00+00:00,191.44,191.585,188.41,188.51,615084,186.2557270245,186.3968003656,183.3077806554,183.4050726148,615084,0.0,1.0
2023-03-21 00:00:00+00:00,194.49,195.0,192.37,192.68,620805,189.2231317853,189.7193207782,187.1605422466,187.4621473207,620805,0.0,1.0
2023-03-22 00:00:00+00:00,190.68,195.625,190.6,194.03,574480,185.5163081332,190.3273955242,185.4384745657,188.7755887722,574480,0.0,1.0
2023-03-23 00:00:00+00:00,191.1,193.79,189.42,191.2,689888,185.9249343626,188.5420880697,184.2904294451,186.022226322,689888,0.0,1.0
2023-03-24 00:00:00+00:00,191.71,191.71,187.57,190.36,580555,186.5184153148,186.5184153148,182.4905281967,185.2049738632,580555,0.0,1.0
2023-03-27 00:00:00+00:00,191.67,194.18,191.24,192.615,768229,186.479498531,188.9215267113,186.0611431057,187.3989075471,768229,0.0,1.0
2023-03-28 00:00:00+00:00,185.82,191.205,184.34,190.89,955388,180.7879189077,186.0270909199,179.3479979089,185.7206212479,955388,0.0,1.0
2023-03-29 00:00:00+00:00,188.3,188.63,186.415,187.25,585900,183.2007595001,183.5218229661,181.3668060659,182.1791939267,585900,0.0,1.0
2023-03-30 00:00:00+00:00,190.07,190.86,189.2,190.08,695385,184.922827181,185.6914336601,184.0763871345,184.932556377,695385,0.0,1.0
2023-03-31 00:00:00+00:00,194.89,195.04,190.15,190.49,945096,189.6122996228,189.7582375619,185.0006607485,185.3314534104,945096,0.0,1.0
2023-04-03 00:00:00+00:00,193.69,195.47,193.47,194.09,738339,188.4447961104,190.1765929872,188.2307537997,188.8339639479,738339,0.0,1.0
2023-04-04 00:00:00+00:00,189.27,194.14,187.84,194.14,627706,184.1444915061,188.8826099275,182.753216487,188.8826099275,627706,0.0,1.0
2023-04-05 00:00:00+00:00,187.97,189.36,187.3,188.42,634014,182.8796960342,184.2320542695,182.2278399064,183.3175098514,634014,0.0,1.0
2023-04-06 00:00:00+00:00,185.5,187.255,185.32,186.86,545168,180.4765846377,182.1840585247,180.3014591108,181.7997552852,545168,0.0,1.0
2023-04-10 00:00:00+00:00,189.04,189.3,184.45,185.07,708445,183.9207199995,184.1736790939,179.4550190643,180.0582292124,708445,0.0,1.0
2023-04-11 00:00:00+00:00,188.5,190.46,188.26,189.73,528985,183.3953434189,185.3022658226,183.1618427164,184.5920345192,528985,0.0,1.0
2023-04-12 00:00:00+00:00,188.09,190.52,187.33,190.0,547784,182.9964463855,185.3606409982,182.2570274942,184.8547228095,547784,0.0,1.0
2023-04-13 00:00:00+00:00,189.21,189.36,185.84,188.58,455220,184.0861163304,184.2320542695,180.8073772995,183.4731769864,455220,0.0,1.0
2023-04-14 00:00:00+00:00,186.96,190.43,185.135,188.86,840485,181.8970472445,185.2730782348,180.121468986,183.7455944726,840485,0.0,1.0
2023-04-17 00:00:00+00:00,188.92,188.94,186.82,187.29,559091,183.8039696482,183.8234280401,181.7608385014,182.2181107105,559091,0.0,1.0
2023-04-18 00:00:00+00:00,190.29,191.58,188.89,190.49,691020,185.1368694917,186.3919357676,183.7747820604,185.3314534104,691020,0.0,1.0
2023-04-19 00:00:00+00:00,165.12,167.08,160.6601,163.69,5335806,160.6484833174,162.5554057211,156.3093592213,159.2572082983,5335806,0.0,1.0
2023-04-20 00:00:00+00:00,164.68,167.01,162.975,164.15,2185987,160.2203986961,162.4873013495,158.5615707888,159.7047513115,2185987,0.0,1.0
2023-04-21 00:00:00+00:00,163.13,164.92,161.53,164.66,1078603,158.7123733258,160.4538993986,157.1557019759,160.2009403043,1078603,0.0,1.0
2023-04-24 00:00:00+00:00,165.94,166.12,162.8,162.8,961973,161.4462773842,161.6214029111,158.3913098599,158.3913098599,961973,0.0,1.0
2023-04-25 00:00:00+00:00,165.11,166.28,164.29,165.37,1122488,160.6387541214,161.7770700461,159.8409600546,160.8917132158,1122488,0.0,1.0
2023-04-26 00:00:00+00:00,165.12,165.75,163.725,164.88,1432984,160.6484833174,161.2614226614,159.2912604841,160.4149826149,1432984,0.0,1.0
2023-04-27 00:00:00+00:00,168.03,168.33,164.49,165.83,1128529,163.4796793351,163.7715552133,160.0355439733,161.3392562289,1128529,0.0,1.0
2023-04-28 00:00:00+00:00,169.59,169.79,168.09,168.51,1126292,164.9974339014,165.1920178201,163.5380545108,163.9466807401,1126292,0.0,1.0
2023-05-01 00:00:00+00:00,170.32,171.37,168.915,169.71,1349115,165.7076652048,166.7292307782,164.3407131756,165.1141842526,1349115,0.0,1.0
2023-05-02 00:00:00+00:00,167.86,170.27,165.24,169.47,1463076,163.3142830042,165.6590192251,160.7652336686,164.8806835501,1463076,0.0,1.0
2023-05-03 00:00:00+00:00,164.97,172.0,164.68,171.76,1103067,160.5025453783,167.3421701223,160.2203986961,167.1086694198,1103067,0.0,1.0
2023-05-04 00:00:00+00:00,163.86,165.9253,162.59,163.21,1461538,159.4226046293,161.4319754662,158.1869967452,158.7902068933,1461538,0.0,1.0
2023-05-05 00:00:00+00:00,165.99,167.71,165.2,165.61,1088924,161.4949233639,163.1683450651,160.7263168849,161.1252139183,1088924,0.0,1.0
2023-05-08 00:00:00+00:00,166.13,166.98,165.1,165.29,1073368,161.631132107,162.4581137617,160.6290249255,160.8138796483,1073368,0.0,1.0
2023-05-09 00:00:00+00:00,167.76,168.11,164.62,165.21,972514,163.2169910448,163.5575129026,160.1620235205,160.7360460808,972514,0.0,1.0
2023-05-10 00:00:00+00:00,168.66,169.14,166.835,168.45,1043144,164.0926186792,164.5596200842,162.3170404206,163.8883055645,1043144,0.0,1.0
2023-05-11 00:00:00+00:00,167.5,167.95,166.37,167.5,792877,162.9640319505,163.4018457676,161.8646328095,162.9640319505,792877,0.0,1.0
2023-05-12 00:00:00+00:00,170.24,170.27,167.81,168.64,545804,165.6298316373,165.6590192251,163.2656370245,164.0731602873,545804,0.0,1.0
2023-05-15 00:00:00+00:00,171.41,171.44,168.65,170.58,767160,166.768147562,166.7973351498,164.0828894833,165.9606242992,767160,0.0,1.0
2023-05-16 00:00:00+00:00,170.03,171.3029,169.86,170.41,731453,165.4255185226,166.6639478735,165.2601221917,165.7952279682,731453,0.0,1.0
2023-05-17 00:00:00+00:00,173.25,173.62,169.93,170.88,1146539,168.5583196144,168.9182998641,165.3282265632,166.2525001773,1146539,0.0,1.0
2023-05-18 00:00:00+00:00,174.73,175.03,172.54,173.98,851805,169.9982406132,170.2901164913,167.8675467029,169.2685509179,851805,0.0,1.0
2023-05-19 00:00:00+00:00,172.59,175.97,172.26,175.69,732087,167.9161926826,171.2046609094,167.5951292166,170.9322434231,732087,0.0,1.0
2023-05-22 00:00:00+00:00,175.71,175.875,172.61,173.03,731550,170.951701815,171.112233548,167.9356510744,168.3442773038,731550,0.0,1.0
2023-05-23 00:00:00+00:00,170.2,174.47,170.0,174.19,1124039,165.5909148535,169.7452815188,165.3963309348,169.4728640325,1124039,0.0,1.0
2023-05-24 00:00:00+00:00,167.74,169.86,167.57,169.86,829610,163.7715552133,165.8413995977,163.6055771258,165.8413995977,829610,0.59,1.0
2023-05-25 00:00:00+00:00,170.64,171.63,168.33,168.33,655423,166.6029461166,167.5695243904,164.3475968108,164.3475968108,655423,0.0,1.0
2023-05-26 00:00:00+00:00,174.22,174.91,171.0,171.0,879057,170.0982493696,170.7719251362,166.9544291252,166.9544291252,879057,0.0,1.0
2023-05-30 00:00:00+00:00,174.61,176.14,173.91,175.19,693763,170.479022629,171.9728254159,169.7955834454,171.0453008097,693763,0.0,1.0
2023-05-31 00:00:00+00:00,171.69,173.63,171.28,172.99,1658607,167.6281048919,169.522207772,167.2278047987,168.8973490899,1658607,0.0,1.0
2023-06-01 00:00:00+00:00,173.28,174.09,170.96,171.78,618188,169.1804881802,169.9713249498,166.9153754576,167.7159756441,618188,0.0,1.0
2023-06-02 00:00:00+00:00,174.22,175.77,173.05,174.02,869763,170.0982493696,171.6115789903,168.9559295914,169.9029810314,869763,0.0,1.0
2023-06-05 00:00:00+00:00,169.34,173.6,169.04,173.6,1398413,165.3337019185,169.4929175213,165.0407994113,169.4929175213,1398413,0.0,1.0
2023-06-06 00:00:00+00:00,169.06,170.59,167.73,168.87,951358,165.0603262451,166.554129032,163.7617917964,164.8748213239,951358,0.0,1.0
2023-06-07 00:00:00+00:00,172.22,172.24,169.44,169.91,658995,168.145565988,168.1650928218,165.4313360876,165.8902166823,658995,0.0,1.0
2023-06-08 00:00:00+00:00,170.06,171.825,168.49,171.47,1044322,166.0366679359,167.7599110201,164.5038114814,167.4133097199,1044322,0.0,1.0
2023-06-09 00:00:00+00:00,170.44,172.0,169.91,170.86,532882,166.4076777784,167.930770816,165.8902166823,166.8177412885,532882,0.0,1.0
2023-06-12 00:00:00+00:00,173.27,173.625,170.04,170.59,498996,169.1707247633,169.5173260636,166.0171411021,166.554129032,498996,0.0,1.0
2023-06-13 00:00:00+00:00,175.4,175.44,173.46,173.63,554157,171.2503325647,171.2893862324,169.3562296846,169.522207772,554157,0.0,1.0
2023-06-14 00:00:00+00:00,176.58,177.88,175.2403,175.48,751206,172.4024157599,173.6716599579,171.0944107967,171.3284399,751206,0.0,1.0
2023-06-15 00:00:00+00:00,178.2,179.68,176.27,176.27,1154867,173.9840892989,175.4290750013,172.0997498357,172.0997498357,1154867,0.0,1.0
2023-06-16 00:00:00+00:00,178.15,180.32,177.12,179.49,1528376,173.9352722144,176.0539336834,172.9296402729,175.2435700801,1528376,0.0,1.0
2023-06-20 00:00:00+00:00,177.3,178.88,176.16,177.1,705567,173.1053817772,174.6480016487,171.9923522497,172.9101134391,705567,0.0,1.0
2023-06-21 00:00:00+00:00,176.72,178.39,175.92,176.36,714760,172.5391035966,174.1695942202,171.7580302439,172.1876205879,714760,0.0,1.0
2023-06-22 00:00:00+00:00,178.53,178.97,176.28,176.72,686990,174.3062820569,174.7358724008,172.1095132526,172.5391035966,686990,0.0,1.0
2023-06-23 00:00:00+00:00,177.4,179.12,176.535,176.92,1065036,173.2030159463,174.8823236545,172.3584803838,172.7343719347,1065036,0.0,1.0
2023-06-26 00:00:00+00:00,176.92,179.51,176.45,177.4,906921,172.7343719347,175.2630969139,172.2754913401,173.2030159463,906921,0.0,1.0
2023-06-27 00:00:00+00:00,177.66,177.94,170.96,173.78,1080409,173.4568647859,173.7302404593,166.9153754576,169.6686590256,1080409,0.0,1.0
2023-06-28 00:00:00+00:00,177.48,177.93,176.05,177.4,713099,173.2811232816,173.7204770424,171.8849546637,173.2030159463,713099,0.0,1.0
2023-06-29 00:00:00+00:00,180.65,180.67,176.89,177.69,849573,176.3761264414,176.3956532752,172.705081684,173.4861550366,849573,0.0,1.0
2023-06-30 00:00:00+00:00,183.5,184.38,181.835,183.12,807164,179.1587002601,180.017880948,177.533091345,178.7876904176,807164,0.0,1.0
2023-07-03 00:00:00+00:00,183.22,183.4,181.25,182.68,409377,178.8853245867,179.061066091,176.9619314558,178.3581000737,409377,0.0,1.0
2023-07-05 00:00:00+00:00,184.23,184.59,181.01,182.76,860848,179.8714296944,180.2229127031,176.7276094501,178.4362074089,860848,0.0,1.0
2023-07-06 00:00:00+00:00,182.7,183.0,180.38,182.83,788541,178.3776269075,178.6705294147,176.1125141849,178.5045513273,788541,0.0,1.0
2023-07-07 00:00:00+00:00,183.33,184.93,182.2,182.2,437411,178.9927221727,180.554868878,177.8894560621,177.8894560621,437411,0.0,1.0
2023-07-10 00:00:00+00:00,187.38,187.4,182.5,182.75,645447,182.9469060204,182.9664328542,178.1823585693,178.426443992,645447,0.0,1.0
2023-07-11 00:00:00+00:00,188.14,189.045,187.0,188.23,435952,183.6889257054,184.5725149356,182.5758961779,183.7767964576,435952,0.0,1.0
2023-07-12 00:00:00+00:00,186.54,190.01,186.355,189.77,719534,182.1267790001,185.5146846672,181.9461557873,185.2803626614,719534,0.0,1.0
2023-07-13 00:00:00+00:00,188.18,188.6,186.5,186.95,435465,183.727979373,184.1380428832,182.0877253325,182.5270790934,435465,0.0,1.0
2023-07-14 00:00:00+00:00,186.39,187.93,185.55,187.41,324895,181.9803277465,183.4838939503,181.1602007262,182.9761962711,324895,0.0,1.0
2023-07-17 00:00:00+00:00,189.61,190.15,186.33,186.82,452738,185.1241479909,185.6513725039,181.9217472451,182.4001546736,452738,0.0,1.0
2023-07-18 00:00:00+00:00,188.24,190.43,187.42,188.75,583326,183.7865598745,185.9247481773,182.985959688,184.2844941368,583326,0.0,1.0
2023-07-19 00:00:00+00:00,189.75,190.615,188.92,189.04,484470,185.2608358276,186.1053713901,184.4504722242,184.5676332271,484470,0.0,1.0
2023-07-20 00:00:00+00:00,188.41,190.24,187.68,189.75,485773,183.9525379619,185.7392432561,183.2398085276,185.2608358276,485773,0.0,1.0
2023-07-21 00:00:00+00:00,188.52,190.08,188.36,189.84,478019,184.0599355479,185.5830285855,183.9037208774,185.3487065797,478019,0.0,1.0
2023-07-24 00:00:00+00:00,189.99,190.92,188.7201,189.61,461904,185.4951578334,186.4031556058,184.2553015202,185.1241479909,461904,0.0,1.0
2023-07-25 00:00:00+00:00,190.94,191.53,189.06,190.0,441724,186.4226824396,186.9987240372,184.5871600609,185.5049212503,441724,0.0,1.0
2023-07-26 00:00:00+00:00,189.63,191.57,189.02,190.575,428832,185.1436748247,187.0377777048,184.5481063933,186.0663177225,428832,0.0,1.0
2023-07-27 00:00:00+00:00,188.07,191.33,187.78,190.81,462812,183.620581787,186.803455699,183.3374426967,186.2957580198,462812,0.0,1.0
2023-07-28 00:00:00+00:00,186.28,189.59,185.44,189.48,593525,181.8729301605,185.104621157,181.0528031403,184.9972235711,593525,0.0,1.0
2023-07-31 00:00:00+00:00,187.07,187.15,184.99,186.22,1100464,182.6442400963,182.7223474315,180.6134493794,181.8143496591,1100464,0.0,1.0
2023-08-01 00:00:00+00:00,187.33,188.71,186.13,187.07,1056029,182.8980889359,184.2454404691,181.7264789069,182.6442400963,1056029,0.0,1.0
2023-08-02 00:00:00+00:00,197.0,201.115,185.14,187.39,2036588,192.3393130858,196.3569591434,180.759900633,182.9566694373,2036588,0.0,1.0
2023-08-03 00:00:00+00:00,199.28,199.895,193.27,195.56,920061,194.5653721408,195.1658222806,188.6975585792,190.9333810511,920061,0.0,1.0
2023-08-04 00:00:00+00:00,197.87,202.53,197.58,198.71,721151,193.1887303568,197.7384826359,192.9055912665,194.0088573771,721151,0.0,1.0
2023-08-07 00:00:00+00:00,202.84,203.64,199.435,201.0,839439,198.04114856,198.8222219127,194.7167051029,196.244679849,839439,0.0,1.0
2023-08-08 00:00:00+00:00,202.68,203.015,200.16,202.29,433809,197.8849338895,198.2120083559,195.4245528287,197.5041606301,433809,0.0,1.0
2023-08-09 00:00:00+00:00,201.59,203.28,200.91,203.1,489588,196.8207214465,198.470738904,196.1568090968,198.2949973996,489588,0.0,1.0
2023-08-10 00:00:00+00:00,202.66,205.125,201.55,201.95,588776,197.8654070557,200.2720893235,196.7816677789,197.1722044552,588776,0.0,1.0
2023-08-11 00:00:00+00:00,203.48,204.68,202.31,202.31,463467,198.6660072421,199.8376172711,197.5236874639,197.5236874639,463467,0.0,1.0
2023-08-14 00:00:00+00:00,206.62,207.255,203.72,204.06,514464,201.7317201512,202.3516971249,198.9003292479,199.2322854228,514464,0.0,1.0
2023-08-15 00:00:00+00:00,204.68,206.27,204.51,206.14,523236,199.8376172711,201.3900005594,199.6716391836,201.2630761396,523236,0.0,1.0
2023-08-16 00:00:00+00:00,201.54,206.25,201.37,204.68,426238,196.771904362,201.3704737256,196.6059262746,199.8376172711,426238,0.0,1.0
2023-08-17 00:00:00+00:00,200.32,203.54,200.25,202.49,339357,195.5807674992,198.7245877436,195.5124235809,197.6994289682,339357,0.0,1.0
2023-08-18 00:00:00+00:00,200.3,200.92,196.32,196.32,350473,195.5612406654,196.1665725137,191.6754007361,191.6754007361,350473,0.0,1.0
2023-08-21 00:00:00+00:00,201.42,201.982,199.7625,200.65,350622,196.6547433591,197.2034473893,195.0364570066,195.9029602572,350622,0.0,1.0
2023-08-22 00:00:00+00:00,202.88,203.55,201.98,202.15,592991,198.0802022277,198.7343511605,197.2014947059,197.3674727934,592991,0.0,1.0
2023-08-23 00:00:00+00:00,204.83,205.27,202.46,203.05,473628,199.9840685247,200.4136588686,197.6701387175,198.2461803151,473628,0.0,1.0
2023-08-24 00:00:00+00:00,201.28,205.71,201.21,205.2,360936,197.09409712,201.4319689912,197.0255528692,200.932575164,360936,0.59,1.0
2023-08-25 00:00:00+00:00,204.0,204.58,201.12,202.93,300303,199.7575308648,200.3254689428,196.9374245467,198.7097830314,300303,0.0,1.0
2023-08-28 00:00:00+00:00,206.85,207.06,204.124,204.62,338128,202.5482610754,202.7538938278,199.8789521091,200.3646370861,338128,0.0,1.0
2023-08-29 00:00:00+00:00,207.54,208.7281,206.305,206.85,431315,203.2239115475,204.387303324,202.0145951229,202.5482610754,431315,0.0,1.0
2023-08-30 00:00:00+00:00,208.11,208.53,207.09,207.38,487798,203.7820575896,204.1933230943,202.7832699353,203.0672389742,487798,0.0,1.0
2023-08-31 00:00:00+00:00,211.15,212.41,209.2,209.2,784574,206.7588364809,207.9926329951,204.8493894947,204.8493894947,784574,0.0,1.0
2023-09-01 00:00:00+00:00,213.18,214.28,212.07,212.5,486522,208.7466197537,209.8237436947,207.659703777,208.0807613175,486522,0.0,1.0
2023-09-05 00:00:00+00:00,212.64,214.895,212.51,213.47,619006,208.2178498191,210.425953898,208.0905533533,209.0305887927,619006,0.0,1.0
2023-09-06 00:00:00+00:00,213.28,213.52,209.9,212.0,548078,208.844540112,209.0795489718,205.5348320026,207.5911595262,548078,0.0,1.0
2023-09-07 00:00:00+00:00,212.9,214.58,212.08,212.63,947637,208.4724427506,210.1175047695,207.6694958128,208.2080577833,947637,0.0,1.0
2023-09-08 00:00:00+00:00,212.67,215.695,211.935,213.52,475467,208.2472259266,211.2093167642,207.5275112933,209.0795489718,475467,0.0,1.0
2023-09-11 00:00:00+00:00,211.22,213.72,209.56,213.47,415517,206.8273807317,209.2753896884,205.2019027845,209.0305887927,415517,0.0,1.0
2023-09-12 00:00:00+00:00,208.94,211.055,208.24,209.98,474804,204.5947965632,206.6658121406,203.9093540553,205.6131682892,474804,0.0,1.0
2023-09-13 00:00:00+00:00,208.33,209.54,205.515,208.85,877769,203.9974823778,205.1823187128,201.2410242926,204.5066682408,877769,0.0,1.0
2023-09-14 00:00:00+00:00,209.79,210.22,207.0,209.49,653037,205.4271196085,205.848177149,202.6951416128,205.1333585337,653037,0.0,1.0
2023-09-15 00:00:00+00:00,207.0,210.015,206.13,209.87,1189703,202.6951416128,205.6474404146,201.8432344959,205.5054558951,1189703,0.0,1.0
2023-09-18 00:00:00+00:00,208.69,209.97,206.9,206.9,503525,204.3499956675,205.6033762534,202.5972212546,202.5972212546,503525,0.0,1.0
2023-09-19 00:00:00+00:00,208.67,209.01,206.89,208.69,337483,204.3304115959,204.663340814,202.5874292187,204.3499956675,337483,0.0,1.0
2023-09-20 00:00:00+00:00,209.0,209.675,207.75,208.49,610714,204.6535487782,205.3145111965,203.4295442998,204.154154951,610714,0.0,1.0
2023-09-21 00:00:00+00:00,205.04,207.95,203.49,207.54,437410,200.7759025908,203.6253850164,199.2581370377,203.2239115475,437410,0.0,1.0
2023-09-22 00:00:00+00:00,205.76,207.03,204.92,204.92,414027,201.4809291703,202.7245177203,200.6583981609,200.6583981609,414027,0.0,1.0
2023-09-25 00:00:00+00:00,205.0,206.77,203.9301,204.84,429408,200.7367344475,202.4699247888,199.6890845344,200.5800618743,429408,0.0,1.0
2023-09-26 00:00:00+00:00,200.24,203.4759,199.08,203.24,814834,196.075725394,199.2443302671,194.9398492381,199.013336142,814834,0.0,1.0
2023-09-27 00:00:00+00:00,198.69,200.88,197.28,200.38,724839,194.5579598408,196.7024156869,193.1772827893,196.2128138956,724839,0.0,1.0
2023-09-28 00:00:00+00:00,202.88,203.71,198.94,198.94,763459,198.6608228522,199.4735618258,194.8027607365,194.8027607365,763459,0.0,1.0
2023-09-29 00:00:00+00:00,201.76,203.71,200.62,203.0,803398,197.5641148396,199.4735618258,196.4478227554,198.7783272822,803398,0.0,1.0
2023-10-02 00:00:00+00:00,200.98,202.5,199.09,201.76,935443,196.8003360452,198.2887254908,194.9496412739,197.5641148396,935443,0.0,1.0
2023-10-03 00:00:00+00:00,201.77,208.78,201.07,204.0,979381,197.5739068755,204.43812399,196.8884643676,199.7575308648,979381,0.0,1.0
2023-10-04 00:00:00+00:00,205.42,205.925,202.2003,202.28,704667,201.1479999522,201.6424977615,197.9952581771,198.0733007026,704667,0.0,1.0
2023-10-05 00:00:00+00:00,203.04,206.06,202.0,204.52,627747,198.8174954255,201.7746902451,197.7991236995,200.2667167278,627747,0.0,1.0
2023-10-06 00:00:00+00:00,205.63,206.68,202.57,202.57,1065410,201.3536327046,202.3817964664,198.3572697416,198.3572697416,1065410,0.0,1.0
2023-10-09 00:00:00+00:00,208.12,208.575,204.99,205.03,401558,203.7918496254,204.2373872555,200.7269424117,200.766110555,401558,0.0,1.0
2023-10-10 00:00:00+00:00,210.15,211.53,208.16,208.3,548125,205.7796328982,207.1309338423,203.8310177687,203.9681062703,548125,0.0,1.0
2023-10-11 00:00:00+00:00,213.82,213.95,211.15,211.15,521653,209.3733100466,209.5006065124,206.7588364809,206.7588364809,521653,0.0,1.0
2023-10-12 00:00:00+00:00,211.58,215.81,210.73,215.33,649717,207.1798940215,211.3219251762,206.3475709762,210.8519074565,649717,0.0,1.0
2023-10-13 00:00:00+00:00,207.26,211.58,205.7,211.23,937148,202.9497345443,207.1798940215,201.4221769554,206.8371727675,937148,0.0,1.0
2023-10-16 00:00:00+00:00,208.82,210.015,207.29,207.55,520150,204.4772921333,205.6474404146,202.9791106518,203.2337035833,520150,0.0,1.0
2023-10-17 00:00:00+00:00,208.9,210.87,207.0911,207.78,481679,204.5556284199,206.4846594778,202.7843470592,203.4589204073,481679,0.0,1.0
2023-10-18 00:00:00+00:00,206.16,208.35,205.995,208.35,464778,201.8726106034,204.0170664494,201.7110420123,204.0170664494,464778,0.0,1.0
2023-10-19 00:00:00+00:00,202.85,207.19,202.35,206.73,563576,198.6314467448,202.8811902935,198.1418449534,202.4307566455,563576,0.0,1.0
2023-10-20 00:00:00+00:00,200.42,202.99,200.17,202.99,522126,196.2519820389,198.7685352463,196.0071811432,198.7685352463,522126,0.0,1.0
2023-10-23 00:00:00+00:00,199.55,201.35,197.985,199.26,555510,195.4000749219,197.1626413707,193.8676213151,195.116105883,555510,0.0,1.0
2023-10-24 00:00:00+00:00,199.89,201.88,197.985,200.19,569524,195.73300414,197.6816192696,193.8676213151,196.0267652148,569524,0.0,1.0
2023-10-25 00:00:00+00:00,198.7,202.52,198.03,199.42,548598,194.5677518767,198.3083095625,193.9116854763,195.2727784562,548598,0.0,1.0
2023-10-26 00:00:00+00:00,198.42,200.22,198.06,198.5,589797,194.2935748735,196.0561413223,193.9410615838,194.3719111601,589797,0.0,1.0
2023-10-27 00:00:00+00:00,198.9,199.84,196.69,197.65,645913,194.7635925932,195.6840439609,192.5995526755,193.5395881149,645913,0.0,1.0
2023-10-30 00:00:00+00:00,197.05,200.145,194.84,199.59,1088753,192.9520659653,195.9827010536,190.7880260476,195.4392430652,1088753,0.0,1.0
2023-10-31 00:00:00+00:00,200.4,200.79,197.04,198.1,791212,196.2323979672,196.6142873644,192.9422739294,193.9802297271,791212,0.0,1.0
2023-11-01 00:00:00+00:00,199.16,199.2,185.04,185.55,939363,195.0181855247,195.057353668,181.1918309374,181.6912247645,939363,0.0,1.0
2023-11-02 00:00:00+00:00,206.67,207.06,200.12,200.21,801144,202.3720044306,202.7538938278,195.9582209641,196.0463492865,801144,0.0,1.0
2023-11-03 00:00:00+00:00,209.46,210.58,208.39,208.39,586185,205.1039824262,206.2006904388,204.0562345927,204.0562345927,586185,0.0,1.0
2023-11-06 00:00:00+00:00,211.04,211.2,208.69,209.88,513338,206.6511240868,206.8077966601,204.3499956675,205.5152479309,513338,0.0,1.0
2023-11-07 00:00:00+00:00,208.0,211.97,206.67,211.2,691834,203.6743451955,207.5617834187,202.3720044306,206.8077966601,691834,0.0,1.0
2023-11-08 00:00:00+00:00,209.28,209.53,207.28,208.87,479167,204.9277257813,205.172526677,202.969318616,204.5262523124,479167,0.0,1.0
2023-11-09 00:00:00+00:00,208.5,211.0,207.765,210.88,763453,204.1639469868,206.6119559435,203.4442323536,206.4944515136,763453,0.0,1.0
2023-11-10 00:00:00+00:00,211.67,211.75,207.8,209.5,546451,207.2680223439,207.3463586305,203.478504479,205.1431505695,546451,0.0,1.0
2023-11-13 00:00:00+00:00,211.97,212.72,210.13,211.24,485532,207.5617834187,208.2961861057,205.7600488266,206.8469648034,485532,0.0,1.0
2023-11-14 00:00:00+00:00,218.46,218.86,214.73,214.75,655075,213.9168146702,214.3084961033,210.2643853069,210.2839693785,655075,0.0,1.0
2023-11-15 00:00:00+00:00,218.92,219.71,217.08,219.3,677529,214.3672483183,215.1408191486,212.5655137262,214.7393456797,677529,0.0,1.0
2023-11-16 00:00:00+00:00,215.51,219.19,214.705,217.4,703294,211.0281641014,214.6316332856,210.2399052173,212.8788588726,703294,0.0,1.0
2023-11-17 00:00:00+00:00,215.29,218.025,213.44,216.97,960011,210.8127393132,213.4908611118,209.0012126852,212.4578013321,960011,0.0,1.0
2023-11-20 00:00:00+00:00,217.24,217.37,213.02,215.01,922879,212.7221862994,212.8494827651,208.5899471805,210.53856231,922879,0.0,1.0
2023-11-21 00:00:00+00:00,216.84,217.975,216.02,216.97,708139,212.3305048663,213.4419009326,211.5275579285,212.4578013321,708139,0.0,1.0
2023-11-22 00:00:00+00:00,217.02,218.56,215.83,216.9,654972,213.1138677324,214.6261493485,211.9452864837,212.9960276065,654972,0.62,1.0
2023-11-24 00:00:00+00:00,216.69,217.76,214.9,217.76,246083,212.7898073862,213.840548509,211.0320255078,213.840548509,246083,0.0,1.0
2023-11-27 00:00:00+00:00,214.9,217.16,214.8,216.26,787884,211.0320255078,213.2513478794,210.9338254029,212.3675469349,787884,0.0,1.0
2023-11-28 00:00:00+00:00,212.68,215.32,212.63,213.83,585283,208.8519831782,211.4444659485,208.8028831258,209.981284385,585283,0.0,1.0
2023-11-29 00:00:00+00:00,212.09,215.6,211.805,214.46,647628,208.2726025591,211.7194262424,207.99273226,210.5999450461,647628,0.0,1.0
2023-11-30 00:00:00+00:00,210.88,212.58,208.785,211.99,2376979,207.0843812894,208.7537830733,205.027089091,208.1744024542,2376979,0.0,1.0
2023-12-01 00:00:00+00:00,212.56,212.77,208.3,210.71,873711,208.7341430523,208.9403632727,204.550818582,206.917441111,873711,0.0,1.0
2023-12-04 00:00:00+00:00,212.6,213.44,210.6,210.87,601126,208.7734230943,209.5983039757,206.8094209955,207.0745612789,601126,0.0,1.0
2023-12-05 00:00:00+00:00,210.41,212.11,208.97,212.0,481405,206.6228407962,208.2922425801,205.2087592851,208.1842224647,481405,0.0,1.0
2023-12-06 00:00:00+00:00,209.59,211.98,208.86,211.59,670416,205.8175999357,208.1645824437,205.1007391697,207.7816020344,670416,0.0,1.0
2023-12-07 00:00:00+00:00,212.58,213.33,210.74,211.81,807083,208.7537830733,209.4902838603,206.9469011425,207.9976422653,807083,0.0,1.0
2023-12-08 00:00:00+00:00,213.19,213.62,210.06,211.63,497288,209.3528037134,209.7750641646,206.2791404289,207.8208820764,497288,0.0,1.0
2023-12-11 00:00:00+00:00,215.72,219.7,215.23,215.23,1109197,211.8372663683,215.7456305447,211.3560858541,211.3560858541,1109197,0.0,1.0
2023-12-12 00:00:00+00:00,217.62,219.32,214.02,214.65,940699,213.7030683621,215.372470146,210.1678645844,210.7865252455,940699,0.0,1.0
2023-12-13 00:00:00+00:00,218.02,220.05,216.95,217.62,962744,214.0958687818,216.089330912,213.045127659,213.7030683621,962744,0.0,1.0
2023-12-14 00:00:00+00:00,220.44,222.5,218.185,219.79,1622237,216.4723113213,218.495233483,214.257898955,215.8340106392,1622237,0.0,1.0
2023-12-15 00:00:00+00:00,223.23,223.45,219.83,220.46,9573973,219.212094249,219.4281344798,215.8732906812,216.4919513423,9573973,0.0,1.0
2023-12-18 00:00:00+00:00,223.69,226.66,222.4,225.0,879389,219.6638147317,222.5803578483,218.397033378,220.9502361064,879389,0.0,1.0
2023-12-19 00:00:00+00:00,223.95,224.4,222.085,223.7,822134,219.9191350045,220.3610354767,218.0877030475,219.6736347422,822134,0.0,1.0
2023-12-20 00:00:00+00:00,222.41,226.659,222.3,223.61,758023,218.4068533885,222.5793758472,218.2988332731,219.5852546477,758023,0.0,1.0
2023-12-21 00:00:00+00:00,225.1,225.29,222.755,223.74,526700,221.0484362113,221.2350164107,218.7456437505,219.7129147842,526700,0.0,1.0
2023-12-22 00:00:00+00:00,226.63,226.85,225.17,226.54,524292,222.5508978168,222.7669380477,221.1171762847,222.4625177224,524292,0.0,1.0
2023-12-26 00:00:00+00:00,228.73,228.83,226.1,227.3,468448,224.6131000205,224.7113001254,222.0304372607,223.2088385199,468448,0.0,1.0
2023-12-27 00:00:00+00:00,228.55,229.42,227.91,229.21,564984,224.4363398316,225.2906807445,223.80785916,225.0844605242,564984,0.0,1.0
2023-12-28 00:00:00+00:00,228.7,229.2,227.57,229.16,381283,224.583639989,225.0746405137,223.4739788032,225.0353604717,381283,0.0,1.0
2023-12-29 00:00:00+00:00,227.32,229.31,226.62,228.56,564169,223.2284785409,225.1826606291,222.5410778063,224.4461598421,564169,0.0,1.0
2024-01-02 00:00:00+00:00,220.67,226.4,219.78,226.18,999932,216.6981715626,222.3250375755,215.8241906287,222.1089973446,999932,0.0,1.0
2024-01-03 00:00:00+00:00,217.3,220.4273,217.285,220.1,795390,213.3888280263,216.4598399079,213.3740980105,216.1384309645,795390,0.0,1.0
2024-01-04 00:00:00+00:00,215.08,216.9868,214.99,216.62,911403,211.2087856967,213.0812652976,211.1204056022,212.7210673127,911403,0.0,1.0
2024-01-05 00:00:00+00:00,214.04,215.45,213.15,214.51,1079843,210.1875046054,211.572126085,209.3135236714,210.6490450986,1079843,0.0,1.0
2024-01-08 00:00:00+00:00,218.21,218.6,212.72,214.05,966112,214.2824489812,214.6654293904,208.8912632202,210.1973246158,966112,0.0,1.0
2024-01-09 00:00:00+00:00,218.18,218.26,215.03,215.8,881901,214.2529889497,214.3315490337,211.1596856442,211.9158264522,881901,0.0,1.0
2024-01-10 00:00:00+00:00,220.27,220.99,218.13,218.13,985226,216.3053711429,217.0124118984,214.2038888972,214.2038888972,985226,0.0,1.0
2024-01-11 00:00:00+00:00,221.17,221.39,218.8,220.27,522798,217.1891720873,217.4052123182,214.8618296003,216.3053711429,522798,0.0,1.0
2024-01-12 00:00:00+00:00,219.14,222.82,218.55,222.06,779613,215.1957099571,218.8094738187,214.616329338,218.0631530212,779613,0.0,1.0
2024-01-16 00:00:00+00:00,220.72,221.08,217.68,218.68,567634,216.7472716151,217.1007919929,213.761988425,214.7439894744,567634,0.0,1.0
2024-01-17 00:00:00+00:00,219.07,220.445,218.73,220.14,526525,215.1269698836,216.4772213265,214.7930895269,216.1777110065,526525,0.0,1.0
2024-01-18 00:00:00+00:00,225.03,225.27,219.825,220.2,731008,220.9796961378,221.2153763897,215.8683806759,216.2366310694,731008,0.0,1.0
2024-01-19 00:00:00+00:00,226.46,227.01,224.8042,225.74,615948,222.3839576384,222.9240582156,220.7579603009,221.6769168829,615948,0.0,1.0
2024-01-22 00:00:00+00:00,226.91,228.28,226.63,227.5,563637,222.8258581106,224.1711995483,222.5508978168,223.4052387298,563637,0.0,1.0
2024-01-23 00:00:00+00:00,224.81,228.0,224.51,227.95,586478,220.763655907,223.8962392544,220.4690555922,223.847139202,586478,0.0,1.0
2024-01-24 00:00:00+00:00,226.33,228.08,224.65,225.54,575327,222.256297502,223.9747993384,220.6065357391,221.480516673,575327,0.0,1.0
2024-01-25 00:00:00+00:00,228.99,229.52,227.61,228.0,696576,224.8684202933,225.3888808495,223.5132588452,223.8962392544,696576,0.0,1.0
2024-01-26 00:00:00+00:00,229.69,229.79,228.03,229.0,641470,225.5558210279,225.6540211328,223.9256992859,224.8782403038,641470,0.0,1.0
2024-01-29 00:00:00+00:00,229.11,229.37,226.6209,229.07,532856,224.9862604192,225.2415806921,222.5419616073,224.9469803773,532856,0.0,1.0
2024-01-30 00:00:00+00:00,230.22,231.805,229.12,229.64,625918,226.076281584,227.6327532473,224.9960804297,225.5067209754,625918,0.0,1.0
2024-01-31 00:00:00+00:00,226.72,230.265,226.06,229.48,1083140,222.6392779113,226.1204716312,221.9911572187,225.3496008075,1083140,0.0,1.0
2024-02-01 00:00:00+00:00,230.08,230.19,225.375,227.56,651204,225.9388014371,226.0468215525,221.3184864999,223.4641587927,651204,0.0,1.0
2024-02-02 00:00:00+00:00,232.66,233.46,228.05,228.69,697669,228.4723641445,229.257964984,223.9453393069,224.5738199785,697669,0.0,1.0
2024-02-05 00:00:00+00:00,230.73,231.935,229.175,231.18,599652,226.5771021192,227.7604133837,225.0500904874,227.0190025914,599652,0.0,1.0
2024-02-06 00:00:00+00:00,230.5,231.82,229.39,230.85,761149,226.3512418778,227.647483263,225.2612207131,226.6949422451,761149,0.0,1.0
2024-02-07 00:00:00+00:00,237.6,247.63,233.69,234.84,2023657,233.3234493283,243.1729198534,229.4838252253,230.6131264321,2023657,0.0,1.0
2024-02-08 00:00:00+00:00,243.96,244.76,237.065,237.6,1089389,239.5689760023,240.3545768417,232.7980787669,233.3234493283,1089389,0.0,1.0
2024-02-09 00:00:00+00:00,245.23,245.41,241.49,244.3,884825,240.8161173349,240.9928775238,237.1434334103,239.902856359,884825,0.0,1.0
2024-02-12 00:00:00+00:00,242.0,246.04,241.79,244.95,690215,237.6442539455,241.6115381849,237.4380337251,240.5411570411,690215,0.0,1.0
2024-02-13 00:00:00+00:00,237.47,238.78,235.04,236.75,986389,233.1957891919,234.4822105666,230.8095266419,232.4887484364,986389,0.0,1.0
2024-02-14 00:00:00+00:00,239.48,240.72,236.58,239.18,970192,235.1696113011,236.3872926023,232.321808258,234.8750109863,970192,0.0,1.0
2024-02-15 00:00:00+00:00,242.75,243.51,240.32,240.35,520668,238.3807547325,239.12707553,235.9944921826,236.0239522141,520668,0.0,1.0
2024-02-16 00:00:00+00:00,241.37,244.11,240.54,243.61,859670,237.0255932844,239.7162761597,236.2105324134,239.225275635,859670,0.0,1.0
2024-02-20 00:00:00+00:00,241.79,242.47,238.36,239.61,641387,237.4380337251,238.1057944387,234.0697701258,235.2972714375,641387,0.0,1.0
2024-02-21 00:00:00+00:00,241.34,241.715,238.815,241.18,534266,236.9961332529,237.3643836464,234.5165806033,236.839013085,534266,0.0,1.0
2024-02-22 00:00:00+00:00,247.56,248.081,244.32,244.52,698617,243.10417978,243.6158023267,239.92249638,240.1188965899,698617,0.0,1.0
2024-02-23 00:00:00+00:00,247.11,248.05,245.36,247.05,463433,243.2711199583,244.1965169587,241.5483063938,243.2120520647,463433,0.62,1.0
2024-02-26 00:00:00+00:00,246.23,248.18,245.2725,247.14,449808,242.4047908516,244.3244973949,241.4621657156,243.3006539052,449808,0.0,1.0
2024-02-27 00:00:00+00:00,244.27,246.49,243.58,246.49,407609,240.4752396594,242.6607517241,239.7959588825,242.6607517241,407609,0.0,1.0
2024-02-28 00:00:00+00:00,244.91,245.91,243.48,243.7,399067,241.1052971915,242.0897620855,239.6975123931,239.9140946698,399067,0.0,1.0
2024-02-29 00:00:00+00:00,246.21,247.47,243.99,246.64,809784,242.3851015537,243.6255273202,240.199589489,242.8084214582,809784,0.0,1.0
2024-03-01 00:00:00+00:00,247.32,248.86,246.25,247.11,691155,243.4778575861,244.9939335229,242.4244801495,243.2711199583,691155,0.0,1.0
2024-03-04 00:00:00+00:00,246.67,248.6,245.6,247.68,742037,242.837955405,244.7379726504,241.7845779684,243.8322649479,742037,0.0,1.0
2024-03-05 00:00:00+00:00,244.97,246.41,243.73,245.33,688613,241.1643650852,242.5819945325,239.9436286166,241.518772447,688613,0.0,1.0
2024-03-06 00:00:00+00:00,247.19,248.88,245.61,246.76,553478,243.3498771499,245.0136228207,241.7944226173,242.9265572454,553478,0.0,1.0
2024-03-07 00:00:00+00:00,248.34,249.5,247.2701,248.25,472703,244.482011778,245.623991055,243.4287327879,244.3934099375,472703,0.0,1.0
2024-03-08 00:00:00+00:00,247.95,249.87,247.785,248.49,620159,244.0980704693,245.9882430658,243.9356337618,244.6296815121,620159,0.0,1.0
2024-03-11 00:00:00+00:00,247.94,249.24,245.3,246.21,523904,244.0882258204,245.3680301826,241.4892385002,242.3851015537,523904,0.0,1.0
2024-03-12 00:00:00+00:00,249.87,250.63,247.47,249.03,593621,245.9882430658,246.7364363853,243.6255273202,245.1612925548,593621,0.0,1.0
2024-03-13 00:00:00+00:00,248.63,250.39,247.61,249.95,547846,244.7675065972,246.5001648107,243.7633524053,246.0670002573,547846,0.0,1.0
2024-03-14 00:00:00+00:00,246.48,249.27,245.685,248.63,480729,242.6509070751,245.3975641294,241.8682574844,244.7675065972,480729,0.0,1.0
2024-03-15 00:00:00+00:00,245.51,247.4,244.77,245.73,1531838,241.6959761279,243.5566147776,240.9674721064,241.9125584046,1531838,0.0,1.0
2024-03-18 00:00:00+00:00,245.02,248.38,244.84,246.83,676584,241.2135883299,244.5213903737,241.0363846489,242.995469788,676584,0.0,1.0
2024-03-19 00:00:00+00:00,248.0,248.34,244.84,245.17,815645,244.147293714,244.482011778,241.0363846489,241.361258064,815645,0.0,1.0
2024-03-20 00:00:00+00:00,250.8,251.08,246.96,247.36,611898,246.9037954172,247.1794455876,243.1234502242,243.5172361818,611898,0.0,1.0
2024-03-21 00:00:00+00:00,254.81,255.12,252.55,253.04,688948,250.8514996422,251.1566837593,248.6266089817,249.1089967798,688948,0.0,1.0
2024-03-22 00:00:00+00:00,255.67,256.41,254.4,255.4,516358,251.6981394511,252.4266434726,250.4478690357,251.4323339297,516358,0.0,1.0
2024-03-25 00:00:00+00:00,253.85,254.69,252.915,254.53,422251,249.906413344,250.7333638549,248.9859386681,250.5758494719,422251,0.0,1.0
2024-03-26 00:00:00+00:00,254.12,257.07,253.9434,253.96,486924,250.1722188653,253.0763903027,249.9983623651,250.0147044823,486924,0.0,1.0
2024-03-27 00:00:00+00:00,257.87,258.01,255.53,256.15,502920,253.8639622179,254.001787303,251.5603143659,252.1706826002,502920,0.0,1.0
2024-03-28 00:00:00+00:00,255.78,259.38,255.6,257.89,772263,251.8064305894,255.3505042078,251.6292269085,253.8836515158,772263,0.0,1.0
2024-04-01 00:00:00+00:00,253.06,256.93,252.94,255.79,447767,249.1286860777,252.9385652175,249.0105502904,251.8162752383,447767,0.0,1.0
2024-04-02 00:00:00+00:00,251.63,252.13,250.2578,250.8,477177,247.7209012793,248.2131337263,246.3700185517,246.9037954172,477177,0.0,1.0
2024-04-03 00:00:00+00:00,255.76,256.57,250.7,250.7,479354,251.7867412915,252.5841578557,246.8053489278,246.8053489278,479354,0.0,1.0
2024-04-04 00:00:00+00:00,252.54,263.37,252.325,261.36,657899,248.6167643328,259.2785191349,248.4051043806,257.299744698,657899,0.0,1.0
2024-04-05 00:00:00+00:00,255.19,256.44,252.53,253.78,984438,251.2255963019,252.4561774194,248.6069196839,249.8375008014,984438,0.0,1.0
2024-04-08 00:00:00+00:00,254.26,257.33,254.06,255.51,555484,250.3100439505,253.3323511751,250.1131509717,251.540625068,555484,0.0,1.0
2024-04-09 00:00:00+00:00,254.25,256.42,251.45,255.52,515542,250.3001993016,252.4364881216,247.5436975983,251.550469717,515542,0.0,1.0
2024-04-10 00:00:00+00:00,247.28,250.42,247.05,250.0,681110,243.4384789903,246.5296987575,243.2120520647,246.116223502,681110,0.0,1.0
2024-04-11 00:00:00+00:00,248.0,249.33,246.665,248.19,658183,244.147293714,245.456632023,242.8330330805,244.3343420439,658183,0.0,1.0
2024-04-12 00:00:00+00:00,242.91,247.795,242.57,245.17,847838,239.1363674035,243.9454784107,238.8016493395,241.361258064,847838,0.0,1.0
2024-04-15 00:00:00+00:00,241.38,246.545,240.03,246.27,728927,237.6301361157,242.7148972932,236.3011085088,242.4441694474,728927,0.0,1.0
2024-04-16 00:00:00+00:00,240.01,244.71,239.55,242.08,651799,236.2814192109,240.9084042127,235.8285653596,238.3192615415,651799,0.0,1.0
2024-04-17 00:00:00+00:00,236.78,241.27,236.37,241.27,956510,233.1015976032,237.5218449773,232.6979669967,237.5218449773,956510,0.0,1.0
2024-04-18 00:00:00+00:00,235.7,238.29,235.26,237.5,411118,232.0383755177,234.5881395932,231.6052109643,233.8104123269,411118,0.0,1.0
2024-04-19 00:00:00+00:00,235.78,237.37,234.445,235.66,593266,232.1171327092,233.6824318907,230.8028720757,231.998996922,593266,0.0,1.0
2024-04-22 00:00:00+00:00,237.64,239.38,234.74,236.83,526072,233.9482374121,235.6612063277,231.0932892195,233.1508208479,526072,0.0,1.0
2024-04-23 00:00:00+00:00,240.47,241.43,237.85,237.93,477963,236.7342730621,237.6793593604,234.1549750398,234.2337322313,477963,0.0,1.0
2024-04-24 00:00:00+00:00,240.69,242.3,239.65,240.63,450709,236.9508553388,238.5358438182,235.927011849,236.8917874452,450709,0.0,1.0
2024-04-25 00:00:00+00:00,243.42,244.55,238.55,240.29,753354,239.6384444995,240.7508898297,234.8441004656,236.5570693812,753354,0.0,1.0
2024-04-26 00:00:00+00:00,242.26,244.42,242.1,242.43,424550,238.4964652224,240.6229093935,238.3389508394,238.6638242544,424550,0.0,1.0
2024-04-29 00:00:00+00:00,245.94,246.02,242.73,242.73,530967,242.1192960324,242.1980532239,238.9591637226,238.9591637226,530967,0.0,1.0
2024-04-30 00:00:00+00:00,241.86,248.12,241.81,245.92,939021,238.1026792648,244.2654295013,238.0534560201,242.0996067345,939021,0.0,1.0
2024-05-01 00:00:00+00:00,214.61,226.72,213.4401,224.0,2422022,211.2760109031,223.1978807695,210.1242854236,220.5201362578,2422022,0.0,1.0
2024-05-02 00:00:00+00:00,218.41,221.04,213.04,216.77,1265547,215.0169775003,217.6061201716,209.7304010195,213.4024550741,1265547,0.0,1.0
2024-05-03 00:00:00+00:00,219.56,223.2,218.09,219.99,805670,216.1491121284,219.7325643426,214.7019487342,216.5724320328,805670,0.0,1.0
2024-05-06 00:00:00+00:00,221.82,222.54,219.7,220.09,675120,218.3740027889,219.0828175126,216.2869372136,216.6708785222,675120,0.0,1.0
2024-05-07 00:00:00+00:00,220.68,223.6699,220.0,222.29,766491,217.2517128097,220.1951643963,216.5822766818,218.8367012891,766491,0.0,1.0
2024-05-08 00:00:00+00:00,220.32,221.75,219.92,220.68,753675,216.8973054479,218.3050902463,216.5035194903,217.2517128097,753675,0.0,1.0
2024-05-09 00:00:00+00:00,222.97,223.295,220.41,220.9,712963,219.506137417,219.8260885075,216.9859072883,217.4682950864,712963,0.0,1.0
2024-05-10 00:00:00+00:00,222.46,224.095,221.48,223.66,676696,219.004060321,220.6136604227,218.0392847249,220.1854181939,676696,0.0,1.0
2024-05-13 00:00:00+00:00,222.05,223.46,221.26,223.46,456024,218.6004297145,219.9885252151,217.8227024482,219.9885252151,456024,0.0,1.0
2024-05-14 00:00:00+00:00,221.58,224.375,220.4,223.54,605758,218.1377312143,220.8893105931,216.9760626394,220.0672824066,605758,0.0,1.0
2024-05-15 00:00:00+00:00,223.44,224.68,222.2,222.39,648908,219.9688359172,221.1895723857,218.7480994486,218.9351477785,648908,0.0,1.0
2024-05-16 00:00:00+00:00,224.14,225.0,222.98,223.94,730953,220.657961343,221.5046011518,219.5159820659,220.4610683642,730953,0.0,1.0
2024-05-17 00:00:00+00:00,223.64,225.4599,223.05,224.09,1299254,220.165728896,221.9573565566,219.5848946085,220.6087380983,1299254,0.0,1.0
2024-05-20 00:00:00+00:00,228.24,228.58,223.2,223.71,827694,224.6942674084,225.0289854724,219.7325643426,220.2346414386,827694,0.0,1.0
2024-05-21 00:00:00+00:00,230.38,230.94,227.2,227.5,973301,226.8010222816,227.3523226222,223.6704239186,223.9657633868,973301,0.0,1.0
2024-05-22 00:00:00+00:00,236.27,236.53,231.41,231.41,1156074,232.5995205073,232.8554813797,227.8150211224,227.8150211224,1156074,0.0,1.0
2024-05-23 00:00:00+00:00,231.57,237.97,231.031,237.24,908041,228.5829037397,234.9003480716,228.0508564749,234.1797645775,908041,0.62,1.0
2024-05-24 00:00:00+00:00,231.06,233.5,230.905,232.75,556703,228.0794823945,230.4880080461,227.9264817896,229.7476825384,556703,0.0,1.0
2024-05-28 00:00:00+00:00,225.2,230.505,224.58,229.06,840174,222.2950724282,227.5316415189,221.6830700085,226.1052810408,840174,0.0,1.0
2024-05-29 00:00:00+00:00,220.71,224.44,220.29,223.73,1346985,217.8629903891,221.5448759138,217.4484081048,220.8440344332,1346985,0.0,1.0
2024-05-30 00:00:00+00:00,222.84,224.12,219.845,220.26,861144,219.9655148308,221.2290036972,217.0091483036,217.4187950845,861144,0.0,1.0
2024-05-31 00:00:00+00:00,223.62,224.65,220.165,222.48,1426059,220.7354533587,221.7521670559,217.3250205202,219.6101585871,1426059,0.0,1.0
2024-06-03 00:00:00+00:00,223.49,224.515,219.33,223.52,826649,220.6071302707,221.6189084645,216.500791455,220.636743291,826649,0.0,1.0
2024-06-04 00:00:00+00:00,221.91,223.21,221.34,221.76,584328,219.0475112013,220.3307420812,218.4848638155,218.8994460998,584328,0.0,1.0
2024-06-05 00:00:00+00:00,222.93,223.41,221.06,222.25,839324,220.0543538917,220.5281622166,218.208475626,219.3831254314,839324,0.0,1.0
2024-06-06 00:00:00+00:00,221.81,223.49,221.23,222.93,949501,218.9488011336,220.6071302707,218.376282741,220.0543538917,949501,0.0,1.0
2024-06-07 00:00:00+00:00,224.24,225.48,222.59,223.27,819776,221.3474557784,222.5714606177,219.7187396616,220.3899681218,819776,0.0,1.0
2024-06-10 00:00:00+00:00,223.9,224.14,221.64,222.65,611894,221.0118415483,221.2487457107,218.7809940186,219.7779657022,611894,0.0,1.0
2024-06-11 00:00:00+00:00,224.36,224.44,221.89,223.72,637543,221.4659078596,221.5448759138,219.0277691878,220.8341634264,637543,0.0,1.0
2024-06-12 00:00:00+00:00,226.3,226.56,223.59,226.08,716510,223.3808831727,223.6375293487,220.7058403384,223.1637210238,716510,0.0,1.0
2024-06-13 00:00:00+00:00,225.1,225.44,223.13,224.57,557476,222.1963623605,222.5319765906,220.2517740271,221.6731990017,557476,0.0,1.0
2024-06-14 00:00:00+00:00,223.19,224.49,221.06,223.59,577970,220.3110000677,221.5942309476,218.208475626,220.7058403384,577970,0.0,1.0
2024-06-17 00:00:00+00:00,226.35,227.65,223.19,223.59,809074,223.4302382066,224.7134690865,220.3110000677,220.7058403384,809074,0.0,1.0
2024-06-18 00:00:00+00:00,230.55,230.96,226.54,226.87,1255237,227.5760610493,227.9807723269,223.6177873352,223.9435305585,1255237,0.0,1.0
2024-06-20 00:00:00+00:00,231.93,232.52,229.69,230.87,849631,228.9382599834,229.5206493828,226.7271544673,227.8919332659,849631,0.0,1.0
2024-06-21 00:00:00+00:00,235.49,235.91,231.12,234.54,2325197,232.452338393,232.8669206773,228.1387084352,231.51459275,2325197,0.0,1.0
2024-06-24 00:00:00+00:00,231.61,236.45,231.47,233.78,707265,228.6223877668,233.3999550428,228.4841936721,230.7643962356,707265,0.0,1.0
2024-06-25 00:00:00+00:00,224.62,231.86,224.4,231.86,1109429,221.7225540356,228.869162936,221.5053918867,228.869162936,1109429,0.0,1.0
2024-06-26 00:00:00+00:00,223.13,225.05,221.41,224.37,1062773,220.2517740271,222.1470073266,218.5539608629,221.4757788664,1062773,0.0,1.0
2024-06-27 00:00:00+00:00,224.06,224.81,222.31,222.37,1164261,221.1697776565,221.9101031642,219.442351472,219.5015775127,1164261,0.0,1.0
2024-06-28 00:00:00+00:00,223.84,225.89,223.5,224.4,2054204,220.9526155076,222.9761718952,220.6170012775,221.5053918867,2054204,0.0,1.0
2024-07-01 00:00:00+00:00,219.19,224.79,218.22,224.42,935526,216.3625973603,221.8903611507,215.4051097037,221.5251339002,935526,0.0,1.0
2024-07-02 00:00:00+00:00,219.12,219.44,217.1,218.66,971732,216.2935003129,216.6093725295,214.2995569456,215.8394340015,971732,0.0,1.0
2024-07-03 00:00:00+00:00,218.11,219.99,216.56,219.62,646069,215.2965286292,217.1522779017,213.7665225801,216.7870506513,646069,0.0,1.0
2024-07-05 00:00:00+00:00,216.3,217.9062,214.56,217.57,753742,213.5098764041,215.0953575113,211.7923212264,214.7634942637,753742,0.0,1.0
2024-07-08 00:00:00+00:00,216.87,217.93,214.61,216.6,1017657,214.0725237899,215.1188505074,211.8416762603,213.8060066072,1017657,0.0,1.0
2024-07-09 00:00:00+00:00,214.8,216.91,214.2105,216.54,969807,212.0292253889,214.112007817,211.4473295398,213.7467805666,969807,0.0,1.0
2024-07-10 00:00:00+00:00,218.87,218.97,213.64,215.2,1166821,216.0467251437,216.1454352113,210.8841886037,212.4240656596,1166821,0.0,1.0
2024-07-11 00:00:00+00:00,223.82,224.27,218.76,219.0,1006054,220.9328734941,221.3770687987,215.9381440692,216.1750482317,1006054,0.0,1.0
2024-07-12 00:00:00+00:00,228.5,230.01,224.03,225.0,939374,225.5525046618,227.0430266838,221.1401646362,222.0976522928,939374,0.0,1.0
2024-07-15 00:00:00+00:00,232.77,234.22,228.71,229.33,824860,229.767424552,231.1987205334,225.7597958039,226.3717982236,824860,0.0,1.0
2024-07-16 00:00:00+00:00,239.84,241.26,232.77,232.77,1025389,236.7462263373,238.1479092985,229.767424552,229.767424552,1025389,0.0,1.0
2024-07-17 00:00:00+00:00,236.98,239.17,236.5,237.34,1041624,233.9231184015,236.0848688839,233.4493100766,234.2784746452,1041624,0.0,1.0
2024-07-18 00:00:00+00:00,233.7,239.475,232.45,236.52,610744,230.6854281814,236.3859345903,229.4515523354,233.4690520902,610744,0.0,1.0
2024-07-19 00:00:00+00:00,228.84,235.27,228.2881,234.73,645257,225.8881188919,232.2351762441,225.3433380284,231.7021418786,645257,0.0,1.0
2024-07-22 00:00:00+00:00,232.52,232.85,229.35,230.84,512326,229.5206493828,229.8463926061,226.3915402371,227.8623202456,512326,0.0,1.0
2024-07-23 00:00:00+00:00,230.15,232.22,229.955,230.77,418048,227.1812207786,229.2245191797,226.9887361466,227.7932231983,418048,0.0,1.0
2024-07-24 00:00:00+00:00,229.21,230.64,226.42,229.54,1007270,226.2533461424,227.6649001103,223.4993352539,226.5790893657,1007270,0.0,1.0
2024-07-25 00:00:00+00:00,228.62,233.16,228.46,230.6,642208,225.670956743,230.1523938159,225.5130206347,227.6254160832,642208,0.0,1.0
2024-07-26 00:00:00+00:00,229.74,231.52,227.16,230.23,988622,226.7765095011,228.5335487059,224.2297897548,227.2601888328,988622,0.0,1.0
2024-07-29 00:00:00+00:00,231.39,232.91,228.73,229.63,758812,228.4052256179,229.9056186467,225.7795378175,226.6679284266,758812,0.0,1.0
2024-07-30 00:00:00+00:00,232.47,237.48,229.69,232.57,1472031,229.4712943489,234.41666874,226.7271544673,229.5700044166,1472031,0.0,1.0
2024-07-31 00:00:00+00:00,218.11,223.93,216.47,221.5,1924778,215.2965286292,221.0414545686,213.6776835192,218.6427999238,1924778,0.0,1.0
2024-08-01 00:00:00+00:00,213.59,218.74,210.5,216.15,1603619,210.8348335699,215.9184020557,207.7846924784,213.3618113026,1603619,0.0,1.0
2024-08-02 00:00:00+00:00,209.85,214.41,207.6,214.41,1443329,207.1430770384,211.6442561249,204.9221005155,211.6442561249,1443329,0.0,1.0
2024-08-05 00:00:00+00:00,206.67,212.08,205.92,212.08,1354885,204.004096886,209.3443115478,203.2637713784,209.3443115478,1354885,0.0,1.0
2024-08-06 00:00:00+00:00,208.45,213.7,207.09,207.66,1082436,205.7611360908,210.9434146443,204.4186791703,204.9813265561,1082436,0.0,1.0
2024-08-07 00:00:00+00:00,208.99,213.78,208.65,209.71,967238,206.2941704563,211.0223826985,205.9585562262,207.0048829437,967238,0.0,1.0
2024-08-08 00:00:00+00:00,212.31,212.8099,209.01,209.75,758217,209.5713447035,210.0647963318,206.3139124699,207.0443669707,758217,0.0,1.0
2024-08-09 00:00:00+00:00,213.73,213.98,210.758,212.0,567426,210.9730276646,211.2198028338,208.039364453,209.2653434937,567426,0.0,1.0
2024-08-12 00:00:00+00:00,212.1,213.58,211.045,213.54,713767,209.3640535613,210.8249625631,208.3226623473,210.785478536,713767,0.0,1.0
2024-08-13 00:00:00+00:00,215.9,216.95,212.49,213.2,501137,213.1150361334,214.1514918441,209.7490228253,210.4498643059,501137,0.0,1.0
2024-08-14 00:00:00+00:00,216.68,217.1,214.08,216.55,1091593,213.8849746613,214.2995569456,211.3185129015,213.7566515734,1091593,0.0,1.0
2024-08-15 00:00:00+00:00,221.87,222.78,217.64,217.64,1532433,219.0080271742,219.9062887902,214.8325913111,214.8325913111,1532433,0.0,1.0
2024-08-16 00:00:00+00:00,222.76,223.5,221.12,221.71,2287028,219.8865467766,220.6170012775,218.2677016666,218.8500910659,2287028,0.0,1.0
2024-08-19 00:00:00+00:00,219.2,224.835,217.6,223.46,630774,216.372468367,221.9347806811,214.7931072841,220.5775172504,630774,0.0,1.0
2024-08-20 00:00:00+00:00,221.15,223.0,218.17,218.27,1062679,218.2973146869,220.1234509391,215.3557546699,215.4544647375,1062679,0.0,1.0
2024-08-21 00:00:00+00:00,224.94,225.29,221.53,222.16,546044,222.0384262522,222.3839114891,218.6724129441,219.2942863705,546044,0.0,1.0
2024-08-22 00:00:00+00:00,225.19,225.96,222.835,225.17,1171700,222.2852014214,223.0452689426,219.9605793274,222.2654594079,1171700,0.0,1.0
2024-08-23 00:00:00+00:00,229.74,231.05,226.51,227.04,731883,226.7765095011,228.0696113878,223.5881743148,224.1113376736,731883,0.0,1.0
2024-08-26 00:00:00+00:00,229.31,231.38,228.63,229.6,1508760,226.9640586297,229.0128816264,226.2910153264,227.2510918031,1508760,0.62,1.0
2024-08-27 00:00:00+00:00,226.99,230.35,226.27,228.8,951545,224.6677932421,227.9934189758,223.9551591563,226.4592761523,951545,0.0,1.0
2024-08-28 00:00:00+00:00,224.5,228.39,223.935,227.24,785064,222.2032670288,226.0534706312,221.6440472253,224.915235633,785064,0.0,1.0
2024-08-29 00:00:00+00:00,223.12,225.91,221.78,225.34,793867,220.837385031,223.5988421134,219.5110938158,223.0346734622,793867,0.0,1.0
2024-08-30 00:00:00+00:00,225.64,226.64,223.09,224.48,1437076,223.3316043313,224.3213738949,220.8076919441,222.1834716375,1437076,0.0,1.0
2024-09-03 00:00:00+00:00,217.67,225.34,216.64,224.52,710726,215.4431409094,223.0346734622,214.4236782589,222.22306242,710726,0.0,1.0
2024-09-04 00:00:00+00:00,214.48,218.83,214.23,216.59,810098,212.2857760015,216.5912736031,212.0383336106,214.3741897807,810098,0.0,1.0
2024-09-05 00:00:00+00:00,214.82,215.95,212.99,214.5,774385,212.6222976531,213.74073726,210.8110193517,212.3055713927,774385,0.0,1.0
2024-09-06 00:00:00+00:00,212.21,216.45,211.71,215.29,709034,210.0389990921,214.2356220418,209.5441143103,213.087489348,709034,0.0,1.0
2024-09-09 00:00:00+00:00,214.14,214.9,211.77,213.47,623121,211.9492543498,212.7014792182,209.6035004841,211.2861087422,623121,0.0,1.0
2024-09-10 00:00:00+00:00,215.86,216.09,212.31,212.91,745821,213.6516579992,213.8793049989,210.1379760485,210.7318377866,745821,0.0,1.0
2024-09-11 00:00:00+00:00,215.8,216.16,207.81,216.02,744096,213.5922718254,213.9485888683,205.6840130122,213.8100211294,744096,0.0,1.0
2024-09-12 00:00:00+00:00,218.64,218.8,214.72,216.25,534593,216.4032173861,216.5615805162,212.5233206967,214.037668129,534593,0.0,1.0
2024-09-13 00:00:00+00:00,220.15,222.17,219.495,219.93,509704,217.8977694271,219.8971039456,217.2494703629,217.6800201231,509704,0.0,1.0
2024-09-16 00:00:00+00:00,221.45,221.75,218.68,220.26,535413,219.1844698598,219.4814007289,216.4428081686,218.0066440791,535413,0.0,1.0
2024-09-17 00:00:00+00:00,223.32,225.57,220.79,221.45,556331,221.0353389437,223.2623204618,218.5312219478,219.1844698598,556331,0.0,1.0
2024-09-18 00:00:00+00:00,221.62,225.84,221.31,224.14,528109,219.3527306856,223.529558244,219.0459021209,221.8469499859,528109,0.0,1.0
2024-09-19 00:00:00+00:00,227.87,228.5,223.21,226.77,642980,225.5387904581,226.1623452832,220.9264642917,224.4500439381,642980,0.0,1.0
2024-09-20 00:00:00+00:00,225.3,230.86,223.53,230.86,1750144,222.9950826797,228.4982014533,221.2431905521,228.4982014533,1750144,0.0,1.0
2024-09-23 00:00:00+00:00,224.11,226.19,223.18,225.96,717596,221.817256899,223.8759775913,220.8967712048,223.6483305916,717596,0.0,1.0
2024-09-24 00:00:00+00:00,224.28,224.7799,222.2968,224.06,576873,221.9855177248,222.4803035296,220.0226067262,221.7677684208,576873,0.0,1.0
2024-09-25 00:00:00+00:00,221.28,224.17,220.9,224.17,506891,219.016209034,221.8766430728,218.6400965998,221.8766430728,506891,0.0,1.0
2024-09-26 00:00:00+00:00,228.63,229.02,223.42,224.01,1042480,226.2910153264,226.6770254563,221.1343159001,221.7182799426,1042480,0.0,1.0
2024-09-27 00:00:00+00:00,226.55,229.0,225.73,228.79,386778,224.2322946342,226.657230065,223.420683592,226.4493784566,386778,0.0,1.0
2024-09-30 00:00:00+00:00,226.3,227.15,223.885,226.66,517783,223.9848522433,224.8261563723,221.5945587472,224.3411692862,517783,0.0,1.0
2024-10-01 00:00:00+00:00,217.81,223.495,215.22,223.48,1181355,215.5817086483,221.2085486173,213.0182054785,221.1937020739,1181355,0.0,1.0
2024-10-02 00:00:00+00:00,219.35,220.9,215.87,217.5,501979,217.1059537762,218.6400965998,213.6615556949,215.2748800836,501979,0.0,1.0
2024-10-03 00:00:00+00:00,218.26,220.49,216.75,217.86,316462,216.0271049519,218.2342910787,214.5325529109,215.6311971264,316462,0.0,1.0
2024-10-04 00:00:00+00:00,221.69,222.41,218.53,221.75,499908,219.422014555,220.1346486408,216.2943427341,219.4814007289,499908,0.0,1.0
2024-10-07 00:00:00+00:00,220.49,221.5499,218.87,219.66,416866,218.2342910787,219.2833478392,216.6308643857,217.4127823409,416866,0.0,1.0
2024-10-08 00:00:00+00:00,223.61,224.05,219.59,220.68,668801,221.3223721172,221.7578707251,217.3434984715,218.4223472958,668801,0.0,1.0
2024-10-09 00:00:00+00:00,225.7,226.79,223.36,223.88,422264,223.3909905051,224.4698393294,221.0749297263,221.5896098993,422264,0.0,1.0
2024-10-10 00:00:00+00:00,221.69,225.38,221.49,223.88,992277,219.422014555,223.0742642447,219.2240606423,221.5896098993,992277,0.0,1.0
2024-10-11 00:00:00+00:00,222.0,223.2,219.26,222.51,930885,219.7288431198,220.9165665961,217.0168745155,220.2336255972,930885,0.0,1.0
2024-10-14 00:00:00+00:00,223.48,224.5,220.44,221.67,738009,221.1937020739,222.2032670288,218.1848026005,219.4022191638,738009,0.0,1.0
2024-10-15 00:00:00+00:00,220.13,224.35,219.15,223.17,959475,217.8779740358,222.0548015942,216.9079998635,220.8868735092,959475,0.0,1.0
2024-10-16 00:00:00+00:00,220.16,221.73,219.64,220.97,820851,217.9076671227,219.4616053376,217.3929869497,218.7093804693,820851,0.0,1.0
2024-10-17 00:00:00+00:00,221.18,222.34,219.97,222.04,1176488,218.9172320776,220.0653647714,217.7196109057,219.7684339023,1176488,0.0,1.0
2024-10-18 00:00:00+00:00,218.31,222.17,217.97,222.04,933605,216.0765934301,219.8971039456,215.7400717784,219.7684339023,933605,0.0,1.0
2024-10-21 00:00:00+00:00,220.35,220.72,216.37,217.65,901727,218.0957233398,218.4619380784,214.1564404767,215.4233455181,901727,0.0,1.0
2024-10-22 00:00:00+00:00,217.08,219.11,216.45,219.11,543520,214.8591768668,216.868409081,214.2356220418,216.868409081,543520,0.0,1.0
2024-10-23 00:00:00+00:00,217.65,218.43,215.919494,216.12,608597,215.4233455181,216.1953657777,213.7105433497,213.9089980858,608597,0.0,1.0
2024-10-24 00:00:00+00:00,219.16,220.8,217.53,218.59,550588,216.9178975591,218.5411196434,215.3045731705,216.3537289079,550588,0.0,1.0
2024-10-25 00:00:00+00:00,217.01,220.71,216.94,219.9,981373,214.7898929974,218.4520403827,214.7206091279,217.6503270362,981373,0.0,1.0
2024-10-28 00:00:00+00:00,218.5,220.51,215.37,215.37,1216673,216.2646496472,218.25408647,213.1666709131,213.1666709131,1216673,0.0,1.0
2024-10-29 00:00:00+00:00,219.9,221.38,217.495,217.7,1922263,217.6503270362,219.1151859903,215.2699312357,215.4728339963,1922263,0.0,1.0
2024-10-30 00:00:00+00:00,195.06,210.97,194.48,200.21,3020373,193.0644510763,208.8116848332,192.4903847294,198.1617643289,3020373,0.0,1.0
2024-10-31 00:00:00+00:00,188.23,194.58,188.12,194.58,2077413,186.3043249569,192.5893616858,186.1954503049,192.5893616858,2077413,0.0,1.0
2024-11-01 00:00:00+00:00,188.38,190.75,187.73,188.0,1502643,186.4527903914,188.7985442572,185.8094401751,186.0766779573,1502643,0.0,1.0
2024-11-04 00:00:00+00:00,191.1,192.45,188.33,188.76,1185485,189.1449636044,190.4811525153,186.4033019133,186.8289028256,1185485,0.0,1.0
2024-11-05 00:00:00+00:00,192.99,193.18,190.77,191.91,1205349,191.0156280797,191.2036842967,188.8183396485,189.946676951,1205349,0.0,1.0
2024-11-06 00:00:00+00:00,202.79,204.24,196.7,201.81,1717114,200.715369803,202.1505356702,194.6876731606,199.7453956306,1717114,0.0,1.0
2024-11-07 00:00:00+00:00,202.9,204.76,202.22,202.35,1342262,200.824244455,202.6652158433,200.1512011517,200.279871195,1342262,0.0,1.0
2024-11-08 00:00:00+00:00,199.87,202.38,197.85,202.11,936038,197.8252426772,200.3095642819,195.8259081588,200.0423264997,936038,0.0,1.0
2024-11-11 00:00:00+00:00,197.81,199.555,197.16,199.27,1813854,195.7863173762,197.5134652647,195.1429671599,197.2313809391,1813854,0.0,1.0
2024-11-12 00:00:00+00:00,191.91,196.76,191.47,196.59,1424987,189.946676951,194.7470593344,189.511178343,194.5787985086,1424987,0.0,1.0
2024-11-13 00:00:00+00:00,186.01,191.41,185.7,190.97,2534966,184.1070365257,189.4517921692,183.800207961,189.0162935612,2534966,0.0,1.0
2024-11-14 00:00:00+00:00,180.77,186.47,180.35,186.01,2341057,178.9206440124,184.562330525,178.5049407957,184.1070365257,2341057,0.0,1.0
2024-11-15 00:00:00+00:00,177.63,182.17,175.94,181.71,2703465,175.8127675827,180.3063214015,174.1400570202,179.8510274022,2703465,0.0,1.0
2024-11-18 00:00:00+00:00,178.07,180.18,176.61,178.14,1356444,176.2482661907,178.3366799699,174.8032026278,176.3175500602,1356444,0.0,1.0
2024-11-19 00:00:00+00:00,174.05,177.08,173.37,176.24,1841235,172.269392545,175.2683943227,171.5963492418,174.4369878893,1841235,0.0,1.0
2024-11-20 00:00:00+00:00,175.99,176.165,172.95,174.49,1317623,174.1895454984,174.362755172,171.1806460251,172.704891153,1317623,0.0,1.0
2024-11-21 00:00:00+00:00,178.17,179.28,175.42,176.45,1503634,176.3472431471,177.4458873627,173.6253768472,174.6448394977,1503634,0.0,1.0
2024-11-22 00:00:00+00:00,178.96,180.0,177.27,178.08,1573608,177.1291611023,178.1585214485,175.4564505398,176.2581638863,1573608,0.0,1.0
2024-11-25 00:00:00+00:00,181.34,183.0,179.78,180.94,2267209,180.1034186409,181.7520988822,178.5540564865,179.7061462937,2267209,0.625,1.0
2024-11-26 00:00:00+00:00,177.8,181.73,177.36,180.74,1792757,176.5875583675,180.4907591795,176.1505587855,179.50751012,1792757,0.0,1.0
2024-11-27 00:00:00+00:00,176.75,179.0719,175.755,177.51,1655654,175.5447184559,177.8507851138,174.556503492,176.2995359157,1655654,0.0,1.0
2024-11-29 00:00:00+00:00,175.93,178.16,175.81,177.28,958009,174.7303101439,176.94510348,174.6111284397,176.071104316,958009,0.0,1.0
2024-12-02 00:00:00+00:00,180.62,181.11,175.57,175.79,1618202,179.3883284158,179.8749870412,174.3727650314,174.5912648224,1618202,0.0,1.0
2024-12-03 00:00:00+00:00,179.63,180.34,177.05,179.7,1264035,178.4050793563,179.1102377727,175.8426727163,178.4746020171,1264035,0.0,1.0
2024-12-04 00:00:00+00:00,178.28,180.78,177.69,180.51,826436,177.0642851842,179.5472373547,176.478308472,179.2790785203,826436,0.0,1.0
2024-12-05 00:00:00+00:00,178.3,179.575,177.22,178.8,1366103,177.0841488016,178.3504544085,176.0115134639,177.5807392357,1366103,0.0,1.0
2024-12-06 00:00:00+00:00,180.06,180.765,178.32,179.43,970960,178.8321471296,179.5323396417,177.1040124189,178.2064431827,970960,0.0,1.0
2024-12-09 00:00:00+00:00,182.46,183.12,179.91,180.67,1721051,181.2157812133,181.8712805863,178.6831699994,179.4379874592,1721051,0.0,1.0
2024-12-10 00:00:00+00:00,179.01,182.12,176.865,181.88,1448574,177.789307218,180.8780997181,175.6589342557,180.6397363098,1448574,0.0,1.0
2024-12-11 00:00:00+00:00,178.25,180.41,175.99,180.25,1413418,177.0344897582,179.1797604335,174.789900996,179.0208514946,1413418,0.0,1.0
2024-12-12 00:00:00+00:00,178.05,179.51,176.15,177.45,954888,176.8358535845,178.2858976521,174.9488099349,176.2399450636,954888,0.0,1.0
2024-12-13 00:00:00+00:00,176.06,177.53,175.49,177.2,1392708,174.8594236568,176.3193995331,174.2933105619,175.9916498466,1392708,0.0,1.0
2024-12-16 00:00:00+00:00,177.79,180.915,175.0,175.89,1197616,176.5776265588,179.6813167719,173.8066519365,174.6905829092,1197616,0.0,1.0
2024-12-17 00:00:00+00:00,176.66,179.31,174.66,177.97,1443279,175.4553321777,178.0872614785,173.4689704413,176.7563991151,1443279,0.0,1.0
2024-12-18 00:00:00+00:00,171.49,178.005,170.68,177.14,1310914,170.3205870891,176.7911604455,169.5161105858,175.9320589945,1310914,0.0,1.0
2024-12-19 00:00:00+00:00,173.28,174.57,171.2,171.5,1279294,172.0983808432,173.3795841632,170.0325646373,170.3305188978,1279294,0.0,1.0
2024-12-20 00:00:00+00:00,174.53,176.12,172.05,172.05,2590623,173.3398569284,174.9190145089,170.8767683753,170.8767683753,2590623,0.0,1.0
2024-12-23 00:00:00+00:00,175.56,175.73,173.535,173.8,854933,174.3628332227,174.5316739703,172.3516419646,172.6148348946,854933,0.0,1.0
2024-12-24 00:00:00+00:00,176.34,176.38,174.2309,175.5,340991,175.1375142999,175.1772415346,173.0427965308,174.3032423706,340991,0.0,1.0
2024-12-26 00:00:00+00:00,177.12,177.415,174.29,174.29,944380,175.9121953771,176.2051837332,173.1014935201,173.1014935201,944380,0.0,1.0
2024-12-27 00:00:00+00:00,175.81,177.69,174.7659,176.55,639394,174.6111284397,176.478308472,173.5741482952,175.3460822822,639394,0.0,1.0
2024-12-30 00:00:00+00:00,173.35,174.59,171.04,174.59,776763,172.1679035039,173.3994477805,169.8736556984,173.3994477805,776763,0.0,1.0
2024-12-31 00:00:00+00:00,174.04,175.63,173.16,174.56,711716,172.853198303,174.4323558835,171.979199139,173.3696523545,711716,0.0,1.0
2025-01-02 00:00:00+00:00,170.03,175.435,168.43,174.53,996686,168.8705430215,174.2386856142,167.2814536324,173.3398569284,996686,0.0,1.0
2025-01-03 00:00:00+00:00,174.23,174.62,170.095,171.29,947646,173.041902668,173.4292432066,168.9350997779,170.1219509154,947646,0.0,1.0
2025-01-06 00:00:00+00:00,179.29,180.56,174.9,174.9,1518719,178.0673978611,179.3287375637,173.7073338497,173.7073338497,1518719,0.0,1.0
2025-01-07 00:00:00+00:00,180.98,183.77,179.58,179.58,1626073,179.7458735284,182.5168481507,178.3554203129,178.3554203129,1626073,0.0,1.0
2025-01-08 00:00:00+00:00,181.34,181.64,176.04,179.97,1473792,180.1034186409,180.4013729014,174.8395600394,178.7427608515,1473792,0.0,1.0
2025-01-10 00:00:00+00:00,183.14,183.74,178.605,179.47,1784004,181.8911442037,182.4870527246,177.3870689664,178.2461704174,1784004,0.0,1.0
2025-01-13 00:00:00+00:00,180.92,182.27,178.98,182.15,1162955,179.6862826763,181.0270768484,177.759511792,180.9078951442,1162955,0.0,1.0
2025-01-14 00:00:00+00:00,186.56,187.8,180.7,181.96,1947757,185.287822773,186.5193670496,179.4677828853,180.7191907792,1947757,0.0,1.0
2025-01-15 00:00:00+00:00,187.46,191.19,186.6057,189.21,2214166,186.1816855544,189.8862501928,185.3332111387,187.9197520737,2214166,0.0,1.0
2025-01-16 00:00:00+00:00,187.79,188.86,185.02,187.09,951983,186.5094352409,187.5721387699,183.7583242359,185.8142086331,951983,0.0,1.0
2025-01-17 00:00:00+00:00,188.73,190.41,187.08,190.41,963442,187.443025257,189.1115691156,185.8042768245,189.1115691156,963442,0.0,1.0
2025-01-21 00:00:00+00:00,191.59,192.54,189.1,189.89,910373,190.2835225401,191.2270443649,187.8105021782,188.5951150641,910373,0.0,1.0
2025-01-22 00:00:00+00:00,194.3,194.88,191.54,191.55,935115,192.9750426929,193.5510875965,190.2338634967,190.2437953053,935115,0.0,1.0
2025-01-23 00:00:00+00:00,197.49,198.11,192.51,193.69,1319134,196.1432896625,196.7590618008,191.1972489388,192.3692023633,1319134,0.0,1.0
2025-01-24 00:00:00+00:00,195.13,198.47,194.89,198.06,940553,193.7993828135,197.1166069133,193.5610194052,196.7094027574,940553,0.0,1.0
2025-01-27 00:00:00+00:00,194.04,194.48,190.99,191.89,1135022,192.7168156672,193.1538152492,189.6876140191,190.5814768005,1135022,0.0,1.0
2025-01-28 00:00:00+00:00,194.76,194.94,191.74,194.04,1378193,193.4319058923,193.6106784486,190.4324996703,192.7168156672,1378193,0.0,1.0
2025-01-29 00:00:00+00:00,195.53,195.8699,193.805,195.28,891055,194.1966551608,194.5342373379,192.4834181632,193.9483599438,891055,0.0,1.0
2025-01-30 00:00:00+00:00,197.76,199.01,196.75,198.49,1153125,196.4114484969,197.6529245822,195.40833582,197.1364705307,1153125,0.0,1.0
2025-01-31 00:00:00+00:00,199.14,200.89,197.7,197.7,1573716,197.782038095,199.5201046144,196.3518576448,196.3518576448,1573716,0.0,1.0
2025-02-03 00:00:00+00:00,198.44,200.27,194.27,196.28,1764250,197.0868114873,198.9043324761,192.9452472669,194.941540812,1764250,0.0,1.0
2025-02-04 00:00:00+00:00,199.34,200.65,195.75,195.99,2050516,197.9806742687,199.281741206,194.4151549518,194.6535183602,2050516,0.0,1.0
2025-02-05 00:00:00+00:00,206.13,222.92,203.51,222.91,3808796,204.7243723638,221.399879141,202.1222384891,221.3899473324,3808796,0.0,1.0
2025-02-06 00:00:00+00:00,199.86,205.0,198.17,204.81,1967841,198.4971283202,203.6020779827,196.8186526529,203.4133736178,1967841,0.0,1.0
2025-02-07 00:00:00+00:00,192.02,200.275,191.15,199.77,1470638,190.7105903134,198.9092983805,189.8465229581,198.407742042,1470638,0.0,1.0
2025-02-10 00:00:00+00:00,191.57,194.02,189.58,194.02,1280385,190.2636589227,192.6969520498,188.287228995,192.6969520498,1280385,0.0,1.0
2025-02-11 00:00:00+00:00,191.74,192.9,190.06,190.06,797114,190.4324996703,191.5845894774,188.7639558117,188.7639558117,797114,0.0,1.0
2025-02-12 00:00:00+00:00,188.94,190.74,187.85,189.41,884421,187.6515932393,189.4393188021,186.569026093,188.1183882474,884421,0.0,1.0
2025-02-13 00:00:00+00:00,187.59,189.765,187.57,188.97,1120558,186.3107990672,188.4709674556,186.2909354499,187.6813886654,1120558,0.0,1.0
2025-02-14 00:00:00+00:00,189.39,191.81,187.21,188.02,1733967,188.09852463,190.5020223311,185.9333903373,186.7378668406,1733967,0.0,1.0
2025-02-18 00:00:00+00:00,192.46,192.64,188.0,190.28,1234943,191.1475898954,191.3263624517,186.7180032232,188.9824556027,1234943,0.0,1.0
2025-02-19 00:00:00+00:00,194.5,194.73,190.865,191.49,966425,193.1736788666,193.4021104662,189.5634664106,190.1842044533,966425,0.0,1.0
2025-02-20 00:00:00+00:00,192.8,194.985,192.18,194.95,915230,191.4852713906,193.6553715876,190.8694992523,193.6206102573,915230,0.0,1.0
2025-02-21 00:00:00+00:00,186.5,192.815,186.31,192.47,995188,185.2282319209,191.5001691036,185.0395275559,191.1575217041,995188,0.0,1.0
2025-02-24 00:00:00+00:00,186.69,188.41,185.12,186.89,1292065,185.4169362859,187.1252073792,183.8576423228,185.6155724595,1292065,0.0,1.0
2025-02-25 00:00:00+00:00,182.58,187.195,182.39,185.24,1304022,181.9557009601,186.5549208086,181.7663506305,184.6066055749,1304022,0.625,1.0
2025-02-26 00:00:00+00:00,180.23,183.59,179.445,183.01,769663,179.6137363569,182.9622474492,178.8314205214,182.3842306535,769663,0.0,1.0
2025-02-27 00:00:00+00:00,179.0,181.58,178.56,180.18,1355873,178.3879421178,180.9591202779,177.9494466176,179.5639073228,1355873,0.0,1.0
2025-02-28 00:00:00+00:00,178.2,179.86,175.14,179.0,1682111,177.590677572,179.2450015045,174.5411406844,178.3879421178,1682111,0.0,1.0
2025-03-03 00:00:00+00:00,172.5,179.6,171.64,179.6,1448178,171.9101676833,178.9858905271,171.0531082966,178.9858905271,1448178,0.0,1.0
2025-03-04 00:00:00+00:00,171.32,174.1,170.09,171.62,1361800,170.7342024783,173.5046967749,169.5084082392,171.033176683,1361800,0.0,1.0
2025-03-05 00:00:00+00:00,172.59,173.55,168.89,171.36,1017036,171.9998599447,172.9565773997,168.3125114205,170.7740657056,1017036,0.0,1.0
2025-03-06 00:00:00+00:00,167.26,172.82,167.115,171.28,1556549,166.6880849085,172.2290735017,166.5435807096,170.694339251,1556549,0.0,1.0
2025-03-07 00:00:00+00:00,168.37,168.78,164.98,167.26,2348921,167.7942894658,168.2028875455,164.415880953,166.6880849085,2348921,0.0,1.0
2025-03-10 00:00:00+00:00,169.51,171.34,167.13,167.91,1750659,168.9303914435,170.754134092,166.5585294198,167.3358623519,1750659,0.0,1.0
2025-03-11 00:00:00+00:00,166.05,170.66,164.96,169.51,1583384,165.482222283,170.0764592281,164.3959493394,168.9303914435,1583384,0.0,1.0
2025-03-12 00:00:00+00:00,166.66,168.77,164.7,166.48,1546708,166.0901364992,168.1929217387,164.136838362,165.9107519764,1546708,0.0,1.0
2025-03-13 00:00:00+00:00,163.5,168.02,162.84,166.65,1087324,162.9409415433,167.445486227,162.2831982931,166.0801706923,1087324,0.0,1.0
2025-03-14 00:00:00+00:00,167.0,167.33,164.735,165.42,821059,166.4289739311,166.7578455563,164.1717186859,164.8543764532,821059,0.0,1.0
2025-03-17 00:00:00+00:00,170.63,172.69,165.78,165.78,1401549,170.0465618076,172.099518013,165.2131454988,165.2131454988,1401549,0.0,1.0
2025-03-18 00:00:00+00:00,170.76,171.575,169.7155,170.32,947679,170.1761172963,170.9883305523,169.1351887737,169.7376217961,947679,0.0,1.0
2025-03-19 00:00:00+00:00,172.84,174.3574,170.08,172.08,1192481,172.2490051153,173.7612166425,169.4984424324,171.4916037968,1192481,0.0,1.0
2025-03-20 00:00:00+00:00,168.09,171.995,167.63,171.4,1574168,167.5152468747,171.4068944388,167.0568197609,170.8139289329,1574168,0.0,1.0
2025-03-21 00:00:00+00:00,165.57,166.64,164.505,166.29,2061002,165.0038635555,166.0702048855,163.942505129,165.7214016467,2061002,0.0,1.0
2025-03-24 00:00:00+00:00,170.31,170.7,167.605,169.17,1013442,169.7276559893,170.1163224553,167.0319052439,168.5915540115,1013442,0.0,1.0
2025-03-25 00:00:00+00:00,168.52,171.12,167.47,170.27,815381,167.9437765681,170.5348863419,166.8973668518,169.687792762,815381,0.0,1.0
2025-03-26 00:00:00+00:00,167.33,169.74,165.88,169.26,1009918,166.7578455563,169.1596050004,165.312803567,168.6812462729,1009918,0.0,1.0
2025-03-27 00:00:00+00:00,163.84,164.7,161.19,164.37,1499622,163.2797789753,164.136838362,160.6388401674,163.8079667369,1499622,0.0,1.0
2025-03-28 00:00:00+00:00,161.51,165.0,160.96,163.08,1317391,160.9577459857,164.4358125667,160.4096266105,162.5223776568,1317391,0.0,1.0
2025-03-31 00:00:00+00:00,160.26,161.69,158.76,161.43,1245118,159.7120201329,161.1371305085,158.2171491096,160.8780195311,1245118,0.0,1.0
2025-04-01 00:00:00+00:00,162.08,163.31,159.37,160.49,1285135,161.5257969746,162.7515912137,158.8250633258,159.9412336899,1285135,0.0,1.0
2025-04-02 00:00:00+00:00,164.47,165.43,160.17,160.32,860077,163.9076248051,164.86434226,159.6223278715,159.7718149739,860077,0.0,1.0
2025-04-03 00:00:00+00:00,151.57,158.18,150.39,157.29,3559315,151.0517340044,157.6391323139,149.8757687994,156.7521755067,3559315,0.0,1.0
2025-04-04 00:00:00+00:00,144.49,149.7,141.8,149.7,4384230,143.9959427743,149.1881281287,141.3151407391,149.1881281287,4384230,0.0,1.0
2025-04-07 00:00:00+00:00,147.2,147.69,137.31,141.45,3846242,146.6966764231,147.1850009574,136.8404934759,140.9663375003,3846242,0.0,1.0
2025-04-08 00:00:00+00:00,146.03,153.57,143.831,152.06,2175527,145.5306770249,153.0448953689,143.3391961047,151.5400585387,2175527,0.0,1.0
2025-04-09 00:00:00+00:00,159.48,160.62,142.2301,145.87,3086708,158.9346872008,160.0707891785,141.7437700905,145.3712241158,3086708,0.0,1.0
2025-04-10 00:00:00+00:00,146.7,155.08,144.18,154.465,2816855,146.198386082,154.549732199,143.6870027628,153.9368350795,2816855,0.0,1.0
2025-04-11 00:00:00+00:00,148.8,149.59,143.61,145.21,1815290,148.2912055147,149.0785042536,143.1189517739,144.7134808655,1815290,0.0,1.0
2025-04-14 00:00:00+00:00,151.74,153.23,149.191,151.78,1441391,151.2211527204,152.7060579369,148.6808685614,151.2610159477,1441391,0.0,1.0
2025-04-15 00:00:00+00:00,150.83,153.565,150.1568,151.76,908740,150.3142642996,153.0399124655,149.6433661843,151.2410843341,908740,0.0,1.0
2025-04-16 00:00:00+00:00,148.77,151.1568,147.32,148.89,778112,148.2613080942,150.6399468665,146.816266105,148.3808977761,778112,0.0,1.0
2025-04-17 00:00:00+00:00,151.47,152.735,149.31,149.94,1166891,150.9520759362,152.2127504992,148.7994616626,149.4273074924,1166891,0.0,1.0
2025-04-21 00:00:00+00:00,148.42,150.745,146.98,149.7,1476421,147.9125048554,150.2295549416,146.477428673,149.1881281287,1476421,0.0,1.0
2025-04-22 00:00:00+00:00,152.03,152.59,149.91,149.91,959252,151.5101611183,152.0682463003,149.3974100719,149.3974100719,959252,0.0,1.0
2025-04-23 00:00:00+00:00,154.86,159.17,154.04,155.64,1106400,154.3304844489,158.6257471893,153.5132882895,155.1078173811,1106400,0.0,1.0
2025-04-24 00:00:00+00:00,158.94,159.06,154.315,155.9,960997,158.3965336324,158.5161233143,153.7873479771,155.3669283585,960997,0.0,1.0
2025-04-25 00:00:00+00:00,157.95,158.32,155.78,157.74,1042344,157.409918757,157.7786536094,155.2473386766,157.2006368137,1042344,0.0,1.0
2025-04-28 00:00:00+00:00,158.59,159.8,155.95,158.975,1066193,158.0477303936,159.2535930191,155.4167573926,158.4314139563,1066193,0.0,1.0
2025-04-29 00:00:00+00:00,159.96,160.6,156.36,157.55,1004086,159.4130459283,160.0508575649,155.8253554723,157.0112864841,1004086,0.0,1.0
2025-04-30 00:00:00+00:00,160.56,160.94,156.41,158.3,877111,160.0109943376,160.3896949969,155.8751845064,157.7587219958,877111,0.0,1.0
2025-05-01 00:00:00+00:00,162.4,163.54,159.01,160.9,1474519,161.8447027929,162.9808047706,158.4662942802,160.3498317696,1474519,0.0,1.0
2025-05-02 00:00:00+00:00,166.83,167.54,164.545,165.62,1768016,166.2595552151,166.9671274995,163.9823683563,165.0536925897,1768016,0.0,1.0
2025-05-05 00:00:00+00:00,165.75,167.68,164.89,164.89,879374,165.1832480783,167.106648795,164.3261886916,164.3261886916,879374,0.0,1.0
2025-05-06 00:00:00+00:00,163.93,166.04,163.13,164.12,1391567,163.3694712367,165.4722564762,162.5722066909,163.5588215663,1391567,0.0,1.0
2025-05-07 00:00:00+00:00,175.52,177.28,162.46,163.46,2701839,174.9198413437,176.6738233444,161.9044976338,162.9010783161,2701839,0.0,1.0
2025-05-08 00:00:00+00:00,180.09,183.18,177.69,177.69,2409989,179.4742150614,182.5536493695,177.0824214241,177.0824214241,2409989,0.0,1.0
2025-05-09 00:00:00+00:00,178.94,181.69,178.84,180.98,1101319,178.3281472769,181.068744153,178.2284892086,180.3611718686,1101319,0.0,1.0
2025-05-12 00:00:00+00:00,188.82,190.06,185.12,186.0,1652607,188.1743644172,189.4101244632,184.487015893,185.3640068933,1652607,0.0,1.0
2025-05-13 00:00:00+00:00,190.68,191.7,188.745,188.82,1637406,190.0280044861,191.044516782,188.099620866,188.1743644172,1637406,0.0,1.0
2025-05-14 00:00:00+00:00,189.36,192.3,189.34,190.79,2171926,188.7125179856,191.6424651913,188.692586372,190.1376283612,2171926,0.0,1.0
2025-05-15 00:00:00+00:00,188.43,190.08,187.14,188.86,1611426,187.7856979511,189.4300560768,186.5001088711,188.2142276445,1611426,0.0,1.0
2025-05-16 00:00:00+00:00,189.03,189.33,186.825,187.91,961668,188.3836463605,188.6826205651,186.1861859562,187.2674759964,961668,0.0,1.0
2025-05-19 00:00:00+00:00,188.04,189.45,186.64,186.65,912581,187.3970314851,188.802210247,186.00181853,186.0117843368,912581,0.0,1.0
2025-05-20 00:00:00+00:00,188.1,189.28,186.82,187.44,770723,187.456826326,188.632791531,186.1812030528,186.7990830757,770723,0.0,1.0
2025-05-21 00:00:00+00:00,181.82,187.315,181.41,186.74,970884,181.1982996417,186.6745104905,180.7897015619,186.1014765982,970884,0.0,1.0
2025-05-22 00:00:00+00:00,183.38,184.52,180.69,181.66,1162904,182.7529655059,183.8890674837,180.0721634707,181.0388467325,1162904,0.0,1.0
2025-05-23 00:00:00+00:00,182.16,183.245,177.42,178.51,1359784,182.16,183.245,177.42,178.51,1359784,0.625,1.0
2025-05-27 00:00:00+00:00,185.72,185.94,182.79,185.34,993828,185.72,185.94,182.79,185.34,993828,0.0,1.0
2025-05-28 00:00:00+00:00,183.34,186.695,183.17,185.54,927624,183.34,186.695,183.17,185.54,927624,0.0,1.0
2025-05-29 00:00:00+00:00,182.35,185.16,181.01,185.16,617254,182.35,185.16,181.01,185.16,617254,0.0,1.0
2025-05-30 00:00:00+00:00,180.36,182.01,178.55,181.41,1046284,180.36,182.01,178.55,181.41,1046284,0.0,1.0
2025-06-02 00:00:00+00:00,174.76,177.44,171.16,176.87,2285210,174.76,177.44,171.16,176.87,2285210,0.0,1.0
2025-06-03 00:00:00+00:00,179.35,179.67,174.7,175.46,819461,179.35,179.67,174.7,175.46,819461,0.0,1.0
2025-06-04 00:00:00+00:00,176.8,180.42,176.73,179.62,1005719,176.8,180.42,176.73,179.62,1005719,0.0,1.0
2025-06-05 00:00:00+00:00,175.83,177.78,175.34,176.61,1130143,175.83,177.78,175.34,176.61,1130143,0.0,1.0
2025-06-06 00:00:00+00:00,178.24,178.94,176.635,177.71,615364,178.24,178.94,176.635,177.71,615364,0.0,1.0
2025-06-09 00:00:00+00:00,177.43,180.02,177.23,179.51,1038612,177.43,180.02,177.23,179.51,1038612,0.0,1.0
2025-06-10 00:00:00+00:00,178.73,179.12,176.82,177.91,1368972,178.73,179.12,176.82,177.91,1368972,0.0,1.0
2025-06-11 00:00:00+00:00,175.75,179.9999,175.26,179.48,785505,175.75,179.9999,175.26,179.48,785505,0.0,1.0
2025-06-12 00:00:00+00:00,174.75,176.21,173.865,175.69,971162,174.75,176.21,173.865,175.69,971162,0.0,1.0
2025-06-13 00:00:00+00:00,170.42,173.67,169.96,172.45,1116084,170.42,173.67,169.96,172.45,1116084,0.0,1.0
2025-06-16 00:00:00+00:00,172.35,173.65,171.19,171.915,1477151,172.35,173.65,171.19,171.915,1477151,0.0,1.0
2025-06-17 00:00:00+00:00,170.8,173.7,170.41,171.47,1025696,170.8,173.7,170.41,171.47,1025696,0.0,1.0
2025-06-18 00:00:00+00:00,170.0,172.19,169.49,170.32,1240383,170.0,172.19,169.49,170.32,1240383,0.0,1.0
2025-06-20 00:00:00+00:00,170.62,172.37,169.28,171.87,2210517,170.62,172.37,169.28,171.87,2210517,0.0,1.0
2025-06-23 00:00:00+00:00,173.77,174.43,170.05,170.62,1268131,173.77,174.43,170.05,170.62,1268131,0.0,1.0
2025-06-24 00:00:00+00:00,179.84,180.45,174.4301,175.72,1340718,179.84,180.45,174.4301,175.72,1340718,0.0,1.0
2025-06-25 00:00:00+00:00,177.83,181.02,176.615,180.6,1022437,177.83,181.02,176.615,180.6,1022437,0.0,1.0
2025-06-26 00:00:00+00:00,177.28,179.51,175.8,178.975,933622,177.28,179.51,175.8,178.975,933622,0.0,1.0
2025-06-27 00:00:00+00:00,177.41,179.06,176.351,178.08,2773832,177.41,179.06,176.351,178.08,2773832,0.0,1.0
2025-06-30 00:00:00+00:00,178.59,179.385,176.9098,178.0,937061,178.59,179.385,176.9098,178.0,937061,0.0,1.0
2025-07-01 00:00:00+00:00,181.16,183.7,177.29,178.58,958401,181.16,183.7,177.29,178.58,958401,0.0,1.0
2025-07-02 00:00:00+00:00,182.84,182.98,179.57,181.0,738210,182.84,182.98,179.57,181.0,738210,0.0,1.0
2025-07-03 00:00:00+00:00,182.13,183.91,181.92,183.37,494454,182.13,183.91,181.92,183.37,494454,0.0,1.0
2025-07-07 00:00:00+00:00,177.36,182.44,177.185,180.86,737509,177.36,182.44,177.185,180.86,737509,0.0,1.0
2025-07-08 00:00:00+00:00,180.65,181.615,177.86,178.01,847623,180.65,181.615,177.86,178.01,847623,0.0,1.0
2025-07-09 00:00:00+00:00,180.75,182.19,177.535,181.59,791000,180.75,182.19,177.535,181.59,791000,0.0,1.0
2025-07-10 00:00:00+00:00,179.7,182.9,179.6,180.83,962544,179.7,182.9,179.6,180.83,962544,0.0,1.0
2025-07-11 00:00:00+00:00,177.38,178.615,176.96,178.06,775092,177.38,178.615,176.96,178.06,775092,0.0,1.0
2025-07-14 00:00:00+00:00,177.7,179.285,175.86,177.415,1118354,177.7,179.285,175.86,177.415,1118354,0.0,1.0
2025-07-15 00:00:00+00:00,175.77,179.21,175.71,179.21,972563,175.77,179.21,175.71,179.21,972563,0.0,1.0
2025-07-16 00:00:00+00:00,175.73,177.43,174.1,176.64,617777,175.73,177.43,174.1,176.64,617777,0.0,1.0
2025-07-17 00:00:00+00:00,179.99,180.9,175.12,175.83,991406,179.99,180.9,175.12,175.83,991406,0.0,1.0
2025-07-18 00:00:00+00:00,179.59,181.27,178.88,180.85,833868,179.59,181.27,178.88,180.85,833868,0.0,1.0
2025-07-21 00:00:00+00:00,176.87,180.11,176.76,179.32,589603,176.87,180.11,176.76,179.32,589603,0.0,1.0
2025-07-22 00:00:00+00:00,180.07,180.74,177.69,177.72,668333,180.07,180.74,177.69,177.72,668333,0.0,1.0
2025-07-23 00:00:00+00:00,181.37,182.81,179.61,180.6,792863,181.37,182.81,179.61,180.6,792863,0.0,1.0
2025-07-24 00:00:00+00:00,180.83,182.05,179.515,179.84,754799,180.83,182.05,179.515,179.84,754799,0.0,1.0
2025-07-25 00:00:00+00:00,181.14,182.28,180.14,181.68,631856,181.14,182.28,180.14,181.68,631856,0.0,1.0
2025-07-28 00:00:00+00:00,181.78,182.93,181.558,181.73,545586,181.78,182.93,181.558,181.73,545586,0.0,1.0
2025-07-29 00:00:00+00:00,182.18,183.66,181.04,182.83,641848,182.18,183.66,181.04,182.83,641848,0.0,1.0
2025-07-30 00:00:00+00:00,179.94,182.74,178.73,182.74,854885,179.94,182.74,178.73,182.74,854885,0.0,1.0
2025-07-31 00:00:00+00:00,174.38,179.27,173.85,178.48,1408093,174.38,179.27,173.85,178.48,1408093,0.0,1.0
2025-08-01 00:00:00+00:00,168.86,173.09,167.47,172.8,1165055,168.86,173.09,167.47,172.8,1165055,0.0,1.0
2025-08-04 00:00:00+00:00,172.14,172.2,168.94,170.23,1316718,172.14,172.2,168.94,170.23,1316718,0.0,1.0
2025-08-05 00:00:00+00:00,165.24,173.38,165.04,172.33,2352090,165.24,173.38,165.04,172.33,2352090,0.0,1.0
2025-08-06 00:00:00+00:00,165.51,169.9999,159.69,167.69,2705763,165.51,169.9999,159.69,167.69,2705763,0.0,1.0
2025-08-07 00:00:00+00:00,161.88,167.185,160.4328,166.91,1869838,161.88,167.185,160.4328,166.91,1869838,0.0,1.0
2025-08-08 00:00:00+00:00,162.92,163.645,162.05,162.7,1066641,162.92,163.645,162.05,162.7,1066641,0.0,1.0
