date,close,high,low,open,volume,adjClose,adjHigh,adjLow,adjOpen,adjVolume,divCash,splitFactor
2018-01-02 00:00:00+00:00,104.41,104.7,102.27,102.88,4367522,103.4853720329,103.7728038679,101.3643233196,101.9689213173,4367522,0.0,1.0
2018-01-03 00:00:00+00:00,105.29,106.14,104.62,104.9,3645775,104.3575789804,105.2000516001,103.6935123272,103.9710327196,3645775,0.0,1.0
2018-01-04 00:00:00+00:00,106.68,107.66,105.77,106.0,4480624,105.7352694997,106.7065908731,104.8333282245,105.0612914039,4480624,0.0,1.0
2018-01-05 00:00:00+00:00,108.1,108.3,107.2,107.76,3292050,107.1426943468,107.3409231986,106.2506645142,106.8057052989,3292050,0.0,1.0
2018-01-08 00:00:00+00:00,108.86,109.14,107.57,108.0,2920239,107.8959639833,108.1734843757,106.6173878898,107.043579921,2920239,0.0,1.0
2018-01-09 00:00:00+00:00,109.15,109.34,108.25,109.0,3301150,108.1833958183,108.3717132274,107.2913659856,108.0347241795,3301150,0.0,1.0
2018-01-10 00:00:00+00:00,108.8,109.49,108.23,108.68,2881133,107.8364953278,108.5203848662,107.2715431005,107.7175580168,2881133,0.0,1.0
2018-01-11 00:00:00+00:00,109.1,109.4,108.67,109.0,2597928,108.1338386054,108.4311818829,107.7076465742,108.0347241795,2597928,0.0,1.0
2018-01-12 00:00:00+00:00,110.24,110.71,108.91,109.23,5734677,109.2637430601,109.7295808616,107.9455211963,108.262687359,5734677,0.0,1.0
2018-01-16 00:00:00+00:00,108.89,111.44,108.23,110.85,5267936,107.9256983111,110.4531161703,107.2715431005,109.8683410578,5267936,0.0,1.0
2018-01-17 00:00:00+00:00,110.04,110.38,109.23,109.75,4079574,109.0655142084,109.4025032563,108.262687359,108.7780823734,4079574,0.0,1.0
2018-01-18 00:00:00+00:00,111.77,112.17,110.22,110.23,3752040,110.7801937756,111.1766514791,109.2439201749,109.2538316175,3752040,0.0,1.0
2018-01-19 00:00:00+00:00,111.93,112.4,111.61,112.21,3023779,110.938776857,111.4046146585,110.6216106943,111.2162972494,3023779,0.0,1.0
2018-01-22 00:00:00+00:00,112.89,112.96,111.01,111.63,2193750,111.8902753452,111.9596554433,110.0269241392,110.6414335794,2193750,0.0,1.0
2018-01-23 00:00:00+00:00,113.24,113.76,112.68,113.18,2746621,112.2371758357,112.7525708501,111.6821350509,112.1777071802,2746621,0.0,1.0
2018-01-24 00:00:00+00:00,112.85,113.84,112.5,113.63,3970974,111.8506295749,112.8318623908,111.5037290844,112.6237220965,3970974,0.0,1.0
2018-01-25 00:00:00+00:00,111.96,113.47,111.9,113.28,4477944,110.9685111848,112.4651390151,110.9090425293,112.276821606,4477944,0.0,1.0
2018-01-26 00:00:00+00:00,113.7,113.92,112.03,112.72,3840374,112.6931021946,112.9111539315,111.0378912829,111.7217808212,3840374,0.0,1.0
2018-01-29 00:00:00+00:00,113.3,114.41,112.85,113.7,3102427,112.2966444912,113.3968146182,111.8506295749,112.6931021946,3102427,0.0,1.0
2018-01-30 00:00:00+00:00,112.23,113.45,111.84,112.42,3699992,111.2361201346,112.44531613,110.8495738737,111.4244375437,3699992,0.0,1.0
2018-01-31 00:00:00+00:00,113.91,114.52,112.64,113.06,3982841,112.9012424889,113.5058404866,111.6424892806,112.0587698691,3982841,0.0,1.0
2018-02-01 00:00:00+00:00,112.74,114.27,112.53,113.3,4027010,111.7416037064,113.258054422,111.5334634121,112.2966444912,4027010,0.0,1.0
2018-02-02 00:00:00+00:00,110.78,112.35,110.71,112.03,4151937,109.7989609597,111.3550574456,109.7295808616,111.0378912829,4151937,0.0,1.0
2018-02-05 00:00:00+00:00,107.65,111.61,107.5,109.15,5853695,106.6966794305,110.6216106943,106.5480077917,108.1833958183,5853695,0.0,1.0
2018-02-06 00:00:00+00:00,109.57,109.62,103.69,105.01,6826342,108.5996764069,108.6492336198,102.7717481667,104.080058588,6826342,0.0,1.0
2018-02-07 00:00:00+00:00,110.05,112.29,108.81,109.07,4480815,109.075425651,111.2955887901,107.8464067704,108.1041042776,4480815,0.0,1.0
2018-02-08 00:00:00+00:00,104.03,110.18,104.0,110.1,6744217,103.1087372146,109.2042744046,103.0790028869,109.1249828639,6744217,0.0,1.0
2018-02-09 00:00:00+00:00,106.98,108.11,102.37,105.32,6578053,106.0326127773,107.1526057894,101.4634377455,104.3873133081,6578053,0.0,1.0
2018-02-12 00:00:00+00:00,108.55,109.48,106.26,107.7,4553546,107.5887092632,108.5104734236,105.3189889112,106.7462366434,4553546,0.0,1.0
2018-02-13 00:00:00+00:00,107.69,108.08,105.93,108.01,7519553,106.7363252008,107.1228714617,104.9919113058,107.0534913636,7519553,0.0,1.0
2018-02-14 00:00:00+00:00,109.02,109.22,106.73,106.73,7386930,108.0545470647,108.2527759164,105.7848267127,105.7848267127,7386930,0.0,1.0
2018-02-15 00:00:00+00:00,113.12,113.43,110.05,112.31,8306817,112.1182385247,112.4254932448,109.075425651,111.3154116752,8306817,0.0,1.0
2018-02-16 00:00:00+00:00,112.86,114.15,112.67,112.84,4487228,111.8605410174,113.1391171109,111.6722236083,111.8407181323,4487228,0.0,1.0
2018-02-20 00:00:00+00:00,114.35,115.26,112.28,112.45,4263097,113.3373459626,114.2392872379,111.2856773475,111.4541718714,4263097,0.0,1.0
2018-02-21 00:00:00+00:00,114.48,115.67,114.17,114.77,4961083,113.4661947163,114.6456563839,113.1589399961,113.7536265512,4961083,0.0,1.0
2018-02-22 00:00:00+00:00,113.0,115.0,112.48,114.52,4761405,111.9993012136,113.9815897307,111.4839061992,113.5058404866,4761405,0.0,1.0
2018-02-23 00:00:00+00:00,114.96,114.96,112.74,113.63,4104870,113.9419439603,113.9419439603,111.7416037064,112.6237220965,4104870,0.0,1.0
2018-02-26 00:00:00+00:00,116.65,116.8,115.37,116.11,5385157,115.6169777573,115.765649396,114.3483131063,115.0817598577,5385157,0.0,1.0
2018-02-27 00:00:00+00:00,116.47,117.61,115.76,117.3,5835472,115.4385717907,116.5684762454,114.7348593672,116.2612215253,5835472,0.0,1.0
2018-02-28 00:00:00+00:00,116.25,118.15,116.22,117.0,8566561,115.2205200538,117.103694145,115.1907857261,115.9638782477,8566561,0.0,1.0
2018-03-01 00:00:00+00:00,119.43,122.47,118.05,120.91,15555500,118.372358796,121.3854373419,117.0045797192,119.8392522986,15555500,0.0,1.0
2018-03-02 00:00:00+00:00,121.92,122.33,117.64,118.65,10627548,120.8403079997,121.2466771457,116.5982105732,117.5992662743,10627548,0.0,1.0
2018-03-05 00:00:00+00:00,122.5,122.94,119.66,120.0,10121251,121.4151716696,121.8512751434,118.6003219754,118.9373110233,10121251,0.0,1.0
2018-03-06 00:00:00+00:00,124.48,124.69,122.75,122.87,8154828,123.3776373015,123.5857775958,121.6629577343,121.7818950453,8154828,0.0,1.0
2018-03-07 00:00:00+00:00,125.33,125.77,123.18,123.38,6750393,124.2201099213,124.656213395,122.0891497654,122.2873786171,6750393,0.0,1.0
2018-03-08 00:00:00+00:00,126.36,127.29,125.7,125.76,5913213,125.2409885076,126.162752668,124.5868332969,124.6463019524,5913213,0.0,1.0
2018-03-09 00:00:00+00:00,127.41,127.5,126.25,127.19,5630018,126.281689979,126.3708929623,125.1319626391,126.0636382421,5630018,0.0,1.0
2018-03-12 00:00:00+00:00,126.78,128.2,126.78,127.87,5458766,125.6572690961,127.0646939433,125.6572690961,126.7376163379,5458766,0.0,1.0
2018-03-13 00:00:00+00:00,126.73,128.11,125.73,127.89,4583770,125.6077118832,126.97549096,124.6165676247,126.7574392231,4583770,0.0,1.0
2018-03-14 00:00:00+00:00,127.99,128.87,126.51,127.05,4869252,126.856553649,127.7287605965,125.3896601463,125.9248780459,4869252,0.0,1.0
2018-03-15 00:00:00+00:00,127.22,128.46,126.67,128.0,4353016,126.0933725699,127.3223914505,125.5482432277,126.8664650915,4353016,0.0,1.0
2018-03-16 00:00:00+00:00,125.97,127.95,125.69,127.29,6515352,124.8544422467,126.8169078786,124.5769218543,126.162752668,6515352,0.0,1.0
2018-03-19 00:00:00+00:00,124.98,125.76,123.47,125.03,6805787,123.8732094308,124.6463019524,122.3765816004,123.9227666437,6805787,0.0,1.0
2018-03-20 00:00:00+00:00,125.12,126.83,124.45,124.59,6712556,124.011969627,125.7068263091,123.3479029738,123.48666317,6712556,0.0,1.0
2018-03-21 00:00:00+00:00,121.7,124.02,120.2,121.56,14699171,120.6222562628,122.9217109426,119.135539875,120.4834960666,14699171,0.0,1.0
2018-03-22 00:00:00+00:00,118.04,120.66,117.44,120.4,10592840,116.9946682766,119.591466234,116.3999817215,119.3337687267,10592840,0.0,1.0
2018-03-23 00:00:00+00:00,114.43,118.08,114.31,118.01,10642454,113.4166375033,117.034314047,113.2977001923,116.9649339489,10642454,0.0,1.0
2018-03-26 00:00:00+00:00,118.97,119.26,115.04,118.24,13037387,117.916432437,118.203864272,114.021235501,117.1928971283,13037387,0.0,1.0
2018-03-27 00:00:00+00:00,113.81,120.16,112.72,120.09,8194019,112.802128063,119.0958941047,111.7217808212,119.0265140066,8194019,0.0,1.0
2018-03-28 00:00:00+00:00,112.88,114.86,111.34,113.15,6489512,111.8803639026,113.8428295345,110.3540017445,112.1479728524,6489512,0.0,1.0
2018-03-29 00:00:00+00:00,116.3,117.26,112.52,113.91,7794691,115.2700772668,116.221575755,111.5235519695,112.9012424889,7794691,0.0,1.0
2018-04-02 00:00:00+00:00,115.3,117.68,113.61,115.91,6461251,114.2789330082,116.6378563435,112.6038992113,114.8835310059,6461251,0.0,1.0
2018-04-03 00:00:00+00:00,116.49,117.45,114.6,116.76,5193332,115.4583946759,116.4098931641,113.5851320273,115.7260036257,5193332,0.0,1.0
2018-04-04 00:00:00+00:00,119.48,119.68,114.0,114.06,6389309,118.4219160089,118.6201448606,112.9904454722,113.0499141277,6389309,0.0,1.0
2018-04-05 00:00:00+00:00,119.04,121.04,118.67,120.4,5052398,117.9858125351,119.9681010522,117.6190891595,119.3337687267,5052398,0.0,1.0
2018-04-06 00:00:00+00:00,116.1,118.98,114.95,118.1,5385492,115.0718484151,117.9263438796,113.9320325178,117.0541369321,5385492,0.0,1.0
2018-04-09 00:00:00+00:00,117.19,119.23,117.14,117.14,4104150,116.1521956569,118.1741299443,116.1026384439,116.1026384439,4104150,0.0,1.0
2018-04-10 00:00:00+00:00,119.49,120.12,117.68,118.92,3761181,118.4318274515,119.0562483343,116.6378563435,117.8668752241,3761181,0.0,1.0
2018-04-11 00:00:00+00:00,119.16,120.71,118.87,119.33,3059409,118.1047498462,119.6410234469,117.8173180112,118.2732443701,3059409,0.0,1.0
2018-04-12 00:00:00+00:00,121.4,121.73,119.34,120.0,4419885,120.3249129853,120.6519905906,118.2831558127,118.9373110233,4419885,0.0,1.0
2018-04-13 00:00:00+00:00,119.01,121.94,118.5,121.94,4933058,117.9560782074,120.8601308849,117.4505946355,120.8601308849,4933058,0.0,1.0
2018-04-16 00:00:00+00:00,119.41,120.98,118.66,120.95,4464686,118.3525359108,119.9086323967,117.6091777169,119.8788980689,4464686,0.0,1.0
2018-04-17 00:00:00+00:00,123.35,123.86,120.01,120.4,5524566,122.2576442894,122.7631278612,118.9472224659,119.3337687267,5524566,0.0,1.0
2018-04-18 00:00:00+00:00,124.46,124.74,122.23,123.53,4321753,123.3578144164,123.6353348087,121.1475627198,122.4360502559,4321753,0.0,1.0
2018-04-19 00:00:00+00:00,124.06,124.52,123.18,124.04,3656957,122.9613567129,123.4172830719,122.0891497654,122.9415338278,3656957,0.0,1.0
2018-04-20 00:00:00+00:00,122.82,124.38,122.05,124.01,2971019,121.7323378324,123.2785228757,120.9691567533,122.9117995,2971019,0.0,1.0
2018-04-23 00:00:00+00:00,121.89,124.57,121.24,123.19,3932668,120.8105736719,123.4668402848,120.1663299039,122.099061208,3932668,0.0,1.0
2018-04-24 00:00:00+00:00,117.88,123.53,116.91,123.34,5379304,116.8360851952,122.4360502559,115.8746752645,122.2477328468,5379304,0.0,1.0
2018-04-25 00:00:00+00:00,117.32,118.23,115.04,117.77,4972939,116.2810444105,117.1829856857,114.021235501,116.7270593268,4972939,0.0,1.0
2018-04-26 00:00:00+00:00,120.83,122.07,118.16,118.7,4998816,119.7599607579,120.9889796385,117.1136055876,117.6488234872,4998816,0.0,1.0
2018-04-27 00:00:00+00:00,120.22,121.64,119.55,121.63,3801182,119.1553627602,120.5627876073,118.491296107,120.5528761647,3801182,0.0,1.0
2018-04-30 00:00:00+00:00,120.99,121.7,119.78,120.87,2788268,119.9185438393,120.6222562628,118.7192592864,119.7996065282,2788268,0.0,1.0
2018-05-01 00:00:00+00:00,123.11,123.32,120.42,120.88,3873908,122.0197696673,122.2279099616,119.3535916119,119.8095179708,3873908,0.0,1.0
2018-05-02 00:00:00+00:00,122.82,123.97,121.74,122.29,3671020,121.7323378324,122.8721537297,120.6619020332,121.2070313754,3671020,0.0,1.0
2018-05-03 00:00:00+00:00,124.41,125.0,121.67,122.62,4435617,123.3082572034,123.893032316,120.5925219351,121.5341089807,4435617,0.0,1.0
2018-05-04 00:00:00+00:00,125.12,125.84,122.98,124.38,6341164,124.011969627,124.7255934931,121.8909209137,123.2785228757,6341164,0.0,1.0
2018-05-07 00:00:00+00:00,126.97,127.69,125.46,125.79,4341967,125.8455865053,126.5592103714,124.3489586749,124.6760362802,4341967,0.0,1.0
2018-05-08 00:00:00+00:00,128.75,128.96,126.5,126.59,4467772,127.6098232854,127.8179635797,125.3797487038,125.468951687,4467772,0.0,1.0
2018-05-09 00:00:00+00:00,129.73,129.74,127.33,128.88,4605347,128.5811446588,128.5910561014,126.2023984383,127.7386720391,4605347,0.0,1.0
2018-05-10 00:00:00+00:00,130.62,131.0,129.05,129.95,3772425,129.4632630489,129.8398978671,127.907166563,128.7991963957,3772425,0.0,1.0
2018-05-11 00:00:00+00:00,130.63,130.85,128.89,130.0,3233163,129.4731744915,129.6912262283,127.7485834816,128.8487536086,3233163,0.0,1.0
2018-05-14 00:00:00+00:00,127.69,131.0,127.16,130.79,4169825,126.5592103714,129.8398978671,126.0339039144,129.6317575728,4169825,0.0,1.0
2018-05-15 00:00:00+00:00,128.13,128.59,126.09,126.93,2933123,126.9953138452,127.4512402041,124.9733795578,125.8059407349,2933123,0.0,1.0
2018-05-16 00:00:00+00:00,128.77,128.97,127.92,128.71,2439933,127.6296461706,127.8278750223,126.7871735509,127.5701775151,2439933,0.0,1.0
2018-05-17 00:00:00+00:00,126.05,129.46,125.55,129.19,5556999,124.9337337874,128.313535709,124.4381616582,128.0459267592,5556999,0.0,1.0
2018-05-18 00:00:00+00:00,126.96,127.72,125.87,126.06,3612262,125.8356750627,126.5889446992,124.7553278209,124.94364523,3612262,0.0,1.0
2018-05-21 00:00:00+00:00,126.37,128.35,126.0,128.0,2887179,125.2508999501,127.213365582,124.8841765745,126.8664650915,2887179,0.0,1.0
2018-05-22 00:00:00+00:00,125.44,127.05,125.26,126.66,2789756,124.3291357897,125.9248780459,124.1507298232,125.5383317851,2789756,0.0,1.0
2018-05-23 00:00:00+00:00,128.09,128.09,124.58,124.88,4303892,126.9556680748,126.9556680748,123.4767517274,123.7740950049,4303892,0.0,1.0
2018-05-24 00:00:00+00:00,128.74,129.38,127.39,128.81,5972385,127.5999118429,128.2342441683,126.2618670938,127.669291941,5972385,0.0,1.0
2018-05-25 00:00:00+00:00,127.96,129.25,127.62,128.73,4031805,126.8268193212,128.1053954147,126.4898302733,127.5900004003,4031805,0.0,1.0
2018-05-29 00:00:00+00:00,126.88,127.54,126.12,126.75,8141934,125.756383522,126.4105387326,125.0031138855,125.6275347684,8141934,0.0,1.0
2018-05-30 00:00:00+00:00,129.3,132.55,127.84,132.3,14170948,128.1549526276,131.3761714678,126.7078820102,131.1283854032,14170948,0.0,1.0
2018-05-31 00:00:00+00:00,129.33,130.99,128.41,129.37,6408344,128.1846869554,129.8299864245,127.2728342375,128.2243327257,6408344,0.0,1.0
2018-06-01 00:00:00+00:00,130.52,130.87,128.35,129.88,6132794,129.364148623,129.7110491135,127.213365582,128.7298162976,6132794,0.0,1.0
2018-06-04 00:00:00+00:00,132.65,132.8,129.6,130.39,4860675,131.4752858937,131.6239575325,128.4522959052,129.2352998694,4860675,0.0,1.0
2018-06-05 00:00:00+00:00,134.12,134.63,132.97,133.14,5123240,132.9322679537,133.4377515256,131.7924520564,131.9609465804,5123240,0.0,1.0
2018-06-06 00:00:00+00:00,135.55,135.71,134.12,134.33,4766855,134.3496042434,134.5081873248,132.9322679537,133.140408248,4766855,0.0,1.0
2018-06-07 00:00:00+00:00,132.91,135.75,130.73,135.55,6564097,131.7329834009,134.5478330951,129.5722889173,134.3496042434,6564097,0.0,1.0
2018-06-08 00:00:00+00:00,133.53,133.68,130.82,131.7,3486585,132.3474928412,132.49616448,129.6614919006,130.5336988481,3486585,0.0,1.0
2018-06-11 00:00:00+00:00,133.98,134.67,133.26,133.88,3443145,132.7935077575,133.4773972959,132.0798838914,132.6943933317,3443145,0.0,1.0
2018-06-12 00:00:00+00:00,136.26,137.5,134.65,134.96,5319864,135.053316667,136.2823355476,133.4575744108,133.7648291309,5319864,0.0,1.0
2018-06-13 00:00:00+00:00,136.5,137.49,135.6,136.37,5809264,135.291191289,136.272424105,134.3991614564,135.1623425354,5809264,0.0,1.0
2018-06-14 00:00:00+00:00,138.41,139.75,136.89,137.0,6494863,137.1842768228,138.5124101292,135.6777375499,135.7867634183,6494863,0.0,1.0
2018-06-15 00:00:00+00:00,138.41,138.95,136.8,138.07,7711133,137.1842768228,137.7194947224,135.5885345666,136.8472877749,7711133,0.0,1.0
2018-06-18 00:00:00+00:00,139.8,140.19,136.91,137.01,4202447,138.5619673422,138.948513603,135.697560435,135.7966748609,4202447,0.0,1.0
2018-06-19 00:00:00+00:00,139.52,139.71,137.23,138.08,4833685,138.2844469498,138.4727643589,136.0147265978,136.8571992175,4833685,0.0,1.0
2018-06-20 00:00:00+00:00,138.94,142.12,138.82,140.0,5341369,137.7095832798,140.861422022,137.5906459688,138.7601961939,5341369,0.0,1.0
2018-06-21 00:00:00+00:00,137.88,140.06,137.12,139.07,3912774,136.6589703658,138.8196648494,135.9057007293,137.8384320334,3912774,0.0,1.0
2018-06-22 00:00:00+00:00,135.01,137.3,133.95,137.26,7567258,133.8143863438,136.0841066959,132.7637734298,136.0444609255,7567258,0.0,1.0
2018-06-25 00:00:00+00:00,133.19,134.89,131.67,134.24,6969788,132.0105037933,133.6954490328,130.5039645203,133.0512052648,6969788,0.0,1.0
2018-06-26 00:00:00+00:00,135.48,137.17,133.82,134.76,7043097,134.2802241453,135.9552579422,132.6349246762,133.5666002792,7043097,0.0,1.0
2018-06-27 00:00:00+00:00,133.22,137.42,133.1,136.68,6850891,132.0402381211,136.2030440069,131.92130081,135.4695972556,6850891,0.0,1.0
2018-06-28 00:00:00+00:00,135.12,135.89,133.19,133.99,6333655,133.9234122123,134.6865932913,132.0105037933,132.8034192001,6333655,0.0,1.0
2018-06-29 00:00:00+00:00,136.4,137.71,135.9,136.28,5229453,135.1920768632,136.4904758419,134.6965047339,135.0731395522,5229453,0.0,1.0
2018-07-02 00:00:00+00:00,140.43,140.47,135.3,136.15,6399247,139.186388225,139.2260339954,134.1018181788,134.9442907985,6399247,0.0,1.0
2018-07-03 00:00:00+00:00,137.84,140.75,137.71,140.6,3164659,136.6193245955,139.5035543878,136.4904758419,139.354882749,3164659,0.0,1.0
2018-07-05 00:00:00+00:00,139.77,139.89,138.22,139.26,5576669,138.5322330144,138.6511703254,136.9959594137,138.0267494426,5576669,0.0,1.0
2018-07-06 00:00:00+00:00,141.4,141.73,139.01,140.19,5045794,140.1477981558,140.4748757611,137.7789633779,138.948513603,5045794,0.0,1.0
2018-07-09 00:00:00+00:00,141.76,142.87,139.88,142.65,5183128,140.5046100889,141.6047802159,138.6412588829,141.386728479,5183128,0.0,1.0
2018-07-10 00:00:00+00:00,142.45,143.51,141.51,142.3,3643685,141.1884996273,142.2391125413,140.2568240243,141.0398279885,3643685,0.0,1.0
2018-07-11 00:00:00+00:00,145.25,145.64,141.02,141.21,6168002,143.9637035511,144.350249812,139.7711633376,139.9594807467,6168002,0.0,1.0
2018-07-12 00:00:00+00:00,148.16,148.7,145.8,145.8,4680977,146.8479333435,147.3831512431,144.5088328933,144.5088328933,4680977,0.0,1.0
2018-07-13 00:00:00+00:00,147.61,148.0,145.41,147.75,3944776,146.3028040013,146.6893502621,144.1222866325,146.4415641975,3944776,0.0,1.0
2018-07-16 00:00:00+00:00,146.96,148.69,146.82,147.84,3592057,145.6585602332,147.3732398005,145.519800037,146.5307671807,3592057,0.0,1.0
2018-07-17 00:00:00+00:00,147.02,147.44,143.08,145.41,5133919,145.7180288887,146.1343094773,141.8129205101,144.1222866325,5133919,0.0,1.0
2018-07-18 00:00:00+00:00,147.84,148.19,145.76,147.02,2908141,146.5307671807,146.8776676712,144.469187123,145.7180288887,2908141,0.0,1.0
2018-07-19 00:00:00+00:00,147.16,148.0,146.61,147.0,3590614,145.8567890849,146.6893502621,145.3116597427,145.6982060036,3590614,0.0,1.0
2018-07-20 00:00:00+00:00,146.87,147.92,146.69,147.44,2533781,145.56935725,146.6100587214,145.3909512834,146.1343094773,2533781,0.0,1.0
2018-07-23 00:00:00+00:00,147.56,147.64,144.8,146.87,2538119,146.2532467883,146.332538329,143.5176886348,145.56935725,2538119,0.0,1.0
2018-07-24 00:00:00+00:00,146.0,148.85,145.18,148.55,4052312,144.707061745,147.5318228818,143.8943234531,147.2344796043,4052312,0.0,1.0
2018-07-25 00:00:00+00:00,148.87,149.35,146.0,146.13,4267918,147.551645767,148.0273950111,144.707061745,144.8359104987,4267918,0.0,1.0
2018-07-26 00:00:00+00:00,147.57,148.75,145.68,147.98,3414306,146.2631582309,147.432708456,144.3898955823,146.6695273769,3414306,0.0,1.0
2018-07-27 00:00:00+00:00,143.91,148.28,142.38,148.25,5925461,142.6355702447,146.9668706545,141.1191195292,146.9371363267,5925461,0.0,1.0
2018-07-30 00:00:00+00:00,138.03,143.73,135.52,143.54,9521968,136.8076420046,142.4571642782,134.3198699157,142.2688468691,9521968,0.0,1.0
2018-07-31 00:00:00+00:00,137.15,139.79,135.39,138.68,7442857,135.9354350571,138.5520558996,134.1910211621,137.4518857726,7442857,0.0,1.0
2018-08-01 00:00:00+00:00,137.68,140.9,137.51,138.0,5098091,136.4607415141,139.6522260266,136.2922469901,136.7779076768,5098091,0.0,1.0
2018-08-02 00:00:00+00:00,141.14,141.3,136.75,137.05,3779192,139.8901006486,140.04868373,135.5389773537,135.8363206312,3779192,0.0,1.0
2018-08-03 00:00:00+00:00,141.04,141.74,138.42,141.53,3463527,139.7909862227,140.4847872037,137.1941882654,140.2766469094,3463527,0.0,1.0
2018-08-06 00:00:00+00:00,142.71,142.85,140.65,140.89,3247342,141.4461971345,141.5849573307,139.4044399619,139.642314584,3247342,0.0,1.0
2018-08-07 00:00:00+00:00,144.44,144.61,142.73,143.53,3928255,143.1608767017,143.3293712257,141.4660200197,142.2589354265,3928255,0.0,1.0
2018-08-08 00:00:00+00:00,145.17,145.64,143.16,144.46,3027248,143.8844120105,144.350249812,141.8922120508,143.1806995869,3027248,0.0,1.0
2018-08-09 00:00:00+00:00,145.82,146.85,145.09,145.3,3572588,144.5286557785,145.5495343648,143.8051204698,144.0132607641,3572588,0.0,1.0
2018-08-10 00:00:00+00:00,145.51,147.0,144.35,144.93,2748786,144.2214010584,145.6982060036,143.0716737185,143.6465373884,2748786,0.0,1.0
2018-08-13 00:00:00+00:00,144.45,147.18,144.22,145.63,2880424,143.1707881443,145.8766119701,142.9428249649,144.3403383694,2880424,0.0,1.0
2018-08-14 00:00:00+00:00,146.57,146.77,144.57,146.18,3474743,145.2720139724,145.4702428241,143.2897254554,144.8854677116,3474743,0.0,1.0
2018-08-15 00:00:00+00:00,145.04,147.88,143.6,146.08,4476924,143.7555632569,146.5704129511,142.3283155246,144.7863532857,4476924,0.0,1.0
2018-08-16 00:00:00+00:00,145.73,146.91,145.22,146.51,3703974,144.4394527952,145.6090030203,143.9339692234,145.2125453169,3703974,0.0,1.0
2018-08-17 00:00:00+00:00,145.02,146.01,143.95,145.5,2865587,143.7357403717,144.7169731876,142.6752160151,144.2114896158,2865587,0.0,1.0
2018-08-20 00:00:00+00:00,145.71,146.06,144.32,145.21,2882181,144.4196299101,144.7665304006,143.0419393907,143.9240577808,2882181,0.0,1.0
2018-08-21 00:00:00+00:00,145.53,148.79,145.36,146.41,4063688,144.2412239435,147.4723542263,144.0727294196,145.113430891,4063688,0.0,1.0
2018-08-22 00:00:00+00:00,146.46,147.2,145.05,145.59,4245303,145.162988104,145.8964348553,143.7654746994,144.300692599,4245303,0.0,1.0
2018-08-23 00:00:00+00:00,147.83,148.34,146.07,146.83,6196336,146.5208557382,147.02633931,144.7764418431,145.5297114796,6196336,0.0,1.0
2018-08-24 00:00:00+00:00,152.3,152.38,148.5,148.5,4881956,150.9512705738,151.0305621145,147.1849223914,147.1849223914,4881956,0.0,1.0
2018-08-27 00:00:00+00:00,151.68,154.88,150.2,154.71,5814765,150.3367611335,153.5084227608,148.8698676309,153.3399282368,5814765,0.0,1.0
2018-08-28 00:00:00+00:00,152.99,153.4,151.56,152.03,5266932,151.6351601122,152.0415292581,150.2178238225,150.683661624,5266932,0.0,1.0
2018-08-29 00:00:00+00:00,154.8,154.97,153.05,153.33,9018599,153.4291312201,153.597625744,151.6946287677,151.9721491601,9018599,0.0,1.0
2018-08-30 00:00:00+00:00,152.14,153.74,149.5,151.12,14440957,150.7926874924,152.378518306,148.1760666499,149.7817203487,14440957,0.0,1.0
2018-08-31 00:00:00+00:00,152.68,153.87,151.9,152.14,6210529,151.327905392,152.5073670597,150.5548128704,150.7926874924,6210529,0.0,1.0
2018-09-04 00:00:00+00:00,153.21,153.34,151.51,152.11,5310894,151.853211849,151.9820606026,150.1682666095,150.7629531646,5310894,0.0,1.0
2018-09-05 00:00:00+00:00,148.65,152.78,147.08,152.39,7287417,147.3335940301,151.4270198179,145.7774975443,151.040473557,7287417,0.0,1.0
2018-09-06 00:00:00+00:00,148.83,149.16,147.08,148.75,4190347,147.5119999967,147.839077602,145.7774975443,147.432708456,4190347,0.0,1.0
2018-09-07 00:00:00+00:00,150.43,151.41,147.5,147.84,3866773,149.0978308103,150.0691521837,146.1937781328,146.5307671807,3866773,0.0,1.0
2018-09-10 00:00:00+00:00,151.32,151.58,148.0,150.0,3871965,149.9799492004,150.2376467076,146.6893502621,148.6716387792,3871965,0.0,1.0
2018-09-11 00:00:00+00:00,152.84,153.75,150.62,151.08,4151022,151.4864884734,152.3884297486,149.2861482194,149.7420745784,4151022,0.0,1.0
2018-09-12 00:00:00+00:00,155.37,155.77,151.81,152.84,5180848,153.9940834474,154.3905411509,150.4656098871,151.4864884734,5180848,0.0,1.0
2018-09-13 00:00:00+00:00,158.18,158.78,155.82,155.87,6213541,156.7791988139,157.373885369,154.4400983638,154.4896555767,6213541,0.0,1.0
2018-09-14 00:00:00+00:00,157.49,158.79,156.32,157.95,4615261,156.0953092755,157.3837968116,154.935670493,156.5512356344,4615261,0.0,1.0
2018-09-17 00:00:00+00:00,154.92,158.43,154.62,157.0,3899581,153.5480685311,157.0269848785,153.2507252536,155.6096485888,3899581,0.0,1.0
2018-09-18 00:00:00+00:00,156.0,158.03,154.75,154.76,3749879,154.6185043303,156.6305271751,153.3795740072,153.3894854497,3749879,0.0,1.0
2018-09-19 00:00:00+00:00,152.9,157.33,152.39,156.37,5546201,151.5459571289,155.9367261942,151.040473557,154.985227706,5546201,0.0,1.0
2018-09-20 00:00:00+00:00,155.5,156.07,151.65,153.29,4655730,154.1229322011,154.6878844284,150.3070268057,151.9325033897,4655730,0.0,1.0
2018-09-21 00:00:00+00:00,155.52,157.96,154.96,157.07,17991594,154.1427550862,156.561147077,153.5877143015,155.6790286869,17991594,0.0,1.0
2018-09-24 00:00:00+00:00,158.78,158.91,153.33,155.38,5082094,157.373885369,157.5027341226,151.9721491601,154.00399489,5082094,0.0,1.0
2018-09-25 00:00:00+00:00,158.87,159.14,157.17,159.0,5699599,157.4630883523,157.7306973021,155.7781431128,157.5919371059,5699599,0.0,1.0
2018-09-26 00:00:00+00:00,158.33,159.93,157.35,159.06,4079727,156.9278704527,158.5137012663,155.9565490793,157.6514057614,4079727,0.0,1.0
2018-09-27 00:00:00+00:00,160.43,161.08,158.93,159.05,3930274,159.0092733956,159.6535171636,157.5225570078,157.6414943188,3930274,0.0,1.0
2018-09-28 00:00:00+00:00,159.03,160.86,158.94,160.0,4607671,157.6216714337,159.4354654268,157.5324684504,158.5830813644,4607671,0.0,1.0
2018-10-01 00:00:00+00:00,159.86,161.19,159.02,160.11,4297554,158.4443211682,159.7625430321,157.6117599911,158.6921072329,4297554,0.0,1.0
2018-10-02 00:00:00+00:00,157.26,159.58,156.7,159.27,4137003,155.8673460961,158.1668007758,155.3123053113,157.8595460557,4137003,0.0,1.0
2018-10-03 00:00:00+00:00,159.1,159.76,157.02,158.56,3561623,157.6910515318,158.3452067424,155.629471474,157.1558336322,3561623,0.0,1.0
2018-10-04 00:00:00+00:00,154.9,158.84,153.78,158.2,6206372,153.5282456459,157.4333540245,152.4181640764,156.7990216991,6206372,0.0,1.0
2018-10-05 00:00:00+00:00,155.07,156.6,152.47,154.86,4963564,153.6967401699,155.2131908854,151.1197650977,153.4885998756,4963564,0.0,1.0
2018-10-08 00:00:00+00:00,148.65,154.62,145.6,154.24,10238725,147.3335940301,153.2507252536,144.3106040416,152.8740904353,10238725,0.0,1.0
2018-10-09 00:00:00+00:00,148.5,150.87,147.21,148.32,5593337,147.1849223914,149.5339342841,145.9063462979,147.0065164248,5593337,0.0,1.0
2018-10-10 00:00:00+00:00,137.81,147.59,137.54,147.52,13660587,136.5895902677,146.2829811161,136.3219813179,146.213601018,13660587,0.0,1.0
2018-10-11 00:00:00+00:00,139.24,142.16,136.45,137.44,10499303,138.0069265574,140.9010677923,135.2416340761,136.222866892,10499303,0.0,1.0
2018-10-12 00:00:00+00:00,146.74,148.75,143.22,145.77,9371711,145.4405084964,147.432708456,141.9516807063,144.4790985656,9371711,0.0,1.0
2018-10-15 00:00:00+00:00,141.95,146.7,141.32,146.7,6040808,140.692927498,145.400862726,140.0685066151,145.400862726,6040808,0.0,1.0
2018-10-16 00:00:00+00:00,147.44,147.91,144.01,145.47,5383148,146.1343094773,146.6001472788,142.7346846706,144.181755288,5383148,0.0,1.0
2018-10-17 00:00:00+00:00,147.01,148.35,145.42,148.35,3377854,145.7081174462,147.0362507526,144.1321980751,147.0362507526,3377854,0.0,1.0
2018-10-18 00:00:00+00:00,142.84,147.59,141.43,146.09,5338244,141.5750458881,146.2829811161,140.1775324836,144.7962647283,5338244,0.0,1.0
2018-10-19 00:00:00+00:00,140.49,145.37,140.38,143.61,5141616,139.2458568806,144.0826408622,139.1368310121,142.3382269672,5141616,0.0,1.0
2018-10-22 00:00:00+00:00,142.95,143.8,139.2,141.7,4234925,141.6840717565,142.5265443763,137.9672807871,140.4451414334,4234925,0.0,1.0
2018-10-23 00:00:00+00:00,140.66,141.97,137.78,139.32,6461980,139.4143514045,140.7127503832,136.5598559399,138.0862180981,6461980,0.0,1.0
2018-10-24 00:00:00+00:00,133.26,141.5,133.0,141.23,7251491,132.0798838914,140.2469125817,131.8221863842,139.9793036319,7251491,0.0,1.0
2018-10-25 00:00:00+00:00,140.8,141.69,133.67,133.69,7792908,139.5531116007,140.4352299908,132.4862530374,132.5060759226,7792908,0.0,1.0
2018-10-26 00:00:00+00:00,135.52,139.21,132.61,135.75,7457049,134.3198699157,137.9771922296,131.4356401234,134.5478330951,7457049,0.0,1.0
2018-10-29 00:00:00+00:00,130.99,139.55,128.53,138.1,9212497,129.8299864245,138.3141812775,127.3917715486,136.8770221027,9212497,0.0,1.0
2018-10-30 00:00:00+00:00,132.17,132.99,128.03,130.44,10037948,130.9995366496,131.8122749416,126.8961994193,129.2848570824,10037948,0.0,1.0
2018-10-31 00:00:00+00:00,137.24,138.71,134.77,134.92,6666385,136.0246380403,137.4816201004,133.5765117218,133.7251833606,6666385,0.0,1.0
2018-11-01 00:00:00+00:00,139.59,139.8,136.41,138.4,4668793,138.3538270479,138.5619673422,135.2019883058,137.1743653802,4668793,0.0,1.0
2018-11-02 00:00:00+00:00,136.79,140.55,136.1,140.14,4481562,135.578623124,139.3053255361,134.8947335856,138.8989563901,4481562,0.0,1.0
2018-11-05 00:00:00+00:00,135.44,137.34,133.46,137.34,4629865,134.240578375,136.1237524662,132.2781127431,136.1237524662,4629865,0.0,1.0
2018-11-06 00:00:00+00:00,133.95,138.0,132.98,135.4,4667107,132.7637734298,136.7779076768,131.802363499,134.2009326047,4667107,0.0,1.0
2018-11-07 00:00:00+00:00,141.79,142.31,136.43,136.85,5803989,140.5343444166,141.0497394311,135.2218111909,135.6380917795,5803989,0.0,1.0
2018-11-08 00:00:00+00:00,141.87,143.63,140.68,143.22,3986674,140.6136359573,142.3580498523,139.4341742897,141.9516807063,3986674,0.0,1.0
2018-11-09 00:00:00+00:00,136.92,141.06,135.05,141.06,5252479,135.7074718776,139.8108091079,133.8540321142,139.8108091079,5252479,0.0,1.0
2018-11-12 00:00:00+00:00,130.5,136.66,130.08,135.74,7571238,129.3443257379,135.4497743704,128.9280451493,134.5379216526,7571238,0.0,1.0
2018-11-13 00:00:00+00:00,132.16,133.77,128.95,131.48,6176340,130.989625207,132.5853674633,127.8080521371,130.3156471112,6176340,0.0,1.0
2018-11-14 00:00:00+00:00,129.35,134.94,128.58,134.21,5729582,128.2045098406,133.7450062457,127.4413287615,133.021470937,5729582,0.0,1.0
2018-11-15 00:00:00+00:00,132.49,132.95,126.3,129.2,6468655,131.3167028123,131.7726291713,125.181519852,128.0558382018,6468655,0.0,1.0
2018-11-16 00:00:00+00:00,132.55,133.47,130.08,131.85,5126893,131.3761714678,132.2880241857,128.9280451493,130.6823704869,5126893,0.0,1.0
2018-11-19 00:00:00+00:00,121.01,132.26,120.42,131.6,14284689,119.9383667244,131.0887396329,119.3535916119,130.4345844222,14284689,0.0,1.0
2018-11-20 00:00:00+00:00,120.67,124.94,113.6,114.33,13829467,119.6013776765,123.8335636605,112.5939877687,113.3175230775,13829467,0.0,1.0
2018-11-21 00:00:00+00:00,123.59,125.75,121.61,124.2,7311254,122.4955189114,124.6363905099,120.5330532796,123.1001169091,7311254,0.0,1.0
2018-11-23 00:00:00+00:00,122.03,123.71,120.71,121.33,3009553,120.9493338681,122.6144562225,119.6410234469,120.2555328872,3009553,0.0,1.0
2018-11-26 00:00:00+00:00,126.41,126.95,123.66,124.48,9321154,125.2905457205,125.8257636201,122.5648990095,123.3776373015,9321154,0.0,1.0
2018-11-27 00:00:00+00:00,127.54,127.61,123.72,125.15,10558761,126.4105387326,126.4799188307,122.624367665,124.0417039547,10558761,0.0,1.0
2018-11-28 00:00:00+00:00,140.64,140.89,131.97,138.48,25705402,139.3945285193,139.642314584,130.8013077979,137.2536569209,25705402,0.0,1.0
2018-11-29 00:00:00+00:00,139.72,142.88,139.27,139.85,7762951,138.4826758015,141.6146916584,138.0366608852,138.6115245551,7762951,0.0,1.0
2018-11-30 00:00:00+00:00,142.76,143.22,138.28,138.89,9401355,141.4957543474,141.9516807063,137.0554280692,137.6600260669,9401355,0.0,1.0
2018-12-03 00:00:00+00:00,144.15,147.07,142.56,146.3,7358308,142.8734448668,145.7675861017,141.2975254957,145.0044050226,7358308,0.0,1.0
2018-12-04 00:00:00+00:00,139.24,145.2,138.8,142.73,6978357,138.0069265574,143.9141463382,137.5708230836,141.4660200197,6978357,0.0,1.0
2018-12-06 00:00:00+00:00,142.06,142.06,132.75,134.8,9186581,140.8019533664,140.8019533664,131.5744003196,133.6062460495,9186581,0.0,1.0
2018-12-07 00:00:00+00:00,135.95,142.37,134.74,141.9,6225324,134.7460619468,141.1092080866,133.546777394,140.6433702851,6225324,0.0,1.0
2018-12-10 00:00:00+00:00,137.27,139.49,133.18,135.16,5896950,136.0543723681,138.254712622,132.0005923507,133.9630579826,5896950,0.0,1.0
2018-12-11 00:00:00+00:00,136.79,140.7,135.59,140.59,4548737,135.578623124,139.4539971748,134.3892500138,139.3449713064,4548737,0.0,1.0
2018-12-12 00:00:00+00:00,140.09,144.03,139.55,141.79,6794296,138.8493991771,142.7545075557,138.3141812775,140.5343444166,6794296,0.0,1.0
2018-12-13 00:00:00+00:00,141.14,143.63,139.58,141.5,5122765,139.8901006486,142.3580498523,138.3439156053,140.2469125817,5122765,0.0,1.0
2018-12-14 00:00:00+00:00,137.04,140.71,136.38,138.88,5354366,135.8264091886,139.4639086174,135.172253978,137.6501146243,5354366,0.0,1.0
2018-12-17 00:00:00+00:00,130.83,135.5,129.97,134.31,8392404,129.6714033432,134.3000470305,128.8190192808,133.1205853629,8392404,0.0,1.0
2018-12-18 00:00:00+00:00,132.32,133.68,130.13,132.14,6668441,131.1482082884,132.49616448,128.9776023622,130.9698023219,6668441,0.0,1.0
2018-12-19 00:00:00+00:00,131.16,136.5,129.5,131.98,7350676,129.9984809485,135.291191289,128.3531814793,130.8112192405,7350676,0.0,1.0
2018-12-20 00:00:00+00:00,127.73,132.33,122.64,129.25,12265056,126.5988561417,131.158119731,121.5539318658,128.1053954147,12265056,0.0,1.0
2018-12-21 00:00:00+00:00,122.91,129.39,122.46,128.57,12568644,121.8215408156,128.2441556109,121.3755258993,127.4314173189,12568644,0.0,1.0
2018-12-24 00:00:00+00:00,121.33,124.84,120.16,121.14,4721514,120.2555328872,123.7344492346,119.0958941047,120.067215478,4721514,0.0,1.0
2018-12-26 00:00:00+00:00,130.84,130.9,122.12,122.52,8110892,129.6813147858,129.7407834413,121.0385368514,121.4349945548,8110892,0.0,1.0
2018-12-27 00:00:00+00:00,135.2,135.2,127.84,128.8,7967689,134.0027037529,134.0027037529,126.7078820102,127.6593804984,7967689,0.0,1.0
2018-12-28 00:00:00+00:00,134.68,136.8799,132.61,136.0,7276431,133.4873087385,135.6677269928,131.4356401234,134.7956191598,7276431,0.0,1.0
2018-12-31 00:00:00+00:00,136.97,137.97,134.49,136.0,5467663,135.7570290905,136.7481733491,133.2989913294,134.7956191598,5467663,0.0,1.0
2019-01-02 00:00:00+00:00,135.55,136.83,133.05,133.4,4783943,134.3496042434,135.6182688943,131.8717435971,132.2186440876,4783943,0.0,1.0
2019-01-03 00:00:00+00:00,130.4,134.78,130.1,133.48,6365650,129.245211312,133.5864231644,128.9478680345,132.2979356283,6365650,0.0,1.0
2019-01-04 00:00:00+00:00,137.96,139.32,132.22,133.5,6650568,136.7382619065,138.0862180981,131.0490938625,132.3177585134,6650568,0.0,1.0
2019-01-07 00:00:00+00:00,142.22,143.39,138.79,141.02,9064840,140.9605364478,142.1201752303,137.5609116411,139.7711633376,9064840,0.0,1.0
2019-01-08 00:00:00+00:00,145.72,146.46,142.89,144.73,9057281,144.4295413527,145.162988104,141.624603101,143.4483085367,9057281,0.0,1.0
2019-01-09 00:00:00+00:00,145.99,147.5,144.53,146.89,5445930,144.6971503025,146.1937781328,143.250079685,145.5891801351,5445930,0.0,1.0
2019-01-10 00:00:00+00:00,147.04,147.21,143.76,143.77,5116851,145.7378517739,145.9063462979,142.4868986059,142.4968100485,5116851,0.0,1.0
2019-01-11 00:00:00+00:00,147.55,148.03,145.61,146.56,5185239,146.2433353458,146.7190845899,144.3205154842,145.2621025298,5185239,0.0,1.0
2019-01-14 00:00:00+00:00,146.05,146.73,144.7,145.75,5815495,144.756618958,145.4305970538,143.418574209,144.4592756804,5815495,0.0,1.0
2019-01-15 00:00:00+00:00,149.19,149.86,145.8,146.35,5350387,147.8688119297,148.532878583,144.5088328933,145.0539622355,5350387,0.0,1.0
2019-01-16 00:00:00+00:00,148.54,149.79,147.8,149.15,3936819,147.2245681617,148.4634984849,146.4911214104,147.8291661594,3936819,0.0,1.0
2019-01-17 00:00:00+00:00,149.82,150.72,147.69,148.54,3743179,148.4932328126,149.3852626453,146.382095542,147.2245681617,3743179,0.0,1.0
2019-01-18 00:00:00+00:00,152.51,153.27,150.24,151.83,6151237,151.1594108681,151.9126805045,148.9095134012,150.4854327723,6151237,0.0,1.0
2019-01-22 00:00:00+00:00,148.95,151.38,147.4,150.34,5203299,147.6309373077,150.0394178559,146.094663707,149.0086278271,5203299,0.0,1.0
2019-01-23 00:00:00+00:00,149.75,150.8,147.65,149.73,3335360,148.4238527145,149.464554186,146.3424497716,148.4040298294,3335360,0.0,1.0
2019-01-24 00:00:00+00:00,146.87,150.5,146.52,149.95,6734711,145.56935725,149.1672109084,145.2224567595,148.6220815662,6734711,0.0,1.0
2019-01-25 00:00:00+00:00,149.74,149.89,147.55,148.53,4601702,148.4139412719,148.5626129107,146.2433353458,147.2146567191,4601702,0.0,1.0
2019-01-28 00:00:00+00:00,147.33,148.2,146.1,148.17,4054718,146.0252836089,146.8875791138,144.8061761709,146.857844786,4054718,0.0,1.0
2019-01-29 00:00:00+00:00,145.18,148.0,144.64,147.07,3915058,143.8943234531,146.6893502621,143.3591055534,145.7675861017,3915058,0.0,1.0
2019-01-30 00:00:00+00:00,149.16,149.69,146.08,147.19,4653365,147.839077602,148.364384059,144.7863532857,145.8865234127,4653365,0.0,1.0
2019-01-31 00:00:00+00:00,151.97,153.38,148.71,149.02,8615902,150.6241929685,152.021706373,147.3930626857,147.7003174058,8615902,0.0,1.0
2019-02-01 00:00:00+00:00,155.87,155.95,151.07,152.4,5959186,154.4896555767,154.5689471174,149.7321631358,151.0503849996,5959186,0.0,1.0
2019-02-04 00:00:00+00:00,157.72,158.9,155.41,156.02,5264678,156.323272455,157.4928226801,154.0337292178,154.6383272155,5264678,0.0,1.0
2019-02-05 00:00:00+00:00,158.99,159.88,157.82,158.34,4575588,157.5820256633,158.4641440534,156.4223868808,156.9377818953,4575588,0.0,1.0
2019-02-06 00:00:00+00:00,158.13,159.1,155.08,159.0,4205093,156.729641601,157.6910515318,153.7066516125,157.5919371059,4205093,0.0,1.0
2019-02-07 00:00:00+00:00,154.93,157.06,153.36,155.96,4545469,153.5579799737,155.6691172444,152.0018834878,154.57885856,4545469,0.0,1.0
2019-02-08 00:00:00+00:00,156.67,156.7,152.71,152.91,3018703,155.2825709835,155.3123053113,151.3576397198,151.5558685715,3018703,0.0,1.0
2019-02-11 00:00:00+00:00,159.91,161.5,157.57,158.2,7125450,158.4938783812,160.0697977522,156.1746008162,156.7990216991,7125450,0.0,1.0
2019-02-12 00:00:00+00:00,162.79,163.39,160.03,161.25,5631693,161.3483738457,161.9430604008,158.6128156922,159.8220116876,5631693,0.0,1.0
2019-02-13 00:00:00+00:00,160.4,163.57,160.27,163.44,5295969,158.9795390678,162.1214663674,158.8506903142,161.9926176138,5295969,0.0,1.0
2019-02-14 00:00:00+00:00,159.47,160.44,156.71,159.47,5061105,158.0577749074,159.0191848382,155.3222167539,158.0577749074,5061105,0.0,1.0
2019-02-15 00:00:00+00:00,159.05,161.22,158.09,160.99,5281967,157.6414943188,159.7922773598,156.6899958306,159.5643141804,5281967,0.0,1.0
2019-02-19 00:00:00+00:00,160.61,161.48,159.14,159.66,3883224,159.1876793621,160.0499748671,157.7306973021,158.2460923165,3883224,0.0,1.0
2019-02-20 00:00:00+00:00,158.54,161.49,157.21,160.33,7047244,157.136010747,160.0598863096,155.8177888831,158.9101589697,7047244,0.0,1.0
2019-02-21 00:00:00+00:00,159.63,160.48,157.3,157.7,4463028,158.2163579888,159.0588306085,155.9069918664,156.3034495698,4463028,0.0,1.0
2019-02-22 00:00:00+00:00,161.31,161.71,160.2,160.47,4175005,159.8814803431,160.2779380465,158.7813102161,159.0489191659,4175005,0.0,1.0
2019-02-25 00:00:00+00:00,161.36,163.06,160.93,162.51,5076691,159.931037556,161.6159827955,159.5048455249,161.0708534533,5076691,0.0,1.0
2019-02-26 00:00:00+00:00,163.0,163.38,159.87,160.81,4496279,161.55651414,161.9331489583,158.4542326108,159.3859082138,4496279,0.0,1.0
2019-02-27 00:00:00+00:00,163.12,163.53,160.5,162.29,4278257,161.675451451,162.081820597,159.0786534937,160.8528017165,4278257,0.0,1.0
2019-02-28 00:00:00+00:00,163.65,164.6,162.17,163.0,6908054,162.2007579081,163.1423449537,160.7338644054,161.55651414,6908054,0.0,1.0
2019-03-01 00:00:00+00:00,164.53,166.15,161.75,165.15,6919941,163.0729648556,164.6786185544,160.3175838169,163.6874742958,6919941,0.0,1.0
2019-03-04 00:00:00+00:00,158.5,165.79,155.42,165.56,17886304,157.0963649766,164.3218066213,154.0436406604,164.0938434418,17886304,0.0,1.0
2019-03-05 00:00:00+00:00,156.97,160.88,154.8,159.92,16042915,155.5799142611,159.4552883119,153.4291312201,158.5037898237,16042915,0.0,1.0
2019-03-06 00:00:00+00:00,156.79,160.25,156.28,157.13,7436333,155.4015082946,158.8308674291,154.8960247227,155.7384973425,7436333,0.0,1.0
2019-03-07 00:00:00+00:00,155.6,157.59,154.81,156.09,6916457,154.2220466269,156.1944237014,153.4390426627,154.7077073136,6916457,0.0,1.0
2019-03-08 00:00:00+00:00,155.06,155.41,150.25,152.02,4800711,153.6868287273,154.0337292178,148.9194248438,150.6737501814,4800711,0.0,1.0
2019-03-11 00:00:00+00:00,157.65,157.77,153.43,155.9,5699541,156.2538923569,156.3728296679,152.0712635859,154.5193899045,5699541,0.0,1.0
2019-03-12 00:00:00+00:00,158.28,159.37,157.16,158.0,4082085,156.8783132398,157.9586604816,155.7682316702,156.6007928474,4082085,0.0,1.0
2019-03-13 00:00:00+00:00,159.81,162.0,158.61,158.85,5230611,158.3947639553,160.5653698815,157.2053908451,157.4432654671,5230611,0.0,1.0
2019-03-14 00:00:00+00:00,160.67,161.59,159.74,160.95,3247216,159.2471480176,160.1590007355,158.3253838572,159.52466841,3247216,0.0,1.0
2019-03-15 00:00:00+00:00,161.51,162.18,159.19,160.64,6743790,160.0797091948,160.743775848,157.780254515,159.2174136899,6743790,0.0,1.0
2019-03-18 00:00:00+00:00,161.95,163.33,160.88,161.4,3575800,160.5158126686,161.8835917453,159.4552883119,159.9706833264,3575800,0.0,1.0
2019-03-19 00:00:00+00:00,163.93,164.62,161.6,162.52,4378959,162.4782783004,163.1621678388,160.1689121781,161.0807648959,4378959,0.0,1.0
2019-03-20 00:00:00+00:00,163.51,164.95,161.51,163.84,4391046,162.0619977119,163.4892454441,160.0797091948,162.3890753172,4391046,0.0,1.0
2019-03-21 00:00:00+00:00,166.95,166.99,162.75,163.17,4277816,165.4715339612,165.5111797315,161.3087280754,161.725008664,4277816,0.0,1.0
2019-03-22 00:00:00+00:00,161.5,166.49,161.35,165.96,5614288,160.0697977522,165.0156076023,159.9211261134,164.4903011453,5614288,0.0,1.0
2019-03-25 00:00:00+00:00,160.88,161.6,159.22,160.23,3795625,159.4552883119,160.1689121781,157.8099888428,158.8110445439,3795625,0.0,1.0
2019-03-26 00:00:00+00:00,159.4,162.07,157.39,161.43,6910264,157.9883948093,160.6347499796,155.9961948497,160.0004176541,6910264,0.0,1.0
2019-03-27 00:00:00+00:00,155.12,159.3,152.37,159.0,8218682,153.7462973828,157.8892803835,151.0206506719,157.5919371059,8218682,0.0,1.0
2019-03-28 00:00:00+00:00,155.18,156.48,153.51,155.69,4424829,153.8057660383,155.0942535744,152.1505551266,154.3112496102,4424829,0.0,1.0
2019-03-29 00:00:00+00:00,158.37,158.5,155.43,156.87,4913087,156.967516223,157.0963649766,154.053552103,155.4807998352,4913087,0.0,1.0
2019-04-01 00:00:00+00:00,161.18,161.68,158.51,160.1,4601126,159.7526315895,160.2482037188,157.1062764192,158.6821957903,4601126,0.0,1.0
2019-04-02 00:00:00+00:00,160.51,160.99,158.91,160.86,3158591,159.0885649363,159.5643141804,157.5027341226,159.4354654268,3158591,0.0,1.0
2019-04-03 00:00:00+00:00,162.62,163.14,160.65,161.78,3819829,161.1798793218,161.6952743362,159.2273251325,160.3473181446,3819829,0.0,1.0
2019-04-04 00:00:00+00:00,158.52,162.8,155.83,162.71,6295218,157.1161878618,161.3582852883,154.4500098064,161.269082305,6295218,0.0,1.0
2019-04-05 00:00:00+00:00,158.56,160.24,158.02,159.63,4315403,157.1558336322,158.8209559865,156.6206157325,158.2163579888,4315403,0.0,1.0
2019-04-08 00:00:00+00:00,158.47,158.79,156.45,158.4,2848571,157.0666306489,157.3837968116,155.0645192467,156.9972505508,2848571,0.0,1.0
2019-04-09 00:00:00+00:00,156.97,158.35,156.65,157.04,5642884,155.5799142611,156.9476933379,155.2627480984,155.6492943592,5642884,0.0,1.0
2019-04-10 00:00:00+00:00,160.24,160.38,157.65,158.2,3414745,158.8209559865,158.9597161827,156.2538923569,156.7990216991,3414745,0.0,1.0
2019-04-11 00:00:00+00:00,160.73,160.83,159.02,160.16,2578390,159.3066166732,159.405731099,157.6117599911,158.7416644458,2578390,0.0,1.0
2019-04-12 00:00:00+00:00,160.71,162.5,159.5,162.0,2844167,159.286793788,161.0609420108,158.0875092352,160.5653698815,2844167,0.0,1.0
2019-04-15 00:00:00+00:00,160.09,162.03,159.49,161.0,2608365,158.6722843477,160.5951042092,158.0775977926,159.574225623,2608365,0.0,1.0
2019-04-16 00:00:00+00:00,158.69,160.26,157.75,160.04,3004836,157.2846823858,158.8407788716,156.3530067827,158.6227271348,3004836,0.0,1.0
2019-04-17 00:00:00+00:00,155.34,159.05,155.07,159.05,4765519,153.9643491197,157.6414943188,153.6967401699,157.6414943188,4765519,0.0,1.0
2019-04-18 00:00:00+00:00,155.99,156.21,153.17,154.9,4391704,154.6085928877,154.8266446246,151.8135660787,153.5282456459,4391704,0.0,1.0
2019-04-22 00:00:00+00:00,158.76,159.14,155.28,155.45,2943629,157.3540624839,157.7306973021,153.9048804642,154.0733749881,2943629,0.0,1.0
2019-04-23 00:00:00+00:00,161.23,161.4,158.41,159.76,3418371,159.8021888024,159.9706833264,157.0071619934,158.3452067424,3418371,0.0,1.0
2019-04-24 00:00:00+00:00,159.56,162.49,159.4,161.88,3384945,158.1469778907,161.0510305682,157.9883948093,160.4464325705,3384945,0.0,1.0
2019-04-25 00:00:00+00:00,163.09,163.89,161.0,162.0,5498432,161.6457171233,162.4386325301,159.574225623,160.5653698815,5498432,0.0,1.0
2019-04-26 00:00:00+00:00,165.96,166.06,161.28,162.42,3343064,164.4903011453,164.5894155711,159.8517460153,160.9816504701,3343064,0.0,1.0
2019-04-29 00:00:00+00:00,165.36,167.56,165.33,166.71,4509669,163.8956145901,166.0761319589,163.8658802624,165.2336593392,4509669,0.0,1.0
2019-04-30 00:00:00+00:00,165.35,166.44,163.62,165.19,3581801,163.8857031476,164.9660503893,162.1710235803,163.7271200662,3581801,0.0,1.0
2019-05-01 00:00:00+00:00,162.15,166.22,162.14,166.01,2707730,160.7140415203,164.7479986525,160.7041300777,164.5398583582,2707730,0.0,1.0
2019-05-02 00:00:00+00:00,161.83,162.7,159.63,161.69,3181073,160.3968753575,161.2591708625,158.2163579888,160.2581151613,3181073,0.0,1.0
2019-05-03 00:00:00+00:00,163.34,163.5,160.86,162.58,3131437,161.8935031879,162.0520862693,159.4354654268,161.1402335514,3131437,0.0,1.0
2019-05-06 00:00:00+00:00,162.5,162.84,157.86,158.62,2520943,161.0609420108,161.3979310587,156.4620326512,157.2153022877,2520943,0.0,1.0
2019-05-07 00:00:00+00:00,156.9,161.67,154.75,161.33,6541888,155.510534163,160.2382922762,153.3795740072,159.9013032283,6541888,0.0,1.0
2019-05-08 00:00:00+00:00,156.86,157.93,155.04,157.11,4061339,155.4708883927,156.5314127493,153.6670058421,155.7186744573,4061339,0.0,1.0
2019-05-09 00:00:00+00:00,156.31,157.1,152.39,154.65,5809346,154.9257590505,155.7087630147,151.040473557,153.2804595813,5809346,0.0,1.0
2019-05-10 00:00:00+00:00,159.94,160.61,154.38,156.28,4462213,158.5236127089,159.1876793621,153.0128506315,154.8960247227,4462213,0.0,1.0
2019-05-13 00:00:00+00:00,153.15,156.9,152.78,154.92,5694582,151.7937431935,155.510534163,151.4270198179,153.5480685311,5694582,0.0,1.0
2019-05-14 00:00:00+00:00,158.07,158.59,152.92,155.05,4954034,156.6701729455,157.1855679599,151.5657800141,153.6769172847,4954034,0.0,1.0
2019-05-15 00:00:00+00:00,155.06,156.38,151.7,153.82,7783774,153.6868287273,154.9951391486,150.3565840187,152.4578098467,7783774,0.0,1.0
2019-05-16 00:00:00+00:00,158.48,159.45,155.9,156.76,5048088,157.0765420915,158.0379520222,154.5193899045,155.3717739668,5048088,0.0,1.0
2019-05-17 00:00:00+00:00,154.57,157.16,153.17,156.18,5314319,153.2011680406,155.7682316702,151.8135660787,154.7969102969,5314319,0.0,1.0
2019-05-20 00:00:00+00:00,155.98,156.09,151.7,152.47,5437590,154.5986814452,154.7077073136,150.3565840187,151.1197650977,5437590,0.0,1.0
2019-05-21 00:00:00+00:00,155.78,157.84,155.18,157.36,3803459,154.4004525934,156.442209766,153.8057660383,155.9664605219,3803459,0.0,1.0
2019-05-22 00:00:00+00:00,157.64,158.19,155.84,155.87,3170058,156.2439809143,156.7891102565,154.459921249,154.4896555767,3170058,0.0,1.0
2019-05-23 00:00:00+00:00,153.71,156.34,152.15,156.03,4508215,152.3487839783,154.9554933782,150.802598935,154.6482386581,4508215,0.0,1.0
2019-05-24 00:00:00+00:00,154.51,156.93,154.16,154.89,3151662,153.1416993851,155.5402684908,152.7947988946,153.5183342034,3151662,0.0,1.0
2019-05-28 00:00:00+00:00,155.19,157.81,154.39,155.35,4934063,153.8156774809,156.4124754383,153.0227620741,153.9742605623,4934063,0.0,1.0
2019-05-29 00:00:00+00:00,152.89,154.06,151.2,153.76,4359454,151.5360456863,152.6956844688,149.8610118894,152.3983411912,4359454,0.0,1.0
2019-05-30 00:00:00+00:00,155.66,155.87,153.9,154.32,4418092,154.2815152824,154.4896555767,152.5371013874,152.953381976,4418092,0.0,1.0
2019-05-31 00:00:00+00:00,151.41,154.48,151.26,152.66,5326907,150.0691521837,153.1119650574,149.9204805449,151.3080825068,5326907,0.0,1.0
2019-06-03 00:00:00+00:00,145.1,150.7,143.39,150.7,8835249,143.8150319124,149.3654397601,142.1201752303,149.3654397601,8835249,0.0,1.0
2019-06-04 00:00:00+00:00,150.81,150.92,142.51,146.05,12375090,149.4744656286,149.583491497,141.2479682828,144.756618958,12375090,0.0,1.0
2019-06-05 00:00:00+00:00,158.44,158.5,154.55,157.15,12072390,157.0368963211,157.0963649766,153.1813451555,155.7583202276,12072390,0.0,1.0
2019-06-06 00:00:00+00:00,159.31,160.0,157.33,158.5,5601246,157.899191826,158.5830813644,155.9367261942,157.0963649766,5601246,0.0,1.0
2019-06-07 00:00:00+00:00,161.27,162.99,159.5,159.84,7175301,159.8418345728,161.5466026974,158.0875092352,158.4244982831,7175301,0.0,1.0
2019-06-10 00:00:00+00:00,152.79,157.45,150.83,153.48,29856328,151.4369312604,156.0556635052,149.4942885137,152.1208207988,29856328,0.0,1.0
2019-06-11 00:00:00+00:00,150.15,155.71,148.79,155.31,15214322,148.8203104179,154.3310724953,147.4723542263,153.9346147919,15214322,0.0,1.0
2019-06-12 00:00:00+00:00,151.28,152.32,150.15,151.11,7161291,149.9403034301,150.9710934589,148.8203104179,149.7718089061,7161291,0.0,1.0
2019-06-13 00:00:00+00:00,151.34,152.24,150.25,152.16,5173787,149.9997720856,150.8918019183,148.9194248438,150.8125103776,5173787,0.0,1.0
2019-06-14 00:00:00+00:00,150.01,151.98,149.48,151.04,6248150,148.6815502217,150.634104411,148.1562437647,149.702428808,6248150,0.0,1.0
2019-06-17 00:00:00+00:00,150.29,151.28,149.87,150.2,4491845,148.9590706141,149.9403034301,148.5427900255,148.8698676309,4491845,0.0,1.0
2019-06-18 00:00:00+00:00,150.59,152.95,150.5,151.88,7317839,149.2564138917,151.5955143418,149.1672109084,150.5349899852,7317839,0.0,1.0
2019-06-19 00:00:00+00:00,154.14,154.47,150.515,151.69,8095299,152.7749760095,153.1020536148,149.1820780723,150.3466725761,8095299,0.0,1.0
2019-06-20 00:00:00+00:00,157.2,158.29,155.42,156.29,10153607,155.8078774406,156.8882246823,154.0436406604,154.9059361653,10153607,0.0,1.0
2019-06-21 00:00:00+00:00,156.84,157.79,155.94,156.67,9706930,155.4510655075,156.3926525531,154.5590356748,155.2825709835,9706930,0.0,1.0
2019-06-24 00:00:00+00:00,152.56,157.73,152.51,157.39,6378206,151.208968081,156.3331838976,151.1594108681,155.9961948497,6378206,0.0,1.0
2019-06-25 00:00:00+00:00,149.34,152.97,148.59,152.83,7362484,148.0174835685,151.615337227,147.2741253746,151.4765770308,7362484,0.0,1.0
2019-06-26 00:00:00+00:00,149.04,151.38,148.92,151.28,5844938,147.720140291,150.0394178559,147.6012029799,149.9403034301,5844938,0.0,1.0
2019-06-27 00:00:00+00:00,150.69,150.76,148.47,149.89,6832817,149.3555283175,149.4249084156,147.1551880636,148.5626129107,6832817,0.0,1.0
2019-06-28 00:00:00+00:00,151.73,151.77,149.6,150.42,6936576,150.3863183464,150.4259641167,148.2751810757,149.0879193677,6936576,0.0,1.0
2019-07-01 00:00:00+00:00,154.06,154.74,151.85,154.57,6483352,152.6956844688,153.3696625646,150.5052556574,153.2011680406,6483352,0.0,1.0
2019-07-02 00:00:00+00:00,154.12,154.36,152.58,154.29,4738611,152.7551531243,152.9930277463,151.2287909662,152.9236476482,4738611,0.0,1.0
2019-07-03 00:00:00+00:00,155.59,155.75,154.16,154.54,3885430,154.2121351843,154.3707182657,152.7947988946,153.1714337129,3885430,0.0,1.0
2019-07-05 00:00:00+00:00,154.58,154.81,152.57,153.95,3940940,153.2110794832,153.4390426627,151.2188795236,152.5866586003,3940940,0.0,1.0
2019-07-08 00:00:00+00:00,152.81,153.69,152.04,153.52,4717368,151.4567541456,152.3289610931,150.6935730666,152.1604665692,4717368,0.0,1.0
2019-07-09 00:00:00+00:00,153.95,154.19,151.68,152.08,4979273,152.5866586003,152.8245332224,150.3367611335,150.7332188369,4979273,0.0,1.0
2019-07-10 00:00:00+00:00,156.27,156.4,154.57,154.57,4966261,154.8861132801,155.0149620337,153.2011680406,153.2011680406,4966261,0.0,1.0
2019-07-11 00:00:00+00:00,158.9,159.3,156.62,156.82,7083235,157.4928226801,157.8892803835,155.2330137706,155.4312426223,7083235,0.0,1.0
2019-07-12 00:00:00+00:00,158.08,159.62,157.4,159.4,4348123,156.6800843881,158.2064465462,156.0061062923,157.9883948093,4348123,0.0,1.0
2019-07-15 00:00:00+00:00,159.65,159.84,157.48,158.76,3603693,158.2361808739,158.4244982831,156.0853978329,157.3540624839,3603693,0.0,1.0
2019-07-16 00:00:00+00:00,157.13,161.61,156.8,159.96,6913066,155.7384973425,160.1788236207,155.4114197371,158.5434355941,6913066,0.0,1.0
2019-07-17 00:00:00+00:00,158.24,159.92,157.66,157.68,4160523,156.8386674694,158.5037898237,156.2638037995,156.2836266846,4160523,0.0,1.0
2019-07-18 00:00:00+00:00,157.98,158.58,156.21,157.0,3726542,156.5809699622,157.1756565173,154.8266446246,155.6096485888,3726542,0.0,1.0
2019-07-19 00:00:00+00:00,156.75,160.74,156.29,159.73,5218844,155.3618625242,159.3165281157,154.9059361653,158.3154724146,5218844,0.0,1.0
2019-07-22 00:00:00+00:00,157.7,159.05,157.15,157.65,2910733,156.3034495698,157.6414943188,155.7583202276,156.2538923569,2910733,0.0,1.0
2019-07-23 00:00:00+00:00,156.25,158.45,155.28,157.98,4865763,154.866290395,157.0468077637,153.9048804642,156.5809699622,4865763,0.0,1.0
2019-07-24 00:00:00+00:00,159.75,160.25,155.7,155.98,4110516,158.3352952998,158.8308674291,154.3211610528,154.5986814452,4110516,0.0,1.0
2019-07-25 00:00:00+00:00,159.35,161.13,158.67,160.12,6934549,157.9388375964,159.7030743766,157.2648595006,158.7020186755,6934549,0.0,1.0
2019-07-26 00:00:00+00:00,159.97,160.82,158.73,159.56,4979078,158.5533470367,159.3958196564,157.3243281561,158.1469778907,4979078,0.0,1.0
2019-07-29 00:00:00+00:00,156.21,161.2,155.52,160.4,8880457,154.8266446246,159.7724544747,154.1427550862,158.9795390678,8880457,0.0,1.0
2019-07-30 00:00:00+00:00,156.96,158.22,154.62,155.34,4241587,155.5700028185,156.8188445843,153.2507252536,153.9643491197,4241587,0.0,1.0
2019-07-31 00:00:00+00:00,154.5,157.89,152.3,157.39,7454174,153.1317879425,156.4917669789,150.9512705738,155.9961948497,7454174,0.0,1.0
2019-08-01 00:00:00+00:00,150.81,157.78,150.41,154.73,26124657,149.4744656286,156.3827411105,149.0780079252,153.359751122,26124657,0.0,1.0
2019-08-02 00:00:00+00:00,145.7,149.9,145.31,149.8,13138900,144.4097184675,148.5725243533,144.0231722067,148.4734099275,13138900,0.0,1.0
2019-08-05 00:00:00+00:00,142.82,143.75,139.8,141.34,13070094,141.5552230029,142.4769871634,138.5619673422,140.0883295003,13070094,0.0,1.0
2019-08-06 00:00:00+00:00,142.8,144.96,141.96,143.79,6693998,141.5354001178,143.6762717162,140.7028389406,142.5166329337,6693998,0.0,1.0
2019-08-07 00:00:00+00:00,141.64,143.1,139.06,140.93,7635513,140.3856727779,141.8327433953,137.8285205909,139.6819603543,7635513,0.0,1.0
2019-08-08 00:00:00+00:00,143.82,144.96,142.32,143.52,8670253,142.5463672615,143.6762717162,141.0596508737,142.2490239839,8670253,0.0,1.0
2019-08-09 00:00:00+00:00,143.37,144.47,141.69,143.61,5286734,142.1003523451,143.1906110295,140.4352299908,142.3382269672,5286734,0.0,1.0
2019-08-12 00:00:00+00:00,140.72,141.97,140.05,141.55,4955368,139.47382006,140.7127503832,138.8097534068,140.2964697946,4955368,0.0,1.0
2019-08-13 00:00:00+00:00,143.88,145.0,140.43,140.93,5242772,142.605835917,143.7159174865,139.186388225,139.6819603543,5242772,0.0,1.0
2019-08-14 00:00:00+00:00,139.72,142.36,137.87,141.29,8607780,138.4826758015,141.099296644,136.6490589232,140.0387722874,8607780,0.0,1.0
2019-08-15 00:00:00+00:00,142.13,143.3,139.75,141.1,6647733,140.8713334645,142.030972247,138.5124101292,139.8504548783,6647733,0.0,1.0
2019-08-16 00:00:00+00:00,143.89,145.34,142.52,143.06,5341106,142.6157473596,144.0529065344,141.2578797254,141.793097625,5341106,0.0,1.0
2019-08-19 00:00:00+00:00,143.67,146.14,142.88,145.6,4635177,142.3976956227,144.8458219412,141.6146916584,144.3106040416,4635177,0.0,1.0
2019-08-20 00:00:00+00:00,145.54,146.5,143.06,144.16,6262572,144.2511353861,145.2026338743,141.793097625,142.8833563094,6262572,0.0,1.0
2019-08-21 00:00:00+00:00,147.38,148.39,146.16,146.9,6153669,146.0748408218,147.0758965229,144.8656448264,145.5990915777,6153669,0.0,1.0
2019-08-22 00:00:00+00:00,148.24,149.9,145.47,149.49,11885312,146.9272248841,148.5725243533,144.181755288,148.1661552073,11885312,0.0,1.0
2019-08-23 00:00:00+00:00,151.57,158.42,150.65,157.7,26540017,150.227735265,157.017073436,149.3158825472,156.3034495698,26540017,0.0,1.0
2019-08-26 00:00:00+00:00,155.14,155.21,151.52,153.51,8978657,153.766120268,153.8355003661,150.1781780521,152.1505551266,8978657,0.0,1.0
2019-08-27 00:00:00+00:00,153.57,155.9,152.53,154.26,6520653,152.2100237821,154.5193899045,151.1792337532,152.8939133205,6520653,0.0,1.0
2019-08-28 00:00:00+00:00,151.83,152.78,150.87,152.5,5325734,150.4854327723,151.4270198179,149.5339342841,151.1494994255,5325734,0.0,1.0
2019-08-29 00:00:00+00:00,155.93,156.0,152.66,153.4,5981501,154.5491242322,154.6185043303,151.3080825068,152.0415292581,5981501,0.0,1.0
2019-08-30 00:00:00+00:00,156.07,158.22,153.7,156.42,7590975,154.6878844284,156.8188445843,152.3388725357,155.0347849189,7590975,0.0,1.0
2019-09-03 00:00:00+00:00,152.73,155.32,151.76,154.21,4953774,151.3774626049,153.9445262345,150.4160526742,152.8443561076,4953774,0.0,1.0
2019-09-04 00:00:00+00:00,152.46,154.92,152.32,154.09,3604089,151.1098536551,153.5480685311,150.9710934589,152.7254187965,3604089,0.0,1.0
2019-09-05 00:00:00+00:00,153.77,154.74,151.95,154.64,5065309,152.4082526338,153.3696625646,150.6043700833,153.2705481387,5065309,0.0,1.0
2019-09-06 00:00:00+00:00,151.07,154.05,150.77,153.97,4721322,149.7321631358,152.6857730262,149.4348198582,152.6064814855,4721322,0.0,1.0
2019-09-09 00:00:00+00:00,149.54,152.15,148.09,151.66,6199826,148.2157124202,150.802598935,146.7785532454,150.3169382483,6199826,0.0,1.0
2019-09-10 00:00:00+00:00,149.65,151.66,147.74,148.77,6248818,148.3247382887,150.3169382483,146.4316527549,147.4525313412,6248818,0.0,1.0
2019-09-11 00:00:00+00:00,154.09,154.65,149.04,150.09,6234096,152.7254187965,153.2804595813,147.720140291,148.7608417624,6234096,0.0,1.0
2019-09-12 00:00:00+00:00,154.75,156.8,154.41,155.04,4990916,153.3795740072,155.4114197371,153.0425849593,153.6670058421,4990916,0.0,1.0
2019-09-13 00:00:00+00:00,152.98,154.91,152.74,154.32,3763212,151.6252486696,153.5381570885,151.3873740475,152.953381976,3763212,0.0,1.0
2019-09-16 00:00:00+00:00,153.01,154.1,151.36,151.65,2590101,151.6549829973,152.7353302391,150.0195949708,150.3070268057,2590101,0.0,1.0
2019-09-17 00:00:00+00:00,152.82,153.45,151.73,153.0,3059174,151.4666655882,152.0910864711,150.3863183464,151.6450715547,3059174,0.0,1.0
2019-09-18 00:00:00+00:00,152.77,152.91,150.57,152.35,2972139,151.4171083753,151.5558685715,149.2365910065,151.0008277867,2972139,0.0,1.0
2019-09-19 00:00:00+00:00,153.6,154.25,152.77,153.52,2984591,152.2397581099,152.8840018779,151.4171083753,152.1604665692,2984591,0.0,1.0
2019-09-20 00:00:00+00:00,155.2,156.88,153.62,154.69,11762427,153.8255889235,155.4907112778,152.259580995,153.3201053516,11762427,0.0,1.0
2019-09-23 00:00:00+00:00,154.65,155.2,152.96,154.15,3824345,153.2804595813,153.8255889235,151.6054257844,152.784887452,3824345,0.0,1.0
2019-09-24 00:00:00+00:00,152.05,156.27,151.09,154.28,4157688,150.7034845091,154.8861132801,149.7519860209,152.9137362057,4157688,0.0,1.0
2019-09-25 00:00:00+00:00,152.99,153.21,148.9,152.05,3459140,151.6351601122,151.853211849,147.5813800948,150.7034845091,3459140,0.0,1.0
2019-09-26 00:00:00+00:00,152.34,153.4,151.84,152.42,3839292,150.9909163441,152.0415292581,150.4953442148,151.0702078848,3839292,0.0,1.0
2019-09-27 00:00:00+00:00,148.26,153.15,146.75,153.12,5909169,146.9470477693,151.7937431935,145.4504199389,151.7640088658,5909169,0.0,1.0
2019-09-30 00:00:00+00:00,148.44,148.97,147.41,147.95,3733016,147.1254537359,147.6507601929,146.1045751496,146.6397930492,3733016,0.0,1.0
2019-10-01 00:00:00+00:00,147.69,150.16,147.25,149.49,3213521,146.382095542,148.8302218605,145.9459920682,148.1661552073,3213521,0.0,1.0
2019-10-02 00:00:00+00:00,144.22,146.5,143.2,146.06,4484102,142.9428249649,145.2026338743,141.9318578212,144.7665304006,4484102,0.0,1.0
2019-10-03 00:00:00+00:00,147.0,147.06,142.08,144.0,3746686,145.6982060036,145.7576746591,140.8217762516,142.724773228,3746686,0.0,1.0
2019-10-04 00:00:00+00:00,148.03,148.92,146.21,148.28,3273862,146.7190845899,147.6012029799,144.9152020393,146.9668706545,3273862,0.0,1.0
2019-10-07 00:00:00+00:00,148.8,149.33,147.0,147.28,2737918,147.4822656689,148.0075721259,145.6982060036,145.975726396,2737918,0.0,1.0
2019-10-08 00:00:00+00:00,145.91,148.34,145.81,147.54,2662163,144.6178587618,147.02633931,144.5187443359,146.2334239032,2662163,0.0,1.0
2019-10-09 00:00:00+00:00,147.05,147.85,146.61,147.27,2307915,145.7477632165,146.5406786233,145.3116597427,145.9658149534,2307915,0.0,1.0
2019-10-10 00:00:00+00:00,146.41,147.56,145.51,146.84,2737925,145.113430891,146.2532467883,144.2214010584,145.5396229222,2737925,0.0,1.0
2019-10-11 00:00:00+00:00,149.37,150.71,148.09,148.14,4690243,148.0472178963,149.3753512027,146.7785532454,146.8281104583,4690243,0.0,1.0
2019-10-14 00:00:00+00:00,149.37,150.28,148.8,149.4,1580833,148.0472178963,148.9491591715,147.4822656689,148.076952224,1580833,0.0,1.0
2019-10-15 00:00:00+00:00,152.74,152.97,149.62,149.66,3946937,151.3873740475,151.615337227,148.2950039609,148.3346497313,3946937,0.0,1.0
2019-10-16 00:00:00+00:00,146.97,150.85,145.82,147.26,8998105,145.6684716758,149.5141113989,144.5286557785,145.9559035108,8998105,0.0,1.0
2019-10-17 00:00:00+00:00,146.17,148.04,145.51,147.58,5070342,144.875556269,146.7289960324,144.2214010584,146.2730696735,5070342,0.0,1.0
2019-10-18 00:00:00+00:00,144.09,146.44,142.4,146.3,6080020,142.8139762113,145.1431652188,141.1389424143,145.0044050226,6080020,0.0,1.0
2019-10-21 00:00:00+00:00,144.55,145.19,143.0,144.1,3375948,143.2699025702,143.9042348956,141.7336289695,142.8238876538,3375948,0.0,1.0
2019-10-22 00:00:00+00:00,142.33,145.96,142.14,145.05,5275551,141.0695623162,144.6674159747,140.8812449071,143.7654746994,5275551,0.0,1.0
2019-10-23 00:00:00+00:00,145.13,145.57,141.49,142.11,4937777,143.8447662401,144.2808697139,140.2370011391,140.8515105794,4937777,0.0,1.0
2019-10-24 00:00:00+00:00,148.12,148.79,146.4,146.59,5371736,146.8082875731,147.4723542263,145.1035194485,145.2918368576,5371736,0.0,1.0
2019-10-25 00:00:00+00:00,150.49,150.66,146.3,147.05,4990558,149.1572994658,149.3257939898,145.0044050226,145.7477632165,4990558,0.0,1.0
2019-10-28 00:00:00+00:00,154.79,154.92,149.43,151.2,7574823,153.4192197775,153.5480685311,148.1066865518,149.8610118894,7574823,0.0,1.0
2019-10-29 00:00:00+00:00,155.09,156.13,154.42,154.78,5476504,153.7165630551,154.7473530839,153.0524964018,153.4093083349,5476504,0.0,1.0
2019-10-30 00:00:00+00:00,158.28,158.42,155.01,155.74,4722640,156.8783132398,157.017073436,153.6372715144,154.3608068231,4722640,0.0,1.0
2019-10-31 00:00:00+00:00,156.49,158.28,155.21,156.56,4578255,155.104165017,156.8783132398,153.8355003661,155.1735451151,4578255,0.0,1.0
2019-11-01 00:00:00+00:00,159.74,160.09,156.75,157.91,4770571,158.3253838572,158.6722843477,155.3618625242,156.5115898641,4770571,0.0,1.0
2019-11-04 00:00:00+00:00,157.6,161.25,156.69,160.94,5743102,156.204335144,159.8220116876,155.3023938687,159.5147569674,5743102,0.0,1.0
2019-11-05 00:00:00+00:00,158.15,159.12,155.47,157.59,4013336,156.7494644862,157.7108744169,154.0931978733,156.1944237014,4013336,0.0,1.0
2019-11-06 00:00:00+00:00,158.93,160.0,157.75,158.94,4206093,157.5225570078,158.5830813644,156.3530067827,157.5324684504,4206093,0.0,1.0
2019-11-07 00:00:00+00:00,159.5,161.13,158.08,158.93,3800322,158.0875092352,159.7030743766,156.6800843881,157.5225570078,3800322,0.0,1.0
2019-11-08 00:00:00+00:00,161.11,161.21,158.91,159.25,3265302,159.6832514914,159.7823659173,157.5027341226,157.8397231705,3265302,0.0,1.0
2019-11-11 00:00:00+00:00,161.78,162.23,160.25,161.22,3541124,160.3473181446,160.7933330609,158.8308674291,159.7922773598,3541124,0.0,1.0
2019-11-12 00:00:00+00:00,162.86,164.37,161.59,162.0,3710582,161.4177539438,162.9143817742,160.1590007355,160.5653698815,3710582,0.0,1.0
2019-11-13 00:00:00+00:00,162.6,164.42,162.02,163.05,5499112,161.1600564366,162.9639389871,160.5851927667,161.6060713529,5499112,0.0,1.0
2019-11-14 00:00:00+00:00,163.05,163.58,162.39,163.03,3820580,161.6060713529,162.13137781,160.9519161423,161.5862484678,3820580,0.0,1.0
2019-11-15 00:00:00+00:00,163.21,163.93,160.99,163.72,3692532,161.7646544343,162.4782783004,159.5643141804,162.2701380062,3692532,0.0,1.0
2019-11-18 00:00:00+00:00,162.77,164.0,161.89,164.0,5556672,161.3285509606,162.5476583985,160.456344013,162.5476583985,5556672,0.0,1.0
2019-11-19 00:00:00+00:00,163.96,164.45,161.84,163.64,4952762,162.5080126282,162.9936733149,160.4067868001,162.1908464655,4952762,0.0,1.0
2019-11-20 00:00:00+00:00,164.2,166.34,162.25,163.44,8447883,162.7458872502,164.8669359635,160.8131559461,161.9926176138,8447883,0.0,1.0
2019-11-21 00:00:00+00:00,162.88,165.91,162.21,165.32,5720790,161.437576829,164.4407439323,160.7735101758,163.8559688198,5720790,0.0,1.0
2019-11-22 00:00:00+00:00,162.81,163.49,161.38,162.98,3759576,161.3681967309,162.0421748267,159.9508604412,161.5366912548,3759576,0.0,1.0
2019-11-25 00:00:00+00:00,161.71,164.65,161.45,163.78,5508872,160.2779380465,163.1919021666,160.0202405393,162.3296066617,5508872,0.0,1.0
2019-11-26 00:00:00+00:00,162.54,162.61,161.31,161.56,6002782,161.1005877811,161.1699678792,159.8814803431,160.1292664077,6002782,0.0,1.0
2019-11-27 00:00:00+00:00,161.51,162.83,161.11,161.92,4011729,160.0797091948,161.3880196161,159.6832514914,160.4860783408,4011729,0.0,1.0
2019-11-29 00:00:00+00:00,162.89,163.41,161.32,161.61,2432473,161.4474882716,161.962883286,159.8913917857,160.1788236207,2432473,0.0,1.0
2019-12-02 00:00:00+00:00,161.0,163.21,158.1,163.1,5104206,159.574225623,161.7646544343,156.6999072732,161.6556285659,5104206,0.0,1.0
2019-12-03 00:00:00+00:00,161.57,161.85,156.19,156.96,6531732,160.1391778503,160.4166982427,154.8068217394,155.5700028185,6531732,0.0,1.0
2019-12-04 00:00:00+00:00,156.43,160.69,154.5,160.38,17802910,155.0446963615,159.2669709028,153.1317879425,158.9597161827,17802910,0.0,1.0
2019-12-05 00:00:00+00:00,158.22,158.92,155.25,155.74,7126619,156.8188445843,157.5126455652,153.8751461364,154.3608068231,7126619,0.0,1.0
2019-12-06 00:00:00+00:00,158.01,159.5,157.59,158.1,4751083,156.61070429,158.0875092352,156.1944237014,156.6999072732,4751083,0.0,1.0
2019-12-09 00:00:00+00:00,157.48,158.9,157.06,157.38,3708983,156.0853978329,157.4928226801,155.6691172444,155.9862834071,3708983,0.0,1.0
2019-12-10 00:00:00+00:00,156.4,157.67,156.17,157.01,4074674,155.0149620337,156.2737152421,154.7869988543,155.6195600314,4074674,0.0,1.0
2019-12-11 00:00:00+00:00,156.39,156.88,155.48,156.84,4640641,155.0050505911,155.4907112778,154.1031093159,155.4510655075,4640641,0.0,1.0
2019-12-12 00:00:00+00:00,158.59,158.99,155.31,155.77,5353805,157.1855679599,157.5820256633,153.9346147919,154.3905411509,5353805,0.0,1.0
2019-12-13 00:00:00+00:00,161.13,161.49,158.55,158.86,5742150,159.7030743766,160.0598863096,157.1459221896,157.4531769097,5742150,0.0,1.0
2019-12-16 00:00:00+00:00,161.96,162.74,160.82,160.85,5369941,160.5257241111,161.2988166328,159.3958196564,159.4255539842,5369941,0.0,1.0
2019-12-17 00:00:00+00:00,161.63,162.37,159.74,162.0,4789617,160.1986465058,160.9320932571,158.3253838572,160.5653698815,4789617,0.0,1.0
2019-12-18 00:00:00+00:00,161.48,163.28,161.48,161.8,4144795,160.0499748671,161.8340345324,160.0499748671,160.3671410298,4144795,0.0,1.0
2019-12-19 00:00:00+00:00,163.33,163.34,160.83,161.59,4185422,161.8835917453,161.8935031879,159.405731099,160.1590007355,4185422,0.0,1.0
2019-12-20 00:00:00+00:00,164.55,165.17,163.63,164.73,8586681,163.0927877407,163.707297181,162.1809350229,163.2711937073,8586681,0.0,1.0
2019-12-23 00:00:00+00:00,163.74,164.87,163.35,164.04,4368573,162.2899608913,163.4099539035,161.9034146305,162.5873041689,4368573,0.0,1.0
2019-12-24 00:00:00+00:00,163.25,163.84,162.88,163.31,1237991,161.8043002046,162.3890753172,161.437576829,161.8637688602,1237991,0.0,1.0
2019-12-26 00:00:00+00:00,164.51,164.53,163.27,163.4,2155532,163.0531419704,163.0729648556,161.8241230898,161.9529718434,2155532,0.0,1.0
2019-12-27 00:00:00+00:00,164.98,165.46,163.9,164.86,3409898,163.5189797719,163.994729016,162.4485439727,163.4000424609,3409898,0.0,1.0
2019-12-30 00:00:00+00:00,162.44,164.94,161.2,164.86,3197080,161.0014733552,163.4793340016,159.7724544747,163.4000424609,3197080,0.0,1.0
2019-12-31 00:00:00+00:00,162.64,163.26,161.8,162.04,3273514,161.1997022069,161.8142116472,160.3671410298,160.6050156518,3273514,0.0,1.0
2020-01-02 00:00:00+00:00,166.99,167.07,163.58,163.92,5188565,165.5111797315,165.5904712722,162.13137781,162.4683668579,5188565,0.0,1.0
2020-01-03 00:00:00+00:00,166.17,166.77,165.0,165.06,3205298,164.6984414395,165.2931279947,163.5388026571,163.5982713126,3205298,0.0,1.0
2020-01-06 00:00:00+00:00,173.45,173.67,164.45,165.0,8835057,171.9139716416,172.1320233785,162.9936733149,163.5388026571,8835057,0.0,1.0
2020-01-07 00:00:00+00:00,176.0,176.87,172.09,173.23,8289799,174.4413895009,175.3036850058,170.56601545,171.6959199048,8289799,0.0,1.0
2020-01-08 00:00:00+00:00,177.33,178.85,174.75,175.23,7224992,175.7596113647,177.2661506377,173.2024591777,173.6782084218,7224992,0.0,1.0
2020-01-09 00:00:00+00:00,179.6,179.9,177.29,178.84,5952692,178.0095088316,178.3068521091,175.7199655944,177.2562391951,5952692,0.0,1.0
2020-01-10 00:00:00+00:00,180.2,180.68,178.69,179.84,5111709,178.6041953867,179.0799446308,177.1075675563,178.2473834536,5111709,0.0,1.0
2020-01-13 00:00:00+00:00,183.85,184.45,181.13,181.26,6117415,182.2218719303,182.8165584854,179.5259595471,179.6548083007,6117415,0.0,1.0
2020-01-14 00:00:00+00:00,182.12,183.85,182.04,183.5,4341543,180.5071923631,182.2218719303,180.4279008224,181.8749714398,4341543,0.0,1.0
2020-01-15 00:00:00+00:00,181.06,183.09,180.62,181.68,3886530,179.456579449,181.4686022938,179.0204759753,180.0710888893,3886530,0.0,1.0
2020-01-16 00:00:00+00:00,182.69,183.11,180.96,182.23,3484095,181.0721445904,181.488425179,179.3574650232,180.6162182315,3484095,0.0,1.0
2020-01-17 00:00:00+00:00,182.23,183.34,181.36,183.23,4576875,180.6162182315,181.7163883585,179.7539227266,181.60736249,4576875,0.0,1.0
2020-01-21 00:00:00+00:00,185.27,186.0,181.5,181.51,6301684,183.6292967774,184.3528320862,179.8926829228,179.9025943654,6301684,0.0,1.0
2020-01-22 00:00:00+00:00,182.75,186.44,182.69,185.39,4780655,181.1316132459,184.7889355599,181.0721445904,183.7482340885,4780655,0.0,1.0
2020-01-23 00:00:00+00:00,183.98,184.3,181.3,183.21,4369021,182.3507206839,182.6678868467,179.6944540711,181.5875396049,4369021,0.0,1.0
2020-01-24 00:00:00+00:00,182.11,186.13,181.13,185.0,4653582,180.4972809205,184.4816808398,179.5259595471,183.3616878276,4653582,0.0,1.0
2020-01-27 00:00:00+00:00,180.71,181.73,177.3,178.77,4238754,179.1096789585,180.1206461022,175.729877037,177.186859097,4238754,0.0,1.0
2020-01-28 00:00:00+00:00,182.85,183.86,180.35,181.14,3444887,181.2307276718,182.2317833729,178.7528670255,179.5358709897,3444887,0.0,1.0
2020-01-29 00:00:00+00:00,181.77,184.1,181.62,184.0,2785502,180.1602918726,182.469657995,180.0116202338,182.3705435691,2785502,0.0,1.0
2020-01-30 00:00:00+00:00,185.67,185.94,180.54,180.9,3715639,184.0257544808,184.2933634306,178.9411844346,179.2979963677,3715639,0.0,1.0
2020-01-31 00:00:00+00:00,182.31,186.03,180.79,184.86,4190229,180.6955097722,184.3825664139,179.1889704992,183.2229276314,4190229,0.0,1.0
2020-02-03 00:00:00+00:00,185.42,185.87,181.85,183.26,4755057,183.7779684162,184.2239833325,180.2395834133,181.6370968178,4755057,0.0,1.0
2020-02-04 00:00:00+00:00,188.34,189.69,186.65,188.0,3982723,186.6721096511,188.0101544001,184.9970758542,186.3351206032,3982723,0.0,1.0
2020-02-05 00:00:00+00:00,185.49,190.55,182.86,190.4,6161868,183.8473485143,188.8625384625,181.2406391144,188.7138668237,6161868,0.0,1.0
2020-02-06 00:00:00+00:00,186.73,187.56,184.24,186.83,4102710,185.0763673949,185.8990171295,182.6084181911,185.1754818207,4102710,0.0,1.0
2020-02-07 00:00:00+00:00,185.72,188.65,185.65,186.85,3712487,184.0753116938,186.9793643713,184.0059315957,185.1953047059,3712487,0.0,1.0
2020-02-10 00:00:00+00:00,189.12,189.27,185.56,186.17,3872433,187.4452021728,187.5938738115,183.9167286124,184.5213266101,3872433,0.0,1.0
2020-02-11 00:00:00+00:00,189.11,192.6,188.65,191.48,4298229,187.4352907302,190.8943841924,186.9793643713,189.7843026229,4298229,0.0,1.0
2020-02-12 00:00:00+00:00,189.46,190.52,186.77,189.71,4533345,187.7821912207,188.8328041347,185.1160131652,188.0299772853,4533345,0.0,1.0
2020-02-13 00:00:00+00:00,188.64,191.05,188.42,188.5,3129214,186.9694529287,189.3581105917,186.7514011918,186.8306927325,3129214,0.0,1.0
2020-02-14 00:00:00+00:00,189.95,190.25,188.1,189.35,3598651,188.2678519073,188.5651951849,186.4342350291,187.6731653522,3598651,0.0,1.0
2020-02-18 00:00:00+00:00,191.09,191.5,188.92,190.95,4957013,189.3977563621,189.8041255081,187.2469733211,189.2589961659,4957013,0.0,1.0
2020-02-19 00:00:00+00:00,192.87,193.92,191.8,192.0,3901401,191.1619931422,192.2026946137,190.1014687856,190.2996976373,3901401,0.0,1.0
2020-02-20 00:00:00+00:00,193.36,195.72,189.77,194.0,5449529,191.6476538289,193.986754279,188.0894459408,192.2819861544,5449529,0.0,1.0
2020-02-21 00:00:00+00:00,189.5,192.04,186.72,191.84,5241904,187.821836991,190.3393434077,185.0664559523,190.141114556,5241904,0.0,1.0
2020-02-24 00:00:00+00:00,185.94,187.15,178.79,178.79,8455568,184.2933634306,185.4926479835,177.2066819822,177.2066819822,8455568,0.0,1.0
2020-02-25 00:00:00+00:00,181.27,189.98,179.43,188.47,11264140,179.6647197433,188.2975862351,177.8410143076,186.8009584047,11264140,0.0,1.0
2020-02-26 00:00:00+00:00,178.87,182.67,174.25,176.54,13922506,177.2859735229,181.0523217053,172.7068870485,174.9766074005,13922506,0.0,1.0
2020-02-27 00:00:00+00:00,172.15,178.33,170.05,172.21,9919169,170.6254841055,176.7507556232,168.5440811626,170.6849527611,9919169,0.0,1.0
2020-02-28 00:00:00+00:00,170.4,171.77,163.12,164.99,12640509,168.8909816531,170.2488492873,161.675451451,163.5288912145,12640509,0.0,1.0
2020-03-02 00:00:00+00:00,176.76,176.79,168.59,172.2,7759038,175.1946591374,175.2243934651,167.0970105452,170.6750413185,7759038,0.0,1.0
2020-03-03 00:00:00+00:00,169.37,178.42,167.09,178.41,8321707,167.8701030668,176.8399586065,165.6102941574,176.8300471639,8321707,0.0,1.0
2020-03-04 00:00:00+00:00,175.69,175.81,169.63,172.25,5845983,174.1341347807,174.2530720918,168.1278005741,170.7245985314,5845983,0.0,1.0
2020-03-05 00:00:00+00:00,169.6,173.75,168.1,172.57,5794443,168.0980662463,172.2113149192,166.6113498585,171.0417646941,5794443,0.0,1.0
2020-03-06 00:00:00+00:00,164.08,167.57,158.54,165.67,9755764,162.6269499392,166.0860434015,157.136010747,164.2028693103,9755764,0.0,1.0
2020-03-09 00:00:00+00:00,151.21,157.71,150.64,151.7,9648489,149.870923332,156.3133610124,149.3059711046,150.3565840187,9648489,0.0,1.0
2020-03-10 00:00:00+00:00,161.34,161.47,151.0,157.23,11440352,159.9112146709,160.0400634245,149.6627830377,155.8376117683,11440352,0.0,1.0
2020-03-11 00:00:00+00:00,154.57,159.62,150.15,157.68,10340359,153.2011680406,158.2064465462,148.8203104179,156.2836266846,10340359,0.0,1.0
2020-03-12 00:00:00+00:00,140.59,151.23,140.1,144.34,13190343,139.3449713064,149.8907462171,138.8593106197,143.0617622759,13190343,0.0,1.0
2020-03-13 00:00:00+00:00,147.78,149.5,135.32,149.47,13762434,146.4712985252,148.1760666499,134.121641064,148.1463323221,13762434,0.0,1.0
2020-03-16 00:00:00+00:00,124.3,141.55,123.39,134.01,13832159,123.199231335,140.2964697946,122.2972900597,132.8232420853,13832159,0.0,1.0
2020-03-17 00:00:00+00:00,135.42,138.01,122.92,127.0,12184041,134.2207554898,136.7878191194,121.8314522582,125.875320833,12184041,0.0,1.0
2020-03-18 00:00:00+00:00,132.24,133.42,115.29,125.54,12979419,131.0689167477,132.2384669728,114.2690215657,124.4282502156,12979419,0.0,1.0
2020-03-19 00:00:00+00:00,139.46,144.0,128.86,131.59,10438698,138.2249782943,142.724773228,127.7188491539,130.4246729797,10438698,0.0,1.0
2020-03-20 00:00:00+00:00,139.35,146.2,134.6,140.42,12448925,138.1159524258,144.9052905968,133.4080171978,139.1764767825,12448925,0.0,1.0
2020-03-23 00:00:00+00:00,140.52,143.72,134.09,138.76,11888188,139.2755912083,142.4472528356,132.902533626,137.5311773133,11888188,0.0,1.0
2020-03-24 00:00:00+00:00,153.64,154.14,143.18,144.63,11826846,152.2794038802,152.7749760095,141.912034936,143.3491941109,11826846,0.0,1.0
2020-03-25 00:00:00+00:00,147.06,158.02,146.96,152.67,10633984,145.7576746591,156.6206157325,145.6585602332,151.3179939494,10633984,0.0,1.0
2020-03-26 00:00:00+00:00,154.73,155.08,147.73,148.3,8572388,153.359751122,153.7066516125,146.4217413123,146.9866935397,8572388,0.0,1.0
2020-03-27 00:00:00+00:00,146.0,151.45,144.91,150.63,8272726,144.707061745,150.108797954,143.6267145032,149.296059662,8272726,0.0,1.0
2020-03-30 00:00:00+00:00,149.85,153.0,146.56,147.72,7642112,148.5229671404,151.6450715547,145.2621025298,146.4118298697,7642112,0.0,1.0
2020-03-31 00:00:00+00:00,143.98,151.95,142.78,149.03,10429497,142.7049503428,150.6043700833,141.5155772326,147.7102288484,10429497,0.0,1.0
2020-04-01 00:00:00+00:00,134.06,139.06,133.1,138.32,8733760,132.8727992982,137.8285205909,131.92130081,137.0950738396,8733760,0.0,1.0
2020-04-02 00:00:00+00:00,134.32,135.39,130.04,134.01,8144075,133.1304968054,134.1910211621,128.8883993789,132.8232420853,8144075,0.0,1.0
2020-04-03 00:00:00+00:00,134.31,136.19,131.66,134.45,6002129,133.1205853629,134.9839365689,130.4940530778,133.259345559,6002129,0.0,1.0
2020-04-06 00:00:00+00:00,147.55,149.85,138.3,139.0,12291911,146.2433353458,148.5229671404,137.0752509544,137.7690519354,12291911,0.0,1.0
2020-04-07 00:00:00+00:00,145.07,150.8,144.51,150.33,7857110,143.7852975846,149.464554186,143.2302567998,148.9987163845,7857110,0.0,1.0
2020-04-08 00:00:00+00:00,151.12,152.16,145.0,146.3,7661830,149.7817203487,150.8125103776,143.7159174865,145.0044050226,7661830,0.0,1.0
2020-04-09 00:00:00+00:00,154.55,156.1,151.68,152.39,7093709,153.1813451555,154.7176187562,150.3367611335,151.040473557,7093709,0.0,1.0
2020-04-13 00:00:00+00:00,152.5,155.31,150.0,154.12,5130557,151.1494994255,153.9346147919,148.6716387792,152.7551531243,5130557,0.0,1.0
2020-04-14 00:00:00+00:00,157.71,158.79,155.15,155.71,7331686,156.3133610124,157.3837968116,153.7760317106,154.3310724953,7331686,0.0,1.0
2020-04-15 00:00:00+00:00,155.63,157.27,154.0,155.08,4040886,154.2517809547,155.8772575387,152.6362158133,153.7066516125,4040886,0.0,1.0
2020-04-16 00:00:00+00:00,157.06,158.0,154.25,157.0,4374441,155.6691172444,156.6007928474,152.8840018779,155.6096485888,4374441,0.0,1.0
2020-04-17 00:00:00+00:00,162.62,163.26,157.63,160.0,7312141,161.1798793218,161.8142116472,156.2340694717,158.5830813644,7312141,0.0,1.0
2020-04-20 00:00:00+00:00,162.76,164.31,160.52,160.75,4682496,161.318639518,162.8549131187,159.0984763789,159.3264395583,4682496,0.0,1.0
2020-04-21 00:00:00+00:00,150.56,160.09,148.0,160.0,13734190,149.2266795639,158.6722843477,146.6893502621,158.5830813644,13734190,0.0,1.0
2020-04-22 00:00:00+00:00,154.14,155.7,150.67,154.0,6659449,152.7749760095,154.3211610528,149.3357054324,152.6362158133,6659449,0.0,1.0
2020-04-23 00:00:00+00:00,151.72,156.47,151.5,153.5,6275379,150.3764069038,155.0843421318,150.1583551669,152.140643684,6275379,0.0,1.0
2020-04-24 00:00:00+00:00,153.98,154.5,151.3,153.59,6710547,152.6163929281,153.1317879425,149.9601263152,152.2298466673,6710547,0.0,1.0
2020-04-27 00:00:00+00:00,157.63,158.44,154.2,155.54,5035175,156.2340694717,157.0368963211,152.834444665,154.1625779714,5035175,0.0,1.0
2020-04-28 00:00:00+00:00,154.46,160.81,154.18,159.5,4730231,153.0921421722,159.3859082138,152.8146217798,158.0875092352,4730231,0.0,1.0
2020-04-29 00:00:00+00:00,160.43,161.89,156.52,157.88,5254427,159.0092733956,160.456344013,155.1338993448,156.4818555364,5254427,0.0,1.0
2020-04-30 00:00:00+00:00,161.95,165.3,160.01,161.63,6828187,160.5158126686,163.8361459346,158.592992807,160.1986465058,6828187,0.0,1.0
2020-05-01 00:00:00+00:00,156.37,160.17,155.26,158.49,4276887,154.985227706,158.7515758884,153.885057579,157.0864535341,4276887,0.0,1.0
2020-05-04 00:00:00+00:00,161.47,162.02,155.08,155.58,5967901,160.0400634245,160.5851927667,153.7066516125,154.2022237417,5967901,0.0,1.0
2020-05-05 00:00:00+00:00,163.25,164.14,160.25,162.53,5259608,161.8043002046,162.6864185947,158.8308674291,161.0906763385,5259608,0.0,1.0
2020-05-06 00:00:00+00:00,163.67,165.71,162.92,164.44,4108397,162.2205807932,164.2425150806,161.4772225993,162.9837618723,4108397,0.0,1.0
2020-05-07 00:00:00+00:00,169.9,171.27,166.02,166.5,6460717,168.3954095239,169.753277158,164.5497698008,165.0255190449,6460717,0.0,1.0
2020-05-08 00:00:00+00:00,175.9,176.08,171.15,172.95,5403190,174.342275075,174.5206810416,169.634339847,171.4183995124,5403190,0.0,1.0
2020-05-11 00:00:00+00:00,182.67,183.3,174.16,175.56,8693390,181.0523217053,181.6767425881,172.6176840652,174.0052860271,8693390,0.0,1.0
2020-05-12 00:00:00+00:00,177.54,183.02,177.01,183.0,5901540,175.967751659,181.3992221957,175.442445202,181.3793993106,5901540,0.0,1.0
2020-05-13 00:00:00+00:00,169.64,175.21,166.27,175.17,12526142,168.1377120166,173.6583855366,164.7975558654,173.6187397663,12526142,0.0,1.0
2020-05-14 00:00:00+00:00,167.0,168.57,164.57,168.44,7439408,165.5210911741,167.07718766,163.1126106259,166.9483389064,7439408,0.0,1.0
2020-05-15 00:00:00+00:00,171.33,171.72,166.18,167.27,5672911,169.8127458136,170.1992920744,164.7083528821,165.7887001239,5672911,0.0,1.0
2020-05-18 00:00:00+00:00,172.5,177.0,172.13,174.0,6398322,170.972384596,175.4325337594,170.6056612204,172.4591009838,6398322,0.0,1.0
2020-05-19 00:00:00+00:00,176.04,178.2,172.75,172.75,5261107,174.4810352712,176.6219068696,171.2201706607,171.2201706607,5261107,0.0,1.0
2020-05-20 00:00:00+00:00,176.93,179.14,174.9,178.57,4950184,175.3631536613,177.5535824727,173.3511308165,176.9886302453,4950184,0.0,1.0
2020-05-21 00:00:00+00:00,175.26,178.29,174.93,176.93,4428621,173.7079427496,176.7111098529,173.3808651443,175.3631536613,4428621,0.0,1.0
2020-05-22 00:00:00+00:00,177.85,178.64,175.45,176.6,4963328,176.2750063792,177.0580103434,173.8962601587,175.036076056,4963328,0.0,1.0
2020-05-26 00:00:00+00:00,176.52,182.0,176.22,182.0,8351340,174.9567845153,180.388255052,174.6594412378,180.388255052,8351340,0.0,1.0
2020-05-27 00:00:00+00:00,176.6,176.61,171.37,176.29,6309050,175.036076056,175.0459874986,169.8523915839,174.7288213358,6309050,0.0,1.0
2020-05-28 00:00:00+00:00,181.1,184.8,177.1,180.0,10244630,179.4962252194,183.1634589759,175.5316481853,178.405966535,10244630,0.0,1.0
2020-05-29 00:00:00+00:00,174.79,175.0,170.69,174.3,19588441,173.2421049481,173.4502452423,169.1784134881,172.7564442614,19588441,0.0,1.0
2020-06-01 00:00:00+00:00,176.36,177.52,172.68,173.1,5711514,174.7982014339,175.9479287738,171.1507905626,171.5670711511,5711514,0.0,1.0
2020-06-02 00:00:00+00:00,174.23,174.9,171.22,174.85,8568384,172.6870641633,173.3511308165,169.7037199451,173.3015736036,8568384,0.0,1.0
2020-06-03 00:00:00+00:00,174.99,175.93,172.84,174.83,6000653,173.4403337998,174.3720094028,171.3093736439,173.2817507184,6000653,0.0,1.0
2020-06-04 00:00:00+00:00,171.44,175.43,170.0,175.0,7299139,169.921771682,173.8764372735,168.4945239497,173.4502452423,7299139,0.0,1.0
2020-06-05 00:00:00+00:00,173.88,174.19,167.0,170.11,8229577,172.3401636728,172.6474183929,165.5210911741,168.6035498181,8229577,0.0,1.0
2020-06-08 00:00:00+00:00,176.55,176.57,172.66,173.63,4591063,174.9865188431,175.0063417282,171.1309676774,172.0923776082,4591063,0.0,1.0
2020-06-09 00:00:00+00:00,174.56,176.0,173.53,176.0,4019755,173.0141417686,174.4413895009,171.9932631823,174.4413895009,4019755,0.0,1.0
2020-06-10 00:00:00+00:00,182.1,182.5,176.05,176.25,8119900,180.4873694779,180.8838271813,174.4909467138,174.6891755655,8119900,0.0,1.0
2020-06-11 00:00:00+00:00,172.05,178.43,172.0,176.64,6518468,170.5263696797,176.8498700491,170.4768124668,175.0757218263,6518468,0.0,1.0
2020-06-12 00:00:00+00:00,175.11,177.69,171.86,175.9,5439048,173.5592711108,176.1164232978,170.3380522706,174.342275075,5439048,0.0,1.0
2020-06-15 00:00:00+00:00,178.61,178.9,171.27,172.0,5999506,177.0282760156,177.3157078506,169.753277158,170.4768124668,5999506,0.0,1.0
2020-06-16 00:00:00+00:00,180.48,182.5,178.01,180.01,5824013,178.8817157791,180.8838271813,176.4335894605,178.4158779776,5824013,0.0,1.0
2020-06-17 00:00:00+00:00,181.4,182.75,180.68,180.97,5036728,179.7935684969,181.1316132459,179.0799446308,179.3673764658,5036728,0.0,1.0
2020-06-18 00:00:00+00:00,187.66,189.0,181.62,181.91,8670573,185.9981315553,187.3262648617,180.0116202338,180.2990520688,8670573,0.0,1.0
2020-06-19 00:00:00+00:00,186.95,191.25,185.49,189.5,11838930,185.2944191318,189.5563394434,183.8473485143,187.821836991,11838930,0.0,1.0
2020-06-22 00:00:00+00:00,191.65,192.5,187.0,187.03,6245949,189.9527971468,190.7952697666,185.3439763447,185.3737106724,6245949,0.0,1.0
2020-06-23 00:00:00+00:00,189.06,194.09,188.59,192.0,6944773,187.3857335172,192.3711891376,186.9198957157,190.2996976373,6944773,0.0,1.0
2020-06-24 00:00:00+00:00,185.55,189.3,184.04,187.51,4899732,183.9068171698,187.6236081393,182.4101893394,185.8494599165,4899732,0.0,1.0
2020-06-25 00:00:00+00:00,188.34,188.77,184.44,186.14,4006779,186.6721096511,187.0983016823,182.8066470428,184.4915922823,4006779,0.0,1.0
2020-06-26 00:00:00+00:00,183.17,188.22,183.02,188.0,7594654,181.5478938345,186.5531723401,181.3992221957,186.3351206032,7594654,0.0,1.0
2020-06-29 00:00:00+00:00,183.33,183.7099,180.0,183.32,3972149,181.7064769159,182.0830126197,178.405966535,181.6965654733,3972149,0.0,1.0
2020-06-30 00:00:00+00:00,187.33,187.89,183.13,183.45,4478227,185.67105395,186.2260947348,181.5082480642,181.8254142269,4478227,0.0,1.0
2020-07-01 00:00:00+00:00,191.89,192.82,187.46,188.1,4754705,190.1906717689,191.1124359293,185.7999027036,186.4342350291,4754705,0.0,1.0
2020-07-02 00:00:00+00:00,192.53,195.39,192.29,193.16,4199672,190.8250040943,193.6596766737,190.5871294723,191.4494249772,4199672,0.0,1.0
2020-07-06 00:00:00+00:00,197.72,199.45,193.84,194.44,5793270,195.9690427961,197.6837223634,192.123403073,192.7180896281,5793270,0.0,1.0
2020-07-07 00:00:00+00:00,196.38,200.22,196.21,197.66,5430176,194.6409094897,198.4469034424,194.4724149657,195.9095741406,5430176,0.0,1.0
2020-07-08 00:00:00+00:00,200.28,201.2,197.35,198.0,4226426,198.5063720979,199.4182248158,195.6023194204,196.2465631885,4226426,0.0,1.0
2020-07-09 00:00:00+00:00,200.74,202.82,195.64,202.02,6061339,198.9622984569,201.0238785146,193.9074627384,200.2309631078,6061339,0.0,1.0
2020-07-10 00:00:00+00:00,198.88,200.73,197.08,200.06,3782239,197.118770136,198.9523870143,195.3347104706,198.2883203611,3782239,0.0,1.0
2020-07-13 00:00:00+00:00,188.34,200.26,188.03,200.0,5545350,186.6721096511,198.4865492128,186.364854931,198.2288517055,5545350,0.0,1.0
2020-07-14 00:00:00+00:00,189.56,189.96,183.3,185.99,5852752,187.8813056465,188.2777633499,181.6767425881,184.3429206436,5852752,0.0,1.0
2020-07-15 00:00:00+00:00,188.09,192.1,186.75,191.03,7680248,186.4243235865,190.3988120632,185.09619028,189.3382877065,7680248,0.0,1.0
2020-07-16 00:00:00+00:00,185.51,186.86,181.93,186.42,7345952,183.8671713995,185.2052161485,180.3188749539,184.7691126747,7345952,0.0,1.0
2020-07-17 00:00:00+00:00,187.78,188.4,183.36,187.14,4324295,186.1170688663,186.7315783066,181.7362112436,185.4827365409,4324295,0.0,1.0
2020-07-20 00:00:00+00:00,195.09,195.31,187.27,187.9,5727024,193.3623333962,193.580385133,185.6115852945,186.2360061774,5727024,0.0,1.0
2020-07-21 00:00:00+00:00,190.8,196.5,189.48,196.0,5376735,189.1103245271,194.7598468007,187.8020141058,194.2642746714,5376735,0.0,1.0
2020-07-22 00:00:00+00:00,191.31,191.87,188.87,190.78,2833242,189.6158080989,190.1708488837,187.1974161081,189.0905016419,2833242,0.0,1.0
2020-07-23 00:00:00+00:00,188.54,194.57,187.51,191.48,3639519,186.8703385028,192.8469383817,185.8494599165,189.7843026229,3639519,0.0,1.0
2020-07-24 00:00:00+00:00,188.49,188.94,184.375,186.06,3908386,186.8207812899,187.2667962062,182.742222666,184.4123007417,3908386,0.0,1.0
2020-07-27 00:00:00+00:00,190.96,191.56,188.65,189.9,3015701,189.2689076085,189.8635941636,186.9793643713,188.2182946944,3015701,0.0,1.0
2020-07-28 00:00:00+00:00,189.5,192.97,189.05,191.0,3114398,187.821836991,191.2611075681,187.3758220747,189.3085533788,3114398,0.0,1.0
2020-07-29 00:00:00+00:00,193.61,194.555,189.75,190.15,3747754,191.8954398935,192.8320712179,188.0696230556,188.466080759,3747754,0.0,1.0
2020-07-30 00:00:00+00:00,191.7,191.92,187.37,190.09,3587429,190.0023543598,190.2204060966,185.7106997203,188.4066121035,3587429,0.0,1.0
2020-07-31 00:00:00+00:00,194.85,194.99,190.6696,193.0,3734611,193.1244587741,193.2632189703,188.9810793158,191.2908418958,3734611,0.0,1.0
2020-08-03 00:00:00+00:00,203.19,204.79,196.57,197.8,6561007,201.3906018902,202.9764327039,194.8292268988,196.0483343368,6561007,0.0,1.0
2020-08-04 00:00:00+00:00,201.41,203.39,198.9,203.0,4438519,199.6263651101,201.5888307419,197.1385930212,201.2022844811,4438519,0.0,1.0
2020-08-05 00:00:00+00:00,202.64,203.9,201.58,202.8,3615762,200.8454725481,202.0943143138,199.794859634,201.0040556294,3615762,0.0,1.0
2020-08-06 00:00:00+00:00,207.79,209.95,202.4,202.97,5113305,205.9498654795,208.0907370779,200.607597926,201.1725501534,5113305,0.0,1.0
2020-08-07 00:00:00+00:00,201.05,206.94,198.58,206.62,5423414,199.269553177,205.1073928597,196.8214268584,204.790226697,5423414,0.0,1.0
2020-08-10 00:00:00+00:00,197.16,201.48,195.72,200.4,5528192,195.4140020113,199.6957452082,193.986754279,198.625309409,5528192,0.0,1.0
2020-08-11 00:00:00+00:00,191.99,195.84,191.72,193.62,5015367,190.2897861947,194.1056915901,190.0221772449,191.9053513361,5015367,0.0,1.0
2020-08-12 00:00:00+00:00,192.62,195.418,192.12,193.0,3982152,190.9142070776,193.687428713,190.4186349483,191.2908418958,3982152,0.0,1.0
2020-08-13 00:00:00+00:00,195.14,198.07,193.23,193.32,4711598,193.4118906091,196.3159432866,191.5188050753,191.6080080586,4711598,0.0,1.0
2020-08-14 00:00:00+00:00,193.46,195.48,192.52,195.22,2833235,191.7467682548,193.748879657,190.8150926518,193.4911821498,2833235,0.0,1.0
2020-08-17 00:00:00+00:00,196.74,197.07,194.416,195.34,3567335,194.9977214227,195.3247990281,192.6943021659,193.6101194608,3567335,0.0,1.0
2020-08-18 00:00:00+00:00,204.01,204.8,199.0,199.33,7284820,202.2033401822,202.9863441465,197.237707447,197.5647850523,7284820,0.0,1.0
2020-08-19 00:00:00+00:00,205.11,207.1,200.03,204.0,7080746,203.2935988666,205.2659759411,198.2585860333,202.1934287397,7080746,0.0,1.0
2020-08-20 00:00:00+00:00,209.51,210.11,203.51,203.85,5175146,207.6546336041,208.2493201593,201.707768053,202.0447571009,5175146,0.0,1.0
2020-08-21 00:00:00+00:00,207.53,210.0,206.25,209.94,5727827,205.6921679723,208.1402942908,204.4235033213,208.0808256353,5727827,0.0,1.0
2020-08-24 00:00:00+00:00,208.46,209.29,205.15,208.88,5698981,206.6139321327,207.4365818673,203.333244637,207.0302127213,5698981,0.0,1.0
2020-08-25 00:00:00+00:00,216.05,218.35,210.8,213.22,27096458,214.1367170549,216.4163488495,208.9332096976,211.3317788033,27096458,0.0,1.0
2020-08-26 00:00:00+00:00,272.32,277.97,249.47,251.96,63253354,269.9084044823,275.5083695429,247.2607581749,249.7287073786,63253354,0.0,1.0
2020-08-27 00:00:00+00:00,276.32,278.28,260.84,267.0,22817093,273.8729815164,275.8156242631,258.5300683944,264.6355170269,22817093,0.0,1.0
2020-08-28 00:00:00+00:00,271.1,275.75,267.4,271.28,28067962,268.6992084869,273.308029289,265.0319747303,268.8776144534,28067962,0.0,1.0
2020-08-31 00:00:00+00:00,272.65,274.71,265.91,270.0,16010104,270.2354820876,272.2772392601,263.5551697851,267.6089498025,16010104,0.0,1.0
2020-09-01 00:00:00+00:00,281.25,281.93,270.58,271.0,13303236,278.7593227109,279.4333008067,268.1838134724,268.600094061,13303236,0.0,1.0
2020-09-02 00:00:00+00:00,276.69,284.5,268.57,283.47,12963777,274.239704892,281.9805415511,266.1916135128,280.9596629648,12963777,0.0,1.0
2020-09-03 00:00:00+00:00,265.01,271.75,257.41,270.58,14000573,262.6631399524,269.3434522549,255.1304435876,268.1838134724,14000573,0.0,1.0
2020-09-04 00:00:00+00:00,254.7,265.67,243.2,262.98,14374293,252.444442647,263.3172951631,241.0462836739,260.6511171076,14374293,0.0,1.0
2020-09-08 00:00:00+00:00,241.27,253.675,240.1401,240.565,15229594,239.133375255,251.428519782,238.0134813573,238.4346185527,15229594,0.0,1.0
2020-09-09 00:00:00+00:00,250.43,253.45,242.96,246.4,9988571,248.2122566631,251.2055123238,240.8084090519,244.2179453012,9988571,0.0,1.0
2020-09-10 00:00:00+00:00,247.8,256.5071,246.97,254.81,5944965,245.6055472632,254.2355394366,244.7828975286,252.5534685154,5944965,0.0,1.0
2020-09-11 00:00:00+00:00,243.1,251.3,239.45,250.72,5455231,240.9471692481,249.074552168,237.3294927045,248.4996884981,5455231,0.0,1.0
2020-09-14 00:00:00+00:00,246.64,248.87,244.04,246.31,4255201,244.4558199233,246.6660716198,241.8788448511,244.128742318,4255201,0.0,1.0
2020-09-15 00:00:00+00:00,251.68,251.94,248.5101,251.37,4133574,249.4511869863,249.7088844935,246.3093588011,249.1439322661,4133574,0.0,1.0
2020-09-16 00:00:00+00:00,250.6,255.43,250.23,254.67,5443037,248.380751187,253.1679779557,248.0140278114,252.4147083192,5443037,0.0,1.0
2020-09-17 00:00:00+00:00,244.53,248.815,241.31,246.12,5279535,242.3645055378,246.6115586856,239.1730210253,243.9404249088,5279535,0.0,1.0
2020-09-18 00:00:00+00:00,242.78,248.11,238.7101,245.13,6595560,240.6300030854,245.9128019833,236.5961450676,242.9591920929,6595560,0.0,1.0
2020-09-21 00:00:00+00:00,245.05,245.13,236.8,238.97,5561603,242.8799005522,242.9591920929,234.7029604194,236.8537434604,5561603,0.0,1.0
2020-09-22 00:00:00+00:00,247.78,248.57,241.26,246.74,3600779,245.585724378,246.3687283422,239.1234638124,244.5549343491,3600779,0.0,1.0
2020-09-23 00:00:00+00:00,235.99,248.77,235.35,248.485,7507921,233.90013357,246.5669571939,233.2658012445,246.2844810803,7507921,0.0,1.0
2020-09-24 00:00:00+00:00,237.55,239.9574,233.63,235.84,4166772,235.4463186133,237.8323993012,231.5610331198,233.7514619312,4166772,0.0,1.0
2020-09-25 00:00:00+00:00,242.74,243.945,235.05,237.39,5117842,240.590357315,241.7846861465,232.9684579669,235.2877355319,5117842,0.0,1.0
2020-09-28 00:00:00+00:00,246.67,248.58,242.21,247.56,4088330,244.485554251,246.3786397848,240.065050858,245.3676726411,4088330,0.0,1.0
2020-09-29 00:00:00+00:00,247.45,247.8965,244.5,245.26,4009932,245.2586467727,245.7011926841,242.33477121,243.0880408465,4009932,0.0,1.0
2020-09-30 00:00:00+00:00,251.32,255.4068,246.221,246.65,8188533,249.0943750532,253.1449834089,244.0405304789,244.4657313659,8188533,0.0,1.0
2020-10-01 00:00:00+00:00,253.45,254.67,250.81,253.18,4318011,251.2055123238,252.4147083192,248.5888914813,250.937903374,4318011,0.0,1.0
2020-10-02 00:00:00+00:00,247.85,254.95,247.21,249.75,4494464,245.6551044761,252.6922287116,245.0207721506,247.5382785673,4494464,0.0,1.0
2020-10-05 00:00:00+00:00,251.53,253.28,249.0,250.0,3403534,249.3025153475,251.0370177999,246.7949203734,247.7860646319,3403534,0.0,1.0
2020-10-06 00:00:00+00:00,250.14,257.29,249.0,252.73,4448122,247.9248248281,255.0115062766,246.7949203734,250.4918884577,4448122,0.0,1.0
2020-10-07 00:00:00+00:00,259.98,260.74,252.2,252.2,4963168,257.677684332,258.4309539685,249.9665820007,249.9665820007,4963168,0.0,1.0
2020-10-08 00:00:00+00:00,260.22,264.62,257.08,264.2,4150423,257.9155589541,262.2765936916,254.8033659823,261.860313103,4150423,0.0,1.0
2020-10-09 00:00:00+00:00,265.98,266.05,261.5,262.9,4225023,263.6245498832,263.6939299813,259.184223605,260.5718255669,4225023,0.0,1.0
2020-10-12 00:00:00+00:00,267.07,270.0,265.2927,270.0,4317010,264.704897125,267.6089498025,262.9433364343,267.6089498025,4317010,0.0,1.0
2020-10-13 00:00:00+00:00,266.83,268.7894,264.23,266.42,3713230,264.4670225029,266.4090705631,261.8900474308,264.060653357,3713230,0.0,1.0
2020-10-14 00:00:00+00:00,261.83,270.16,258.7459,270.0,5133096,259.5113012103,267.7675328838,256.4545132026,267.6089498025,5133096,0.0,1.0
2020-10-15 00:00:00+00:00,257.72,260.52,254.02,258.11,5262379,255.4376983078,258.2129022316,251.7704645512,255.8242445686,5262379,0.0,1.0
2020-10-16 00:00:00+00:00,258.55,262.52,258.49,259.24,3098043,256.2603480423,260.1951907487,256.2008793868,256.9442375807,3098043,0.0,1.0
2020-10-19 00:00:00+00:00,255.01,261.4799,254.5,259.76,3242263,252.7516973671,259.1643016054,252.2462137953,257.4596325952,3242263,0.0,1.0
2020-10-20 00:00:00+00:00,255.97,259.18,254.05,256.12,2989655,253.7031958553,256.8847689252,251.800198879,253.8518674941,2989655,0.0,1.0
2020-10-21 00:00:00+00:00,254.23,258.31,251.85,256.45,2794023,251.9786048455,256.0224734203,249.6196815102,254.1789450994,2794023,0.0,1.0
2020-10-22 00:00:00+00:00,249.67,255.22,246.13,253.89,3688499,247.4589870266,252.9598376614,243.9503363514,251.6416157976,3688499,0.0,1.0
2020-10-23 00:00:00+00:00,250.52,250.57,246.81,250.1,3159644,248.3014596464,248.3510168593,244.6243144472,247.8851790578,3159644,0.0,1.0
2020-10-26 00:00:00+00:00,241.98,248.11,237.38,245.3,5864144,239.8370876785,245.9128019833,235.2778240893,243.1276866168,5864144,0.0,1.0
2020-10-27 00:00:00+00:00,250.3,251.75,245.765,248.0,4285593,248.0834079095,249.5205670843,243.5885686971,245.8037761149,4285593,0.0,1.0
2020-10-28 00:00:00+00:00,238.43,245.45,238.01,244.6,4425446,236.3185255608,243.2763582556,235.9022449722,242.4338856359,4425446,0.0,1.0
2020-10-29 00:00:00+00:00,237.14,242.52,237.13,242.52,4588957,235.0399494673,240.3723055781,235.0300380247,240.3723055781,4588957,0.0,1.0
2020-10-30 00:00:00+00:00,232.27,237.75,228.66,235.82,5743182,230.2130769282,235.644547465,226.6350461549,233.731639046,5743182,0.0,1.0
2020-11-02 00:00:00+00:00,232.45,238.5,228.99,235.12,3953394,230.3914828948,236.3879056589,226.9621237603,233.037838065,3953394,0.0,1.0
2020-11-03 00:00:00+00:00,237.13,240.94,233.28,235.1,4151377,235.0300380247,238.8062976497,231.2141326293,233.0180151799,4151377,0.0,1.0
2020-11-04 00:00:00+00:00,250.74,252.875,243.24,246.02,6505415,248.5195113832,250.6356043752,241.0859294443,243.841310483,6505415,0.0,1.0
2020-11-05 00:00:00+00:00,260.22,260.9186,255.44,258.11,8961728,257.9155589541,258.6079723331,253.1778893983,255.8242445686,8961728,0.0,1.0
2020-11-06 00:00:00+00:00,260.15,261.75,254.49,260.0,3798638,257.846178856,259.4320096696,252.2363023527,257.6975072172,3798638,0.0,1.0
2020-11-09 00:00:00+00:00,259.28,270.92,257.25,260.95,8777470,256.9838833511,268.5208025203,254.9718605063,258.6390942628,8777470,0.0,1.0
2020-11-10 00:00:00+00:00,247.66,259.0,242.9,258.06,6863193,245.466787067,256.7063629587,240.7489403964,255.7746873557,6863193,0.0,1.0
2020-11-11 00:00:00+00:00,254.18,256.74,251.21,253.51,4163391,251.9290476326,254.4663769344,248.9853491847,251.2649809794,4163391,0.0,1.0
2020-11-12 00:00:00+00:00,249.42,254.97,246.3607,247.4,5612679,247.211200962,252.7120515968,244.1789933319,245.2090895598,5612679,0.0,1.0
2020-11-13 00:00:00+00:00,249.51,253.79,247.56,252.84,5162933,247.3004039452,251.5425013717,245.3676726411,250.6009143261,5162933,0.0,1.0
2020-11-16 00:00:00+00:00,249.89,253.49,248.18,249.52,5712565,247.6770387635,251.2451580942,245.9821820814,247.3103153878,5712565,0.0,1.0
2020-11-17 00:00:00+00:00,256.17,258.27,250.463,253.74,5090667,253.901424707,255.9828276499,248.2449644236,251.4929441588,5090667,0.0,1.0
2020-11-18 00:00:00+00:00,257.16,262.66,255.85,256.4,5880543,254.882657523,260.3339509449,253.5842585443,254.1293878865,5880543,0.0,1.0
2020-11-19 00:00:00+00:00,264.65,267.09,255.66,256.84,8084559,262.3063280194,264.7247200102,253.3959411352,254.5654913603,8084559,0.0,1.0
2020-11-20 00:00:00+00:00,258.04,265.02,257.82,263.59,7289605,255.7548644705,262.673051395,255.5368127336,261.2557151053,7289605,0.0,1.0
2020-11-23 00:00:00+00:00,257.64,261.74,254.61,261.23,5385625,255.3584067671,259.422098227,252.3552396637,258.9166146552,5385625,0.0,1.0
2020-11-24 00:00:00+00:00,260.84,262.31,257.82,260.0,5693344,258.5300683944,259.9870504544,255.5368127336,257.6975072172,5693344,0.0,1.0
2020-11-25 00:00:00+00:00,246.82,266.095,245.05,263.73,26394901,244.6342258898,263.7385314729,242.8799005522,261.3944753015,26394901,0.0,1.0
2020-11-27 00:00:00+00:00,247.63,251.84,247.03,251.0,7395034,245.4370527392,249.6097700676,244.8423661841,248.7772088905,7395034,0.0,1.0
2020-11-30 00:00:00+00:00,245.8,247.63,236.07,245.48,18966437,243.6232587461,245.4370527392,233.9794251106,243.3060925834,18966437,0.0,1.0
2020-12-01 00:00:00+00:00,241.35,246.7,238.7,245.0,15384469,239.2126667957,244.5152885788,236.5861345106,242.8303433393,15384469,0.0,1.0
2020-12-02 00:00:00+00:00,220.78,226.0,215.63,225.48,52225539,218.8248293977,223.9986024273,213.7204364663,223.4832074128,52225539,0.0,1.0
2020-12-03 00:00:00+00:00,220.97,226.11,220.1301,226.11,21395316,219.0131468069,224.1076282957,218.1806847441,224.1076282957,21395316,0.0,1.0
2020-12-04 00:00:00+00:00,225.86,228.5978,221.8212,223.82,20504765,223.8598422311,226.5733969821,219.8568087997,221.8379079437,20504765,0.0,1.0
2020-12-07 00:00:00+00:00,227.7,229.87,226.25,228.11,12864068,225.6835476668,227.8343307078,224.2463884919,226.0899168128,12864068,0.0,1.0
2020-12-08 00:00:00+00:00,227.86,229.5,225.66,228.65,12116750,225.8421307481,227.4676073321,223.6616133794,226.6251347124,12116750,0.0,1.0
2020-12-09 00:00:00+00:00,220.57,228.84,220.0672,228.05,15651837,218.6166891035,226.8134521215,218.1183417703,226.0304481572,15651837,0.0,1.0
2020-12-10 00:00:00+00:00,222.92,224.31,220.16,220.57,9258643,220.945878111,222.3235686303,218.2103199575,218.6166891035,9258643,0.0,1.0
2020-12-11 00:00:00+00:00,222.42,222.74,219.98,221.92,8214441,220.4503059817,220.7674721445,218.0319139909,219.9547338525,8214441,0.0,1.0
2020-12-14 00:00:00+00:00,221.27,223.47,220.45,223.09,8508542,219.3104900844,221.4910074532,218.4977517924,221.1143726349,8508542,0.0,1.0
2020-12-15 00:00:00+00:00,220.15,222.14,218.2,222.07,10775832,218.2004085149,220.1727855893,216.2676772107,220.1034054912,10775832,0.0,1.0
2020-12-16 00:00:00+00:00,223.62,224.0,220.25,221.48,8821387,221.639679092,222.0163139102,218.2995229407,219.5186303787,8821387,0.0,1.0
2020-12-17 00:00:00+00:00,225.92,226.73,224.5,224.9,9946888,223.9193108866,224.722137736,222.5118860395,222.9083437429,9946888,0.0,1.0
2020-12-18 00:00:00+00:00,227.43,227.82,224.4,227.02,11845438,225.415938717,225.8024849778,222.4127716136,225.009569571,11845438,0.0,1.0
2020-12-21 00:00:00+00:00,226.47,227.44,224.71,224.9,9219003,224.4644402288,225.4258501595,222.7200263338,222.9083437429,9219003,0.0,1.0
2020-12-22 00:00:00+00:00,231.17,231.87,226.6,227.0,10367337,229.1228182438,229.8166192248,224.5932889824,224.9897466858,10367337,0.0,1.0
2020-12-23 00:00:00+00:00,227.43,233.18,227.11,232.5,7090526,225.415938717,231.1150182035,225.0987725542,230.4410401077,7090526,0.0,1.0
2020-12-24 00:00:00+00:00,225.78,229.19,224.8252,228.3,6146282,223.7805506904,227.160352612,222.8342061523,226.2782342219,6146282,0.0,1.0
2020-12-28 00:00:00+00:00,224.64,227.84,222.05,227.2216,6363199,222.6506462357,225.822307863,220.0835826061,225.2093842535,6363199,0.0,1.0
2020-12-29 00:00:00+00:00,222.46,225.3,220.86,224.97,6122445,220.4899517521,223.3048014463,218.9041209384,222.977723841,6122445,0.0,1.0
2020-12-30 00:00:00+00:00,222.4,223.6416,221.58,223.13,4724009,220.4304830966,221.6610878079,219.6177448046,221.1540184053,4724009,0.0,1.0
2020-12-31 00:00:00+00:00,222.53,222.79,220.17,222.27,6011121,220.5593318502,220.8170293574,218.2202314,220.301634343,6011121,0.0,1.0
2021-01-04 00:00:00+00:00,220.31,223.75,215.72,222.64,10319917,218.3589915962,221.7685278456,213.8096394496,220.6683577186,10319917,0.0,1.0
2021-01-05 00:00:00+00:00,221.52,223.0,217.99,219.49,8657235,219.5582761491,221.0251696517,216.0595369165,217.5462533042,8657235,0.0,1.0
2021-01-06 00:00:00+00:00,216.15,220.46,215.78,218.0,9789849,214.2358314808,218.507663235,213.8691081051,216.069448359,9789849,0.0,1.0
2021-01-07 00:00:00+00:00,217.98,220.66,216.5,217.03,8443142,216.0496254739,218.7058920867,214.5827319712,215.1080384283,8443142,0.0,1.0
2021-01-08 00:00:00+00:00,222.04,222.32,219.22,220.0,7301710,220.0736711635,220.3511915559,217.2786443544,218.0517368761,7301710,0.0,1.0
2021-01-11 00:00:00+00:00,218.25,220.58,216.23,219.63,7206463,216.3172344237,218.626600546,214.3151230214,217.6850135004,7206463,0.0,1.0
2021-01-12 00:00:00+00:00,215.52,218.3,214.09,218.0,10681561,213.6114105979,216.3667916366,212.1940743082,216.069448359,10681561,0.0,1.0
2021-01-13 00:00:00+00:00,218.18,218.9,215.53,217.0,6839171,216.2478543256,216.9614781917,213.6213220405,215.0783041005,6839171,0.0,1.0
2021-01-14 00:00:00+00:00,215.6,219.5,215.55,218.23,6548025,213.6907021386,217.5561647468,213.6411449256,216.2974115385,6548025,0.0,1.0
2021-01-15 00:00:00+00:00,213.14,217.87,212.985,216.17,8525598,211.2524872626,215.9405996054,211.0988599025,214.2556543659,8525598,0.0,1.0
2021-01-19 00:00:00+00:00,216.76,217.28,213.7,215.35,7753752,214.8404294785,215.3558244929,211.8075280474,213.4429160739,7753752,0.0,1.0
2021-01-20 00:00:00+00:00,223.44,224.64,219.97,221.99,9857747,221.4612731254,222.6506462357,218.0220025483,220.0241139506,9857747,0.0,1.0
2021-01-21 00:00:00+00:00,222.17,224.74,220.82,223.69,6800810,220.2025199171,222.7497606615,218.8644751681,221.7090591901,6800810,0.0,1.0
2021-01-22 00:00:00+00:00,225.77,227.79,223.75,224.9,10186076,223.7706392478,225.77275065,221.7685278456,222.9083437429,10186076,0.0,1.0
2021-01-25 00:00:00+00:00,225.92,230.3,221.32,229.69,8213455,223.9193108866,228.2605227389,219.3600472974,227.6559247412,8213455,0.0,1.0
2021-01-26 00:00:00+00:00,226.26,227.91,224.54,227.8,5021036,224.2562999345,225.891687961,222.5515318098,225.7826620926,5021036,0.0,1.0
2021-01-27 00:00:00+00:00,224.78,227.81,221.58,223.7,7641060,222.7894064319,225.7925735352,219.6177448046,221.7189706326,7641060,0.0,1.0
2021-01-28 00:00:00+00:00,226.5,229.6,225.0,225.0,7246045,224.4941745565,227.566721758,223.0074581687,223.0074581687,7246045,0.0,1.0
2021-01-29 00:00:00+00:00,225.56,228.79,223.02,224.66,6472983,223.5624989535,226.7638949086,221.0449925368,222.6704691208,6472983,0.0,1.0
2021-02-01 00:00:00+00:00,228.46,229.9,224.745,227.21,5696684,226.4368173032,227.8640650355,222.7547163828,225.1978869801,5696684,0.0,1.0
2021-02-02 00:00:00+00:00,234.2,235.95,231.38,231.47,6884483,232.1259853472,233.8604877996,229.3309585381,229.4201615214,6884483,0.0,1.0
2021-02-03 00:00:00+00:00,234.82,236.0,232.26,235.0,5357550,232.7404947875,233.9100450125,230.2031654856,232.918900754,5357550,0.0,1.0
2021-02-04 00:00:00+00:00,237.98,238.23,235.47,235.52,4770722,235.8725106444,236.1202967091,233.3847385555,233.4342957684,4770722,0.0,1.0
2021-02-05 00:00:00+00:00,238.89,239.36,236.41,239.15,5019976,236.7744519197,237.2402897212,234.3164141585,237.0321494269,5019976,0.0,1.0
2021-02-08 00:00:00+00:00,238.93,241.11,237.13,239.51,4336360,236.81409769,238.9747921736,235.0300380247,237.38896136,4336360,0.0,1.0
2021-02-09 00:00:00+00:00,236.7,240.08,236.2366,239.56,5107050,234.6038459935,237.9539135873,234.1445497441,237.4385185729,5107050,0.0,1.0
2021-02-10 00:00:00+00:00,236.72,238.22,233.96,237.45,5461870,234.6236688787,236.1103852665,231.8881107251,235.3472041874,5461870,0.0,1.0
2021-02-11 00:00:00+00:00,241.24,242.89,238.58,238.93,6091619,239.1036409272,240.7390289538,236.4671971995,236.81409769,6091619,0.0,1.0
2021-02-12 00:00:00+00:00,240.37,241.56,238.91,240.95,4314439,238.2413454223,239.42080709,236.7942748049,238.8162090922,4314439,0.0,1.0
2021-02-16 00:00:00+00:00,248.59,251.23,243.8,245.0,10837611,246.3885512274,249.0051720699,241.6409702291,242.8303433393,10837611,0.0,1.0
2021-02-17 00:00:00+00:00,247.66,249.5,245.5,248.59,5849198,245.466787067,247.2904925027,243.3259154685,246.3885512274,5849198,0.0,1.0
2021-02-18 00:00:00+00:00,247.01,248.01,242.5701,245.97,4159075,244.8225432989,245.8136875575,240.4219619055,243.7917532701,4159075,0.0,1.0
2021-02-19 00:00:00+00:00,246.56,249.39,245.98,248.0,4647670,244.3765283826,247.1814666342,243.8016647126,245.8037761149,4647670,0.0,1.0
2021-02-22 00:00:00+00:00,240.95,244.52,240.38,244.26,5006421,238.8162090922,242.3545940952,238.2512568649,242.096896588,5006421,0.0,1.0
2021-02-23 00:00:00+00:00,235.64,238.96,229.01,235.26,8641607,233.5532330795,236.8438320178,226.9819466454,233.1765982612,8641607,0.0,1.0
2021-02-24 00:00:00+00:00,240.47,241.5,231.51,235.53,6128260,238.3404598482,239.3613384344,229.4598072917,233.444207211,6128260,0.0,1.0
2021-02-25 00:00:00+00:00,231.08,240.35,229.77,238.53,7763813,229.0336152606,238.2215225371,227.7352162819,236.4176399866,7763813,0.0,1.0
2021-02-26 00:00:00+00:00,216.5,230.5,216.34,229.39,20085305,214.5827319712,228.4587515906,214.4241488899,227.3585814637,20085305,0.0,1.0
2021-03-01 00:00:00+00:00,217.54,220.2,215.03,219.9,14027677,215.6135220001,218.2499657278,213.1257499112,217.9526224502,14027677,0.0,1.0
2021-03-02 00:00:00+00:00,213.47,218.6,213.34,218.4,10211493,211.5795648679,216.6641349142,211.4507161143,216.4659060624,10211493,0.0,1.0
2021-03-03 00:00:00+00:00,206.0,213.32,205.395,212.83,11459016,204.1757172567,211.4308932291,203.5760749803,210.9452325424,11459016,0.0,1.0
2021-03-04 00:00:00+00:00,205.33,209.09,201.51,206.84,12800545,203.5116506035,207.2383530156,199.7254795359,205.0082784339,12800545,0.0,1.0
2021-03-05 00:00:00+00:00,210.76,212.35,203.22,210.01,11405951,208.8935639273,210.4694832984,201.420336218,208.1502057334,11405951,0.0,1.0
2021-03-08 00:00:00+00:00,207.72,214.9,207.57,213.62,9576414,205.8804853814,212.9969011576,205.7318137426,211.7282365067,9576414,0.0,1.0
2021-03-09 00:00:00+00:00,211.53,215.79,211.17,212.18,9732242,209.6567450064,213.8790195477,209.2999330733,210.3009887744,9732242,0.0,1.0
2021-03-10 00:00:00+00:00,211.96,216.15,211.77,214.72,7186394,210.0829370375,214.2358314808,209.8946196284,212.8184951911,7186394,0.0,1.0
2021-03-11 00:00:00+00:00,215.95,218.17,214.3537,215.0,6430984,214.0376026291,216.237942883,212.4554390492,213.0960155835,6430984,0.0,1.0
2021-03-12 00:00:00+00:00,212.21,213.85,209.3,213.45,6114641,210.3307231022,211.9561996861,207.4464933098,211.5597419827,6114641,0.0,1.0
2021-03-15 00:00:00+00:00,212.8,212.94,209.5,211.85,5741240,210.9154982147,211.0542584109,207.6447221616,209.9739111691,5741240,0.0,1.0
2021-03-16 00:00:00+00:00,214.48,216.69,213.475,214.84,5311048,212.580620569,214.7710493804,211.5845205892,212.9374325021,5311048,0.0,1.0
2021-03-17 00:00:00+00:00,213.12,214.81,210.86,213.52,5805143,211.2326643774,212.9076981743,208.9926783532,211.6291220808,5805143,0.0,1.0
2021-03-18 00:00:00+00:00,209.48,211.38,208.4,210.7,5583153,207.6248992764,209.5080733676,206.5544634772,208.8340952718,5583153,0.0,1.0
2021-03-19 00:00:00+00:00,212.2,212.75,209.07,209.81,7088442,210.3208116596,210.8659410018,207.2185301304,207.9519768817,7088442,0.0,1.0
2021-03-22 00:00:00+00:00,215.17,216.98,211.365,211.48,5002466,213.2645101074,215.0584812153,209.4932062037,209.6071877934,5002466,0.0,1.0
2021-03-23 00:00:00+00:00,215.0,217.43,214.33,214.76,4578046,213.0960155835,215.5044961317,212.4319489302,212.8581409614,4578046,0.0,1.0
2021-03-24 00:00:00+00:00,209.53,215.28,209.41,215.13,4617736,207.6744564893,213.3735359758,207.5555191783,213.2248643371,4617736,0.0,1.0
2021-03-25 00:00:00+00:00,205.44,208.17,204.37,206.17,7977209,203.6206764719,206.3265002977,202.5601521153,204.3442117807,7977209,0.0,1.0
2021-03-26 00:00:00+00:00,209.09,209.41,204.77,205.64,7333155,207.2383530156,207.5555191783,202.9566098187,203.8189053236,7333155,0.0,1.0
2021-03-29 00:00:00+00:00,210.77,211.652,205.99,209.01,5686945,208.9034753699,209.7776646059,204.1658058141,207.1590614749,5686945,0.0,1.0
2021-03-30 00:00:00+00:00,210.0,211.29,207.355,208.64,4717943,208.1402942908,209.4188703843,205.518717727,206.7923380992,4717943,0.0,1.0
2021-03-31 00:00:00+00:00,211.87,213.6699,210.11,210.44,6837964,209.9937340543,211.7776946052,208.2493201593,208.5763977646,6837964,0.0,1.0
2021-04-01 00:00:00+00:00,218.72,218.93,213.37,213.6,7763501,216.7830722252,216.9912125195,211.4804504421,211.7084136215,7763501,0.0,1.0
2021-04-05 00:00:00+00:00,220.29,221.84,218.93,219.61,5553185,218.3391687111,219.8754423118,216.9912125195,217.6651906153,5553185,0.0,1.0
2021-04-06 00:00:00+00:00,221.09,221.55,218.25,219.82,5448464,219.1320841179,219.5880104768,216.3172344237,217.8733309096,5448464,0.0,1.0
2021-04-07 00:00:00+00:00,220.79,222.68,219.39,221.96,4403436,218.8347408403,220.7080034889,217.4471388784,219.9943796228,4403436,0.0,1.0
2021-04-08 00:00:00+00:00,224.45,225.71,222.45,223.0,6169133,222.4623288265,223.7111705923,220.4800403095,221.0251696517,6169133,0.0,1.0
2021-04-09 00:00:00+00:00,231.28,231.31,223.63,224.33,7319270,229.2318441123,229.26157844,221.6495905345,222.3433915155,7319270,0.0,1.0
2021-04-12 00:00:00+00:00,228.76,229.85,227.15,229.52,6205676,226.7341605808,227.8145078226,225.1384183246,227.4874302173,6205676,0.0,1.0
2021-04-13 00:00:00+00:00,232.0,233.49,228.5,229.0,5397052,229.9454679784,231.4222729236,226.4764630736,226.9720352028,5397052,0.0,1.0
2021-04-14 00:00:00+00:00,228.02,233.14,227.66,232.85,4617597,226.0007138295,231.0753724331,225.6439018964,230.7879405982,4617597,0.0,1.0
2021-04-15 00:00:00+00:00,233.0,233.08,229.5,229.87,5073856,230.936612237,231.0159037776,227.4676073321,227.8343307078,5073856,0.0,1.0
2021-04-16 00:00:00+00:00,231.91,234.0,229.8935,234.0,5088749,229.8562649952,231.9277564955,227.8576225978,231.9277564955,5088749,0.0,1.0
2021-04-19 00:00:00+00:00,230.5,232.1953,228.87,230.83,4257749,228.4587515906,230.1390384521,226.8431864492,228.7858291959,4257749,0.0,1.0
2021-04-20 00:00:00+00:00,227.96,231.45,226.89,230.0,4081214,225.941245174,229.4003386362,224.8807208174,227.9631794614,4081214,0.0,1.0
2021-04-21 00:00:00+00:00,230.56,230.79,226.67,227.11,4024031,228.5182202461,228.7461834256,224.6626690805,225.0987725542,4024031,0.0,1.0
2021-04-22 00:00:00+00:00,231.35,233.89,229.01,230.0,4975361,229.3012242104,231.818730627,226.9819466454,227.9631794614,4975361,0.0,1.0
2021-04-23 00:00:00+00:00,233.51,235.49,231.75,232.94,5448503,231.4420958088,233.4045614407,229.6976819138,230.8771435814,5448503,0.0,1.0
2021-04-26 00:00:00+00:00,235.46,235.8044,232.4155,234.04,3459634,233.3748271129,233.7161771956,230.3572884178,231.9674022658,3459634,0.0,1.0
2021-04-27 00:00:00+00:00,234.21,235.9,231.91,235.46,3445222,232.1358967898,233.8109305867,229.8562649952,233.3748271129,3445222,0.0,1.0
2021-04-28 00:00:00+00:00,236.88,238.33,233.53,235.0,4274512,234.78225196,236.2194111349,231.461918694,232.918900754,4274512,0.0,1.0
2021-04-29 00:00:00+00:00,234.36,237.67,232.17,237.32,4140803,232.2845684286,235.5652559243,230.1139625024,235.2183554338,4140803,0.0,1.0
2021-04-30 00:00:00+00:00,230.32,234.5,229.52,232.8,5024797,228.2803456241,232.4233286247,227.4874302173,230.7383833852,5024797,0.0,1.0
2021-05-03 00:00:00+00:00,223.76,231.46,223.07,230.77,5835707,221.7784392882,229.4102500788,221.0945497498,228.7263605404,5835707,0.0,1.0
2021-05-04 00:00:00+00:00,217.18,222.0,214.3601,221.67,6727513,215.256710067,220.0340253931,212.4617823724,219.7069477878,6727513,0.0,1.0
2021-05-05 00:00:00+00:00,215.4,218.9282,214.84,218.82,2676876,213.4924732869,216.9894284598,212.9374325021,216.882186651,2676876,0.0,1.0
2021-05-06 00:00:00+00:00,218.05,218.28,213.5,215.805,5200021,216.119005572,216.3469687514,211.6092991957,213.8938867116,5200021,0.0,1.0
2021-05-07 00:00:00+00:00,216.5,221.2462,215.09,220.51,5774748,214.5827319712,219.2869008511,213.1852185667,218.5572204479,5774748,0.0,1.0
2021-05-10 00:00:00+00:00,213.89,215.96,213.23,215.498,5263698,211.9958454565,214.0475140716,211.3416902459,213.5896054242,5263698,0.0,1.0
2021-05-11 00:00:00+00:00,215.56,216.565,208.91,209.0,6097853,213.6510563682,214.6471563481,207.059947049,207.1491500323,6097853,0.0,1.0
2021-05-12 00:00:00+00:00,210.54,213.3699,209.0,213.34,5482463,208.6755121904,211.4803513276,207.1491500323,211.4507161143,5482463,0.0,1.0
2021-05-13 00:00:00+00:00,211.86,215.64,210.471,212.97,5337992,209.9838226117,213.7303479089,208.6071232366,211.0839927386,5337992,0.0,1.0
2021-05-14 00:00:00+00:00,217.66,218.27,214.15,214.19,4429018,215.7324593111,216.3370573088,212.2535429637,212.293188734,4429018,0.0,1.0
2021-05-17 00:00:00+00:00,215.06,217.72,212.82,216.59,3816066,213.155484239,215.7919279667,210.9353210999,214.6719349545,3816066,0.0,1.0
2021-05-18 00:00:00+00:00,214.33,217.3523,213.79,215.44,3540556,212.4319489302,215.4274842228,211.8967310306,213.5321190572,3540556,0.0,1.0
2021-05-19 00:00:00+00:00,221.34,221.6,214.51,215.85,8092067,219.3798701825,219.6375676897,212.6103548968,213.9384882032,8092067,0.0,1.0
2021-05-20 00:00:00+00:00,223.78,226.83,222.36,222.98,6705464,221.7982621733,224.8212521618,220.3908373262,221.0053467665,6705464,0.0,1.0
2021-05-21 00:00:00+00:00,222.58,225.7842,222.44,225.21,4913623,220.6088890631,223.7847134963,220.4701288669,223.215598463,4913623,0.0,1.0
2021-05-24 00:00:00+00:00,226.99,227.6,224.21,225.0,5288324,224.9798352432,225.5844332409,222.2244542045,223.0074581687,5288324,0.0,1.0
2021-05-25 00:00:00+00:00,227.71,229.72,226.28,228.0,6256329,225.6934591093,227.685659069,224.2761228196,225.9808909443,6256329,0.0,1.0
2021-05-26 00:00:00+00:00,229.68,230.24,228.29,228.48,5807104,227.6460132986,228.2010540834,226.2683227793,226.4566401884,5807104,0.0,1.0
2021-05-27 00:00:00+00:00,225.83,229.52,225.39,229.52,15344063,223.8301079033,227.4874302173,223.3940044296,227.4874302173,15344063,0.0,1.0
2021-05-28 00:00:00+00:00,238.1,243.5,237.83,239.22,17814520,235.9914479554,241.3436269515,235.7238390056,237.101529525,17814520,0.0,1.0
2021-06-01 00:00:00+00:00,236.2,238.4,232.46,238.0,8103888,234.1082738642,236.288791233,230.4013943373,235.8923335296,8103888,0.0,1.0
2021-06-02 00:00:00+00:00,234.62,238.29,233.9,234.4,5543876,232.5422659358,236.1797653646,231.8286420696,232.3242141989,5543876,0.0,1.0
2021-06-03 00:00:00+00:00,230.84,233.18,229.43,232.89,5109029,228.7957406385,231.1150182035,227.398227234,230.8275863685,5109029,0.0,1.0
2021-06-04 00:00:00+00:00,237.48,237.89,231.52,231.63,6177588,235.3769385152,235.7833076612,229.4697187343,229.5787446028,6177588,0.0,1.0
2021-06-07 00:00:00+00:00,238.14,239.47,235.84,236.6,3510776,236.0310937258,237.3493155896,233.7514619312,234.5047315677,3510776,0.0,1.0
2021-06-08 00:00:00+00:00,236.42,241.79,235.67,238.8,5827260,234.3263256011,239.6487702694,233.5829674072,236.6852489364,5827260,0.0,1.0
2021-06-09 00:00:00+00:00,236.09,238.87,235.51,238.87,3350916,233.9992479958,236.7546290345,233.4243843259,236.7546290345,3350916,0.0,1.0
2021-06-10 00:00:00+00:00,240.19,240.29,235.15,236.0,4659511,238.0629394558,238.1620538816,233.0675723928,233.9100450125,4659511,0.0,1.0
2021-06-11 00:00:00+00:00,240.31,240.37,238.41,239.03,4624184,238.1818767668,238.2413454223,236.2987026756,236.9132121159,4624184,0.0,1.0
2021-06-14 00:00:00+00:00,246.26,246.64,240.48,240.7,6764691,244.079185105,244.4558199233,238.3503712907,238.5684230276,6764691,0.0,1.0
2021-06-15 00:00:00+00:00,242.58,245.355,242.01,245.21,5135289,240.4317742337,243.1821995511,239.8668220063,243.0384836336,5135289,0.0,1.0
2021-06-16 00:00:00+00:00,242.39,245.01,239.48,242.0,5079270,240.2434568245,242.8402547819,237.3592270322,239.8569105637,5079270,0.0,1.0
2021-06-17 00:00:00+00:00,244.43,247.18,241.2,242.0,5170176,242.2653911119,244.9910378229,239.0639951569,239.8569105637,5170176,0.0,1.0
2021-06-18 00:00:00+00:00,242.78,246.01,241.06,241.85,7822172,240.6300030854,243.8313990404,238.9252349607,239.7082389249,7822172,0.0,1.0
2021-06-21 00:00:00+00:00,244.48,244.72,238.89,243.45,5895120,242.3149483249,242.5528229469,236.7744519197,241.2940697386,5895120,0.0,1.0
2021-06-22 00:00:00+00:00,243.11,244.72,240.8895,243.8,4457165,240.9570806907,242.5528229469,238.7562448646,241.6409702291,4457165,0.0,1.0
2021-06-23 00:00:00+00:00,241.84,244.5,240.85,243.75,4482408,239.6983274823,242.33477121,238.7170946664,241.5914130161,4482408,0.0,1.0
2021-06-24 00:00:00+00:00,243.77,247.69,242.7,243.35,4987330,241.6112359013,245.4965213947,240.5507115447,241.1949553127,4987330,0.0,1.0
2021-06-25 00:00:00+00:00,241.87,244.2,240.99,244.19,15409267,239.7280618101,242.0374279325,238.8558548626,242.0275164899,15409267,0.0,1.0
2021-06-28 00:00:00+00:00,244.57,247.59,243.6,244.21,4274889,242.4041513081,245.3974069689,241.4427413773,242.0473393751,4274889,0.0,1.0
2021-06-29 00:00:00+00:00,245.81,246.78,242.43,244.44,3871917,243.6331701887,244.5945801195,240.2831025949,242.2753025545,3871917,0.0,1.0
2021-06-30 00:00:00+00:00,244.27,246.625,243.5,245.48,4168762,242.1068080306,244.4409527594,241.3436269515,243.3060925834,4168762,0.0,1.0
2021-07-01 00:00:00+00:00,244.98,246.59,242.62,244.5,3899605,242.8105204541,244.4062627103,240.471420004,242.33477121,3899605,0.0,1.0
2021-07-02 00:00:00+00:00,248.2,248.96,245.84,246.92,4056827,246.0020049666,246.7552746031,243.6629045164,244.7333403157,4056827,0.0,1.0
2021-07-06 00:00:00+00:00,250.25,252.92,248.3759,249.0,5590223,248.0338506966,250.6802058668,246.1763472417,246.7949203734,5590223,0.0,1.0
2021-07-07 00:00:00+00:00,248.44,253.5,247.86,253.0,5101415,246.2398795886,251.2550695368,245.6650159187,250.7594974075,5101415,0.0,1.0
2021-07-08 00:00:00+00:00,245.8,246.58,241.74,244.84,5159623,243.6232587461,244.3963512678,239.5992130565,242.6717602579,5159623,0.0,1.0
2021-07-09 00:00:00+00:00,245.06,248.0,244.09,245.59,4213545,242.8898119948,245.8037761149,241.928402064,243.4151184518,4213545,0.0,1.0
2021-07-12 00:00:00+00:00,242.91,247.26,241.85,247.22,5604490,240.758851839,245.0703293636,239.7082389249,245.0306835932,5604490,0.0,1.0
2021-07-13 00:00:00+00:00,244.02,247.155,241.68,242.29,6699829,241.8590219659,244.9662592164,239.539744401,240.1443423987,6699829,0.0,1.0
2021-07-14 00:00:00+00:00,242.43,246.145,239.87,244.5,6375745,240.2831025949,243.9652035153,237.745773293,242.33477121,6375745,0.0,1.0
2021-07-15 00:00:00+00:00,237.58,242.025,235.8201,241.22,7912574,235.476052941,239.8816891702,233.7317381604,239.0838180421,7912574,0.0,1.0
2021-07-16 00:00:00+00:00,238.43,240.88,237.77,238.3,7288104,236.3185255608,238.7468289942,235.6643703501,236.1896768072,7288104,0.0,1.0
2021-07-19 00:00:00+00:00,237.55,238.5,234.3101,236.51,8842963,235.4463186133,236.3879056589,232.2351103301,234.4155285844,8842963,0.0,1.0
2021-07-20 00:00:00+00:00,240.11,243.18,236.27,238.7,8486974,237.9836479151,241.0264607888,234.1776539623,236.5861345106,8486974,0.0,1.0
2021-07-21 00:00:00+00:00,242.11,242.98,238.27,241.44,15323125,239.9659364321,240.8282319371,236.1599424794,239.3018697789,15323125,0.0,1.0
2021-07-22 00:00:00+00:00,248.28,248.7,243.34,243.5,7868703,246.0812965073,246.4975770958,241.1850438701,241.3436269515,7868703,0.0,1.0
2021-07-23 00:00:00+00:00,248.25,250.56,246.68,250.0,5877259,246.0515621795,248.3411054167,244.4954656936,247.7860646319,5877259,0.0,1.0
2021-07-26 00:00:00+00:00,247.6,248.48,245.82,248.2,3960897,245.4073184115,246.279525359,243.6430816313,246.0020049666,3960897,0.0,1.0
2021-07-27 00:00:00+00:00,243.51,248.13,241.19,247.21,6352540,241.3535383941,245.9326248685,239.0540837143,245.0207721506,6352540,0.0,1.0
2021-07-28 00:00:00+00:00,243.96,246.08,243.0,243.82,4100237,241.7995533104,243.9007791385,240.8480548222,241.6607931142,4100237,0.0,1.0
2021-07-29 00:00:00+00:00,244.04,246.16,243.49,243.49,3200926,241.8788448511,243.9800706792,241.3337155089,241.3337155089,3200926,0.0,1.0
2021-07-30 00:00:00+00:00,241.93,244.24,241.63,243.0,3748445,239.7875304656,242.0770737028,239.490187188,240.8480548222,3748445,0.0,1.0
2021-08-02 00:00:00+00:00,240.86,242.47,238.88,242.31,3525726,238.727006109,240.3227483652,236.7645404771,240.1641652838,3525726,0.0,1.0
2021-08-03 00:00:00+00:00,241.13,243.05,239.04,241.38,3077919,238.9946150588,240.8976120352,236.9231235585,239.2424011234,3077919,0.0,1.0
2021-08-04 00:00:00+00:00,244.17,244.65,239.67,241.62,4121614,242.0076936047,242.4834428488,237.5475444413,239.4802757455,4121614,0.0,1.0
2021-08-05 00:00:00+00:00,250.56,250.9015,243.5418,244.68,5235193,248.3411054167,248.679581181,241.3850567815,242.5131771766,5235193,0.0,1.0
2021-08-06 00:00:00+00:00,250.59,252.08,249.22,249.23,4045384,248.3708397445,249.8476446897,247.0129721103,247.0228835529,4045384,0.0,1.0
2021-08-09 00:00:00+00:00,249.32,252.42,247.85,251.42,3312170,247.1120865361,250.1846337376,245.6551044761,249.193489479,3312170,0.0,1.0
2021-08-10 00:00:00+00:00,243.39,251.25,243.04,250.87,4430617,241.2346010831,249.0249949551,240.8877005926,248.6483601368,4430617,0.0,1.0
2021-08-11 00:00:00+00:00,242.28,246.15,240.1,244.67,3999205,240.1344309561,243.9701592366,237.9737364725,242.503265734,3999205,0.0,1.0
2021-08-12 00:00:00+00:00,248.39,248.43,241.93,242.5,4468390,246.1903223757,246.229968146,239.7875304656,240.352482693,4468390,0.0,1.0
2021-08-13 00:00:00+00:00,251.56,253.77,248.87,251.71,5910389,249.3322496752,251.5226784866,246.6660716198,249.480921314,5910389,0.0,1.0
2021-08-16 00:00:00+00:00,249.2,251.0,244.47,250.17,4048733,246.9931492251,248.7772088905,242.3050368823,247.9545591559,4048733,0.0,1.0
2021-08-17 00:00:00+00:00,246.99,249.2,245.94,248.26,3472597,244.8027204138,246.9931492251,243.7620189423,246.0614736221,3472597,0.0,1.0
2021-08-18 00:00:00+00:00,251.22,256.795,247.72,248.0,8306650,248.9952606273,254.5208898686,245.5262557225,245.8037761149,8306650,0.0,1.0
2021-08-19 00:00:00+00:00,253.07,255.4399,248.38,249.17,6600793,250.8288775056,253.1777902839,246.1804109331,246.9634148973,6600793,0.0,1.0
2021-08-20 00:00:00+00:00,256.13,257.87,252.61,253.0,5510730,253.8617789367,255.5863699465,250.3729511467,250.7594974075,5510730,0.0,1.0
2021-08-23 00:00:00+00:00,260.52,261.855,256.57,257.0,7603867,258.2129022316,259.5360798168,254.2978824105,254.7240744416,7603867,0.0,1.0
2021-08-24 00:00:00+00:00,259.66,262.5,259.0588,261.92,6685164,257.3605181693,260.1753678635,256.7646422411,259.6005041936,6685164,0.0,1.0
2021-08-25 00:00:00+00:00,260.85,261.9,258.745,260.86,9700952,258.539979837,259.5806813084,256.4536211727,258.5498912795,9700952,0.0,1.0
2021-08-26 00:00:00+00:00,267.79,275.22,267.36,269.8,18986966,265.4185209911,272.782722832,264.99232896,267.4107209508,18986966,0.0,1.0
2021-08-27 00:00:00+00:00,266.53,270.91,265.43,267.86,7992509,264.1696792254,268.5108910777,263.079420541,265.4879010892,7992509,0.0,1.0
2021-08-30 00:00:00+00:00,264.97,267.58,264.75,265.81,5729953,262.6234941821,265.2103806968,262.4054424452,263.4560553592,5729953,0.0,1.0
2021-08-31 00:00:00+00:00,265.27,266.77,262.7,264.77,5901518,262.9208374596,264.4075538474,260.3735967152,262.4252653304,5901518,0.0,1.0
2021-09-01 00:00:00+00:00,268.32,273.26,265.59,266.27,7189035,265.9438274482,270.8400800853,263.2380036224,263.9119817182,7189035,0.0,1.0
2021-09-02 00:00:00+00:00,264.15,269.26,263.92,269.0,4499608,261.8107558901,266.8755030512,261.5827927106,266.617805544,4499608,0.0,1.0
2021-09-03 00:00:00+00:00,267.08,267.41,261.8001,263.6,7357515,264.7148085676,265.0418861729,259.481665997,261.2656265479,7357515,0.0,1.0
2021-09-07 00:00:00+00:00,265.21,267.9,264.07,266.54,4673779,262.8613688041,265.5275468596,261.7314643494,264.179590668,4673779,0.0,1.0
2021-09-08 00:00:00+00:00,262.62,264.34,261.58,263.62,3851513,260.2943051745,261.9990732992,259.2635151457,261.2854494331,3851513,0.0,1.0
2021-09-09 00:00:00+00:00,260.74,263.71,260.451,261.82,4126467,258.4309539685,261.3746524163,258.1445132778,259.5013897677,4126467,0.0,1.0
2021-09-10 00:00:00+00:00,257.2,261.5899,256.5,261.0,5280883,254.9223032933,259.2733274738,254.2285023124,258.6886514757,5280883,0.0,1.0
2021-09-13 00:00:00+00:00,254.11,257.6891,252.19,257.0,5258184,251.8596675345,255.4070719502,249.9566705581,254.7240744416,5258184,0.0,1.0
2021-09-14 00:00:00+00:00,254.37,255.11,253.0,254.11,4097542,252.1173650417,252.850811793,250.7594974075,251.8596675345,4097542,0.0,1.0
2021-09-15 00:00:00+00:00,256.16,256.745,252.95,254.54,4764574,253.8915132645,254.4713326557,250.7099401946,252.2858595656,4764574,0.0,1.0
2021-09-16 00:00:00+00:00,260.36,261.22,255.0,255.53,5122575,258.0543191503,258.9067032126,252.7417859246,253.2670923816,5122575,0.0,1.0
2021-09-17 00:00:00+00:00,260.53,261.7,258.68,259.27,7053537,258.2228136742,259.3824524567,256.3891967959,256.9739719085,7053537,0.0,1.0
2021-09-20 00:00:00+00:00,258.22,259.215,254.94,256.59,5985544,255.933270437,256.9194589743,252.6823172691,254.3177052956,5985544,0.0,1.0
2021-09-21 00:00:00+00:00,257.97,262.55,257.77,259.47,6040565,255.6854843724,260.2249250764,255.4872555207,257.1722007602,6040565,0.0,1.0
2021-09-22 00:00:00+00:00,259.17,260.359,256.21,258.9,4355561,256.8748574826,258.053328006,253.9410704774,256.6072485328,4355561,0.0,1.0
2021-09-23 00:00:00+00:00,277.86,279.39,266.4,270.0,15617209,275.3993436745,276.9157943901,264.0408304718,267.6089498025,15617209,0.0,1.0
2021-09-24 00:00:00+00:00,285.63,286.36,278.21,278.5,13368305,283.1005345633,283.824069872,275.746244165,276.033676,13368305,0.0,1.0
2021-09-27 00:00:00+00:00,279.68,283.76,279.04,282.44,5941145,277.203226225,281.2470947998,276.5688938996,279.9387843786,5941145,0.0,1.0
2021-09-28 00:00:00+00:00,272.28,276.7,270.04,275.11,7127081,269.8687587119,274.2496163346,267.6485955728,272.6736969636,7127081,0.0,1.0
2021-09-29 00:00:00+00:00,270.5,274.6822,269.24,273.49,4361850,268.1045219317,272.2496854498,266.855680166,271.0680432647,4361850,0.0,1.0
2021-09-30 00:00:00+00:00,271.22,274.26,270.44,270.65,5226998,268.8181457979,271.8312243438,268.0450532762,268.2531935705,5226998,0.0,1.0
2021-10-01 00:00:00+00:00,275.26,276.34,268.77,271.5,4756004,272.8223686023,273.8928044015,266.3898423645,269.0956661903,4756004,0.0,1.0
2021-10-04 00:00:00+00:00,270.86,275.3,266.14,275.22,6393840,268.4613338648,272.8620143727,263.7831329646,272.782722832,6393840,0.0,1.0
2021-10-05 00:00:00+00:00,271.77,273.549,271.03,272.11,4050404,269.3632751401,271.126520776,268.6298283888,269.700264188,4050404,0.0,1.0
2021-10-06 00:00:00+00:00,275.27,275.49,267.5,269.67,4745485,272.8322800449,273.0503317818,265.1310891562,267.2818721972,4745485,0.0,1.0
2021-10-07 00:00:00+00:00,274.58,279.5,274.085,276.9,5374204,272.1483905065,277.0248202585,271.6577740986,274.4478451863,5374204,0.0,1.0
2021-10-08 00:00:00+00:00,272.48,276.92,272.27,275.54,2683286,270.0669875636,274.4676680715,269.8588472693,273.0998889947,2683286,0.0,1.0
2021-10-11 00:00:00+00:00,273.75,276.27,271.51,271.78,2693021,271.325740772,273.8234243034,269.1055776329,269.3731865827,2693021,0.0,1.0
2021-10-12 00:00:00+00:00,279.0,280.7496,276.0242,276.42,5970095,276.5292481292,278.2633541239,273.5798010447,273.9720959422,5970095,0.0,1.0
2021-10-13 00:00:00+00:00,284.41,285.1,278.6,280.0,6575213,281.8913385679,282.5752281062,276.1327904258,277.5203923878,6575213,0.0,1.0
2021-10-14 00:00:00+00:00,290.02,290.64,284.66,286.0,5435676,287.4516578582,288.0661672985,282.1391246325,283.4672579389,5435676,0.0,1.0
2021-10-15 00:00:00+00:00,291.66,292.87,289.32,292.49,5119331,289.0771344422,290.276418995,286.7578568772,289.8997841768,5119331,0.0,1.0
2021-10-18 00:00:00+00:00,291.7,293.25,288.71,290.78,5163348,289.1167802125,290.6530538132,286.1532588795,288.2049274947,5163348,0.0,1.0
2021-10-19 00:00:00+00:00,292.34,295.53,291.36,292.1,3631164,289.751112538,292.9128627227,288.7797911646,289.5132379159,3631164,0.0,1.0
2021-10-20 00:00:00+00:00,290.09,295.41,287.95,293.11,4487918,287.5210379563,292.7939254117,285.3999892431,290.5142936171,4487918,0.0,1.0
2021-10-21 00:00:00+00:00,289.81,291.5741,288.27,289.47,2828499,287.2435175639,288.9919951504,285.7171554058,286.906528516,2828499,0.0,1.0
2021-10-22 00:00:00+00:00,292.56,293.0,288.18,289.0,2927049,289.9691642749,290.4052677486,285.6279524225,286.4406907145,2927049,0.0,1.0
2021-10-25 00:00:00+00:00,293.92,295.13,291.72,293.3,2993500,291.3171204665,292.5164050193,289.1366030977,290.7026110262,2993500,0.0,1.0
2021-10-26 00:00:00+00:00,295.11,298.36,293.62,295.78,3601447,292.4965821341,295.7178009743,291.0197771889,293.1606487873,3601447,0.0,1.0
2021-10-27 00:00:00+00:00,295.15,299.19,295.09,296.53,3742741,292.5362279045,296.5404507089,292.4767592489,293.9040069812,3742741,0.0,1.0
2021-10-28 00:00:00+00:00,298.38,298.8099,293.53,295.07,3450407,295.7376238595,296.1637167762,290.9305742056,292.4569363638,3450407,0.0,1.0
2021-10-29 00:00:00+00:00,299.69,300.78,296.27,298.0,4251850,297.0360228382,298.11637008,293.646309474,295.3609890413,4251850,0.0,1.0
2021-11-01 00:00:00+00:00,302.76,304.86,299.72,301.5,3778241,300.0788357118,302.1602386548,297.0657571659,298.8299939461,3778241,0.0,1.0
2021-11-02 00:00:00+00:00,302.95,303.44,299.41,301.72,4090926,300.267153121,300.7528138076,296.7585024458,299.048045683,4090926,0.0,1.0
2021-11-03 00:00:00+00:00,302.89,303.95,298.19,303.95,3260169,300.2076844655,301.2582973795,295.5493064504,301.2582973795,3260169,0.0,1.0
2021-11-04 00:00:00+00:00,308.04,308.41,302.4,303.5,3833787,305.3120773969,305.6788007725,299.7220237788,300.8122824632,3833787,0.0,1.0
2021-11-05 00:00:00+00:00,307.25,311.4,303.34,308.5,4681990,304.5290734326,308.6423221055,300.6536993818,305.7680037558,4681990,0.0,1.0
2021-11-08 00:00:00+00:00,309.96,311.39,305.9001,307.2,3893014,307.2150743732,308.6324106629,303.191127798,304.4795162197,3893014,0.0,1.0
2021-11-09 00:00:00+00:00,309.71,311.75,307.22,310.0,3113169,306.9672883086,308.989222596,304.4993391049,307.2547201436,3113169,0.0,1.0
2021-11-10 00:00:00+00:00,299.67,308.59,297.885,306.57,4350924,297.016199953,305.8572067391,295.2470074515,303.8550953368,4350924,0.0,1.0
2021-11-11 00:00:00+00:00,302.98,305.75,301.5,301.5,2681892,300.2968874487,303.0423570448,298.8299939461,298.8299939461,2681892,0.0,1.0
2021-11-12 00:00:00+00:00,306.65,307.22,301.63,304.5,3777942,303.9343868775,304.4993391049,298.9588426997,301.8034267217,3777942,0.0,1.0
2021-11-15 00:00:00+00:00,305.49,307.76,303.23,306.9,3595625,302.7846595376,305.0345570045,300.5446735134,304.1821729422,3595625,0.0,1.0
2021-11-16 00:00:00+00:00,307.09,307.58,302.721,304.08,2989383,304.3704903513,304.8561510379,300.0401810858,301.3871461331,2989383,0.0,1.0
2021-11-17 00:00:00+00:00,308.02,309.9,307.25,307.78,3864656,305.2922545117,307.1556057177,304.5290734326,305.0543798897,3864656,0.0,1.0
2021-11-18 00:00:00+00:00,302.99,306.99,299.58,306.16,4444339,300.3067988913,304.2713759254,296.9269969697,303.4487261908,4444339,0.0,1.0
2021-11-19 00:00:00+00:00,301.17,306.0,301.1,305.71,4758869,298.5029163408,303.2901431095,298.4335362427,303.0027112745,4758869,0.0,1.0
2021-11-22 00:00:00+00:00,296.84,305.49,296.72,301.84,4476157,294.2112617014,302.7846595376,294.0923243903,299.166982994,4476157,0.0,1.0
2021-11-23 00:00:00+00:00,291.42,296.47,288.31,293.65,6432469,288.8392598201,293.8445383257,285.7568011761,291.0495115167,6432469,0.0,1.0
2021-11-24 00:00:00+00:00,289.17,289.4499,283.2,286.04,5091437,286.6091852385,286.8866065164,280.692054015,283.5069037093,5091437,0.0,1.0
2021-11-26 00:00:00+00:00,284.21,287.57,283.04,284.5,4195279,281.6931097162,285.0233544248,280.5334709337,281.9805415511,4195279,0.0,1.0
2021-11-29 00:00:00+00:00,296.74,298.39,284.7,289.52,8215565,294.1121472755,295.7475353021,282.1787704028,286.9560857289,8215565,0.0,1.0
2021-11-30 00:00:00+00:00,284.96,299.27,283.4,296.19,13597638,282.4364679101,296.6197422496,280.8902828667,293.5670179333,13597638,0.0,1.0
2021-12-01 00:00:00+00:00,251.5,276.94,251.46,271.26,30744431,249.2727810197,274.4874909567,249.2331352494,268.8577915682,30744431,0.0,1.0
2021-12-02 00:00:00+00:00,261.2,262.58,252.1401,252.82,12200786,258.8868803274,260.2546594042,249.9072124596,250.581091441,12200786,0.0,1.0
2021-12-03 00:00:00+00:00,258.32,261.75,251.7,261.55,8944026,256.0323848629,259.4320096696,249.4710098714,259.2337808179,8944026,0.0,1.0
2021-12-06 00:00:00+00:00,258.75,259.23,250.71,256.1,7122951,256.458576894,256.9343261381,248.4897770555,253.8320446089,7122951,0.0,1.0
2021-12-07 00:00:00+00:00,266.99,270.23,263.6,265.47,7401230,264.6256055843,267.8369129819,261.2656265479,263.1190663113,7401230,0.0,1.0
2021-12-08 00:00:00+00:00,266.31,268.5,264.57,268.31,4586480,263.9516274885,266.1222334147,262.2270364787,265.9339160056,4586480,0.0,1.0
2021-12-09 00:00:00+00:00,264.32,266.68,262.64,266.04,3966956,261.979250414,264.3183508642,260.3141280597,263.6840185387,3966956,0.0,1.0
2021-12-10 00:00:00+00:00,266.03,270.57,264.44,266.1,3480091,263.6741070961,268.1739020298,262.0981877251,263.7434871942,3480091,0.0,1.0
2021-12-13 00:00:00+00:00,265.76,270.56,264.61,265.8,3625721,263.4064981463,268.1639905873,262.266682249,263.4461439167,3625721,0.0,1.0
2021-12-14 00:00:00+00:00,255.59,262.15,253.3,262.0,7227339,253.3265610371,259.828467373,251.0568406851,259.6797957343,7227339,0.0,1.0
2021-12-15 00:00:00+00:00,260.04,260.19,251.9,254.85,6484942,257.7371529875,257.8858246263,249.6692387231,252.5931142858,6484942,0.0,1.0
2021-12-16 00:00:00+00:00,253.12,261.3499,252.22,260.0,6556672,250.8784347185,259.0354528518,249.9864048859,257.6975072172,6556672,0.0,1.0
2021-12-17 00:00:00+00:00,252.93,253.9,246.79,251.24,12170272,250.6901173094,251.6515272402,244.6044915621,249.0150835125,12170272,0.0,1.0
2021-12-20 00:00:00+00:00,247.21,251.54,246.5,249.89,5580059,245.0207721506,249.3124267901,244.3170597271,247.6770387635,5580059,0.0,1.0
2021-12-21 00:00:00+00:00,252.55,253.01,245.25,248.0,5428209,250.3134824912,250.7694088501,243.0781294039,245.8037761149,5428209,0.0,1.0
2021-12-22 00:00:00+00:00,252.8,254.26,249.51,253.42,4982392,250.5612685558,252.0083391733,247.3004039452,251.1757779961,4982392,0.0,1.0
2021-12-23 00:00:00+00:00,253.14,254.31,249.335,251.23,3769478,250.8982576037,252.0578963862,247.1269537,249.0051720699,3769478,0.0,1.0
2021-12-27 00:00:00+00:00,258.3,258.43,253.24,253.39,3532542,256.0125619777,256.1414107313,250.9973720296,251.1460436683,3532542,0.0,1.0
2021-12-28 00:00:00+00:00,255.45,260.78,254.938,259.73,3296365,253.1878008409,258.4705997389,252.6803349805,257.4298982674,3296365,0.0,1.0
2021-12-29 00:00:00+00:00,254.54,256.43,253.12,256.0,2592745,252.2858595656,254.1591222143,250.8784347185,253.7329301831,2592745,0.0,1.0
2021-12-30 00:00:00+00:00,255.33,257.9,254.46,255.3,2950573,253.0688635299,255.6161042743,252.206568025,253.0391292021,2950573,0.0,1.0
2021-12-31 00:00:00+00:00,254.13,256.49,253.63,254.47,3108655,251.8794904196,254.2185908698,251.3839182904,252.2164794675,3108655,0.0,1.0
2022-01-03 00:00:00+00:00,255.46,256.7,248.65,255.01,4318489,253.1977122835,254.4267311641,246.4480198829,252.7516973671,4318489,0.0,1.0
2022-01-04 00:00:00+00:00,248.23,256.87,243.395,256.85,7240729,246.0317392943,254.595225688,241.2395568044,254.5754028028,7240729,0.0,1.0
2022-01-05 00:00:00+00:00,227.67,238.2,227.31,236.17,18882465,225.653813339,236.0905623813,225.2970014059,234.0785395365,18882465,0.0,1.0
2022-01-06 00:00:00+00:00,229.15,234.48,226.0532,228.04,9376094,227.1207068416,232.4035057396,224.0513313018,226.0205367147,9376094,0.0,1.0
2022-01-07 00:00:00+00:00,228.31,232.28,226.05,228.5,6286718,226.2881456645,230.2229883708,224.0481596402,226.4764630736,6286718,0.0,1.0
2022-01-10 00:00:00+00:00,229.63,229.83,218.89,225.5,7803784,227.5964560857,227.7946849374,216.9515667491,223.503030298,7803784,0.0,1.0
2022-01-11 00:00:00+00:00,234.84,236.35,226.56,228.8,7624430,232.7603176726,234.256945503,224.553643212,226.7738063511,7624430,0.0,1.0
2022-01-12 00:00:00+00:00,237.83,239.28,235.76,237.0,6718884,235.7238390056,237.1609981805,233.6721703905,234.9011892711,6718884,0.0,1.0
2022-01-13 00:00:00+00:00,228.63,238.79,227.92,237.5,6680317,226.6053118272,236.6753374938,225.9015994036,235.3967614003,6680317,0.0,1.0
2022-01-14 00:00:00+00:00,231.23,233.29,227.6074,228.03,5805137,229.1822868994,231.2240440719,225.5917677084,226.0106252721,5805137,0.0,1.0
2022-01-18 00:00:00+00:00,226.06,230.73,225.3,228.45,5973367,224.0580710828,228.6867147701,223.3048014463,226.4269058607,5973367,0.0,1.0
2022-01-19 00:00:00+00:00,226.27,232.21,226.17,227.47,5264560,224.2662113771,230.1536082727,224.1670969512,225.4555844873,5264560,0.0,1.0
2022-01-20 00:00:00+00:00,222.94,231.4,222.49,229.07,5663652,220.9657009962,229.3507814233,220.5196860798,227.0414153009,5663652,0.0,1.0
2022-01-21 00:00:00+00:00,218.63,224.77,218.25,223.06,9128418,216.6938692419,222.7794949893,216.3172344237,221.0846383072,9128418,0.0,1.0
2022-01-24 00:00:00+00:00,223.03,223.38,207.51,212.39,11674760,221.0549039794,221.4018044699,205.6723450871,210.5091290687,11674760,0.0,1.0
2022-01-25 00:00:00+00:00,215.39,223.9,214.67,221.0,9092713,213.4825618443,221.9171994844,212.7689379781,219.0428811346,9092713,0.0,1.0
2022-01-26 00:00:00+00:00,211.0,221.46,209.07,219.61,10029562,209.1314385493,219.4988074935,207.2185301304,217.6651906153,10029562,0.0,1.0
2022-01-27 00:00:00+00:00,212.74,223.15,212.06,214.08,9468583,210.8560295592,221.1738412905,210.1820514634,212.1841628656,9468583,0.0,1.0
2022-01-28 00:00:00+00:00,222.13,222.29,210.88,214.3,8254892,220.1628741468,220.3214572281,209.0125012383,212.4022146025,8254892,0.0,1.0
2022-01-31 00:00:00+00:00,232.63,232.91,222.26,222.95,7084216,230.5698888613,230.8474092537,220.2917229004,220.9756124388,7084216,0.0,1.0
2022-02-01 00:00:00+00:00,232.12,232.78,226.32,232.37,6387115,230.0644052895,230.7185605001,224.31576859,230.3121913541,6387115,0.0,1.0
2022-02-02 00:00:00+00:00,225.01,234.49,223.0169,233.74,9378866,223.0173696113,232.4134171822,221.0419199896,231.6700589883,9378866,0.0,1.0
2022-02-03 00:00:00+00:00,212.77,220.7909,210.4,218.07,12826597,210.8857638869,218.8356328702,208.5367519942,216.1388284571,12826597,0.0,1.0
2022-02-04 00:00:00+00:00,219.23,221.67,213.19,214.99,6176474,217.288555797,219.7069477878,211.3020444755,213.0861041409,6176474,0.0,1.0
2022-02-07 00:00:00+00:00,216.97,221.44,216.66,219.0,3922259,215.0485697728,219.4789846084,214.7413150526,217.0605926176,3922259,0.0,1.0
2022-02-08 00:00:00+00:00,217.43,217.94,212.15,215.6,5628683,215.5044961317,216.0099797035,210.2712544467,213.6907021386,5628683,0.0,1.0
2022-02-09 00:00:00+00:00,222.04,222.19,215.57,221.14,6107708,220.0736711635,220.2223428023,213.6609678108,219.1816413308,6107708,0.0,1.0
2022-02-10 00:00:00+00:00,217.67,221.99,215.81,217.7,5312607,215.7423707537,220.0241139506,213.8988424329,215.7721050815,5312607,0.0,1.0
2022-02-11 00:00:00+00:00,207.9,219.93,206.1121,217.62,8165623,206.0588913479,217.982356778,204.2868245281,215.6928135408,8165623,0.0,1.0
2022-02-14 00:00:00+00:00,206.4,209.9,204.63,205.8,7005942,204.5721749601,208.041179865,202.8178496225,203.977488405,7005942,0.0,1.0
2022-02-15 00:00:00+00:00,214.25,214.57,208.52,209.75,6355740,212.3526573896,212.6698235523,206.6734007882,207.8925082262,6355740,0.0,1.0
2022-02-16 00:00:00+00:00,211.74,212.42,208.21,211.0,7072715,209.8648853007,210.5388633965,206.3661460681,209.1314385493,7072715,0.0,1.0
2022-02-17 00:00:00+00:00,200.03,209.75,199.5,208.33,8820050,198.2585860333,207.8925082262,197.7332795763,206.4850833791,8820050,0.0,1.0
2022-02-18 00:00:00+00:00,196.84,202.6,195.79,200.4,6691812,195.0968358486,200.8058267777,194.0561343771,198.625309409,6691812,0.0,1.0
2022-02-22 00:00:00+00:00,195.13,201.46,193.525,195.53,7789271,193.4019791665,199.675922323,191.8111926316,193.7984368699,7789271,0.0,1.0
2022-02-23 00:00:00+00:00,190.54,199.0,190.13,196.35,7784294,188.8526270199,197.237707447,188.4462578739,194.6111751619,7784294,0.0,1.0
2022-02-24 00:00:00+00:00,204.29,204.9,184.44,184.74,11792612,202.4808605746,203.0854585723,182.8066470428,183.1039903204,11792612,0.0,1.0
2022-02-25 00:00:00+00:00,208.09,208.4674,201.61,204.724,5853614,206.247208757,206.6212666002,199.8245939618,202.9110171828,5853614,0.0,1.0
2022-02-28 00:00:00+00:00,210.53,211.67,206.95,207.79,7904654,208.6656007478,209.7955052026,205.1173043023,205.9498654795,7904654,0.0,1.0
2022-03-01 00:00:00+00:00,208.89,214.39,208.46,213.4,12587317,207.0401241639,212.4914175858,206.6139321327,211.5101847698,12587317,0.0,1.0
2022-03-02 00:00:00+00:00,210.39,217.3096,201.1501,216.1,16670096,208.5268405516,215.385162363,199.3687667173,214.1862742678,16670096,0.0,1.0
2022-03-03 00:00:00+00:00,204.75,211.63,204.22,210.39,6559852,202.9367869335,209.7558594322,202.4114804765,208.5268405516,6559852,0.0,1.0
2022-03-04 00:00:00+00:00,203.01,206.38,199.26,204.7,6816423,201.2121959237,204.5523520749,197.4954049542,202.8872297206,6816423,0.0,1.0
2022-03-07 00:00:00+00:00,196.23,204.93,196.04,203.45,7043501,194.4922378509,203.1151929001,194.3039204418,201.6482993975,7043501,0.0,1.0
2022-03-08 00:00:00+00:00,192.08,197.2,189.2,194.28,8229049,190.378989178,195.4536477817,187.5244937134,192.5595065468,8229049,0.0,1.0
2022-03-09 00:00:00+00:00,203.16,205.23,197.22,198.35,6881263,201.3608675625,203.4125361776,195.4734706668,196.593463679,6881263,0.0,1.0
2022-03-10 00:00:00+00:00,200.15,201.2,197.53,199.1,5604161,198.3775233443,199.4182248158,195.780725387,197.3368218729,5604161,0.0,1.0
2022-03-11 00:00:00+00:00,197.9,204.77,197.63,204.77,5196914,196.1474487626,202.9566098187,195.8798398128,202.9566098187,5196914,0.0,1.0
2022-03-14 00:00:00+00:00,193.12,200.16,191.82,198.24,5665470,191.4097792069,198.3874347869,190.1212916708,196.4844378105,5665470,0.0,1.0
2022-03-15 00:00:00+00:00,196.14,199.96,192.74,198.53,5276325,194.4030348676,198.1892059352,191.0331443886,196.7718696455,5276325,0.0,1.0
2022-03-16 00:00:00+00:00,205.57,205.9,197.33,198.66,6043359,203.7495252255,204.0766028309,195.5824965353,196.9007183991,6043359,0.0,1.0
2022-03-17 00:00:00+00:00,210.41,210.68,202.5601,204.62,5842555,208.5466634368,208.8142723866,200.7662801218,202.8079381799,5842555,0.0,1.0
2022-03-18 00:00:00+00:00,218.8,219.58,208.305,209.23,12122674,216.8623637659,217.6354562875,206.4603047726,207.3771132118,12122674,0.0,1.0
2022-03-21 00:00:00+00:00,213.72,219.1,210.61,218.19,6052850,211.8273509325,217.1597070434,208.7448922885,216.2577657682,6052850,0.0,1.0
2022-03-22 00:00:00+00:00,218.21,221.85,212.615,213.72,6990554,216.2775886533,219.8853537544,210.7321365269,211.8273509325,6990554,0.0,1.0
2022-03-23 00:00:00+00:00,211.11,213.93,208.31,213.87,8404667,209.2404644178,212.0354912268,206.4652604939,211.9760225713,8404667,0.0,1.0
2022-03-24 00:00:00+00:00,213.98,214.11,209.87,212.35,4150252,212.0850484398,212.2138971934,208.0114455372,210.4694832984,4150252,0.0,1.0
2022-03-25 00:00:00+00:00,211.03,215.86,208.48,214.27,3393076,209.1611728771,213.9483996458,206.6337550179,212.3724802747,3393076,0.0,1.0
2022-03-28 00:00:00+00:00,215.28,215.38,209.3,210.38,4290886,213.3735359758,213.4726504017,207.4464933098,208.5169291091,4290886,0.0,1.0
2022-03-29 00:00:00+00:00,221.29,222.155,216.77,218.62,5370373,219.3303129696,220.1876527532,214.850340921,216.6839577993,5370373,0.0,1.0
2022-03-30 00:00:00+00:00,214.94,219.85,213.4,219.71,4951199,213.0365469279,217.9030652373,211.5101847698,217.7643050411,4951199,0.0,1.0
2022-03-31 00:00:00+00:00,212.32,216.79,211.79,214.5,7141260,210.4397489706,214.8701638062,209.9144425136,212.6004434542,7141260,0.0,1.0
2022-04-01 00:00:00+00:00,212.25,214.03,210.04,212.48,6007859,210.3703688725,212.1346056527,208.1799400612,210.598332052,6007859,0.0,1.0
2022-04-04 00:00:00+00:00,218.85,221.0,214.1,214.63,7845801,216.9119209788,219.0428811346,212.2039857508,212.7292922078,7845801,0.0,1.0
2022-04-05 00:00:00+00:00,210.14,218.27,208.67,218.0,7230245,208.279054487,216.3370573088,206.822072427,216.069448359,7230245,0.0,1.0
2022-04-06 00:00:00+00:00,200.82,205.465,198.08,205.21,7171285,199.0415899975,203.6454550784,196.3258547292,203.3927132925,7171285,0.0,1.0
2022-04-07 00:00:00+00:00,200.16,202.72,198.19,199.12,5245971,198.3874347869,200.9247640887,196.4348805976,197.356644758,5245971,0.0,1.0
2022-04-08 00:00:00+00:00,197.17,200.14,196.62,198.64,3897664,195.4239134539,198.3676119017,194.8787841117,196.8808955139,3897664,0.0,1.0
2022-04-11 00:00:00+00:00,195.45,197.1,192.16,194.21,5173760,193.7191453292,195.3545333558,190.4582807187,192.4901264487,5173760,0.0,1.0
2022-04-12 00:00:00+00:00,194.81,201.12,194.58,199.75,4832184,193.0848130038,199.3389332751,192.8568498243,197.9810656409,4832184,0.0,1.0
2022-04-13 00:00:00+00:00,195.72,197.1,189.32,191.985,8733017,193.986754279,195.3545333558,187.6434310245,190.2848304734,8733017,0.0,1.0
2022-04-14 00:00:00+00:00,189.41,196.45,189.22,196.32,5126676,187.7326340077,194.7102895878,187.5443165986,194.5814408342,5126676,0.0,1.0
2022-04-18 00:00:00+00:00,187.01,189.35,185.53,188.3,4899472,185.3538877873,187.6731653522,183.8869942846,186.6324638808,4899472,0.0,1.0
2022-04-19 00:00:00+00:00,191.39,192.2,185.52,187.24,6120405,189.6950996396,190.497926489,183.8770828421,185.5818509667,6120405,0.0,1.0
2022-04-20 00:00:00+00:00,186.23,193.3,186.08,192.89,5947447,184.5807952656,191.5881851734,184.4321236268,191.1818160274,5947447,0.0,1.0
2022-04-21 00:00:00+00:00,177.23,190.17,176.74,188.78,9119512,175.6604969389,188.4859036442,175.1748362522,187.1082131249,9119512,0.0,1.0
2022-04-22 00:00:00+00:00,171.43,179.05,171.1,177.7,8843906,169.9118602394,177.4643794894,169.5847826341,176.1263347404,8843906,0.0,1.0
2022-04-25 00:00:00+00:00,174.57,174.76,169.2278,169.69,7988936,173.0240532112,173.2123706203,167.7291623533,168.1872692296,7988936,0.0,1.0
2022-04-26 00:00:00+00:00,170.08,173.72,167.55,172.62,8011625,168.5738154904,172.1815805914,166.0662205163,171.0913219071,8011625,0.0,1.0
2022-04-27 00:00:00+00:00,174.68,177.23,170.625,171.0,9644616,173.1330790796,175.6604969389,169.1139891113,169.4856682082,9644616,0.0,1.0
2022-04-28 00:00:00+00:00,185.74,186.93,178.98,181.41,10617861,184.0951345789,185.2745962466,177.3949993913,179.8034799395,10617861,0.0,1.0
2022-04-29 00:00:00+00:00,175.94,185.36,175.3,182.57,7110752,174.3819208454,183.7184997607,173.7475885199,180.9532072794,7110752,0.0,1.0
2022-05-02 00:00:00+00:00,177.57,177.78,173.12,175.09,6278442,175.9974859868,176.2056262811,171.5868940363,173.5394482256,6278442,0.0,1.0
2022-05-03 00:00:00+00:00,178.36,180.385,176.13,176.95,5047686,176.780489951,178.7875570745,174.5702382545,175.3829765465,5047686,0.0,1.0
2022-05-04 00:00:00+00:00,185.48,185.98,174.74,179.71,7524761,183.8374370717,184.333009201,173.1925477351,178.1185347,7524761,0.0,1.0
2022-05-05 00:00:00+00:00,172.3,182.235,169.82,180.49,8379395,170.7741557443,180.6211739528,168.3161179832,178.8916272217,8379395,0.0,1.0
2022-05-06 00:00:00+00:00,169.7,172.43,165.58,169.49,7232666,168.1971806722,170.9030044979,164.113666327,167.9890403779,7232666,0.0,1.0
2022-05-09 00:00:00+00:00,163.6,170.2885,162.13,166.72,9997769,162.1512006951,168.7804690683,160.6942186351,165.2435707817,9997769,0.0,1.0
2022-05-10 00:00:00+00:00,167.15,171.26,163.275,167.42,8598717,165.6697628129,169.7433657155,161.8290788111,165.9373717627,8598717,0.0,1.0
2022-05-11 00:00:00+00:00,161.27,169.98,160.83,165.5,7220076,159.8418345728,168.4747010645,159.405731099,164.0343747863,7220076,0.0,1.0
2022-05-12 00:00:00+00:00,160.42,166.85,154.64,156.93,10187549,158.999361953,165.3724195353,153.2705481387,155.5402684908,10187549,0.0,1.0
2022-05-13 00:00:00+00:00,166.91,168.68,162.01,163.55,6499749,165.4318881909,167.1862135285,160.5752813241,162.1016434822,6499749,0.0,1.0
2022-05-16 00:00:00+00:00,164.12,166.11,161.88,164.74,5065837,162.6665957096,164.638972784,160.4464325705,163.2811051499,5065837,0.0,1.0
2022-05-17 00:00:00+00:00,163.73,169.1,158.27,167.33,7317728,162.2800494487,167.602494117,156.8684017972,165.8481687794,7317728,0.0,1.0
2022-05-18 00:00:00+00:00,157.33,164.52,156.19,162.82,7454376,155.9367261942,163.063053413,154.8068217394,161.3781081735,7454376,0.0,1.0
2022-05-19 00:00:00+00:00,155.6,159.25,154.73,155.23,8382193,154.2220466269,157.8397231705,153.359751122,153.8553232513,8382193,0.0,1.0
2022-05-20 00:00:00+00:00,159.65,160.73,154.55,158.74,9068740,158.2361808739,159.3066166732,153.1813451555,157.3342395987,9068740,0.0,1.0
2022-05-23 00:00:00+00:00,160.32,160.73,155.91,159.84,6148844,158.9002475272,159.3066166732,154.5293013471,158.4244982831,6148844,0.0,1.0
2022-05-24 00:00:00+00:00,156.93,158.39,154.55,157.77,6928394,155.5402684908,156.9873391082,153.1813451555,156.3728296679,6928394,0.0,1.0
2022-05-25 00:00:00+00:00,159.65,161.89,155.32,155.32,7436776,158.2361808739,160.456344013,153.9445262345,153.9445262345,7436776,0.0,1.0
2022-05-26 00:00:00+00:00,162.46,163.69,157.57,159.69,6697678,161.0212962404,162.2404036784,156.1746008162,158.2758266443,6697678,0.0,1.0
2022-05-27 00:00:00+00:00,165.1,165.23,160.25,160.67,7883615,163.6379170829,163.7667658365,158.8308674291,159.2471480176,7883615,0.0,1.0
2022-05-31 00:00:00+00:00,160.24,167.28,159.35,166.96,18114610,158.8209559865,165.7986115665,157.9388375964,165.4814454038,18114610,0.0,1.0
2022-06-01 00:00:00+00:00,176.07,184.42,174.37,178.01,37037406,174.510769599,182.7868241577,172.8258243595,176.4335894605,37037406,0.0,1.0
2022-06-02 00:00:00+00:00,188.4,190.13,174.7,175.0,19231217,186.7315783066,188.4462578739,173.1529019648,173.4502452423,19231217,0.0,1.0
2022-06-03 00:00:00+00:00,184.91,189.64,183.8,185.0,9223960,183.2724848444,187.9605971872,182.1723147174,183.3616878276,9223960,0.0,1.0
2022-06-06 00:00:00+00:00,182.87,190.42,181.7,188.93,5811718,181.250550557,188.7336897088,180.0909117745,187.2568847636,5811718,0.0,1.0
2022-06-07 00:00:00+00:00,187.15,188.6,181.71,181.71,6331089,185.4926479835,186.9298071583,180.1008232171,180.1008232171,6331089,0.0,1.0
2022-06-08 00:00:00+00:00,189.19,190.5599,185.39,187.0,6226152,187.5145822709,188.8723507906,183.7482340885,185.3439763447,6226152,0.0,1.0
2022-06-09 00:00:00+00:00,187.11,192.6799,186.61,188.53,8486282,185.4530022131,190.9735766187,184.9574300839,186.8604270602,8486282,0.0,1.0
2022-06-10 00:00:00+00:00,178.45,183.95,177.2044,183.63,7857553,176.8696929343,182.3209863562,175.6351236458,182.0038201934,7857553,0.0,1.0
2022-06-13 00:00:00+00:00,166.03,172.68,165.06,170.55,10726191,164.5596812434,171.1507905626,163.5982713126,169.0396532919,10726191,0.0,1.0
2022-06-14 00:00:00+00:00,164.45,169.63,162.15,168.73,8576172,162.9936733149,168.1278005741,160.7140415203,167.2357707414,8576172,0.0,1.0
2022-06-15 00:00:00+00:00,168.55,171.5,164.68,166.73,7740676,167.0573647748,169.9812403375,163.2216364943,165.2534822243,7740676,0.0,1.0
2022-06-16 00:00:00+00:00,159.85,166.9,158.62,163.73,8090882,158.4344097257,165.4219767483,157.2153022877,162.2800494487,8090882,0.0,1.0
2022-06-17 00:00:00+00:00,163.26,166.23,158.17,158.56,13074626,161.8142116472,164.7579100951,156.7692873713,157.1558336322,13074626,0.0,1.0
2022-06-21 00:00:00+00:00,166.83,169.35,164.9,165.05,6736788,165.3525966502,167.8502801817,163.4396882312,163.58835987,6736788,0.0,1.0
2022-06-22 00:00:00+00:00,167.45,170.45,164.21,164.7,5865254,165.9671060905,168.940538866,162.7557986928,163.2414593795,5865254,0.0,1.0
2022-06-23 00:00:00+00:00,173.05,173.3899,167.12,169.09,7257956,171.5175139382,171.8544038717,165.6400284851,167.5925826744,7257956,0.0,1.0
2022-06-24 00:00:00+00:00,185.92,186.405,176.55,177.72,12107108,184.2735405455,184.7542455109,174.9865188431,176.1461576255,12107108,0.0,1.0
2022-06-27 00:00:00+00:00,181.31,186.58,180.4715,186.11,6170845,179.7043655137,184.9276957561,178.8732910529,184.4618579546,6170845,0.0,1.0
2022-06-28 00:00:00+00:00,171.46,182.33,171.44,180.29,6682362,169.9415945672,180.7153326574,169.921771682,178.69339837,6682362,0.0,1.0
2022-06-29 00:00:00+00:00,170.61,173.78,168.06,172.5,5430441,169.0991219474,172.2410492469,166.5717040882,170.972384596,5430441,0.0,1.0
2022-06-30 00:00:00+00:00,165.04,167.5,161.11,165.05,9539418,163.5784484274,166.0166633034,159.6832514914,163.58835987,9539418,0.0,1.0
2022-07-01 00:00:00+00:00,168.2,169.15,164.05,164.76,4561576,166.7104642844,167.65205133,162.5972156115,163.300928035,4561576,0.0,1.0
2022-07-05 00:00:00+00:00,172.2,172.35,164.61,166.1,4618069,170.6750413185,170.8237129572,163.1522563962,164.6290613415,4618069,0.0,1.0
2022-07-06 00:00:00+00:00,172.73,175.06,170.83,173.52,4085109,171.2003477755,173.5097138979,169.3171736843,171.9833517397,4085109,0.0,1.0
2022-07-07 00:00:00+00:00,176.64,176.9392,173.17,174.17,4000121,175.0757218263,175.3722721885,171.6364512492,172.6275955078,4000121,0.0,1.0
2022-07-08 00:00:00+00:00,175.5,176.61,172.84,174.05,2869242,173.9458173716,175.0459874986,171.3093736439,172.5086581967,2869242,0.0,1.0
2022-07-11 00:00:00+00:00,174.36,176.32,171.26,174.0,3697537,172.8159129169,174.7585556636,169.7433657155,172.4591009838,3697537,0.0,1.0
2022-07-12 00:00:00+00:00,166.33,173.38,164.35,172.21,7072984,164.8570245209,171.8445915435,162.894558889,170.6849527611,7072984,0.0,1.0
2022-07-13 00:00:00+00:00,163.49,165.84,161.17,162.41,6225916,162.0421748267,164.3713638342,159.7427201469,160.9717390275,6225916,0.0,1.0
2022-07-14 00:00:00+00:00,161.04,161.71,157.65,161.03,6096089,159.6138713933,160.2779380465,156.2538923569,159.6039599507,6096089,0.0,1.0
2022-07-15 00:00:00+00:00,167.38,167.61,162.22,163.71,6037651,165.8977259924,166.1256891718,160.7834216184,162.2602265636,6037651,0.0,1.0
2022-07-18 00:00:00+00:00,167.89,172.64,167.11,168.95,3818189,166.4032095642,171.1111447922,165.6301170426,167.4538224783,3818189,0.0,1.0
2022-07-19 00:00:00+00:00,173.81,174.1,167.81,170.92,4373417,172.2707835747,172.5582154097,166.3239180235,169.4063766676,4373417,0.0,1.0
2022-07-20 00:00:00+00:00,182.45,183.4999,175.61,176.1,5654028,180.8342699684,181.8748723254,174.05484324,174.5405039267,5654028,0.0,1.0
2022-07-21 00:00:00+00:00,185.35,185.53,179.905,180.66,3885958,183.7085883181,183.8869942846,178.3118078304,179.0601217456,3885958,0.0,1.0
2022-07-22 00:00:00+00:00,182.47,187.56,180.93,185.07,3804734,180.8540928535,185.8990171295,179.3277306954,183.4310679257,3804734,0.0,1.0
2022-07-25 00:00:00+00:00,177.29,181.99,175.075,181.83,4407891,175.7199655944,180.3783436095,173.5245810617,180.2197605281,4407891,0.0,1.0
2022-07-26 00:00:00+00:00,170.46,177.13,169.7601,177.11,3886477,168.9504503086,175.561382513,168.2567484421,175.5415596278,3886477,0.0,1.0
2022-07-27 00:00:00+00:00,180.3,182.23,174.35,174.86,4960877,178.7033098125,180.6162182315,172.8060014743,173.3114850462,4960877,0.0,1.0
2022-07-28 00:00:00+00:00,181.29,181.88,175.93,178.41,4562052,179.6845426285,180.269317741,174.3720094028,176.8300471639,4562052,0.0,1.0
2022-07-29 00:00:00+00:00,184.02,184.42,180.22,181.82,4751359,182.3903664543,182.7868241577,178.6240182719,180.2098490855,4751359,0.0,1.0
2022-08-01 00:00:00+00:00,182.98,185.18,179.76,181.3,3997132,181.3595764254,183.5400937942,178.1680919129,179.6944540711,3997132,0.0,1.0
2022-08-02 00:00:00+00:00,183.79,185.14,179.4311,180.81,4317852,182.1624032748,183.5004480238,177.8421045663,179.2087933844,4317852,0.0,1.0
2022-08-03 00:00:00+00:00,189.65,190.68,185.37,185.53,5786256,187.9705086298,188.9913872161,183.7284112033,183.8869942846,5786256,0.0,1.0
2022-08-04 00:00:00+00:00,191.27,191.58,187.25,188.56,3759666,189.5761623286,189.8834170487,185.5917624093,186.890161388,3759666,0.0,1.0
2022-08-05 00:00:00+00:00,190.17,191.8,186.28,187.0,4090307,188.4859036442,190.1014687856,184.6303524785,185.3439763447,4090307,0.0,1.0
2022-08-08 00:00:00+00:00,189.75,194.37,189.08,191.09,3398638,188.0696230556,192.64870953,187.4055564024,189.3977563621,3398638,0.0,1.0
2022-08-09 00:00:00+00:00,182.24,187.13,179.82,186.3,5851671,180.6261296741,185.4728250983,178.2275605685,184.6501753637,5851671,0.0,1.0
2022-08-10 00:00:00+00:00,188.61,189.569,186.21,188.16,4179165,186.9397186009,187.8902259448,184.5609723804,186.4937036846,4179165,0.0,1.0
2022-08-11 00:00:00+00:00,186.73,192.5,186.32,192.13,4175064,185.0763673949,190.7952697666,184.6699982489,190.4285463909,4175064,0.0,1.0
2022-08-12 00:00:00+00:00,189.89,190.02,185.505,186.63,3846152,188.2083832518,188.3372320054,183.8622156782,184.977252969,3846152,0.0,1.0
2022-08-15 00:00:00+00:00,191.06,192.105,188.9,189.05,2768479,189.3680220343,190.4037677845,187.2271504359,187.3758220747,2768479,0.0,1.0
2022-08-16 00:00:00+00:00,189.59,190.85,186.36,189.55,3835945,187.9110399743,189.15988174,184.7096440192,187.8713942039,3835945,0.0,1.0
2022-08-17 00:00:00+00:00,187.96,189.43,186.47,187.72,3181278,186.2954748329,187.7524568929,184.8186698877,186.0576002108,3181278,0.0,1.0
2022-08-18 00:00:00+00:00,187.93,188.57,186.61,188.42,2791624,186.2657405051,186.9000728306,184.9574300839,186.7514011918,2791624,0.0,1.0
2022-08-19 00:00:00+00:00,183.77,185.44,181.58,185.22,4346139,182.1425803896,183.7977913014,179.9719744635,183.5797395645,4346139,0.0,1.0
2022-08-22 00:00:00+00:00,176.98,180.59,176.06,180.0,5182913,175.4127108742,178.9907416475,174.5008581564,178.405966535,5182913,0.0,1.0
2022-08-23 00:00:00+00:00,176.0,178.1093,174.905,175.88,5076836,174.4413895009,176.5320100854,173.3560865378,174.3224521899,5076836,0.0,1.0
2022-08-24 00:00:00+00:00,180.01,181.23,176.06,176.67,11438813,178.4158779776,179.625073973,174.5008581564,175.1054561541,11438813,0.0,1.0
2022-08-25 00:00:00+00:00,173.91,174.14,165.56,168.58,24025585,172.3698980006,172.59786118,164.0938434418,167.0870991026,24025585,0.0,1.0
2022-08-26 00:00:00+00:00,165.23,176.3,164.63,173.96,11074721,163.7667658365,174.7387327784,163.1720792814,172.4194552135,11074721,0.0,1.0
2022-08-29 00:00:00+00:00,160.21,165.815,160.05,164.28,9269223,158.7912216587,164.3465852278,158.6326385774,162.8251787909,9269223,0.0,1.0
2022-08-30 00:00:00+00:00,159.67,163.85,158.38,162.14,8079359,158.2560037591,162.3989867598,156.9774276656,160.7041300777,8079359,0.0,1.0
2022-08-31 00:00:00+00:00,156.12,161.21,155.97,159.79,9166083,154.7374416413,159.7823659173,154.5887700026,158.3749410701,9166083,0.0,1.0
2022-09-01 00:00:00+00:00,153.53,155.33,150.87,154.87,9924037,152.1703780118,153.9544376771,149.5339342841,153.4985113182,9924037,0.0,1.0
2022-09-02 00:00:00+00:00,153.69,158.67,152.96,156.46,7315696,152.3289610931,157.2648595006,151.6054257844,155.0744306892,7315696,0.0,1.0
2022-09-06 00:00:00+00:00,151.72,154.43,150.82,152.88,6364009,150.3764069038,153.0624078444,149.4843770711,151.5261342437,6364009,0.0,1.0
2022-09-07 00:00:00+00:00,153.28,154.0615,150.48,151.29,6211356,151.9225919471,152.6971711852,149.1473880232,149.9502148727,6211356,0.0,1.0
2022-09-08 00:00:00+00:00,156.9,157.03,151.78,152.32,6659237,155.510534163,155.6393829166,150.4358755593,150.9710934589,6659237,0.0,1.0
2022-09-09 00:00:00+00:00,162.59,163.295,158.47,158.6,5645429,161.150144994,161.8489016963,157.0666306489,157.1954794025,5645429,0.0,1.0
2022-09-12 00:00:00+00:00,165.63,165.66,162.74,163.69,6353354,164.1632235399,164.1929578677,161.2988166328,162.2404036784,6353354,0.0,1.0
2022-09-13 00:00:00+00:00,158.1,161.255,157.81,158.25,5463179,156.6999072732,159.8269674089,156.4124754383,156.848578912,5463179,0.0,1.0
2022-09-14 00:00:00+00:00,160.28,161.65,158.01,158.59,6037309,158.8606017568,160.218469391,156.61070429,157.1855679599,6037309,0.0,1.0
2022-09-15 00:00:00+00:00,154.78,159.84,154.31,156.8,7012150,153.4093083349,158.4244982831,152.9434705334,155.4114197371,7012150,0.0,1.0
2022-09-16 00:00:00+00:00,151.51,152.206,149.56,151.92,9882285,150.1682666095,150.8581030135,148.2355353054,150.5746357555,9882285,0.0,1.0
2022-09-19 00:00:00+00:00,152.83,153.54,150.4,150.71,4874836,151.4765770308,152.1802894543,149.0680964826,149.3753512027,4874836,0.0,1.0
2022-09-20 00:00:00+00:00,149.8,151.58,148.852,151.0,5505747,148.4734099275,150.2376467076,147.5338051704,149.6627830377,5505747,0.0,1.0
2022-09-21 00:00:00+00:00,147.63,153.3,147.51,151.22,6164388,146.3226268864,151.9424148323,146.2036895754,149.8808347746,6164388,0.0,1.0
2022-09-22 00:00:00+00:00,150.15,152.86,149.15,149.51,12389646,148.8203104179,151.5063113585,147.8291661594,148.1859780925,12389646,0.0,1.0
2022-09-23 00:00:00+00:00,147.01,149.84,144.79,148.07,9175754,145.7081174462,148.5130556978,143.5077771922,146.7587303602,9175754,0.0,1.0
2022-09-26 00:00:00+00:00,146.32,151.19,145.35,147.0,7862409,145.0242279078,149.8511004468,144.062817977,145.6982060036,7862409,0.0,1.0
2022-09-27 00:00:00+00:00,148.89,150.61,146.255,148.37,7046635,147.5714686522,149.2762367769,144.959803531,147.0560736378,7046635,0.0,1.0
2022-09-28 00:00:00+00:00,150.17,150.875,145.6665,146.0,7908447,148.8401333031,149.5388900054,144.3765151348,144.707061745,7908447,0.0,1.0
2022-09-29 00:00:00+00:00,146.81,148.98,145.01,148.45,8602480,145.5098885945,147.6606716355,143.7258289291,147.1353651784,8602480,0.0,1.0
2022-09-30 00:00:00+00:00,143.84,148.63,143.75,146.01,7575618,142.5661901466,147.313771145,142.4769871634,144.7169731876,7575618,0.0,1.0
2022-10-03 00:00:00+00:00,147.9,148.96,143.9,144.98,6819910,146.5902358362,147.6408487503,142.6256588021,143.6960946013,6819910,0.0,1.0
2022-10-04 00:00:00+00:00,155.73,157.415,151.22,151.7,8017945,154.3508953805,156.0209734561,149.8808347746,150.3565840187,8017945,0.0,1.0
2022-10-05 00:00:00+00:00,156.23,156.96,151.9399,152.2,4256243,154.8464675098,155.5700028185,150.5943595263,150.8521561479,4256243,0.0,1.0
2022-10-06 00:00:00+00:00,155.46,158.25,154.441,155.72,3853938,154.0832864307,156.848578912,153.0733104313,154.3409839379,3853938,0.0,1.0
2022-10-07 00:00:00+00:00,150.29,153.17,149.27,151.8,5956733,148.9590706141,151.8135660787,147.9481034704,150.4556984445,5956733,0.0,1.0
2022-10-10 00:00:00+00:00,145.64,150.9626,144.58,150.62,5497767,144.350249812,149.6257142424,143.2996368979,149.2861482194,5497767,0.0,1.0
2022-10-11 00:00:00+00:00,142.57,144.97,139.52,144.51,7414980,141.3074369383,143.6861831588,138.2844469498,143.2302567998,7414980,0.0,1.0
2022-10-12 00:00:00+00:00,142.29,143.44,139.58,142.31,5707135,141.0299165459,142.1697324432,138.3439156053,141.0497394311,5707135,0.0,1.0
2022-10-13 00:00:00+00:00,145.44,146.34,137.59,138.96,6548552,144.1520209603,145.0440507929,136.3715385308,137.729406165,6548552,0.0,1.0
2022-10-14 00:00:00+00:00,142.22,147.7,142.0,147.33,5738358,140.9605364478,146.3920069845,140.7424847109,146.0252836089,5738358,0.0,1.0
2022-10-17 00:00:00+00:00,147.18,149.0,145.942,146.07,6288211,145.8766119701,147.6804945206,144.6495753781,144.7764418431,6288211,0.0,1.0
2022-10-18 00:00:00+00:00,153.53,158.97,151.9,156.45,16354759,152.1703780118,157.5622027781,150.5548128704,155.0645192467,16354759,0.0,1.0
2022-10-19 00:00:00+00:00,153.67,155.95,150.64,151.86,6220490,152.309138208,154.5689471174,149.3059711046,150.5151671,6220490,0.0,1.0
2022-10-20 00:00:00+00:00,157.5,161.3,153.6,155.0,9203368,156.1052207181,159.8715689005,152.2397581099,153.6273600718,9203368,0.0,1.0
2022-10-21 00:00:00+00:00,160.17,160.43,154.8182,157.5,8335482,158.7515758884,159.0092733956,153.4471700456,156.1052207181,8335482,0.0,1.0
2022-10-24 00:00:00+00:00,160.65,161.57,158.3968,161.18,6259152,159.2273251325,160.1391778503,156.9940788892,159.7526315895,6259152,0.0,1.0
2022-10-25 00:00:00+00:00,165.27,166.03,161.685,161.7,5804513,163.8064116069,164.5596812434,160.2531594401,160.2680266039,5804513,0.0,1.0
2022-10-26 00:00:00+00:00,159.91,164.12,158.7,159.8,6623009,158.4938783812,162.6665957096,157.2945938283,158.3848525127,6623009,0.0,1.0
2022-10-27 00:00:00+00:00,159.75,164.66,159.32,161.8,4987716,158.3352952998,163.2018136092,157.9091032686,160.3671410298,4987716,0.0,1.0
2022-10-28 00:00:00+00:00,163.02,163.09,158.17,159.51,5055359,161.5763370252,161.6457171233,156.7692873713,158.0974206778,5055359,0.0,1.0
2022-10-31 00:00:00+00:00,162.59,164.0,161.0,162.12,4878097,161.150144994,162.5476583985,159.574225623,160.6843071925,4878097,0.0,1.0
2022-11-01 00:00:00+00:00,159.82,165.6999,159.64,165.0,4545909,158.4046753979,164.2325045236,158.2262694314,163.5388026571,4545909,0.0,1.0
2022-11-02 00:00:00+00:00,150.01,159.77,149.96,159.51,7242215,148.6815502217,158.355118185,148.6319930088,158.0974206778,7242215,0.0,1.0
2022-11-03 00:00:00+00:00,146.33,150.415,146.13,149.0,5999352,145.0341393504,149.0829636464,144.8359104987,147.6804945206,5999352,0.0,1.0
2022-11-04 00:00:00+00:00,139.77,146.95,136.04,146.5,14265341,138.5322330144,145.6486487906,134.8352649301,145.2026338743,14265341,0.0,1.0
2022-11-07 00:00:00+00:00,144.59,144.93,138.7701,140.62,7379946,143.3095483405,143.6465373884,137.5411878703,139.3747056342,7379946,0.0,1.0
2022-11-08 00:00:00+00:00,147.1,151.56,145.08,145.09,9101759,145.7973204294,150.2178238225,143.7952090272,143.8051204698,9101759,0.0,1.0
2022-11-09 00:00:00+00:00,142.06,146.3255,141.94,145.85,5588538,140.8019533664,145.0296792012,140.6830160554,144.5583901063,5588538,0.0,1.0
2022-11-10 00:00:00+00:00,156.3,156.37,149.73,151.0,8777927,154.9158476079,154.985227706,148.4040298294,149.6627830377,8777927,0.0,1.0
2022-11-11 00:00:00+00:00,157.73,159.92,155.58,156.49,7382476,156.3331838976,158.5037898237,154.2022237417,155.104165017,7382476,0.0,1.0
2022-11-14 00:00:00+00:00,158.66,160.16,154.645,155.82,6580055,157.254948058,158.7416644458,153.27550386,154.4400983638,6580055,0.0,1.0
2022-11-15 00:00:00+00:00,162.07,165.25,160.7492,162.68,8116050,160.6347499796,163.7865887217,159.3256466429,161.2393479773,8116050,0.0,1.0
2022-11-16 00:00:00+00:00,155.12,160.82,153.83,160.0,6454684,153.7462973828,159.3958196564,152.4677212893,158.5830813644,6454684,0.0,1.0
2022-11-17 00:00:00+00:00,149.69,151.76,148.34,150.19,7357904,148.364384059,150.4160526742,147.02633931,148.8599561883,7357904,0.0,1.0
2022-11-18 00:00:00+00:00,148.04,152.32,145.645,151.84,7556035,146.7289960324,150.9710934589,144.3552055333,150.4953442148,7556035,0.0,1.0
2022-11-21 00:00:00+00:00,144.85,147.34,143.395,146.02,8015886,143.5672458477,146.0351950515,142.1251309516,144.7268846302,8015886,0.0,1.0
2022-11-22 00:00:00+00:00,149.25,149.38,142.92,145.2,7017708,147.9282805853,148.0571293389,141.6543374288,143.9141463382,7017708,0.0,1.0
2022-11-23 00:00:00+00:00,152.24,152.91,147.55,147.62,5558886,150.8918019183,151.5558685715,146.2433353458,146.3127154439,5558886,0.0,1.0
2022-11-25 00:00:00+00:00,153.35,154.04,151.38,152.07,3023746,151.9919720452,152.6758615836,150.0394178559,150.7233073943,3023746,0.0,1.0
2022-11-28 00:00:00+00:00,153.69,155.32,152.0,152.0,7935615,152.3289610931,153.9445262345,150.6539272962,150.6539272962,7935615,0.0,1.0
2022-11-29 00:00:00+00:00,151.68,154.02,151.26,152.72,6398123,150.3367611335,152.6560386984,149.9204805449,151.3675511623,6398123,0.0,1.0
2022-11-30 00:00:00+00:00,160.25,160.25,150.13,150.75,14591528,158.8308674291,158.8308674291,148.8004875328,149.4149969731,14591528,0.0,1.0
2022-12-01 00:00:00+00:00,147.0,147.586,142.08,147.55,33721470,145.6982060036,146.2790165391,140.8217762516,146.2433353458,33721470,0.0,1.0
2022-12-02 00:00:00+00:00,144.56,145.21,142.78,144.29,15086663,143.2798140128,143.9240577808,141.5155772326,143.012205063,15086663,0.0,1.0
2022-12-05 00:00:00+00:00,133.93,144.39,132.88,142.8,20294602,132.7439505446,143.1113194888,131.7032490732,141.5354001178,20294602,0.0,1.0
2022-12-06 00:00:00+00:00,133.27,134.55,130.91,132.71,16981804,132.089795334,133.3584599849,129.7506948839,131.5347545492,16981804,0.0,1.0
2022-12-07 00:00:00+00:00,130.48,133.75,130.02,132.5,12915933,129.3245028527,132.5655445781,128.8685764938,131.3266142549,12915933,0.0,1.0
2022-12-08 00:00:00+00:00,130.13,131.46,127.02,128.43,15156912,128.9776023622,130.2958242261,125.8951437182,127.2926571227,15156912,0.0,1.0
2022-12-09 00:00:00+00:00,131.11,133.37,128.36,129.74,10287478,129.9489237356,132.1889097598,127.2232770246,128.5910561014,10287478,0.0,1.0
2022-12-12 00:00:00+00:00,133.11,134.0889,130.95,131.1,11852355,131.9312122526,132.9014433673,129.7903406542,129.939012293,11852355,0.0,1.0
2022-12-13 00:00:00+00:00,135.62,139.88,134.04,137.39,12579843,134.4189843415,138.6412588829,132.8529764131,136.1733096791,12579843,0.0,1.0
2022-12-14 00:00:00+00:00,134.75,137.27,133.23,135.01,9611766,133.5566888366,136.0543723681,132.0501495636,133.8143863438,9611766,0.0,1.0
2022-12-15 00:00:00+00:00,130.44,134.115,129.68,131.67,10810351,129.2848570824,132.9273122324,128.5315874459,130.5039645203,10810351,0.0,1.0
2022-12-16 00:00:00+00:00,128.27,129.88,126.8904,128.92,15464710,127.1340740413,128.7298162976,125.7666914223,127.7783178094,15464710,0.0,1.0
2022-12-19 00:00:00+00:00,129.01,129.5799,127.2,127.77,9441407,127.8675207927,128.4323739056,126.0735496847,126.6385019121,9441407,0.0,1.0
2022-12-20 00:00:00+00:00,128.45,129.9865,127.19,127.5,8455518,127.3124800079,128.8353731611,126.0636382421,126.3708929623,8455518,0.0,1.0
2022-12-21 00:00:00+00:00,130.3,132.16,126.6,127.956,9313242,129.1460968862,130.989625207,125.4788631296,126.8228547442,9313242,0.0,1.0
2022-12-22 00:00:00+00:00,129.19,129.54,126.34,128.67,9972880,128.0459267592,128.3928272497,125.2211656224,127.5305317448,9972880,0.0,1.0
2022-12-23 00:00:00+00:00,129.44,129.86,127.59,128.73,5821329,128.2937128238,128.7099934124,126.4600959455,127.5900004003,5821329,0.0,1.0
2022-12-27 00:00:00+00:00,130.66,131.75,127.65,128.56,8300844,129.5029088192,130.583256061,126.5195646011,127.4215058763,8300844,0.0,1.0
2022-12-28 00:00:00+00:00,128.47,131.14,128.17,129.71,6249841,127.3323028931,129.9786580633,127.0349596155,128.5613217736,6249841,0.0,1.0
2022-12-29 00:00:00+00:00,132.54,132.95,129.5,129.7,7628826,131.3662600253,131.7726291713,128.3531814793,128.551410331,7628826,0.0,1.0
2022-12-30 00:00:00+00:00,132.59,132.64,130.36,130.61,5630216,131.4158172382,131.4653744511,129.2055655417,129.4533516063,5630216,0.0,1.0
2023-01-03 00:00:00+00:00,134.78,136.95,133.03,135.19,8196354,133.5864231644,135.7372062054,131.8519207119,133.9927923104,8196354,0.0,1.0
2023-01-04 00:00:00+00:00,139.59,141.85,137.615,141.22,14322576,138.3538270479,140.5938130722,136.3963171373,139.9693921893,14322576,0.0,1.0
2023-01-05 00:00:00+00:00,136.34,138.59,134.24,137.64,8493489,135.1326082077,137.3626827894,133.0512052648,136.4210957438,8493489,0.0,1.0
2023-01-06 00:00:00+00:00,140.51,141.65,135.55,137.58,9145711,139.2656797657,140.3955842204,134.3496042434,136.3616270882,9145711,0.0,1.0
2023-01-09 00:00:00+00:00,147.1,149.2,142.59,142.59,13679737,145.7973204294,147.8787233723,141.3272598235,141.3272598235,13679737,0.0,1.0
2023-01-10 00:00:00+00:00,147.44,149.28,145.6039,145.81,6527711,146.1343094773,147.958014913,144.3144695042,144.5187443359,6527711,0.0,1.0
2023-01-11 00:00:00+00:00,144.9,147.04,143.56,145.28,13595042,143.6168030607,145.7378517739,142.2886697542,143.9934378789,13595042,0.0,1.0
2023-01-12 00:00:00+00:00,149.6,149.82,143.94,147.84,11678023,148.2751810757,148.4932328126,142.6653045725,146.5307671807,11678023,0.0,1.0
2023-01-13 00:00:00+00:00,149.51,149.96,146.0942,146.2,8378111,148.1859780925,148.6319930088,144.8004275342,144.9052905968,8378111,0.0,1.0
2023-01-17 00:00:00+00:00,148.47,150.49,146.1001,149.6,9407610,147.1551880636,149.1572994658,144.8062752853,148.2751810757,9407610,0.0,1.0
2023-01-18 00:00:00+00:00,145.45,149.54,145.29,148.86,7812580,144.1619324029,148.2157124202,144.0033493215,147.5417343244,7812580,0.0,1.0
2023-01-19 00:00:00+00:00,146.41,146.68,143.16,143.52,7070135,145.113430891,145.3810398408,141.8922120508,142.2490239839,7070135,0.0,1.0
2023-01-20 00:00:00+00:00,151.25,151.525,144.3,144.3,10127053,149.9105691023,150.1831337734,143.0221165055,143.0221165055,10127053,0.0,1.0
2023-01-23 00:00:00+00:00,155.87,157.87,153.23,157.35,19922870,154.4896555767,156.4719440938,151.8730347342,155.9565490793,19922870,0.0,1.0
2023-01-24 00:00:00+00:00,154.86,160.21,154.5,154.61,6390216,153.4885998756,158.7912216587,153.1317879425,153.240813811,6390216,0.0,1.0
2023-01-25 00:00:00+00:00,156.17,156.4,149.82,151.21,9390506,154.7869988543,155.0149620337,148.4932328126,149.870923332,9390506,0.0,1.0
2023-01-26 00:00:00+00:00,165.09,165.17,158.1,158.19,13354588,163.6280056403,163.707297181,156.6999072732,156.7891102565,13354588,0.0,1.0
2023-01-27 00:00:00+00:00,164.52,167.24,163.6,165.05,9872265,163.063053413,165.7589657962,162.1512006951,163.58835987,9872265,0.0,1.0
2023-01-30 00:00:00+00:00,164.75,166.44,163.4,164.07,8169797,163.2910165924,164.9660503893,161.9529718434,162.6170384966,8169797,0.0,1.0
2023-01-31 00:00:00+00:00,167.97,168.01,164.28,164.28,6421297,166.4825011049,166.5221468752,162.8251787909,162.8251787909,6421297,0.0,1.0
2023-02-01 00:00:00+00:00,171.82,173.08,167.0,167.73,8853905,170.2984065002,171.547248266,165.5210911741,166.2446264829,8853905,0.0,1.0
2023-02-02 00:00:00+00:00,174.64,178.84,172.9,175.71,10667075,173.0934333093,177.2562391951,171.3688422994,174.1539576659,10667075,0.0,1.0
2023-02-03 00:00:00+00:00,171.04,175.08,169.86,170.02,6481708,169.5253139786,173.529536783,168.3557637535,168.5143468349,6481708,0.0,1.0
2023-02-06 00:00:00+00:00,169.05,171.17,167.35,168.0,4310553,167.5529369041,169.6541627322,165.8679916646,166.5122354327,4310553,0.0,1.0
2023-02-07 00:00:00+00:00,171.28,171.73,166.61,167.57,6179220,169.7631886006,170.209203517,165.1345449133,166.0860434015,6179220,0.0,1.0
2023-02-08 00:00:00+00:00,169.63,172.45,169.2317,170.0,7694533,168.1278005741,170.9228273831,167.7330278159,168.4945239497,7694533,0.0,1.0
2023-02-09 00:00:00+00:00,173.66,175.38,172.01,173.33,11512319,172.1221119359,173.8268800606,170.4867239093,171.7950343306,11512319,0.0,1.0
2023-02-10 00:00:00+00:00,167.03,169.74,165.33,167.655,11273735,165.5508255019,168.2368264425,163.8658802624,166.1702906635,11273735,0.0,1.0
2023-02-13 00:00:00+00:00,171.08,171.16,166.95,168.28,8820334,169.5649597489,169.6442512896,165.4715339612,166.789755825,8820334,0.0,1.0
2023-02-14 00:00:00+00:00,169.96,172.79,167.85,168.22,8393074,168.4548781794,171.259816431,166.3635637939,166.7302871695,8393074,0.0,1.0
2023-02-15 00:00:00+00:00,171.1,171.605,168.24,168.85,4998274,169.5847826341,170.0853104846,166.7501100547,167.3547080524,4998274,0.0,1.0
2023-02-16 00:00:00+00:00,168.11,170.37,167.9573,168.99,7483541,166.6212613011,168.8612473254,166.4699135728,167.4934682486,7483541,0.0,1.0
2023-02-17 00:00:00+00:00,165.17,167.11,162.74,165.03,8084490,163.707297181,165.6301170426,161.2988166328,163.5685369848,8084490,0.0,1.0
2023-02-21 00:00:00+00:00,161.62,164.51,161.45,163.74,5210800,160.1887350632,163.0531419704,160.0202405393,162.2899608913,5210800,0.0,1.0
2023-02-22 00:00:00+00:00,163.36,165.0,162.11,163.11,4343685,161.9133260731,163.5388026571,160.6743957499,161.6655400085,4343685,0.0,1.0
2023-02-23 00:00:00+00:00,164.12,165.47,161.57,165.29,4679419,162.6665957096,164.0046404586,160.1391778503,163.826234492,4679419,0.0,1.0
2023-02-24 00:00:00+00:00,162.2,162.39,159.655,160.59,6569915,160.7635987332,160.9519161423,158.2411365952,159.167856477,6569915,0.0,1.0
2023-02-27 00:00:00+00:00,163.14,164.77,162.22,163.84,6891182,161.6952743362,163.3108394776,160.7834216184,162.3890753172,6891182,0.0,1.0
2023-02-28 00:00:00+00:00,163.61,164.45,161.53,162.53,6912624,162.1611121377,162.9936733149,160.09953208,161.0906763385,6912624,0.0,1.0
2023-03-01 00:00:00+00:00,167.35,167.98,162.98,162.99,15841217,165.8679916646,166.4924125475,161.5366912548,161.5466026974,15841217,0.0,1.0
2023-03-02 00:00:00+00:00,186.59,193.91,185.2,193.12,37719871,184.9376071987,192.1927831711,183.5599166793,191.4097792069,37719871,0.0,1.0
2023-03-03 00:00:00+00:00,186.43,189.77,184.29,188.07,12087193,184.7790241173,188.0894459408,182.6579754041,186.4045007013,12087193,0.0,1.0
2023-03-06 00:00:00+00:00,183.8,189.0,183.625,185.07,10770253,182.1723147174,187.3262648617,181.9988644721,183.4310679257,10770253,0.0,1.0
2023-03-07 00:00:00+00:00,183.32,186.16,183.03,184.455,9024333,181.6965654733,184.5114151675,181.4091336383,182.8215142067,9024333,0.0,1.0
2023-03-08 00:00:00+00:00,182.95,184.9,181.8,183.3,6749072,181.3298420976,183.2625734018,180.1900262003,181.6767425881,6749072,0.0,1.0
2023-03-09 00:00:00+00:00,178.72,183.8441,178.54,183.1,7102401,177.1373018841,182.2160241792,176.9588959175,181.4785137364,7102401,0.0,1.0
2023-03-10 00:00:00+00:00,173.18,179.36,171.71,178.5,14108961,171.6463626918,177.7716342095,170.1893806318,176.9192501472,14108961,0.0,1.0
2023-03-13 00:00:00+00:00,175.51,177.1,170.0,171.0,9154758,173.9557288142,175.5316481853,168.4945239497,169.4856682082,9154758,0.0,1.0
2023-03-14 00:00:00+00:00,182.89,185.31,179.11,180.0,10138054,181.2703734421,183.6689425478,177.5238481449,178.405966535,10138054,0.0,1.0
2023-03-15 00:00:00+00:00,182.91,183.86,178.21,179.16,7716870,181.2901963273,182.2317833729,176.6318183122,177.5734053578,7716870,0.0,1.0
2023-03-16 00:00:00+00:00,187.3,187.65,182.98,183.3,8370712,185.6413196222,185.9882201127,181.3595764254,181.6767425881,8370712,0.0,1.0
2023-03-17 00:00:00+00:00,184.85,187.66,184.175,186.04,10493254,183.2130161888,185.9981315553,182.5439938143,184.3924778565,10493254,0.0,1.0
2023-03-20 00:00:00+00:00,185.25,185.52,182.65,184.21,5513205,183.6094738923,183.8770828421,181.0324988201,182.5786838634,5513205,0.0,1.0
2023-03-21 00:00:00+00:00,188.68,189.28,184.89,185.87,6982001,187.009098699,187.6037852541,183.2526619592,184.2239833325,6982001,0.0,1.0
2023-03-22 00:00:00+00:00,186.51,191.44,186.41,190.0,6575610,184.858315658,189.7446568525,184.7592012321,188.3174091203,6575610,0.0,1.0
2023-03-23 00:00:00+00:00,187.44,190.56,185.58,187.4,8685007,185.7800798184,188.872449905,183.9365514976,185.7404340481,8685007,0.0,1.0
2023-03-24 00:00:00+00:00,190.06,190.32,186.09,186.5,6104529,188.3768777758,188.634575283,184.4420350694,184.8484042154,6104529,0.0,1.0
2023-03-27 00:00:00+00:00,191.26,192.11,188.905,188.92,7776500,189.566250886,190.4087235058,187.2321061572,187.2469733211,7776500,0.0,1.0
2023-03-28 00:00:00+00:00,192.3,192.83,191.18,191.18,4899041,190.5970409149,191.1223473719,189.4869593453,189.4869593453,4899041,0.0,1.0
2023-03-29 00:00:00+00:00,196.64,197.43,192.88,193.14,8085228,194.8986069969,195.6816109611,191.1719045848,191.429602092,8085228,0.0,1.0
2023-03-30 00:00:00+00:00,196.6,198.17,195.49,197.77,6932465,194.8589612265,196.4150577124,193.7587910996,196.018600009,6932465,0.0,1.0
2023-03-31 00:00:00+00:00,199.78,200.0,196.99,197.49,6634260,198.0107999687,198.2288517055,195.2455074874,195.7410796166,6634260,0.0,1.0
2023-04-03 00:00:00+00:00,196.49,198.93,195.53,198.22,5340770,194.7499353581,197.1683273489,193.7984368699,196.4646149254,5340770,0.0,1.0
2023-04-04 00:00:00+00:00,197.2,198.7025,196.62,198.15,4659099,195.4536477817,196.9428420301,194.8787841117,196.3952348273,4659099,0.0,1.0
2023-04-05 00:00:00+00:00,195.31,198.29,193.73,198.0,3953707,193.580385133,196.5339950235,192.0143772046,196.2465631885,3953707,0.0,1.0
2023-04-06 00:00:00+00:00,192.55,194.07,189.6,194.0,6304734,190.8448269795,192.3513662525,187.9209514169,192.2819861544,6304734,0.0,1.0
2023-04-10 00:00:00+00:00,191.49,192.55,189.28,190.59,5263845,189.7942140655,190.8448269795,187.6037852541,188.9021842328,5263845,0.0,1.0
2023-04-11 00:00:00+00:00,188.89,190.46,187.31,189.06,4907689,187.2172389933,188.7733354792,185.6512310648,187.3857335172,4907689,0.0,1.0
2023-04-12 00:00:00+00:00,190.32,191.885,189.53,190.3,5033376,188.634575283,190.1857160476,187.8515713188,188.6147523978,5033376,0.0,1.0
2023-04-13 00:00:00+00:00,194.02,194.375,190.45,190.45,4716442,192.3018090395,192.6536652513,188.7634240366,188.7634240366,4716442,0.0,1.0
2023-04-14 00:00:00+00:00,194.65,195.17,191.19,191.85,5073782,192.9262299224,193.4416249369,189.4968707879,190.1510259985,5073782,0.0,1.0
2023-04-17 00:00:00+00:00,197.08,197.52,195.03,195.16,5271547,195.3347104706,195.7708139444,193.3028647407,193.4317134943,5271547,0.0,1.0
2023-04-18 00:00:00+00:00,198.5,200.12,197.06,199.08,4679040,196.7421353177,198.3477890166,195.3148875855,197.3169989877,4679040,0.0,1.0
2023-04-19 00:00:00+00:00,198.92,199.07,195.73,196.3,3665103,197.1584159063,197.3070875451,193.9966657216,194.561617949,3665103,0.0,1.0
2023-04-20 00:00:00+00:00,197.51,200.0828,196.82,197.18,3619971,195.7609025018,198.3109184501,195.0770129634,195.4338248965,3619971,0.0,1.0
2023-04-21 00:00:00+00:00,199.03,199.12,196.465,197.03,4860102,197.2674417748,197.356644758,194.7251567516,195.2851532577,4860102,0.0,1.0
2023-04-24 00:00:00+00:00,194.92,198.77,194.0601,198.45,4449683,193.1938388722,197.0097442676,192.3415539243,196.6925781048,4449683,0.0,1.0
2023-04-25 00:00:00+00:00,190.67,194.12,190.63,193.97,5009990,188.9814757735,192.4009234654,188.9418300031,192.2522518266,5009990,0.0,1.0
2023-04-26 00:00:00+00:00,191.52,194.37,190.57,192.62,3979384,189.8239483932,192.64870953,188.8823613476,190.9142070776,3979384,0.0,1.0
2023-04-27 00:00:00+00:00,195.94,197.51,193.27,194.17,4794364,194.2048060159,195.7609025018,191.5584508456,192.4504806783,4794364,0.0,1.0
2023-04-28 00:00:00+00:00,198.37,198.645,195.27,196.15,4094567,196.6132865641,196.8858512352,193.5407393627,194.4129463102,4094567,0.0,1.0
2023-05-01 00:00:00+00:00,197.79,199.05,197.12,197.76,2882931,196.0384228942,197.2872646599,195.374356241,196.0086885664,2882931,0.0,1.0
2023-05-02 00:00:00+00:00,193.84,198.41,192.931,198.02,6051017,192.123403073,196.6529323345,191.222452942,196.2663860737,6051017,0.0,1.0
2023-05-03 00:00:00+00:00,192.61,195.79,192.56,194.21,3779878,190.904295635,194.0561343771,190.8547384221,192.4901264487,3779878,0.0,1.0
2023-05-04 00:00:00+00:00,192.38,194.56,190.76,191.9,4386506,190.6763324556,192.8370269391,189.0706787567,190.2005832115,4386506,0.0,1.0
2023-05-05 00:00:00+00:00,197.59,198.11,193.25,193.95,4284371,195.8401940425,196.3555890569,191.5386279605,192.2324289414,4284371,0.0,1.0
2023-05-08 00:00:00+00:00,197.9,200.4999,196.08,198.72,4169404,196.1474487626,198.7243247204,194.3435662121,196.9601870546,4169404,0.0,1.0
2023-05-09 00:00:00+00:00,201.18,203.8,196.78,196.78,6996781,199.3984019306,201.9951998879,195.0373671931,195.0373671931,6996781,0.0,1.0
2023-05-10 00:00:00+00:00,204.85,206.28,203.04,204.94,6535555,203.0359013594,204.4532376491,201.2419302515,203.1251043427,6535555,0.0,1.0
2023-05-11 00:00:00+00:00,203.47,203.8,198.5543,202.91,5366315,201.6681222826,201.9951998879,196.795954451,201.1130814979,5366315,0.0,1.0
2023-05-12 00:00:00+00:00,201.81,203.964,200.13,203.43,4733643,200.0228228135,202.1577475463,198.3577004591,201.6284765123,4733643,0.0,1.0
2023-05-15 00:00:00+00:00,203.33,205.3999,202.475,203.75,4518205,201.5293620864,203.5809315872,200.6819337454,201.945642675,4518205,0.0,1.0
2023-05-16 00:00:00+00:00,204.56,205.67,201.75,201.93,4424764,202.7484695244,203.8486396514,199.963354158,200.1417601245,4424764,0.0,1.0
2023-05-17 00:00:00+00:00,209.38,209.49,204.8,206.495,5772221,207.5257848505,207.634810719,202.9863441465,204.6663336647,5772221,0.0,1.0
2023-05-18 00:00:00+00:00,213.32,213.88,209.33,209.5,5165465,211.4308932291,211.9859340139,207.4762276376,207.6447221616,5165465,0.0,1.0
2023-05-19 00:00:00+00:00,210.36,213.24,209.93,212.96,6091604,208.4971062239,211.3516016884,208.0709141927,211.0740812961,6091604,0.0,1.0
2023-05-22 00:00:00+00:00,210.26,212.82,209.04,209.17,3890834,208.397991798,210.9353210999,207.1887958026,207.3176445562,3890834,0.0,1.0
2023-05-23 00:00:00+00:00,206.64,209.64,206.47,207.74,4256810,204.8100495822,207.7834823577,204.6415550582,205.9003082665,4256810,0.0,1.0
2023-05-24 00:00:00+00:00,209.06,210.21,205.42,206.04,4894012,207.2086186878,208.3484345851,203.6008535868,204.215363027,4894012,0.0,1.0
2023-05-25 00:00:00+00:00,209.91,212.33,208.44,212.02,6496676,208.0510913075,210.4496604132,206.5941092475,210.142405693,6496676,0.0,1.0
2023-05-26 00:00:00+00:00,215.44,216.15,212.55,212.8,6933320,213.5321190572,214.2358314808,210.6677121501,210.9154982147,6933320,0.0,1.0
2023-05-30 00:00:00+00:00,218.87,222.14,215.73,219.27,10421048,216.931743864,220.1727855893,213.8195508922,217.3282015674,10421048,0.0,1.0
2023-05-31 00:00:00+00:00,223.38,225.0,217.06,219.55,17664122,221.4018044699,223.0074581687,215.137772756,217.6057219598,17664122,0.0,1.0
2023-06-01 00:00:00+00:00,212.9,215.36,206.06,208.22,20907358,211.0146126405,213.4528275165,204.2351859122,206.3760575106,20907358,0.0,1.0
2023-06-02 00:00:00+00:00,213.03,216.14,210.43,212.9,11026890,211.1434613942,214.2259200382,208.566486322,211.0146126405,11026890,0.0,1.0
2023-06-05 00:00:00+00:00,209.86,212.32,207.055,210.47,7804410,208.0015340946,210.4397489706,205.2213744495,208.6061320923,7804410,0.0,1.0
2023-06-06 00:00:00+00:00,212.85,213.4,208.37,208.55,6795996,210.9650554276,211.5101847698,206.5247291494,206.703135116,6795996,0.0,1.0
2023-06-07 00:00:00+00:00,205.73,216.66,204.78,214.88,9323896,203.9081083069,214.7413150526,202.9665212613,212.9770782724,9323896,0.0,1.0
2023-06-08 00:00:00+00:00,209.53,210.38,204.85,205.38,5551699,207.6744564893,208.5169291091,203.0359013594,203.5612078164,5551699,0.0,1.0
2023-06-09 00:00:00+00:00,215.31,218.66,210.69,210.69,7679636,213.4032703036,216.7236035697,208.8241838292,208.8241838292,7679636,0.0,1.0
2023-06-12 00:00:00+00:00,213.69,220.39,212.14,216.15,11585179,211.7976166048,218.4382831369,210.2613430041,214.2358314808,11585179,0.0,1.0
2023-06-13 00:00:00+00:00,208.98,216.2326,207.92,215.5,11698916,207.1293271471,214.3176999965,206.0787142331,213.5915877127,11698916,0.0,1.0
2023-06-14 00:00:00+00:00,209.4,211.71,205.02,207.7,8963393,207.5456077357,209.8351509729,203.2043958833,205.8606624962,8963393,0.0,1.0
2023-06-15 00:00:00+00:00,211.92,213.325,207.37,207.95,7905381,210.0432912672,211.4358489504,205.5335848909,206.1084485608,7905381,0.0,1.0
2023-06-16 00:00:00+00:00,211.76,213.65,210.6,213.54,13672662,209.8847081858,211.7579708344,208.7349808459,211.648944966,13672662,0.0,1.0
2023-06-20 00:00:00+00:00,216.97,217.05,208.61,208.65,9527235,215.0485697728,215.1278613134,206.7626037715,206.8022495418,9527235,0.0,1.0
2023-06-21 00:00:00+00:00,209.59,217.795,208.0701,216.52,7971632,207.7339251448,215.866263786,206.2274849863,214.6025548564,7971632,0.0,1.0
2023-06-22 00:00:00+00:00,213.29,213.9564,209.09,209.63,5694224,211.4011589014,212.0616574353,207.2383530156,207.7735709152,5694224,0.0,1.0
2023-06-23 00:00:00+00:00,210.09,211.0,208.07,210.5,14037587,208.2294972741,209.1314385493,206.2273858719,208.6358664201,14037587,0.0,1.0
2023-06-26 00:00:00+00:00,207.36,211.75,207.35,209.02,4771543,205.5236734483,209.8747967432,205.5137620057,207.1689729175,4771543,0.0,1.0
2023-06-27 00:00:00+00:00,208.82,210.48,207.52,208.14,4014756,206.9707440658,208.6160435349,205.6822565297,206.29676597,4014756,0.0,1.0
2023-06-28 00:00:00+00:00,212.17,212.2,207.6,208.41,4775913,210.2910773318,210.3208116596,205.7615480704,206.5643749198,4775913,0.0,1.0
2023-06-29 00:00:00+00:00,210.43,212.65,209.72,211.9,3838304,208.566486322,210.7668265759,207.8627738984,210.023468382,3838304,0.0,1.0
2023-06-30 00:00:00+00:00,211.26,213.85,210.9619,211.86,5984203,209.3891360566,211.9561996861,209.0936759531,209.9838226117,5984203,0.0,1.0
2023-07-03 00:00:00+00:00,211.65,211.96,209.92,210.57,2399966,209.7756823174,210.0829370375,208.0610027501,208.7052465182,2399966,0.0,1.0
2023-07-05 00:00:00+00:00,213.82,214.62,210.09,210.49,5071608,211.9264653584,212.7193807652,208.2294972741,208.6259549775,5071608,0.0,1.0
2023-07-06 00:00:00+00:00,210.14,212.5,207.831,211.2,4254061,208.279054487,210.6181549371,205.9905023941,209.329667401,4254061,0.0,1.0
2023-07-07 00:00:00+00:00,209.59,212.11,209.28,209.77,3022151,207.7339251448,210.2316086763,207.4266704247,207.9123311114,3022151,0.0,1.0
2023-07-10 00:00:00+00:00,212.81,212.87,208.315,209.0,3820076,210.9254096573,210.9848783128,206.4702162152,207.1491500323,3820076,0.0,1.0
2023-07-11 00:00:00+00:00,221.17,222.35,217.24,222.06,10030524,219.2113756586,220.3809258836,215.3161787226,220.0934940487,10030524,0.0,1.0
2023-07-12 00:00:00+00:00,227.28,228.09,221.6132,221.9,8923503,225.2672670782,226.0700939276,219.650650794,219.9349109673,8923503,0.0,1.0
2023-07-13 00:00:00+00:00,230.37,230.96,227.6,228.26,5800286,228.329902837,228.9146779496,225.5844332409,226.2385884515,5800286,0.0,1.0
2023-07-14 00:00:00+00:00,229.33,232.2,228.15,229.7,4278735,227.2991128082,230.1436968301,226.1295625831,227.6658361838,4278735,0.0,1.0
2023-07-17 00:00:00+00:00,228.0,230.28,227.81,229.24,3558250,225.9808909443,228.2406998538,225.7925735352,227.2099098249,3558250,0.0,1.0
2023-07-18 00:00:00+00:00,227.63,229.6208,225.465,227.05,5094240,225.6141675687,227.5873375585,223.4683402489,225.0393038987,5094240,0.0,1.0
2023-07-19 00:00:00+00:00,234.37,238.22,231.2301,233.98,8516287,232.2944798711,236.1103852665,229.1823860138,231.9079336103,8516287,0.0,1.0
2023-07-20 00:00:00+00:00,228.16,233.5,227.32,231.1,5302994,226.1394740257,231.4321843662,225.3069128485,229.0534381458,5302994,0.0,1.0
2023-07-21 00:00:00+00:00,228.06,230.81,227.29,230.0,3529741,226.0403595998,228.7660063108,225.2771785208,227.9631794614,3529741,0.0,1.0
2023-07-24 00:00:00+00:00,225.66,227.59,223.5401,227.26,5363244,223.6616133794,225.5745217983,221.5604866657,225.247444193,5363244,0.0,1.0
2023-07-25 00:00:00+00:00,226.03,227.52,225.19,225.88,3203658,224.028336755,225.5051417002,223.1957755779,223.8796651162,3203658,0.0,1.0
2023-07-26 00:00:00+00:00,225.58,227.51,223.12,224.46,4856673,223.5823218387,225.4952302576,221.1441069627,222.4722402691,4856673,0.0,1.0
2023-07-27 00:00:00+00:00,225.15,230.1399,224.01,228.04,4299574,223.1561298075,228.1018405431,222.0262253528,226.0205367147,4299574,0.0,1.0
2023-07-28 00:00:00+00:00,225.6,227.31,223.98,226.0,4239278,223.6021447238,225.2970014059,221.996491025,223.9986024273,4239278,0.0,1.0
2023-07-31 00:00:00+00:00,225.01,225.38,221.75,222.35,5573114,223.0173696113,223.384092987,219.7862393285,220.3809258836,5573114,0.0,1.0
2023-08-01 00:00:00+00:00,224.27,224.81,221.63,223.89,4214465,222.28392286,222.8191407596,219.6673020175,221.9072880418,4214465,0.0,1.0
2023-08-02 00:00:00+00:00,220.5,222.85,218.795,221.98,5129661,218.5473090054,220.8764980129,216.8574080446,220.014202508,5129661,0.0,1.0
2023-08-03 00:00:00+00:00,215.56,218.21,214.6,216.2,5517079,213.6510563682,216.2775886533,212.69955788,214.2853886937,5517079,0.0,1.0
2023-08-04 00:00:00+00:00,214.59,217.25,213.07,216.41,4800357,212.6896464375,215.3260901651,211.1831071645,214.493528988,4800357,0.0,1.0
2023-08-07 00:00:00+00:00,216.06,216.8909,214.37,215.31,3615192,214.1466284975,214.9701702619,212.4715947006,213.4032703036,3615192,0.0,1.0
2023-08-08 00:00:00+00:00,211.58,214.19,211.14,213.55,4843817,209.7063022193,212.293188734,209.2701987455,211.6588564086,4843817,0.0,1.0
2023-08-09 00:00:00+00:00,205.86,211.66,204.91,211.65,7847512,204.0369570605,209.78559376,203.0953700149,209.7756823174,7847512,0.0,1.0
2023-08-10 00:00:00+00:00,208.25,210.34,206.44,208.18,4004728,206.4057918384,208.4772833387,204.6118207305,206.3364117403,4004728,0.0,1.0
2023-08-11 00:00:00+00:00,208.7,209.5,205.5,206.13,2930776,206.8518067547,207.6447221616,203.6801451274,204.3045660103,2930776,0.0,1.0
2023-08-14 00:00:00+00:00,212.06,212.1,207.12,207.9,3304673,210.1820514634,210.2216972337,205.2857988263,206.0588913479,3304673,0.0,1.0
2023-08-15 00:00:00+00:00,208.78,212.37,207.84,210.33,4076371,206.9310982954,210.4893061835,205.9994226924,208.4673718961,4076371,0.0,1.0
2023-08-16 00:00:00+00:00,206.99,209.69,206.95,208.0,2759603,205.1569500726,207.8330395707,205.1173043023,206.1580057738,2759603,0.0,1.0
2023-08-17 00:00:00+00:00,203.84,206.93,203.39,206.57,4062741,202.0348456583,205.0974814171,201.5888307419,204.7406694841,4062741,0.0,1.0
2023-08-18 00:00:00+00:00,204.83,205.497,200.2,200.97,4267165,203.0160784742,203.6771716947,198.4270805572,199.1902616363,4267165,0.0,1.0
2023-08-21 00:00:00+00:00,209.03,209.42,204.22,206.0,4023325,207.17888436,207.5654306209,202.4114804765,204.1757172567,4023325,0.0,1.0
2023-08-22 00:00:00+00:00,206.76,210.105,206.0018,209.85,3153623,204.9289868932,208.244364438,204.1775013164,207.991622652,3153623,0.0,1.0
2023-08-23 00:00:00+00:00,209.13,210.99,207.14,208.0,3833154,207.2779987859,209.1215271068,205.3056217114,206.1580057738,3833154,0.0,1.0
2023-08-24 00:00:00+00:00,205.51,211.99,205.44,211.01,3960326,203.69005657,210.1126713653,203.6206764719,209.1413499919,3960326,0.0,1.0
2023-08-25 00:00:00+00:00,209.47,210.79,205.48,205.51,3068820,207.6149878338,208.9232982551,203.6603222423,203.69005657,3068820,0.0,1.0
2023-08-28 00:00:00+00:00,211.72,213.4767,209.64,210.45,4086852,209.8450624155,211.5862055344,207.7834823577,208.5863092072,4086852,0.0,1.0
2023-08-29 00:00:00+00:00,211.96,212.46,206.52,206.75,5850364,210.0829370375,210.5785091668,204.6911122711,204.9190754506,5850364,0.0,1.0
2023-08-30 00:00:00+00:00,215.04,215.59,209.43,211.77,9946011,213.1356613538,213.680790696,207.5753420635,209.8946196284,9946011,0.0,1.0
2023-08-31 00:00:00+00:00,221.46,228.79,221.2,228.0,19268398,219.4988074935,226.7638949086,219.2411099863,225.9808909443,19268398,0.0,1.0
2023-09-01 00:00:00+00:00,221.53,223.97,220.52,223.5,5600939,219.5681875916,221.9865795824,218.5671318905,221.5207417809,5600939,0.0,1.0
2023-09-05 00:00:00+00:00,218.69,220.3199,217.61,219.33,5807335,216.7533378974,218.3688039244,215.6829020982,217.3876702229,5807335,0.0,1.0
2023-09-06 00:00:00+00:00,221.62,222.2099,219.02,219.47,5066665,219.6573905749,220.242066573,217.0804155027,217.5264304191,5066665,0.0,1.0
2023-09-07 00:00:00+00:00,222.53,222.73,219.31,219.77,4201915,220.5593318502,220.7575607019,217.3678473377,217.8237736966,4201915,0.0,1.0
2023-09-08 00:00:00+00:00,224.76,225.47,222.86,223.32,4580356,222.7695835467,223.4732959702,220.8864094555,221.3423358144,4580356,0.0,1.0
2023-09-11 00:00:00+00:00,225.31,226.825,222.79,226.01,4417969,223.3147128889,224.8162964405,220.8170293574,224.0085138698,4417969,0.0,1.0
2023-09-12 00:00:00+00:00,221.66,224.79,221.26,223.45,4002279,219.6970363453,222.7993178744,219.3005786418,221.471184568,4002279,0.0,1.0
2023-09-13 00:00:00+00:00,218.8,221.86,218.295,221.18,4173592,216.8623637659,219.895265197,216.3618359153,219.2212871012,4173592,0.0,1.0
2023-09-14 00:00:00+00:00,218.78,220.574,218.34,219.42,4297203,216.8425408807,218.6206536805,216.4064374069,217.4768732061,4297203,0.0,1.0
2023-09-15 00:00:00+00:00,214.61,219.1899,213.46,218.87,9939044,212.7094693226,217.2488109123,211.5696534253,216.931743864,9939044,0.0,1.0
2023-09-18 00:00:00+00:00,215.0,216.38,214.18,214.56,4279576,213.0960155835,214.4637946602,212.2832772915,212.6599121097,4279576,0.0,1.0
2023-09-19 00:00:00+00:00,215.7,216.06,212.26,214.39,4002204,213.7898165644,214.1466284975,210.3802803151,212.4914175858,4002204,0.0,1.0
2023-09-20 00:00:00+00:00,213.03,217.18,212.92,215.2,2991594,211.1434613942,215.256710067,211.0344355257,213.2942444352,2991594,0.0,1.0
2023-09-21 00:00:00+00:00,208.61,211.8925,208.07,209.8,4957895,206.7626037715,210.0160348001,206.2273858719,207.9420654391,4957895,0.0,1.0
2023-09-22 00:00:00+00:00,206.43,209.72,205.88,209.31,3848593,204.6019092879,207.8627738984,204.0567799457,207.4564047524,3848593,0.0,1.0
2023-09-25 00:00:00+00:00,206.34,206.53,203.87,205.0,4067309,204.5127063046,204.7010237137,202.064579986,203.1845729982,4067309,0.0,1.0
2023-09-26 00:00:00+00:00,202.49,206.44,201.28,205.47,5404503,200.6968009093,204.6118207305,199.4975163565,203.6504107997,5404503,0.0,1.0
2023-09-27 00:00:00+00:00,202.73,203.93,200.94,202.99,4123766,200.9346755313,202.1240486416,199.1605273086,201.1923730385,4123766,0.0,1.0
2023-09-28 00:00:00+00:00,203.2,205.15,199.5503,200.76,4344035,201.4005133328,203.333244637,197.7831341325,198.982121342,4344035,0.0,1.0
2023-09-29 00:00:00+00:00,202.78,207.79,202.1,205.08,4405143,200.9842327442,205.9498654795,200.3102546484,203.2638645389,4405143,0.0,1.0
2023-10-02 00:00:00+00:00,203.71,205.11,200.52,200.8,3745684,201.9059969047,203.2935988666,198.74424672,199.0217671124,3745684,0.0,1.0
2023-10-03 00:00:00+00:00,199.83,203.565,197.42,202.75,4622359,198.0603571816,201.7622809872,195.6716995185,200.9544984165,4622359,0.0,1.0
2023-10-04 00:00:00+00:00,201.87,202.7399,199.51,200.88,3656350,200.082291469,200.9444878595,197.7431910189,199.101058653,3656350,0.0,1.0
2023-10-05 00:00:00+00:00,202.01,202.15,198.4901,202.0,3592613,200.2210516652,200.3598118614,196.7323229896,200.2111402226,3592613,0.0,1.0
2023-10-06 00:00:00+00:00,207.36,208.27,199.89,200.48,4989189,205.5236734483,206.4256147236,198.1198258371,198.7046009496,4989189,0.0,1.0
2023-10-09 00:00:00+00:00,207.22,208.28,204.69,204.89,2781322,205.3849132521,206.4355261661,202.877318278,203.0755471297,2781322,0.0,1.0
2023-10-10 00:00:00+00:00,206.88,209.2154,206.26,207.64,4503470,205.0479242042,207.3626425056,204.4334147639,205.8011938407,4503470,0.0,1.0
2023-10-11 00:00:00+00:00,206.85,209.2,204.41,207.23,3971001,205.0181898765,207.347378884,202.5997978856,205.3948246947,3971001,0.0,1.0
2023-10-12 00:00:00+00:00,205.68,208.58,203.27,207.83,3548635,203.858551094,206.7328694437,201.4698934309,205.9895112498,3548635,0.0,1.0
2023-10-13 00:00:00+00:00,204.59,207.14,203.21,205.11,3678409,202.7782038522,205.3056217114,201.4104247754,203.2935988666,3678409,0.0,1.0
2023-10-16 00:00:00+00:00,208.53,209.49,205.04,205.84,3623223,206.6833122308,207.634810719,203.2242187685,204.0171341753,3623223,0.0,1.0
2023-10-17 00:00:00+00:00,209.84,211.94,206.0,206.49,4006090,207.9817112095,210.0631141524,204.1757172567,204.6613779434,4006090,0.0,1.0
2023-10-18 00:00:00+00:00,204.83,209.63,204.19,208.88,3380758,203.0160784742,207.7735709152,202.3817461488,207.0302127213,3380758,0.0,1.0
2023-10-19 00:00:00+00:00,208.32,210.95,205.53,206.45,4995930,206.4751719365,209.0818813364,203.7098794552,204.621732173,4995930,0.0,1.0
2023-10-20 00:00:00+00:00,203.73,208.11,202.12,207.36,5539077,201.9258197898,206.2670316422,200.3300775336,205.5236734483,5539077,0.0,1.0
2023-10-23 00:00:00+00:00,202.0,203.57,197.85,199.9,4564116,200.2111402226,201.7672367085,196.0978915497,198.1297372797,4564116,0.0,1.0
2023-10-24 00:00:00+00:00,204.22,204.64,200.925,203.73,3959708,202.4114804765,202.8277610651,199.1456601447,201.9258197898,3959708,0.0,1.0
2023-10-25 00:00:00+00:00,197.06,203.74,195.43,203.2,4489976,195.3148875855,201.9357312324,193.6993224441,201.4005133328,4489976,0.0,1.0
2023-10-26 00:00:00+00:00,196.25,199.66,193.68,197.42,5149060,194.5120607361,197.8918626576,191.9648199916,195.6716995185,5149060,0.0,1.0
2023-10-27 00:00:00+00:00,196.57,198.31,195.41,197.3,3168554,194.8292268988,196.5538179086,193.6794995589,195.5527622075,3168554,0.0,1.0
2023-10-30 00:00:00+00:00,199.27,200.58,197.08,199.0,3438456,197.5053163968,198.8037153755,195.3347104706,197.237707447,3438456,0.0,1.0
2023-10-31 00:00:00+00:00,200.83,201.91,198.66,200.42,3425426,199.0515014401,200.1219372393,196.9007183991,198.6451322941,3425426,0.0,1.0
2023-11-01 00:00:00+00:00,203.91,204.49,200.49,200.92,3593561,202.1042257564,202.6790894263,198.7145123922,199.1407044234,3593561,0.0,1.0
2023-11-02 00:00:00+00:00,208.11,208.26,205.95,206.31,4963628,206.2670316422,206.415703281,204.1261600438,204.4829719768,4963628,0.0,1.0
2023-11-03 00:00:00+00:00,207.47,210.18,207.2,209.39,3861880,205.6326993167,208.3187002574,205.3650903669,207.5356962931,3861880,0.0,1.0
2023-11-06 00:00:00+00:00,207.42,208.48,204.69,208.21,3729658,205.5831421038,206.6337550179,202.877318278,206.3661460681,3729658,0.0,1.0
2023-11-07 00:00:00+00:00,211.84,213.34,208.955,209.5,5467113,209.9639997265,211.4507161143,207.1045485407,207.6447221616,5467113,0.0,1.0
2023-11-08 00:00:00+00:00,211.47,212.52,209.65,212.42,3433465,209.5972763509,210.6379778223,207.7933938003,210.5388633965,3433465,0.0,1.0
2023-11-09 00:00:00+00:00,210.01,213.58,209.07,213.57,4731434,208.1502057334,211.6885907363,207.2185301304,211.6786792938,4731434,0.0,1.0
2023-11-10 00:00:00+00:00,213.63,214.265,208.8448,209.4,4113413,211.7381479493,212.3675245534,206.9953244434,207.5456077357,4113413,0.0,1.0
2023-11-13 00:00:00+00:00,215.28,216.14,211.76,212.57,3306626,213.3735359758,214.2259200382,209.8847081858,210.6875350352,3306626,0.0,1.0
2023-11-14 00:00:00+00:00,221.18,221.25,217.95,219.0,4743828,219.2212871012,219.2906671993,216.0198911461,217.0605926176,4743828,0.0,1.0
2023-11-15 00:00:00+00:00,219.42,221.37,217.66,220.75,4800679,217.4768732061,219.4096045103,215.7324593111,218.79509507,4800679,0.0,1.0
2023-11-16 00:00:00+00:00,221.45,222.77,218.94,220.0,3712533,219.488896051,220.7972064722,217.0011239621,218.0517368761,3712533,0.0,1.0
2023-11-17 00:00:00+00:00,221.22,222.79,220.38,221.17,3636397,219.2609328715,220.8170293574,218.4283716943,219.2113756586,3636397,0.0,1.0
2023-11-20 00:00:00+00:00,225.13,226.1,220.62,221.43,4600980,223.1363069223,224.0977168531,218.6662463164,219.4690731658,4600980,0.0,1.0
2023-11-21 00:00:00+00:00,224.32,225.97,223.54,224.0,3852324,222.3334800729,223.9688680995,221.5603875513,222.0163139102,3852324,0.0,1.0
2023-11-22 00:00:00+00:00,223.84,225.6894,223.21,224.3,3894413,221.8577308288,223.6907530206,221.233309946,222.3136571878,3894413,0.0,1.0
2023-11-24 00:00:00+00:00,224.38,224.49,222.12,224.36,1869111,222.3929487284,222.5019745969,220.1529627042,222.3731258433,1869111,0.0,1.0
2023-11-27 00:00:00+00:00,224.79,226.22,224.25,225.5,4885506,222.7993178744,224.2166541641,222.2640999748,223.503030298,4885506,0.0,1.0
2023-11-28 00:00:00+00:00,224.92,225.53,222.23,223.61,5535336,222.9281666281,223.5327646258,220.2619885726,221.6297676494,5535336,0.0,1.0
2023-11-29 00:00:00+00:00,230.35,231.5,227.26,228.61,12327442,228.3100799519,229.4498958492,225.247444193,226.585488942,12327442,0.0,1.0
2023-11-30 00:00:00+00:00,251.9,252.5,243.65,249.05,24425715,249.6692387231,250.2639252782,241.4922985903,246.8444775863,24425715,0.0,1.0
2023-12-01 00:00:00+00:00,260.0,263.43,249.7,250.0,14538232,257.6975072172,261.097132024,247.4887213544,247.7860646319,14538232,0.0,1.0
2023-12-04 00:00:00+00:00,250.66,255.12,249.85,252.8,11429249,248.4402198426,252.8607232356,247.6373929931,250.5612685558,11429249,0.0,1.0
2023-12-05 00:00:00+00:00,251.02,251.67,248.64,249.99,5771514,248.7970317756,249.4412755437,246.4381084403,247.7761531893,5771514,0.0,1.0
2023-12-06 00:00:00+00:00,249.13,253.9827,248.85,251.52,5288675,246.923769127,251.7334948704,246.6462487346,249.2926039049,5288675,0.0,1.0
2023-12-07 00:00:00+00:00,248.85,250.73,246.8861,248.75,6568249,246.6462487346,248.5095999406,244.6997405253,246.5471343088,6568249,0.0,1.0
2023-12-08 00:00:00+00:00,250.81,252.09,248.0,248.55,4605805,248.5888914813,249.8575561322,245.8037761149,246.3489054571,4605805,0.0,1.0
2023-12-11 00:00:00+00:00,252.1,253.52,249.71,250.0,4765980,249.8674675748,251.2748924219,247.498632797,247.7860646319,4765980,0.0,1.0
2023-12-12 00:00:00+00:00,256.45,256.58,251.02,251.8,5827551,254.1789450994,254.307793853,248.7970317756,249.5701242973,5827551,0.0,1.0
2023-12-13 00:00:00+00:00,257.32,259.12,255.16,257.51,6567630,255.0412406043,256.8253002697,252.9003690059,255.2295580135,6567630,0.0,1.0
2023-12-14 00:00:00+00:00,257.21,258.77,253.22,256.5,6613211,254.9322147359,256.4783997792,250.9775491444,254.2285023124,6613211,0.0,1.0
2023-12-15 00:00:00+00:00,261.6,262.31,254.51,255.01,13739532,259.2833380308,259.9870504544,252.2561252379,252.7516973671,13739532,0.0,1.0
2023-12-18 00:00:00+00:00,263.59,265.59,259.68,259.82,7498521,261.2557151053,263.2380036224,257.3803410545,257.5191012507,7498521,0.0,1.0
2023-12-19 00:00:00+00:00,264.34,266.58,263.7351,265.47,4648854,261.9990732992,264.2192364383,261.3995301372,263.1190663113,4648854,0.0,1.0
2023-12-20 00:00:00+00:00,260.25,264.92,260.08,261.66,4510533,257.9452932818,262.5739369692,257.7767987579,259.3428066864,4510533,0.0,1.0
2023-12-21 00:00:00+00:00,267.25,268.36,264.24,264.75,5160697,264.8833030915,265.9834732185,261.8999588734,262.4054424452,5160697,0.0,1.0
2023-12-22 00:00:00+00:00,266.34,268.15,265.3,267.26,3110591,263.9813618163,265.7753329242,262.9505717874,264.8932145341,3110591,0.0,1.0
2023-12-26 00:00:00+00:00,266.22,266.53,264.62,265.53,3219024,263.8624245052,264.1696792254,262.2765936916,263.1785349669,3219024,0.0,1.0
2023-12-27 00:00:00+00:00,266.72,267.01,265.4,265.94,3128892,264.3579966345,264.6454284695,263.0496862133,263.5849041129,3128892,0.0,1.0
2023-12-28 00:00:00+00:00,265.58,266.92,265.3,266.5,2958714,263.2280921798,264.5562254862,262.9505717874,264.1399448976,2958714,0.0,1.0
2023-12-29 00:00:00+00:00,263.14,265.6491,262.655,265.01,3706552,260.809700189,263.2965802481,260.3289952236,262.6631399524,3706552,0.0,1.0
2024-01-02 00:00:00+00:00,256.13,260.56,253.77,260.54,4741418,253.8617789367,258.252548002,251.5226784866,258.2327251168,4741418,0.0,1.0
2024-01-03 00:00:00+00:00,251.84,254.16,251.77,253.5,5097120,249.6097700676,251.9092247474,249.5403899695,251.2550695368,5097120,0.0,1.0
2024-01-04 00:00:00+00:00,251.24,252.64,249.84,251.83,4489773,249.0150835125,250.4026854744,247.6274815506,249.599858625,4489773,0.0,1.0
2024-01-05 00:00:00+00:00,251.12,253.91,250.17,251.21,3575807,248.8961462015,251.6614386828,247.9545591559,248.9853491847,3575807,0.0,1.0
2024-01-08 00:00:00+00:00,260.87,261.56,251.39,252.21,6626012,258.5598027221,259.2436922605,249.1637551513,249.9764934433,6626012,0.0,1.0
2024-01-09 00:00:00+00:00,261.34,263.93,258.78,259.5,4571839,259.0256405236,261.5927041532,256.4883112218,257.2019350879,4571839,0.0,1.0
2024-01-10 00:00:00+00:00,264.13,266.46,262.75,263.27,5128300,261.7909330049,264.1002991273,260.4231539282,260.9385489426,5128300,0.0,1.0
2024-01-11 00:00:00+00:00,271.38,272.96,265.1,268.0,9012600,268.9767288792,270.5427368077,262.7523429357,265.6266612854,9012600,0.0,1.0
2024-01-12 00:00:00+00:00,271.93,275.24,271.06,271.23,4847604,269.5218582214,272.8025457172,268.6595627165,268.8280572405,4847604,0.0,1.0
2024-01-16 00:00:00+00:00,269.19,271.565,267.72,269.7,5858670,266.8061229531,269.1600905671,265.349140893,267.3116065249,5858670,0.0,1.0
2024-01-17 00:00:00+00:00,271.44,271.9,264.13,268.29,4706498,269.0361975348,269.4921238937,261.7909330049,265.9140931204,4706498,0.0,1.0
2024-01-18 00:00:00+00:00,274.46,275.69,272.14,273.0,4752437,272.0294531955,273.2485606335,269.7299985157,270.5823825781,4752437,0.0,1.0
2024-01-19 00:00:00+00:00,280.88,282.0,275.5279,276.51,7413577,278.3925993353,279.5026809048,273.0878961492,274.0612989255,7413577,0.0,1.0
2024-01-22 00:00:00+00:00,280.3,285.72,280.17,283.79,6735912,277.8177356653,283.1897375465,277.6888869117,281.2768291276,6735912,0.0,1.0
2024-01-23 00:00:00+00:00,276.77,281.71,275.71,280.83,6573810,274.3189964327,279.2152490698,273.2683835187,278.3430421223,6573810,0.0,1.0
2024-01-24 00:00:00+00:00,276.88,280.96,276.69,279.98,7025634,274.4280223012,278.4718908759,274.239704892,277.5005695026,7025634,0.0,1.0
2024-01-25 00:00:00+00:00,279.03,279.8528,276.86,278.61,4178020,276.558982457,277.3744959529,274.408199416,276.1427018684,4178020,0.0,1.0
2024-01-26 00:00:00+00:00,279.94,283.34,278.685,279.28,4877365,277.4609237322,280.8308142112,276.2170376878,276.8067685216,4877365,0.0,1.0
2024-01-29 00:00:00+00:00,287.86,288.15,281.0,281.4,5762263,285.3107862598,285.5982180948,278.5115366463,278.9079943497,5762263,0.0,1.0
2024-01-30 00:00:00+00:00,287.73,289.29,286.5157,287.63,4810928,285.1819375062,286.7281225495,283.978391033,285.0828230803,4810928,0.0,1.0
2024-01-31 00:00:00+00:00,281.09,285.63,280.82,284.05,4557283,278.6007396296,283.1005345633,278.3331306797,281.5345266348,4557283,0.0,1.0
2024-02-01 00:00:00+00:00,283.8,285.05,281.36,282.01,3218346,281.2867405702,282.5256708933,278.8683485794,279.5125923474,3218346,0.0,1.0
2024-02-02 00:00:00+00:00,285.66,288.16,283.16,285.2,3629843,283.130268891,285.6081295373,280.6524082447,282.6743425321,3629843,0.0,1.0
2024-02-05 00:00:00+00:00,288.11,289.05,281.36,286.25,5274790,285.5585723244,286.4902479274,278.8683485794,283.7150440036,5274790,0.0,1.0
2024-02-06 00:00:00+00:00,285.83,288.64,281.91,287.94,4207846,283.298763415,286.0838787814,279.4134779215,285.3900778005,4207846,0.0,1.0
2024-02-07 00:00:00+00:00,288.84,289.8,285.2,287.35,3621376,286.2821076331,287.2336061213,282.6743425321,284.8053026879,3621376,0.0,1.0
2024-02-08 00:00:00+00:00,291.95,293.11,288.98,289.3,4488432,289.3645662772,290.5142936171,286.4208678293,286.7380339921,4488432,0.0,1.0
2024-02-09 00:00:00+00:00,291.3,295.24,291.05,293.25,4376347,288.7203225091,292.6254308877,288.4725364445,290.6530538132,4376347,0.0,1.0
2024-02-12 00:00:00+00:00,287.32,291.0,287.0,290.82,3750035,284.7755683602,288.4229792316,284.4584021975,288.244573265,3750035,0.0,1.0
2024-02-13 00:00:00+00:00,281.15,283.4299,276.4223,280.41,4956553,278.6602082851,280.9199180801,273.974375574,277.9267615338,4956553,0.0,1.0
2024-02-14 00:00:00+00:00,289.15,289.46,284.64,285.0,3850721,286.5893623533,286.8966170734,282.1193017473,282.4761136804,3850721,0.0,1.0
2024-02-15 00:00:00+00:00,291.94,292.0,288.01,291.34,3986522,289.3546548346,289.4141234901,285.4594578986,288.7599682795,3986522,0.0,1.0
2024-02-16 00:00:00+00:00,289.72,292.07,287.88,292.0,4159391,287.1543145806,289.4835035882,285.330609145,289.4141234901,4159391,0.0,1.0
2024-02-20 00:00:00+00:00,286.39,290.85,284.155,289.5,4285328,283.8538041997,288.2743075928,281.6385967819,286.9362628438,4285328,0.0,1.0
2024-02-21 00:00:00+00:00,283.55,283.57,278.355,280.07,3799041,281.0389545055,281.0587773907,275.8899600825,277.5897724859,3799041,0.0,1.0
2024-02-22 00:00:00+00:00,293.65,294.63,291.4,292.0,5264297,291.0495115167,292.02083289,288.819436935,289.4141234901,5264297,0.0,1.0
2024-02-23 00:00:00+00:00,292.8,298.0,291.08,298.0,4416764,290.2070388969,295.3609890413,288.5022707722,295.3609890413,4416764,0.0,1.0
2024-02-26 00:00:00+00:00,300.39,303.8299,295.0,295.59,8719272,297.7298238191,301.139260954,292.3875562657,292.9723313782,8719272,0.0,1.0
2024-02-27 00:00:00+00:00,299.5,301.75,296.6,301.58,6178811,296.847705429,299.0777800107,293.9733870793,298.9092854868,6178811,0.0,1.0
2024-02-28 00:00:00+00:00,299.77,300.875,296.61,299.58,12490784,297.1153143788,298.2105287845,293.9832985219,296.9269969697,12490784,0.0,1.0
2024-02-29 00:00:00+00:00,308.82,310.54,294.79,300.0,21737805,306.0851699185,307.7899380432,292.1794159714,297.3432775583,21737805,0.0,1.0
2024-03-01 00:00:00+00:00,316.88,318.715,306.6151,307.0,9366647,314.0737926423,315.8925423567,303.8997959429,304.281287368,9366647,0.0,1.0
2024-03-04 00:00:00+00:00,314.64,317.655,313.54,314.57,9349980,311.8536295032,314.8419294426,310.7633708188,311.7842494051,9349980,0.0,1.0
2024-03-05 00:00:00+00:00,298.75,312.55,296.14,311.31,9015308,296.1043472351,309.7821380028,293.5174607204,308.5531191223,9015308,0.0,1.0
2024-03-06 00:00:00+00:00,303.77,305.89,302.735,304.645,8270036,301.079891413,303.181117241,300.0540571054,301.9471426392,8270036,0.0,1.0
2024-03-07 00:00:00+00:00,302.42,306.77,301.75,306.0,6788862,299.7418466639,304.0533241885,299.0777800107,303.2901431095,6788862,0.0,1.0
2024-03-08 00:00:00+00:00,305.28,308.87,302.2,302.2,4851635,302.5765192433,306.1347271315,299.5237949271,299.5237949271,4851635,0.0,1.0
2024-03-11 00:00:00+00:00,306.0,307.61,300.25,302.64,4867042,303.2901431095,304.8858853657,297.5910636229,299.9598984008,4867042,0.0,1.0
2024-03-12 00:00:00+00:00,306.62,309.04,303.87,306.71,4824359,303.9046525498,306.3032216554,301.1790058388,303.993855533,4824359,0.0,1.0
2024-03-13 00:00:00+00:00,304.68,307.73,303.11,305.0,5250230,302.3782903916,305.4052491211,300.8201509801,302.6958729469,5250230,0.4,1.0
2024-03-14 00:00:00+00:00,303.32,309.49,301.995,305.0,4814216,301.0285645319,307.1519531748,299.7135742642,302.6958729469,4814216,0.0,1.0
2024-03-15 00:00:00+00:00,294.33,300.05,293.77,298.96,11885105,292.1064796211,297.7832677957,291.5507101495,296.701502217,11885105,0.0,1.0
2024-03-18 00:00:00+00:00,300.51,300.97,296.02,299.62,5240467,298.2397927189,298.696317642,293.7837124909,297.3565162372,5240467,0.0,1.0
2024-03-19 00:00:00+00:00,301.45,301.77,296.62,298.18,3329873,299.1726914748,299.4902740301,294.379179782,295.9273947387,3329873,0.0,1.0
2024-03-20 00:00:00+00:00,306.08,307.02,300.685,301.97,4946571,303.7677140707,304.7006128267,298.4134706788,299.6887631271,4946571,0.0,1.0
2024-03-21 00:00:00+00:00,308.39,311.8,306.35,307.94,6083853,306.0602631412,309.4445022453,304.0356743517,305.613662673,6083853,0.0,1.0
2024-03-22 00:00:00+00:00,307.77,310.23,306.65,309.32,3779208,305.4449469405,307.8863628338,304.3334079972,306.9832374424,3779208,0.0,1.0
2024-03-25 00:00:00+00:00,306.06,307.71,302.54,303.7,4141223,303.747865161,305.3854002114,300.2544570536,301.4056938163,4141223,0.0,1.0
2024-03-26 00:00:00+00:00,305.83,307.98,304.89,307.48,3893853,303.5196026995,305.6533604924,302.5867039435,305.1571377498,3893853,0.0,1.0
2024-03-27 00:00:00+00:00,301.38,309.3,298.63,307.44,3859858,299.1032202909,306.9633885327,296.3739952069,305.1174399304,3859858,0.0,1.0
2024-03-28 00:00:00+00:00,301.18,302.8,299.6348,300.0,4892275,298.9047311939,300.5124928797,297.3712044303,297.7336455215,4892275,0.0,1.0
2024-04-01 00:00:00+00:00,302.26,303.51,299.99,301.69,2813080,299.9765723178,301.2171291741,297.7237210666,299.4108783913,2813080,0.0,1.0
2024-04-02 00:00:00+00:00,304.0,304.457,294.8895,297.5,4721587,301.7034274618,302.1569750485,292.66175287,295.2525318088,4721587,0.0,1.0
2024-04-03 00:00:00+00:00,304.74,307.16,303.1,303.99,3029396,302.4378371207,304.8395551946,300.8102265252,301.6935030069,3029396,0.0,1.0
2024-04-04 00:00:00+00:00,294.14,311.3,292.1,308.26,8339822,291.917914979,308.9482795028,289.8933261894,305.9312452282,8339822,0.0,1.0
2024-04-05 00:00:00+00:00,301.91,303.415,293.295,293.54,4253651,299.629216398,301.122846853,291.0792985441,291.3224476879,4253651,0.0,1.0
2024-04-08 00:00:00+00:00,301.73,303.5,299.52,301.1,3135720,299.4505762107,301.2072047192,297.2572716887,298.8253355551,3135720,0.0,1.0
2024-04-09 00:00:00+00:00,302.37,305.6,299.2501,303.32,2990297,300.0857413211,303.2913402379,296.9894106522,301.0285645319,2990297,0.0,1.0
2024-04-10 00:00:00+00:00,299.62,300.92,298.15,298.45,3036384,297.3565162372,298.6466953678,295.8976213741,296.1953550196,3036384,0.0,1.0
2024-04-11 00:00:00+00:00,299.15,301.09,296.4077,299.47,3468596,296.8900668592,298.8154111002,294.1684836055,297.2076494144,3468596,0.0,1.0
2024-04-12 00:00:00+00:00,294.32,297.85,293.5,296.87,3819966,292.0965551663,295.5998877286,291.2827498685,294.6272911532,3819966,0.0,1.0
2024-04-15 00:00:00+00:00,272.9,286.4766,271.66,282.94,18365087,270.8383728761,284.3124082487,269.6077404746,280.8025255462,18365087,0.0,1.0
2024-04-16 00:00:00+00:00,277.41,280.56,272.4401,274.78,7624347,275.3143020137,278.4405052917,270.3819471975,272.704170388,7624347,0.0,1.0
2024-04-17 00:00:00+00:00,276.32,278.9678,274.84,277.74,4199384,274.232536435,276.8603335904,272.7637171171,275.6418090238,4199384,0.0,1.0
2024-04-18 00:00:00+00:00,271.92,276.33,269.75,276.32,5918155,269.8657763007,274.2424608898,267.7121695981,274.232536435,5918155,0.0,1.0
2024-04-19 00:00:00+00:00,270.37,273.15,268.73,272.49,4913553,268.3274857988,271.0864842473,266.6998752033,270.4314702272,4913553,0.0,1.0
2024-04-22 00:00:00+00:00,273.81,279.7,269.56,279.39,6747204,271.7414982675,277.5870021745,267.5236049559,277.2793440742,6747204,0.0,1.0
2024-04-23 00:00:00+00:00,276.68,276.7,270.41,274.95,6285237,274.5898168096,274.6096657193,268.3671836182,272.8728861205,6285237,0.0,1.0
2024-04-24 00:00:00+00:00,276.19,278.9393,274.11,278.0,3938845,274.1035185219,276.832048894,272.039231913,275.8998448499,3938845,0.0,1.0
2024-04-25 00:00:00+00:00,273.14,273.58,269.28,271.6,4811919,271.0765597925,271.5132358059,267.2457202201,269.5481937455,4811919,0.0,1.0
2024-04-26 00:00:00+00:00,274.29,276.9,273.4625,275.0,3754585,272.2178721003,274.8081548163,271.3966234614,272.9225083947,3754585,0.0,1.0
2024-04-29 00:00:00+00:00,275.74,277.29,273.2201,274.89,3608840,273.6569180537,275.1952085555,271.1560546758,272.8133393913,3608840,0.0,1.0
2024-04-30 00:00:00+00:00,268.94,274.61,268.355,274.51,5217985,266.9082887552,272.5354546555,266.3277081464,272.436210107,5217985,0.0,1.0
2024-05-01 00:00:00+00:00,268.69,274.0,266.55,269.02,3761619,266.6601773839,271.9300629096,264.5363440458,266.987684394,3761619,0.0,1.0
2024-05-02 00:00:00+00:00,272.13,273.08,267.94,270.43,3859883,270.0741898525,271.0170130634,265.9158432701,268.3870325279,3859883,0.0,1.0
2024-05-03 00:00:00+00:00,273.66,277.67,273.35,276.82,4041636,271.5926314447,275.5723378398,271.2849733443,274.7287591775,4041636,0.0,1.0
2024-05-06 00:00:00+00:00,275.63,277.13,274.06,276.17,3744763,273.5477490503,275.0364172779,271.9896096387,274.0836696122,3744763,0.0,1.0
2024-05-07 00:00:00+00:00,277.18,278.882,274.07,275.59,3507733,275.0860395522,276.7751817678,271.9995340936,273.5080512309,3507733,0.0,1.0
2024-05-08 00:00:00+00:00,278.97,279.94,275.73,275.73,3283270,276.8625169704,277.825189091,273.6469935988,273.6469935988,3283270,0.0,1.0
2024-05-09 00:00:00+00:00,275.17,275.35,271.0708,272.17,4709740,273.0912241272,273.2698643145,269.0229915948,270.113887672,4709740,0.0,1.0
2024-05-10 00:00:00+00:00,276.67,279.64,274.97,276.1,2912308,274.5798923548,277.5274554454,272.8927350302,274.0141984283,2912308,0.0,1.0
2024-05-13 00:00:00+00:00,277.52,277.8,275.185,277.14,2998662,275.4234710171,275.7013557529,273.1061108094,275.0463417328,2998662,0.0,1.0
2024-05-14 00:00:00+00:00,276.8,278.86,275.04,276.96,3056843,274.7089102678,276.7533479671,272.9622062141,274.8677015454,3056843,0.0,1.0
2024-05-15 00:00:00+00:00,287.54,287.8,279.73,279.74,5828547,285.3677747775,285.6258106036,277.6167755391,277.6266999939,5828547,0.0,1.0
2024-05-16 00:00:00+00:00,284.68,290.02,284.58,289.42,3559188,282.5293806902,287.8290395805,282.4301361417,287.2335722894,3559188,0.0,1.0
2024-05-17 00:00:00+00:00,285.61,287.34,284.26,287.04,3478869,283.4523549913,285.1692856805,282.1125535865,284.871552035,3478869,0.0,1.0
2024-05-20 00:00:00+00:00,287.07,287.7206,285.11,286.0,2799272,284.9013253995,285.5470104321,282.9561322488,283.8394087305,2799272,0.0,1.0
2024-05-21 00:00:00+00:00,283.76,287.22,283.29,286.79,3492113,281.6163308439,285.0501922223,281.1498814659,284.6234406637,3492113,0.0,1.0
2024-05-22 00:00:00+00:00,283.82,287.09,282.835,283.41,3309164,281.675877573,284.9211743092,280.6983187702,281.2689749242,3309164,0.0,1.0
2024-05-23 00:00:00+00:00,278.57,287.0,277.46,286.68,5456632,276.4655387764,284.8318542156,275.363924288,284.5142716603,5456632,0.0,1.0
2024-05-24 00:00:00+00:00,272.29,274.96,268.53,270.93,8325132,270.2329811302,272.8828105753,266.5013861063,268.8832552705,8325132,0.0,1.0
2024-05-28 00:00:00+00:00,269.83,273.225,267.16,273.1,9294119,267.7915652369,271.1609176587,265.1417357917,271.0368619731,9294119,0.0,1.0
2024-05-29 00:00:00+00:00,271.62,272.865,267.77,268.0,13397852,269.5680426552,270.8036372841,265.7471275376,265.9753899992,13397852,0.0,1.0
2024-05-30 00:00:00+00:00,218.01,225.09,212.0,223.4,66860913,216.3630402005,223.3895542348,210.3984428352,221.712321365,66860913,0.0,1.0
2024-05-31 00:00:00+00:00,234.44,234.62,216.06,219.11,36807425,232.6689195202,232.8475597075,214.4277715046,217.4547302341,36807425,0.0,1.0
2024-06-03 00:00:00+00:00,236.62,240.99,230.2101,234.62,19962737,234.8324506777,239.1694374474,228.4709743629,232.8475597075,19962737,0.0,1.0
2024-06-04 00:00:00+00:00,234.86,240.5899,232.2,235.72,11197479,233.0857466239,238.7723600088,230.4458416336,233.9392497411,11197479,0.0,1.0
2024-06-05 00:00:00+00:00,236.53,236.92,231.55,235.64,10772093,234.743130584,235.1301843232,229.8007520683,233.8598541023,10772093,0.0,1.0
2024-06-06 00:00:00+00:00,242.76,246.75,239.45,239.88,11693763,240.926065956,244.8859234414,237.6410714004,238.067822959,11693763,0.0,1.0
2024-06-07 00:00:00+00:00,241.85,243.9299,240.2884,242.33,6883831,240.0229405646,242.087127929,238.4731376951,240.4993143974,6883831,0.0,1.0
2024-06-10 00:00:00+00:00,241.84,243.64,240.43,241.79,7660118,240.0130161097,241.7994179829,238.6136679758,239.9633938355,7660118,0.0,1.0
2024-06-11 00:00:00+00:00,240.99,243.75,236.26,241.16,7264354,239.1694374474,241.9085869862,234.475170303,239.3381531799,7264354,0.0,1.0
2024-06-12 00:00:00+00:00,235.8,242.2,234.89,240.56,10260116,234.0186453799,240.3702964844,233.1155199885,238.7426858888,10260116,0.0,1.0
2024-06-13 00:00:00+00:00,229.03,235.65,228.66,235.52,13566707,227.299789446,233.8697785571,226.9325846165,233.7407606441,13566707,0.0,1.0
2024-06-14 00:00:00+00:00,231.94,235.2499,229.2,229.35,8833734,230.1878058075,233.4727011186,227.4685051784,227.6173720012,8833734,0.0,1.0
2024-06-17 00:00:00+00:00,230.48,231.84,227.77,230.28,10563678,228.7388353993,230.088561259,226.0493081348,228.5403463023,10563678,0.0,1.0
2024-06-18 00:00:00+00:00,231.81,232.29,229.23,230.48,7119770,230.0587878945,230.5351617273,227.498278543,228.7388353993,7119770,0.0,1.0
2024-06-20 00:00:00+00:00,241.8,243.77,232.85,232.85,14809627,239.9733182903,241.9284358959,231.0909311989,231.0909311989,14809627,0.0,1.0
2024-06-21 00:00:00+00:00,245.06,245.374,240.19,240.57,15928785,243.2086905717,243.520318454,238.3754810594,238.7526103437,15928785,0.0,1.0
2024-06-24 00:00:00+00:00,239.94,244.41,239.81,243.19,7545685,238.1273696881,242.5636010064,237.998351775,241.3528175146,7545685,0.0,1.0
2024-06-25 00:00:00+00:00,241.76,243.1,239.87,241.78,6216627,239.9336204709,241.2634974209,238.0578985041,239.9534693806,6216627,0.0,1.0
2024-06-26 00:00:00+00:00,243.15,243.61,239.901,241.47,4524735,241.3131196952,241.7696446183,238.0886643142,239.6458112803,4524735,0.0,1.0
2024-06-27 00:00:00+00:00,252.85,258.6,244.45,245.0,12869018,250.9398409004,256.6464024395,242.6032988258,243.1491438426,12869018,0.0,1.0
2024-06-28 00:00:00+00:00,257.1,260.18,253.18,253.5,12619303,255.1577342119,258.2144663059,251.2673479104,251.5849304657,12619303,0.0,1.0
2024-07-01 00:00:00+00:00,256.21,259.4799,254.53,258.15,5871685,254.2744577302,257.5196552218,252.6071493153,256.1998019712,5871685,0.0,1.0
2024-07-02 00:00:00+00:00,256.19,257.73,254.06,255.05,5130593,254.2546088205,255.7829748675,252.1406999373,253.1232209675,5130593,0.0,1.0
2024-07-03 00:00:00+00:00,260.95,261.22,256.935,256.98,4755729,258.9786493294,259.2466096104,254.9939807069,255.0386407537,4755729,0.0,1.0
2024-07-05 00:00:00+00:00,263.19,265.8059,261.315,262.72,6562111,261.201727216,263.7978653604,259.3408919315,260.735277838,6562111,0.0,1.0
2024-07-08 00:00:00+00:00,257.37,262.84,257.19,261.38,6539287,255.4256944929,260.8543712962,255.2470543056,259.405400888,6539287,0.0,1.0
2024-07-09 00:00:00+00:00,252.43,257.0,251.09,256.09,7017109,250.9199919907,255.4626547621,249.5880077207,254.5580982803,7017109,0.4,1.0
2024-07-10 00:00:00+00:00,252.59,254.8,246.11,251.2,8947679,251.0790348886,253.2758149159,244.6377975234,249.697349713,8947679,0.0,1.0
2024-07-11 00:00:00+00:00,251.12,255.42,250.92,252.6,5343727,249.6178282641,253.8921061453,249.4190246417,251.0889750697,5343727,0.0,1.0
2024-07-12 00:00:00+00:00,253.97,255.29,249.69,251.62,4705492,252.450779883,253.7628837907,248.196382364,250.11483732,4705492,0.0,1.0
2024-07-15 00:00:00+00:00,252.86,256.39,252.12,256.02,4404270,251.3474197788,254.8563037138,250.611846376,254.4885170124,4404270,0.0,1.0
2024-07-16 00:00:00+00:00,256.03,256.78,252.67,253.78,4780386,254.4984571936,255.2439707775,251.1585563375,252.2619164418,4780386,0.0,1.0
2024-07-17 00:00:00+00:00,251.22,255.57,249.61,254.0,5625254,249.7172300752,254.0412088621,248.1168609151,252.4806004264,5625254,0.0,1.0
2024-07-18 00:00:00+00:00,247.35,252.45,245.72,252.14,6351643,245.8703799821,250.9398723529,244.2501304597,250.6317267382,6351643,0.0,1.0
2024-07-19 00:00:00+00:00,247.63,248.99,245.17,248.65,4468875,246.1487050535,247.5005696857,243.7034204982,247.1626035276,4468875,0.0,1.0
2024-07-22 00:00:00+00:00,254.08,255.58,248.0,248.75,5647588,252.5601218753,254.0511490432,246.5164917549,247.2620053388,5647588,0.0,1.0
2024-07-23 00:00:00+00:00,256.06,257.33,253.7513,256.59,3905543,254.5282777369,255.790680739,252.2333881219,255.0551073362,3905543,0.0,1.0
2024-07-24 00:00:00+00:00,249.78,255.91,248.9,253.63,5204088,248.2858439941,254.3791750201,247.4111080556,252.112813725,5204088,0.0,1.0
2024-07-25 00:00:00+00:00,256.52,264.08,251.7245,254.74,7155846,254.9855260684,262.5003029945,250.2187122127,253.2161738292,7155846,0.0,1.0
2024-07-26 00:00:00+00:00,262.71,264.49,257.07,258.17,6127323,261.1384981811,262.9078504204,255.53223603,256.6256559531,6127323,0.0,1.0
2024-07-29 00:00:00+00:00,258.59,266.075,258.52,262.71,5101425,257.0431435601,264.4833691277,256.9735622922,261.1384981811,5101425,0.0,1.0
2024-07-30 00:00:00+00:00,257.93,260.75,255.12,259.62,3944295,256.3870916062,259.1902226818,253.5939007117,258.0669822153,3944295,0.0,1.0
2024-07-31 00:00:00+00:00,258.8,261.83,255.35,256.21,4647690,257.2518873636,260.2637622427,253.8225248775,254.6773804537,4647690,0.0,1.0
2024-08-01 00:00:00+00:00,253.06,263.36,249.74,259.9,5527395,251.5462234012,261.7846099539,248.2460832696,258.3453072867,5527395,0.0,1.0
2024-08-02 00:00:00+00:00,243.97,248.0,241.1165,247.79,6504544,242.5105987639,246.5164917549,239.6741680815,246.3077479514,6504544,0.0,1.0
2024-08-05 00:00:00+00:00,239.01,241.82,232.21,232.32,6899342,237.5802689288,240.3734598232,230.8209457677,230.9302877601,6899342,0.0,1.0
2024-08-06 00:00:00+00:00,238.42,243.85,238.03,241.09,5673889,236.9937982427,242.3913165904,236.6061311791,239.6478266016,5673889,0.0,1.0
2024-08-07 00:00:00+00:00,240.04,246.53,239.66,242.61,4035549,238.604107584,245.0552851304,238.2263807015,241.1587341317,4035549,0.0,1.0
2024-08-08 00:00:00+00:00,249.12,249.43,243.08,243.24,4474252,247.6297920402,247.9379376549,241.6259226443,241.7849655422,4474252,0.0,1.0
2024-08-09 00:00:00+00:00,252.53,252.95,248.45,248.7,2975285,251.0193938019,251.4368814089,246.9637999052,247.2123044332,2975285,0.0,1.0
2024-08-12 00:00:00+00:00,251.31,254.09,249.02,252.6,3679904,249.8066917053,252.5700620564,247.530390229,251.0889750697,3679904,0.0,1.0
2024-08-13 00:00:00+00:00,254.6,255.78,253.0,253.0,4031818,253.0770112935,254.2499526656,251.4865823145,251.4865823145,4031818,0.0,1.0
2024-08-14 00:00:00+00:00,255.32,257.71,253.86,255.39,4145248,253.7927043341,256.1684076216,252.3414378907,253.8622856019,4145248,0.0,1.0
2024-08-15 00:00:00+00:00,262.79,262.89,256.24,257.9,5167930,261.2180196301,261.3174214413,254.7072009971,256.3572710628,5167930,0.0,1.0
2024-08-16 00:00:00+00:00,262.91,263.6,259.68,261.75,3494863,261.3373018035,262.0231743008,258.126623302,260.1842407937,3494863,0.0,1.0
2024-08-19 00:00:00+00:00,265.38,265.39,261.63,263.1,4501262,263.79252654,263.8024667211,260.0649586203,261.5261652448,4501262,0.0,1.0
2024-08-20 00:00:00+00:00,261.84,265.5,261.03,264.95,5731309,260.2737024238,263.9118087134,259.4685477531,263.3650987518,5731309,0.0,1.0
2024-08-21 00:00:00+00:00,261.09,262.14,259.18,261.1,4648204,259.5281888398,260.5719078574,257.6296142461,259.538129021,4648204,0.0,1.0
2024-08-22 00:00:00+00:00,258.59,263.26,257.27,261.5,5111442,257.0431435601,261.6852081427,255.7310396523,259.9357362657,5111442,0.0,1.0
2024-08-23 00:00:00+00:00,264.0,265.6,260.7,261.99,4711326,262.4207815455,264.0112105246,259.1405217762,260.4228051406,4711326,0.0,1.0
2024-08-26 00:00:00+00:00,265.28,267.3,263.24,263.94,3818271,263.6931247288,265.7010413148,261.6653277805,262.3611404588,3818271,0.0,1.0
2024-08-27 00:00:00+00:00,264.2,264.46,259.4,259.65,5276384,262.6195851679,262.878029877,257.8482982307,258.0968027587,5276384,0.0,1.0
2024-08-28 00:00:00+00:00,258.9,265.18,257.36,261.83,10981901,257.3512891748,263.5937229176,255.8205012824,260.2637622427,10981901,0.0,1.0
2024-08-29 00:00:00+00:00,257.01,271.95,256.28,271.01,14301691,255.4725949432,270.3232255352,254.7469617215,269.38884851,14301691,0.0,1.0
2024-08-30 00:00:00+00:00,252.9,259.13,251.0,257.44,10507704,251.3871805033,257.5799133405,249.4985460906,255.9000227314,10507704,0.0,1.0
2024-09-03 00:00:00+00:00,248.06,253.69,246.64,252.62,6190352,246.5761328416,252.1724548117,245.1646271227,251.1088554319,6190352,0.0,1.0
2024-09-04 00:00:00+00:00,247.68,249.48,245.16,246.47,3915991,246.1984059591,247.9876385605,243.693480317,244.9956440437,3915991,0.0,1.0
2024-09-05 00:00:00+00:00,246.12,248.4999,245.0,245.98,4083624,244.6477377045,247.013401409,243.5344374191,244.5085751688,4083624,0.0,1.0
2024-09-06 00:00:00+00:00,243.97,250.0,241.4401,247.74,6259431,242.5105987639,248.5045279787,239.9958323425,246.2580470458,6259431,0.0,1.0
2024-09-09 00:00:00+00:00,245.76,249.36,244.77,246.5,4588809,244.2898911842,247.8683563871,243.3058132534,245.025464587,4588809,0.0,1.0
2024-09-10 00:00:00+00:00,246.16,247.34,243.311,247.13,3544808,244.687498429,245.860439801,241.8555408281,245.6516959975,3544808,0.0,1.0
2024-09-11 00:00:00+00:00,249.57,250.02,242.0141,244.81,4822215,248.0771001906,248.524408341,240.5663987388,243.3455739779,4822215,0.0,1.0
2024-09-12 00:00:00+00:00,253.37,254.14,249.57,251.39,5221397,251.8543690159,252.619762962,248.0771001906,249.8862131543,5221397,0.0,1.0
2024-09-13 00:00:00+00:00,254.57,256.83,252.445,252.54,4998901,253.0471907502,255.2936716831,250.9349022623,251.029333983,4998901,0.0,1.0
2024-09-16 00:00:00+00:00,256.91,257.81,254.57,254.57,5367024,255.373193132,256.2678094328,253.0471907502,253.0471907502,5367024,0.0,1.0
2024-09-17 00:00:00+00:00,255.19,259.37,254.76,258.72,5423388,253.6634819796,257.8184776874,253.2360541914,257.1723659146,5423388,0.0,1.0
2024-09-18 00:00:00+00:00,252.43,256.12,250.96,256.0,4436734,251.3175992354,254.9913382569,249.8540771862,254.8718670692,4436734,0.4,1.0
2024-09-19 00:00:00+00:00,265.99,269.54,258.05,260.72,11022830,264.8178434443,268.3521994134,256.9128331922,259.5710671183,11022830,0.0,1.0
2024-09-20 00:00:00+00:00,266.8,270.32,261.32,266.01,11463169,265.6242739611,269.1287621334,260.1684230567,264.8377553089,11463169,0.0,1.0
2024-09-23 00:00:00+00:00,264.21,268.06,262.24,267.25,6033986,263.0456874935,266.8787214319,261.084368829,266.072290915,6033986,0.0,1.0
2024-09-24 00:00:00+00:00,270.44,272.46,266.29,269.83,7154459,269.248233321,271.2593316471,265.1165214135,268.6409214503,7154459,0.0,1.0
2024-09-25 00:00:00+00:00,274.09,277.05,269.384,270.45,7920044,272.8821486132,275.8291045762,268.1968868694,269.2581892533,7920044,0.0,1.0
2024-09-26 00:00:00+00:00,275.76,278.64,272.71,276.13,5253376,274.5447893086,277.4120978131,271.5082299548,274.9131588039,5253376,0.0,1.0
2024-09-27 00:00:00+00:00,276.64,277.84,275.0601,276.26,5220075,275.4209113516,276.6156232285,273.8479736064,275.0425859239,5220075,0.0,1.0
2024-09-30 00:00:00+00:00,273.71,275.74,269.14,273.95,5062226,272.5038231856,274.524877444,267.9539621211,272.7427655609,5062226,0.0,1.0
2024-10-01 00:00:00+00:00,270.87,274.7,269.69,274.14,4369918,269.6763384103,273.489460484,268.501538398,272.9319282748,4369918,0.0,1.0
2024-10-02 00:00:00+00:00,279.48,282.0,270.8517,273.72,8512272,278.2483961269,280.7572910684,269.6581190541,272.5137791179,8512272,0.0,1.0
2024-10-03 00:00:00+00:00,280.91,281.12,277.73,278.99,3868447,279.6720944469,279.8811690253,276.5061079731,277.7605554439,3868447,0.0,1.0
2024-10-04 00:00:00+00:00,287.75,287.89,281.47,283.86,6131284,286.4819521451,286.6213351974,280.2296266561,282.6090944776,6131284,0.0,1.0
2024-10-07 00:00:00+00:00,284.57,288.17,283.38,286.58,4794652,283.3159656714,286.900101302,282.1312097268,285.3171080652,4794652,0.0,1.0
2024-10-08 00:00:00+00:00,291.57,292.63,284.1035,286.0,5211209,290.2851182866,291.3404471111,282.8515214292,284.7396639913,5211209,0.0,1.0
2024-10-09 00:00:00+00:00,287.92,291.57,287.08,290.82,4850952,286.6512029944,290.2851182866,285.8149046805,289.5384233635,4850952,0.0,1.0
2024-10-10 00:00:00+00:00,290.17,290.23,284.62,287.92,3965512,288.8912877635,288.9510233574,283.3657453329,286.6512029944,3965512,0.0,1.0
2024-10-11 00:00:00+00:00,288.1,290.24,286.3,289.21,3597035,286.8304097759,288.9609792897,285.0383419606,287.935518262,3597035,0.0,1.0
2024-10-14 00:00:00+00:00,291.64,292.4499,288.25,289.92,3642540,290.3548098127,291.1611407703,286.9797487605,288.6423894558,3642540,0.0,1.0
2024-10-15 00:00:00+00:00,288.35,293.58,288.0004,293.46,3850782,287.0793080836,292.2862606803,286.7312486901,292.1667894927,3850782,0.0,1.0
2024-10-16 00:00:00+00:00,290.86,290.92,284.23,287.55,3496969,289.5782470927,289.6379826866,282.9774639729,286.282833499,3496969,0.0,1.0
2024-10-17 00:00:00+00:00,291.11,293.34,290.1,291.96,2830025,289.8271454004,292.047318305,288.8215962374,290.6733996465,2830025,0.0,1.0
2024-10-18 00:00:00+00:00,292.94,294.71,290.15,292.04,3087902,291.6490810127,293.4112810311,288.8713758989,290.753047105,3087902,0.0,1.0
2024-10-21 00:00:00+00:00,291.29,292.92,288.04,289.0,2712571,290.0063521819,291.6291691481,286.770674182,287.7264436836,2712571,0.0,1.0
2024-10-22 00:00:00+00:00,288.33,291.942,287.65,289.75,3100125,287.059396219,290.6554789684,286.3823928221,288.4731386066,3100125,0.0,1.0
2024-10-23 00:00:00+00:00,284.43,288.3032,282.6176,287.73,3227071,283.1765826191,287.0327143204,281.3721694477,286.4620402805,3227071,0.0,1.0
2024-10-24 00:00:00+00:00,286.76,288.91,285.18,286.56,3210656,285.4963148467,287.6368402928,283.9232775421,285.2971962006,3210656,0.0,1.0
2024-10-25 00:00:00+00:00,290.46,294.38,288.83,290.0,3351560,289.1800098004,293.0827352649,287.5571928343,288.7220369143,3351560,0.0,1.0
2024-10-28 00:00:00+00:00,293.77,296.07,292.49,293.6,3867816,292.4754233942,294.7652878249,291.2010640588,292.306172545,3867816,0.0,1.0
2024-10-29 00:00:00+00:00,298.89,300.595,292.81,294.0,4280743,297.5728607356,299.270347194,291.5196538927,292.7044098373,4280743,0.0,1.0
2024-10-30 00:00:00+00:00,296.4,299.54,296.35,297.07,2826545,295.093833591,298.2199963355,295.0440539295,295.7608810556,2826545,0.0,1.0
2024-10-31 00:00:00+00:00,291.37,296.09,289.55,292.6,4301838,290.0859996404,294.7851996895,288.2740199605,291.3105793142,4301838,0.0,1.0
2024-11-01 00:00:00+00:00,294.72,296.99,290.0,290.23,3527502,293.4212369634,295.6812335972,288.7220369143,288.9510233574,3527502,0.0,1.0
2024-11-04 00:00:00+00:00,298.01,300.18,292.92,297.99,5108329,296.6967386925,298.8571760032,291.6291691481,296.6768268279,5108329,0.0,1.0
2024-11-05 00:00:00+00:00,297.49,298.81,294.74,297.44,4456064,296.1790302125,297.4932132771,293.441148828,296.129250551,4456064,0.0,1.0
2024-11-06 00:00:00+00:00,306.9,308.56,303.07,305.0,5874885,305.5475625138,307.2002472768,301.7344404401,303.6559353754,5874885,0.0,1.0
2024-11-07 00:00:00+00:00,310.78,312.19,306.0001,307.5,5722636,309.410464249,310.8142507044,304.6516281654,306.1449184522,5722636,0.0,1.0
2024-11-08 00:00:00+00:00,321.95,322.81,309.437,310.03,8484970,320.5312406364,321.3874508148,308.0733825402,308.663769326,8484970,0.0,1.0
2024-11-11 00:00:00+00:00,341.73,344.88,325.25,325.25,13954199,340.2240747404,343.3601934172,323.8166982978,323.8166982978,13954199,0.0,1.0
2024-11-12 00:00:00+00:00,341.15,348.86,338.51,339.29,7659675,339.6466306666,347.3226544756,337.0182645374,337.7948272574,7659675,0.0,1.0
2024-11-13 00:00:00+00:00,341.72,348.1906,338.77,345.5,6902936,340.2141188081,346.6562043669,337.2771187774,343.9774612203,6902936,0.0,1.0
2024-11-14 00:00:00+00:00,331.65,346.0,330.82,342.44,7630619,330.1884949746,344.4752578357,329.3621525931,340.9309459342,7630619,0.0,1.0
2024-11-15 00:00:00+00:00,325.26,330.26,324.18,326.93,7093003,323.8266542301,328.8046203838,322.751413541,325.4892949255,7093003,0.0,1.0
2024-11-18 00:00:00+00:00,322.25,327.0,320.205,327.0,4251074,320.8299186056,325.5589864516,318.7939304488,325.5589864516,4251074,0.0,1.0
2024-11-19 00:00:00+00:00,323.43,324.7,316.0001,319.0,5469892,322.0047186179,323.2691220209,314.6075604728,317.5942406057,5469892,0.0,1.0
2024-11-20 00:00:00+00:00,325.7,327.26,322.01,325.29,3763500,324.2647152517,325.8178406916,320.5909762302,323.8565220271,3763500,0.0,1.0
2024-11-21 00:00:00+00:00,335.78,342.9396,328.6,331.35,8364165,334.3002950175,341.4283443123,327.1519356208,329.8898170053,8364165,0.0,1.0
2024-11-22 00:00:00+00:00,342.02,342.81,335.78,338.95,5649365,340.5127967773,341.2993154296,334.3002950175,337.456325559,5649365,0.0,1.0
2024-11-25 00:00:00+00:00,339.11,347.85,338.29,345.0,7117192,337.6156204759,346.3171053125,336.7992340267,343.4796646049,7117192,0.0,1.0
2024-11-26 00:00:00+00:00,343.18,343.81,339.14,341.98,4492772,341.667684925,342.2949086604,337.6454882728,340.4729730481,4492772,0.0,1.0
2024-11-27 00:00:00+00:00,330.01,337.38,328.88,336.46,7471475,328.5557220762,335.8932441867,327.4307017254,334.9772984144,7471475,0.0,1.0
2024-11-29 00:00:00+00:00,329.99,331.99,327.25,329.34,3517586,328.5358102115,330.526996673,325.8078847593,327.8886746116,3517586,0.0,1.0
2024-12-02 00:00:00+00:00,331.01,334.5,330.11,332.0,6063387,329.5513153069,333.0259356822,328.6552813992,330.5369526053,6063387,0.0,1.0
2024-12-03 00:00:00+00:00,331.43,332.7999,323.65,327.4,12632360,329.9694644638,331.3333276306,322.2237491287,325.9572237439,12632360,0.0,1.0
2024-12-04 00:00:00+00:00,367.87,369.0,356.65,366.81,24733140,366.2488817919,367.3739021427,355.078325743,365.1935529674,24733140,0.0,1.0
2024-12-05 00:00:00+00:00,361.38,365.45,356.67,360.78,10942124,359.7874817244,363.8395461735,355.0982376077,359.190125786,10942124,0.0,1.0
2024-12-06 00:00:00+00:00,361.99,367.15,361.0908,364.99,5738864,360.3947935952,365.5320546658,359.4995561621,363.3815732874,5738864,0.0,1.0
2024-12-09 00:00:00+00:00,351.57,361.7,350.79,361.7,6475001,350.0207121309,360.1060715583,349.2441494109,360.1060715583,6475001,0.0,1.0
2024-12-10 00:00:00+00:00,348.82,355.49,347.43,351.35,6032962,347.2828307464,353.9234375954,345.8989561556,349.8016816201,6032962,0.0,1.0
2024-12-11 00:00:00+00:00,354.85,360.2,351.88,353.49,7546604,353.2862579277,358.6126817122,350.3293460324,351.9322511339,7546604,0.0,1.0
2024-12-12 00:00:00+00:00,358.03,360.0,352.92,355.0,5422002,356.4522444015,358.413563066,351.3647629924,353.4355969123,5422002,0.0,1.0
2024-12-13 00:00:00+00:00,354.31,364.8,352.5,364.0,5538020,352.7486375831,363.1924105736,350.9466138355,362.395935989,5538020,0.0,1.0
2024-12-16 00:00:00+00:00,357.23,358.07,350.56,350.78,5482323,355.6557698169,356.4920681307,349.0151629678,349.2341934786,5482323,0.0,1.0
2024-12-17 00:00:00+00:00,350.97,357.23,349.11,356.9,6910983,349.4233561924,355.6557698169,347.5715527833,355.3272240507,6910983,0.0,1.0
2024-12-18 00:00:00+00:00,337.23,354.77,335.24,354.5,8400030,336.1421424944,353.6255608716,334.1585619601,353.3564318544,8400030,0.4,1.0
2024-12-19 00:00:00+00:00,336.23,343.53,335.43,341.695,7423351,335.1453683566,342.4218195626,334.3479490463,340.5927390197,7423351,0.0,1.0
2024-12-20 00:00:00+00:00,343.65,346.45,331.1395,332.74,14932307,342.5414324591,345.332400045,330.071289608,331.6666266156,14932307,0.0,1.0
2024-12-23 00:00:00+00:00,342.9,343.8457,336.68,342.25,5330267,341.7938518558,342.7365011579,335.5939167186,341.1459486662,5330267,0.0,1.0
2024-12-24 00:00:00+00:00,344.43,344.95,340.83,343.0,1810961,343.3189162866,343.8372388383,339.7305293905,341.8935292696,1810961,0.0,1.0
2024-12-26 00:00:00+00:00,341.72,344.88,341.0312,344.88,3484545,340.6176583732,343.7674646487,339.931080347,343.7674646487,3484545,0.0,1.0
2024-12-27 00:00:00+00:00,338.45,342.27,335.27,340.35,3220402,337.3582069425,341.165884149,334.1884651843,339.2520778044,3220402,0.0,1.0
2024-12-30 00:00:00+00:00,335.74,338.1078,331.61,333.47,3411528,334.656949029,337.0171108326,330.5402718399,332.3942717362,3411528,0.0,1.0
2024-12-31 00:00:00+00:00,334.33,337.15,332.41,336.27,3026017,333.2514974947,336.0624005634,331.3376911501,335.1852393221,3026017,0.0,1.0
2025-01-02 00:00:00+00:00,330.66,338.92,327.81,336.31,4807138,329.593336409,337.8266907873,326.7525301162,335.2251102876,4807138,0.0,1.0
2025-01-03 00:00:00+00:00,332.9,333.44,329.27,332.1,4102503,331.8261104777,332.3643685121,328.2078203574,331.0286911674,4102503,0.0,1.0
2025-01-06 00:00:00+00:00,330.53,336.6,327.28,334.02,5785333,329.463755771,335.5141747876,326.2242398232,332.942497512,5785333,0.0,1.0
2025-01-07 00:00:00+00:00,324.93,331.5,322.91,330.5,4643133,323.8818205993,330.4306266847,321.8683368409,329.4338525469,4643133,0.0,1.0
2025-01-08 00:00:00+00:00,326.9,328.8,323.11,327.74,3788206,325.8454656508,327.7393365126,322.0676916685,326.6827559266,3788206,0.0,1.0
2025-01-10 00:00:00+00:00,317.85,322.765,316.02,322.765,6539973,316.8246597036,321.7238045909,315.0005630314,321.7238045909,6539973,0.0,1.0
2025-01-13 00:00:00+00:00,319.07,320.55,313.8,314.6,4583023,318.0407241517,319.5159498757,312.7877244455,313.5851437557,4583023,0.0,1.0
2025-01-14 00:00:00+00:00,323.54,329.935,321.5,325.0,5935221,322.4963045477,328.870675159,320.4628853066,323.9515947889,5935221,0.0,1.0
2025-01-15 00:00:00+00:00,321.16,331.53,320.78,329.88,6042674,320.1239820997,330.4605299089,319.7452079274,328.8158525815,6042674,0.0,1.0
2025-01-16 00:00:00+00:00,320.0,327.72,319.55,322.94,5051487,318.9677240999,326.6628204438,318.5191757379,321.8982400651,5051487,0.0,1.0
2025-01-17 00:00:00+00:00,324.56,329.5699,323.07,328.72,6303558,323.5130141683,328.5067529213,322.027820703,327.6595945816,6303558,0.0,1.0
2025-01-21 00:00:00+00:00,326.84,329.52,322.45,329.4,6397166,325.7856592025,328.4570138919,321.4098207375,328.3374009953,6397166,0.0,1.0
2025-01-22 00:00:00+00:00,332.62,335.2288,327.28,331.25,7259285,331.5470137191,334.1473980898,326.2242398232,330.1814331503,7259285,0.0,1.0
2025-01-23 00:00:00+00:00,334.66,335.46,329.6,332.33,4355877,333.5804329602,334.3778522705,328.5367558229,331.2579492191,4355877,0.0,1.0
2025-01-24 00:00:00+00:00,333.88,338.65,331.785,336.3,3299074,332.8029491327,337.5575617701,330.714707314,335.2151425462,3299074,0.0,1.0
2025-01-27 00:00:00+00:00,347.1,353.15,330.5,332.36,15661109,345.9803032346,352.0107867684,329.4338525469,331.2878524432,15661109,0.0,1.0
2025-01-28 00:00:00+00:00,359.95,367.09,350.455,354.77,12099293,358.7888509055,365.9058182495,349.324480467,353.6255608716,12099293,0.0,1.0
2025-01-29 00:00:00+00:00,354.0,360.18,351.5,358.76,6266724,352.8580447855,359.0181089572,350.366109441,357.6026896815,6266724,0.0,1.0
2025-01-30 00:00:00+00:00,343.57,348.0,340.0,340.9,7591129,342.4616905281,346.8773999586,338.9032068561,339.8003035802,7591129,0.0,1.0
2025-01-31 00:00:00+00:00,341.7,349.5,340.1,348.0,5781541,340.5977228904,348.3725611653,339.0028842699,346.8773999586,5781541,0.0,1.0
2025-02-03 00:00:00+00:00,339.24,341.46,331.2601,335.97,4549415,338.1456585114,340.3584970973,330.1915005691,334.8862070807,4549415,0.0,1.0
2025-02-04 00:00:00+00:00,344.14,346.93,338.6722,345.62,4965602,343.0298517867,345.8108516312,337.5796901559,344.5050775106,4965602,0.0,1.0
2025-02-05 00:00:00+00:00,347.93,348.04,338.8725,345.72,4521009,346.807625769,346.9172709241,337.7793440157,344.6047549244,4521009,0.0,1.0
2025-02-06 00:00:00+00:00,330.81,337.475,329.1,337.475,13240635,329.7428525296,336.3863521582,328.038368754,336.3863521582,13240635,0.0,1.0
2025-02-07 00:00:00+00:00,325.83,333.82,323.72,332.0,7626090,324.7789173233,332.7431426844,322.6757238925,330.9290137536,7626090,0.0,1.0
2025-02-10 00:00:00+00:00,327.2,331.75,326.65,327.92,5981915,326.1444978921,330.6798202192,325.5962721163,326.8621752714,5981915,0.0,1.0
2025-02-11 00:00:00+00:00,324.4,326.44,321.26,324.02,5455939,323.3535303063,325.3869495474,320.2236595135,322.9747561339,5455939,0.0,1.0
2025-02-12 00:00:00+00:00,326.12,327.0,316.97,319.55,5643373,325.0679818233,325.9451430646,315.9474984623,318.5191757379,5643373,0.0,1.0
2025-02-13 00:00:00+00:00,329.85,330.3473,323.22,326.2,4312066,328.7859493573,329.2816451361,322.1773368236,325.1477237543,4312066,0.0,1.0
2025-02-14 00:00:00+00:00,326.54,328.5,322.62,328.03,5879716,325.4866269612,327.4403042713,321.579272341,326.9718204265,5879716,0.0,1.0
2025-02-18 00:00:00+00:00,328.96,329.16,323.0,328.59,5262109,327.8988203747,328.0981752022,321.9580465133,327.5300139437,5262109,0.0,1.0
2025-02-19 00:00:00+00:00,324.53,329.74,322.87,329.74,5012019,323.4831109442,328.6763042022,321.8284658754,328.6763042022,5012019,0.0,1.0
2025-02-20 00:00:00+00:00,318.43,324.45,318.21,322.24,6393050,317.4027887035,323.4033690131,317.1834983932,321.2004981686,6393050,0.0,1.0
2025-02-21 00:00:00+00:00,309.8,318.97,306.86,318.97,7353214,308.8006278942,317.9410467379,305.870111929,317.9410467379,7353214,0.0,1.0
2025-02-24 00:00:00+00:00,308.32,312.73,303.525,311.51,6652863,307.3254021702,311.721176118,302.5458701794,310.5051116699,6652863,0.0,1.0
2025-02-25 00:00:00+00:00,305.88,308.42,300.62,306.25,7360070,304.893273274,307.425079584,299.6502413091,305.262079705,7360070,0.0,1.0
2025-02-26 00:00:00+00:00,307.33,313.7,306.45,312.66,12638452,306.3385957738,312.6880470317,305.4614345325,311.6514019283,12638452,0.0,1.0
2025-02-27 00:00:00+00:00,294.9,304.92,292.67,296.34,16691436,293.9486932408,303.9363701017,291.7258869135,295.3840479993,16691436,0.0,1.0
2025-02-28 00:00:00+00:00,297.85,301.9799,292.1536,295.955,10863109,296.8891769473,301.0057544591,291.2111527487,295.0002899562,10863109,0.0,1.0
2025-03-03 00:00:00+00:00,293.06,303.07,291.06,301.0,6298208,292.1146288272,302.0923379467,290.1210805516,300.0290154815,6298208,0.0,1.0
2025-03-04 00:00:00+00:00,287.34,291.65,282.235,290.0,9096260,286.4130807589,290.7091772929,281.3245487854,289.0644999655,9096260,0.0,1.0
2025-03-05 00:00:00+00:00,291.97,292.6835,285.621,287.22,6612561,291.028145017,291.7393433643,284.699626016,286.2934678624,6612561,0.0,1.0
2025-03-06 00:00:00+00:00,286.05,298.08,284.8327,288.23,10396805,285.1272421212,297.118434999,283.9138689632,287.3002097416,10396805,0.0,1.0
2025-03-07 00:00:00+00:00,282.89,288.309,275.17,283.18,8248082,281.9774358457,287.3789548985,274.2823395018,282.2665003456,8248082,0.0,1.0
2025-03-10 00:00:00+00:00,272.9,278.35,270.72,276.97,9928915,272.0196622089,277.45208126,269.8466945885,276.0765329498,9928915,0.0,1.0
2025-03-11 00:00:00+00:00,277.05,280.45,272.0,273.72,8313375,276.1562748809,279.5453069494,271.1225654849,272.8370170019,8313375,0.0,1.0
2025-03-12 00:00:00+00:00,284.58,285.9268,279.09,281.85,7463894,283.6619841386,285.0044395474,278.189694122,280.9407907424,7463894,0.0,1.0
2025-03-13 00:00:00+00:00,271.74,282.555,269.75,282.05,9494522,270.8634042091,281.6435165095,268.8798236748,281.1401455699,9494522,0.0,1.0
2025-03-14 00:00:00+00:00,279.4,279.89,272.68,275.0,6976916,278.4986941047,278.9871134322,271.8003718986,274.1128878983,6976916,0.0,1.0
2025-03-17 00:00:00+00:00,280.75,282.73,276.0785,277.37,4484727,279.8443391908,281.8179519836,275.187908806,276.475242605,4484727,0.0,1.0
2025-03-18 00:00:00+00:00,278.73,280.5,275.94,280.02,5882123,277.8308554324,279.5951456563,275.0498555879,279.1166940702,5882123,0.0,1.0
2025-03-19 00:00:00+00:00,279.39,282.22,277.29,277.5,5245412,278.4887263633,281.3095971733,276.3955006739,276.6048232429,5245412,0.0,1.0
2025-03-20 00:00:00+00:00,279.03,282.88,277.06,277.06,5504720,278.1298876737,281.9674681043,276.1662426222,276.1662426222,5504720,0.0,1.0
2025-03-21 00:00:00+00:00,280.62,281.85,274.05,276.21,9804132,279.7147585528,280.9407907424,273.1659524674,275.3189846051,9804132,0.0,1.0
2025-03-24 00:00:00+00:00,285.96,286.76,283.22,283.74,6763802,285.0375324488,285.834951759,282.3063713112,282.8246938628,6763802,0.0,1.0
2025-03-25 00:00:00+00:00,288.61,290.45,285.61,285.61,4301704,287.678983914,289.5130483275,284.6886615005,284.6886615005,4301704,0.0,1.0
2025-03-26 00:00:00+00:00,280.99,289.04,279.58,288.34,5073391,280.0835649838,288.1075967932,278.6781134495,287.4098548968,5073391,0.0,1.0
2025-03-27 00:00:00+00:00,277.81,280.8987,276.01,280.54,3757245,276.9138232256,279.9925595051,275.1196297775,279.6350166218,3757245,0.0,1.0
2025-03-28 00:00:00+00:00,269.97,277.205,269.19,276.71,4973419,269.0991139851,276.3107748722,268.3216301577,275.817371674,4973419,0.0,1.0
2025-03-31 00:00:00+00:00,268.36,268.45,259.19,264.55,7585804,267.4943076233,267.5840172957,258.3538887795,263.6965981582,7585804,0.0,1.0
2025-04-01 00:00:00+00:00,270.2,270.82,265.82,268.86,4598153,269.3283720368,269.9463720023,264.9625013132,267.9926946922,4598153,0.0,1.0
2025-04-02 00:00:00+00:00,271.54,273.63,265.75,265.96,5396853,270.6640493815,272.7473073295,264.8927271236,265.1020496925,5396853,0.0,1.0
2025-04-03 00:00:00+00:00,255.23,262.57,254.45,260.14,8872602,254.4066631938,261.7229853653,253.6291793663,259.3008242105,8872602,0.0,1.0
2025-04-04 00:00:00+00:00,240.76,250.29,239.53,247.7,9704996,239.9833414197,249.482598953,238.7573092301,246.9009539361,9704996,0.0,1.0
2025-04-07 00:00:00+00:00,244.21,252.95,230.0,230.0,11965180,243.4222121951,252.1340181596,229.2580516968,229.2580516968,11965180,0.0,1.0
2025-04-08 00:00:00+00:00,243.99,257.3855,240.266,253.95,9340310,243.2029218848,256.5552098478,239.4909349956,253.1307922974,9340310,0.0,1.0
2025-04-09 00:00:00+00:00,265.17,268.17,240.9,240.9,12491148,264.3145981236,267.3049205371,240.1228897989,240.1228897989,12491148,0.0,1.0
2025-04-10 00:00:00+00:00,255.12,261.24,248.13,260.0,9692344,254.71167608,260.8218809154,247.7328636944,259.5838655566,9692344,0.416,1.0
2025-04-11 00:00:00+00:00,255.0,256.41,247.675,254.27,6089003,254.591868142,255.9996114129,247.2785919297,253.8630365195,6089003,0.0,1.0
2025-04-14 00:00:00+00:00,254.55,260.0,253.14,260.0,6038546,254.1425883747,259.5838655566,252.7348451038,259.5838655566,6038546,0.0,1.0
2025-04-15 00:00:00+00:00,254.93,256.72,253.8,254.37,5227671,254.5219801782,256.3091152526,253.3937887625,253.9628764678,5227671,0.0,1.0
2025-04-16 00:00:00+00:00,249.84,256.61,246.69,251.93,7190940,249.4401268102,256.1992913095,246.295168439,251.5267817295,7190940,0.0,1.0
2025-04-17 00:00:00+00:00,247.26,251.56,246.8,249.77,5566857,246.8642561443,251.1573739208,246.4049923822,249.3702388464,5566857,0.0,1.0
2025-04-21 00:00:00+00:00,236.26,242.48,232.77,240.43,9240009,235.8818618323,242.091906616,232.3974476369,240.045187676,9240009,0.0,1.0
2025-04-22 00:00:00+00:00,243.39,244.22,235.597,238.23,7145288,243.0004501454,243.8291217162,235.2199229751,237.8487088136,7145288,0.0,1.0
2025-04-23 00:00:00+00:00,250.48,257.79,249.5,252.61,5818895,250.0791024793,257.3774026993,249.100670986,252.2056933779,5818895,0.0,1.0
2025-04-24 00:00:00+00:00,264.7,264.98,257.0,258.2,7857563,264.2763431262,264.5558949815,256.5886671078,257.7867464873,7857563,0.0,1.0
2025-04-25 00:00:00+00:00,267.85,269.03,264.2,264.72,5651651,267.4213014974,268.5994128872,263.7771433848,264.2963111159,5651651,0.0,1.0
2025-04-28 00:00:00+00:00,265.64,269.5,263.33,268.145,4977724,265.2148386402,269.0686606442,262.9085358347,267.7158293449,4977724,0.0,1.0
2025-04-29 00:00:00+00:00,267.76,268.575,265.17,265.4,3140601,267.3314455439,268.1451411225,264.7455908832,264.9752227643,3140601,0.0,1.0
2025-04-30 00:00:00+00:00,268.71,268.87,263.0,264.8,4624088,268.2799250527,268.43966897,262.5790640053,264.3761830745,4624088,0.0,1.0
2025-05-01 00:00:00+00:00,269.33,274.6,269.0,273.4,5208927,268.8989327321,274.160498007,268.5694609028,272.9624186276,5208927,0.0,1.0
2025-05-02 00:00:00+00:00,275.08,276.32,272.25,274.46,4323760,274.6397297588,275.8777451177,271.8142592222,274.0207220794,4323760,0.0,1.0
2025-05-05 00:00:00+00:00,272.63,276.165,272.31,273.37,4219639,272.1936510257,275.7229931978,271.8741631912,272.9324666431,4219639,0.0,1.0
2025-05-06 00:00:00+00:00,273.36,274.7976,268.54,269.82,4681552,272.9224826482,274.3577817449,268.1101971406,269.3881484787,4681552,0.0,1.0
2025-05-07 00:00:00+00:00,278.23,278.79,273.71,273.71,4268307,277.78468813,278.3437918404,273.2719224673,273.2719224673,4268307,0.0,1.0
2025-05-08 00:00:00+00:00,279.74,283.045,278.38,279.21,4789858,279.2922713492,282.5919816402,277.9344480524,278.7631196233,4789858,0.0,1.0
2025-05-09 00:00:00+00:00,275.42,282.48,273.88,281.62,4324188,274.979185583,282.0278859324,273.4416503794,281.1692623771,4324188,0.0,1.0
2025-05-12 00:00:00+00:00,288.82,288.97,283.23,285.0,5937370,288.357738654,288.5074985765,282.7766855446,284.5438526293,5937370,0.0,1.0
2025-05-13 00:00:00+00:00,289.17,292.7406,288.93,291.0,6711550,288.707178473,292.2720636667,288.4675625971,290.5342495268,6711550,0.0,1.0
2025-05-14 00:00:00+00:00,290.74,296.05,289.26,293.5,7926186,290.2746656612,295.5761669155,288.7970344265,293.030248234,7926186,0.0,1.0
2025-05-15 00:00:00+00:00,290.76,291.97,287.95,289.57,4635862,290.2946336509,291.5026970252,287.4891311039,289.1065382662,4635862,0.0,1.0
2025-05-16 00:00:00+00:00,291.15,292.17,289.72,291.09,3845977,290.6840094492,291.7023769218,289.2562981886,290.6241054802,3845977,0.0,1.0
2025-05-19 00:00:00+00:00,287.63,289.9,286.91,288.1,5781196,287.1696432694,289.4360100956,286.4507956417,287.6388910263,5781196,0.0,1.0
2025-05-20 00:00:00+00:00,288.06,288.44,285.21,288.09,4032283,287.598955047,287.9783468505,284.7535165207,287.6289070315,4032283,0.0,1.0
2025-05-21 00:00:00+00:00,282.28,287.63,281.1121,284.41,5689839,281.8282060358,287.1696432694,280.6621752797,283.9547969344,5689839,0.0,1.0
2025-05-22 00:00:00+00:00,283.42,286.35,281.0296,282.5,6642690,282.9663814463,285.8916919312,280.5798073224,282.047853922,6642690,0.0,1.0
2025-05-23 00:00:00+00:00,273.13,280.74,271.65,279.0,8887815,272.6928507672,280.2906708321,271.2152195325,278.5534557319,8887815,0.0,1.0
2025-05-27 00:00:00+00:00,277.19,278.58,270.29,273.165,10958025,276.7463526678,278.134127949,269.8573962357,272.7277947491,10958025,0.0,1.0
2025-05-28 00:00:00+00:00,276.03,278.81,273.58,277.71,12758644,275.5882092676,278.3637598301,273.1421305345,277.2655203989,12758644,0.0,1.0
2025-05-29 00:00:00+00:00,266.92,267.785,254.5,263.59,28074954,266.4927899783,267.356405531,254.0926684006,263.1681197002,28074954,0.0,1.0
2025-05-30 00:00:00+00:00,265.37,269.7399,260.7,268.08,12388512,264.9452707798,269.3081766802,260.2827451946,267.6509333785,12388512,0.0,1.0
2025-06-02 00:00:00+00:00,261.62,263.79,259.14,263.11,9213476,261.2012727189,263.3677995968,258.7252420013,262.6888879484,9213476,0.0,1.0
2025-06-03 00:00:00+00:00,264.47,264.75,261.36,262.0,7838480,264.0467112452,264.3262631004,260.9416888533,261.5806645224,7838480,0.0,1.0
2025-06-04 00:00:00+00:00,263.17,265.5,261.62,264.19,7372529,262.7487919174,265.0750627126,261.2012727189,263.76715939,7372529,0.0,1.0
2025-06-05 00:00:00+00:00,267.14,268.75,263.635,263.71,8647080,266.7124378645,268.319861032,263.2130476769,263.2879276382,8647080,0.0,1.0
2025-06-06 00:00:00+00:00,274.51,274.9,268.21,269.97,7507040,274.0706420536,274.4600178519,267.7807253113,269.5379084012,7507040,0.0,1.0
2025-06-09 00:00:00+00:00,272.25,274.2,269.6631,272.85,5728297,271.8142592222,273.7611382139,269.2314995999,272.413298912,5728297,0.0,1.0
2025-06-10 00:00:00+00:00,268.22,273.75,266.8434,272.07,6309748,267.7907093061,273.3118584466,266.4163125779,271.6345473153,6309748,0.0,1.0
2025-06-11 00:00:00+00:00,265.91,269.51,265.41,268.5,6568118,265.4844065006,269.078644639,264.9852067591,268.0702611613,6568118,0.0,1.0
2025-06-12 00:00:00+00:00,266.91,269.02,263.4,264.7,8054033,266.4828059835,268.5894288924,262.9784237985,264.2763431262,8054033,0.0,1.0
2025-06-13 00:00:00+00:00,258.4,265.7,258.0,263.48,7659317,257.9864263839,265.2747426092,257.5870665907,263.0582957571,7659317,0.0,1.0
2025-06-16 00:00:00+00:00,263.88,263.98,259.965,260.39,7177005,263.4576555503,263.5574954985,259.5489215747,259.9732413549,7177005,0.0,1.0
2025-06-17 00:00:00+00:00,262.76,270.5,262.1,263.85,9110069,262.3394481294,270.0670601271,261.6805044707,263.4277035658,9110069,0.0,1.0
2025-06-18 00:00:00+00:00,259.5,265.075,257.47,264.8,7628009,259.5,265.075,257.47,264.8,7628009,0.416,1.0
2025-06-20 00:00:00+00:00,260.63,262.87,259.2601,260.69,12859175,260.63,262.87,259.2601,260.69,12859175,0.0,1.0
2025-06-23 00:00:00+00:00,263.41,264.74,258.75,260.64,9283842,263.41,264.74,258.75,260.64,9283842,0.0,1.0
2025-06-24 00:00:00+00:00,271.17,273.38,265.44,265.715,9713901,271.17,273.38,265.44,265.715,9713901,0.0,1.0
2025-06-25 00:00:00+00:00,267.76,274.0,266.98,272.0,6074324,267.76,274.0,266.98,272.0,6074324,0.0,1.0
2025-06-26 00:00:00+00:00,270.74,271.01,265.16,268.78,6707978,270.74,271.01,265.16,268.78,6707978,0.0,1.0
2025-06-27 00:00:00+00:00,273.42,274.17,269.425,271.86,21741379,273.42,274.17,269.425,271.86,21741379,0.0,1.0
2025-06-30 00:00:00+00:00,272.69,276.38,270.4,274.46,8541909,272.69,276.38,270.4,274.46,8541909,0.0,1.0
2025-07-01 00:00:00+00:00,271.91,274.0,270.64,272.08,6256810,271.91,274.0,270.64,272.08,6256810,0.0,1.0
2025-07-02 00:00:00+00:00,269.21,271.715,265.65,271.52,6115241,269.21,271.715,265.65,271.52,6115241,0.0,1.0
2025-07-03 00:00:00+00:00,272.15,274.73,269.315,269.7,5031804,272.15,274.73,269.315,269.7,5031804,0.0,1.0
2025-07-07 00:00:00+00:00,269.8,274.0,268.2114,271.51,6283544,269.8,274.0,268.2114,271.51,6283544,0.0,1.0
2025-07-08 00:00:00+00:00,273.65,276.8,269.73,270.79,6661156,273.65,276.8,269.73,270.79,6661156,0.0,1.0
2025-07-09 00:00:00+00:00,270.92,275.56,269.37,274.36,6373573,270.92,275.56,269.37,274.36,6373573,0.0,1.0
2025-07-10 00:00:00+00:00,263.97,271.485,263.21,270.9,7252495,263.97,271.485,263.21,270.9,7252495,0.0,1.0
2025-07-11 00:00:00+00:00,258.07,262.95,257.26,262.58,7011161,258.07,262.95,257.26,262.58,7011161,0.0,1.0
2025-07-14 00:00:00+00:00,259.68,262.23,257.5,258.6,6533856,259.68,262.23,257.5,258.6,6533856,0.0,1.0
2025-07-15 00:00:00+00:00,257.58,261.81,257.23,261.0,5201492,257.58,261.81,257.23,261.0,5201492,0.0,1.0
2025-07-16 00:00:00+00:00,257.95,258.98,254.52,258.93,5649489,257.95,258.98,254.52,258.93,5649489,0.0,1.0
2025-07-17 00:00:00+00:00,259.88,260.2,256.655,257.99,5837430,259.88,260.2,256.655,257.99,5837430,0.0,1.0
2025-07-18 00:00:00+00:00,262.38,262.98,259.12,260.3,6381212,262.38,262.98,259.12,260.3,6381212,0.0,1.0
2025-07-21 00:00:00+00:00,262.28,264.31,261.6375,263.62,6714731,262.28,264.31,261.6375,263.62,6714731,0.0,1.0
2025-07-22 00:00:00+00:00,263.59,265.89,262.0,263.0,5001439,263.59,265.89,262.0,263.0,5001439,0.0,1.0
2025-07-23 00:00:00+00:00,267.22,268.48,262.5,263.915,5620704,267.22,268.48,262.5,263.915,5620704,0.0,1.0
2025-07-24 00:00:00+00:00,267.7,269.3,265.64,267.98,5877061,267.7,269.3,265.64,267.98,5877061,0.0,1.0
2025-07-25 00:00:00+00:00,269.11,271.0988,267.01,268.01,4015439,269.11,271.0988,267.01,268.01,4015439,0.0,1.0
2025-07-28 00:00:00+00:00,270.25,270.34,266.59,269.5,4533658,270.25,270.34,266.59,269.5,4533658,0.0,1.0
2025-07-29 00:00:00+00:00,267.39,274.0,267.3055,271.595,5137094,267.39,274.0,267.3055,271.595,5137094,0.0,1.0
2025-07-30 00:00:00+00:00,264.81,267.77,263.33,266.865,3928206,264.81,267.77,263.33,266.865,3928206,0.0,1.0
2025-07-31 00:00:00+00:00,258.33,265.04,257.86,265.0,7340250,258.33,265.04,257.86,265.0,7340250,0.0,1.0
2025-08-01 00:00:00+00:00,250.74,255.99,250.13,254.99,7646866,250.74,255.99,250.13,254.99,7646866,0.0,1.0
2025-08-04 00:00:00+00:00,252.32,253.5,250.64,251.0,4403485,252.32,253.5,250.64,251.0,4403485,0.0,1.0
2025-08-05 00:00:00+00:00,247.49,253.29,247.01,253.01,6760966,247.49,253.29,247.01,253.01,6760966,0.0,1.0
2025-08-06 00:00:00+00:00,249.17,250.26,247.02,249.37,5834652,249.17,250.26,247.02,249.37,5834652,0.0,1.0
2025-08-07 00:00:00+00:00,240.88,253.005,236.9724,250.69,10010178,240.88,253.005,236.9724,250.69,10010178,0.0,1.0
2025-08-08 00:00:00+00:00,240.51,242.95,237.83,241.29,8812027,240.51,242.95,237.83,241.29,8812027,0.0,1.0
