date,close,high,low,open,volume,adjClose,adjHigh,adjLow,adjOpen,adjVolume,divCash,splitFactor
2018-01-02 00:00:00+00:00,44.35,44.46,43.56,43.76,1281162,8.87,8.892,8.712,8.752,6405810,0.0,1.0
2018-01-03 00:00:00+00:00,45.03,45.14,44.17,44.3,1512020,9.006,9.028,8.834,8.86,7560100,0.0,1.0
2018-01-04 00:00:00+00:00,44.0,45.23,43.96,45.11,2529707,8.8,9.046,8.792,9.022,12648535,0.0,1.0
2018-01-05 00:00:00+00:00,44.1,44.54,43.92,44.32,1426163,8.82,8.908,8.784,8.864,7130815,0.0,1.0
2018-01-08 00:00:00+00:00,45.0,45.04,44.01,44.29,1110846,9.0,9.008,8.802,8.858,5554230,0.0,1.0
2018-01-09 00:00:00+00:00,44.32,44.84,43.97,44.69,1381022,8.864,8.968,8.794,8.938,6905110,0.0,1.0
2018-01-10 00:00:00+00:00,44.1,44.22,43.48,44.06,1178592,8.82,8.844,8.696,8.812,5892960,0.0,1.0
2018-01-11 00:00:00+00:00,44.26,44.61,43.9,44.09,1200373,8.852,8.922,8.78,8.818,6001865,0.0,1.0
2018-01-12 00:00:00+00:00,44.94,45.13,44.3,44.44,1456722,8.988,9.026,8.86,8.888,7283610,0.0,1.0
2018-01-16 00:00:00+00:00,44.34,45.79,44.15,45.03,1464924,8.868,9.158,8.83,9.006,7324620,0.0,1.0
2018-01-17 00:00:00+00:00,45.09,45.27,44.64,44.77,1096350,9.018,9.054,8.928,8.954,5481750,0.0,1.0
2018-01-18 00:00:00+00:00,45.71,45.9,44.85,44.88,1917748,9.142,9.18,8.97,8.976,9588740,0.0,1.0
2018-01-19 00:00:00+00:00,46.01,46.43,45.65,45.9,2291875,9.202,9.286,9.13,9.18,11459375,0.0,1.0
2018-01-22 00:00:00+00:00,45.85,45.91,45.21,45.8,1348142,9.17,9.182,9.042,9.16,6740710,0.0,1.0
2018-01-23 00:00:00+00:00,45.75,45.91,43.55,44.29,2694631,9.15,9.182,8.71,8.858,13473155,0.0,1.0
2018-01-24 00:00:00+00:00,45.25,46.23,45.05,45.95,1275773,9.05,9.246,9.01,9.19,6378865,0.0,1.0
2018-01-25 00:00:00+00:00,45.41,45.81,45.12,45.55,680860,9.082,9.162,9.024,9.11,3404300,0.0,1.0
2018-01-26 00:00:00+00:00,45.86,46.04,45.09,45.11,1198571,9.172,9.208,9.018,9.022,5992855,0.0,1.0
2018-01-29 00:00:00+00:00,45.96,46.24,45.69,45.76,1659735,9.192,9.248,9.138,9.152,8298675,0.0,1.0
2018-01-30 00:00:00+00:00,45.74,46.0,45.63,45.65,1220132,9.148,9.2,9.126,9.13,6100660,0.0,1.0
2018-01-31 00:00:00+00:00,46.04,46.4,45.36,45.39,1426773,9.208,9.28,9.072,9.078,7133865,0.0,1.0
2018-02-01 00:00:00+00:00,45.87,46.27,45.47,45.75,1434407,9.174,9.254,9.094,9.15,7172035,0.0,1.0
2018-02-02 00:00:00+00:00,44.94,45.73,44.84,45.71,1475281,8.988,9.146,8.968,9.142,7376405,0.0,1.0
2018-02-05 00:00:00+00:00,43.83,45.7,43.67,44.27,2364366,8.766,9.14,8.734,8.854,11821830,0.0,1.0
2018-02-06 00:00:00+00:00,46.54,47.0,44.6,45.27,6649393,9.308,9.4,8.92,9.054,33246965,0.0,1.0
2018-02-07 00:00:00+00:00,45.51,46.8,45.5,46.68,2502765,9.102,9.36,9.1,9.336,12513825,0.0,1.0
2018-02-08 00:00:00+00:00,44.5,45.85,44.47,45.5,2757778,8.9,9.17,8.894,9.1,13788890,0.0,1.0
2018-02-09 00:00:00+00:00,46.54,46.87,44.54,45.23,4078160,9.308,9.374,8.908,9.046,20390800,0.0,1.0
2018-02-12 00:00:00+00:00,46.48,47.2,46.39,46.87,2661071,9.296,9.44,9.278,9.374,13305355,0.0,1.0
2018-02-13 00:00:00+00:00,48.12,48.16,46.3,46.43,2471958,9.624,9.632,9.26,9.286,12359790,0.0,1.0
2018-02-14 00:00:00+00:00,48.38,48.51,47.68,47.93,1543955,9.676,9.702,9.536,9.586,7719775,0.0,1.0
2018-02-15 00:00:00+00:00,49.28,49.56,48.2,48.5,1688125,9.856,9.912,9.64,9.7,8440625,0.0,1.0
2018-02-16 00:00:00+00:00,48.95,49.58,48.94,49.03,1294453,9.79,9.916,9.788,9.806,6472265,0.0,1.0
2018-02-20 00:00:00+00:00,49.06,49.62,48.42,48.43,1124606,9.812,9.924,9.684,9.686,5623030,0.0,1.0
2018-02-21 00:00:00+00:00,49.11,49.97,49.11,49.4,1591335,9.822,9.994,9.822,9.88,7956675,0.0,1.0
2018-02-22 00:00:00+00:00,49.2,49.825,49.02,49.25,1694033,9.84,9.965,9.804,9.85,8470165,0.0,1.0
2018-02-23 00:00:00+00:00,49.87,49.94,49.08,49.65,1240937,9.974,9.988,9.816,9.93,6204685,0.0,1.0
2018-02-26 00:00:00+00:00,50.32,50.39,49.79,49.99,1103234,10.064,10.078,9.958,9.998,5516170,0.0,1.0
2018-02-27 00:00:00+00:00,49.95,50.87,49.95,50.42,856066,9.99,10.174,9.99,10.084,4280330,0.0,1.0
2018-02-28 00:00:00+00:00,50.47,51.0,49.58,49.82,1692279,10.094,10.2,9.916,9.964,8461395,0.0,1.0
2018-03-01 00:00:00+00:00,49.51,50.92,49.27,50.72,1899883,9.902,10.184,9.854,10.144,9499415,0.0,1.0
2018-03-02 00:00:00+00:00,50.46,50.56,49.25,49.39,1982489,10.092,10.112,9.85,9.878,9912445,0.0,1.0
2018-03-05 00:00:00+00:00,50.65,51.23,49.88,50.23,1568408,10.13,10.246,9.976,10.046,7842040,0.0,1.0
2018-03-06 00:00:00+00:00,51.85,51.93,50.47,50.89,1949850,10.37,10.386,10.094,10.178,9749250,0.0,1.0
2018-03-07 00:00:00+00:00,52.47,52.55,51.21,51.33,1755314,10.494,10.51,10.242,10.266,8776570,0.0,1.0
2018-03-08 00:00:00+00:00,54.09,54.13,52.63,52.85,2544977,10.818,10.826,10.526,10.57,12724885,0.0,1.0
2018-03-09 00:00:00+00:00,54.44,54.68,53.96,54.47,1743415,10.888,10.936,10.792,10.894,8717075,0.0,1.0
2018-03-12 00:00:00+00:00,54.68,54.82,54.14,54.44,1253412,10.936,10.964,10.828,10.888,6267060,0.0,1.0
2018-03-13 00:00:00+00:00,54.25,54.95,54.0,54.69,1229576,10.85,10.99,10.8,10.938,6147880,0.0,1.0
2018-03-14 00:00:00+00:00,54.54,54.63,53.9,54.23,748656,10.908,10.926,10.78,10.846,3743280,0.0,1.0
2018-03-15 00:00:00+00:00,54.18,54.97,54.04,54.62,905259,10.836,10.994,10.808,10.924,4526295,0.0,1.0
2018-03-16 00:00:00+00:00,54.0,54.73,54.0,54.09,2146430,10.8,10.946,10.8,10.818,10732150,0.0,1.0
2018-03-19 00:00:00+00:00,53.35,53.47,52.22,52.68,1363681,10.67,10.694,10.444,10.536,6818405,0.0,1.0
2018-03-20 00:00:00+00:00,53.78,54.14,52.82,53.22,710180,10.756,10.828,10.564,10.644,3550900,0.0,1.0
2018-03-21 00:00:00+00:00,54.57,55.18,53.81,54.13,1521267,10.914,11.036,10.762,10.826,7606335,0.0,1.0
2018-03-22 00:00:00+00:00,53.61,54.64,53.5,53.96,896957,10.722,10.928,10.7,10.792,4484785,0.0,1.0
2018-03-23 00:00:00+00:00,52.95,53.86,52.92,53.58,1168064,10.59,10.772,10.584,10.716,5840320,0.0,1.0
2018-03-26 00:00:00+00:00,54.58,54.6,53.45,53.86,935164,10.916,10.92,10.69,10.772,4675820,0.0,1.0
2018-03-27 00:00:00+00:00,53.33,55.34,52.97,55.12,1315077,10.666,11.068,10.594,11.024,6575385,0.0,1.0
2018-03-28 00:00:00+00:00,52.28,53.6,51.97,53.33,2012857,10.456,10.72,10.394,10.666,10064285,0.0,1.0
2018-03-29 00:00:00+00:00,53.58,53.77,52.45,52.75,1352148,10.716,10.754,10.49,10.55,6760740,0.0,1.0
2018-04-02 00:00:00+00:00,52.43,53.53,52.03,53.11,954436,10.486,10.706,10.406,10.622,4772180,0.0,1.0
2018-04-03 00:00:00+00:00,53.43,53.69,52.73,52.73,1499978,10.686,10.738,10.546,10.546,7499890,0.0,1.0
2018-04-04 00:00:00+00:00,54.31,54.48,52.24,52.42,1240083,10.862,10.896,10.448,10.484,6200415,0.0,1.0
2018-04-05 00:00:00+00:00,54.59,55.24,54.19,54.35,1007104,10.918,11.048,10.838,10.87,5035520,0.0,1.0
2018-04-06 00:00:00+00:00,54.33,54.97,54.01,54.23,1241784,10.866,10.994,10.802,10.846,6208920,0.0,1.0
2018-04-09 00:00:00+00:00,54.47,55.46,54.25,54.29,1233569,10.894,11.092,10.85,10.858,6167845,0.0,1.0
2018-04-10 00:00:00+00:00,56.23,56.53,54.7,55.17,1485892,11.246,11.306,10.94,11.034,7429460,0.0,1.0
2018-04-11 00:00:00+00:00,54.83,56.35,54.26,54.68,2301234,10.966,11.27,10.852,10.936,11506170,0.0,1.0
2018-04-12 00:00:00+00:00,56.09,56.46,55.41,55.41,1384160,11.218,11.292,11.082,11.082,6920800,0.0,1.0
2018-04-13 00:00:00+00:00,55.84,56.47,55.53,56.47,816749,11.168,11.294,11.106,11.294,4083745,0.0,1.0
2018-04-16 00:00:00+00:00,56.76,57.33,56.1,56.45,1161431,11.352,11.466,11.22,11.29,5807155,0.0,1.0
2018-04-17 00:00:00+00:00,57.67,57.79,57.0,57.2,1454786,11.534,11.558,11.4,11.44,7273930,0.0,1.0
2018-04-18 00:00:00+00:00,57.49,57.98,57.38,57.98,844380,11.498,11.596,11.476,11.596,4221900,0.0,1.0
2018-04-19 00:00:00+00:00,57.41,57.55,56.89,57.25,764506,11.482,11.51,11.378,11.45,3822530,0.0,1.0
2018-04-20 00:00:00+00:00,57.15,57.66,56.87,57.28,686201,11.43,11.532,11.374,11.456,3431005,0.0,1.0
2018-04-23 00:00:00+00:00,56.74,57.82,56.68,57.57,1554280,11.348,11.564,11.336,11.514,7771400,0.0,1.0
2018-04-24 00:00:00+00:00,56.07,57.71,55.52,57.5,1349419,11.214,11.542,11.104,11.5,6747095,0.0,1.0
2018-04-25 00:00:00+00:00,54.8,55.98,54.26,55.79,2438044,10.96,11.196,10.852,11.158,12190220,0.0,1.0
2018-04-26 00:00:00+00:00,55.42,55.97,54.98,55.17,1647075,11.084,11.194,10.996,11.034,8235375,0.0,1.0
2018-04-27 00:00:00+00:00,54.93,56.14,54.89,55.67,1500677,10.986,11.228,10.978,11.134,7503385,0.0,1.0
2018-04-30 00:00:00+00:00,55.36,56.28,54.97,55.18,1527529,11.072,11.256,10.994,11.036,7637645,0.0,1.0
2018-05-01 00:00:00+00:00,55.74,55.84,54.94,55.01,1238107,11.148,11.168,10.988,11.002,6190535,0.0,1.0
2018-05-02 00:00:00+00:00,55.94,56.44,55.64,55.92,1347397,11.188,11.288,11.128,11.184,6736985,0.0,1.0
2018-05-03 00:00:00+00:00,56.11,56.49,54.91,55.56,2799052,11.222,11.298,10.982,11.112,13995260,0.0,1.0
2018-05-04 00:00:00+00:00,54.74,56.1,53.4,55.77,3490049,10.948,11.22,10.68,11.154,17450245,0.0,1.0
2018-05-07 00:00:00+00:00,55.69,55.82,54.76,55.2,1603314,11.138,11.164,10.952,11.04,8016570,0.0,1.0
2018-05-08 00:00:00+00:00,56.94,56.97,55.29,55.38,2134346,11.388,11.394,11.058,11.076,10671730,0.0,1.0
2018-05-09 00:00:00+00:00,59.02,59.07,57.05,57.05,2541955,11.804,11.814,11.41,11.41,12709775,0.0,1.0
2018-05-10 00:00:00+00:00,60.16,60.28,58.84,58.91,1464738,12.032,12.056,11.768,11.782,7323690,0.0,1.0
2018-05-11 00:00:00+00:00,60.38,60.57,59.34,60.18,1713479,12.076,12.114,11.868,12.036,8567395,0.0,1.0
2018-05-14 00:00:00+00:00,59.55,60.81,59.16,60.38,1295836,11.91,12.162,11.832,12.076,6479180,0.0,1.0
2018-05-15 00:00:00+00:00,59.29,59.62,58.28,59.23,1280255,11.858,11.924,11.656,11.846,6401275,0.0,1.0
2018-05-16 00:00:00+00:00,58.61,59.49,58.47,59.44,1365005,11.722,11.898,11.694,11.888,6825025,0.0,1.0
2018-05-17 00:00:00+00:00,58.29,58.78,57.76,58.49,1552236,11.658,11.756,11.552,11.698,7761180,0.0,1.0
2018-05-18 00:00:00+00:00,58.52,59.02,58.21,58.32,1512028,11.704,11.804,11.642,11.664,7560140,0.0,1.0
2018-05-21 00:00:00+00:00,59.32,59.69,58.84,59.25,2164740,11.864,11.938,11.768,11.85,10823700,0.0,1.0
2018-05-22 00:00:00+00:00,58.77,59.71,58.73,59.41,1352777,11.754,11.942,11.746,11.882,6763885,0.0,1.0
2018-05-23 00:00:00+00:00,59.17,59.2,58.1,58.23,968400,11.834,11.84,11.62,11.646,4842000,0.0,1.0
2018-05-24 00:00:00+00:00,60.64,60.82,59.28,59.32,2584202,12.128,12.164,11.856,11.864,12921010,0.0,1.0
2018-05-25 00:00:00+00:00,60.37,60.64,59.93,60.47,838884,12.074,12.128,11.986,12.094,4194420,0.0,1.0
2018-05-29 00:00:00+00:00,59.93,60.95,59.81,60.2,1475178,11.986,12.19,11.962,12.04,7375890,0.0,1.0
2018-05-30 00:00:00+00:00,61.18,61.41,60.34,60.35,1312766,12.236,12.282,12.068,12.07,6563830,0.0,1.0
2018-05-31 00:00:00+00:00,61.18,62.13,61.0,61.16,2020931,12.236,12.426,12.2,12.232,10104655,0.0,1.0
2018-06-01 00:00:00+00:00,62.0,62.09,61.52,61.56,1255396,12.4,12.418,12.304,12.312,6276980,0.0,1.0
2018-06-04 00:00:00+00:00,62.47,62.65,61.56,62.48,1135769,12.494,12.53,12.312,12.496,5678845,0.0,1.0
2018-06-05 00:00:00+00:00,63.2,63.27,62.03,62.69,1464656,12.64,12.654,12.406,12.538,7323280,0.0,1.0
2018-06-06 00:00:00+00:00,63.29,63.57,62.75,63.3,1380748,12.658,12.714,12.55,12.66,6903740,0.0,1.0
2018-06-07 00:00:00+00:00,61.5,63.72,60.83,63.39,1745604,12.3,12.744,12.166,12.678,8728020,0.0,1.0
2018-06-08 00:00:00+00:00,62.53,62.67,60.86,61.5,1315050,12.506,12.534,12.172,12.3,6575250,0.0,1.0
2018-06-11 00:00:00+00:00,63.25,63.35,62.54,62.79,908735,12.65,12.67,12.508,12.558,4543675,0.0,1.0
2018-06-12 00:00:00+00:00,64.11,64.15,62.92,63.33,1263400,12.822,12.83,12.584,12.666,6317000,0.0,1.0
2018-06-13 00:00:00+00:00,64.69,65.17,64.16,64.38,1872996,12.938,13.034,12.832,12.876,9364980,0.0,1.0
2018-06-14 00:00:00+00:00,65.74,66.27,65.09,65.09,1678570,13.148,13.254,13.018,13.018,8392850,0.0,1.0
2018-06-15 00:00:00+00:00,65.28,66.0,64.79,65.9,2620459,13.056,13.2,12.958,13.18,13102295,0.0,1.0
2018-06-18 00:00:00+00:00,66.17,66.32,64.73,64.98,2435586,13.234,13.264,12.946,12.996,12177930,0.0,1.0
2018-06-19 00:00:00+00:00,64.32,64.75,62.8,63.2,2693762,12.864,12.95,12.56,12.64,13468810,0.0,1.0
2018-06-20 00:00:00+00:00,65.08,65.55,64.35,64.35,1231486,13.016,13.11,12.87,12.87,6157430,0.0,1.0
2018-06-21 00:00:00+00:00,64.74,65.46,63.98,65.03,1038257,12.948,13.092,12.796,13.006,5191285,0.0,1.0
2018-06-22 00:00:00+00:00,63.93,64.83,63.28,64.83,2304188,12.786,12.966,12.656,12.966,11520940,0.0,1.0
2018-06-25 00:00:00+00:00,62.12,63.55,61.53,63.47,2315228,12.424,12.71,12.306,12.694,11576140,0.0,1.0
2018-06-26 00:00:00+00:00,62.87,63.29,62.17,62.47,1426388,12.574,12.658,12.434,12.494,7131940,0.0,1.0
2018-06-27 00:00:00+00:00,61.8,63.59,61.72,63.23,1423267,12.36,12.718,12.344,12.646,7116335,0.0,1.0
2018-06-28 00:00:00+00:00,62.45,62.64,61.08,61.56,963698,12.49,12.528,12.216,12.312,4818490,0.0,1.0
2018-06-29 00:00:00+00:00,62.43,63.44,62.34,62.82,1869329,12.486,12.688,12.468,12.564,9346645,0.0,1.0
2018-07-02 00:00:00+00:00,63.93,63.97,61.9,62.17,939207,12.786,12.794,12.38,12.434,4696035,0.0,1.0
2018-07-03 00:00:00+00:00,63.59,64.28,63.37,64.12,599681,12.718,12.856,12.674,12.824,2998405,0.0,1.0
2018-07-05 00:00:00+00:00,64.33,64.4,63.3,64.12,1770901,12.866,12.88,12.66,12.824,8854505,0.0,1.0
2018-07-06 00:00:00+00:00,64.97,65.12,64.08,64.36,718809,12.994,13.024,12.816,12.872,3594045,0.0,1.0
2018-07-09 00:00:00+00:00,64.77,65.97,64.41,65.29,1082307,12.954,13.194,12.882,13.058,5411535,0.0,1.0
2018-07-10 00:00:00+00:00,65.41,65.84,65.01,65.11,1000345,13.082,13.168,13.002,13.022,5001725,0.0,1.0
2018-07-11 00:00:00+00:00,65.66,65.83,64.79,65.03,740286,13.132,13.166,12.958,13.006,3701430,0.0,1.0
2018-07-12 00:00:00+00:00,67.23,67.45,65.8,65.95,797868,13.446,13.49,13.16,13.19,3989340,0.0,1.0
2018-07-13 00:00:00+00:00,66.56,67.3,66.23,67.08,976113,13.312,13.46,13.246,13.416,4880565,0.0,1.0
2018-07-16 00:00:00+00:00,66.23,67.02,66.11,66.85,543892,13.246,13.404,13.222,13.37,2719460,0.0,1.0
2018-07-17 00:00:00+00:00,66.94,67.22,65.01,66.0,1203731,13.388,13.444,13.002,13.2,6018655,0.0,1.0
2018-07-18 00:00:00+00:00,66.81,67.2,66.49,67.06,1409185,13.362,13.44,13.298,13.412,7045925,0.0,1.0
2018-07-19 00:00:00+00:00,67.45,68.05,66.84,67.03,1604371,13.49,13.61,13.368,13.406,8021855,0.0,1.0
2018-07-20 00:00:00+00:00,67.98,68.35,66.36,66.36,1015260,13.596,13.67,13.272,13.272,5076300,0.0,1.0
2018-07-23 00:00:00+00:00,68.22,68.31,66.9,67.91,1165743,13.644,13.662,13.38,13.582,5828715,0.0,1.0
2018-07-24 00:00:00+00:00,66.75,68.79,66.15,68.67,1444656,13.35,13.758,13.23,13.734,7223280,0.0,1.0
2018-07-25 00:00:00+00:00,68.43,68.67,66.89,66.89,1177361,13.686,13.734,13.378,13.378,5886805,0.0,1.0
2018-07-26 00:00:00+00:00,68.57,68.83,67.37,68.11,1218103,13.714,13.766,13.474,13.622,6090515,0.0,1.0
2018-07-27 00:00:00+00:00,65.81,68.55,65.03,68.37,1268609,13.162,13.71,13.006,13.674,6343045,0.0,1.0
2018-07-30 00:00:00+00:00,62.78,65.74,62.27,65.58,2396038,12.556,13.148,12.454,13.116,11980190,0.0,1.0
2018-07-31 00:00:00+00:00,62.91,63.74,62.37,63.1,1947541,12.582,12.748,12.474,12.62,9737705,0.0,1.0
2018-08-01 00:00:00+00:00,64.6,64.87,63.09,63.23,2956574,12.92,12.974,12.618,12.646,14782870,0.0,1.0
2018-08-02 00:00:00+00:00,73.76,73.87,70.0,70.5,4123980,14.752,14.774,14.0,14.1,20619900,0.0,1.0
2018-08-03 00:00:00+00:00,73.63,75.64,73.09,73.99,2627514,14.726,15.128,14.618,14.798,13137570,0.0,1.0
2018-08-06 00:00:00+00:00,73.63,74.26,72.82,73.49,1456054,14.726,14.852,14.564,14.698,7280270,0.0,1.0
2018-08-07 00:00:00+00:00,73.06,74.42,72.98,73.6,931763,14.612,14.884,14.596,14.72,4658815,0.0,1.0
2018-08-08 00:00:00+00:00,73.05,73.34,72.15,73.03,1319478,14.61,14.668,14.43,14.606,6597390,0.0,1.0
2018-08-09 00:00:00+00:00,74.55,75.14,73.14,73.35,1722648,14.91,15.028,14.628,14.67,8613240,0.0,1.0
2018-08-10 00:00:00+00:00,75.29,75.78,73.85,74.01,1252851,15.058,15.156,14.77,14.802,6264255,0.0,1.0
2018-08-13 00:00:00+00:00,74.78,75.57,74.24,75.0,1818688,14.956,15.114,14.848,15.0,9093440,0.0,1.0
2018-08-14 00:00:00+00:00,76.35,76.455,74.2,75.29,912365,15.27,15.291,14.84,15.058,4561825,0.0,1.0
2018-08-15 00:00:00+00:00,76.22,76.95,75.19,76.27,1522219,15.244,15.39,15.038,15.254,7611095,0.0,1.0
2018-08-16 00:00:00+00:00,76.59,77.39,76.37,76.5,1144724,15.318,15.478,15.274,15.3,5723620,0.0,1.0
2018-08-17 00:00:00+00:00,76.5,76.69,75.4,76.5,948102,15.3,15.338,15.08,15.3,4740510,0.0,1.0
2018-08-20 00:00:00+00:00,76.68,77.37,76.04,76.9,1252158,15.336,15.474,15.208,15.38,6260790,0.0,1.0
2018-08-21 00:00:00+00:00,76.61,77.5,76.27,77.27,1236153,15.322,15.5,15.254,15.454,6180765,0.0,1.0
2018-08-22 00:00:00+00:00,77.72,78.01,76.49,76.49,828246,15.544,15.602,15.298,15.298,4141230,0.0,1.0
2018-08-23 00:00:00+00:00,78.75,79.09,77.5,77.5,1170642,15.75,15.818,15.5,15.5,5853210,0.0,1.0
2018-08-24 00:00:00+00:00,80.39,80.7,78.95,78.96,889915,16.078,16.14,15.79,15.792,4449575,0.0,1.0
2018-08-27 00:00:00+00:00,80.31,81.2,79.76,80.53,951341,16.062,16.24,15.952,16.106,4756705,0.0,1.0
2018-08-28 00:00:00+00:00,80.92,81.13,80.08,80.64,916761,16.184,16.226,16.016,16.128,4583805,0.0,1.0
2018-08-29 00:00:00+00:00,82.51,83.06,81.35,81.58,1225393,16.502,16.612,16.27,16.316,6126965,0.0,1.0
2018-08-30 00:00:00+00:00,83.05,83.63,82.1,82.45,1124604,16.61,16.726,16.42,16.49,5623020,0.0,1.0
2018-08-31 00:00:00+00:00,83.76,84.12,82.87,82.87,1732168,16.752,16.824,16.574,16.574,8660840,0.0,1.0
2018-09-04 00:00:00+00:00,86.08,86.16,83.81,85.1,1966485,17.216,17.232,16.762,17.02,9832425,0.0,1.0
2018-09-05 00:00:00+00:00,83.52,86.56,81.56,86.28,2092382,16.704,17.312,16.312,17.256,10461910,0.0,1.0
2018-09-06 00:00:00+00:00,85.0,85.77,83.52,83.79,1763500,17.0,17.154,16.704,16.758,8817500,0.0,1.0
2018-09-07 00:00:00+00:00,85.52,86.79,83.76,84.44,1071905,17.104,17.358,16.752,16.888,5359525,0.0,1.0
2018-09-10 00:00:00+00:00,87.85,87.99,85.58,86.13,1554356,17.57,17.598,17.116,17.226,7771780,0.0,1.0
2018-09-11 00:00:00+00:00,87.23,88.84,87.0,87.51,2143239,17.446,17.768,17.4,17.502,10716195,0.0,1.0
2018-09-12 00:00:00+00:00,88.73,88.97,86.35,87.34,1646534,17.746,17.794,17.27,17.468,8232670,0.0,1.0
2018-09-13 00:00:00+00:00,89.93,90.5,88.48,89.23,1754961,17.986,18.1,17.696,17.846,8774805,0.0,1.0
2018-09-14 00:00:00+00:00,90.35,91.27,90.01,90.01,1529457,18.07,18.254,18.002,18.002,7647285,0.0,1.0
2018-09-17 00:00:00+00:00,88.17,90.73,87.62,90.31,1418859,17.634,18.146,17.524,18.062,7094295,0.0,1.0
2018-09-18 00:00:00+00:00,88.43,89.44,85.28,86.59,1829607,17.686,17.888,17.056,17.318,9148035,0.0,1.0
2018-09-19 00:00:00+00:00,85.83,88.94,84.57,88.65,2604038,17.166,17.788,16.914,17.73,13020190,0.0,1.0
2018-09-20 00:00:00+00:00,85.71,86.44,82.77,84.0,2715543,17.142,17.288,16.554,16.8,13577715,0.0,1.0
2018-09-21 00:00:00+00:00,85.48,87.16,85.21,85.9,3201360,17.096,17.432,17.042,17.18,16006800,0.0,1.0
2018-09-24 00:00:00+00:00,87.25,87.71,84.16,85.48,2097970,17.45,17.542,16.832,17.096,10489850,0.0,1.0
2018-09-25 00:00:00+00:00,89.51,89.86,88.0,88.25,2332903,17.902,17.972,17.6,17.65,11664515,0.0,1.0
2018-09-26 00:00:00+00:00,89.55,90.48,88.73,90.0,1872498,17.91,18.096,17.746,18.0,9362490,0.0,1.0
2018-09-27 00:00:00+00:00,91.76,92.25,90.07,90.07,2314174,18.352,18.45,18.014,18.014,11570870,0.0,1.0
2018-09-28 00:00:00+00:00,92.27,92.38,89.77,91.2,2269033,18.454,18.476,17.954,18.24,11345165,0.0,1.0
2018-10-01 00:00:00+00:00,92.29,94.37,91.8,93.0,1859843,18.458,18.874,18.36,18.6,9299215,0.0,1.0
2018-10-02 00:00:00+00:00,91.18,92.47,90.08,92.35,2070894,18.236,18.494,18.016,18.47,10354470,0.0,1.0
2018-10-03 00:00:00+00:00,91.5,92.65,91.01,91.54,1637746,18.3,18.53,18.202,18.308,8188730,0.0,1.0
2018-10-04 00:00:00+00:00,89.29,91.7,88.5,91.45,1733240,17.858,18.34,17.7,18.29,8666200,0.0,1.0
2018-10-05 00:00:00+00:00,86.1,88.13,84.59,87.69,3950135,17.22,17.626,16.918,17.538,19750675,0.0,1.0
2018-10-08 00:00:00+00:00,83.7,86.92,81.83,86.2,3797313,16.74,17.384,16.366,17.24,18986565,0.0,1.0
2018-10-09 00:00:00+00:00,82.56,84.59,82.01,83.05,3196196,16.512,16.918,16.402,16.61,15980980,0.0,1.0
2018-10-10 00:00:00+00:00,79.57,83.43,78.4,83.11,33370602,15.914,16.686,15.68,16.622,166853010,0.0,1.0
2018-10-11 00:00:00+00:00,77.12,79.78,76.74,78.83,4072740,15.424,15.956,15.348,15.766,20363700,0.0,1.0
2018-10-12 00:00:00+00:00,79.95,80.98,78.55,79.64,3729143,15.99,16.196,15.71,15.928,18645715,0.0,1.0
2018-10-15 00:00:00+00:00,80.15,81.29,78.56,80.3,2581030,16.03,16.258,15.712,16.06,12905150,0.0,1.0
2018-10-16 00:00:00+00:00,82.71,82.99,80.67,81.45,2237727,16.542,16.598,16.134,16.29,11188635,0.0,1.0
2018-10-17 00:00:00+00:00,81.66,83.74,81.05,83.01,2707805,16.332,16.748,16.21,16.602,13539025,0.0,1.0
2018-10-18 00:00:00+00:00,81.71,82.51,80.7,80.95,2829082,16.342,16.502,16.14,16.19,14145410,0.0,1.0
2018-10-19 00:00:00+00:00,81.2,83.96,81.14,82.61,2278720,16.24,16.792,16.228,16.522,11393600,0.0,1.0
2018-10-22 00:00:00+00:00,82.94,83.47,80.84,81.5,2115114,16.588,16.694,16.168,16.3,10575570,0.0,1.0
2018-10-23 00:00:00+00:00,83.4,83.75,80.34,80.8,2095341,16.68,16.75,16.068,16.16,10476705,0.0,1.0
2018-10-24 00:00:00+00:00,79.1,83.95,78.89,83.05,1787400,15.82,16.79,15.778,16.61,8937000,0.0,1.0
2018-10-25 00:00:00+00:00,81.1,81.81,79.23,79.89,1806876,16.22,16.362,15.846,15.978,9034380,0.0,1.0
2018-10-26 00:00:00+00:00,78.19,79.93,77.16,78.85,1813944,15.638,15.986,15.432,15.77,9069720,0.0,1.0
2018-10-29 00:00:00+00:00,77.54,80.99,76.02,80.27,2093133,15.508,16.198,15.204,16.054,10465665,0.0,1.0
2018-10-30 00:00:00+00:00,78.95,79.46,76.89,77.28,1983469,15.79,15.892,15.378,15.456,9917345,0.0,1.0
2018-10-31 00:00:00+00:00,82.18,82.84,80.77,81.06,2119149,16.436,16.568,16.154,16.212,10595745,0.0,1.0
2018-11-01 00:00:00+00:00,83.69,84.0,79.68,82.2,2360628,16.738,16.8,15.936,16.44,11803140,0.0,1.0
2018-11-02 00:00:00+00:00,72.56,81.72,71.54,81.68,5926495,14.512,16.344,14.308,16.336,29632475,0.0,1.0
2018-11-05 00:00:00+00:00,74.87,75.22,71.69,73.01,2900249,14.974,15.044,14.338,14.602,14501245,0.0,1.0
2018-11-06 00:00:00+00:00,74.75,75.64,73.52,74.57,1929005,14.95,15.128,14.704,14.914,9645025,0.0,1.0
2018-11-07 00:00:00+00:00,77.86,78.68,75.62,75.91,2935203,15.572,15.736,15.124,15.182,14676015,0.0,1.0
2018-11-08 00:00:00+00:00,77.91,79.49,77.28,78.06,2292101,15.582,15.898,15.456,15.612,11460505,0.0,1.0
2018-11-09 00:00:00+00:00,74.73,77.22,73.96,76.89,2234878,14.946,15.444,14.792,15.378,11174390,0.0,1.0
2018-11-12 00:00:00+00:00,73.74,75.36,72.65,74.39,1715291,14.748,15.072,14.53,14.878,8576455,0.0,1.0
2018-11-13 00:00:00+00:00,73.48,75.04,72.8,73.82,1355448,14.696,15.008,14.56,14.764,6777240,0.0,1.0
2018-11-14 00:00:00+00:00,73.34,75.43,73.02,74.7,1874991,14.668,15.086,14.604,14.94,9374955,0.0,1.0
2018-11-15 00:00:00+00:00,72.75,73.15,71.6,72.51,1735086,14.55,14.63,14.32,14.502,8675430,0.0,1.0
2018-11-16 00:00:00+00:00,73.45,73.66,71.53,72.38,2219843,14.69,14.732,14.306,14.476,11099215,0.0,1.0
2018-11-19 00:00:00+00:00,67.78,73.35,67.53,73.13,2884051,13.556,14.67,13.506,14.626,14420255,0.0,1.0
2018-11-20 00:00:00+00:00,67.04,68.59,64.65,65.77,3384808,13.408,13.718,12.93,13.154,16924040,0.0,1.0
2018-11-21 00:00:00+00:00,68.54,69.28,67.54,67.64,3579274,13.708,13.856,13.508,13.528,17896370,0.0,1.0
2018-11-23 00:00:00+00:00,67.96,69.02,67.64,67.64,852734,13.592,13.804,13.528,13.528,4263670,0.0,1.0
2018-11-26 00:00:00+00:00,70.84,71.07,68.63,69.21,1816078,14.168,14.214,13.726,13.842,9080390,0.0,1.0
2018-11-27 00:00:00+00:00,70.7,71.2,69.86,70.59,1857324,14.14,14.24,13.972,14.118,9286620,0.0,1.0
2018-11-28 00:00:00+00:00,73.52,73.79,71.25,71.25,1622497,14.704,14.758,14.25,14.25,8112485,0.0,1.0
2018-11-29 00:00:00+00:00,73.9,74.4,72.14,73.07,1483339,14.78,14.88,14.428,14.614,7416695,0.0,1.0
2018-11-30 00:00:00+00:00,73.84,75.07,72.66,73.95,3121551,14.768,15.014,14.532,14.79,15607755,0.0,1.0
2018-12-03 00:00:00+00:00,75.11,77.18,74.36,76.23,2262271,15.022,15.436,14.872,15.246,11311355,0.0,1.0
2018-12-04 00:00:00+00:00,73.38,76.39,72.44,75.48,2287423,14.676,15.278,14.488,15.096,11437115,0.0,1.0
2018-12-06 00:00:00+00:00,75.44,75.47,70.34,71.62,2274026,15.088,15.094,14.068,14.324,11370130,0.0,1.0
2018-12-07 00:00:00+00:00,71.61,75.5,71.19,74.81,1843258,14.322,15.1,14.238,14.962,9216290,0.0,1.0
2018-12-10 00:00:00+00:00,74.7,74.95,72.04,72.04,1441326,14.94,14.99,14.408,14.408,7206630,0.0,1.0
2018-12-11 00:00:00+00:00,74.44,76.28,74.0,75.97,3499438,14.888,15.256,14.8,15.194,17497190,0.0,1.0
2018-12-12 00:00:00+00:00,75.19,76.35,74.63,76.0,1439655,15.038,15.27,14.926,15.2,7198275,0.0,1.0
2018-12-13 00:00:00+00:00,74.51,76.35,73.63,75.94,1140956,14.902,15.27,14.726,15.188,5704780,0.0,1.0
2018-12-14 00:00:00+00:00,72.91,74.53,72.13,73.04,2238413,14.582,14.906,14.426,14.608,11192065,0.0,1.0
2018-12-17 00:00:00+00:00,68.24,72.5,67.855,72.34,2946568,13.648,14.5,13.571,14.468,14732840,0.0,1.0
2018-12-18 00:00:00+00:00,70.07,71.42,68.65,68.65,3158338,14.014,14.284,13.73,13.73,15791690,0.0,1.0
2018-12-19 00:00:00+00:00,70.02,72.46,69.46,70.72,2422557,14.004,14.492,13.892,14.144,12112785,0.0,1.0
2018-12-20 00:00:00+00:00,69.87,70.72,67.16,69.4,3487036,13.974,14.144,13.432,13.88,17435180,0.0,1.0
2018-12-21 00:00:00+00:00,65.84,70.82,65.1,70.21,4143242,13.168,14.164,13.02,14.042,20716210,0.0,1.0
2018-12-24 00:00:00+00:00,65.51,67.0,64.41,65.0,1094326,13.102,13.4,12.882,13.0,5471630,0.0,1.0
2018-12-26 00:00:00+00:00,68.57,68.66,65.96,66.03,2792778,13.714,13.732,13.192,13.206,13963890,0.0,1.0
2018-12-27 00:00:00+00:00,70.39,70.41,67.07,67.66,1605976,14.078,14.082,13.414,13.532,8029880,0.0,1.0
2018-12-28 00:00:00+00:00,70.34,71.66,69.15,70.75,1081695,14.068,14.332,13.83,14.15,5408475,0.0,1.0
2018-12-31 00:00:00+00:00,70.43,71.56,69.97,71.07,1109149,14.086,14.312,13.994,14.214,5545745,0.0,1.0
2019-01-02 00:00:00+00:00,69.68,70.68,68.04,68.58,1549979,13.936,14.136,13.608,13.716,7749895,0.0,1.0
2019-01-03 00:00:00+00:00,67.57,69.33,66.96,68.8,2058514,13.514,13.866,13.392,13.76,10292570,0.0,1.0
2019-01-04 00:00:00+00:00,66.91,67.88,65.06,65.79,4211912,13.382,13.576,13.012,13.158,21059560,0.0,1.0
2019-01-07 00:00:00+00:00,70.09,70.51,66.82,66.82,4210274,14.018,14.102,13.364,13.364,21051370,0.0,1.0
2019-01-08 00:00:00+00:00,71.55,71.86,70.31,70.79,2409092,14.31,14.372,14.062,14.158,12045460,0.0,1.0
2019-01-09 00:00:00+00:00,73.08,73.47,71.7,72.0,1737706,14.616,14.694,14.34,14.4,8688530,0.0,1.0
2019-01-10 00:00:00+00:00,73.21,73.27,70.19,72.26,1516340,14.642,14.654,14.038,14.452,7581700,0.0,1.0
2019-01-11 00:00:00+00:00,73.27,73.38,72.25,72.99,1299469,14.654,14.676,14.45,14.598,6497345,0.0,1.0
2019-01-14 00:00:00+00:00,72.26,72.84,71.9,72.62,1162367,14.452,14.568,14.38,14.524,5811835,0.0,1.0
2019-01-15 00:00:00+00:00,74.63,75.29,72.54,72.54,1958515,14.926,15.058,14.508,14.508,9792575,0.0,1.0
2019-01-16 00:00:00+00:00,72.34,75.0,71.72,74.6,1427746,14.468,15.0,14.344,14.92,7138730,0.0,1.0
2019-01-17 00:00:00+00:00,72.65,73.32,71.61,71.94,1084470,14.53,14.664,14.322,14.388,5422350,0.0,1.0
2019-01-18 00:00:00+00:00,70.5,72.5,69.86,72.36,3630884,14.1,14.5,13.972,14.472,18154420,0.0,1.0
2019-01-22 00:00:00+00:00,69.85,70.5,68.15,69.0,3558934,13.97,14.1,13.63,13.8,17794670,0.0,1.0
2019-01-23 00:00:00+00:00,71.48,72.68,69.22,70.29,2994563,14.296,14.536,13.844,14.058,14972815,0.0,1.0
2019-01-24 00:00:00+00:00,72.52,73.02,71.47,71.56,1565477,14.504,14.604,14.294,14.312,7827385,0.0,1.0
2019-01-25 00:00:00+00:00,73.59,73.93,73.0,73.14,1456921,14.718,14.786,14.6,14.628,7284605,0.0,1.0
2019-01-28 00:00:00+00:00,73.72,74.16,72.27,73.03,1242803,14.744,14.832,14.454,14.606,6214015,0.0,1.0
2019-01-29 00:00:00+00:00,73.21,74.5,72.78,73.95,1490466,14.642,14.9,14.556,14.79,7452330,0.0,1.0
2019-01-30 00:00:00+00:00,75.16,75.2,73.29,73.92,1760418,15.032,15.04,14.658,14.784,8802090,0.0,1.0
2019-01-31 00:00:00+00:00,76.57,77.57,75.25,75.25,2270120,15.314,15.514,15.05,15.05,11350600,0.0,1.0
2019-02-01 00:00:00+00:00,78.9,79.26,76.69,76.69,2489525,15.78,15.852,15.338,15.338,12447625,0.0,1.0
2019-02-04 00:00:00+00:00,80.14,80.56,78.96,79.53,2764393,16.028,16.112,15.792,15.906,13821965,0.0,1.0
2019-02-05 00:00:00+00:00,81.97,82.26,80.14,80.25,2774498,16.394,16.452,16.028,16.05,13872490,0.0,1.0
2019-02-06 00:00:00+00:00,81.22,82.3,80.04,82.0,2788665,16.244,16.46,16.008,16.4,13943325,0.0,1.0
2019-02-07 00:00:00+00:00,79.36,81.08,76.36,81.0,4959748,15.872,16.216,15.272,16.2,24798740,0.0,1.0
2019-02-08 00:00:00+00:00,81.02,81.64,78.4,78.64,2335781,16.204,16.328,15.68,15.728,11678905,0.0,1.0
2019-02-11 00:00:00+00:00,81.69,82.24,80.82,81.38,1786075,16.338,16.448,16.164,16.276,8930375,0.0,1.0
2019-02-12 00:00:00+00:00,83.13,83.29,81.98,82.17,2101529,16.626,16.658,16.396,16.434,10507645,0.0,1.0
2019-02-13 00:00:00+00:00,82.42,83.72,82.12,83.37,1280848,16.484,16.744,16.424,16.674,6404240,0.0,1.0
2019-02-14 00:00:00+00:00,83.19,83.63,81.94,82.1,1144669,16.638,16.726,16.388,16.42,5723345,0.0,1.0
2019-02-15 00:00:00+00:00,83.11,83.5,82.58,83.35,1397522,16.622,16.7,16.516,16.67,6987610,0.0,1.0
2019-02-19 00:00:00+00:00,83.93,84.26,82.98,83.02,1439336,16.786,16.852,16.596,16.604,7196680,0.0,1.0
2019-02-20 00:00:00+00:00,83.87,84.25,82.94,84.13,1271361,16.774,16.85,16.588,16.826,6356805,0.0,1.0
2019-02-21 00:00:00+00:00,84.49,84.8,83.15,83.69,1469235,16.898,16.96,16.63,16.738,7346175,0.0,1.0
2019-02-22 00:00:00+00:00,86.79,86.83,84.73,84.98,1681365,17.358,17.366,16.946,16.996,8406825,0.0,1.0
2019-02-25 00:00:00+00:00,87.06,88.6,86.85,87.46,1554901,17.412,17.72,17.37,17.492,7774505,0.0,1.0
2019-02-26 00:00:00+00:00,86.98,87.3,86.08,86.76,1159094,17.396,17.46,17.216,17.352,5795470,0.0,1.0
2019-02-27 00:00:00+00:00,87.9,88.39,87.12,87.48,1205601,17.58,17.678,17.424,17.496,6028005,0.0,1.0
2019-02-28 00:00:00+00:00,86.79,88.54,86.67,87.83,2066628,17.358,17.708,17.334,17.566,10333140,0.0,1.0
2019-03-01 00:00:00+00:00,86.93,87.9,85.67,87.41,1467559,17.386,17.58,17.134,17.482,7337795,0.0,1.0
2019-03-04 00:00:00+00:00,83.82,87.37,82.36,87.2,1843714,16.764,17.474,16.472,17.44,9218570,0.0,1.0
2019-03-05 00:00:00+00:00,83.62,84.27,83.2,83.51,1203110,16.724,16.854,16.64,16.702,6015550,0.0,1.0
2019-03-06 00:00:00+00:00,82.9,84.27,82.51,83.73,1226254,16.58,16.854,16.502,16.746,6131270,0.0,1.0
2019-03-07 00:00:00+00:00,82.48,83.91,82.39,82.91,2002197,16.496,16.782,16.478,16.582,10010985,0.0,1.0
2019-03-08 00:00:00+00:00,80.67,81.68,79.66,81.64,1847994,16.134,16.336,15.932,16.328,9239970,0.0,1.0
2019-03-11 00:00:00+00:00,82.56,82.63,81.15,81.31,1428950,16.512,16.526,16.23,16.262,7144750,0.0,1.0
2019-03-12 00:00:00+00:00,82.4,83.0,81.63,82.65,1285055,16.48,16.6,16.326,16.53,6425275,0.0,1.0
2019-03-13 00:00:00+00:00,83.66,84.44,82.66,82.66,1426800,16.732,16.888,16.532,16.532,7134000,0.0,1.0
2019-03-14 00:00:00+00:00,84.38,84.66,83.5,83.62,1017512,16.876,16.932,16.7,16.724,5087560,0.0,1.0
2019-03-15 00:00:00+00:00,83.26,84.67,83.23,84.48,3790142,16.652,16.934,16.646,16.896,18950710,0.0,1.0
2019-03-18 00:00:00+00:00,84.51,84.56,82.98,83.41,1670203,16.902,16.912,16.596,16.682,8351015,0.0,1.0
2019-03-19 00:00:00+00:00,85.32,85.4,83.67,84.95,1803747,17.064,17.08,16.734,16.99,9018735,0.0,1.0
2019-03-20 00:00:00+00:00,85.6,86.95,84.51,85.99,1388198,17.12,17.39,16.902,17.198,6940990,0.0,1.0
2019-03-21 00:00:00+00:00,88.3,88.34,85.46,85.53,1520283,17.66,17.668,17.092,17.106,7601415,0.0,1.0
2019-03-22 00:00:00+00:00,85.19,88.18,85.12,88.0,1321003,17.038,17.636,17.024,17.6,6605015,0.0,1.0
2019-03-25 00:00:00+00:00,85.02,85.58,83.51,84.58,864957,17.004,17.116,16.702,16.916,4324785,0.0,1.0
2019-03-26 00:00:00+00:00,84.84,86.36,84.53,85.89,980479,16.968,17.272,16.906,17.178,4902395,0.0,1.0
2019-03-27 00:00:00+00:00,81.83,84.89,80.83,84.77,1980942,16.366,16.978,16.166,16.954,9904710,0.0,1.0
2019-03-28 00:00:00+00:00,82.35,82.96,81.63,82.17,917136,16.47,16.592,16.326,16.434,4585680,0.0,1.0
2019-03-29 00:00:00+00:00,83.97,84.03,82.26,82.92,1339473,16.794,16.806,16.452,16.584,6697365,0.0,1.0
2019-04-01 00:00:00+00:00,85.22,85.93,83.27,84.59,1221412,17.044,17.186,16.654,16.918,6107060,0.0,1.0
2019-04-02 00:00:00+00:00,85.63,85.9,84.27,85.38,1924294,17.126,17.18,16.854,17.076,9621470,0.0,1.0
2019-04-03 00:00:00+00:00,87.49,87.94,86.08,86.11,1633031,17.498,17.588,17.216,17.222,8165155,0.0,1.0
2019-04-04 00:00:00+00:00,83.5,87.85,82.44,87.81,3227350,16.7,17.57,16.488,17.562,16136750,0.0,1.0
2019-04-05 00:00:00+00:00,84.11,85.05,83.47,83.93,1138605,16.822,17.01,16.694,16.786,5693025,0.0,1.0
2019-04-08 00:00:00+00:00,86.08,86.85,83.31,84.09,1622208,17.216,17.37,16.662,16.818,8111040,0.0,1.0
2019-04-09 00:00:00+00:00,87.31,87.44,85.34,85.47,1800585,17.462,17.488,17.068,17.094,9002925,0.0,1.0
2019-04-10 00:00:00+00:00,89.62,89.97,87.38,87.6,2780144,17.924,17.994,17.476,17.52,13900720,0.0,1.0
2019-04-11 00:00:00+00:00,89.68,90.87,89.02,90.0,2030268,17.936,18.174,17.804,18.0,10151340,0.0,1.0
2019-04-12 00:00:00+00:00,92.71,92.91,90.02,90.3,2505316,18.542,18.582,18.004,18.06,12526580,0.0,1.0
2019-04-15 00:00:00+00:00,95.22,95.59,92.8,92.85,2523204,19.044,19.118,18.56,18.57,12616020,0.0,1.0
2019-04-16 00:00:00+00:00,94.05,96.96,93.44,95.95,2184730,18.81,19.392,18.688,19.19,10923650,0.0,1.0
2019-04-17 00:00:00+00:00,92.37,94.96,91.56,94.37,1777578,18.474,18.992,18.312,18.874,8887890,0.0,1.0
2019-04-18 00:00:00+00:00,91.08,91.12,88.21,89.86,2208852,18.216,18.224,17.642,17.972,11044260,0.0,1.0
2019-04-22 00:00:00+00:00,91.57,91.94,90.61,90.84,1244607,18.314,18.388,18.122,18.168,6223035,0.0,1.0
2019-04-23 00:00:00+00:00,91.99,92.13,90.28,91.8,1793217,18.398,18.426,18.056,18.36,8966085,0.0,1.0
2019-04-24 00:00:00+00:00,92.26,93.21,92.04,92.45,1384953,18.452,18.642,18.408,18.49,6924765,0.0,1.0
2019-04-25 00:00:00+00:00,92.9,93.38,91.35,92.82,1411160,18.58,18.676,18.27,18.564,7055800,0.0,1.0
2019-04-26 00:00:00+00:00,93.02,93.39,91.4,93.0,1191487,18.604,18.678,18.28,18.6,5957435,0.0,1.0
2019-04-29 00:00:00+00:00,93.03,94.19,92.75,93.5,1314719,18.606,18.838,18.55,18.7,6573595,0.0,1.0
2019-04-30 00:00:00+00:00,93.42,93.76,92.6,93.02,1266154,18.684,18.752,18.52,18.604,6330770,0.0,1.0
2019-05-01 00:00:00+00:00,91.89,93.64,91.79,93.64,1517909,18.378,18.728,18.358,18.728,7589545,0.0,1.0
2019-05-02 00:00:00+00:00,91.51,92.62,90.49,91.82,2159409,18.302,18.524,18.098,18.364,10797045,0.0,1.0
2019-05-03 00:00:00+00:00,85.96,86.68,82.8,86.05,4383233,17.192,17.336,16.56,17.21,21916165,0.0,1.0
2019-05-06 00:00:00+00:00,85.01,85.2,82.85,83.65,2356183,17.002,17.04,16.57,16.73,11780915,0.0,1.0
2019-05-07 00:00:00+00:00,81.78,84.15,80.73,84.0,3097005,16.356,16.83,16.146,16.8,15485025,0.0,1.0
2019-05-08 00:00:00+00:00,81.65,82.22,80.89,81.59,1492165,16.33,16.444,16.178,16.318,7460825,0.0,1.0
2019-05-09 00:00:00+00:00,81.81,82.26,79.75,80.25,1448817,16.362,16.452,15.95,16.05,7244085,0.0,1.0
2019-05-10 00:00:00+00:00,82.9,83.22,80.34,81.26,1738500,16.58,16.644,16.068,16.252,8692500,0.0,1.0
2019-05-13 00:00:00+00:00,79.49,81.76,79.42,80.75,1921873,15.898,16.352,15.884,16.15,9609365,0.0,1.0
2019-05-14 00:00:00+00:00,81.2,81.66,80.0,80.02,1388454,16.24,16.332,16.0,16.004,6942270,0.0,1.0
2019-05-15 00:00:00+00:00,81.05,82.25,80.5,80.77,1113932,16.21,16.45,16.1,16.154,5569660,0.0,1.0
2019-05-16 00:00:00+00:00,83.24,83.58,81.11,81.11,1271121,16.648,16.716,16.222,16.222,6355605,0.0,1.0
2019-05-17 00:00:00+00:00,82.62,84.07,81.78,82.36,1273911,16.524,16.814,16.356,16.472,6369555,0.0,1.0
2019-05-20 00:00:00+00:00,81.35,82.06,80.69,81.62,882556,16.27,16.412,16.138,16.324,4412780,0.0,1.0
2019-05-21 00:00:00+00:00,82.56,82.97,81.95,82.44,915345,16.512,16.594,16.39,16.488,4576725,0.0,1.0
2019-05-22 00:00:00+00:00,81.96,82.62,81.53,81.97,737925,16.392,16.524,16.306,16.394,3689625,0.0,1.0
2019-05-23 00:00:00+00:00,77.49,80.72,76.72,80.65,2720591,15.498,16.144,15.344,16.13,13602955,0.0,1.0
2019-05-24 00:00:00+00:00,77.74,78.9,77.26,78.2,1522663,15.548,15.78,15.452,15.64,7613315,0.0,1.0
2019-05-28 00:00:00+00:00,77.24,79.3,77.04,77.87,1760339,15.448,15.86,15.408,15.574,8801695,0.0,1.0
2019-05-29 00:00:00+00:00,75.82,77.38,75.05,76.61,1729699,15.164,15.476,15.01,15.322,8648495,0.0,1.0
2019-05-30 00:00:00+00:00,76.05,76.43,75.11,75.8,1418588,15.21,15.286,15.022,15.16,7092940,0.0,1.0
2019-05-31 00:00:00+00:00,72.48,75.25,72.24,75.0,2543910,14.496,15.05,14.448,15.0,12719550,0.0,1.0
2019-06-03 00:00:00+00:00,69.65,72.85,68.87,72.32,2633485,13.93,14.57,13.774,14.464,13167425,0.0,1.0
2019-06-04 00:00:00+00:00,72.47,72.5,70.385,70.71,1695435,14.494,14.5,14.077,14.142,8477175,0.0,1.0
2019-06-05 00:00:00+00:00,73.15,73.75,71.6,73.48,1356042,14.63,14.75,14.32,14.696,6780210,0.0,1.0
2019-06-06 00:00:00+00:00,73.59,73.91,72.43,73.47,1192727,14.718,14.782,14.486,14.694,5963635,0.0,1.0
2019-06-07 00:00:00+00:00,73.82,74.61,73.49,73.75,1192999,14.764,14.922,14.698,14.75,5964995,0.0,1.0
2019-06-10 00:00:00+00:00,74.68,75.64,74.35,74.41,1348834,14.936,15.128,14.87,14.882,6744170,0.0,1.0
2019-06-11 00:00:00+00:00,75.98,76.16,74.7,75.18,2122155,15.196,15.232,14.94,15.036,10610775,0.0,1.0
2019-06-12 00:00:00+00:00,76.99,77.07,75.22,75.52,1407374,15.398,15.414,15.044,15.104,7036870,0.0,1.0
2019-06-13 00:00:00+00:00,76.61,77.32,76.11,77.25,1233576,15.322,15.464,15.222,15.45,6167880,0.0,1.0
2019-06-14 00:00:00+00:00,75.71,77.13,75.69,76.53,1221455,15.142,15.426,15.138,15.306,6107275,0.0,1.0
2019-06-17 00:00:00+00:00,74.53,76.69,74.44,75.54,1145924,14.906,15.338,14.888,15.108,5729620,0.0,1.0
2019-06-18 00:00:00+00:00,74.95,75.77,74.65,75.74,1168092,14.99,15.154,14.93,15.148,5840460,0.0,1.0
2019-06-19 00:00:00+00:00,76.96,77.13,74.5,75.32,1168198,15.392,15.426,14.9,15.064,5840990,0.0,1.0
2019-06-20 00:00:00+00:00,76.94,79.315,76.4,77.87,1589351,15.388,15.863,15.28,15.574,7946755,0.0,1.0
2019-06-21 00:00:00+00:00,76.13,77.39,74.98,76.93,2731056,15.226,15.478,14.996,15.386,13655280,0.0,1.0
2019-06-24 00:00:00+00:00,75.84,79.19,75.69,79.04,1685504,15.168,15.838,15.138,15.808,8427520,0.0,1.0
2019-06-25 00:00:00+00:00,74.87,76.48,74.67,76.1,1525325,14.974,15.296,14.934,15.22,7626625,0.0,1.0
2019-06-26 00:00:00+00:00,75.25,76.28,74.82,75.18,1411640,15.05,15.256,14.964,15.036,7058200,0.0,1.0
2019-06-27 00:00:00+00:00,76.75,77.11,74.87,75.79,926928,15.35,15.422,14.974,15.158,4634640,0.0,1.0
2019-06-28 00:00:00+00:00,76.83,77.62,76.01,77.09,2056411,15.366,15.524,15.202,15.418,10282055,0.0,1.0
2019-07-01 00:00:00+00:00,77.19,78.63,76.88,78.11,1264120,15.438,15.726,15.376,15.622,6320600,0.0,1.0
2019-07-02 00:00:00+00:00,78.11,78.45,77.2,77.44,1169020,15.622,15.69,15.44,15.488,5845100,0.0,1.0
2019-07-03 00:00:00+00:00,78.84,79.45,78.04,78.48,1089114,15.768,15.89,15.608,15.696,5445570,0.0,1.0
2019-07-05 00:00:00+00:00,78.89,78.94,77.19,78.39,635192,15.778,15.788,15.438,15.678,3175960,0.0,1.0
2019-07-08 00:00:00+00:00,78.55,79.48,77.87,77.97,950740,15.71,15.896,15.574,15.594,4753700,0.0,1.0
2019-07-09 00:00:00+00:00,80.55,80.7,78.01,78.45,1718404,16.11,16.14,15.602,15.69,8592020,0.0,1.0
2019-07-10 00:00:00+00:00,81.05,81.46,80.41,80.98,1710235,16.21,16.292,16.082,16.196,8551175,0.0,1.0
2019-07-11 00:00:00+00:00,84.06,84.2,81.18,81.59,2341756,16.812,16.84,16.236,16.318,11708780,0.0,1.0
2019-07-12 00:00:00+00:00,84.71,84.76,83.03,84.3,1751213,16.942,16.952,16.606,16.86,8756065,0.0,1.0
2019-07-15 00:00:00+00:00,85.02,85.23,83.64,84.94,1819686,17.004,17.046,16.728,16.988,9098430,0.0,1.0
2019-07-16 00:00:00+00:00,84.77,85.64,83.95,85.02,1215480,16.954,17.128,16.79,17.004,6077400,0.0,1.0
2019-07-17 00:00:00+00:00,86.55,86.83,84.46,84.68,1292444,17.31,17.366,16.892,16.936,6462220,0.0,1.0
2019-07-18 00:00:00+00:00,86.45,86.73,85.39,86.02,1266468,17.29,17.346,17.078,17.204,6332340,0.0,1.0
2019-07-19 00:00:00+00:00,87.36,88.65,86.97,87.06,1768738,17.472,17.73,17.394,17.412,8843690,0.0,1.0
2019-07-22 00:00:00+00:00,87.55,88.15,86.87,87.56,868571,17.51,17.63,17.374,17.512,4342855,0.0,1.0
2019-07-23 00:00:00+00:00,87.61,88.32,86.32,88.29,1024151,17.522,17.664,17.264,17.658,5120755,0.0,1.0
2019-07-24 00:00:00+00:00,86.58,87.24,86.16,87.14,1607136,17.316,17.448,17.232,17.428,8035680,0.0,1.0
2019-07-25 00:00:00+00:00,85.34,86.66,85.09,86.04,1012406,17.068,17.332,17.018,17.208,5062030,0.0,1.0
2019-07-26 00:00:00+00:00,85.36,86.19,85.26,85.82,1033884,17.072,17.238,17.052,17.164,5169420,0.0,1.0
2019-07-29 00:00:00+00:00,82.96,85.34,81.21,85.34,1924656,16.592,17.068,16.242,17.068,9623280,0.0,1.0
2019-07-30 00:00:00+00:00,82.44,83.36,82.1,82.13,1151260,16.488,16.672,16.42,16.426,5756300,0.0,1.0
2019-07-31 00:00:00+00:00,80.31,82.55,79.38,82.43,1758193,16.062,16.51,15.876,16.486,8790965,0.0,1.0
2019-08-01 00:00:00+00:00,79.02,81.41,78.85,80.44,1826198,15.804,16.282,15.77,16.088,9130990,0.0,1.0
2019-08-02 00:00:00+00:00,86.05,92.79,85.89,88.0,5660134,17.21,18.558,17.178,17.6,28300670,0.0,1.0
2019-08-05 00:00:00+00:00,80.86,83.38,78.83,83.37,2952639,16.172,16.676,15.766,16.674,14763195,0.0,1.0
2019-08-06 00:00:00+00:00,82.06,82.49,80.54,81.46,1976181,16.412,16.498,16.108,16.292,9880905,0.0,1.0
2019-08-07 00:00:00+00:00,81.46,81.81,79.05,80.49,1990355,16.292,16.362,15.81,16.098,9951775,0.0,1.0
2019-08-08 00:00:00+00:00,84.37,84.66,82.1,82.1,1701984,16.874,16.932,16.42,16.42,8509920,0.0,1.0
2019-08-09 00:00:00+00:00,83.53,85.3,83.08,84.25,1549935,16.706,17.06,16.616,16.85,7749675,0.0,1.0
2019-08-12 00:00:00+00:00,82.19,83.38,81.42,83.0,1226742,16.438,16.676,16.284,16.6,6133710,0.0,1.0
2019-08-13 00:00:00+00:00,83.91,84.45,81.46,81.54,1659762,16.782,16.89,16.292,16.308,8298810,0.0,1.0
2019-08-14 00:00:00+00:00,80.71,82.5,79.13,82.2,1563631,16.142,16.5,15.826,16.44,7818155,0.0,1.0
2019-08-15 00:00:00+00:00,80.1,81.66,79.79,80.8,1529971,16.02,16.332,15.958,16.16,7649855,0.0,1.0
2019-08-16 00:00:00+00:00,80.66,81.99,80.36,80.84,1072862,16.132,16.398,16.072,16.168,5364310,0.0,1.0
2019-08-19 00:00:00+00:00,81.16,82.14,81.08,81.94,783882,16.232,16.428,16.216,16.388,3919410,0.0,1.0
2019-08-20 00:00:00+00:00,79.67,81.11,79.46,80.72,1067088,15.934,16.222,15.892,16.144,5335440,0.0,1.0
2019-08-21 00:00:00+00:00,81.97,82.54,79.2,80.67,1335193,16.394,16.508,15.84,16.134,6675965,0.0,1.0
2019-08-22 00:00:00+00:00,81.75,82.35,80.9,82.0,750921,16.35,16.47,16.18,16.4,3754605,0.0,1.0
2019-08-23 00:00:00+00:00,80.35,82.85,80.05,81.75,1644850,16.07,16.57,16.01,16.35,8224250,0.0,1.0
2019-08-26 00:00:00+00:00,81.13,81.54,80.5,80.83,1329933,16.226,16.308,16.1,16.166,6649665,0.0,1.0
2019-08-27 00:00:00+00:00,80.86,81.83,80.4,81.52,1363289,16.172,16.366,16.08,16.304,6816445,0.0,1.0
2019-08-28 00:00:00+00:00,77.85,80.58,77.11,80.08,2049660,15.57,16.116,15.422,16.016,10248300,0.0,1.0
2019-08-29 00:00:00+00:00,77.97,79.19,77.17,78.93,1821398,15.594,15.838,15.434,15.786,9106990,0.0,1.0
2019-08-30 00:00:00+00:00,79.18,79.74,78.25,78.59,1258774,15.836,15.948,15.65,15.718,6293870,0.0,1.0
2019-09-03 00:00:00+00:00,78.03,79.3,77.33,78.51,1276605,15.606,15.86,15.466,15.702,6383025,0.0,1.0
2019-09-04 00:00:00+00:00,78.22,79.39,77.67,79.24,1123516,15.644,15.878,15.534,15.848,5617580,0.0,1.0
2019-09-05 00:00:00+00:00,80.39,80.61,78.81,79.57,1557303,16.078,16.122,15.762,15.914,7786515,0.0,1.0
2019-09-06 00:00:00+00:00,80.1,81.41,79.84,80.5,980265,16.02,16.282,15.968,16.1,4901325,0.0,1.0
2019-09-09 00:00:00+00:00,79.01,81.03,78.26,80.59,1364998,15.802,16.206,15.652,16.118,6824990,0.0,1.0
2019-09-10 00:00:00+00:00,79.21,79.55,77.36,78.33,1086753,15.842,15.91,15.472,15.666,5433765,0.0,1.0
2019-09-11 00:00:00+00:00,79.85,80.88,78.83,79.78,1139214,15.97,16.176,15.766,15.956,5696070,0.0,1.0
2019-09-12 00:00:00+00:00,78.37,80.67,78.26,80.07,1458571,15.674,16.134,15.652,16.014,7292855,0.0,1.0
2019-09-13 00:00:00+00:00,78.11,79.2,77.77,78.7,1015842,15.622,15.84,15.554,15.74,5079210,0.0,1.0
2019-09-16 00:00:00+00:00,79.67,79.9,76.84,77.43,969047,15.934,15.98,15.368,15.486,4845235,0.0,1.0
2019-09-17 00:00:00+00:00,79.45,80.25,78.6,79.9,1176026,15.89,16.05,15.72,15.98,5880130,0.0,1.0
2019-09-18 00:00:00+00:00,78.87,79.37,77.76,79.3,859053,15.774,15.874,15.552,15.86,4295265,0.0,1.0
2019-09-19 00:00:00+00:00,78.42,79.6,77.89,79.0,1093873,15.684,15.92,15.578,15.8,5469365,0.0,1.0
2019-09-20 00:00:00+00:00,78.23,80.2,78.09,79.25,2184225,15.646,16.04,15.618,15.85,10921125,0.0,1.0
2019-09-23 00:00:00+00:00,79.26,79.98,78.05,78.25,1311265,15.852,15.996,15.61,15.65,6556325,0.0,1.0
2019-09-24 00:00:00+00:00,79.28,79.95,78.16,79.93,1348520,15.856,15.99,15.632,15.986,6742600,0.0,1.0
2019-09-25 00:00:00+00:00,79.29,79.6,77.34,79.01,1011752,15.858,15.92,15.468,15.802,5058760,0.0,1.0
2019-09-26 00:00:00+00:00,78.86,79.65,78.51,79.11,775906,15.772,15.93,15.702,15.822,3879530,0.0,1.0
2019-09-27 00:00:00+00:00,76.22,79.42,75.86,79.13,1107586,15.244,15.884,15.172,15.826,5537930,0.0,1.0
2019-09-30 00:00:00+00:00,76.76,77.28,75.56,76.22,1263772,15.352,15.456,15.112,15.244,6318860,0.0,1.0
2019-10-01 00:00:00+00:00,77.05,78.09,76.79,77.58,810044,15.41,15.618,15.358,15.516,4050220,0.0,1.0
2019-10-02 00:00:00+00:00,75.65,76.4,74.55,76.4,1057816,15.13,15.28,14.91,15.28,5289080,0.0,1.0
2019-10-03 00:00:00+00:00,77.37,77.81,75.44,75.58,1264505,15.474,15.562,15.088,15.116,6322525,0.0,1.0
2019-10-04 00:00:00+00:00,77.49,78.19,76.75,77.91,890517,15.498,15.638,15.35,15.582,4452585,0.0,1.0
2019-10-07 00:00:00+00:00,77.81,78.36,77.0,77.49,1275028,15.562,15.672,15.4,15.498,6375140,0.0,1.0
2019-10-08 00:00:00+00:00,76.33,77.4,75.13,76.98,1012933,15.266,15.48,15.026,15.396,5064665,0.0,1.0
2019-10-09 00:00:00+00:00,77.89,78.49,76.8,77.23,917504,15.578,15.698,15.36,15.446,4587520,0.0,1.0
2019-10-10 00:00:00+00:00,77.6,78.06,76.57,77.15,930220,15.52,15.612,15.314,15.43,4651100,0.0,1.0
2019-10-11 00:00:00+00:00,79.16,80.0,78.16,78.25,1207169,15.832,16.0,15.632,15.65,6035845,0.0,1.0
2019-10-14 00:00:00+00:00,79.31,79.71,78.91,79.25,1146839,15.862,15.942,15.782,15.85,5734195,0.0,1.0
2019-10-15 00:00:00+00:00,78.68,79.96,78.63,79.79,877270,15.736,15.992,15.726,15.958,4386350,0.0,1.0
2019-10-16 00:00:00+00:00,77.77,78.11,75.7,77.16,1270562,15.554,15.622,15.14,15.432,6352810,0.0,1.0
2019-10-17 00:00:00+00:00,78.91,79.09,77.57,77.87,795967,15.782,15.818,15.514,15.574,3979835,0.0,1.0
2019-10-18 00:00:00+00:00,76.56,78.79,75.8,78.77,1361386,15.312,15.758,15.16,15.754,6806930,0.0,1.0
2019-10-21 00:00:00+00:00,76.28,77.19,76.03,77.0,856546,15.256,15.438,15.206,15.4,4282730,0.0,1.0
2019-10-22 00:00:00+00:00,77.04,78.2,76.33,76.46,779045,15.408,15.64,15.266,15.292,3895225,0.0,1.0
2019-10-23 00:00:00+00:00,78.06,78.66,76.2,76.64,1196012,15.612,15.732,15.24,15.328,5980060,0.0,1.0
2019-10-24 00:00:00+00:00,80.96,81.04,78.7,78.87,1421589,16.192,16.208,15.74,15.774,7107945,0.0,1.0
2019-10-25 00:00:00+00:00,80.48,80.65,79.37,80.65,1039637,16.096,16.13,15.874,16.13,5198185,0.0,1.0
2019-10-28 00:00:00+00:00,80.31,81.46,80.04,80.72,892735,16.062,16.292,16.008,16.144,4463675,0.0,1.0
2019-10-29 00:00:00+00:00,80.75,81.26,79.55,80.24,893122,16.15,16.252,15.91,16.048,4465610,0.0,1.0
2019-10-30 00:00:00+00:00,82.62,82.68,80.44,81.04,877100,16.524,16.536,16.088,16.208,4385500,0.0,1.0
2019-10-31 00:00:00+00:00,81.56,83.47,80.93,82.21,3091422,16.312,16.694,16.186,16.442,15457110,0.0,1.0
2019-11-01 00:00:00+00:00,90.13,91.9,87.25,88.66,4326980,18.026,18.38,17.45,17.732,21634900,0.0,1.0
2019-11-04 00:00:00+00:00,91.89,92.74,90.5,90.75,2159867,18.378,18.548,18.1,18.15,10799335,0.0,1.0
2019-11-05 00:00:00+00:00,91.64,92.57,91.02,91.49,2006753,18.328,18.514,18.204,18.298,10033765,0.0,1.0
2019-11-06 00:00:00+00:00,93.11,93.58,90.75,91.64,1955167,18.622,18.716,18.15,18.328,9775835,0.0,1.0
2019-11-07 00:00:00+00:00,94.17,94.95,92.22,93.62,1733575,18.834,18.99,18.444,18.724,8667875,0.0,1.0
2019-11-08 00:00:00+00:00,96.23,96.59,94.11,94.42,1814162,19.246,19.318,18.822,18.884,9070810,0.0,1.0
2019-11-11 00:00:00+00:00,95.95,98.21,95.22,95.52,1987730,19.19,19.642,19.044,19.104,9938650,0.0,1.0
2019-11-12 00:00:00+00:00,99.99,100.08,96.77,97.06,2451267,19.998,20.016,19.354,19.412,12256335,0.0,1.0
2019-11-13 00:00:00+00:00,99.67,100.33,98.77,99.22,1056125,19.934,20.066,19.754,19.844,5280625,0.0,1.0
2019-11-14 00:00:00+00:00,100.12,100.85,99.08,99.33,1117532,20.024,20.17,19.816,19.866,5587660,0.0,1.0
2019-11-15 00:00:00+00:00,101.54,101.64,99.82,101.32,1316980,20.308,20.328,19.964,20.264,6584900,0.0,1.0
2019-11-18 00:00:00+00:00,103.84,104.35,100.65,101.05,1950554,20.768,20.87,20.13,20.21,9752770,0.0,1.0
2019-11-19 00:00:00+00:00,105.07,105.52,104.04,104.43,1365553,21.014,21.104,20.808,20.886,6827765,0.0,1.0
2019-11-20 00:00:00+00:00,102.45,106.0,102.08,104.95,2091172,20.49,21.2,20.416,20.99,10455860,0.0,1.0
2019-11-21 00:00:00+00:00,103.02,103.52,102.36,102.72,1334224,20.604,20.704,20.472,20.544,6671120,0.0,1.0
2019-11-22 00:00:00+00:00,103.81,104.33,102.91,103.36,1500429,20.762,20.866,20.582,20.672,7502145,0.0,1.0
2019-11-25 00:00:00+00:00,105.14,105.32,103.95,104.29,1020324,21.028,21.064,20.79,20.858,5101620,0.0,1.0
2019-11-26 00:00:00+00:00,104.37,105.38,104.02,104.09,1764644,20.874,21.076,20.804,20.818,8823220,0.0,1.0
2019-11-27 00:00:00+00:00,105.23,105.27,103.93,104.95,650951,21.046,21.054,20.786,20.99,3254755,0.0,1.0
2019-11-29 00:00:00+00:00,105.11,105.5,104.41,104.86,486623,21.022,21.1,20.882,20.972,2433115,0.0,1.0
2019-12-02 00:00:00+00:00,103.92,105.44,102.34,105.22,1193843,20.784,21.088,20.468,21.044,5969215,0.0,1.0
2019-12-03 00:00:00+00:00,103.8,104.06,99.78,101.95,1800748,20.76,20.812,19.956,20.39,9003740,0.0,1.0
2019-12-04 00:00:00+00:00,103.57,104.5,103.29,104.09,1107085,20.714,20.9,20.658,20.818,5535425,0.0,1.0
2019-12-05 00:00:00+00:00,104.91,104.97,103.05,103.67,1394285,20.982,20.994,20.61,20.734,6971425,0.0,1.0
2019-12-06 00:00:00+00:00,103.59,105.66,103.31,105.47,1035130,20.718,21.132,20.662,21.094,5175650,0.0,1.0
2019-12-09 00:00:00+00:00,103.85,104.56,103.07,103.53,844676,20.77,20.912,20.614,20.706,4223380,0.0,1.0
2019-12-10 00:00:00+00:00,103.55,104.74,103.36,104.2,817729,20.71,20.948,20.672,20.84,4088645,0.0,1.0
2019-12-11 00:00:00+00:00,104.14,104.37,103.2,103.79,691565,20.828,20.874,20.64,20.758,3457825,0.0,1.0
2019-12-12 00:00:00+00:00,104.4,105.02,103.25,104.21,721203,20.88,21.004,20.65,20.842,3606015,0.0,1.0
2019-12-13 00:00:00+00:00,105.64,106.65,104.01,104.32,1173637,21.128,21.33,20.802,20.864,5868185,0.0,1.0
2019-12-16 00:00:00+00:00,107.24,107.77,106.33,106.5,1157871,21.448,21.554,21.266,21.3,5789355,0.0,1.0
2019-12-17 00:00:00+00:00,106.35,107.47,105.04,107.26,1688477,21.27,21.494,21.008,21.452,8442385,0.0,1.0
2019-12-18 00:00:00+00:00,108.0,108.54,106.15,106.4,1469468,21.6,21.708,21.23,21.28,7347340,0.0,1.0
2019-12-19 00:00:00+00:00,109.53,109.79,107.78,108.0,1316344,21.906,21.958,21.556,21.6,6581720,0.0,1.0
2019-12-20 00:00:00+00:00,106.92,110.28,106.86,110.28,2242425,21.384,22.056,21.372,22.056,11212125,0.0,1.0
2019-12-23 00:00:00+00:00,107.82,108.29,107.1,107.31,1163487,21.564,21.658,21.42,21.462,5817435,0.0,1.0
2019-12-24 00:00:00+00:00,107.78,108.31,107.66,107.89,310613,21.556,21.662,21.532,21.578,1553065,0.0,1.0
2019-12-26 00:00:00+00:00,108.24,109.45,107.63,107.63,412984,21.648,21.89,21.526,21.526,2064920,0.0,1.0
2019-12-27 00:00:00+00:00,107.45,108.7,107.08,108.63,728280,21.49,21.74,21.416,21.726,3641400,0.0,1.0
2019-12-30 00:00:00+00:00,106.95,107.89,105.22,107.45,594859,21.39,21.578,21.044,21.49,2974295,0.0,1.0
2019-12-31 00:00:00+00:00,106.76,107.65,106.29,106.58,729704,21.352,21.53,21.258,21.316,3648520,0.0,1.0
2020-01-02 00:00:00+00:00,109.68,110.29,107.38,107.6,1108235,21.936,22.058,21.476,21.52,5541175,0.0,1.0
2020-01-03 00:00:00+00:00,111.21,111.53,108.1,108.42,1328764,22.242,22.306,21.62,21.684,6643820,0.0,1.0
2020-01-06 00:00:00+00:00,112.0,112.36,109.53,110.61,1473781,22.4,22.472,21.906,22.122,7368905,0.0,1.0
2020-01-07 00:00:00+00:00,111.89,112.51,111.07,112.33,761877,22.378,22.502,22.214,22.466,3809385,0.0,1.0
2020-01-08 00:00:00+00:00,113.67,114.4,111.8,111.95,1390601,22.734,22.88,22.36,22.39,6953005,0.0,1.0
2020-01-09 00:00:00+00:00,114.48,115.78,113.44,115.01,1095255,22.896,23.156,22.688,23.002,5476275,0.0,1.0
2020-01-10 00:00:00+00:00,114.32,115.3,113.86,114.85,696632,22.864,23.06,22.772,22.97,3483160,0.0,1.0
2020-01-13 00:00:00+00:00,116.69,116.75,114.84,116.2,840296,23.338,23.35,22.968,23.24,4201480,0.0,1.0
2020-01-14 00:00:00+00:00,116.72,117.67,116.32,117.52,796470,23.344,23.534,23.264,23.504,3982350,0.0,1.0
2020-01-15 00:00:00+00:00,117.05,117.74,116.61,116.96,851098,23.41,23.548,23.322,23.392,4255490,0.0,1.0
2020-01-16 00:00:00+00:00,119.09,119.23,117.09,117.4,866231,23.818,23.846,23.418,23.48,4331155,0.0,1.0
2020-01-17 00:00:00+00:00,117.49,119.5,116.96,119.31,1121207,23.498,23.9,23.392,23.862,5606035,0.0,1.0
2020-01-21 00:00:00+00:00,117.64,118.31,117.0,117.77,856847,23.528,23.662,23.4,23.554,4284235,0.0,1.0
2020-01-22 00:00:00+00:00,117.79,120.44,117.7,120.0,999198,23.558,24.088,23.54,24.0,4995990,0.0,1.0
2020-01-23 00:00:00+00:00,119.07,119.55,117.24,117.75,1465775,23.814,23.91,23.448,23.55,7328875,0.0,1.0
2020-01-24 00:00:00+00:00,117.99,120.28,117.36,119.51,1090250,23.598,24.056,23.472,23.902,5451250,0.0,1.0
2020-01-27 00:00:00+00:00,114.43,115.8,112.06,114.88,1243888,22.886,23.16,22.412,22.976,6219440,0.0,1.0
2020-01-28 00:00:00+00:00,117.54,117.72,114.95,115.0,1072132,23.508,23.544,22.99,23.0,5360660,0.0,1.0
2020-01-29 00:00:00+00:00,117.27,118.84,117.09,118.0,884674,23.454,23.768,23.418,23.6,4423370,0.0,1.0
2020-01-30 00:00:00+00:00,118.33,118.39,116.05,116.41,802695,23.666,23.678,23.21,23.282,4013475,0.0,1.0
2020-01-31 00:00:00+00:00,115.36,118.72,114.57,118.51,2848859,23.072,23.744,22.914,23.702,14244295,0.0,1.0
2020-02-03 00:00:00+00:00,116.49,117.48,115.51,115.85,866683,23.298,23.496,23.102,23.17,4333415,0.0,1.0
2020-02-04 00:00:00+00:00,120.08,120.35,117.22,119.56,1048433,24.016,24.07,23.444,23.912,5242165,0.0,1.0
2020-02-05 00:00:00+00:00,119.78,121.48,118.83,121.06,1283732,23.956,24.296,23.766,24.212,6418660,0.0,1.0
2020-02-06 00:00:00+00:00,121.33,121.82,118.78,119.94,1886991,24.266,24.364,23.756,23.988,9434955,0.0,1.0
2020-02-07 00:00:00+00:00,117.11,119.94,112.63,118.01,2127139,23.422,23.988,22.526,23.602,10635695,0.0,1.0
2020-02-10 00:00:00+00:00,118.73,118.98,115.0,116.48,1373375,23.746,23.796,23.0,23.296,6866875,0.0,1.0
2020-02-11 00:00:00+00:00,117.32,120.18,116.4,119.76,1097609,23.464,24.036,23.28,23.952,5488045,0.0,1.0
2020-02-12 00:00:00+00:00,117.4,118.52,115.78,117.5,859401,23.48,23.704,23.156,23.5,4297005,0.0,1.0
2020-02-13 00:00:00+00:00,119.1,119.24,116.0,116.47,826041,23.82,23.848,23.2,23.294,4130205,0.0,1.0
2020-02-14 00:00:00+00:00,119.19,119.62,117.95,119.34,974399,23.838,23.924,23.59,23.868,4871995,0.0,1.0
2020-02-18 00:00:00+00:00,119.45,121.27,118.75,118.87,2827686,23.89,24.254,23.75,23.774,14138430,0.0,1.0
2020-02-19 00:00:00+00:00,119.2,120.87,119.1,120.0,703605,23.84,24.174,23.82,24.0,3518025,0.0,1.0
2020-02-20 00:00:00+00:00,118.0,119.94,116.08,119.25,1171034,23.6,23.988,23.216,23.85,5855170,0.0,1.0
2020-02-21 00:00:00+00:00,114.48,117.81,113.75,117.76,896737,22.896,23.562,22.75,23.552,4483685,0.0,1.0
2020-02-24 00:00:00+00:00,108.7,110.61,105.9,108.55,1703839,21.74,22.122,21.18,21.71,8519195,0.0,1.0
2020-02-25 00:00:00+00:00,105.05,109.74,104.19,109.0,2790367,21.01,21.948,20.838,21.8,13951835,0.0,1.0
2020-02-26 00:00:00+00:00,106.26,108.24,105.54,105.54,1775834,21.252,21.648,21.108,21.108,8879170,0.0,1.0
2020-02-27 00:00:00+00:00,102.64,106.53,101.26,103.36,3553951,20.528,21.306,20.252,20.672,17769755,0.0,1.0
2020-02-28 00:00:00+00:00,102.06,104.07,98.09,98.88,3566599,20.412,20.814,19.618,19.776,17832995,0.0,1.0
2020-03-02 00:00:00+00:00,110.1,110.19,103.47,103.62,2890770,22.02,22.038,20.694,20.724,14453850,0.0,1.0
2020-03-03 00:00:00+00:00,103.53,110.48,102.21,110.09,2280951,20.706,22.096,20.442,22.018,11404755,0.0,1.0
2020-03-04 00:00:00+00:00,107.05,107.17,103.79,105.0,1490287,21.41,21.434,20.758,21.0,7451435,0.0,1.0
2020-03-05 00:00:00+00:00,104.0,107.39,103.43,104.66,1302885,20.8,21.478,20.686,20.932,6514425,0.0,1.0
2020-03-06 00:00:00+00:00,99.5,102.86,97.68,101.01,3417920,19.9,20.572,19.536,20.202,17089600,0.0,1.0
2020-03-09 00:00:00+00:00,87.14,97.6,85.3,93.27,3880240,17.428,19.52,17.06,18.654,19401200,0.0,1.0
2020-03-10 00:00:00+00:00,90.72,93.36,87.61,90.46,3447402,18.144,18.672,17.522,18.092,17237010,0.0,1.0
2020-03-11 00:00:00+00:00,87.95,91.97,86.67,88.97,2547771,17.59,18.394,17.334,17.794,12738855,0.0,1.0
2020-03-12 00:00:00+00:00,75.81,85.29,75.81,82.2,2832497,15.162,17.058,15.162,16.44,14162485,0.0,1.0
2020-03-13 00:00:00+00:00,82.64,84.49,76.04,80.51,2803799,16.528,16.898,15.208,16.102,14018995,0.0,1.0
2020-03-16 00:00:00+00:00,75.7,81.74,70.2,72.54,3199539,15.14,16.348,14.04,14.508,15997695,0.0,1.0
2020-03-17 00:00:00+00:00,78.02,79.91,75.06,77.09,3619905,15.604,15.982,15.012,15.418,18099525,0.0,1.0
2020-03-18 00:00:00+00:00,76.52,82.1,72.02,72.83,3455361,15.304,16.42,14.404,14.566,17276805,0.0,1.0
2020-03-19 00:00:00+00:00,86.16,91.23,75.83,75.83,4691050,17.232,18.246,15.166,15.166,23455250,0.0,1.0
2020-03-20 00:00:00+00:00,84.91,93.92,84.62,87.68,4041914,16.982,18.784,16.924,17.536,20209570,0.0,1.0
2020-03-23 00:00:00+00:00,85.9,90.5,85.01,85.56,3578789,17.18,18.1,17.002,17.112,17893945,0.0,1.0
2020-03-24 00:00:00+00:00,99.78,100.8,90.51,90.51,5226487,19.956,20.16,18.102,18.102,26132435,0.0,1.0
2020-03-25 00:00:00+00:00,96.94,102.57,96.53,99.48,3020630,19.388,20.514,19.306,19.896,15103150,0.0,1.0
2020-03-26 00:00:00+00:00,99.44,101.48,96.97,96.97,2713231,19.888,20.296,19.394,19.394,13566155,0.0,1.0
2020-03-27 00:00:00+00:00,97.28,99.89,94.55,96.53,2888697,19.456,19.978,18.91,19.306,14443485,0.0,1.0
2020-03-30 00:00:00+00:00,100.95,101.85,98.0,99.33,2095877,20.19,20.37,19.6,19.866,10479385,0.0,1.0
2020-03-31 00:00:00+00:00,101.17,104.0,99.64,100.11,2964490,20.234,20.8,19.928,20.022,14822450,0.0,1.0
2020-04-01 00:00:00+00:00,100.47,102.41,96.01,96.94,3089077,20.094,20.482,19.202,19.388,15445385,0.0,1.0
2020-04-02 00:00:00+00:00,100.92,102.02,98.79,100.04,3458541,20.184,20.404,19.758,20.008,17292705,0.0,1.0
2020-04-03 00:00:00+00:00,101.44,102.35,99.61,100.81,1974875,20.288,20.47,19.922,20.162,9874375,0.0,1.0
2020-04-06 00:00:00+00:00,107.88,108.61,102.01,104.29,2707472,21.576,21.722,20.402,20.858,13537360,0.0,1.0
2020-04-07 00:00:00+00:00,106.69,111.99,105.4,110.91,3859445,21.338,22.398,21.08,22.182,19297225,0.0,1.0
2020-04-08 00:00:00+00:00,109.18,110.18,106.69,108.12,1212155,21.836,22.036,21.338,21.624,6060775,0.0,1.0
2020-04-09 00:00:00+00:00,101.93,109.79,100.65,109.79,2473513,20.386,21.958,20.13,21.958,12367565,0.0,1.0
2020-04-13 00:00:00+00:00,104.64,105.13,100.03,102.0,2157366,20.928,21.026,20.006,20.4,10786830,0.0,1.0
2020-04-14 00:00:00+00:00,109.35,109.85,105.05,107.4,1703896,21.87,21.97,21.01,21.48,8519480,0.0,1.0
2020-04-15 00:00:00+00:00,109.85,110.76,106.96,107.54,1739855,21.97,22.152,21.392,21.508,8699275,0.0,1.0
2020-04-16 00:00:00+00:00,110.25,111.74,108.2,111.27,1459639,22.05,22.348,21.64,22.254,7298195,0.0,1.0
2020-04-17 00:00:00+00:00,112.96,113.06,109.03,111.51,1587017,22.592,22.612,21.806,22.302,7935085,0.0,1.0
2020-04-20 00:00:00+00:00,112.35,114.98,111.79,112.95,1529556,22.47,22.996,22.358,22.59,7647780,0.0,1.0
2020-04-21 00:00:00+00:00,101.18,110.46,99.61,110.29,3585025,20.236,22.092,19.922,22.058,17925125,0.0,1.0
2020-04-22 00:00:00+00:00,104.31,105.21,102.5,103.8,1279555,20.862,21.042,20.5,20.76,6397775,0.0,1.0
2020-04-23 00:00:00+00:00,100.59,104.71,99.76,104.25,2372609,20.118,20.942,19.952,20.85,11863045,0.0,1.0
2020-04-24 00:00:00+00:00,103.27,103.51,99.84,101.0,1295582,20.654,20.702,19.968,20.2,6477910,0.0,1.0
2020-04-27 00:00:00+00:00,105.64,106.13,103.25,104.8,1132018,21.128,21.226,20.65,20.96,5660090,0.0,1.0
2020-04-28 00:00:00+00:00,105.44,107.87,104.74,107.52,2313088,21.088,21.574,20.948,21.504,11565440,0.0,1.0
2020-04-29 00:00:00+00:00,108.52,109.23,105.12,107.0,1108468,21.704,21.846,21.024,21.4,5542340,0.0,1.0
2020-04-30 00:00:00+00:00,107.74,109.17,107.22,108.0,967860,21.548,21.834,21.444,21.6,4839300,0.0,1.0
2020-05-01 00:00:00+00:00,104.34,106.91,103.76,105.64,805573,20.868,21.382,20.752,21.128,4027865,0.0,1.0
2020-05-04 00:00:00+00:00,105.7,106.6,104.03,104.23,975764,21.14,21.32,20.806,20.846,4878820,0.0,1.0
2020-05-05 00:00:00+00:00,108.56,110.13,105.7,105.7,1163980,21.712,22.026,21.14,21.14,5819900,0.0,1.0
2020-05-06 00:00:00+00:00,111.46,112.2,109.05,109.89,1758426,22.292,22.44,21.81,21.978,8792130,0.0,1.0
2020-05-07 00:00:00+00:00,135.12,136.85,120.43,120.93,5360400,27.024,27.37,24.086,24.186,26802000,0.0,1.0
2020-05-08 00:00:00+00:00,136.84,137.08,128.65,134.23,2569128,27.368,27.416,25.73,26.846,12845640,0.0,1.0
2020-05-11 00:00:00+00:00,140.46,142.36,134.79,135.44,2617277,28.092,28.472,26.958,27.088,13086385,0.0,1.0
2020-05-12 00:00:00+00:00,138.39,143.41,138.39,141.91,1910243,27.678,28.682,27.678,28.382,9551215,0.0,1.0
2020-05-13 00:00:00+00:00,137.16,139.86,133.91,139.31,1524437,27.432,27.972,26.782,27.862,7622185,0.0,1.0
2020-05-14 00:00:00+00:00,138.06,138.44,134.78,135.1,1455060,27.612,27.688,26.956,27.02,7275300,0.0,1.0
2020-05-15 00:00:00+00:00,143.43,144.03,136.01,136.79,1430992,28.686,28.806,27.202,27.358,7154960,0.0,1.0
2020-05-18 00:00:00+00:00,144.67,148.85,144.05,148.85,2511316,28.934,29.77,28.81,29.77,12556580,0.0,1.0
2020-05-19 00:00:00+00:00,144.82,147.57,144.0,144.0,1075498,28.964,29.514,28.8,28.8,5377490,0.0,1.0
2020-05-20 00:00:00+00:00,145.62,149.69,143.49,147.62,2170353,29.124,29.938,28.698,29.524,10851765,0.0,1.0
2020-05-21 00:00:00+00:00,143.38,146.0,142.5,144.83,1216559,28.676,29.2,28.5,28.966,6082795,0.0,1.0
2020-05-22 00:00:00+00:00,142.64,144.51,141.23,143.37,1711669,28.528,28.902,28.246,28.674,8558345,0.0,1.0
2020-05-26 00:00:00+00:00,137.53,145.48,137.1,144.36,2020858,27.506,29.096,27.42,28.872,10104290,0.0,1.0
2020-05-27 00:00:00+00:00,131.15,138.36,128.31,137.25,3360362,26.23,27.672,25.662,27.45,16801810,0.0,1.0
2020-05-28 00:00:00+00:00,134.67,137.48,129.93,131.46,1781489,26.934,27.496,25.986,26.292,8907445,0.0,1.0
2020-05-29 00:00:00+00:00,139.2,139.49,135.29,135.78,1734925,27.84,27.898,27.058,27.156,8674625,0.0,1.0
2020-06-01 00:00:00+00:00,144.75,146.63,139.21,139.81,2065632,28.95,29.326,27.842,27.962,10328160,0.0,1.0
2020-06-02 00:00:00+00:00,143.94,145.84,139.95,145.32,1386796,28.788,29.168,27.99,29.064,6933980,0.0,1.0
2020-06-03 00:00:00+00:00,142.89,145.69,141.66,145.0,1008372,28.578,29.138,28.332,29.0,5041860,0.0,1.0
2020-06-04 00:00:00+00:00,139.58,143.29,137.88,141.91,1088022,27.916,28.658,27.576,28.382,5440110,0.0,1.0
2020-06-05 00:00:00+00:00,140.48,141.64,135.49,137.96,1524416,28.096,28.328,27.098,27.592,7622080,0.0,1.0
2020-06-08 00:00:00+00:00,137.51,139.23,135.36,138.08,1488908,27.502,27.846,27.072,27.616,7444540,0.0,1.0
2020-06-09 00:00:00+00:00,135.92,137.7,135.04,137.5,1280954,27.184,27.54,27.008,27.5,6404770,0.0,1.0
2020-06-10 00:00:00+00:00,137.64,139.99,137.35,137.35,1138856,27.528,27.998,27.47,27.47,5694280,0.0,1.0
2020-06-11 00:00:00+00:00,131.73,137.97,131.34,136.39,1240610,26.346,27.594,26.268,27.278,6203050,0.0,1.0
2020-06-12 00:00:00+00:00,130.34,135.77,128.25,133.86,1151135,26.068,27.154,25.65,26.772,5755675,0.0,1.0
2020-06-15 00:00:00+00:00,135.91,137.31,126.88,128.4,2042764,27.182,27.462,25.376,25.68,10213820,0.0,1.0
2020-06-16 00:00:00+00:00,136.73,140.0,135.36,139.31,1260110,27.346,28.0,27.072,27.862,6300550,0.0,1.0
2020-06-17 00:00:00+00:00,135.48,138.84,134.79,137.77,1194402,27.096,27.768,26.958,27.554,5972010,0.0,1.0
2020-06-18 00:00:00+00:00,135.64,136.98,134.54,135.22,1195336,27.128,27.396,26.908,27.044,5976680,0.0,1.0
2020-06-19 00:00:00+00:00,136.71,138.37,133.46,137.21,3516630,27.342,27.674,26.692,27.442,17583150,0.0,1.0
2020-06-22 00:00:00+00:00,142.87,144.24,136.59,137.66,2416387,28.574,28.848,27.318,27.532,12081935,0.0,1.0
2020-06-23 00:00:00+00:00,137.07,144.5,136.68,144.29,2010329,27.414,28.9,27.336,28.858,10051645,0.0,1.0
2020-06-24 00:00:00+00:00,134.33,140.82,133.0,137.72,1938036,26.866,28.164,26.6,27.544,9690180,0.0,1.0
2020-06-25 00:00:00+00:00,135.83,136.81,133.28,134.65,1126495,27.166,27.362,26.656,26.93,5632475,0.0,1.0
2020-06-26 00:00:00+00:00,134.55,136.49,133.11,136.0,1360870,26.91,27.298,26.622,27.2,6804350,0.0,1.0
2020-06-29 00:00:00+00:00,133.47,134.3983,128.31,134.01,1490833,26.694,26.87966,25.662,26.802,7454165,0.0,1.0
2020-06-30 00:00:00+00:00,137.27,137.66,133.69,134.12,1221698,27.454,27.532,26.738,26.824,6108490,0.0,1.0
2020-07-01 00:00:00+00:00,139.22,139.86,136.21,137.27,1239414,27.844,27.972,27.242,27.454,6197070,0.0,1.0
2020-07-02 00:00:00+00:00,138.44,140.94,137.79,140.32,979667,27.688,28.188,27.558,28.064,4898335,0.0,1.0
2020-07-06 00:00:00+00:00,139.7,142.66,138.66,139.67,1235593,27.94,28.532,27.732,27.934,6177965,0.0,1.0
2020-07-07 00:00:00+00:00,137.96,140.76,136.07,136.99,1473325,27.592,28.152,27.214,27.398,7366625,0.0,1.0
2020-07-08 00:00:00+00:00,146.35,146.76,138.5,139.19,2517012,29.27,29.352,27.7,27.838,12585060,0.0,1.0
2020-07-09 00:00:00+00:00,149.6,151.95,145.42,148.69,2695053,29.92,30.39,29.084,29.738,13475265,0.0,1.0
2020-07-10 00:00:00+00:00,145.8,150.97,145.41,150.97,1394501,29.16,30.194,29.082,30.194,6972505,0.0,1.0
2020-07-13 00:00:00+00:00,131.12,146.62,130.44,145.89,3378943,26.224,29.324,26.088,29.178,16894715,0.0,1.0
2020-07-14 00:00:00+00:00,134.48,136.38,128.63,132.81,2799608,26.896,27.276,25.726,26.562,13998040,0.0,1.0
2020-07-15 00:00:00+00:00,129.32,131.55,124.24,131.4,2828864,25.864,26.31,24.848,26.28,14144320,0.0,1.0
2020-07-16 00:00:00+00:00,127.35,128.5,124.82,127.69,1638110,25.47,25.7,24.964,25.538,8190550,0.0,1.0
2020-07-17 00:00:00+00:00,129.12,129.65,125.42,127.62,1375683,25.824,25.93,25.084,25.524,6878415,0.0,1.0
2020-07-20 00:00:00+00:00,134.79,135.13,128.87,129.31,1295963,26.958,27.026,25.774,25.862,6479815,0.0,1.0
2020-07-21 00:00:00+00:00,133.66,136.2,131.55,136.0,1204959,26.732,27.24,26.31,27.2,6024795,0.0,1.0
2020-07-22 00:00:00+00:00,134.29,137.39,133.68,135.88,1712936,26.858,27.478,26.736,27.176,8564680,0.0,1.0
2020-07-23 00:00:00+00:00,135.16,138.39,133.75,134.39,1514305,27.032,27.678,26.75,26.878,7571525,0.0,1.0
2020-07-24 00:00:00+00:00,133.04,134.33,130.35,133.08,915017,26.608,26.866,26.07,26.616,4575085,0.0,1.0
2020-07-27 00:00:00+00:00,136.65,136.98,133.65,134.59,696495,27.33,27.396,26.73,26.918,3482475,0.0,1.0
2020-07-28 00:00:00+00:00,133.42,136.92,133.27,136.12,938812,26.684,27.384,26.654,27.224,4694060,0.0,1.0
2020-07-29 00:00:00+00:00,136.84,137.86,134.18,134.86,708714,27.368,27.572,26.836,26.972,3543570,0.0,1.0
2020-07-30 00:00:00+00:00,136.75,138.23,133.33,135.06,912275,27.35,27.646,26.666,27.012,4561375,0.0,1.0
2020-07-31 00:00:00+00:00,138.3,138.52,135.41,138.4,856478,27.66,27.704,27.082,27.68,4282390,0.0,1.0
2020-08-03 00:00:00+00:00,138.22,141.385,136.52,140.0,1532150,27.644,28.277,27.304,28.0,7660750,0.0,1.0
2020-08-04 00:00:00+00:00,138.83,138.86,136.2,137.32,1027901,27.766,27.772,27.24,27.464,5139505,0.0,1.0
2020-08-05 00:00:00+00:00,140.12,140.8,137.6501,140.12,1342241,28.024,28.16,27.53002,28.024,6711205,0.0,1.0
2020-08-06 00:00:00+00:00,139.51,140.79,137.24,140.0,1650948,27.902,28.158,27.448,28.0,8254740,0.0,1.0
2020-08-07 00:00:00+00:00,131.0,131.6849,125.58,130.93,4196552,26.2,26.33698,25.116,26.186,20982760,0.0,1.0
2020-08-10 00:00:00+00:00,126.88,132.82,125.71,131.17,1631133,25.376,26.564,25.142,26.234,8155665,0.0,1.0
2020-08-11 00:00:00+00:00,126.59,128.17,123.0563,126.0,2168909,25.318,25.634,24.61126,25.2,10844545,0.0,1.0
2020-08-12 00:00:00+00:00,126.7,128.25,125.78,127.31,1154729,25.34,25.65,25.156,25.462,5773645,0.0,1.0
2020-08-13 00:00:00+00:00,127.44,128.62,126.3,126.43,1000494,25.488,25.724,25.26,25.286,5002470,0.0,1.0
2020-08-14 00:00:00+00:00,127.6,128.4,125.7,127.5,854340,25.52,25.68,25.14,25.5,4271700,0.0,1.0
2020-08-17 00:00:00+00:00,129.16,130.4592,128.5,128.5,849135,25.832,26.09184,25.7,25.7,4245675,0.0,1.0
2020-08-18 00:00:00+00:00,129.92,131.37,128.21,130.1,868739,25.984,26.274,25.642,26.02,4343695,0.0,1.0
2020-08-19 00:00:00+00:00,129.51,130.76,127.601,129.25,1336059,25.902,26.152,25.5202,25.85,6680295,0.0,1.0
2020-08-20 00:00:00+00:00,133.59,133.94,128.75,130.43,922258,26.718,26.788,25.75,26.086,4611290,0.0,1.0
2020-08-21 00:00:00+00:00,131.71,134.31,130.92,133.83,800841,26.342,26.862,26.184,26.766,4004205,0.0,1.0
2020-08-24 00:00:00+00:00,133.06,134.53,129.16,133.32,1107022,26.612,26.906,25.832,26.664,5535110,0.0,1.0
2020-08-25 00:00:00+00:00,133.28,133.405,131.135,131.94,898737,26.656,26.681,26.227,26.388,4493685,0.0,1.0
2020-08-26 00:00:00+00:00,137.22,138.67,133.815,134.0,1332765,27.444,27.734,26.763,26.8,6663825,0.0,1.0
2020-08-27 00:00:00+00:00,132.07,136.7123,130.41,136.71,1688198,26.414,27.34246,26.082,27.342,8440990,0.0,1.0
2020-08-28 00:00:00+00:00,130.74,134.24,130.06,133.18,1272212,26.148,26.848,26.012,26.636,6361060,0.0,1.0
2020-08-31 00:00:00+00:00,132.005,132.3,129.165,131.0,1962961,26.401,26.46,25.833,26.2,9814805,0.0,1.0
2020-09-01 00:00:00+00:00,130.52,134.4,129.85,132.74,1223661,26.104,26.88,25.97,26.548,6118305,0.0,1.0
2020-09-02 00:00:00+00:00,132.6,133.3,129.99,131.77,1273802,26.52,26.66,25.998,26.354,6369010,0.0,1.0
2020-09-03 00:00:00+00:00,120.7,130.48,119.04,130.22,2458959,24.14,26.096,23.808,26.044,12294795,0.0,1.0
2020-09-04 00:00:00+00:00,117.64,121.68,112.68,119.99,2237391,23.528,24.336,22.536,23.998,11186955,0.0,1.0
2020-09-08 00:00:00+00:00,115.42,118.14,113.89,114.0,1580661,23.084,23.628,22.778,22.8,7903305,0.0,1.0
2020-09-09 00:00:00+00:00,117.11,118.22,114.77,118.22,987172,23.422,23.644,22.954,23.644,4935860,0.0,1.0
2020-09-10 00:00:00+00:00,116.76,120.59,116.3,117.76,1365542,23.352,24.118,23.26,23.552,6827710,0.0,1.0
2020-09-11 00:00:00+00:00,115.17,119.0745,113.52,118.05,997103,23.034,23.8149,22.704,23.61,4985515,0.0,1.0
2020-09-14 00:00:00+00:00,118.01,118.6226,116.1314,116.22,816207,23.602,23.72452,23.22628,23.244,4081035,0.0,1.0
2020-09-15 00:00:00+00:00,118.2,120.3165,116.92,120.3165,745572,23.64,24.0633,23.384,24.0633,3727860,0.0,1.0
2020-09-16 00:00:00+00:00,116.93,120.81,116.76,119.42,1088698,23.386,24.162,23.352,23.884,5443490,0.0,1.0
2020-09-17 00:00:00+00:00,115.35,115.86,112.61,113.82,1481681,23.07,23.172,22.522,22.764,7408405,0.0,1.0
2020-09-18 00:00:00+00:00,117.28,117.72,114.31,116.17,1518248,23.456,23.544,22.862,23.234,7591240,0.0,1.0
2020-09-21 00:00:00+00:00,117.835,118.31,115.0798,116.23,1219082,23.567,23.662,23.01596,23.246,6095410,0.0,1.0
2020-09-22 00:00:00+00:00,118.68,118.85,115.0,118.48,1182019,23.736,23.77,23.0,23.696,5910095,0.0,1.0
2020-09-23 00:00:00+00:00,115.27,119.8,114.7,119.46,1081633,23.054,23.96,22.94,23.892,5408165,0.0,1.0
2020-09-24 00:00:00+00:00,115.5,116.8114,113.5,114.8,1146400,23.1,23.36228,22.7,22.96,5732000,0.0,1.0
2020-09-25 00:00:00+00:00,116.81,117.45,114.66,115.97,898479,23.362,23.49,22.932,23.194,4492395,0.0,1.0
2020-09-28 00:00:00+00:00,117.31,118.5,116.41,118.27,926250,23.462,23.7,23.282,23.654,4631250,0.0,1.0
2020-09-29 00:00:00+00:00,117.1,118.82,116.65,117.59,1037146,23.42,23.764,23.33,23.518,5185730,0.0,1.0
2020-09-30 00:00:00+00:00,117.81,118.65,116.17,117.07,1384853,23.562,23.73,23.234,23.414,6924265,0.0,1.0
2020-10-01 00:00:00+00:00,120.25,120.93,118.28,118.643,1261609,24.05,24.186,23.656,23.7286,6308045,0.0,1.0
2020-10-02 00:00:00+00:00,116.38,121.77,116.3,118.14,1176528,23.276,24.354,23.26,23.628,5882640,0.0,1.0
2020-10-05 00:00:00+00:00,119.09,119.64,116.39,118.8733,1768384,23.818,23.928,23.278,23.77466,8841920,0.0,1.0
2020-10-06 00:00:00+00:00,118.3,121.31,117.92,119.73,1013862,23.66,24.262,23.584,23.946,5069310,0.0,1.0
2020-10-07 00:00:00+00:00,120.69,120.99,118.36,118.94,1015583,24.138,24.198,23.672,23.788,5077915,0.0,1.0
2020-10-08 00:00:00+00:00,121.64,122.93,120.825,121.69,772133,24.328,24.586,24.165,24.338,3860665,0.0,1.0
2020-10-09 00:00:00+00:00,126.18,126.98,123.35,123.62,1295017,25.236,25.396,24.67,24.724,6475085,0.0,1.0
2020-10-12 00:00:00+00:00,128.88,130.57,127.0459,127.7,1385960,25.776,26.114,25.40918,25.54,6929800,0.0,1.0
2020-10-13 00:00:00+00:00,130.61,131.62,128.221,128.97,1301347,26.122,26.324,25.6442,25.794,6506735,0.0,1.0
2020-10-14 00:00:00+00:00,130.14,132.81,129.08,131.32,1285172,26.028,26.562,25.816,26.264,6425860,0.0,1.0
2020-10-15 00:00:00+00:00,131.75,132.53,127.7,128.34,1337599,26.35,26.506,25.54,25.668,6687995,0.0,1.0
2020-10-16 00:00:00+00:00,131.54,132.88,131.39,132.18,1004017,26.308,26.576,26.278,26.436,5020085,0.0,1.0
2020-10-19 00:00:00+00:00,128.82,133.505,128.58,130.83,649844,25.764,26.701,25.716,26.166,3249220,0.0,1.0
2020-10-20 00:00:00+00:00,132.52,134.94,132.0,132.99,1589802,26.504,26.988,26.4,26.598,7949010,0.0,1.0
2020-10-21 00:00:00+00:00,129.98,132.6,129.445,132.31,1313336,25.996,26.52,25.889,26.462,6566680,0.0,1.0
2020-10-22 00:00:00+00:00,128.16,130.645,126.77,130.33,701961,25.632,26.129,25.354,26.066,3509805,0.0,1.0
2020-10-23 00:00:00+00:00,130.38,130.41,127.62,128.01,951151,26.076,26.082,25.524,25.602,4755755,0.0,1.0
2020-10-26 00:00:00+00:00,123.18,130.715,122.18,129.16,1429074,24.636,26.143,24.436,25.832,7145370,0.0,1.0
2020-10-27 00:00:00+00:00,124.23,125.6,123.485,124.78,1321422,24.846,25.12,24.697,24.956,6607110,0.0,1.0
2020-10-28 00:00:00+00:00,118.95,123.16,118.83,123.04,1409275,23.79,24.632,23.766,24.608,7046375,0.0,1.0
2020-10-29 00:00:00+00:00,118.0,120.94,118.0,119.77,1434264,23.6,24.188,23.6,23.954,7171320,0.0,1.0
2020-10-30 00:00:00+00:00,110.37,118.08,106.75,118.08,4300530,22.074,23.616,21.35,23.616,21502650,0.0,1.0
2020-11-02 00:00:00+00:00,110.59,111.44,109.881,110.98,1527667,22.118,22.288,21.9762,22.196,7638335,0.0,1.0
2020-11-03 00:00:00+00:00,112.41,113.86,109.27,110.44,1361522,22.482,22.772,21.854,22.088,6807610,0.0,1.0
2020-11-04 00:00:00+00:00,116.24,117.87,113.49,114.7,1244236,23.248,23.574,22.698,22.94,6221180,0.0,1.0
2020-11-05 00:00:00+00:00,119.51,119.89,117.8,118.0,1046020,23.902,23.978,23.56,23.6,5230100,0.0,1.0
2020-11-06 00:00:00+00:00,117.21,119.5317,116.88,119.5317,1126232,23.442,23.90634,23.376,23.90634,5631160,0.0,1.0
2020-11-09 00:00:00+00:00,117.11,122.96,116.5913,117.86,1607853,23.422,24.592,23.31826,23.572,8039265,0.0,1.0
2020-11-10 00:00:00+00:00,111.3,116.36,109.93,115.95,1631295,22.26,23.272,21.986,23.19,8156475,0.0,1.0
2020-11-11 00:00:00+00:00,114.59,115.3,112.37,113.38,914025,22.918,23.06,22.474,22.676,4570125,0.0,1.0
2020-11-12 00:00:00+00:00,113.6,116.67,112.35,115.49,940841,22.72,23.334,22.47,23.098,4704205,0.0,1.0
2020-11-13 00:00:00+00:00,115.92,116.15,113.95,115.04,890939,23.184,23.23,22.79,23.008,4454695,0.0,1.0
2020-11-16 00:00:00+00:00,116.72,117.32,115.32,115.8,895149,23.344,23.464,23.064,23.16,4475745,0.0,1.0
2020-11-17 00:00:00+00:00,118.42,119.66,116.86,117.4,926994,23.684,23.932,23.372,23.48,4634970,0.0,1.0
2020-11-18 00:00:00+00:00,116.68,120.52,116.56,120.12,1049119,23.336,24.104,23.312,24.024,5245595,0.0,1.0
2020-11-19 00:00:00+00:00,117.03,117.86,115.17,116.23,838625,23.406,23.572,23.034,23.246,4193125,0.0,1.0
2020-11-20 00:00:00+00:00,118.12,119.56,116.07,116.47,1083259,23.624,23.912,23.214,23.294,5416295,0.0,1.0
2020-11-23 00:00:00+00:00,117.08,119.0,115.9,118.5,986574,23.416,23.8,23.18,23.7,4932870,0.0,1.0
2020-11-24 00:00:00+00:00,118.59,118.9,115.71,117.81,1426105,23.718,23.78,23.142,23.562,7130525,0.0,1.0
2020-11-25 00:00:00+00:00,119.86,121.44,119.0,119.36,960977,23.972,24.288,23.8,23.872,4804885,0.0,1.0
2020-11-27 00:00:00+00:00,123.79,124.11,120.74,121.07,734969,24.758,24.822,24.148,24.214,3674845,0.0,1.0
2020-11-30 00:00:00+00:00,123.23,124.1,120.14,123.65,1720628,24.646,24.82,24.028,24.73,8603140,0.0,1.0
2020-12-01 00:00:00+00:00,122.64,124.31,120.37,124.31,905761,24.528,24.862,24.074,24.862,4528805,0.0,1.0
2020-12-02 00:00:00+00:00,122.88,123.24,120.68,122.15,679975,24.576,24.648,24.136,24.43,3399875,0.0,1.0
2020-12-03 00:00:00+00:00,126.09,127.51,123.0,123.64,1247141,25.218,25.502,24.6,24.728,6235705,0.0,1.0
2020-12-04 00:00:00+00:00,127.8,128.5631,125.94,126.85,616517,25.56,25.71262,25.188,25.37,3082585,0.0,1.0
2020-12-07 00:00:00+00:00,128.08,129.38,127.6001,128.61,674153,25.616,25.876,25.52002,25.722,3370765,0.0,1.0
2020-12-08 00:00:00+00:00,131.66,131.85,126.8282,126.8282,1055835,26.332,26.37,25.36564,25.36564,5279175,0.0,1.0
2020-12-09 00:00:00+00:00,125.34,130.82,124.48,130.03,1313230,25.068,26.164,24.896,26.006,6566150,0.0,1.0
2020-12-10 00:00:00+00:00,127.56,128.01,124.16,124.88,1037711,25.512,25.602,24.832,24.976,5188555,0.0,1.0
2020-12-11 00:00:00+00:00,128.36,128.53,126.12,127.3,1072727,25.672,25.706,25.224,25.46,5363635,0.0,1.0
2020-12-14 00:00:00+00:00,130.69,132.21,127.83,128.1817,1156499,26.138,26.442,25.566,25.63634,5782495,0.0,1.0
2020-12-15 00:00:00+00:00,131.82,131.99,129.42,131.89,1039856,26.364,26.398,25.884,26.378,5199280,0.0,1.0
2020-12-16 00:00:00+00:00,133.33,134.89,131.25,132.01,896551,26.666,26.978,26.25,26.402,4482755,0.0,1.0
2020-12-17 00:00:00+00:00,136.42,136.48,133.96,134.29,1072716,27.284,27.296,26.792,26.858,5363580,0.0,1.0
2020-12-18 00:00:00+00:00,145.85,146.45,136.42,136.57,3045316,29.17,29.29,27.284,27.314,15226580,0.0,1.0
2020-12-21 00:00:00+00:00,145.96,147.36,141.18,143.3876,1356414,29.192,29.472,28.236,28.67752,6782070,0.0,1.0
2020-12-22 00:00:00+00:00,152.15,153.3299,145.41,145.75,1507435,30.43,30.66598,29.082,29.15,7537175,0.0,1.0
2020-12-23 00:00:00+00:00,150.24,153.15,149.97,152.56,1005849,30.048,30.63,29.994,30.512,5029245,0.0,1.0
2020-12-24 00:00:00+00:00,149.79,151.4999,148.54,149.97,425569,29.958,30.29998,29.708,29.994,2127845,0.0,1.0
2020-12-28 00:00:00+00:00,149.29,151.49,148.41,150.66,707781,29.858,30.298,29.682,30.132,3538905,0.0,1.0
2020-12-29 00:00:00+00:00,147.53,150.84,146.4923,150.0,686308,29.506,30.168,29.29846,30.0,3431540,0.0,1.0
2020-12-30 00:00:00+00:00,148.02,149.75,147.66,148.72,612902,29.604,29.95,29.532,29.744,3064510,0.0,1.0
2020-12-31 00:00:00+00:00,148.53,149.0,147.25,148.64,485112,29.706,29.8,29.45,29.728,2425560,0.0,1.0
2021-01-04 00:00:00+00:00,145.56,149.655,142.86,149.57,1078192,29.112,29.931,28.572,29.914,5390960,0.0,1.0
2021-01-05 00:00:00+00:00,141.74,142.68,139.83,141.56,1226179,28.348,28.536,27.966,28.312,6130895,0.0,1.0
2021-01-06 00:00:00+00:00,138.11,140.61,137.31,137.325,1306255,27.622,28.122,27.462,27.465,6531275,0.0,1.0
2021-01-07 00:00:00+00:00,143.25,143.62,139.11,139.13,1371204,28.65,28.724,27.822,27.826,6856020,0.0,1.0
2021-01-08 00:00:00+00:00,148.14,148.49,144.09,144.51,1260454,29.628,29.698,28.818,28.902,6302270,0.0,1.0
2021-01-11 00:00:00+00:00,148.17,150.54,144.355,146.92,1374865,29.634,30.108,28.871,29.384,6874325,0.0,1.0
2021-01-12 00:00:00+00:00,152.91,155.31,149.34,150.6637,1690479,30.582,31.062,29.868,30.13274,8452395,0.0,1.0
2021-01-13 00:00:00+00:00,147.9,153.69,147.04,153.65,1285111,29.58,30.738,29.408,30.73,6425555,0.0,1.0
2021-01-14 00:00:00+00:00,147.53,150.97,146.075,149.12,838685,29.506,30.194,29.215,29.824,4193425,0.0,1.0
2021-01-15 00:00:00+00:00,146.53,149.14,145.8301,147.5,862794,29.306,29.828,29.16602,29.5,4313970,0.0,1.0
2021-01-19 00:00:00+00:00,148.21,149.3,146.46,147.46,823894,29.642,29.86,29.292,29.492,4119470,0.0,1.0
2021-01-20 00:00:00+00:00,150.29,152.13,149.14,150.0,669167,30.058,30.426,29.828,30.0,3345835,0.0,1.0
2021-01-21 00:00:00+00:00,149.76,151.61,149.0701,151.36,519457,29.952,30.322,29.81402,30.272,2597285,0.0,1.0
2021-01-22 00:00:00+00:00,151.23,152.99,150.56,152.99,806642,30.246,30.598,30.112,30.598,4033210,0.0,1.0
2021-01-25 00:00:00+00:00,151.82,154.51,148.68,152.53,652663,30.364,30.902,29.736,30.506,3263315,0.0,1.0
2021-01-26 00:00:00+00:00,149.65,153.65,149.52,152.19,679422,29.93,30.73,29.904,30.438,3397110,0.0,1.0
2021-01-27 00:00:00+00:00,145.82,149.47,143.63,148.0,1101912,29.164,29.894,28.726,29.6,5509560,0.0,1.0
2021-01-28 00:00:00+00:00,148.53,149.84,146.45,147.01,587170,29.706,29.968,29.29,29.402,2935850,0.0,1.0
2021-01-29 00:00:00+00:00,144.75,148.48,144.2101,147.13,1291301,28.95,29.696,28.84202,29.426,6456505,0.0,1.0
2021-02-01 00:00:00+00:00,148.39,148.71,145.53,146.3811,691399,29.678,29.742,29.106,29.27622,3456995,0.0,1.0
2021-02-02 00:00:00+00:00,153.81,154.04,149.36,149.46,912692,30.762,30.808,29.872,29.892,4563460,0.0,1.0
2021-02-03 00:00:00+00:00,150.92,154.55,149.4,154.11,1106964,30.184,30.91,29.88,30.822,5534820,0.0,1.0
2021-02-04 00:00:00+00:00,156.99,157.07,151.33,151.37,1989869,31.398,31.414,30.266,30.274,9949345,0.0,1.0
2021-02-05 00:00:00+00:00,155.48,158.3294,152.0,157.42,1921596,31.096,31.66588,30.4,31.484,9607980,0.0,1.0
2021-02-08 00:00:00+00:00,159.43,160.93,156.5,157.21,1324791,31.886,32.186,31.3,31.442,6623955,0.0,1.0
2021-02-09 00:00:00+00:00,159.96,160.5,157.63,159.54,1086067,31.992,32.1,31.526,31.908,5430335,0.0,1.0
2021-02-10 00:00:00+00:00,161.32,163.48,160.0,160.0,1136246,32.264,32.696,32.0,32.0,5681230,0.0,1.0
2021-02-11 00:00:00+00:00,163.01,163.17,159.87,162.56,772330,32.602,32.634,31.974,32.512,3861650,0.0,1.0
2021-02-12 00:00:00+00:00,164.73,164.87,161.2976,162.01,781066,32.946,32.974,32.25952,32.402,3905330,0.0,1.0
2021-02-16 00:00:00+00:00,164.89,166.0,163.46,165.41,982418,32.978,33.2,32.692,33.082,4912090,0.0,1.0
2021-02-17 00:00:00+00:00,166.23,166.49,161.54,164.18,1038111,33.246,33.298,32.308,32.836,5190555,0.0,1.0
2021-02-18 00:00:00+00:00,167.69,168.15,163.27,164.11,1060171,33.538,33.63,32.654,32.822,5300855,0.0,1.0
2021-02-19 00:00:00+00:00,171.93,172.41,168.465,169.63,1351594,34.386,34.482,33.693,33.926,6757970,0.0,1.0
2021-02-22 00:00:00+00:00,170.35,170.61,167.74,168.68,1775493,34.07,34.122,33.548,33.736,8877465,0.0,1.0
2021-02-23 00:00:00+00:00,168.77,169.27,163.13,165.15,2365282,33.754,33.854,32.626,33.03,11826410,0.0,1.0
2021-02-24 00:00:00+00:00,169.85,170.19,166.185,168.47,1264990,33.97,34.038,33.237,33.694,6324950,0.0,1.0
2021-02-25 00:00:00+00:00,168.0,170.58,165.865,168.82,2171994,33.6,34.116,33.173,33.764,10859970,0.0,1.0
2021-02-26 00:00:00+00:00,168.85,170.58,165.21,168.19,1589067,33.77,34.116,33.042,33.638,7945335,0.0,1.0
2021-03-01 00:00:00+00:00,173.26,173.71,170.19,171.51,918584,34.652,34.742,34.038,34.302,4592920,0.0,1.0
2021-03-02 00:00:00+00:00,173.35,174.79,171.0,174.0438,1406537,34.67,34.958,34.2,34.80876,7032685,0.0,1.0
2021-03-03 00:00:00+00:00,169.88,173.59,168.27,173.52,2188864,33.976,34.718,33.654,34.704,10944320,0.0,1.0
2021-03-04 00:00:00+00:00,163.93,168.7266,161.64,167.83,3209158,32.786,33.74532,32.328,33.566,16045790,0.0,1.0
2021-03-05 00:00:00+00:00,167.57,168.22,161.13,165.7,1447938,33.514,33.644,32.226,33.14,7239690,0.0,1.0
2021-03-08 00:00:00+00:00,166.21,170.8,166.08,167.97,1192608,33.242,34.16,33.216,33.594,5963040,0.0,1.0
2021-03-09 00:00:00+00:00,175.77,176.22,170.23,170.71,1449483,35.154,35.244,34.046,34.142,7247415,0.0,1.0
2021-03-10 00:00:00+00:00,180.46,181.25,176.39,179.54,2029545,36.092,36.25,35.278,35.908,10147725,0.0,1.0
2021-03-11 00:00:00+00:00,187.53,187.61,182.21,183.6,1658041,37.506,37.522,36.442,36.72,8290205,0.0,1.0
2021-03-12 00:00:00+00:00,188.35,188.92,183.32,184.33,1180019,37.67,37.784,36.664,36.866,5900095,0.0,1.0
2021-03-15 00:00:00+00:00,192.03,192.25,187.91,188.88,1093572,38.406,38.45,37.582,37.776,5467860,0.0,1.0
2021-03-16 00:00:00+00:00,189.52,193.84,187.09,193.1,1939913,37.904,38.768,37.418,38.62,9699565,0.0,1.0
2021-03-17 00:00:00+00:00,182.66,189.695,181.185,186.42,1630382,36.532,37.939,36.237,37.284,8151910,0.0,1.0
2021-03-18 00:00:00+00:00,173.06,180.2,173.05,180.2,1628488,34.612,36.04,34.61,36.04,8142440,0.0,1.0
2021-03-19 00:00:00+00:00,174.49,176.31,170.97,173.16,1862777,34.898,35.262,34.194,34.632,9313885,0.0,1.0
2021-03-22 00:00:00+00:00,179.12,179.58,174.75,176.84,1383210,35.824,35.916,34.95,35.368,6916050,0.0,1.0
2021-03-23 00:00:00+00:00,176.07,179.14,174.34,178.28,1056881,35.214,35.828,34.868,35.656,5284405,0.0,1.0
2021-03-24 00:00:00+00:00,171.3,177.47,170.48,176.05,876855,34.26,35.494,34.096,35.21,4384275,0.0,1.0
2021-03-25 00:00:00+00:00,171.23,171.8,167.0827,169.04,1001517,34.246,34.36,33.41654,33.808,5007585,0.0,1.0
2021-03-26 00:00:00+00:00,182.77,183.12,170.38,171.53,1846529,36.554,36.624,34.076,34.306,9232645,0.0,1.0
2021-03-29 00:00:00+00:00,183.67,187.055,181.19,181.61,1623627,36.734,37.411,36.238,36.322,8118135,0.0,1.0
2021-03-30 00:00:00+00:00,181.33,183.86,179.5,181.75,1094504,36.266,36.772,35.9,36.35,5472520,0.0,1.0
2021-03-31 00:00:00+00:00,184.42,186.635,182.37,183.4,1004567,36.884,37.327,36.474,36.68,5022835,0.0,1.0
2021-04-01 00:00:00+00:00,186.39,190.22,185.4681,186.77,931881,37.278,38.044,37.09362,37.354,4659405,0.0,1.0
2021-04-05 00:00:00+00:00,191.27,191.8,186.19,186.27,993505,38.254,38.36,37.238,37.254,4967525,0.0,1.0
2021-04-06 00:00:00+00:00,194.68,195.51,187.51,189.51,1248332,38.936,39.102,37.502,37.902,6241660,0.0,1.0
2021-04-07 00:00:00+00:00,192.83,194.98,192.23,193.73,1070498,38.566,38.996,38.446,38.746,5352490,0.0,1.0
2021-04-08 00:00:00+00:00,196.58,197.89,193.88,194.85,765129,39.316,39.578,38.776,38.97,3825645,0.0,1.0
2021-04-09 00:00:00+00:00,197.62,197.7,194.51,196.45,583458,39.524,39.54,38.902,39.29,2917290,0.0,1.0
2021-04-12 00:00:00+00:00,197.09,198.33,195.42,197.05,813664,39.418,39.666,39.084,39.41,4068320,0.0,1.0
2021-04-13 00:00:00+00:00,200.04,200.54,197.2,199.08,832654,40.008,40.108,39.44,39.816,4163270,0.0,1.0
2021-04-14 00:00:00+00:00,199.32,203.82,198.73,199.64,839279,39.864,40.764,39.746,39.928,4196395,0.0,1.0
2021-04-15 00:00:00+00:00,205.54,206.145,201.48,202.03,1136363,41.108,41.229,40.296,40.406,5681815,0.0,1.0
2021-04-16 00:00:00+00:00,206.01,209.39,204.92,207.2,1333113,41.202,41.878,40.984,41.44,6665565,0.0,1.0
2021-04-19 00:00:00+00:00,206.14,207.59,202.79,205.14,777585,41.228,41.518,40.558,41.028,3887925,0.0,1.0
2021-04-20 00:00:00+00:00,202.8,206.71,201.16,206.5,589827,40.56,41.342,40.232,41.3,2949135,0.0,1.0
2021-04-21 00:00:00+00:00,201.92,204.11,200.76,202.76,739238,40.384,40.822,40.152,40.552,3696190,0.0,1.0
2021-04-22 00:00:00+00:00,201.16,203.63,199.07,199.44,1129602,40.232,40.726,39.814,39.888,5648010,0.0,1.0
2021-04-23 00:00:00+00:00,201.76,203.35,199.69,202.5,749266,40.352,40.67,39.938,40.5,3746330,0.0,1.0
2021-04-26 00:00:00+00:00,203.9,205.08,202.26,204.74,1337668,40.78,41.016,40.452,40.948,6688340,0.0,1.0
2021-04-27 00:00:00+00:00,201.25,203.875,199.8,202.83,1098780,40.25,40.775,39.96,40.566,5493900,0.0,1.0
2021-04-28 00:00:00+00:00,198.01,203.65,197.8,203.52,930354,39.602,40.73,39.56,40.704,4651770,0.0,1.0
2021-04-29 00:00:00+00:00,195.47,199.48,192.78,199.38,1174331,39.094,39.896,38.556,39.876,5871655,0.0,1.0
2021-04-30 00:00:00+00:00,204.23,205.44,194.51,198.16,2744449,40.846,41.088,38.902,39.632,13722245,0.0,1.0
2021-05-03 00:00:00+00:00,203.18,205.82,199.28,205.31,1232697,40.636,41.164,39.856,41.062,6163485,0.0,1.0
2021-05-04 00:00:00+00:00,206.78,207.74,202.365,203.14,1604543,41.356,41.548,40.473,40.628,8022715,0.0,1.0
2021-05-05 00:00:00+00:00,209.38,211.75,207.2728,207.64,1227154,41.876,42.35,41.45456,41.528,6135770,0.0,1.0
2021-05-06 00:00:00+00:00,206.51,209.1,203.23,208.63,1165253,41.302,41.82,40.646,41.726,5826265,0.0,1.0
2021-05-07 00:00:00+00:00,211.77,212.67,208.29,209.0,808087,42.354,42.534,41.658,41.8,4040435,0.0,1.0
2021-05-10 00:00:00+00:00,204.29,211.28,204.24,211.0,843673,40.858,42.256,40.848,42.2,4218365,0.0,1.0
2021-05-11 00:00:00+00:00,206.51,207.06,198.911,199.95,817835,41.302,41.412,39.7822,39.99,4089175,0.0,1.0
2021-05-12 00:00:00+00:00,197.03,204.04,195.96,203.46,1141338,39.406,40.808,39.192,40.692,5706690,0.0,1.0
2021-05-13 00:00:00+00:00,198.39,201.26,198.1687,200.0,1453475,39.678,40.252,39.63374,40.0,7267375,0.0,1.0
2021-05-14 00:00:00+00:00,205.86,206.39,199.01,199.7,1212254,41.172,41.278,39.802,39.94,6061270,0.0,1.0
2021-05-17 00:00:00+00:00,204.34,206.495,201.51,203.68,844556,40.868,41.299,40.302,40.736,4222780,0.0,1.0
2021-05-18 00:00:00+00:00,204.25,207.98,203.92,204.24,931570,40.85,41.596,40.784,40.848,4657850,0.0,1.0
2021-05-19 00:00:00+00:00,207.6,207.8,200.27,201.04,878610,41.52,41.56,40.054,40.208,4393050,0.0,1.0
2021-05-20 00:00:00+00:00,212.32,213.19,208.29,208.29,868478,42.464,42.638,41.658,41.658,4342390,0.0,1.0
2021-05-21 00:00:00+00:00,210.83,215.17,210.12,213.21,817930,42.166,43.034,42.024,42.642,4089650,0.0,1.0
2021-05-24 00:00:00+00:00,213.07,214.81,211.53,211.53,849382,42.614,42.962,42.306,42.306,4246910,0.0,1.0
2021-05-25 00:00:00+00:00,214.57,216.41,213.7,214.17,716718,42.914,43.282,42.74,42.834,3583590,0.0,1.0
2021-05-26 00:00:00+00:00,215.71,218.68,214.13,215.787,898112,43.142,43.736,42.826,43.1574,4490560,0.0,1.0
2021-05-27 00:00:00+00:00,216.34,218.275,213.11,215.67,1581589,43.268,43.655,42.622,43.134,7907945,0.0,1.0
2021-05-28 00:00:00+00:00,218.54,221.0,216.16,216.54,830032,43.708,44.2,43.232,43.308,4150160,0.0,1.0
2021-06-01 00:00:00+00:00,214.99,220.38,213.63,220.12,726156,42.998,44.076,42.726,44.024,3630780,0.0,1.0
2021-06-02 00:00:00+00:00,216.37,216.65,213.88,214.89,665805,43.274,43.33,42.776,42.978,3329025,0.0,1.0
2021-06-03 00:00:00+00:00,215.38,217.35,211.67,215.0,566422,43.076,43.47,42.334,43.0,2832110,0.0,1.0
2021-06-04 00:00:00+00:00,221.76,222.35,217.4,217.4,628473,44.352,44.47,43.48,43.48,3142365,0.0,1.0
2021-06-07 00:00:00+00:00,223.54,223.8064,220.055,222.16,567690,44.708,44.76128,44.011,44.432,2838450,0.0,1.0
2021-06-08 00:00:00+00:00,227.36,227.78,223.73,223.8,856043,45.472,45.556,44.746,44.76,4280215,0.0,1.0
2021-06-09 00:00:00+00:00,225.52,228.49,224.03,227.93,586578,45.104,45.698,44.806,45.586,2932890,0.0,1.0
2021-06-10 00:00:00+00:00,228.95,229.52,224.4,225.34,774122,45.79,45.904,44.88,45.068,3870610,0.0,1.0
2021-06-11 00:00:00+00:00,228.94,229.39,227.22,228.01,654645,45.788,45.878,45.444,45.602,3273225,0.0,1.0
2021-06-14 00:00:00+00:00,231.46,231.5,228.01,229.09,656866,46.292,46.3,45.602,45.818,3284330,0.0,1.0
2021-06-15 00:00:00+00:00,230.06,231.71,229.0,231.05,633139,46.012,46.342,45.8,46.21,3165695,0.0,1.0
2021-06-16 00:00:00+00:00,230.27,232.58,227.11,230.28,687729,46.054,46.516,45.422,46.056,3438645,0.0,1.0
2021-06-17 00:00:00+00:00,236.98,237.67,229.1,229.58,1174342,47.396,47.534,45.82,45.916,5871710,0.0,1.0
2021-06-18 00:00:00+00:00,233.66,238.98,233.45,237.0,1871707,46.732,47.796,46.69,47.4,9358535,0.0,1.0
2021-06-21 00:00:00+00:00,237.92,239.97,233.68,235.76,815492,47.584,47.994,46.736,47.152,4077460,0.0,1.0
2021-06-22 00:00:00+00:00,241.9,242.06,237.98,238.0,828670,48.38,48.412,47.596,47.6,4143350,0.0,1.0
2021-06-23 00:00:00+00:00,240.06,242.9199,238.36,242.32,781067,48.012,48.58398,47.672,48.464,3905335,0.0,1.0
2021-06-24 00:00:00+00:00,239.99,243.94,239.93,242.45,686889,47.998,48.788,47.986,48.49,3434445,0.0,1.0
2021-06-25 00:00:00+00:00,242.03,242.36,236.4375,240.5,1059426,48.406,48.472,47.2875,48.1,5297130,0.0,1.0
2021-06-28 00:00:00+00:00,247.04,247.33,242.76,243.17,759167,49.408,49.466,48.552,48.634,3795835,0.0,1.0
2021-06-29 00:00:00+00:00,243.24,244.97,239.65,243.55,954854,48.648,48.994,47.93,48.71,4774270,0.0,1.0
2021-06-30 00:00:00+00:00,238.19,242.82,237.83,242.82,1093359,47.638,48.564,47.566,48.564,5466795,0.0,1.0
2021-07-01 00:00:00+00:00,242.34,242.66,236.3601,237.855,1143633,48.468,48.532,47.27202,47.571,5718165,0.0,1.0
2021-07-02 00:00:00+00:00,248.04,248.725,243.46,243.47,733421,49.608,49.745,48.692,48.694,3667105,0.0,1.0
2021-07-06 00:00:00+00:00,251.15,251.8474,245.68,250.7473,1006901,50.23,50.36948,49.136,50.14946,5034505,0.0,1.0
2021-07-07 00:00:00+00:00,253.33,253.7899,246.7411,252.75,1080546,50.666,50.75798,49.34822,50.55,5402730,0.0,1.0
2021-07-08 00:00:00+00:00,252.93,254.477,245.616,249.82,902620,50.586,50.8954,49.1232,49.964,4513100,0.0,1.0
2021-07-09 00:00:00+00:00,256.81,257.43,252.53,254.61,958313,51.362,51.486,50.506,50.922,4791565,0.0,1.0
2021-07-12 00:00:00+00:00,255.79,259.47,254.765,258.08,820565,51.158,51.894,50.953,51.616,4102825,0.0,1.0
2021-07-13 00:00:00+00:00,257.04,258.4499,253.995,255.9,509199,51.408,51.68998,50.799,51.18,2545995,0.0,1.0
2021-07-14 00:00:00+00:00,255.84,258.665,253.63,257.9,734942,51.168,51.733,50.726,51.58,3674710,0.0,1.0
2021-07-15 00:00:00+00:00,256.3,261.9,254.3118,257.7655,1257249,51.26,52.38,50.86236,51.5531,6286245,0.0,1.0
2021-07-16 00:00:00+00:00,258.44,262.7725,258.21,258.6,865404,51.688,52.5545,51.642,51.72,4327020,0.0,1.0
2021-07-19 00:00:00+00:00,256.63,258.3499,252.37,255.1,908055,51.326,51.66998,50.474,51.02,4540275,0.0,1.0
2021-07-20 00:00:00+00:00,263.84,265.15,258.0,259.49,790452,52.768,53.03,51.6,51.898,3952260,0.0,1.0
2021-07-21 00:00:00+00:00,264.65,266.02,262.05,264.21,815653,52.93,53.204,52.41,52.842,4078265,0.0,1.0
2021-07-22 00:00:00+00:00,270.75,271.4365,265.685,266.27,808569,54.15,54.2873,53.137,53.254,4042845,0.0,1.0
2021-07-23 00:00:00+00:00,275.71,276.09,268.62,270.94,822521,55.142,55.218,53.724,54.188,4112605,0.0,1.0
2021-07-26 00:00:00+00:00,272.34,276.9976,272.14,276.6,671466,54.468,55.39952,54.428,55.32,3357330,0.0,1.0
2021-07-27 00:00:00+00:00,271.14,273.42,266.68,272.4,737372,54.228,54.684,53.336,54.48,3686860,0.0,1.0
2021-07-28 00:00:00+00:00,271.69,273.82,269.0801,272.0,801114,54.338,54.764,53.81602,54.4,4005570,0.0,1.0
2021-07-29 00:00:00+00:00,274.21,276.7029,272.17,272.28,957341,54.842,55.34058,54.434,54.456,4786705,0.0,1.0
2021-07-30 00:00:00+00:00,272.24,273.7799,250.0,270.99,1866291,54.448,54.75598,50.0,54.198,9331455,0.0,1.0
2021-08-02 00:00:00+00:00,284.62,288.536,270.14,274.27,2042388,56.924,57.7072,54.028,54.854,10211940,0.0,1.0
2021-08-03 00:00:00+00:00,297.76,298.0,285.0,285.47,1511339,59.552,59.6,57.0,57.094,7556695,0.0,1.0
2021-08-04 00:00:00+00:00,304.02,305.6,293.45,297.3532,1203303,60.804,61.12,58.69,59.47064,6016515,0.0,1.0
2021-08-05 00:00:00+00:00,300.02,306.51,298.27,305.0,1324181,60.004,61.302,59.654,61.0,6620905,0.0,1.0
2021-08-06 00:00:00+00:00,303.68,303.77,296.0,298.55,796295,60.736,60.754,59.2,59.71,3981475,0.0,1.0
2021-08-09 00:00:00+00:00,301.11,305.5,299.19,305.15,725042,60.222,61.1,59.838,61.03,3625210,0.0,1.0
2021-08-10 00:00:00+00:00,300.4,304.355,298.1151,301.53,722240,60.08,60.871,59.62302,60.306,3611200,0.0,1.0
2021-08-11 00:00:00+00:00,298.67,302.98,293.7076,301.43,979559,59.734,60.596,58.74152,60.286,4897795,0.0,1.0
2021-08-12 00:00:00+00:00,305.66,309.79,298.28,299.34,1156590,61.132,61.958,59.656,59.868,5782950,0.0,1.0
2021-08-13 00:00:00+00:00,309.33,309.53,302.21,303.5,598236,61.866,61.906,60.442,60.7,2991180,0.0,1.0
2021-08-16 00:00:00+00:00,302.44,309.0,298.67,309.0,758044,60.488,61.8,59.734,61.8,3790220,0.0,1.0
2021-08-17 00:00:00+00:00,298.63,302.27,295.1895,300.14,895504,59.726,60.454,59.0379,60.028,4477520,0.0,1.0
2021-08-18 00:00:00+00:00,292.72,298.9,292.58,298.19,880358,58.544,59.78,58.516,59.638,4401790,0.0,1.0
2021-08-19 00:00:00+00:00,295.78,298.58,286.26,287.7855,818776,59.156,59.716,57.252,57.5571,4093880,0.0,1.0
2021-08-20 00:00:00+00:00,297.94,299.5852,295.33,297.7,731744,59.588,59.91704,59.066,59.54,3658720,0.0,1.0
2021-08-23 00:00:00+00:00,307.52,308.45,301.67,301.89,941016,61.504,61.69,60.334,60.378,4705080,0.0,1.0
2021-08-24 00:00:00+00:00,299.84,308.01,299.12,308.0,1041493,59.968,61.602,59.824,61.6,5207465,0.0,1.0
2021-08-25 00:00:00+00:00,306.03,307.84,300.18,300.5,801763,61.206,61.568,60.036,60.1,4008815,0.0,1.0
2021-08-26 00:00:00+00:00,310.13,311.57,305.27,305.3,731827,62.026,62.314,61.054,61.06,3659135,0.0,1.0
2021-08-27 00:00:00+00:00,316.06,317.44,308.8656,310.48,891504,63.212,63.488,61.77312,62.096,4457520,0.0,1.0
2021-08-30 00:00:00+00:00,319.39,321.9,318.0,319.12,678647,63.878,64.38,63.6,63.824,3393235,0.0,1.0
2021-08-31 00:00:00+00:00,315.14,320.58,313.22,320.0,1171347,63.028,64.116,62.644,64.0,5856735,0.0,1.0
2021-09-01 00:00:00+00:00,308.47,317.94,304.4279,317.54,1677605,61.694,63.588,60.88558,63.508,8388025,0.0,1.0
2021-09-02 00:00:00+00:00,313.9,316.8,310.46,311.32,814909,62.78,63.36,62.092,62.264,4074545,0.0,1.0
2021-09-03 00:00:00+00:00,320.19,321.43,313.83,313.83,707280,64.038,64.286,62.766,62.766,3536400,0.0,1.0
2021-09-07 00:00:00+00:00,314.08,322.0,312.4,321.0,812936,62.816,64.4,62.48,64.2,4064680,0.0,1.0
2021-09-08 00:00:00+00:00,309.2,315.7362,308.05,313.05,1080192,61.84,63.14724,61.61,62.61,5400960,0.0,1.0
2021-09-09 00:00:00+00:00,310.74,313.235,309.1001,309.2,813124,62.148,62.647,61.82002,61.84,4065620,0.0,1.0
2021-09-10 00:00:00+00:00,310.49,314.82,308.5822,313.23,663904,62.098,62.964,61.71644,62.646,3319520,0.0,1.0
2021-09-13 00:00:00+00:00,296.92,311.44,294.2683,310.56,1777380,59.384,62.288,58.85366,62.112,8886900,0.0,1.0
2021-09-14 00:00:00+00:00,300.58,305.68,296.32,298.0,1242571,60.116,61.136,59.264,59.6,6212855,0.0,1.0
2021-09-15 00:00:00+00:00,301.53,303.99,299.185,302.23,1005479,60.306,60.798,59.837,60.446,5027395,0.0,1.0
2021-09-16 00:00:00+00:00,304.06,304.3798,298.57,300.89,670901,60.812,60.87596,59.714,60.178,3354505,0.0,1.0
2021-09-17 00:00:00+00:00,299.49,304.41,296.81,302.53,1555940,59.898,60.882,59.362,60.506,7779700,0.0,1.0
2021-09-20 00:00:00+00:00,297.07,297.75,284.14,292.01,1037170,59.414,59.55,56.828,58.402,5185850,0.0,1.0
2021-09-21 00:00:00+00:00,299.6,303.29,295.115,302.0,713283,59.92,60.658,59.023,60.4,3566415,0.0,1.0
2021-09-22 00:00:00+00:00,301.62,303.185,297.3546,301.0,703209,60.324,60.637,59.47092,60.2,3516045,0.0,1.0
2021-09-23 00:00:00+00:00,310.54,311.45,302.37,304.46,977481,62.108,62.29,60.474,60.892,4887405,0.0,1.0
2021-09-24 00:00:00+00:00,311.9,312.825,307.1196,308.2,656649,62.38,62.565,61.42392,61.64,3283245,0.0,1.0
2021-09-27 00:00:00+00:00,300.57,309.88,299.19,308.46,825551,60.114,61.976,59.838,61.692,4127755,0.0,1.0
2021-09-28 00:00:00+00:00,287.88,300.95,287.07,297.87,1486681,57.576,60.19,57.414,59.574,7433405,0.0,1.0
2021-09-29 00:00:00+00:00,288.83,294.03,288.08,291.25,1120916,57.766,58.806,57.616,58.25,5604580,0.0,1.0
2021-09-30 00:00:00+00:00,292.04,295.12,288.39,288.39,866662,58.408,59.024,57.678,57.678,4333310,0.0,1.0
2021-10-01 00:00:00+00:00,298.0,299.5,289.05,291.17,895869,59.6,59.9,57.81,58.234,4479345,0.0,1.0
2021-10-04 00:00:00+00:00,288.87,294.33,284.77,292.54,1015075,57.774,58.866,56.954,58.508,5075375,0.0,1.0
2021-10-05 00:00:00+00:00,298.52,301.0,291.62,293.62,1048188,59.704,60.2,58.324,58.724,5240940,0.0,1.0
2021-10-06 00:00:00+00:00,301.8,304.71,292.891,294.42,834252,60.36,60.942,58.5782,58.884,4171260,0.0,1.0
2021-10-07 00:00:00+00:00,309.62,313.24,304.015,304.63,741019,61.924,62.648,60.803,60.926,3705095,0.0,1.0
2021-10-08 00:00:00+00:00,307.17,312.2371,305.35,310.18,472614,61.434,62.44742,61.07,62.036,2363070,0.0,1.0
2021-10-11 00:00:00+00:00,306.8,309.11,302.8528,305.16,504827,61.36,61.822,60.57056,61.032,2524135,0.0,1.0
2021-10-12 00:00:00+00:00,306.58,310.86,305.7306,310.86,502060,61.316,62.172,61.14612,62.172,2510300,0.0,1.0
2021-10-13 00:00:00+00:00,310.1,314.0,308.0101,308.89,759685,62.02,62.8,61.60202,61.778,3798425,0.0,1.0
2021-10-14 00:00:00+00:00,313.81,318.88,311.1,314.89,890895,62.762,63.776,62.22,62.978,4454475,0.0,1.0
2021-10-15 00:00:00+00:00,315.29,316.575,311.73,314.96,739516,63.058,63.315,62.346,62.992,3697580,0.0,1.0
2021-10-18 00:00:00+00:00,326.74,326.89,315.46,315.46,929316,65.348,65.378,63.092,63.092,4646580,0.0,1.0
2021-10-19 00:00:00+00:00,332.12,333.09,326.5,328.85,909617,66.424,66.618,65.3,65.77,4548085,0.0,1.0
2021-10-20 00:00:00+00:00,333.45,336.61,328.62,334.21,706944,66.69,67.322,65.724,66.842,3534720,0.0,1.0
2021-10-21 00:00:00+00:00,334.34,334.46,327.695,333.84,621871,66.868,66.892,65.539,66.768,3109355,0.0,1.0
2021-10-22 00:00:00+00:00,335.29,338.8192,331.3001,334.86,456497,67.058,67.76384,66.26002,66.972,2282485,0.0,1.0
2021-10-25 00:00:00+00:00,331.91,345.25,331.02,337.6,994199,66.382,69.05,66.204,67.52,4970995,0.0,1.0
2021-10-26 00:00:00+00:00,322.63,334.1,320.0,333.96,1437586,64.526,66.82,64.0,66.792,7187930,0.0,1.0
2021-10-27 00:00:00+00:00,320.61,328.524,320.22,324.2,698303,64.122,65.7048,64.044,64.84,3491515,0.0,1.0
2021-10-28 00:00:00+00:00,327.38,327.64,320.68,320.68,568567,65.476,65.528,64.136,64.136,2842835,0.0,1.0
2021-10-29 00:00:00+00:00,336.34,337.94,325.0489,325.26,855325,67.268,67.588,65.00978,65.052,4276625,0.0,1.0
2021-11-01 00:00:00+00:00,324.11,337.99,319.06,336.34,1172705,64.822,67.598,63.812,67.268,5863525,0.0,1.0
2021-11-02 00:00:00+00:00,328.43,331.98,324.709,324.98,759665,65.686,66.396,64.9418,64.996,3798325,0.0,1.0
2021-11-03 00:00:00+00:00,329.92,332.36,322.22,330.06,686340,65.984,66.472,64.444,66.012,3431700,0.0,1.0
2021-11-04 00:00:00+00:00,338.4,338.5299,328.59,328.66,1149538,67.68,67.70598,65.718,65.732,5747690,0.0,1.0
2021-11-05 00:00:00+00:00,341.19,349.23,327.51,349.23,1679080,68.238,69.846,65.502,69.846,8395400,0.0,1.0
2021-11-08 00:00:00+00:00,351.19,355.35,341.36,345.0,1317783,70.238,71.07,68.272,69.0,6588915,0.0,1.0
2021-11-09 00:00:00+00:00,349.06,354.14,343.31,351.97,1001195,69.812,70.828,68.662,70.394,5005975,0.0,1.0
2021-11-10 00:00:00+00:00,333.16,346.0,329.4,345.67,1162336,66.632,69.2,65.88,69.134,5811680,0.0,1.0
2021-11-11 00:00:00+00:00,336.88,339.91,334.54,338.885,660899,67.376,67.982,66.908,67.777,3304495,0.0,1.0
2021-11-12 00:00:00+00:00,342.17,343.74,339.25,339.34,575897,68.434,68.748,67.85,67.868,2879485,0.0,1.0
2021-11-15 00:00:00+00:00,335.13,344.7523,331.79,344.7523,751375,67.026,68.95046,66.358,68.95046,3756875,0.0,1.0
2021-11-16 00:00:00+00:00,341.01,342.48,332.11,332.11,678170,68.202,68.496,66.422,66.422,3390850,0.0,1.0
2021-11-17 00:00:00+00:00,341.35,344.14,334.785,341.23,751378,68.27,68.828,66.957,68.246,3756890,0.0,1.0
2021-11-18 00:00:00+00:00,343.51,346.4,338.0701,341.0,693062,68.702,69.28,67.61402,68.2,3465310,0.0,1.0
2021-11-19 00:00:00+00:00,342.51,350.64,341.92,346.86,721729,68.502,70.128,68.384,69.372,3608645,0.0,1.0
2021-11-22 00:00:00+00:00,330.8,344.54,325.3083,343.7,1032007,66.16,68.908,65.06166,68.74,5160035,0.0,1.0
2021-11-23 00:00:00+00:00,327.48,333.15,318.265,326.57,1065554,65.496,66.63,63.653,65.314,5327770,0.0,1.0
2021-11-24 00:00:00+00:00,333.24,333.38,319.97,326.85,589254,66.648,66.676,63.994,65.37,2946270,0.0,1.0
2021-11-26 00:00:00+00:00,327.39,341.04,325.21,330.45,647150,65.478,68.208,65.042,66.09,3235750,0.0,1.0
2021-11-29 00:00:00+00:00,343.3,345.5,331.83,333.0,1047218,68.66,69.1,66.366,66.6,5236090,0.0,1.0
2021-11-30 00:00:00+00:00,332.11,347.77,330.33,344.64,1732119,66.422,69.554,66.066,68.928,8660595,0.0,1.0
2021-12-01 00:00:00+00:00,305.26,338.05,304.51,337.6,2301967,61.052,67.61,60.902,67.52,11509835,0.0,1.0
2021-12-02 00:00:00+00:00,313.11,314.6599,301.1,305.26,1698171,62.622,62.93198,60.22,61.052,8490855,0.0,1.0
2021-12-03 00:00:00+00:00,302.82,313.2471,296.67,310.88,2089788,60.564,62.64942,59.334,62.176,10448940,0.0,1.0
2021-12-06 00:00:00+00:00,292.04,300.52,289.24,297.79,2258591,58.408,60.104,57.848,59.558,11292955,0.0,1.0
2021-12-07 00:00:00+00:00,317.24,317.7,302.99,303.19,1290883,63.448,63.54,60.598,60.638,6454415,0.0,1.0
2021-12-08 00:00:00+00:00,322.44,323.875,311.43,317.23,1029465,64.488,64.775,62.286,63.446,5147325,0.0,1.0
2021-12-09 00:00:00+00:00,316.42,324.46,314.84,322.88,808301,63.284,64.892,62.968,64.576,4041505,0.0,1.0
2021-12-10 00:00:00+00:00,332.63,334.275,320.1,320.1,1380360,66.526,66.855,64.02,64.02,6901800,0.0,1.0
2021-12-13 00:00:00+00:00,331.6,339.3763,328.75,334.56,1424033,66.32,67.87526,65.75,66.912,7120165,0.0,1.0
2021-12-14 00:00:00+00:00,315.8,323.15,306.08,322.88,1698426,63.16,64.63,61.216,64.576,8492130,0.0,1.0
2021-12-15 00:00:00+00:00,336.78,337.61,315.9167,316.0,1653248,67.356,67.522,63.18334,63.2,8266240,0.0,1.0
2021-12-16 00:00:00+00:00,322.92,337.7,319.98,335.48,1457552,64.584,67.54,63.996,67.096,7287760,0.0,1.0
2021-12-17 00:00:00+00:00,333.83,337.19,315.12,316.37,9746924,66.766,67.438,63.024,63.274,48734620,0.0,1.0
2021-12-20 00:00:00+00:00,330.53,334.36,320.73,323.65,1472259,66.106,66.872,64.146,64.73,7361295,0.0,1.0
2021-12-21 00:00:00+00:00,339.25,339.775,323.2,334.78,1132464,67.85,67.955,64.64,66.956,5662320,0.0,1.0
2021-12-22 00:00:00+00:00,348.16,348.79,335.0,340.0,846656,69.632,69.758,67.0,68.0,4233280,0.0,1.0
2021-12-23 00:00:00+00:00,349.02,354.84,346.075,348.0,707304,69.804,70.968,69.215,69.6,3536520,0.0,1.0
2021-12-27 00:00:00+00:00,367.67,367.79,353.76,353.89,1019028,73.534,73.558,70.752,70.778,5095140,0.0,1.0
2021-12-28 00:00:00+00:00,366.0,370.0,361.52,370.0,765691,73.2,74.0,72.304,74.0,3828455,0.0,1.0
2021-12-29 00:00:00+00:00,366.74,371.77,362.71,366.25,595123,73.348,74.354,72.542,73.25,2975615,0.0,1.0
2021-12-30 00:00:00+00:00,359.78,370.2886,358.8,367.23,751044,71.956,74.05772,71.76,73.446,3755220,0.0,1.0
2021-12-31 00:00:00+00:00,359.4,363.555,358.93,359.76,528037,71.88,72.711,71.786,71.952,2640185,0.0,1.0
2022-01-03 00:00:00+00:00,333.12,362.1241,332.44,362.1241,1905241,66.624,72.42482,66.488,72.42482,9526205,0.0,1.0
2022-01-04 00:00:00+00:00,322.14,333.42,312.67,330.4992,1965848,64.428,66.684,62.534,66.09984,9829240,0.0,1.0
2022-01-05 00:00:00+00:00,303.49,319.7,302.91,315.88,2406573,60.698,63.94,60.582,63.176,12032865,0.0,1.0
2022-01-06 00:00:00+00:00,314.0,319.67,293.69,294.49,2400839,62.8,63.934,58.738,58.898,12004195,0.0,1.0
2022-01-07 00:00:00+00:00,314.66,319.83,309.0785,309.44,1761022,62.932,63.966,61.8157,61.888,8805110,0.0,1.0
2022-01-10 00:00:00+00:00,324.71,324.91,302.42,304.2224,2331511,64.942,64.982,60.484,60.84448,11657555,0.0,1.0
2022-01-11 00:00:00+00:00,323.56,324.0,314.0,317.73,1388255,64.712,64.8,62.8,63.546,6941275,0.0,1.0
2022-01-12 00:00:00+00:00,320.79,330.2527,318.2131,325.54,1402789,64.158,66.05054,63.64262,65.108,7013945,0.0,1.0
2022-01-13 00:00:00+00:00,307.88,322.7999,307.26,320.54,1294288,61.576,64.55998,61.452,64.108,6471440,0.0,1.0
2022-01-14 00:00:00+00:00,312.54,313.88,303.16,305.25,1282383,62.508,62.776,60.632,61.05,6411915,0.0,1.0
2022-01-18 00:00:00+00:00,308.47,317.64,303.05,304.08,1521739,61.694,63.528,60.61,60.816,7608695,0.0,1.0
2022-01-19 00:00:00+00:00,307.16,323.16,306.74,312.35,1160380,61.432,64.632,61.348,62.47,5801900,0.0,1.0
2022-01-20 00:00:00+00:00,304.99,317.94,304.65,309.98,1053565,60.998,63.588,60.93,61.996,5267825,0.0,1.0
2022-01-21 00:00:00+00:00,288.65,304.405,288.25,301.86,1949283,57.73,60.881,57.65,60.372,9746415,0.0,1.0
2022-01-24 00:00:00+00:00,290.37,290.75,262.84,282.66,3365199,58.074,58.15,52.568,56.532,16825995,0.0,1.0
2022-01-25 00:00:00+00:00,272.95,284.43,271.13,283.78,1740614,54.59,56.886,54.226,56.756,8703070,0.0,1.0
2022-01-26 00:00:00+00:00,271.15,286.51,268.31,281.8,1725763,54.23,57.302,53.662,56.36,8628815,0.0,1.0
2022-01-27 00:00:00+00:00,269.72,281.67,268.66,275.65,1233967,53.944,56.334,53.732,55.13,6169835,0.0,1.0
2022-01-28 00:00:00+00:00,282.16,282.56,265.2025,273.75,1469271,56.432,56.512,53.0405,54.75,7346355,0.0,1.0
2022-01-31 00:00:00+00:00,297.24,298.095,279.555,282.16,1820730,59.448,59.619,55.911,56.432,9103650,0.0,1.0
2022-02-01 00:00:00+00:00,302.18,303.13,291.79,297.84,1293380,60.436,60.626,58.358,59.568,6466900,0.0,1.0
2022-02-02 00:00:00+00:00,309.88,311.0,303.02,306.12,1707134,61.976,62.2,60.604,61.224,8535670,0.0,1.0
2022-02-03 00:00:00+00:00,297.0,310.5299,295.37,299.48,1771461,59.4,62.10598,59.074,59.896,8857305,0.0,1.0
2022-02-04 00:00:00+00:00,314.33,317.33,289.18,304.07,2544479,62.866,63.466,57.836,60.814,12722395,0.0,1.0
2022-02-07 00:00:00+00:00,307.22,316.9,305.77,311.4164,1184992,61.444,63.38,61.154,62.28328,5924960,0.0,1.0
2022-02-08 00:00:00+00:00,314.86,315.97,304.45,305.93,997755,62.972,63.194,60.89,61.186,4988775,0.0,1.0
2022-02-09 00:00:00+00:00,329.84,330.26,318.55,320.0,1381803,65.968,66.052,63.71,64.0,6909015,0.0,1.0
2022-02-10 00:00:00+00:00,325.36,332.36,320.52,321.25,1152954,65.072,66.472,64.104,64.25,5764770,0.0,1.0
2022-02-11 00:00:00+00:00,310.27,329.78,308.19,326.29,1176235,62.054,65.956,61.638,65.258,5881175,0.0,1.0
2022-02-14 00:00:00+00:00,310.35,316.78,306.45,311.12,1074081,62.07,63.356,61.29,62.224,5370405,0.0,1.0
2022-02-15 00:00:00+00:00,322.42,323.36,314.905,316.86,766061,64.484,64.672,62.981,63.372,3830305,0.0,1.0
2022-02-16 00:00:00+00:00,320.36,321.5224,310.3401,317.46,991100,64.072,64.30448,62.06802,63.492,4955500,0.0,1.0
2022-02-17 00:00:00+00:00,310.54,317.63,309.23,317.63,791430,62.108,63.526,61.846,63.526,3957150,0.0,1.0
2022-02-18 00:00:00+00:00,304.85,314.31,303.94,311.07,922579,60.97,62.862,60.788,62.214,4612895,0.0,1.0
2022-02-22 00:00:00+00:00,297.4,306.7,292.95,302.03,1332133,59.48,61.34,58.59,60.406,6660665,0.0,1.0
2022-02-23 00:00:00+00:00,284.51,303.7,283.42,300.45,1372408,56.902,60.74,56.684,60.09,6862040,0.0,1.0
2022-02-24 00:00:00+00:00,316.45,318.47,275.9419,277.88,2581143,63.29,63.694,55.18838,55.576,12905715,0.0,1.0
2022-02-25 00:00:00+00:00,324.97,325.56,310.0,316.96,1236480,64.994,65.112,62.0,63.392,6182400,0.0,1.0
2022-02-28 00:00:00+00:00,344.52,345.45,321.52,322.55,2401338,68.904,69.09,64.304,64.51,12006690,0.0,1.0
2022-03-01 00:00:00+00:00,337.83,351.515,334.22,346.05,1629570,67.566,70.303,66.844,69.21,8147850,0.0,1.0
2022-03-02 00:00:00+00:00,344.81,346.87,332.37,339.65,1173596,68.962,69.374,66.474,67.93,5867980,0.0,1.0
2022-03-03 00:00:00+00:00,336.35,348.29,331.5399,346.13,1135640,67.27,69.658,66.30798,69.226,5678200,0.0,1.0
2022-03-04 00:00:00+00:00,335.46,339.05,326.46,336.28,1215540,67.092,67.81,65.292,67.256,6077700,0.0,1.0
2022-03-07 00:00:00+00:00,291.37,337.96,290.84,333.72,2580615,58.274,67.592,58.168,66.744,12903075,0.0,1.0
2022-03-08 00:00:00+00:00,276.83,286.5,272.5,284.57,2113170,55.366,57.3,54.5,56.914,10565850,0.0,1.0
2022-03-09 00:00:00+00:00,287.43,289.3,274.03,285.11,2198856,57.486,57.86,54.806,57.022,10994280,0.0,1.0
2022-03-10 00:00:00+00:00,286.76,289.73,277.56,284.3,1467666,57.352,57.946,55.512,56.86,7338330,0.0,1.0
2022-03-11 00:00:00+00:00,279.13,292.06,278.52,292.06,1369052,55.826,58.412,55.704,58.412,6845260,0.0,1.0
2022-03-14 00:00:00+00:00,275.44,282.11,265.275,276.33,1996589,55.088,56.422,53.055,55.266,9982945,0.0,1.0
2022-03-15 00:00:00+00:00,283.32,283.98,273.76,278.45,1226134,56.664,56.796,54.752,55.69,6130670,0.0,1.0
2022-03-16 00:00:00+00:00,297.54,297.825,281.7,283.85,1830466,59.508,59.565,56.34,56.77,9152330,0.0,1.0
2022-03-17 00:00:00+00:00,303.48,303.54,289.2,293.71,1624027,60.696,60.708,57.84,58.742,8120135,0.0,1.0
2022-03-18 00:00:00+00:00,319.97,321.16,300.3,302.99,2551515,63.994,64.232,60.06,60.598,12757575,0.0,1.0
2022-03-21 00:00:00+00:00,314.53,318.86,305.8102,315.34,1588261,62.906,63.772,61.16204,63.068,7941305,0.0,1.0
2022-03-22 00:00:00+00:00,325.69,326.78,311.995,313.22,1283049,65.138,65.356,62.399,62.644,6415245,0.0,1.0
2022-03-23 00:00:00+00:00,321.43,329.55,318.17,323.75,786309,64.286,65.91,63.634,64.75,3931545,0.0,1.0
2022-03-24 00:00:00+00:00,335.71,336.35,318.3299,322.52,999665,67.142,67.27,63.66598,64.504,4998325,0.0,1.0
2022-03-25 00:00:00+00:00,332.73,336.15,322.03,333.0,858029,66.546,67.23,64.406,66.6,4290145,0.0,1.0
2022-03-28 00:00:00+00:00,338.53,341.23,329.61,333.0,774622,67.706,68.246,65.922,66.6,3873110,0.0,1.0
2022-03-29 00:00:00+00:00,347.48,348.59,336.36,344.56,1284223,69.496,69.718,67.272,68.912,6421115,0.0,1.0
2022-03-30 00:00:00+00:00,341.93,350.8,340.01,345.0,715637,68.386,70.16,68.002,69.0,3578185,0.0,1.0
2022-03-31 00:00:00+00:00,341.74,352.98,341.26,341.26,1218576,68.348,70.596,68.252,68.252,6092880,0.0,1.0
2022-04-01 00:00:00+00:00,339.01,345.1,336.02,341.01,724482,67.802,69.02,67.204,68.202,3622410,0.0,1.0
2022-04-04 00:00:00+00:00,346.69,347.6299,340.345,342.48,671644,69.338,69.52598,68.069,68.496,3358220,0.0,1.0
2022-04-05 00:00:00+00:00,341.89,346.98,338.645,346.24,819109,68.378,69.396,67.729,69.248,4095545,0.0,1.0
2022-04-06 00:00:00+00:00,332.07,337.79,328.52,335.31,983712,66.414,67.558,65.704,67.062,4918560,0.0,1.0
2022-04-07 00:00:00+00:00,338.12,344.515,331.27,331.27,1045711,67.624,68.903,66.254,66.254,5228555,0.0,1.0
2022-04-08 00:00:00+00:00,335.83,341.7059,333.9,335.12,723487,67.166,68.34118,66.78,67.024,3617435,0.0,1.0
2022-04-11 00:00:00+00:00,328.07,333.84,324.65,330.69,897024,65.614,66.768,64.93,66.138,4485120,0.0,1.0
2022-04-12 00:00:00+00:00,330.1,341.72,327.45,335.31,778831,66.02,68.344,65.49,67.062,3894155,0.0,1.0
2022-04-13 00:00:00+00:00,340.86,342.7,330.52,331.99,790926,68.172,68.54,66.104,66.398,3954630,0.0,1.0
2022-04-14 00:00:00+00:00,331.76,343.39,331.045,342.85,728972,66.352,68.678,66.209,68.57,3644860,0.0,1.0
2022-04-18 00:00:00+00:00,330.42,334.22,323.25,329.43,637618,66.084,66.844,64.65,65.886,3188090,0.0,1.0
2022-04-19 00:00:00+00:00,335.19,336.1559,325.46,329.37,760973,67.038,67.23118,65.092,65.874,3804865,0.0,1.0
2022-04-20 00:00:00+00:00,340.58,348.65,336.7323,338.0,1066852,68.116,69.73,67.34646,67.6,5334260,0.0,1.0
2022-04-21 00:00:00+00:00,321.26,357.58,320.43,344.58,1214163,64.252,71.516,64.086,68.916,6070815,0.0,1.0
2022-04-22 00:00:00+00:00,304.29,323.84,303.64,320.9,1052433,60.858,64.768,60.728,64.18,5262165,0.0,1.0
2022-04-25 00:00:00+00:00,323.49,324.305,301.01,302.13,1325245,64.698,64.861,60.202,60.426,6626225,0.0,1.0
2022-04-26 00:00:00+00:00,306.5,321.44,306.44,319.33,992505,61.3,64.288,61.288,63.866,4962525,0.0,1.0
2022-04-27 00:00:00+00:00,300.32,315.74,299.64,306.58,1037386,60.064,63.148,59.928,61.316,5186930,0.0,1.0
2022-04-28 00:00:00+00:00,308.65,311.89,296.67,304.24,1194406,61.73,62.378,59.334,60.848,5972030,0.0,1.0
2022-04-29 00:00:00+00:00,289.01,309.88,287.64,306.22,1202703,57.802,61.976,57.528,61.244,6013515,0.0,1.0
2022-05-02 00:00:00+00:00,292.02,294.49,283.53,288.56,1291273,58.404,58.898,56.706,57.712,6456365,0.0,1.0
2022-05-03 00:00:00+00:00,286.53,294.0,283.63,292.02,1013893,57.306,58.8,56.726,58.404,5069465,0.0,1.0
2022-05-04 00:00:00+00:00,287.37,288.4899,267.76,284.19,2253937,57.474,57.69798,53.552,56.838,11269685,0.0,1.0
2022-05-05 00:00:00+00:00,284.52,306.39,275.8,303.0,2638205,56.904,61.278,55.16,60.6,13191025,0.0,1.0
2022-05-06 00:00:00+00:00,266.37,279.5,263.26,279.12,1598958,53.274,55.9,52.652,55.824,7994790,0.0,1.0
2022-05-09 00:00:00+00:00,245.22,261.9,243.63,259.76,2147525,49.044,52.38,48.726,51.952,10737625,0.0,1.0
2022-05-10 00:00:00+00:00,261.79,267.2955,245.52,258.78,2633991,52.358,53.4591,49.104,51.756,13169955,0.0,1.0
2022-05-11 00:00:00+00:00,260.96,278.74,259.38,261.6,3133487,52.192,55.748,51.876,52.32,15667435,0.0,1.0
2022-05-12 00:00:00+00:00,266.66,277.4,254.0,257.0,2159617,53.332,55.48,50.8,51.4,10798085,0.0,1.0
2022-05-13 00:00:00+00:00,281.55,283.49,272.34,272.56,1734836,56.31,56.698,54.468,54.512,8674180,0.0,1.0
2022-05-16 00:00:00+00:00,275.57,287.38,274.78,279.3,1272131,55.114,57.476,54.956,55.86,6360655,0.0,1.0
2022-05-17 00:00:00+00:00,282.81,287.0,275.17,283.43,1544256,56.562,57.4,55.034,56.686,7721280,0.0,1.0
2022-05-18 00:00:00+00:00,270.58,283.28,268.4301,276.58,2239811,54.116,56.656,53.68602,55.316,11199055,0.0,1.0
2022-05-19 00:00:00+00:00,275.16,281.61,265.724,267.59,1670083,55.032,56.322,53.1448,53.518,8350415,0.0,1.0
2022-05-20 00:00:00+00:00,285.28,288.995,271.23,286.3,2293572,57.056,57.799,54.246,57.26,11467860,0.0,1.0
2022-05-23 00:00:00+00:00,286.37,292.53,283.59,286.45,1403812,57.274,58.506,56.718,57.29,7019060,0.0,1.0
2022-05-24 00:00:00+00:00,285.84,309.6,276.5675,282.04,1795881,57.168,61.92,55.3135,56.408,8979405,0.0,1.0
2022-05-25 00:00:00+00:00,287.32,290.72,280.18,280.95,1324718,57.464,58.144,56.036,56.19,6623590,0.0,1.0
2022-05-26 00:00:00+00:00,294.3,297.14,284.585,287.69,1242315,58.86,59.428,56.917,57.538,6211575,0.0,1.0
2022-05-27 00:00:00+00:00,297.87,299.64,292.28,297.15,1834662,59.574,59.928,58.456,59.43,9173310,0.0,1.0
2022-05-31 00:00:00+00:00,294.14,298.16,289.07,297.27,1973163,58.828,59.632,57.814,59.454,9865815,0.0,1.0
2022-06-01 00:00:00+00:00,289.06,299.25,287.22,296.26,1051419,57.812,59.85,57.444,59.252,5257095,0.0,1.0
2022-06-02 00:00:00+00:00,303.22,305.33,288.205,289.56,1102575,60.644,61.066,57.641,57.912,5512875,0.0,1.0
2022-06-03 00:00:00+00:00,296.64,299.64,291.98,298.12,984955,59.328,59.928,58.396,59.624,4924775,0.0,1.0
2022-06-06 00:00:00+00:00,296.97,301.49,295.16,300.92,655051,59.394,60.298,59.032,60.184,3275255,0.0,1.0
2022-06-07 00:00:00+00:00,305.38,306.48,292.74,293.72,829707,61.076,61.296,58.548,58.744,4148535,0.0,1.0
2022-06-08 00:00:00+00:00,300.53,307.08,300.215,304.1,683682,60.106,61.416,60.043,60.82,3418410,0.0,1.0
2022-06-09 00:00:00+00:00,303.5,312.03,297.6729,302.56,1194023,60.7,62.406,59.53458,60.512,5970115,0.0,1.0
2022-06-10 00:00:00+00:00,288.31,299.71,286.82,297.96,1373990,57.662,59.942,57.364,59.592,6869950,0.0,1.0
2022-06-13 00:00:00+00:00,266.49,279.15,265.05,277.99,1387798,53.298,55.83,53.01,55.598,6938990,0.0,1.0
2022-06-14 00:00:00+00:00,269.23,271.53,265.12,268.74,982727,53.846,54.306,53.024,53.748,4913635,0.0,1.0
2022-06-15 00:00:00+00:00,277.52,282.935,270.6946,272.45,1072362,55.504,56.587,54.13892,54.49,5361810,0.0,1.0
2022-06-16 00:00:00+00:00,263.73,272.77,261.68,270.44,1146154,52.746,54.554,52.336,54.088,5730770,0.0,1.0
2022-06-17 00:00:00+00:00,268.99,271.49,263.0,263.12,2350357,53.798,54.298,52.6,52.624,11751785,0.0,1.0
2022-06-21 00:00:00+00:00,281.01,285.0,275.47,275.9,1153756,56.202,57.0,55.094,55.18,5768780,0.0,1.0
2022-06-22 00:00:00+00:00,278.44,284.56,275.5,275.99,819319,55.688,56.912,55.1,55.198,4096595,0.0,1.0
2022-06-23 00:00:00+00:00,56.8,57.36,55.19,56.202,4574937,56.8,57.36,55.19,56.202,4574937,0.0,5.0
2022-06-24 00:00:00+00:00,59.13,59.38,56.38,57.51,7996945,59.13,59.38,56.38,57.51,7996945,0.0,1.0
2022-06-27 00:00:00+00:00,58.85,60.39,57.58,58.97,3179612,58.85,60.39,57.58,58.97,3179612,0.0,1.0
2022-06-28 00:00:00+00:00,57.29,60.59,57.06,59.61,4750698,57.29,60.59,57.06,59.61,4750698,0.0,1.0
2022-06-29 00:00:00+00:00,57.17,57.95,56.45,57.25,3357635,57.17,57.95,56.45,57.25,3357635,0.0,1.0
2022-06-30 00:00:00+00:00,56.58,57.36,55.845,56.75,4280082,56.58,57.36,55.845,56.75,4280082,0.0,1.0
2022-07-01 00:00:00+00:00,57.37,57.63,55.78,56.4,2661730,57.37,57.63,55.78,56.4,2661730,0.0,1.0
2022-07-05 00:00:00+00:00,59.0,59.2,56.04,56.13,3437794,59.0,59.2,56.04,56.13,3437794,0.0,1.0
2022-07-06 00:00:00+00:00,59.87,60.6,59.09,59.52,4152507,59.87,60.6,59.09,59.52,4152507,0.0,1.0
2022-07-07 00:00:00+00:00,61.62,61.92,59.805,60.25,5456503,61.62,61.92,59.805,60.25,5456503,0.0,1.0
2022-07-08 00:00:00+00:00,62.7,63.11,60.59,61.26,3691572,62.7,63.11,60.59,61.26,3691572,0.0,1.0
2022-07-11 00:00:00+00:00,62.28,62.64,61.36,62.233,3549150,62.28,62.64,61.36,62.233,3549150,0.0,1.0
2022-07-12 00:00:00+00:00,59.62,63.56,59.135,63.0,5614699,59.62,63.56,59.135,63.0,5614699,0.0,1.0
2022-07-13 00:00:00+00:00,58.91,59.91,57.441,58.1,3750947,58.91,59.91,57.441,58.1,3750947,0.0,1.0
2022-07-14 00:00:00+00:00,57.64,58.32,55.5701,58.29,4630826,57.64,58.32,55.5701,58.29,4630826,0.0,1.0
2022-07-15 00:00:00+00:00,60.22,60.58,58.08,58.08,4738287,60.22,60.58,58.08,58.08,4738287,0.0,1.0
2022-07-18 00:00:00+00:00,58.0,60.9,57.78,60.43,4819287,58.0,60.9,57.78,60.43,4819287,0.0,1.0
2022-07-19 00:00:00+00:00,59.2,59.59,58.34,59.32,7184898,59.2,59.59,58.34,59.32,7184898,0.0,1.0
2022-07-20 00:00:00+00:00,59.64,60.6311,58.84,59.53,5244886,59.64,60.6311,58.84,59.53,5244886,0.0,1.0
2022-07-21 00:00:00+00:00,61.86,61.93,59.02,59.97,3901157,61.86,61.93,59.02,59.97,3901157,0.0,1.0
2022-07-22 00:00:00+00:00,61.23,63.4,60.91,62.32,2397553,61.23,63.4,60.91,62.32,2397553,0.0,1.0
2022-07-25 00:00:00+00:00,61.0,61.24,59.95,61.18,3182922,61.0,61.24,59.95,61.18,3182922,0.0,1.0
2022-07-26 00:00:00+00:00,56.26,61.21,55.21,61.21,6507243,56.26,61.21,55.21,61.21,6507243,0.0,1.0
2022-07-27 00:00:00+00:00,57.93,58.5425,56.35,57.31,4262441,57.93,58.5425,56.35,57.31,4262441,0.0,1.0
2022-07-28 00:00:00+00:00,59.4,59.63,57.35,58.26,3886293,59.4,59.63,57.35,58.26,3886293,0.0,1.0
2022-07-29 00:00:00+00:00,59.65,59.93,58.53,59.46,4806095,59.65,59.93,58.53,59.46,4806095,0.0,1.0
2022-08-01 00:00:00+00:00,60.06,60.95,58.58,59.03,3960299,60.06,60.95,58.58,59.03,3960299,0.0,1.0
2022-08-02 00:00:00+00:00,60.37,61.03,59.4,59.55,4032542,60.37,61.03,59.4,59.55,4032542,0.0,1.0
2022-08-03 00:00:00+00:00,62.88,63.16,60.83,61.19,6500514,62.88,63.16,60.83,61.19,6500514,0.0,1.0
2022-08-04 00:00:00+00:00,52.61,56.96,52.0,56.83,19687502,52.61,56.96,52.0,56.83,19687502,0.0,1.0
2022-08-05 00:00:00+00:00,53.39,53.45,51.24,52.0,11779803,53.39,53.45,51.24,52.0,11779803,0.0,1.0
2022-08-08 00:00:00+00:00,53.32,54.37,53.17,53.52,6173403,53.32,54.37,53.17,53.52,6173403,0.0,1.0
2022-08-09 00:00:00+00:00,52.19,53.36,51.9,52.91,4390974,52.19,53.36,51.9,52.91,4390974,0.0,1.0
2022-08-10 00:00:00+00:00,53.89,54.32,53.34,54.04,6173795,53.89,54.32,53.34,54.04,6173795,0.0,1.0
2022-08-11 00:00:00+00:00,52.52,54.87,52.41,54.29,5496374,52.52,54.87,52.41,54.29,5496374,0.0,1.0
2022-08-12 00:00:00+00:00,54.29,54.41,52.79,53.07,5007717,54.29,54.41,52.79,53.07,5007717,0.0,1.0
2022-08-15 00:00:00+00:00,54.08,54.53,53.76,53.9,3109708,54.08,54.53,53.76,53.9,3109708,0.0,1.0
2022-08-16 00:00:00+00:00,52.94,54.27,52.32,53.84,4902275,52.94,54.27,52.32,53.84,4902275,0.0,1.0
2022-08-17 00:00:00+00:00,51.93,52.64,51.63,52.33,4814184,51.93,52.64,51.63,52.33,4814184,0.0,1.0
2022-08-18 00:00:00+00:00,52.27,52.56,51.82,52.07,3793675,52.27,52.56,51.82,52.07,3793675,0.0,1.0
2022-08-19 00:00:00+00:00,51.29,52.16,51.07,51.865,4369387,51.29,52.16,51.07,51.865,4369387,0.0,1.0
2022-08-22 00:00:00+00:00,50.32,50.79,49.71,50.28,6160763,50.32,50.79,49.71,50.28,6160763,0.0,1.0
2022-08-23 00:00:00+00:00,50.59,52.32,50.51,50.91,6809892,50.59,52.32,50.51,50.91,6809892,0.0,1.0
2022-08-24 00:00:00+00:00,50.16,50.9,49.98,50.74,3366019,50.16,50.9,49.98,50.74,3366019,0.0,1.0
2022-08-25 00:00:00+00:00,50.87,50.97,50.18,50.665,4258870,50.87,50.97,50.18,50.665,4258870,0.0,1.0
2022-08-26 00:00:00+00:00,49.57,51.22,49.42,51.22,7008612,49.57,51.22,49.42,51.22,7008612,0.0,1.0
2022-08-29 00:00:00+00:00,48.69,49.49,48.57,49.345,5818826,48.69,49.49,48.57,49.345,5818826,0.0,1.0
2022-08-30 00:00:00+00:00,49.04,49.355,48.31,49.185,6129994,49.04,49.355,48.31,49.185,6129994,0.0,1.0
2022-08-31 00:00:00+00:00,48.69,50.18,48.49,49.45,5860023,48.69,50.18,48.49,49.45,5860023,0.0,1.0
2022-09-01 00:00:00+00:00,48.55,48.6,47.37,48.04,5723816,48.55,48.6,47.37,48.04,5723816,0.0,1.0
2022-09-02 00:00:00+00:00,48.6,49.55,48.34,49.08,6405123,48.6,49.55,48.34,49.08,6405123,0.0,1.0
2022-09-06 00:00:00+00:00,49.65,49.94,48.03,48.68,7441742,49.65,49.94,48.03,48.68,7441742,0.0,1.0
2022-09-07 00:00:00+00:00,50.45,50.64,49.29,49.88,5120837,50.45,50.64,49.29,49.88,5120837,0.0,1.0
2022-09-08 00:00:00+00:00,51.71,51.84,49.98,50.21,4492249,51.71,51.84,49.98,50.21,4492249,0.0,1.0
2022-09-09 00:00:00+00:00,53.59,53.69,52.08,52.08,5488832,53.59,53.69,52.08,52.08,5488832,0.0,1.0
2022-09-12 00:00:00+00:00,55.84,55.94,53.75,53.78,7382447,55.84,55.94,53.75,53.78,7382447,0.0,1.0
2022-09-13 00:00:00+00:00,51.87,53.62,51.8,53.23,7693733,51.87,53.62,51.8,53.23,7693733,0.0,1.0
2022-09-14 00:00:00+00:00,51.94,52.32,51.05,52.25,4542249,51.94,52.32,51.05,52.25,4542249,0.0,1.0
2022-09-15 00:00:00+00:00,50.82,52.48,50.535,51.92,6011877,50.82,52.48,50.535,51.92,6011877,0.0,1.0
2022-09-16 00:00:00+00:00,50.42,50.64,49.6,50.19,10405467,50.42,50.64,49.6,50.19,10405467,0.0,1.0
2022-09-19 00:00:00+00:00,50.74,50.84,49.61,49.61,3593398,50.74,50.84,49.61,49.61,3593398,0.0,1.0
2022-09-20 00:00:00+00:00,50.77,51.1,50.17,50.33,3590266,50.77,51.1,50.17,50.33,3590266,0.0,1.0
2022-09-21 00:00:00+00:00,49.8,51.8,49.76,51.11,4367552,49.8,51.8,49.76,51.11,4367552,0.0,1.0
2022-09-22 00:00:00+00:00,48.74,50.17,48.64,49.51,4006297,48.74,50.17,48.64,49.51,4006297,0.0,1.0
2022-09-23 00:00:00+00:00,48.59,48.92,47.95,48.5,4248348,48.59,48.92,47.95,48.5,4248348,0.0,1.0
2022-09-26 00:00:00+00:00,48.29,49.54,48.21,48.77,3514589,48.29,49.54,48.21,48.77,3514589,0.0,1.0
2022-09-27 00:00:00+00:00,48.5,49.74,47.865,49.01,4214915,48.5,49.74,47.865,49.01,4214915,0.0,1.0
2022-09-28 00:00:00+00:00,49.97,50.23,48.3982,48.94,3878541,49.97,50.23,48.3982,48.94,3878541,0.0,1.0
2022-09-29 00:00:00+00:00,49.63,49.86,48.49,49.5,3470094,49.63,49.86,48.49,49.5,3470094,0.0,1.0
2022-09-30 00:00:00+00:00,49.13,50.5909,49.06,49.59,4727179,49.13,50.5909,49.06,49.59,4727179,0.0,1.0
2022-10-03 00:00:00+00:00,50.96,51.385,49.33,49.58,5040495,50.96,51.385,49.33,49.58,5040495,0.0,1.0
2022-10-04 00:00:00+00:00,52.68,53.08,52.11,52.27,3892419,52.68,53.08,52.11,52.27,3892419,0.0,1.0
2022-10-05 00:00:00+00:00,53.59,53.85,51.69,51.7,3368094,53.59,53.85,51.69,51.7,3368094,0.0,1.0
2022-10-06 00:00:00+00:00,53.74,54.75,53.56,53.785,4983333,53.74,54.75,53.56,53.785,4983333,0.0,1.0
2022-10-07 00:00:00+00:00,51.47,53.16,50.951,52.68,5489920,51.47,53.16,50.951,52.68,5489920,0.0,1.0
2022-10-10 00:00:00+00:00,51.23,53.84,50.83,53.31,6974998,51.23,53.84,50.83,53.31,6974998,0.0,1.0
2022-10-11 00:00:00+00:00,48.58,51.06,48.29,50.81,6377629,48.58,51.06,48.29,50.81,6377629,0.0,1.0
2022-10-12 00:00:00+00:00,48.21,48.95,47.4,48.81,4970399,48.21,48.95,47.4,48.81,4970399,0.0,1.0
2022-10-13 00:00:00+00:00,49.2,49.63,45.74,46.46,5114592,49.2,49.63,45.74,46.46,5114592,0.0,1.0
2022-10-14 00:00:00+00:00,48.13,50.27,48.07,50.06,4752942,48.13,50.27,48.07,50.06,4752942,0.0,1.0
2022-10-17 00:00:00+00:00,50.46,50.74,49.67,49.67,5594577,50.46,50.74,49.67,49.67,5594577,0.0,1.0
2022-10-18 00:00:00+00:00,51.56,52.75,50.66,52.19,5121994,51.56,52.75,50.66,52.19,5121994,0.0,1.0
2022-10-19 00:00:00+00:00,51.79,52.74,51.09,51.17,4373777,51.79,52.74,51.09,51.17,4373777,0.0,1.0
2022-10-20 00:00:00+00:00,51.59,53.13,51.3,52.02,4433508,51.59,53.13,51.3,52.02,4433508,0.0,1.0
2022-10-21 00:00:00+00:00,53.75,53.87,50.94,51.72,5512162,53.75,53.87,50.94,51.72,5512162,0.0,1.0
2022-10-24 00:00:00+00:00,54.9,55.5,52.8265,54.34,5905886,54.9,55.5,52.8265,54.34,5905886,0.0,1.0
2022-10-25 00:00:00+00:00,55.92,56.75,54.98,54.98,5524345,55.92,56.75,54.98,54.98,5524345,0.0,1.0
2022-10-26 00:00:00+00:00,55.49,57.2477,54.8,55.09,5976165,55.49,57.2477,54.8,55.09,5976165,0.0,1.0
2022-10-27 00:00:00+00:00,56.01,57.0,55.51,56.2,4246197,56.01,57.0,55.51,56.2,4246197,0.0,1.0
2022-10-28 00:00:00+00:00,57.1,57.16,55.27,56.36,3795562,57.1,57.16,55.27,56.36,3795562,0.0,1.0
2022-10-31 00:00:00+00:00,57.16,57.335,55.9,56.39,5405877,57.16,57.335,55.9,56.39,5405877,0.0,1.0
2022-11-01 00:00:00+00:00,56.42,58.29,56.39,57.86,4765894,56.42,58.29,56.39,57.86,4765894,0.0,1.0
2022-11-02 00:00:00+00:00,53.23,56.33,53.085,56.2,9976918,53.23,56.33,53.085,56.2,9976918,0.0,1.0
2022-11-03 00:00:00+00:00,45.93,47.34,42.6101,45.55,16959841,45.93,47.34,42.6101,45.55,16959841,0.0,1.0
2022-11-04 00:00:00+00:00,47.1,47.31,45.15,46.21,9579970,47.1,47.31,45.15,46.21,9579970,0.0,1.0
2022-11-07 00:00:00+00:00,47.86,48.27,45.94,47.22,6168103,47.86,48.27,45.94,47.22,6168103,0.0,1.0
2022-11-08 00:00:00+00:00,50.6,51.24,48.15,48.51,7080982,50.6,51.24,48.15,48.51,7080982,0.0,1.0
2022-11-09 00:00:00+00:00,49.88,50.515,49.59,50.25,4717297,49.88,50.515,49.59,50.25,4717297,0.0,1.0
2022-11-10 00:00:00+00:00,54.39,54.74,52.78,53.27,7428165,54.39,54.74,52.78,53.27,7428165,0.0,1.0
2022-11-11 00:00:00+00:00,56.13,56.23,53.76,54.0,6267068,56.13,56.23,53.76,54.0,6267068,0.0,1.0
2022-11-14 00:00:00+00:00,55.52,56.905,54.8,55.7,5687773,55.52,56.905,54.8,55.7,5687773,0.0,1.0
2022-11-15 00:00:00+00:00,56.2,57.39,55.66,56.9,4498314,56.2,57.39,55.66,56.9,4498314,0.0,1.0
2022-11-16 00:00:00+00:00,54.69,55.98,54.51,55.68,4280673,54.69,55.98,54.51,55.68,4280673,0.0,1.0
2022-11-17 00:00:00+00:00,54.14,54.54,52.68,53.46,5430229,54.14,54.54,52.68,53.46,5430229,0.0,1.0
2022-11-18 00:00:00+00:00,52.15,55.8,51.26,55.8,6356989,52.15,55.8,51.26,55.8,6356989,0.0,1.0
2022-11-21 00:00:00+00:00,52.32,52.59,51.4,51.555,3731795,52.32,52.59,51.4,51.555,3731795,0.0,1.0
2022-11-22 00:00:00+00:00,52.28,52.85,51.22,52.78,4935640,52.28,52.85,51.22,52.78,4935640,0.0,1.0
2022-11-23 00:00:00+00:00,53.35,53.58,51.84,52.25,2997239,53.35,53.58,51.84,52.25,2997239,0.0,1.0
2022-11-25 00:00:00+00:00,52.91,53.48,52.87,53.08,2117775,52.91,53.48,52.87,53.08,2117775,0.0,1.0
2022-11-28 00:00:00+00:00,52.08,53.24,51.89,52.97,3905900,52.08,53.24,51.89,52.97,3905900,0.0,1.0
2022-11-29 00:00:00+00:00,51.59,52.3,50.84,52.25,5729062,51.59,52.3,50.84,52.25,5729062,0.0,1.0
2022-11-30 00:00:00+00:00,53.16,53.19,50.48,51.23,11465916,53.16,53.19,50.48,51.23,11465916,0.0,1.0
2022-12-01 00:00:00+00:00,55.38,55.55,53.35,53.63,4410179,55.38,55.55,53.35,53.63,4410179,0.0,1.0
2022-12-02 00:00:00+00:00,53.61,54.36,52.96,54.11,4685425,53.61,54.36,52.96,54.11,4685425,0.0,1.0
2022-12-05 00:00:00+00:00,51.67,52.83,51.14,52.72,3644072,51.67,52.83,51.14,52.72,3644072,0.0,1.0
2022-12-06 00:00:00+00:00,50.85,51.891,50.63,51.77,3714526,50.85,51.891,50.63,51.77,3714526,0.0,1.0
2022-12-07 00:00:00+00:00,51.6,51.77,50.37,50.74,3172643,51.6,51.77,50.37,50.74,3172643,0.0,1.0
2022-12-08 00:00:00+00:00,52.91,53.39,51.17,51.92,4108989,52.91,53.39,51.17,51.92,4108989,0.0,1.0
2022-12-09 00:00:00+00:00,52.13,52.9499,51.88,52.78,3784844,52.13,52.9499,51.88,52.78,3784844,0.0,1.0
2022-12-12 00:00:00+00:00,53.64,54.06,52.3,52.46,3808504,53.64,54.06,52.3,52.46,3808504,0.0,1.0
2022-12-13 00:00:00+00:00,54.71,56.706,53.81,56.65,4640555,54.71,56.706,53.81,56.65,4640555,0.0,1.0
2022-12-14 00:00:00+00:00,54.27,55.8,53.68,55.01,3709422,54.27,55.8,53.68,55.01,3709422,0.0,1.0
2022-12-15 00:00:00+00:00,52.17,53.995,52.01,53.54,4502605,52.17,53.995,52.01,53.54,4502605,0.0,1.0
2022-12-16 00:00:00+00:00,51.92,52.5,51.37,51.54,14845496,51.92,52.5,51.37,51.54,14845496,0.0,1.0
2022-12-19 00:00:00+00:00,49.98,51.74,49.67,51.74,4871639,49.98,51.74,49.67,51.74,4871639,0.0,1.0
2022-12-20 00:00:00+00:00,50.47,50.73,49.26,49.52,4342127,50.47,50.73,49.26,49.52,4342127,0.0,1.0
2022-12-21 00:00:00+00:00,50.01,50.3,47.04,50.3,6803119,50.01,50.3,47.04,50.3,6803119,0.0,1.0
2022-12-22 00:00:00+00:00,49.15,49.99,48.45,49.64,4906815,49.15,49.99,48.45,49.64,4906815,0.0,1.0
2022-12-23 00:00:00+00:00,48.73,49.22,48.29,48.97,2958818,48.73,49.22,48.29,48.97,2958818,0.0,1.0
2022-12-27 00:00:00+00:00,48.55,49.23,47.9,48.44,2804555,48.55,49.23,47.9,48.44,2804555,0.0,1.0
2022-12-28 00:00:00+00:00,47.86,49.03,47.795,48.495,2633166,47.86,49.03,47.795,48.495,2633166,0.0,1.0
2022-12-29 00:00:00+00:00,49.21,49.37,48.0,48.1,2668139,49.21,49.37,48.0,48.1,2668139,0.0,1.0
2022-12-30 00:00:00+00:00,48.89,48.9213,48.15,48.55,2338869,48.89,48.9213,48.15,48.55,2338869,0.0,1.0
2023-01-03 00:00:00+00:00,48.52,50.25,48.015,49.53,4647541,48.52,50.25,48.015,49.53,4647541,0.0,1.0
2023-01-04 00:00:00+00:00,48.3,49.47,47.96,49.02,4674756,48.3,49.47,47.96,49.02,4674756,0.0,1.0
2023-01-05 00:00:00+00:00,47.45,48.175,46.545,47.77,6585086,47.45,48.175,46.545,47.77,6585086,0.0,1.0
2023-01-06 00:00:00+00:00,48.69,48.86,47.075,48.32,5223692,48.69,48.86,47.075,48.32,5223692,0.0,1.0
2023-01-09 00:00:00+00:00,49.41,50.67,49.3,49.41,4539775,49.41,50.67,49.3,49.41,4539775,0.0,1.0
2023-01-10 00:00:00+00:00,48.42,50.15,48.1,49.12,5314078,48.42,50.15,48.1,49.12,5314078,0.0,1.0
2023-01-11 00:00:00+00:00,48.8,49.06,48.15,48.84,4111294,48.8,49.06,48.15,48.84,4111294,0.0,1.0
2023-01-12 00:00:00+00:00,48.4,48.635,47.19,48.13,4932537,48.4,48.635,47.19,48.13,4932537,0.0,1.0
2023-01-13 00:00:00+00:00,48.87,49.04,45.88,46.25,6281654,48.87,49.04,45.88,46.25,6281654,0.0,1.0
2023-01-17 00:00:00+00:00,50.1,50.45,48.43,48.76,5436649,50.1,50.45,48.43,48.76,5436649,0.0,1.0
2023-01-18 00:00:00+00:00,48.38,51.52,48.31,50.68,4894771,48.38,51.52,48.31,50.68,4894771,0.0,1.0
2023-01-19 00:00:00+00:00,48.42,49.02,47.78,48.11,4632012,48.42,49.02,47.78,48.11,4632012,0.0,1.0
2023-01-20 00:00:00+00:00,49.27,49.355,48.5,48.55,5372895,49.27,49.355,48.5,48.55,5372895,0.0,1.0
2023-01-23 00:00:00+00:00,50.51,50.55,48.89,49.27,5771266,50.51,50.55,48.89,49.27,5771266,0.0,1.0
2023-01-24 00:00:00+00:00,51.09,51.45,50.1,50.47,4698034,51.09,51.45,50.1,50.47,4698034,0.0,1.0
2023-01-25 00:00:00+00:00,51.76,51.91,49.43,50.21,5872659,51.76,51.91,49.43,50.21,5872659,0.0,1.0
2023-01-26 00:00:00+00:00,53.21,54.57,51.935,53.33,6410609,53.21,54.57,51.935,53.33,6410609,0.0,1.0
2023-01-27 00:00:00+00:00,52.7,53.13,51.71,51.9,5257089,52.7,53.13,51.71,51.9,5257089,0.0,1.0
2023-01-30 00:00:00+00:00,51.05,52.405,50.92,52.34,5248754,51.05,52.405,50.92,52.34,5248754,0.0,1.0
2023-01-31 00:00:00+00:00,52.34,52.53,50.92,51.09,6031284,52.34,52.53,50.92,51.09,6031284,0.0,1.0
2023-02-01 00:00:00+00:00,53.09,53.585,51.42,52.15,9170552,53.09,53.585,51.42,52.15,9170552,0.0,1.0
2023-02-02 00:00:00+00:00,53.845,54.33,53.0,53.01,6790021,53.845,54.33,53.0,53.01,6790021,0.0,1.0
2023-02-03 00:00:00+00:00,53.0,53.74,52.535,52.87,5467718,53.0,53.74,52.535,52.87,5467718,0.0,1.0
2023-02-06 00:00:00+00:00,51.99,53.47,51.88,52.47,4853644,51.99,53.47,51.88,52.47,4853644,0.0,1.0
2023-02-07 00:00:00+00:00,53.78,54.19,51.79,52.55,9785529,53.78,54.19,51.79,52.55,9785529,0.0,1.0
2023-02-08 00:00:00+00:00,59.64,61.45,58.72,60.75,18344640,59.64,61.45,58.72,60.75,18344640,0.0,1.0
2023-02-09 00:00:00+00:00,57.82,60.83,57.65,60.755,9973302,57.82,60.83,57.65,60.755,9973302,0.0,1.0
2023-02-10 00:00:00+00:00,59.61,59.689,57.1,57.42,5564420,59.61,59.689,57.1,57.42,5564420,0.0,1.0
2023-02-13 00:00:00+00:00,60.15,60.46,59.3268,59.76,4507535,60.15,60.46,59.3268,59.76,4507535,0.0,1.0
2023-02-14 00:00:00+00:00,61.19,61.5,59.88,60.15,5190087,61.19,61.5,59.88,60.15,5190087,0.0,1.0
2023-02-15 00:00:00+00:00,62.81,63.02,60.71,60.99,5235525,62.81,63.02,60.71,60.99,5235525,0.0,1.0
2023-02-16 00:00:00+00:00,61.39,62.61,61.225,62.0,4033854,61.39,62.61,61.225,62.0,4033854,0.0,1.0
2023-02-17 00:00:00+00:00,60.64,61.3,60.29,60.87,3687234,60.64,61.3,60.29,60.87,3687234,0.0,1.0
2023-02-21 00:00:00+00:00,59.71,60.37,59.3,59.79,4515537,59.71,60.37,59.3,59.79,4515537,0.0,1.0
2023-02-22 00:00:00+00:00,60.21,61.25,59.77,60.6,5662901,60.21,61.25,59.77,60.6,5662901,0.0,1.0
2023-02-23 00:00:00+00:00,60.58,60.7862,59.34,60.61,4123799,60.58,60.7862,59.34,60.61,4123799,0.0,1.0
2023-02-24 00:00:00+00:00,58.86,59.85,58.57,59.39,3730481,58.86,59.85,58.57,59.39,3730481,0.0,1.0
2023-02-27 00:00:00+00:00,59.62,60.1403,59.382,59.68,3597166,59.62,60.1403,59.382,59.68,3597166,0.0,1.0
2023-02-28 00:00:00+00:00,59.44,60.09,59.08,59.63,3962266,59.44,60.09,59.08,59.63,3962266,0.0,1.0
2023-03-01 00:00:00+00:00,58.44,59.54,58.301,59.54,3352973,58.44,59.54,58.301,59.54,3352973,0.0,1.0
2023-03-02 00:00:00+00:00,59.64,60.04,58.16,58.41,3444011,59.64,60.04,58.16,58.41,3444011,0.0,1.0
2023-03-03 00:00:00+00:00,60.84,60.9,59.53,59.68,3870891,60.84,60.9,59.53,59.68,3870891,0.0,1.0
2023-03-06 00:00:00+00:00,61.31,61.76,60.655,61.11,2542930,61.31,61.76,60.655,61.11,2542930,0.0,1.0
2023-03-07 00:00:00+00:00,60.37,61.99,60.11,61.0,5258114,60.37,61.99,60.11,61.0,5258114,0.0,1.0
2023-03-08 00:00:00+00:00,61.79,61.99,59.7501,60.66,5047405,61.79,61.99,59.7501,60.66,5047405,0.0,1.0
2023-03-09 00:00:00+00:00,59.95,62.08,59.86,61.46,4940399,59.95,62.08,59.86,61.46,4940399,0.0,1.0
2023-03-10 00:00:00+00:00,58.76,60.47,58.6,60.015,4381780,58.76,60.47,58.6,60.015,4381780,0.0,1.0
2023-03-13 00:00:00+00:00,59.27,60.169,57.625,58.22,4772371,59.27,60.169,57.625,58.22,4772371,0.0,1.0
2023-03-14 00:00:00+00:00,60.89,61.09,59.89,60.35,3887517,60.89,61.09,59.89,60.35,3887517,0.0,1.0
2023-03-15 00:00:00+00:00,60.39,61.22,59.72,60.61,3450425,60.39,61.22,59.72,60.61,3450425,0.0,1.0
2023-03-16 00:00:00+00:00,61.88,61.97,59.9,60.34,3994330,61.88,61.97,59.9,60.34,3994330,0.0,1.0
2023-03-17 00:00:00+00:00,61.22,62.47,60.7,61.72,8196983,61.22,62.47,60.7,61.72,8196983,0.0,1.0
2023-03-20 00:00:00+00:00,61.54,61.58,60.76,60.91,4768262,61.54,61.58,60.76,60.91,4768262,0.0,1.0
2023-03-21 00:00:00+00:00,62.46,62.6056,60.87,61.75,3661932,62.46,62.6056,60.87,61.75,3661932,0.0,1.0
2023-03-22 00:00:00+00:00,61.21,63.2,61.17,62.3,2859419,61.21,63.2,61.17,62.3,2859419,0.0,1.0
2023-03-23 00:00:00+00:00,63.25,63.945,62.0,62.1,4429908,63.25,63.945,62.0,62.1,4429908,0.0,1.0
2023-03-24 00:00:00+00:00,62.99,63.25,62.02,62.92,3384685,62.99,63.25,62.02,62.92,3384685,0.0,1.0
2023-03-27 00:00:00+00:00,63.98,64.33,63.1747,63.26,5029826,63.98,64.33,63.1747,63.26,5029826,0.0,1.0
2023-03-28 00:00:00+00:00,64.27,64.6,63.505,63.73,3993197,64.27,64.6,63.505,63.73,3993197,0.0,1.0
2023-03-29 00:00:00+00:00,64.81,65.098,64.36,65.04,4280265,64.81,65.098,64.36,65.04,4280265,0.0,1.0
2023-03-30 00:00:00+00:00,65.81,65.875,65.09,65.2,3681561,65.81,65.875,65.09,65.2,3681561,0.0,1.0
2023-03-31 00:00:00+00:00,66.46,66.57,65.551,66.02,5714939,66.46,66.57,65.551,66.02,5714939,0.0,1.0
2023-04-03 00:00:00+00:00,66.31,66.38,65.65,65.82,3343034,66.31,66.38,65.65,65.82,3343034,0.0,1.0
2023-04-04 00:00:00+00:00,65.97,66.72,65.53,66.57,3402003,65.97,66.72,65.53,66.57,3402003,0.0,1.0
2023-04-05 00:00:00+00:00,65.15,66.26,64.705,65.68,3864954,65.15,66.26,64.705,65.68,3864954,0.0,1.0
2023-04-06 00:00:00+00:00,65.52,65.58,64.2593,64.75,2772246,65.52,65.58,64.2593,64.75,2772246,0.0,1.0
2023-04-10 00:00:00+00:00,66.91,67.44,64.65,64.8,5934740,66.91,67.44,64.65,64.8,5934740,0.0,1.0
2023-04-11 00:00:00+00:00,67.0,67.64,66.55,66.71,3107935,67.0,67.64,66.55,66.71,3107935,0.0,1.0
2023-04-12 00:00:00+00:00,67.19,68.1799,66.96,67.57,3890275,67.19,68.1799,66.96,67.57,3890275,0.0,1.0
2023-04-13 00:00:00+00:00,68.39,68.85,67.51,67.67,4195259,68.39,68.85,67.51,67.67,4195259,0.0,1.0
2023-04-14 00:00:00+00:00,68.07,69.07,67.42,68.27,4049580,68.07,69.07,67.42,68.27,4049580,0.0,1.0
2023-04-17 00:00:00+00:00,67.71,68.765,67.07,68.36,3342219,67.71,68.765,67.07,68.36,3342219,0.0,1.0
2023-04-18 00:00:00+00:00,67.82,68.6997,67.55,68.51,3526678,67.82,68.6997,67.55,68.51,3526678,0.0,1.0
2023-04-19 00:00:00+00:00,67.32,67.506,66.92,67.37,2458537,67.32,67.506,66.92,67.37,2458537,0.0,1.0
2023-04-20 00:00:00+00:00,66.9,67.628,66.53,66.84,2702581,66.9,67.628,66.53,66.84,2702581,0.0,1.0
2023-04-21 00:00:00+00:00,66.78,67.32,66.51,67.32,2876606,66.78,67.32,66.51,67.32,2876606,0.0,1.0
2023-04-24 00:00:00+00:00,66.25,67.21,65.7,67.08,2933578,66.25,67.21,65.7,67.08,2933578,0.0,1.0
2023-04-25 00:00:00+00:00,63.17,65.93,63.1,65.36,5726609,63.17,65.93,63.1,65.36,5726609,0.0,1.0
2023-04-26 00:00:00+00:00,63.4,64.13,63.085,63.27,3558467,63.4,64.13,63.085,63.27,3558467,0.0,1.0
2023-04-27 00:00:00+00:00,63.06,64.2,62.33,64.08,5011968,63.06,64.2,62.33,64.08,5011968,0.0,1.0
2023-04-28 00:00:00+00:00,63.05,63.08,61.73,62.67,5597589,63.05,63.08,61.73,62.67,5597589,0.0,1.0
2023-05-01 00:00:00+00:00,62.81,63.3,61.66,62.3,3827322,62.81,63.3,61.66,62.3,3827322,0.0,1.0
2023-05-02 00:00:00+00:00,61.44,62.83,61.01,62.6,5429953,61.44,62.83,61.01,62.6,5429953,0.0,1.0
2023-05-03 00:00:00+00:00,60.49,61.695,60.33,61.64,6497298,60.49,61.695,60.33,61.64,6497298,0.0,1.0
2023-05-04 00:00:00+00:00,61.18,61.61,60.37,61.285,5939259,61.18,61.61,60.37,61.285,5939259,0.0,1.0
2023-05-05 00:00:00+00:00,64.59,65.45,60.5,60.75,9353899,64.59,65.45,60.5,60.75,9353899,0.0,1.0
2023-05-08 00:00:00+00:00,66.08,66.48,64.6,65.74,5872768,66.08,66.48,64.6,65.74,5872768,0.0,1.0
2023-05-09 00:00:00+00:00,66.4,67.0,66.06,66.46,4814477,66.4,67.0,66.06,66.46,4814477,0.0,1.0
2023-05-10 00:00:00+00:00,67.01,67.8,66.54,66.97,4055996,67.01,67.8,66.54,66.97,4055996,0.0,1.0
2023-05-11 00:00:00+00:00,67.5,67.76,66.96,67.29,4397030,67.5,67.76,66.96,67.29,4397030,0.0,1.0
2023-05-12 00:00:00+00:00,67.77,68.18,66.96,67.68,3703008,67.77,68.18,66.96,67.68,3703008,0.0,1.0
2023-05-15 00:00:00+00:00,68.56,68.78,67.455,67.68,4580036,68.56,68.78,67.455,67.68,4580036,0.0,1.0
2023-05-16 00:00:00+00:00,68.31,68.97,68.22,68.49,3399410,68.31,68.97,68.22,68.49,3399410,0.0,1.0
2023-05-17 00:00:00+00:00,68.43,68.99,67.64,68.4,3466501,68.43,68.99,67.64,68.4,3466501,0.0,1.0
2023-05-18 00:00:00+00:00,68.14,68.76,67.75,68.68,4576215,68.14,68.76,67.75,68.68,4576215,0.0,1.0
2023-05-19 00:00:00+00:00,69.63,69.68,68.19,68.5,4745557,69.63,69.68,68.19,68.5,4745557,0.0,1.0
2023-05-22 00:00:00+00:00,69.52,71.29,69.4675,69.75,4493142,69.52,71.29,69.4675,69.75,4493142,0.0,1.0
2023-05-23 00:00:00+00:00,68.09,69.46,67.455,69.37,5495388,68.09,69.46,67.455,69.37,5495388,0.0,1.0
2023-05-24 00:00:00+00:00,66.59,69.46,66.01,68.5,9000609,66.59,69.46,66.01,68.5,9000609,0.0,1.0
2023-05-25 00:00:00+00:00,67.17,67.88,64.46,66.89,8565601,67.17,67.88,64.46,66.89,8565601,0.0,1.0
2023-05-26 00:00:00+00:00,67.77,68.82,67.3,67.36,5343667,67.77,68.82,67.3,67.36,5343667,0.0,1.0
2023-05-30 00:00:00+00:00,68.54,69.1,67.41,68.11,4419571,68.54,69.1,67.41,68.11,4419571,0.0,1.0
2023-05-31 00:00:00+00:00,68.33,69.27,67.86,68.34,6586713,68.33,69.27,67.86,68.34,6586713,0.0,1.0
2023-06-01 00:00:00+00:00,68.64,69.11,66.93,67.64,4694400,68.64,69.11,66.93,67.64,4694400,0.0,1.0
2023-06-02 00:00:00+00:00,68.13,69.37,67.85,68.64,4186232,68.13,69.37,67.85,68.64,4186232,0.0,1.0
2023-06-05 00:00:00+00:00,71.27,71.63,67.95,67.98,8966767,71.27,71.63,67.95,67.98,8966767,0.0,1.0
2023-06-06 00:00:00+00:00,69.54,71.38,68.84,71.35,5112953,69.54,71.38,68.84,71.35,5112953,0.0,1.0
2023-06-07 00:00:00+00:00,67.06,69.93,66.84,69.54,5446399,67.06,69.93,66.84,69.54,5446399,0.0,1.0
2023-06-08 00:00:00+00:00,69.0,69.35,67.02,67.07,4743162,69.0,69.35,67.02,67.07,4743162,0.0,1.0
2023-06-09 00:00:00+00:00,68.01,69.8,67.01,68.95,4213274,68.01,69.8,67.01,68.95,4213274,0.0,1.0
2023-06-12 00:00:00+00:00,69.84,69.9789,68.13,68.2,5488105,69.84,69.9789,68.13,68.2,5488105,0.0,1.0
2023-06-13 00:00:00+00:00,70.49,70.748,69.36,70.5,4761604,70.49,70.748,69.36,70.5,4761604,0.0,1.0
2023-06-14 00:00:00+00:00,71.48,71.59,69.6963,70.07,4875365,71.48,71.59,69.6963,70.07,4875365,0.0,1.0
2023-06-15 00:00:00+00:00,73.59,73.85,71.15,71.29,5438003,73.59,73.85,71.15,71.29,5438003,0.0,1.0
2023-06-16 00:00:00+00:00,72.78,74.7699,72.37,74.455,10916028,72.78,74.7699,72.37,74.455,10916028,0.0,1.0
2023-06-20 00:00:00+00:00,71.66,72.77,70.92,72.45,4286343,71.66,72.77,70.92,72.45,4286343,0.0,1.0
2023-06-21 00:00:00+00:00,71.11,71.84,70.58,71.66,7128115,71.11,71.84,70.58,71.66,7128115,0.0,1.0
2023-06-22 00:00:00+00:00,71.86,72.24,70.81,71.11,3234243,71.86,72.24,70.81,71.11,3234243,0.0,1.0
2023-06-23 00:00:00+00:00,71.59,71.76,70.15,71.11,14856242,71.59,71.76,70.15,71.11,14856242,0.0,1.0
2023-06-26 00:00:00+00:00,71.06,72.72,70.895,71.69,3416560,71.06,72.72,70.895,71.69,3416560,0.0,1.0
2023-06-27 00:00:00+00:00,73.66,73.89,71.55,71.64,4602491,73.66,73.89,71.55,71.64,4602491,0.0,1.0
2023-06-28 00:00:00+00:00,74.33,74.93,72.95,73.49,5834392,74.33,74.93,72.95,73.49,5834392,0.0,1.0
2023-06-29 00:00:00+00:00,75.09,75.3,73.9,74.54,6114359,75.09,75.3,73.9,74.54,6114359,0.0,1.0
2023-06-30 00:00:00+00:00,75.59,76.27,75.26,75.55,4578622,75.59,76.27,75.26,75.55,4578622,0.0,1.0
2023-07-03 00:00:00+00:00,74.66,75.36,73.65,75.3,2253856,74.66,75.36,73.65,75.3,2253856,0.0,1.0
2023-07-05 00:00:00+00:00,74.31,74.71,74.01,74.415,3763947,74.31,74.71,74.01,74.415,3763947,0.0,1.0
2023-07-06 00:00:00+00:00,74.65,74.765,72.45,73.84,4330011,74.65,74.765,72.45,73.84,4330011,0.0,1.0
2023-07-07 00:00:00+00:00,74.68,75.46,73.99,74.41,4011783,74.68,75.46,73.99,74.41,4011783,0.0,1.0
2023-07-10 00:00:00+00:00,77.86,78.66,74.79,74.79,8176651,77.86,78.66,74.79,74.79,8176651,0.0,1.0
2023-07-11 00:00:00+00:00,78.32,78.63,77.22,78.61,4295195,78.32,78.63,77.22,78.61,4295195,0.0,1.0
2023-07-12 00:00:00+00:00,76.72,79.03,75.51,78.87,6147898,76.72,79.03,75.51,78.87,6147898,0.0,1.0
2023-07-13 00:00:00+00:00,78.245,78.29,76.73,77.4,4709541,78.245,78.29,76.73,77.4,4709541,0.0,1.0
2023-07-14 00:00:00+00:00,78.92,80.03,78.34,78.55,4913721,78.92,80.03,78.34,78.55,4913721,0.0,1.0
2023-07-17 00:00:00+00:00,80.28,80.6,78.58,78.72,4185827,80.28,80.6,78.58,78.72,4185827,0.0,1.0
2023-07-18 00:00:00+00:00,80.24,80.445,79.16,79.96,4586209,80.24,80.445,79.16,79.96,4586209,0.0,1.0
2023-07-19 00:00:00+00:00,78.69,81.24,78.3,80.45,5984975,78.69,81.24,78.3,80.45,5984975,0.0,1.0
2023-07-20 00:00:00+00:00,77.7,79.37,77.53,78.67,3623851,77.7,79.37,77.53,78.67,3623851,0.0,1.0
2023-07-21 00:00:00+00:00,78.16,79.1404,78.06,78.37,12134200,78.16,79.1404,78.06,78.37,12134200,0.0,1.0
2023-07-24 00:00:00+00:00,77.27,78.819,76.32,78.69,3870766,77.27,78.819,76.32,78.69,3870766,0.0,1.0
2023-07-25 00:00:00+00:00,78.34,78.62,77.41,77.73,3678984,78.34,78.62,77.41,77.73,3678984,0.0,1.0
2023-07-26 00:00:00+00:00,77.26,78.75,76.86,77.56,3378450,77.26,78.75,76.86,77.56,3378450,0.0,1.0
2023-07-27 00:00:00+00:00,76.58,78.52,76.31,78.39,3957737,76.58,78.52,76.31,78.39,3957737,0.0,1.0
2023-07-28 00:00:00+00:00,76.8,77.625,76.145,77.24,3545155,76.8,77.625,76.145,77.24,3545155,0.0,1.0
2023-07-31 00:00:00+00:00,77.72,77.75,76.79,77.09,3544369,77.72,77.75,76.79,77.09,3544369,0.0,1.0
2023-08-01 00:00:00+00:00,78.03,78.58,76.91,77.64,2621393,78.03,78.58,76.91,77.64,2621393,0.0,1.0
2023-08-02 00:00:00+00:00,74.32,77.24,74.01,77.24,5677076,74.32,77.24,74.01,77.24,5677076,0.0,1.0
2023-08-03 00:00:00+00:00,75.76,76.0,74.15,74.2,6102273,75.76,76.0,74.15,74.2,6102273,0.0,1.0
2023-08-04 00:00:00+00:00,56.77,61.36,56.1,60.42,32831477,56.77,61.36,56.1,60.42,32831477,0.0,1.0
2023-08-07 00:00:00+00:00,57.7,58.18,56.86,57.58,14402404,57.7,58.18,56.86,57.58,14402404,0.0,1.0
2023-08-08 00:00:00+00:00,58.57,59.1161,56.57,56.88,16011804,58.57,59.1161,56.57,56.88,16011804,0.0,1.0
2023-08-09 00:00:00+00:00,59.78,60.35,58.46,58.84,13133517,59.78,60.35,58.46,58.84,13133517,0.0,1.0
2023-08-10 00:00:00+00:00,60.56,62.21,60.07,61.16,10993561,60.56,62.21,60.07,61.16,10993561,0.0,1.0
2023-08-11 00:00:00+00:00,59.68,61.21,59.35,60.05,7695677,59.68,61.21,59.35,60.05,7695677,0.0,1.0
2023-08-14 00:00:00+00:00,59.66,60.1,59.2,59.69,7339978,59.66,60.1,59.2,59.69,7339978,0.0,1.0
2023-08-15 00:00:00+00:00,59.17,60.23,59.01,59.57,7210700,59.17,60.23,59.01,59.57,7210700,0.0,1.0
2023-08-16 00:00:00+00:00,58.18,59.59,58.15,59.0,3596708,58.18,59.59,58.15,59.0,3596708,0.0,1.0
2023-08-17 00:00:00+00:00,57.41,58.83,57.34,58.6,5045623,57.41,58.83,57.34,58.6,5045623,0.0,1.0
2023-08-18 00:00:00+00:00,57.16,57.69,56.84,56.98,5390397,57.16,57.69,56.84,56.98,5390397,0.0,1.0
2023-08-21 00:00:00+00:00,58.39,58.717,57.79,58.07,6711700,58.39,58.717,57.79,58.07,6711700,0.0,1.0
2023-08-22 00:00:00+00:00,58.32,58.605,57.78,58.32,4843329,58.32,58.605,57.78,58.32,4843329,0.0,1.0
2023-08-23 00:00:00+00:00,59.19,59.5,58.14,58.805,4689677,59.19,59.5,58.14,58.805,4689677,0.0,1.0
2023-08-24 00:00:00+00:00,58.15,59.83,58.12,59.6,4833725,58.15,59.83,58.12,59.6,4833725,0.0,1.0
2023-08-25 00:00:00+00:00,58.81,58.96,57.96,58.2,4241207,58.81,58.96,57.96,58.2,4241207,0.0,1.0
2023-08-28 00:00:00+00:00,58.7,59.43,58.2,59.1,4840914,58.7,59.43,58.2,59.1,4840914,0.0,1.0
2023-08-29 00:00:00+00:00,60.63,60.93,58.51,58.7,5632182,60.63,60.93,58.51,58.7,5632182,0.0,1.0
2023-08-30 00:00:00+00:00,61.22,61.445,60.501,60.57,5045791,61.22,61.445,60.501,60.57,5045791,0.0,1.0
2023-08-31 00:00:00+00:00,60.21,61.83,60.17,61.5,6428583,60.21,61.83,60.17,61.5,6428583,0.0,1.0
2023-09-01 00:00:00+00:00,60.87,60.96,60.385,60.5,4957878,60.87,60.96,60.385,60.5,4957878,0.0,1.0
2023-09-05 00:00:00+00:00,61.91,61.97,60.56,60.92,4904778,61.91,61.97,60.56,60.92,4904778,0.0,1.0
2023-09-06 00:00:00+00:00,62.23,62.389,61.72,61.9,5225479,62.23,62.389,61.72,61.9,5225479,0.0,1.0
2023-09-07 00:00:00+00:00,63.17,63.33,61.62,61.88,5440718,63.17,63.33,61.62,61.88,5440718,0.0,1.0
2023-09-08 00:00:00+00:00,64.07,64.3,63.05,63.05,5817932,64.07,64.3,63.05,63.05,5817932,0.0,1.0
2023-09-11 00:00:00+00:00,65.07,65.455,64.52,64.82,4575513,65.07,65.455,64.52,64.82,4575513,0.0,1.0
2023-09-12 00:00:00+00:00,63.5,65.68,63.47,64.61,5316945,63.5,65.68,63.47,64.61,5316945,0.0,1.0
2023-09-13 00:00:00+00:00,62.62,63.8799,62.57,63.27,3995868,62.62,63.8799,62.57,63.27,3995868,0.0,1.0
2023-09-14 00:00:00+00:00,63.1,63.39,62.66,62.78,4289192,63.1,63.39,62.66,62.78,4289192,0.0,1.0
2023-09-15 00:00:00+00:00,61.02,62.67,60.68,62.5,10314018,61.02,62.67,60.68,62.5,10314018,0.0,1.0
2023-09-18 00:00:00+00:00,60.45,61.2822,60.3325,60.83,3429315,60.45,61.2822,60.3325,60.83,3429315,0.0,1.0
2023-09-19 00:00:00+00:00,60.44,60.51,58.4536,59.95,4220538,60.44,60.51,58.4536,59.95,4220538,0.0,1.0
2023-09-20 00:00:00+00:00,60.15,61.385,60.14,60.68,3452716,60.15,61.385,60.14,60.68,3452716,0.0,1.0
2023-09-21 00:00:00+00:00,58.78,60.15,58.665,59.66,4389127,58.78,60.15,58.665,59.66,4389127,0.0,1.0
2023-09-22 00:00:00+00:00,58.24,59.09,58.112,58.75,3458580,58.24,59.09,58.112,58.75,3458580,0.0,1.0
2023-09-25 00:00:00+00:00,58.11,58.15,57.63,57.84,3811284,58.11,58.15,57.63,57.84,3811284,0.0,1.0
2023-09-26 00:00:00+00:00,57.43,58.04,57.185,57.84,4347550,57.43,58.04,57.185,57.84,4347550,0.0,1.0
2023-09-27 00:00:00+00:00,58.14,58.34,57.5,57.94,3285461,58.14,58.34,57.5,57.94,3285461,0.0,1.0
2023-09-28 00:00:00+00:00,58.6,59.24,57.71,58.18,3545915,58.6,59.24,57.71,58.18,3545915,0.0,1.0
2023-09-29 00:00:00+00:00,58.68,59.67,58.35,59.64,4665251,58.68,59.67,58.35,59.64,4665251,0.0,1.0
2023-10-02 00:00:00+00:00,58.63,59.57,58.335,58.79,4099010,58.63,59.57,58.335,58.79,4099010,0.0,1.0
2023-10-03 00:00:00+00:00,57.61,58.3699,57.08,58.03,6914051,57.61,58.3699,57.08,58.03,6914051,0.0,1.0
2023-10-04 00:00:00+00:00,58.26,58.75,57.47,57.97,4875569,58.26,58.75,57.47,57.97,4875569,0.0,1.0
2023-10-05 00:00:00+00:00,58.02,58.31,56.64,58.11,7429115,58.02,58.31,56.64,58.11,7429115,0.0,1.0
2023-10-06 00:00:00+00:00,59.93,60.21,57.5,57.62,4752606,59.93,60.21,57.5,57.62,4752606,0.0,1.0
2023-10-09 00:00:00+00:00,59.51,60.6,58.45,59.72,4918273,59.51,60.6,58.45,59.72,4918273,0.0,1.0
2023-10-10 00:00:00+00:00,59.4,60.35,59.34,59.6,5051028,59.4,60.35,59.34,59.6,5051028,0.0,1.0
2023-10-11 00:00:00+00:00,58.97,59.47,57.0,59.43,9492372,58.97,59.47,57.0,59.43,9492372,0.0,1.0
2023-10-12 00:00:00+00:00,58.0,59.1,57.76,58.85,8388440,58.0,59.1,57.76,58.85,8388440,0.0,1.0
2023-10-13 00:00:00+00:00,57.76,58.05,56.07,56.61,11561247,57.76,58.05,56.07,56.61,11561247,0.0,1.0
2023-10-16 00:00:00+00:00,59.14,59.75,57.84,58.56,5498620,59.14,59.75,57.84,58.56,5498620,0.0,1.0
2023-10-17 00:00:00+00:00,58.65,59.37,57.71,58.42,4774828,58.65,59.37,57.71,58.42,4774828,0.0,1.0
2023-10-18 00:00:00+00:00,57.67,58.495,57.59,57.88,4671309,57.67,58.495,57.59,57.88,4671309,0.0,1.0
2023-10-19 00:00:00+00:00,57.77,58.45,57.46,57.63,7383288,57.77,58.45,57.46,57.63,7383288,0.0,1.0
2023-10-20 00:00:00+00:00,56.36,57.94,55.92,57.91,6500862,56.36,57.94,55.92,57.91,6500862,0.0,1.0
2023-10-23 00:00:00+00:00,56.1,56.57,55.52,56.01,4084992,56.1,56.57,55.52,56.01,4084992,0.0,1.0
2023-10-24 00:00:00+00:00,57.54,57.7,56.14,56.28,4714843,57.54,57.7,56.14,56.28,4714843,0.0,1.0
2023-10-25 00:00:00+00:00,55.94,57.45,55.9,57.08,4252305,55.94,57.45,55.9,57.08,4252305,0.0,1.0
2023-10-26 00:00:00+00:00,55.72,56.42,55.455,56.0,5490516,55.72,56.42,55.455,56.0,5490516,0.0,1.0
2023-10-27 00:00:00+00:00,56.26,56.57,55.58,55.79,5318005,56.26,56.57,55.58,55.79,5318005,0.0,1.0
2023-10-30 00:00:00+00:00,56.32,56.82,55.94,56.51,5594170,56.32,56.82,55.94,56.51,5594170,0.0,1.0
2023-10-31 00:00:00+00:00,57.17,57.395,56.075,56.485,4076541,57.17,57.395,56.075,56.485,4076541,0.0,1.0
2023-11-01 00:00:00+00:00,57.31,57.68,56.21,57.43,5825489,57.31,57.68,56.21,57.43,5825489,0.0,1.0
2023-11-02 00:00:00+00:00,57.59,58.19,57.145,57.34,9607506,57.59,58.19,57.145,57.34,9607506,0.0,1.0
2023-11-03 00:00:00+00:00,50.48,50.57,44.12,44.5,38074360,50.48,50.57,44.12,44.5,38074360,0.0,1.0
2023-11-06 00:00:00+00:00,50.1,50.8,48.29,50.09,16541931,50.1,50.8,48.29,50.09,16541931,0.0,1.0
2023-11-07 00:00:00+00:00,49.52,50.34,47.66,50.17,14908340,49.52,50.34,47.66,50.17,14908340,0.0,1.0
2023-11-08 00:00:00+00:00,50.24,51.34,49.435,49.82,13596965,50.24,51.34,49.435,49.82,13596965,0.0,1.0
2023-11-09 00:00:00+00:00,49.67,50.96,49.63,50.51,9651259,49.67,50.96,49.63,50.51,9651259,0.0,1.0
2023-11-10 00:00:00+00:00,50.82,50.83,49.895,50.0,6709583,50.82,50.83,49.895,50.0,6709583,0.0,1.0
2023-11-13 00:00:00+00:00,50.3,50.73,49.7,50.44,6038855,50.3,50.73,49.7,50.44,6038855,0.0,1.0
2023-11-14 00:00:00+00:00,51.32,51.98,50.91,51.01,6778053,51.32,51.98,50.91,51.01,6778053,0.0,1.0
2023-11-15 00:00:00+00:00,51.06,51.8139,50.705,51.43,6946374,51.06,51.8139,50.705,51.43,6946374,0.0,1.0
2023-11-16 00:00:00+00:00,50.42,51.2354,49.97,50.71,8052127,50.42,51.2354,49.97,50.71,8052127,0.0,1.0
2023-11-17 00:00:00+00:00,51.26,51.315,50.32,50.59,5021557,51.26,51.315,50.32,50.59,5021557,0.0,1.0
2023-11-20 00:00:00+00:00,51.91,52.08,51.27,51.59,4915386,51.91,52.08,51.27,51.59,4915386,0.0,1.0
2023-11-21 00:00:00+00:00,52.58,52.765,51.55,51.77,5441893,52.58,52.765,51.55,51.77,5441893,0.0,1.0
2023-11-22 00:00:00+00:00,52.97,53.705,52.76,52.9,5587417,52.97,53.705,52.76,52.9,5587417,0.0,1.0
2023-11-24 00:00:00+00:00,53.43,53.685,52.82,52.97,2847395,53.43,53.685,52.82,52.97,2847395,0.0,1.0
2023-11-27 00:00:00+00:00,53.74,53.95,53.206,53.32,7096021,53.74,53.95,53.206,53.32,7096021,0.0,1.0
2023-11-28 00:00:00+00:00,52.79,53.93,52.685,53.25,5731191,52.79,53.93,52.685,53.25,5731191,0.0,1.0
2023-11-29 00:00:00+00:00,53.6,53.93,52.84,53.48,7385040,53.6,53.93,52.84,53.48,7385040,0.0,1.0
2023-11-30 00:00:00+00:00,52.56,54.89,52.43,53.88,16805144,52.56,54.89,52.43,53.88,16805144,0.0,1.0
2023-12-01 00:00:00+00:00,52.49,52.7,51.69,52.048,7175496,52.49,52.7,51.69,52.048,7175496,0.0,1.0
2023-12-04 00:00:00+00:00,52.25,52.67,51.86,51.98,4726168,52.25,52.67,51.86,51.98,4726168,0.0,1.0
2023-12-05 00:00:00+00:00,52.52,52.97,51.83,52.07,4242030,52.52,52.97,51.83,52.07,4242030,0.0,1.0
2023-12-06 00:00:00+00:00,51.83,52.99,51.79,52.84,3953118,51.83,52.99,51.79,52.84,3953118,0.0,1.0
2023-12-07 00:00:00+00:00,51.32,51.91,50.65,51.91,6341135,51.32,51.91,50.65,51.91,6341135,0.0,1.0
2023-12-08 00:00:00+00:00,52.16,52.36,50.97,51.14,4620508,52.16,52.36,50.97,51.14,4620508,0.0,1.0
2023-12-11 00:00:00+00:00,53.64,53.745,52.2,52.39,5135287,53.64,53.745,52.2,52.39,5135287,0.0,1.0
2023-12-12 00:00:00+00:00,55.04,55.64,53.4,53.84,7815408,55.04,55.64,53.4,53.84,7815408,0.0,1.0
2023-12-13 00:00:00+00:00,55.35,55.53,54.665,55.1,5551338,55.35,55.53,54.665,55.1,5551338,0.0,1.0
2023-12-14 00:00:00+00:00,57.05,57.47,55.72,55.8,9119726,57.05,57.47,55.72,55.8,9119726,0.0,1.0
2023-12-15 00:00:00+00:00,57.83,58.01,56.38,57.05,16923959,57.83,58.01,56.38,57.05,16923959,0.0,1.0
2023-12-18 00:00:00+00:00,56.11,57.81,56.08,57.71,11621292,56.11,57.81,56.08,57.71,11621292,0.0,1.0
2023-12-19 00:00:00+00:00,57.76,57.81,55.8,56.3,6336942,57.76,57.81,55.8,56.3,6336942,0.0,1.0
2023-12-20 00:00:00+00:00,57.45,58.635,56.935,57.66,6049726,57.45,58.635,56.935,57.66,6049726,0.0,1.0
2023-12-21 00:00:00+00:00,58.51,58.66,57.54,57.77,4444339,58.51,58.66,57.54,57.77,4444339,0.0,1.0
2023-12-22 00:00:00+00:00,59.27,59.53,58.555,58.84,5057419,59.27,59.53,58.555,58.84,5057419,0.0,1.0
2023-12-26 00:00:00+00:00,59.8,59.865,59.125,59.46,3134373,59.8,59.865,59.125,59.46,3134373,0.0,1.0
2023-12-27 00:00:00+00:00,59.34,59.83,59.02,59.66,2876723,59.34,59.83,59.02,59.66,2876723,0.0,1.0
2023-12-28 00:00:00+00:00,59.4,59.58,59.06,59.5,2900263,59.4,59.58,59.06,59.5,2900263,0.0,1.0
2023-12-29 00:00:00+00:00,58.53,59.39,58.27,59.3,2880568,58.53,59.39,58.27,59.3,2880568,0.0,1.0
2024-01-02 00:00:00+00:00,57.78,58.77,57.35,58.1,6012333,57.78,58.77,57.35,58.1,6012333,0.0,1.0
2024-01-03 00:00:00+00:00,57.85,58.22,56.94,57.28,5329549,57.85,58.22,56.94,57.28,5329549,0.0,1.0
2024-01-04 00:00:00+00:00,58.39,58.725,57.7783,58.0,5365387,58.39,58.725,57.7783,58.0,5365387,0.0,1.0
2024-01-05 00:00:00+00:00,58.34,58.93,58.08,58.26,4912633,58.34,58.93,58.08,58.26,4912633,0.0,1.0
2024-01-08 00:00:00+00:00,61.26,61.3,58.45,58.55,6054488,61.26,61.3,58.45,58.55,6054488,0.0,1.0
2024-01-09 00:00:00+00:00,59.4,61.2,59.31,60.31,9085851,59.4,61.2,59.31,60.31,9085851,0.0,1.0
2024-01-10 00:00:00+00:00,61.37,61.595,59.13,59.38,6296082,61.37,61.595,59.13,59.38,6296082,0.0,1.0
2024-01-11 00:00:00+00:00,62.25,62.33,60.96,62.0,5072234,62.25,62.33,60.96,62.0,5072234,0.0,1.0
2024-01-12 00:00:00+00:00,62.44,63.04,61.76,62.63,4793979,62.44,63.04,61.76,62.63,4793979,0.0,1.0
2024-01-16 00:00:00+00:00,62.0,62.39,61.01,61.09,6578183,62.0,62.39,61.01,61.09,6578183,0.0,1.0
2024-01-17 00:00:00+00:00,60.62,61.62,59.734,61.2,5407773,60.62,61.62,59.734,61.2,5407773,0.0,1.0
2024-01-18 00:00:00+00:00,61.41,61.489,60.29,61.0,4429104,61.41,61.489,60.29,61.0,4429104,0.0,1.0
2024-01-19 00:00:00+00:00,60.9,62.1,60.08,61.55,9170503,60.9,62.1,60.08,61.55,9170503,0.0,1.0
2024-01-22 00:00:00+00:00,62.66,62.8,61.395,61.88,8397957,62.66,62.8,61.395,61.88,8397957,0.0,1.0
2024-01-23 00:00:00+00:00,64.41,64.78,63.7701,64.26,8220622,64.41,64.78,63.7701,64.26,8220622,0.0,1.0
2024-01-24 00:00:00+00:00,66.11,66.72,64.77,65.06,7119724,66.11,66.72,64.77,65.06,7119724,0.0,1.0
2024-01-25 00:00:00+00:00,65.55,67.36,65.02,67.27,6800378,65.55,67.36,65.02,67.27,6800378,0.0,1.0
2024-01-26 00:00:00+00:00,66.12,66.77,65.3493,65.46,6691532,66.12,66.77,65.3493,65.46,6691532,0.0,1.0
2024-01-29 00:00:00+00:00,66.45,66.64,65.66,65.81,4443352,66.45,66.64,65.66,65.81,4443352,0.0,1.0
2024-01-30 00:00:00+00:00,66.71,66.915,65.8,66.19,5829977,66.71,66.915,65.8,66.19,5829977,0.0,1.0
2024-01-31 00:00:00+00:00,64.49,65.275,63.59,64.87,9668130,64.49,65.275,63.59,64.87,9668130,0.0,1.0
2024-02-01 00:00:00+00:00,66.45,66.685,64.59,64.71,9622546,66.45,66.685,64.59,64.71,9622546,0.0,1.0
2024-02-02 00:00:00+00:00,66.44,66.99,65.895,66.34,8320021,66.44,66.99,65.895,66.34,8320021,0.0,1.0
2024-02-05 00:00:00+00:00,66.09,66.44,64.855,66.41,9137541,66.09,66.44,64.855,66.41,9137541,0.0,1.0
2024-02-06 00:00:00+00:00,67.48,67.56,65.89,66.5,13315838,67.48,67.56,65.89,66.5,13315838,0.0,1.0
2024-02-07 00:00:00+00:00,70.03,73.91,67.22,73.83,25551135,70.03,73.91,67.22,73.83,25551135,0.0,1.0
2024-02-08 00:00:00+00:00,67.85,70.64,67.76,69.79,8370859,67.85,70.64,67.76,69.79,8370859,0.0,1.0
2024-02-09 00:00:00+00:00,70.44,70.86,68.2,68.25,7522413,70.44,70.86,68.2,68.25,7522413,0.0,1.0
2024-02-12 00:00:00+00:00,70.26,71.087,70.13,70.66,4790775,70.26,71.087,70.13,70.66,4790775,0.0,1.0
2024-02-13 00:00:00+00:00,69.4,69.555,68.25,68.52,5427329,69.4,69.555,68.25,68.52,5427329,0.0,1.0
2024-02-14 00:00:00+00:00,70.88,70.94,69.925,70.08,3703416,70.88,70.94,69.925,70.08,3703416,0.0,1.0
2024-02-15 00:00:00+00:00,70.26,71.49,70.04,71.45,3186036,70.26,71.49,70.04,71.45,3186036,0.0,1.0
2024-02-16 00:00:00+00:00,68.48,70.08,67.9,70.08,4528400,68.48,70.08,67.9,70.08,4528400,0.0,1.0
2024-02-20 00:00:00+00:00,67.91,68.36,66.76,68.16,3271365,67.91,68.36,66.76,68.16,3271365,0.0,1.0
2024-02-21 00:00:00+00:00,65.34,65.515,61.0,62.03,12820123,65.34,65.515,61.0,62.03,12820123,0.0,1.0
2024-02-22 00:00:00+00:00,66.96,67.23,65.77,66.95,7627622,66.96,67.23,65.77,66.95,7627622,0.0,1.0
2024-02-23 00:00:00+00:00,67.64,67.89,67.19,67.5,3772767,67.64,67.89,67.19,67.5,3772767,0.0,1.0
2024-02-26 00:00:00+00:00,68.4,69.48,67.77,68.0,5204973,68.4,69.48,67.77,68.0,5204973,0.0,1.0
2024-02-27 00:00:00+00:00,69.95,70.28,68.87,69.32,4991533,69.95,70.28,68.87,69.32,4991533,0.0,1.0
2024-02-28 00:00:00+00:00,69.51,70.045,68.78,69.95,2744765,69.51,70.045,68.78,69.95,2744765,0.0,1.0
2024-02-29 00:00:00+00:00,69.11,70.15,68.145,70.05,5782091,69.11,70.15,68.145,70.05,5782091,0.0,1.0
2024-03-01 00:00:00+00:00,70.44,70.49,68.57,69.09,4840847,70.44,70.49,68.57,69.09,4840847,0.0,1.0
2024-03-04 00:00:00+00:00,71.39,71.69,70.5,70.685,4277706,71.39,71.69,70.5,70.685,4277706,0.0,1.0
2024-03-05 00:00:00+00:00,69.04,71.07,67.31,71.07,6840679,69.04,71.07,67.31,71.07,6840679,0.0,1.0
2024-03-06 00:00:00+00:00,71.32,71.73,69.11,70.97,7401228,71.32,71.73,69.11,70.97,7401228,0.0,1.0
2024-03-07 00:00:00+00:00,73.07,73.33,71.19,71.95,6314272,73.07,73.33,71.19,71.95,6314272,0.0,1.0
2024-03-08 00:00:00+00:00,71.35,73.5,71.09,73.26,5278875,71.35,73.5,71.09,73.26,5278875,0.0,1.0
2024-03-11 00:00:00+00:00,71.46,71.8,69.91,70.93,3069810,71.46,71.8,69.91,70.93,3069810,0.0,1.0
2024-03-12 00:00:00+00:00,71.34,71.95,70.74,71.68,3828274,71.34,71.95,70.74,71.68,3828274,0.0,1.0
2024-03-13 00:00:00+00:00,70.18,71.59,70.0,71.59,4053051,70.18,71.59,70.0,71.59,4053051,0.0,1.0
2024-03-14 00:00:00+00:00,68.04,69.75,67.62,69.29,6493118,68.04,69.75,67.62,69.29,6493118,0.0,1.0
2024-03-15 00:00:00+00:00,66.72,67.97,66.51,67.72,10117981,66.72,67.97,66.51,67.72,10117981,0.0,1.0
2024-03-18 00:00:00+00:00,67.55,68.18,66.8101,66.99,3909019,67.55,68.18,66.8101,66.99,3909019,0.0,1.0
2024-03-19 00:00:00+00:00,67.79,67.88,66.45,67.13,3059385,67.79,67.88,66.45,67.13,3059385,0.0,1.0
2024-03-20 00:00:00+00:00,67.87,68.06,67.02,67.79,4230313,67.87,68.06,67.02,67.79,4230313,0.0,1.0
2024-03-21 00:00:00+00:00,68.57,68.72,67.75,68.58,3716264,68.57,68.72,67.75,68.58,3716264,0.0,1.0
2024-03-22 00:00:00+00:00,68.3,68.93,67.53,68.9188,2832796,68.3,68.93,67.53,68.9188,2832796,0.0,1.0
2024-03-25 00:00:00+00:00,67.89,68.41,67.61,67.85,3296053,67.89,68.41,67.61,67.85,3296053,0.0,1.0
2024-03-26 00:00:00+00:00,67.45,68.17,67.04,67.96,3312375,67.45,68.17,67.04,67.96,3312375,0.0,1.0
2024-03-27 00:00:00+00:00,67.27,68.32,66.19,68.29,3534963,67.27,68.32,66.19,68.29,3534963,0.0,1.0
2024-03-28 00:00:00+00:00,68.31,68.595,67.0,67.21,3922212,68.31,68.595,67.0,67.21,3922212,0.0,1.0
2024-04-01 00:00:00+00:00,67.82,68.73,66.73,68.73,2942560,67.82,68.73,66.73,68.73,2942560,0.0,1.0
2024-04-02 00:00:00+00:00,68.85,68.93,66.6024,66.97,4703733,68.85,68.93,66.6024,66.97,4703733,0.0,1.0
2024-04-03 00:00:00+00:00,71.32,72.02,68.58,68.61,7849101,71.32,72.02,68.58,68.61,7849101,0.0,1.0
2024-04-04 00:00:00+00:00,69.23,73.63,69.21,72.03,6949389,69.23,73.63,69.21,72.03,6949389,0.0,1.0
2024-04-05 00:00:00+00:00,70.91,71.83,69.34,69.75,7462799,70.91,71.83,69.34,69.75,7462799,0.0,1.0
2024-04-08 00:00:00+00:00,68.39,70.24,68.2298,70.04,5081127,68.39,70.24,68.2298,70.04,5081127,0.0,1.0
2024-04-09 00:00:00+00:00,68.22,69.14,67.8,69.14,2758658,68.22,69.14,67.8,69.14,2758658,0.0,1.0
2024-04-10 00:00:00+00:00,68.13,68.5,67.08,67.08,3641299,68.13,68.5,67.08,67.08,3641299,0.0,1.0
2024-04-11 00:00:00+00:00,68.22,68.86,67.44,68.61,2917975,68.22,68.86,67.44,68.61,2917975,0.0,1.0
2024-04-12 00:00:00+00:00,66.45,67.72,65.93,67.47,5134673,66.45,67.72,65.93,67.47,5134673,0.0,1.0
2024-04-15 00:00:00+00:00,64.73,67.19,64.58,67.08,4911148,64.73,67.19,64.58,67.08,4911148,0.0,1.0
2024-04-16 00:00:00+00:00,64.48,65.5705,64.26,64.62,3015060,64.48,65.5705,64.26,64.62,3015060,0.0,1.0
2024-04-17 00:00:00+00:00,64.66,65.55,64.5,64.89,3278443,64.66,65.55,64.5,64.89,3278443,0.0,1.0
2024-04-18 00:00:00+00:00,64.03,65.01,63.528,64.77,3087289,64.03,65.01,63.528,64.77,3087289,0.0,1.0
2024-04-19 00:00:00+00:00,63.4,64.41,62.92,63.79,4836140,63.4,64.41,62.92,63.79,4836140,0.0,1.0
2024-04-22 00:00:00+00:00,63.69,64.23,62.61,63.97,3629295,63.69,64.23,62.61,63.97,3629295,0.0,1.0
2024-04-23 00:00:00+00:00,64.8,65.1,63.98,64.08,3544127,64.8,65.1,63.98,64.08,3544127,0.0,1.0
2024-04-24 00:00:00+00:00,65.45,65.8,64.59,64.89,3817138,65.45,65.8,64.59,64.89,3817138,0.0,1.0
2024-04-25 00:00:00+00:00,64.03,64.69,62.87,64.61,3670755,64.03,64.69,62.87,64.61,3670755,0.0,1.0
2024-04-26 00:00:00+00:00,64.18,65.15,63.9,64.415,4138352,64.18,65.15,63.9,64.415,4138352,0.0,1.0
2024-04-29 00:00:00+00:00,64.3,65.14,63.695,64.35,3824366,64.3,65.14,63.695,64.35,3824366,0.0,1.0
2024-04-30 00:00:00+00:00,63.18,64.44,63.16,63.79,5324350,63.18,64.44,63.16,63.79,5324350,0.0,1.0
2024-05-01 00:00:00+00:00,63.53,64.869,63.1415,63.51,4336994,63.53,64.869,63.1415,63.51,4336994,0.0,1.0
2024-05-02 00:00:00+00:00,65.2,65.26,63.01,63.15,8288946,65.2,65.26,63.01,63.15,8288946,0.0,1.0
2024-05-03 00:00:00+00:00,58.88,62.49,58.793,61.86,15896615,58.88,62.49,58.793,61.86,15896615,0.0,1.0
2024-05-06 00:00:00+00:00,58.81,60.35,58.43,59.25,14472605,58.81,60.35,58.43,59.25,14472605,0.0,1.0
2024-05-07 00:00:00+00:00,59.43,60.395,58.41,59.0,18440295,59.43,60.395,58.41,59.0,18440295,0.0,1.0
2024-05-08 00:00:00+00:00,59.63,59.8,57.84,59.42,10886899,59.63,59.8,57.84,59.42,10886899,0.0,1.0
2024-05-09 00:00:00+00:00,58.11,59.745,58.01,59.4,6929752,58.11,59.745,58.01,59.4,6929752,0.0,1.0
2024-05-10 00:00:00+00:00,58.16,59.399,58.07,58.25,3934532,58.16,59.399,58.07,58.25,3934532,0.0,1.0
2024-05-13 00:00:00+00:00,59.63,59.92,58.4,58.56,5491977,59.63,59.92,58.4,58.56,5491977,0.0,1.0
2024-05-14 00:00:00+00:00,60.2,60.4964,59.23,59.8,4269834,60.2,60.4964,59.23,59.8,4269834,0.0,1.0
2024-05-15 00:00:00+00:00,60.73,61.28,60.61,60.82,3551810,60.73,61.28,60.61,60.82,3551810,0.0,1.0
2024-05-16 00:00:00+00:00,61.24,61.35,59.58,60.61,4443146,61.24,61.35,59.58,60.61,4443146,0.0,1.0
2024-05-17 00:00:00+00:00,61.43,61.86,60.78,61.04,2799682,61.43,61.86,60.78,61.04,2799682,0.0,1.0
2024-05-20 00:00:00+00:00,62.34,62.41,60.855,61.17,2842407,62.34,62.41,60.855,61.17,2842407,0.0,1.0
2024-05-21 00:00:00+00:00,61.31,61.8,59.85,61.74,5127601,61.31,61.8,59.85,61.74,5127601,0.0,1.0
2024-05-22 00:00:00+00:00,61.57,61.69,60.75,61.43,3048404,61.57,61.69,60.75,61.43,3048404,0.0,1.0
2024-05-23 00:00:00+00:00,60.93,62.08,60.65,61.97,3714123,60.93,62.08,60.65,61.97,3714123,0.0,1.0
2024-05-24 00:00:00+00:00,61.35,61.7599,60.68,61.11,2653983,61.35,61.7599,60.68,61.11,2653983,0.0,1.0
2024-05-28 00:00:00+00:00,59.45,61.08,59.28,61.0,4875281,59.45,61.08,59.28,61.0,4875281,0.0,1.0
2024-05-29 00:00:00+00:00,59.73,60.3,58.695,58.93,4597970,59.73,60.3,58.695,58.93,4597970,0.0,1.0
2024-05-30 00:00:00+00:00,58.0,59.23,57.86,59.12,5437156,58.0,59.23,57.86,59.12,5437156,0.0,1.0
2024-05-31 00:00:00+00:00,59.32,59.41,57.705,58.87,16362989,59.32,59.41,57.705,58.87,16362989,0.0,1.0
2024-06-03 00:00:00+00:00,58.8,59.61,58.18,59.61,3565526,58.8,59.61,58.18,59.61,3565526,0.0,1.0
2024-06-04 00:00:00+00:00,58.64,59.48,58.61,58.66,3687971,58.64,59.48,58.61,58.66,3687971,0.0,1.0
2024-06-05 00:00:00+00:00,59.71,60.14,58.445,59.39,3614749,59.71,60.14,58.445,59.39,3614749,0.0,1.0
2024-06-06 00:00:00+00:00,59.75,60.06,59.21,59.84,3060270,59.75,60.06,59.21,59.84,3060270,0.0,1.0
2024-06-07 00:00:00+00:00,59.72,59.99,59.0107,59.38,2613238,59.72,59.99,59.0107,59.38,2613238,0.0,1.0
2024-06-10 00:00:00+00:00,60.09,60.25,58.94,59.11,3462829,60.09,60.25,58.94,59.11,3462829,0.0,1.0
2024-06-11 00:00:00+00:00,59.74,60.09,58.16,60.0,5133437,59.74,60.09,58.16,60.0,5133437,0.0,1.0
2024-06-12 00:00:00+00:00,60.62,60.75,59.05,59.69,5706040,60.62,60.75,59.05,59.69,5706040,0.0,1.0
2024-06-13 00:00:00+00:00,60.23,60.69,59.65,60.51,3574803,60.23,60.69,59.65,60.51,3574803,0.0,1.0
2024-06-14 00:00:00+00:00,60.78,60.89,60.1334,60.45,3212908,60.78,60.89,60.1334,60.45,3212908,0.0,1.0
2024-06-17 00:00:00+00:00,60.9,61.48,60.18,60.64,4979297,60.9,61.48,60.18,60.64,4979297,0.0,1.0
2024-06-18 00:00:00+00:00,59.15,61.25,59.0,60.88,5501773,59.15,61.25,59.0,60.88,5501773,0.0,1.0
2024-06-20 00:00:00+00:00,57.94,58.76,57.174,58.6,10407451,57.94,58.76,57.174,58.6,10407451,0.0,1.0
2024-06-21 00:00:00+00:00,58.56,58.65,57.77,58.28,16786744,58.56,58.65,57.77,58.28,16786744,0.0,1.0
2024-06-24 00:00:00+00:00,58.28,59.18,58.26,58.4,4147862,58.28,59.18,58.26,58.4,4147862,0.0,1.0
2024-06-25 00:00:00+00:00,58.69,59.08,57.9,58.44,5248337,58.69,59.08,57.9,58.44,5248337,0.0,1.0
2024-06-26 00:00:00+00:00,58.11,58.43,57.0,58.17,6374167,58.11,58.43,57.0,58.17,6374167,0.0,1.0
2024-06-27 00:00:00+00:00,60.04,60.18,57.93,58.31,5019493,60.04,60.18,57.93,58.31,5019493,0.0,1.0
2024-06-28 00:00:00+00:00,60.27,60.84,59.79,60.03,7987420,60.27,60.84,59.79,60.03,7987420,0.0,1.0
2024-07-01 00:00:00+00:00,59.85,60.43,59.575,60.43,4884493,59.85,60.43,59.575,60.43,4884493,0.0,1.0
2024-07-02 00:00:00+00:00,61.01,61.04,59.66,59.66,4604927,61.01,61.04,59.66,59.66,4604927,0.0,1.0
2024-07-03 00:00:00+00:00,60.73,61.48,60.66,61.14,3039750,60.73,61.48,60.66,61.14,3039750,0.0,1.0
2024-07-05 00:00:00+00:00,61.09,61.3799,60.37,60.62,3120561,61.09,61.3799,60.37,60.62,3120561,0.0,1.0
2024-07-08 00:00:00+00:00,60.11,61.045,59.52,60.98,4845385,60.11,61.045,59.52,60.98,4845385,0.0,1.0
2024-07-09 00:00:00+00:00,60.28,60.78,59.32,60.26,3563658,60.28,60.78,59.32,60.26,3563658,0.0,1.0
2024-07-10 00:00:00+00:00,59.59,60.55,58.98,60.5,3905224,59.59,60.55,58.98,60.5,3905224,0.0,1.0
2024-07-11 00:00:00+00:00,58.79,59.92,58.78,59.63,4377694,58.79,59.92,58.78,59.63,4377694,0.0,1.0
2024-07-12 00:00:00+00:00,59.55,59.9,58.77,58.93,4398851,59.55,59.9,58.77,58.93,4398851,0.0,1.0
2024-07-15 00:00:00+00:00,59.9,60.72,59.256,59.74,3879710,59.9,60.72,59.256,59.74,3879710,0.0,1.0
2024-07-16 00:00:00+00:00,59.48,60.2699,59.405,60.15,4158831,59.48,60.2699,59.405,60.15,4158831,0.0,1.0
2024-07-17 00:00:00+00:00,59.11,59.59,57.97,58.49,7022566,59.11,59.59,57.97,58.49,7022566,0.0,1.0
2024-07-18 00:00:00+00:00,58.13,60.505,58.07,60.48,5598977,58.13,60.505,58.07,60.48,5598977,0.0,1.0
2024-07-19 00:00:00+00:00,58.48,58.78,57.58,58.12,8563233,58.48,58.78,57.58,58.12,8563233,0.0,1.0
2024-07-22 00:00:00+00:00,58.45,59.0,58.04,59.0,4386488,58.45,59.0,58.04,59.0,4386488,0.0,1.0
2024-07-23 00:00:00+00:00,57.94,58.95,57.68,58.34,5989369,57.94,58.95,57.68,58.34,5989369,0.0,1.0
2024-07-24 00:00:00+00:00,56.64,58.7,56.52,57.83,5379116,56.64,58.7,56.52,57.83,5379116,0.0,1.0
2024-07-25 00:00:00+00:00,57.31,58.62,56.81,57.13,5262437,57.31,58.62,56.81,57.13,5262437,0.0,1.0
2024-07-26 00:00:00+00:00,57.0,57.81,56.835,57.66,4244996,57.0,57.81,56.835,57.66,4244996,0.0,1.0
2024-07-29 00:00:00+00:00,57.39,58.06,56.42,57.0,4001838,57.39,58.06,56.42,57.0,4001838,0.0,1.0
2024-07-30 00:00:00+00:00,57.5,58.445,56.93,57.49,4116066,57.5,58.445,56.93,57.49,4116066,0.0,1.0
2024-07-31 00:00:00+00:00,58.04,59.065,57.94,58.3,4676336,58.04,59.065,57.94,58.3,4676336,0.0,1.0
2024-08-01 00:00:00+00:00,57.2,58.3,56.471,58.03,4542904,57.2,58.3,56.471,58.03,4542904,0.0,1.0
2024-08-02 00:00:00+00:00,56.51,56.75,55.515,56.62,5940825,56.51,56.75,55.515,56.62,5940825,0.0,1.0
2024-08-05 00:00:00+00:00,55.39,56.36,54.57,54.91,7664667,55.39,56.36,54.57,54.91,7664667,0.0,1.0
2024-08-06 00:00:00+00:00,55.81,56.855,55.19,56.0,9433793,55.81,56.855,55.19,56.0,9433793,0.0,1.0
2024-08-07 00:00:00+00:00,69.93,71.82,65.0,65.68,23535602,69.93,71.82,65.0,65.68,23535602,0.0,1.0
2024-08-08 00:00:00+00:00,68.68,70.99,68.385,69.724,10955053,68.68,70.99,68.385,69.724,10955053,0.0,1.0
2024-08-09 00:00:00+00:00,69.69,69.98,67.975,68.99,6988618,69.69,69.98,67.975,68.99,6988618,0.0,1.0
2024-08-12 00:00:00+00:00,70.36,71.54,69.4,69.8,6173310,70.36,71.54,69.4,69.8,6173310,0.0,1.0
2024-08-13 00:00:00+00:00,71.5,71.59,69.65,70.32,5524287,71.5,71.59,69.65,70.32,5524287,0.0,1.0
2024-08-14 00:00:00+00:00,72.79,73.67,71.44,71.615,6099262,72.79,73.67,71.44,71.615,6099262,0.0,1.0
2024-08-15 00:00:00+00:00,73.4,73.83,72.5257,73.28,4589777,73.4,73.83,72.5257,73.28,4589777,0.0,1.0
2024-08-16 00:00:00+00:00,74.72,74.9,72.9,73.25,4798599,74.72,74.9,72.9,73.25,4798599,0.0,1.0
2024-08-19 00:00:00+00:00,74.77,75.19,74.36,74.69,5248310,74.77,75.19,74.36,74.69,5248310,0.0,1.0
2024-08-20 00:00:00+00:00,75.57,76.31,74.77,75.0,5733205,75.57,76.31,74.77,75.0,5733205,0.0,1.0
2024-08-21 00:00:00+00:00,75.42,75.8,74.64,75.3,3065758,75.42,75.8,74.64,75.3,3065758,0.0,1.0
2024-08-22 00:00:00+00:00,74.49,75.81,74.39,75.6,5006805,74.49,75.81,74.39,75.6,5006805,0.0,1.0
2024-08-23 00:00:00+00:00,74.73,75.1,73.745,74.88,3182470,74.73,75.1,73.745,74.88,3182470,0.0,1.0
2024-08-26 00:00:00+00:00,75.18,75.4,74.8,74.98,2751206,75.18,75.4,74.8,74.98,2751206,0.0,1.0
2024-08-27 00:00:00+00:00,75.97,75.99,74.61,74.85,2471210,75.97,75.99,74.61,74.85,2471210,0.0,1.0
2024-08-28 00:00:00+00:00,75.61,76.28,75.19,76.0,2635293,75.61,76.28,75.19,76.0,2635293,0.0,1.0
2024-08-29 00:00:00+00:00,76.27,77.18,75.54,76.0,3054470,76.27,77.18,75.54,76.0,3054470,0.0,1.0
2024-08-30 00:00:00+00:00,76.71,76.91,76.08,76.31,3585700,76.71,76.91,76.08,76.31,3585700,0.0,1.0
2024-09-03 00:00:00+00:00,77.13,78.08,76.08,76.62,5807885,77.13,78.08,76.08,76.62,5807885,0.0,1.0
2024-09-04 00:00:00+00:00,76.87,77.18,75.71,76.55,4173080,76.87,77.18,75.71,76.55,4173080,0.0,1.0
2024-09-05 00:00:00+00:00,75.8,76.674,75.2536,76.44,4469068,75.8,76.674,75.2536,76.44,4469068,0.0,1.0
2024-09-06 00:00:00+00:00,75.155,76.42,74.6,76.02,5364384,75.155,76.42,74.6,76.02,5364384,0.0,1.0
2024-09-09 00:00:00+00:00,75.1,75.92,74.92,75.27,4088881,75.1,75.92,74.92,75.27,4088881,0.0,1.0
2024-09-10 00:00:00+00:00,76.07,76.13,75.02,75.43,3853883,76.07,76.13,75.02,75.43,3853883,0.0,1.0
2024-09-11 00:00:00+00:00,76.64,76.84,74.71,75.78,4102347,76.64,76.84,74.71,75.78,4102347,0.0,1.0
2024-09-12 00:00:00+00:00,74.49,76.89,73.29,76.85,8618080,74.49,76.89,73.29,76.85,8618080,0.0,1.0
2024-09-13 00:00:00+00:00,75.01,75.6,74.13,74.67,4637702,75.01,75.6,74.13,74.67,4637702,0.0,1.0
2024-09-16 00:00:00+00:00,76.34,76.65,74.8,74.87,4402057,76.34,76.65,74.8,74.87,4402057,0.0,1.0
2024-09-17 00:00:00+00:00,75.61,76.47,75.38,76.1,2677888,75.61,76.47,75.38,76.1,2677888,0.0,1.0
2024-09-18 00:00:00+00:00,74.68,75.84,74.54,75.81,2876414,74.68,75.84,74.54,75.81,2876414,0.0,1.0
2024-09-19 00:00:00+00:00,75.66,76.2,74.85,76.08,3947493,75.66,76.2,74.85,76.08,3947493,0.0,1.0
2024-09-20 00:00:00+00:00,76.78,76.855,75.52,75.52,12542759,76.78,76.855,75.52,75.52,12542759,0.0,1.0
2024-09-23 00:00:00+00:00,77.44,77.82,76.97,77.198,3252169,77.44,77.82,76.97,77.198,3252169,0.0,1.0
2024-09-24 00:00:00+00:00,77.46,78.18,77.13,77.37,2943311,77.46,78.18,77.13,77.37,2943311,0.0,1.0
2024-09-25 00:00:00+00:00,76.61,77.835,75.94,77.42,4286288,76.61,77.835,75.94,77.42,4286288,0.0,1.0
2024-09-26 00:00:00+00:00,77.21,77.74,76.07,77.138,5170085,77.21,77.74,76.07,77.138,5170085,0.0,1.0
2024-09-27 00:00:00+00:00,77.45,77.78,76.43,77.2,2987870,77.45,77.78,76.43,77.2,2987870,0.0,1.0
2024-09-30 00:00:00+00:00,77.55,78.08,76.705,77.65,3453441,77.55,78.08,76.705,77.65,3453441,0.0,1.0
2024-10-01 00:00:00+00:00,76.49,78.498,76.18,78.208,3966326,76.49,78.498,76.18,78.208,3966326,0.0,1.0
2024-10-02 00:00:00+00:00,77.59,77.83,76.0,76.49,3000106,77.59,77.83,76.0,76.49,3000106,0.0,1.0
2024-10-03 00:00:00+00:00,76.98,77.61,76.78,77.3,3717008,76.98,77.61,76.78,77.3,3717008,0.0,1.0
2024-10-04 00:00:00+00:00,78.01,78.2,76.82,77.69,3144257,78.01,78.2,76.82,77.69,3144257,0.0,1.0
2024-10-07 00:00:00+00:00,77.48,79.08,77.34,78.02,4212995,77.48,79.08,77.34,78.02,4212995,0.0,1.0
2024-10-08 00:00:00+00:00,77.78,78.04,76.82,77.81,3879120,77.78,78.04,76.82,77.81,3879120,0.0,1.0
2024-10-09 00:00:00+00:00,80.33,80.37,78.0,78.07,4709415,80.33,80.37,78.0,78.07,4709415,0.0,1.0
2024-10-10 00:00:00+00:00,82.475,82.5,79.66,79.66,5288320,82.475,82.5,79.66,79.66,5288320,0.0,1.0
2024-10-11 00:00:00+00:00,82.87,83.04,81.92,82.44,2966193,82.87,83.04,81.92,82.44,2966193,0.0,1.0
2024-10-14 00:00:00+00:00,82.83,83.7692,81.93,83.45,2777129,82.83,83.7692,81.93,83.45,2777129,0.0,1.0
2024-10-15 00:00:00+00:00,82.64,82.985,82.18,82.66,5379012,82.64,82.985,82.18,82.66,5379012,0.0,1.0
2024-10-16 00:00:00+00:00,82.12,82.61,81.4,82.61,2696638,82.12,82.61,81.4,82.61,2696638,0.0,1.0
2024-10-17 00:00:00+00:00,80.86,81.72,79.56,80.02,4093275,80.86,81.72,79.56,80.02,4093275,0.0,1.0
2024-10-18 00:00:00+00:00,81.07,81.29,80.24,80.51,2955891,81.07,81.29,80.24,80.51,2955891,0.0,1.0
2024-10-21 00:00:00+00:00,82.05,83.22,81.77,82.655,3798949,82.05,83.22,81.77,82.655,3798949,0.0,1.0
2024-10-22 00:00:00+00:00,82.44,82.97,81.2,81.38,3046845,82.44,82.97,81.2,81.38,3046845,0.0,1.0
2024-10-23 00:00:00+00:00,80.37,82.89,80.24,82.03,4067878,80.37,82.89,80.24,82.03,4067878,0.0,1.0
2024-10-24 00:00:00+00:00,80.62,81.34,80.36,80.65,2828761,80.62,81.34,80.36,80.65,2828761,0.0,1.0
2024-10-25 00:00:00+00:00,80.34,81.8,80.22,80.79,3112008,80.34,81.8,80.22,80.79,3112008,0.0,1.0
2024-10-28 00:00:00+00:00,80.755,81.48,80.47,81.16,2492169,80.755,81.48,80.47,81.16,2492169,0.0,1.0
2024-10-29 00:00:00+00:00,79.37,80.39,78.51,79.772,3806406,79.37,80.39,78.51,79.772,3806406,0.0,1.0
2024-10-30 00:00:00+00:00,78.74,79.92,78.59,79.25,2595493,78.74,79.92,78.59,79.25,2595493,0.0,1.0
2024-10-31 00:00:00+00:00,78.66,79.51,78.15,78.99,4585233,78.66,79.51,78.15,78.99,4585233,0.0,1.0
2024-11-01 00:00:00+00:00,78.8,79.42,77.82,78.18,4055570,78.8,79.42,77.82,78.18,4055570,0.0,1.0
2024-11-04 00:00:00+00:00,78.84,79.37,77.8,78.63,3488417,78.84,79.37,77.8,78.63,3488417,0.0,1.0
2024-11-05 00:00:00+00:00,77.92,79.45,77.72,79.35,4408036,77.92,79.45,77.72,79.35,4408036,0.0,1.0
2024-11-06 00:00:00+00:00,80.87,81.08,79.78,80.21,5711298,80.87,81.08,79.78,80.21,5711298,0.0,1.0
2024-11-07 00:00:00+00:00,83.68,83.83,81.5,82.445,6375040,83.68,83.83,81.5,82.445,6375040,0.0,1.0
2024-11-08 00:00:00+00:00,92.04,92.528,84.26,84.5,13790376,92.04,92.528,84.26,84.5,13790376,0.0,1.0
2024-11-11 00:00:00+00:00,97.18,97.35,92.3,92.42,8393346,97.18,97.35,92.3,92.42,8393346,0.0,1.0
2024-11-12 00:00:00+00:00,99.15,99.51,96.9064,97.16,7145994,99.15,99.51,96.9064,97.16,7145994,0.0,1.0
2024-11-13 00:00:00+00:00,97.88,100.59,97.6,98.05,6571755,97.88,100.59,97.6,98.05,6571755,0.0,1.0
2024-11-14 00:00:00+00:00,94.46,97.06,94.11,96.542,7275759,94.46,97.06,94.11,96.542,7275759,0.0,1.0
2024-11-15 00:00:00+00:00,94.2,96.38,92.73,94.8,5916022,94.2,96.38,92.73,94.8,5916022,0.0,1.0
2024-11-18 00:00:00+00:00,91.88,96.74,90.96,94.57,8702907,91.88,96.74,90.96,94.57,8702907,0.0,1.0
2024-11-19 00:00:00+00:00,90.79,91.775,89.67,90.585,5706880,90.79,91.775,89.67,90.585,5706880,0.0,1.0
2024-11-20 00:00:00+00:00,92.45,92.49,90.61,91.3,5026814,92.45,92.49,90.61,91.3,5026814,0.0,1.0
2024-11-21 00:00:00+00:00,94.02,94.35,92.52,93.0,4379697,94.02,94.35,92.52,93.0,4379697,0.0,1.0
2024-11-22 00:00:00+00:00,92.77,94.5,92.33,94.32,4060455,92.77,94.5,92.33,94.32,4060455,0.0,1.0
2024-11-25 00:00:00+00:00,93.12,94.8999,92.68,93.11,8804549,93.12,94.8999,92.68,93.11,8804549,0.0,1.0
2024-11-26 00:00:00+00:00,96.44,96.7,93.97,93.97,4729263,96.44,96.7,93.97,93.97,4729263,0.0,1.0
2024-11-27 00:00:00+00:00,94.06,96.79,93.86,96.68,3835031,94.06,96.79,93.86,96.68,3835031,0.0,1.0
2024-11-29 00:00:00+00:00,95.05,95.47,94.11,94.33,2124139,95.05,95.47,94.11,94.33,2124139,0.0,1.0
2024-12-02 00:00:00+00:00,95.32,97.18,94.93,95.36,4379471,95.32,97.18,94.93,95.36,4379471,0.0,1.0
2024-12-03 00:00:00+00:00,95.29,95.79,93.38,95.0,3716650,95.29,95.79,93.38,95.0,3716650,0.0,1.0
2024-12-04 00:00:00+00:00,98.19,98.5,96.05,96.99,4979240,98.19,98.5,96.05,96.99,4979240,0.0,1.0
2024-12-05 00:00:00+00:00,98.46,99.74,97.7,98.31,3940690,98.46,99.74,97.7,98.31,3940690,0.0,1.0
2024-12-06 00:00:00+00:00,99.21,99.71,98.1,98.52,3219862,99.21,99.71,98.1,98.52,3219862,0.0,1.0
2024-12-09 00:00:00+00:00,97.04,100.4,96.201,99.71,4260813,97.04,100.4,96.201,99.71,4260813,0.0,1.0
2024-12-10 00:00:00+00:00,97.13,98.37,96.06,96.52,3915618,97.13,98.37,96.06,96.52,3915618,0.0,1.0
2024-12-11 00:00:00+00:00,98.04,98.68,97.03,98.0,3417447,98.04,98.68,97.03,98.0,3417447,0.0,1.0
2024-12-12 00:00:00+00:00,98.6,98.9,97.25,98.04,2859805,98.6,98.9,97.25,98.04,2859805,0.0,1.0
2024-12-13 00:00:00+00:00,97.95,99.19,96.86,98.29,3166115,97.95,99.19,96.86,98.29,3166115,0.0,1.0
2024-12-16 00:00:00+00:00,98.16,98.5,97.03,98.21,3822362,98.16,98.5,97.03,98.21,3822362,0.0,1.0
2024-12-17 00:00:00+00:00,97.62,99.37,97.01,98.16,4009767,97.62,99.37,97.01,98.16,4009767,0.0,1.0
2024-12-18 00:00:00+00:00,93.36,98.565,92.83,98.05,5751007,93.36,98.565,92.83,98.05,5751007,0.0,1.0
2024-12-19 00:00:00+00:00,94.85,96.865,94.23,95.94,4583508,94.85,96.865,94.23,95.94,4583508,0.0,1.0
2024-12-20 00:00:00+00:00,97.19,97.83,93.36,93.72,13324435,97.19,97.83,93.36,93.72,13324435,0.0,1.0
2024-12-23 00:00:00+00:00,96.42,97.067,95.34,96.925,3107902,96.42,97.067,95.34,96.925,3107902,0.0,1.0
2024-12-24 00:00:00+00:00,97.81,97.83,96.32,96.65,1764854,97.81,97.83,96.32,96.65,1764854,0.0,1.0
2024-12-26 00:00:00+00:00,97.29,97.6,96.73,97.16,1661958,97.29,97.6,96.73,97.16,1661958,0.0,1.0
2024-12-27 00:00:00+00:00,96.08,96.51,94.8,96.51,2774949,96.08,96.51,94.8,96.51,2774949,0.0,1.0
2024-12-30 00:00:00+00:00,95.13,95.73,94.0,94.88,2128262,95.13,95.73,94.0,94.88,2128262,0.0,1.0
2024-12-31 00:00:00+00:00,94.48,96.0,93.87,95.79,2183907,94.48,96.0,93.87,95.79,2183907,0.0,1.0
2025-01-02 00:00:00+00:00,94.75,96.17,93.21,95.36,2852109,94.75,96.17,93.21,95.36,2852109,0.0,1.0
2025-01-03 00:00:00+00:00,97.47,98.38,95.365,95.73,4272634,97.47,98.38,95.365,95.73,4272634,0.0,1.0
2025-01-06 00:00:00+00:00,97.94,101.0,97.1201,100.88,4193223,97.94,101.0,97.1201,100.88,4193223,0.0,1.0
2025-01-07 00:00:00+00:00,95.93,98.0,94.4,97.69,4007324,95.93,98.0,94.4,97.69,4007324,0.0,1.0
2025-01-08 00:00:00+00:00,96.04,96.27,93.33,95.2,4756140,96.04,96.27,93.33,95.2,4756140,0.0,1.0
2025-01-10 00:00:00+00:00,94.56,95.67,94.15,95.44,4019444,94.56,95.67,94.15,95.44,4019444,0.0,1.0
2025-01-13 00:00:00+00:00,93.83,94.35,92.635,93.97,4148804,93.83,94.35,92.635,93.97,4148804,0.0,1.0
2025-01-14 00:00:00+00:00,92.49,93.33,90.8,92.57,5432787,92.49,93.33,90.8,92.57,5432787,0.0,1.0
2025-01-15 00:00:00+00:00,93.06,94.16,92.76,93.8848,4847014,93.06,94.16,92.76,93.8848,4847014,0.0,1.0
2025-01-16 00:00:00+00:00,94.05,94.845,93.41,93.92,2907881,94.05,94.845,93.41,93.92,2907881,0.0,1.0
2025-01-17 00:00:00+00:00,94.23,96.088,93.88,96.088,4917013,94.23,96.088,93.88,96.088,4917013,0.0,1.0
2025-01-21 00:00:00+00:00,97.2,97.28,94.82,95.65,3850121,97.2,97.28,94.82,95.65,3850121,0.0,1.0
2025-01-22 00:00:00+00:00,98.24,98.34,96.5904,98.0,3542403,98.24,98.34,96.5904,98.0,3542403,0.0,1.0
2025-01-23 00:00:00+00:00,97.45,98.0733,95.94,97.65,3704679,97.45,98.0733,95.94,97.65,3704679,0.0,1.0
2025-01-24 00:00:00+00:00,96.9,97.565,96.1061,97.565,4139757,96.9,97.565,96.1061,97.565,4139757,0.0,1.0
2025-01-27 00:00:00+00:00,96.77,98.325,94.1,94.91,4245462,96.77,98.325,94.1,94.91,4245462,0.0,1.0
2025-01-28 00:00:00+00:00,99.83,100.38,95.55,96.53,4380145,99.83,100.38,95.55,96.53,4380145,0.0,1.0
2025-01-29 00:00:00+00:00,99.33,100.2128,98.2007,99.92,3124468,99.33,100.2128,98.2007,99.92,3124468,0.0,1.0
2025-01-30 00:00:00+00:00,100.93,102.17,100.02,100.41,4168508,100.93,102.17,100.02,100.41,4168508,0.0,1.0
2025-01-31 00:00:00+00:00,100.88,102.87,100.47,101.14,4091904,100.88,102.87,100.47,101.14,4091904,0.0,1.0
2025-02-03 00:00:00+00:00,100.9,101.41,98.12,98.87,4943874,100.9,101.41,98.12,98.87,4943874,0.0,1.0
2025-02-04 00:00:00+00:00,102.78,102.83,100.7,100.995,3899980,102.78,102.83,100.7,100.995,3899980,0.0,1.0
2025-02-05 00:00:00+00:00,105.07,105.12,101.85,103.15,4166000,105.07,105.12,101.85,103.15,4166000,0.0,1.0
2025-02-06 00:00:00+00:00,104.72,105.82,103.96,105.4,6937744,104.72,105.82,103.96,105.4,6937744,0.0,1.0
2025-02-07 00:00:00+00:00,107.66,110.53,102.37,109.485,11183600,107.66,110.53,102.37,109.485,11183600,0.0,1.0
2025-02-10 00:00:00+00:00,109.55,110.99,107.45,108.645,5111336,109.55,110.99,107.45,108.645,5111336,0.0,1.0
2025-02-11 00:00:00+00:00,108.33,110.33,107.81,109.495,4430075,108.33,110.33,107.81,109.495,4430075,0.0,1.0
2025-02-12 00:00:00+00:00,107.7,107.8,104.27,107.03,4412569,107.7,107.8,104.27,107.03,4412569,0.0,1.0
2025-02-13 00:00:00+00:00,109.98,110.03,107.61,108.99,3601424,109.98,110.03,107.61,108.99,3601424,0.0,1.0
2025-02-14 00:00:00+00:00,111.64,112.37,108.72,110.27,4981071,111.64,112.37,108.72,110.27,4981071,0.0,1.0
2025-02-18 00:00:00+00:00,114.26,114.82,112.46,112.7,6666597,114.26,114.82,112.46,112.7,6666597,0.0,1.0
2025-02-19 00:00:00+00:00,114.57,114.63,111.88,114.11,4912081,114.57,114.63,111.88,114.11,4912081,0.0,1.0
2025-02-20 00:00:00+00:00,114.21,114.53,110.83,113.8,6895570,114.21,114.53,110.83,113.8,6895570,0.0,1.0
2025-02-21 00:00:00+00:00,110.02,114.57,109.93,113.955,5172149,110.02,114.57,109.93,113.955,5172149,0.0,1.0
2025-02-24 00:00:00+00:00,108.69,110.02,107.33,109.315,5413911,108.69,110.02,107.33,109.315,5413911,0.0,1.0
2025-02-25 00:00:00+00:00,108.06,108.57,105.78,108.08,4429592,108.06,108.57,105.78,108.08,4429592,0.0,1.0
2025-02-26 00:00:00+00:00,109.02,110.29,107.83,108.46,3799699,109.02,110.29,107.83,108.46,3799699,0.0,1.0
2025-02-27 00:00:00+00:00,107.09,111.31,107.0,109.975,4305503,107.09,111.31,107.0,109.975,4305503,0.0,1.0
2025-02-28 00:00:00+00:00,108.01,108.2578,105.895,106.98,5126325,108.01,108.2578,105.895,106.98,5126325,0.0,1.0
2025-03-03 00:00:00+00:00,106.54,110.67,106.04,108.82,5292011,106.54,110.67,106.04,108.82,5292011,0.0,1.0
2025-03-04 00:00:00+00:00,106.48,107.71,103.93,106.81,5442955,106.48,107.71,103.93,106.81,5442955,0.0,1.0
2025-03-05 00:00:00+00:00,106.8,107.5,103.72,105.38,4953847,106.8,107.5,103.72,105.38,4953847,0.0,1.0
2025-03-06 00:00:00+00:00,101.72,106.68,101.5,105.65,4443066,101.72,106.68,101.5,105.65,4443066,0.0,1.0
2025-03-07 00:00:00+00:00,101.28,102.35,98.05,102.0,5560859,101.28,102.35,98.05,102.0,5560859,0.0,1.0
2025-03-10 00:00:00+00:00,96.04,99.54,95.72,99.32,5529750,96.04,99.54,95.72,99.32,5529750,0.0,1.0
2025-03-11 00:00:00+00:00,98.28,99.935,95.5,96.49,6312047,98.28,99.935,95.5,96.49,6312047,0.0,1.0
2025-03-12 00:00:00+00:00,97.93,100.845,97.61,99.53,4301645,97.93,100.845,97.61,99.53,4301645,0.0,1.0
2025-03-13 00:00:00+00:00,93.42,97.5,93.2725,97.4,4262027,93.42,97.5,93.2725,97.4,4262027,0.0,1.0
2025-03-14 00:00:00+00:00,96.25,96.69,94.0,94.64,3973295,96.25,96.69,94.0,94.64,3973295,0.0,1.0
2025-03-17 00:00:00+00:00,96.67,97.49,95.58,95.74,4146483,96.67,97.49,95.58,95.74,4146483,0.0,1.0
2025-03-18 00:00:00+00:00,96.91,97.29,94.81,96.08,3481690,96.91,97.29,94.81,96.08,3481690,0.0,1.0
2025-03-19 00:00:00+00:00,98.17,99.18,97.06,97.325,4320845,98.17,99.18,97.06,97.325,4320845,0.0,1.0
2025-03-20 00:00:00+00:00,98.45,99.59,97.1115,97.14,4249341,98.45,99.59,97.1115,97.14,4249341,0.0,1.0
2025-03-21 00:00:00+00:00,98.65,98.73,95.94,97.32,5778703,98.65,98.73,95.94,97.32,5778703,0.0,1.0
2025-03-24 00:00:00+00:00,99.79,100.29,98.81,100.0,4047407,99.79,100.29,98.81,100.0,4047407,0.0,1.0
2025-03-25 00:00:00+00:00,102.09,102.22,99.545,99.72,3423625,102.09,102.22,99.545,99.72,3423625,0.0,1.0
2025-03-26 00:00:00+00:00,101.01,102.34,100.415,101.62,2998346,101.01,102.34,100.415,101.62,2998346,0.0,1.0
2025-03-27 00:00:00+00:00,99.54,100.97,98.99,100.26,3358252,99.54,100.97,98.99,100.26,3358252,0.0,1.0
2025-03-28 00:00:00+00:00,96.6,99.48,95.37,99.07,4501167,96.6,99.48,95.37,99.07,4501167,0.0,1.0
2025-03-31 00:00:00+00:00,96.26,96.97,93.26,94.46,6285879,96.26,96.97,93.26,94.46,6285879,0.0,1.0
2025-04-01 00:00:00+00:00,96.67,96.83,94.54,95.22,4108994,96.67,96.83,94.54,95.22,4108994,0.0,1.0
2025-04-02 00:00:00+00:00,98.08,98.4,95.0,95.084,3438317,98.08,98.4,95.0,95.084,3438317,0.0,1.0
2025-04-03 00:00:00+00:00,89.44,93.48,89.33,92.76,8699053,89.44,93.48,89.33,92.76,8699053,0.0,1.0
2025-04-04 00:00:00+00:00,84.71,87.79,84.28,86.51,11174946,84.71,87.79,84.28,86.51,11174946,0.0,1.0
2025-04-07 00:00:00+00:00,88.0,91.38,81.7001,82.315,11000388,88.0,91.38,81.7001,82.315,11000388,0.0,1.0
2025-04-08 00:00:00+00:00,88.15,91.92,86.82,91.66,9188648,88.15,91.92,86.82,91.66,9188648,0.0,1.0
2025-04-09 00:00:00+00:00,99.93,100.5,87.8301,88.805,9263431,99.93,100.5,87.8301,88.805,9263431,0.0,1.0
2025-04-10 00:00:00+00:00,96.32,98.19,93.58,97.26,6807685,96.32,98.19,93.58,97.26,6807685,0.0,1.0
2025-04-11 00:00:00+00:00,97.73,98.18,94.97,96.01,5503251,97.73,98.18,94.97,96.01,5503251,0.0,1.0
2025-04-14 00:00:00+00:00,96.85,100.5,95.36,99.89,4616038,96.85,100.5,95.36,99.89,4616038,0.0,1.0
2025-04-15 00:00:00+00:00,99.2,99.24,97.195,97.39,3584029,99.2,99.24,97.195,97.39,3584029,0.0,1.0
2025-04-16 00:00:00+00:00,96.07,98.6,94.8,97.2,5678499,96.07,98.6,94.8,97.2,5678499,0.0,1.0
2025-04-17 00:00:00+00:00,96.13,97.35,95.8,96.825,2979241,96.13,97.35,95.8,96.825,2979241,0.0,1.0
2025-04-21 00:00:00+00:00,92.72,95.71,91.33,94.87,3071546,92.72,95.71,91.33,94.87,3071546,0.0,1.0
2025-04-22 00:00:00+00:00,94.37,95.06,91.24,93.51,4621048,94.37,95.06,91.24,93.51,4621048,0.0,1.0
2025-04-23 00:00:00+00:00,97.0,99.54,96.29,97.45,4330101,97.0,99.54,96.29,97.45,4330101,0.0,1.0
2025-04-24 00:00:00+00:00,100.72,101.19,96.75,96.99,4087897,100.72,101.19,96.75,96.99,4087897,0.0,1.0
2025-04-25 00:00:00+00:00,101.8,101.92,99.9927,100.27,3350024,101.8,101.92,99.9927,100.27,3350024,0.0,1.0
2025-04-28 00:00:00+00:00,102.64,103.08,100.94,102.39,3079459,102.64,103.08,100.94,102.39,3079459,0.0,1.0
2025-04-29 00:00:00+00:00,104.21,104.535,101.97,102.02,3128882,104.21,104.535,101.97,102.02,3128882,0.0,1.0
2025-04-30 00:00:00+00:00,103.76,103.98,100.34,101.86,5456902,103.76,103.98,100.34,101.86,5456902,0.0,1.0
2025-05-01 00:00:00+00:00,104.21,106.41,104.14,104.875,4088319,104.21,106.41,104.14,104.875,4088319,0.0,1.0
2025-05-02 00:00:00+00:00,106.18,106.65,104.63,105.705,3795580,106.18,106.65,104.63,105.705,3795580,0.0,1.0
2025-05-05 00:00:00+00:00,108.69,109.33,104.46,104.57,5447124,108.69,109.33,104.46,104.57,5447124,0.0,1.0
2025-05-06 00:00:00+00:00,107.14,108.51,105.43,105.985,4775150,107.14,108.51,105.43,105.985,4775150,0.0,1.0
2025-05-07 00:00:00+00:00,106.72,107.44,105.47,106.04,6913469,106.72,107.44,105.47,106.04,6913469,0.0,1.0
2025-05-08 00:00:00+00:00,97.74,99.27,93.2501,97.6,15635131,97.74,99.27,93.2501,97.6,15635131,0.0,1.0
2025-05-09 00:00:00+00:00,97.42,98.38,95.42,98.33,5721214,97.42,98.38,95.42,98.33,5721214,0.0,1.0
2025-05-12 00:00:00+00:00,102.04,102.13,99.19,99.85,6251519,102.04,102.13,99.19,99.85,6251519,0.0,1.0
2025-05-13 00:00:00+00:00,105.05,105.5,101.28,101.485,5890029,105.05,105.5,101.28,101.485,5890029,0.0,1.0
2025-05-14 00:00:00+00:00,103.23,105.97,102.68,105.1,4513852,103.23,105.97,102.68,105.1,4513852,0.0,1.0
2025-05-15 00:00:00+00:00,102.56,103.395,101.34,102.5,4680209,102.56,103.395,101.34,102.5,4680209,0.0,1.0
2025-05-16 00:00:00+00:00,104.59,105.11,102.69,103.23,4510482,104.59,105.11,102.69,103.23,4510482,0.0,1.0
2025-05-19 00:00:00+00:00,104.75,104.95,103.5,103.555,3562604,104.75,104.95,103.5,103.555,3562604,0.0,1.0
2025-05-20 00:00:00+00:00,104.79,104.89,103.2,104.89,3958293,104.79,104.89,103.2,104.89,3958293,0.0,1.0
2025-05-21 00:00:00+00:00,102.84,104.78,102.75,103.695,4423738,102.84,104.78,102.75,103.695,4423738,0.0,1.0
2025-05-22 00:00:00+00:00,103.62,104.69,103.08,103.33,3655115,103.62,104.69,103.08,103.33,3655115,0.0,1.0
2025-05-23 00:00:00+00:00,103.16,103.53,101.58,102.16,3769215,103.16,103.53,101.58,102.16,3769215,0.0,1.0
2025-05-27 00:00:00+00:00,104.74,106.06,104.165,104.2,4249484,104.74,106.06,104.165,104.2,4249484,0.0,1.0
2025-05-28 00:00:00+00:00,104.51,105.58,104.22,104.74,3740068,104.51,105.58,104.22,104.74,3740068,0.0,1.0
2025-05-29 00:00:00+00:00,102.04,105.5,100.895,105.22,4731952,102.04,105.5,100.895,105.22,4731952,0.0,1.0
2025-05-30 00:00:00+00:00,101.78,102.48,100.535,102.2,17092973,101.78,102.48,100.535,102.2,17092973,0.0,1.0
2025-06-02 00:00:00+00:00,102.47,102.52,99.85,101.1,5242986,102.47,102.52,99.85,101.1,5242986,0.0,1.0
2025-06-03 00:00:00+00:00,102.88,103.17,102.06,102.26,3789923,102.88,103.17,102.06,102.26,3789923,0.0,1.0
2025-06-04 00:00:00+00:00,101.62,102.84,101.32,102.5,3393049,101.62,102.84,101.32,102.5,3393049,0.0,1.0
2025-06-05 00:00:00+00:00,103.5,103.98,101.75,102.07,3368327,103.5,103.98,101.75,102.07,3368327,0.0,1.0
2025-06-06 00:00:00+00:00,104.94,105.2,103.725,104.32,3296652,104.94,105.2,103.725,104.32,3296652,0.0,1.0
2025-06-09 00:00:00+00:00,102.08,105.0,101.94,104.73,3904754,102.08,105.0,101.94,104.73,3904754,0.0,1.0
2025-06-10 00:00:00+00:00,101.63,102.9,101.07,102.325,3789499,101.63,102.9,101.07,102.325,3789499,0.0,1.0
2025-06-11 00:00:00+00:00,102.02,104.01,100.14,101.42,4220252,102.02,104.01,100.14,101.42,4220252,0.0,1.0
2025-06-12 00:00:00+00:00,101.66,102.79,101.47,101.835,2946595,101.66,102.79,101.47,101.835,2946595,0.0,1.0
2025-06-13 00:00:00+00:00,100.83,103.34,100.31,100.78,3425248,100.83,103.34,100.31,100.78,3425248,0.0,1.0
2025-06-16 00:00:00+00:00,101.95,103.234,101.1,101.1,3519799,101.95,103.234,101.1,101.1,3519799,0.0,1.0
2025-06-17 00:00:00+00:00,102.88,104.4991,101.3,101.53,4095961,102.88,104.4991,101.3,101.53,4095961,0.0,1.0
2025-06-18 00:00:00+00:00,100.82,103.4,99.84,103.255,4337319,100.82,103.4,99.84,103.255,4337319,0.0,1.0
2025-06-20 00:00:00+00:00,99.85,101.99,98.86,101.32,6944097,99.85,101.99,98.86,101.32,6944097,0.0,1.0
2025-06-23 00:00:00+00:00,103.15,103.46,98.6,99.775,4523473,103.15,103.46,98.6,99.775,4523473,0.0,1.0
2025-06-24 00:00:00+00:00,104.42,104.99,103.39,104.32,3540704,104.42,104.99,103.39,104.32,3540704,0.0,1.0
2025-06-25 00:00:00+00:00,103.69,105.79,103.52,104.87,2792178,103.69,105.79,103.52,104.87,2792178,0.0,1.0
2025-06-26 00:00:00+00:00,103.86,104.74,103.1,103.73,2816254,103.86,104.74,103.1,103.73,2816254,0.0,1.0
2025-06-27 00:00:00+00:00,103.11,104.47,102.94,103.92,5706052,103.11,104.47,102.94,103.92,5706052,0.0,1.0
2025-06-30 00:00:00+00:00,105.72,105.955,103.405,103.9,4095413,105.72,105.955,103.405,103.9,4095413,0.0,1.0
2025-07-01 00:00:00+00:00,102.43,105.85,100.91,105.355,6138018,102.43,105.85,100.91,105.355,6138018,0.0,1.0
2025-07-02 00:00:00+00:00,102.21,102.65,100.91,101.81,3749274,102.21,102.65,100.91,101.81,3749274,0.0,1.0
2025-07-03 00:00:00+00:00,105.66,106.115,102.62,102.68,2864114,105.66,106.115,102.62,102.68,2864114,0.0,1.0
2025-07-07 00:00:00+00:00,106.65,107.56,105.0202,105.595,4762596,106.65,107.56,105.0202,105.595,4762596,0.0,1.0
2025-07-08 00:00:00+00:00,107.54,107.825,103.36,106.97,5288539,107.54,107.825,103.36,106.97,5288539,0.0,1.0
2025-07-09 00:00:00+00:00,107.65,108.77,105.62,108.65,4442491,107.65,108.77,105.62,108.65,4442491,0.0,1.0
2025-07-10 00:00:00+00:00,100.2,108.09,99.91,107.71,5975009,100.2,108.09,99.91,107.71,5975009,0.0,1.0
2025-07-11 00:00:00+00:00,99.06,100.6181,98.7,100.0,4131965,99.06,100.6181,98.7,100.0,4131965,0.0,1.0
2025-07-14 00:00:00+00:00,102.97,103.56,99.25,99.36,6019608,102.97,103.56,99.25,99.36,6019608,0.0,1.0
2025-07-15 00:00:00+00:00,104.93,105.44,103.38,103.405,4172835,104.93,105.44,103.38,103.405,4172835,0.0,1.0
2025-07-16 00:00:00+00:00,103.44,105.19,101.55,104.93,3509647,103.44,105.19,101.55,104.93,3509647,0.0,1.0
2025-07-17 00:00:00+00:00,104.92,105.46,103.35,103.5,3480861,104.92,105.46,103.35,103.5,3480861,0.0,1.0
2025-07-18 00:00:00+00:00,105.42,106.57,104.7245,105.71,3640786,105.42,106.57,104.7245,105.71,3640786,0.0,1.0
2025-07-21 00:00:00+00:00,106.94,107.52,104.355,105.16,3533822,106.94,107.52,104.355,105.16,3533822,0.0,1.0
2025-07-22 00:00:00+00:00,104.81,107.4,104.64,106.93,2951433,104.81,107.4,104.64,106.93,2951433,0.0,1.0
2025-07-23 00:00:00+00:00,105.06,105.145,103.14,104.91,2582740,105.06,105.145,103.14,104.91,2582740,0.0,1.0
2025-07-24 00:00:00+00:00,104.77,106.19,104.03,105.31,2440045,104.77,106.19,104.03,105.31,2440045,0.0,1.0
2025-07-25 00:00:00+00:00,104.82,105.85,104.72,105.23,2088028,104.82,105.85,104.72,105.23,2088028,0.0,1.0
2025-07-28 00:00:00+00:00,104.88,106.21,104.12,104.98,2129027,104.88,106.21,104.12,104.98,2129027,0.0,1.0
2025-07-29 00:00:00+00:00,104.77,106.95,103.21,105.63,3246943,104.77,106.95,103.21,105.63,3246943,0.0,1.0
2025-07-30 00:00:00+00:00,101.71,104.88,99.78,104.88,5326217,101.71,104.88,99.78,104.88,5326217,0.0,1.0
2025-07-31 00:00:00+00:00,99.9,102.6,99.67,102.265,4311894,99.9,102.6,99.67,102.265,4311894,0.0,1.0
2025-08-01 00:00:00+00:00,97.36,99.38,96.825,99.38,4709352,97.36,99.38,96.825,99.38,4709352,0.0,1.0
2025-08-04 00:00:00+00:00,98.55,99.345,96.54,97.815,5382976,98.55,99.345,96.54,97.815,5382976,0.0,1.0
2025-08-05 00:00:00+00:00,96.21,99.4,96.12,98.45,4034156,96.21,99.4,96.12,98.45,4034156,0.0,1.0
2025-08-06 00:00:00+00:00,96.58,97.589,96.3,96.99,8765691,96.58,97.589,96.3,96.99,8765691,0.0,1.0
2025-08-07 00:00:00+00:00,75.3,75.35,70.12,74.3,47432964,75.3,75.35,70.12,74.3,47432964,0.0,1.0
2025-08-08 00:00:00+00:00,74.39,76.71,72.83,76.105,17024496,74.39,76.71,72.83,76.105,17024496,0.0,1.0
