date,close,high,low,open,volume,adjClose,adjHigh,adjLow,adjOpen,adjVolume,divCash,splitFactor
2018-01-02 00:00:00+00:00,1065.0,1066.94,1045.23,1048.34,1223114,52.9330695222,53.0294922029,51.9504528232,52.1050273267,24462280,0.0,1.0
2018-01-03 00:00:00+00:00,1082.48,1086.29,1063.21,1064.31,1416093,53.8018676962,53.9912338885,52.8441022035,52.8987748575,28321860,0.0,1.0
2018-01-04 00:00:00+00:00,1086.4,1093.57,1084.002,1088.0,990510,53.9967011539,54.353067453,53.8775147683,54.0762250143,19810200,0.0,1.0
2018-01-05 00:00:00+00:00,1102.23,1104.25,1092.0,1094.0,1210974,54.7834903469,54.8838892206,54.275034665,54.3744394904,24219480,0.0,1.0
2018-01-08 00:00:00+00:00,1106.94,1111.27,1101.62,1102.23,1003098,55.0175887107,55.2328001577,54.7531718752,54.7834903469,20061960,0.0,1.0
2018-01-09 00:00:00+00:00,1106.26,1110.57,1101.231,1109.4,897400,54.9837910701,55.1980084688,54.7338376366,55.139856646,17948000,0.0,1.0
2018-01-10 00:00:00+00:00,1102.61,1104.6,1096.11,1097.1,1038917,54.8023772638,54.901285065,54.4793115812,54.5285169698,20778340,0.0,1.0
2018-01-11 00:00:00+00:00,1105.52,1106.525,1099.59,1106.3,962696,54.9470112847,54.9969622095,54.6522759774,54.9857791666,19253920,0.0,1.0
2018-01-12 00:00:00+00:00,1122.26,1124.29,1101.15,1102.41,1701377,55.7790296733,55.879925571,54.7298117412,54.7924367812,34027540,0.0,1.0
2018-01-16 00:00:00+00:00,1121.76,1139.91,1117.832,1132.51,1539230,55.7541784669,56.6562772574,55.5589473898,56.2884794034,30784600,0.0,1.0
2018-01-17 00:00:00+00:00,1131.98,1132.6,1117.01,1126.22,1146089,56.2621371247,56.2929526205,55.5180920066,55.9758512275,22921780,0.0,1.0
2018-01-18 00:00:00+00:00,1129.79,1132.51,1117.5,1131.41,1148920,56.1532888409,56.2884794034,55.5424461888,56.2338067494,22978400,0.0,1.0
2018-01-19 00:00:00+00:00,1137.51,1137.86,1128.3,1131.83,1361390,56.5369914669,56.5543873113,56.0792322459,56.2546817628,27227800,0.0,1.0
2018-01-22 00:00:00+00:00,1155.81,1159.88,1135.11,1137.49,1582504,57.4465456192,57.6488344389,56.4177056764,56.5359974186,31650080,0.0,1.0
2018-01-23 00:00:00+00:00,1169.97,1171.627,1158.75,1159.85,1199326,58.150331783,58.2326886809,57.5926707126,57.6473433665,23986520,0.0,1.0
2018-01-24 00:00:00+00:00,1164.24,1179.86,1161.05,1177.33,1351237,57.8655369583,58.6418886446,57.7069862618,58.5161415405,27024740,0.0,1.0
2018-01-25 00:00:00+00:00,1170.37,1175.94,1162.76,1172.53,1326436,58.1702127481,58.4470551868,57.7919773875,58.2775699595,26528720,0.0,1.0
2018-01-26 00:00:00+00:00,1175.84,1175.84,1158.11,1175.08,1825680,58.4420849456,58.4420849456,57.5608611684,58.4043111119,36513600,0.0,1.0
2018-01-29 00:00:00+00:00,1175.58,1186.89,1171.98,1176.48,1299218,58.4291623183,58.9912966059,58.2502336325,58.4738944897,25984360,0.0,1.0
2018-01-30 00:00:00+00:00,1163.69,1176.52,1163.52,1167.83,1400132,57.8382006313,58.4758825862,57.8297512211,58.0439686199,28002640,0.0,1.0
2018-01-31 00:00:00+00:00,1169.94,1173.0,1159.13,1170.57,1486793,58.1488407106,58.3009300935,57.6115576294,58.1801532306,29735860,0.0,1.0
2018-02-01 00:00:00+00:00,1167.7,1174.0,1157.52,1162.61,1974700,58.0375073062,58.3506325062,57.5315367449,57.7845220256,39494000,0.0,1.0
2018-02-02 00:00:00+00:00,1111.9,1123.07,1107.278,1122.0,4758496,55.2641126777,55.8192886275,55.0343881262,55.766107046,95169920,0.0,1.0
2018-02-05 00:00:00+00:00,1055.8,1110.0,1052.03,1090.6,3336352,52.4758073254,55.1696780936,52.2884292295,54.2054512873,66727040,0.0,1.0
2018-02-06 00:00:00+00:00,1080.6,1081.71,1023.137,1027.18,3360727,53.7084271603,53.7635968384,50.8523774195,51.053324274,67214540,0.0,1.0
2018-02-07 00:00:00+00:00,1048.58,1081.78,1048.26,1081.54,2331374,52.1169559057,53.7670760073,52.1010511337,53.7551474282,46627480,0.0,1.0
2018-02-08 00:00:00+00:00,1001.52,1058.62,1000.66,1055.41,2720942,49.7779603642,52.6159681292,49.7352162893,52.4564233845,54418840,0.0,1.0
2018-02-09 00:00:00+00:00,1037.78,1043.97,992.56,1017.25,3267883,51.5801698486,51.8878277832,49.3326267465,50.5597793159,65357660,0.0,1.0
2018-02-12 00:00:00+00:00,1051.94,1061.5,1040.928,1048.0,2038875,52.2839560124,52.7591110778,51.7366330438,52.0881285064,40777500,0.0,1.0
2018-02-13 00:00:00+00:00,1052.1,1058.37,1044.087,1045.0,1209341,52.2919083984,52.603542526,51.8936429655,51.9390212683,24186820,0.0,1.0
2018-02-14 00:00:00+00:00,1069.7,1071.72,1046.75,1048.95,1515444,53.1666708619,53.2670697355,52.0260004905,52.1353457984,30308880,0.0,1.0
2018-02-15 00:00:00+00:00,1089.52,1091.479,1064.34,1079.07,1777694,54.1517726816,54.249139708,52.9002659298,53.6323824689,35553880,0.0,1.0
2018-02-16 00:00:00+00:00,1094.8,1104.67,1088.313,1088.41,1664969,54.4142014206,54.9047642339,54.0917818694,54.0966030035,33299380,0.0,1.0
2018-02-20 00:00:00+00:00,1102.46,1113.95,1088.52,1090.57,1381603,54.7949219019,55.3660026237,54.1020702689,54.2039602149,27632060,0.0,1.0
2018-02-21 00:00:00+00:00,1111.34,1133.97,1106.33,1106.47,1493162,55.2362793266,56.3610449259,54.987270239,54.9942285768,29863240,0.0,1.0
2018-02-22 00:00:00+00:00,1106.63,1122.82,1102.59,1116.19,1306276,55.0021809628,55.8068630244,54.8013832155,55.4773360282,26125520,0.0,1.0
2018-02-23 00:00:00+00:00,1126.79,1127.28,1104.714,1112.64,1158377,56.0041816028,56.028535785,54.9069511401,55.3008924631,23167540,0.0,1.0
2018-02-26 00:00:00+00:00,1143.75,1143.96,1126.695,1127.8,1492380,56.8471345221,56.8575720288,55.9994598736,56.0543810396,29847600,0.0,1.0
2018-02-27 00:00:00+00:00,1118.29,1144.04,1118.0,1141.24,1741578,55.5817110948,56.8615482218,55.5672973952,56.7223814662,34831560,0.0,1.0
2018-02-28 00:00:00+00:00,1104.73,1127.53,1103.24,1123.03,1858051,54.9077463787,56.0409613882,54.8336897838,55.817300531,37161020,0.0,1.0
2018-03-01 00:00:00+00:00,1069.52,1110.12,1067.001,1107.87,2515910,53.1577244276,55.1756423831,53.03252405,55.0638119545,50318200,0.0,1.0
2018-03-02 00:00:00+00:00,1078.92,1081.999,1048.115,1053.08,2271551,53.624927107,53.7779608357,52.0938442838,52.3406167629,45431020,0.0,1.0
2018-03-05 00:00:00+00:00,1090.93,1097.1,1069.0,1075.14,1202174,54.2218530835,54.5285169698,53.131879173,53.437051987,24043480,0.0,1.0
2018-03-06 00:00:00+00:00,1095.06,1101.85,1089.775,1099.22,1532783,54.4271240479,54.7646034301,54.1644467968,54.6338860847,30655660,0.0,1.0
2018-03-07 00:00:00+00:00,1109.64,1112.22,1085.482,1089.19,1292537,55.151785225,55.2800174498,53.9510743391,54.1353708854,25850740,0.0,1.0
2018-03-08 00:00:00+00:00,1126.0,1127.6,1112.8,1115.32,1240299,55.9649166967,56.0444405571,55.3088448491,55.4340949291,24805980,0.0,1.0
2018-03-09 00:00:00+00:00,1160.04,1160.8,1132.461,1136.0,2074952,57.6567868249,57.6945606586,56.2860439852,56.4619408237,41499040,0.0,1.0
2018-03-12 00:00:00+00:00,1164.5,1177.05,1157.42,1163.85,2076306,57.8784595856,58.5022248649,57.5265665037,57.8461530173,41526120,0.0,1.0
2018-03-13 00:00:00+00:00,1138.17,1176.76,1133.33,1170.0,1808098,56.5697950593,58.4878111652,56.3292353818,58.1518228554,36161960,0.0,1.0
2018-03-14 00:00:00+00:00,1149.49,1158.59,1141.44,1145.21,1192615,57.132426371,57.5847183265,56.7323219488,56.9197000446,23852300,0.0,1.0
2018-03-15 00:00:00+00:00,1149.58,1161.08,1134.54,1149.96,1392521,57.1368995881,57.7084773341,56.3893753012,57.155786505,27850420,0.0,1.0
2018-03-16 00:00:00+00:00,1135.73,1155.88,1131.96,1154.14,2560277,56.4485211723,57.4500247881,56.2611430764,57.36354259,51205540,0.0,1.0
2018-03-19 00:00:00+00:00,1099.82,1121.99,1089.01,1120.01,2339506,54.6637075323,55.7656100218,54.1264244511,55.6671992447,46790120,0.0,1.0
2018-03-20 00:00:00+00:00,1097.71,1105.2,1083.46,1099.0,1783872,54.5588354415,54.9311065126,53.8505760606,54.6229515539,35677440,0.0,1.0
2018-03-21 00:00:00+00:00,1090.88,1106.3,1085.15,1092.74,1640709,54.2193679628,54.9857791666,53.9345731381,54.3118144504,32814180,0.0,1.0
2018-03-22 00:00:00+00:00,1049.08,1082.9,1045.91,1081.88,2580374,52.1418071121,53.8227427095,51.9842504638,53.7720462486,51607480,0.0,1.0
2018-03-23 00:00:00+00:00,1021.57,1063.36,1021.22,1047.03,2113497,50.7744937388,52.8515575654,50.7570978944,52.0399171661,42269940,0.0,1.0
2018-03-26 00:00:00+00:00,1053.21,1055.63,1008.4,1046.0,2558385,52.3470780765,52.4673579153,50.1199129636,51.988723681,51167700,0.0,1.0
2018-03-27 00:00:00+00:00,1005.1,1064.839,996.92,1063.0,3029471,49.9558950017,52.9250674338,49.5493292658,52.8336646968,60589420,0.0,1.0
2018-03-28 00:00:00+00:00,1004.56,1024.23,980.64,998.0,3369275,49.9290556988,50.9067021566,48.7401739871,49.6030078715,67385500,0.0,1.0
2018-03-29 00:00:00+00:00,1031.79,1043.0,1002.9,1011.63,2726830,51.2824523966,51.8396164429,49.8465496937,50.2804517566,54536600,0.0,1.0
2018-04-02 00:00:00+00:00,1006.47,1034.8,990.37,1022.82,2680400,50.0239873071,51.4320566588,49.2237784627,50.8366217547,53608000,0.0,1.0
2018-04-03 00:00:00+00:00,1013.41,1020.99,994.07,1013.91,2275076,50.3689220512,50.7456663394,49.4076773896,50.3937732575,45501520,0.0,1.0
2018-04-04 00:00:00+00:00,1025.14,1028.718,993.0,993.41,2484651,50.9519313521,51.1297665848,49.354495808,49.3748737973,49693020,0.0,1.0
2018-04-05 00:00:00+00:00,1027.81,1042.79,1020.131,1041.33,1363049,51.084636794,51.8291789362,50.7029719669,51.7566134137,27260980,0.0,1.0
2018-04-06 00:00:00+00:00,1007.04,1031.42,1003.03,1020.0,1746430,50.0523176823,51.2640625039,49.8530110074,50.6964609509,34928600,0.0,1.0
2018-04-09 00:00:00+00:00,1015.45,1039.6,1014.08,1016.8,1751559,50.4703149731,51.6706282397,50.4022226677,50.5374132302,35031180,0.0,1.0
2018-04-10 00:00:00+00:00,1031.64,1036.28,1011.34,1026.44,2029648,51.2749970347,51.5056162296,50.2660380569,51.0165444886,40592960,0.0,1.0
2018-04-11 00:00:00+00:00,1019.97,1031.364,1015.87,1027.99,1483881,50.6949698785,51.2612791688,50.4911899864,51.0935832283,29677620,0.0,1.0
2018-04-12 00:00:00+00:00,1032.51,1040.69,1021.435,1025.04,1359389,51.3182381337,51.7248038696,50.7677839131,50.9469611109,27187780,0.0,1.0
2018-04-13 00:00:00+00:00,1029.27,1046.42,1022.98,1040.88,1223017,51.1572023166,52.0095986943,50.8445741407,51.734247328,24460340,0.0,1.0
2018-04-16 00:00:00+00:00,1037.98,1043.24,1026.74,1037.0,1211208,51.5901103312,51.8515450219,51.0314552124,51.5414019667,24224160,0.0,1.0
2018-04-17 00:00:00+00:00,1074.16,1077.88,1048.26,1051.37,2320266,53.3883436225,53.5732365978,52.1010511337,52.2556256372,46405320,0.0,1.0
2018-04-18 00:00:00+00:00,1072.08,1077.43,1066.225,1077.43,1344138,53.2849626041,53.550870512,52.9939549778,53.550870512,26882760,0.0,1.0
2018-04-19 00:00:00+00:00,1087.7,1094.165,1068.18,1069.4,1747671,54.0613142904,54.3826403885,53.0911231946,53.1517601381,34953420,0.0,1.0
2018-04-20 00:00:00+00:00,1072.96,1092.35,1069.57,1082.0,1889686,53.3287007273,54.2924305095,53.1602095483,53.7780105381,37793720,0.0,1.0
2018-04-23 00:00:00+00:00,1067.45,1082.72,1060.7,1077.86,2341258,53.0548404333,53.8137962752,52.7193491476,53.5722425495,46825160,0.0,1.0
2018-04-24 00:00:00+00:00,1019.98,1057.0,1010.59,1052.0,4760260,50.6954669026,52.5354502207,50.2287612474,52.2869381572,95205200,0.0,1.0
2018-04-25 00:00:00+00:00,1021.18,1032.49,1015.31,1025.52,2391105,50.7551097978,51.3172440854,50.4633566353,50.970818269,47822100,0.0,1.0
2018-04-26 00:00:00+00:00,1040.04,1047.98,1018.19,1029.51,2079533,51.6924973013,52.0871344581,50.6064995839,51.1691308956,41590660,0.0,1.0
2018-04-27 00:00:00+00:00,1030.05,1049.5,1025.59,1046.0,1619796,51.1959701985,52.1626821254,50.9742974378,51.988723681,32395920,0.0,1.0
2018-04-30 00:00:00+00:00,1017.33,1037.0,1016.85,1030.01,1671254,50.563755509,51.5414019667,50.5398983509,51.193982102,33425080,0.0,1.0
2018-05-01 00:00:00+00:00,1037.31,1038.47,1008.21,1013.66,1427857,51.5568097146,51.6144645134,50.1104695052,50.3813476544,28557140,0.0,1.0
2018-05-02 00:00:00+00:00,1024.38,1040.389,1022.87,1028.1,1603081,50.9141575185,51.7098434433,50.8391068753,51.0990504937,32061620,0.0,1.0
2018-05-03 00:00:00+00:00,1023.72,1029.675,1006.29,1019.0,1815058,50.8813539261,51.1773317937,50.0150408728,50.6467585382,36301160,0.0,1.0
2018-05-04 00:00:00+00:00,1048.21,1048.51,1016.9,1016.9,1938658,52.098566013,52.1134767369,50.5423834715,50.5423834715,38773160,0.0,1.0
2018-05-07 00:00:00+00:00,1054.79,1061.68,1047.1,1049.23,1466065,52.4256078886,52.7680575121,52.043396335,52.149262474,29321300,0.0,1.0
2018-05-08 00:00:00+00:00,1053.91,1060.55,1047.145,1058.54,1217721,52.3818697654,52.7118937857,52.0456329435,52.6119919362,24354420,0.0,1.0
2018-05-09 00:00:00+00:00,1082.76,1085.44,1056.365,1058.1,2032818,53.8157843717,53.9489868378,52.5038891886,52.5901228746,40656360,0.0,1.0
2018-05-10 00:00:00+00:00,1097.57,1100.44,1085.64,1086.03,1443025,54.5518771038,54.6945230282,53.9589273203,53.9783112612,28860500,0.0,1.0
2018-05-11 00:00:00+00:00,1098.26,1101.33,1090.91,1093.6,1253665,54.5861717685,54.7387581755,54.2208590352,54.3545585254,25073300,0.0,1.0
2018-05-14 00:00:00+00:00,1100.2,1110.75,1099.11,1100.0,1518077,54.6825944492,55.2069549031,54.6284188193,54.6726539666,30361540,0.0,1.0
2018-05-15 00:00:00+00:00,1079.23,1090.05,1073.47,1090.0,1494872,53.6403348549,54.1781149603,53.3540489578,54.1756298396,29897440,0.0,1.0
2018-05-16 00:00:00+00:00,1081.77,1089.27,1076.26,1077.31,1097317,53.7665789832,54.1393470784,53.4927186892,53.5449062225,21946340,0.0,1.0
2018-05-17 00:00:00+00:00,1078.59,1086.87,1073.5,1079.89,1043766,53.6085253108,54.0200612879,53.3555400302,53.6731384473,20875320,0.0,1.0
2018-05-18 00:00:00+00:00,1066.36,1069.94,1060.68,1061.86,1565240,53.0006648035,53.1785994409,52.7183550994,52.7770039464,31304800,0.0,1.0
2018-05-21 00:00:00+00:00,1079.58,1088.0,1073.65,1074.06,1023211,53.6577306993,54.0762250143,53.3629953921,53.3833733813,20464220,0.0,1.0
2018-05-22 00:00:00+00:00,1069.73,1086.59,1066.69,1083.56,1090002,53.1681619343,54.0061446124,53.0170665997,53.8555463019,21800040,0.0,1.0
2018-05-23 00:00:00+00:00,1079.69,1080.78,1061.71,1065.13,1060683,53.6631979647,53.7173735946,52.7695485845,52.9395308359,21213660,0.0,1.0
2018-05-24 00:00:00+00:00,1079.24,1080.47,1066.15,1079.0,766773,53.640831879,53.7019658466,52.9902272968,53.6289033,15335460,0.0,1.0
2018-05-25 00:00:00+00:00,1075.66,1082.56,1073.775,1079.02,899406,53.4628972416,53.8058438892,53.3692081936,53.6298973482,17988120,0.0,1.0
2018-05-29 00:00:00+00:00,1060.32,1073.37,1055.22,1064.89,1865139,52.7004622308,53.3490787165,52.4469799261,52.9276022568,37302780,0.0,1.0
2018-05-30 00:00:00+00:00,1067.8,1069.21,1056.83,1063.03,1138457,53.0722362778,53.1423166797,52.5270008105,52.8351557692,22769140,0.0,1.0
2018-05-31 00:00:00+00:00,1084.99,1097.19,1067.56,1067.56,3088305,53.926620752,54.5329901869,53.0603076987,53.0603076987,61766100,0.0,1.0
2018-06-01 00:00:00+00:00,1119.5,1120.0,1098.5,1099.35,2421598,55.6418510142,55.6667022206,54.5981003476,54.6403473984,48431960,0.0,1.0
2018-06-04 00:00:00+00:00,1139.29,1141.89,1122.005,1122.33,1889579,56.6254617615,56.7546880345,55.766355558,55.7825088421,37791580,0.0,1.0
2018-06-05 00:00:00+00:00,1139.66,1145.738,1133.19,1140.99,1677973,56.6438516542,56.9459429186,56.322277044,56.7099558631,33559460,0.0,1.0
2018-06-06 00:00:00+00:00,1136.88,1143.0,1125.743,1142.17,1698247,56.5056789469,56.8098577126,55.9521431767,56.76860471,33964940,0.0,1.0
2018-06-07 00:00:00+00:00,1123.86,1135.82,1116.52,1131.32,1520020,55.8585535336,56.4529943894,55.4937378244,56.2293335323,30400400,0.0,1.0
2018-06-08 00:00:00+00:00,1120.87,1126.67,1112.15,1118.18,1290845,55.7099433196,55.9982173132,55.2765382809,55.5762438294,25816900,0.0,1.0
2018-06-11 00:00:00+00:00,1129.99,1137.26,1118.6,1118.6,1079294,56.1632293234,56.5245658637,55.5971188428,55.5971188428,21585880,0.0,1.0
2018-06-12 00:00:00+00:00,1139.32,1139.79,1130.735,1131.07,912018,56.6269528339,56.6503129678,56.2002576209,56.2169079291,18240360,0.0,1.0
2018-06-13 00:00:00+00:00,1134.79,1146.5,1133.38,1141.12,1506407,56.4018009043,56.983816157,56.3317205024,56.7164171767,30128140,0.0,1.0
2018-06-14 00:00:00+00:00,1152.12,1155.47,1140.64,1143.85,1350868,57.2631437164,57.4296467989,56.6925600186,56.8521047634,27017360,0.0,1.0
2018-06-15 00:00:00+00:00,1152.26,1153.42,1143.485,1148.86,2122476,57.2701020542,57.3277568529,56.8339633827,57.101113851,42449520,0.0,1.0
2018-06-18 00:00:00+00:00,1173.46,1174.31,1143.59,1143.65,1413692,58.3237932033,58.3660402541,56.8391821361,56.8421642808,28273840,0.0,1.0
2018-06-19 00:00:00+00:00,1168.06,1171.27,1154.01,1158.5,1621018,58.0554001748,58.2149449195,57.3570812764,57.5802451094,32420360,0.0,1.0
2018-06-20 00:00:00+00:00,1169.84,1186.286,1169.16,1175.31,1648536,58.1438704694,58.9612763486,58.1100728287,58.4157426668,32970720,0.0,1.0
2018-06-21 00:00:00+00:00,1157.66,1177.295,1152.232,1174.85,1238118,57.5384950827,58.514401956,57.2687103866,58.392879557,24762360,0.0,1.0
2018-06-22 00:00:00+00:00,1155.48,1162.497,1147.26,1159.14,1310967,57.430143823,57.7789056529,57.0215899907,57.6120546535,26219340,0.0,1.0
2018-06-25 00:00:00+00:00,1124.81,1143.91,1112.78,1143.6,2157310,55.9057708256,56.8550869081,55.3078508009,56.8396791602,43146200,0.0,1.0
2018-06-26 00:00:00+00:00,1118.46,1133.21,1116.659,1128.0,1563225,55.590160505,56.3232710923,55.5006464597,56.0643215221,31264500,0.0,1.0
2018-06-27 00:00:00+00:00,1103.98,1131.836,1103.62,1121.34,1293892,54.8704695692,56.2549799772,54.8525767006,55.7333034536,25877840,0.0,1.0
2018-06-28 00:00:00+00:00,1114.22,1122.31,1096.01,1102.09,1072438,55.3794222752,55.7815147939,54.47434134,54.7765320092,21448760,0.0,1.0
2018-06-29 00:00:00+00:00,1115.65,1128.227,1115.0,1120.0,1315121,55.4504967253,56.0756039698,55.4181901571,55.6667022206,26302420,0.0,1.0
2018-07-02 00:00:00+00:00,1127.46,1128.0,1093.8,1099.0,1217311,56.0374822193,56.0643215221,54.3644990079,54.6229515539,24346220,0.0,1.0
2018-07-03 00:00:00+00:00,1102.89,1135.82,1100.02,1135.82,679034,54.8162939393,56.4529943894,54.6736480149,56.4529943894,13580680,0.0,1.0
2018-07-05 00:00:00+00:00,1124.27,1127.5,1108.48,1110.53,1066685,55.8789315228,56.0394703158,55.0941304263,55.1960203723,21333700,0.0,1.0
2018-07-06 00:00:00+00:00,1140.17,1140.93,1120.737,1123.58,996079,56.6691998847,56.7069737183,55.7033328987,55.844636858,19921580,0.0,1.0
2018-07-09 00:00:00+00:00,1154.05,1154.67,1143.42,1148.48,908969,57.3590693729,57.3898848688,56.8307327259,57.0822269342,18179380,0.0,1.0
2018-07-10 00:00:00+00:00,1152.84,1159.59,1149.59,1156.98,798412,57.2989294535,57.6344207392,57.1373966123,57.5046974421,15968240,0.0,1.0
2018-07-11 00:00:00+00:00,1153.9,1164.29,1141.0,1144.59,1119993,57.351614011,57.8680220789,56.7104528872,56.8888845488,22399860,0.0,1.0
2018-07-12 00:00:00+00:00,1183.48,1184.41,1155.935,1159.89,1251884,58.8218113786,58.8680346224,57.4527584208,57.649331463,25037680,0.0,1.0
2018-07-13 00:00:00+00:00,1188.82,1195.417,1180.0,1185.0,1222072,59.0872222624,59.4151090789,58.6488469824,58.8973590459,24441440,0.0,1.0
2018-07-16 00:00:00+00:00,1183.86,1191.0,1179.28,1189.39,1055662,58.8406982954,59.195573522,58.6130612452,59.1155526376,21113240,0.0,1.0
2018-07-17 00:00:00+00:00,1198.8,1203.04,1170.6,1172.22,1610353,59.5832523411,59.7939905709,58.181644303,58.2621622116,32207060,0.0,1.0
2018-07-18 00:00:00+00:00,1195.88,1204.5,1190.34,1196.56,1393606,59.438121296,59.8665560934,59.1627699297,59.4719189366,27872120,0.0,1.0
2018-07-19 00:00:00+00:00,1186.96,1200.0,1183.32,1191.0,1276667,58.9947757747,59.6428952363,58.8138589925,59.195573522,25533340,0.0,1.0
2018-07-20 00:00:00+00:00,1184.91,1196.86,1184.22,1186.96,1248400,58.8928858287,59.4868296604,58.858591164,58.9947757747,24968000,0.0,1.0
2018-07-23 00:00:00+00:00,1205.5,1206.49,1181.0,1181.01,2619234,59.9162585061,59.9654638947,58.6985493951,58.6990464192,52384680,0.0,1.0
2018-07-24 00:00:00+00:00,1248.08,1266.0,1235.56,1262.59,3318204,62.0325872388,62.9232544743,61.4103130318,62.753769247,66364080,0.0,1.0
2018-07-25 00:00:00+00:00,1263.7,1265.86,1239.13,1239.13,2139999,62.8089389251,62.9162961365,61.5877506451,61.5877506451,42799980,0.0,1.0
2018-07-26 00:00:00+00:00,1268.33,1269.771,1249.02,1251.0,2405638,63.0390610959,63.1106822726,62.0793075067,62.1777182839,48112760,0.0,1.0
2018-07-27 00:00:00+00:00,1238.5,1273.89,1231.0,1271.0,2130558,61.5564381251,63.3154065105,61.1836700299,63.1717665378,42611160,0.0,1.0
2018-07-30 00:00:00+00:00,1219.74,1234.916,1211.47,1228.01,1849904,60.6240208629,61.378304678,60.2129819099,61.035059816,36998080,0.0,1.0
2018-07-31 00:00:00+00:00,1217.26,1227.588,1205.6,1220.01,1644722,60.5007588795,61.0140853978,59.9212287474,60.6374405144,32894440,0.0,1.0
2018-08-01 00:00:00+00:00,1220.01,1233.47,1210.21,1228.0,1567264,60.6374405144,61.3064349893,60.1503568699,61.0345627918,31345280,0.0,1.0
2018-08-02 00:00:00+00:00,1226.15,1229.88,1204.79,1205.9,1531299,60.9426133283,61.1280033277,59.8809697931,59.9361394712,30625980,0.0,1.0
2018-08-03 00:00:00+00:00,1223.71,1230.0,1215.06,1229.62,1089896,60.8213394414,61.1339676172,60.3914135715,61.1150807004,21797920,0.0,1.0
2018-08-06 00:00:00+00:00,1224.77,1226.088,1215.797,1225.0,1081723,60.8740239988,60.9395317787,60.4280442497,60.8854555537,21634460,0.0,1.0
2018-08-07 00:00:00+00:00,1242.22,1251.17,1236.17,1237.0,1493980,61.7413311004,62.186167694,61.4406315036,61.4818845061,29879600,0.0,1.0
2018-08-08 00:00:00+00:00,1245.61,1256.5,1238.008,1240.47,1370913,61.9098222794,62.4510815537,61.5319845381,61.6543518782,27418260,0.0,1.0
2018-08-09 00:00:00+00:00,1249.1,1255.542,1246.01,1249.9,848601,62.0832836997,62.4034666423,61.9297032445,62.1230456299,16972020,0.0,1.0
2018-08-10 00:00:00+00:00,1237.61,1245.695,1232.0,1243.0,1108919,61.5122029778,61.9140469845,61.2333724426,61.7800989823,22178380,0.0,1.0
2018-08-13 00:00:00+00:00,1235.01,1249.273,1233.641,1236.98,997346,61.3829767048,62.0918822171,61.3149341018,61.4808904578,19946920,0.0,1.0
2018-08-14 00:00:00+00:00,1242.1,1245.87,1225.11,1235.19,1348194,61.7353668109,61.9227449067,60.8909228191,61.3919231391,26963880,0.0,1.0
2018-08-15 00:00:00+00:00,1214.38,1235.24,1209.51,1229.26,1828814,60.3576159309,61.3944082598,60.1155651811,61.0971878318,36576280,0.0,1.0
2018-08-16 00:00:00+00:00,1206.49,1226.0,1202.55,1224.73,1343161,59.9654638947,60.9351579664,59.7696363887,60.8720359023,26863220,0.0,1.0
2018-08-17 00:00:00+00:00,1200.96,1209.02,1188.24,1202.03,1389645,59.6906095525,60.0912109988,59.058394863,59.7437911341,27792900,0.0,1.0
2018-08-20 00:00:00+00:00,1207.77,1211.0,1194.626,1205.02,870772,60.029082983,60.189621776,59.3757944705,59.892401348,17415440,0.0,1.0
2018-08-21 00:00:00+00:00,1201.62,1217.26,1200.354,1208.0,1205580,59.7234131449,60.5007588795,59.6604898904,60.0405145379,24111600,0.0,1.0
2018-08-22 00:00:00+00:00,1207.33,1211.84,1199.0,1200.0,887389,60.0072139214,60.2313718026,59.5931928236,59.6428952363,17747780,0.0,1.0
2018-08-23 00:00:00+00:00,1205.38,1221.28,1204.24,1207.14,992604,59.9102942166,60.7005625785,59.8536334661,59.997770463,19852080,0.0,1.0
2018-08-24 00:00:00+00:00,1220.65,1221.65,1206.359,1208.82,946840,60.6692500585,60.7189524712,59.9589528787,60.0812705163,18936800,0.0,1.0
2018-08-27 00:00:00+00:00,1241.82,1243.09,1225.716,1227.6,1156255,61.7214501353,61.7845721994,60.9210424812,61.0146818267,23125100,0.0,1.0
2018-08-28 00:00:00+00:00,1231.15,1242.545,1228.69,1241.29,1304007,61.1911253918,61.7574843845,61.0688574566,61.6951078566,26080140,0.0,1.0
2018-08-29 00:00:00+00:00,1249.3,1250.66,1236.359,1237.45,1309312,62.0932241823,62.1608194635,61.4500252596,61.5042505918,26186240,0.0,1.0
2018-08-30 00:00:00+00:00,1239.12,1253.635,1232.59,1244.23,1331439,61.587253621,62.3086841413,61.2626968661,61.8412329499,26628780,0.0,1.0
2018-08-31 00:00:00+00:00,1218.19,1238.66,1211.285,1234.98,1816426,60.5469821233,61.5643905112,60.2037869636,61.3814856324,36328520,0.0,1.0
2018-09-04 00:00:00+00:00,1197.0,1212.99,1192.5,1204.27,1831045,59.4937879982,60.2885295772,59.2701271411,59.8551245385,36620900,0.0,1.0
2018-09-05 00:00:00+00:00,1186.48,1199.01,1162.0,1193.8,2061309,58.9709186166,59.5936898477,57.7542035538,59.3347402776,41226180,0.0,1.0
2018-09-06 00:00:00+00:00,1171.44,1186.3,1152.0,1186.3,1888467,58.2233943297,58.9619721824,57.2571794269,58.9619721824,37769340,0.0,1.0
2018-09-07 00:00:00+00:00,1164.83,1175.26,1157.215,1158.67,1401404,57.8948613818,58.4132575462,57.5163775091,57.5886945195,28028080,0.0,1.0
2018-09-10 00:00:00+00:00,1164.64,1174.54,1160.11,1172.19,1115796,57.8854179233,58.377471809,57.6602659938,58.2606711392,22315920,0.0,1.0
2018-09-11 00:00:00+00:00,1177.36,1178.68,1156.24,1161.63,1209565,58.5176326129,58.5832397976,57.4679176567,57.7358136611,24191300,0.0,1.0
2018-09-12 00:00:00+00:00,1162.82,1178.61,1158.36,1172.72,1295472,57.7949595322,58.5797606287,57.5732867716,58.2870134179,25909440,0.0,1.0
2018-09-13 00:00:00+00:00,1175.33,1178.61,1162.85,1170.74,1431214,58.4167367151,58.5797606287,57.7964506046,58.1886026408,28624280,0.0,1.0
2018-09-14 00:00:00+00:00,1172.53,1180.425,1168.33,1179.1,943978,58.2775699595,58.6699705078,58.0688198262,58.6041148109,18879560,0.0,1.0
2018-09-17 00:00:00+00:00,1156.05,1177.24,1154.03,1170.14,1306522,57.4584741983,58.5116683233,57.3580753246,58.1587811932,26130440,0.0,1.0
2018-09-18 00:00:00+00:00,1161.22,1176.08,1157.09,1157.09,1203686,57.7154356719,58.4540135246,57.5101647075,57.5101647075,24073720,0.0,1.0
2018-09-19 00:00:00+00:00,1171.09,1173.21,1154.58,1164.98,1191386,58.2059984852,58.3113676002,57.3854116516,57.9023167437,23827720,0.0,1.0
2018-09-20 00:00:00+00:00,1186.87,1189.89,1173.36,1179.99,1225387,58.9903025576,59.1404038439,58.3188229621,58.6483499582,24507740,0.0,1.0
2018-09-21 00:00:00+00:00,1166.09,1192.21,1166.04,1192.0,4405584,57.9574864218,59.2557134414,57.9550013011,59.2452759347,88111680,0.0,1.0
2018-09-24 00:00:00+00:00,1173.37,1178.0,1146.91,1157.17,1271017,58.3193199862,58.549442157,57.0041941462,57.5141409005,25420340,0.0,1.0
2018-09-25 00:00:00+00:00,1184.65,1186.88,1168.0,1176.15,977731,58.8799632014,58.9907995817,58.05241803,58.4574926935,19554620,0.0,1.0
2018-09-26 00:00:00+00:00,1180.49,1194.23,1174.765,1185.15,1462253,58.6732011646,59.356112315,58.3886548519,58.9048144078,29245060,0.0,1.0
2018-09-27 00:00:00+00:00,1194.64,1202.1,1183.63,1186.73,1260754,59.3764903043,59.747270303,58.8292667405,58.9833442198,25215080,0.0,1.0
2018-09-28 00:00:00+00:00,1193.47,1195.41,1184.5,1191.87,1380629,59.3183384814,59.414761162,58.8725078395,59.2388146211,27612580,0.0,1.0
2018-10-01 00:00:00+00:00,1195.31,1209.9,1190.3,1199.89,1357604,59.4097909208,60.134949122,59.1607818332,59.6374279709,27152080,0.0,1.0
2018-10-02 00:00:00+00:00,1200.11,1209.96,1186.63,1190.96,1687914,59.6483625017,60.1379312668,58.9783739786,59.1935854255,33758280,0.0,1.0
2018-10-03 00:00:00+00:00,1202.95,1206.41,1193.83,1205.0,1256214,59.7895173538,59.9614877017,59.33623135,59.8914072998,25124280,0.0,1.0
2018-10-04 00:00:00+00:00,1168.19,1197.51,1155.576,1195.33,2209490,58.0618614884,59.5191362287,57.4349152547,59.410784969,44189800,0.0,1.0
2018-10-05 00:00:00+00:00,1157.35,1173.5,1145.12,1167.5,1184452,57.5230873348,58.3257812998,56.9152268275,58.0275668237,23689040,0.0,1.0
2018-10-08 00:00:00+00:00,1148.97,1168.0,1127.364,1150.11,1932355,57.1065811164,58.05241803,56.0327107877,57.1632418669,38647100,0.0,1.0
2018-10-09 00:00:00+00:00,1138.82,1154.35,1137.572,1146.15,1308764,56.6021016275,57.3739800967,56.5400730165,56.9664203126,26175280,0.0,1.0
2018-10-10 00:00:00+00:00,1081.22,1132.17,1081.13,1131.08,2675742,53.7392426562,56.2715805831,53.734769439,56.2174049532,53514840,0.0,1.0
2018-10-11 00:00:00+00:00,1079.32,1106.4,1068.27,1072.94,2950120,53.644808072,54.9907494079,53.0955964117,53.327706679,59002400,0.0,1.0
2018-10-12 00:00:00+00:00,1110.08,1115.0,1086.402,1108.0,2101303,55.1736542866,55.4181901571,53.9968005588,55.0702732682,42026060,0.0,1.0
2018-10-15 00:00:00+00:00,1092.25,1113.446,1089.0,1108.91,1372393,54.2874602682,55.3409526077,54.125927427,55.1155024637,27447860,0.0,1.0
2018-10-16 00:00:00+00:00,1121.28,1124.22,1102.5,1104.59,1928540,55.7303213088,55.8764464021,54.7969099984,54.9007880409,38570800,0.0,1.0
2018-10-17 00:00:00+00:00,1115.69,1128.99,1102.19,1126.46,1467226,55.4524848218,56.1135269107,54.7815022504,55.9877798066,29344520,0.0,1.0
2018-10-18 00:00:00+00:00,1087.97,1121.84,1077.09,1121.84,2094524,54.0747339419,55.7581546599,53.5339716917,55.7581546599,41890480,0.0,1.0
2018-10-19 00:00:00+00:00,1096.46,1110.36,1087.75,1093.37,1267649,54.4967074257,55.1875709622,54.0637994111,54.3431269704,25352980,0.0,1.0
2018-10-22 00:00:00+00:00,1101.16,1112.23,1091.0,1103.06,1514220,54.7303087653,55.2805144739,54.2253322523,54.8247433495,30284400,0.0,1.0
2018-10-23 00:00:00+00:00,1103.69,1107.89,1070.0,1080.89,1848654,54.8560558695,55.0648060028,53.1815815857,53.72284086,36973080,0.0,1.0
2018-10-24 00:00:00+00:00,1050.71,1106.12,1048.74,1104.25,1982430,52.2228220448,54.9768327323,52.1249082918,54.8838892206,39648600,0.0,1.0
2018-10-25 00:00:00+00:00,1095.57,1110.98,1069.55,1071.79,2545839,54.4524722784,55.218386458,53.1592155,53.2705489044,50916780,0.0,1.0
2018-10-26 00:00:00+00:00,1071.47,1106.53,1034.09,1037.03,4187586,53.2546441324,54.9972107215,51.3967679458,51.5428930391,83751720,0.0,1.0
2018-10-29 00:00:00+00:00,1020.08,1097.04,995.83,1082.47,3880723,50.7004371439,54.525534825,49.495153636,53.801370672,77614460,0.0,1.0
2018-10-30 00:00:00+00:00,1036.21,1037.49,1000.75,1008.46,3212657,51.5021370607,51.5657561489,49.7396895064,50.1228951083,64253140,0.0,1.0
2018-10-31 00:00:00+00:00,1076.77,1091.94,1057.0,1059.81,2529768,53.5180669197,54.2720525203,52.5354502207,52.6751140003,50595360,0.0,1.0
2018-11-01 00:00:00+00:00,1070.0,1083.975,1062.46,1075.8,1481979,53.1815815857,53.8761728032,52.806825394,53.4698555794,29639580,0.0,1.0
2018-11-02 00:00:00+00:00,1057.79,1082.975,1054.61,1073.73,1839043,52.5747151267,53.8264703905,52.4166614543,53.3669715851,36780860,0.0,1.0
2018-11-05 00:00:00+00:00,1040.09,1058.47,1021.24,1055.0,2441430,51.6949824219,52.6085127673,50.7580919426,52.4360453953,48828600,0.0,1.0
2018-11-06 00:00:00+00:00,1055.81,1064.345,1038.07,1039.48,1233306,52.4763043495,52.9005144419,51.5945835483,51.6646639502,24666120,0.0,1.0
2018-11-07 00:00:00+00:00,1093.39,1095.46,1065.9,1069.0,2058356,54.3441210187,54.447005013,52.9778016937,53.131879173,41167120,0.0,1.0
2018-11-08 00:00:00+00:00,1082.4,1093.27,1072.205,1091.38,1488182,53.7978915032,54.3381567292,53.2911754057,54.2442191692,29763640,0.0,1.0
2018-11-09 00:00:00+00:00,1066.15,1075.56,1053.11,1073.99,1343313,52.9902272968,53.4579270003,52.3421078353,53.3798942124,26866260,0.0,1.0
2018-11-12 00:00:00+00:00,1038.63,1062.12,1031.0,1061.39,1471758,51.6224168994,52.7899265737,51.2431874905,52.7536438124,29435160,0.0,1.0
2018-11-13 00:00:00+00:00,1036.05,1056.605,1031.15,1043.29,1513702,51.4941846747,52.5158177676,51.2506428524,51.8540301426,30274040,0.0,1.0
2018-11-14 00:00:00+00:00,1043.66,1054.564,1031.0,1050.0,1565945,51.8724200353,52.4143751433,51.2431874905,52.1875333318,31318900,0.0,1.0
2018-11-15 00:00:00+00:00,1064.71,1071.85,1031.78,1044.71,1836084,52.9186558225,53.2735310492,51.2819553724,51.9246075686,36721680,0.0,1.0
2018-11-16 00:00:00+00:00,1061.49,1067.0,1048.98,1059.41,1658116,52.7586140537,53.0324743476,52.1368368708,52.6552330353,33162320,0.0,1.0
2018-11-19 00:00:00+00:00,1020.0,1060.79,1016.26,1057.2,1858614,50.6964609509,52.7238223648,50.5105739274,52.5453907032,37172280,0.0,1.0
2018-11-20 00:00:00+00:00,1025.76,1031.74,996.02,1000.0,2449130,50.982746848,51.2799672759,49.5045970944,49.7024126969,48982600,0.0,1.0
2018-11-21 00:00:00+00:00,1037.61,1048.56,1033.47,1036.76,1534274,51.5717204385,52.1159618575,51.3659524499,51.5294733877,30685480,0.0,1.0
2018-11-23 00:00:00+00:00,1023.88,1037.59,1022.4,1030.0,691462,50.8893063121,51.5707263902,50.8157467413,51.1934850778,13829240,0.0,1.0
2018-11-26 00:00:00+00:00,1048.62,1049.31,1033.91,1038.35,1942822,52.1189440023,52.153238667,51.3878215115,51.6085002239,38856440,0.0,1.0
2018-11-27 00:00:00+00:00,1044.41,1057.58,1038.49,1041.0,1803164,51.9096968448,52.56427762,51.6154585616,51.7402116175,36063280,0.0,1.0
2018-11-28 00:00:00+00:00,1086.23,1086.84,1035.76,1048.76,2475419,53.9882517438,54.0185702155,51.479770975,52.12590234,49508380,0.0,1.0
2018-11-29 00:00:00+00:00,1088.3,1094.245,1076.0,1076.08,1468859,54.0911357381,54.3866165815,53.4797960619,53.4837722549,29377180,0.0,1.0
2018-11-30 00:00:00+00:00,1094.43,1095.57,1077.88,1089.07,2580612,54.3958115279,54.4524722784,53.5732365978,54.1294065958,51612240,0.0,1.0
2018-12-03 00:00:00+00:00,1106.43,1124.65,1103.665,1123.14,1990758,54.9922404803,55.8978184396,54.8548133092,55.8227677964,39815160,0.0,1.0
2018-12-04 00:00:00+00:00,1050.82,1104.42,1049.98,1103.12,2345166,52.2282893102,54.8923386307,52.1865392835,54.8277254942,46903320,0.0,1.0
2018-12-06 00:00:00+00:00,1068.73,1071.2,1030.77,1034.26,2769225,53.1184595216,53.2412244809,51.2317559356,51.4052173559,55384500,0.0,1.0
2018-12-07 00:00:00+00:00,1036.58,1075.26,1028.5,1060.01,2101206,51.5205269534,53.4430162765,51.1189314588,52.6850544829,42024120,0.0,1.0
2018-12-10 00:00:00+00:00,1039.55,1048.45,1023.29,1035.05,1807725,51.6681431191,52.1104945921,50.8599818886,51.444482262,36154500,0.0,1.0
2018-12-11 00:00:00+00:00,1051.75,1060.6,1039.84,1056.49,1394731,52.274512554,52.7143789064,51.6825568188,52.5101019902,27894620,0.0,1.0
2018-12-12 00:00:00+00:00,1063.68,1081.65,1062.79,1068.0,1523804,52.8674623375,53.7606146936,52.8232271902,53.0821767603,30476080,0.0,1.0
2018-12-13 00:00:00+00:00,1061.9,1079.76,1053.93,1068.07,1329768,52.7789920429,53.6666771336,52.3828638137,53.0856559292,26595360,0.0,1.0
2018-12-14 00:00:00+00:00,1042.1,1062.6,1040.79,1049.98,1686619,51.7948842715,52.8137837318,51.7297741108,52.1865392835,33732380,0.0,1.0
2018-12-17 00:00:00+00:00,1016.53,1053.15,1007.9,1037.51,2385364,50.5239935788,52.3440959318,50.0950617572,51.5667501972,47707280,0.0,1.0
2018-12-18 00:00:00+00:00,1028.71,1049.48,1021.44,1026.09,2192533,51.1293689655,52.1616880772,50.7680324251,50.9991486442,43850660,0.0,1.0
2018-12-19 00:00:00+00:00,1023.01,1062.0,1008.05,1033.99,2479338,50.8460652131,52.7839622841,50.1025171191,51.3917977045,49586760,0.0,1.0
2018-12-20 00:00:00+00:00,1009.41,1034.22,996.36,1018.13,2673464,50.1701124004,51.4032292594,49.5214959147,50.6035174391,53469280,0.0,1.0
2018-12-21 00:00:00+00:00,979.54,1024.02,973.69,1015.3,4595891,48.6855013331,50.8962646499,48.3947422189,50.4628596112,91917820,0.0,1.0
2018-12-24 00:00:00+00:00,976.22,1003.54,970.11,973.9,1590328,48.520489323,49.8783592379,48.2168075814,48.4051797255,31806560,0.0,1.0
2018-12-26 00:00:00+00:00,1039.46,1040.0,983.0,989.01,2373270,51.6636699019,51.6905092048,48.8574716811,49.1561831814,47465400,0.0,1.0
2018-12-27 00:00:00+00:00,1043.88,1043.89,997.0,1017.15,2109777,51.8833545661,51.8838515902,49.5533054588,50.5548090747,42195540,0.0,1.0
2018-12-28 00:00:00+00:00,1037.08,1055.56,1033.1,1049.62,1413772,51.5453781597,52.4638787464,51.3475625572,52.1686464149,28275440,0.0,1.0
2018-12-31 00:00:00+00:00,1035.61,1052.7,1023.59,1050.96,1493722,51.4723156131,52.3217298461,50.8748926124,52.235247648,29874440,0.0,1.0
2019-01-02 00:00:00+00:00,1045.85,1052.32,1015.71,1016.57,1532608,51.9812683191,52.3028429292,50.4832376004,50.5259816753,30652160,0.0,1.0
2019-01-03 00:00:00+00:00,1016.06,1056.98,1014.07,1041.0,1841066,50.5006334448,52.5344561724,50.4017256436,51.7402116175,36821320,0.0,1.0
2019-01-04 00:00:00+00:00,1070.71,1070.84,1027.418,1032.59,2093894,53.2168702987,53.2233316124,51.0651534483,51.3222143267,41877880,0.0,1.0
2019-01-07 00:00:00+00:00,1068.39,1074.0,1054.76,1071.5,1981874,53.1015607013,53.3803912365,52.4241168162,53.2561352048,39637480,0.0,1.0
2019-01-08 00:00:00+00:00,1076.28,1084.56,1060.53,1076.11,1765267,53.4937127374,53.9052487146,52.7108997375,53.4852633273,35305340,0.0,1.0
2019-01-09 00:00:00+00:00,1074.66,1082.63,1066.4,1081.65,1199272,53.4131948289,53.8093230581,53.0026529,53.7606146936,23985440,0.0,1.0
2019-01-10 00:00:00+00:00,1070.33,1071.15,1057.71,1067.66,1456421,53.1979833819,53.2387393603,52.5707389337,53.06527794,29128420,0.0,1.0
2019-01-11 00:00:00+00:00,1057.19,1063.775,1048.48,1063.18,1520756,52.5448936791,52.8721840667,52.1119856645,52.8426111311,30415120,0.0,1.0
2019-01-14 00:00:00+00:00,1044.69,1051.53,1041.255,1046.92,1144263,51.9236135204,52.2635780232,51.7528857327,52.0344499007,22885260,0.0,1.0
2019-01-15 00:00:00+00:00,1077.15,1080.05,1047.34,1050.17,1463570,53.5369538365,53.6810908333,52.055324914,52.1959827419,29271400,0.0,1.0
2019-01-16 00:00:00+00:00,1080.97,1092.375,1079.34,1080.0,1331819,53.726817053,54.2936730698,53.6458021203,53.6786057127,26636380,0.0,1.0
2019-01-17 00:00:00+00:00,1089.9,1091.8,1073.5,1079.47,1242664,54.1706595984,54.2650941825,53.3555400302,53.652263434,24853280,0.0,1.0
2019-01-18 00:00:00+00:00,1098.26,1108.352,1090.9,1100.0,1955559,54.5861717685,55.0877685175,54.2203620111,54.6726539666,39111180,0.0,1.0
2019-01-22 00:00:00+00:00,1070.52,1091.51,1063.47,1088.0,1613527,53.2074268403,54.2506804828,52.8570248308,54.0762250143,32270540,0.0,1.0
2019-01-23 00:00:00+00:00,1075.57,1084.93,1059.75,1077.35,966956,53.4584240244,53.9236386073,52.6721318556,53.546894319,19339120,0.0,1.0
2019-01-24 00:00:00+00:00,1073.9,1079.475,1060.7,1076.48,1361673,53.3754209952,53.652511946,52.7193491476,53.50365322,27233460,0.0,1.0
2019-01-25 00:00:00+00:00,1090.99,1094.0,1081.82,1085.0,1119216,54.2248352282,54.3744394904,53.7690641038,53.9271177762,22384320,0.0,1.0
2019-01-28 00:00:00+00:00,1070.08,1083.0,1063.8,1080.11,1284281,53.1855577787,53.8277129508,52.873426627,53.6840729781,25685620,0.0,1.0
2019-01-29 00:00:00+00:00,1060.62,1075.15,1055.865,1072.68,1021819,52.7153729546,53.4375490111,52.4790379822,53.3147840517,20436380,0.0,1.0
2019-01-30 00:00:00+00:00,1089.06,1091.0,1066.85,1068.43,1279822,54.1289095717,54.2253322523,53.0250189857,53.1035487978,25596440,0.0,1.0
2019-01-31 00:00:00+00:00,1116.37,1117.33,1095.41,1103.0,1538324,55.4862824625,55.5339967787,54.4445198923,54.8217612047,30766480,0.0,1.0
2019-02-01 00:00:00+00:00,1110.75,1125.0,1104.89,1112.4,1462208,55.2069549031,55.915214284,54.9156987647,55.2889638841,29244160,0.0,1.0
2019-02-04 00:00:00+00:00,1132.8,1132.8,1109.02,1112.66,2576470,56.3028931031,56.3028931031,55.1209697291,55.3018865114,51529400,0.0,1.0
2019-02-05 00:00:00+00:00,1145.99,1146.85,1117.248,1124.84,3552194,56.9584679266,57.0012120015,55.5299211808,55.907261898,71043880,0.0,1.0
2019-02-06 00:00:00+00:00,1115.23,1147.0,1112.77,1139.57,2105592,55.429621712,57.0086673634,55.3073537768,56.639378437,42111840,0.0,1.0
2019-02-07 00:00:00+00:00,1098.71,1104.84,1086.0,1104.16,2044827,54.6085378542,54.9132136441,53.9768201889,54.8794160034,40896540,0.0,1.0
2019-02-08 00:00:00+00:00,1095.06,1098.91,1086.55,1087.0,1075769,54.4271240479,54.6184783368,54.0041565158,54.0265226016,21515380,0.0,1.0
2019-02-11 00:00:00+00:00,1095.01,1105.945,1092.86,1096.95,1065194,54.4246389273,54.9681348101,54.31777874,54.5210616079,21303880,0.0,1.0
2019-02-12 00:00:00+00:00,1121.37,1125.295,1105.85,1106.8,1609513,55.734794526,55.9298764958,54.9634130809,55.010630373,32190260,0.0,1.0
2019-02-13 00:00:00+00:00,1120.16,1134.73,1118.5,1124.99,1049781,55.6746546066,56.3988187596,55.5921486015,55.9147172599,20995620,0.0,1.0
2019-02-14 00:00:00+00:00,1121.67,1128.23,1110.445,1118.05,947632,55.7497052498,56.0757530771,55.1917956672,55.5697825158,18952640,0.0,1.0
2019-02-15 00:00:00+00:00,1113.65,1131.67,1110.65,1130.08,1449830,55.3510918999,56.2467293767,55.2019846618,56.1677025405,28996600,0.0,1.0
2019-02-19 00:00:00+00:00,1118.56,1121.89,1110.0,1110.0,1046628,55.5951307463,55.7606397806,55.1696780936,55.1696780936,20932560,0.0,1.0
2019-02-20 00:00:00+00:00,1113.8,1123.41,1105.28,1119.99,1087817,55.3585472618,55.8361874479,54.9350827057,55.6662051964,21756340,0.0,1.0
2019-02-21 00:00:00+00:00,1096.97,1111.94,1092.52,1110.84,1415473,54.5220556561,55.2661007742,54.3008799196,55.2114281203,28309460,0.0,1.0
2019-02-22 00:00:00+00:00,1110.37,1111.24,1095.6,1100.9,1049545,55.1880679863,55.2313090853,54.4539633508,54.717386138,20990900,0.0,1.0
2019-02-25 00:00:00+00:00,1109.4,1118.54,1107.27,1116.0,1413061,55.139856646,55.594136698,55.0339905069,55.4678925698,28261220,0.0,1.0
2019-02-26 00:00:00+00:00,1115.13,1119.51,1099.92,1105.75,1471743,55.4246514707,55.6423480383,54.6686777736,54.9584428396,29434860,0.0,1.0
2019-02-27 00:00:00+00:00,1116.05,1117.98,1101.0,1106.95,968760,55.4703776904,55.5663033469,54.7223563793,55.0180857349,19375200,0.0,1.0
2019-02-28 00:00:00+00:00,1119.92,1127.65,1111.01,1111.3,1542609,55.6627260275,56.0469256777,55.2198775304,55.2342912301,30852180,0.0,1.0
2019-03-01 00:00:00+00:00,1140.99,1142.97,1124.75,1124.9,1450316,56.7099558631,56.8083666402,55.9027886809,55.9102440428,29006320,0.0,1.0
2019-03-04 00:00:00+00:00,1147.8,1158.28,1130.69,1146.99,1446047,57.0484292935,57.5693105786,56.1980210123,57.0081703392,28920940,0.0,1.0
2019-03-05 00:00:00+00:00,1162.03,1169.61,1146.195,1150.06,1443174,57.7556946262,58.1324389145,56.9686569212,57.1607567462,28863480,0.0,1.0
2019-03-06 00:00:00+00:00,1157.86,1167.566,1155.49,1162.49,1099289,57.5484355653,58.0308471829,57.4306408472,57.778557736,21985780,0.0,1.0
2019-03-07 00:00:00+00:00,1143.3,1156.755,1134.91,1155.72,1166559,56.8247684364,57.4935143992,56.4077651939,57.4420724021,23331180,0.0,1.0
2019-03-08 00:00:00+00:00,1142.32,1147.08,1123.3,1126.73,1212489,56.776060072,57.0126435564,55.8307201825,56.001199458,24249780,0.0,1.0
2019-03-11 00:00:00+00:00,1175.76,1176.19,1144.45,1144.45,1719192,58.4381087525,58.45948079,56.881926211,56.881926211,34383840,0.0,1.0
2019-03-12 00:00:00+00:00,1193.2,1200.0,1178.26,1178.26,2013115,59.30491883,59.6428952363,58.5623647843,58.5623647843,40262300,0.0,1.0
2019-03-13 00:00:00+00:00,1193.32,1200.93,1191.94,1200.645,1435936,59.3108831195,59.6891184801,59.24229379,59.6749532925,28718720,0.0,1.0
2019-03-14 00:00:00+00:00,1185.55,1197.88,1184.48,1194.51,1172815,58.9246953728,59.5375261214,58.8715137913,59.3700289906,23456300,0.0,1.0
2019-03-15 00:00:00+00:00,1184.46,1196.57,1182.61,1193.38,2459957,58.870519743,59.4724159608,58.7785702795,59.3138652643,49199140,0.0,1.0
2019-03-18 00:00:00+00:00,1184.26,1190.0,1177.421,1183.3,1292633,58.8605792605,59.1458711093,58.52066446,58.8128649443,25852660,0.0,1.0
2019-03-19 00:00:00+00:00,1198.85,1200.0,1185.87,1188.81,1520688,59.5857374617,59.6428952363,58.9406001449,59.0867252382,30413760,0.0,1.0
2019-03-20 00:00:00+00:00,1223.97,1227.14,1196.17,1197.35,2227786,60.8342620687,60.9918187169,59.4525349957,59.5111838427,44555720,0.0,1.0
2019-03-21 00:00:00+00:00,1231.54,1231.79,1213.15,1216.0,1204045,61.2105093328,61.2229349359,60.2964819633,60.4381338395,24080900,0.0,1.0
2019-03-22 00:00:00+00:00,1205.5,1230.0,1202.825,1226.32,1714247,59.9162585061,61.1339676172,59.7833045522,60.9510627385,34284940,0.0,1.0
2019-03-25 00:00:00+00:00,1193.0,1206.398,1187.04,1196.93,1496843,59.2949783474,59.9608912727,58.9987519678,59.4903088293,29936860,0.0,1.0
2019-03-26 00:00:00+00:00,1184.62,1202.83,1176.72,1198.53,1901156,58.878472129,59.7835530642,58.4858230687,59.5698326896,38023120,0.0,1.0
2019-03-27 00:00:00+00:00,1173.02,1187.559,1159.37,1185.5,1400240,58.3019241417,59.0245475199,57.6234862084,58.9222102522,28004800,0.0,1.0
2019-03-28 00:00:00+00:00,1168.49,1171.565,1159.431,1171.54,1012430,58.0767722122,58.2296071313,57.6265180556,58.228364571,20248600,0.0,1.0
2019-03-29 00:00:00+00:00,1173.31,1178.99,1162.88,1174.9,1269979,58.3163378414,58.5986475455,57.797941677,58.3953646776,25399580,0.0,1.0
2019-04-01 00:00:00+00:00,1194.43,1196.66,1182.0,1184.1,1252757,59.3660527976,59.4768891779,58.7482518078,58.8526268744,25055140,0.0,1.0
2019-04-02 00:00:00+00:00,1200.49,1201.35,1185.71,1195.32,827973,59.6672494185,59.7099934935,58.9326477589,59.4102879449,16559460,0.0,1.0
2019-04-03 00:00:00+00:00,1205.92,1216.3,1200.5,1207.48,1017838,59.9371335195,60.4530445633,59.6677464427,60.0146692833,20356760,0.0,1.0
2019-04-04 00:00:00+00:00,1215.0,1215.67,1204.13,1205.94,950747,60.3884314268,60.4217320433,59.8481662007,59.9381275677,19014940,0.0,1.0
2019-04-05 00:00:00+00:00,1207.15,1216.22,1205.03,1214.99,907152,59.9982674871,60.4490683703,59.8928983722,60.3879344026,18143040,0.0,1.0
2019-04-08 00:00:00+00:00,1203.84,1208.69,1199.86,1207.89,860363,59.8337525011,60.0748092026,59.6359368985,60.0350472725,17207260,0.0,1.0
2019-04-09 00:00:00+00:00,1197.25,1202.29,1193.08,1196.0,876381,59.5062136014,59.7567137614,59.2989545404,59.4440855855,17527620,0.0,1.0
2019-04-10 00:00:00+00:00,1202.16,1203.785,1196.435,1200.68,724643,59.7502524477,59.8310188684,59.465706135,59.6766928769,14492860,0.0,1.0
2019-04-11 00:00:00+00:00,1204.62,1207.96,1200.13,1203.96,710231,59.872520383,60.0385264414,59.64935655,59.8397167906,14204620,0.0,1.0
2019-04-12 00:00:00+00:00,1217.87,1218.35,1208.11,1210.0,933794,60.5310773512,60.5549345093,60.0459818033,60.1399193633,18675880,0.0,1.0
2019-04-15 00:00:00+00:00,1221.1,1224.2,1209.11,1218.0,1187519,60.6916161442,60.8456936236,60.095684216,60.5375386649,23750380,0.0,1.0
2019-04-16 00:00:00+00:00,1227.13,1230.82,1220.12,1225.0,856304,60.9913216928,61.1747235956,60.6429077798,60.8854555537,17126080,0.0,1.0
2019-04-17 00:00:00+00:00,1236.34,1240.56,1227.82,1233.0,1221930,61.4490809137,61.6588250953,61.0256163575,61.2830748553,24438600,0.0,1.0
2019-04-18 00:00:00+00:00,1236.37,1242.0,1234.61,1239.18,1331823,61.4505719861,61.7303965696,61.3630957398,61.5902357658,26636460,0.0,1.0
2019-04-22 00:00:00+00:00,1248.84,1249.09,1228.31,1235.99,807334,62.0703610724,62.0827866756,61.0499705398,61.4316850693,16146680,0.0,1.0
2019-04-23 00:00:00+00:00,1264.55,1269.0,1246.38,1250.69,1319910,62.8511859759,63.0723617124,61.9480931372,62.1623105359,26398200,0.0,1.0
2019-04-24 00:00:00+00:00,1256.0,1268.01,1255.0,1264.12,1018753,62.4262303473,63.0231563238,62.3765279346,62.8298139384,20375060,0.0,1.0
2019-04-25 00:00:00+00:00,1263.45,1267.408,1252.03,1264.77,1107295,62.7965133219,62.9932354714,62.2289117689,62.8621205067,22145900,0.0,1.0
2019-04-26 00:00:00+00:00,1272.18,1273.07,1260.32,1269.0,1241428,63.2304153848,63.2746505321,62.6409447702,63.0723617124,24828560,0.0,1.0
2019-04-29 00:00:00+00:00,1287.58,1289.27,1266.295,1274.0,2499432,63.9958325403,64.0798296178,62.9379166861,63.3208737759,49988640,0.0,1.0
2019-04-30 00:00:00+00:00,1188.48,1192.81,1175.0,1185.0,6207027,59.070323442,59.285534889,58.4003349189,58.8973590459,124140540,0.0,1.0
2019-05-01 00:00:00+00:00,1168.08,1188.05,1167.18,1188.05,2642983,58.056394223,59.0489514046,58.0116620516,59.0489514046,52859660,0.0,1.0
2019-05-02 00:00:00+00:00,1162.61,1174.19,1155.002,1167.76,1944817,57.7845220256,58.3600759646,57.4063860698,58.040489451,38896340,0.0,1.0
2019-05-03 00:00:00+00:00,1185.4,1186.8,1169.0,1173.65,1980653,58.9172400109,58.9868233887,58.1021204427,58.3332366617,39613060,0.0,1.0
2019-05-06 00:00:00+00:00,1189.39,1190.85,1166.26,1166.26,1563943,59.1155526376,59.1881181601,57.9659358319,57.9659358319,31278860,0.0,1.0
2019-05-07 00:00:00+00:00,1174.1,1190.44,1161.04,1180.47,1551368,58.3556027475,59.1677401709,57.7064892376,58.6722071163,31027360,0.0,1.0
2019-05-08 00:00:00+00:00,1166.27,1180.424,1165.74,1172.01,1309514,57.966432856,58.6699208054,57.9400905773,58.2517247049,26190280,0.0,1.0
2019-05-09 00:00:00+00:00,1162.38,1169.66,1150.85,1159.03,1185973,57.7730904707,58.1349240351,57.2000216523,57.6065873881,23719460,0.0,1.0
2019-05-10 00:00:00+00:00,1164.27,1172.6,1142.5,1163.59,1314546,57.8670280306,58.2810491284,56.7850065062,57.83323039,26290920,0.0,1.0
2019-05-13 00:00:00+00:00,1132.03,1147.94,1122.11,1141.96,1860648,56.2646222453,57.0553876313,55.7715743113,56.7581672034,37212960,0.0,1.0
2019-05-14 00:00:00+00:00,1120.44,1140.42,1119.55,1137.21,1836604,55.6885712821,56.6816254878,55.6443361348,56.5220807431,36732080,0.0,1.0
2019-05-15 00:00:00+00:00,1164.21,1171.33,1116.666,1117.87,2289302,57.8640458859,58.2179270643,55.5009943766,55.5608360815,45786040,0.0,1.0
2019-05-16 00:00:00+00:00,1178.98,1188.16,1162.84,1164.51,1531404,58.5981505214,59.05441867,57.7959535805,57.8789566097,30628080,0.0,1.0
2019-05-17 00:00:00+00:00,1162.3,1180.15,1160.01,1168.47,1208623,57.7691142776,58.6563023443,57.6552957526,58.075778164,24172460,0.0,1.0
2019-05-20 00:00:00+00:00,1138.85,1146.797,1131.443,1144.5,1353292,56.6035926999,56.9985777736,56.235446929,56.8844113316,27065840,0.0,1.0
2019-05-21 00:00:00+00:00,1149.63,1152.708,1137.94,1148.49,1160158,57.1393847088,57.292368735,56.5583635043,57.0827239583,23203160,0.0,1.0
2019-05-22 00:00:00+00:00,1151.42,1158.52,1145.89,1146.75,914839,57.2283520275,57.5812391576,56.9534976853,56.9962417602,18296780,0.0,1.0
2019-05-23 00:00:00+00:00,1140.77,1145.973,1129.224,1140.5,1199300,56.6990213323,56.9576229855,56.1251572753,56.6856016808,23986000,0.0,1.0
2019-05-24 00:00:00+00:00,1133.47,1149.765,1131.66,1147.36,1112341,56.3361937196,57.1460945345,56.2462323526,57.0265602319,22246820,0.0,1.0
2019-05-28 00:00:00+00:00,1134.15,1151.587,1133.12,1134.0,1365166,56.3699913602,57.2366523304,56.3187978751,56.3625359983,27303320,0.0,1.0
2019-05-29 00:00:00+00:00,1116.46,1129.1,1108.22,1127.52,1538212,55.4907556796,56.1189941761,55.081207799,56.040464364,30764240,0.0,1.0
2019-05-30 00:00:00+00:00,1117.95,1123.13,1112.12,1115.54,951873,55.5648122745,55.8222707723,55.2750472085,55.4450294599,19037460,0.0,1.0
2019-05-31 00:00:00+00:00,1103.63,1109.6,1100.18,1101.29,1508203,54.8530737247,55.1497971285,54.6816004009,54.736770079,30164060,0.0,1.0
2019-06-03 00:00:00+00:00,1036.23,1065.5,1025.0,1065.5,5130576,51.5031311089,52.9579207286,50.9449730143,52.9579207286,102611520,0.0,1.0
2019-06-04 00:00:00+00:00,1053.05,1056.05,1033.69,1042.9,2833483,52.3391256905,52.4882329286,51.3768869807,51.8346462016,56669660,0.0,1.0
2019-06-05 00:00:00+00:00,1042.22,1053.55,1030.49,1051.54,2168439,51.800848561,52.3639768968,51.2178392601,52.2640750473,43368780,0.0,1.0
2019-06-06 00:00:00+00:00,1044.34,1047.49,1033.7,1044.99,1703244,51.9062176759,52.0627802759,51.3773840048,51.9385242442,34064880,0.0,1.0
2019-06-07 00:00:00+00:00,1066.04,1070.92,1048.4,1050.63,1802370,52.9847600314,53.2273078054,52.1080094715,52.2188458518,36047400,0.0,1.0
2019-06-10 00:00:00+00:00,1080.38,1092.66,1072.322,1072.98,1464248,53.6974926295,54.3078382574,53.296990588,53.3296947755,29284960,0.0,1.0
2019-06-11 00:00:00+00:00,1078.72,1101.99,1077.603,1093.98,1437063,53.6149866244,54.7715617679,53.5594690294,54.3734454422,28741260,0.0,1.0
2019-06-12 00:00:00+00:00,1077.03,1080.93,1067.54,1078.0,1061255,53.530989547,53.7248289565,53.0593136505,53.5792008873,21225100,0.0,1.0
2019-06-13 00:00:00+00:00,1088.77,1094.17,1080.15,1083.64,1058000,54.114495872,54.3828889006,53.6860610746,53.8595224949,21160000,0.0,1.0
2019-06-14 00:00:00+00:00,1085.35,1092.69,1080.172,1086.42,1111643,53.9445136206,54.3093293298,53.6871545277,53.9976952022,22232860,0.0,1.0
2019-06-17 00:00:00+00:00,1092.5,1099.18,1086.28,1086.28,941602,54.2998858714,54.6318979882,53.9907368644,53.9907368644,18832040,0.0,1.0
2019-06-18 00:00:00+00:00,1103.6,1116.39,1098.99,1109.69,1386684,54.8515826523,55.4872765107,54.6224545298,55.1542703457,27733680,0.0,1.0
2019-06-19 00:00:00+00:00,1102.33,1107.0,1093.48,1105.6,1339218,54.7884605882,55.0205708555,54.3485942358,54.9509874777,26784360,0.0,1.0
2019-06-20 00:00:00+00:00,1111.42,1120.12,1104.74,1119.99,1262011,55.2402555196,55.6726665101,54.9082434028,55.6662051964,25240220,0.0,1.0
2019-06-21 00:00:00+00:00,1121.88,1124.11,1108.08,1109.24,1947591,55.7601427564,55.8709791367,55.0742494612,55.1319042599,38951820,0.0,1.0
2019-06-24 00:00:00+00:00,1115.52,1122.0,1111.01,1119.61,1395696,55.4440354117,55.766107046,55.2198775304,55.6473182796,27913920,0.0,1.0
2019-06-25 00:00:00+00:00,1086.35,1114.35,1083.8,1112.66,1546913,53.9942160333,55.3858835888,53.8674748809,55.3018865114,30938260,0.0,1.0
2019-06-26 00:00:00+00:00,1079.8,1092.97,1072.24,1086.5,1810869,53.6686652301,54.3232460054,53.2929149902,54.0016713952,36217380,0.0,1.0
2019-06-27 00:00:00+00:00,1076.01,1087.1,1075.29,1084.0,1004477,53.480293086,54.0314928428,53.4445073489,53.8774153635,20089540,0.0,1.0
2019-06-28 00:00:00+00:00,1080.91,1081.0,1073.37,1076.39,1693450,53.7238349082,53.7283081254,53.3490787165,53.4991800028,33869000,0.0,1.0
2019-07-01 00:00:00+00:00,1097.95,1107.58,1093.703,1098.0,1438504,54.5707640206,55.0493982549,54.3596778739,54.5732491412,28770080,0.0,1.0
2019-07-02 00:00:00+00:00,1111.25,1111.77,1098.17,1102.24,991755,55.2318061095,55.2576513641,54.5816985514,54.7839873711,19835100,0.0,1.0
2019-07-03 00:00:00+00:00,1121.58,1126.76,1113.86,1117.41,767011,55.7452320326,56.0026905304,55.3615294066,55.5379729717,15340220,0.0,1.0
2019-07-05 00:00:00+00:00,1131.59,1132.88,1116.14,1117.8,1264540,56.2427531837,56.3068692961,55.4748509075,55.5573569126,25290800,0.0,1.0
2019-07-08 00:00:00+00:00,1116.35,1125.98,1111.21,1125.17,1236419,55.4852884142,55.9639226485,55.229818013,55.9236636942,24728380,0.0,1.0
2019-07-09 00:00:00+00:00,1124.83,1128.025,1107.17,1111.8,1330370,55.9067648739,56.0655640825,55.0290202657,55.2591424364,26607400,0.0,1.0
2019-07-10 00:00:00+00:00,1140.48,1142.05,1130.97,1131.22,1209466,56.6846076326,56.7626404205,56.2119376878,56.224363291,24189320,0.0,1.0
2019-07-11 00:00:00+00:00,1144.21,1153.07,1139.58,1143.25,1195569,56.8699976319,57.3103610084,56.6398754612,56.8222833158,23911380,0.0,1.0
2019-07-12 00:00:00+00:00,1144.9,1147.34,1138.78,1143.99,863973,56.9042922967,57.0255661837,56.600113531,56.8590631012,17279460,0.0,1.0
2019-07-15 00:00:00+00:00,1150.34,1150.82,1139.4,1146.86,903780,57.1746734218,57.1985305799,56.6309290269,57.0017090256,18075600,0.0,1.0
2019-07-16 00:00:00+00:00,1153.58,1158.58,1145.0,1146.0,1238807,57.3357092389,57.5842213024,56.909262538,56.9589649507,24776140,0.0,1.0
2019-07-17 00:00:00+00:00,1146.35,1158.36,1145.77,1150.97,1170047,56.9763607951,57.5732867716,56.9475333958,57.2059859418,23400940,0.0,1.0
2019-07-18 00:00:00+00:00,1146.33,1147.605,1132.73,1141.74,1291281,56.9753667469,57.0387373231,56.2994139342,56.7472326726,25825620,0.0,1.0
2019-07-19 00:00:00+00:00,1130.1,1151.14,1129.62,1148.19,1647245,56.1686965888,57.2144353519,56.1448394307,57.0678132345,32944900,0.0,1.0
2019-07-22 00:00:00+00:00,1138.07,1139.25,1124.24,1133.45,1301846,56.564824818,56.623473665,55.8774404504,56.3351996713,26036920,0.0,1.0
2019-07-23 00:00:00+00:00,1146.21,1146.9,1131.8,1144.0,1093688,56.9694024573,57.0036971221,56.2531906904,56.8595601253,21873760,0.0,1.0
2019-07-24 00:00:00+00:00,1137.81,1144.0,1126.99,1131.9,1590101,56.5519021907,56.8595601253,56.0141220853,56.2581609317,31802020,0.0,1.0
2019-07-25 00:00:00+00:00,1132.12,1141.7,1120.92,1137.82,2209881,56.2690954624,56.7452445761,55.7124284402,56.5523992148,44197620,0.0,1.0
2019-07-26 00:00:00+00:00,1250.41,1265.55,1224.0,1224.04,4805752,62.1483938604,62.9008883886,60.835753141,60.8377412375,96115040,0.0,1.0
2019-07-29 00:00:00+00:00,1239.41,1247.37,1228.23,1241.05,2223731,61.6016673207,61.9972985258,61.0459943467,61.6831792775,44474620,0.0,1.0
2019-07-30 00:00:00+00:00,1225.14,1234.87,1223.3,1225.41,1453263,60.8924138915,61.3760183671,60.8009614521,60.9058335429,29065260,0.0,1.0
2019-07-31 00:00:00+00:00,1216.68,1234.0,1207.764,1223.0,1725454,60.4719314801,61.332777268,60.0287847685,60.7860507283,34509080,0.0,1.0
2019-08-01 00:00:00+00:00,1209.01,1234.11,1205.72,1214.03,1698510,60.0907139747,61.3382445334,59.9271930369,60.3402200864,33970200,0.0,1.0
2019-08-02 00:00:00+00:00,1193.99,1206.9,1188.94,1200.74,1645067,59.344183736,59.9858418839,59.0931865519,59.6796750217,32901340,0.0,1.0
2019-08-05 00:00:00+00:00,1152.32,1175.24,1140.14,1170.04,2597455,57.2730841989,58.4122634979,56.6677088123,58.1538109519,51949100,0.0,1.0
2019-08-06 00:00:00+00:00,1169.95,1179.96,1160.0,1163.31,1709374,58.1493377348,58.6468588859,57.6547987284,57.8193137145,34187480,0.0,1.0
2019-08-07 00:00:00+00:00,1173.99,1178.445,1149.624,1156.0,1444324,58.3501354821,58.5715597306,57.1390864943,57.4559890776,28886480,0.0,1.0
2019-08-08 00:00:00+00:00,1204.8,1205.01,1173.02,1182.83,1467997,59.8814668173,59.8919043239,58.3019241417,58.7895048103,29359940,0.0,1.0
2019-08-09 00:00:00+00:00,1188.01,1203.88,1183.603,1197.99,1065658,59.0469633081,59.8357405976,58.8279247753,59.5429933868,21313160,0.0,1.0
2019-08-12 00:00:00+00:00,1174.71,1184.96,1167.672,1179.21,1003187,58.3859212192,58.8953709493,58.0361156386,58.6095820763,20063740,0.0,1.0
2019-08-13 00:00:00+00:00,1197.27,1204.78,1171.46,1171.46,1318009,59.5072076496,59.880472769,58.2243883779,58.2243883779,26360180,0.0,1.0
2019-08-14 00:00:00+00:00,1164.29,1182.3,1160.54,1176.31,1578668,57.8680220789,58.7631625316,57.6816380313,58.4654450795,31573360,0.0,1.0
2019-08-15 00:00:00+00:00,1167.26,1175.84,1162.11,1163.5,1224739,58.0156382446,58.4420849456,57.7596708192,57.8287571729,24494780,0.0,1.0
2019-08-16 00:00:00+00:00,1177.6,1182.72,1171.81,1179.55,1349436,58.5295611919,58.7840375449,58.2417842224,58.6264808967,26988720,0.0,1.0
2019-08-19 00:00:00+00:00,1198.45,1206.99,1190.09,1190.09,1232517,59.5658564966,59.9903151011,59.1503443265,59.1503443265,24650340,0.0,1.0
2019-08-20 00:00:00+00:00,1182.69,1196.06,1182.11,1195.25,915605,58.7825464725,59.4470677303,58.7537190732,59.406808776,18312100,0.0,1.0
2019-08-21 00:00:00+00:00,1191.25,1199.0,1187.43,1193.15,741053,59.2079991252,59.5931928236,59.0181359087,59.3024337093,14821060,0.0,1.0
2019-08-22 00:00:00+00:00,1189.53,1198.012,1178.58,1194.07,947906,59.1225109754,59.5440868399,58.5782695563,59.348159929,18958120,0.0,1.0
2019-08-23 00:00:00+00:00,1151.29,1194.08,1147.75,1181.99,1688271,57.2218907138,59.3486569531,57.0459441729,58.7477547836,33765420,0.0,1.0
2019-08-26 00:00:00+00:00,1168.89,1169.47,1152.96,1157.26,1226441,58.0966531773,58.1254805767,57.304893743,57.5186141176,24528820,0.0,1.0
2019-08-27 00:00:00+00:00,1167.84,1182.4,1161.45,1180.53,1077452,58.044465644,58.7681327728,57.7268672268,58.6751892611,21549040,0.0,1.0
2019-08-28 00:00:00+00:00,1171.02,1176.42,1157.3,1161.71,770915,58.2025193164,58.4709123449,57.5206022142,57.7397898541,15418300,0.0,1.0
2019-08-29 00:00:00+00:00,1192.85,1196.06,1181.12,1181.12,1088858,59.2875229855,59.4470677303,58.7045136846,58.7045136846,21777160,0.0,1.0
2019-08-30 00:00:00+00:00,1188.1,1198.5,1183.803,1198.5,1129959,59.0514365252,59.5683416173,58.8378652579,59.5683416173,22599180,0.0,1.0
2019-09-03 00:00:00+00:00,1168.39,1186.89,1163.2,1177.03,1480420,58.071801971,58.9912966059,57.8138464491,58.5012308167,29608400,0.0,1.0
2019-09-04 00:00:00+00:00,1181.41,1183.48,1171.0,1176.71,1068968,58.7189273843,58.8218113786,58.2015252681,58.4853260446,21379360,0.0,1.0
2019-09-05 00:00:00+00:00,1211.38,1213.04,1191.53,1191.53,1408601,60.2085086928,60.2910146979,59.2219158008,59.2219158008,28172020,0.0,1.0
2019-09-06 00:00:00+00:00,1204.93,1212.015,1202.522,1208.13,1072143,59.8879281309,60.2400697249,59.7682447211,60.0469758515,21442860,0.0,1.0
2019-09-09 00:00:00+00:00,1204.41,1220.0,1192.62,1204.0,1471880,59.8620828763,60.6369434902,59.2760914306,59.8417048871,29437600,0.0,1.0
2019-09-10 00:00:00+00:00,1206.0,1210.0,1194.58,1195.15,1260115,59.9411097125,60.1399193633,59.3735081595,59.4018385347,25202300,0.0,1.0
2019-09-11 00:00:00+00:00,1220.17,1222.6,1202.2,1203.41,1307033,60.6453929004,60.7661697633,59.7522405442,59.8123804636,26140660,0.0,1.0
2019-09-12 00:00:00+00:00,1234.25,1241.86,1223.02,1224.3,1725908,61.3452028712,61.7234382318,60.7870447766,60.8506638648,34518160,0.0,1.0
2019-09-13 00:00:00+00:00,1239.56,1240.88,1227.01,1231.35,1301350,61.6091226826,61.6747298674,60.9853574033,61.2010658744,26027000,0.0,1.0
2019-09-16 00:00:00+00:00,1231.3,1239.56,1225.61,1229.52,1053299,61.1985807537,61.6091226826,60.9157740255,61.1101104591,21065980,0.0,1.0
2019-09-17 00:00:00+00:00,1229.15,1235.0,1223.69,1230.4,958112,61.0917205664,61.3824796807,60.8203453931,61.1538485823,19162240,0.0,1.0
2019-09-18 00:00:00+00:00,1232.41,1235.61,1216.53,1227.51,1144333,61.2537504318,61.4127981524,60.4644761182,61.0102086096,22886660,0.0,1.0
2019-09-19 00:00:00+00:00,1238.71,1244.44,1232.02,1232.06,1000155,61.5668756318,61.8516704566,61.2343664909,61.2363545874,20003100,0.0,1.0
2019-09-20 00:00:00+00:00,1229.93,1243.32,1223.08,1233.12,2337269,61.1304884483,61.7960037543,60.7900269214,61.2890391448,46745380,0.0,1.0
2019-09-23 00:00:00+00:00,1234.03,1239.09,1224.17,1226.0,1075253,61.3342683404,61.5857625486,60.8442025512,60.9351579664,21505060,0.0,1.0
2019-09-24 00:00:00+00:00,1218.76,1246.74,1210.68,1240.0,1591786,60.5753124985,61.9659860058,60.1737170039,61.6309917442,31835720,0.0,1.0
2019-09-25 00:00:00+00:00,1246.52,1248.3,1210.09,1215.82,1593875,61.955051475,62.0435217696,60.1443925804,60.4291874052,31877500,0.0,1.0
2019-09-26 00:00:00+00:00,1241.39,1245.0,1232.268,1241.96,1561882,61.7000780978,61.8795038077,61.2466926892,61.7284084731,31237640,0.0,1.0
2019-09-27 00:00:00+00:00,1225.09,1244.02,1214.45,1243.01,1354432,60.8899287709,61.8307954432,60.3610950998,61.7805960064,27088640,0.0,1.0
2019-09-30 00:00:00+00:00,1219.0,1226.0,1212.3,1220.97,1419676,60.5872410776,60.9351579664,60.2542349125,60.6851548306,28393520,0.0,1.0
2019-10-01 00:00:00+00:00,1205.1,1231.23,1203.58,1219.0,1358279,59.8963775411,61.1951015848,59.8208298738,60.5872410776,27165580,0.0,1.0
2019-10-02 00:00:00+00:00,1176.63,1196.98,1171.29,1196.98,1639237,58.4813498516,59.49279395,58.2159389678,59.49279395,32784740,0.0,1.0
2019-10-03 00:00:00+00:00,1187.83,1189.06,1162.43,1180.0,1663656,59.0380168738,59.0991508414,57.7755755913,58.6488469824,33273120,0.0,1.0
2019-10-04 00:00:00+00:00,1209.0,1211.44,1189.17,1191.89,1183264,60.0902169506,60.2114908376,59.1046181068,59.2398086693,23665280,0.0,1.0
2019-10-07 00:00:00+00:00,1207.68,1218.204,1203.75,1204.4,867149,60.0246097658,60.547677957,59.8292792839,59.8615858522,17342980,0.0,1.0
2019-10-08 00:00:00+00:00,1189.13,1206.08,1189.01,1197.59,1141784,59.1026300103,59.9450859055,59.0966657208,59.5231124217,22835680,0.0,1.0
2019-10-09 00:00:00+00:00,1202.31,1208.35,1197.63,1199.35,876632,59.7577078096,60.0579103823,59.5251005182,59.6105886681,17532640,0.0,1.0
2019-10-10 00:00:00+00:00,1208.67,1215.0,1197.34,1198.58,932531,60.0738151544,60.3884314268,59.5106868185,59.5723178103,18650620,0.0,1.0
2019-10-11 00:00:00+00:00,1215.45,1228.39,1213.74,1222.21,1277144,60.4107975125,61.0539467328,60.3258063868,60.7467858223,25542880,0.0,1.0
2019-10-14 00:00:00+00:00,1217.14,1226.33,1211.76,1212.34,882039,60.4947945899,60.9515597626,60.2273956096,60.256223009,17640780,0.0,1.0
2019-10-15 00:00:00+00:00,1243.01,1247.33,1220.4,1220.4,1395259,61.7805960064,61.9953104293,60.6568244553,60.6568244553,27905180,0.0,1.0
2019-10-16 00:00:00+00:00,1243.64,1254.74,1238.45,1241.17,1168174,61.8119085264,62.3636053073,61.5539530045,61.689143567,23363480,0.0,1.0
2019-10-17 00:00:00+00:00,1253.07,1263.325,1249.94,1250.93,980510,62.2806022781,62.7903005203,62.1250337264,62.174239115,19610200,0.0,1.0
2019-10-18 00:00:00+00:00,1245.49,1258.89,1241.08,1253.46,1321924,61.9038579899,62.56987032,61.6846703499,62.2999862191,26438480,0.0,1.0
2019-10-21 00:00:00+00:00,1246.15,1254.629,1240.6,1252.26,1026750,61.9366615823,62.3580883395,61.6608131918,62.2403433239,20535000,0.0,1.0
2019-10-22 00:00:00+00:00,1242.8,1250.6,1241.38,1247.85,1047851,61.7701584997,62.1578373188,61.6995810737,62.0211556839,20957020,0.0,1.0
2019-10-23 00:00:00+00:00,1259.13,1259.89,1242.36,1242.36,928595,62.5817988991,62.6195727327,61.7482894382,61.7482894382,18571900,0.0,1.0
2019-10-24 00:00:00+00:00,1260.99,1264.0,1253.715,1260.9,1039868,62.6742453867,62.8238496489,62.3126603343,62.6697721696,20797360,0.0,1.0
2019-10-25 00:00:00+00:00,1265.13,1269.6,1250.01,1251.03,1213051,62.8800133753,63.10218316,62.1285128953,62.1792093562,24261020,0.0,1.0
2019-10-28 00:00:00+00:00,1290.0,1299.31,1272.54,1275.45,2524976,64.116112379,64.5788418412,63.2483082533,63.3929422743,50499520,0.0,1.0
2019-10-29 00:00:00+00:00,1262.62,1281.59,1257.212,1276.23,1886380,62.7552603194,63.6981150883,62.4864696715,63.4317101562,37727600,0.0,1.0
2019-10-30 00:00:00+00:00,1261.29,1269.36,1252.0,1252.97,1408851,62.6891561105,63.090254581,62.2274206966,62.2756320369,28177020,0.0,1.0
2019-10-31 00:00:00+00:00,1260.11,1267.67,1250.843,1261.28,1455651,62.6305072635,63.0062575035,62.1699150051,62.6886590864,29113020,0.0,1.0
2019-11-01 00:00:00+00:00,1273.74,1274.62,1260.5,1265.0,1670072,63.3079511486,63.3516892718,62.6498912045,62.8735520616,33401440,0.0,1.0
2019-11-04 00:00:00+00:00,1291.37,1294.13,1276.355,1276.45,1500964,64.1842046844,64.3213833435,63.4379229578,63.442644687,30019280,0.0,1.0
2019-11-05 00:00:00+00:00,1292.03,1298.93,1291.229,1292.89,1282711,64.2170082768,64.5599549244,64.1771966442,64.2597523517,25654220,0.0,1.0
2019-11-06 00:00:00+00:00,1291.8,1293.73,1282.5,1289.46,1152977,64.2055767219,64.3015023784,63.7433442838,64.0892730762,23059540,0.0,1.0
2019-11-07 00:00:00+00:00,1308.86,1323.74,1294.245,1294.28,2029970,65.0534998825,65.7930717834,64.3270991209,64.3288387054,40599400,0.0,1.0
2019-11-08 00:00:00+00:00,1311.37,1318.0,1304.365,1305.28,1251916,65.1782529384,65.5077799345,64.8300875374,64.875565245,25038320,0.0,1.0
2019-11-11 00:00:00+00:00,1299.19,1306.425,1297.41,1303.18,1012429,64.5728775517,64.9324745076,64.4844072571,64.7711901784,20248580,0.0,1.0
2019-11-12 00:00:00+00:00,1298.8,1310.0,1295.77,1300.0,1085859,64.5534936108,65.110160633,64.4028953003,64.613136506,21717180,0.0,1.0
2019-11-13 00:00:00+00:00,1298.0,1304.3,1293.51,1294.07,853861,64.5137316806,64.8268568806,64.2905678476,64.3184011987,17077220,0.0,1.0
2019-11-14 00:00:00+00:00,1311.46,1317.0,1295.65,1297.5,1194305,65.1827261555,65.4580775219,64.3969310108,64.4888804743,23886100,0.0,1.0
2019-11-15 00:00:00+00:00,1334.87,1334.88,1314.28,1318.94,1782955,66.3462596367,66.3467566609,65.3228869593,65.5545002025,35659100,0.0,1.0
2019-11-18 00:00:00+00:00,1320.7,1335.529,1317.5,1332.22,1488083,65.6419764488,66.3790135267,65.4829287282,66.2145482431,29761660,0.0,1.0
2019-11-19 00:00:00+00:00,1315.46,1327.7,1312.8,1327.7,1269372,65.3815358063,65.9898933377,65.2493273885,65.9898933377,25387440,0.0,1.0
2019-11-20 00:00:00+00:00,1303.05,1315.0,1291.15,1311.74,1309835,64.7647288647,65.3586726965,64.1732701536,65.1966428311,26196700,0.0,1.0
2019-11-21 00:00:00+00:00,1301.35,1312.59,1293.0,1301.48,995499,64.6802347631,65.2388898819,64.2652196171,64.6866960768,19909980,0.0,1.0
2019-11-22 00:00:00+00:00,1295.34,1308.73,1291.41,1305.62,1386506,64.3815232628,65.0470385688,64.1861927809,64.8924640654,27730120,0.0,1.0
2019-11-25 00:00:00+00:00,1306.69,1311.31,1298.13,1299.18,1036487,64.9456456469,65.1752707936,64.5201929943,64.5723805276,20729740,0.0,1.0
2019-11-26 00:00:00+00:00,1313.55,1314.8,1305.09,1309.86,1069795,65.286604198,65.3487322139,64.8661217866,65.1032022952,21395900,0.0,1.0
2019-11-27 00:00:00+00:00,1312.99,1318.36,1309.63,1315.0,996329,65.2587708469,65.5256728031,65.0917707403,65.3586726965,19926580,0.0,1.0
2019-11-29 00:00:00+00:00,1304.96,1310.205,1303.97,1307.12,586981,64.859660473,65.1203496276,64.8104550844,64.9670176844,11739620,0.0,1.0
2019-12-02 00:00:00+00:00,1289.92,1305.83,1281.0,1301.0,1511851,64.112136186,64.902901572,63.6687906648,64.6628389187,30237020,0.0,1.0
2019-12-03 00:00:00+00:00,1295.28,1298.461,1279.0,1279.57,1268647,64.3785411181,64.5366444929,63.5693858394,63.5977162146,25372940,0.0,1.0
2019-12-04 00:00:00+00:00,1320.54,1325.8,1304.87,1307.01,1538110,65.6340240628,65.8954587536,64.8551872558,64.961550419,30762200,0.0,1.0
2019-12-05 00:00:00+00:00,1328.13,1329.358,1316.44,1328.0,1212818,66.0112653752,66.072299938,65.4302441707,66.0048040615,24256360,0.0,1.0
2019-12-06 00:00:00+00:00,1340.62,1344.0,1333.44,1333.44,1315510,66.6320485098,66.8000426647,66.2751851866,66.2751851866,26310200,0.0,1.0
2019-12-09 00:00:00+00:00,1343.56,1359.45,1337.84,1338.04,1355795,66.7781736031,67.5679449408,66.4938758025,66.503816285,27115900,0.0,1.0
2019-12-10 00:00:00+00:00,1344.66,1349.975,1336.04,1341.5,1094653,66.832846257,67.0970145805,66.4044114596,66.6757866329,21893060,0.0,1.0
2019-12-11 00:00:00+00:00,1345.02,1351.2,1342.67,1350.84,850796,66.8507391256,67.1579000361,66.7339384558,67.1400071675,17015920,0.0,1.0
2019-12-12 00:00:00+00:00,1350.27,1355.775,1340.5,1345.94,1281722,67.1116767923,67.3852885742,66.6260842202,66.8964653453,25634440,0.0,1.0
2019-12-13 00:00:00+00:00,1347.83,1353.093,1343.87,1347.95,1550028,66.9904029053,67.2519867033,66.793581351,66.9963671948,31000560,0.0,1.0
2019-12-16 00:00:00+00:00,1361.17,1364.68,1352.67,1356.5,1397451,67.6534330907,67.8278885592,67.2309625828,67.4213228234,27949020,0.0,1.0
2019-12-17 00:00:00+00:00,1355.12,1365.0,1351.323,1362.89,1855259,67.3527334939,67.8437933313,67.1640134328,67.7389212405,37105180,0.0,1.0
2019-12-18 00:00:00+00:00,1352.62,1360.47,1351.0,1356.6,1657069,67.2284774621,67.6186414018,67.1479595535,67.4262930646,33141380,0.0,1.0
2019-12-19 00:00:00+00:00,1356.04,1358.1,1348.985,1351.82,1470112,67.3984597135,67.5008466837,67.047809192,67.188715532,29402240,0.0,1.0
2019-12-20 00:00:00+00:00,1349.59,1363.64,1349.0,1363.35,3316905,67.0778791516,67.77619805,67.0485547282,67.7617843504,66338100,0.0,1.0
2019-12-23 00:00:00+00:00,1348.84,1359.8,1346.51,1355.87,883200,67.0406023421,67.5853407853,66.9247957205,67.3900103034,17664000,0.0,1.0
2019-12-24 00:00:00+00:00,1343.56,1350.26,1342.78,1348.5,347518,66.7781736031,67.1111797682,66.7394057212,67.0237035218,6950360,0.0,1.0
2019-12-26 00:00:00+00:00,1360.4,1361.327,1344.47,1346.17,667754,67.6151622329,67.6612363695,66.8234027986,66.9078969002,13355080,0.0,1.0
2019-12-27 00:00:00+00:00,1351.89,1364.53,1349.31,1362.99,1038718,67.1921947008,67.8204331973,67.0639624761,67.7438914818,20774360,0.0,1.0
2019-12-30 00:00:00+00:00,1336.14,1353.0,1334.02,1350.0,1051323,66.4093817009,67.2473643789,66.304012586,67.0982571409,21026460,0.0,1.0
2019-12-31 00:00:00+00:00,1337.02,1338.0,1329.085,1330.11,962468,66.453119824,66.5018281885,66.0587311793,66.1096761523,19249360,0.0,1.0
2020-01-02 00:00:00+00:00,1367.37,1368.14,1341.55,1341.55,1406731,67.9615880494,67.9998589072,66.6782717536,66.6782717536,28134620,0.0,1.0
2020-01-03 00:00:00+00:00,1360.66,1372.5,1345.544,1347.86,1187006,67.6280848602,68.2165614265,66.8767831899,66.9918939777,23740120,0.0,1.0
2020-01-06 00:00:00+00:00,1394.21,1396.5,1350.0,1350.0,1733149,69.2956008062,69.4094193313,67.0982571409,67.0982571409,34662980,0.0,1.0
2020-01-07 00:00:00+00:00,1393.34,1402.99,1390.38,1397.94,1511693,69.2523597071,69.7319879897,69.1052405656,69.4809908055,30233860,0.0,1.0
2020-01-08 00:00:00+00:00,1404.32,1411.58,1390.84,1392.08,1529177,69.7980921985,70.1589317147,69.1281036754,69.1897346671,30583540,0.0,1.0
2020-01-09 00:00:00+00:00,1419.83,1427.33,1410.27,1420.57,1502664,70.5689766195,70.9417447147,70.0938215541,70.6057564049,30053280,0.0,1.0
2020-01-10 00:00:00+00:00,1429.73,1434.929,1418.35,1427.56,1821566,71.0610305052,71.3194333488,70.4954170487,70.9531762696,36431320,0.0,1.0
2020-01-13 00:00:00+00:00,1439.23,1440.52,1426.02,1436.13,1378286,71.5332034258,71.5973195382,70.8766345541,71.3791259464,27565720,0.0,1.0
2020-01-14 00:00:00+00:00,1430.88,1441.8,1428.37,1439.01,1560453,71.1181882798,71.6609386264,70.9934352239,71.522268895,31209060,0.0,1.0
2020-01-15 00:00:00+00:00,1439.2,1441.395,1430.21,1430.21,1282685,71.5317123534,71.6408091493,71.0848876633,71.0848876633,25653700,0.0,1.0
2020-01-16 00:00:00+00:00,1451.7,1451.99,1440.92,1447.44,1173688,72.1529925121,72.1674062118,71.6172005033,71.941260234,23473760,0.0,1.0
2020-01-17 00:00:00+00:00,1480.39,1481.295,1458.22,1462.91,2396215,73.5789547324,73.6239354159,72.4770522429,72.7101565585,47924300,0.0,1.0
2020-01-21 00:00:00+00:00,1484.4,1491.85,1471.2,1479.12,2008830,73.7782614073,74.1485443819,73.1221895597,73.5158326683,40176600,0.0,1.0
2020-01-22 00:00:00+00:00,1485.95,1503.214,1484.93,1491.0,1610846,73.855300147,74.7133625998,73.804603686,74.1062973311,32216920,0.0,1.0
2020-01-23 00:00:00+00:00,1486.65,1495.52,1482.1,1487.64,1351354,73.8900918359,74.3309522365,73.6639458581,73.9392972245,27027080,0.0,1.0
2020-01-24 00:00:00+00:00,1466.71,1495.495,1465.25,1493.59,1784644,72.8990257267,74.3297096762,72.8264602042,74.23502658,35692880,0.0,1.0
2020-01-27 00:00:00+00:00,1433.9,1438.07,1421.2,1431.0,1755201,71.2682895661,71.4755486271,70.6370689249,71.1241525693,35104020,0.0,1.0
2020-01-28 00:00:00+00:00,1452.56,1456.0,1432.47,1443.0,1577422,72.195736587,72.3667128867,71.197215116,71.7205815217,31548440,0.0,1.0
2020-01-29 00:00:00+00:00,1458.63,1465.43,1446.74,1458.8,1078667,72.4974302321,72.8354066385,71.9064685452,72.5058796423,21573340,0.0,1.0
2020-01-30 00:00:00+00:00,1455.84,1457.28,1436.4,1439.96,1339421,72.3587605007,72.430331975,71.3925455979,71.5694861871,26788420,0.0,1.0
2020-01-31 00:00:00+00:00,1434.23,1470.13,1428.53,1468.9,2417214,71.2846913623,73.0690079781,71.0013876099,73.0078740105,48344280,0.0,1.0
2020-02-03 00:00:00+00:00,1485.94,1490.0,1458.99,1462.0,3055216,73.8548031229,74.0565949184,72.5153231007,72.6649273629,61104320,0.0,1.0
2020-02-04 00:00:00+00:00,1447.07,1469.5,1426.3,1457.07,3932954,71.9228703413,73.0376954581,70.8905512296,72.4198944683,78659080,0.0,1.0
2020-02-05 00:00:00+00:00,1448.23,1463.84,1430.56,1462.42,1986157,71.9805251401,72.7563798023,71.1022835077,72.6858023762,39723140,0.0,1.0
2020-02-06 00:00:00+00:00,1476.23,1482.0,1449.57,1450.33,1679384,73.3721926956,73.6589756168,72.0471263731,72.0849002067,33587680,0.0,1.0
2020-02-07 00:00:00+00:00,1479.23,1485.84,1466.35,1467.3,1172270,73.5212999337,73.8498328816,72.8811328581,72.9283501502,23445400,0.0,1.0
2020-02-10 00:00:00+00:00,1508.68,1509.5,1474.32,1474.32,1419876,74.9850359876,75.025791966,73.2772610873,73.2772610873,28397520,0.0,1.0
2020-02-11 00:00:00+00:00,1508.79,1529.63,1505.638,1511.81,1344633,74.990503253,76.0263015336,74.8338412482,75.1406045393,26892660,0.0,1.0
2020-02-12 00:00:00+00:00,1518.27,1520.695,1508.11,1514.48,1167565,75.4616821254,75.5822104762,74.9567056124,75.2733099812,23351300,0.0,1.0
2020-02-13 00:00:00+00:00,1514.66,1527.18,1504.6,1512.69,929730,75.2822564155,75.9045306225,74.7822501438,75.1843426625,18594600,0.0,1.0
2020-02-14 00:00:00+00:00,1520.74,1520.74,1507.34,1515.6,1197836,75.5844470847,75.5844470847,74.9184347546,75.3289766835,23956720,0.0,1.0
2020-02-18 00:00:00+00:00,1519.67,1531.63,1512.59,1515.0,1121140,75.5312655031,76.125706359,75.1793724212,75.2991552358,22422800,0.0,1.0
2020-02-19 00:00:00+00:00,1526.69,1532.106,1521.4,1525.07,949268,75.8801764403,76.1493647074,75.6172506771,75.7996585317,18985360,0.0,1.0
2020-02-20 00:00:00+00:00,1518.15,1529.64,1506.82,1522.0,1096552,75.4557178358,76.0267985577,74.8925895,75.6470721247,21931040,0.0,1.0
2020-02-21 00:00:00+00:00,1485.11,1512.215,1480.44,1508.03,1732273,73.8135501203,75.1607340165,73.581439853,74.9527294193,34645460,0.0,1.0
2020-02-24 00:00:00+00:00,1421.59,1436.97,1411.39,1426.11,2867053,70.6564528658,71.4208759731,70.1494882563,70.8811077712,57341060,0.0,1.0
2020-02-25 00:00:00+00:00,1388.45,1438.14,1382.4,1433.0,2478278,69.009314909,71.479027796,68.7086153122,71.2235573947,49565560,0.0,1.0
2020-02-26 00:00:00+00:00,1393.18,1415.7,1379.0,1396.14,2204037,69.2444073211,70.363705655,68.5396271091,69.3915264627,44080740,0.0,1.0
2020-02-27 00:00:00+00:00,1318.09,1371.704,1317.17,1362.06,2978300,65.5122531517,68.176998306,65.466526932,67.697668238,59566000,0.0,1.0
2020-02-28 00:00:00+00:00,1339.33,1341.14,1271.0,1277.5,3790618,66.5679323974,66.6578937644,63.1717665378,63.4948322203,75812360,0.0,1.0
2020-03-02 00:00:00+00:00,1389.11,1390.87,1326.815,1351.61,2431468,69.0421185014,69.1295947478,65.9459067025,67.1782780253,48629360,0.0,1.0
2020-03-03 00:00:00+00:00,1341.39,1410.15,1332.0,1399.42,2402326,66.6703193675,70.0878572646,66.2036137123,69.5545503763,48046520,0.0,1.0
2020-03-04 00:00:00+00:00,1386.52,1388.09,1343.11,1359.23,1913315,68.9133892525,68.9914220405,66.7558075174,67.55701041,38266300,0.0,1.0
2020-03-05 00:00:00+00:00,1319.04,1358.91,1305.1,1350.2,2561288,65.5594704438,67.541105638,64.8666188108,67.1081976234,51225760,0.0,1.0
2020-03-06 00:00:00+00:00,1298.41,1306.22,1261.05,1277.06,2660628,64.5341096698,64.922285513,62.6772275315,63.4729631587,53212560,0.0,1.0
2020-03-09 00:00:00+00:00,1215.56,1254.76,1200.0,1205.3,3365365,60.4162647779,62.3645993556,59.6428952363,59.9063180236,67307300,0.0,1.0
2020-03-10 00:00:00+00:00,1280.39,1281.15,1218.77,1260.0,2611373,63.638472193,63.6762460267,60.5758095226,62.6250399981,52227460,0.0,1.0
2020-03-11 00:00:00+00:00,1215.41,1260.96,1196.07,1249.7,2611229,60.408809416,62.6727543143,59.4475647544,62.1131051473,52224580,0.0,1.0
2020-03-12 00:00:00+00:00,1114.91,1193.87,1113.3,1126.0,4226748,55.4137169399,59.3382194465,55.3336960555,55.9649166967,84534960,0.0,1.0
2020-03-13 00:00:00+00:00,1219.73,1219.76,1117.143,1179.0,3700125,60.6235238388,60.6250149112,55.5247024275,58.5991445697,74002500,0.0,1.0
2020-03-16 00:00:00+00:00,1084.33,1152.267,1074.44,1096.0,4252365,53.8938171597,57.270449971,53.4022602981,54.4738443158,85047300,0.0,1.0
2020-03-17 00:00:00+00:00,1119.8,1130.86,1056.01,1093.11,3861489,55.656761738,56.2064704224,52.4862448321,54.3302043431,77229780,0.0,1.0
2020-03-18 00:00:00+00:00,1096.8,1106.5,1037.28,1056.51,4233435,54.513606246,54.9957196491,51.5553186423,52.5110960384,84668700,0.0,1.0
2020-03-19 00:00:00+00:00,1115.29,1157.97,1060.108,1093.05,3651106,55.4326038568,57.5539028307,52.6899253193,54.3272221984,73022120,0.0,1.0
2020-03-20 00:00:00+00:00,1072.32,1143.99,1065.49,1135.72,3601750,53.2968911832,56.8590631012,52.9574237044,56.4480241482,72035000,0.0,1.0
2020-03-23 00:00:00+00:00,1056.62,1071.32,1013.536,1061.32,4044137,52.5165633038,53.2471887705,50.3751845552,52.7501646435,80882740,0.0,1.0
2020-03-24 00:00:00+00:00,1134.46,1135.0,1090.62,1103.77,3344450,56.3853991082,56.412238411,54.2064453355,54.8600320625,66889000,0.0,1.0
2020-03-25 00:00:00+00:00,1102.49,1148.9,1086.01,1126.47,4081528,54.7964129742,57.1031019475,53.977317213,55.9882768307,81630560,0.0,1.0
2020-03-26 00:00:00+00:00,1161.75,1169.97,1093.53,1111.8,3573755,57.7417779507,58.150331783,54.3510793565,55.2591424364,71475100,0.0,1.0
2020-03-27 00:00:00+00:00,1110.71,1150.67,1105.91,1125.67,3208495,55.2049668066,57.191075218,54.9663952257,55.9485149005,64169900,0.0,1.0
2020-03-30 00:00:00+00:00,1146.82,1151.63,1096.48,1125.04,2574061,56.9997209291,57.2387895342,54.4977014739,55.9172023805,51481220,0.0,1.0
2020-03-31 00:00:00+00:00,1162.81,1175.31,1138.14,1147.3,2487983,57.7944625081,58.4157426668,56.5683039869,57.0235780872,49759660,0.0,1.0
2020-04-01 00:00:00+00:00,1105.62,1129.69,1097.45,1122.0,2344173,54.951981526,56.1483185996,54.5459128142,55.766107046,46883460,0.0,1.0
2020-04-02 00:00:00+00:00,1120.84,1126.86,1096.4,1098.26,1964881,55.7084522472,56.0076607717,54.4937252809,54.5861717685,39297620,0.0,1.0
2020-04-03 00:00:00+00:00,1097.88,1123.54,1079.81,1119.015,2313400,54.5672848517,55.8426487615,53.6691622543,55.6177453441,46268000,0.0,1.0
2020-04-06 00:00:00+00:00,1186.92,1194.66,1130.94,1138.0,2664723,58.9927876782,59.3774843525,56.2104466155,56.5613456491,53294460,0.0,1.0
2020-04-07 00:00:00+00:00,1186.51,1225.0,1182.23,1221.0,2387329,58.972409689,60.8854555537,58.7596833627,60.6866459029,47746580,0.0,1.0
2020-04-08 00:00:00+00:00,1210.28,1219.07,1188.16,1206.5,1975135,60.1538360388,60.5907202464,59.05441867,59.9659609188,39502700,0.0,1.0
2020-04-09 00:00:00+00:00,1211.45,1225.57,1196.735,1224.08,2175421,60.2119878617,60.913785929,59.4806168589,60.8397293341,43508420,0.0,1.0
2020-04-13 00:00:00+00:00,1217.56,1220.51,1187.598,1209.18,1739828,60.5156696033,60.6622917207,59.026485914,60.0991633849,34796560,0.0,1.0
2020-04-14 00:00:00+00:00,1269.23,1282.07,1236.93,1245.09,2470353,63.0837932673,63.7219722463,61.4784053372,61.8839770248,49407060,0.0,1.0
2020-04-15 00:00:00+00:00,1262.47,1280.46,1240.4,1245.61,1671703,62.7478049575,63.6419513619,61.6508727093,61.9098222794,33434060,0.0,1.0
2020-04-16 00:00:00+00:00,1263.47,1279.0,1242.62,1274.1,2518099,62.7975073702,63.5693858394,61.7612120655,63.3258440172,50361980,0.0,1.0
2020-04-17 00:00:00+00:00,1283.25,1294.43,1271.23,1284.85,1949042,63.7806210933,64.3362940673,63.1831980927,63.8601449536,38980840,0.0,1.0
2020-04-20 00:00:00+00:00,1266.61,1281.6,1261.37,1271.0,1695488,62.9535729461,63.6986121124,62.6931323035,63.1717665378,33909760,0.0,1.0
2020-04-21 00:00:00+00:00,1216.34,1254.27,1209.71,1247.0,2153003,60.4550326598,62.3402451734,60.1255056636,61.9789086331,43060060,0.0,1.0
2020-04-22 00:00:00+00:00,1263.21,1285.613,1242.0,1245.54,2093140,62.7845847429,63.8980678945,61.7303965696,61.9063431105,41862800,0.0,1.0
2020-04-23 00:00:00+00:00,1276.31,1293.31,1265.67,1271.55,1566203,63.4356863492,64.2806273651,62.9068526781,63.1991028648,31324060,0.0,1.0
2020-04-24 00:00:00+00:00,1279.31,1280.4,1249.45,1261.17,1640394,63.5847935873,63.6389692171,62.1006795442,62.683191821,32807880,0.0,1.0
2020-04-27 00:00:00+00:00,1275.88,1296.15,1269.0,1296.0,1600563,63.4143143118,64.4217822171,63.0723617124,64.4143268552,32011260,0.0,1.0
2020-04-28 00:00:00+00:00,1233.67,1288.05,1232.2,1287.93,2951309,61.3163754718,64.0191926743,61.2433129252,64.0132283848,59026180,0.0,1.0
2020-04-29 00:00:00+00:00,1341.48,1359.99,1325.34,1341.46,3793630,66.6747925847,67.5947842437,65.8725956437,66.6737985364,75872600,0.0,1.0
2020-04-30 00:00:00+00:00,1348.66,1352.82,1322.49,1324.88,2668906,67.0316559078,67.2384179447,65.7309437676,65.8497325339,53378120,0.0,1.0
2020-05-01 00:00:00+00:00,1320.61,1352.07,1311.0,1328.5,2072639,65.6375032317,67.2011411351,65.1598630457,66.0296552679,41452780,0.0,1.0
2020-05-04 00:00:00+00:00,1326.8,1327.66,1299.0,1308.23,1504017,65.9451611663,65.9879052412,64.5634340933,65.0221873625,30080340,0.0,1.0
2020-05-05 00:00:00+00:00,1351.11,1373.94,1337.46,1337.92,1651533,67.1534268189,68.2881329008,66.4749888856,66.4978519955,33030660,0.0,1.0
2020-05-06 00:00:00+00:00,1347.3,1371.12,1347.29,1361.69,1215423,66.9640606266,68.147972097,66.9635636024,67.6792783453,24308460,0.0,1.0
2020-05-07 00:00:00+00:00,1372.56,1377.6,1355.27,1365.94,1399759,68.2195435713,68.4700437313,67.3601888558,67.8905135992,27995180,0.0,1.0
2020-05-08 00:00:00+00:00,1388.37,1398.76,1375.48,1383.13,1388068,69.005338716,69.521746784,68.3646746164,68.7448980735,27761360,0.0,1.0
2020-05-11 00:00:00+00:00,1403.26,1416.53,1377.152,1378.28,1412116,69.7454076411,70.4049586576,68.4477770504,68.5038413719,28242320,0.0,1.0
2020-05-12 00:00:00+00:00,1375.74,1415.0,1374.77,1407.12,1390600,68.3775972437,70.3289139662,68.3293859034,69.9372589541,27812000,0.0,1.0
2020-05-13 00:00:00+00:00,1349.33,1385.482,1328.4,1377.05,1812585,67.0649565243,68.8617981482,66.0246850266,68.4427074043,36251700,0.0,1.0
2020-05-14 00:00:00+00:00,1356.13,1357.42,1323.91,1335.02,1603077,67.4029329307,67.4670490431,65.8015211936,66.3537149987,32061540,0.0,1.0
2020-05-15 00:00:00+00:00,1373.19,1374.48,1339.0,1350.0,1707747,68.2508560913,68.3149722037,66.5515306012,67.0982571409,34154940,0.0,1.0
2020-05-18 00:00:00+00:00,1383.94,1392.325,1354.25,1361.75,1823964,68.7851570278,69.2019117582,67.3094923948,67.68226049,36479280,0.0,1.0
2020-05-19 00:00:00+00:00,1373.485,1392.0,1373.485,1386.997,1280649,68.265518303,69.1857584741,68.265518303,68.9370973034,25612980,0.0,1.0
2020-05-20 00:00:00+00:00,1406.72,1410.42,1387.25,1389.58,1655375,69.917377989,70.101276916,68.9496720138,69.0654786354,33107500,0.0,1.0
2020-05-21 00:00:00+00:00,1402.8,1415.49,1393.45,1408.0,1378020,69.7225445312,70.3532681484,69.2578269725,69.9809970773,27560400,0.0,1.0
2020-05-22 00:00:00+00:00,1410.42,1412.76,1391.83,1396.71,1309408,70.101276916,70.2175805617,69.177309064,69.4198568379,26188160,0.0,1.0
2020-05-26 00:00:00+00:00,1417.02,1441.0,1412.13,1437.27,2060643,70.4293128398,71.6211766963,70.1862680417,71.4357866969,41212860,0.0,1.0
2020-05-27 00:00:00+00:00,1417.84,1421.74,1391.29,1417.25,1686142,70.4700688182,70.6639082277,69.1504697611,70.4407443947,33722840,0.0,1.0
2020-05-28 00:00:00+00:00,1416.73,1440.84,1396.0,1396.86,1693976,70.4148991401,71.6132243102,69.3845681249,69.4273121998,33879520,0.0,1.0
2020-05-29 00:00:00+00:00,1428.92,1432.57,1413.35,1416.94,1838059,71.0207715509,71.2021853572,70.2469049852,70.4253366468,36761180,0.0,1.0
2020-06-01 00:00:00+00:00,1431.82,1437.96,1418.0,1418.39,1217140,71.1649085477,71.4700813617,70.4780212042,70.4974051452,24342800,0.0,1.0
2020-06-02 00:00:00+00:00,1439.22,1439.61,1418.83,1430.55,1278128,71.5327064017,71.5520903426,70.5192742068,71.1017864836,25562560,0.0,1.0
2020-06-03 00:00:00+00:00,1436.38,1446.552,1429.777,1438.3,1256186,71.3915515496,71.8971244916,71.0633665186,71.486980182,25123720,0.0,1.0
2020-06-04 00:00:00+00:00,1412.18,1438.96,1404.73,1430.4,1484272,70.1887531623,71.5197837744,69.8184701878,71.0943311217,29685440,0.0,1.0
2020-06-05 00:00:00+00:00,1438.39,1445.05,1406.0,1413.17,1735244,71.4914533991,71.8224714677,69.8815922519,70.2379585509,34704880,0.0,1.0
2020-06-08 00:00:00+00:00,1446.61,1447.99,1422.34,1422.34,1404178,71.9000072315,71.968596561,70.6937296753,70.6937296753,28083560,0.0,1.0
2020-06-09 00:00:00+00:00,1456.16,1468.0,1443.21,1445.36,1409249,72.3746652728,72.9631418391,71.7310190283,71.8378792156,28184980,0.0,1.0
2020-06-10 00:00:00+00:00,1465.85,1474.259,1456.27,1459.54,1525153,72.8562816518,73.2742292402,72.3801325382,72.5426594277,30503060,0.0,1.0
2020-06-11 00:00:00+00:00,1403.84,1454.475,1402.0,1442.48,1991332,69.7742350405,72.2909167074,69.6827826011,71.6947362671,39826640,0.0,1.0
2020-06-12 00:00:00+00:00,1413.18,1437.0,1386.02,1428.49,1946367,70.238455575,71.4223670455,68.8885380462,70.9993995134,38927340,0.0,1.0
2020-06-15 00:00:00+00:00,1419.85,1424.8,1387.92,1390.8,1506096,70.5699706677,70.8159976106,68.9829726303,69.1261155789,30121920,0.0,1.0
2020-06-16 00:00:00+00:00,1442.72,1455.02,1425.9,1445.22,1711614,71.7066648461,72.3180045223,70.8706702645,71.8309208779,34232280,0.0,1.0
2020-06-17 00:00:00+00:00,1451.12,1460.0,1431.38,1447.16,1549615,72.1241651128,72.5655225375,71.1430394861,71.9273435585,30992300,0.0,1.0
2020-06-18 00:00:00+00:00,1435.96,1451.41,1427.01,1449.16,1581916,71.3706765363,72.1385788124,70.9258399426,72.0267483839,31638320,0.0,1.0
2020-06-19 00:00:00+00:00,1431.72,1447.8,1421.35,1444.0,3157875,71.1599383064,71.9591531026,70.6445242868,71.7702839344,63157500,0.0,1.0
2020-06-22 00:00:00+00:00,1451.86,1452.75,1423.21,1429.0,1542440,72.1609448982,72.2051800455,70.7369707744,71.0247477439,30848800,0.0,1.0
2020-06-23 00:00:00+00:00,1464.41,1475.941,1445.24,1455.64,1429764,72.7847101775,73.3578286983,71.8319149261,72.3488200182,28595280,0.0,1.0
2020-06-24 00:00:00+00:00,1431.97,1475.42,1429.75,1461.51,1756022,71.1723639096,73.3319337413,71.0620245534,72.6405731807,35120440,0.0,1.0
2020-06-25 00:00:00+00:00,1441.33,1442.9,1420.0,1429.9,1230474,71.6375784925,71.7156112804,70.5774260296,71.0694799153,24609480,0.0,1.0
2020-06-26 00:00:00+00:00,1359.9,1433.45,1351.99,1431.39,4267698,67.5903110265,71.2459234804,67.1971649421,71.1435365103,85353960,0.0,1.0
2020-06-29 00:00:00+00:00,1394.97,1395.6,1347.01,1358.18,1810180,69.3333746398,69.3646871598,66.9496469269,67.5048228767,36203600,0.0,1.0
2020-06-30 00:00:00+00:00,1413.61,1418.65,1383.96,1390.44,2042381,70.2598276125,70.5103277725,68.786151076,69.1082227103,40847620,0.0,1.0
2020-07-01 00:00:00+00:00,1438.04,1443.0,1409.82,1411.1,1775613,71.4740575547,71.7205815217,70.0714554684,70.1350745566,35512260,0.0,1.0
2020-07-02 00:00:00+00:00,1464.7,1482.95,1446.42,1446.94,1859790,72.7991238772,73.7061929089,71.8905637731,71.9164090277,37195800,0.0,1.0
2020-07-06 00:00:00+00:00,1495.7,1506.59,1472.86,1480.06,1563997,74.3398986708,74.8811579451,73.2046955648,73.5625529362,31279940,0.0,1.0
2020-07-07 00:00:00+00:00,1485.18,1516.8,1483.55,1490.0,1458216,73.8170292892,75.3886195787,73.7360143565,74.0565949184,29164320,0.0,1.0
2020-07-08 00:00:00+00:00,1496.0,1505.88,1485.63,1494.32,1249731,74.3548093946,74.845869232,73.8393953749,74.2713093413,24994620,0.0,1.0
2020-07-09 00:00:00+00:00,1510.99,1522.72,1488.085,1506.45,1423322,75.0998485609,75.6828578619,73.9614147981,74.8741996073,28466440,0.0,1.0
2020-07-10 00:00:00+00:00,1541.74,1543.83,1496.54,1506.15,1857204,76.6281977514,76.7320757939,74.3816486975,74.8592888835,37144080,0.0,1.0
2020-07-13 00:00:00+00:00,1511.34,1577.132,1505.243,1550.0,1846424,75.1172444054,78.3872655415,74.8142087952,77.0387396802,36928480,0.0,1.0
2020-07-14 00:00:00+00:00,1520.58,1522.95,1483.5,1490.31,1585021,75.5764946987,75.6942894168,73.7335292359,74.0720026664,31700420,0.0,1.0
2020-07-15 00:00:00+00:00,1513.64,1535.33,1498.0,1523.13,1761036,75.2315599546,76.309605286,74.45421422,75.7032358511,35220720,0.0,1.0
2020-07-16 00:00:00+00:00,1518.0,1518.69,1486.31,1500.0,1519346,75.4482624739,75.4825571387,73.8731930156,74.5536190454,30386920,0.0,1.0
2020-07-17 00:00:00+00:00,1515.55,1523.44,1498.42,1521.62,1457014,75.3264915628,75.718643599,74.4750892333,75.6281852079,29140280,0.0,1.0
2020-07-20 00:00:00+00:00,1565.72,1570.29,1503.6,1515.26,1547136,77.8200616078,78.0472016339,74.7325477311,75.3120778631,30942720,0.0,1.0
2020-07-21 00:00:00+00:00,1558.42,1586.99,1554.28,1586.99,1183101,77.4572339951,78.8772319259,77.2514660066,78.8772319259,23662020,0.0,1.0
2020-07-22 00:00:00+00:00,1568.49,1570.0,1546.1,1560.5,931985,77.957737291,78.0327879342,76.8449002707,77.5606150136,18639700,0.0,1.0
2020-07-23 00:00:00+00:00,1515.68,1571.87,1507.3918,1566.97,1627634,75.3329528765,78.1257314459,74.9210093396,77.8821896237,32552680,0.0,1.0
2020-07-24 00:00:00+00:00,1511.87,1517.6362,1488.4,1498.93,1544404,75.1435866841,75.4301807362,73.9770710581,74.5004374638,30888080,0.0,1.0
2020-07-27 00:00:00+00:00,1530.2,1540.97,1515.21,1515.6,1245980,76.0546319088,76.5899268936,75.3095927425,75.3289766835,24919600,0.0,1.0
2020-07-28 00:00:00+00:00,1500.34,1526.48,1497.66,1525.18,1702174,74.5705178657,75.8697389336,74.4373153997,75.8051257971,34043480,0.0,1.0
2020-07-29 00:00:00+00:00,1522.02,1531.2522,1501.33,1506.32,1106534,75.648066173,76.1069287875,74.6197232543,74.8677382936,22130680,0.0,1.0
2020-07-30 00:00:00+00:00,1531.45,1537.87,1492.22,1497.0,1671396,76.1167599247,76.4358494142,74.1669342746,74.4045118073,33427920,0.0,1.0
2020-07-31 00:00:00+00:00,1482.96,1508.95,1454.03,1505.01,3429036,73.706689933,74.998455639,72.2687991337,74.802628133,68580720,0.0,1.0
2020-08-03 00:00:00+00:00,1474.45,1490.47,1465.64,1486.64,2331514,73.283722401,74.0799550524,72.8458441451,73.8895948118,46630280,0.0,1.0
2020-08-04 00:00:00+00:00,1464.97,1485.56,1458.65,1476.57,1903489,72.8125435286,73.835916206,72.4984242804,73.3890915159,38069780,0.0,1.0
2020-08-05 00:00:00+00:00,1473.61,1482.41,1463.46,1469.3,1979957,73.2419723743,73.6793536061,72.7374928854,73.0277549756,39599140,0.0,1.0
2020-08-06 00:00:00+00:00,1500.1,1502.39,1466.0,1471.75,1995368,74.5585892867,74.6724078117,72.8637370137,73.1495258867,39907360,0.0,1.0
2020-08-07 00:00:00+00:00,1494.49,1516.845,1481.64,1500.0,1577826,74.2797587514,75.3908561873,73.6410827483,74.5536190454,31556520,0.0,1.0
2020-08-10 00:00:00+00:00,1496.1,1504.075,1473.08,1487.18,1289530,74.3597796359,74.7561563771,73.2156300956,73.9164341146,25790600,0.0,1.0
2020-08-11 00:00:00+00:00,1480.32,1510.0,1478.0,1492.44,1454365,73.5754755635,75.0506431724,73.4601659661,74.1778688054,29087300,0.0,1.0
2020-08-12 00:00:00+00:00,1506.62,1512.3859,1485.25,1485.58,1437655,74.8826490174,75.1692281588,73.8205084581,73.8369102543,28753100,0.0,1.0
2020-08-13 00:00:00+00:00,1518.45,1537.25,1508.005,1510.34,1455208,75.4706285596,76.4050339183,74.951486859,75.0675419927,29104160,0.0,1.0
2020-08-14 00:00:00+00:00,1507.73,1521.9,1502.88,1515.66,1355200,74.9378186955,75.6421018835,74.696761994,75.3319588282,27104000,0.0,1.0
2020-08-17 00:00:00+00:00,1517.98,1525.61,1507.97,1514.67,1364082,75.4472684257,75.8264978346,74.9497472746,75.2827534397,27281640,0.0,1.0
2020-08-18 00:00:00+00:00,1558.6,1562.47,1523.71,1526.18,2027086,77.4661804294,77.6585287666,75.7320632504,75.8548282098,40541720,0.0,1.0
2020-08-19 00:00:00+00:00,1547.53,1573.68,1543.95,1553.31,1660611,76.9159747209,78.2156928129,76.7380400834,77.2032546663,33212220,0.0,1.0
2020-08-20 00:00:00+00:00,1581.75,1585.87,1538.2,1543.45,1706877,78.6167912834,78.8215652237,76.4522512104,76.7131888771,34137540,0.0,1.0
2020-08-21 00:00:00+00:00,1580.42,1597.72,1568.005,1577.03,1446453,78.5506870745,79.4105388141,77.9336316208,78.3821958954,28929060,0.0,1.0
2020-08-24 00:00:00+00:00,1588.2,1614.17,1580.57,1593.98,1410229,78.9373718453,80.228143503,78.5581424364,79.2246517906,28204580,0.0,1.0
2020-08-25 00:00:00+00:00,1608.22,1611.62,1582.07,1582.07,2132084,79.9324141475,80.1014023506,78.6326960554,78.6326960554,42641680,0.0,1.0
2020-08-26 00:00:00+00:00,1652.38,1659.22,1603.6,1608.0,3581072,82.1272726921,82.467237195,79.7027890008,79.9214796167,71621440,0.0,1.0
2020-08-27 00:00:00+00:00,1634.33,1655.0,1625.75,1653.68,1861602,81.230144143,82.2574930134,80.803697442,82.1918858287,37232040,0.0,1.0
2020-08-28 00:00:00+00:00,1644.41,1647.1699,1630.75,1633.49,1499782,81.731144463,81.8683181518,81.0522095055,81.1883941163,29995640,0.0,1.0
2020-08-31 00:00:00+00:00,1634.18,1647.965,1630.31,1647.89,1823406,81.2226887811,81.9078365401,81.0303404439,81.9041088591,36468120,0.0,1.0
2020-09-01 00:00:00+00:00,1660.71,1665.73,1632.22,1636.63,1826655,82.5412937899,82.7907999017,81.1252720522,81.3444596922,36533100,0.0,1.0
2020-09-02 00:00:00+00:00,1728.28,1733.1799,1666.3301,1673.7754,2511180,85.8996858158,86.1432226678,82.8206263195,83.1906756928,50223600,0.0,1.0
2020-09-03 00:00:00+00:00,1641.84,1709.7143,1615.06,1709.7143,3107763,81.6034092623,84.9769257324,80.2723786503,84.9769257324,62155260,0.0,1.0
2020-09-04 00:00:00+00:00,1591.04,1645.11,1547.6125,1624.26,2608568,79.0785266973,81.7659361518,76.9200751699,80.7296408471,52171360,0.0,1.0
2020-09-08 00:00:00+00:00,1532.39,1563.865,1528.01,1533.51,2610884,76.1634801926,77.7278636323,75.945783625,76.2191468949,52217680,0.0,1.0
2020-09-09 00:00:00+00:00,1556.96,1569.0,1536.0511,1557.53,1774704,77.3846684726,77.9830855215,76.3454456958,77.4129988478,35494080,0.0,1.0
2020-09-10 00:00:00+00:00,1532.02,1584.081,1525.805,1560.64,1618557,76.1450902999,78.7326476074,75.836189805,77.5675733513,32371140,0.0,1.0
2020-09-11 00:00:00+00:00,1520.72,1575.2,1497.36,1536.0,1597087,75.5834530365,78.2912404802,74.4224046759,76.3429059025,31941740,0.0,1.0
2020-09-14 00:00:00+00:00,1519.28,1563.9999,1515.74,1539.005,1696589,75.5118815622,77.7345684878,75.3359350212,76.4922616526,33931780,0.0,1.0
2020-09-15 00:00:00+00:00,1541.44,1559.57,1531.835,1536.0,1331082,76.6132870275,77.5143917697,76.1358953536,76.3429059025,26621640,0.0,1.0
2020-09-16 00:00:00+00:00,1520.9,1562.0,1519.82,1555.54,1312299,75.5923994708,77.6351686326,75.538720865,77.3140910466,26245980,0.0,1.0
2020-09-17 00:00:00+00:00,1495.53,1508.2984,1470.0001,1496.0,1879751,74.3314492606,74.9660695469,73.0625516347,74.3548093946,37595020,0.0,1.0
2020-09-18 00:00:00+00:00,1459.99,1503.0032,1437.13,1498.01,3103882,72.5650255134,74.7028853312,71.4288283591,74.4547112441,62077640,0.0,1.0
2020-09-21 00:00:00+00:00,1431.16,1448.36,1406.55,1440.06,2888827,71.1321049553,71.9869864537,69.9089285789,71.5744564283,57776540,0.0,1.0
2020-09-22 00:00:00+00:00,1465.46,1469.52,1434.53,1450.09,1583201,72.8368977108,73.0386895064,71.2996020861,72.0729716277,31664020,0.0,1.0
2020-09-23 00:00:00+00:00,1415.21,1460.96,1407.7,1458.78,1657350,70.3393514728,72.6132368537,69.9660863535,72.504885594,33147000,0.0,1.0
2020-09-24 00:00:00+00:00,1428.29,1443.7088,1409.85,1411.03,1450216,70.9894590309,71.7558105918,70.0729465408,70.1315953877,29004320,0.0,1.0
2020-09-25 00:00:00+00:00,1444.96,1450.0,1413.34,1432.63,1323375,71.8179982506,72.0684984105,70.2464079611,71.205167502,26467500,0.0,1.0
2020-09-28 00:00:00+00:00,1464.52,1476.8,1449.3012,1474.21,2007941,72.7901774429,73.4005230708,72.0337663646,73.2717938219,40158820,0.0,1.0
2020-09-29 00:00:00+00:00,1469.33,1476.6632,1458.805,1470.39,979102,73.029246048,73.3937237808,72.5061281543,73.0819306054,19582040,0.0,1.0
2020-09-30 00:00:00+00:00,1469.6,1489.75,1459.88,1466.8,1701608,73.0426656994,74.0441693152,72.559558248,72.9034989439,34032160,0.0,1.0
2020-10-01 00:00:00+00:00,1490.09,1499.04,1479.21,1484.27,1779497,74.0610681356,74.5059047292,73.5203058854,73.7718000937,35589940,0.0,1.0
2020-10-02 00:00:00+00:00,1458.42,1483.2,1450.92,1462.03,1284071,72.4869927255,73.7186185121,72.1142246302,72.6664184353,25681420,0.0,1.0
2020-10-05 00:00:00+00:00,1486.02,1488.21,1464.27,1466.21,1113257,73.8587793159,73.9676275997,72.7777518397,72.8741745204,22265140,0.0,1.0
2020-10-06 00:00:00+00:00,1453.44,1486.76,1448.5901,1475.58,1245423,72.2394747102,73.8955591013,71.9984229789,73.3398861273,24908460,0.0,1.0
2020-10-07 00:00:00+00:00,1460.29,1468.96,1436.0,1464.29,1746156,72.5799362372,73.0108561553,71.3726646328,72.778745888,34923120,0.0,1.0
2020-10-08 00:00:00+00:00,1485.93,1490.0,1465.09,1465.09,1187831,73.8543060987,74.0565949184,72.8185078181,72.8185078181,23756620,0.0,1.0
2020-10-09 00:00:00+00:00,1515.22,1516.52,1489.45,1494.7,1435542,75.3100897666,75.3747029031,74.0292585914,74.2901962581,28710840,0.0,1.0
2020-10-12 00:00:00+00:00,1569.15,1593.86,1532.57,1543.0,2482560,77.9905408834,79.2186875011,76.1724266269,76.6908227914,49651200,0.0,1.0
2020-10-13 00:00:00+00:00,1571.68,1590.0,1563.2,1583.73,1601043,78.1162879875,79.0268361881,77.6948115278,78.7152020605,32020860,0.0,1.0
2020-10-14 00:00:00+00:00,1568.08,1587.6841,1550.53,1578.59,1930990,77.9373593018,78.9117303705,77.065081959,78.4597316592,38619800,0.0,1.0
2020-10-15 00:00:00+00:00,1559.13,1575.105,1545.03,1547.15,1540817,77.4925227082,78.286518751,76.7917186891,76.897087804,30816340,0.0,1.0
2020-10-16 00:00:00+00:00,1573.01,1581.13,1563.0,1565.85,1435137,78.1823921964,78.5859757875,77.6848710453,77.8265229215,28702740,0.0,1.0
2020-10-19 00:00:00+00:00,1534.61,1588.15,1528.0,1580.46,1607075,76.2738195488,78.9348867246,75.9452866009,78.552675171,32141500,0.0,1.0
2020-10-20 00:00:00+00:00,1555.93,1577.5,1525.67,1527.05,2242572,77.3334749875,78.4055560294,75.8294799793,75.8980693088,44851440,0.0,1.0
2020-10-21 00:00:00+00:00,1593.31,1618.73,1571.6301,1573.33,2568345,79.1913511741,80.4547865049,78.1138078371,78.1982969685,51366900,0.0,1.0
2020-10-22 00:00:00+00:00,1615.33,1621.99,1585.0,1593.05,1434042,80.2857983017,80.6168163703,78.7783241246,79.1784285468,28680840,0.0,1.0
2020-10-23 00:00:00+00:00,1641.0,1642.36,1620.51,1626.07,1375844,81.5616592357,81.6292545169,80.5432567995,80.8196022141,27516880,0.0,1.0
2020-10-26 00:00:00+00:00,1590.45,1638.24,1576.5,1625.01,1853254,79.0492022738,81.4244805766,78.3558536167,80.7669176566,37065080,0.0,1.0
2020-10-27 00:00:00+00:00,1604.26,1606.845,1582.78,1595.67,1229002,79.7355925932,79.86407333,78.6679847684,79.3086488681,24580040,0.0,1.0
2020-10-28 00:00:00+00:00,1516.62,1561.35,1514.62,1559.74,1833959,75.3796731444,77.6028620643,75.280268319,77.5228411799,36679180,0.0,1.0
2020-10-29 00:00:00+00:00,1567.24,1593.71,1522.24,1522.36,2003064,77.8956092751,79.2112321392,75.6590007038,75.6649649933,40061280,0.0,1.0
2020-10-30 00:00:00+00:00,1621.01,1687.0,1604.46,1672.11,4330862,80.5681080058,83.8479702197,79.7455330757,83.1079012947,86617240,0.0,1.0
2020-11-02 00:00:00+00:00,1626.03,1660.77,1616.03,1628.16,2535446,80.8176141176,82.5442759347,80.3205899906,80.9234802566,50708920,0.0,1.0
2020-11-03 00:00:00+00:00,1650.21,1661.7,1616.6201,1631.78,1661653,82.0194184566,82.5904991785,80.3499193843,81.1034029906,33233060,0.0,1.0
2020-11-04 00:00:00+00:00,1749.13,1771.365,1706.0301,1710.28,3570927,86.9359811206,88.0411142669,84.7938121036,85.0050423873,71418540,0.0,1.0
2020-11-05 00:00:00+00:00,1763.37,1793.64,1750.51,1781.0,2065812,87.6437434774,89.1482355097,87.0045704501,88.5199970132,41316240,0.0,1.0
2020-11-06 00:00:00+00:00,1761.75,1772.43,1740.35,1753.95,1661225,87.5632255688,88.0940473364,86.4995939371,87.1755467498,33224500,0.0,1.0
2020-11-09 00:00:00+00:00,1763.0,1818.06,1760.02,1790.9,2268270,87.6253535847,90.3619684278,87.4772403948,89.0120508989,45365400,0.0,1.0
2020-11-10 00:00:00+00:00,1740.39,1763.0,1717.3,1731.09,2636142,86.5015820336,87.6253535847,85.3539533244,86.0393495955,52722840,0.0,1.0
2020-11-11 00:00:00+00:00,1752.71,1764.22,1747.365,1750.0,1263966,87.113915758,87.6859905282,86.8482563622,86.9792222196,25279320,0.0,1.0
2020-11-12 00:00:00+00:00,1749.84,1768.27,1745.6,1747.63,1248754,86.9712698336,87.8872852996,86.7605316038,86.8614275015,24975080,0.0,1.0
2020-11-13 00:00:00+00:00,1777.02,1781.04,1744.55,1757.63,1500574,88.3221814107,88.5219851097,86.7083440704,87.3584516285,30011480,0.0,1.0
2020-11-16 00:00:00+00:00,1781.38,1799.07,1767.69,1771.7,1246785,88.5388839301,89.4181196107,87.8584579002,88.0577645751,24935700,0.0,1.0
2020-11-17 00:00:00+00:00,1770.15,1785.0,1767.0,1776.94,1147114,87.9807258355,88.718806664,87.8241632355,88.3182052177,22942280,0.0,1.0
2020-11-18 00:00:00+00:00,1746.78,1773.47,1746.14,1765.23,1173466,86.8191804507,88.1457378456,86.7873709066,87.736189965,23469320,0.0,1.0
2020-11-19 00:00:00+00:00,1763.92,1769.5897,1737.005,1738.38,1249910,87.6710798044,87.9528775736,86.3333393666,86.4016801841,24998200,0.0,1.0
2020-11-20 00:00:00+00:00,1742.19,1774.0,1741.86,1765.21,2313655,86.5910463765,88.1720801243,86.5746445803,87.7351959167,46273100,0.0,1.0
2020-11-23 00:00:00+00:00,1734.86,1753.9,1717.72,1749.6,2161975,86.2267276914,87.1730616291,85.3748283378,86.9593412545,43239500,0.0,1.0
2020-11-24 00:00:00+00:00,1768.88,1771.6,1727.69,1730.5,1491698,87.9176037713,88.0527943339,85.8703613924,86.010025172,29833960,0.0,1.0
2020-11-25 00:00:00+00:00,1771.43,1778.54,1756.54,1772.89,1046122,88.0443449237,88.397729078,87.3042759987,88.1169104463,20922440,0.0,1.0
2020-11-27 00:00:00+00:00,1793.19,1804.0,1772.44,1773.09,884916,89.125869424,89.6631525053,88.0945443605,88.1268509288,17698320,0.0,1.0
2020-11-30 00:00:00+00:00,1760.74,1788.065,1755.0,1781.1844,1823836,87.513026132,88.8711445589,87.2277342831,88.5291621381,36476720,0.0,1.0
2020-12-01 00:00:00+00:00,1798.1,1824.83,1769.37,1774.37,1693593,89.3699082703,90.6984537617,87.9419579536,88.190470017,33871860,0.0,1.0
2020-12-02 00:00:00+00:00,1827.95,1835.65,1789.4725,1798.1,1222032,90.8535252893,91.2362338671,88.9411007048,89.3699082703,24440640,0.0,1.0
2020-12-03 00:00:00+00:00,1826.77,1847.2,1822.65,1824.01,1227298,90.7948764424,91.8102967338,90.5901025021,90.6576977833,24545960,0.0,1.0
2020-12-04 00:00:00+00:00,1827.99,1833.16,1816.99,1824.52,1378166,90.8555133859,91.1124748595,90.3087868462,90.6830460138,27563320,0.0,1.0
2020-12-07 00:00:00+00:00,1819.48,1832.37,1805.78,1819.0,1320946,90.4325458538,91.0732099535,89.7516227999,90.4086886957,26418920,0.0,1.0
2020-12-08 00:00:00+00:00,1818.55,1821.9,1796.2047,1810.1,1096319,90.38632261,90.5528256925,89.2757072876,89.9663372227,21926380,0.0,1.0
2020-12-09 00:00:00+00:00,1784.13,1834.27,1767.81,1812.01,1507558,88.675565565,91.1676445376,87.8644221898,90.061268831,30151160,0.0,1.0
2020-12-10 00:00:00+00:00,1775.33,1781.31,1740.32,1769.8,1362848,88.2381843332,88.5354047612,86.4981028647,87.963329991,27256960,0.0,1.0
2020-12-11 00:00:00+00:00,1781.77,1784.45,1760.0,1763.06,1220651,88.558267871,88.691470337,87.4762463466,87.6283357294,24413020,0.0,1.0
2020-12-14 00:00:00+00:00,1760.06,1797.39,1757.215,1775.0,1600173,87.4792284914,89.3346195573,87.3378251272,88.221782537,32003460,0.0,1.0
2020-12-15 00:00:00+00:00,1767.77,1771.42,1749.95,1764.42,1482261,87.8624340932,88.0438478996,86.976737099,87.6959310107,29645220,0.0,1.0
2020-12-16 00:00:00+00:00,1763.0,1773.0,1756.08,1772.88,1513543,87.6253535847,88.1223777116,87.2814128888,88.1164134221,30270860,0.0,1.0
2020-12-17 00:00:00+00:00,1747.9,1771.7836,1738.66,1768.51,1624744,86.874847153,88.0619196968,86.4155968596,87.8992138786,32494880,0.0,1.0
2020-12-18 00:00:00+00:00,1731.01,1755.11,1720.22,1754.18,4016353,86.0353734025,87.2332015485,85.4990843695,87.1869783047,80327060,0.0,1.0
2020-12-21 00:00:00+00:00,1739.37,1740.85,1699.0,1713.51,1828378,86.4508855727,86.5244451434,84.4443991721,85.1655811803,36567560,0.0,1.0
2020-12-22 00:00:00+00:00,1723.5,1737.405,1712.575,1734.43,938346,85.6621082832,86.3532203317,85.1191094244,86.2053556539,18766920,0.0,1.0
2020-12-23 00:00:00+00:00,1732.38,1747.99,1725.04,1728.11,1033917,86.1034657079,86.8793203701,85.7386499987,85.8912364057,20678340,0.0,1.0
2020-12-24 00:00:00+00:00,1738.85,1746.0,1729.11,1735.0,346753,86.425040318,86.7804125688,85.9409388184,86.2336860292,6935060,0.0,1.0
2020-12-28 00:00:00+00:00,1776.09,1790.7276,1746.335,1751.635,1390962,88.2759581669,89.003482203,86.7970628771,87.0604856644,27819240,0.0,1.0
2020-12-29 00:00:00+00:00,1758.72,1792.44,1756.09,1787.79,1299395,87.4126272583,89.0885926145,87.2819099129,88.8574763954,25987900,0.0,1.0
2020-12-30 00:00:00+00:00,1739.52,1765.095,1725.6,1762.01,1306130,86.4583409346,87.7294801393,85.7664833498,87.5761481961,26122600,0.0,1.0
2020-12-31 00:00:00+00:00,1751.88,1758.93,1735.42,1735.42,1012240,87.0726627555,87.423064765,86.2545610425,86.2545610425,20244800,0.0,1.0
2021-01-04 00:00:00+00:00,1728.24,1760.65,1707.85,1757.54,1901855,85.8976977193,87.5085529148,84.8842655244,87.3539784114,38037100,0.0,1.0
2021-01-05 00:00:00+00:00,1740.92,1747.67,1718.015,1725.0,1145347,86.5279243123,86.863415598,85.3894905495,85.7366619022,22906940,0.0,1.0
2021-01-06 00:00:00+00:00,1735.29,1748.0,1699.0,1702.63,2602114,86.2480997288,86.8798173942,84.4443991721,84.6248189302,52042280,0.0,1.0
2021-01-07 00:00:00+00:00,1787.25,1788.4,1737.05,1740.06,2265022,88.8306370926,88.8877948672,86.3355759752,86.4851802374,45300440,0.0,1.0
2021-01-08 00:00:00+00:00,1807.21,1809.84,1773.535,1787.98,2051002,89.82269725,89.9534145954,88.1489685024,88.8669198538,41020040,0.0,1.0
2021-01-11 00:00:00+00:00,1766.72,1794.315,1760.5201,1786.07,1209735,87.8102465599,89.1817846383,87.5020965714,88.7719882456,24194700,0.0,1.0
2021-01-12 00:00:00+00:00,1746.55,1778.04,1725.31,1753.92,1356464,86.8077488958,88.3728778716,85.7520696501,87.1740556774,27129280,0.0,1.0
2021-01-13 00:00:00+00:00,1754.4,1765.035,1738.01,1738.58,1094131,87.1979128355,87.7264979945,86.3832902914,86.4116206666,21882620,0.0,1.0
2021-01-14 00:00:00+00:00,1740.18,1775.01,1733.4,1753.62,1179477,86.4911445269,88.2222795612,86.1541621689,87.1591449536,23589540,0.0,1.0
2021-01-15 00:00:00+00:00,1736.19,1756.0,1721.55,1738.19,1342170,86.2928319003,87.2774366958,85.5651885784,86.3922367257,26843400,0.0,1.0
2021-01-19 00:00:00+00:00,1790.86,1809.275,1741.46,1752.25,1734614,89.0100628024,89.9253327322,86.5547636152,87.0910526482,34692280,0.0,1.0
2021-01-20 00:00:00+00:00,1886.9,1903.71,1825.53,1831.46,2490258,93.7834825178,94.6189800753,90.7332454506,91.0279807579,49805160,0.0,1.0
2021-01-21 00:00:00+00:00,1891.25,1934.86,1887.11,1898.0,2063932,93.9996880131,96.1672102308,93.7939200245,94.3351792988,41278640,0.0,1.0
2021-01-22 00:00:00+00:00,1901.05,1910.95,1881.76,1895.68,1272232,94.4867716575,94.9788255432,93.5280121166,94.2198697013,25444640,0.0,1.0
2021-01-25 00:00:00+00:00,1899.4,1929.58,1867.53,1920.67,1927320,94.4047626765,95.9047814917,92.8207467839,95.4619329946,38546400,0.0,1.0
2021-01-26 00:00:00+00:00,1917.24,1925.0,1884.245,1888.84,1313139,95.2914537191,95.6771444416,93.6515226121,93.8799051985,26262780,0.0,1.0
2021-01-27 00:00:00+00:00,1830.79,1890.0,1809.0,1882.53,2748292,90.9946801414,93.9375599972,89.9116645687,93.5662829743,54965840,0.0,1.0
2021-01-28 00:00:00+00:00,1863.11,1898.83,1842.64,1843.94,1773138,92.6010621198,94.3764323013,91.5836537319,91.6482668684,35462760,0.0,1.0
2021-01-29 00:00:00+00:00,1835.74,1857.28,1810.2,1846.17,1612552,91.2407070843,92.3112970537,89.971307464,91.7591032487,32251040,0.0,1.0
2021-02-01 00:00:00+00:00,1901.35,1922.3918,1850.93,1853.57,1602182,94.5016823813,95.5475106088,91.9956867331,92.1269011026,32043640,0.0,1.0
2021-02-02 00:00:00+00:00,1927.51,1955.76,1914.49,1922.56,2103864,95.8018974975,97.2059906561,95.1547720841,95.5558705546,42077280,0.0,1.0
2021-02-03 00:00:00+00:00,2070.07,2116.5,2018.38,2073.0,4118170,102.8874734515,105.195156473,100.3183557392,103.0331015207,82363400,0.0,1.0
2021-02-04 00:00:00+00:00,2062.37,2078.55,2042.59,2068.89,1852329,102.5047648738,103.3089499112,101.5216511506,102.8288246045,37046580,0.0,1.0
2021-02-05 00:00:00+00:00,2098.0,2102.51,2059.33,2070.0,1535135,104.2756618382,104.4998197194,102.3536695392,102.8839942826,30702700,0.0,1.0
2021-02-08 00:00:00+00:00,2092.91,2123.5469,2072.0,2105.91,1242411,104.0226765575,105.5454044051,102.983399108,104.6688079226,24848220,0.0,1.0
2021-02-09 00:00:00+00:00,2083.51,2105.13,2078.54,2078.54,886247,103.5554738782,104.6300400407,103.3084528871,103.3084528871,17724940,0.0,1.0
2021-02-10 00:00:00+00:00,2095.38,2108.37,2063.09,2094.21,1132741,104.1454415169,104.7910758578,102.5405506109,104.087289694,22654820,0.0,1.0
2021-02-11 00:00:00+00:00,2095.89,2102.03,2077.32,2099.51,945650,104.1707897474,104.4759625613,103.2478159436,104.3507124813,18913000,0.0,1.0
2021-02-12 00:00:00+00:00,2104.11,2108.82,2083.13,2090.25,855865,104.5793435797,104.8134419435,103.5365869613,103.8904681397,17117300,0.0,1.0
2021-02-16 00:00:00+00:00,2121.9,2152.68,2104.36,2104.36,1133838,105.4635495016,106.9933897644,104.5917691829,104.5917691829,22676760,0.0,1.0
2021-02-17 00:00:00+00:00,2128.31,2133.66,2098.92,2100.0,1020252,105.782141967,106.0480498749,104.3213880578,104.3750666635,20405040,0.0,1.0
2021-02-18 00:00:00+00:00,2117.2,2132.735,2103.71,2110.39,1121855,105.2299481619,106.0020751432,104.5594626147,104.8914747315,22437100,0.0,1.0
2021-02-19 00:00:00+00:00,2101.14,2130.53,2097.41,2119.27,1457612,104.431727414,105.8924813232,104.2463374147,105.3328321562,29152240,0.0,1.0
2021-02-22 00:00:00+00:00,2064.88,2091.42,2062.14,2067.0,1349856,102.6295179296,103.9486199626,102.4933333188,102.7348870445,26997120,0.0,1.0
2021-02-23 00:00:00+00:00,2070.86,2082.01,2002.02,2025.01,1667377,102.9267383576,103.4809202591,99.5052242675,100.6478827354,33347540,0.0,1.0
2021-02-24 00:00:00+00:00,2095.17,2100.78,2038.13,2041.83,1248349,104.1350040102,104.4138345454,101.29997839,101.483877317,24966980,0.0,1.0
2021-02-25 00:00:00+00:00,2031.36,2094.88,2021.29,2067.45,1761201,100.963493056,104.1205903105,100.4629897602,102.7572531303,35224020,0.0,1.0
2021-02-26 00:00:00+00:00,2036.86,2071.0099,2016.06,2050.52,2076974,101.2368563259,102.9341887492,100.2030461418,101.9157912833,41539480,0.0,1.0
2021-03-01 00:00:00+00:00,2081.51,2086.52,2046.1,2056.52,1405115,103.4560690528,103.7050781404,101.6961066192,102.2140057595,28102300,0.0,1.0
2021-03-02 00:00:00+00:00,2075.84,2104.37,2071.26,2076.19,1134595,103.1742563728,104.592266207,102.9466193226,103.1916522172,22691900,0.0,1.0
2021-03-03 00:00:00+00:00,2026.71,2088.518,2010.0,2067.21,1484181,100.732376837,103.804383561,99.9018495208,102.7453245512,29683620,0.0,1.0
2021-03-04 00:00:00+00:00,2049.09,2089.24,2020.27,2023.37,2118006,101.8447168331,103.8402687029,100.4122932992,100.5663707786,42360120,0.0,1.0
2021-03-05 00:00:00+00:00,2108.54,2118.11,2046.415,2073.12,2195218,104.799525268,105.2751773575,101.7117628792,103.0390658103,43904360,0.0,1.0
2021-03-08 00:00:00+00:00,2024.17,2128.81,2021.61,2101.13,1647429,100.6061327087,105.8069931733,100.4788945322,104.4312303899,32948580,0.0,1.0
2021-03-09 00:00:00+00:00,2052.7,2078.04,2047.83,2070.0,1697306,102.024142543,103.2836016807,101.7820917931,102.8839942826,33946120,0.0,1.0
2021-03-10 00:00:00+00:00,2055.03,2075.0,2033.37,2071.76,1268592,102.1399491646,103.1325063461,101.0633949055,102.971470529,25371840,0.0,1.0
2021-03-11 00:00:00+00:00,2114.77,2125.7,2072.38,2074.06,1239080,105.1091712991,105.6524186699,103.0022860249,103.0857860782,24781600,0.0,1.0
2021-03-12 00:00:00+00:00,2061.92,2090.26,2047.55,2085.0,1725794,102.482398788,103.8909651639,101.7681751176,103.6295304731,34515880,0.0,1.0
2021-03-15 00:00:00+00:00,2066.49,2067.06,2043.51,2062.3,1298325,102.7095388141,102.7378691893,101.5673773703,102.5012857049,25966500,0.0,1.0
2021-03-16 00:00:00+00:00,2092.52,2123.56,2070.0,2078.99,1491564,104.0032926166,105.5460555067,102.8839942826,103.3308189728,29831280,0.0,1.0
2021-03-17 00:00:00+00:00,2091.08,2109.78,2054.0,2076.03,1299016,103.9317211423,104.8611562597,102.0887556795,103.1836998312,25980320,0.0,1.0
2021-03-18 00:00:00+00:00,2036.22,2075.5,2033.55,2061.0,1362430,101.2050467817,103.1573575525,101.0723413398,102.4366725684,27248600,0.0,1.0
2021-03-19 00:00:00+00:00,2043.2,2053.1,2017.68,2042.05,2314893,101.5519696224,102.0440235081,100.2835640503,101.4948118478,46297860,0.0,1.0
2021-03-22 00:00:00+00:00,2038.59,2057.99,2026.07,2041.84,1954816,101.3228414998,102.2870683061,100.7005672929,101.4843743411,39096320,0.0,1.0
2021-03-23 00:00:00+00:00,2052.96,2072.3025,2039.22,2051.7,1366997,102.0370651703,102.9984340879,101.3541540198,101.9744401303,27339940,0.0,1.0
2021-03-24 00:00:00+00:00,2045.06,2078.21,2041.555,2065.37,1154029,101.64441611,103.2920510909,101.4702091535,102.6538721119,23080580,0.0,1.0
2021-03-25 00:00:00+00:00,2044.36,2058.87,2010.73,2044.81,1418907,101.6096244211,102.3308064293,99.9381322821,101.6319905068,28378140,0.0,1.0
2021-03-26 00:00:00+00:00,2035.55,2050.99,2014.0201,2038.86,1493800,101.1717461652,101.9391514173,100.1016581901,101.3362611513,29876000,0.0,1.0
2021-03-29 00:00:00+00:00,2055.95,2058.43,2015.62,2027.88,1229777,102.1856753842,102.3089373677,100.1811770802,100.7905286598,24595540,0.0,1.0
2021-03-30 00:00:00+00:00,2055.54,2070.78,2044.03,2057.63,1036774,102.165297395,102.9227621645,101.5932226249,102.2691754376,20735480,0.0,1.0
2021-03-31 00:00:00+00:00,2068.63,2093.3273,2056.745,2059.12,1459930,102.8159019772,104.0434173743,102.2251888023,102.3432320325,29198600,0.0,1.0
2021-04-01 00:00:00+00:00,2137.75,2142.94,2096.89,2097.95,1698978,106.2513327429,106.5092882648,104.2204921601,104.2731767175,33979560,0.0,1.0
2021-04-05 00:00:00+00:00,2225.55,2237.31,2151.62,2152.94,2164875,110.6152045776,111.199704951,106.940705207,107.0063123917,43297500,0.0,1.0
2021-04-06 00:00:00+00:00,2224.75,2237.66,2214.8,2222.5,1353036,110.5754426475,111.2171007954,110.0809036412,110.4636122189,27060720,0.0,1.0
2021-04-07 00:00:00+00:00,2249.68,2255.0,2225.3303,2226.13,1289861,111.814523796,112.0789406316,110.6042849576,110.644031977,25797220,0.0,1.0
2021-04-08 00:00:00+00:00,2265.44,2284.005,2257.68,2277.96,1358259,112.5978338201,113.5205591118,112.2121430976,113.2201080271,27165180,0.0,1.0
2021-04-09 00:00:00+00:00,2285.88,2289.04,2253.7139,2256.7,1044365,113.6137511356,113.7708107598,112.0150183586,112.1634347332,20887300,0.0,1.0
2021-04-12 00:00:00+00:00,2254.79,2275.32,2238.465,2266.25,1565851,112.0685031249,113.0888936576,111.2571112376,112.6380927744,31317020,0.0,1.0
2021-04-13 00:00:00+00:00,2267.27,2277.21,2256.09,2261.47,1165804,112.6887892354,113.1828312176,112.1331162614,112.4005152417,23316080,0.0,1.0
2021-04-14 00:00:00+00:00,2254.84,2277.99,2249.19,2275.16,1010967,112.0709882455,113.2215990995,111.7901696138,113.0809412715,20219340,0.0,1.0
2021-04-15 00:00:00+00:00,2296.66,2306.5965,2266.0,2276.98,1373612,114.1495431445,114.6434111683,112.6256671712,113.1713996626,27472240,0.0,1.0
2021-04-16 00:00:00+00:00,2297.76,2306.44,2284.45,2303.0,1130090,114.2042157985,114.6356327407,113.5426766855,114.464656441,22601800,0.0,1.0
2021-04-19 00:00:00+00:00,2302.4,2318.45,2287.845,2291.98,1234445,114.4348349934,115.2325587172,113.7114163766,113.9169358531,24688900,0.0,1.0
2021-04-20 00:00:00+00:00,2293.63,2309.6,2271.71,2307.89,1088749,113.998944834,114.7926923648,112.9094679477,114.7077012391,21774980,0.0,1.0
2021-04-21 00:00:00+00:00,2293.29,2295.32,2258.57,2285.25,1196731,113.9820460137,114.0829419115,112.2563782449,113.5824386157,23934620,0.0,1.0
2021-04-22 00:00:00+00:00,2267.92,2303.7621,2256.45,2293.23,1054808,112.7210958036,114.5025346497,112.15100913,113.979063869,21096160,0.0,1.0
2021-04-23 00:00:00+00:00,2315.3,2325.82,2278.21,2283.47,1435162,115.0759961172,115.5988654988,113.2325336303,113.4939683211,28703240,0.0,1.0
2021-04-26 00:00:00+00:00,2326.74,2341.26,2313.84,2319.93,1041650,115.6445917184,116.3662707508,115.0034305947,115.306118288,20833000,0.0,1.0
2021-04-27 00:00:00+00:00,2307.12,2337.45,2304.27,2336.0,1598583,114.6694303813,116.1769045584,114.5277785051,116.10483606,31971660,0.0,1.0
2021-04-28 00:00:00+00:00,2379.91,2452.378,2374.85,2407.145,2986439,118.2872690015,121.8891034449,118.0357747933,119.6409142113,59728780,0.0,1.0
2021-04-29 00:00:00+00:00,2429.89,2436.52,2402.28,2410.33,1977677,120.7713955881,121.1009225843,119.3991119736,119.7992163958,39553540,0.0,1.0
2021-04-30 00:00:00+00:00,2410.12,2427.14,2402.16,2404.49,1957130,119.7887788891,120.6347139532,119.393147684,119.5089543056,39142600,0.0,1.0
2021-05-03 00:00:00+00:00,2395.17,2419.7,2384.5,2402.72,1689389,119.0457278193,120.2649280028,118.5154030758,119.4209810352,33787780,0.0,1.0
2021-05-04 00:00:00+00:00,2354.25,2379.26,2311.7,2369.74,1756015,117.0119050917,118.2549624333,114.8970674315,117.7817954644,35120300,0.0,1.0
2021-05-05 00:00:00+00:00,2356.74,2382.2,2351.41,2368.42,1090275,117.1356640994,118.4010875266,116.8707502397,117.7161882797,21805500,0.0,1.0
2021-05-06 00:00:00+00:00,2381.35,2382.71,2342.3382,2350.64,1030859,118.3588404758,118.4264357571,116.4198598922,116.8324793819,20617180,0.0,1.0
2021-05-07 00:00:00+00:00,2398.69,2416.41,2390.0,2400.0,1163892,119.220680312,120.101407065,118.7887663457,119.2857904726,23277840,0.0,1.0
2021-05-10 00:00:00+00:00,2341.66,2378.0,2334.73,2374.89,1300271,116.3861517159,118.1923373933,116.0417139959,118.0377628898,26005420,0.0,1.0
2021-05-11 00:00:00+00:00,2308.76,2322.0,2283.0,2291.86,1605548,114.7509423382,115.4090022823,113.4706081871,113.9109715636,32110960,0.0,1.0
2021-05-12 00:00:00+00:00,2239.08,2285.37,2230.05,2261.71,1746664,111.2876782214,113.5884029052,110.8388654348,112.4124438208,34933280,0.0,1.0
2021-05-13 00:00:00+00:00,2261.97,2276.6012,2242.72,2261.09,1333508,112.4253664481,113.1525723887,111.4685950036,112.3816283249,26670160,0.0,1.0
2021-05-14 00:00:00+00:00,2316.16,2321.14,2283.32,2291.83,1331248,115.1187401921,115.3662582073,113.4865129591,113.9094804912,26624960,0.0,1.0
2021-05-17 00:00:00+00:00,2321.41,2323.34,2295.0,2309.32,992416,115.3796778588,115.4756035153,114.0670371394,114.7787756893,19848320,0.0,1.0
2021-05-18 00:00:00+00:00,2303.43,2343.15,2303.16,2336.9056,865119,114.4860284785,116.4602083108,114.4726088271,116.149846565,17302380,0.0,1.0
2021-05-19 00:00:00+00:00,2308.71,2316.76,2263.52,2264.4,967544,114.7484572175,115.1485616397,112.5024051877,112.5461433109,19350880,0.0,1.0
2021-05-20 00:00:00+00:00,2356.09,2360.34,2321.09,2328.04,1191593,117.1033575311,117.3145927851,115.3637730867,115.709204855,23831860,0.0,1.0
2021-05-21 00:00:00+00:00,2345.1,2368.9999,2342.37,2365.99,1141632,116.5571280156,117.7450107088,116.4214404289,117.5954114168,22832640,0.0,1.0
2021-05-24 00:00:00+00:00,2406.67,2418.48,2360.11,2367.0,1062189,119.6173055653,120.2042910593,117.3031612301,117.6456108536,21243780,0.0,1.0
2021-05-25 00:00:00+00:00,2409.07,2432.89,2402.99,2420.0,941928,119.7365913558,120.9205028262,119.4344006866,120.2798387266,18838560,0.0,1.0
2021-05-26 00:00:00+00:00,2433.53,2442.944,2412.515,2412.835,1092819,120.9523123704,121.4202108835,119.9078161675,119.9237209396,21856380,0.0,1.0
2021-05-27 00:00:00+00:00,2402.51,2440.0,2402.0,2436.94,1948113,119.4105435285,121.2738869805,119.385195298,121.1217975976,38962260,0.0,1.0
2021-05-28 00:00:00+00:00,2411.56,2428.14,2407.69,2421.96,1205382,119.8603503634,120.6844163659,119.6680020263,120.3772554554,24107640,0.0,1.0
2021-06-01 00:00:00+00:00,2429.81,2437.9709,2404.88,2422.0,958289,120.7674193951,121.1730358149,119.5283382466,120.379243552,19165780,0.0,1.0
2021-06-02 00:00:00+00:00,2421.28,2442.0,2404.2,2435.31,858105,120.3434578148,121.3732918059,119.4945406059,121.040782665,17162100,0.0,1.0
2021-06-03 00:00:00+00:00,2404.61,2409.745,2382.83,2395.02,917291,119.5149185952,119.7701404844,118.4324000466,119.0382724574,18345820,0.0,1.0
2021-06-04 00:00:00+00:00,2451.76,2453.859,2417.77,2422.52,1297434,121.8583873538,121.9627127181,120.1690023462,120.4050888066,25948680,0.0,1.0
2021-06-07 00:00:00+00:00,2466.09,2468.0,2441.0725,2451.32,1192453,122.5706229278,122.665554536,121.3271928181,121.8365182922,23849060,0.0,1.0
2021-06-08 00:00:00+00:00,2482.85,2494.495,2468.24,2479.9,1253253,123.4036353646,123.9824199604,122.6774831151,123.2570132471,25065060,0.0,1.0
2021-06-09 00:00:00+00:00,2491.4,2505.0,2487.33,2499.5,1006337,123.8285909931,124.5045438058,123.6263021734,124.231180536,20126740,0.0,1.0
2021-06-10 00:00:00+00:00,2521.6,2523.26,2494.0,2494.01,1561733,125.3296038566,125.4121098616,123.9578172661,123.9583142903,31234660,0.0,1.0
2021-06-11 00:00:00+00:00,2513.93,2526.99,2498.29,2524.92,1262309,124.9483863512,125.597499861,124.1710406166,125.4946158667,25246180,0.0,1.0
2021-06-14 00:00:00+00:00,2527.04,2528.23,2500.94,2513.39,1127522,125.5999849816,125.6591308527,124.3027520103,124.9215470483,22550440,0.0,1.0
2021-06-15 00:00:00+00:00,2520.66,2537.24,2512.97,2530.44,1109130,125.2828835886,126.1069495911,124.900672035,125.7689731848,22182600,0.0,1.0
2021-06-16 00:00:00+00:00,2513.93,2530.47,2482.9994,2524.95,1307168,124.9483863512,125.7704642572,123.411060905,125.4961069391,26143360,0.0,1.0
2021-06-17 00:00:00+00:00,2527.42,2543.93,2510.3,2510.46,1287791,125.6188718985,126.4394587321,124.7679665931,124.7759189791,25755820,0.0,1.0
2021-06-18 00:00:00+00:00,2511.35,2527.78,2492.06,2514.11,2665310,124.8201541264,125.636764767,123.8613945855,124.9573327855,53306200,0.0,1.0
2021-06-21 00:00:00+00:00,2529.1,2540.7349,2502.685,2514.8,1312826,125.7023719518,126.2806545533,124.3894827204,124.9916274502,26256520,0.0,1.0
2021-06-22 00:00:00+00:00,2539.99,2545.4,2520.53,2529.0,1049310,126.2436312261,126.5125212788,125.276422275,125.6974017105,20986200,0.0,1.0
2021-06-23 00:00:00+00:00,2529.23,2555.92,2525.04,2531.0,984658,125.7088332654,127.0353906603,125.5005801562,125.7968065359,19693160,0.0,1.0
2021-06-24 00:00:00+00:00,2545.64,2550.71,2539.2,2541.07,946662,126.5244498578,126.7764410902,126.20436632,126.2973098318,18933240,0.0,1.0
2021-06-25 00:00:00+00:00,2539.9,2550.1,2528.88,2539.14,1674297,126.2391580089,126.7461226184,125.691437421,126.2013841753,33485940,0.0,1.0
2021-06-28 00:00:00+00:00,2536.39,2546.74,2519.4756,2540.0,1405543,126.0647025404,126.5791225118,125.224016051,126.2441282502,28110860,0.0,1.0
2021-06-29 00:00:00+00:00,2520.37,2540.0,2508.74,2535.45,1047478,125.268469889,126.2441282502,124.6904308293,126.0179822724,20949560,0.0,1.0
2021-06-30 00:00:00+00:00,2506.32,2516.0,2495.15,2513.0713,1200478,124.5701509906,125.0512703455,124.0149750407,124.9057068894,24009560,0.0,1.0
2021-07-01 00:00:00+00:00,2527.37,2529.25,2496.995,2496.995,856230,125.6163867778,125.7098273137,124.1066759922,124.1066759922,17124600,0.0,1.0
2021-07-02 00:00:00+00:00,2574.38,2576.96,2535.38,2536.79,1058256,127.9528971987,128.0811294235,126.0145031035,126.0845835054,21165120,0.0,1.0
2021-07-06 00:00:00+00:00,2595.42,2597.69,2568.18,2588.99,1067517,128.9986359619,129.1114604387,127.64474224,128.6790494482,21350340,0.0,1.0
2021-07-07 00:00:00+00:00,2601.55,2612.7983,2595.2,2606.82,834186,129.3033117517,129.8623794004,128.9877014311,129.5652434666,16683720,0.0,1.0
2021-07-08 00:00:00+00:00,2583.54,2600.65,2560.8,2565.0,988975,128.408171299,129.2585795803,127.2779384343,127.4866885676,19779500,0.0,1.0
2021-07-09 00:00:00+00:00,2591.49,2596.99,2578.87,2578.89,755466,128.80330548,129.0766687498,128.1760610317,128.17705508,15109320,0.0,1.0
2021-07-12 00:00:00+00:00,2611.28,2615.4,2592.0,2596.67,847546,129.7869162272,129.9916901675,128.8286537104,129.0607639777,16950920,0.0,1.0
2021-07-13 00:00:00+00:00,2619.89,2640.8399,2612.74,2617.63,830898,130.2148540005,131.2561145763,129.8594817498,130.1025265479,16617960,0.0,1.0
2021-07-14 00:00:00+00:00,2641.65,2659.9199,2637.96,2638.03,895927,131.2963785008,132.2044366106,131.112976598,131.1164557669,17918540,0.0,1.0
2021-07-15 00:00:00+00:00,2625.33,2651.9,2611.96,2650.0,829316,130.4852351256,131.805828231,129.8207138679,131.7113936469,16586320,0.0,1.0
2021-07-16 00:00:00+00:00,2636.91,2643.66,2616.43,2632.82,743059,131.0607890647,131.3962803504,130.0428836526,130.8575061967,14861180,0.0,1.0
2021-07-19 00:00:00+00:00,2585.08,2624.94,2570.74,2623.11,1285466,128.4847130146,130.4658511847,127.7719804165,130.3748957694,25709320,0.0,1.0
2021-07-20 00:00:00+00:00,2622.03,2640.0271,2583.7675,2600.08,954156,130.3212171637,131.2157164553,128.4194785979,129.230249205,19083120,0.0,1.0
2021-07-21 00:00:00+00:00,2652.01,2652.345,2612.03,2615.74,737082,131.8112954964,131.8279458046,129.8241930368,130.0085889879,14741640,0.0,1.0
2021-07-22 00:00:00+00:00,2666.57,2670.09,2648.0,2653.0,680407,132.5349626252,132.7099151179,131.6119888215,131.8605008849,13608140,0.0,1.0
2021-07-23 00:00:00+00:00,2756.32,2776.17,2694.01,2705.2,1318887,136.9957541648,137.9823470568,133.8987968296,134.4549668277,26377740,0.0,1.0
2021-07-26 00:00:00+00:00,2792.89,2794.26,2753.0201,2765.0,1152623,138.8133713971,138.8814637025,136.8317411731,137.427171107,23052460,0.0,1.0
2021-07-27 00:00:00+00:00,2735.93,2800.22,2702.0,2800.22,2108153,135.9823219699,139.1776900822,134.2959191071,139.1776900822,42163060,0.0,1.0
2021-07-28 00:00:00+00:00,2727.63,2793.52,2727.0,2771.24,2734417,135.5697919445,138.8446839171,135.5384794245,137.7373141622,54688340,0.0,1.0
2021-07-29 00:00:00+00:00,2730.81,2743.03,2722.76,2727.612,948565,135.7278456169,136.3352091,135.3277411947,135.5688973011,18971300,0.0,1.0
2021-07-30 00:00:00+00:00,2704.42,2715.4273,2696.284,2710.22,1197725,134.4161989458,134.9632883131,134.0118201161,134.7044729395,23954500,0.0,1.0
2021-08-02 00:00:00+00:00,2719.79,2720.41,2693.39,2709.69,1007002,135.180125029,135.2109405248,133.8679813338,134.6781306607,20140040,0.0,1.0
2021-08-03 00:00:00+00:00,2725.6,2726.71,2683.67,2720.0,953200,135.4688960467,135.5240657248,133.3848738824,135.1905625356,19064000,0.0,1.0
2021-08-04 00:00:00+00:00,2720.57,2730.76,2708.3,2724.99,826357,135.2188929109,135.7253604963,134.6090443071,135.438577575,16527140,0.0,1.0
2021-08-05 00:00:00+00:00,2738.8,2739.0,2712.0,2720.57,593589,136.1249678943,136.1349083769,134.7929432341,135.2188929109,11871780,0.0,1.0
2021-08-06 00:00:00+00:00,2740.72,2741.6009,2720.93,2725.9,678251,136.2203965267,136.2641793821,135.2367857794,135.4838067706,13565020,0.0,1.0
2021-08-09 00:00:00+00:00,2760.04,2766.43,2728.575,2738.98,618978,137.18064714,137.4982455572,135.6167607245,136.1339143286,12379560,0.0,1.0
2021-08-10 00:00:00+00:00,2761.93,2771.03,2744.53,2761.59,801954,137.2745847,137.7268766556,136.4097627191,137.2576858797,16039080,0.0,1.0
2021-08-11 00:00:00+00:00,2753.79,2776.955,2747.0,2765.66,760483,136.8700070607,138.0213634508,136.5325276785,137.4599746994,15209660,0.0,1.0
2021-08-12 00:00:00+00:00,2767.79,2768.36,2735.58,2754.26,732470,137.5658408384,137.5941712137,135.9649261255,136.8933671946,14649400,0.0,1.0
2021-08-13 00:00:00+00:00,2768.12,2773.48,2760.1,2767.15,626348,137.5822426346,137.8486475667,137.1836292848,137.5340312943,12526960,0.0,1.0
2021-08-16 00:00:00+00:00,2778.32,2779.81,2723.315,2760.0,902542,138.0892072441,138.163263839,135.3553260337,137.1786590435,18050840,0.0,1.0
2021-08-17 00:00:00+00:00,2746.01,2774.37,2735.75,2763.82,1063701,136.4833222899,137.892882714,135.9733755356,137.36852226,21274020,0.0,1.0
2021-08-18 00:00:00+00:00,2731.4,2765.88,2728.42,2742.31,746723,135.7571700404,137.4709092302,135.6090568505,136.2994233629,14934460,0.0,1.0
2021-08-19 00:00:00+00:00,2738.27,2749.04,2707.12,2709.35,914796,136.0986256156,136.6339206004,134.5503954601,134.6612318404,18295920,0.0,1.0
2021-08-20 00:00:00+00:00,2768.74,2772.29,2729.34,2741.66,778337,137.6130581305,137.7895016956,135.6547830702,136.2671167947,15566740,0.0,1.0
2021-08-23 00:00:00+00:00,2821.99,2843.5399,2774.9586,2779.97,1054484,140.2597116066,141.33079363,137.9221375541,138.1712162251,21089680,0.0,1.0
2021-08-24 00:00:00+00:00,2847.97,2860.15,2827.07,2830.87,756313,141.5509802885,142.1563556751,140.5121998631,140.7010690313,15126260,0.0,1.0
2021-08-25 00:00:00+00:00,2859.0,2866.26,2848.79,2857.66,642153,142.0991979005,142.4600374167,141.5917362669,142.0325966675,12843060,0.0,1.0
2021-08-26 00:00:00+00:00,2842.46,2862.696,2841.83,2852.37,746100,141.2771199945,142.2828980178,141.2458074745,141.7696709043,14922000,0.0,1.0
2021-08-27 00:00:00+00:00,2891.01,2900.22,2840.4,2842.25,1228412,143.6901721309,144.1479313519,141.1747330243,141.2666824878,24568240,0.0,1.0
2021-08-30 00:00:00+00:00,2909.39,2929.7899,2892.0,2894.09,845795,144.6037024763,145.6176267251,143.7393775195,143.843255562,16915900,0.0,1.0
2021-08-31 00:00:00+00:00,2909.24,2922.24,2900.0,2917.69,1337821,144.5962471144,145.2423784795,144.1369968211,145.0162325017,26756420,0.0,1.0
2021-09-01 00:00:00+00:00,2916.84,2936.4099,2912.29,2913.0,791234,144.9739854509,145.9466566971,144.7478394731,144.7831281861,15824680,0.0,1.0
2021-09-02 00:00:00+00:00,2884.38,2926.5,2882.13,2918.99,1092790,143.3606451348,145.4541107576,143.2488147062,145.0808456382,21855800,0.0,1.0
2021-09-03 00:00:00+00:00,2895.5,2907.54,2870.1,2882.92,955524,143.9133359639,144.5117530128,142.6508946814,143.2880796122,19110480,0.0,1.0
2021-09-07 00:00:00+00:00,2910.38,2916.48,2890.82,2894.99,758630,144.6529078649,144.9560925823,143.6807286725,143.8879877335,15172600,0.0,1.0
2021-09-08 00:00:00+00:00,2897.67,2911.02,2884.0,2907.87,774583,144.0211901995,144.684717409,143.3417582179,144.528154809,15491660,0.0,1.0
2021-09-09 00:00:00+00:00,2898.27,2913.39,2888.68,2897.67,739928,144.0510116471,144.8025121271,143.5743655094,144.0211901995,14798560,0.0,1.0
2021-09-10 00:00:00+00:00,2838.42,2920.38,2834.83,2908.87,1644831,141.0763222472,145.1499319918,140.8978905856,144.5778572217,32896620,0.0,1.0
2021-09-13 00:00:00+00:00,2869.3,2883.82,2845.65,2864.02,1008781,142.6111327513,143.3328117836,141.435670691,142.3487040123,20175620,0.0,1.0
2021-09-14 00:00:00+00:00,2868.12,2894.55,2858.11,2883.22,945957,142.5524839043,143.8661186719,142.0549627532,143.302990336,18919140,0.0,1.0
2021-09-15 00:00:00+00:00,2904.12,2911.63,2845.12,2875.18,1032671,144.3417707614,144.7150358808,141.4093284123,142.9033829379,20653420,0.0,1.0
2021-09-16 00:00:00+00:00,2887.47,2904.0,2868.3272,2902.42,1014942,143.51422559,144.3358064719,142.5627822442,144.2572766598,20298840,0.0,1.0
2021-09-17 00:00:00+00:00,2829.27,2884.99,2821.23,2875.97,3001991,140.621545171,143.3909636065,140.2219377729,142.942647844,60039820,0.0,1.0
2021-09-20 00:00:00+00:00,2780.34,2787.25,2741.06,2780.0035,1745886,138.1896061178,138.5330497895,136.237295347,138.1728812559,34917720,0.0,1.0
2021-09-21 00:00:00+00:00,2792.93,2816.2323,2778.11,2802.34,906469,138.8153594936,139.973540025,138.0787697375,139.2830591971,18129380,0.0,1.0
2021-09-22 00:00:00+00:00,2818.77,2831.67,2789.435,2801.01,1103390,140.0996698377,140.7408309615,138.6416495613,139.2169549882,22067800,0.0,1.0
2021-09-23 00:00:00+00:00,2836.53,2845.0493,2821.93,2832.19,863805,140.9823846872,141.4058144517,140.2567294618,140.7666762161,17276100,0.0,1.0
2021-09-24 00:00:00+00:00,2852.66,2858.07,2817.01,2818.92,747467,141.784084604,142.0529746567,140.0121935914,140.1071251996,14949340,0.0,1.0
2021-09-27 00:00:00+00:00,2830.02,2850.0,2810.0,2831.71,942204,140.6588219806,141.6518761862,139.6637796784,140.742819058,18844080,0.0,1.0
2021-09-28 00:00:00+00:00,2723.68,2792.13,2714.0,2781.77,2109483,135.3734674144,138.7755975635,134.8923480595,138.2606805679,42189660,0.0,1.0
2021-09-29 00:00:00+00:00,2690.42,2747.97,2685.0,2742.1938,1316861,133.7203651681,136.5807390188,133.4509780912,136.2936479426,26337220,0.0,1.0
2021-09-30 00:00:00+00:00,2665.31,2711.8,2660.0,2686.5,1768199,132.4723375852,134.7830027515,132.2084177738,133.5255317103,35363980,0.0,1.0
2021-10-01 00:00:00+00:00,2729.25,2741.42,2667.55,2671.09,1419365,135.6503098531,136.2551882156,132.5836709897,132.7596175306,28387300,0.0,1.0
2021-10-04 00:00:00+00:00,2675.3,2714.0,2623.33,2713.99,1576495,132.9688646881,134.8923480595,130.3858303002,134.8918510353,31529900,0.0,1.0
2021-10-05 00:00:00+00:00,2723.54,2747.24,2680.0,2680.0,1206337,135.3665090766,136.5444562575,133.2024660278,133.2024660278,24126740,0.0,1.0
2021-10-06 00:00:00+00:00,2747.08,2757.04,2689.73,2692.51,988216,136.5365038715,137.0315399019,133.6860705033,133.8242432106,19764320,0.0,1.0
2021-10-07 00:00:00+00:00,2783.71,2803.0891,2771.26,2777.26,912523,138.3571032486,139.3202912745,137.7383082105,138.0365226867,18250460,0.0,1.0
2021-10-08 00:00:00+00:00,2801.12,2806.34,2788.5868,2798.12,946421,139.2224222536,139.4818688479,138.5994919748,139.0733150155,18928420,0.0,1.0
2021-10-11 00:00:00+00:00,2776.95,2815.2725,2776.13,2796.0,829238,138.0211149387,139.9258356493,137.9803589603,138.9679459006,16584760,0.0,1.0
2021-10-12 00:00:00+00:00,2734.26,2793.9,2725.0,2792.75,1126751,135.8993189407,138.8635708339,135.4390745991,138.8064130593,22535020,0.0,1.0
2021-10-13 00:00:00+00:00,2758.0,2771.0,2739.53,2755.0,819664,137.0792542181,137.7253855832,136.1612506556,136.93014698,16393280,0.0,1.0
2021-10-14 00:00:00+00:00,2828.24,2833.03,2786.78,2799.04,1071878,140.570351686,140.8084262428,138.5096896555,139.1190412352,21437560,0.0,1.0
2021-10-15 00:00:00+00:00,2833.5,2844.0,2821.29,2844.0,1062668,140.8317863767,141.3536617101,140.2249199177,141.3536617101,21253360,0.0,1.0
2021-10-18 00:00:00+00:00,2859.21,2859.975,2824.27,2824.27,828360,142.1096354072,142.1476577529,140.3730331075,140.3730331075,16567200,0.0,1.0
2021-10-19 00:00:00+00:00,2876.44,2882.14,2861.92,2865.83,765792,142.9660079779,143.2493117303,142.2443289456,142.4386653792,15315840,0.0,1.0
2021-10-20 00:00:00+00:00,2848.3,2884.955,2838.24,2884.45,896975,141.5673820847,143.3892240221,141.0673758129,143.3641243036,17939500,0.0,1.0
2021-10-21 00:00:00+00:00,2855.61,2856.99,2832.74,2843.84,742496,141.9307067215,141.999296051,140.7940125431,141.345709324,14849920,0.0,1.0
2021-10-22 00:00:00+00:00,2772.5,2831.17,2743.41,2807.02,1509132,137.7999392022,140.7159797552,136.3540960169,139.5156664885,30182640,0.0,1.0
2021-10-25 00:00:00+00:00,2775.46,2784.116,2734.97,2776.21,1054085,137.9470583438,138.3772824281,135.9346076537,137.9843351533,21081700,0.0,1.0
2021-10-26 00:00:00+00:00,2793.44,2816.79,2780.11,2812.12,1412937,138.8407077241,140.0012590606,138.1781745629,139.7691487933,28258740,0.0,1.0
2021-10-27 00:00:00+00:00,2928.55,2982.36,2798.05,2798.05,2592546,145.5560007036,148.2304875308,139.0698358466,139.0698358466,51850920,0.0,1.0
2021-10-28 00:00:00+00:00,2922.58,2948.49,2895.27,2945.98,1620903,145.2592772998,146.5470668128,143.901904409,146.4223137569,32418060,0.0,1.0
2021-10-29 00:00:00+00:00,2965.41,2972.26,2903.33,2910.4,1447725,147.3880316356,147.7284931626,144.3025058554,144.6539019131,28954500,0.0,1.0
2021-11-01 00:00:00+00:00,2875.48,2967.99,2871.59,2963.3,1578447,142.9182936618,147.5162638603,142.7249512764,147.2831595448,31568940,0.0,1.0
2021-11-02 00:00:00+00:00,2917.26,2938.41,2892.82,2896.1877,1054648,144.9948604642,146.0460664928,143.7801334979,143.9475163132,21092960,0.0,1.0
2021-11-03 00:00:00+00:00,2935.8,2938.21,2901.07,2925.5,894330,145.9163431956,146.0361260102,144.1901784027,145.4044083449,17886600,0.0,1.0
2021-11-04 00:00:00+00:00,2973.66,2999.0,2932.7,2944.0,1235040,147.7980765403,149.0575356781,145.7622657163,146.3239029797,24700800,0.0,1.0
2021-11-05 00:00:00+00:00,2984.82,3011.4145,2973.04,2987.07,1020407,148.352755466,149.6745662805,147.7672610445,148.4645858946,20408140,0.0,1.0
2021-11-08 00:00:00+00:00,2987.03,3020.6899,2982.4,3000.0,919407,148.4625977981,150.1355760392,148.2324756273,149.1072380908,18388140,0.0,1.0
2021-11-09 00:00:00+00:00,2984.97,3007.57,2950.14,2994.92,842214,148.3602108279,149.4834853549,146.6290757937,148.8547498343,16844280,0.0,1.0
2021-11-10 00:00:00+00:00,2932.52,2973.9999,2906.5,2960.195,1135416,145.753319282,147.8149703904,144.4600625036,147.1288335534,22708320,0.0,1.0
2021-11-11 00:00:00+00:00,2934.96,2970.045,2933.89,2942.14,623155,145.874593169,147.6184023184,145.8214115874,146.2314564921,12463100,0.0,1.0
2021-11-12 00:00:00+00:00,2992.91,2997.19,2929.08,2956.63,849970,148.7548479848,148.9675743111,145.5823429823,146.9516444521,16999400,0.0,1.0
2021-11-15 00:00:00+00:00,2987.76,3009.54,2973.05,3000.0,812367,148.4988805594,149.5813991079,147.7677580686,149.1072380908,16247340,0.0,1.0
2021-11-16 00:00:00+00:00,2981.52,2996.65,2967.0,2983.41,862743,148.1887375041,148.9407350082,147.4670584718,148.2826750641,17254860,0.0,1.0
2021-11-17 00:00:00+00:00,2981.24,2992.52,2971.26,2984.58,764541,148.1748208286,148.7354640438,147.6787907499,148.340826887,15290820,0.0,1.0
2021-11-18 00:00:00+00:00,3014.18,3032.2,2979.97,2982.92,1334120,149.8120183028,150.7076557796,148.1116987645,148.2583208819,26682400,0.0,1.0
2021-11-19 00:00:00+00:00,2999.05,3037.0,2997.75,3020.0,989148,149.0600207987,150.9462273606,148.9954076622,150.1012863447,19782960,0.0,1.0
2021-11-22 00:00:00+00:00,2941.57,3014.89,2940.11,3002.8352,1231385,146.2031261169,149.8473070158,146.1305605944,149.2481543713,24627700,0.0,1.0
2021-11-23 00:00:00+00:00,2935.14,2953.88,2897.79,2942.26,906657,145.8835396033,146.8149628172,144.027154489,146.2374207817,18133140,0.0,1.0
2021-11-24 00:00:00+00:00,2934.35,2940.0,2903.98,2927.0,823203,145.8442746972,146.125093329,144.3348124236,145.4789619639,16464060,0.0,1.0
2021-11-26 00:00:00+00:00,2856.12,2905.9404,2849.71,2900.31,849606,141.9560549519,144.4322490335,141.6374624866,144.152404569,16992120,0.0,1.0
2021-11-29 00:00:00+00:00,2922.28,2937.24,2885.97,2885.97,1313806,145.244366576,145.9879146699,143.4396719709,143.4396719709,26276120,0.0,1.0
2021-11-30 00:00:00+00:00,2849.04,2932.57,2841.32,2909.005,2079526,141.6041618701,145.7558044026,141.220459244,144.5845670474,41590520,0.0,1.0
2021-12-01 00:00:00+00:00,2832.36,2929.9825,2830.0,2884.25,1427289,140.7751256263,145.6271994098,140.6578279323,143.3541838211,28545780,0.0,1.0
2021-12-02 00:00:00+00:00,2875.53,2893.5,2819.64,2836.48,1062535,142.9207787824,143.8139311386,140.1429109368,140.9798995666,21250700,0.0,1.0
2021-12-03 00:00:00+00:00,2850.41,2904.2599,2823.0,2889.91,1334374,141.6722541754,144.3487241289,140.3099110434,143.635499477,26687480,0.0,1.0
2021-12-06 00:00:00+00:00,2875.93,2887.03,2812.94,2871.48,1109885,142.9406597475,143.4923565284,139.8099047717,142.719484011,22197700,0.0,1.0
2021-12-07 00:00:00+00:00,2960.73,2966.0,2914.05,2919.0,1162914,147.1554243442,147.4173560591,144.8353157195,145.0813426623,23258280,0.0,1.0
2021-12-08 00:00:00+00:00,2974.41,2983.13,2944.0,2966.63,948197,147.8353533499,148.2687583886,146.3239029797,147.4486685791,18963940,0.0,1.0
2021-12-09 00:00:00+00:00,2962.12,2992.1,2950.58,2963.52,929030,147.2245106978,148.7145890305,146.6509448553,147.2940940756,18580600,0.0,1.0
2021-12-10 00:00:00+00:00,2973.5,2988.0,2947.15,2982.0,1081923,147.7901241543,148.5108091384,146.4804655797,148.2125946622,21638460,0.0,1.0
2021-12-13 00:00:00+00:00,2934.09,2971.25,2927.2,2968.88,1205196,145.8313520699,147.6782937257,145.4889024464,147.5604990077,24103920,0.0,1.0
2021-12-14 00:00:00+00:00,2899.41,2908.84,2844.85,2895.4,1238940,144.1076723976,144.5763661493,141.3959087609,143.9083657227,24778800,0.0,1.0
2021-12-15 00:00:00+00:00,2947.37,2950.345,2854.11,2887.32,1364048,146.4914001105,146.6392647883,141.8561531024,143.5067702281,27280960,0.0,1.0
2021-12-16 00:00:00+00:00,2896.77,2971.03,2881.85,2961.54,1369987,143.9764580281,147.6673591949,143.2348980306,147.1956832985,27399740,0.0,1.0
2021-12-17 00:00:00+00:00,2856.06,2889.2019,2835.76,2854.29,2170235,141.9530728072,143.6003051985,140.9441138294,141.8650995367,43404700,0.0,1.0
2021-12-20 00:00:00+00:00,2848.03,2852.21,2805.0,2813.5919,1013176,141.5539624332,141.7617185183,139.4152676149,139.8423057745,20263520,0.0,1.0
2021-12-21 00:00:00+00:00,2884.41,2893.8413,2834.7,2863.0,977597,143.3621362071,143.830894572,140.891429272,142.2980075513,19551940,0.0,1.0
2021-12-22 00:00:00+00:00,2938.98,2946.06,2879.26,2882.0,922024,146.074396868,146.4262899499,143.1061687818,143.2423533925,18440480,0.0,1.0
2021-12-23 00:00:00+00:00,2942.85,2971.4519,2939.0168,2941.79,690934,146.2667452051,147.6883286429,146.0762259168,146.2140606477,13818680,0.0,1.0
2021-12-27 00:00:00+00:00,2961.28,2968.53,2945.0,2949.27,662966,147.1827606712,147.5431031632,146.3736053924,146.5858346947,13259320,0.0,1.0
2021-12-28 00:00:00+00:00,2928.96,2967.49,2918.71,2967.49,931792,145.5763786928,147.491412654,145.0669289626,147.491412654,18635840,0.0,1.0
2021-12-29 00:00:00+00:00,2930.09,2943.675,2910.09,2928.59,851236,145.6325424191,146.3077496956,144.6384941652,145.5579888001,17024720,0.0,1.0
2021-12-30 00:00:00+00:00,2920.05,2941.25,2915.17,2929.0,648851,145.1335301957,146.1872213448,144.8909824217,145.5783667893,12977020,0.0,1.0
2021-12-31 00:00:00+00:00,2893.59,2927.3,2893.55,2910.88,847077,143.8184043557,145.4938726877,143.8164162592,144.6777590712,16941540,0.0,1.0
2022-01-03 00:00:00+00:00,2901.49,2911.0,2870.05,2889.51,1261225,144.211053416,144.6837233608,142.6484095608,143.6156185119,25224500,0.0,1.0
2022-01-04 00:00:00+00:00,2888.33,2932.2,2876.3225,2911.01,1146389,143.5569696649,145.7374145099,142.9601679445,144.6842203849,22927780,0.0,1.0
2022-01-05 00:00:00+00:00,2753.07,2885.96,2750.47,2883.62,2482076,136.8342213235,143.4391749468,136.7049950505,143.3228713011,49641520,0.0,1.0
2022-01-06 00:00:00+00:00,2751.02,2793.72,2735.27,2749.95,1452452,136.7323313775,138.8546243997,135.9495183775,136.6791497959,29049040,0.0,1.0
2022-01-07 00:00:00+00:00,2740.09,2765.0949,2715.78,2758.1,970412,136.1890840067,137.431887866,134.9808183541,137.0842244594,19408240,0.0,1.0
2022-01-10 00:00:00+00:00,2771.48,2772.8,2662.81,2701.98,1704784,137.7492427413,137.814849926,132.3480815535,134.2949250588,34095680,0.0,1.0
2022-01-11 00:00:00+00:00,2800.35,2806.59,2736.27,2763.61,1148153,139.1841513958,139.4942944511,135.9992207902,137.3580847534,22963060,0.0,1.0
2022-01-12 00:00:00+00:00,2832.96,2856.2849,2822.24,2831.09,1182079,140.8049470739,141.9642508798,140.2721372098,140.7120035621,23641580,0.0,1.0
2022-01-13 00:00:00+00:00,2782.62,2863.71,2778.28,2836.81,1328254,138.3029276187,142.3332962643,138.0872191476,140.9963013628,26565080,0.0,1.0
2022-01-14 00:00:00+00:00,2795.73,2824.01,2750.0,2750.0,1191296,138.9545262492,140.3601104802,136.6816349165,136.6816349165,23825920,0.0,1.0
2022-01-18 00:00:00+00:00,2725.81,2747.8299,2712.34,2732.0,1347275,135.4793335534,136.5737757108,134.8098420544,135.786991488,26945500,0.0,1.0
2022-01-19 00:00:00+00:00,2713.04,2767.99,2710.0,2738.77,1002757,134.8446337433,137.575781321,134.6935384087,136.123476822,20055140,0.0,1.0
2022-01-20 00:00:00+00:00,2670.13,2758.24,2662.89,2730.28,1096528,132.7119032144,137.0911827972,132.3520577465,135.7015033382,21930560,0.0,1.0
2022-01-21 00:00:00+00:00,2601.84,2695.21,2600.02,2660.24,2095961,129.3177254514,133.9584397249,129.2272670603,132.2203463529,41919220,0.0,1.0
2022-01-24 00:00:00+00:00,2607.44,2615.57,2492.839,2520.55,2764602,129.5960589625,130.0001395777,123.900112765,125.2774163232,55292040,0.0,1.0
2022-01-25 00:00:00+00:00,2534.71,2586.77,2527.56,2568.71,1800430,125.981202487,128.568710092,125.6258302362,127.6710845187,36008600,0.0,1.0
2022-01-26 00:00:00+00:00,2584.8,2656.15,2543.07,2611.85,1981544,128.470796339,132.0170634849,126.3967146572,129.8152466025,39630880,0.0,1.0
2022-01-27 00:00:00+00:00,2582.42,2652.1988,2578.9,2627.22,1514251,128.3525045968,131.8206793119,128.1775521041,130.5791726856,30285020,0.0,1.0
2022-01-28 00:00:00+00:00,2665.79,2667.41,2573.89,2600.0,1525878,132.4961947433,132.5767126519,127.9285430165,129.226273012,30517560,0.0,1.0
2022-01-31 00:00:00+00:00,2713.97,2716.87,2645.48,2683.96,1702778,134.8908569871,135.0349939839,131.4867387415,133.399287582,34055560,0.0,1.0
2022-02-01 00:00:00+00:00,2757.57,2764.0,2691.3645,2756.7,2560160,137.0578821807,137.3774686943,133.7673090969,137.0146410816,51203200,0.0,1.0
2022-02-02 00:00:00+00:00,2960.73,3042.0,2911.1501,3037.27,4487538,147.1554243442,151.194739424,144.6911836929,150.959647012,89750760,0.0,1.0
2022-02-03 00:00:00+00:00,2853.01,2982.3544,2844.1,2905.9,2846507,141.8014804485,148.2302091973,141.3586319513,144.430241056,56930140,0.0,1.0
2022-02-04 00:00:00+00:00,2860.32,2890.705,2796.35,2860.34,2461220,142.1648050853,143.6750128951,138.985341745,142.1657991335,49224400,0.0,1.0
2022-02-07 00:00:00+00:00,2778.76,2876.9299,2773.98,2874.18,2230537,138.1110763057,142.9903571899,137.873498773,142.8536805253,44610740,0.0,1.0
2022-02-08 00:00:00+00:00,2784.26,2796.7424,2737.46,2779.825,1712752,138.3844395755,139.0048449718,136.0583666613,138.1640093752,34255040,0.0,1.0
2022-02-09 00:00:00+00:00,2829.06,2843.51,2807.54,2816.995,1431358,140.6111076644,141.3293075278,139.5415117431,140.0114480552,28627160,0.0,1.0
2022-02-10 00:00:00+00:00,2772.05,2828.62,2761.0,2790.0,1650885,137.7775731165,140.5892386028,137.2283614562,138.6697314244,33017700,0.0,1.0
2022-02-11 00:00:00+00:00,2682.6,2785.665,2665.77,2775.0,1940440,133.3316923008,138.4542714654,132.4952006951,137.924195234,38808800,0.0,1.0
2022-02-14 00:00:00+00:00,2706.0,2723.3299,2666.04,2667.31,1339640,134.4947287579,135.3560665997,132.5086203465,132.5717424106,26792800,0.0,1.0
2022-02-15 00:00:00+00:00,2728.51,2758.0,2710.7901,2749.43,1328878,135.6135300677,137.0792542181,134.7328082849,136.6533045413,26577560,0.0,1.0
2022-02-16 00:00:00+00:00,2749.75,2758.92,2696.4728,2728.61,1280483,136.6692093134,137.1249804378,134.0212039316,135.618500309,25609660,0.0,1.0
2022-02-17 00:00:00+00:00,2646.17,2736.79,2644.04,2723.0,1548406,131.5210334062,136.0250660448,131.4151672672,135.3396697737,30968120,0.0,1.0
2022-02-18 00:00:00+00:00,2609.35,2676.48,2606.1405,2660.75,1592930,129.6909905707,133.0275135351,129.5314706772,132.2456945833,31858600,0.0,1.0
2022-02-22 00:00:00+00:00,2588.05,2638.015,2554.82,2599.7,1922576,128.6323291803,131.1157102307,126.9807180064,129.2113622882,38451520,0.0,1.0
2022-02-23 00:00:00+00:00,2551.7,2634.98,2550.07,2621.57,1321564,126.8256464787,130.9648634081,126.7446315461,130.2983540539,26431280,0.0,1.0
2022-02-24 00:00:00+00:00,2653.47,2660.74,2495.29,2500.0,2158254,131.8838610189,132.2451975592,124.0219333785,124.2560317423,43165080,0.0,1.0
2022-02-25 00:00:00+00:00,2690.39,2707.78,2635.3,2670.51,1311793,133.7188740957,134.5831990525,130.9807681802,132.7307901313,26235860,0.0,1.0
2022-02-28 00:00:00+00:00,2697.82,2712.81,2656.505,2665.69,1483784,134.088163022,134.8332021883,132.0347078414,132.4912245021,29675680,0.0,1.0
2022-03-01 00:00:00+00:00,2683.36,2722.22,2667.57,2689.6,1231996,133.3694661344,135.3009018918,132.5846650379,133.6796091897,24639920,0.0,1.0
2022-03-02 00:00:00+00:00,2695.03,2712.31,2668.65,2692.165,1198337,133.9494932906,134.808350982,132.6383436437,133.8070958782,23966740,0.0,1.0
2022-03-03 00:00:00+00:00,2686.16,2734.2759,2668.62,2719.57,988965,133.50863289,135.9001092091,132.6368525713,135.1691904982,19779300,0.0,1.0
2022-03-04 00:00:00+00:00,2642.44,2683.98,2608.17,2667.65,1223612,131.3356434069,133.4002816303,129.6323417237,132.588641231,24472240,0.0,1.0
2022-03-07 00:00:00+00:00,2529.29,2638.08,2528.2,2638.08,1958895,125.7118154102,131.1189408875,125.6576397804,131.1189408875,39177900,0.0,1.0
2022-03-08 00:00:00+00:00,2545.57,2624.93,2517.215,2525.01,1762478,126.5209706889,130.4653541605,125.1116587769,125.4990890839,35249560,0.0,1.0
2022-03-09 00:00:00+00:00,2677.32,2683.97,2601.76,2628.0,1612872,133.0692635617,133.3997846062,129.3137492584,130.6179405675,32257440,0.0,1.0
2022-03-10 00:00:00+00:00,2653.64,2670.77,2628.02,2629.25,1213260,131.8923104291,132.7437127586,130.6189346158,130.6800685834,24265200,0.0,1.0
2022-03-11 00:00:00+00:00,2609.51,2684.0,2605.93,2679.99,1329990,129.6989429568,133.4012756785,129.5210083193,133.2019690036,26599800,0.0,1.0
2022-03-14 00:00:00+00:00,2534.82,2620.52,2528.26,2611.46,1512693,125.9866697524,130.2461665205,125.6606219251,129.7958626615,30253860,0.0,1.0
2022-03-15 00:00:00+00:00,2593.21,2610.345,2531.36,2554.83,1514630,128.8887936298,129.7404444714,125.8146994045,126.9812150305,30292600,0.0,1.0
2022-03-16 00:00:00+00:00,2673.81,2675.42,2584.02,2620.0,1602910,132.8948080932,132.9748289776,128.4320284571,130.2203212659,32058200,0.0,1.0
2022-03-17 00:00:00+00:00,2692.01,2694.7899,2654.38,2666.42,1199719,133.7993920043,133.9375597413,131.9290902145,132.5275072633,23994380,0.0,1.0
2022-03-18 00:00:00+00:00,2736.03,2738.27,2658.64,2677.68,2274522,135.9872922112,136.0986256156,132.1408224926,133.0871564303,45490440,0.0,1.0
2022-03-21 00:00:00+00:00,2729.57,2751.65,2692.23,2736.95,1311843,135.6662146251,136.7636438975,133.810326535,136.0330184309,26236860,0.0,1.0
2022-03-22 00:00:00+00:00,2805.55,2830.0,2730.0,2730.0,1485315,139.4426039419,140.6578279323,135.6875866626,135.6875866626,29706300,0.0,1.0
2022-03-23 00:00:00+00:00,2770.07,2800.5,2763.33,2782.77,1265116,137.6791623394,139.1916067577,137.3441680778,138.3103829806,25302320,0.0,1.0
2022-03-24 00:00:00+00:00,2826.24,2827.93,2760.7876,2785.45,1027236,140.4709468606,140.554943938,137.2178046638,138.4435854467,20544720,0.0,1.0
2022-03-25 00:00:00+00:00,2830.43,2839.19,2793.99,2835.08,946137,140.6791999698,141.114593105,138.8680440511,140.9103161888,18922740,0.0,1.0
2022-03-28 00:00:00+00:00,2839.0,2839.53,2796.5627,2813.69,1188654,141.1051496466,141.1314919253,138.9959134482,139.8471815812,23773080,0.0,1.0
2022-03-29 00:00:00+00:00,2865.0,2883.25,2849.68,2863.21,1433921,142.3974123767,143.3044814084,141.6359714142,142.308445058,28678420,0.0,1.0
2022-03-30 00:00:00+00:00,2852.89,2869.61,2843.36,2857.4,1052319,141.7955161589,142.6265404992,141.3218521659,142.0196740402,21046380,0.0,1.0
2022-03-31 00:00:00+00:00,2792.99,2852.89,2792.38,2848.97,1475816,138.8183416384,141.7955161589,138.7880231666,141.6006827012,29516320,0.0,1.0
2022-04-01 00:00:00+00:00,2814.0,2819.0,2775.94,2800.2,1174001,139.8625893292,140.1111013926,137.9709155019,139.1766960339,23480020,0.0,1.0
2022-04-04 00:00:00+00:00,2872.85,2880.875,2816.49,2816.49,954245,142.7875763164,143.1864381783,139.9863483368,139.9863483368,19084900,0.0,1.0
2022-04-05 00:00:00+00:00,2821.26,2871.8,2818.87,2867.99,926553,140.2234288453,142.735388783,140.104640079,142.5460225907,18531060,0.0,1.0
2022-04-06 00:00:00+00:00,2743.52,2796.97,2728.3622,2783.23,1178730,136.3595632823,139.0161572409,135.6061840511,138.3332460905,23574600,0.0,1.0
2022-04-07 00:00:00+00:00,2729.3,2754.03,2697.145,2732.36,972427,135.6527949737,136.8819356397,134.0546138935,135.8048843566,19448540,0.0,1.0
2022-04-08 00:00:00+00:00,2680.21,2725.0,2675.0501,2725.0,821724,133.2129035344,135.4390745991,132.9564440552,135.4390745991,16434480,0.0,1.0
2022-04-11 00:00:00+00:00,2595.93,2658.7836,2592.35,2658.0,1209367,129.0239841923,132.147959759,128.8460495549,132.1090129484,24187340,0.0,1.0
2022-04-12 00:00:00+00:00,2567.49,2648.47,2551.52,2648.47,1150161,127.6104475752,131.6353489554,126.8167000445,131.6353489554,23003220,0.0,1.0
2022-04-13 00:00:00+00:00,2605.72,2613.115,2568.7719,2572.53,977148,129.5105708126,129.8781201545,127.6741610981,127.8609477352,19542960,0.0,1.0
2022-04-14 00:00:00+00:00,2545.06,2614.205,2542.23,2612.99,1174168,126.4956224584,129.9322957844,126.3549646305,129.8719073529,23483360,0.0,1.0
2022-04-18 00:00:00+00:00,2559.22,2574.24,2531.5693,2548.2,745860,127.1994086222,127.9459388609,125.8251021195,126.6516880343,14917200,0.0,1.0
2022-04-19 00:00:00+00:00,2610.62,2618.075,2549.03,2561.54,1135965,129.7541126348,130.1246441215,126.6929410368,127.3147182197,22719300,0.0,1.0
2022-04-20 00:00:00+00:00,2564.91,2638.47,2557.8811,2625.68,1126974,127.4822153505,131.1383248285,127.1328620619,130.5026309701,22539480,0.0,1.0
2022-04-21 00:00:00+00:00,2498.75,2606.15,2493.0,2587.0,1507877,124.1939037264,129.5319428501,123.9081148534,128.5801416469,30157540,0.0,1.0
2022-04-22 00:00:00+00:00,2392.28,2509.04,2382.81,2500.0,2320515,118.9020878466,124.7053415531,118.4314059984,124.2560317423,46410300,0.0,1.0
2022-04-25 00:00:00+00:00,2465.0,2465.56,2375.385,2388.59,1726090,122.5164472979,122.544280649,118.0623655841,118.7186859438,34521800,0.0,1.0
2022-04-26 00:00:00+00:00,2390.12,2455.0,2383.237,2455.0,2284104,118.7947306352,122.019423171,118.4526289286,122.019423171,45682080,0.0,1.0
2022-04-27 00:00:00+00:00,2300.41,2350.0,2262.485,2287.46,3111906,114.3359271921,116.8006698378,112.4509631906,113.6922809477,62238120,0.0,1.0
2022-04-28 00:00:00+00:00,2388.23,2408.77,2302.8778,2342.3,1839547,118.7007930752,119.721680632,114.4585828062,116.41796126,36790940,0.0,1.0
2022-04-29 00:00:00+00:00,2299.33,2379.2,2293.88,2351.56,1684655,114.2822485864,118.2519802885,114.0113704372,116.8782056016,33693100,0.0,1.0
2022-05-02 00:00:00+00:00,2343.14,2346.79,2267.99,2278.13,1513982,116.4597112867,116.641125093,112.7245749725,113.2285574372,30279640,0.0,1.0
2022-05-03 00:00:00+00:00,2362.59,2386.0,2332.54,2335.3,1060787,117.4264232136,118.5899566949,115.9328657121,116.0700443711,21215740,0.0,1.0
2022-05-04 00:00:00+00:00,2451.5,2462.86,2314.77,2360.07,1656826,121.8454647265,122.4100841348,115.0496538385,117.3011731336,33136520,0.0,1.0
2022-05-05 00:00:00+00:00,2334.93,2424.665,2303.65,2404.41,2154452,116.0516544784,120.5117004818,114.4969630093,119.5049781126,43089040,0.0,1.0
2022-05-06 00:00:00+00:00,2313.2,2349.97,2282.86,2310.38,1765474,114.9716210505,116.7991787654,113.4636498493,114.8314602467,35309480,0.0,1.0
2022-05-09 00:00:00+00:00,2261.68,2311.2581,2251.03,2266.07,1726048,112.4109527484,114.8751039353,111.8816220532,112.6291463401,34520960,0.0,1.0
2022-05-10 00:00:00+00:00,2291.69,2333.82,2267.6657,2320.81,1557889,113.9025221534,115.9964848003,112.7084564801,115.3498564112,31157780,0.0,1.0
2022-05-11 00:00:00+00:00,2279.22,2333.42,2273.0,2274.21,1825082,113.2827330671,115.9766038353,112.9735840601,113.0337239795,36501640,0.0,1.0
2022-05-12 00:00:00+00:00,2263.22,2297.13,2202.27,2238.76,2073244,112.4874944639,114.1729032785,109.4581324101,111.2717734494,41464880,0.0,1.0
2022-05-13 00:00:00+00:00,2330.31,2361.7,2280.0,2296.91,1486878,115.8220293318,117.3821880663,113.321500949,114.1619687477,29737560,0.0,1.0
2022-05-16 00:00:00+00:00,2295.85,2332.15,2286.7,2307.68,1164119,114.1092841902,115.9134817711,113.6545071141,114.6972637324,23282380,0.0,1.0
2022-05-17 00:00:00+00:00,2334.03,2344.55,2306.75,2344.55,1078804,116.006922307,116.5297916886,114.6510404886,116.5297916886,21576080,0.0,1.0
2022-05-18 00:00:00+00:00,2248.02,2313.9134,2242.84,2304.75,1399138,111.7320177909,115.0070787517,111.4745592932,114.5516356632,27982760,0.0,1.0
2022-05-19 00:00:00+00:00,2214.91,2271.75,2209.36,2236.82,1459587,110.0863709065,112.9114560442,109.8105225161,111.1753507687,29191740,0.0,1.0
2022-05-20 00:00:00+00:00,2186.26,2251.0,2127.46,2241.71,1879301,108.6623967828,111.8801309808,105.7398949162,111.4183955668,37586020,0.0,1.0
2022-05-23 00:00:00+00:00,2233.33,2240.11,2183.085,2202.08,1577911,111.0018893484,111.3388717065,108.5045916225,109.4486889516,31558220,0.0,1.0
2022-05-24 00:00:00+00:00,2118.52,2127.9,2044.16,2127.55,3019319,105.2955553467,105.7617639778,101.5996839385,105.7443681333,60386380,0.0,1.0
2022-05-25 00:00:00+00:00,2116.79,2130.8938,2084.225,2102.84,1894967,105.2095701727,105.9105630609,103.5910111033,104.5162215156,37899340,0.0,1.0
2022-05-26 00:00:00+00:00,2165.92,2179.105,2109.76,2121.01,1514374,107.6514497085,108.3067760199,104.8601622115,105.4193143543,30287480,0.0,1.0
2022-05-27 00:00:00+00:00,2255.98,2257.36,2191.0,2195.77,1496221,112.127648996,112.1962383255,108.897986219,109.1350667275,29924420,0.0,1.0
2022-05-31 00:00:00+00:00,2280.78,2328.67,2251.45,2261.58,2565096,113.3602688309,115.740517375,111.9024970665,112.4059825071,51301920,0.0,1.0
2022-06-01 00:00:00+00:00,2282.74,2347.98,2271.01,2298.63,1431464,113.4576855598,116.7002709641,112.8746762588,114.2474568975,28629280,0.0,1.0
2022-06-02 00:00:00+00:00,2354.92,2357.96,2266.16,2283.76,1374770,117.0452057082,117.1963010428,112.6336195573,113.5083820207,27495400,0.0,1.0
2022-06-03 00:00:00+00:00,2291.28,2327.29,2273.36,2319.85,1247604,113.8821441642,115.6719280454,112.9914769287,115.302142095,24952080,0.0,1.0
2022-06-06 00:00:00+00:00,2340.21,2387.9696,2330.5658,2334.85,1189336,116.3140832175,118.6878505669,115.8347432089,116.0476782854,23786720,0.0,1.0
2022-06-07 00:00:00+00:00,2344.59,2354.9725,2302.5101,2312.96,1320677,116.5317797851,117.0478150849,114.440307229,114.9596924715,26413540,0.0,1.0
2022-06-08 00:00:00+00:00,2344.76,2372.92,2333.935,2337.53,1127213,116.5402291952,117.9398491368,116.0022005778,116.1808807514,22544260,0.0,1.0
2022-06-09 00:00:00+00:00,2298.36,2367.0,2297.34,2326.83,1157080,114.2340372461,117.6456108536,114.1833407852,115.6490649356,23141600,0.0,1.0
2022-06-10 00:00:00+00:00,2228.55,2269.94,2217.22,2255.625,1567487,110.7643118157,112.8214946773,110.2011834799,112.1100046395,31349740,0.0,1.0
2022-06-13 00:00:00+00:00,2137.53,2184.37,2131.7611,2148.92,1837810,106.2403982121,108.5684592228,105.9536699635,106.8065086927,36756200,0.0,1.0
2022-06-14 00:00:00+00:00,2143.88,2169.15,2127.04,2137.8,1274047,106.5560085327,107.8119885015,105.7190199029,106.2538178635,25480940,0.0,1.0
2022-06-15 00:00:00+00:00,2207.81,2241.26,2162.375,2177.99,1659601,109.7334837764,111.3960294811,107.4752546555,108.2513578298,33192020,0.0,1.0
2022-06-16 00:00:00+00:00,2132.72,2185.81,2115.8501,2162.99,1765662,106.001329607,108.6400306971,105.162854875,107.5058216393,35313240,0.0,1.0
2022-06-17 00:00:00+00:00,2157.31,2184.99,2112.5706,2130.7,2175833,107.2235119352,108.5992747187,104.9998558126,105.9009307333,43516660,0.0,1.0
2022-06-21 00:00:00+00:00,2240.3,2253.46,2185.87,2194.04,1950514,111.3483151649,112.002398916,108.6430128418,109.0490815536,39010280,0.0,1.0
2022-06-22 00:00:00+00:00,2240.68,2275.39,2214.4857,2223.26,1196086,111.3672020817,113.0923728265,110.0652821728,110.5013860526,23921720,0.0,1.0
2022-06-23 00:00:00+00:00,2253.69,2263.93,2220.58,2259.0,1235486,112.0138304709,112.522783177,110.3681835865,112.2777502824,24709720,0.0,1.0
2022-06-24 00:00:00+00:00,2370.76,2372.75,2272.06,2272.06,1956138,117.8324919254,117.9313997266,112.9268637922,112.9268637922,39122760,0.0,1.0
2022-06-27 00:00:00+00:00,2332.45,2385.0,2320.015,2378.7,1641965,115.9283924949,118.5402542822,115.3103429931,118.2271290822,32839300,0.0,1.0
2022-06-28 00:00:00+00:00,2251.43,2357.13,2248.88,2327.02,1415811,111.9015030182,117.1550480403,111.7747618659,115.658508394,28316220,0.0,1.0
2022-06-29 00:00:00+00:00,2245.13,2273.29,2231.0801,2242.97,931393,111.5883778182,112.9879977598,110.8900638901,111.4810206068,18627860,0.0,1.0
2022-06-30 00:00:00+00:00,2187.45,2226.596,2146.2,2209.99,1902302,108.7215426539,110.6671933013,106.6713181301,109.8418350361,38046040,0.0,1.0
2022-07-01 00:00:00+00:00,2181.62,2196.1273,2142.1,2166.74,1551394,108.4317775879,109.1528253996,106.4675382381,107.6922056869,31027880,0.0,1.0
2022-07-05 00:00:00+00:00,2277.74,2281.0516,2124.9901,2150.29,1821469,113.2091734963,113.3737680062,105.6171349271,106.8746009981,36429380,0.0,1.0
2022-07-06 00:00:00+00:00,2304.27,2327.04,2245.01,2281.84,1442634,114.5277785051,115.6595024423,111.5824135287,113.4129533884,28852680,0.0,1.0
2022-07-07 00:00:00+00:00,2386.12,2397.2399,2310.68,2320.16,1609197,118.5959209844,119.1486068433,114.8463709705,115.3175498429,32183940,0.0,1.0
2022-07-08 00:00:00+00:00,2403.37,2408.7,2350.28,2351.0,1454110,119.4532876034,119.7182014631,116.8145865133,116.8503722505,29082200,0.0,1.0
2022-07-11 00:00:00+00:00,2330.45,2375.89,2324.69,2373.0,1341523,115.8289876696,118.0874653025,115.5427017724,117.9438253298,26830460,0.0,1.0
2022-07-12 00:00:00+00:00,2296.99,2356.9899,2292.3001,2336.77,1248508,114.1659449407,117.1480847323,113.9328455954,116.1431069178,24970160,0.0,1.0
2022-07-13 00:00:00+00:00,2243.74,2303.1399,2236.46,2252.78,1947943,111.5192914646,114.4716098086,111.1574579002,111.9686012754,38958860,0.0,1.0
2022-07-14 00:00:00+00:00,2228.8,2239.75,2186.51,2216.52,1618277,110.7767374189,111.3209788379,108.674822386,110.166391791,32365540,0.0,1.0
2022-07-15 00:00:00+00:00,2255.34,2280.01,2236.45,2259.26,1716538,112.0958394519,113.3219979731,111.156960876,112.2906729097,34330760,0.0,1.0
2022-07-18 00:00:00+00:00,109.91,114.8,109.3,113.44,33247345,109.2558435904,114.1167395521,108.6494741555,112.7648339268,33247345,0.0,20.0
2022-07-19 00:00:00+00:00,114.62,114.81,110.5,111.73,30992331,113.9378108664,114.1266800347,109.8423320602,111.0650114126,30992331,0.0,1.0
2022-07-20 00:00:00+00:00,114.7,116.33,113.26,114.06,26780088,114.0173347267,115.6376333807,112.5859052411,113.3811438442,26780088,0.0,1.0
2022-07-21 00:00:00+00:00,115.04,115.21,111.91,115.09,27267848,114.3553111331,114.5242993363,111.2439400983,114.4050135458,27267848,0.0,1.0
2022-07-22 00:00:00+00:00,108.36,113.18,107.6,111.81,44455304,107.7150687968,112.5063813808,106.9595921238,111.1445352729,44455304,0.0,1.0
2022-07-25 00:00:00+00:00,108.21,110.58,107.01,108.88,28289942,107.5659615587,109.9218559205,106.373103654,108.2319738888,28289942,0.0,1.0
2022-07-26 00:00:00+00:00,105.44,107.74,104.76,107.43,36626630,104.8124478953,107.0987588793,104.1364950826,106.7906039206,36626630,0.0,1.0
2022-07-27 00:00:00+00:00,113.6,114.4,108.42,109.6,41474618,112.9238816474,113.7191202506,107.774711692,108.9476886317,41474618,0.0,1.0
2022-07-28 00:00:00+00:00,114.59,114.7,111.851,112.8,23303844,113.9079894188,114.0173347267,111.1852912513,112.1286430443,23303844,0.0,1.0
2022-07-29 00:00:00+00:00,116.64,116.9,113.23,113.4,31336183,115.9457883394,116.2042408854,112.5560837935,112.7250719966,31336183,0.0,1.0
2022-08-01 00:00:00+00:00,115.48,117.12,114.69,115.53,22856202,114.7926923648,116.4229315013,114.0073942442,114.8423947775,22856202,0.0,1.0
2022-08-02 00:00:00+00:00,115.9,117.08,114.26,114.43,17911039,115.2101926315,116.3831695711,113.579953495,113.7489416982,17911039,0.0,1.0
2022-08-03 00:00:00+00:00,118.78,119.42,116.15,116.34,25302816,118.0730516028,118.7092424853,115.458704695,115.6475738632,25302816,0.0,1.0
2022-08-04 00:00:00+00:00,118.87,119.5,117.71,118.3,15757698,118.1625159457,118.7887663457,117.0094199711,117.5959084409,15757698,0.0,1.0
2022-08-05 00:00:00+00:00,118.22,118.86,116.71,116.93,15615663,117.5163845806,118.1525754631,116.0153717172,116.234062333,15615663,0.0,1.0
2022-08-08 00:00:00+00:00,118.14,120.86,117.83,119.12,17061112,117.4368607203,120.140671971,117.1287057616,118.4110280092,17061112,0.0,1.0
2022-08-09 00:00:00+00:00,117.5,118.2,116.56,117.99,15424257,116.8006698378,117.4965036155,115.8662644791,117.2877534822,15424257,0.0,1.0
2022-08-10 00:00:00+00:00,120.65,121.78,119.36,119.59,20497021,119.9319218377,121.0551963646,118.6495995901,118.8782306885,20497021,0.0,1.0
2022-08-11 00:00:00+00:00,119.82,122.3402,119.55,122.08,16671627,119.1068617869,121.6120621965,118.8384687584,121.3534108408,16671627,0.0,1.0
2022-08-12 00:00:00+00:00,122.65,122.65,120.4001,121.16,16121087,121.9200183456,121.9200183456,119.683509179,120.4388864472,16121087,0.0,1.0
2022-08-15 00:00:00+00:00,122.88,123.26,121.57,122.21,15524951,122.148649444,122.5263877805,120.8464462313,121.4826371138,15524951,0.0,1.0
2022-08-16 00:00:00+00:00,122.51,123.2276,121.535,122.32,15626171,121.78085159,122.494180617,120.8116545424,121.5919824218,15626171,0.0,1.0
2022-08-17 00:00:00+00:00,120.32,122.15,120.2,120.93,17589157,119.6038859139,121.4229942186,119.4846001234,120.2102553488,17589157,0.0,1.0
2022-08-18 00:00:00+00:00,120.86,121.69,119.5502,120.23,15652029,120.140671971,120.9657320218,118.838667568,119.514421571,15652029,0.0,1.0
2022-08-19 00:00:00+00:00,118.12,120.0,117.67,119.87,20186983,117.4169797552,119.2857904726,116.9696580409,119.1565641996,20186983,0.0,1.0
2022-08-22 00:00:00+00:00,115.07,116.5,114.67,116.1,19316024,114.3851325807,115.8066215838,113.9875132791,115.4090022823,19316024,0.0,1.0
2022-08-23 00:00:00+00:00,114.77,115.93,114.3,114.32,14390691,114.0869181045,115.2400140791,113.6197154252,113.6395963903,14390691,0.0,1.0
2022-08-24 00:00:00+00:00,114.7,115.7171,113.78,114.45,16051174,114.0173347267,115.0283812058,113.1028103331,113.7688226633,16051174,0.0,1.0
2022-08-25 00:00:00+00:00,117.7,117.78,115.05,115.15,14874666,116.9994794886,117.0790033489,114.3652516156,114.464656441,14874666,0.0,1.0
2022-08-26 00:00:00+00:00,111.3,116.6,111.22,115.81,31698668,110.6375706634,115.9060264092,110.558046803,115.1207282886,31698668,0.0,1.0
2022-08-29 00:00:00+00:00,110.34,111.96,109.81,110.78,20347494,109.6832843396,111.293642511,109.156438765,110.1206655713,20347494,0.0,1.0
2022-08-30 00:00:00+00:00,109.91,111.37,108.8,111.03,20548202,109.2558435904,110.7071540411,108.1524500285,110.3691776348,20548202,0.0,1.0
2022-08-31 00:00:00+00:00,109.15,111.77,109.05,111.63,25897978,108.5003669174,111.1047733427,108.400962092,110.9656065872,25897978,0.0,1.0
2022-09-01 00:00:00+00:00,110.55,111.22,108.19,109.2,22784385,109.8920344729,110.558046803,107.5460805936,108.5500693301,22784385,0.0,1.0
2022-09-02 00:00:00+00:00,108.68,111.675,108.13,111.34,20618080,108.033164238,111.0103387586,107.4864376984,110.6773325935,20618080,0.0,1.0
2022-09-06 00:00:00+00:00,107.48,108.88,106.51,108.135,20529528,106.8403063333,108.2319738888,105.876079527,107.4914079396,20529528,0.0,1.0
2022-09-07 00:00:00+00:00,110.48,110.99,107.615,107.76,22987178,109.8224510951,110.3294157046,106.9745028476,107.1186398444,22987178,0.0,1.0
2022-09-08 00:00:00+00:00,109.42,110.58,108.06,109.18,21660654,108.768759946,109.9218559205,107.4168543206,108.530188365,21660654,0.0,1.0
2022-09-09 00:00:00+00:00,111.78,112.0,110.0,110.05,21745034,111.1147138252,111.3334044411,109.3453079332,109.3950103459,21745034,0.0,1.0
2022-09-12 00:00:00+00:00,111.87,112.64,110.93,111.99,19732905,111.2041781681,111.9695953236,110.2697728094,111.3234639586,19732905,0.0,1.0
2022-09-13 00:00:00+00:00,105.31,109.37,105.0,108.89,33014991,104.6832216223,108.7190575333,104.3750666635,108.2419143714,33014991,0.0,1.0
2022-09-14 00:00:00+00:00,105.87,106.1,104.5,105.44,22115805,105.2398886445,105.4685197429,103.8780425366,104.8124478953,22115805,0.0,1.0
2022-09-15 00:00:00+00:00,103.9,106.21,103.31,105.01,26494933,103.2816135842,105.5778650508,102.6951251144,104.3850071461,26494933,0.0,1.0
2022-09-16 00:00:00+00:00,103.63,104.03,101.855,102.97,64540115,103.0132205556,103.4108398572,101.2487849049,102.357148708,64540115,0.0,1.0
2022-09-19 00:00:00+00:00,103.85,104.02,102.37,102.54,19738603,103.2319111715,103.4008993747,101.7607197557,101.9297079589,19738603,0.0,1.0
2022-09-20 00:00:00+00:00,101.83,103.17,101.12,102.88,24001668,101.2239336986,102.5559583588,100.5181594383,102.2676843652,24001668,0.0,1.0
2022-09-21 00:00:00+00:00,100.01,103.49,99.99,102.24,26596757,99.4147658764,102.8740538001,99.3948849113,101.6314934827,26596757,0.0,1.0
2022-09-22 00:00:00+00:00,100.57,101.68,99.41,99.45,21145595,99.9714328986,101.0748264605,98.818336924,98.8580988542,21145595,0.0,1.0
2022-09-23 00:00:00+00:00,99.17,100.11,98.01,100.06,25656959,98.5797653431,99.5141707018,97.4266693685,99.4644682891,25656959,0.0,1.0
2022-09-26 00:00:00+00:00,98.81,100.44,98.38,98.61,22437938,98.2219079717,99.8422066256,97.7944672225,98.0230983209,22437938,0.0,1.0
2022-09-27 00:00:00+00:00,98.09,100.46,97.34,99.91,24224988,97.5061932288,99.8620875907,96.7606570384,99.315361051,24224988,0.0,1.0
2022-09-28 00:00:00+00:00,100.74,101.4,97.8,98.02,24616999,100.1404211018,100.7964929494,97.2179192352,97.4366098511,24616999,0.0,1.0
2022-09-29 00:00:00+00:00,98.09,99.3,96.52,99.3,21921520,97.5061932288,98.7089916161,95.9455374701,98.7089916161,21921520,0.0,1.0
2022-09-30 00:00:00+00:00,96.15,99.494,96.03,97.73,26277832,95.5777396162,98.9018369774,95.4584538257,97.1483358574,26277832,0.0,1.0
2022-10-03 00:00:00+00:00,99.3,99.97,97.02,97.22,24840028,98.7089916161,99.3750039462,96.4425615971,96.6413712479,24840028,0.0,1.0
2022-10-04 00:00:00+00:00,102.41,102.72,101.04,101.04,22580931,101.8004816858,102.1086366446,100.4386355779,100.4386355779,22580931,0.0,1.0
2022-10-05 00:00:00+00:00,102.22,102.74,99.74,100.69,18475515,101.6116125176,102.1285176096,99.1463728478,100.0907186891,18475515,0.0,1.0
2022-10-06 00:00:00+00:00,102.24,103.73,101.5,101.5,17156240,101.6314934827,103.112625381,100.8958977748,100.8958977748,17156240,0.0,1.0
2022-10-07 00:00:00+00:00,99.57,101.42,99.21,100.65,24249910,98.9773846447,100.8163739144,98.6195272732,100.0509567589,24249910,0.0,1.0
2022-10-10 00:00:00+00:00,98.71,99.99,97.87,99.85,16529897,98.1225031463,99.3948849113,97.287502613,99.2557181558,16529897,0.0,1.0
2022-10-11 00:00:00+00:00,98.05,100.12,97.25,98.25,21617727,97.4664312987,99.5241111843,96.6711926955,97.6652409495,21617727,0.0,1.0
2022-10-12 00:00:00+00:00,98.3,99.6476,97.67,98.27,17343431,97.7149433622,99.0545227892,97.0886929622,97.6851219145,17343431,0.0,1.0
2022-10-13 00:00:00+00:00,99.71,100.53,95.27,95.93,32812220,99.1165514002,99.9316709684,94.7029771527,95.3590490003,32812220,0.0,1.0
2022-10-14 00:00:00+00:00,97.18,101.29,97.03,100.625,22624832,96.6016093177,100.6871476414,96.4525020797,100.0261055526,22624832,0.0,1.0
2022-10-17 00:00:00+00:00,100.78,101.77,99.51,99.52,23311604,100.1801830319,101.1642908033,98.9177417494,98.927682232,23311604,0.0,1.0
2022-10-18 00:00:00+00:00,101.39,104.22,100.65,103.94,21610541,100.7865524668,103.5997090255,100.0509567589,103.3213755144,21610541,0.0,1.0
2022-10-19 00:00:00+00:00,100.29,101.6592,99.635,100.7,21573686,99.6930993875,101.0541502568,99.0419977812,100.1006591716,21573686,0.0,1.0
2022-10-20 00:00:00+00:00,100.53,103.0,99.97,100.82,25125082,99.9316709684,102.3869701557,99.3750039462,100.2199449621,25125082,0.0,1.0
2022-10-21 00:00:00+00:00,101.48,101.62,98.23,98.46,28988727,100.8760168097,101.0151835652,97.6453599844,97.8739910828,28988727,0.0,1.0
2022-10-24 00:00:00+00:00,102.97,103.1,100.3,102.09,24680831,102.357148708,102.4863749811,99.70303987,101.4823862446,24680831,0.0,1.0
2022-10-25 00:00:00+00:00,104.93,105.0999,103.02,103.3,29910170,104.3054832858,104.4743720841,102.4068511207,102.6851846318,29910170,0.0,1.0
2022-10-26 00:00:00+00:00,94.82,98.54,94.57,96.76,71671814,94.2556554385,97.9535149431,94.007143375,96.1841090511,71671814,0.0,1.0
2022-10-27 00:00:00+00:00,92.6,95.17,91.9,94.31,54036485,92.0488683147,94.6035723273,91.353034537,93.7486908289,54036485,0.0,1.0
2022-10-28 00:00:00+00:00,96.58,96.86,92.3225,92.53,35696925,96.0051803654,96.2835138765,91.7730199242,91.9792849369,35696925,0.0,1.0
2022-10-31 00:00:00+00:00,94.66,96.35,94.38,95.78,29868714,94.0966077178,95.776549267,93.8182742067,95.2099417622,29868714,0.0,1.0
2022-11-01 00:00:00+00:00,90.5,96.165,90.43,95.59,43220599,89.9613669814,95.59265034,89.8917836037,95.021072594,43220599,0.0,1.0
2022-11-02 00:00:00+00:00,87.07,91.3,87.01,90.91,43553551,86.5517814704,90.7566055846,86.4921385752,90.3689267656,43553551,0.0,1.0
2022-11-03 00:00:00+00:00,83.49,86.55,83.45,86.345,48510364,82.9930887213,86.0348763784,82.9533267912,85.8310964863,48510364,0.0,1.0
2022-11-04 00:00:00+00:00,86.7,86.73,83.88,85.51,40173284,86.1839836165,86.2138050641,83.3807675404,85.0010661943,40173284,0.0,1.0
2022-11-07 00:00:00+00:00,88.65,88.94,86.96,87.34,26899879,88.1223777116,88.4106517053,86.4424361625,86.820174499,26899879,0.0,1.0
2022-11-08 00:00:00+00:00,88.91,90.405,87.65,89.16,30172001,88.3808302577,89.8669323973,87.1283294577,88.6293423212,30172001,0.0,1.0
2022-11-09 00:00:00+00:00,87.4,89.49,87.3599,88.545,26743883,86.8798173942,88.957378245,86.8399560592,88.018002645,26743883,0.0,1.0
2022-11-10 00:00:00+00:00,94.17,94.55,91.65,92.34,42371216,93.6095240734,93.9872624099,91.1045224735,91.7904157687,42371216,0.0,1.0
2022-11-11 00:00:00+00:00,96.73,97.36,94.16,94.71,30569112,96.1542876035,96.7805380035,93.5995835909,94.1463101305,30569112,0.0,1.0
2022-11-14 00:00:00+00:00,96.03,97.18,95.1125,95.5,24170076,95.4584538257,96.6016093177,94.5464145527,94.9316082511,24170076,0.0,1.0
2022-11-15 00:00:00+00:00,98.72,100.42,97.02,98.67,31830969,98.1324436288,99.8223256605,96.4425615971,98.0827412161,31830969,0.0,1.0
2022-11-16 00:00:00+00:00,98.99,99.85,97.9015,98.02,24660195,98.4008366574,99.2557181558,97.318815133,97.4366098511,24660195,0.0,1.0
2022-11-17 00:00:00+00:00,98.5,99.48,97.1,97.18,21818732,97.9137530129,98.8879203018,96.5220854574,96.6016093177,21818732,0.0,1.0
2022-11-18 00:00:00+00:00,97.8,99.16,96.74,99.01,24969880,97.2179192352,98.5698248605,96.164228086,98.4207176225,24969880,0.0,1.0
2022-11-21 00:00:00+00:00,95.83,98.72,95.67,97.56,18696874,95.2596441749,98.1324436288,95.1005964543,96.9793476542,18696874,0.0,1.0
2022-11-22 00:00:00+00:00,97.33,97.5475,94.41,96.16,18868850,96.7507165558,96.9669220511,93.8480956543,95.5876800987,18868850,0.0,1.0
2022-11-23 00:00:00+00:00,98.82,99.0685,97.34,97.34,17568859,98.2318484542,98.4788694453,96.7606570384,96.7606570384,17568859,0.0,1.0
2022-11-25 00:00:00+00:00,97.6,98.94,97.53,98.465,8567819,97.0191095844,98.3511342447,96.9495262066,97.8789613241,8567819,0.0,1.0
2022-11-28 00:00:00+00:00,96.25,97.83,95.89,97.2,19981974,95.6771444416,97.2477406828,95.3192870702,96.6214902828,19981974,0.0,1.0
2022-11-29 00:00:00+00:00,95.44,96.3901,94.39,96.0,20220007,94.8719653559,95.816410602,93.8282146893,95.4286323781,20220007,0.0,1.0
2022-11-30 00:00:00+00:00,101.45,101.45,94.67,95.12,39888074,100.8461953621,100.8461953621,94.1065482004,94.5538699146,39888074,0.0,1.0
2022-12-01 00:00:00+00:00,101.28,102.59,100.67,101.4,21771536,100.6772071589,101.9794103716,100.070837724,100.7964929494,21771536,0.0,1.0
2022-12-02 00:00:00+00:00,100.83,101.15,99.17,99.37,18821527,100.2298854446,100.5479808859,98.5797653431,98.7785749939,18821527,0.0,1.0
2022-12-05 00:00:00+00:00,99.87,101.7499,99.355,99.815,19955546,99.2755991208,101.1443104334,98.7636642701,99.2209264669,19955546,0.0,1.0
2022-12-06 00:00:00+00:00,97.31,100.21,96.7604,99.67,20877623,96.7308355908,99.6135755272,96.1845066704,99.0767894701,20877623,0.0,1.0
2022-12-07 00:00:00+00:00,95.15,97.31,95.025,96.77,26647877,94.5836913623,96.7308355908,94.4594353305,96.1940495336,26647877,0.0,1.0
2022-12-08 00:00:00+00:00,93.95,95.87,93.8,95.69,25593232,93.3908334575,95.2994061051,93.2417262194,95.1204774194,25593232,0.0,1.0
2022-12-09 00:00:00+00:00,93.07,94.49,93.02,93.9,21885308,92.5160709941,93.9276195147,92.4663685814,93.3411310448,21885308,0.0,1.0
2022-12-12 00:00:00+00:00,93.56,93.8745,91.9,93.09,27380948,93.0031546385,93.3157828144,91.353034537,92.5359519591,27380948,0.0,1.0
2022-12-13 00:00:00+00:00,95.85,99.8,95.38,98.07,34788522,95.27952514,99.2060157431,94.8123224607,97.4863122638,34788522,0.0,1.0
2022-12-14 00:00:00+00:00,95.31,97.22,93.94,95.54,26452939,94.7427390829,96.6413712479,93.380892975,94.9713701813,26452939,0.0,1.0
2022-12-15 00:00:00+00:00,91.2,94.03,90.43,93.54,28298756,90.6572007592,93.4703573178,89.8917836037,92.9832736734,28298756,0.0,1.0
2022-12-16 00:00:00+00:00,90.86,91.75,90.01,91.2,48485507,90.3192243529,91.2039272989,89.474283337,90.6572007592,48485507,0.0,1.0
2022-12-19 00:00:00+00:00,89.15,91.2,88.925,90.88,23020537,88.6194018386,90.6572007592,88.3957409815,90.3391053179,23020537,0.0,1.0
2022-12-20 00:00:00+00:00,89.63,89.78,88.04,88.73,21976846,89.0965450005,89.2456522386,87.5160082767,88.201901572,21976846,0.0,1.0
2022-12-21 00:00:00+00:00,90.25,90.915,88.91,89.73,20336387,89.712854918,90.3738970068,88.3808302577,89.1959498259,20336387,0.0,1.0
2022-12-22 00:00:00+00:00,88.26,89.18,86.9401,88.93,23656066,87.7346988926,88.6492232862,86.4226546022,88.4007112228,23656066,0.0,1.0
2022-12-23 00:00:00+00:00,89.81,90.1,87.62,87.62,17815010,89.2754736862,89.5637476799,87.0985080101,87.0985080101,17815010,0.0,1.0
2022-12-27 00:00:00+00:00,87.93,89.5,87.535,89.31,15470870,87.4066629688,88.9673187275,87.0140139085,88.7784495592,15470870,0.0,1.0
2022-12-28 00:00:00+00:00,86.46,88.52,86.3701,87.5,17879567,85.9454120355,87.9931514386,85.8560470975,86.9792222196,17879567,0.0,1.0
2022-12-29 00:00:00+00:00,88.95,89.365,86.99,87.03,18280660,88.4205921878,88.8331222132,86.4722576101,86.5120195403,18280660,0.0,1.0
2022-12-30 00:00:00+00:00,88.73,88.83,87.03,87.365,19190296,88.201901572,88.3013063974,86.5120195403,86.8450257053,19190296,0.0,1.0
2023-01-03 00:00:00+00:00,89.7,91.55,89.02,89.83,20738457,89.1661283783,91.0051176481,88.4901755656,89.2953546513,20738457,0.0,1.0
2023-01-04 00:00:00+00:00,88.71,91.24,87.8,91.01,27046483,88.1820206069,90.6969626894,87.2774366958,90.4683315909,27046483,0.0,1.0
2023-01-05 00:00:00+00:00,86.77,88.21,86.56,88.07,23136084,86.2535669942,87.6849964799,86.0448168609,87.5458297244,23136084,0.0,1.0
2023-01-06 00:00:00+00:00,88.16,88.47,85.57,87.36,26612628,87.6352940672,87.9434490259,85.0607090895,86.8400554641,26612628,0.0,1.0
2023-01-09 00:00:00+00:00,88.8,90.83,88.58,89.195,22996681,88.2714849497,90.2894029052,88.0527943339,88.66413401,22996681,0.0,1.0
2023-01-10 00:00:00+00:00,89.24,89.475,86.7,86.72,22855590,88.7088661815,88.9424675211,86.1839836165,86.2038645815,22855590,0.0,1.0
2023-01-11 00:00:00+00:00,92.26,92.45,89.74,90.06,25998844,91.7108919084,91.8997610766,89.2058903084,89.5239857497,25998844,0.0,1.0
2023-01-12 00:00:00+00:00,91.91,92.62,90.57,92.4,22754216,91.3629750195,92.0687492798,90.0309503592,91.8500586639,22754216,0.0,1.0
2023-01-13 00:00:00+00:00,92.8,92.98,90.93,91.528,18630709,92.2476779655,92.4266066512,90.3888077306,90.9832485865,18630709,0.0,1.0
2023-01-17 00:00:00+00:00,92.16,92.97,90.84,92.78,22935823,91.611487083,92.4166661687,90.2993433878,92.2277970004,22935823,0.0,1.0
2023-01-18 00:00:00+00:00,91.78,93.588,91.4,92.94,19641622,91.2337487465,93.0309879896,90.85601041,92.386844721,19641622,0.0,1.0
2023-01-19 00:00:00+00:00,93.91,94.4,91.38,91.39,28707653,93.3510715274,93.8381551718,90.8361294449,90.8460699274,28707653,0.0,1.0
2023-01-20 00:00:00+00:00,99.28,99.42,95.91,95.95,53704763,98.689110651,98.8282774066,95.3391680352,95.3789299654,53704763,0.0,1.0
2023-01-23 00:00:00+00:00,101.21,101.4,98.75,99.13,31791782,100.6076237811,100.7964929494,98.1622650764,98.5400034129,31791782,0.0,1.0
2023-01-24 00:00:00+00:00,99.21,101.09,98.7,99.55,27391372,98.6195272732,100.4883379906,98.1125626637,98.9575036796,27391372,0.0,1.0
2023-01-25 00:00:00+00:00,96.73,97.72,95.262,97.2,31000850,96.1542876035,97.1383953749,94.6950247667,96.6214902828,31000850,0.0,1.0
2023-01-26 00:00:00+00:00,99.16,99.21,96.82,98.28,24542060,98.5698248605,98.6195272732,96.2437519463,97.6950623971,24542060,0.0,1.0
2023-01-27 00:00:00+00:00,100.71,101.58,98.97,99.05,29020354,100.1105996541,100.9754216351,98.3809556923,98.4604795526,29020354,0.0,1.0
2023-01-30 00:00:00+00:00,97.95,99.4088,97.52,98.745,24365142,97.3670264733,98.8171440661,96.9395857241,98.1572948352,24365142,0.0,1.0
2023-01-31 00:00:00+00:00,99.87,99.91,97.79,97.86,22306778,99.2755991208,99.315361051,97.2079787526,97.2775621304,22306778,0.0,1.0
2023-02-01 00:00:00+00:00,101.43,102.1899,98.42,99.74,26392568,100.826314397,101.5816916652,97.8342291526,99.1463728478,26392568,0.0,1.0
2023-02-02 00:00:00+00:00,108.8,108.82,106.54,106.79,46622627,108.1524500285,108.1723309936,105.9059009746,106.1544130381,46622627,0.0,1.0
2023-02-03 00:00:00+00:00,105.22,108.02,103.3,103.51,36823421,104.5937572794,107.3770923904,102.6851846318,102.8939347652,36823421,0.0,1.0
2023-02-06 00:00:00+00:00,103.47,104.7,102.21,102.685,25573046,102.854172835,104.0768521874,101.6016720351,102.0738449557,25573046,0.0,1.0
2023-02-07 00:00:00+00:00,108.04,108.67,103.5475,103.63,33738828,107.3969733555,108.0232237555,102.9312115747,103.0132205556,33738828,0.0,1.0
2023-02-08 00:00:00+00:00,100.0,103.58,98.455,102.69,73546029,99.4048253939,102.963518143,97.8690208415,102.0788151969,73546029,0.0,1.0
2023-02-09 00:00:00+00:00,95.46,100.61,93.86,100.54,97798573,94.891846321,100.0111948288,93.3013691147,99.941611451,97798573,0.0,1.0
2023-02-10 00:00:00+00:00,94.86,97.02,94.53,95.74,49325275,94.2954173686,96.4425615971,93.9673814448,95.1701798321,49325275,0.0,1.0
2023-02-13 00:00:00+00:00,95.0,95.35,94.05,95.01,43116559,94.4345841242,94.782501013,93.4902382829,94.4445246067,43116559,0.0,1.0
2023-02-14 00:00:00+00:00,94.95,95.175,92.65,94.66,42513079,94.3848817115,94.6085425686,92.0985707274,94.0966077178,42513079,0.0,1.0
2023-02-15 00:00:00+00:00,97.1,97.34,94.36,94.74,37029885,96.5220854574,96.7606570384,93.7983932416,94.1761315781,37029885,0.0,1.0
2023-02-16 00:00:00+00:00,95.78,97.88,94.97,95.54,35642106,95.2099417622,97.2974430955,94.4047626765,94.9713701813,35642106,0.0,1.0
2023-02-17 00:00:00+00:00,94.59,95.75,93.45,95.07,31095067,94.02702434,95.1801203146,92.8938093306,94.5041675019,31095067,0.0,1.0
2023-02-21 00:00:00+00:00,92.05,93.4149,92.0,93.24,28367198,91.502141775,92.8589182368,91.4524393623,92.6850591972,28367198,0.0,1.0
2023-02-22 00:00:00+00:00,91.8,92.36,90.87,91.934,29891135,91.2536297116,91.8102967338,90.3291648354,91.3868321776,29891135,0.0,1.0
2023-02-23 00:00:00+00:00,91.07,92.13,90.01,92.13,32423720,90.5279744862,91.5816656354,89.474283337,91.5816656354,32423720,0.0,1.0
2023-02-24 00:00:00+00:00,89.35,90.13,88.86,89.63,31295619,88.8182114894,89.5935691275,88.331127845,89.0965450005,31295619,0.0,1.0
2023-02-27 00:00:00+00:00,90.1,90.4499,89.61,90.09,22724262,89.5637476799,89.9115651639,89.0766640354,89.5538071973,22724262,0.0,1.0
2023-02-28 00:00:00+00:00,90.3,91.45,89.52,89.54,30546912,89.7625573306,90.9057128227,88.9871996926,89.0070806577,30546912,0.0,1.0
2023-03-01 00:00:00+00:00,90.51,91.2,89.85,90.16,26323876,89.971307464,90.6572007592,89.3152356164,89.6233905751,26323876,0.0,1.0
2023-03-02 00:00:00+00:00,92.31,92.48,89.77,89.86,23344562,91.7605943211,91.9295825242,89.2357117561,89.3251760989,23344562,0.0,1.0
2023-03-03 00:00:00+00:00,94.02,94.11,92.66,92.74,30242538,93.4604168353,93.5498811782,92.1085112099,92.1880350703,30242538,0.0,1.0
2023-03-06 00:00:00+00:00,95.58,96.3,94.3,94.36,28288206,95.0111321114,95.7268468543,93.7387503464,93.7983932416,28288206,0.0,1.0
2023-03-07 00:00:00+00:00,94.17,96.09,93.8443,95.42,24101536,93.6095240734,95.518096721,93.2857625571,94.8520843908,24101536,0.0,1.0
2023-03-08 00:00:00+00:00,94.65,96.24,94.405,94.405,25395200,94.0866672353,95.667203959,93.8431254131,93.8431254131,25395200,0.0,1.0
2023-03-09 00:00:00+00:00,92.66,95.92,92.355,94.49,24438890,92.1085112099,95.3491085178,91.8053264925,93.9276195147,24438890,0.0,1.0
2023-03-10 00:00:00+00:00,91.01,93.18,90.8,92.5,32850092,90.4683315909,92.625416302,90.2595814576,91.9494634893,32850092,0.0,1.0
2023-03-13 00:00:00+00:00,91.66,93.08,89.94,90.565,31508570,91.114462956,92.5260114766,89.4046999592,90.0259801179,31508570,0.0,1.0
2023-03-14 00:00:00+00:00,94.25,94.83,92.78,93.07,32303881,93.6890479337,94.265595921,92.2277970004,92.5160709941,32303881,0.0,1.0
2023-03-15 00:00:00+00:00,96.55,97.25,93.04,93.54,38367334,95.9753589178,96.6711926955,92.4862495464,92.9832736734,38367334,0.0,1.0
2023-03-16 00:00:00+00:00,101.07,101.97,95.87,96.57,54588200,100.4684570256,101.3631004541,95.2994061051,95.9952398828,54588200,0.0,1.0
2023-03-17 00:00:00+00:00,102.46,103.49,100.75,100.84,76140310,101.8501840985,102.8740538001,100.1503615843,100.2398259272,76140310,0.0,1.0
2023-03-20 00:00:00+00:00,101.93,102.58,100.79,101.06,26033916,101.323338524,101.969469889,100.1901235145,100.458516543,26033916,0.0,1.0
2023-03-21 00:00:00+00:00,105.84,105.96,101.86,101.98,33122800,105.2100671969,105.3293529873,101.2537551462,101.3730409366,33122800,0.0,1.0
2023-03-22 00:00:00+00:00,104.22,107.51,104.21,105.14,32336877,103.5997090255,106.8701277809,103.5897685429,104.5142334191,32336877,0.0,1.0
2023-03-23 00:00:00+00:00,106.26,107.1009,105.41,105.89,31385817,105.6275674635,106.4634626402,104.7826264477,105.2597696096,31385817,0.0,1.0
2023-03-24 00:00:00+00:00,106.06,106.16,104.74,105.74,25245010,105.4287578127,105.5281626381,104.1166141175,105.1106623715,25245010,0.0,1.0
2023-03-27 00:00:00+00:00,103.06,105.4,102.63,105.32,25393417,102.4466130509,104.7726859651,102.0191723017,104.6931621048,25393417,0.0,1.0
2023-03-28 00:00:00+00:00,101.36,103.0,100.28,103.0,24913480,100.7567310192,102.3869701557,99.683158905,102.3869701557,24913480,0.0,1.0
2023-03-29 00:00:00+00:00,101.9,102.82,101.03,102.72,26148300,101.2935170763,102.20804147,100.4286950954,102.1086366446,26148300,0.0,1.0
2023-03-30 00:00:00+00:00,101.32,101.61,100.29,101.44,25009829,100.7169690891,101.0052430827,99.6930993875,100.8362548795,25009829,0.0,1.0
2023-03-31 00:00:00+00:00,104.0,104.19,101.44,101.71,28107953,103.3810184096,103.5698875779,100.8362548795,101.1046479081,28107953,0.0,1.0
2023-04-03 00:00:00+00:00,104.91,104.95,102.38,102.67,20719861,104.2856023207,104.3253642508,101.7706602382,102.0589342319,20719861,0.0,1.0
2023-04-04 00:00:00+00:00,105.12,106.1,104.6,104.84,20377231,104.494352454,105.4685197429,103.977447362,104.2160189429,20377231,0.0,1.0
2023-04-05 00:00:00+00:00,104.95,106.54,104.1021,106.12,21864200,104.3253642508,105.9059009746,103.4825107363,105.488400708,21864200,0.0,1.0
2023-04-06 00:00:00+00:00,108.9,109.63,104.815,105.77,34684150,108.2518548539,108.9775100793,104.1911677366,105.1404838191,34684150,0.0,1.0
2023-04-10 00:00:00+00:00,106.95,107.97,105.6,107.39,19741517,106.3134607587,107.3273899777,104.9714956159,106.7508419905,19741517,0.0,1.0
2023-04-11 00:00:00+00:00,106.12,107.22,105.28,106.92,18721278,105.488400708,106.5818537873,104.6534001746,106.2836393111,18721278,0.0,1.0
2023-04-12 00:00:00+00:00,105.22,107.5874,104.97,107.39,22761569,104.5937572794,106.9470671158,104.3452452159,106.7508419905,22761569,0.0,1.0
2023-04-13 00:00:00+00:00,108.19,108.265,106.44,106.47,21650747,107.5460805936,107.6206342127,105.8064961492,105.8363175968,21650747,0.0,1.0
2023-04-14 00:00:00+00:00,109.46,109.58,107.59,107.69,20758686,108.8085218761,108.9278076666,106.9496516412,107.0490564666,20758686,0.0,1.0
2023-04-17 00:00:00+00:00,106.42,106.71,105.32,105.43,28978949,105.7866151841,106.0748891778,104.6931621048,104.8025074127,28978949,0.0,1.0
2023-04-18 00:00:00+00:00,105.12,107.05,104.78,107.0,17641369,104.494352454,106.4128655841,104.1563760477,106.3631631714,17641369,0.0,1.0
2023-04-19 00:00:00+00:00,105.02,105.725,103.8,104.215,16732016,104.3949476286,105.0957516477,103.1822087588,103.5947387842,16732016,0.0,1.0
2023-04-20 00:00:00+00:00,105.9,106.8875,104.64,104.65,22515331,105.2697100921,106.2513327429,104.0172092921,104.0271497747,22515331,0.0,1.0
2023-04-21 00:00:00+00:00,105.91,106.64,105.485,106.09,22379018,105.2796505746,106.0053058,104.8571800667,105.4585792603,22379018,0.0,1.0
2023-04-24 00:00:00+00:00,106.78,107.32,105.36,106.05,21410908,106.1444725556,106.6812586127,104.732924035,105.4188173302,21410908,0.0,1.0
2023-04-25 00:00:00+00:00,104.61,107.44,104.56,106.61,31408119,103.9873878445,106.8005444032,103.9376854318,105.9754843524,31408119,0.0,1.0
2023-04-26 00:00:00+00:00,104.45,107.02,103.27,105.56,36630202,103.8283401239,106.3830441365,102.6553631842,104.9317336858,36630202,0.0,1.0
2023-04-27 00:00:00+00:00,108.37,109.15,104.42,105.23,38235220,107.7250092793,108.5003669174,103.7985186763,104.603697762,38235220,0.0,1.0
2023-04-28 00:00:00+00:00,108.22,108.29,106.04,107.8,23957872,107.5759020412,107.645485419,105.4088768476,107.1584017746,23957872,0.0,1.0
2023-05-01 00:00:00+00:00,107.71,108.68,107.5,107.72,20926259,107.0689374317,108.033164238,106.8601872984,107.0788779143,20926259,0.0,1.0
2023-05-02 00:00:00+00:00,105.98,107.73,104.5,107.66,20343116,105.3492339524,107.0888183968,103.8780425366,107.019235019,20343116,0.0,1.0
2023-05-03 00:00:00+00:00,106.12,108.13,105.62,106.22,17116333,105.488400708,107.4864376984,104.991376581,105.5878055333,17116333,0.0,1.0
2023-05-04 00:00:00+00:00,105.21,106.3,104.7,106.16,19780637,104.5838167969,105.6673293937,104.0768521874,105.5281626381,19780637,0.0,1.0
2023-05-05 00:00:00+00:00,106.215,106.44,104.7386,105.32,20710627,105.5828352921,105.8064961492,104.11522245,104.6931621048,20710627,0.0,1.0
2023-05-08 00:00:00+00:00,108.24,108.42,105.79,105.795,17266021,107.5957830063,107.774711692,105.1603647842,105.1653350254,17266021,0.0,1.0
2023-05-09 00:00:00+00:00,107.94,110.595,107.725,108.78,24782442,107.2975685301,109.9367666443,107.0838481555,108.1325690634,24782442,0.0,1.0
2023-05-10 00:00:00+00:00,112.28,113.51,108.48,108.55,47533463,111.6117379522,112.8344173046,107.8343545873,107.903937965,47533463,0.0,1.0
2023-05-11 00:00:00+00:00,116.9,118.44,114.9301,115.86,57115075,116.2042408854,117.7350751965,114.24606523,115.1704307013,57115075,0.0,1.0
2023-05-12 00:00:00+00:00,117.92,118.26,116.55,117.0,31293778,117.2181701044,117.5561465108,115.8563239965,116.3036457108,31293778,0.0,1.0
2023-05-15 00:00:00+00:00,116.96,118.795,116.48,116.49,22107865,116.2638837806,118.0879623266,115.7867406188,115.7966811013,22107865,0.0,1.0
2023-05-16 00:00:00+00:00,120.09,121.2,116.83,116.83,32370113,119.3752548155,120.4786483773,116.1346575076,116.1346575076,32370113,0.0,1.0
2023-05-17 00:00:00+00:00,121.48,122.28,119.46,120.18,26659564,120.7569818885,121.5522204916,118.7490044155,119.4647191583,26659564,0.0,1.0
2023-05-18 00:00:00+00:00,123.52,123.9,121.49,121.56,27014468,122.7848403265,123.162578663,120.766922371,120.8365057488,27014468,0.0,1.0
2023-05-19 00:00:00+00:00,123.25,126.479,122.72,124.2,30268864,122.5164472979,125.7262291099,121.9896017233,123.4607931392,30268864,0.0,1.0
2023-05-22 00:00:00+00:00,125.87,127.05,123.45,123.51,29760236,125.1208537232,126.2938306629,122.7152569487,122.7748998439,29760236,0.0,1.0
2023-05-23 00:00:00+00:00,123.29,125.42,123.05,124.93,24477945,122.5562092281,124.673532009,122.3176376471,124.1864483645,24477945,0.0,1.0
2023-05-24 00:00:00+00:00,121.64,122.7499,120.75,121.88,23087925,120.9160296091,122.0193237661,120.0313266631,121.15460119,23087925,0.0,1.0
2023-05-25 00:00:00+00:00,124.35,125.98,122.9,125.21,33812730,123.6099003773,125.2301990312,122.168530409,124.4647818756,33812730,0.0,1.0
2023-05-26 00:00:00+00:00,125.43,126.0,123.29,124.065,25169036,124.6834724915,125.2500799963,122.5562092281,123.3265966249,25169036,0.0,1.0
2023-05-30 00:00:00+00:00,124.64,126.38,122.89,126.29,27230726,123.8981743709,125.6278183327,122.1585899265,125.5383539899,27230726,0.0,1.0
2023-05-31 00:00:00+00:00,123.37,124.9,123.1,123.7,41478777,122.6357330884,124.1566269169,122.3673400598,122.9637690122,41478777,0.0,1.0
2023-06-01 00:00:00+00:00,124.37,125.04,123.3,123.5,25017674,123.6297813423,124.2957936725,122.5661497106,122.7649593614,25017674,0.0,1.0
2023-06-02 00:00:00+00:00,125.23,126.745,124.35,124.49,19367453,124.4846628407,125.9906459454,123.6099003773,123.7490671328,19367453,0.0,1.0
2023-06-05 00:00:00+00:00,126.63,127.99,124.38,124.61,22672516,125.8763303962,127.2282360216,123.6397218249,123.8683529233,22672516,0.0,1.0
2023-06-06 00:00:00+00:00,127.91,128.88,125.97,126.6,19450128,127.1487121613,128.1129389676,125.2202585486,125.8465089486,19450128,0.0,1.0
2023-06-07 00:00:00+00:00,122.94,129.55,122.63,127.575,34179348,122.2082923392,128.7789512977,121.9001373805,126.8157059962,34179348,0.0,1.0
2023-06-08 00:00:00+00:00,122.67,123.73,122.01,122.585,24814996,121.9398993106,122.9935904598,121.283827463,121.8554052091,24814996,0.0,1.0
2023-06-09 00:00:00+00:00,122.87,124.285,122.42,122.56,20313676,122.1387089614,123.5452872407,121.6913872472,121.8305540027,20313676,0.0,1.0
2023-06-12 00:00:00+00:00,124.35,124.75,122.35,123.395,22289632,123.6099003773,124.0075196788,121.6218038694,122.6605842947,22289632,0.0,1.0
2023-06-13 00:00:00+00:00,124.43,125.86,123.845,125.65,19287650,123.6894242376,125.1109132407,123.107906009,124.9021631074,19287650,0.0,1.0
2023-06-14 00:00:00+00:00,124.38,124.79,122.16,123.8,24659620,123.6397218249,124.047281609,121.4329347011,123.0631738376,24659620,0.0,1.0
2023-06-15 00:00:00+00:00,125.79,126.16,123.14,123.88,24517071,125.0413298629,125.4091277169,122.40710199,123.1426976979,24517071,0.0,1.0
2023-06-16 00:00:00+00:00,124.06,126.7,123.79,126.7,56699200,123.3216263836,125.945913774,123.053233355,125.945913774,56699200,0.0,1.0
2023-06-20 00:00:00+00:00,123.85,125.175,122.83,123.535,22698028,123.1128762503,124.4299901868,122.0989470313,122.7997510503,22698028,0.0,1.0
2023-06-21 00:00:00+00:00,121.26,123.41,120.86,123.235,22612002,120.5382912726,122.6754950186,120.140671971,122.5015365741,22612002,0.0,1.0
2023-06-22 00:00:00+00:00,123.87,123.935,119.6,120.66,20781888,123.1327572154,123.1973703519,118.888171171,119.9418623202,20781888,0.0,1.0
2023-06-23 00:00:00+00:00,123.02,123.44,121.86,122.04,29573123,122.2878161995,122.7053164662,121.1347202249,121.3136489107,29573123,0.0,1.0
2023-06-26 00:00:00+00:00,119.09,122.72,118.99,121.4656,23184961,118.3812065615,121.9896017233,118.2818017361,120.7426675936,23184961,0.0,1.0
2023-06-27 00:00:00+00:00,119.01,119.895,116.91,117.84,27221714,118.3016827012,119.181415406,116.214181368,117.1386462441,27221714,0.0,1.0
2023-06-28 00:00:00+00:00,121.08,121.27,117.6,117.96,19753145,120.3593625869,120.5482317551,116.9000746632,117.2579320346,19753145,0.0,1.0
2023-06-29 00:00:00+00:00,120.01,120.91,119.21,120.09,18517458,119.2957309552,120.1903743837,118.500492352,119.3752548155,18517458,0.0,1.0
2023-06-30 00:00:00+00:00,120.97,122.03,120.88,121.1,23871764,120.2500172789,121.3037084281,120.1605529361,120.379243552,23871764,0.0,1.0
2023-07-03 00:00:00+00:00,120.56,121.02,119.705,120.32,13888262,119.8424574948,120.2997196916,118.9925462377,119.6038859139,13888262,0.0,1.0
2023-07-05 00:00:00+00:00,122.63,123.37,120.06,120.06,17830347,121.9001373805,122.6357330884,119.3454333679,119.3454333679,17830347,0.0,1.0
2023-07-06 00:00:00+00:00,120.93,121.1499,119.2499,120.64,17750181,120.2102553488,120.4288465598,118.5401548773,119.9219813551,17750181,0.0,1.0
2023-07-07 00:00:00+00:00,120.14,121.75,120.09,120.89,20997665,119.4249572282,121.025374917,119.3752548155,120.1704934186,20997665,0.0,1.0
2023-07-10 00:00:00+00:00,116.87,119.07,116.64,119.07,32960078,116.1744194378,118.3613255965,115.9457883394,118.3613255965,32960078,0.0,1.0
2023-07-11 00:00:00+00:00,117.71,118.225,115.83,116.76,18286571,117.0094199711,117.5213548219,115.1406092537,116.0650741299,18286571,0.0,1.0
2023-07-12 00:00:00+00:00,119.62,120.96,119.0,119.3,22059611,118.9080521361,120.2400767964,118.2917422187,118.5899566949,22059611,0.0,1.0
2023-07-13 00:00:00+00:00,124.83,125.335,121.06,121.54,31535853,124.0870435391,124.5890379074,120.3394816218,120.8166247837,31535853,0.0,1.0
2023-07-14 00:00:00+00:00,125.7,127.09,124.9,125.13,20499780,124.9518655201,126.333592593,124.1566269169,124.3852580153,20499780,0.0,1.0
2023-07-17 00:00:00+00:00,125.06,127.28,124.5,126.06,20675297,124.3156746376,126.5224617613,123.7590076153,125.3097228915,20675297,0.0,1.0
2023-07-18 00:00:00+00:00,124.08,124.99,123.3,124.905,21071248,123.3415073487,124.2460912598,122.5661497106,124.1615971582,21071248,0.0,1.0
2023-07-19 00:00:00+00:00,122.78,125.47,122.47,124.79,22313803,122.0492446186,124.7232344217,121.7410896599,124.047281609,22313803,0.0,1.0
2023-07-20 00:00:00+00:00,119.53,124.7,118.685,122.12,27541711,118.8185877933,123.9578172661,117.9786170187,121.393172771,27541711,0.0,1.0
2023-07-21 00:00:00+00:00,120.31,121.3,119.07,120.87,56514645,119.5939454313,120.5780532027,118.3613255965,120.1506124535,56514645,0.0,1.0
2023-07-24 00:00:00+00:00,121.88,123.35,121.38,121.926,22312220,121.15460119,122.6158521233,120.6575770631,121.2003274097,22312220,0.0,1.0
2023-07-25 00:00:00+00:00,122.79,123.69,121.53,121.88,31820846,122.0591851011,122.9538285297,120.8066843011,121.15460119,31820846,0.0,1.0
2023-07-26 00:00:00+00:00,129.66,131.37,128.71,130.36,46216895,128.8882966057,130.5881191199,127.9439507644,129.5841303834,46216895,0.0,1.0
2023-07-27 00:00:00+00:00,129.87,133.6,129.18,131.8,35931612,129.097046739,132.8048467262,128.4111534438,131.0155598691,35931612,0.0,1.0
2023-07-28 00:00:00+00:00,133.01,134.07,130.92,130.97,26971011,132.2183582564,133.2720494055,130.1407974056,130.1904998183,26971011,0.0,1.0
2023-07-31 00:00:00+00:00,133.11,133.83,132.13,133.01,18381891,132.3177630818,133.0334778246,131.3435957929,132.2183582564,18381891,0.0,1.0
2023-08-01 00:00:00+00:00,131.89,132.92,130.75,130.855,22219012,131.105024212,132.1288939135,129.9718092025,130.0761842691,22219012,0.0,1.0
2023-08-02 00:00:00+00:00,128.64,130.42,127.85,129.84,22705778,127.8743673867,129.6437732787,127.089069266,129.0672252914,22705778,0.0,1.0
2023-08-03 00:00:00+00:00,128.77,129.77,127.775,128.37,15086132,128.0035936597,128.9976419136,127.014515647,127.6059743581,15086132,0.0,1.0
2023-08-04 00:00:00+00:00,128.54,131.93,128.315,129.6,20521852,127.7749625613,131.1447861421,127.5513017041,128.8286537104,20521852,0.0,1.0
2023-08-07 00:00:00+00:00,131.94,132.06,129.43,129.51,17621041,131.1547266246,131.2740124151,128.6596655073,128.7391893676,17621041,0.0,1.0
2023-08-08 00:00:00+00:00,131.84,131.94,130.13,130.98,16835952,131.0553217993,131.1547266246,129.355499285,130.2004403009,16835952,0.0,1.0
2023-08-09 00:00:00+00:00,130.15,132.47,129.505,132.19,17745218,129.3753802501,131.6815721992,128.7342191263,131.4032386881,17745218,0.0,1.0
2023-08-10 00:00:00+00:00,130.21,132.647,130.035,131.97,17855681,129.4350231453,131.8575187402,129.2610647009,131.1845480723,17855681,0.0,1.0
2023-08-11 00:00:00+00:00,130.17,130.44,128.75,129.202,15205465,129.3952612152,129.6636542437,127.9837126946,128.4330225054,15205465,0.0,1.0
2023-08-14 00:00:00+00:00,131.83,131.91,129.59,129.85,17526195,131.0453813167,131.124905177,128.8187132279,129.0771657739,17526195,0.0,1.0
2023-08-15 00:00:00+00:00,130.27,131.99,129.819,131.59,14769173,129.4946660406,131.2044290373,129.046350278,130.8068097358,14769173,0.0,1.0
2023-08-16 00:00:00+00:00,129.11,130.8975,128.46,129.28,17548355,128.341570066,130.1184313199,127.6954387009,128.5105582692,17548355,0.0,1.0
2023-08-17 00:00:00+00:00,130.46,132.4913,129.85,130.45,23665562,129.6835352088,131.702745427,129.0771657739,129.6735947263,23665562,0.0,1.0
2023-08-18 00:00:00+00:00,128.11,129.83,127.0,129.06,23627202,127.3475218121,129.0572848088,126.2441282502,128.2918676533,23627202,0.0,1.0
2023-08-21 00:00:00+00:00,128.93,129.26,127.16,127.85,21851070,128.1626413803,128.4906773041,126.4031759708,127.089069266,21851070,0.0,1.0
2023-08-22 00:00:00+00:00,129.69,130.95,128.925,129.13,15569373,128.9181180533,130.1706188532,128.157671139,128.3614510311,15569373,0.0,1.0
2023-08-23 00:00:00+00:00,133.21,134.07,130.51,130.85,26497027,132.4171679072,133.2720494055,129.7332376215,130.0712140279,26497027,0.0,1.0
2023-08-24 00:00:00+00:00,130.42,134.97,130.3,134.7272,18680381,129.6437732787,134.1666928341,129.5244874882,133.925337918,18680381,0.0,1.0
2023-08-25 00:00:00+00:00,130.69,131.4,128.04,130.14,20678096,129.9121663072,130.6179405675,127.2779384343,129.3654397676,20678096,0.0,1.0
2023-08-28 00:00:00+00:00,131.79,133.24,130.85,132.08,16715467,131.0056193866,132.4469893548,130.0712140279,131.2938933802,16715467,0.0,1.0
2023-08-29 00:00:00+00:00,135.49,137.295,132.98,132.9981,30803265,134.6835979261,136.4778550245,132.1885368087,132.2065290821,30803265,0.0,1.0
2023-08-30 00:00:00+00:00,136.93,137.25,135.021,135.57,21773356,136.1150274118,136.4331228531,134.217389295,134.7631217864,21773356,0.0,1.0
2023-08-31 00:00:00+00:00,137.35,138.4,136.82,137.05,28147850,136.5325276785,137.5762783451,136.0056821039,136.2343132023,28147850,0.0,1.0
2023-09-01 00:00:00+00:00,136.8,138.58,135.94,138.43,16671647,135.9858011388,137.7552070308,135.1309196404,137.6060997927,16671647,0.0,1.0
2023-09-05 00:00:00+00:00,136.71,137.37,135.56,136.44,17730218,135.8963367959,136.5524086435,134.7531813039,135.6279437674,17730218,0.0,1.0
2023-09-06 00:00:00+00:00,135.37,137.48,134.69,137.015,15814327,134.5643121357,136.6617539515,133.888359323,136.1995215134,15814327,0.0,1.0
2023-09-07 00:00:00+00:00,136.2,136.58,133.9601,134.6,16975956,135.3893721864,135.7671105229,133.1628035024,133.7988949801,16975956,0.0,1.0
2023-09-08 00:00:00+00:00,137.2,137.515,135.87,135.87,17820005,136.3834204404,136.6965456404,135.0613362626,135.0613362626,17820005,0.0,1.0
2023-09-11 00:00:00+00:00,137.74,138.2638,136.55,137.38,17180755,136.9202064975,137.4408889729,135.7372890753,136.5623491261,17180755,0.0,1.0
2023-09-12 00:00:00+00:00,136.07,137.64,135.93,137.13,15212934,135.2601459134,136.8208016721,135.1209791579,136.3138370626,15212934,0.0,1.0
2023-09-13 00:00:00+00:00,137.5,137.7,134.93,135.9,16394915,136.6816349165,136.8804445673,134.1269309039,135.0911577102,16394915,0.0,1.0
2023-09-14 00:00:00+00:00,138.99,139.55,137.06,138.39,19064607,138.1627668149,138.7194338371,136.2442536848,137.5663378626,19064607,0.0,1.0
2023-09-15 00:00:00+00:00,138.3,139.36,137.18,138.8,48958837,137.4768735197,138.5305646689,136.3635394753,137.9738976467,48958837,0.0,1.0
2023-09-18 00:00:00+00:00,138.96,139.93,137.63,137.63,16233590,138.1329453673,139.0971721736,136.8108611896,136.8108611896,16233590,0.0,1.0
2023-09-19 00:00:00+00:00,138.83,139.175,137.5,138.25,15484644,138.0037190943,138.3466657419,136.6816349165,137.427171107,15484644,0.0,1.0
2023-09-20 00:00:00+00:00,134.59,138.84,134.52,138.83,21473533,133.7889544976,138.0136595768,133.7193711198,138.0037190943,21473533,0.0,1.0
2023-09-21 00:00:00+00:00,131.36,133.19,131.09,132.39,22058375,130.5781786374,132.3972869421,130.3097856088,131.6020483389,22058375,0.0,1.0
2023-09-22 00:00:00+00:00,131.25,133.01,130.51,131.68,17355284,130.4688333294,132.2183582564,129.7332376215,130.8962740786,17355284,0.0,1.0
2023-09-25 00:00:00+00:00,132.17,132.22,130.03,130.77,14650032,131.3833577231,131.4330601358,129.2560944596,129.9916901675,14650032,0.0,1.0
2023-09-26 00:00:00+00:00,129.45,131.405,128.19,130.914,20378789,128.6795464723,130.6229108088,127.4270456724,130.1348331161,20378789,0.0,1.0
2023-09-27 00:00:00+00:00,131.46,131.72,129.38,129.44,18764201,130.6775834628,130.9360360088,128.6099630946,128.6696059898,18764201,0.0,1.0
2023-09-28 00:00:00+00:00,133.13,134.1799,130.69,130.69,18201389,132.3376440468,133.3812953086,129.9121663072,129.9121663072,18201389,0.0,1.0
2023-09-29 00:00:00+00:00,131.85,134.89,131.32,134.08,23237336,131.0652622818,134.0871689738,130.5384167072,133.2819898881,23237336,0.0,1.0
2023-10-02 00:00:00+00:00,135.17,135.36,132.065,132.155,19210394,134.3655024849,134.5543716531,131.2789826564,131.3684469992,19210394,0.0,1.0
2023-10-03 00:00:00+00:00,133.3,135.24,132.815,134.93,19628736,132.50663225,134.4350858626,132.0245188468,134.1269309039,19628736,0.0,1.0
2023-10-04 00:00:00+00:00,136.27,136.57,133.43,133.66,22847987,135.4589555642,135.7571700404,132.635858523,132.8644896214,22847987,0.0,1.0
2023-10-05 00:00:00+00:00,135.99,136.5,134.455,136.13,15922944,135.1806220531,135.6875866626,133.6547579833,135.3197888087,15922944,0.0,1.0
2023-10-06 00:00:00+00:00,138.73,139.1857,134.94,134.94,20826683,137.9043142689,138.3573020582,134.1368713865,134.1368713865,20826683,0.0,1.0
2023-10-09 00:00:00+00:00,139.5,139.97,136.7,137.99,16599099,138.6697314244,139.1369341038,135.8863963134,137.168718561,16599099,0.0,1.0
2023-10-10 00:00:00+00:00,139.2,140.74,138.43,139.51,19554916,138.3715169482,139.9023512593,137.6060997927,138.679671907,19554916,0.0,1.0
2023-10-11 00:00:00+00:00,141.7,142.22,139.84,139.85,20146341,140.8566375831,141.3735426751,139.0077078308,139.0176483133,20146341,0.0,1.0
2023-10-12 00:00:00+00:00,140.29,142.38,139.45,142.16,18173107,139.455029545,141.5325903958,138.6200290117,141.3138997799,18173107,0.0,1.0
2023-10-13 00:00:00+00:00,138.58,141.34,137.97,140.65,19447565,137.7552070308,140.4987802117,137.1488375959,139.8128869165,19447565,0.0,1.0
2023-10-16 00:00:00+00:00,140.49,140.905,139.32,139.73,17345556,139.6538391958,140.0663692212,138.4908027387,138.8983625228,17345556,0.0,1.0
2023-10-17 00:00:00+00:00,140.99,141.25,138.5287,140.03,17424024,140.1508633228,140.4093158688,137.7042123554,139.196576999,17424024,0.0,1.0
2023-10-18 00:00:00+00:00,139.28,141.99,138.705,140.75,18304869,138.4510408086,141.1449115767,137.8794630625,139.9122917418,18304869,0.0,1.0
2023-10-19 00:00:00+00:00,138.98,141.005,138.6,139.8,21831181,138.1528263324,140.1657740466,137.7750879959,138.9679459006,21831181,0.0,1.0
2023-10-20 00:00:00+00:00,136.74,139.04,136.245,138.59,24970263,135.9261582436,138.2124692276,135.4341043579,137.7651475133,24970263,0.0,1.0
2023-10-23 00:00:00+00:00,137.9,139.02,135.11,136.23,20780665,137.0792542181,138.1925882625,134.3058595896,135.419193634,20780665,0.0,1.0
2023-10-24 00:00:00+00:00,140.12,140.7099,138.75,139.16,26535198,139.2860413419,139.8724304069,137.924195234,138.3317550181,26535198,0.0,1.0
2023-10-25 00:00:00+00:00,126.67,130.1,126.09,129.77,58796067,125.9160923264,129.3256778374,125.3395443391,128.9976419136,58796067,0.0,1.0
2023-10-26 00:00:00+00:00,123.44,125.46,122.32,124.47,33907363,122.7053164662,124.7132939391,121.5919824218,123.7291861677,33907363,0.0,1.0
2023-10-27 00:00:00+00:00,123.4,124.44,121.46,124.03,37367673,122.665554536,123.6993647201,120.7371009234,123.291804936,37367673,0.0,1.0
2023-10-30 00:00:00+00:00,125.75,126.55,123.88,124.46,24165631,125.0015679328,125.7968065359,123.1426976979,123.7192456852,24165631,0.0,1.0
2023-10-31 00:00:00+00:00,125.3,126.56,123.925,126.27,21123418,124.5542462185,125.8067470185,123.1874298693,125.5184730248,21123418,0.0,1.0
2023-11-01 00:00:00+00:00,127.57,127.74,124.925,125.34,26536604,126.8107357549,126.9797239581,124.1814781233,124.5940081487,26536604,0.0,1.0
2023-11-02 00:00:00+00:00,128.58,130.09,128.11,129.56,24091672,127.8147244914,129.3157373549,127.3475218121,128.7888917803,24091672,0.0,1.0
2023-11-03 00:00:00+00:00,130.37,130.73,129.01,129.09,19529448,129.594070866,129.9519282374,128.2421652406,128.3216891009,19529448,0.0,1.0
2023-11-06 00:00:00+00:00,131.45,131.56,129.93,130.22,15360362,130.6676429802,130.7769882882,129.1566896342,129.4449636279,15360362,0.0,1.0
2023-11-07 00:00:00+00:00,132.4,133.28,131.14,131.98,19223786,131.6119888215,132.4867512849,130.3594880215,131.1944885548,19223786,0.0,1.0
2023-11-08 00:00:00+00:00,133.26,133.54,132.16,132.36,15093598,132.4668703198,132.745203831,131.3734172405,131.5722268913,15093598,0.0,1.0
2023-11-09 00:00:00+00:00,131.69,133.96,131.51,133.36,17976533,130.9062145612,133.1627040976,130.7272858755,132.5662751452,17976533,0.0,1.0
2023-11-10 00:00:00+00:00,134.06,134.27,130.87,131.53,20879838,133.262108923,133.4708590563,130.0910949929,130.7471668405,20879838,0.0,1.0
2023-11-13 00:00:00+00:00,133.64,134.11,132.77,133.36,16409856,132.8446086563,133.3118113357,131.9797866754,132.5662751452,16409856,0.0,1.0
2023-11-14 00:00:00+00:00,135.43,137.24,135.1,135.65,22317345,134.6239550309,136.4231823705,134.2959191071,134.8426456468,22317345,0.0,1.0
2023-11-15 00:00:00+00:00,136.38,136.84,135.33,136.64,15840883,135.5683008721,136.0255630689,134.5245502055,135.8267534182,15840883,0.0,1.0
2023-11-16 00:00:00+00:00,138.7,138.8799,136.08,136.96,17615068,137.8744928213,138.0533221022,135.270086396,136.1448488594,17615068,0.0,1.0
2023-11-17 00:00:00+00:00,136.94,138.0,135.48,137.82,25590191,136.1249678943,137.1786590435,134.6736574436,136.9997303578,25590191,0.0,1.0
2023-11-20 00:00:00+00:00,137.92,138.425,135.49,135.5,19589006,137.0991351832,137.6011295514,134.6835979261,134.6935384087,19589006,0.0,1.0
2023-11-21 00:00:00+00:00,138.62,138.965,137.705,137.94,17648067,137.794968961,138.1379156086,136.8854148086,137.1190161483,17648067,0.0,1.0
2023-11-22 00:00:00+00:00,140.02,141.1,139.0,139.1,17310209,139.1866365165,140.2602086307,138.1727072975,138.2721121228,17310209,0.0,1.0
2023-11-24 00:00:00+00:00,138.22,139.677,137.47,139.54,8828640,137.3973496594,138.8456779654,136.6518134689,138.7094933546,8828640,0.0,1.0
2023-11-27 00:00:00+00:00,138.05,139.63,137.54,137.57,17886389,137.2283614562,138.7989576974,136.7213968467,136.7512182943,17886389,0.0,1.0
2023-11-28 00:00:00+00:00,138.62,138.66,137.04,137.63,17046868,137.794968961,137.8347308911,136.2243727197,136.8108611896,17046868,0.0,1.0
2023-11-29 00:00:00+00:00,136.4,139.67,136.295,138.985,21014715,135.5881818372,138.8387196276,135.4838067706,138.1577965736,21014715,0.0,1.0
2023-11-30 00:00:00+00:00,133.92,136.96,132.79,136.4,29913531,133.1229421674,136.1448488594,131.9996676405,135.5881818372,29913531,0.0,1.0
2023-12-01 00:00:00+00:00,133.32,133.5,132.1517,133.32,24267987,132.5265132151,132.7054419008,131.36516664,132.5265132151,24267987,0.0,1.0
2023-12-04 00:00:00+00:00,130.63,131.45,129.4,131.294,24117083,129.852523412,130.6676429802,128.6298440596,130.5125714526,24117083,0.0,1.0
2023-12-05 00:00:00+00:00,132.39,133.54,129.73,130.37,19235145,131.6020483389,132.745203831,128.9578799834,129.594070866,19235145,0.0,1.0
2023-12-06 00:00:00+00:00,131.43,133.31,131.31,132.9,16265640,130.6477620151,132.5165727325,130.5284762247,132.1090129484,16265640,0.0,1.0
2023-12-07 00:00:00+00:00,138.45,140.0,136.23,136.6,38419426,137.6259807578,139.1667555514,135.419193634,135.786991488,38419426,0.0,1.0
2023-12-08 00:00:00+00:00,136.64,137.99,135.57,135.66,23016139,135.8267534182,137.168718561,134.7631217864,134.8525861293,23016139,0.0,1.0
2023-12-11 00:00:00+00:00,134.7,134.79,132.89,133.82,24502860,133.8982998055,133.9877641484,132.0990724659,133.0235373421,24502860,0.0,1.0
2023-12-12 00:00:00+00:00,133.64,134.54,132.83,133.27,26583981,132.8446086563,133.7392520849,132.0394295707,132.4768108024,26583981,0.0,1.0
2023-12-13 00:00:00+00:00,133.97,134.78,132.95,134.545,25414461,133.1726445801,133.9778236658,132.1587153611,133.7442223262,25414461,0.0,1.0
2023-12-14 00:00:00+00:00,133.2,135.035,131.06,134.77,29619098,132.4072274246,134.2313059706,130.2799641612,133.9678831833,29619098,0.0,1.0
2023-12-15 00:00:00+00:00,133.84,134.83,132.63,132.92,58594004,133.0434183071,134.0275260785,131.8406199199,132.1288939135,58594004,0.0,1.0
2023-12-18 00:00:00+00:00,137.19,138.38,133.77,133.86,25699767,136.3734799578,137.55639738,132.9738349294,133.0632992722,25699767,0.0,1.0
2023-12-19 00:00:00+00:00,138.1,138.77,137.45,138.0,20601632,137.2780638689,137.944076199,136.6319325039,137.1786590435,20601632,0.0,1.0
2023-12-20 00:00:00+00:00,139.66,143.0783,139.41,140.33,33507342,138.8287791451,142.2267342915,138.5802670816,139.4947914752,33507342,0.0,1.0
2023-12-21 00:00:00+00:00,141.8,142.03,140.4725,140.77,18101476,140.9560424085,141.1846735069,139.6364433514,139.9321727069,18101476,0.0,1.0
2023-12-22 00:00:00+00:00,142.72,143.25,142.055,142.13,18513524,141.8705668021,142.3974123767,141.2095247132,141.2840783323,18513524,0.0,1.0
2023-12-26 00:00:00+00:00,142.82,143.945,142.5001,142.98,11170066,141.9699716275,143.0882759132,141.6519755911,142.1290193481,11170066,0.0,1.0
2023-12-27 00:00:00+00:00,141.44,143.32,141.0512,142.83,17261305,140.5981850371,142.4669957545,140.2116990759,141.97991211,17261305,0.0,1.0
2023-12-28 00:00:00+00:00,141.28,142.27,140.8283,141.85,12192549,140.4391373164,141.4232450878,139.9901257201,141.0057448212,12192549,0.0,1.0
2023-12-29 00:00:00+00:00,140.93,141.435,139.9,140.68,14880961,140.0912204276,140.5932147958,139.067350726,139.8427083641,14880961,0.0,1.0
2024-01-02 00:00:00+00:00,139.56,140.6147,137.74,139.6,20071885,138.7293743197,139.7777970131,136.9202064975,138.7691362498,20071885,0.0,1.0
2024-01-03 00:00:00+00:00,140.36,141.09,138.43,138.6,18974308,139.5246129228,140.2502681482,137.6060997927,137.7750879959,18974308,0.0,1.0
2024-01-04 00:00:00+00:00,138.04,140.635,138.01,139.85,18253331,137.2184209737,139.7979761926,137.1885995261,139.0176483133,18253331,0.0,1.0
2024-01-05 00:00:00+00:00,137.39,138.81,136.85,138.352,15140136,136.5722896086,137.9838381292,136.0355035515,137.5285640289,15140136,0.0,1.0
2024-01-08 00:00:00+00:00,140.53,140.64,137.88,138.0,17645293,139.693601126,139.8029464339,137.059373253,137.1786590435,17645293,0.0,1.0
2024-01-09 00:00:00+00:00,142.56,142.7998,139.79,140.06,19579667,141.7115190815,141.9498918528,138.9580054181,139.2263984466,19579667,0.0,1.0
2024-01-10 00:00:00+00:00,143.8,144.525,142.46,142.52,16641881,142.9441389164,143.6648239005,141.6121142561,141.6717571513,16641881,0.0,1.0
2024-01-11 00:00:00+00:00,143.67,146.66,142.215,144.895,17471130,142.8149126433,145.7871169226,141.3685724339,144.0326217544,17471130,0.0,1.0
2024-01-12 00:00:00+00:00,144.24,144.74,143.36,144.34,13998729,143.3815201481,143.8785442751,142.5067576846,143.4809249735,13998729,0.0,1.0
2024-01-16 00:00:00+00:00,144.08,145.84,143.0564,143.43,19198939,143.2224724275,144.9719973544,142.2049646347,142.5763410624,19198939,0.0,1.0
2024-01-17 00:00:00+00:00,142.89,143.41,140.51,142.91,17884548,142.0395550053,142.5564600973,139.6737201609,142.0594359704,17884548,0.0,1.0
2024-01-18 00:00:00+00:00,144.99,145.585,143.35,143.44,18876800,144.1270563385,144.7185150496,142.4968172021,142.5862815449,18876800,0.0,1.0
2024-01-19 00:00:00+00:00,147.97,148.04,145.8,146.305,27181032,147.0893201353,147.1589035131,144.9322354242,145.4342297925,27181032,0.0,1.0
2024-01-22 00:00:00+00:00,147.71,150.015,147.58,148.71,21829232,146.8308675893,149.1221488146,146.7016413162,147.8249158432,21829232,0.0,1.0
2024-01-23 00:00:00+00:00,148.68,148.86,147.19,147.72,14113649,147.7950943956,147.9740230813,146.3139624972,146.8408080718,14113649,0.0,1.0
2024-01-24 00:00:00+00:00,150.35,151.57,149.84,150.29,18892741,149.4551549797,150.6678938495,148.9481903701,149.3955120844,18892741,0.0,1.0
2024-01-25 00:00:00+00:00,153.64,154.76,151.22,151.74,21495120,152.7255737351,153.8389077795,150.3199769606,150.8368820526,21495120,0.0,1.0
2024-01-26 00:00:00+00:00,153.79,154.11,152.8,152.87,19494488,152.8746809732,153.1927764145,151.8905732018,151.9601565796,19494488,0.0,1.0
2024-01-29 00:00:00+00:00,154.84,155.2,152.92,153.64,20909258,153.9184316398,154.2762890113,152.0098589923,152.7255737351,20909258,0.0,1.0
2024-01-30 00:00:00+00:00,153.05,155.04,152.775,154.01,26578934,152.1390852653,154.1172412906,151.8657219955,153.0933715891,26578934,0.0,1.0
2024-01-31 00:00:00+00:00,141.8,145.59,141.55,145.39,43908584,140.9560424085,144.7234852909,140.707530345,144.5246756401,43908584,0.0,1.0
2024-02-01 00:00:00+00:00,142.71,144.62,142.26,143.69,25526855,141.8606263196,143.7592584846,141.4133046053,142.8347936084,25526855,0.0,1.0
2024-02-02 00:00:00+00:00,143.54,143.88,138.17,140.89,42136127,142.6856863703,143.0236627767,137.3476472467,140.0514584974,42136127,0.0,1.0
2024-02-05 00:00:00+00:00,144.93,146.67,143.91,144.04,29254444,144.0674134433,145.7970574052,143.0534842243,143.1827104973,29254444,0.0,1.0
2024-02-06 00:00:00+00:00,145.41,146.74,144.52,145.96,21517655,144.5445566052,145.8666407829,143.6598536592,145.0912831449,21517655,0.0,1.0
2024-02-07 00:00:00+00:00,146.68,147.0,145.2103,146.12,21436126,145.8069978877,146.125093329,144.3460451689,145.2503308655,21436126,0.0,1.0
2024-02-08 00:00:00+00:00,147.22,147.61,146.42,146.97,18241319,146.3437839448,146.7314627639,145.5485453417,146.0952718813,18241319,0.0,1.0
2024-02-09 00:00:00+00:00,150.22,150.695,147.43,147.95,21877693,149.3259287066,149.7981016273,146.5525340782,147.0694391702,21877693,0.0,1.0
2024-02-12 00:00:00+00:00,148.73,150.59,148.56,149.54,17236108,147.8447968083,149.6937265606,147.6758086051,148.649975894,17236108,0.0,1.0
2024-02-13 00:00:00+00:00,146.37,148.04,145.11,146.07,18138482,145.498842929,147.1589035131,144.246342129,145.2006284528,18138482,0.0,1.0
2024-02-14 00:00:00+00:00,147.14,147.83,145.555,147.37,16651824,146.2642600845,146.9501533797,144.688693602,146.4928911829,16651824,0.0,1.0
2024-02-15 00:00:00+00:00,143.94,144.76,141.88,144.46,26724305,143.0833056719,143.8984252401,141.0355662688,143.600210764,26724305,0.0,1.0
2024-02-16 00:00:00+00:00,141.76,144.48,141.52,144.21,21865118,140.9162804783,143.620091729,140.6777088974,143.3516987005,21865118,0.0,1.0
2024-02-20 00:00:00+00:00,142.2,143.3285,140.8,140.94,18625589,141.3536617101,142.4754451646,139.9619941545,140.1011609101,18625589,0.0,1.0
2024-02-21 00:00:00+00:00,143.84,143.98,141.91,142.64,16499584,142.9839008465,143.1230676021,141.0653877164,141.7910429418,16499584,0.0,1.0
2024-02-22 00:00:00+00:00,145.32,146.2,144.01,146.12,23024707,144.4550922623,145.3298547258,143.1528890497,145.2503308655,23024707,0.0,1.0
2024-02-23 00:00:00+00:00,145.29,145.955,144.79,144.97,14519434,144.4252708147,145.0863129036,143.9282466878,144.1071753735,14519434,0.0,1.0
2024-02-26 00:00:00+00:00,138.75,143.84,138.74,143.45,33513011,137.924195234,142.9839008465,137.9142547514,142.5962220275,33513011,0.0,1.0
2024-02-27 00:00:00+00:00,140.1,140.49,138.5,139.41,22363981,139.2661603768,139.6538391958,137.6756831705,138.5802670816,22363981,0.0,1.0
2024-02-28 00:00:00+00:00,137.43,139.28,136.64,139.1,30628702,136.6120515388,138.4510408086,135.8267534182,138.2721121228,30628702,0.0,1.0
2024-02-29 00:00:00+00:00,139.78,139.95,137.57,138.35,35485006,138.9480649355,139.1170531387,136.7512182943,137.5265759324,35485006,0.0,1.0
2024-03-01 00:00:00+00:00,138.08,140.0,137.975,139.61,28551525,137.2581829038,139.1667555514,137.1538078372,138.7790767324,28551525,0.0,1.0
2024-03-04 00:00:00+00:00,134.2,136.63,132.86,136.54,43571510,133.4012756785,135.8168129356,132.0692510183,135.7273485928,43571510,0.0,1.0
2024-03-05 00:00:00+00:00,133.78,134.02,131.55,132.74,28447550,132.9837754119,133.2223469928,130.7670478056,131.9499652278,28447550,0.0,1.0
2024-03-06 00:00:00+00:00,132.56,134.74,131.95,134.24,23175200,131.7710365421,133.9380617357,131.1646671072,133.4410376087,23175200,0.0,1.0
2024-03-07 00:00:00+00:00,135.24,135.82,132.66,133.89,24107282,134.4350858626,135.0116338499,131.8704413675,133.0931207198,24107282,0.0,1.0
2024-03-08 00:00:00+00:00,136.29,138.985,134.8,135.035,26495160,135.4788365293,138.1577965736,133.9977046309,134.2313059706,26495160,0.0,1.0
2024-03-11 00:00:00+00:00,138.94,139.98,137.07,137.07,22462576,138.1130644022,139.1468745863,136.2541941674,136.2541941674,22462576,0.0,1.0
2024-03-12 00:00:00+00:00,139.62,140.28,138.21,138.25,18951920,138.7890172149,139.4450890625,137.3874091768,137.427171107,18951920,0.0,1.0
2024-03-13 00:00:00+00:00,140.77,142.19,140.01,140.06,19589151,139.9321727069,141.3437212275,139.1766960339,139.2263984466,19589151,0.0,1.0
2024-03-14 00:00:00+00:00,144.34,144.73,141.485,142.3,35991108,143.4809249735,143.8686037925,140.6429172085,141.4530665355,35991108,0.0,1.0
2024-03-15 00:00:00+00:00,142.17,144.34,141.1301,143.41,41039494,141.3238402624,143.4809249735,140.2901294832,142.5564600973,41039494,0.0,1.0
2024-03-18 00:00:00+00:00,148.48,152.93,148.14,149.37,47676689,147.5962847448,152.0197994748,147.2583083385,148.4809876908,47676689,0.0,1.0
2024-03-19 00:00:00+00:00,147.92,149.62,147.01,148.98,17748367,147.0396177226,148.7294997543,146.1350338115,148.0933088718,17748367,0.0,1.0
2024-03-20 00:00:00+00:00,149.68,149.76,147.665,148.79,17729996,148.7891426495,148.8686665098,146.7861354178,147.9044397035,17729996,0.0,1.0
2024-03-21 00:00:00+00:00,148.74,151.305,148.0101,150.32,19843915,147.8547372908,150.4044710622,147.1291814703,149.425333532,19843915,0.0,1.0
2024-03-22 00:00:00+00:00,151.77,152.56,150.09,150.24,19252925,150.8667035002,151.6520016209,149.1967024336,149.3458096717,19252925,0.0,1.0
2024-03-25 00:00:00+00:00,151.15,151.456,148.8,150.95,15114728,150.2503935828,150.5545723485,147.9143801861,150.051583932,15114728,0.0,1.0
2024-03-26 00:00:00+00:00,151.7,153.2,151.03,151.24,19312694,150.7971201225,152.2881925034,150.1311077923,150.3398579257,19312694,0.0,1.0
2024-03-27 00:00:00+00:00,151.94,152.69,150.13,152.145,16621964,151.0356917034,151.7812278939,149.2364643638,151.2394715955,16621964,0.0,1.0
2024-03-28 00:00:00+00:00,152.26,152.67,151.33,152.0,21105628,151.3537871447,151.7613469288,150.4293222685,151.0953345987,21105628,0.0,1.0
2024-04-01 00:00:00+00:00,156.5,157.0,151.65,151.83,24416137,155.5685517414,156.0655758683,150.7474177098,150.9263463955,24416137,0.0,1.0
2024-04-02 00:00:00+00:00,155.87,155.99,153.46,154.75,17549140,154.9423013414,155.0615871319,152.5466450494,153.828967297,17549140,0.0,1.0
2024-04-03 00:00:00+00:00,156.37,156.55,154.1321,154.92,16984168,155.4393254684,155.6182541541,153.2147448809,153.9979555002,16984168,0.0,1.0
2024-04-04 00:00:00+00:00,151.94,156.18,151.88,155.08,23901697,151.0356917034,155.2504563001,150.9760488082,154.1570032208,23901697,0.0,1.0
2024-04-05 00:00:00+00:00,153.94,154.84,151.081,151.68,16212049,153.0237882113,153.9184316398,150.1818042533,150.7772391574,16212049,0.0,1.0
2024-04-08 00:00:00+00:00,156.14,156.655,153.99,154.015,16280924,155.21069437,155.7226292207,153.073490624,153.0983418303,16280924,0.0,1.0
2024-04-09 00:00:00+00:00,158.14,159.89,156.64,157.35,21435146,157.1987908778,158.9383753222,155.7077184969,156.4134927572,21435146,0.0,1.0
2024-04-10 00:00:00+00:00,157.66,158.16,156.2,157.88,16339174,156.7216477159,157.2186718429,155.2703372652,156.9403383318,16339174,0.0,1.0
2024-04-11 00:00:00+00:00,160.79,161.1199,157.93,158.34,17841703,159.8330187508,160.1609552697,156.9900407445,157.3976005286,17841703,0.0,1.0
2024-04-12 00:00:00+00:00,159.19,161.7,158.6,159.405,16989765,158.2425415445,160.7376026619,157.6560530746,158.4562619191,16989765,0.0,1.0
2024-04-15 00:00:00+00:00,156.33,160.83,156.15,160.28,21140948,155.3995635382,159.8727806809,155.2206348525,159.3260541413,21140948,0.0,1.0
2024-04-16 00:00:00+00:00,156.0,157.23,155.05,155.64,15413201,155.0715276144,156.2942069668,154.1271817732,154.713670243,15413201,0.0,1.0
2024-04-17 00:00:00+00:00,156.88,158.681,156.135,157.19,16237752,155.9462900779,157.7365709832,155.2057241287,156.2544450366,16237752,0.0,1.0
2024-04-18 00:00:00+00:00,157.46,158.485,156.21,156.925,14016065,156.5228380652,157.5417375254,155.2802777477,155.9910222493,14016065,0.0,1.0
2024-04-19 00:00:00+00:00,155.72,157.99,153.91,157.75,21479881,154.7931941033,157.0496836397,152.9939667637,156.8111120588,21479881,0.0,1.0
2024-04-22 00:00:00+00:00,157.95,159.185,155.66,156.01,17243870,157.0099217096,158.2375713032,154.7335512081,155.0814680969,17243870,0.0,1.0
2024-04-23 00:00:00+00:00,159.92,160.48,157.965,158.59,16115408,158.9681967698,159.5248637921,157.0248324334,157.6461125921,16115408,0.0,1.0
2024-04-24 00:00:00+00:00,161.1,161.39,158.82,159.09,19485694,160.1411737095,160.4294477031,157.8747436905,158.1431367191,19485694,0.0,1.0
2024-04-25 00:00:00+00:00,157.95,158.28,152.768,153.36,36197789,157.0099217096,157.3379576334,151.8587636577,152.447240224,36197789,0.0,1.0
2024-04-26 00:00:00+00:00,173.69,176.42,171.4,175.99,56500787,172.6562412266,175.3699929598,170.3798707251,174.9425522106,56500787,0.0,1.0
2024-04-29 00:00:00+00:00,167.9,171.38,167.06,170.77,35914561,166.9007018363,170.35998976,166.065701303,169.7536203251,35914561,0.0,1.0
2024-04-30 00:00:00+00:00,164.64,169.87,164.5,167.38,29420755,163.6601045284,168.8589768965,163.5209377729,166.3837967442,29420755,0.0,1.0
2024-05-01 00:00:00+00:00,165.57,168.81,164.9,166.18,25223245,164.5845694046,167.8052857474,163.9185570745,165.1909388395,25223245,0.0,1.0
2024-05-02 00:00:00+00:00,168.46,168.53,165.69,166.67,17041119,167.4573688585,167.5269522363,164.7038551951,165.6780224839,17041119,0.0,1.0
2024-05-03 00:00:00+00:00,168.99,169.85,164.98,169.54,22767056,167.9842144331,168.8390959315,163.9980809348,168.5309409727,22767056,0.0,1.0
2024-05-06 00:00:00+00:00,169.83,169.9,167.89,169.22,15147906,168.8192149664,168.8887983442,166.8907613537,168.2128455315,15147906,0.0,1.0
2024-05-07 00:00:00+00:00,172.98,173.47,170.0,170.12,21102434,171.9504669663,172.4375506107,168.9882031695,169.10748896,21102434,0.0,1.0
2024-05-08 00:00:00+00:00,171.16,171.9092,170.522,170.75,14569858,170.1412991441,170.886040096,169.5070963581,169.73373936,14569858,0.0,1.0
2024-05-09 00:00:00+00:00,171.58,172.44,169.93,171.15,11937704,170.5587994108,171.4136809092,168.9186197918,170.1313586616,11937704,0.0,1.0
2024-05-10 00:00:00+00:00,170.29,171.34,167.91,169.69,18740458,169.2764771632,170.3202278298,166.9106423188,168.6800482108,18740458,0.0,1.0
2024-05-13 00:00:00+00:00,170.9,170.95,165.76,165.847,19648585,169.8828465981,169.9325490108,164.7734385728,164.8599207709,19648585,0.0,1.0
2024-05-14 00:00:00+00:00,171.93,172.78,170.42,171.59,18729463,170.9067162996,171.7516573155,169.4057034362,170.5687398933,18729463,0.0,1.0
2024-05-15 00:00:00+00:00,173.88,174.0459,172.03,172.3,20958245,172.8451103948,173.0100230002,171.006121125,171.2745141536,20958245,0.0,1.0
2024-05-16 00:00:00+00:00,175.43,176.34,174.05,174.6,17247311,174.3858851884,175.2904690995,173.014098598,173.5608251377,17247311,0.0,1.0
2024-05-17 00:00:00+00:00,177.29,177.495,174.98,175.55,16546353,176.2348149408,176.4385948328,173.9385634742,174.5051709789,16546353,0.0,1.0
2024-05-20 00:00:00+00:00,178.46,179.95,177.225,177.31,17495122,177.3978513979,178.8789832962,176.1702018043,176.2546959058,17495122,0.0,1.0
2024-05-21 00:00:00+00:00,179.54,179.82,177.31,178.4,14706021,178.4714235121,178.7497570232,176.2546959058,177.3382085026,14706021,0.0,1.0
2024-05-22 00:00:00+00:00,178.0,178.852,176.7801,178.4,16189404,176.9405892011,177.7875183134,175.7279497361,177.3382085026,16189404,0.0,1.0
2024-05-23 00:00:00+00:00,175.06,179.91,174.54,178.78,14928363,174.0180873345,178.8392213661,173.5011822424,177.7159468391,14928363,0.0,1.0
2024-05-24 00:00:00+00:00,176.33,177.3044,175.2,176.52,11403560,175.280528617,176.2491292356,174.15725409,175.4693977852,11403560,0.0,1.0
2024-05-28 00:00:00+00:00,178.02,178.51,175.68,175.74,15655340,176.9604701661,177.4475538106,174.6343972519,174.6940401472,15655340,0.0,1.0
2024-05-29 00:00:00+00:00,177.4,178.23,176.26,176.81,15023847,176.3441602487,177.1692202995,175.2109452392,175.7576717789,15023847,0.0,1.0
2024-05-30 00:00:00+00:00,173.56,176.69,173.23,176.69,18844036,172.5270149536,175.6383859884,172.1989790298,175.6383859884,18844036,0.0,1.0
2024-05-31 00:00:00+00:00,173.96,174.42,170.97,173.4,28085151,172.9246342551,173.381896452,169.9524299759,172.3679672329,28085151,0.0,1.0
2024-06-03 00:00:00+00:00,174.42,175.86,172.45,173.88,20742798,173.381896452,174.8133259376,171.4236213917,172.8451103948,20742798,0.0,1.0
2024-06-04 00:00:00+00:00,175.13,175.19,173.22,174.45,14066602,174.0876707123,174.1473136075,172.1890385472,173.4117178996,14066602,0.0,1.0
2024-06-05 00:00:00+00:00,177.07,177.97,175.29,176.535,15233861,176.0161243249,176.9107677534,174.2467184329,175.484308509,15233861,0.0,1.0
2024-06-06 00:00:00+00:00,178.35,178.71,177.21,177.43,14255818,177.2885060899,177.6463634614,176.1552910804,176.3739816963,14255818,0.0,1.0
2024-06-07 00:00:00+00:00,175.95,179.42,175.79,178.46,14716270,174.9027902805,178.3521377216,174.7437425599,177.3978513979,14716270,0.0,1.0
2024-06-10 00:00:00+00:00,176.63,178.47,174.38,176.45,17122247,175.7775527439,177.6086725823,173.5384116373,175.5984214554,17122247,0.2,1.0
2024-06-11 00:00:00+00:00,178.19,178.39,175.44,177.72,14402401,177.3300239113,177.5290586763,174.593295892,176.8622922134,14402401,0.0,1.0
2024-06-12 00:00:00+00:00,179.56,182.08,177.78,179.75,18600421,178.6934120518,181.2012500913,176.9220026429,178.8824950786,18600421,0.0,1.0
2024-06-13 00:00:00+00:00,176.74,178.51,176.66,177.84,15956941,175.8870218647,177.6484795353,175.8074079587,176.9817130724,15956941,0.0,1.0
2024-06-14 00:00:00+00:00,178.37,178.73,175.852,175.852,12361571,177.5091551998,177.8674177769,175.0033075079,175.0033075079,12361571,0.0,1.0
2024-06-17 00:00:00+00:00,178.78,179.92,176.49,176.98,15272864,177.9171764681,179.0516746288,175.6382284084,176.1258635828,15272864,0.0,1.0
2024-06-18 00:00:00+00:00,176.45,178.91,175.62,178.79,15640257,175.5984214554,178.0465490654,174.7724271805,177.9271282064,15640257,0.0,1.0
2024-06-20 00:00:00+00:00,177.71,178.74,176.46,176.71,16753166,176.8523404752,177.8773695151,175.6083731937,175.85716665,16753166,0.0,1.0
2024-06-21 00:00:00+00:00,180.26,182.5117,178.06,178.49,59728019,179.3900337294,181.6308666316,177.200651314,177.6285760588,59728019,0.0,1.0
2024-06-24 00:00:00+00:00,180.79,182.08,180.23,181.28,18198282,179.9174758568,181.2012500913,179.3601785146,180.4051110311,18198282,0.0,1.0
2024-06-25 00:00:00+00:00,185.58,185.75,181.105,181.145,18917734,184.6843584794,184.8535380297,180.2309556117,180.2707625647,18917734,0.0,1.0
2024-06-26 00:00:00+00:00,185.37,185.93,183.99,184.2,13375715,184.4753719761,185.0326693182,183.1020320974,183.3110186007,13375715,0.0,1.0
2024-06-27 00:00:00+00:00,186.86,187.5,185.45,185.645,13025656,185.9581809757,186.5950922238,184.5549858822,184.7490447781,13025656,0.0,1.0
2024-06-28 00:00:00+00:00,183.42,186.58,183.325,185.72,23032362,182.534783017,185.6795323046,182.4402415036,184.823682815,23032362,0.0,1.0
2024-07-01 00:00:00+00:00,184.49,185.34,182.73,184.48,11815862,183.59961901,184.4455167614,181.8481130776,183.5896672717,11815862,0.0,1.0
2024-07-02 00:00:00+00:00,186.61,186.95,183.06,183.47,12555545,185.7093875194,186.0477466199,182.1765204399,182.5845417083,12555545,0.0,1.0
2024-07-03 00:00:00+00:00,187.39,187.62,185.385,186.3,7409106,186.485623103,186.7145130828,184.4902995835,185.4008836336,7409106,0.0,1.0
2024-07-05 00:00:00+00:00,191.96,192.26,187.32,187.32,14303361,191.0335674842,191.3321196317,186.4159609353,186.4159609353,14303361,0.0,1.0
2024-07-08 00:00:00+00:00,190.48,191.6791,189.32,191.365,12097611,189.5607102229,190.7540231567,188.4063085857,190.4414390582,12097611,0.0,1.0
2024-07-09 00:00:00+00:00,190.44,192.86,190.23,191.75,10224925,189.5209032699,191.9292239268,189.3119167666,190.8245809809,10224925,0.0,1.0
2024-07-10 00:00:00+00:00,192.66,193.31,190.62,190.75,12052906,191.7301891618,192.3770521482,189.7000345584,189.8294071557,12052906,0.0,1.0
2024-07-11 00:00:00+00:00,187.3,192.41,186.82,191.34,16451981,186.3960574588,191.4813957055,185.9183740227,190.4165597125,16451981,0.0,1.0
2024-07-12 00:00:00+00:00,186.78,188.69,186.14,186.92,14449113,185.8785670697,187.7793490758,185.2416558215,186.0178914052,14449113,0.0,1.0
2024-07-15 00:00:00+00:00,188.19,189.9,186.49,186.49,12186015,187.2817621632,188.9835094043,185.5899666604,185.5899666604,12186015,0.0,1.0
2024-07-16 00:00:00+00:00,185.5,190.34,185.12,188.96,12760102,184.6047445734,189.4213858874,184.2265785198,188.0480460086,12760102,0.0,1.0
2024-07-17 00:00:00+00:00,182.62,185.23,181.62,184.68,17376563,181.7386439569,184.3360476406,180.7434701317,183.7887020368,17376563,0.0,1.0
2024-07-18 00:00:00+00:00,179.22,184.05,178.21,183.54,17877197,178.3550529512,183.1617425269,177.3499273878,182.654203876,17877197,0.0,1.0
2024-07-19 00:00:00+00:00,179.39,181.97,178.86,180.37,14485899,178.5242325015,181.0917809705,177.9967903741,179.4995028502,14485899,0.0,1.0
2024-07-22 00:00:00+00:00,183.35,184.3,181.9,182.35,16303896,182.4651208493,183.4105359832,181.0221188027,181.4699470241,16303896,0.0,1.0
2024-07-23 00:00:00+00:00,183.6,185.22,183.33,183.84,23772602,182.7139143055,184.3260959024,182.4452173727,182.9527560236,23772602,0.0,1.0
2024-07-24 00:00:00+00:00,174.37,177.95,173.57,175.39,31250683,173.528459899,177.0911821932,172.7323208389,174.5435372007,31250683,0.0,1.0
2024-07-25 00:00:00+00:00,169.16,175.2,169.05,174.25,28967880,168.3436042698,174.3544541739,168.234135149,173.40903904,28967880,0.0,1.0
2024-07-26 00:00:00+00:00,168.68,169.84,165.865,168.77,25150116,167.8659208337,169.0203224709,165.0645065157,167.9554864779,25150116,0.0,1.0
2024-07-29 00:00:00+00:00,171.13,172.16,169.72,170.5,13768931,170.3040967054,171.3291257453,168.9009016119,169.6771371955,13768931,0.0,1.0
2024-07-30 00:00:00+00:00,171.86,172.95,170.12,171.83,13681418,171.0305735978,172.1153130672,169.2989711419,171.000718383,13681418,0.0,1.0
2024-07-31 00:00:00+00:00,173.15,175.91,171.72,174.92,15650154,172.3143478323,175.0610275898,170.8912492622,174.0758055029,15650154,0.0,1.0
2024-08-01 00:00:00+00:00,172.45,175.68,170.51,171.98,17177833,171.6177261546,174.83213761,169.6870889338,171.1499944568,17177833,0.0,1.0
2024-08-02 00:00:00+00:00,168.4,170.21,166.39,168.19,18907773,167.5872721626,169.3885367862,165.586972774,167.3782856593,18907773,0.0,1.0
2024-08-05 00:00:00+00:00,160.64,165.94,156.6,157.37,34907815,159.8647232791,165.1391445526,155.8442210253,156.6105048707,34907815,0.0,1.0
2024-08-06 00:00:00+00:00,160.54,162.35,158.13,160.945,36146541,159.7652058966,161.5664705202,157.3668369779,160.1682512958,36146541,0.0,1.0
2024-08-07 00:00:00+00:00,160.75,164.79,160.24,163.24,19334246,159.9741923999,163.9946946537,159.466653749,162.4521752246,19334246,0.0,1.0
2024-08-08 00:00:00+00:00,163.84,165.5,162.03,162.344,15733612,163.0492795197,164.7012680695,161.2480148961,161.5604994772,15733612,0.0,1.0
2024-08-09 00:00:00+00:00,165.39,165.52,160.93,161.645,13549230,164.5917989488,164.721171546,160.1533236884,160.8648729734,13549230,0.0,1.0
2024-08-12 00:00:00+00:00,163.95,166.7,163.55,165.995,12434969,163.1587486405,165.8954766598,162.7606791104,165.193879113,12434969,0.0,1.0
2024-08-13 00:00:00+00:00,165.93,166.54,164.77,165.185,12717628,165.1291928144,165.7362488477,163.9747911772,164.3877883146,12717628,0.0,1.0
2024-08-14 00:00:00+00:00,162.03,164.96,159.53,164.21,22515895,161.2480148961,164.1638742039,158.7600803331,163.417493835,22515895,0.0,1.0
2024-08-15 00:00:00+00:00,163.17,163.52,161.49,162.21,18392452,162.3825130568,162.7308238957,160.7106210305,161.4271461847,18392452,0.0,1.0
2024-08-16 00:00:00+00:00,164.74,166.95,163.08,163.41,16853137,163.9449359624,166.1442701161,162.2929474126,162.6213547749,16853137,0.0,1.0
2024-08-19 00:00:00+00:00,168.4,168.47,166.09,167.0,13100762,167.5872721626,167.6569343304,165.2884206264,166.1940288073,13100762,0.0,1.0
2024-08-20 00:00:00+00:00,168.96,170.41,168.66,168.74,12622523,168.1445695047,169.5875715512,167.8460173572,167.9256312632,12622523,0.0,1.0
2024-08-21 00:00:00+00:00,167.63,168.64,166.57,166.99,15269550,166.8209883172,167.8261138807,165.7661040625,166.1840770691,15269550,0.0,1.0
2024-08-22 00:00:00+00:00,165.49,169.42,165.03,169.04,19123778,164.6913163313,168.6023494643,164.2335363717,168.2241834107,19123778,0.0,1.0
2024-08-23 00:00:00+00:00,167.43,167.95,165.66,166.55,14281621,166.6219535522,167.1394439413,164.8604958816,165.746200586,14281621,0.0,1.0
2024-08-26 00:00:00+00:00,167.93,169.38,166.32,168.155,11990305,167.1195404648,168.5625425113,165.5173106062,167.3434545754,11990305,0.0,1.0
2024-08-27 00:00:00+00:00,166.38,168.245,166.16,167.61,13718162,165.5770210357,167.4330202197,165.3580827942,166.8010848407,13718162,0.0,1.0
2024-08-28 00:00:00+00:00,164.5,167.39,163.28,166.78,15208736,163.7060942443,166.5821465992,162.4919821776,165.9750905658,15208736,0.0,1.0
2024-08-29 00:00:00+00:00,163.4,167.63,161.982,166.06,17133830,162.6114030366,166.8209883172,161.2002465525,165.2585654117,17133830,0.0,1.0
2024-08-30 00:00:00+00:00,165.11,165.28,163.41,164.22,18498777,164.3131502777,164.482329828,162.6213547749,163.4274455733,18498777,0.0,1.0
2024-09-03 00:00:00+00:00,158.61,163.38,157.855,163.315,26533110,157.844520414,162.5914995601,157.0931641759,162.5268132615,26533110,0.0,1.0
2024-09-04 00:00:00+00:00,157.81,160.4,157.44,158.075,15942997,157.0483813538,159.6258815611,156.6801670385,157.3121024175,15942997,0.0,1.0
2024-09-05 00:00:00+00:00,158.6,161.015,157.52,157.78,14139501,157.8345686757,160.2379134636,156.7597809445,157.018526139,14139501,0.0,1.0
2024-09-06 00:00:00+00:00,152.13,159.22,151.935,158.69,24999062,151.3957940267,158.4515764473,151.2017351308,157.92413432,24999062,0.0,1.0
2024-09-09 00:00:00+00:00,149.54,154.64,148.2,153.63,28057746,149.0173285845,154.0995030915,147.6820121454,153.0930332382,28057746,0.2,1.0
2024-09-10 00:00:00+00:00,150.01,152.3,149.5427,151.45,20401774,149.485685843,151.7676818471,149.0200191475,150.9206527626,20401774,0.0,1.0
2024-09-11 00:00:00+00:00,152.15,152.48,148.7,151.09,18991486,151.6182061263,151.9470527121,148.180264548,150.5619110327,18991486,0.0,1.0
2024-09-12 00:00:00+00:00,155.54,155.61,153.5,154.81,21024062,154.9963574163,155.0661127527,152.9634876135,154.2689089084,21024062,0.0,1.0
2024-09-13 00:00:00+00:00,158.37,159.275,156.11,156.362,16733908,157.8164660153,158.7183028641,155.5643651553,155.8154843662,16733908,0.0,1.0
2024-09-16 00:00:00+00:00,158.99,159.24,157.61,158.33,14157614,158.4342989946,158.6834251959,157.0591223633,157.7766058231,14157614,0.0,1.0
2024-09-17 00:00:00+00:00,160.28,161.59,159.41,160.09,12064790,159.7197901934,161.0252114884,158.8528310128,159.5304542804,12064790,0.0,1.0
2024-09-18 00:00:00+00:00,160.81,161.63,159.66,160.85,16756450,160.2479377402,161.0650716806,159.1019572141,160.2877979324,16756450,0.0,1.0
2024-09-19 00:00:00+00:00,163.24,164.99,162.5216,164.82,17548190,162.6694444171,164.4133278264,161.953555365,164.2439220095,17548190,0.0,1.0
2024-09-20 00:00:00+00:00,164.64,164.75,163.18,164.52,46362673,164.0645511445,164.1741666731,162.6096541288,163.9449705679,46362673,0.0,1.0
2024-09-23 00:00:00+00:00,163.07,166.61,162.95,165.34,15648446,162.5000386002,166.027665611,162.3804580236,164.7621045082,15648446,0.0,1.0
2024-09-24 00:00:00+00:00,163.64,164.55,162.03,164.25,18774056,163.0680463392,163.974865712,161.4636736027,163.6759142704,18774056,0.0,1.0
2024-09-25 00:00:00+00:00,162.99,164.217,162.775,162.97,13607892,162.4203182158,163.6430296119,162.2060696826,162.4003881197,13607892,0.0,1.0
2024-09-26 00:00:00+00:00,163.83,165.5,163.5,165.03,18234497,163.2573822522,164.9215452771,162.9285356665,164.4531880186,18234497,0.0,1.0
2024-09-27 00:00:00+00:00,165.29,166.97,163.83,163.91,13604261,164.712279268,166.3864073409,163.2573822522,163.3371026366,13604261,0.0,1.0
2024-09-30 00:00:00+00:00,167.19,167.36,164.64,164.78,14083451,166.605638398,166.7750442149,164.0645511445,164.2040618173,14083451,0.0,1.0
2024-10-01 00:00:00+00:00,168.42,170.44,165.9,168.86,18629506,167.8313393085,169.8442790153,165.3201471992,168.2698014229,18629506,0.0,1.0
2024-10-02 00:00:00+00:00,167.31,168.88,166.25,167.76,12744975,166.7252189747,168.289731519,165.668923881,167.1736461371,12744975,0.0,1.0
2024-10-03 00:00:00+00:00,167.21,167.91,165.37,165.82,11004333,166.6255684941,167.3231218578,164.7919996524,165.2404268148,11004333,0.0,1.0
2024-10-04 00:00:00+00:00,168.56,169.55,166.96,169.34,11435318,167.9708499813,168.9573897385,166.3764422928,168.7481237294,11435318,0.0,1.0
2024-10-07 00:00:00+00:00,164.39,169.9,164.13,169.14,14034722,163.8154249432,169.3061664204,163.5563336938,168.5488227684,14034722,0.0,1.0
2024-10-08 00:00:00+00:00,165.7,166.1,164.31,165.43,11723885,165.1208462381,165.5194481603,163.7357045588,164.8517899407,11723885,0.0,1.0
2024-10-09 00:00:00+00:00,163.06,166.26,161.12,164.855,19666411,162.4900735521,165.6788889291,160.5568542299,164.2787996777,19666411,0.0,1.0
2024-10-10 00:00:00+00:00,163.18,164.3107,161.64,162.11,12900492,162.6096541288,163.7364021121,161.0750367286,161.5433939871,12900492,0.0,1.0
2024-10-11 00:00:00+00:00,164.52,165.27,162.5,163.33,10945971,163.9449705679,164.6923491719,161.9320308612,162.7591298496,10945971,0.0,1.0
2024-10-14 00:00:00+00:00,166.35,167.62,164.78,164.91,9981765,165.7685743616,167.0341354643,164.2040618173,164.3336074419,9981765,0.0,1.0
2024-10-15 00:00:00+00:00,166.9,169.09,166.05,167.14,14829338,166.3166520045,168.4989975281,165.46962292,166.5558131578,14829338,0.0,1.0
2024-10-16 00:00:00+00:00,166.74,167.28,165.216,166.03,9968474,166.1572112356,166.6953238305,164.6385379124,165.4496928239,9968474,0.0,1.0
2024-10-17 00:00:00+00:00,164.51,167.93,164.37,167.38,15113356,163.9350055198,167.343051954,163.7954948471,166.794974311,15113356,0.0,1.0
2024-10-18 00:00:00+00:00,165.05,166.3699,164.75,164.87,13091267,164.4731181147,165.7884048072,164.1741666731,164.2937472497,13091267,0.0,1.0
2024-10-21 00:00:00+00:00,165.8,166.22,164.305,164.58,11384047,165.2204967187,165.6390287369,163.7307220347,164.0047608562,11384047,0.0,1.0
2024-10-22 00:00:00+00:00,166.82,167.47,164.67,164.7,11958617,166.2369316201,166.8846597435,164.0944462887,164.1243414328,11958617,0.0,1.0
2024-10-23 00:00:00+00:00,164.48,167.6,163.6325,166.43,12754283,163.9051103757,167.0142053682,163.0605725532,165.848294746,12754283,0.0,1.0
2024-10-24 00:00:00+00:00,164.53,165.05,162.77,164.59,12764430,163.9549356159,164.4731181147,162.2010871586,164.0147259043,12764430,0.0,1.0
2024-10-25 00:00:00+00:00,166.99,167.4,165.23,165.365,14566410,166.406337437,166.8149044071,164.6524889796,164.7870171284,14566410,0.0,1.0
2024-10-28 00:00:00+00:00,168.34,170.606,165.79,170.59,20858254,167.7516189241,170.0096988129,165.2105316706,169.993754736,20858254,0.0,1.0
2024-10-29 00:00:00+00:00,171.14,171.86,168.66,169.385,28916106,170.541832379,171.2593158388,168.0705004618,168.7929664457,28916106,0.0,1.0
2024-10-30 00:00:00+00:00,176.14,183.79,175.7451,182.41,49698313,175.5243564055,183.147618166,175.1308366578,181.7724415347,49698313,0.0,1.0
2024-10-31 00:00:00+00:00,172.69,178.42,172.56,174.72,32801898,172.0864148272,177.7963873615,171.9568692025,174.1093195819,32801898,0.0,1.0
2024-11-01 00:00:00+00:00,172.65,173.82,170.31,171.54,21752859,172.046554635,173.2124652572,169.7147333906,170.9404343011,21752859,0.0,1.0
2024-11-04 00:00:00+00:00,170.68,171.92,169.485,171.24,16193994,170.0834401685,171.3191061271,168.8926169262,170.6414828595,16193994,0.0,1.0
2024-11-05 00:00:00+00:00,171.41,172.0973,170.37,170.83,12518282,170.8108886764,171.4957864291,169.7745236789,170.2329158893,12518282,0.0,1.0
2024-11-06 00:00:00+00:00,178.33,178.64,175.04,175.35,27061510,177.7067019291,178.0156184187,174.4282011196,174.7371176093,27061510,0.0,1.0
2024-11-07 00:00:00+00:00,182.28,182.58,178.89,179.11,16730407,181.64289591,181.9418473516,178.26474462,178.4839756772,16730407,0.0,1.0
2024-11-08 00:00:00+00:00,179.86,182.35,179.57,182.0,15021549,179.2313542812,181.7126512464,178.9423678876,181.3638745645,15021549,0.0,1.0
2024-11-11 00:00:00+00:00,181.97,182.085,179.99,180.07,12503422,181.3339794204,181.448577473,179.3608999059,179.4406202903,12503422,0.0,1.0
2024-11-12 00:00:00+00:00,183.32,184.025,180.99,181.38,14065845,182.6792609075,183.3817967952,180.3574047112,180.7460415852,14065845,0.0,1.0
2024-11-13 00:00:00+00:00,180.49,182.615,180.12,182.15,13969709,179.8591523085,181.9767250198,179.4904455306,181.5133502853,13969709,0.0,1.0
2024-11-14 00:00:00+00:00,177.35,180.445,176.03,179.75,17925763,176.7301272199,179.8143095923,175.4147408769,179.1217387526,17925763,0.0,1.0
2024-11-15 00:00:00+00:00,173.89,175.88,172.745,175.64,21708870,173.2822205935,175.2652651561,172.1412225915,175.0261040028,21708870,0.0,1.0
2024-11-18 00:00:00+00:00,176.8,176.91,174.42,174.955,18725422,176.182049577,176.2916651055,173.8103681403,174.3434982112,18725422,0.0,1.0
2024-11-19 00:00:00+00:00,179.58,180.17,175.116,175.235,15392866,178.9523329357,179.5402707708,174.5039354848,174.6225195567,15392866,0.0,1.0
2024-11-20 00:00:00+00:00,177.33,179.11,175.33,178.83,15729806,176.7101971238,178.4839756772,174.7171875132,178.2049543317,15729806,0.0,1.0
2024-11-21 00:00:00+00:00,169.24,175.58,165.31,175.455,38839431,168.6484732489,174.9663137145,164.7322093641,174.8417506138,38839431,0.0,1.0
2024-11-22 00:00:00+00:00,166.57,168.2645,165.71,167.16,24497042,165.9878054187,167.6763828113,165.1308112862,166.5757432539,24497042,0.0,1.0
2024-11-25 00:00:00+00:00,169.43,170.46,167.4,167.99,21395652,168.8378091619,169.8642091114,166.8149044071,167.4028422423,21395652,0.0,1.0
2024-11-26 00:00:00+00:00,170.62,171.495,169.43,169.49,14937478,170.0236498802,170.8955915848,168.8378091619,168.8975994502,14937478,0.0,1.0
2024-11-27 00:00:00+00:00,170.82,171.14,169.67,170.68,12433371,170.2229508413,170.541832379,169.0769703152,170.0834401685,12433371,0.0,1.0
2024-11-29 00:00:00+00:00,170.49,170.87,168.75,170.06,9250712,169.8941042555,170.2727760815,168.1601858943,169.4656071892,9250712,0.0,1.0
2024-12-02 00:00:00+00:00,172.98,173.6,170.27,170.32,16593444,172.3754012207,172.9932342,169.6748731984,169.7246984386,16593444,0.0,1.0
2024-12-03 00:00:00+00:00,173.02,174.32,172.51,173.12,15721483,172.4152614129,173.7107176598,171.9070439622,172.5149118935,15721483,0.0,1.0
2024-12-04 00:00:00+00:00,176.09,176.43,172.75,172.78,18239842,175.4745311652,175.813342799,172.1462051155,172.1761002597,18239842,0.0,1.0
2024-12-05 00:00:00+00:00,174.31,177.71,174.01,177.32,16145520,173.7007526118,177.0888689498,173.4018011702,176.7002320757,16145520,0.0,1.0
2024-12-06 00:00:00+00:00,176.49,176.8389,173.55,173.88,13319549,175.8731330873,176.2208136139,172.9434089597,173.2722555455,13319549,0.0,1.0
2024-12-09 00:00:00+00:00,177.1,178.04,175.4,175.715,19887786,176.6803019796,177.6180743334,174.9843307014,175.298584203,19887786,0.2,1.0
2024-12-10 00:00:00+00:00,186.53,188.03,182.67,184.535,34317438,186.0879544227,187.5843996681,182.237101991,184.0976822462,34317438,0.0,1.0
2024-12-11 00:00:00+00:00,196.71,196.89,186.26,186.7,41664489,196.2438294885,196.4234029179,185.8185942785,186.2575515505,41664489,0.0,1.0
2024-12-12 00:00:00+00:00,193.63,196.7053,193.28,196.3,25197757,193.1711285845,196.2391406267,192.8219580272,195.8348011214,25197757,0.0,1.0
2024-12-13 00:00:00+00:00,191.38,194.34,191.26,192.71,18883217,190.9264607163,193.8794460007,190.8067450967,192.2533088339,18883217,0.0,1.0
2024-12-16 00:00:00+00:00,198.16,200.64,194.11,194.365,32248640,197.6903932257,200.1645160316,193.649991063,193.9043867548,32248640,0.0,1.0
2024-12-17 00:00:00+00:00,197.12,202.88,196.69,198.53,24129481,196.6528578556,202.3992075981,196.2238768852,198.0595163863,24129481,0.0,1.0
2024-12-18 00:00:00+00:00,190.15,198.6899,189.28,196.83,27638416,189.699375615,198.2190374495,188.8314373727,196.3635451081,27638416,0.0,1.0
2024-12-19 00:00:00+00:00,189.7,194.6,189.52,193.28,26981196,189.2504420414,194.1388298432,189.0708686119,192.8219580272,26981196,0.0,1.0
2024-12-20 00:00:00+00:00,192.96,194.1354,186.37,187.01,45319703,192.5027163748,193.6753308692,185.9283335965,186.5668169012,45319703,0.0,1.0
2024-12-23 00:00:00+00:00,195.99,196.49,191.63,194.03,15235942,195.5255357707,196.0243508525,191.1758682572,193.5701806499,15235942,0.0,1.0
2024-12-24 00:00:00+00:00,197.57,197.67,195.1979,196.17,6809823,197.1017914292,197.2015544456,194.735312918,195.7051092001,6809823,0.0,1.0
2024-12-26 00:00:00+00:00,197.1,198.16,195.87,196.74,7918434,196.6329052523,197.6903932257,195.405820151,196.2737583934,7918434,0.0,1.0
2024-12-27 00:00:00+00:00,194.04,196.8,191.972,196.47,14692994,193.5801569516,196.3336162032,191.5170577732,196.0043982492,14692994,0.0,1.0
2024-12-30 00:00:00+00:00,192.69,193.78,190.36,190.865,12209534,192.2333562307,193.320773109,189.9088779494,190.412681182,12209534,0.0,1.0
2024-12-31 00:00:00+00:00,190.44,193.25,189.58,192.445,14355221,189.9886883625,192.7920291223,189.1307264218,191.9889368406,14355221,0.0,1.0
2025-01-02 00:00:00+00:00,190.63,193.2,188.71,191.485,17545162,190.1782380936,192.7421476141,188.2627881794,191.0312118835,17545162,0.0,1.0
2025-01-03 00:00:00+00:00,193.13,194.5,191.35,192.725,12874957,192.6723135027,194.0390668268,190.8965318114,192.2682732864,12874957,0.0,1.0
2025-01-06 00:00:00+00:00,197.96,199.56,195.06,195.15,19483323,197.490867193,199.0870754548,194.5977397185,194.6875264332,19483323,0.0,1.0
2025-01-07 00:00:00+00:00,196.71,202.14,195.94,198.27,16966760,196.2438294885,201.660961277,195.4756542625,197.8001325437,16966760,0.0,1.0
2025-01-08 00:00:00+00:00,195.39,197.64,193.75,193.95,14335341,194.9269576725,197.1716255407,193.2908442041,193.4903702368,14335341,0.0,1.0
2025-01-10 00:00:00+00:00,193.17,197.62,191.6,195.42,20753794,192.7122187092,197.1516729374,191.1459393523,194.9568865774,20753794,0.0,1.0
2025-01-13 00:00:00+00:00,192.29,192.49,188.66,191.35,13169060,191.8343041652,192.0338301979,188.2129066712,190.8965318114,13169060,0.0,1.0
2025-01-14 00:00:00+00:00,191.05,193.27,189.64,192.5,13651183,190.5972427623,192.8119817256,189.1905842316,192.0438064996,13651183,0.0,1.0
2025-01-15 00:00:00+00:00,196.98,197.8,193.33,194.35,12894875,196.5131896327,197.3312463668,192.8718395354,193.8894223023,12894875,0.0,1.0
2025-01-16 00:00:00+00:00,194.41,196.9799,194.3,195.825,13449581,193.9492801121,196.5130898696,193.8395407941,195.3609267937,13449581,0.0,1.0
2025-01-17 00:00:00+00:00,197.55,198.81,195.31,198.05,22109129,197.0818388259,198.3388528321,194.8471472594,197.5806539077,22109129,0.0,1.0
2025-01-21 00:00:00+00:00,199.63,203.84,199.44,200.51,19005232,199.1569095663,203.3569325552,198.9673598352,200.0348241103,19005232,0.0,1.0
2025-01-22 00:00:00+00:00,200.03,202.12,199.2,200.55,15477376,199.5559616317,201.6410086737,198.7279285959,200.0747293168,15477376,0.0,1.0
2025-01-23 00:00:00+00:00,199.58,201.94,196.82,199.98,15170838,199.1070280581,201.4614352443,196.3535688065,199.5060801236,15170838,0.0,1.0
2025-01-24 00:00:00+00:00,201.9,202.57,199.7842,199.85,12732376,201.4215300377,202.0899422474,199.3107441375,199.3763882023,12732376,0.0,1.0
2025-01-27 00:00:00+00:00,193.77,198.67,192.7,194.19,24970173,193.3107968074,198.1991846092,192.2433325323,193.7298014761,24970173,0.0,1.0
2025-01-28 00:00:00+00:00,197.07,197.23,192.61,194.65,15939161,196.6029763474,196.7625971736,192.1535458176,194.1887113514,15939161,0.0,1.0
2025-01-29 00:00:00+00:00,197.18,198.4595,195.19,197.37,12287818,196.7127156654,197.9891834598,194.7274316397,196.9022653965,12287818,0.0,1.0
2025-01-30 00:00:00+00:00,202.63,203.2384,199.4717,199.76,14571479,202.1498000572,202.7567582487,198.9989847114,199.2866014876,14571479,0.0,1.0
2025-01-31 00:00:00+00:00,205.6,207.08,203.58,203.715,17087335,205.1127616432,206.5892542854,203.0975487126,203.2322287847,17087335,0.0,1.0
2025-02-03 00:00:00+00:00,202.64,205.22,201.66,202.215,16719469,202.1597763588,204.733662181,201.1820987985,201.7357835393,16719469,0.0,1.0
2025-02-04 00:00:00+00:00,207.71,208.7,204.26,204.5,28285436,207.2177612884,208.2054151504,203.7759372239,204.0153684632,28285436,0.0,1.0
2025-02-05 00:00:00+00:00,193.3,194.5499,189.91,193.1,43719589,192.8419106305,194.088848572,189.4599443758,192.6423845978,43719589,0.0,1.0
2025-02-06 00:00:00+00:00,193.31,193.83,190.49,190.99,20816593,192.8518869321,193.3706546172,190.0385698707,190.5373849525,20816593,0.0,1.0
2025-02-07 00:00:00+00:00,187.14,193.015,185.1,192.74,29565724,186.6965088225,192.5575860338,184.6613432887,192.2832377388,29565724,0.0,1.0
2025-02-10 00:00:00+00:00,188.2,189.99,187.61,189.06,16606020,187.7539967959,189.5397547889,187.1653949994,188.6119587367,16606020,0.0,1.0
2025-02-11 00:00:00+00:00,187.07,188.8,186.08,186.835,13028100,186.626674711,188.3525748941,185.639020849,186.3922316226,13028100,0.0,1.0
2025-02-12 00:00:00+00:00,185.43,186.83,183.63,185.23,17632314,184.9905612427,186.3872434718,183.1948269481,184.79103521,17632314,0.0,1.0
2025-02-13 00:00:00+00:00,187.88,187.99,184.88,185.93,12729334,187.4347551436,187.5444944616,184.4418646527,185.4893763245,12729334,0.0,1.0
2025-02-14 00:00:00+00:00,186.87,188.15,186.11,186.83,12714154,186.4271486783,187.7041152878,185.668949754,186.3872434718,12714154,0.0,1.0
2025-02-18 00:00:00+00:00,185.8,187.78,183.58,187.44,19796028,185.3596844032,187.3349921272,183.14494544,186.9957978716,19796028,0.0,1.0
2025-02-19 00:00:00+00:00,187.13,187.36,185.5,186.185,13120465,186.6865325209,186.9159874585,185.0603953541,185.7437720162,13120465,0.0,1.0
2025-02-20 00:00:00+00:00,186.64,187.12,184.6,186.5,12063807,186.1976937407,186.6765562192,184.1625282069,186.0580255178,12063807,0.0,1.0
2025-02-21 00:00:00+00:00,181.58,187.47,181.13,187.29,19520782,181.1496851127,187.0257267765,180.7007515391,186.846153347,19520782,0.0,1.0
2025-02-24 00:00:00+00:00,181.19,185.09,180.88,183.8,18734014,180.7606093489,184.651366987,180.4513439981,183.364424076,18734014,0.0,1.0
2025-02-25 00:00:00+00:00,177.37,180.76,176.77,180.155,20832485,176.9496621238,180.3316283785,176.3510840256,179.7280621295,20832485,0.0,1.0
2025-02-26 00:00:00+00:00,174.7,178.08,173.59,176.945,23693251,174.2859895869,177.65797954,173.1786201053,176.5256693042,23693251,0.0,1.0
2025-02-27 00:00:00+00:00,170.21,176.59,169.752,175.94,25930530,169.8066301522,176.1715105962,169.3497155372,175.5230509898,25930530,0.0,1.0
2025-02-28 00:00:00+00:00,172.22,172.5,168.39,170.3,30049812,171.8118667811,172.0912032269,167.9909432544,169.8964168669,30049812,0.0,1.0
2025-03-03 00:00:00+00:00,168.66,175.0,167.64,173.73,24121991,168.2603033985,174.585278636,167.2427206316,173.3182883282,24121991,0.0,1.0
2025-03-04 00:00:00+00:00,172.61,175.165,167.54,167.94,30711408,172.2009425449,174.749887613,167.1429576153,167.5420096807,30711408,0.0,1.0
2025-03-05 00:00:00+00:00,174.99,175.75,170.93,172.32,18848036,174.5753023343,175.3335012587,170.52492387,171.9116297974,18848036,0.0,1.0
2025-03-06 00:00:00+00:00,174.21,176.73,172.508,172.55,19082404,173.7971508067,176.3111788191,172.0991842682,172.1410847351,19082404,0.0,1.0
2025-03-07 00:00:00+00:00,175.75,176.9,172.25,173.242,16395287,175.3335012587,176.4807759469,171.841795686,172.8314448083,16395287,0.0,1.0
2025-03-10 00:00:00+00:00,167.81,170.45,165.565,170.16,28335500,167.6118437922,170.2487263833,165.3694947706,169.9590688259,28335500,0.2,1.0
2025-03-11 00:00:00+00:00,165.98,168.655,163.24,166.68,23705899,165.7840047233,168.4558459852,163.0472402159,166.4831781377,23705899,0.0,1.0
2025-03-12 00:00:00+00:00,169.0,169.53,165.48,168.47,19880062,168.8004385965,169.329812753,165.2845951417,168.2710644399,19880062,0.0,1.0
2025-03-13 00:00:00+00:00,164.73,168.12,164.07,167.98,15206165,164.5354807692,167.9214777328,163.8762601215,167.7816430499,15206165,0.0,1.0
2025-03-14 00:00:00+00:00,167.62,168.25,164.51,165.315,18611094,167.4220681511,168.051324224,164.3157405533,165.1197899798,18611094,0.0,1.0
2025-03-17 00:00:00+00:00,166.57,168.46,165.81,167.325,17839139,166.3733080297,168.2610762483,165.6142054656,167.127416498,17839139,0.0,1.0
2025-03-18 00:00:00+00:00,162.67,166.44,158.8,165.96,24616784,162.4779132928,166.2434615385,158.6124831309,165.7640283401,24616784,0.0,1.0
2025-03-19 00:00:00+00:00,166.28,168.1334,163.05,163.915,24955717,166.0836504723,167.9348619096,162.8574645749,163.7214431511,24955717,0.0,1.0
2025-03-20 00:00:00+00:00,165.05,167.03,163.14,163.825,19981512,164.8551029015,166.8327648448,162.9473582996,163.6315494265,19981512,0.0,1.0
2025-03-21 00:00:00+00:00,166.25,166.47,163.03,163.38,29882064,166.0536858974,166.2734261134,162.8374881916,163.1870748988,29882064,0.0,1.0
2025-03-24 00:00:00+00:00,169.93,170.5,167.44,169.265,18742848,169.7293404184,170.2986673414,167.2422807018,169.0651256748,18742848,0.0,1.0
2025-03-25 00:00:00+00:00,172.79,172.91,170.55,171.18,13841592,172.5859632254,172.705821525,170.3486082996,170.9778643725,13841592,0.0,1.0
2025-03-26 00:00:00+00:00,167.14,171.9396,166.8606,171.3,22554236,166.9426349528,171.7365674089,166.6635648785,171.0977226721,22554236,0.0,1.0
2025-03-27 00:00:00+00:00,164.08,167.44,163.85,166.71,21571174,163.8862483131,167.2422807018,163.6565199055,166.5131427126,21571174,0.0,1.0
2025-03-28 00:00:00+00:00,156.06,163.81,155.3394,162.36,34866462,155.8757186235,163.616567139,155.1559695344,162.1682793522,34866462,0.0,1.0
2025-03-31 00:00:00+00:00,156.23,157.13,152.21,154.81,33591554,156.0455178812,156.9444551282,152.0302648448,154.6271946694,33591554,0.0,1.0
2025-04-01 00:00:00+00:00,158.88,160.08,155.255,155.3,20111376,158.692388664,159.8909716599,155.071669197,155.1166160594,20111376,0.0,1.0
2025-04-02 00:00:00+00:00,158.86,160.275,156.53,156.96,17113321,158.6724122807,160.0857413968,156.3451636302,156.7746558704,17113321,0.0,1.0
2025-04-03 00:00:00+00:00,152.63,154.6872,152.18,152.835,28416065,152.4497688934,154.5045396761,152.0003002699,152.6545268219,28416065,0.0,1.0
2025-04-04 00:00:00+00:00,147.74,153.09,147.54,149.9,39832207,147.5655431849,152.9092257085,147.3657793522,149.7229925776,39832207,0.0,1.0
2025-04-07 00:00:00+00:00,149.24,154.93,142.66,143.39,47823024,149.0637719298,154.747052969,142.4915418354,143.2206798246,47823024,0.0,1.0
2025-04-08 00:00:00+00:00,146.58,154.44,145.21,153.575,35304388,146.4069129555,154.2576315789,145.0385307018,153.3936530027,35304388,0.0,1.0
2025-04-09 00:00:00+00:00,161.06,161.87,145.81,146.33,46479542,160.8698144399,161.6788579622,145.6378221997,146.1572081646,46479542,0.0,1.0
2025-04-10 00:00:00+00:00,155.37,160.03,152.2,158.76,35270540,155.1865334008,159.8410307018,152.0202766532,158.5725303644,35270540,0.0,1.0
2025-04-11 00:00:00+00:00,159.4,159.86,155.585,155.585,22581989,159.2117746289,159.671231444,155.4012795209,155.4012795209,22581989,0.0,1.0
2025-04-14 00:00:00+00:00,161.47,164.03,159.92,162.31,18255931,161.2793302969,163.8363073549,159.7311605938,162.1183383941,18255931,0.0,1.0
2025-04-15 00:00:00+00:00,158.68,162.05,157.645,161.57,15690783,158.4926248313,161.8586454116,157.4588469973,161.3792122132,15690783,0.0,1.0
2025-04-16 00:00:00+00:00,155.5,158.18,153.91,155.47,16921497,155.316379892,157.9932152497,153.7282574224,155.2864153171,16921497,0.0,1.0
2025-04-17 00:00:00+00:00,153.36,157.07,150.9,156.61,19513408,153.1789068826,156.8845259784,150.7218117409,156.4250691633,19513408,0.0,1.0
2025-04-21 00:00:00+00:00,149.86,151.06,148.4,150.965,16147780,149.6830398111,150.881622807,148.2247638327,150.7867349865,16147780,0.0,1.0
2025-04-22 00:00:00+00:00,153.9,154.61,150.87,151.07,15910327,153.7182692308,154.4274308367,150.691847166,150.8916109987,15910327,0.0,1.0
2025-04-23 00:00:00+00:00,157.72,160.02,156.35,157.91,18575735,157.5337584345,159.8310425101,156.1653761808,157.7235340756,18575735,0.0,1.0
2025-04-24 00:00:00+00:00,161.47,161.71,158.09,158.525,30787481,161.2793302969,161.5190468961,157.903321525,158.337807861,30787481,0.0,1.0
2025-04-25 00:00:00+00:00,163.85,168.24,163.0,167.1,35148053,163.6565199055,168.0413360324,162.8075236167,166.9026821862,35148053,0.0,1.0
2025-04-28 00:00:00+00:00,162.42,164.95,160.3801,164.26,20871153,162.228208502,164.7552209852,160.1907172908,164.0660357625,20871153,0.0,1.0
2025-04-29 00:00:00+00:00,162.06,162.68,159.39,162.045,15955215,161.8686336032,162.4879014845,159.2017864372,161.8536513158,15955215,0.0,1.0
2025-04-30 00:00:00+00:00,160.89,161.374,157.155,159.86,20639520,160.7000151822,161.1834436572,156.9694256073,159.671231444,20639520,0.0,1.0
2025-05-01 00:00:00+00:00,162.79,163.94,160.93,162.52,21904291,162.5977715924,163.7464136302,160.7399679487,162.3280904184,21904291,0.0,1.0
2025-05-02 00:00:00+00:00,165.81,166.7,163.66,164.955,16844937,165.6142054656,166.5031545209,163.4667442645,164.760215081,16844937,0.0,1.0
2025-05-05 00:00:00+00:00,166.05,167.1,164.47,164.515,15309343,165.8539220648,166.9026821862,164.2757877868,164.3207346491,15309343,0.0,1.0
2025-05-06 00:00:00+00:00,165.2,166.74,163.13,163.96,10691949,165.004925776,166.5431072874,162.937370108,163.7663900135,10691949,0.0,1.0
2025-05-07 00:00:00+00:00,152.8,166.99,149.4901,166.07,78900429,152.6195681511,166.7928120783,149.3135766026,165.873898448,78900429,0.0,1.0
2025-05-08 00:00:00+00:00,155.75,157.41,154.1,155.92,38387507,155.5660846829,157.2241244939,153.9180330634,155.7358839406,38387507,0.0,1.0
2025-05-09 00:00:00+00:00,154.38,156.43,153.83,155.55,22871035,154.1977024292,156.2452817139,153.6483518893,155.3663208502,22871035,0.0,1.0
2025-05-12 00:00:00+00:00,159.58,160.44,157.8898,159.1,31884901,159.3915620783,160.2505465587,157.7033579285,158.9121288799,31884901,0.0,1.0
2025-05-13 00:00:00+00:00,160.89,162.06,157.58,159.92,24944270,160.7000151822,161.8686336032,157.3939237517,159.7311605938,24944270,0.0,1.0
2025-05-14 00:00:00+00:00,166.81,168.34,160.93,161.31,31769209,166.6130246289,168.1412179487,160.7399679487,161.1195192308,31769209,0.0,1.0
2025-05-15 00:00:00+00:00,165.4,167.51,163.84,167.14,22717554,165.2046896086,167.3121980432,163.6465317139,166.9426349528,22717554,0.0,1.0
2025-05-16 00:00:00+00:00,167.43,170.65,166.95,168.93,36271378,167.2322925101,170.4484902159,166.7528593117,168.7305212551,36271378,0.0,1.0
2025-05-19 00:00:00+00:00,167.87,167.95,165.415,165.715,21374688,167.671772942,167.751678475,165.2196718961,165.5193176451,21374688,0.0,1.0
2025-05-20 00:00:00+00:00,165.32,169.68,164.26,167.76,33563274,165.1247840756,169.4796356275,164.0660357625,167.561902834,33563274,0.0,1.0
2025-05-21 00:00:00+00:00,170.06,174.53,164.89,164.95,45567580,169.8591869096,174.3239085695,164.6952918354,164.7552209852,45567580,0.0,1.0
2025-05-22 00:00:00+00:00,171.98,178.13,171.88,173.35,45024081,171.7769197031,177.9196575574,171.6770377868,173.1453019568,45024081,0.0,1.0
2025-05-23 00:00:00+00:00,169.59,171.205,169.26,170.28,24963648,169.3897419028,171.0028348516,169.0601315789,170.0789271255,24963648,0.0,1.0
2025-05-27 00:00:00+00:00,173.98,174.29,171.21,171.3,24341333,173.7745580297,174.0841919703,171.0078289474,171.0977226721,24341333,0.0,1.0
2025-05-28 00:00:00+00:00,173.38,176.48,173.0146,173.98,25999228,173.1752665317,176.2716059379,172.8102980094,173.7745580297,25999228,0.0,1.0
2025-05-29 00:00:00+00:00,172.96,175.4,171.78,175.0,21233590,172.7557624831,175.1928812416,171.5771558704,174.7933535762,21233590,0.0,1.0
2025-05-30 00:00:00+00:00,172.85,173.44,168.525,172.41,36258254,172.6458923752,173.2351956815,168.3259994939,172.2064119433,36258254,0.0,1.0
2025-06-02 00:00:00+00:00,170.37,171.0624,168.65,169.01,24742877,170.1688208502,170.8604032389,168.4508518893,168.8104267881,24742877,0.0,1.0
2025-06-03 00:00:00+00:00,167.71,169.8,166.68,168.865,25386713,167.5119618758,169.5994939271,166.4831781377,168.6655980094,25386713,0.0,1.0
2025-06-04 00:00:00+00:00,169.39,169.58,167.795,168.28,18508735,169.1899780702,169.3797537112,167.5968615047,168.0812887989,18508735,0.0,1.0
2025-06-05 00:00:00+00:00,169.81,172.36,169.35,171.62,25422883,169.6094821188,172.1564709852,169.1500253036,171.4173448043,25422883,0.0,1.0
2025-06-06 00:00:00+00:00,174.92,175.83,172.3,172.3,22258115,174.7134480432,175.6223734818,172.0965418354,172.0965418354,22258115,0.0,1.0
2025-06-09 00:00:00+00:00,177.63,177.915,175.66,175.87,18817587,177.63,177.915,175.66,175.87,18817587,0.21,1.0
2025-06-10 00:00:00+00:00,180.01,182.445,176.475,177.76,32908000,180.01,182.445,176.475,177.76,32908000,0.0,1.0
2025-06-11 00:00:00+00:00,178.79,181.75,178.0,181.23,18994398,178.79,181.75,178.0,181.23,18994398,0.0,1.0
2025-06-12 00:00:00+00:00,176.97,178.13,176.11,177.48,17345924,176.97,178.13,176.11,177.48,17345924,0.0,1.0
2025-06-13 00:00:00+00:00,175.88,178.3432,173.57,173.58,20873241,175.88,178.3432,173.57,173.58,20873241,0.0,1.0
2025-06-16 00:00:00+00:00,177.94,178.245,175.82,175.905,18132529,177.94,178.245,175.82,175.905,18132529,0.0,1.0
2025-06-17 00:00:00+00:00,177.23,178.715,175.94,177.0,17656119,177.23,178.715,175.94,177.0,17656119,0.0,1.0
2025-06-18 00:00:00+00:00,173.98,177.8235,172.84,177.28,32531762,173.98,177.8235,172.84,177.28,32531762,0.0,1.0
2025-06-20 00:00:00+00:00,167.73,175.365,166.27,174.865,55402575,167.73,175.365,166.27,174.865,55402575,0.0,1.0
2025-06-23 00:00:00+00:00,166.01,168.48,163.33,167.32,36975585,166.01,168.48,163.33,167.32,36975585,0.0,1.0
2025-06-24 00:00:00+00:00,167.74,169.25,166.91,167.685,27310266,167.74,169.25,166.91,167.685,27310266,0.0,1.0
2025-06-25 00:00:00+00:00,171.49,173.36,168.5605,168.65,23627355,171.49,173.36,168.5605,168.65,23627355,0.0,1.0
2025-06-26 00:00:00+00:00,174.43,174.65,170.86,173.385,25909119,174.43,174.65,170.86,173.385,25909119,0.0,1.0
2025-06-27 00:00:00+00:00,178.27,178.84,172.71,174.63,74053110,178.27,178.84,172.71,174.63,74053110,0.0,1.0
2025-06-30 00:00:00+00:00,177.39,181.58,175.5,180.785,43964599,177.39,181.58,175.5,180.785,43964599,0.0,1.0
2025-07-01 00:00:00+00:00,176.91,177.22,174.66,176.805,25778460,176.91,177.22,174.66,176.805,25778460,0.0,1.0
2025-07-02 00:00:00+00:00,179.76,179.935,176.09,176.545,19325861,179.76,179.935,176.09,176.545,19325861,0.0,1.0
2025-07-03 00:00:00+00:00,180.55,180.77,178.19,179.82,13287389,180.55,180.77,178.19,179.82,13287389,0.0,1.0
2025-07-07 00:00:00+00:00,177.56,180.34,176.64,180.135,20991357,177.56,180.34,176.64,180.135,20991357,0.0,1.0
2025-07-08 00:00:00+00:00,175.16,178.79,173.92,178.78,24108642,175.16,178.79,173.92,178.78,24108642,0.0,1.0
2025-07-09 00:00:00+00:00,177.66,180.28,173.88,176.11,31288035,177.66,180.28,173.88,176.11,31288035,0.0,1.0
2025-07-10 00:00:00+00:00,178.7,179.59,175.74,176.67,24693712,178.7,179.59,175.74,176.67,24693712,0.0,1.0
2025-07-11 00:00:00+00:00,181.31,182.61,177.5405,177.91,23975714,181.31,182.61,177.5405,177.91,23975714,0.0,1.0
2025-07-14 00:00:00+00:00,182.81,184.73,180.7109,182.07,20990352,182.81,184.73,180.7109,182.07,20990352,0.0,1.0
2025-07-15 00:00:00+00:00,183.1,185.41,182.39,183.94,23911567,183.1,185.41,182.39,183.94,23911567,0.0,1.0
2025-07-16 00:00:00+00:00,183.77,185.3352,183.08,184.32,21152555,183.77,185.3352,183.08,184.32,21152555,0.0,1.0
2025-07-17 00:00:00+00:00,184.7,185.1873,181.5,183.115,21654370,184.7,185.1873,181.5,183.115,21654370,0.0,1.0
2025-07-18 00:00:00+00:00,185.94,187.36,184.73,186.62,21033397,185.94,187.36,184.73,186.62,21033397,0.0,1.0
2025-07-21 00:00:00+00:00,191.15,191.26,187.05,187.1,24664994,191.15,191.26,187.05,187.1,24664994,0.0,1.0
2025-07-22 00:00:00+00:00,192.11,193.36,188.495,192.42,26212909,192.11,193.36,188.495,192.42,26212909,0.0,1.0
2025-07-23 00:00:00+00:00,191.51,193.36,190.18,192.36,34068129,191.51,193.36,190.18,192.36,34068129,0.0,1.0
2025-07-24 00:00:00+00:00,193.2,198.97,191.95,198.11,45252060,193.2,198.97,191.95,198.11,45252060,0.0,1.0
2025-07-25 00:00:00+00:00,194.08,195.275,192.13,192.93,31101847,194.08,195.275,192.13,192.93,31101847,0.0,1.0
2025-07-28 00:00:00+00:00,193.42,194.82,191.855,194.41,25553546,193.42,194.82,191.855,194.41,25553546,0.0,1.0
2025-07-29 00:00:00+00:00,196.43,196.66,192.99,193.3,31891598,196.43,196.66,192.99,193.3,31891598,0.0,1.0
2025-07-30 00:00:00+00:00,197.44,198.4799,195.56,196.3,21150522,197.44,198.4799,195.56,196.3,21150522,0.0,1.0
2025-07-31 00:00:00+00:00,192.86,196.83,192.08,196.6,27852019,192.86,196.83,192.08,196.6,27852019,0.0,1.0
2025-08-01 00:00:00+00:00,189.95,191.6175,188.7,189.78,21236711,189.95,191.6175,188.7,189.78,21236711,0.0,1.0
2025-08-04 00:00:00+00:00,195.75,196.08,190.92,191.175,23385950,195.75,196.08,190.92,191.175,23385950,0.0,1.0
2025-08-05 00:00:00+00:00,195.32,198.7,194.675,195.545,19010151,195.32,198.7,194.675,195.545,19010151,0.0,1.0
2025-08-06 00:00:00+00:00,196.92,197.38,194.4673,195.25,15383679,196.92,197.38,194.4673,195.25,15383679,0.0,1.0
2025-08-07 00:00:00+00:00,197.28,198.37,195.22,197.71,14660550,197.28,198.37,195.22,197.71,14660550,0.0,1.0
2025-08-08 00:00:00+00:00,202.09,203.43,197.9,197.98,24379909,202.09,203.43,197.9,197.98,24379909,0.0,1.0
