date,close,high,low,open,volume,adjClose,adjHigh,adjLow,adjOpen,adjVolume,divCash,splitFactor
2018-01-02 00:00:00+00:00,158.72,158.85,157.01,158.22,1400973,150.4268004999,150.5500079348,148.8061488564,149.9529257503,1400973,0.0,1.0
2018-01-03 00:00:00+00:00,159.16,159.33,157.74,158.23,1362609,150.8438102795,151.0049276944,149.4980059908,149.9624032453,1362609,0.0,1.0
2018-01-04 00:00:00+00:00,162.01,163.82,159.46,159.46,1672952,153.544896352,155.2603229454,151.1281351292,151.1281351292,1672952,0.0,1.0
2018-01-05 00:00:00+00:00,164.11,164.55,162.5,162.8,1039360,155.5351703001,155.9521800797,154.0092936066,154.2936184563,1039360,0.0,1.0
2018-01-08 00:00:00+00:00,164.21,164.53,163.34,164.03,1171859,155.62994525,155.9332250898,154.8054031858,155.4593503402,1171859,0.0,1.0
2018-01-09 00:00:00+00:00,164.85,165.13,162.77,164.14,1088686,156.6061272341,156.8721249025,154.6301445551,155.9316331466,1088686,0.39,1.0
2018-01-10 00:00:00+00:00,163.51,164.58,162.55,164.38,1094425,155.3331383928,156.3496294825,154.4211463871,156.159631148,1094425,0.0,1.0
2018-01-11 00:00:00+00:00,163.0,164.28,162.25,163.52,810024,154.8486426398,156.0646319807,154.1361488853,155.3426383095,810024,0.0,1.0
2018-01-12 00:00:00+00:00,164.51,164.94,162.93,163.08,647434,156.2831300654,156.6916264847,154.7821432227,154.9246419736,647434,0.0,1.0
2018-01-16 00:00:00+00:00,162.29,166.49,161.83,165.0,1346949,154.1741485522,158.1641135773,153.7371523828,156.748625985,1346949,0.0,1.0
2018-01-17 00:00:00+00:00,164.29,164.68,162.93,163.88,859299,156.0741318975,156.4446286498,154.7821432227,155.6846353117,859299,0.0,1.0
2018-01-18 00:00:00+00:00,164.4,164.96,163.61,163.89,920393,156.1786309814,156.7106263181,155.4281375601,155.6941352284,920393,0.0,1.0
2018-01-19 00:00:00+00:00,167.74,167.82,164.62,164.94,1521578,159.3516031681,159.4276025019,156.3876291494,156.6916264847,1521578,0.0,1.0
2018-01-22 00:00:00+00:00,168.67,168.8,167.14,167.75,1004396,160.2350954236,160.358594341,158.7816081645,159.3611030848,1004396,0.0,1.0
2018-01-23 00:00:00+00:00,168.46,169.79,167.75,169.0,1008619,160.0355971724,161.299086097,159.3611030848,160.5485926756,1008619,0.0,1.0
2018-01-24 00:00:00+00:00,167.55,169.58,166.89,168.64,836443,159.1711047503,161.0995878457,158.5441102463,160.2065956734,836443,0.0,1.0
2018-01-25 00:00:00+00:00,167.82,168.78,166.28,168.03,720491,159.4276025019,160.3395945076,157.964615326,159.6271007531,720491,0.0,1.0
2018-01-26 00:00:00+00:00,170.44,170.59,168.19,168.54,716456,161.9165806842,162.0590794351,159.7790994207,160.1115965062,716456,0.0,1.0
2018-01-29 00:00:00+00:00,169.21,170.43,168.27,169.96,910956,160.7480909268,161.9070807674,159.8550987546,161.4605846813,910956,0.0,1.0
2018-01-30 00:00:00+00:00,168.5,170.0,167.33,169.71,1069057,160.0735968393,161.4985843482,158.9621065823,161.2230867631,1069057,0.0,1.0
2018-01-31 00:00:00+00:00,167.9,168.98,166.97,168.6,1257448,159.5036018357,160.5295928421,158.6201095801,160.1685960065,1257448,0.0,1.0
2018-02-01 00:00:00+00:00,165.65,168.45,164.92,167.56,1332995,157.3661205722,160.0260972556,156.6726266512,159.180604667,1332995,0.0,1.0
2018-02-02 00:00:00+00:00,163.42,166.41,163.41,164.49,1256601,155.2476391423,158.0881142434,155.2381392255,156.264130232,1256601,0.0,1.0
2018-02-05 00:00:00+00:00,157.65,163.99,157.64,162.66,1281806,149.7661871912,155.7891343957,149.7566872744,154.5256454711,1281806,0.0,1.0
2018-02-06 00:00:00+00:00,160.87,160.91,152.61,155.21,1921429,152.825160377,152.8631600439,144.9782291611,147.4482075099,1921429,0.0,1.0
2018-02-07 00:00:00+00:00,161.29,165.31,159.14,159.75,1472350,153.2241568795,157.0431234035,151.1816747834,151.7611697037,1472350,0.0,1.0
2018-02-08 00:00:00+00:00,152.75,161.28,152.66,161.28,1386481,145.1112279952,153.2146569628,145.0257287447,153.2146569628,1386481,0.0,1.0
2018-02-09 00:00:00+00:00,157.06,158.38,150.43,152.72,1964027,149.2056921043,150.4596811122,142.9072473147,145.0827282451,1964027,0.0,1.0
2018-02-12 00:00:00+00:00,159.38,160.78,157.5,159.21,1347698,151.4096727848,152.7396611265,149.6236884403,151.2481742005,1347698,0.0,1.0
2018-02-13 00:00:00+00:00,159.36,160.2,155.02,156.93,1232053,151.3906729514,152.1886659564,147.2677090921,149.0821931869,1232053,0.0,1.0
2018-02-14 00:00:00+00:00,163.9,164.06,158.13,158.85,1191975,155.7036351451,155.8556338128,150.222183194,150.9061771983,1191975,0.0,1.0
2018-02-15 00:00:00+00:00,169.31,169.32,163.38,164.73,1136507,160.8430900941,160.8525900108,155.2096394754,156.4921282334,1136507,0.0,1.0
2018-02-16 00:00:00+00:00,171.69,173.0,168.81,169.02,1653221,163.104070275,164.3485593661,160.3680942578,160.567592509,1653221,0.0,1.0
2018-02-20 00:00:00+00:00,173.57,174.55,170.55,171.0,1791561,164.8900546195,165.8210464587,162.0210797682,162.4485760208,1791561,0.0,1.0
2018-02-21 00:00:00+00:00,173.32,176.26,173.21,174.5,1447456,164.6525567014,167.4455322189,164.5480576174,165.7735468751,1447456,0.0,1.0
2018-02-22 00:00:00+00:00,172.1,177.51,171.58,173.89,1979877,163.4935668608,168.6330218097,162.999571191,165.1940519548,1979877,0.0,1.0
2018-02-23 00:00:00+00:00,171.78,172.3,164.85,167.9,3174674,163.1895695255,163.6835651953,156.6061272341,159.5036018357,3174674,0.0,1.0
2018-02-26 00:00:00+00:00,172.67,172.86,169.93,171.75,2238549,164.0350621142,164.215560532,161.4320849311,163.1610697753,2238549,0.0,1.0
2018-02-27 00:00:00+00:00,170.35,173.16,170.26,172.36,1665940,161.8310814336,164.5005580337,161.7455821831,163.7405646956,1665940,0.0,1.0
2018-02-28 00:00:00+00:00,166.86,172.11,166.8,171.38,1625214,158.5156104961,163.5030667775,158.4586109958,162.8095728565,1625214,0.0,1.0
2018-03-01 00:00:00+00:00,164.34,168.14,163.24,167.4,1794290,156.1216314811,159.7315998371,155.0766406412,159.0286059994,1794290,0.0,1.0
2018-03-02 00:00:00+00:00,168.84,169.21,162.59,162.84,1896110,160.396594008,160.7480909268,154.459146054,154.6966439721,1896110,0.0,1.0
2018-03-05 00:00:00+00:00,170.18,171.41,167.0,167.59,1301835,161.6695828493,162.8380726066,158.6486093303,159.2091044172,1301835,0.0,1.0
2018-03-06 00:00:00+00:00,169.46,171.09,168.79,170.9,1262618,160.985588845,162.5340752714,160.3490944243,162.3535768536,1262618,0.0,1.0
2018-03-07 00:00:00+00:00,170.66,171.16,168.26,168.58,1352306,162.1255788522,162.6005746885,159.8455988378,160.1495961731,1352306,0.0,1.0
2018-03-08 00:00:00+00:00,171.47,171.62,169.82,171.04,790847,162.895072107,163.0375708579,161.3275858471,162.4865756878,790847,0.0,1.0
2018-03-09 00:00:00+00:00,177.17,177.26,172.02,172.38,1668884,168.310024641,168.3955238916,163.4175675269,163.7595645291,1668884,0.0,1.0
2018-03-12 00:00:00+00:00,177.33,178.61,176.54,177.43,1964898,168.4620233086,169.6780126496,167.7115298873,168.5570224759,1964898,0.0,1.0
2018-03-13 00:00:00+00:00,177.68,179.17,176.57,177.67,1670541,168.7945203941,170.2100079863,167.7400296374,168.7850204773,1670541,0.0,1.0
2018-03-14 00:00:00+00:00,177.29,178.99,176.26,178.8,1017469,168.4240236417,170.0390094852,167.4455322189,169.8585110674,1017469,0.0,1.0
2018-03-15 00:00:00+00:00,177.93,178.42,176.72,177.27,1222458,169.0320183122,169.4975142318,167.8825283883,168.4050238083,1222458,0.0,1.0
2018-03-16 00:00:00+00:00,178.59,179.3,177.51,178.16,1449541,169.6590128162,170.3335069037,168.6330218097,169.2505163969,1449541,0.0,1.0
2018-03-19 00:00:00+00:00,175.74,177.57,173.48,177.34,1261676,166.9515365491,168.6900213101,164.804555369,168.4715232254,1261676,0.0,1.0
2018-03-20 00:00:00+00:00,178.15,178.99,175.24,176.14,1390744,169.2410164802,170.0390094852,166.4765407128,167.3315332182,1390744,0.0,1.0
2018-03-21 00:00:00+00:00,176.66,178.88,175.81,177.6,1248960,167.825528888,169.9345104012,167.0180359662,168.7185210603,1248960,0.0,1.0
2018-03-22 00:00:00+00:00,174.83,177.09,174.0,174.78,1521962,166.087044127,168.2340253072,165.2985510388,166.0395445434,1521962,0.0,1.0
2018-03-23 00:00:00+00:00,169.87,176.67,169.84,174.8,1649296,161.3750854308,167.8350288047,161.3465856806,166.0585443769,1649296,0.0,1.0
2018-03-26 00:00:00+00:00,174.53,174.66,171.64,173.01,2519093,165.8020466253,165.9255455427,163.0565706913,164.3580592828,2519093,0.0,1.0
2018-03-27 00:00:00+00:00,173.25,177.09,172.16,176.12,1661300,164.5860572843,168.2340253072,163.5505663611,167.3125333847,1661300,0.0,1.0
2018-03-28 00:00:00+00:00,170.93,174.06,170.38,173.44,1592909,162.3820766038,165.3555505391,161.8595811838,164.7665557021,1592909,0.0,1.0
2018-03-29 00:00:00+00:00,173.35,175.15,169.88,172.31,1243973,164.6810564515,166.3910414623,161.3845853475,163.693065112,1243973,0.0,1.0
2018-04-02 00:00:00+00:00,169.88,173.87,167.71,173.01,1797204,161.3845853475,165.1750521213,159.3231034179,164.3580592828,1797204,0.0,1.0
2018-04-03 00:00:00+00:00,170.47,170.77,167.67,170.77,1400116,161.9450804344,162.2300779361,159.285103751,162.2300779361,1400116,0.0,1.0
2018-04-04 00:00:00+00:00,173.05,173.79,167.43,168.39,2023995,164.3960589498,165.0990527875,159.0571057495,159.9690977553,2023995,0.0,1.0
2018-04-05 00:00:00+00:00,171.83,174.61,171.06,174.19,2026796,163.2370691091,165.8780459591,162.5055755212,165.4790494566,2026796,0.0,1.0
2018-04-06 00:00:00+00:00,167.68,171.23,166.52,169.92,1995825,159.2946036677,162.6670741056,158.1926133274,161.4225850144,1995825,0.0,1.0
2018-04-09 00:00:00+00:00,169.39,172.16,168.0,168.77,1684242,161.2895861802,163.927121771,159.9660574903,160.6992352538,1684242,0.39,1.0
2018-04-10 00:00:00+00:00,171.31,172.14,169.82,172.14,1669724,163.1177696944,163.9080781927,161.6990231131,163.9080781927,1669724,0.0,1.0
2018-04-11 00:00:00+00:00,171.59,172.89,169.11,169.7,812282,163.3843797902,164.6222123779,161.0229760844,161.5847616435,812282,0.0,1.0
2018-04-12 00:00:00+00:00,173.63,174.17,171.06,172.18,708221,165.326824774,165.8410013874,162.879724966,163.9461653493,708221,0.0,1.0
2018-04-13 00:00:00+00:00,171.99,174.66,171.11,174.66,678269,163.7652513557,166.3075690551,162.9273339117,166.3075690551,678269,0.0,1.0
2018-04-16 00:00:00+00:00,175.3,175.74,172.74,173.35,852316,166.9169635598,167.3359222818,164.4793855409,165.0602146782,852316,0.0,1.0
2018-04-17 00:00:00+00:00,181.0,181.5,175.57,176.61,1909068,172.3443833675,172.8204728243,167.1740518665,168.1643179367,1909068,0.0,1.0
2018-04-18 00:00:00+00:00,181.19,181.97,177.65,181.13,1775005,172.5252973611,173.2679969137,169.1545840068,172.4681666263,1775005,0.0,1.0
2018-04-19 00:00:00+00:00,179.41,181.97,178.94,180.76,1150450,170.8304188948,173.2679969137,170.3828948054,172.1158604282,1150450,0.0,1.0
2018-04-20 00:00:00+00:00,178.13,179.95,177.07,178.33,1264656,169.6116298854,171.3445955082,168.6023202369,169.8020656681,1264656,0.0,1.0
2018-04-23 00:00:00+00:00,180.3,181.85,178.65,179.1,943726,171.677858128,173.1537354441,170.1067629205,170.5352434316,943726,0.0,1.0
2018-04-24 00:00:00+00:00,178.57,182.93,176.77,181.19,1220274,170.0305886074,174.1820886708,168.3166665628,172.5252973611,1220274,0.0,1.0
2018-04-25 00:00:00+00:00,176.37,179.78,174.36,178.17,1504960,167.9357949974,171.1827250929,166.021915381,169.6497170419,1504960,0.0,1.0
2018-04-26 00:00:00+00:00,185.18,186.39,180.75,180.78,2036410,176.3244912265,177.476627712,172.1063386391,172.1349040065,2036410,0.0,1.0
2018-04-27 00:00:00+00:00,186.59,186.84,184.18,185.45,1110317,177.6670634947,177.9051082231,175.3723123129,176.5815795332,1110317,0.0,1.0
2018-04-30 00:00:00+00:00,184.79,188.56,184.72,187.2,1444332,175.9531414502,179.5428559546,175.8864889262,178.247892632,1444332,0.0,1.0
2018-05-01 00:00:00+00:00,187.24,187.51,184.37,184.82,1001209,178.2859797886,178.5430680953,175.5532263064,175.9817068176,1001209,0.0,1.0
2018-05-02 00:00:00+00:00,185.93,188.05,185.25,187.18,1190645,177.0386254117,179.0572447086,176.3911437504,178.2288490538,1190645,0.0,1.0
2018-05-03 00:00:00+00:00,186.38,187.61,183.02,184.9,1245176,177.4671059229,178.6382859866,174.267784773,176.0578811307,1245176,0.0,1.0
2018-05-04 00:00:00+00:00,189.45,190.49,185.34,185.98,1191097,180.3902951877,181.3805612579,176.4768398527,177.0862343574,1191097,0.0,1.0
2018-05-07 00:00:00+00:00,189.56,191.3,188.7,190.53,1103030,180.4950348682,182.1518261779,179.6761610025,181.4186484144,1103030,0.0,1.0
2018-05-08 00:00:00+00:00,190.17,190.4,188.15,188.28,1108684,181.0758640055,181.2948651557,179.1524626,179.2762458588,1108684,0.0,1.0
2018-05-09 00:00:00+00:00,192.67,193.68,189.85,190.65,932834,183.4563112896,184.4180119924,180.7711667532,181.5329098841,932834,0.0,1.0
2018-05-10 00:00:00+00:00,194.3,194.74,192.75,194.54,924411,185.0083629188,185.4273216408,183.5324856027,185.2368858581,924411,0.0,1.0
2018-05-11 00:00:00+00:00,194.2,196.28,193.46,194.19,1208125,184.9131450275,186.8936771678,184.2085326314,184.9036232383,1208125,0.0,1.0
2018-05-14 00:00:00+00:00,192.59,195.99,191.96,194.63,1090008,183.3801369765,186.6175452829,182.7802642609,185.3225819603,1090008,0.0,1.0
2018-05-15 00:00:00+00:00,189.77,190.88,188.61,190.47,2066205,180.6949924401,181.7519110342,179.5904649003,181.3615176796,2066205,0.0,1.0
2018-05-16 00:00:00+00:00,190.41,191.43,188.8,190.38,1572652,181.3043869448,182.2756094367,179.7713788938,181.2758215774,1572652,0.0,1.0
2018-05-17 00:00:00+00:00,189.78,191.2,188.47,189.81,991138,180.7045142292,182.0566082866,179.4571598523,180.7330795966,991138,0.0,1.0
2018-05-18 00:00:00+00:00,190.54,191.04,188.25,189.28,1305401,181.4281702036,181.9042596604,179.2476804913,180.2284247724,1305401,0.0,1.0
2018-05-21 00:00:00+00:00,191.69,192.75,190.89,192.21,1297177,182.5231759542,183.5324856027,181.7614328233,183.0183089893,1297177,0.0,1.0
2018-05-22 00:00:00+00:00,190.54,192.66,189.73,192.58,1934071,181.4281702036,183.4467895005,180.6569052835,183.3706151874,1934071,0.0,1.0
2018-05-23 00:00:00+00:00,196.23,196.97,187.21,187.26,2200329,186.8460682221,187.5506806182,178.2574144212,178.3050233668,2200329,0.0,1.0
2018-05-24 00:00:00+00:00,197.79,198.2,194.66,195.5,2051013,188.3314673274,188.721860682,185.3511473277,186.1509776152,2051013,0.0,1.0
2018-05-25 00:00:00+00:00,197.09,199.48,196.53,197.18,1399558,187.6649420879,189.9406496914,187.1317218962,187.7506381901,1399558,0.0,1.0
2018-05-29 00:00:00+00:00,196.7,198.35,194.82,195.67,1850459,187.2935923115,188.864687519,185.5034959539,186.3128480305,1850459,0.0,1.0
2018-05-30 00:00:00+00:00,201.1,201.59,197.83,198.05,1532167,191.4831795315,191.9497471992,188.3695544839,188.5790338449,1532167,0.0,1.0
2018-05-31 00:00:00+00:00,201.6,203.44,200.16,200.9,2822885,191.9592689883,193.7112781894,190.5881313527,191.2927437488,2822885,0.0,1.0
2018-06-01 00:00:00+00:00,204.08,204.25,201.0,202.28,1296361,194.3206726942,194.4825431095,191.3879616402,192.6067506496,1296361,0.0,1.0
2018-06-04 00:00:00+00:00,207.0,207.14,203.95,204.23,1548281,197.101035122,197.2343401699,194.1968894354,194.4634995312,1548281,0.0,1.0
2018-06-05 00:00:00+00:00,208.23,208.5,206.22,207.25,1344736,198.2722151857,198.5293034924,196.3583355693,197.3390798504,1344736,0.0,1.0
2018-06-06 00:00:00+00:00,209.5,209.54,206.91,208.29,1722206,199.481482406,199.5195695626,197.0153390197,198.3293459205,1722206,0.0,1.0
2018-06-07 00:00:00+00:00,206.26,209.37,203.35,209.37,1231036,196.3964227259,199.3576991473,193.6255820872,199.3576991473,1231036,0.0,1.0
2018-06-08 00:00:00+00:00,206.26,207.19,204.5,206.1,1108142,196.3964227259,197.2819491155,194.7205878379,196.2440740997,1108142,0.0,1.0
2018-06-11 00:00:00+00:00,206.36,206.98,205.83,206.73,766040,196.4916406172,197.0819915437,195.986985793,196.8439468153,766040,0.0,1.0
2018-06-12 00:00:00+00:00,207.49,207.74,205.98,206.79,1093299,197.5676027896,197.805647518,196.1298126301,196.9010775501,1093299,0.0,1.0
2018-06-13 00:00:00+00:00,207.79,209.43,207.05,207.27,1090789,197.8532564637,199.4148298821,197.1486440676,197.3581234286,1090789,0.0,1.0
2018-06-14 00:00:00+00:00,209.08,210.13,207.75,208.83,797594,199.0815672623,200.0813551216,197.8151693072,198.8435225339,797594,0.0,1.0
2018-06-15 00:00:00+00:00,208.96,210.19,206.71,208.64,2175411,198.9673057927,200.1384858564,196.824903237,198.6626085403,2175411,0.0,1.0
2018-06-18 00:00:00+00:00,209.16,209.83,205.8,207.68,1205381,199.1577415754,199.7957014475,195.9584204256,197.7485167832,1205381,0.0,1.0
2018-06-19 00:00:00+00:00,210.61,210.85,207.12,209.82,1824089,200.5384010002,200.7669239394,197.2152965916,199.7861796584,1824089,0.0,1.0
2018-06-20 00:00:00+00:00,213.52,213.76,210.16,210.85,1235785,203.3092416388,203.5377645781,200.109920489,200.7669239394,1235785,0.0,1.0
2018-06-21 00:00:00+00:00,209.8,216.63,209.43,214.25,1693527,199.7671360801,206.2705180602,199.4148298821,204.0043322458,1693527,0.0,1.0
2018-06-22 00:00:00+00:00,205.98,210.47,205.83,209.77,2316108,196.1298126301,200.4050959523,195.986985793,199.7385707127,2316108,0.0,1.0
2018-06-25 00:00:00+00:00,201.74,205.0,200.01,204.87,2058228,192.0925740362,195.1966772947,190.4453045157,195.0728940359,2058228,0.0,1.0
2018-06-26 00:00:00+00:00,202.11,203.41,201.5,201.94,1638019,192.4448802343,193.682712822,191.864051097,192.283009819,1638019,0.0,1.0
2018-06-27 00:00:00+00:00,198.22,203.97,198.03,202.43,1276371,188.7409042603,194.2159330136,188.5599902667,192.7495774867,1276371,0.0,1.0
2018-06-28 00:00:00+00:00,204.02,204.75,198.45,198.45,1467835,194.2635419593,194.9586325663,188.9599054104,188.9599054104,1467835,0.0,1.0
2018-06-29 00:00:00+00:00,204.31,206.52,203.31,204.36,1268125,194.5396738443,196.6439892434,193.5874949307,194.58728279,1268125,0.0,1.0
2018-07-02 00:00:00+00:00,205.44,206.19,201.71,203.01,1974401,195.6156360167,196.3297702019,192.0640086688,193.3018412566,1974401,0.0,1.0
2018-07-03 00:00:00+00:00,204.76,206.95,204.36,206.95,776677,194.9681543554,197.0534261763,194.58728279,197.0534261763,776677,0.0,1.0
2018-07-05 00:00:00+00:00,205.06,207.94,203.8,206.55,1341834,195.2538080295,197.9960833008,194.0540625983,196.6725546108,1341834,0.0,1.0
2018-07-06 00:00:00+00:00,208.15,208.39,204.47,205.68,1384174,198.1960408726,198.4245638119,194.6920224705,195.844158956,1384174,0.0,1.0
2018-07-09 00:00:00+00:00,207.73,209.79,206.51,209.22,1109766,198.1674755052,200.1326466386,197.0036362903,199.5888856939,1109766,0.39,1.0
2018-07-10 00:00:00+00:00,208.46,209.3,207.56,208.13,998586,198.863871101,199.6652030195,198.0053011884,198.5490621331,998586,0.0,1.0
2018-07-11 00:00:00+00:00,209.19,209.53,207.55,207.6,966757,199.5602666969,199.8846153305,197.9957615227,198.0434598512,966757,0.0,1.0
2018-07-12 00:00:00+00:00,213.72,213.86,209.95,210.7,1656864,203.8817352572,204.0152905769,200.2852812898,201.000756217,1656864,0.0,1.0
2018-07-13 00:00:00+00:00,213.71,214.36,212.24,213.92,870300,203.8721955915,204.4922738617,202.4698647342,204.0725285711,870300,0.0,1.0
2018-07-16 00:00:00+00:00,214.46,214.92,213.43,213.55,623362,204.5876705187,205.0264951407,203.605084952,203.7195609404,623362,0.0,1.0
2018-07-17 00:00:00+00:00,216.48,216.99,210.93,213.54,726050,206.5146829893,207.0012059398,201.220168528,203.7100212747,726050,0.0,1.0
2018-07-18 00:00:00+00:00,218.31,218.61,215.08,216.0,878544,208.2604418117,208.5466317826,205.1791297919,206.0567790359,878544,0.0,1.0
2018-07-19 00:00:00+00:00,215.99,218.17,215.14,217.51,1136023,206.0472393702,208.126886492,205.236367786,207.497268556,1136023,0.0,1.0
2018-07-20 00:00:00+00:00,215.28,216.59,215.11,216.04,776345,205.3699231058,206.619619312,205.207748789,206.0949376987,776345,0.0,1.0
2018-07-23 00:00:00+00:00,217.39,217.75,215.02,215.29,770167,207.3827925677,207.7262205327,205.1218917977,205.3794627715,770167,0.0,1.0
2018-07-24 00:00:00+00:00,215.8,219.46,215.34,218.15,966477,205.865985722,209.3575033668,205.4271611,208.1078071606,966477,0.0,1.0
2018-07-25 00:00:00+00:00,217.25,217.5,215.43,216.0,1338651,207.2492372479,207.4877288903,205.5130180912,206.0567790359,1338651,0.0,1.0
2018-07-26 00:00:00+00:00,216.64,219.34,216.25,217.61,1062867,206.6673176405,209.2430273784,206.2952706783,207.592665213,1062867,0.0,1.0
2018-07-27 00:00:00+00:00,212.31,218.19,209.32,217.5,1284134,202.536642394,208.1459658234,199.6842823509,207.4877288903,1284134,0.0,1.0
2018-07-30 00:00:00+00:00,202.68,212.16,202.4,208.06,1780004,193.3499443287,202.3935474086,193.0828336892,198.4822844732,1780004,0.0,1.0
2018-07-31 00:00:00+00:00,204.24,206.42,201.85,204.2,2225461,194.8381321773,196.917779299,192.5581520759,194.7999735145,2225461,0.0,1.0
2018-08-01 00:00:00+00:00,204.26,205.62,203.31,203.91,1264685,194.8572115087,196.1546060433,193.9509432675,194.5233232093,1264685,0.0,1.0
2018-08-02 00:00:00+00:00,205.73,205.81,202.39,202.7,1427878,196.259542366,196.3358596916,193.0732940235,193.3690236601,1427878,0.0,1.0
2018-08-03 00:00:00+00:00,205.15,206.99,203.92,206.79,936072,195.7062417556,197.4615402437,194.532862875,197.2707469298,936072,0.0,1.0
2018-08-06 00:00:00+00:00,207.48,207.99,204.35,204.54,936012,197.9289838628,198.4155068133,194.9430684999,195.1243221482,936012,0.0,1.0
2018-08-07 00:00:00+00:00,209.48,210.16,207.71,207.74,1221437,199.836917002,200.4856142694,198.1483961738,198.1770151709,1221437,0.0,1.0
2018-08-08 00:00:00+00:00,210.04,210.58,208.11,209.7,808870,200.371138281,200.8862802286,198.5299828017,200.0467896474,808870,0.0,1.0
2018-08-09 00:00:00+00:00,211.19,212.84,210.62,212.61,812876,201.4681998361,203.0422446759,200.9244388914,202.8228323649,812876,0.0,1.0
2018-08-10 00:00:00+00:00,211.01,212.71,209.11,209.59,918113,201.2964858535,202.9182290219,199.4839493713,199.9418533247,918113,0.0,1.0
2018-08-13 00:00:00+00:00,209.57,212.74,209.3,211.39,995486,199.9227739933,202.946848019,199.6652030195,201.65899315,995486,0.0,1.0
2018-08-14 00:00:00+00:00,210.69,211.495,208.61,210.0,1065545,200.9912165513,201.7591596398,199.0069660865,200.3329796182,1065545,0.0,1.0
2018-08-15 00:00:00+00:00,209.47,211.59,207.1,209.51,952129,199.8273773363,201.8497864639,197.5664765664,199.8655359991,952129,0.0,1.0
2018-08-16 00:00:00+00:00,209.69,211.17,208.87,210.69,958266,200.0372499817,201.4491205047,199.2549973946,200.9912165513,958266,0.0,1.0
2018-08-17 00:00:00+00:00,207.89,210.5,206.21,209.05,2001168,198.3201101564,200.809962903,196.7174463194,199.4267113771,2001168,0.0,1.0
2018-08-20 00:00:00+00:00,207.4,208.82,207.07,208.82,2210597,197.8526665373,199.2072990661,197.5378575693,199.2072990661,2210597,0.0,1.0
2018-08-21 00:00:00+00:00,209.01,210.39,208.02,208.41,2091513,199.3885527143,200.7050265804,198.4441258104,198.8161727726,2091513,0.0,1.0
2018-08-22 00:00:00+00:00,209.69,210.39,208.59,209.01,1797395,200.0372499817,200.7050265804,198.9878867551,199.3885527143,1797395,0.0,1.0
2018-08-23 00:00:00+00:00,212.45,213.46,210.01,210.31,2073544,202.6701977138,203.6337039491,200.3425192839,200.6287092548,2073544,0.0,1.0
2018-08-24 00:00:00+00:00,216.63,217.36,211.46,212.85,2736999,206.6577779748,207.3541735706,201.7257708099,203.0517843416,2736999,0.0,1.0
2018-08-27 00:00:00+00:00,211.97,217.46,210.22,216.64,2418567,202.2122937604,207.4495702275,200.5428522636,206.6673176405,2418567,0.0,1.0
2018-08-28 00:00:00+00:00,215.93,216.03,212.21,212.32,1618867,205.990001376,206.085398033,202.4412457371,202.5461820597,1618867,0.0,1.0
2018-08-29 00:00:00+00:00,217.9,218.75,215.44,215.6,1517117,207.8693155182,208.6801871023,205.5225577569,205.6751924081,1517117,0.0,1.0
2018-08-30 00:00:00+00:00,218.63,219.21,216.35,217.17,1246759,208.565711114,209.1190117244,206.3906673353,207.1729199223,1246759,0.0,1.0
2018-08-31 00:00:00+00:00,219.47,219.78,217.6,217.97,1341141,209.3670430325,209.662772669,207.5831255473,207.936093178,1341141,0.0,1.0
2018-09-04 00:00:00+00:00,220.74,221.12,218.06,219.94,1200609,210.5785805759,210.9410878723,208.0219501693,209.8154073202,1200609,0.0,1.0
2018-09-05 00:00:00+00:00,218.69,221.09,214.71,220.6,1837071,208.6229491082,210.9124688752,204.8261621611,210.4450252561,1837071,0.0,1.0
2018-09-06 00:00:00+00:00,219.86,220.8,216.61,218.41,1456653,209.7390899946,210.63581857,206.6386986434,208.3558384687,1456653,0.0,1.0
2018-09-07 00:00:00+00:00,220.32,221.58,217.18,218.28,1604593,210.1779146166,211.3799124943,207.182459588,208.2318228146,1604593,0.0,1.0
2018-09-10 00:00:00+00:00,224.72,225.12,220.07,220.62,1567360,214.3753675229,214.7569541508,209.9394229742,210.4641045875,1567360,0.0,1.0
2018-09-11 00:00:00+00:00,226.02,226.79,223.71,224.11,1595251,215.6155240634,216.350078322,213.4118612876,213.7934479154,1595251,0.0,1.0
2018-09-12 00:00:00+00:00,225.68,226.93,223.09,226.21,1000981,215.2911754297,216.4836336418,212.8204020144,215.7967777116,1000981,0.0,1.0
2018-09-13 00:00:00+00:00,227.78,228.38,225.93,226.34,1543249,217.2945052259,217.8668851677,215.5296670721,215.9207933657,1543249,0.0,1.0
2018-09-14 00:00:00+00:00,227.54,229.86,226.83,228.73,1434358,217.0655532492,219.2787556907,216.3882369848,218.200773467,1434358,0.0,1.0
2018-09-17 00:00:00+00:00,225.47,228.22,225.21,227.51,1515327,215.0908424501,217.7142505165,214.842811142,217.0369342521,1515327,0.0,1.0
2018-09-18 00:00:00+00:00,228.18,229.62,225.21,225.79,1331106,217.6760918538,219.049803714,214.842811142,215.3961117524,1331106,0.0,1.0
2018-09-19 00:00:00+00:00,220.88,228.41,219.06,227.76,2072178,210.7121358956,217.8955041648,208.9759167389,217.2754258945,2072178,0.0,1.0
2018-09-20 00:00:00+00:00,221.45,222.43,220.47,222.02,1366012,211.2558968403,212.1907840785,210.3210096021,211.799657785,1366012,0.0,1.0
2018-09-21 00:00:00+00:00,220.44,223.52,219.76,222.51,5539730,210.292390605,213.2306076394,209.6436933376,212.2671014041,5539730,0.0,1.0
2018-09-24 00:00:00+00:00,218.9,221.97,217.69,219.48,1505534,208.8232820878,211.7519594565,207.6689825385,209.3765826982,1505534,0.0,1.0
2018-09-25 00:00:00+00:00,221.96,221.98,219.0,219.0,2041485,211.7424197908,211.7614991222,208.9186787447,208.9186787447,2041485,0.0,1.0
2018-09-26 00:00:00+00:00,222.18,224.6,221.06,222.65,1452494,211.9522924361,214.2608915346,210.8838498781,212.4006567238,1452494,0.0,1.0
2018-09-27 00:00:00+00:00,222.82,224.31,222.49,222.68,891089,212.5628310406,213.9842412294,212.2480220727,212.4292757209,891089,0.0,1.0
2018-09-28 00:00:00+00:00,227.4,227.93,223.5,223.89,1593368,216.9319979295,217.4376002114,213.211528308,213.5835752701,1593368,0.0,1.0
2018-10-01 00:00:00+00:00,227.72,229.8,226.62,228.85,1110448,217.2372672317,219.2215176965,216.1879040052,218.3152494554,1110448,0.0,1.0
2018-10-02 00:00:00+00:00,227.62,228.57,224.57,227.87,1276090,217.1418705748,218.0481388159,214.2322725375,217.3803622172,1276090,0.0,1.0
2018-10-03 00:00:00+00:00,231.32,231.84,228.53,230.0,1646430,220.6715468823,221.1676094985,218.0099801531,219.4123110105,1646430,0.0,1.0
2018-10-04 00:00:00+00:00,224.67,230.77,223.4,230.27,1533717,214.3276691944,220.1468652691,213.116131651,219.6698819842,1533717,0.0,1.0
2018-10-05 00:00:00+00:00,222.31,226.76,220.34,225.04,1342986,212.0763080901,216.3214593249,210.196993948,214.6806368252,1342986,0.0,1.0
2018-10-08 00:00:00+00:00,217.34,222.69,213.98,222.42,1842088,207.3350942392,212.4388153866,204.1297665653,212.1812444128,1842088,0.0,1.0
2018-10-09 00:00:00+00:00,220.66,221.48,217.34,218.8,1721863,210.950627538,211.7345463025,207.7767125402,209.1724703404,1721863,0.47,1.0
2018-10-10 00:00:00+00:00,204.44,220.01,204.21,219.5,2826000,195.4443319762,210.3292285173,195.2244523227,209.8416692857,2826000,0.0,1.0
2018-10-11 00:00:00+00:00,200.69,208.56,199.0,204.64,2918806,191.8593376262,199.3830457687,190.2437001725,195.6355316749,2918806,0.0,1.0
2018-10-12 00:00:00+00:00,211.82,212.4,205.58,208.19,2602222,202.499600857,203.0540799831,196.5341702586,199.0293263262,2602222,0.0,1.0
2018-10-15 00:00:00+00:00,208.78,211.69,207.57,211.69,1220197,199.5933654373,202.3753210528,198.4366072603,202.3753210528,1220197,0.0,1.0
2018-10-16 00:00:00+00:00,214.92,215.86,209.69,211.63,1590980,205.4631961863,206.36183477,200.4633240662,202.3179611432,1590980,0.0,1.0
2018-10-17 00:00:00+00:00,218.83,218.95,213.25,215.44,2167046,209.2011502952,209.3158701144,203.8666787024,205.9603154028,2167046,0.0,1.0
2018-10-18 00:00:00+00:00,212.68,218.12,212.4,217.44,1727417,203.3217595612,208.522391365,203.0540799831,207.8723123895,1727417,0.0,1.0
2018-10-19 00:00:00+00:00,211.1,215.95,210.14,214.97,1725908,201.8112819418,206.4478746344,200.8935233882,205.510996111,1725908,0.0,1.0
2018-10-22 00:00:00+00:00,213.27,214.64,209.17,212.02,1334799,203.8857986723,205.1955166082,199.9662048497,202.6908005556,1334799,0.0,1.0
2018-10-23 00:00:00+00:00,208.87,210.34,204.32,209.53,1591302,199.6794053017,201.0847230869,195.329612157,200.3103643073,1591302,0.0,1.0
2018-10-24 00:00:00+00:00,201.43,211.16,201.27,208.23,1532974,192.5667765113,201.8686418514,192.4138167524,199.0675662659,1532974,0.0,1.0
2018-10-25 00:00:00+00:00,207.66,208.19,202.79,204.32,1367369,198.5226471247,199.0293263262,193.8669344622,195.329612157,1367369,0.0,1.0
2018-10-26 00:00:00+00:00,202.02,205.31,199.55,200.97,1399421,193.1308156224,196.2760506654,190.7694993438,192.1270172044,1399421,0.0,1.0
2018-10-29 00:00:00+00:00,200.67,208.2,196.4,206.35,1534295,191.8402176564,199.0388863111,187.7581040898,197.2702890985,1534295,0.0,1.0
2018-10-30 00:00:00+00:00,202.8,204.21,199.46,200.88,1486915,193.8764944472,195.2244523227,190.6834594794,192.04097734,1486915,0.0,1.0
2018-10-31 00:00:00+00:00,211.0,212.77,205.09,205.39,1589700,201.7156820924,203.4077994256,196.0657309969,196.3525305449,1589700,0.0,1.0
2018-11-01 00:00:00+00:00,212.36,212.59,207.81,210.81,1411647,203.0158400434,203.2357196968,198.6660468987,201.5340423787,1411647,0.0,1.0
2018-11-02 00:00:00+00:00,212.98,215.73,211.68,212.95,2165935,203.6085591092,206.2375549659,202.3657610679,203.5798791544,2165935,0.0,1.0
2018-11-05 00:00:00+00:00,214.44,214.87,211.32,213.94,1361262,205.0043169095,205.4153962616,202.0216016103,204.5263176628,1361262,0.0,1.0
2018-11-06 00:00:00+00:00,213.7,216.15,211.37,213.82,1228261,204.2968780244,206.6390743331,202.069401535,204.4115978436,1228261,0.0,1.0
2018-11-07 00:00:00+00:00,221.88,221.89,215.02,215.69,1146420,212.1169456999,212.1265056848,205.5587960356,206.1993150262,1146420,0.0,1.0
2018-11-08 00:00:00+00:00,223.24,223.31,220.07,220.71,920612,213.4171036508,213.4840235453,210.3865884269,210.9984274627,920612,0.0,1.0
2018-11-09 00:00:00+00:00,222.17,223.41,219.05,222.89,1588064,212.3941852629,213.5796233947,209.4114699637,213.0825041781,1588064,0.0,1.0
2018-11-12 00:00:00+00:00,212.87,221.48,212.62,221.48,1651836,203.503399275,211.7345463025,203.2643996516,211.7345463025,1651836,0.0,1.0
2018-11-13 00:00:00+00:00,212.84,216.38,212.05,213.93,1569803,203.4747193202,206.8589539866,202.7194805104,204.5167576779,1569803,0.0,1.0
2018-11-14 00:00:00+00:00,209.38,216.31,208.17,214.87,1189374,200.1669645333,206.792034092,199.0102063563,205.4153962616,1189374,0.0,1.0
2018-11-15 00:00:00+00:00,214.54,215.19,207.67,208.79,1342822,205.0999167588,205.7213157795,198.5322071097,199.6029254222,1342822,0.0,1.0
2018-11-16 00:00:00+00:00,211.44,214.35,210.43,213.01,1606200,202.1363214295,204.9182770451,201.1707629513,203.637239064,1606200,0.0,1.0
2018-11-19 00:00:00+00:00,199.24,211.15,196.27,210.05,3277575,190.4731398109,201.8590818664,187.6338242857,200.8074835238,3277575,0.0,1.0
2018-11-20 00:00:00+00:00,195.18,198.98,190.71,197.61,4439910,186.591785928,190.2245802026,182.3184726628,188.9148622668,4439910,0.0,1.0
2018-11-21 00:00:00+00:00,198.4,200.57,194.33,198.35,2578601,189.6701010765,191.744617807,185.7791872087,189.6223011518,2578601,0.0,1.0
2018-11-23 00:00:00+00:00,197.05,197.9299,195.0,195.62,1622731,188.3795031105,189.2206861848,186.4197061992,187.012425265,1622731,0.0,1.0
2018-11-26 00:00:00+00:00,201.42,202.08,199.61,202.07,2151404,192.5572165264,193.188175532,190.8268592534,193.178615547,2151404,0.0,1.0
2018-11-27 00:00:00+00:00,198.75,199.71,195.53,199.7,1781413,190.0047005492,190.9224591028,186.9263854006,190.9128991178,1781413,0.0,1.0
2018-11-28 00:00:00+00:00,208.92,209.02,199.32,199.32,2284568,199.7272052263,199.8228050757,190.5496196904,190.5496196904,2284568,0.0,1.0
2018-11-29 00:00:00+00:00,209.19,209.95,205.14,206.96,1899514,199.9853248195,200.7118836745,196.1135309215,197.8534481794,1899514,0.0,1.0
2018-11-30 00:00:00+00:00,214.53,214.88,209.01,210.41,2692644,205.0903567739,205.4249562466,199.8132450907,201.1516429814,2692644,0.0,1.0
2018-12-03 00:00:00+00:00,213.52,219.85,211.51,217.72,2120049,204.1247982956,210.1762687584,202.203241324,208.1399919676,2120049,0.0,1.0
2018-12-04 00:00:00+00:00,207.65,214.11,205.4,212.66,1725997,198.5130871398,204.6888374067,196.3620905298,203.3026395914,1725997,0.0,1.0
2018-12-06 00:00:00+00:00,211.55,211.57,199.4033,203.2,2659583,202.2414812638,202.2606012336,190.6292543649,194.2588938445,2659583,0.0,1.0
2018-12-07 00:00:00+00:00,202.46,212.25,202.2,210.21,1767584,193.5514549594,202.9106802091,193.3028953512,200.9604432827,1767584,0.0,1.0
2018-12-10 00:00:00+00:00,206.79,207.01,201.28,202.96,1584415,197.6909284355,197.9012481041,192.4233767373,194.0294542061,1584415,0.0,1.0
2018-12-11 00:00:00+00:00,206.11,210.43,204.06,210.0,1594645,197.0408494601,201.1707629513,195.0810525487,200.7596835991,1594645,0.0,1.0
2018-12-12 00:00:00+00:00,209.18,212.96,208.67,210.11,1480089,199.9757648346,203.5894391394,199.488205603,200.8648434334,1480089,0.0,1.0
2018-12-13 00:00:00+00:00,208.44,211.17,204.71,206.86,2405903,199.2683259495,201.8782018363,195.7024515694,197.7578483301,2405903,0.0,1.0
2018-12-14 00:00:00+00:00,200.93,206.58,200.35,205.48,2277822,192.0887772646,197.4901687519,191.5342981385,196.4385704093,2277822,0.0,1.0
2018-12-17 00:00:00+00:00,197.49,201.52,195.79,200.29,2636334,188.8001424476,192.6528163757,187.1749450089,191.4769382289,2636334,0.0,1.0
2018-12-18 00:00:00+00:00,198.13,200.75,196.0,199.03,1984533,189.4119814833,191.9166975358,187.3757046925,190.2723801273,1984533,0.0,1.0
2018-12-19 00:00:00+00:00,195.57,202.88,193.32,198.57,1889386,186.9646253404,193.9529743266,184.8136287304,189.8326208204,1889386,0.0,1.0
2018-12-20 00:00:00+00:00,192.06,196.21,188.07,194.49,2181200,183.6090706288,187.5764643761,179.7946366404,185.9321469676,2181200,0.0,1.0
2018-12-21 00:00:00+00:00,185.81,194.99,184.99,192.78,3323077,177.6340800455,186.4101462142,176.850161281,184.297389544,3323077,0.0,1.0
2018-12-24 00:00:00+00:00,182.75,188.38,182.61,185.0,1007920,174.7087246559,180.0909961733,174.5748848668,176.8597212659,1007920,0.0,1.0
2018-12-26 00:00:00+00:00,192.8,192.86,183.07,184.13,1987798,184.3165095139,184.3738694235,175.0146441738,176.0280025767,1987798,0.0,1.0
2018-12-27 00:00:00+00:00,197.24,197.39,187.84,189.56,2730917,188.5611428242,188.7045425982,179.5747569869,181.2190743955,2730917,0.0,1.0
2018-12-28 00:00:00+00:00,195.85,199.49,194.45,197.74,1339742,187.2323049185,190.7121394342,185.8939070279,189.0391420709,1339742,0.0,1.0
2018-12-31 00:00:00+00:00,196.85,198.76,195.43,197.37,1074167,188.1883034118,190.0142605341,186.8307855513,188.6854226284,1074167,0.0,1.0
2019-01-02 00:00:00+00:00,194.47,195.81,191.11,191.5,1485776,185.9130269977,187.1940649788,182.7008720601,183.0737114725,1485776,0.0,1.0
2019-01-03 00:00:00+00:00,188.52,193.24,188.21,191.25,2016129,180.2248359624,184.7371488509,179.9284764295,182.8347118492,2016129,0.0,1.0
2019-01-04 00:00:00+00:00,196.0,198.28,189.76,191.81,1736376,187.3757046925,189.5553812573,181.4102740941,183.3700710055,1736376,0.0,1.0
2019-01-07 00:00:00+00:00,198.99,200.41,195.33,195.33,1175424,190.2341401876,191.5916580481,186.735185702,186.735185702,1175424,0.0,1.0
2019-01-08 00:00:00+00:00,203.76,203.86,198.08,200.83,1654048,194.7942530007,194.8898528501,189.3641815586,191.9931774153,1654048,0.0,1.0
2019-01-09 00:00:00+00:00,202.66,205.0,200.34,204.06,1643215,194.1919739499,196.4341984592,191.9689137528,195.5334757931,1643215,0.47,1.0
2019-01-10 00:00:00+00:00,206.06,207.29,201.11,201.75,1507701,197.4499069976,198.6285121883,192.7067397665,193.3199977519,1507701,0.0,1.0
2019-01-11 00:00:00+00:00,206.15,207.0,204.06,205.44,1479582,197.5361464018,198.3506296637,195.5334757931,196.8558133242,1479582,0.0,1.0
2019-01-14 00:00:00+00:00,205.15,206.34,202.91,203.75,1058036,196.5779307995,197.7182073662,194.4315278505,195.2364289564,1058036,0.0,1.0
2019-01-15 00:00:00+00:00,209.81,210.25,205.38,205.38,1559923,201.043215506,201.464830371,196.798320388,196.798320388,1559923,0.0,1.0
2019-01-16 00:00:00+00:00,209.99,214.38,209.25,210.99,1340700,201.2156943144,205.4222608082,200.5066147687,202.1739099166,1340700,0.0,1.0
2019-01-17 00:00:00+00:00,211.73,212.11,208.51,208.51,1106376,202.8829894623,203.2471113911,199.7975352231,199.7975352231,1106376,0.0,1.0
2019-01-18 00:00:00+00:00,213.87,215.32,210.89,214.18,1622569,204.9335708511,206.3229834743,202.0780883564,205.2306176878,1622569,0.0,1.0
2019-01-22 00:00:00+00:00,212.34,215.82,210.87,212.84,1656479,203.4675009796,206.8020912754,202.0589240443,203.9466087808,1656479,0.0,1.0
2019-01-23 00:00:00+00:00,212.24,216.49,209.9,213.0,1454721,203.3716794194,207.4440957289,201.1294549102,204.0999232771,1454721,0.0,1.0
2019-01-24 00:00:00+00:00,212.16,213.57,210.27,212.34,966155,203.2950221712,204.6461061704,201.483994683,203.4675009796,966155,0.0,1.0
2019-01-25 00:00:00+00:00,214.3,215.51,212.76,214.6,1127456,205.34560356,206.5050444387,203.8699515326,205.6330682407,1127456,0.0,1.0
2019-01-28 00:00:00+00:00,211.05,212.9,209.75,212.83,972488,202.2314028527,204.0041017169,200.9857225698,203.9370266247,972488,0.0,1.0
2019-01-29 00:00:00+00:00,208.33,211.87,207.69,211.21,995655,199.6250564146,203.0171396466,199.0117984292,202.3847173491,995655,0.0,1.0
2019-01-30 00:00:00+00:00,214.1,214.65,209.6,209.72,1251485,205.1539604396,205.6809790208,200.8419902295,200.9569761018,1251485,0.0,1.0
2019-01-31 00:00:00+00:00,215.82,217.4,213.3,213.6,2792264,206.8020912754,208.316071927,204.3873879578,204.6748526385,2792264,0.0,1.0
2019-02-01 00:00:00+00:00,214.45,216.86,212.67,215.74,1934978,205.4893359004,207.7986355018,203.7837121284,206.7254340272,1934978,0.0,1.0
2019-02-04 00:00:00+00:00,220.91,222.36,215.56,216.88,2256024,211.6794086908,213.0688213141,206.5529552188,207.8177998138,2256024,0.0,1.0
2019-02-05 00:00:00+00:00,224.49,225.47,221.19,221.43,1818218,215.1098205468,216.048871837,211.9477090595,212.177680804,1818218,0.0,1.0
2019-02-06 00:00:00+00:00,224.58,224.85,221.08,224.15,915885,215.196059951,215.4547781637,211.8423053432,214.7840272421,915885,0.0,1.0
2019-02-07 00:00:00+00:00,220.97,223.44,220.5,222.16,1166408,211.736901627,214.1036941645,211.2865402939,212.8771781936,1166408,0.0,1.0
2019-02-08 00:00:00+00:00,224.83,224.91,218.83,219.31,1400610,215.4356138516,215.5122710998,209.6863202382,210.1462637272,1400610,0.0,1.0
2019-02-11 00:00:00+00:00,225.47,227.32,224.66,226.83,1472858,216.048871837,217.8215707012,215.2727171992,217.3520450561,1472858,0.0,1.0
2019-02-12 00:00:00+00:00,228.96,229.26,225.81,227.58,1394948,219.3930442889,219.6805089695,216.3746651418,218.0707067578,1394948,0.0,1.0
2019-02-13 00:00:00+00:00,228.59,230.5,228.14,230.0,1133054,219.038504516,220.8686963163,218.607307495,220.3895885152,1133054,0.0,1.0
2019-02-14 00:00:00+00:00,230.78,231.4,226.51,227.65,1356398,221.1369966849,221.7310903583,217.0454160634,218.1377818499,1356398,0.0,1.0
2019-02-15 00:00:00+00:00,233.32,233.73,231.31,233.34,1142467,223.5708643146,223.9637327115,221.6448509541,223.5900286267,1142467,0.0,1.0
2019-02-19 00:00:00+00:00,234.63,234.77,232.61,233.36,1398782,224.8261267536,224.9602769379,222.890531237,223.6091929387,1398782,0.0,1.0
2019-02-20 00:00:00+00:00,235.97,236.47,233.72,235.74,1904415,226.1101356606,226.5892434617,223.9541505555,225.889746072,1904415,0.0,1.0
2019-02-21 00:00:00+00:00,235.03,236.76,232.965,235.03,2289152,225.2094129945,226.8671259863,223.2306977758,225.2094129945,2289152,0.0,1.0
2019-02-22 00:00:00+00:00,250.94,251.57,236.72,236.72,3334050,240.4546232261,241.0582990555,226.8287973622,226.8287973622,3334050,0.0,1.0
2019-02-25 00:00:00+00:00,247.72,249.66,245.12,247.1,2876918,237.3691689869,239.2281072552,234.8778084211,236.7750753135,2876918,0.0,1.0
2019-02-26 00:00:00+00:00,248.91,249.32,245.41,246.3,1306854,238.5094455535,238.9023139505,235.1556909457,236.0085028317,1306854,0.0,1.0
2019-02-27 00:00:00+00:00,249.85,249.87,246.48,247.55,1524777,239.4101682197,239.4293325317,236.1809816401,237.2062723345,1524777,0.0,1.0
2019-02-28 00:00:00+00:00,247.13,250.41,246.88,249.35,1677818,236.8038217816,239.9467689569,236.564267881,238.9310604185,1677818,0.0,1.0
2019-03-01 00:00:00+00:00,250.41,252.02,248.63,250.0,1943127,239.9467689569,241.4894960765,238.2411451849,239.55390056,1943127,0.0,1.0
2019-03-04 00:00:00+00:00,249.0,252.2,245.03,250.68,1447404,238.5956849577,241.6619748849,234.7915690169,240.2054871695,1447404,0.0,1.0
2019-03-05 00:00:00+00:00,247.09,248.84,245.89,248.19,1357493,236.7654931575,238.4423704614,235.6156344348,237.8195303199,1357493,0.0,1.0
2019-03-06 00:00:00+00:00,246.91,249.04,244.72,247.34,800417,236.5930143491,238.6340135818,234.4945221802,237.005047058,800417,0.0,1.0
2019-03-07 00:00:00+00:00,245.43,247.47,244.26,246.17,960653,235.1748552578,237.1296150863,234.0537430031,235.8839348034,960653,0.0,1.0
2019-03-08 00:00:00+00:00,245.88,246.08,240.01,242.82,1080590,235.6060522788,235.7976953992,229.9813266936,232.6739125359,1080590,0.0,1.0
2019-03-11 00:00:00+00:00,250.54,250.74,246.53,247.46,1467724,240.0713369852,240.2629801056,236.2288924202,237.1200329303,1467724,0.0,1.0
2019-03-12 00:00:00+00:00,250.3,251.88,248.4,249.76,1326197,239.8413652407,241.3553458922,238.0207555964,239.3239288154,1326197,0.0,1.0
2019-03-13 00:00:00+00:00,253.65,255.76,251.09,251.09,1374063,243.0513875082,245.0732224289,240.5983555664,240.5983555664,1374063,0.0,1.0
2019-03-14 00:00:00+00:00,256.77,256.91,252.89,252.96,1497486,246.0410201872,246.1751703715,242.3231436505,242.3902187426,1497486,0.0,1.0
2019-03-15 00:00:00+00:00,258.13,259.86,256.26,256.5,3495265,247.3441934062,249.0019063981,245.55233023,245.7823019745,3495265,0.0,1.0
2019-03-18 00:00:00+00:00,257.72,259.75,256.42,258.25,1427043,246.9513250093,248.8965026818,245.7056447264,247.4591792785,1427043,0.0,1.0
2019-03-19 00:00:00+00:00,256.06,259.25,254.58,258.62,1477244,245.3606871096,248.4173948807,243.9425280182,247.8137190513,1477244,0.0,1.0
2019-03-20 00:00:00+00:00,255.99,257.67,253.93,256.18,1129009,245.2936120174,246.9034142292,243.3196878768,245.4756729818,1129009,0.0,1.0
2019-03-21 00:00:00+00:00,260.62,260.71,254.63,254.63,1176951,249.7301502558,249.81638966,243.9904387984,243.9904387984,1176951,0.0,1.0
2019-03-22 00:00:00+00:00,252.68,259.64,252.47,258.36,1544864,242.121918374,248.7910989656,241.9206930975,247.5645829947,1544864,0.0,1.0
2019-03-25 00:00:00+00:00,253.83,254.11,250.72,252.36,1525923,243.2238663166,243.4921666852,240.2438157936,241.8152893813,1525923,0.0,1.0
2019-03-26 00:00:00+00:00,255.99,257.51,254.28,255.66,916903,245.2936120174,246.7500997328,243.6550633376,244.9774008687,916903,0.0,1.0
2019-03-27 00:00:00+00:00,255.38,258.26,253.13,257.72,966812,244.7091005,247.4687614345,242.553115395,246.9513250093,966812,0.0,1.0
2019-03-28 00:00:00+00:00,259.22,259.74,255.18,256.55,1285889,248.3886484126,248.8869205258,244.5174573796,245.8302127547,1285889,0.0,1.0
2019-03-29 00:00:00+00:00,261.41,261.63,258.98,260.24,1418268,250.4871405815,250.697948014,248.1586766681,249.3660283269,1418268,0.0,1.0
2019-04-01 00:00:00+00:00,265.75,266.32,261.32,264.52,1245785,254.6457962953,255.1919791885,250.4009011773,253.4671911045,1245785,0.0,1.0
2019-04-02 00:00:00+00:00,268.26,269.18,264.82,269.13,1255781,257.0509174569,257.9324758109,253.7546557852,257.8845650308,1255781,0.0,1.0
2019-04-03 00:00:00+00:00,269.08,272.14,268.42,270.23,1957122,257.8366542507,260.7687939936,257.2042319532,258.9386021933,1957122,0.0,1.0
2019-04-04 00:00:00+00:00,262.63,269.93,258.61,269.35,1945559,251.6561636163,258.6511375126,247.8041368953,258.0953724633,1945559,0.0,1.0
2019-04-05 00:00:00+00:00,261.7,264.66,260.99,263.42,1119848,250.7650231062,253.6013412888,250.0846900286,252.413153942,1119848,0.0,1.0
2019-04-08 00:00:00+00:00,260.76,262.27,257.62,261.8,1630468,249.8643004401,251.3112059995,246.8555034491,250.8608446664,1630468,0.0,1.0
2019-04-09 00:00:00+00:00,258.9,261.21,258.42,258.42,1019934,248.532380753,250.7498770818,248.071602295,248.071602295,1019934,0.47,1.0
2019-04-10 00:00:00+00:00,259.09,261.0,257.73,259.92,2061506,248.7147722259,250.5482865065,247.4092332617,249.5115349761,2061506,0.0,1.0
2019-04-11 00:00:00+00:00,259.59,260.74,258.71,260.74,1329703,249.1947497863,250.2986981751,248.34998928,250.2986981751,1329703,0.0,1.0
2019-04-12 00:00:00+00:00,260.06,261.84,258.29,260.93,2117716,249.645928693,251.3546488079,247.9468081293,250.481089648,2117716,0.0,1.0
2019-04-15 00:00:00+00:00,260.88,261.55,259.69,260.49,1595824,250.433091892,251.0762618229,249.2907452983,250.0587093949,1595824,0.0,1.0
2019-04-16 00:00:00+00:00,257.99,262.11,256.14,261.8,1043407,247.6588215931,251.6138366905,245.8829046198,251.316250603,1043407,0.0,1.0
2019-04-17 00:00:00+00:00,256.27,260.05,255.15,259.72,1803706,246.0076987855,249.6363291418,244.9325490503,249.319543952,1803706,0.0,1.0
2019-04-18 00:00:00+00:00,257.77,258.22,254.6,258.22,1370908,247.4476314666,247.8796112709,244.4045737339,247.8796112709,1370908,0.0,1.0
2019-04-22 00:00:00+00:00,261.59,261.76,255.83,256.11,1068895,251.1146600277,251.2778523982,245.5853185324,245.8541059662,1068895,0.0,1.0
2019-04-23 00:00:00+00:00,265.68,266.42,262.02,262.02,1520428,255.0408764714,255.7512432607,251.5274407296,251.5274407296,1520428,0.0,1.0
2019-04-24 00:00:00+00:00,264.04,267.34,263.86,266.41,1025861,253.4665500734,256.6344019718,253.2937581517,255.7416437095,1025861,0.0,1.0
2019-04-25 00:00:00+00:00,263.84,264.39,260.44,264.01,987214,253.2745590493,253.8025343657,250.0107116389,253.4377514198,987214,0.0,1.0
2019-04-26 00:00:00+00:00,253.58,253.86,238.295,246.42,5424309,243.4254195108,243.6942069446,228.7525054907,236.5521408465,5424309,0.0,1.0
2019-04-29 00:00:00+00:00,247.73,255.2,246.09,252.77,2419506,237.8096820546,244.9805468063,236.2353556566,242.647855863,2419506,0.0,1.0
2019-04-30 00:00:00+00:00,251.06,251.71,247.68,248.38,1480870,241.0063326066,241.630303435,237.7616842986,238.4336528831,1480870,0.0,1.0
2019-05-01 00:00:00+00:00,243.85,252.67,243.57,252.49,1372102,234.0850561862,242.5518603509,233.8162687524,242.3790684292,1372102,0.0,1.0
2019-05-02 00:00:00+00:00,245.95,247.9,243.11,243.6,1463373,236.1009619397,237.9728744251,233.3746893969,233.845067406,1463373,0.0,1.0
2019-05-03 00:00:00+00:00,248.86,250.18,246.04,246.11,1202928,238.894431341,240.1615721003,236.1873579006,236.254554759,1202928,0.0,1.0
2019-05-06 00:00:00+00:00,248.48,248.94,243.53,244.01,854920,238.5296483951,238.9712277507,233.7778705476,234.2386490055,854920,0.0,1.0
2019-05-07 00:00:00+00:00,244.41,247.03,241.61,245.0,1439471,234.6226310538,237.1377134701,231.9347567158,235.189004575,1439471,0.0,1.0
2019-05-08 00:00:00+00:00,244.12,245.95,241.92,243.42,2088914,234.3442440688,236.1009619397,232.2323428032,233.6722754843,2088914,0.0,1.0
2019-05-09 00:00:00+00:00,241.3,243.12,237.72,241.79,1646342,231.6371706284,233.3842889481,228.2005312962,232.1075486376,1646342,0.0,1.0
2019-05-10 00:00:00+00:00,244.63,245.6,237.66,240.56,1407865,234.8338211804,235.7649776475,228.142933989,230.9268038391,1407865,0.0,1.0
2019-05-13 00:00:00+00:00,236.93,241.11,236.03,237.94,1256416,227.4421667509,231.4547791555,226.5782071422,228.4117214228,1256416,0.0,1.0
2019-05-14 00:00:00+00:00,240.99,243.35,238.1,238.41,1704767,231.339584541,233.6050786259,228.5653142421,228.8629003295,1704767,0.0,1.0
2019-05-15 00:00:00+00:00,243.14,244.39,239.04,239.56,985618,233.4034880505,234.6034319514,229.4676720556,229.9668487184,985618,0.0,1.0
2019-05-16 00:00:00+00:00,247.55,249.41,244.0,244.0,1044505,237.6368901329,239.4224066574,234.2290494543,234.2290494543,1044505,0.0,1.0
2019-05-17 00:00:00+00:00,245.45,249.76,245.13,245.6,1294008,235.6209843794,239.7583909496,235.3137987407,235.7649776475,1294008,0.0,1.0
2019-05-20 00:00:00+00:00,243.69,245.32,240.63,242.67,957407,233.9314633669,235.4961902137,230.9940006975,232.9523091438,957407,0.0,1.0
2019-05-21 00:00:00+00:00,246.08,247.14,244.05,245.76,979635,236.2257561054,237.2433085334,234.2770472104,235.9185704668,979635,0.0,1.0
2019-05-22 00:00:00+00:00,247.53,248.1,244.82,244.82,865698,237.6176910305,238.1648654493,235.0162126533,235.0162126533,865698,0.0,1.0
2019-05-23 00:00:00+00:00,241.31,246.64,240.14,245.08,1552149,231.6467701796,236.763330973,230.5236226884,235.2658009847,1552149,0.0,1.0
2019-05-24 00:00:00+00:00,257.48,258.4,248.65,251.24,2702983,247.1692444816,248.0524031926,238.6928407657,241.1791245283,2702983,0.0,1.0
2019-05-28 00:00:00+00:00,255.7,259.26,254.17,256.4,3059705,245.4605243667,248.8779645964,243.991793032,246.1324929512,3059705,0.0,1.0
2019-05-29 00:00:00+00:00,249.62,255.57,248.58,253.96,1675209,239.6239972327,245.335730201,238.6256439072,243.7902024566,1675209,0.0,1.0
2019-05-30 00:00:00+00:00,248.08,251.49,245.86,250.0,1154681,238.1456663468,241.4191133085,236.0145659789,239.9887801786,1154681,0.0,1.0
2019-05-31 00:00:00+00:00,244.85,246.66,243.59,245.2,1361988,235.0450113069,236.7825300754,233.8354678548,235.3809955992,1361988,0.0,1.0
2019-06-03 00:00:00+00:00,238.07,248.56,236.75,245.2,1638609,228.5365155885,238.6064448048,227.2693748292,235.3809955992,1638609,0.0,1.0
2019-06-04 00:00:00+00:00,247.1,247.31,237.78,241.05,1664347,237.2049103285,237.4065009039,228.2581286035,231.3971818482,1664347,0.0,1.0
2019-06-05 00:00:00+00:00,252.12,252.48,248.31,249.41,1130208,242.0238850345,242.369468878,238.3664560246,239.4224066574,1130208,0.0,1.0
2019-06-06 00:00:00+00:00,253.2,254.38,250.11,252.84,1055600,243.0606365649,244.1933836073,240.0943752419,242.7150527214,1055600,0.0,1.0
2019-06-07 00:00:00+00:00,257.47,260.6,253.81,254.03,1222003,247.1596449304,250.1643044582,243.6462091885,243.8573993151,1222003,0.0,1.0
2019-06-10 00:00:00+00:00,260.52,263.97,259.23,259.86,1157411,250.0875080485,253.399353215,248.8491659428,249.4539376689,1157411,0.0,1.0
2019-06-11 00:00:00+00:00,256.73,264.0,254.95,262.8,1209395,246.449278141,253.4281518686,244.7405580262,252.2762057238,1209395,0.0,1.0
2019-06-12 00:00:00+00:00,257.39,258.8,255.64,256.72,825863,247.0828485207,248.4363852409,245.4029270594,246.4396785898,825863,0.0,1.0
2019-06-13 00:00:00+00:00,257.19,259.4,255.98,258.81,1756323,246.8908574966,249.0123583133,245.7293118005,248.4459847921,1756323,0.0,1.0
2019-06-14 00:00:00+00:00,254.13,257.34,253.95,256.37,1234221,243.9533948272,247.0348507647,243.7806029054,246.1036942976,1234221,0.0,1.0
2019-06-17 00:00:00+00:00,254.74,256.24,253.35,254.03,1282387,244.5389674508,245.9789001319,243.204629833,243.8573993151,1282387,0.0,1.0
2019-06-18 00:00:00+00:00,258.22,259.35,256.15,257.31,1216295,247.8796112709,248.9643605573,245.892504171,247.006052111,1216295,0.0,1.0
2019-06-19 00:00:00+00:00,262.65,263.385,258.05,259.29,1032761,252.1322124557,252.8377794694,247.7164189004,248.9067632501,1032761,0.0,1.0
2019-06-20 00:00:00+00:00,266.66,268.43,263.99,265.8,1750592,255.9816324897,257.6807530534,253.4185523174,255.1560710859,1750592,0.0,1.0
2019-06-21 00:00:00+00:00,261.51,268.07,261.47,267.84,1856866,251.037863618,257.3351692099,250.9994654132,257.1143795322,1856866,0.0,1.0
2019-06-24 00:00:00+00:00,262.34,264.12,261.37,263.07,1188560,251.8346263682,253.5433464831,250.9034699011,252.5353936064,1188560,0.0,1.0
2019-06-25 00:00:00+00:00,257.49,262.7,256.65,262.7,1015403,247.1788440328,252.1802102117,246.3724817314,252.1802102117,1015403,0.0,1.0
2019-06-26 00:00:00+00:00,256.5,260.49,256.38,259.29,1293461,246.2284884633,250.0587093949,246.1132938488,248.9067632501,1293461,0.0,1.0
2019-06-27 00:00:00+00:00,257.99,259.2,256.11,257.66,1459590,247.6588215931,248.8203672892,245.8541059662,247.3420364033,1459590,0.0,1.0
2019-06-28 00:00:00+00:00,261.33,262.01,257.75,258.1,1479175,250.8650716963,251.5178411784,247.4284323642,247.7644166564,1479175,0.0,1.0
2019-07-01 00:00:00+00:00,264.2,266.98,263.37,266.03,978036,253.6201428928,256.2888181283,252.8233801426,255.3768607637,978036,0.0,1.0
2019-07-02 00:00:00+00:00,266.33,266.36,262.7,265.16,720167,255.6648472999,255.6936459535,252.1802102117,254.5416998086,720167,0.0,1.0
2019-07-03 00:00:00+00:00,270.17,270.77,265.77,267.9,774657,259.3510749634,259.9270480359,255.1272724323,257.1719768394,774657,0.0,1.0
2019-07-05 00:00:00+00:00,270.54,270.83,265.2,269.0,895216,259.7062583581,259.9846453431,254.5800980135,258.2279274722,895216,0.0,1.0
2019-07-08 00:00:00+00:00,271.13,271.31,267.79,269.46,863841,260.2726318793,260.445423801,257.0663817761,258.6695068277,863841,0.0,1.0
2019-07-09 00:00:00+00:00,270.68,270.87,268.86,269.92,1135629,260.2918309817,260.4745391533,258.5416790223,259.5609982954,1135629,0.47,1.0
2019-07-10 00:00:00+00:00,274.81,275.92,272.7,273.06,1132190,264.263329659,265.3307300298,262.2343073323,262.5804912364,1132190,0.0,1.0
2019-07-11 00:00:00+00:00,278.22,278.8,274.17,275.95,1867353,267.5424605281,268.1002012624,263.6478916073,265.3595786885,1867353,0.0,1.0
2019-07-12 00:00:00+00:00,281.65,281.84,278.23,278.41,1199733,270.8408238363,271.0235320079,267.5520767476,267.7251686997,1199733,0.0,1.0
2019-07-15 00:00:00+00:00,282.55,282.76,280.0,282.0,990786,271.7062835965,271.9082242072,269.2541476093,271.1773915208,990786,0.0,1.0
2019-07-16 00:00:00+00:00,280.88,282.95,280.65,281.5,1155959,270.1003749304,272.0909323787,269.8792018805,270.6965805429,1155959,0.0,1.0
2019-07-17 00:00:00+00:00,280.63,282.37,280.11,280.9,797079,269.8599694414,271.5331916444,269.3599260244,270.1196073695,797079,0.0,1.0
2019-07-18 00:00:00+00:00,282.88,283.03,279.03,279.98,1224029,272.0236188418,272.1678621352,268.3213743122,269.2349151702,1224029,0.0,1.0
2019-07-19 00:00:00+00:00,279.32,284.55,278.64,284.55,1599081,268.6002446794,273.6295275079,267.9463417495,273.6295275079,1599081,0.0,1.0
2019-07-22 00:00:00+00:00,281.15,282.49,279.17,280.41,723524,270.3600128584,271.6485862791,268.456001386,269.6484126112,723524,0.0,1.0
2019-07-23 00:00:00+00:00,281.9,283.08,278.28,282.3,1245838,271.0812293252,272.215943233,267.6001578454,271.4658781075,1245838,0.0,1.0
2019-07-24 00:00:00+00:00,281.36,282.64,279.71,281.17,1414323,270.5619534691,271.7928295725,268.9752772421,270.3792452975,1414323,0.0,1.0
2019-07-25 00:00:00+00:00,281.6,282.43,279.16,279.98,868394,270.7927427385,271.5908889618,268.4463851665,269.2349151702,868394,0.0,1.0
2019-07-26 00:00:00+00:00,283.77,284.97,281.45,282.16,788656,272.8794623825,274.0334087294,270.6484994451,271.3312510337,788656,0.0,1.0
2019-07-29 00:00:00+00:00,281.35,284.88,279.52,284.29,1267414,270.5523372496,273.9468627533,268.7925690705,273.3795057995,1267414,0.0,1.0
2019-07-30 00:00:00+00:00,279.62,281.84,278.37,279.48,767097,268.8887312661,271.0235320079,267.6867038214,268.7541041923,767097,0.0,1.0
2019-07-31 00:00:00+00:00,277.31,281.34,275.15,278.77,1147577,266.6673845483,270.54272103,264.5902811239,268.0713526037,1147577,0.0,1.0
2019-08-01 00:00:00+00:00,277.96,283.51,277.07,278.61,1272594,267.2924388196,272.629440674,266.436595279,267.9174930908,1272594,0.0,1.0
2019-08-02 00:00:00+00:00,274.64,278.65,273.18,278.05,1494511,264.0998539265,267.955957969,262.6958858711,267.3789847956,1494511,0.0,1.0
2019-08-05 00:00:00+00:00,263.53,269.74,261.94,268.98,1774454,253.4162339981,259.3879063433,251.8872550885,258.657073657,1774454,0.0,1.0
2019-08-06 00:00:00+00:00,270.09,270.64,264.87,266.74,1201863,259.7244740278,260.2533661035,254.7048074188,256.5030404761,1201863,0.0,1.0
2019-08-07 00:00:00+00:00,268.57,269.49,263.8,265.87,1221782,258.2628086551,259.1475008544,253.6758719262,255.6664293746,1221782,0.0,1.0
2019-08-08 00:00:00+00:00,276.7,276.83,270.63,270.86,1106996,266.0807951553,266.2058060096,260.2437498839,260.4649229338,1106996,0.0,1.0
2019-08-09 00:00:00+00:00,276.57,278.82,274.51,276.08,1279161,265.9557843011,268.1194337015,263.9748430722,265.4845895428,1279161,0.0,1.0
2019-08-12 00:00:00+00:00,272.65,276.22,271.49,274.73,968164,262.1862262346,265.6192166166,261.0707447659,264.1863999025,968164,0.0,1.0
2019-08-13 00:00:00+00:00,279.15,279.54,271.87,272.38,1256891,268.4367689469,268.8118015097,261.4361611091,261.9265883065,1256891,0.0,1.0
2019-08-14 00:00:00+00:00,267.89,276.33,267.32,274.91,1239300,257.6089057252,265.7249950317,257.0607812104,264.3594918545,1239300,0.0,1.0
2019-08-15 00:00:00+00:00,268.44,270.69,265.88,269.6,1246408,258.1377978009,260.3014472013,255.6760455941,259.2532792695,1246408,0.0,1.0
2019-08-16 00:00:00+00:00,270.96,274.44,269.16,271.27,1062619,260.5610851293,263.9075295353,258.830165609,260.8591879356,1062619,0.0,1.0
2019-08-19 00:00:00+00:00,274.23,275.96,271.65,274.98,1221994,263.7055889246,265.3691949081,261.2246042788,264.4268053914,1221994,0.0,1.0
2019-08-20 00:00:00+00:00,272.84,274.61,271.22,273.22,1062237,262.3689344061,264.0710052678,260.8111068378,262.7343507493,1062237,0.0,1.0
2019-08-21 00:00:00+00:00,276.24,277.83,274.54,275.37,925413,265.6384490557,267.1674279653,264.0036917309,264.8018379542,925413,0.0,1.0
2019-08-22 00:00:00+00:00,275.71,278.0,271.6,277.0,1561150,265.1287894191,267.3309036978,261.176523181,266.3692817421,1561150,0.0,1.0
2019-08-23 00:00:00+00:00,278.74,295.77,277.99,290.37,3381997,268.0425039451,284.4189258514,267.3212874782,279.2261672904,3381997,0.0,1.0
2019-08-26 00:00:00+00:00,282.77,282.9,275.61,280.0,2004561,271.9178404267,272.042851281,265.0326272236,269.2541476093,2004561,0.0,1.0
2019-08-27 00:00:00+00:00,283.21,284.99,281.36,283.1,1778042,272.3409540872,274.0526411685,270.5619534691,272.2351756721,1778042,0.0,1.0
2019-08-28 00:00:00+00:00,281.94,282.98,273.8,281.08,1482065,271.1196942034,272.1197810374,263.2920914837,270.2926993215,1482065,0.0,1.0
2019-08-29 00:00:00+00:00,286.94,288.6,283.35,284.77,1209685,275.9278039822,277.5240964287,272.475581161,273.8410843382,1209685,0.0,1.0
2019-08-30 00:00:00+00:00,288.36,288.99,283.97,287.25,1080051,277.2933071593,277.8991289915,273.0717867736,276.2259067885,1080051,0.0,1.0
2019-09-03 00:00:00+00:00,284.2,289.0,282.14,285.31,1399733,273.2929598234,277.908745211,271.3120185946,274.3603601943,1399733,0.0,1.0
2019-09-04 00:00:00+00:00,286.31,286.4,281.62,285.62,945627,275.3219821501,275.4085281261,270.8119751776,274.6584630006,945627,0.0,1.0
2019-09-05 00:00:00+00:00,292.31,292.93,287.16,289.35,1092510,281.0917138845,281.6879194971,276.1393608124,278.2453128955,1092510,0.0,1.0
2019-09-06 00:00:00+00:00,287.8,293.46,287.23,293.39,1298923,276.7547988641,282.1975791337,276.2066743493,282.1302655968,1298923,0.0,1.0
2019-09-09 00:00:00+00:00,275.9,288.78,273.58,288.78,2141567,265.3114975907,277.6971883808,263.0805346534,277.6971883808,2141567,0.0,1.0
2019-09-10 00:00:00+00:00,267.56,274.51,263.88,273.8,2095335,257.2915704798,263.9748430722,253.7528016826,263.2920914837,2095335,0.0,1.0
2019-09-11 00:00:00+00:00,266.13,269.82,265.02,267.7,1306683,255.9164510831,259.4648360998,254.8490507122,257.4261975536,1306683,0.0,1.0
2019-09-12 00:00:00+00:00,268.25,271.2,267.33,268.5,1329497,257.9550896293,260.7918743987,257.07039743,258.1954951182,1329497,0.0,1.0
2019-09-13 00:00:00+00:00,265.22,270.01,264.7,267.31,1031044,255.0413751033,259.6475442714,254.5413316864,257.0511649909,1031044,0.0,1.0
2019-09-16 00:00:00+00:00,265.82,267.23,261.69,262.81,803001,255.6183482768,256.9742352344,251.6468495996,252.72386619,803001,0.0,1.0
2019-09-17 00:00:00+00:00,268.54,268.7,265.52,265.83,941791,258.2339599964,258.3878195093,255.3298616901,255.6279644964,941791,0.0,1.0
2019-09-18 00:00:00+00:00,268.27,269.39,263.82,269.39,853065,257.9743220684,259.0513386588,253.6951043653,259.0513386588,853065,0.0,1.0
2019-09-19 00:00:00+00:00,270.02,272.42,268.61,268.76,907219,259.6571604909,261.9650531847,258.3012735333,258.4455168267,907219,0.0,1.0
2019-09-20 00:00:00+00:00,269.18,272.91,267.46,269.98,1657967,258.8493980481,262.436247943,257.1954082842,259.6186956127,1657967,0.0,1.0
2019-09-23 00:00:00+00:00,269.0,270.99,268.21,268.39,829943,258.6763060961,260.589933788,257.916624751,258.0897167031,829943,0.0,1.0
2019-09-24 00:00:00+00:00,264.85,271.67,264.01,270.76,1238185,254.6855749797,261.2438367179,253.8778125369,260.3687607382,1238185,0.0,1.0
2019-09-25 00:00:00+00:00,266.43,267.1,260.35,264.33,988916,256.2049376698,256.8492243802,250.3582761789,254.1855315627,988916,0.0,1.0
2019-09-26 00:00:00+00:00,269.72,270.63,266.42,267.08,1186175,259.3686739042,260.2437498839,256.1953214502,256.829991941,1186175,0.0,1.0
2019-09-27 00:00:00+00:00,263.19,271.32,259.26,271.32,1020108,253.0892825332,260.9072690334,249.3101082471,260.9072690334,1020108,0.0,1.0
2019-09-30 00:00:00+00:00,265.94,267.27,262.41,263.5,1150963,255.7337429115,257.0127001126,252.3392174077,253.3873853395,1150963,0.0,1.0
2019-10-01 00:00:00+00:00,264.3,268.27,263.38,267.69,1395754,254.1566829041,257.9743220684,253.2719907048,257.416581334,1395754,0.0,1.0
2019-10-02 00:00:00+00:00,260.45,263.21,255.47,263.21,1404083,250.4544383744,253.1085149723,245.6655610348,253.1085149723,1404083,0.0,1.0
2019-10-03 00:00:00+00:00,263.0,263.54,255.41,259.43,1289633,252.9065743616,253.4258502177,245.6078637175,249.4735839796,1289633,0.0,1.0
2019-10-04 00:00:00+00:00,267.09,267.83,262.01,264.05,1319605,256.8396081606,257.5512084078,251.9545686254,253.9162774151,1319605,0.0,1.0
2019-10-07 00:00:00+00:00,266.76,268.1,264.86,264.9,1563672,256.5222729152,257.8108463359,254.6951911993,254.7336560775,1563672,0.0,1.0
2019-10-08 00:00:00+00:00,260.99,266.2,260.99,265.33,1349012,250.9737142305,255.98376462,250.9737142305,255.1471535185,1349012,0.0,1.0
2019-10-09 00:00:00+00:00,264.0,265.12,262.37,262.87,868967,254.3778559539,255.4570347367,252.8072654039,253.2890416462,868967,0.53,1.0
2019-10-10 00:00:00+00:00,267.53,268.94,262.36,262.36,1257326,257.7791962248,259.1378052282,252.797629879,252.797629879,1257326,0.0,1.0
2019-10-11 00:00:00+00:00,270.07,273.81,269.42,270.4,1072306,260.2266195359,263.8303058285,259.6003104208,260.5445918558,1072306,0.0,1.0
2019-10-14 00:00:00+00:00,269.06,271.66,268.9,269.99,1029197,259.2534315263,261.7586679865,259.0992631288,260.1495353371,1029197,0.0,1.0
2019-10-15 00:00:00+00:00,273.5,274.11,269.1,270.06,1048681,263.5316045583,264.1193715739,259.2919736257,260.216984011,1048681,0.0,1.0
2019-10-16 00:00:00+00:00,269.15,271.69,265.81,271.52,1069575,259.34015125,261.787574561,256.1218859511,261.6237706386,1069575,0.0,1.0
2019-10-17 00:00:00+00:00,266.53,270.79,263.73,269.85,888719,256.8156437401,260.9203773248,254.117696783,260.0146379892,888719,0.0,1.0
2019-10-18 00:00:00+00:00,262.47,267.67,260.54,267.67,1462865,252.9036206523,257.9140935726,251.0439643569,257.9140935726,1462865,0.0,1.0
2019-10-21 00:00:00+00:00,262.2,264.5,258.58,264.48,1040388,252.6434614815,254.8596321962,249.155401487,254.8403611465,1040388,0.0,1.0
2019-10-22 00:00:00+00:00,253.33,263.55,253.18,260.74,1502905,244.0967509424,253.9442573358,243.9522180697,251.2366748538,1502905,0.0,1.0
2019-10-23 00:00:00+00:00,255.97,258.97,252.54,253.33,1242489,246.640529502,249.531186956,243.3355444795,244.0967509424,1242489,0.0,1.0
2019-10-24 00:00:00+00:00,258.9,260.84,255.84,257.13,1081877,249.463738282,251.3330301023,246.5152676789,247.7582503842,1081877,0.0,1.0
2019-10-25 00:00:00+00:00,257.67,260.28,256.7,259.13,1185771,248.2785687259,250.7934407109,247.3439228158,249.6853553535,1185771,0.0,1.0
2019-10-28 00:00:00+00:00,258.61,259.56,256.27,259.21,1025379,249.1843080615,250.0996829219,246.9295952474,249.7624395523,1025379,0.0,1.0
2019-10-29 00:00:00+00:00,258.49,261.09,257.95,258.49,953199,249.0686817633,251.5739182235,248.5483634216,249.0686817633,953199,0.0,1.0
2019-10-30 00:00:00+00:00,260.29,261.67,258.24,259.76,1665760,250.8030762357,252.1327786646,248.8277936422,250.2923934189,1665760,0.0,1.0
2019-10-31 00:00:00+00:00,257.5,261.57,257.14,260.14,890134,248.1147648035,252.0364234161,247.767885909,250.658543363,890134,0.0,1.0
2019-11-01 00:00:00+00:00,256.48,260.88,256.24,259.91,1108738,247.1319412691,251.3715722017,246.9006886728,250.4369262916,1108738,0.0,1.0
2019-11-04 00:00:00+00:00,254.06,258.61,253.78,258.17,1410867,244.8001442562,249.1843080615,244.5303495605,248.7603449682,1410867,0.0,1.0
2019-11-05 00:00:00+00:00,253.16,255.63,250.41,254.4,1918927,243.93294702,246.3129216572,241.2831776872,245.127752101,1918927,0.0,1.0
2019-11-06 00:00:00+00:00,253.42,255.33,251.99,253.25,1430590,244.183470666,246.0238559118,242.8055906129,244.0196667436,1430590,0.0,1.0
2019-11-07 00:00:00+00:00,259.35,260.97,252.79,253.0,1401409,249.8973369001,251.4582919253,243.5764326007,243.7787786225,1401409,0.0,1.0
2019-11-08 00:00:00+00:00,256.85,259.51,255.44,258.52,1357206,247.4884556885,250.0515052977,246.1298466851,249.0975883379,1357206,0.0,1.0
2019-11-11 00:00:00+00:00,258.03,259.4,255.47,255.65,963916,248.6254476204,249.9455145244,246.1587532596,246.3321927069,963916,0.0,1.0
2019-11-12 00:00:00+00:00,259.98,262.37,258.0,258.65,1227771,250.5043749655,252.8072654039,248.5965410458,249.2228501609,1227771,0.0,1.0
2019-11-13 00:00:00+00:00,261.75,262.93,259.0,259.78,1340649,252.2098628634,253.3468547953,249.5600935305,250.3116644686,1340649,0.0,1.0
2019-11-14 00:00:00+00:00,264.78,264.97,260.55,261.44,974351,255.1294268919,255.312501864,251.0535998818,251.9111615931,974351,0.0,1.0
2019-11-15 00:00:00+00:00,266.05,266.9,263.86,266.35,1484322,256.3531385475,257.1721581594,254.242958606,256.6422042929,1484322,0.0,1.0
2019-11-18 00:00:00+00:00,268.4,268.73,264.04,266.96,1945172,258.6174868864,258.9354592064,254.4163980533,257.2299713085,1945172,0.0,1.0
2019-11-19 00:00:00+00:00,272.26,272.52,267.96,269.85,1334157,262.3367994773,262.5873231233,258.1935237932,260.0146379892,1334157,0.0,1.0
2019-11-20 00:00:00+00:00,273.48,274.59,270.54,271.41,1448969,263.5123335086,264.5818767666,260.6794892036,261.5177798653,1448969,0.0,1.0
2019-11-21 00:00:00+00:00,271.15,275.7,269.55,275.11,1308102,261.2672562193,265.6514200246,259.7255722438,265.0829240586,1308102,0.0,1.0
2019-11-22 00:00:00+00:00,259.81,270.0,255.25,267.92,4071842,250.3405710431,260.1591708619,245.946771713,258.1549816938,4071842,0.0,1.0
2019-11-25 00:00:00+00:00,257.07,261.01,256.34,260.86,2428594,247.7004372351,251.4968340247,246.9970439213,251.352301152,2428594,0.0,1.0
2019-11-26 00:00:00+00:00,265.88,266.5,257.0,257.41,2081542,256.1893346251,256.7867371656,247.6329885612,248.0280450799,2081542,0.0,1.0
2019-11-27 00:00:00+00:00,262.15,267.59,260.69,267.28,1164185,252.5952838572,257.8370093739,251.1884972296,257.5383081036,1164185,0.0,1.0
2019-11-29 00:00:00+00:00,258.89,262.42,258.34,261.34,721546,249.4541027572,252.8554430281,248.9241488906,251.8148063446,721546,0.0,1.0
2019-12-02 00:00:00+00:00,256.55,259.93,252.65,259.11,1486354,247.1993899431,250.4561973413,243.4415352528,249.6660843038,1486354,0.0,1.0
2019-12-03 00:00:00+00:00,253.68,256.37,252.36,253.19,1547611,244.433994312,247.0259504958,243.1621050323,243.9618535946,1547611,0.0,1.0
2019-12-04 00:00:00+00:00,254.25,255.58,252.94,255.37,1526053,244.9832192283,246.2647440329,243.7209654734,246.0623980111,1526053,0.0,1.0
2019-12-05 00:00:00+00:00,253.78,255.68,252.16,254.78,1248683,244.5303495605,246.3610992814,242.9693945353,245.4939020452,1248683,0.0,1.0
2019-12-06 00:00:00+00:00,256.18,256.29,253.73,254.77,1029460,246.8428755237,246.948866297,244.4821719363,245.4842665203,1029460,0.0,1.0
2019-12-09 00:00:00+00:00,255.77,256.88,255.41,256.0,1097942,246.447819005,247.517362263,246.1009401105,246.6694360765,1097942,0.0,1.0
2019-12-10 00:00:00+00:00,252.32,256.87,252.14,256.07,975429,243.1235629329,247.5077267382,242.9501234857,246.7368847504,975429,0.0,1.0
2019-12-11 00:00:00+00:00,251.9,255.61,247.8,254.14,1588910,242.7188708893,246.2936506075,238.7683057022,244.877228455,1588910,0.0,1.0
2019-12-12 00:00:00+00:00,252.75,255.69,250.02,251.37,1102316,243.5378905013,246.3707348062,240.9073922181,242.2081880725,1102316,0.0,1.0
2019-12-13 00:00:00+00:00,259.64,260.66,250.03,252.56,1965220,250.1767671207,251.1595906551,240.917027743,243.3548155292,1965220,0.0,1.0
2019-12-16 00:00:00+00:00,263.5,264.12,260.75,260.78,1948503,253.8960797115,254.493482252,251.2463103787,251.2752169532,1948503,0.0,1.0
2019-12-17 00:00:00+00:00,260.4,265.0,259.14,265.0,1778679,250.9090670091,255.3414084386,249.6949908784,255.3414084386,1778679,0.0,1.0
2019-12-18 00:00:00+00:00,263.2,264.26,260.0,261.27,1453357,253.6070139661,254.6283795999,250.5236460152,251.7473576707,1453357,0.0,1.0
2019-12-19 00:00:00+00:00,264.05,264.56,262.37,263.04,1352866,254.4260335781,254.9174453453,252.8072654039,253.4528455686,1352866,0.0,1.0
2019-12-20 00:00:00+00:00,267.1,267.47,264.43,265.84,2367759,257.3648686564,257.7213830757,254.7921835223,256.1507925257,2367759,0.0,1.0
2019-12-23 00:00:00+00:00,266.28,268.95,266.22,268.03,1411524,256.5747556189,259.147440753,256.5169424699,258.2609724671,1411524,0.0,1.0
2019-12-24 00:00:00+00:00,264.33,267.21,264.29,266.6,417130,254.6958282738,257.4708594297,254.6572861744,256.883092414,417130,0.0,1.0
2019-12-26 00:00:00+00:00,266.87,267.9,264.38,264.44,691607,257.1432515849,258.1357106441,254.7440058981,254.8018190471,691607,0.0,1.0
2019-12-27 00:00:00+00:00,267.06,267.46,264.49,267.46,637958,257.326326557,257.7117475509,254.8499966714,257.7117475509,637958,0.0,1.0
2019-12-30 00:00:00+00:00,262.84,267.88,262.42,267.16,995492,253.2601350717,258.1164395944,252.8554430281,257.4226818055,995492,0.0,1.0
2019-12-31 00:00:00+00:00,261.93,264.05,260.36,262.7,1007868,252.3833023106,254.4260335781,250.8705249097,253.1252377238,1007868,0.0,1.0
2020-01-02 00:00:00+00:00,266.16,266.6,261.08,261.08,1124553,256.4591293208,256.883092414,251.5642826986,251.5642826986,1124553,0.0,1.0
2020-01-03 00:00:00+00:00,264.38,265.37,261.44,261.61,798549,254.7440058981,255.6979228579,251.9111615931,252.0749655155,798549,0.0,1.0
2020-01-06 00:00:00+00:00,266.41,266.63,261.77,261.89,1026070,256.7000174419,256.9119989886,252.2291339131,252.3447602112,1026070,0.0,1.0
2020-01-07 00:00:00+00:00,266.47,267.52,265.35,266.81,915301,256.757830591,257.7695606999,255.6786518082,257.0854384358,915301,0.0,1.0
2020-01-08 00:00:00+00:00,272.88,274.77,266.8,268.0,1373995,262.9342020178,264.7553162138,257.075802911,258.2320658926,1373995,0.0,1.0
2020-01-09 00:00:00+00:00,274.9,277.27,273.57,274.0,1076304,265.3912608537,267.6792830007,264.1072653028,264.5223916839,1076304,0.53,1.0
2020-01-10 00:00:00+00:00,275.25,276.5,273.83,276.49,1127384,265.7291544197,266.9359171555,264.3582719519,266.9262630536,1127384,0.0,1.0
2020-01-13 00:00:00+00:00,276.04,277.85,274.83,276.33,1685337,266.4918284687,268.2392209102,265.3236821405,266.7717974234,1685337,0.0,1.0
2020-01-14 00:00:00+00:00,272.68,276.31,272.09,275.63,1216418,263.2480502349,266.7524892197,262.6784582237,266.0960102914,1216418,0.0,1.0
2020-01-15 00:00:00+00:00,273.0,276.08,272.61,273.82,1147275,263.5569814953,266.5304448763,263.1804715217,264.34861785,1147275,0.0,1.0
2020-01-16 00:00:00+00:00,276.87,276.89,273.31,274.64,834723,267.2931189253,267.3124271291,263.8562586538,265.1402542047,834723,0.0,1.0
2020-01-17 00:00:00+00:00,282.85,283.0,276.35,278.49,2172694,273.0662718533,273.2110833816,266.7911056272,268.8570834309,2172694,0.0,1.0
2020-01-21 00:00:00+00:00,285.01,285.26,281.54,281.81,1635150,275.1515578607,275.3929104079,271.8015845062,272.0622452571,1635150,0.0,1.0
2020-01-22 00:00:00+00:00,290.28,291.49,285.88,286.13,2611185,280.2392695548,281.407415883,275.9914647248,276.232817272,2611185,0.0,1.0
2020-01-23 00:00:00+00:00,288.58,292.68,288.36,289.73,1659492,278.5980722341,282.5562540075,278.3856819926,279.708293951,1659492,0.0,1.0
2020-01-24 00:00:00+00:00,288.08,293.0,287.26,290.0,1089872,278.1153671398,282.8651852679,277.3237307851,279.968954702,1089872,0.0,1.0
2020-01-27 00:00:00+00:00,283.76,285.98,281.01,281.48,881215,273.9447951249,276.0880057437,271.2899171062,271.7436598949,881215,0.0,1.0
2020-01-28 00:00:00+00:00,288.16,288.53,282.94,284.41,840913,278.1925999549,278.5498017247,273.1531587703,274.5723117476,840913,0.0,1.0
2020-01-29 00:00:00+00:00,285.92,289.74,283.89,289.34,858242,276.0300811324,279.7179480529,274.0702984495,279.3317839775,858242,0.0,1.0
2020-01-30 00:00:00+00:00,286.63,286.84,282.45,284.19,785018,276.7155223663,276.9182585059,272.6801077778,274.3599215061,785018,0.0,1.0
2020-01-31 00:00:00+00:00,280.38,286.48,279.75,285.8,1268822,270.6817086874,276.570710838,270.0735002685,275.9142319097,1268822,0.0,1.0
2020-02-03 00:00:00+00:00,282.8,285.77,281.47,283.57,1042038,273.0180013439,275.8852696041,271.734005793,273.7613671891,1042038,0.0,1.0
2020-02-04 00:00:00+00:00,290.92,292.8,284.45,287.16,1345944,280.8571320755,282.6721032301,274.6109281551,277.2271897663,1345944,0.0,1.0
2020-02-05 00:00:00+00:00,289.81,298.82,286.615,298.82,1060714,279.7855267661,288.4838725657,276.7010412135,288.4838725657,1060714,0.0,1.0
2020-02-06 00:00:00+00:00,294.21,294.33,289.81,291.85,1000690,284.0333315961,284.1491808187,279.7855267661,281.7549635509,1000690,0.0,1.0
2020-02-07 00:00:00+00:00,294.71,295.77,291.1,293.17,921683,284.5160366904,285.5393714904,281.0309059095,283.0293049999,921683,0.0,1.0
2020-02-10 00:00:00+00:00,297.74,298.02,294.09,295.05,1139831,287.441229562,287.7115444148,283.9174823735,284.8442761545,1139831,0.0,1.0
2020-02-11 00:00:00+00:00,296.92,299.96,296.5,299.9,903545,286.6495932073,289.5844401807,286.2441209281,289.5265155694,903545,0.0,1.0
2020-02-12 00:00:00+00:00,298.65,298.87,294.63,297.0,792310,288.3197528336,288.5321430751,284.4388038753,286.7268260224,792310,0.0,1.0
2020-02-13 00:00:00+00:00,297.84,300.55,296.85,297.29,721233,287.5377705808,290.154032192,286.5820144941,287.0067949771,721233,0.0,1.0
2020-02-14 00:00:00+00:00,304.29,304.44,297.46,298.56,855339,293.7646662975,293.9094778258,287.1709147091,288.2328659166,855339,0.0,1.0
2020-02-18 00:00:00+00:00,303.57,304.83,302.02,303.95,888254,293.0695709617,294.2859877993,291.5731851693,293.4364268333,888254,0.0,1.0
2020-02-19 00:00:00+00:00,305.61,306.89,304.4,305.5,791673,295.0390077465,296.2747327879,293.8708614182,294.9328126257,791673,0.0,1.0
2020-02-20 00:00:00+00:00,301.24,306.19,297.49,304.39,900984,290.8201652222,295.5989456559,287.1998770148,293.8612073163,900984,0.0,1.0
2020-02-21 00:00:00+00:00,297.57,303.99,295.37,300.6,1173734,287.2771098299,293.4750432409,285.1532074149,290.2023027014,1173734,0.0,1.0
2020-02-24 00:00:00+00:00,286.43,292.7,278.01,288.44,1996775,276.5224403286,282.5755622113,268.3936865403,278.4629148077,1996775,0.0,1.0
2020-02-25 00:00:00+00:00,284.8,301.64,283.57,297.55,3430555,274.9488217211,291.2063292976,273.7613671891,287.2578016261,3430555,0.0,1.0
2020-02-26 00:00:00+00:00,280.09,290.93,278.67,286.28,2449411,270.4017397327,280.8667861774,269.0308572648,276.3776288003,2449411,0.0,1.0
2020-02-27 00:00:00+00:00,268.77,278.59,268.4,274.26,2246687,259.4732963974,268.9536244497,259.1160946276,264.773398333,2246687,0.0,1.0
2020-02-28 00:00:00+00:00,265.85,266.12,255.59,259.62,2899411,256.6542986466,256.9149593976,246.7491901113,250.6397931715,2899411,0.0,1.0
2020-03-02 00:00:00+00:00,281.18,281.33,263.73,266.72,2520507,271.4540368383,271.5988483666,254.6076290467,257.4942055107,2520507,0.0,1.0
2020-03-03 00:00:00+00:00,268.24,284.66,264.18,280.96,2015378,258.9616289974,274.8136642947,255.0420636316,271.2416465968,2015378,0.0,1.0
2020-03-04 00:00:00+00:00,285.55,286.52,270.52,274.22,2551248,275.6728793626,276.6093272456,261.1627642275,264.7347819254,2551248,0.0,1.0
2020-03-05 00:00:00+00:00,287.18,290.22,275.14,276.14,2418765,277.24649797,280.1813449435,265.622959299,266.5883694876,2418765,0.0,1.0
2020-03-06 00:00:00+00:00,276.18,281.81,268.14,276.45,1913953,266.6269858951,272.0622452571,258.8650879786,266.8876466461,1913953,0.0,1.0
2020-03-09 00:00:00+00:00,260.04,269.23,250.0,258.26,2138558,251.0452654507,259.9173850842,241.3525471569,249.3268353149,2138558,0.0,1.0
2020-03-10 00:00:00+00:00,269.66,270.11,257.97,270.11,2541533,260.3325114653,260.7669460502,249.0468663602,260.7669460502,2541533,0.0,1.0
2020-03-11 00:00:00+00:00,261.12,266.29,256.08,263.92,1848676,252.0879084544,257.0790791296,247.2222411037,254.7910569826,1848676,0.0,1.0
2020-03-12 00:00:00+00:00,237.94,257.98,235.96,245.09,3430282,229.709700282,249.0565204621,227.7981881085,236.6123831307,3430282,0.0,1.0
2020-03-13 00:00:00+00:00,261.25,261.4,235.0,250.0,2399244,252.2134117789,252.3582233072,226.8713943275,241.3525471569,2399244,0.0,1.0
2020-03-16 00:00:00+00:00,223.43,244.99,222.38,232.0,2642653,215.701598445,236.5158421119,214.687917747,223.9751637616,2642653,0.0,1.0
2020-03-17 00:00:00+00:00,239.17,240.78,216.18,228.51,2901287,230.897154814,232.4514652177,208.7023745775,220.6058822033,2901287,0.0,1.0
2020-03-18 00:00:00+00:00,225.07,232.27,215.07,226.04,1977838,217.2848711544,224.2358245125,207.6307692681,218.2213190374,1977838,0.0,1.0
2020-03-19 00:00:00+00:00,215.89,224.99,210.52,224.36,2340851,208.4224056228,217.2076383393,203.2381529099,216.5994299205,2340851,0.0,1.0
2020-03-20 00:00:00+00:00,201.84,219.23,199.39,217.73,3858422,194.8583924726,211.6468756528,192.4931375104,210.1987603699,3858422,0.0,1.0
2020-03-23 00:00:00+00:00,194.72,202.34,187.68,202.34,3415574,187.9846719295,195.3410975669,181.1881842016,195.3410975669,3415574,0.0,1.0
2020-03-24 00:00:00+00:00,233.82,235.56,204.34,206.16,3329643,225.7322103049,227.4120240331,197.2719179441,199.0289644874,3329643,0.0,1.0
2020-03-25 00:00:00+00:00,232.58,240.74,223.54,229.78,2505255,224.535101671,232.4128488102,215.8077935658,221.8319531428,2505255,0.0,1.0
2020-03-26 00:00:00+00:00,248.39,249.67,228.51,234.55,2245842,239.7982367532,241.0339617946,220.6058822033,226.4369597426,2245842,0.0,1.0
2020-03-27 00:00:00+00:00,229.69,247.54,226.68,240.0,2143728,221.7450662259,238.9776380929,218.8391815581,231.6984452706,2143728,0.0,1.0
2020-03-30 00:00:00+00:00,238.05,240.44,233.23,236.99,1321092,229.8158954028,232.1232257536,225.1626182936,228.7925606028,1321092,0.0,1.0
2020-03-31 00:00:00+00:00,230.0,238.42,229.62,236.29,1699255,222.0443433843,230.1730971726,221.6774875126,228.1167734708,1699255,0.0,1.0
2020-04-01 00:00:00+00:00,218.12,228.85,216.07,224.05,1646977,210.5752703434,220.9341216674,208.5961794567,216.300152762,1646977,0.0,1.0
2020-04-02 00:00:00+00:00,225.22,228.34,215.55,216.1,1584448,217.4296826827,220.4417624712,208.0941661587,208.6251417624,1584448,0.0,1.0
2020-04-03 00:00:00+00:00,218.39,225.22,216.8,223.85,1553803,210.8359310944,217.4296826827,209.3009288944,216.1070707243,1553803,0.0,1.0
2020-04-06 00:00:00+00:00,240.12,241.69,227.17,231.73,2535593,231.8142944932,233.3299884894,219.3122325505,223.7145030107,2535593,0.0,1.0
2020-04-07 00:00:00+00:00,239.76,248.98,239.02,247.62,1466226,231.4667468253,240.3678287645,230.7523432857,239.0548709079,1466226,0.0,1.0
2020-04-08 00:00:00+00:00,245.93,247.86,240.38,241.46,1223245,237.4233276892,239.2865693532,232.0653011423,233.107944146,1223245,0.0,1.0
2020-04-09 00:00:00+00:00,252.1,254.94,245.87,246.81,1646857,243.891575953,246.6391050117,237.8644259403,238.7738193612,1646857,0.53,1.0
2020-04-13 00:00:00+00:00,250.09,252.77,244.56,250.71,1298871,241.947021936,244.5397606253,236.59707979,242.5468346179,1298871,0.0,1.0
2020-04-14 00:00:00+00:00,261.32,262.35,252.66,257.18,1817931,252.8113709958,253.8078339994,244.4333422462,248.8061701848,1817931,0.0,1.0
2020-04-15 00:00:00+00:00,251.96,257.47,250.73,256.95,1198795,243.7561343797,249.0867277295,242.5661834141,248.5836590286,1198795,0.0,1.0
2020-04-16 00:00:00+00:00,257.44,259.47,251.84,256.15,1087735,249.0577045352,251.0216073483,243.6400416025,247.8097071811,1087735,0.0,1.0
2020-04-17 00:00:00+00:00,265.36,267.33,259.01,264.73,1423658,256.7198278258,258.6256842503,250.576585036,256.1103407459,1423658,0.0,1.0
2020-04-20 00:00:00+00:00,264.0,267.92,260.33,260.49,1297402,255.404109685,259.1964737379,251.8536055844,252.0083959539,1297402,0.0,1.0
2020-04-21 00:00:00+00:00,249.15,260.88,246.42,259.48,1525759,241.0376285152,252.3856974796,238.3965178355,251.0312817464,1525759,0.0,1.0
2020-04-22 00:00:00+00:00,263.85,265.91,252.01,254.91,1258667,255.2589937136,257.251919721,243.8045063701,246.6100818174,1258667,0.0,1.0
2020-04-23 00:00:00+00:00,258.06,267.8,256.98,263.03,1309228,249.6575172171,259.0803809607,248.6126822229,254.4656930699,1309228,0.0,1.0
2020-04-24 00:00:00+00:00,263.66,264.84,256.58,260.18,1069881,255.0751801498,256.2167591249,248.2257062991,251.708489613,1069881,0.0,1.0
2020-04-27 00:00:00+00:00,271.83,273.08,265.22,267.43,941168,262.9791633927,264.1884631544,256.5843862525,258.7224282313,941168,0.0,1.0
2020-04-28 00:00:00+00:00,266.31,276.98,265.78,273.34,1000036,257.6388956447,267.9614784112,257.1261525457,264.4399975049,1000036,0.0,1.0
2020-04-29 00:00:00+00:00,273.43,274.94,267.69,269.91,1132413,264.5270670877,265.9879012,258.9739625817,261.1216789586,1132413,0.0,1.0
2020-04-30 00:00:00+00:00,269.81,275.1,268.22,272.76,1410864,261.0249349777,266.1426915695,259.4867056807,263.8788824154,1410864,0.0,1.0
2020-05-01 00:00:00+00:00,261.13,267.53,259.75,265.33,1193575,252.627557432,258.8191722122,251.292490495,256.6908046315,1193575,0.0,1.0
2020-05-04 00:00:00+00:00,267.78,268.01,258.3,259.0,1366645,259.0610321646,259.2835433207,249.8897027713,250.5669106379,1366645,0.0,1.0
2020-05-05 00:00:00+00:00,274.48,277.84,269.54,270.08,1052743,265.5428788876,268.7934766473,260.7637262291,261.2861437262,1052743,0.0,1.0
2020-05-06 00:00:00+00:00,275.87,278.24,273.89,276.01,754522,266.8876202227,269.180452571,264.9720894001,267.023061796,754522,0.0,1.0
2020-05-07 00:00:00+00:00,280.8,284.04,278.25,278.99,955230,271.6570984831,274.7916034656,269.1901269691,269.9060324281,955230,0.0,1.0
2020-05-08 00:00:00+00:00,280.36,282.96,277.16,282.0,1209530,271.231424967,273.7467684714,268.1356175769,272.8180262544,1209530,0.0,1.0
2020-05-11 00:00:00+00:00,287.84,289.28,279.64,280.47,882246,278.4678747414,279.8609880669,270.5348683042,271.337843346,882246,0.0,1.0
2020-05-12 00:00:00+00:00,281.68,289.77,280.73,288.99,933492,272.5084455154,280.3350335735,271.5893776965,279.5804305222,933492,0.0,1.0
2020-05-13 00:00:00+00:00,277.16,286.17,273.55,281.58,957182,268.1356175769,276.8522502597,264.6431598649,272.4117015345,957182,0.0,1.0
2020-05-14 00:00:00+00:00,280.27,280.56,270.91,274.94,912891,271.1443553841,271.4249129289,262.089118768,265.9879012,912891,0.0,1.0
2020-05-15 00:00:00+00:00,284.39,285.08,276.59,277.24,849970,275.1302073989,275.7977408674,267.5841768855,268.2130127616,849970,0.0,1.0
2020-05-18 00:00:00+00:00,290.37,295.37,286.41,290.87,1187835,280.9154974592,285.7526965063,277.0844358139,281.3992173639,1187835,0.0,1.0
2020-05-19 00:00:00+00:00,286.75,292.98,286.54,290.89,1318568,277.4133653491,283.4405153618,277.2102029891,281.4185661601,1318568,0.0,1.0
2020-05-20 00:00:00+00:00,290.49,293.63,288.63,288.63,1418290,281.0315902363,284.0693512379,279.2321521908,279.2321521908,1418290,0.0,1.0
2020-05-21 00:00:00+00:00,290.0,293.47,286.4,291.15,1337238,280.5575447297,283.9145608684,277.0747614158,281.6701005105,1337238,0.0,1.0
2020-05-22 00:00:00+00:00,287.61,289.64,280.59,286.18,1770152,278.2453635852,280.2092663983,271.4539361231,276.8619246578,1770152,0.0,1.0
2020-05-26 00:00:00+00:00,282.2,291.94,280.97,291.46,1775709,273.0115142163,282.43437796,271.8215632507,281.9700068515,1775709,0.0,1.0
2020-05-27 00:00:00+00:00,281.21,283.14,271.54,283.14,1479400,272.053748805,273.9209076371,262.698605848,273.9209076371,1479400,0.0,1.0
2020-05-28 00:00:00+00:00,283.87,290.24,281.38,282.0,1718150,274.627138698,280.789730284,272.2182135726,272.8180262544,1718150,0.0,1.0
2020-05-29 00:00:00+00:00,290.32,290.87,281.95,285.86,1689821,280.8671254687,281.3992173639,272.7696542639,276.5523439187,1689821,0.0,1.0
2020-06-01 00:00:00+00:00,289.95,291.72,288.08,289.11,1283840,280.5091727392,282.2215412019,278.7000602956,279.6965232993,1283840,0.0,1.0
2020-06-02 00:00:00+00:00,287.18,290.0,283.71,289.95,1133194,277.8293644672,280.5575447297,274.4723483285,280.5091727392,1133194,0.0,1.0
2020-06-03 00:00:00+00:00,290.1,290.72,285.65,288.56,1309657,280.6542887107,281.2541013925,276.3491815588,279.1644314042,1309657,0.0,1.0
2020-06-04 00:00:00+00:00,282.92,288.46,280.96,286.93,1316818,273.7080708791,279.0676874232,271.8118888526,277.5875045148,1316818,0.0,1.0
2020-06-05 00:00:00+00:00,288.11,289.0,275.63,280.77,1874044,278.7290834899,279.5901049203,266.6554346685,271.6280752888,1874044,0.0,1.0
2020-06-08 00:00:00+00:00,293.05,293.29,284.11,285.36,1067248,283.5082361484,283.7404217027,274.8593242523,276.068624014,1067248,0.0,1.0
2020-06-09 00:00:00+00:00,291.25,295.25,290.6,292.63,1283043,281.7668444915,285.6366037291,281.1380086154,283.1019114285,1283043,0.0,1.0
2020-06-10 00:00:00+00:00,295.87,298.0,291.1,293.95,1072011,286.236416411,288.297063205,281.6217285201,284.3789319769,1072011,0.0,1.0
2020-06-11 00:00:00+00:00,277.87,294.98,277.72,293.9,1392750,268.8224998415,285.3753949806,268.6773838701,284.3305599864,1392750,0.0,1.0
2020-06-12 00:00:00+00:00,280.68,287.04,275.95,283.91,1173647,271.541005706,277.6939228939,266.9650154075,274.6658362904,1173647,0.0,1.0
2020-06-15 00:00:00+00:00,283.14,285.14,274.19,275.0,943328,273.9209076371,275.855787256,265.2623213429,266.0459475885,943328,0.0,1.0
2020-06-16 00:00:00+00:00,288.58,293.4,285.42,289.98,1225682,279.1837802003,283.8468400817,276.1266704026,280.5381959335,1225682,0.0,1.0
2020-06-17 00:00:00+00:00,286.49,291.95,285.97,291.31,855534,277.1618309987,282.4440523581,276.6587622978,281.82489088,855534,0.0,1.0
2020-06-18 00:00:00+00:00,287.23,287.91,282.37,285.01,1126982,277.8777364576,278.535595528,273.1759789839,275.7300200807,1126982,0.0,1.0
2020-06-19 00:00:00+00:00,286.32,291.99,285.27,289.53,2480585,276.9973662311,282.4827499504,275.9815544312,280.1028480193,2480585,0.0,1.0
2020-06-22 00:00:00+00:00,294.12,294.2,285.29,285.8,1179216,284.5433967445,284.6207919292,276.0009032274,276.4942975302,1179216,0.0,1.0
2020-06-23 00:00:00+00:00,293.83,296.49,292.44,294.98,1291546,284.2628391998,286.8362290928,282.9180978647,285.3753949806,1291546,0.0,1.0
2020-06-24 00:00:00+00:00,286.13,296.0,284.2,291.44,951035,276.8135526673,286.3621835862,274.9463938351,281.9506580553,951035,0.0,1.0
2020-06-25 00:00:00+00:00,288.75,289.34,281.98,286.25,966589,279.3482449679,279.9190344555,272.7986774582,276.9296454444,966589,0.0,1.0
2020-06-26 00:00:00+00:00,286.52,290.0,283.92,286.5,1376843,277.190854193,280.5575447297,274.6755106885,277.1715053968,1376843,0.0,1.0
2020-06-29 00:00:00+00:00,287.92,289.78,281.75,285.81,965657,278.5452699261,280.3447079716,272.5761663021,276.5039719283,965657,0.0,1.0
2020-06-30 00:00:00+00:00,296.19,297.92,288.0,289.15,1621878,286.54599715,288.2196680203,278.6226651109,279.7352208917,1621878,0.0,1.0
2020-07-01 00:00:00+00:00,302.58,304.92,297.02,297.41,1653797,292.7279375321,294.9917466862,287.3489721918,287.7262737175,1653797,0.0,1.0
2020-07-02 00:00:00+00:00,305.3,307.78,303.11,304.85,1230053,295.3593738137,297.7586245411,293.2406806311,294.9240258995,1230053,0.0,1.0
2020-07-06 00:00:00+00:00,309.65,314.14,308.0,308.0,1162015,299.5677369847,303.9115417289,297.9714612991,297.9714612991,1162015,0.0,1.0
2020-07-07 00:00:00+00:00,307.93,314.73,307.19,309.18,1133343,297.9037405125,304.4823312165,297.1878350535,299.1130402743,1133343,0.0,1.0
2020-07-08 00:00:00+00:00,310.38,312.07,307.77,310.54,774541,300.2739680455,301.9089413235,297.748950143,300.4287584151,774541,0.0,1.0
2020-07-09 00:00:00+00:00,307.91,311.0,303.95,309.72,1027622,298.3971348153,301.3916694084,294.5594788318,300.1512149491,1027622,0.53,1.0
2020-07-10 00:00:00+00:00,307.55,308.64,303.0,307.78,762426,298.0482569986,299.1045814991,293.6388290378,298.2711511593,762426,0.0,1.0
2020-07-13 00:00:00+00:00,297.64,311.23,296.98,309.0,1383120,288.4444259895,301.6145635691,287.8048166589,299.4534593158,1383120,0.0,1.0
2020-07-14 00:00:00+00:00,285.37,294.71,280.99,294.57,3106212,276.553507071,285.6049482037,272.3088269681,285.4692734973,3106212,0.0,1.0
2020-07-15 00:00:00+00:00,289.97,290.88,284.77,288.03,1527019,281.0113902841,281.8932758763,275.9720440432,279.1313264943,1527019,0.0,1.0
2020-07-16 00:00:00+00:00,285.7,288.41,281.19,287.93,1128509,276.8733117363,279.4995864119,272.5026479774,279.0344159896,1128509,0.0,1.0
2020-07-17 00:00:00+00:00,289.27,290.42,284.59,287.93,896496,280.3330167517,281.447487555,275.7976051349,279.0344159896,896496,0.0,1.0
2020-07-20 00:00:00+00:00,298.72,300.41,289.01,289.5,1019272,289.4910594395,291.1288469678,280.0810494397,280.5559109124,1019272,0.0,1.0
2020-07-21 00:00:00+00:00,297.88,300.71,296.85,299.42,1014806,288.6770112006,291.4195784817,287.6788330029,290.1694329719,1014806,0.0,1.0
2020-07-22 00:00:00+00:00,296.44,300.16,294.22,300.16,1145083,287.2814999339,290.8865707062,285.130086731,290.8865707062,1145083,0.0,1.0
2020-07-23 00:00:00+00:00,291.55,298.88,290.2,295.94,1266090,282.5425762573,289.6461162469,281.2342844448,286.7969474107,1266090,0.0,1.0
2020-07-24 00:00:00+00:00,288.68,291.11,286.35,290.45,1193362,279.7612447744,282.116170037,277.5032300164,281.4765607064,1193362,0.0,1.0
2020-07-27 00:00:00+00:00,296.145,297.43,290.46,290.47,1227911,286.9956139452,288.2409139298,281.4862517568,281.4959428073,1227911,0.0,1.0
2020-07-28 00:00:00+00:00,296.8,300.67,292.21,292.28,1050268,287.6303777506,291.3808142799,283.1821855879,283.2500229412,1050268,0.0,1.0
2020-07-29 00:00:00+00:00,302.18,305.22,298.02,298.87,1115551,292.8441628998,295.7902422407,288.8126859071,289.6364251965,1115551,0.0,1.0
2020-07-30 00:00:00+00:00,303.94,305.05,295.05,297.1,867332,294.5497877814,295.6254943828,285.9344439195,287.9211092645,867332,0.0,1.0
2020-07-31 00:00:00+00:00,306.37,306.49,298.87,304.77,1015630,296.9047130439,297.0210056495,289.6364251965,295.3541449698,1015630,0.0,1.0
2020-08-03 00:00:00+00:00,311.7,313.45,308.97,309.84,1248595,302.0700429409,303.765976772,299.4243861644,300.2675075547,1248595,0.0,1.0
2020-08-04 00:00:00+00:00,310.64,312.38,307.24,310.81,1200944,301.0427915918,302.7290343724,297.7478344342,301.2075394496,1200944,0.0,1.0
2020-08-05 00:00:00+00:00,310.95,312.72,308.64,311.26,863030,301.3432141561,303.0585300881,299.1045814991,301.6436367205,863030,0.0,1.0
2020-08-06 00:00:00+00:00,312.23,312.42,307.865,310.36,716744,302.5836686154,302.7677985742,298.3535250882,300.7714421788,716744,0.0,1.0
2020-08-07 00:00:00+00:00,309.43,312.425,306.22,311.39,752038,299.8701744857,302.7726440995,296.759347287,301.7696203765,752038,0.0,1.0
2020-08-10 00:00:00+00:00,304.18,308.75,301.01,308.1,569011,294.7823729925,299.2111830542,291.7103099956,298.5812647741,569011,0.0,1.0
2020-08-11 00:00:00+00:00,299.2,305.15,298.47,303.63,828403,289.9562298618,295.7224048874,289.2487831779,294.249365217,828403,0.0,1.0
2020-08-12 00:00:00+00:00,304.75,305.6,299.88,299.93,813950,295.3347628689,296.1585021583,290.6152212933,290.6636765456,813950,0.0,1.0
2020-08-13 00:00:00+00:00,306.71,310.71,305.25,305.25,760839,297.2342087597,301.110628945,295.819315392,295.819315392,760839,0.0,1.0
2020-08-14 00:00:00+00:00,305.54,308.74,304.82,307.55,596048,296.1003558555,299.2014920037,295.4026002221,298.0482569986,596048,0.0,1.0
2020-08-17 00:00:00+00:00,308.01,310.015,306.83,307.84,714452,298.4940453199,300.4371009378,297.3505013653,298.329297462,714452,0.0,1.0
2020-08-18 00:00:00+00:00,308.9,311.0,306.58,310.0,755750,299.3565488112,301.3916694084,297.1082251037,300.4225643621,755750,0.0,1.0
2020-08-19 00:00:00+00:00,310.55,313.95,305.86,308.67,991195,300.9555721376,304.2505292951,296.4104694703,299.1336546505,991195,0.0,1.0
2020-08-20 00:00:00+00:00,320.06,320.655,309.94,310.0,1083578,310.1717611282,310.7483786308,300.3644180593,300.4225643621,1083578,0.0,1.0
2020-08-21 00:00:00+00:00,322.23,322.6,318.4,319.86,1174791,312.2747190787,312.6332879459,308.5630467513,309.9779401189,1174791,0.0,1.0
2020-08-24 00:00:00+00:00,333.12,334.15,324.63,325.27,2088371,322.8282730333,323.826451231,314.6005711899,315.2207984196,2088371,0.0,1.0
2020-08-25 00:00:00+00:00,336.42,337.37,329.9513,332.5,1718389,326.0263196861,326.9469694802,319.7574698729,322.2274279045,1718389,0.0,1.0
2020-08-26 00:00:00+00:00,342.34,360.0,338.07,356.86,3108571,331.7634215604,348.8778166786,327.6253430126,345.8348268331,3108571,0.0,1.0
2020-08-27 00:00:00+00:00,345.0,349.51,339.06,341.84,1880870,334.3412409836,338.7119047426,328.5847570084,331.2788690372,1880870,0.0,1.0
2020-08-28 00:00:00+00:00,346.11,347.38,343.84,346.73,1189442,335.4169475851,336.6477109939,333.2170791299,336.0177927138,1189442,0.0,1.0
2020-08-31 00:00:00+00:00,345.39,346.2389,342.1,345.89,1070807,334.7191919517,335.5418652255,331.5308363493,335.2037444749,1070807,0.0,1.0
2020-09-01 00:00:00+00:00,347.18,349.33,343.56,344.92,1074621,336.4538899846,338.5374658342,332.9457297169,334.2637125799,1074621,0.0,1.0
2020-09-02 00:00:00+00:00,354.18,355.67,347.47,348.67,1438039,343.2376253089,344.681591828,336.7349304481,337.8978565037,1438039,0.0,1.0
2020-09-03 00:00:00+00:00,339.63,353.11,336.66,353.11,1570070,329.1371468849,342.2006829094,326.2589048973,342.2006829094,1570070,0.0,1.0
2020-09-04 00:00:00+00:00,333.11,340.53,324.61,337.76,1219458,322.8185819828,330.0093414266,314.581189089,327.3249204482,1219458,0.0,1.0
2020-09-08 00:00:00+00:00,320.82,329.36,319.6466,320.79,1578582,310.9082809634,319.1844380591,309.771133102,310.879207812,1578582,0.0,1.0
2020-09-09 00:00:00+00:00,328.21,331.305,319.7354,324.4,1303238,318.0699672558,321.0693473742,309.8571896301,314.3776770293,1303238,0.0,1.0
2020-09-10 00:00:00+00:00,320.39,332.66,317.07,329.58,1254155,310.4915657935,322.3824847119,307.2741370397,319.3976411692,1254155,0.0,1.0
2020-09-11 00:00:00+00:00,315.0,325.35,311.41,323.82,955183,305.2680895938,315.2983268233,301.7890024774,313.8155961024,955183,0.0,1.0
2020-09-14 00:00:00+00:00,318.31,321.25,315.77,320.17,888851,308.4758272971,311.3249961333,306.0143004794,310.2783626833,888851,0.0,1.0
2020-09-15 00:00:00+00:00,322.47,324.145,319.38,321.38,1111618,312.5073042898,314.1305552424,309.5127696967,311.4509797893,1111618,0.0,1.0
2020-09-16 00:00:00+00:00,313.38,326.23,312.61,324.86,1668809,303.6981394187,316.151139264,302.951928533,314.8234653506,1668809,0.0,1.0
2020-09-17 00:00:00+00:00,307.23,308.4,301.34,304.91,1795549,297.7381433838,298.871996288,292.0301146609,295.4898196763,1795549,0.0,1.0
2020-09-18 00:00:00+00:00,300.13,312.95,296.77,307.7,2284451,290.8574975548,303.2814242488,287.6013045992,298.1936227556,2284451,0.0,1.0
2020-09-21 00:00:00+00:00,307.7,308.02,295.37,296.29,1594620,298.1936227556,298.5037363704,286.2445575343,287.1361341769,1594620,0.0,1.0
2020-09-22 00:00:00+00:00,317.28,318.12,306.695,309.81,2099947,307.4776490994,308.2916973383,297.219672184,300.2384344033,2099947,0.0,1.0
2020-09-23 00:00:00+00:00,304.93,315.98,303.055,315.4,1412131,295.5092017772,306.2178125392,293.6921298154,305.6557316123,1412131,0.0,1.0
2020-09-24 00:00:00+00:00,308.59,312.63,301.94,304.67,1216929,299.0561262468,302.971310634,292.6115776887,295.2572344652,1216929,0.0,1.0
2020-09-25 00:00:00+00:00,318.5,318.79,307.77,309.9,1239803,308.6599572559,308.9409977193,298.2614601088,300.3256538575,1239803,0.0,1.0
2020-09-28 00:00:00+00:00,325.55,326.13,322.26,325.43,1134304,315.4921478325,316.0542287594,312.3037922301,315.375855227,1134304,0.0,1.0
2020-09-29 00:00:00+00:00,323.64,329.22,323.05,325.54,1122510,313.641157194,319.0487633526,313.0693852167,315.4824567821,1122510,0.0,1.0
2020-09-30 00:00:00+00:00,326.21,329.14,319.67,323.02,1804877,316.1317571631,318.9712349489,309.7938101601,313.0403120653,1804877,0.0,1.0
2020-10-01 00:00:00+00:00,332.34,333.98,329.85,330.74,1091541,322.0723710971,323.6617033731,319.6592995318,320.521803023,1091541,0.0,1.0
2020-10-02 00:00:00+00:00,321.89,329.48,319.91,326.16,902722,311.945223363,319.3007306646,310.0263953712,316.0833019108,902722,0.0,1.0
2020-10-05 00:00:00+00:00,331.36,332.0,327.12,330.33,1296524,321.1226481517,321.7428753814,317.0136427553,320.124469954,1296524,0.0,1.0
2020-10-06 00:00:00+00:00,325.38,333.87,323.91,331.31,1042447,315.3273999747,323.555101818,313.9028155566,321.0741928994,1042447,0.0,1.0
2020-10-07 00:00:00+00:00,334.91,336.91,327.08,327.74,1236112,324.5629710662,326.5011811588,316.9748785534,317.614487884,1236112,0.0,1.0
2020-10-08 00:00:00+00:00,334.99,337.76,333.26,336.36,788297,325.2122714472,327.9014203529,323.532766896,326.5422837219,788297,0.59,1.0
2020-10-09 00:00:00+00:00,341.81,342.2,335.773,336.62,846808,331.8332084641,332.211825097,325.9724171487,326.7946948105,846808,0.0,1.0
2020-10-12 00:00:00+00:00,350.93,353.98,342.21,345.18,1571289,340.6870128033,343.6479890352,332.2215332158,335.1048444973,1571289,0.0,1.0
2020-10-13 00:00:00+00:00,349.59,353.74,347.5131,352.67,1118898,339.386124885,343.4149941841,337.3698456929,342.3762254733,1118898,0.0,1.0
2020-10-14 00:00:00+00:00,345.3,351.49,341.23,351.49,896431,335.2213419228,341.2306674557,331.2701375741,341.2306674557,896431,0.0,1.0
2020-10-15 00:00:00+00:00,341.97,343.18,338.0,341.29,790047,331.9885383647,333.1632207387,328.1344152039,331.3283862868,790047,0.0,1.0
2020-10-16 00:00:00+00:00,341.15,346.82,340.95,343.78,790020,331.1924726237,336.6969759794,330.9983102479,333.7457078663,790020,0.0,1.0
2020-10-19 00:00:00+00:00,335.27,344.23,334.05,343.32,822798,325.4840987734,334.182573212,324.2997082807,333.2991344018,822798,0.0,1.0
2020-10-20 00:00:00+00:00,334.51,338.965,333.45,338.35,1131226,324.7462817452,329.0712486674,323.7172211531,328.4741993617,1131226,0.0,1.0
2020-10-21 00:00:00+00:00,332.79,336.675,331.31,335.69,816816,323.0764853128,326.8480894638,321.6396837314,325.8918397627,816816,0.0,1.0
2020-10-22 00:00:00+00:00,331.82,333.91,325.31,332.94,803367,322.1347977898,324.1637946176,315.8148124556,323.2221070947,803367,0.0,1.0
2020-10-23 00:00:00+00:00,334.42,334.59,330.0,333.32,721966,324.658908676,324.8239466955,320.3679201695,323.5910156088,721966,0.0,1.0
2020-10-26 00:00:00+00:00,328.09,332.095,323.44,330.91,927838,318.51366948,322.4017710566,313.9993942413,321.2513589797,927838,0.0,1.0
2020-10-27 00:00:00+00:00,330.27,333.4,329.31,330.59,838744,320.6300393769,323.6686805591,319.6980599728,320.9406991783,838744,0.0,1.0
2020-10-28 00:00:00+00:00,318.51,325.1,317.96,323.47,948411,309.2132916763,315.6109419609,308.6793451427,314.0285185977,948411,0.0,1.0
2020-10-29 00:00:00+00:00,325.61,329.3866,319.33,319.43,896800,316.1060560194,319.7724241627,310.0093574174,310.1064386053,896800,0.0,1.0
2020-10-30 00:00:00+00:00,314.68,325.165,312.05,321.91,1682866,305.4950821786,315.6740447331,302.941846936,312.514052066,1682866,0.0,1.0
2020-11-02 00:00:00+00:00,316.42,321.87,312.17,317.76,1109863,307.1842948486,312.4752195908,303.0583443616,308.4851827669,1109863,0.0,1.0
2020-11-03 00:00:00+00:00,324.73,326.94,317.83,319.91,1114858,315.2517415656,317.3972358188,308.5531395984,310.5724283074,1114858,0.0,1.0
2020-11-04 00:00:00+00:00,343.0,347.91,334.11,339.72,1344677,332.9884746004,337.7551609278,324.3579569934,329.8042116363,1344677,0.0,1.0
2020-11-05 00:00:00+00:00,350.96,352.01,346.21,350.92,1074337,340.7161371597,341.7354896329,336.104780733,340.6773046845,1074337,0.0,1.0
2020-11-06 00:00:00+00:00,352.26,353.85,344.8,351.48,623054,341.9781926028,343.5217834908,334.7359359832,341.2209593369,623054,0.0,1.0
2020-11-09 00:00:00+00:00,360.14,377.15,359.31,365.95,1820136,349.6281902117,366.1417002786,348.8224163518,355.2686072304,1820136,0.0,1.0
2020-11-10 00:00:00+00:00,342.26,358.15,339.35,358.15,1544160,332.2700738097,347.6962745718,329.445011241,347.6962745718,1544160,0.0,1.0
2020-11-11 00:00:00+00:00,352.4,356.5545,342.93,345.65,1127017,342.1141062659,346.1473442184,332.9205177689,335.5611260806,1127017,0.0,1.0
2020-11-12 00:00:00+00:00,349.51,356.64,347.65,352.97,947726,339.3084599347,346.2303486341,337.5027498392,342.6674690371,947726,0.0,1.0
2020-11-13 00:00:00+00:00,356.95,358.325,350.43,351.84,1179472,346.5313003167,347.8661666507,340.2016068636,341.5704516135,1179472,0.0,1.0
2020-11-16 00:00:00+00:00,357.06,361.22,353.33,356.54,1158831,346.6380896234,350.6766670413,343.0169613136,346.1332674462,1158831,0.0,1.0
2020-11-17 00:00:00+00:00,358.75,360.0,353.43,354.98,953992,348.2787616994,349.4922765486,343.1140425015,344.6188009145,953992,0.0,1.0
2020-11-18 00:00:00+00:00,354.74,360.26,353.7607,356.24,912410,344.3858060634,349.7446876372,343.43508999,345.8420238824,912410,0.0,1.0
2020-11-19 00:00:00+00:00,361.44,363.39,349.05,353.2,1533627,350.8902456547,352.7833288194,338.8618864702,342.8907557693,1533627,0.0,1.0
2020-11-20 00:00:00+00:00,347.69,359.989,347.51,358.85,2370232,337.5415823144,349.4815976179,337.3668361761,348.3758428874,2370232,0.0,1.0
2020-11-23 00:00:00+00:00,343.33,350.32,337.72,348.07,1529577,333.3088425206,340.0948175569,327.8625878777,337.9104908285,1529577,0.0,1.0
2020-11-24 00:00:00+00:00,345.2,347.73,342.52,345.0,1045009,335.1242607349,337.5804147895,332.5224848984,334.930098359,1045009,0.0,1.0
2020-11-25 00:00:00+00:00,350.47,352.47,345.01,345.72,1199344,340.2404393388,342.1820630974,334.9398064778,335.6290829121,1199344,0.0,1.0
2020-11-27 00:00:00+00:00,354.24,358.04,351.83,353.93,528296,343.9004001238,347.5894852651,341.5607434947,343.5994484412,528296,0.0,1.0
2020-11-30 00:00:00+00:00,352.02,356.44,348.13,353.45,1875760,341.7451977517,346.0361862582,337.9687395412,343.1334587391,1875760,0.0,1.0
2020-12-01 00:00:00+00:00,356.82,359.29,352.29,356.01,1086965,346.4050947724,348.8030001142,342.0073169591,345.6187371501,1086965,0.0,1.0
2020-12-02 00:00:00+00:00,355.49,356.15,350.0555,355.66,760700,345.1139149729,345.7546508132,339.8380378148,345.2789529924,760700,0.0,1.0
2020-12-03 00:00:00+00:00,363.7,366.68,353.47,355.19,1841131,353.084280502,355.9772999023,343.1528749767,344.8226714091,1841131,0.0,1.0
2020-12-04 00:00:00+00:00,368.6,371.94,364.07,365.15,1404403,357.8412587105,361.0837703874,353.4434808973,354.491957727,1404403,0.0,1.0
2020-12-07 00:00:00+00:00,372.19,373.98,367.28,367.82,1910082,361.3264733572,363.0642266212,356.5597870299,357.0840254447,1910082,0.0,1.0
2020-12-08 00:00:00+00:00,372.59,380.5,370.525,372.4,1705237,361.714798109,369.3939200742,359.7100715782,361.5303438519,1705237,0.0,1.0
2020-12-09 00:00:00+00:00,364.18,370.14,361.11,368.91,2477788,353.550270204,359.3363090047,350.5698777346,358.1422103931,2477788,0.0,1.0
2020-12-10 00:00:00+00:00,362.5,364.395,357.45,361.23,1499216,351.9193062468,353.7589947581,347.0167062563,350.6863751601,1499216,0.0,1.0
2020-12-11 00:00:00+00:00,364.32,364.65,358.0,362.12,1193790,353.6861838671,354.0065517873,347.5506527899,351.5503977327,1193790,0.0,1.0
2020-12-14 00:00:00+00:00,365.51,369.305,363.6054,364.44,1365982,354.8414500035,358.5256810855,352.9924416982,353.8026812926,1365982,0.0,1.0
2020-12-15 00:00:00+00:00,360.43,367.76,360.15,365.82,1655060,349.9097256567,357.0257767319,349.6378983304,355.1424016861,1655060,0.0,1.0
2020-12-16 00:00:00+00:00,369.26,370.36,360.03,361.31,1577883,358.4819945509,359.5498876181,349.5214009049,350.7640401104,1577883,0.0,1.0
2020-12-17 00:00:00+00:00,380.32,380.99,370.34,371.93,1965911,369.219173936,369.8696178951,359.5304713805,361.0740622686,1965911,0.0,1.0
2020-12-18 00:00:00+00:00,380.11,380.8,375.53,377.16,2569581,369.0153034413,369.685163638,364.5689850341,366.1514083974,2569581,0.0,1.0
2020-12-21 00:00:00+00:00,375.93,377.82,368.42,374.72,997633,364.9573097858,366.7921442377,357.6665125723,363.7826274119,997633,0.0,1.0
2020-12-22 00:00:00+00:00,379.97,380.14,373.58,376.0,1003561,368.8793897782,369.0444277977,362.6759018695,365.0252666174,1003561,0.0,1.0
2020-12-23 00:00:00+00:00,376.92,383.94,376.71,379.01,900939,365.9184135463,372.733512939,365.7145430517,367.9474103741,900939,0.0,1.0
2020-12-24 00:00:00+00:00,381.16,381.79,377.43,377.51,441932,370.0346559146,370.6462673985,366.4135276048,366.4911925551,441932,0.0,1.0
2020-12-28 00:00:00+00:00,381.12,387.94,378.04,387.57,870174,369.9958234394,376.6167604562,367.0057228512,376.2575600609,870174,0.0,1.0
2020-12-29 00:00:00+00:00,378.33,384.815,377.32,383.2,640599,367.2872582961,373.5829733334,366.3067382981,372.0151121483,640599,0.0,1.0
2020-12-30 00:00:00+00:00,375.55,381.975,375.34,380.82,703191,364.5884012717,370.8258675962,364.384530777,369.7045798756,703191,0.0,1.0
2020-12-31 00:00:00+00:00,379.85,380.48,374.9527,375.02,982530,368.7628923527,369.3745038366,364.0085353362,364.0738709757,982530,0.0,1.0
2021-01-04 00:00:00+00:00,371.7,384.62,366.17,379.74,1839788,360.8507755364,373.393665017,355.4821858438,368.656103046,1839788,0.0,1.0
2021-01-05 00:00:00+00:00,368.87,374.0,367.31,370.44,1117837,358.103377918,363.0836428588,356.5889113862,359.6275525685,1117837,0.0,1.0
2021-01-06 00:00:00+00:00,361.0,364.01,357.69,359.17,1537625,350.4630884279,353.3852321846,347.2497011074,348.6865026887,1537625,0.0,1.0
2021-01-07 00:00:00+00:00,368.63,370.228,360.33,363.24,1108980,357.8703830669,359.42174045,349.8126444687,352.6377070375,1108980,0.0,1.0
2021-01-08 00:00:00+00:00,374.46,375.03,368.5952,369.79,1259108,364.102995332,364.6572299828,358.400406946,359.5621605614,1259108,0.59,1.0
2021-01-11 00:00:00+00:00,372.34,376.76,366.38,376.13,1514875,362.0416313677,366.3393807651,356.2464760715,365.7268056247,1514875,0.0,1.0
2021-01-12 00:00:00+00:00,365.67,372.63,362.35,371.83,1240288,355.5561136118,362.3236104005,352.3279398562,361.5457372064,1240288,0.0,1.0
2021-01-13 00:00:00+00:00,364.96,367.33,360.5,364.97,1019574,354.865751152,357.1702004896,350.5291080949,354.8754745669,1019574,0.0,1.0
2021-01-14 00:00:00+00:00,365.51,369.63,364.97,365.2879,1146186,355.400538973,359.4065859226,354.8754745669,355.1845819274,1146186,0.0,1.0
2021-01-15 00:00:00+00:00,371.01,373.84,363.03,364.88,1597810,360.7484171824,363.5001436066,352.9891320712,354.7879638326,1597810,0.0,1.0
2021-01-19 00:00:00+00:00,384.95,386.38,374.36,374.87,1578492,374.3028575898,375.6933059242,364.0057611828,364.501655344,1578492,0.0,1.0
2021-01-20 00:00:00+00:00,389.46,398.12,388.98,391.6665,2051787,378.6881177216,387.1085950478,378.2213938051,380.8335892251,2051787,0.0,1.0
2021-01-21 00:00:00+00:00,381.75,388.42,377.81,386.21,1736759,371.1913648133,377.6768825692,367.3603393324,375.5280078705,1736759,0.0,1.0
2021-01-22 00:00:00+00:00,374.85,384.4,374.64,384.4,1150622,364.4822085142,373.7680697688,364.2780168007,373.7680697688,1150622,0.0,1.0
2021-01-25 00:00:00+00:00,374.43,378.84,364.31,378.04,1588202,364.0738250873,368.3618510698,354.2337291818,367.5839778757,1588202,0.0,1.0
2021-01-26 00:00:00+00:00,374.8,376.14,370.28,374.03,663510,364.4335914395,365.7365290397,360.0386078928,363.6848884902,663510,0.0,1.0
2021-01-27 00:00:00+00:00,363.11,375.0,359.33,368.005,1928234,353.0669193906,364.6280597381,349.3914685485,357.8265309971,1928234,0.0,1.0
2021-01-28 00:00:00+00:00,369.95,376.668,365.71,366.345,1395420,359.7177352003,366.2499253478,355.5950072715,356.2124441193,1395420,0.0,1.0
2021-01-29 00:00:00+00:00,361.23,369.89,359.69,366.36,1523587,351.2389173845,359.6593947107,349.7415114858,356.2270292417,1523587,0.0,1.0
2021-02-01 00:00:00+00:00,373.58,378.45,364.59,365.49,1260150,363.2473348185,367.9826378877,354.5059847997,355.3810921431,1260150,0.0,1.0
2021-02-02 00:00:00+00:00,384.11,385.47,375.53,376.33,1116867,373.486090736,374.8084751659,365.1434007292,365.9212739233,1116867,0.0,1.0
2021-02-03 00:00:00+00:00,380.15,383.68,377.0,382.68,807411,369.6356184251,373.0679838941,366.5727427233,372.0956424015,807411,0.0,1.0
2021-02-04 00:00:00+00:00,392.73,392.95,380.0,381.94,1522077,381.8676744025,382.0815895309,369.4897672012,371.3761096969,1522077,0.0,1.0
2021-02-05 00:00:00+00:00,389.38,396.47,387.72,392.54,867301,378.6103304022,385.5042315849,376.9962435244,381.6829295189,867301,0.0,1.0
2021-02-08 00:00:00+00:00,389.74,395.15,386.88,393.48,898646,378.9603733395,384.2207408147,376.1794766706,382.596930522,898646,0.0,1.0
2021-02-09 00:00:00+00:00,391.55,392.86,384.64,385.85,817202,380.7203114412,381.9940787965,374.0014317271,375.1779649332,817202,0.0,1.0
2021-02-10 00:00:00+00:00,397.29,399.04,390.59,395.84,1149990,386.3015516089,388.003149221,379.7868636082,384.8916564446,1149990,0.0,1.0
2021-02-11 00:00:00+00:00,408.82,409.3,396.59,400.0,1226886,397.512649019,397.9793729354,385.620912564,388.9365970539,1226886,0.0,1.0
2021-02-12 00:00:00+00:00,413.99,414.47,407.12,410.0,1066862,402.5396545359,403.0063784524,395.8596684815,398.6600119803,1066862,0.0,1.0
2021-02-16 00:00:00+00:00,422.26,423.74,417.27,417.54,1378700,410.58091868,412.0199840891,405.7289346317,405.9914668347,1378700,0.0,1.0
2021-02-17 00:00:00+00:00,415.81,420.41,412.05,419.93,1164692,404.3093160525,408.7820869186,400.6533120402,408.3153630021,1164692,0.0,1.0
2021-02-18 00:00:00+00:00,415.39,420.0,408.43,414.38,1044387,403.9009326256,408.3834269066,397.1334358368,402.918867718,1044387,0.0,1.0
2021-02-19 00:00:00+00:00,411.35,417.81,409.155,413.35,1287942,399.9726729953,406.2539990378,397.838383419,401.9173559806,1287942,0.0,1.0
2021-02-22 00:00:00+00:00,401.55,408.835,401.24,408.16,1144599,390.4437263675,397.5272341414,390.1423005048,396.8709036338,1144599,0.0,1.0
2021-02-23 00:00:00+00:00,399.09,402.8,390.24,398.12,2483052,388.0517662956,391.6591532333,379.4465440858,387.1085950478,2483052,0.0,1.0
2021-02-24 00:00:00+00:00,413.18,415.43,382.8,388.29,3307968,401.7520579269,403.9398262853,372.2123233806,377.5504781752,3307968,0.0,1.0
2021-02-25 00:00:00+00:00,387.98,408.95,386.65,407.59,2146743,377.2490523125,397.639053413,375.9558381273,396.316668983,2146743,0.0,1.0
2021-02-26 00:00:00+00:00,390.14,396.61,385.0,390.46,1660612,379.3493099366,385.6403593939,374.3514746644,379.6604592142,1660612,0.0,1.0
2021-03-01 00:00:00+00:00,406.41,407.86,394.22,396.33,1545057,395.1693060217,396.579201186,383.3164632265,385.368103776,1545057,0.0,1.0
2021-03-02 00:00:00+00:00,401.75,406.52,398.67,406.49,1198481,390.638194666,395.2762635859,387.6433828687,395.2470933411,1198481,0.0,1.0
2021-03-03 00:00:00+00:00,388.71,401.01,388.46,399.08,1369851,377.9588616021,389.9186619615,377.7157762289,388.0420428807,1369851,0.0,1.0
2021-03-04 00:00:00+00:00,376.33,392.08,373.57,388.42,1929984,365.9212739233,381.2356524323,363.2376114036,377.6768825692,1929984,0.0,1.0
2021-03-05 00:00:00+00:00,382.21,384.0,367.78,381.93,1588277,371.6386419,373.3791331718,357.6077541612,371.366386282,1588277,0.0,1.0
2021-03-08 00:00:00+00:00,370.42,388.11,369.8,381.54,1652920,360.1747357018,377.3754567065,359.5718839764,370.9871730999,1652920,0.0,1.0
2021-03-09 00:00:00+00:00,384.58,388.69,379.78,380.88,1770707,373.9430912375,377.9394147722,369.2758520729,370.3454277148,1770707,0.0,1.0
2021-03-10 00:00:00+00:00,382.82,394.57,382.25,394.57,1388787,372.2317702105,383.6567827489,371.6775355597,383.6567827489,1388787,0.0,1.0
2021-03-11 00:00:00+00:00,399.17,401.03,390.32,390.48,1445331,388.129553615,389.9381087913,379.5243314052,379.6799060441,1445331,0.0,1.0
2021-03-12 00:00:00+00:00,395.95,396.63,387.38,394.21,1305069,384.9986140088,385.6598062238,376.6656474169,383.3067398116,1305069,0.0,1.0
2021-03-15 00:00:00+00:00,396.84,398.0,390.38,393.37,1408188,385.8639979372,386.9919140687,379.5826718948,382.4899729578,1408188,0.0,1.0
2021-03-16 00:00:00+00:00,395.42,401.89,392.49,400.51,1077263,384.4832730177,390.774322475,381.6343124442,389.4324912152,1077263,0.0,1.0
2021-03-17 00:00:00+00:00,391.72,395.83,385.75,392.85,1765860,380.8856094949,384.8819330296,375.0807307839,381.9843553816,1765860,0.0,1.0
2021-03-18 00:00:00+00:00,373.97,385.63,373.46,384.07,1868410,363.6265480006,374.9640498048,363.1306538394,373.4471970763,1868410,0.0,1.0
2021-03-19 00:00:00+00:00,381.28,385.31,373.29,374.25,4423179,370.7343643118,374.6529005271,362.9653557857,363.8988036186,4423179,0.0,1.0
2021-03-22 00:00:00+00:00,383.02,386.06,380.07,381.81,1468817,372.426238509,375.3821566466,369.5578311057,371.2497053029,1468817,0.0,1.0
2021-03-23 00:00:00+00:00,383.2,387.8,381.53,386.025,1154533,372.6012599777,377.0740308438,370.977449685,375.3481246944,1154533,0.0,1.0
2021-03-24 00:00:00+00:00,377.29,386.19,376.73,384.32,1138430,366.8547217562,375.5085610406,366.3102105203,373.6902824494,1138430,0.0,1.0
2021-03-25 00:00:00+00:00,372.39,375.87,365.15,374.55,1510716,362.0902484423,365.4739968367,355.0504960356,364.1905060664,1510716,0.0,1.0
2021-03-26 00:00:00+00:00,376.58,377.05,367.94,369.16,2107162,366.1643592964,366.621359798,357.7633288001,358.9495854211,2107162,0.0,1.0
2021-03-29 00:00:00+00:00,374.62,379.69,369.345,377.64,1631190,364.2585699709,369.1883413385,359.1294685972,367.1950412786,1631190,0.0,1.0
2021-03-30 00:00:00+00:00,373.66,376.1189,368.74,371.08,998036,363.3251221379,365.7160126342,358.5412019942,360.8164810869,998036,0.0,1.0
2021-03-31 00:00:00+00:00,383.06,386.0,376.46,378.07,1512850,372.4651321687,375.323816157,366.0476783173,367.6131481205,1512850,0.0,1.0
2021-04-01 00:00:00+00:00,395.23,397.41,388.49,388.92,1445074,384.2985281341,386.418232588,377.7449464737,378.1630533155,1445074,0.0,1.0
2021-04-05 00:00:00+00:00,402.14,402.89,396.38,397.57,1473625,391.0174078482,391.7466639676,385.4167208506,386.5738072268,1473625,0.0,1.0
2021-04-06 00:00:00+00:00,401.2,405.0,396.85,399.59,813252,390.1034068451,393.7983045171,385.8737213521,388.537937042,813252,0.0,1.0
2021-04-07 00:00:00+00:00,401.05,403.115,399.02,400.16,713723,389.9575556212,391.9654408035,387.9837023912,389.0921716928,713723,0.0,1.0
2021-04-08 00:00:00+00:00,411.32,412.48,402.9,403.54,1396972,399.9435027506,401.071418882,391.7563873826,392.3786859379,1396972,0.0,1.0
2021-04-09 00:00:00+00:00,417.61,418.3665,409.29,412.41,1003513,406.6332122199,407.3698277824,398.5319016055,401.5698930859,1003513,0.59,1.0
2021-04-12 00:00:00+00:00,415.93,417.125,412.485,415.5284,1251570,404.9973706535,406.1609603391,401.6429217273,404.6063266219,1251570,0.0,1.0
2021-04-13 00:00:00+00:00,418.94,419.53,414.31,416.44,1550319,407.9282534599,408.5027454386,403.4199520002,405.4939654147,1550319,0.0,1.0
2021-04-14 00:00:00+00:00,411.29,422.77,410.44,422.77,1016622,400.4793320417,411.6575827451,399.6516741063,411.6575827451,1016622,0.0,1.0
2021-04-15 00:00:00+00:00,417.56,418.35,413.17,414.66,914788,406.584526459,407.3537614813,402.3099166516,403.7607523266,914788,0.0,1.0
2021-04-16 00:00:00+00:00,415.82,420.18,414.27,419.18,973127,404.8902619795,409.1356603303,403.3810033915,408.1619451123,973127,0.0,1.0
2021-04-19 00:00:00+00:00,402.29,417.0,400.97,415.82,1130950,391.715895079,406.0392459369,390.4305909911,404.8902619795,1130950,0.0,1.0
2021-04-20 00:00:00+00:00,405.37,406.93,399.24,401.06,1095761,394.7149379507,396.2339336909,388.7460636639,390.5182253608,1095761,0.0,1.0
2021-04-21 00:00:00+00:00,408.95,409.78,401.985,405.9,857403,398.2008384314,399.0090220624,391.4189119375,395.2310070162,857403,0.0,1.0
2021-04-22 00:00:00+00:00,406.78,411.51,404.23,407.42,761662,396.0878764081,400.6935493896,393.6049026021,396.7110541477,761662,0.0,1.0
2021-04-23 00:00:00+00:00,414.92,416.2,408.43,409.19,981471,404.0139182833,405.2602737624,397.694506518,398.4345300837,981471,0.0,1.0
2021-04-26 00:00:00+00:00,418.29,418.68,410.9,414.44,716534,407.2953385682,407.6750875032,400.0995831066,403.5465349786,716534,0.0,1.0
2021-04-27 00:00:00+00:00,416.12,420.885,414.0,420.0,619454,405.182376545,409.8221295591,403.1181002826,408.9603915911,619454,0.0,1.0
2021-04-28 00:00:00+00:00,415.8,417.46,411.4,415.27,541928,404.8707876752,406.4871549372,400.5864407156,404.3547186096,541928,0.0,1.0
2021-04-29 00:00:00+00:00,416.15,418.1,411.5646,417.2,636715,405.2115880015,407.1103326767,400.7467142405,406.2339889805,636715,0.0,1.0
2021-04-30 00:00:00+00:00,412.16,418.08,411.615,413.35,1409233,401.3264642814,407.0908583724,400.7957894875,402.4851853909,1409233,0.0,1.0
2021-05-03 00:00:00+00:00,411.34,415.67,409.0,414.79,771805,400.5280178026,404.7442046968,398.2495241923,403.8873353049,771805,0.0,1.0
2021-05-04 00:00:00+00:00,397.62,409.15,395.88,409.15,1214206,387.1686450106,398.395581475,385.4743805311,398.395581475,1214206,0.0,1.0
2021-05-05 00:00:00+00:00,392.04,403.08,390.81,401.08,989847,381.7353140937,392.4851301013,380.5376443755,390.5376996651,989847,0.0,1.0
2021-05-06 00:00:00+00:00,394.07,394.505,386.15,390.81,975355,383.7119559864,384.1355221063,376.0001314593,380.5376443755,975355,0.0,1.0
2021-05-07 00:00:00+00:00,401.04,406.07,396.43,399.83,965536,390.4987510564,395.3965386033,386.0099239011,389.3205556425,965536,0.0,1.0
2021-05-10 00:00:00+00:00,392.54,401.51,392.29,400.23,1005388,382.2221717028,390.9563972089,381.9787428983,389.7100417298,1005388,0.0,1.0
2021-05-11 00:00:00+00:00,394.99,400.21,385.66,390.37,932627,384.6077739871,389.6905674254,375.5230110024,380.1092096796,932627,0.0,1.0
2021-05-12 00:00:00+00:00,399.89,402.24,391.0893,393.68,2256348,389.3789785556,391.6672093181,380.8096030359,383.3322070514,2256348,0.0,1.0
2021-05-13 00:00:00+00:00,403.52,405.99,397.0,401.67,1402236,392.9135647972,395.3186413859,386.5649415754,391.1121916438,1402236,0.0,1.0
2021-05-14 00:00:00+00:00,417.26,418.55,403.54,406.86,1191168,406.2924118936,407.5485045249,392.9330391016,396.1657736256,1191168,0.0,1.0
2021-05-17 00:00:00+00:00,419.42,419.495,409.46,415.08,1286284,408.3956367646,408.468665406,398.6974331926,404.1697127182,1286284,0.0,1.0
2021-05-18 00:00:00+00:00,417.43,424.6351,417.07,421.0,1153726,406.4579434806,413.4736589984,406.1074060021,409.9341068092,1153726,0.0,1.0
2021-05-19 00:00:00+00:00,421.2,421.745,408.72,409.52,1321164,410.1288498528,410.6595246466,397.9768839312,398.7558561057,1321164,0.0,1.0
2021-05-20 00:00:00+00:00,435.27,436.99,423.37,423.37,1242216,423.8290229711,425.5038131462,412.241811876,412.241811876,1242216,0.0,1.0
2021-05-21 00:00:00+00:00,433.43,441.36,431.76,438.45,1172815,422.0373869698,429.7589486491,420.4112825556,426.9254373645,1172815,0.0,1.0
2021-05-24 00:00:00+00:00,440.41,442.71,438.07,439.2,1127329,428.833919192,431.0734641935,426.5554255817,427.6557237781,1127329,0.0,1.0
2021-05-25 00:00:00+00:00,438.99,442.035,436.88,440.01,1469669,427.4512435823,430.4162064213,425.3967044722,428.4444331047,1469669,0.0,1.0
2021-05-26 00:00:00+00:00,442.81,445.655,437.59,440.92,2008675,431.1708357154,433.9410555108,426.088042277,429.3305139532,2008675,0.0,1.0
2021-05-27 00:00:00+00:00,432.11,437.77,427.42,436.21,2974437,420.752082882,426.2633110163,416.1853585092,424.7443152761,2974437,0.0,1.0
2021-05-28 00:00:00+00:00,439.09,442.0,433.82,435.5,1451377,427.5486151041,430.3821263887,422.4171359049,424.0529774712,1451377,0.0,1.0
2021-06-01 00:00:00+00:00,438.66,441.95,434.65,441.7,948038,427.1299175603,430.3334406278,423.2253195359,430.0900118233,948038,0.0,1.0
2021-06-02 00:00:00+00:00,445.44,447.08,436.0129,438.06,1321057,433.7317067389,435.3285996965,424.5523960066,426.5456884295,1321057,0.0,1.0
2021-06-03 00:00:00+00:00,450.56,451.93,438.0,439.5,1490108,438.7171286554,440.0511185042,426.4872655164,427.9478383435,1490108,0.0,1.0
2021-06-04 00:00:00+00:00,461.93,463.62,454.01,454.98,1400708,449.7882706849,451.4338494035,442.0764461578,443.0209499193,1400708,0.0,1.0
2021-06-07 00:00:00+00:00,457.21,461.83,454.8,459.56,868104,445.1923348556,449.6908991631,442.8456811801,447.4805656181,868104,0.0,1.0
2021-06-08 00:00:00+00:00,465.26,466.0,458.82,461.16,1516447,453.0307423611,453.7512916225,446.7600163567,449.038509967,1516447,0.0,1.0
2021-06-09 00:00:00+00:00,468.33,470.61,465.42,466.12,919811,456.0200480806,458.2401187778,453.186536796,453.8681374487,919811,0.0,1.0
2021-06-10 00:00:00+00:00,471.33,473.71,466.24,467.32,1149788,458.9411937348,461.2586359538,453.9849832748,455.0365957103,1149788,0.0,1.0
2021-06-11 00:00:00+00:00,472.16,474.62,468.69,470.3,1471072,459.7493773658,462.1447168023,456.3705855591,457.9382670602,1471072,0.0,1.0
2021-06-14 00:00:00+00:00,476.97,476.99,469.87,472.33,961544,464.4329475648,464.4524218691,457.5195695164,459.9149089529,961544,0.0,1.0
2021-06-15 00:00:00+00:00,470.71,478.19,468.85,478.19,1359586,458.3374902996,465.6208801308,456.526379994,465.6208801308,1359586,0.0,1.0
2021-06-16 00:00:00+00:00,469.34,473.72,464.72,469.2,1227732,457.0035004509,461.268373106,452.5049361434,456.8671803203,1227732,0.0,1.0
2021-06-17 00:00:00+00:00,474.73,476.49,467.31,468.88,1442703,462.2518254763,463.9655642601,455.0268585582,456.5555914505,1442703,0.0,1.0
2021-06-18 00:00:00+00:00,473.4,478.49,472.34,477.08,1571185,460.9567842362,465.9129946962,459.9246461051,464.5400562387,1571185,0.0,1.0
2021-06-21 00:00:00+00:00,477.9,481.12,472.0,477.18,1073572,465.3385027176,468.4738657198,459.5935829309,464.6374277606,1073572,0.0,1.0
2021-06-22 00:00:00+00:00,477.56,479.74,475.12,477.31,1480629,465.0074395434,467.1301387188,462.6315744113,464.7640107389,1480629,0.0,1.0
2021-06-23 00:00:00+00:00,478.59,482.2,477.56,477.56,1218772,466.010366218,469.5254781553,465.0074395434,465.0074395434,1218772,0.0,1.0
2021-06-24 00:00:00+00:00,482.62,486.25,480.3,482.0,1088492,469.9344385469,473.4690247885,467.6754192409,469.3307351117,1088492,0.0,1.0
2021-06-25 00:00:00+00:00,486.09,490.19,477.0,480.99,1494488,473.3132303536,477.3054627477,464.4621590213,468.3472827414,1494488,0.0,1.0
2021-06-28 00:00:00+00:00,486.99,491.39,485.635,486.86,934526,474.1895740499,478.4739210094,472.8701899294,474.0629910715,934526,0.0,1.0
2021-06-29 00:00:00+00:00,491.4,491.66,484.46,485.62,718400,478.4836581616,478.7368241183,471.7260745481,472.8555842011,718400,0.0,1.0
2021-06-30 00:00:00+00:00,490.17,492.6,487.4675,490.63,955109,477.2859884433,479.6521164233,474.6545230665,477.7338974437,955109,0.0,1.0
2021-07-01 00:00:00+00:00,491.05,493.68,487.23,493.68,905571,478.1428578352,480.7037288588,474.4232657022,480.7037288588,905571,0.0,1.0
2021-07-02 00:00:00+00:00,497.64,500.83,494.585,494.86,1072679,484.5596411224,487.665792668,481.5849411311,481.8527128161,1072679,0.0,1.0
2021-07-06 00:00:00+00:00,500.97,502.69,498.225,501.86,1181275,487.8021127985,489.4769029736,485.1292645249,488.6687193426,1181275,0.0,1.0
2021-07-07 00:00:00+00:00,506.09,508.63,503.12,505.53,928985,492.7875347151,495.260771369,489.8956005174,492.242254193,928985,0.0,1.0
2021-07-08 00:00:00+00:00,506.09,506.89,497.08,501.25,989486,492.7875347151,493.5665068895,484.0143606002,488.0747530596,989486,0.0,1.0
2021-07-09 00:00:00+00:00,503.93,505.59,495.74,502.9448,1269391,491.2588018227,492.8770615235,483.2747373952,490.2983744388,1269391,0.59,1.0
2021-07-12 00:00:00+00:00,505.1,507.7,503.0,506.75,922293,492.3993824552,494.934006083,490.3521864482,494.0078936036,922293,0.0,1.0
2021-07-13 00:00:00+00:00,506.69,509.97,503.63,504.9,1002925,493.9494022891,497.146927481,490.9663452503,492.2044114069,1002925,0.0,1.0
2021-07-14 00:00:00+00:00,505.56,511.69,504.5858,509.46,1453635,492.8478158663,498.8236784963,491.89811189,496.6497513079,1453635,0.0,1.0
2021-07-15 00:00:00+00:00,503.17,506.375,500.38,505.97,1101414,490.5179118392,493.642322888,487.7980657156,493.2475065153,1101414,0.0,1.0
2021-07-16 00:00:00+00:00,501.51,505.0,500.85,504.64,727878,488.8996521384,492.301896931,488.256247679,491.9509490441,727878,0.0,1.0
2021-07-19 00:00:00+00:00,498.78,502.48,496.0,498.84,1320265,486.2382973292,489.8452617226,483.528199758,486.2967886437,1320265,0.0,1.0
2021-07-20 00:00:00+00:00,508.56,512.67,499.01,500.06,1273340,495.7723815906,499.779036633,486.4625140348,487.4861120383,1273340,0.0,1.0
2021-07-21 00:00:00+00:00,514.45,514.585,503.08,506.71,1118901,501.5142789627,501.6458844203,490.4301748675,493.9688993939,1118901,0.0,1.0
2021-07-22 00:00:00+00:00,521.31,522.09,514.1,516.11,917690,508.2017859191,508.9621730074,501.1730796282,503.1325386635,917690,0.0,1.0
2021-07-23 00:00:00+00:00,528.43,532.33,522.02,524.92,974481,515.1427552382,518.9446906798,508.8939331405,511.7210133407,974481,0.0,1.0
2021-07-26 00:00:00+00:00,529.31,530.23,523.13,528.15,720516,516.0006278506,516.8974946728,509.9760224585,514.8697957706,720516,0.0,1.0
2021-07-27 00:00:00+00:00,522.91,530.52,516.44,528.02,983295,509.7615543054,517.1802026928,503.4542408932,514.7430645892,983295,0.0,1.0
2021-07-28 00:00:00+00:00,523.1,527.23,520.93,524.59,694711,509.9467768012,513.9729289484,507.8313409273,511.399311111,694711,0.0,1.0
2021-07-29 00:00:00+00:00,525.51,529.44,521.21,521.21,625248,512.2961779331,516.127359032,508.1043003949,508.1043003949,625248,0.0,1.0
2021-07-30 00:00:00+00:00,529.97,530.86,525.02,525.2,905258,516.64403231,517.5116534749,511.8184988648,511.9939728083,905258,0.0,1.0
2021-08-02 00:00:00+00:00,527.51,534.77,525.37,532.11,857455,514.245888416,521.3233374689,512.1596981993,518.7302225267,857455,0.0,1.0
2021-08-03 00:00:00+00:00,530.18,532.11,524.26,528.89,870968,516.8487519107,518.7302225267,511.0776088813,515.5911886492,870968,0.0,1.0
2021-08-04 00:00:00+00:00,536.06,537.17,528.44,530.83,709090,522.5809007304,523.6629900484,515.1525037906,517.4824078176,709090,0.0,1.0
2021-08-05 00:00:00+00:00,538.01,540.63,534.54,536.74,896958,524.4818684512,527.0359891838,521.0991207634,523.2438022946,896958,0.0,1.0
2021-08-06 00:00:00+00:00,534.29,537.88,530.01,534.81,1040249,520.855406953,524.3551372698,516.6830265197,521.3623316786,1040249,0.0,1.0
2021-08-09 00:00:00+00:00,535.23,537.24,531.87,534.17,733126,521.77177088,523.7312299153,518.4962572687,520.7384243241,733126,0.0,1.0
2021-08-10 00:00:00+00:00,530.13,539.99,528.71,538.23,855955,516.8000091486,526.4120818293,515.4157147058,524.6963366044,855955,0.0,1.0
2021-08-11 00:00:00+00:00,532.23,533.04,526.62,529.39,765098,518.8472051557,519.6368379012,513.3782672511,516.07861627,765098,0.0,1.0
2021-08-12 00:00:00+00:00,536.92,538.14,530.23,532.29,521221,523.4192762381,524.6085996326,516.8974946728,518.9056964702,521221,0.0,1.0
2021-08-13 00:00:00+00:00,540.74,541.205,534.51,536.36,541149,527.1432232604,527.5965309477,521.0698751062,522.8733573028,541149,0.0,1.0
2021-08-16 00:00:00+00:00,542.94,542.96,535.87,540.45,785257,529.2879047916,529.3074018964,522.3956782345,526.8605152404,785257,0.0,1.0
2021-08-17 00:00:00+00:00,535.86,542.11,534.14,542.11,1079151,522.3859296821,528.4787749412,520.7091786668,528.4787749412,1079151,0.0,1.0
2021-08-18 00:00:00+00:00,532.98,539.59,532.11,535.075,723960,519.5783465868,526.0221397327,518.7302225267,521.6206683176,723960,0.0,1.0
2021-08-19 00:00:00+00:00,543.44,547.9,527.83,528.59,1495328,529.7753324123,534.1231867892,514.5578420933,515.2987320768,1495328,0.0,1.0
2021-08-20 00:00:00+00:00,545.3,549.68,542.97,547.58,1243372,531.5885631614,535.8584291189,529.3171504488,533.8112331119,1243372,0.0,1.0
2021-08-23 00:00:00+00:00,552.49,553.8,548.2,548.85,1368695,538.5977723474,539.8748327137,534.4156433616,535.0492992685,1368695,0.0,1.0
2021-08-24 00:00:00+00:00,554.02,555.03,548.83,554.0,1661268,540.0893008668,541.0739046607,535.0298021637,540.069803762,1661268,0.0,1.0
2021-08-25 00:00:00+00:00,555.61,582.96,551.01,577.31,2237826,541.6393207007,568.3016115543,537.1549865901,562.7936794401,2237826,0.0,1.0
2021-08-26 00:00:00+00:00,552.64,556.61,546.1694,547.6837,1557011,538.7440006336,542.6141759422,532.4361023083,533.9123256004,1557011,0.0,1.0
2021-08-27 00:00:00+00:00,565.94,566.25,553.67,554.63,1414248,551.7095753449,552.0117804697,539.7481015323,540.6839625641,1414248,0.0,1.0
2021-08-30 00:00:00+00:00,565.57,568.31,563.539,567.14,893865,551.3488789055,554.0199822671,549.3689479102,552.8794016346,893865,0.0,1.0
2021-08-31 00:00:00+00:00,566.11,567.11,563.25,567.11,1231171,551.8753007359,552.8501559774,549.0872147454,552.8501559774,1231171,0.0,1.0
2021-09-01 00:00:00+00:00,563.13,567.78,562.67,567.3,1259555,548.9702321164,553.5033089891,548.5217987053,553.0353784732,1259555,0.0,1.0
2021-09-02 00:00:00+00:00,559.79,565.285,555.6443,563.7,1086273,545.71421561,551.0710451617,541.6727582355,549.525899604,1086273,0.0,1.0
2021-09-03 00:00:00+00:00,563.25,566.74,558.0419,559.5,762599,549.0872147454,552.489459538,544.0100711624,545.4315075899,762599,0.0,1.0
2021-09-07 00:00:00+00:00,560.47,563.75,555.51,563.75,882037,546.3771171741,549.5746423661,541.5418351766,549.5746423661,882037,0.0,1.0
2021-09-08 00:00:00+00:00,567.59,568.48,558.17,559.5,918160,553.3180864933,554.1857076581,544.1349501188,545.4315075899,918160,0.0,1.0
2021-09-09 00:00:00+00:00,567.75,572.86,566.585,568.53,775329,553.4740633319,558.4555736157,552.3383569756,554.2344504202,775329,0.0,1.0
2021-09-10 00:00:00+00:00,567.38,573.0,567.035,571.41,1088594,553.1133668926,558.5920533495,552.7770418343,557.0420335156,1088594,0.0,1.0
2021-09-13 00:00:00+00:00,557.42,571.47,551.2577,570.19,1192945,543.4038086877,557.1005248301,537.3964582334,555.852710121,1192945,0.0,1.0
2021-09-14 00:00:00+00:00,568.27,571.2025,563.02,565.95,1182791,553.9809880574,556.839751053,548.8629980398,551.7193238973,1182791,0.0,1.0
2021-09-15 00:00:00+00:00,572.11,572.3746,564.595,570.0,1025729,557.7244321846,557.9823788815,550.3983950451,555.6674876251,1025729,0.0,1.0
2021-09-16 00:00:00+00:00,572.88,574.72,567.94,570.91,1000007,558.4750707205,560.2688043648,553.6592858278,556.5546058949,1000007,0.0,1.0
2021-09-17 00:00:00+00:00,561.85,572.84,560.67,572.84,1860851,547.7224174073,558.4360765109,546.5720882224,558.4360765109,1860851,0.0,1.0
2021-09-20 00:00:00+00:00,554.4,560.21,547.51,553.01,1300042,540.4597458586,546.1236548114,533.742993245,539.1046970729,1300042,0.0,1.0
2021-09-21 00:00:00+00:00,555.25,559.87,553.51,559.74,758148,541.2883728138,545.7922040293,539.5921246937,545.6654728479,758148,0.0,1.0
2021-09-22 00:00:00+00:00,562.8,565.0,553.64,560.6,911270,548.6485298867,550.7932114179,539.7188558751,546.5038483555,911270,0.0,1.0
2021-09-23 00:00:00+00:00,577.37,578.31,565.08,566.18,1235097,562.8521707546,563.7685346816,550.8711998372,551.9435406028,1235097,0.0,1.0
2021-09-24 00:00:00+00:00,577.92,579.17,570.34,573.39,1168689,563.3883411374,564.6069101892,555.9989384072,558.9722468937,1168689,0.0,1.0
2021-09-27 00:00:00+00:00,567.01,573.83,561.3,572.85,1279118,552.7526704532,559.4011831999,547.1862470245,558.4458250633,1279118,0.0,1.0
2021-09-28 00:00:00+00:00,545.01,562.78,544.48,560.44,1647661,531.3058551414,548.6290327819,530.7891818634,546.3478715169,1647661,0.0,1.0
2021-09-29 00:00:00+00:00,546.93,553.15,545.04,548.88,994873,533.1775772049,539.2411768068,531.3351007986,535.0785449258,994873,0.0,1.0
2021-09-30 00:00:00+00:00,539.51,554.49,539.21,549.39,1540915,525.9441513134,540.5474828303,525.651694741,535.5757210989,1540915,0.0,1.0
2021-10-01 00:00:00+00:00,543.97,546.05,533.28,541.24,1439951,530.2920056903,532.3197045925,519.8708031592,527.6306508811,1439951,0.0,1.0
2021-10-04 00:00:00+00:00,525.35,541.525,519.0,539.69,1456264,512.1402010945,527.9084846249,505.9498703113,526.1196252569,1456264,0.0,1.0
2021-10-05 00:00:00+00:00,533.35,536.93,526.4,529.06,958298,519.9390430261,523.4290247905,513.163799098,515.7569140403,958298,0.0,1.0
2021-10-06 00:00:00+00:00,534.61,537.93,526.01,526.42,977795,521.1673606303,524.4038800319,512.7836055539,513.1832962029,977795,0.0,1.0
2021-10-07 00:00:00+00:00,537.73,544.75,537.08,538.17,955575,524.8718105478,531.7239484424,524.2373533354,525.3012892762,955575,0.68,1.0
2021-10-08 00:00:00+00:00,531.12,541.39,529.44,539.06,937012,518.4198687411,528.444292698,516.7800408689,526.1700076133,937012,0.0,1.0
2021-10-11 00:00:00+00:00,525.41,533.46,525.04,528.75,1025263,512.8464061516,520.703914706,512.4852535846,516.1065401357,1025263,0.0,1.0
2021-10-12 00:00:00+00:00,527.05,533.4,524.14,527.02,873062,514.4471905031,520.6453494248,511.6067743673,514.4179078625,873062,0.0,1.0
2021-10-13 00:00:00+00:00,534.94,539.64,532.245,534.25,866603,522.1485249743,526.7361386644,519.5179677627,521.4750242411,866603,0.0,1.0
2021-10-14 00:00:00+00:00,543.78,549.92,542.0,543.35,1068922,530.7771430638,536.7703235015,529.0397063897,530.3574252155,1068922,0.0,1.0
2021-10-15 00:00:00+00:00,552.16,553.28,543.2701,545.0,1602664,538.9567606644,540.0499792459,530.2794357828,531.9679704472,1602664,0.0,1.0
2021-10-18 00:00:00+00:00,564.56,564.81,548.27,552.76,1321811,551.0602521021,551.3042741069,535.1597782699,539.5424134759,1321811,0.0,1.0
2021-10-19 00:00:00+00:00,572.8,573.13,563.96,568.15,977970,559.1032173801,559.4253264264,550.4745992906,554.5644080909,977970,0.0,1.0
2021-10-20 00:00:00+00:00,570.53,575.68,568.91,574.34,836310,556.8874975766,561.9143508753,555.3062349855,560.6063929296,836310,0.0,1.0
2021-10-21 00:00:00+00:00,578.35,578.93,565.305,570.0,729580,564.5205058865,565.0866369376,551.7874376764,556.3701709264,729580,0.0,1.0
2021-10-22 00:00:00+00:00,590.8,591.63,580.0,580.9,991808,576.6728017251,577.482954781,566.1310511181,567.0095303353,991808,0.0,1.0
2021-10-25 00:00:00+00:00,602.56,604.23,589.75,590.8,1104581,588.1515968305,589.7816638226,575.647909305,576.6728017251,1104581,0.0,1.0
2021-10-26 00:00:00+00:00,608.61,613.36,602.46,605.58,1418597,594.0569293465,598.6933474376,588.0539880286,591.0993826484,1418597,0.0,1.0
2021-10-27 00:00:00+00:00,613.13,617.32,606.9,609.22,1457715,598.4688471932,602.5586559935,592.3878188337,594.6523430382,1457715,0.0,1.0
2021-10-28 00:00:00+00:00,615.41,620.41,605.82,613.15,1066795,600.6943278769,605.5747679727,591.333643773,598.4883689535,1066795,0.0,1.0
2021-10-29 00:00:00+00:00,625.99,626.6,610.88,613.36,1038244,611.0213391197,611.6167528114,596.27264915,598.6933474376,1038244,0.0,1.0
2021-11-01 00:00:00+00:00,608.81,629.98,607.31,628.53,1182491,594.2521469504,614.9159303162,592.7880149216,613.5006026884,1182491,0.0,1.0
2021-11-02 00:00:00+00:00,618.39,625.655,610.5,612.09,1000422,603.603070174,610.6943496333,595.9017357027,597.4537156532,1000422,0.0,1.0
2021-11-03 00:00:00+00:00,622.87,625.66,609.26,619.91,1093905,607.9759444999,610.6992300734,594.691386559,605.0867239631,1093905,0.0,1.0
2021-11-04 00:00:00+00:00,625.68,631.56,620.3129,621.28,1267235,610.7187518337,616.4581493865,605.4799898261,606.4239645494,1267235,0.0,1.0
2021-11-05 00:00:00+00:00,614.99,629.31,612.79,628.19,1428213,600.2843709088,614.2619513433,598.1369772666,613.1687327619,1428213,0.0,1.0
2021-11-08 00:00:00+00:00,615.25,619.49,608.21,619.01,1222768,600.5381537938,604.6767669951,593.6664941389,604.2082447459,1222768,0.0,1.0
2021-11-09 00:00:00+00:00,612.78,618.13,611.22,615.95,1204311,598.1272163865,603.349287289,596.6045190766,601.2214154072,1204311,0.0,1.0
2021-11-10 00:00:00+00:00,603.98,617.99,603.56,611.39,1197320,589.5376418178,603.2126349663,589.1276848497,596.7704540398,1197320,0.0,1.0
2021-11-11 00:00:00+00:00,606.87,610.595,605.91,607.25,684294,592.3585361932,595.9944640646,591.4214916948,592.7294496404,684294,0.0,1.0
2021-11-12 00:00:00+00:00,626.99,628.38,610.93,610.93,1171978,611.9974271388,613.3541894855,596.321453551,596.321453551,1171978,0.0,1.0
2021-11-15 00:00:00+00:00,626.14,632.9499,622.55,628.19,1402451,611.1677523226,617.8148141243,607.6635963337,613.1687327619,1402451,0.0,1.0
2021-11-16 00:00:00+00:00,645.76,646.48,625.95,626.16,1331737,630.3185992587,631.0213826325,610.9822955989,611.1872740829,1331737,0.0,1.0
2021-11-17 00:00:00+00:00,635.06,644.55,629.84,643.58,1321893,619.8744574535,629.1375327555,614.7792779935,628.1907273769,1321893,0.0,1.0
2021-11-18 00:00:00+00:00,628.94,636.72,626.435,636.52,1328849,613.9007987762,621.4947635654,611.4556982882,621.2995459615,1328849,0.0,1.0
2021-11-19 00:00:00+00:00,692.34,716.86,681.46,715.87,3616570,675.7847791916,699.7184574216,665.164941543,698.7521302826,3616570,0.0,1.0
2021-11-22 00:00:00+00:00,661.63,693.51,660.81,691.96,2177106,645.8091161229,676.926802174,645.0087239471,675.4138657443,2177106,0.0,1.0
2021-11-23 00:00:00+00:00,670.63,672.14,648.8,652.75,2112651,654.5939082954,656.0678012043,633.2859068369,637.1414545126,2112651,0.0,1.0
2021-11-24 00:00:00+00:00,684.0,684.65,659.676,661.5,1715066,667.6442051117,668.2786623241,643.9018401334,645.6822246804,1715066,0.0,1.0
2021-11-26 00:00:00+00:00,666.91,691.05,663.71,684.0,1279285,650.9628608641,674.5256256468,647.8393792027,667.6442051117,1279285,0.0,1.0
2021-11-29 00:00:00+00:00,694.66,697.27,674.33,674.33,2009260,678.049303396,680.5968931261,658.2054339663,658.2054339663,2009260,0.0,1.0
2021-11-30 00:00:00+00:00,652.3,681.565,652.0,668.95,4185985,636.702214904,665.267430785,636.4093884983,652.9540804232,4185985,0.0,1.0
2021-12-01 00:00:00+00:00,663.89,674.95,657.6,667.9,5184989,648.0150750462,658.8106085382,641.8754814056,651.9291880031,5184989,0.0,1.0
2021-12-02 00:00:00+00:00,672.12,677.81,660.2,660.2,1962020,656.048279444,661.602220273,644.4133102555,644.4133102555,1962020,0.0,1.0
2021-12-03 00:00:00+00:00,647.96,673.45,634.98,671.43,2277214,632.4659929008,657.3464765094,619.796370412,655.3747787107,2277214,0.0,1.0
2021-12-06 00:00:00+00:00,645.34,652.06,639.53,649.99,1686968,629.9086422906,636.4679537794,624.2375708992,634.4474515797,1686968,0.0,1.0
2021-12-07 00:00:00+00:00,673.3,674.45,653.96,654.218,1615384,657.2000633066,658.3225645286,638.3225210158,638.5743517248,1615384,0.0,1.0
2021-12-08 00:00:00+00:00,673.06,676.2,666.78,673.17,1332797,656.965802182,660.0307185622,650.8359694216,657.0731718641,1332797,0.0,1.0
2021-12-09 00:00:00+00:00,665.51,680.25,662.71,674.03,1180179,649.5963376372,663.9838750398,646.8632911836,657.9126075606,1180179,0.0,1.0
2021-12-10 00:00:00+00:00,677.95,678.23,666.89,670.31,1276680,661.7388725957,662.0121772411,650.9433391037,654.2815601293,1276680,0.0,1.0
2021-12-13 00:00:00+00:00,668.74,684.0699,668.4,678.0,1430834,652.7491019392,667.7124336642,652.4172320126,661.7876769967,1430834,0.0,1.0
2021-12-14 00:00:00+00:00,639.48,657.04,626.8507,655.64,1865970,624.1887664983,641.3288721149,611.8614580778,639.962348888,1865970,0.0,1.0
2021-12-15 00:00:00+00:00,647.49,648.74,625.25,645.21,2555034,632.0072315318,633.2273415558,610.2990339855,629.7817508481,2555034,0.0,1.0
2021-12-16 00:00:00+00:00,633.96,649.99,624.81,649.0,1954679,618.8007606325,634.4474515797,609.8695552571,633.4811244408,1954679,0.0,1.0
2021-12-17 00:00:00+00:00,620.27,631.74,612.19,621.4,4336031,605.43811565,616.6338452299,597.5513244551,606.5410951117,4336031,0.0,1.0
2021-12-20 00:00:00+00:00,604.63,614.33,599.27,609.1,2236746,590.1720990302,599.6401528162,584.9402672475,594.5352124759,2236746,0.0,1.0
2021-12-21 00:00:00+00:00,621.07,623.1,601.05,610.54,1875795,606.2189860654,608.2004447443,586.6777039216,595.9407792235,1875795,0.0,1.0
2021-12-22 00:00:00+00:00,631.66,632.42,616.72,620.96,1014630,616.5557581884,617.2975850829,601.973003182,606.1116163833,1014630,0.0,1.0
2021-12-23 00:00:00+00:00,635.71,638.81,630.75,631.66,759830,620.508914666,623.5347875254,615.6675180909,616.5557581884,759830,0.0,1.0
2021-12-27 00:00:00+00:00,652.77,653.65,638.0,639.09,1068771,637.160976273,638.0199337299,622.7441562299,623.8080921708,1068771,0.0,1.0
2021-12-28 00:00:00+00:00,649.78,658.835,647.4,657.86,955871,634.2424730957,643.0809501093,631.9193836101,642.1292642906,955871,0.0,1.0
2021-12-29 00:00:00+00:00,648.03,650.77,642.08,649.09,651261,632.5343190622,635.2088002347,626.7265953481,633.5689723625,651261,0.0,1.0
2021-12-30 00:00:00+00:00,643.36,650.7,642.45,648.0363,776362,627.9759880126,635.1404740733,627.0877479152,632.5404684167,776362,0.0,1.0
2021-12-31 00:00:00+00:00,643.22,647.35,638.72,644.33,787905,627.83933569,631.8705792091,623.4469396037,628.9227933912,787905,0.0,1.0
2022-01-03 00:00:00+00:00,631.47,645.61,621.28,640.03,1360704,616.3703014647,630.1721860558,606.4239645494,624.7256149088,1360704,0.0,1.0
2022-01-04 00:00:00+00:00,618.32,631.47,606.13,631.47,1998921,603.5347440127,616.3703014647,591.636231059,616.3703014647,1998921,0.0,1.0
2022-01-05 00:00:00+00:00,593.7,614.69,593.175,609.43,2296013,579.5034569807,599.9915445031,578.9910107706,594.8573215222,2296013,0.0,1.0
2022-01-06 00:00:00+00:00,586.39,595.845,580.21,586.8,1789057,572.3682535606,581.5971657818,566.3360296021,572.7684496484,1789057,0.0,1.0
2022-01-07 00:00:00+00:00,567.56,588.99,563.77,586.44,2275300,554.6522560127,575.5948838341,550.948450159,573.1028772571,2275300,0.68,1.0
2022-01-10 00:00:00+00:00,570.19,570.89,543.855,553.52,2956743,557.2224431881,557.906523425,531.4863674215,540.931560977,2956743,0.0,1.0
2022-01-11 00:00:00+00:00,578.72,579.61,558.52,566.2,1678493,565.5584495025,566.4282086608,545.8178483829,553.3231858383,1678493,0.0,1.0
2022-01-12 00:00:00+00:00,577.26,589.57,575.8,584.8064,1433704,564.13165358,576.1616931732,562.7048576575,571.5064294359,1433704,0.0,1.0
2022-01-13 00:00:00+00:00,552.92,582.53,551.7,580.89,1633371,540.3452064883,569.2818005058,539.1529523613,567.6790982367,1633371,0.0,1.0
2022-01-14 00:00:00+00:00,550.79,557.34,543.4,551.33,1722603,538.2636480534,544.6646845551,531.0417152676,538.7913670933,1722603,0.0,1.0
2022-01-18 00:00:00+00:00,537.82,548.895,536.105,539.32,1869523,525.5886185227,536.4117451266,523.9126219425,527.0545047444,1869523,0.0,1.0
2022-01-19 00:00:00+00:00,545.35,558.5699,540.81,542.11,1782337,532.9473673559,545.8666135312,528.5106183914,529.7810531169,1782337,0.0,1.0
2022-01-20 00:00:00+00:00,544.62,566.48,543.77,552.1,1923993,532.2339693946,553.596817933,531.4033005356,539.5438553538,1923993,0.0,1.0
2022-01-21 00:00:00+00:00,528.55,552.76,527.82,546.99,2574858,516.5294416722,540.1888452914,515.816043711,534.550069625,2574858,0.0,1.0
2022-01-24 00:00:00+00:00,534.68,535.73,500.36,526.0,2850271,522.5200300318,523.546150387,488.9805532781,514.0374350953,2850271,0.0,1.0
2022-01-25 00:00:00+00:00,515.99,528.85,509.02,516.91,2418222,504.2550877087,516.8226189166,497.443603065,505.1541645914,2418222,0.0,1.0
2022-01-26 00:00:00+00:00,507.48,536.85,499.75,532.04,2503085,495.938626544,524.6406787659,488.3844262145,519.9400702815,2503085,0.0,1.0
2022-01-27 00:00:00+00:00,517.22,525.995,513.2901,516.4146,2486193,505.4571144106,514.0325488078,501.6165902353,504.6700312352,2486193,0.0,1.0
2022-01-28 00:00:00+00:00,534.82,536.23,506.17,520.16,1760655,522.6568460792,524.0347791276,494.6584192437,508.3302514052,1760655,0.0,1.0
2022-01-31 00:00:00+00:00,555.23,556.64,532.04,535.85,2209442,542.6026712698,543.9806043183,519.9400702815,523.6634212848,2209442,0.0,1.0
2022-02-01 00:00:00+00:00,560.83,561.85,548.19,556.4,1706306,548.0753131644,549.0721157952,535.7227786024,543.7460625228,1706306,0.0,1.0
2022-02-02 00:00:00+00:00,562.3,564.87,554.4,562.7551,1245498,549.5118816617,552.0234333883,541.7915475605,549.9566315414,1245498,0.0,1.0
2022-02-03 00:00:00+00:00,535.59,552.77,533.58,543.87,1372588,523.4093343397,540.1986178662,521.4450468025,531.5010262838,1372588,0.0,1.0
2022-02-04 00:00:00+00:00,544.02,550.28,531.03,531.03,1504542,531.6476149059,537.7652467381,518.9530402255,518.9530402255,1504542,0.0,1.0
2022-02-07 00:00:00+00:00,545.28,555.9,542.5,544.4,1411634,532.8789593322,543.2574337822,530.1621835346,532.0189727488,1411634,0.0,1.0
2022-02-08 00:00:00+00:00,554.23,556.4014,538.41,539.28,915575,541.6254137887,543.7474306833,526.1652004366,527.0154144452,915575,0.0,1.0
2022-02-09 00:00:00+00:00,579.4,579.96,565.0,566.1,1670914,566.2229845897,566.7702487792,552.1504768609,553.2254600902,1670914,0.0,1.0
2022-02-10 00:00:00+00:00,557.58,575.91,552.33,562.62,1594277,544.8992263506,562.8123559804,539.7686245744,549.8246040557,1594277,0.0,1.0
2022-02-11 00:00:00+00:00,535.81,561.7,532.671,559.8,1250525,523.6243309855,548.925527173,520.5567197521,547.0687379588,1250525,0.0,1.0
2022-02-14 00:00:00+00:00,529.05,538.32,524.15,536.14,1165436,517.0180704128,526.0772472633,512.2295087551,523.9468259543,1165436,0.0,1.0
2022-02-15 00:00:00+00:00,527.78,539.3325,515.765,537.74,2170511,515.7769534117,527.0667204629,504.0352047755,525.5104379242,2170511,0.0,1.0
2022-02-16 00:00:00+00:00,528.15,530.425,511.7052,525.97,1318418,516.1385386798,518.3617994494,500.0677348534,514.0081173708,1318418,0.0,1.0
2022-02-17 00:00:00+00:00,496.18,525.9,494.72,523.28,2145443,484.8956170068,513.9397093471,483.4688210843,511.3792947465,2145443,0.0,1.0
2022-02-18 00:00:00+00:00,481.2,498.67,478.75,497.695,2323266,470.2562999388,487.3289881349,467.86201911,486.3761620907,2323266,0.0,1.0
2022-02-22 00:00:00+00:00,483.25,494.37,476.87,479.93,2202773,472.2596777752,483.1267809659,466.0247750454,469.0151829378,2202773,0.0,1.0
2022-02-23 00:00:00+00:00,467.0,491.91,465.55,491.91,1799540,456.3792437062,480.7227275622,454.9622203585,480.7227275622,1799540,0.0,1.0
2022-02-24 00:00:00+00:00,497.13,498.3,450.26,458.0,2683667,485.8240116139,486.9674028669,440.0199534715,447.5839263757,2683667,0.0,1.0
2022-02-25 00:00:00+00:00,487.18,492.13,474.61,489.025,2846463,476.1002996762,480.937724208,463.8161731379,477.903339729,2846463,0.0,1.0
2022-02-28 00:00:00+00:00,474.37,484.46,463.394,478.84,2525365,463.5816313425,473.4421593275,452.8552532291,467.9499722833,2525365,0.0,1.0
2022-03-01 00:00:00+00:00,468.58,484.56,465.85,476.13,2176743,457.9233105265,473.5398850756,455.2553976029,465.3016045093,2176743,0.0,1.0
2022-03-02 00:00:00+00:00,486.0,489.3386,468.0,472.11,2083149,474.9471358485,478.2098076751,457.3565011874,461.373029435,2083149,0.0,1.0
2022-03-03 00:00:00+00:00,472.7,492.87,468.985,490.15,1640356,461.9496113489,481.6608947441,458.3190998064,479.0027543953,1640356,0.0,1.0
2022-03-04 00:00:00+00:00,464.95,474.63,460.96,470.81,1611860,454.3758658698,463.8357182876,450.47660852,460.1025947095,1611860,0.0,1.0
2022-03-07 00:00:00+00:00,437.39,466.74,436.51,464.22,2312735,427.4426496888,456.1251567611,426.5826631054,453.6624679086,2312735,0.0,1.0
2022-03-08 00:00:00+00:00,442.21,455.25,432.15,438.43,2668961,432.153030748,444.8964683025,422.3218204875,428.4589974692,2668961,0.0,1.0
2022-03-09 00:00:00+00:00,464.74,469.96,452.001,456.48,1950593,454.1706417988,459.2719258505,441.7213587462,446.0984950043,1950593,0.0,1.0
2022-03-10 00:00:00+00:00,452.37,460.15,443.34,460.15,1756284,442.0819667567,449.6850299602,433.2573317018,449.6850299602,1756284,0.0,1.0
2022-03-11 00:00:00+00:00,439.32,461.9,438.51,457.57,2303338,429.3287566275,451.3952305523,428.5371780677,447.1637056588,2303338,0.0,1.0
2022-03-14 00:00:00+00:00,424.63,445.28,423.03,439.92,2353906,414.9728442291,435.1532112152,413.4092322592,429.9151111162,2353906,0.0,1.0
2022-03-15 00:00:00+00:00,439.68,441.49,425.54,427.8,1953415,429.6805693207,431.4494053616,415.8621485369,418.0707504444,1953415,0.0,1.0
2022-03-16 00:00:00+00:00,457.9,457.9,437.99,445.0,2487526,447.4862006276,447.4862006276,428.0290041775,434.8795791205,2487526,0.0,1.0
2022-03-17 00:00:00+00:00,473.75,475.0,453.23,454.83,2680697,462.9757317041,464.1973035556,442.9224081905,444.4860201604,2680697,0.0,1.0
2022-03-18 00:00:00+00:00,479.87,483.315,467.86,475.69,3068210,468.9565474889,472.3231995115,457.21968514,464.8716112176,3068210,0.0,1.0
2022-03-21 00:00:00+00:00,466.5,476.495,463.56,473.07,2041214,455.8906149657,465.6583034899,453.017477971,462.3111966169,2041214,0.0,1.0
2022-03-22 00:00:00+00:00,475.99,478.705,465.98,466.46,1977656,465.164788462,467.8180425233,455.3824410754,455.8515246664,1977656,0.0,1.0
2022-03-23 00:00:00+00:00,461.44,471.98,459.75,471.17,1718673,450.9456921109,461.2459859625,449.2941269678,460.4544074027,1718673,0.0,1.0
2022-03-24 00:00:00+00:00,465.63,467.22,453.04,464.16,1567165,455.040400957,456.5942403521,442.7367292691,453.6038324597,1567165,0.0,1.0
2022-03-25 00:00:00+00:00,459.35,469.04,452.82,467.52,1312143,448.9032239753,458.3728489678,442.5217326233,456.8874175964,1312143,0.0,1.0
2022-03-28 00:00:00+00:00,480.5,481.705,458.2,460.54,2085040,469.572219702,470.7498149668,447.7793778719,450.0661603779,2085040,0.0,1.0
2022-03-29 00:00:00+00:00,485.36,490.09,475.8,488.13,1918126,474.3216910605,478.9441189464,464.9791095405,477.0286942834,1918126,0.0,1.0
2022-03-30 00:00:00+00:00,471.95,481.52,468.22,480.96,1747841,461.216668238,470.5690223328,457.5714978333,470.0217581434,1747841,0.0,1.0
2022-03-31 00:00:00+00:00,480.84,488.86,473.57,477.67,2647909,469.9044872456,477.7420922446,462.7998253575,466.8065810303,2647909,0.0,1.0
2022-04-01 00:00:00+00:00,483.93,487.49,477.07,480.64,1316214,472.9242128624,476.4032494954,466.2202265416,469.7090357494,1316214,0.0,1.0
2022-04-04 00:00:00+00:00,505.65,507.71,485.0001,485.38,2326754,494.1502453534,496.1633957647,473.969976093,474.3412362101,2326754,0.0,1.0
2022-04-05 00:00:00+00:00,496.05,506.355,491.0,501.905,1598804,484.7685735342,494.8392118777,479.8334232543,490.4904160865,1598804,0.0,1.0
2022-04-06 00:00:00+00:00,490.21,493.59,482.0843,485.27,2041374,479.0613898442,482.3645201305,471.1204887294,474.2337378872,2041374,0.0,1.0
2022-04-07 00:00:00+00:00,495.01,498.45,484.23,484.62,1568187,483.7522257538,487.113991489,473.2173901068,473.5985205245,1568187,0.0,1.0
2022-04-08 00:00:00+00:00,482.84,493.32,481.5142,493.32,1717571,472.5235372952,482.7796193738,471.2260646215,482.7796193738,1717571,0.68,1.0
2022-04-11 00:00:00+00:00,473.34,478.63,464.74,478.37,1595587,463.2265163269,468.4034890556,454.8102657662,468.1490442712,1595587,0.0,1.0
2022-04-12 00:00:00+00:00,461.62,484.4899,461.17,479.89,1509719,451.7569283535,474.1381851789,451.3165431497,469.6365676261,1509719,0.0,1.0
2022-04-13 00:00:00+00:00,470.42,473.24,460.0,464.35,1477828,460.3689056714,463.1286529483,450.1715416199,454.4285985896,1477828,0.0,1.0
2022-04-14 00:00:00+00:00,465.11,469.275,459.88,467.7,1646050,455.1723602671,459.2483699863,450.0541055656,457.7070217732,1646050,0.0,1.0
2022-04-18 00:00:00+00:00,469.04,474.17,460.6,461.68,989347,459.0183910466,464.0387823694,450.7587218916,451.8156463806,989347,0.0,1.0
2022-04-19 00:00:00+00:00,485.07,485.66,464.91,466.3,1184250,474.7058906382,475.2832845721,454.9766335098,456.3369344726,1184250,0.0,1.0
2022-04-20 00:00:00+00:00,481.95,492.37,481.235,487.58,1176942,471.6525532255,481.849917277,470.9528300684,477.1622614414,1176942,0.0,1.0
2022-04-21 00:00:00+00:00,465.65,491.625,463.56,484.83,1426554,455.7008225116,481.1208351063,453.6554778986,474.4710185296,1426554,0.0,1.0
2022-04-22 00:00:00+00:00,443.29,468.02,442.78,466.26,1699316,433.8185710537,458.0201845847,433.3194678228,456.2977891211,1699316,0.0,1.0
2022-04-25 00:00:00+00:00,446.93,447.43,433.6,441.59,2094006,437.3807980352,437.8701149283,424.3356096661,432.1548936173,2094006,0.0,1.0
2022-04-26 00:00:00+00:00,421.35,445.27,421.11,444.55,2212662,412.347345786,435.7562659502,412.1124736773,435.0516496242,2212662,0.0,1.0
2022-04-27 00:00:00+00:00,418.25,428.82,416.16,421.17,1927944,409.313581049,419.6577401684,407.268236436,412.1711917045,1927944,0.0,1.0
2022-04-28 00:00:00+00:00,444.58,448.01,421.79,423.99,1794610,435.0810086378,438.4377225242,412.7779446519,414.9309389814,1794610,0.0,1.0
2022-04-29 00:00:00+00:00,418.75,442.5,417.63,441.57,1898453,409.8028979421,433.0454503627,408.7068281016,432.1353209416,1898453,0.0,1.0
2022-05-02 00:00:00+00:00,427.01,427.9,413.23,420.08,1778755,417.8864130155,418.7573970852,404.4008394426,411.1044808776,1778755,0.0,1.0
2022-05-03 00:00:00+00:00,430.84,433.54,425.66,429.62,1324326,421.6345804164,424.2768916389,416.5652574042,420.4406471973,1324326,0.0,1.0
2022-05-04 00:00:00+00:00,447.92,448.35,418.16,432.0,1599197,438.3496454835,438.7704580115,409.2255040083,422.7697956083,1599197,0.0,1.0
2022-05-05 00:00:00+00:00,409.86,439.75,404.77,437.87,2110575,401.1028435834,430.3542074508,396.121597612,428.5143759329,2110575,0.0,1.0
2022-05-06 00:00:00+00:00,395.71,406.535,390.81,406.18,1989652,387.2551755096,397.8488862445,382.4598699576,397.5014712504,1989652,0.0,1.0
2022-05-09 00:00:00+00:00,367.01,390.93,363.765,386.83,3485197,359.1683858477,382.5773060119,355.9927192117,378.5649074888,3485197,0.0,1.0
2022-05-10 00:00:00+00:00,371.19,383.47,364.505,381.67,2271027,363.2590750737,375.2766979674,356.7169082134,373.5151571524,2271027,0.0,1.0
2022-05-11 00:00:00+00:00,356.17,376.43,354.515,366.85,2563418,348.559995606,368.387116113,346.94035669,359.0118044419,2563418,0.0,1.0
2022-05-12 00:00:00+00:00,353.89,355.47,339.36,342.57,3267985,346.3287105737,347.8749519557,332.1091616612,335.2505761147,3267985,0.0,1.0
2022-05-13 00:00:00+00:00,371.76,376.945,360.61,362.1,1894194,363.8168963318,368.8911125129,352.9051296165,354.3632939578,1894194,0.0,1.0
2022-05-16 00:00:00+00:00,359.59,370.33,356.39,370.1,1554840,351.9069231546,362.4174500176,348.775295039,362.1923642468,1554840,0.0,1.0
2022-05-17 00:00:00+00:00,371.87,373.725,359.22,369.1,1643259,363.9245460483,365.7399117216,351.5448286537,361.2137304607,1643259,0.0,1.0
2022-05-18 00:00:00+00:00,353.31,368.84,351.9,364.15,1721112,345.7611029777,360.9592856763,344.3812293393,356.3694932194,1721112,0.0,1.0
2022-05-19 00:00:00+00:00,362.33,369.12,354.66,355.56,2102856,354.5883797286,361.2333031364,347.082258589,347.9630289965,2102856,0.0,1.0
2022-05-20 00:00:00+00:00,367.78,371.79,356.27,367.82,1921565,359.921933863,363.8462553454,348.6578589846,359.9610792145,1921565,0.0,1.0
2022-05-23 00:00:00+00:00,371.37,372.0,363.0,371.15,1799444,363.4352291552,364.0517684405,355.2440643653,363.2199297223,1799444,0.0,1.0
2022-05-24 00:00:00+00:00,358.97,365.705,355.74,363.105,2877707,351.3001702072,357.8912687568,348.139183078,355.3468209128,2877707,0.0,1.0
2022-05-25 00:00:00+00:00,388.45,395.58,363.5,372.79,5277109,380.1502942223,387.1279531174,355.7333812584,364.8248891315,5277109,0.0,1.0
2022-05-26 00:00:00+00:00,406.42,414.0,385.8503,386.29,3508247,397.7363433591,405.154387458,377.6061399685,378.0364452443,3508247,0.0,1.0
2022-05-27 00:00:00+00:00,422.48,422.83,410.69,411.0,2932366,413.4532019643,413.7957237895,401.9151096259,402.2184860996,2932366,0.0,1.0
2022-05-31 00:00:00+00:00,414.46,425.0,412.57,419.82,4297665,405.6045589996,415.9193591054,403.7549411438,410.8500360932,4297665,0.0,1.0
2022-06-01 00:00:00+00:00,408.37,424.59,406.355,420.21,1598493,399.644679242,415.5181192531,397.672732163,411.2317032698,1598493,0.0,1.0
2022-06-02 00:00:00+00:00,426.86,427.25,408.48,409.36,1453401,417.7396179476,418.1212851242,399.7523289585,400.6135266903,1453401,0.0,1.0
2022-06-03 00:00:00+00:00,408.95,420.68,405.375,416.7,1519020,400.212286838,411.6916611493,396.7136710526,407.7966986805,1519020,0.0,1.0
2022-06-06 00:00:00+00:00,408.97,419.86,406.751,416.58,859916,400.2318595137,410.8891814447,398.0602711423,407.6792626262,859916,0.0,1.0
2022-06-07 00:00:00+00:00,416.65,418.75,403.1508,404.11,1218136,407.7477669912,409.8028979421,394.5369937855,395.4756993131,1218136,0.0,1.0
2022-06-08 00:00:00+00:00,414.46,420.18,412.3594,415.34,1335070,405.6045589996,411.2023442562,403.5488408684,406.4657567314,1335070,0.0,1.0
2022-06-09 00:00:00+00:00,400.55,414.42,400.11,409.55,1186291,391.9917630345,405.5654136481,391.5611641686,400.7994671097,1186291,0.0,1.0
2022-06-10 00:00:00+00:00,381.22,393.4,378.84,390.4,2197349,373.0747719486,384.9945314637,370.7456235376,382.0586301053,2197349,0.0,1.0
2022-06-13 00:00:00+00:00,363.99,372.99,361.76,368.29,2191421,356.2129118136,365.0206158887,354.0305584705,360.4210370939,2191421,0.0,1.0
2022-06-14 00:00:00+00:00,364.78,371.11,359.84,366.81,1401531,356.9860325046,363.1807843708,352.1515816011,358.9726590905,1401531,0.0,1.0
2022-06-15 00:00:00+00:00,378.54,386.79,368.47,370.39,1830498,370.4520334018,378.5257621373,360.5971911754,362.4761680448,1830498,0.0,1.0
2022-06-16 00:00:00+00:00,359.63,370.4,355.22,365.46,2106231,351.946068506,362.4859543827,347.6302935092,357.6515034792,2106231,0.0,1.0
2022-06-17 00:00:00+00:00,369.71,375.16,362.54,363.05,2776218,361.8106970702,367.1442512047,354.7938928237,355.2929960546,2776218,0.0,1.0
2022-06-21 00:00:00+00:00,377.43,383.03,374.4,377.04,2019049,369.3657498992,374.8460991015,366.4004895272,368.9840827226,2019049,0.0,1.0
2022-06-22 00:00:00+00:00,380.84,391.15,371.56,371.77,1773518,372.7028911099,382.7926054449,363.6211695746,363.8266826697,1773518,0.0,1.0
2022-06-23 00:00:00+00:00,400.75,401.48,380.8,387.31,2111723,392.1874897917,392.9018924556,372.6637457584,379.0346517061,2111723,0.0,1.0
2022-06-24 00:00:00+00:00,417.62,419.68,407.33,407.77,2633016,408.6970417637,410.7130273632,398.6269001045,399.0574989704,2633016,0.0,1.0
2022-06-27 00:00:00+00:00,404.72,420.0,402.82,415.36,1783824,396.0726659227,411.0261901747,394.213261729,406.4853294071,1783824,0.0,1.0
2022-06-28 00:00:00+00:00,386.29,409.77,384.49,405.75,1631091,378.0364452443,401.0147665426,376.2749044292,397.0806587224,1631091,0.0,1.0
2022-06-29 00:00:00+00:00,389.66,392.55,382.74,389.375,1066313,381.3344411035,384.1626927455,374.5622953035,381.0555304745,1066313,0.0,1.0
2022-06-30 00:00:00+00:00,385.44,389.58,376.18,387.7,1670438,377.2046065261,381.2561504006,368.1424576665,379.4163188827,1670438,0.0,1.0
2022-07-01 00:00:00+00:00,388.31,391.13,378.08,382.5,1133780,380.0132854923,382.7730327692,370.0018618602,374.3274231948,1133780,0.0,1.0
2022-07-05 00:00:00+00:00,400.22,400.335,380.33,384.77,1591443,391.6688138851,391.7813567705,372.2037878789,376.5489218894,1591443,0.0,1.0
2022-07-06 00:00:00+00:00,404.91,408.58,396.73,403.34,1356385,396.258606342,399.8501923371,388.2533819715,394.7221512978,1356385,0.0,1.0
2022-07-07 00:00:00+00:00,410.84,411.615,397.87,399.365,1585073,402.0619046938,402.820345878,389.3690244877,390.8320819979,1585073,0.0,1.0
2022-07-08 00:00:00+00:00,406.81,409.8,398.224,402.41,1173100,398.7834815102,401.7144876549,390.3668866078,394.4702952104,1173100,0.68,1.0
2022-07-11 00:00:00+00:00,402.56,406.94,395.37,404.65,1021457,394.6173356524,398.91091656,387.5691971306,396.6660991449,1021457,0.0,1.0
2022-07-12 00:00:00+00:00,385.87,406.0,381.13,405.12,1611341,378.2566358014,397.9894631232,373.6101578329,397.1268258633,1611341,0.0,1.0
2022-07-13 00:00:00+00:00,383.31,387.16,373.95,376.99,1255507,375.7471455906,379.5211836029,366.5718220072,369.5518416326,1255507,0.0,1.0
2022-07-14 00:00:00+00:00,379.87,383.36,370.765,380.58,1312393,372.3750181198,375.7961590712,363.4496632879,373.0710095454,1312393,0.0,1.0
2022-07-15 00:00:00+00:00,392.96,394.44,382.67,388.04,1520736,385.2067473618,386.65754639,375.1197730378,380.3838208629,1520736,0.0,1.0
2022-07-18 00:00:00+00:00,388.25,400.0,386.72,396.05,1085706,380.5896774818,392.1078454416,379.0898649729,388.2357804679,1085706,0.0,1.0
2022-07-19 00:00:00+00:00,403.86,404.585,391.15,397.62,1358903,395.8916861501,396.60238162,383.4324593612,389.7748037612,1358903,0.0,1.0
2022-07-20 00:00:00+00:00,420.45,422.44,405.89,408.35,1663629,412.1543590398,414.1050955709,397.8816334657,400.2930967152,1663629,0.0,1.0
2022-07-21 00:00:00+00:00,434.7,436.87,420.58,420.58,2076372,426.1232010337,428.2503860952,412.2817940896,412.2817940896,2076372,0.0,1.0
2022-07-22 00:00:00+00:00,434.74,446.0,429.165,436.69,1590349,426.1624118182,437.2002476674,420.6974087224,428.0739375647,1590349,0.0,1.0
2022-07-25 00:00:00+00:00,426.2,432.72,422.07,431.61,1026658,417.790909318,424.1822671987,413.7423958138,423.0941679276,1026658,0.0,1.0
2022-07-26 00:00:00+00:00,414.22,424.49,409.41,423.86,1539996,406.047279347,416.1146482788,401.3321825056,415.4970784222,1539996,0.0,1.0
2022-07-27 00:00:00+00:00,433.16,437.115,416.71,418.11,1758543,424.6135858287,428.4905521505,408.4881506849,409.860528144,1758543,0.0,1.0
2022-07-28 00:00:00+00:00,448.59,450.15,431.025,434.91,1754042,439.7391459666,441.2683665638,422.5207102037,426.3290576525,1754042,0.0,1.0
2022-07-29 00:00:00+00:00,456.17,459.58,445.24,445.24,2178555,447.1695896377,450.5123090201,436.455242761,436.455242761,2178555,0.0,1.0
2022-08-01 00:00:00+00:00,448.46,456.53,444.45,448.79,1696809,439.6117109168,447.5224866986,435.6808297663,439.9351998893,1696809,0.0,1.0
2022-08-02 00:00:00+00:00,446.97,451.29,441.02,442.99,1064759,438.1511091926,442.3858739234,432.3185049916,434.2496361304,1064759,0.0,1.0
2022-08-03 00:00:00+00:00,465.75,466.88,450.21,451.47,1565410,456.5605725361,457.6682771994,441.3271827407,442.5623224538,1565410,0.0,1.0
2022-08-04 00:00:00+00:00,466.3,467.86,458.2,465.75,1421374,457.0997208235,458.6289414208,449.1595369534,456.5605725361,1421374,0.0,1.0
2022-08-05 00:00:00+00:00,468.99,470.65,455.22,456.48,933781,459.7366460841,461.3638936427,446.2383335048,447.473473218,933781,0.0,1.0
2022-08-08 00:00:00+00:00,466.76,476.35,463.83,471.32,1218980,457.5506448458,466.9514304403,454.6784548779,462.0206742838,1218980,0.0,1.0
2022-08-09 00:00:00+00:00,462.07,466.08,458.61,460.77,1068017,452.953180358,456.8840615086,449.5614474949,451.6788298603,1068017,0.0,1.0
2022-08-10 00:00:00+00:00,478.09,479.59,474.4,477.79,1408777,468.6570995679,470.1275039883,465.0399046937,468.3630186839,1408777,0.0,1.0
2022-08-11 00:00:00+00:00,478.77,489.27,475.52,486.36,1259571,469.3236829052,479.616513848,466.137806661,476.7639292724,1259571,0.0,1.0
2022-08-12 00:00:00+00:00,486.66,487.6025,475.46,480.64,1178722,477.0580101565,477.9819142673,466.0789904842,471.1567870826,1178722,0.0,1.0
2022-08-15 00:00:00+00:00,489.23,490.23,483.7,485.2,830838,479.5773030635,480.5575726771,474.1564121003,475.6268165207,830838,0.0,1.0
2022-08-16 00:00:00+00:00,488.18,490.83,481.055,482.89,1031551,478.5480199692,481.1457344453,471.5635989723,473.3623937132,1031551,0.0,1.0
2022-08-17 00:00:00+00:00,478.3,483.84,474.88,478.31,1422646,468.8629561868,474.2936498462,465.5104341083,468.8727588829,1422646,0.0,1.0
2022-08-18 00:00:00+00:00,477.755,480.71,472.0804,477.3,1160229,468.3287092474,471.2254059556,462.766071298,467.8826865732,1160229,0.0,1.0
2022-08-19 00:00:00+00:00,463.95,470.76,459.77,469.43,1509572,454.7960872316,461.4717233002,450.6985602467,460.1679647141,1509572,0.0,1.0
2022-08-22 00:00:00+00:00,446.12,457.45,445.01,456.73,1692793,437.317880021,448.4243347431,436.2297807499,447.7185406214,1692793,0.0,1.0
2022-08-23 00:00:00+00:00,449.56,453.04,444.38,451.97,2339729,440.6900074918,444.1013457472,435.6122108933,443.0524572606,2339729,0.0,1.0
2022-08-24 00:00:00+00:00,465.77,487.8,465.33,479.65,3587397,456.5801779283,478.175517516,456.1488592983,470.1863201652,3587397,0.0,1.0
2022-08-25 00:00:00+00:00,465.85,466.69,457.69,464.8,1701836,456.6585994974,457.4820259729,448.6595994504,455.6293164031,1701836,0.0,1.0
2022-08-26 00:00:00+00:00,448.46,467.85,447.84,466.95,1777839,439.6117109168,458.6191387246,439.0039437564,457.7368960724,1777839,0.0,1.0
2022-08-29 00:00:00+00:00,436.8,446.39,436.17,438.25,1793627,428.1817672222,437.5825528167,427.5641973657,429.603158162,1793627,0.0,1.0
2022-08-30 00:00:00+00:00,433.2,443.82,428.16,440.0,1250998,424.6527966133,435.0632599097,419.7122377607,431.3186299858,1250998,0.0,1.0
2022-08-31 00:00:00+00:00,431.78,441.2799,429.86,439.09,1294254,423.2608137619,432.5732770642,421.3786961038,430.4265846374,1294254,0.0,1.0
2022-09-01 00:00:00+00:00,425.5,428.195,415.655,427.39,1994253,417.1047205885,419.7465471972,407.4539662426,418.9574301582,1994253,0.0,1.0
2022-09-02 00:00:00+00:00,420.06,433.98,418.0,432.74,1299923,411.7720538905,425.4174069119,409.7526984865,424.201872591,1299923,0.0,1.0
2022-09-06 00:00:00+00:00,418.76,422.63,413.73,420.5,1390574,410.4977033928,414.2913467975,405.5669472364,412.2033725205,1390574,0.0,1.0
2022-09-07 00:00:00+00:00,435.29,438.72,419.01,421.29,1421921,426.7015601057,430.0638848803,410.7427707962,412.9777855152,1421921,0.0,1.0
2022-09-08 00:00:00+00:00,439.04,440.87,427.63,429.52,1131073,430.3775711567,432.1714645496,419.1926948655,421.0454044352,1131073,0.0,1.0
2022-09-09 00:00:00+00:00,450.03,452.6,441.32,441.37,1292190,441.1507342102,443.6700271172,432.6125858757,432.6615993564,1292190,0.0,1.0
2022-09-12 00:00:00+00:00,455.37,459.99,449.88,457.33,1250320,446.3853739469,450.9142195617,441.0036937682,448.3067023895,1250320,0.0,1.0
2022-09-13 00:00:00+00:00,429.31,439.69,428.015,434.26,1697766,420.8395478163,431.0147464055,419.5700986667,425.6918824037,1697766,0.0,1.0
2022-09-14 00:00:00+00:00,436.84,437.26,425.73,430.74,1475305,428.2209780068,428.6326912445,417.3301825996,422.2413333638,1475305,0.0,1.0
2022-09-15 00:00:00+00:00,422.12,436.9299,419.66,433.235,1468240,413.7914092945,428.309104245,411.3799460451,424.6871060497,1468240,0.0,1.0
2022-09-16 00:00:00+00:00,423.0,424.39,414.02,418.7,2095746,414.6540465545,416.0166213174,405.8512254243,410.438887216,2095746,0.0,1.0
2022-09-19 00:00:00+00:00,423.69,424.215,415.051,415.28,1269989,415.3304325879,415.845074135,406.861883396,407.0863651375,1269989,0.0,1.0
2022-09-20 00:00:00+00:00,417.82,421.19,414.08,420.06,1271437,409.576249956,412.8797585539,405.9100416011,411.7720538905,1271437,0.0,1.0
2022-09-21 00:00:00+00:00,408.68,427.92,408.5,422.14,1485940,400.6165856877,419.4769730534,400.4401371572,413.8110146868,1485940,0.0,1.0
2022-09-22 00:00:00+00:00,396.71,406.65,395.45,404.82,2258872,388.8827584128,398.6266383721,387.6476186997,396.8327449792,2258872,0.0,1.0
2022-09-23 00:00:00+00:00,393.97,395.46,386.37,394.9,1680833,386.1968196716,387.6574213958,378.7467706082,387.1084704122,1680833,0.0,1.0
2022-09-26 00:00:00+00:00,395.8,404.83,393.095,394.36,1819195,387.9907130645,396.8425476753,385.3390837597,386.5791248209,1819195,0.0,1.0
2022-09-27 00:00:00+00:00,400.77,407.29,395.23,399.7,1624379,392.8626530441,399.2540109248,387.4319593847,391.8137645575,1624379,0.0,1.0
2022-09-28 00:00:00+00:00,409.29,412.0,398.81,404.06,1710594,401.214550152,403.8710808048,390.9413246014,396.0877400728,1710594,0.0,1.0
2022-09-29 00:00:00+00:00,396.81,404.79,394.12,401.14,1999240,388.9807853742,396.8033368908,386.3438601136,393.2253528011,1999240,0.0,1.0
2022-09-30 00:00:00+00:00,387.32,403.0,387.01,395.27,2001502,379.6780267411,395.0486542824,379.3741431609,387.4711701693,2001502,0.0,1.0
2022-10-03 00:00:00+00:00,396.8,399.53,388.0,389.32,1819044,388.9709826781,391.6471187232,380.3446100784,381.6385659683,1819044,0.0,1.0
2022-10-04 00:00:00+00:00,412.01,414.72,405.18,406.44,1788891,403.880883501,406.5374141539,397.1856420401,398.4207817532,1788891,0.0,1.0
2022-10-05 00:00:00+00:00,413.58,417.44,400.79,405.3,1200803,405.4199067943,409.2037475029,392.8822584363,397.3032743937,1200803,0.0,1.0
2022-10-06 00:00:00+00:00,411.32,417.3,407.22,412.37,1282677,403.9691077662,409.8422363873,399.9423807852,405.0003427248,1282677,0.78,1.0
2022-10-07 00:00:00+00:00,392.96,403.72,391.39,402.16,1414346,385.9372279194,396.5049309233,384.3952861242,394.9728104134,1414346,0.0,1.0
2022-10-10 00:00:00+00:00,387.64,394.9121,379.71,393.0,1305335,380.7123041294,387.8544410266,372.9240248709,385.9765130607,1305335,0.0,1.0
2022-10-11 00:00:00+00:00,383.48,389.45,374.53,384.32,1786776,376.6266494364,382.4899567722,367.8365990754,377.4516374033,1786776,0.0,1.0
2022-10-12 00:00:00+00:00,388.06,399.79,383.1,386.48,2210662,381.1247981128,392.6451657927,376.2534405943,379.5730350323,2210662,0.0,1.0
2022-10-13 00:00:00+00:00,395.78,398.99,371.01,373.12,1731654,388.7068303795,391.8594629671,364.3795066429,366.4517978453,1731654,0.0,1.0
2022-10-14 00:00:00+00:00,380.11,403.08,379.57,402.36,1804634,373.3168762837,395.8763686628,372.7865268764,395.1692361198,1804634,0.0,1.0
2022-10-17 00:00:00+00:00,403.74,405.14,391.79,393.23,2311597,396.5245734939,397.8995534387,384.788137537,386.202402623,2311597,0.0,1.0
2022-10-18 00:00:00+00:00,408.65,420.0,401.51,415.85,1704579,401.3468245859,412.4939834236,394.3344268677,408.418150016,1704579,0.0,1.0
2022-10-19 00:00:00+00:00,402.07,412.205,399.78,408.82,1291883,394.8844188456,404.838291517,392.6353445074,401.5137864363,1291883,0.0,1.0
2022-10-20 00:00:00+00:00,401.15,408.61,397.97,403.22,1399133,393.9808605962,401.3075394446,390.8576918645,396.0138666573,1399133,0.0,1.0
2022-10-21 00:00:00+00:00,417.18,418.61,395.82,404.02,1488927,409.7243809635,411.1288247642,388.7461155208,396.7995694829,1488927,0.0,1.0
2022-10-24 00:00:00+00:00,417.76,421.07,405.15,420.0,1411898,410.294015512,413.5448609528,397.909374724,412.4939834236,1411898,0.0,1.0
2022-10-25 00:00:00+00:00,432.08,433.79,420.34,420.83,1292028,424.3580960897,426.0375358794,412.8279071245,413.3091501052,1292028,0.0,1.0
2022-10-26 00:00:00+00:00,424.39,437.13,420.09,425.61,1355356,416.8055276789,429.3178451761,412.5823749915,418.0037244879,1355356,0.0,1.0
2022-10-27 00:00:00+00:00,422.0,431.67,420.13,430.23,998512,414.4582404876,423.9554233916,412.6216601328,422.5411583056,998512,0.0,1.0
2022-10-28 00:00:00+00:00,431.79,432.81,416.615,422.0,1169625,424.0732788155,425.0750499181,409.1694783429,414.4582404876,1169625,0.0,1.0
2022-10-31 00:00:00+00:00,427.5,430.8,423.805,427.56,1038535,419.8599474133,423.1009715688,416.2309824877,419.9188751253,1038535,0.0,1.0
2022-11-01 00:00:00+00:00,394.77,434.139,387.06,433.48,4241904,387.7148805623,426.380298737,380.1426695808,425.7330760345,4241904,0.0,1.0
2022-11-02 00:00:00+00:00,385.03,408.99,384.82,402.52,2702592,378.148948661,401.6807482867,377.9427016692,395.326376685,2702592,0.0,1.0
2022-11-03 00:00:00+00:00,364.99,382.62,364.33,375.84,3252131,358.4670928805,375.7820188989,357.8188880494,369.1231874522,3252131,0.0,1.0
2022-11-04 00:00:00+00:00,361.19,371.66,352.63,371.66,3187821,354.735004459,365.0178901886,346.3279842254,365.0178901886,3187821,0.0,1.0
2022-11-07 00:00:00+00:00,370.11,370.5,357.48,363.56,1650158,363.4955909641,363.8786210916,351.0913076054,357.0626490797,1650158,0.0,1.0
2022-11-08 00:00:00+00:00,382.57,391.1,370.13,372.45,2668592,375.7329124723,384.11046885,363.5152335347,365.7937717289,2668592,0.0,1.0
2022-11-09 00:00:00+00:00,368.55,379.65,368.13,376.97,1446963,361.9634704542,372.865097159,361.5509764708,370.2329926933,1446963,0.0,1.0
2022-11-10 00:00:00+00:00,403.24,403.75,388.0,397.35,3088323,396.033509228,396.5343947793,381.0658704009,390.2487721747,3088323,0.0,1.0
2022-11-11 00:00:00+00:00,408.04,411.935,398.64,402.255,1720185,400.7477261814,404.5731168134,391.5157179809,395.066112624,1720185,0.0,1.0
2022-11-14 00:00:00+00:00,397.66,403.57,391.04,400.05,1801837,390.5532320196,396.3576116435,384.051541138,392.900519211,1801837,0.0,1.0
2022-11-15 00:00:00+00:00,407.02,416.48,401.78,414.5,2076375,399.7459550788,409.0368909911,394.5996015713,407.0922764978,2076375,0.0,1.0
2022-11-16 00:00:00+00:00,393.66,407.1,390.83,407.02,1260116,386.6247178918,399.8245253613,383.8452941463,399.7459550788,1260116,0.0,1.0
2022-11-17 00:00:00+00:00,381.88,388.49,378.02,384.6,2050259,375.0552437853,381.5471133815,371.2642276519,377.7266333922,2050259,0.0,1.0
2022-11-18 00:00:00+00:00,380.07,389.43,369.94,388.47,2046170,373.2775911424,382.4703142016,363.3286291137,381.5274708109,2046170,0.0,1.0
2022-11-21 00:00:00+00:00,375.0,380.4,372.16,376.57,1429458,368.2981994854,373.601693558,365.5089544546,369.8401412806,1429458,0.0,1.0
2022-11-22 00:00:00+00:00,392.23,394.0,375.0,379.99,2298740,385.2202740911,386.9586415926,368.2981994854,373.1990208599,2298740,0.0,1.0
2022-11-23 00:00:00+00:00,395.85,400.1,390.06,390.42,1489068,388.7755793768,392.9496256376,383.0890551767,383.4426214482,1489068,0.0,1.0
2022-11-25 00:00:00+00:00,392.47,395.83,391.48,394.85,861769,385.4559849387,388.7559368061,384.4836776921,387.7934508448,861769,0.0,1.0
2022-11-28 00:00:00+00:00,385.64,398.7,383.48,394.38,1691577,378.7480470655,391.5746456929,376.6266494364,387.3318504348,1691577,0.0,1.0
2022-11-29 00:00:00+00:00,379.71,385.335,377.43,381.63,1716339,372.9240248709,378.4484978632,370.6847718181,374.8097116523,1716339,0.0,1.0
2022-11-30 00:00:00+00:00,407.59,411.49,374.0,375.49,4902337,400.305768342,404.1360696166,367.3160709534,368.779442466,4902337,0.0,1.0
2022-12-01 00:00:00+00:00,416.07,418.22,405.0,407.89,1943059,408.634218293,410.7457946367,397.7620554442,400.6004069016,1943059,0.0,1.0
2022-12-02 00:00:00+00:00,407.92,409.17,400.16,401.87,1876030,400.6298707575,401.8575314225,393.0085533495,394.6879931392,1876030,0.0,1.0
2022-12-05 00:00:00+00:00,395.14,404.195,393.18,401.16,1499032,388.0782681191,396.971441976,386.1532961964,393.9906818815,1499032,0.0,1.0
2022-12-06 00:00:00+00:00,389.78,395.49,385.16,395.45,1209860,382.8140591878,388.4220131053,378.2766253701,388.382727964,1209860,0.0,1.0
2022-12-07 00:00:00+00:00,388.65,394.19,385.39,388.06,968668,381.7042539467,387.1452460137,378.5025149325,381.1247981128,968668,0.0,1.0
2022-12-08 00:00:00+00:00,405.36,406.72,389.46,391.6,1525725,398.1156217157,399.4513165192,382.4997780575,384.6015331159,1525725,0.0,1.0
2022-12-09 00:00:00+00:00,399.83,405.83,399.28,404.19,1061329,392.684450934,398.5772221257,392.1442802414,396.9665313333,1061329,0.0,1.0
2022-12-12 00:00:00+00:00,410.78,410.98,398.33,400.73,1810523,403.4387583589,403.6351840653,391.211258136,393.5683666127,1810523,0.0,1.0
2022-12-13 00:00:00+00:00,428.39,441.98,422.21,432.11,3247691,420.7340418068,434.0811685561,414.6644874793,424.3875599457,3247691,0.0,1.0
2022-12-14 00:00:00+00:00,418.92,434.235,416.15,426.53,1631448,411.4332846091,426.4745830761,408.7127885756,418.9072827373,1631448,0.0,1.0
2022-12-15 00:00:00+00:00,396.53,415.16,394.24,410.94,1741524,389.4434267785,407.7404813289,387.1943524403,403.5958989241,1741524,0.0,1.0
2022-12-16 00:00:00+00:00,384.98,393.9899,380.5491,392.73,3565663,378.0998422344,386.9487220945,373.7481289221,385.7113383571,3565663,0.0,1.0
2022-12-19 00:00:00+00:00,383.52,388.74,377.5,388.74,1535452,376.6659345777,381.7926455145,370.7535208153,381.7926455145,1535452,0.0,1.0
2022-12-20 00:00:00+00:00,387.08,390.06,380.82,381.87,1320220,380.1623121515,383.0890551767,374.0141875414,375.0454225,1320220,0.0,1.0
2022-12-21 00:00:00+00:00,393.33,396.39,384.26,389.43,1330126,386.3006154762,389.305928784,377.3927096913,382.4703142016,1330126,0.0,1.0
2022-12-22 00:00:00+00:00,383.95,387.75,376.76,385.35,1314606,377.0882498464,380.8203382679,370.0267457016,378.4632297912,1314606,0.0,1.0
2022-12-23 00:00:00+00:00,384.49,385.43,378.5,383.32,705171,377.6185992537,378.5418000737,371.7356493472,376.4695088713,705171,0.0,1.0
2022-12-27 00:00:00+00:00,383.11,385.3399,377.4638,383.44,823347,376.2632618796,378.453310293,370.7179677624,376.5873642951,823347,0.0,1.0
2022-12-28 00:00:00+00:00,376.5,388.4982,374.82,385.36,843565,369.7713922833,381.5551668355,368.1214163496,378.4730510765,843565,0.0,1.0
2022-12-29 00:00:00+00:00,390.87,391.98,377.555,380.38,1004562,383.8845792876,384.9747419581,370.8075378845,373.5820509873,1004562,0.0,1.0
2022-12-30 00:00:00+00:00,389.22,389.44,382.68,386.01,948917,382.2640672099,382.4801354869,375.8409466108,379.1114346223,948917,0.0,1.0
2023-01-03 00:00:00+00:00,391.18,404.45,385.22,396.7,1874001,384.1890391325,397.2218847516,378.335553082,389.6103886289,1874001,0.0,1.0
2023-01-04 00:00:00+00:00,391.57,399.72,387.6,397.58,1209717,384.57206926,392.5764167955,380.6730189881,390.4746617371,1209717,0.0,1.0
2023-01-05 00:00:00+00:00,375.62,387.47,375.0,386.35,1263887,368.9071191752,380.5453422789,368.2981994854,379.4453583231,1263887,0.0,1.0
2023-01-06 00:00:00+00:00,386.52,389.34,370.62,380.24,1312858,379.6123201736,382.3819226337,363.9964765154,373.4445529929,1312858,0.0,1.0
2023-01-09 00:00:00+00:00,395.34,402.64,388.16,391.1,1331555,389.0407540804,396.2244377572,381.9751583545,384.8683131503,1331555,0.78,1.0
2023-01-10 00:00:00+00:00,388.68,394.96,385.53,387.58,1069930,382.4868728081,388.6668089027,379.3870640983,381.4043999253,1069930,0.0,1.0
2023-01-11 00:00:00+00:00,395.31,395.83,384.29,388.28,1587429,389.0112320927,389.5229465464,378.1668219395,382.0932463053,1587429,0.0,1.0
2023-01-12 00:00:00+00:00,396.7,398.27,386.03,398.27,1098972,390.3790841901,391.9240682137,379.8790972268,391.9240682137,1098972,0.0,1.0
2023-01-13 00:00:00+00:00,393.21,394.63,386.46,390.0,1311178,386.9446929528,388.3420670379,380.3022457174,383.7858402675,1311178,0.0,1.0
2023-01-17 00:00:00+00:00,390.2,395.29,386.75,392.0,1658658,383.9826535189,388.9915507675,380.5876249319,385.7539727817,1658658,0.0,1.0
2023-01-18 00:00:00+00:00,386.07,401.315,385.64,392.1,1603307,379.9184598771,394.9205499666,379.4953113866,385.8523794074,1603307,0.0,1.0
2023-01-19 00:00:00+00:00,378.6,388.97,378.22,383.14,1082148,372.5674849366,382.7722520227,372.1935397589,377.0351457438,1082148,0.0,1.0
2023-01-20 00:00:00+00:00,398.07,400.3099,382.55,383.27,1702062,391.7272549623,393.9314649715,376.4545466521,377.1630743573,1702062,0.0,1.0
2023-01-23 00:00:00+00:00,410.0,410.51,399.12,400.73,2211868,403.4671654094,403.9690392006,392.7605245322,394.3448712062,2211868,0.0,1.0
2023-01-24 00:00:00+00:00,401.55,410.0,398.74,410.0,1189633,395.151805537,403.4671654094,392.3865793545,403.4671654094,1189633,0.0,1.0
2023-01-25 00:00:00+00:00,401.9,403.95,385.49,394.3,1131996,395.496228727,397.513564554,379.347701448,388.017325173,1131996,0.0,1.0
2023-01-26 00:00:00+00:00,412.55,413.22,402.08,409.95,1282609,405.976534365,406.6358587573,395.6733606532,403.4179620966,1282609,0.0,1.0
2023-01-27 00:00:00+00:00,422.62,428.7,407.27,408.32,1724997,415.886081574,421.8692044171,400.7806645276,401.8139340975,1724997,0.0,1.0
2023-01-30 00:00:00+00:00,416.45,420.53,412.24,416.14,1543534,409.8143927677,413.8293830967,405.6714738253,409.509332228,1543534,0.0,1.0
2023-01-31 00:00:00+00:00,422.67,422.92,415.1,416.45,1174618,415.9352848868,416.1813014511,408.4859033206,409.8143927677,1174618,0.0,1.0
2023-02-01 00:00:00+00:00,435.55,437.96,416.005,420.35,1521652,428.6100582782,430.9816579578,409.3764832833,413.6522511704,1521652,0.0,1.0
2023-02-02 00:00:00+00:00,452.16,457.94,442.09,443.96,1917634,444.9553988086,450.6433017746,435.0458515996,436.8860555004,1917634,0.0,1.0
2023-02-03 00:00:00+00:00,423.76,440.91,421.69,440.76,1843210,417.0079171071,433.8846534163,414.9708999549,433.7370434777,1843210,0.0,1.0
2023-02-06 00:00:00+00:00,414.99,418.26,412.7,417.65,1337921,408.3776560323,411.595552693,406.1241443036,410.9952722762,1337921,0.0,1.0
2023-02-07 00:00:00+00:00,427.67,429.88,409.015,412.74,1400754,420.8556161723,423.0304026005,402.4978601462,406.1635069539,1400754,0.0,1.0
2023-02-08 00:00:00+00:00,421.74,430.65,417.7001,426.65,1055058,415.0201032677,423.7881336185,411.0445739957,419.8518685901,1055058,0.0,1.0
2023-02-09 00:00:00+00:00,419.74,431.99,418.2851,430.64,1098616,413.0519707535,425.106782403,411.6202527561,423.7782929559,1098616,0.0,1.0
2023-02-10 00:00:00+00:00,413.52,416.11,408.9,415.0,998370,406.9310786344,409.4798102403,402.3846925266,408.3874966949,998370,0.0,1.0
2023-02-13 00:00:00+00:00,418.09,419.22,413.91,415.98,1028948,411.4282614293,412.5402562999,407.3148644747,409.3518816269,1028948,0.0,1.0
2023-02-14 00:00:00+00:00,421.97,426.22,412.265,416.43,878624,415.2464385069,419.4287200995,405.6960754818,409.7947114426,878624,0.0,1.0
2023-02-15 00:00:00+00:00,421.24,423.19,414.44,418.29,865594,414.5280701392,416.4469993405,407.8364195909,411.6250746808,865594,0.0,1.0
2023-02-16 00:00:00+00:00,408.36,416.58,406.55,409.17,1281720,401.8532967478,409.9423213811,400.0721368224,402.650390416,1281720,0.0,1.0
2023-02-17 00:00:00+00:00,404.38,406.51,396.87,406.41,1626287,397.9367130446,400.0327741722,390.5463754538,399.9343675465,1626287,0.0,1.0
2023-02-21 00:00:00+00:00,396.26,400.16,393.69,396.35,1331920,389.9460950369,393.7839534396,387.4170447562,390.0346610001,1331920,0.0,1.0
2023-02-22 00:00:00+00:00,406.38,408.09,397.79,400.53,1688018,399.9048455587,401.5875988584,391.4517164103,394.1480579547,1688018,0.0,1.0
2023-02-23 00:00:00+00:00,411.88,416.24,404.04,410.83,2476097,405.3172099728,409.6077388537,397.6021305171,404.2839404028,2476097,0.0,1.0
2023-02-24 00:00:00+00:00,419.81,429.99,404.11,404.99,4044666,413.1208553915,423.1386498888,397.6710151551,398.5369934614,4044666,0.0,1.0
2023-02-27 00:00:00+00:00,412.62,422.55,412.0382,421.38,2166398,406.045419003,415.817196936,405.4728892546,414.6658394152,2166398,0.0,1.0
2023-02-28 00:00:00+00:00,407.18,413.0839,405.37,410.0,2218942,400.6920985644,406.5019273397,398.9109386391,403.4671654094,2218942,0.0,1.0
2023-03-01 00:00:00+00:00,401.27,406.38,396.42,405.0,1651058,394.876266985,399.9048455587,390.1035456381,398.546834124,1651058,0.0,1.0
2023-03-02 00:00:00+00:00,400.37,402.89,393.87,398.86,1516517,393.9906073536,396.4704543215,387.5941766825,392.5046673054,1516517,0.0,1.0
2023-03-03 00:00:00+00:00,408.52,410.72,400.09,401.59,1550932,402.0107473489,404.1756931145,393.7150688016,395.1911681873,1550932,0.0,1.0
2023-03-06 00:00:00+00:00,412.71,419.71,406.72,408.58,1459234,406.1339849662,413.0224487658,400.2394280862,402.0697913244,1459234,0.0,1.0
2023-03-07 00:00:00+00:00,409.29,418.2,408.44,413.08,1261512,402.7684783669,411.5365087176,401.9320220484,406.4980894813,1261512,0.0,1.0
2023-03-08 00:00:00+00:00,416.67,418.175,408.0,408.16,1448847,410.0308873443,411.5119070612,401.4990328952,401.6564834964,1448847,0.0,1.0
2023-03-09 00:00:00+00:00,404.58,424.68,403.74,418.8,1723758,398.133526296,417.9132580636,397.30691064,412.1269484719,1723758,0.0,1.0
2023-03-10 00:00:00+00:00,392.61,404.63,388.82,403.43,2855381,386.3542531985,398.1827296088,382.6246420841,397.0018501003,2855381,0.0,1.0
2023-03-13 00:00:00+00:00,391.56,397.82,384.05,392.41,2394706,385.3209836286,391.481238398,377.9306460378,386.1574399471,2394706,0.0,1.0
2023-03-14 00:00:00+00:00,408.3,409.14,398.95,400.63,2236668,401.7942527724,402.6208684283,392.5932332685,394.2464645804,2236668,0.0,1.0
2023-03-15 00:00:00+00:00,406.32,408.28,401.63,404.28,1852664,399.8458015833,401.7745714472,395.2305308375,397.8383064188,1852664,0.0,1.0
2023-03-16 00:00:00+00:00,418.15,420.28,401.205,405.39,1966165,411.4873054048,413.5833665324,394.8123026783,398.9306199642,1966165,0.0,1.0
2023-03-17 00:00:00+00:00,413.69,418.15,408.52,416.83,3124288,407.0983698981,411.4873054048,402.0107473489,410.1883379454,3124288,0.0,1.0
2023-03-20 00:00:00+00:00,411.84,413.775,405.76,412.16,1520124,405.2778473225,407.18201553,399.2947244793,405.5927485248,1520124,0.0,1.0
2023-03-21 00:00:00+00:00,422.03,422.69,411.19,414.34,1439703,415.3054824823,415.954966212,404.6382042554,407.7380129652,1439703,0.0,1.0
2023-03-22 00:00:00+00:00,414.21,428.24,414.01,420.73,1558469,407.6100843518,421.4165339389,407.4132711004,414.0261963481,1558469,0.0,1.0
2023-03-23 00:00:00+00:00,432.49,434.97,415.58,419.18,2738070,425.5988155315,428.0392998491,408.958255124,412.5008936496,2738070,0.0,1.0
2023-03-24 00:00:00+00:00,429.57,432.0,422.42,428.72,1659716,422.7253420608,425.1166230655,415.6892683226,421.8888857423,1659716,0.0,1.0
2023-03-27 00:00:00+00:00,426.94,431.53,423.24,429.65,1677030,420.1372478046,424.6541119247,416.4962026534,422.8040673614,1677030,0.0,1.0
2023-03-28 00:00:00+00:00,419.33,427.73,416.945,426.94,1322404,412.6485035881,420.9146601477,410.301505565,420.1372478046,1322404,0.0,1.0
2023-03-29 00:00:00+00:00,433.29,434.23,424.01,427.07,1320247,426.3860685372,427.3110908189,417.2539336713,420.2651764181,1320247,0.0,1.0
2023-03-30 00:00:00+00:00,440.09,442.41,437.42,439.72,1515729,433.0777190855,435.3607528019,430.450262179,432.7136145703,1515729,0.0,1.0
2023-03-31 00:00:00+00:00,445.83,448.04,441.4999,442.63,1700999,438.7262594012,440.9010458294,434.4651541013,435.5772473785,1700999,0.0,1.0
2023-04-03 00:00:00+00:00,440.67,443.01,436.16,443.01,1234130,433.6484775146,435.9511925562,429.2103386951,435.9511925562,1234130,0.0,1.0
2023-04-04 00:00:00+00:00,439.81,446.73,437.1101,440.15,1119989,432.8021805335,439.6119190326,430.1453000459,433.1367630609,1119989,0.0,1.0
2023-04-05 00:00:00+00:00,439.15,440.05,431.87,439.63,1494750,432.1526968038,433.0383564352,424.9886944521,432.6250486072,1494750,0.0,1.0
2023-04-06 00:00:00+00:00,446.76,447.94,432.3584,433.83,1673701,440.4090127008,441.5722382246,426.2121409189,427.6628211568,1673701,0.78,1.0
2023-04-10 00:00:00+00:00,444.72,445.96,435.9353,441.29,1165961,438.3980126428,439.6203852271,429.7381929323,435.0167723492,1165961,0.0,1.0
2023-04-11 00:00:00+00:00,437.5,443.61,434.3917,441.85,1267375,431.2806496925,437.303792023,428.2165362218,435.5688115808,1267375,0.0,1.0
2023-04-12 00:00:00+00:00,435.09,444.54,434.44,443.47,981740,428.9049094279,438.2205714612,428.2641496055,437.1657822151,981740,0.0,1.0
2023-04-13 00:00:00+00:00,441.81,443.53,438.185,439.47,970593,435.5293802072,437.2249292757,431.9559119668,433.2226448465,970593,0.0,1.0
2023-04-14 00:00:00+00:00,441.62,443.69,436.24,439.01,1328731,435.3420811821,437.3826547704,430.0385614214,432.7691840491,1328731,0.0,1.0
2023-04-17 00:00:00+00:00,440.09,443.91,435.96,443.91,988707,433.8338311387,437.5995273257,429.7625418056,437.5995273257,988707,0.0,1.0
2023-04-18 00:00:00+00:00,442.59,445.645,439.59,445.0,878399,436.298291994,439.3098631593,433.3409389676,438.6740322586,878399,0.0,1.0
2023-04-19 00:00:00+00:00,445.49,445.62,437.0,437.49,802660,439.1570665863,439.2852185508,430.7877575214,431.2707918491,802660,0.0,1.0
2023-04-20 00:00:00+00:00,447.4,451.12,439.88,439.88,1103720,441.0399146798,444.7070324326,433.6268164268,433.6268164268,1103720,0.0,1.0
2023-04-21 00:00:00+00:00,446.4,452.71,443.27,448.64,1280582,440.0541303376,446.2744295366,436.9686253467,442.2622872641,1280582,0.0,1.0
2023-04-24 00:00:00+00:00,442.32,450.23,439.6,450.07,1177159,436.0321302217,443.8296843681,433.350796811,443.6719588734,1177159,0.0,1.0
2023-04-25 00:00:00+00:00,419.83,438.578,418.85,436.95,2269137,413.8618403666,432.3433252133,412.8957717113,430.7384683043,2269137,0.0,1.0
2023-04-26 00:00:00+00:00,413.7,422.5135,412.94,418.32,1934413,407.8189823492,416.5071926488,407.0697862492,412.37330601,1934413,0.0,1.0
2023-04-27 00:00:00+00:00,429.16,430.39,414.34,416.86,1479255,423.0592082789,424.2717230198,408.4498843282,410.9340608704,1479255,0.0,1.0
2023-04-28 00:00:00+00:00,443.95,462.5,424.79,428.73,2538224,437.6389586994,455.9252582463,418.7513307037,422.6353210118,2538224,0.0,1.0
2023-05-01 00:00:00+00:00,442.51,446.74,439.97,441.79,1419390,436.2194292467,440.389297014,433.7155370176,435.5096645203,1419390,0.0,1.0
2023-05-02 00:00:00+00:00,436.46,445.37,430.8072,445.08,1213538,430.2554339766,439.0387724652,424.6829922473,438.752895006,1213538,0.0,1.0
2023-05-03 00:00:00+00:00,429.65,440.9617,428.2,440.2,1274811,423.5422426066,434.6931393497,422.1128553104,433.9422674163,1274811,0.0,1.0
2023-05-04 00:00:00+00:00,422.45,432.75,421.31,432.64,1283953,416.4445953431,426.5981740672,415.320801193,426.4897377896,1283953,0.0,1.0
2023-05-05 00:00:00+00:00,425.95,439.25,425.18,427.88,1800186,419.8948405406,433.0057722912,419.1357865971,421.797404321,1800186,0.0,1.0
2023-05-08 00:00:00+00:00,426.89,427.765,416.57,422.43,1359651,420.8214778222,421.6840391216,410.6481834112,416.4248796562,1359651,0.0,1.0
2023-05-09 00:00:00+00:00,427.68,430.5199,422.81,424.44,783699,421.6002474525,424.3997764058,416.7994777062,418.4063061839,783699,0.0,1.0
2023-05-10 00:00:00+00:00,431.52,436.31,426.93,432.98,1425131,425.3856593264,430.1075663253,420.8609091959,426.8249044659,1425131,0.0,1.0
2023-05-11 00:00:00+00:00,424.89,432.96,423.65,432.33,1573405,418.8499091379,426.8051887791,417.6275365536,426.1841446435,1573405,0.0,1.0
2023-05-12 00:00:00+00:00,427.62,430.01,424.3854,426.39,1224196,421.541100392,423.8971249697,418.3524823589,420.3285856511,1224196,0.0,1.0
2023-05-15 00:00:00+00:00,426.21,427.27,410.47,413.0,2088140,420.1511444696,421.1960758722,404.634898924,407.1289333097,2088140,0.0,1.0
2023-05-16 00:00:00+00:00,421.41,430.075,419.08,422.15,1574244,415.4193796272,423.961200952,413.12250211,416.1488600404,1574244,0.0,1.0
2023-05-17 00:00:00+00:00,431.86,432.85,420.15,423.32,1280973,425.7208260027,426.6967525015,414.1772913561,417.3022277207,1280973,0.0,1.0
2023-05-18 00:00:00+00:00,447.66,448.71,432.3195,433.56,1770944,441.2962186088,442.331292168,426.1737939079,427.3966593844,1770944,0.0,1.0
2023-05-19 00:00:00+00:00,446.03,450.27,444.82,449.52,1234465,439.689390131,443.8691157418,438.496591077,443.1297774852,1234465,0.0,1.0
2023-05-22 00:00:00+00:00,454.11,455.4,445.48,449.61,1948567,447.6545276157,448.926189417,439.1472087429,443.218498076,1948567,0.0,1.0
2023-05-23 00:00:00+00:00,449.8,460.75,449.8,455.58,2658638,443.405797101,454.2001356476,443.405797101,449.1036305986,2658638,0.0,1.0
2023-05-24 00:00:00+00:00,415.92,425.73,413.36,421.0,6664363,410.0074235888,419.6779679853,407.4838156729,415.0152080469,6664363,0.0,1.0
2023-05-25 00:00:00+00:00,413.1,421.0,407.535,418.5,4119755,407.2275117439,415.0152080469,401.7416218798,412.5507471915,4119755,0.0,1.0
2023-05-26 00:00:00+00:00,418.43,428.0,413.11,413.76,3287260,412.4817422876,421.915698442,407.2373695873,407.8781294097,3287260,0.0,1.0
2023-05-30 00:00:00+00:00,406.09,427.37,405.61,424.37,3400667,400.3171635054,421.2946543065,399.8439870212,418.33730128,3400667,0.0,1.0
2023-05-31 00:00:00+00:00,419.12,420.25,400.22,400.79,6169442,413.1619334837,414.2758697903,394.530609417,395.092506492,6169442,0.0,1.0
2023-06-01 00:00:00+00:00,422.12,426.0,416.26,417.59,1910494,416.1192865101,419.9441297577,410.3425902651,411.6536834402,1910494,0.0,1.0
2023-06-02 00:00:00+00:00,430.49,432.605,423.25,423.25,1702180,424.370301454,426.4552353376,417.2332228168,417.2332228168,1702180,0.0,1.0
2023-06-05 00:00:00+00:00,442.84,444.775,429.97,430.45,2201423,436.5447380796,438.4522307816,423.8576935961,424.3308700803,2201423,0.0,1.0
2023-06-06 00:00:00+00:00,448.49,458.115,446.07,446.62,1839580,442.1144196127,451.602593906,439.7288215047,440.2710028929,1839580,0.0,1.0
2023-06-07 00:00:00+00:00,422.36,452.93,421.441,448.12,2429926,416.3558747523,446.4913020919,415.4499389418,441.7496794062,2429926,0.0,1.0
2023-06-08 00:00:00+00:00,423.36,427.5,419.3,421.38,1612358,417.3416590944,421.4228062709,413.3393746653,415.3898060969,1612358,0.0,1.0
2023-06-09 00:00:00+00:00,431.55,432.05,420.25,422.81,1696638,425.4152328567,425.9081250277,414.2758697903,416.7994777062,1696638,0.0,1.0
2023-06-12 00:00:00+00:00,446.12,446.94,434.58,435.3,1937354,439.7781107218,440.5864538824,428.4021594134,429.1119241397,1937354,0.0,1.0
2023-06-13 00:00:00+00:00,447.55,451.99,442.0,451.65,1324362,441.1877823311,445.5646648103,435.7166792322,445.229498134,1324362,0.0,1.0
2023-06-14 00:00:00+00:00,446.22,453.37,440.46,447.97,1709349,439.8766891561,446.9250472025,434.1985713453,441.6018117548,1709349,0.0,1.0
2023-06-15 00:00:00+00:00,456.31,459.16,441.04,442.19,1658302,449.8232531684,452.6327385435,434.7703262637,435.9039782572,1658302,0.0,1.0
2023-06-16 00:00:00+00:00,455.03,461.69,450.19,461.27,2619607,448.5614492104,455.1267729292,443.7902529944,454.7127435055,2619607,0.0,1.0
2023-06-20 00:00:00+00:00,455.13,461.0,451.115,454.31,1395163,448.6600276447,454.4465817331,444.7021035109,447.8516844841,1395163,0.0,1.0
2023-06-21 00:00:00+00:00,450.53,455.515,449.29,454.7,1106561,444.1254196707,449.0395546164,442.9030470865,448.2361403775,1106561,0.0,1.0
2023-06-22 00:00:00+00:00,450.84,451.76,445.65,448.75,1034818,444.4310128168,445.3379344116,439.314792081,442.3707235417,1034818,0.0,1.0
2023-06-23 00:00:00+00:00,452.69,457.085,442.74,443.86,1489922,446.2547138498,450.5872360336,436.4461596454,437.5502381086,1489922,0.0,1.0
2023-06-26 00:00:00+00:00,453.3,462.42,451.66,451.66,1418201,446.8560422985,455.846395499,445.2393559774,445.2393559774,1418201,0.0,1.0
2023-06-27 00:00:00+00:00,459.03,460.81,453.3,455.89,1253805,452.5045865791,454.2592827081,446.8560422985,449.4092237447,1253805,0.0,1.0
2023-06-28 00:00:00+00:00,459.63,459.91,452.51,459.16,1495644,453.0960571843,453.3720768001,446.0772726682,452.6327385435,1495644,0.0,1.0
2023-06-29 00:00:00+00:00,455.82,460.95,453.38,460.74,1133142,449.3402188407,454.397292516,446.9349050459,454.1902778041,1133142,0.0,1.0
2023-06-30 00:00:00+00:00,458.19,461.98,454.16,456.78,1967137,451.6765277316,455.4126503884,447.7038168328,450.2865718092,1967137,0.0,1.0
2023-07-03 00:00:00+00:00,451.57,454.98,448.995,452.74,1454518,445.1506353866,448.5121599933,442.6122407055,446.3040030669,1454518,0.0,1.0
2023-07-05 00:00:00+00:00,457.84,458.27,447.01,448.0,1360766,451.3315032119,451.755390479,440.6554587864,441.6313852851,1360766,0.0,1.0
2023-07-06 00:00:00+00:00,451.5,453.855,444.19,450.4,1157039,445.0816304826,447.4031526084,437.8755469415,443.9972677063,1157039,0.0,1.0
2023-07-07 00:00:00+00:00,448.19,457.42,447.83,450.73,847841,442.587596097,451.7022205018,442.2320961202,445.0958459332,847841,0.78,1.0
2023-07-10 00:00:00+00:00,464.33,466.59,447.01,447.49,2217700,458.5258450561,460.7575949104,441.4223461731,441.8963461421,2217700,0.0,1.0
2023-07-11 00:00:00+00:00,463.7,466.88,455.56,465.65,1176635,457.9037200968,461.0439698917,449.8654706217,459.829344971,1176635,0.0,1.0
2023-07-12 00:00:00+00:00,476.84,478.43,469.23,472.26,1681573,470.8794692494,472.4495941469,463.3645947401,466.3567195447,1681573,0.0,1.0
2023-07-13 00:00:00+00:00,481.35,483.61,478.65,480.15,1477676,475.3330939586,477.5648438128,472.6668441327,474.1480940359,1477676,0.0,1.0
2023-07-14 00:00:00+00:00,483.99,486.48,478.433,479.0,1158078,477.9400937883,480.3989686277,472.4525566467,473.0124691101,1158078,0.0,1.0
2023-07-17 00:00:00+00:00,490.82,492.74,480.48,481.95,1330551,484.6847183478,486.580718224,474.4739690147,475.9255939199,1330551,0.0,1.0
2023-07-18 00:00:00+00:00,495.43,497.69,488.5,490.8,1242789,489.2370930506,491.4688429048,482.3937184975,484.6649683491,1242789,0.0,1.0
2023-07-19 00:00:00+00:00,500.56,508.09,498.25,503.87,2003814,494.3029677197,501.7388422341,492.0218428687,497.5715925063,2003814,0.0,1.0
2023-07-20 00:00:00+00:00,491.78,503.385,490.93,498.13,1277037,485.6327182859,497.0926550376,484.7933433408,491.9033428764,1277037,0.0,1.0
2023-07-21 00:00:00+00:00,492.52,501.94,491.93,496.86,4574072,486.3634682382,495.6657176307,485.7808432763,490.6492179583,4574072,0.0,1.0
2023-07-24 00:00:00+00:00,488.5,498.57,485.92,496.59,1251727,482.3937184975,492.3378428481,479.8459686638,490.3825929757,1251727,0.0,1.0
2023-07-25 00:00:00+00:00,496.47,499.84,488.79,488.79,1122659,490.2640929835,493.5919677662,482.6800934788,482.6800934788,1122659,0.0,1.0
2023-07-26 00:00:00+00:00,496.86,498.77,491.9,492.7,1761130,490.6492179583,492.5353428352,485.7512182782,486.5412182266,1761130,0.0,1.0
2023-07-27 00:00:00+00:00,496.53,505.8,494.79,504.13,1620307,490.3233429796,499.4774673818,488.6050930918,497.8283424895,1620307,0.0,1.0
2023-07-28 00:00:00+00:00,511.84,513.22,501.49,501.49,1867150,505.4419669923,506.8047169033,495.2213426598,495.2213426598,1867150,0.0,1.0
2023-07-31 00:00:00+00:00,511.7,514.14,508.56,511.55,1531084,505.3037170013,507.713216844,502.2029672038,505.155592011,1531084,0.0,1.0
2023-08-01 00:00:00+00:00,508.5,510.56,502.83,510.56,1495968,502.1437172077,504.1779670748,496.5445925733,504.1779670748,1495968,0.0,1.0
2023-08-02 00:00:00+00:00,498.05,503.33,492.82,501.77,1170340,491.8243428816,497.0383425411,486.6597182189,495.4978426417,1170340,0.0,1.0
2023-08-03 00:00:00+00:00,496.98,500.32,490.96,495.34,912035,490.7677179506,494.0659677352,484.8229683388,489.1482180564,912035,0.0,1.0
2023-08-04 00:00:00+00:00,496.98,508.865,496.27,503.23,1179056,490.7677179506,502.5041546842,490.0665929964,496.9395925475,1179056,0.0,1.0
2023-08-07 00:00:00+00:00,505.26,505.93,499.825,500.35,784242,498.9442174166,499.6058423734,493.5771552671,494.0955927333,784242,0.0,1.0
2023-08-08 00:00:00+00:00,500.81,501.45,491.125,499.79,987116,494.5498427036,495.1818426623,484.9859058282,493.5425927694,987116,0.0,1.0
2023-08-09 00:00:00+00:00,496.7,503.15,494.09,501.28,1081644,490.4912179687,496.8605925527,487.913843137,495.0139676733,1081644,0.0,1.0
2023-08-10 00:00:00+00:00,501.47,510.75,498.34,504.0,1012751,495.201592661,504.3655920626,492.1107178629,497.6999674979,1012751,0.0,1.0
2023-08-11 00:00:00+00:00,497.77,503.8037,496.24,497.81,1005612,491.5478428997,497.5061212605,490.0369679983,491.5873428971,1005612,0.0,1.0
2023-08-14 00:00:00+00:00,505.8,506.7,495.25,497.55,1453197,499.4774673818,500.3662173238,489.0593430622,491.3305929138,1453197,0.0,1.0
2023-08-15 00:00:00+00:00,497.18,506.1581,495.79,502.35,1136693,490.9652179377,499.8310911087,489.5925930273,496.0705926043,1136693,0.0,1.0
2023-08-16 00:00:00+00:00,495.65,504.09,495.49,497.11,1056326,489.4543430364,497.7888424921,489.2963430467,490.8960929422,1056326,0.0,1.0
2023-08-17 00:00:00+00:00,486.45,496.81,485.15,495.85,1098807,480.3693436297,490.5998429616,479.0855937135,489.6518430235,1098807,0.0,1.0
2023-08-18 00:00:00+00:00,485.96,488.77,477.76,479.91,954438,479.8854686613,482.66034348,471.7879691901,473.9110940514,954438,0.0,1.0
2023-08-21 00:00:00+00:00,488.26,490.0,481.88,487.77,1206120,482.1567185129,483.8749684007,475.8564689244,481.6728435445,1206120,0.0,1.0
2023-08-22 00:00:00+00:00,487.9,494.43,485.96,490.18,898744,481.8012185362,488.249593115,479.8854686613,484.0527183891,898744,0.0,1.0
2023-08-23 00:00:00+00:00,500.86,503.115,489.27,489.27,1458568,494.5992177004,496.826030055,483.1540934478,483.1540934478,1458568,0.0,1.0
2023-08-24 00:00:00+00:00,498.5,508.55,496.45,504.42,2217620,492.2687178526,502.1930922045,490.2443429848,498.1147174708,2217620,0.0,1.0
2023-08-25 00:00:00+00:00,519.05,521.82,494.24,494.24,2457516,512.5618415273,515.2972163487,488.0619681273,488.0619681273,2457516,0.0,1.0
2023-08-28 00:00:00+00:00,518.87,522.675,513.83,519.05,1307946,512.3840915389,516.1415287936,507.407091864,512.5618415273,1307946,0.0,1.0
2023-08-29 00:00:00+00:00,536.49,537.47,516.63,517.85,1570163,529.7838404027,530.7515903395,510.1720916834,511.3768416047,1570163,0.0,1.0
2023-08-30 00:00:00+00:00,540.58,542.995,536.2806,537.7,1688030,533.8227151389,536.2075274832,529.5770579162,530.9787153246,1688030,0.0,1.0
2023-08-31 00:00:00+00:00,541.81,545.0,534.59,540.58,1776266,535.0373400596,538.1874648539,527.9075905252,533.8227151389,1776266,0.0,1.0
2023-09-01 00:00:00+00:00,549.6,549.85,540.46,545.33,1336680,542.7299645572,542.9768395411,533.7042151466,538.5133398326,1336680,0.0,1.0
2023-09-05 00:00:00+00:00,550.58,555.0,545.54,548.64,1372214,543.697714494,548.062464209,538.720714819,541.7819646191,1372214,0.0,1.0
2023-09-06 00:00:00+00:00,550.95,553.62,545.61,549.42,1236979,544.0630894702,546.699714298,538.7898398145,542.5522145688,1236979,0.0,1.0
2023-09-07 00:00:00+00:00,553.61,557.46,547.915,549.82,1209740,546.6898392986,550.4917140503,541.0660271659,542.947214543,1209740,0.0,1.0
2023-09-08 00:00:00+00:00,550.56,558.64,549.77,552.31,1245048,543.6779644953,551.6569639742,542.8978395463,545.4060893825,1245048,0.0,1.0
2023-09-11 00:00:00+00:00,549.3,553.69,547.977,551.21,1242473,542.4337145766,546.7688392935,541.1272521619,544.3198394534,1242473,0.0,1.0
2023-09-12 00:00:00+00:00,546.0,547.72,540.01,543.0,1312617,539.1749647894,540.8734646785,533.2598401757,536.2124649828,1312617,0.0,1.0
2023-09-13 00:00:00+00:00,541.95,545.65,538.86,544.24,1136345,535.1755900506,538.829339812,532.1242152498,537.4369649029,1136345,0.0,1.0
2023-09-14 00:00:00+00:00,547.6,549.52,537.96,545.12,973363,540.7549646862,542.6509645624,531.2354653079,538.3059648461,973363,0.0,1.0
2023-09-15 00:00:00+00:00,538.08,548.15,537.01,548.14,2445493,531.3539653001,541.2980896507,530.2973403691,541.2882146514,2445493,0.0,1.0
2023-09-18 00:00:00+00:00,535.01,538.43,533.75,536.32,886950,528.3223404981,531.6995902776,527.0780905794,529.6159654136,886950,0.0,1.0
2023-09-19 00:00:00+00:00,529.19,530.84,526.1272,530.13,1026469,522.5750908734,524.204465767,519.5505760709,523.5033408128,1026469,0.0,1.0
2023-09-20 00:00:00+00:00,523.59,531.42,523.41,531.1,945336,517.0450912346,524.7772157296,516.8673412462,524.4612157503,945336,0.0,1.0
2023-09-21 00:00:00+00:00,504.37,521.37,503.36,519.58,1729584,498.065342474,514.8528413777,497.0679675392,513.0852164932,1729584,0.0,1.0
2023-09-22 00:00:00+00:00,508.57,512.135,500.66,504.0,1233830,502.2128422032,505.7332794733,494.4017177133,497.6999674979,1233830,0.0,1.0
2023-09-25 00:00:00+00:00,508.31,511.2,504.35,506.21,1279186,501.9560922199,504.8099670336,498.0455924753,499.8823423554,1279186,0.0,1.0
2023-09-26 00:00:00+00:00,503.19,508.87,500.19,507.54,1233594,496.9000925501,502.5090921838,493.9375927436,501.1957172696,1233594,0.0,1.0
2023-09-27 00:00:00+00:00,508.24,511.43,502.965,507.58,1260160,501.8869672245,505.0370920187,496.6779050646,501.235217267,1260160,0.0,1.0
2023-09-28 00:00:00+00:00,512.24,517.67,501.18,504.46,1262675,505.8369669665,511.1990916163,494.9152176797,498.1542174682,1262675,0.0,1.0
2023-09-29 00:00:00+00:00,510.94,524.12,507.985,522.03,1499651,504.5532170503,517.5684662004,501.6351547409,515.5045913352,1499651,0.0,1.0
2023-10-02 00:00:00+00:00,517.8,518.27,508.915,510.83,1621597,511.327466608,511.7915915776,502.5535296809,504.4445920574,1621597,0.0,1.0
2023-10-03 00:00:00+00:00,507.48,518.47,504.38,511.29,1741641,501.1364672735,511.9890915647,498.0752174734,504.8988420278,1741641,0.0,1.0
2023-10-04 00:00:00+00:00,517.46,519.9,508.67,513.34,1560992,510.9917166299,513.4012164725,502.3115921967,506.9232168956,1560992,0.0,1.0
2023-10-05 00:00:00+00:00,516.3,520.08,510.56,516.0,1118698,510.7349666466,514.4742232299,505.0568362795,510.4382002511,1118698,0.9,1.0
2023-10-06 00:00:00+00:00,533.3,534.66,511.28,512.0,1766691,527.551729058,528.8970700509,505.7690756287,506.4813149779,1766691,0.0,1.0
2023-10-09 00:00:00+00:00,534.91,535.55,526.25,527.76,1047706,529.1443753805,529.7774770242,520.5777187639,522.0714429545,1047706,0.0,1.0
2023-10-10 00:00:00+00:00,540.11,545.26,530.66,532.15,1369522,534.2883262358,539.3828160251,524.9401847777,526.414124542,1369522,0.0,1.0
2023-10-11 00:00:00+00:00,541.58,544.61,536.76,541.65,884180,535.7424815737,538.7398221682,530.9744348194,535.811727066,884180,0.0,1.0
2023-10-12 00:00:00+00:00,543.41,550.12,540.62,545.09,1520739,537.5527565862,544.1904316321,534.7928291081,539.214648401,1520739,0.0,1.0
2023-10-13 00:00:00+00:00,533.05,545.63,530.3,543.41,1627077,527.3044237284,539.7488279129,524.5840651031,537.5527565862,1627077,0.0,1.0
2023-10-16 00:00:00+00:00,540.9,543.5,534.47,539.84,1063965,535.0698110772,537.6417865048,528.7091180004,534.0212364798,1063965,0.0,1.0
2023-10-17 00:00:00+00:00,538.78,546.07,533.0601,535.97,1396185,532.9726618824,540.1840852929,527.3144148638,530.1929499779,1396185,0.0,1.0
2023-10-18 00:00:00+00:00,527.42,537.15,525.565,535.3,1143116,521.7351077063,531.3602311335,519.9001021608,529.5301716947,1143116,0.0,1.0
2023-10-19 00:00:00+00:00,521.52,534.09,519.895,530.5,1328345,515.8987019283,528.3332138995,514.291217286,524.7819093667,1328345,0.0,1.0
2023-10-20 00:00:00+00:00,506.81,521.54,504.77,520.29,1873342,501.3472563358,515.9184863546,499.3292448465,514.6819597067,1873342,0.0,1.0
2023-10-23 00:00:00+00:00,504.03,513.11,498.48,505.0,1523255,498.5972210709,507.5793506412,493.1070427542,499.5567657497,1523255,0.0,1.0
2023-10-24 00:00:00+00:00,505.82,513.14,499.45,506.49,958991,500.3679272307,507.6090272808,494.066587433,501.030705514,958991,0.0,1.0
2023-10-25 00:00:00+00:00,483.03,500.595,482.28,500.4,2459416,477.8235733863,495.1992458425,477.0816573975,495.0063476854,2459416,0.0,1.0
2023-10-26 00:00:00+00:00,479.45,486.92,473.56,483.0,1584356,474.2821610667,481.6716443145,468.4556475018,477.7938967467,1584356,0.0,1.0
2023-10-27 00:00:00+00:00,479.52,482.51,473.89,479.64,1563779,474.351406559,477.3091783007,468.7820905369,474.4701131172,1563779,0.0,1.0
2023-10-30 00:00:00+00:00,487.5,489.69,481.79,483.69,1410169,482.2453926791,484.4117873662,476.5969389516,478.4764594564,1410169,0.0,1.0
2023-10-31 00:00:00+00:00,494.95,496.5999,485.445,489.02,1071966,489.6150915006,491.2472077537,480.21254287,483.749009083,1071966,0.0,1.0
2023-11-01 00:00:00+00:00,489.17,493.51,481.94,492.69,2041348,483.8973922807,488.1906128022,476.7453221493,487.3794513212,2041348,0.0,1.0
2023-11-02 00:00:00+00:00,500.35,504.0,490.35,498.91,1509216,494.9568866195,498.5675444314,485.0646734363,493.5324079211,1509216,0.0,1.0
2023-11-03 00:00:00+00:00,498.51,502.96,489.55,492.88,2419602,493.1367193938,497.5387542603,484.2732963817,487.5674033717,2419602,0.0,1.0
2023-11-06 00:00:00+00:00,500.5,500.62,494.35,499.08,1475506,495.1052698172,495.2239763754,489.0215587096,493.7005755452,1475506,0.0,1.0
2023-11-07 00:00:00+00:00,513.91,517.33,506.97,508.18,1409378,508.3707276959,511.7538646045,501.5055317468,502.7024895419,1409378,0.0,1.0
2023-11-08 00:00:00+00:00,522.38,524.235,515.33,521.21,1428565,516.749432262,518.5844378075,509.7754219679,515.5920433196,1428565,0.0,1.0
2023-11-09 00:00:00+00:00,514.54,527.2668,513.97,518.64,1384191,508.9939371264,521.5835590004,508.430080975,513.0497445315,1384191,0.0,1.0
2023-11-10 00:00:00+00:00,528.89,530.075,516.25,519.53,1147845,523.1892630442,524.3614903064,510.6855055807,513.9301515048,1147845,0.0,1.0
2023-11-13 00:00:00+00:00,532.18,534.43,523.32,525.63,1177203,526.4438011815,528.6695491477,517.6793003012,519.9644015465,1177203,0.0,1.0
2023-11-14 00:00:00+00:00,555.52,557.99,541.4,541.4,2005762,549.532226751,551.9756034072,535.5644217364,535.5644217364,2005762,0.0,1.0
2023-11-15 00:00:00+00:00,555.54,567.025,554.68,558.99,1711334,549.5520111774,560.9132180182,548.7012808436,552.9648247256,1711334,0.0,1.0
2023-11-16 00:00:00+00:00,556.95,560.48,552.6801,557.21,1198426,550.9468132362,554.4387644899,546.7229371291,551.204010779,1198426,0.0,1.0
2023-11-17 00:00:00+00:00,560.16,561.19,554.02,556.64,1127087,554.122213668,555.1411116259,548.0483947735,550.6401546275,1127087,0.0,1.0
2023-11-20 00:00:00+00:00,564.5,565.585,558.84,564.0,1008840,558.4154341895,559.4887393199,552.8164415278,557.9208235303,1008840,0.0,1.0
2023-11-21 00:00:00+00:00,562.18,564.9,560.0,560.09,1001143,556.120440731,558.8111227168,553.9639382571,554.0529681757,1001143,0.0,1.0
2023-11-22 00:00:00+00:00,564.23,571.82,563.49,567.99,899309,558.1483444335,565.6565342396,557.416320658,561.8678165904,899309,0.0,1.0
2023-11-24 00:00:00+00:00,564.07,564.915,560.05,562.49,607281,557.9900690226,558.8259610366,554.013399323,556.4270993397,607281,0.0,1.0
2023-11-27 00:00:00+00:00,561.23,566.28,559.0,561.91,1633679,555.1806804786,560.1762481361,552.9747169387,555.853350975,1633679,0.0,1.0
2023-11-28 00:00:00+00:00,565.07,567.15,557.95,559.6,1745478,558.9792903409,561.036870683,551.9360345545,553.5682497297,1745478,0.0,1.0
2023-11-29 00:00:00+00:00,577.23,599.0,575.9,582.99,2489834,571.0082215716,592.5435696714,569.6925572183,576.7061363651,2489834,0.0,1.0
2023-11-30 00:00:00+00:00,571.46,582.16,565.69,577.39,1941118,565.300414565,575.8850826709,559.5926075583,571.1664969826,1941118,0.0,1.0
2023-12-01 00:00:00+00:00,574.32,576.68,564.445,571.4,1334098,568.1295875353,570.4641498466,558.361027017,565.2410612859,1334098,0.0,1.0
2023-12-04 00:00:00+00:00,570.47,571.18,560.68,568.62,1335831,564.3210854598,565.0234325958,554.6366087535,562.4910260209,1335831,0.0,1.0
2023-12-05 00:00:00+00:00,571.78,572.265,563.39,565.34,988869,565.6169653868,566.0967377262,557.3173985262,559.2463800969,988869,0.0,1.0
2023-12-06 00:00:00+00:00,566.23,576.2199,565.7,575.4,1108465,560.1267870702,570.009009118,559.6024997715,569.1979465591,1108465,0.0,1.0
2023-12-07 00:00:00+00:00,571.49,573.0,564.87,570.23,898919,565.3300912045,566.8238153952,558.7814460773,564.0836723434,898919,0.0,1.0
2023-12-08 00:00:00+00:00,573.9,574.6299,564.39,566.16,1195183,567.7141145817,568.4361472219,558.3066198445,560.0575415779,1195183,0.0,1.0
2023-12-11 00:00:00+00:00,586.66,589.06,577.0,577.32,1617276,580.3365786034,582.7107097673,570.7807006684,571.0972514903,1617276,0.0,1.0
2023-12-12 00:00:00+00:00,594.18,594.87,583.538,588.27,1251984,587.7755229171,588.4580856267,577.2482296476,581.9292249259,1251984,0.0,1.0
2023-12-13 00:00:00+00:00,610.22,610.43,593.705,598.05,1606639,603.6426328629,603.8503693397,587.3056427909,591.603809419,1606639,0.0,1.0
2023-12-14 00:00:00+00:00,601.18,617.61,595.955,614.69,2546779,594.7000721453,610.9529784053,589.5313907571,608.0644521558,2546779,0.0,1.0
2023-12-15 00:00:00+00:00,608.51,611.865,602.1,602.1,3455566,601.9510644086,605.2699019315,595.6101557582,595.6101557582,3455566,0.0,1.0
2023-12-18 00:00:00+00:00,618.43,620.29,609.74,610.38,1538779,611.7641398863,613.6040915383,603.1678066301,603.8009082738,1538779,0.0,1.0
2023-12-19 00:00:00+00:00,621.46,622.21,614.71,615.48,1250640,614.7614804808,615.5033964695,608.0842365821,608.8459369972,1250640,0.0,1.0
2023-12-20 00:00:00+00:00,615.71,627.83,615.5,619.02,1536641,609.0734579005,621.0628202784,608.8657214236,612.3477804641,1536641,0.0,1.0
2023-12-21 00:00:00+00:00,620.99,623.615,618.18,620.0,1000975,614.2965464612,616.8932524217,611.5168345567,613.317217356,1000975,0.0,1.0
2023-12-22 00:00:00+00:00,624.07,625.145,617.68,622.825,820797,617.3433481216,618.4067610388,611.0222238975,616.1117675803,820797,0.0,1.0
2023-12-26 00:00:00+00:00,624.85,628.33,622.73,625.17,638341,618.1149407499,621.5574309376,616.017791555,618.4314915717,638341,0.0,1.0
2023-12-27 00:00:00+00:00,629.12,629.8,622.26,623.99,724372,622.3389157791,623.0115862755,615.5528575354,617.2642104161,724372,0.0,1.0
2023-12-28 00:00:00+00:00,628.02,631.07,627.18,630.74,680662,621.2507723289,624.2678973498,620.4198264215,623.9414543147,680662,0.0,1.0
2023-12-29 00:00:00+00:00,625.03,630.83,622.46,628.02,724658,618.2930005872,624.0304842334,615.7507017991,621.2507723289,724658,0.0,1.0
2024-01-02 00:00:00+00:00,603.76,623.06,599.63,622.25,1666847,597.2522631466,616.3442345901,593.1667791019,615.5429653222,1666847,0.0,1.0
2024-01-03 00:00:00+00:00,591.14,598.38,589.41,597.56,1439566,584.7682901094,591.930252454,583.0569372287,591.119090973,1439566,0.0,1.0
2024-01-04 00:00:00+00:00,586.82,594.51,585.81,590.61,956779,580.4948540143,588.1019659522,579.4957404828,584.2440028107,956779,0.0,1.0
2024-01-05 00:00:00+00:00,589.02,592.17,586.15,586.82,838847,582.6711409146,585.7871880673,579.832075731,580.4948540143,838847,0.0,1.0
2024-01-08 00:00:00+00:00,598.38,600.55,591.915,593.1,1689863,591.930252454,594.0768627148,585.5349366311,586.7071638933,1689863,0.0,1.0
2024-01-09 00:00:00+00:00,605.18,606.74,590.1434,591.15,1271101,599.5472566051,601.0927368263,584.6506105185,585.6478415382,1271101,0.9,1.0
2024-01-10 00:00:00+00:00,608.7,613.36,603.02,603.12,1292359,603.0344940274,607.6511208422,597.4073609141,597.506430159,1292359,0.0,1.0
2024-01-11 00:00:00+00:00,608.71,615.67,600.51,611.17,1315257,603.0444009519,609.9396204006,594.9207228658,605.4815043777,1315257,0.0,1.0
2024-01-12 00:00:00+00:00,611.8,613.99,606.08,612.0,802389,606.1056406209,608.2752570854,600.4388798096,606.3037791108,802389,0.0,1.0
2024-01-16 00:00:00+00:00,603.83,612.96,601.22,607.75,1433123,598.2098217982,607.2548438624,595.6241145049,602.0933362004,1433123,0.0,1.0
2024-01-17 00:00:00+00:00,599.84,601.84,593.285,600.56,1539978,594.2569589246,596.2383438236,587.7629699179,594.9702574883,1539978,0.0,1.0
2024-01-18 00:00:00+00:00,611.36,612.115,601.8,603.4,1147774,605.6697359432,606.4177087425,596.1987161257,597.7838240449,1147774,0.0,1.0
2024-01-19 00:00:00+00:00,622.18,624.15,610.97,614.88,1334432,616.389028247,618.3406923726,605.2833658878,609.1569733655,1334432,0.0,1.0
2024-01-22 00:00:00+00:00,630.61,632.44,626.0,626.55,954374,624.7405655966,626.5535327792,620.1734734042,620.7183542515,954374,0.0,1.0
2024-01-23 00:00:00+00:00,635.82,636.69,624.14,630.59,853729,629.9020732586,630.7639756897,618.3307854481,624.7207517476,853729,0.0,1.0
2024-01-24 00:00:00+00:00,636.18,644.73,634.8,641.75,1016956,630.2587225404,638.7291429839,628.8915669601,635.7768794843,1016956,0.0,1.0
2024-01-25 00:00:00+00:00,641.49,649.47,637.07,649.47,1043447,635.5192994474,643.4250251946,631.1404388205,643.4250251946,1043447,0.0,1.0
2024-01-26 00:00:00+00:00,641.36,646.2,639.7058,642.8,770859,635.390509429,640.1854608847,633.751705979,636.8171065563,770859,0.0,1.0
2024-01-29 00:00:00+00:00,652.88,654.02,642.085,643.0,869353,646.8032864475,647.93267584,636.1087614549,637.0152450462,869353,0.0,1.0
2024-01-30 00:00:00+00:00,647.72,652.14,646.13,647.89,1114646,641.691313408,646.0701740349,640.1161124132,641.8597311244,1114646,0.0,1.0
2024-01-31 00:00:00+00:00,631.33,642.525,626.205,641.83,1208581,625.4538641602,636.5446661327,620.3765653564,635.8561348803,1208581,0.0,1.0
2024-02-01 00:00:00+00:00,632.86,634.88,623.195,631.52,1034142,626.969623608,628.970822356,617.3945810833,625.6420957256,1034142,0.0,1.0
2024-02-02 00:00:00+00:00,639.58,642.53,628.22,628.22,1287275,633.6270768688,636.5496195949,622.3728106422,622.3728106422,1287275,0.0,1.0
2024-02-05 00:00:00+00:00,640.6,641.86,629.28,638.68,1007974,634.6375831673,635.8858556537,623.4229446387,632.7354536642,1007974,0.0,1.0
2024-02-06 00:00:00+00:00,635.3,645.85,630.95,644.59,908634,629.3869131848,639.8387185274,625.0774010294,638.590446041,908634,0.0,1.0
2024-02-07 00:00:00+00:00,643.17,649.31,636.975,640.54,970633,637.1836627626,643.2665144027,631.0463230378,634.5781416204,970633,0.0,1.0
2024-02-08 00:00:00+00:00,653.07,654.24,643.17,646.43,1005760,646.9915180129,648.1506281789,637.1836627626,640.4133201481,1005760,0.0,1.0
2024-02-09 00:00:00+00:00,658.16,662.83,654.69,657.53,1005195,652.034142581,656.6606763203,648.5964397812,651.4100063378,1005195,0.0,1.0
2024-02-12 00:00:00+00:00,656.99,659.72,651.89,655.72,1279158,650.8750324151,653.5796228023,645.8225009225,649.6168530042,1279158,0.0,1.0
2024-02-13 00:00:00+00:00,638.29,646.4,628.7,634.53,1785301,632.3490836089,640.3835993746,622.848343018,628.6240799987,1785301,0.0,1.0
2024-02-14 00:00:00+00:00,657.13,657.645,642.99,642.99,1285456,651.013729358,651.5239359695,637.0053381217,637.0053381217,1285456,0.0,1.0
2024-02-15 00:00:00+00:00,664.28,664.83,657.0,662.66,1438184,658.0971803721,658.6420612194,650.8849393396,656.4922586039,1438184,0.0,1.0
2024-02-16 00:00:00+00:00,655.74,663.0,651.12,662.96,1336802,649.6366668532,656.8290940368,645.0596677364,656.7894663388,1336802,0.0,1.0
2024-02-20 00:00:00+00:00,645.91,655.44,641.047,650.71,1470601,639.8981600743,649.3394591183,635.0804226923,644.6534838321,1470601,0.0,1.0
2024-02-21 00:00:00+00:00,638.27,643.84,630.52,640.5,1146180,632.3292697599,637.8474267038,624.6514032761,634.5385139224,1146180,0.0,1.0
2024-02-22 00:00:00+00:00,657.92,659.38,649.5208,650.08,1975613,651.7963763932,653.2427873695,643.4753523711,644.0293475889,1975613,0.0,1.0
2024-02-23 00:00:00+00:00,659.81,668.24,646.15,652.76,1740445,653.6687851228,662.0203224723,640.1359262622,646.6844033536,1740445,0.0,1.0
2024-02-26 00:00:00+00:00,663.84,668.285,651.455,659.04,1579381,657.6612756944,662.0649036325,645.391549707,652.9059519366,1579381,0.0,1.0
2024-02-27 00:00:00+00:00,669.36,670.73,661.33,665.0,1059221,663.1298980157,664.4871466716,655.174637646,658.8104789358,1059221,0.0,1.0
2024-02-28 00:00:00+00:00,659.16,665.73,656.2647,661.9,1059682,653.0248350306,659.533684424,650.1564831814,655.7393323423,1059682,0.0,1.0
2024-02-29 00:00:00+00:00,662.89,667.57,660.0,661.52,1934125,656.7201178673,661.3565585311,653.8570166882,655.3628692115,1934125,0.0,1.0
2024-03-01 00:00:00+00:00,666.52,667.11,656.22,659.05,1003879,660.3163314591,660.9008400043,650.112199229,652.9158588611,1003879,0.0,1.0
2024-03-04 00:00:00+00:00,668.41,671.01,660.6,664.34,896779,662.1887401887,664.7645405575,654.4514321579,658.1566219191,896779,0.0,1.0
2024-03-05 00:00:00+00:00,639.73,665.52,631.6,664.66,1382219,633.7756807362,659.3256390096,625.7213511216,658.473643503,1382219,0.0,1.0
2024-03-06 00:00:00+00:00,650.28,650.98,640.3,645.77,1071093,644.2274860788,644.9209707934,634.3403754325,639.7594631314,1071093,0.0,1.0
2024-03-07 00:00:00+00:00,649.34,657.0,646.56,656.0,903200,643.2962351762,650.8849393396,640.5421101665,649.8942468901,903200,0.0,1.0
2024-03-08 00:00:00+00:00,651.73,657.2,641.88,644.15,1054477,645.6639901306,651.0830778295,635.9056695027,638.1545413632,1054477,0.0,1.0
2024-03-11 00:00:00+00:00,650.87,653.16,638.61,649.15,1045441,644.811994624,647.0806803334,632.6661051928,643.1080036108,1045441,0.0,1.0
2024-03-12 00:00:00+00:00,662.64,666.46,647.63,655.73,1092323,656.4724447549,660.2568899121,641.6021510875,649.6267599287,1092323,0.0,1.0
2024-03-13 00:00:00+00:00,655.07,661.5451,653.68,660.0,953584,648.972902912,655.3877355919,647.5958404072,653.8570166882,953584,0.0,1.0
2024-03-14 00:00:00+00:00,650.04,660.0,645.56,660.0,1128058,643.9897198909,653.8570166882,639.551417717,653.8570166882,1128058,0.0,1.0
2024-03-15 00:00:00+00:00,625.52,649.0,621.04,645.49,3145835,619.6979410285,642.9593997434,615.2596388546,639.4820692455,3145835,0.0,1.0
2024-03-18 00:00:00+00:00,630.39,636.75,628.96,630.19,1811079,624.5226132577,630.8234172367,623.1059230548,624.3244747678,1811079,0.0,1.0
2024-03-19 00:00:00+00:00,634.55,635.34,625.59,631.5,1675659,628.6438938477,629.4265408828,619.7672894999,625.6222818766,1675659,0.0,1.0
2024-03-20 00:00:00+00:00,639.65,642.18,633.31,635.19,1335557,633.6964253403,636.2028772376,627.4154352103,629.2779370154,1335557,0.0,1.0
2024-03-21 00:00:00+00:00,651.29,659.12,640.5,643.51,1347563,645.2280854528,652.9852073326,634.5385139224,637.5204981955,1347563,0.0,1.0
2024-03-22 00:00:00+00:00,643.74,650.59,639.42,649.48,838552,637.7483574589,644.5346007381,633.4685660769,643.4349321191,838552,0.0,1.0
2024-03-25 00:00:00+00:00,639.09,641.97,631.92,637.58,1021032,633.1416375685,635.9948318232,626.0383727054,631.6456919698,1021032,0.0,1.0
2024-03-26 00:00:00+00:00,640.05,644.105,638.96,642.16,1002101,634.0927023201,638.1099602029,633.0128475501,636.1830633886,1002101,0.0,1.0
2024-03-27 00:00:00+00:00,648.74,649.97,640.49,645.82,1119902,642.7018197065,643.9203714194,634.5286069979,639.8089977539,1119902,0.0,1.0
2024-03-28 00:00:00+00:00,650.0,655.0,647.73,650.91,1163442,643.9500921929,648.9035544405,641.7012203325,644.851622322,1163442,0.0,1.0
2024-04-01 00:00:00+00:00,639.84,654.4,635.88,653.13,662084,633.8846569057,648.3091389708,629.9615148056,647.0509595599,662084,0.0,1.0
2024-04-02 00:00:00+00:00,626.59,630.44,622.29,630.44,1938866,620.7579819495,624.5721478801,616.4980044165,624.5721478801,1938866,0.0,1.0
2024-04-03 00:00:00+00:00,623.0,632.86,621.45,626.59,1518826,617.2013960557,626.969623608,615.6658227589,620.7579819495,1518826,0.0,1.0
2024-04-04 00:00:00+00:00,621.28,637.06,620.33,633.78,1278070,615.4974050425,631.130531896,614.5562472154,627.8810606616,1278070,0.0,1.0
2024-04-05 00:00:00+00:00,635.74,637.25,621.55,623.5,1353110,629.8228178626,631.3187634614,615.7648920038,617.6967422804,1353110,0.0,1.0
2024-04-08 00:00:00+00:00,645.28,647.39,637.08,639.17,1014289,639.2740238311,641.3643848996,631.150345745,633.2208929645,1014289,0.0,1.0
2024-04-09 00:00:00+00:00,644.09,650.42,636.315,650.0,847388,638.9867230208,645.2665689378,631.2733261795,644.8498966969,847388,0.9,1.0
2024-04-10 00:00:00+00:00,628.36,635.28,626.55,630.74,962309,623.3813555207,630.2465267286,621.5856965776,625.7424982194,962309,0.0,1.0
2024-04-11 00:00:00+00:00,627.71,633.71,623.83,630.93,1612817,622.736505624,628.6889662089,618.8872477791,625.9309928046,1612817,0.0,1.0
2024-04-12 00:00:00+00:00,621.11,626.23,616.085,618.49,1454706,616.1887989806,621.2682320131,611.2036132408,613.5895578585,1454706,0.0,1.0
2024-04-15 00:00:00+00:00,612.12,630.0,610.485,629.28,1065768,607.2700288709,625.0083614139,605.6479833615,624.2940661437,1065768,0.0,1.0
2024-04-16 00:00:00+00:00,611.49,618.56,610.92,613.65,1264878,606.6450205095,613.659003232,606.0795367539,608.7879063201,1264878,0.0,1.0
2024-04-17 00:00:00+00:00,613.21,617.8,611.8401,615.39,1117442,608.3513925438,612.9050248913,606.9923465846,610.5141198897,1117442,0.0,1.0
2024-04-18 00:00:00+00:00,608.38,616.89,606.28,616.89,791072,603.559661773,612.0022350359,601.4763005683,612.0022350359,791072,0.0,1.0
2024-04-19 00:00:00+00:00,605.17,611.19,598.01,609.13,1609082,600.3750953601,606.3473974803,593.2718257288,604.3037193461,1609082,0.0,1.0
2024-04-22 00:00:00+00:00,609.77,614.07,600.9,608.46,1056878,604.9386484752,609.204578561,596.1389275772,603.6390279141,1056878,0.0,1.0
2024-04-23 00:00:00+00:00,630.88,632.825,612.07,615.12,1461942,625.8813889664,627.8109782726,607.2204250327,610.2462591634,1461942,0.0,1.0
2024-04-24 00:00:00+00:00,635.49,642.105,622.56,623.5,1378172,630.4548628491,637.0174506439,617.6273102886,618.5598624469,1378172,0.0,1.0
2024-04-25 00:00:00+00:00,626.39,632.815,619.785,630.66,1242962,621.4269642953,627.801057505,614.8742972681,625.6631320782,1242962,0.0,1.0
2024-04-26 00:00:00+00:00,636.55,640.13,626.59,627.07,1192496,631.5064642191,635.0580990347,621.6253796482,622.1015764949,1192496,0.0,1.0
2024-04-29 00:00:00+00:00,638.39,644.99,634.375,637.33,886530,633.3318854651,639.8795921085,629.3486972571,632.2802840951,886530,0.0,1.0
2024-04-30 00:00:00+00:00,625.62,637.92,625.23,637.01,1309911,620.6630651869,632.865609386,620.2761552489,631.9628195306,1309911,0.0,1.0
2024-05-01 00:00:00+00:00,615.2,629.66,610.04,625.13,1199152,610.3256253045,624.6710553141,605.2065092015,620.1769475725,1199152,0.0,1.0
2024-05-02 00:00:00+00:00,614.04,620.86,607.285,617.06,1103544,609.1748162581,615.9407797896,602.4733377163,612.1708880858,1103544,0.0,1.0
2024-05-03 00:00:00+00:00,629.27,631.39,622.15,623.78,1109512,624.2841453761,626.3873481161,617.2205588153,618.8376439409,1109512,0.0,1.0
2024-05-06 00:00:00+00:00,634.64,635.0,627.5801,632.27,802889,629.6115975996,629.9687452346,622.6076348523,627.2603756685,802889,0.0,1.0
2024-05-07 00:00:00+00:00,641.15,641.61,631.31,635.09,757770,636.0700173342,636.5263726457,626.3079819749,630.0580321434,757770,0.0,1.0
2024-05-08 00:00:00+00:00,632.43,641.43,629.53,641.15,889759,627.4191079508,636.3477988281,624.5420853348,636.0700173342,889759,0.0,1.0
2024-05-09 00:00:00+00:00,626.86,633.88,624.21,632.43,1292679,621.8932403745,628.8576192588,619.2642369495,627.4191079508,1292679,0.0,1.0
2024-05-10 00:00:00+00:00,632.31,637.88,628.01,628.6,917544,627.3000587391,632.8259263154,623.0341286532,623.6194539441,917544,0.0,1.0
2024-05-13 00:00:00+00:00,627.19,638.17,625.87,638.17,916208,622.2206257066,633.113628577,620.911084378,633.113628577,916208,0.0,1.0
2024-05-14 00:00:00+00:00,635.42,637.46,623.16,624.71,879700,630.3854174756,632.4092540745,618.2225563471,619.7602753316,879700,0.0,1.0
2024-05-15 00:00:00+00:00,655.13,656.9,642.0,643.9,1082805,649.939250497,651.6952263695,636.9132825837,638.7982284356,1082805,0.0,1.0
2024-05-16 00:00:00+00:00,653.37,658.29,651.825,654.69,957394,648.1931953921,653.0742130717,646.6604367915,649.5027367207,957394,0.0,1.0
2024-05-17 00:00:00+00:00,661.18,661.75,654.72,655.25,774761,655.9413149201,656.5067986756,649.5324990237,650.0582997087,774761,0.0,1.0
2024-05-20 00:00:00+00:00,670.15,671.4899,659.465,659.88,931584,664.8402434945,666.1695271508,654.2399032696,654.6516151267,931584,0.0,1.0
2024-05-21 00:00:00+00:00,667.82,670.6,665.13,670.6,1091983,662.528704634,665.2866780384,659.8600181385,665.2866780384,1091983,0.0,1.0
2024-05-22 00:00:00+00:00,670.27,673.63,666.203,670.38,986999,664.9592927062,668.2926706337,660.9245165064,665.0684211502,986999,0.0,1.0
2024-05-23 00:00:00+00:00,662.26,676.62,659.5,675.0,1886178,657.0127578253,671.2589801585,654.2746259563,669.6518158006,1886178,0.0,1.0
2024-05-24 00:00:00+00:00,606.99,624.0,600.485,621.002,4252637,602.1806750708,619.055900829,595.72721572,616.0816546901,4252637,0.0,1.0
2024-05-28 00:00:00+00:00,600.02,605.1039,592.14,604.58,2639984,595.2659000247,600.309519086,587.4483351232,599.7897700692,2639984,0.0,1.0
2024-05-29 00:00:00+00:00,598.28,611.3,593.2,593.2,1893244,593.5396864551,606.4565259243,588.4999364932,588.4999364932,1893244,0.0,1.0
2024-05-30 00:00:00+00:00,562.97,588.46,560.91,588.46,3409894,558.509455913,583.7974926311,556.4657777788,583.7974926311,3409894,0.0,1.0
2024-05-31 00:00:00+00:00,576.44,577.41,557.29,561.75,3136200,571.8727299261,572.8350443873,552.8744598926,557.2991222607,3136200,0.0,1.0
2024-06-03 00:00:00+00:00,567.22,576.5175,562.61,575.61,1566935,562.7257821606,571.9496158753,558.1523082779,571.0493062118,1566935,0.0,1.0
2024-06-04 00:00:00+00:00,572.06,574.35,563.695,568.38,1172095,567.5274336991,569.799289489,559.228711567,563.876591207,1172095,0.0,1.0
2024-06-05 00:00:00+00:00,574.27,574.84,560.53,571.88,1596029,569.7199233479,570.2854071034,556.0887886085,567.3488598816,1596029,0.0,1.0
2024-06-06 00:00:00+00:00,572.65,575.6,570.005,573.74,1448756,568.11275899,571.0393854442,565.4887159488,569.1941226629,1448756,0.0,1.0
2024-06-07 00:00:00+00:00,573.9,576.29,566.46,572.67,1048593,569.3528549451,571.7239184115,561.9718038199,568.1326005252,1048593,0.0,1.0
2024-06-10 00:00:00+00:00,567.24,572.72,565.77,569.43,1567749,562.7456236959,568.1822043634,561.2872708526,564.9182718094,1567749,0.0,1.0
2024-06-11 00:00:00+00:00,566.7,569.42,562.57,565.0,1570986,562.2099022433,564.9083510418,558.1126252073,560.5233717442,1570986,0.0,1.0
2024-06-12 00:00:00+00:00,592.22,602.67,578.65,580.0,2591779,587.5277012643,597.8949034497,574.0652195748,575.4045232064,2591779,0.0,1.0
2024-06-13 00:00:00+00:00,594.62,600.41,586.03,594.53,2132221,589.9086854983,595.6528099627,581.3867460943,589.8193985895,2132221,0.0,1.0
2024-06-14 00:00:00+00:00,595.7,599.98,594.59,598.4,1070500,590.9801284036,595.2262169541,589.8789231954,593.6587356668,1070500,0.0,1.0
2024-06-17 00:00:00+00:00,602.52,604.63,586.25,589.84,1248734,597.7460919351,599.8393739074,581.6050029824,585.1665585657,1248734,0.0,1.0
2024-06-18 00:00:00+00:00,609.68,610.45,601.9,603.73,1376148,604.8493615664,605.6132606748,597.1310043413,598.9465048197,1376148,0.0,1.0
2024-06-20 00:00:00+00:00,616.08,617.66,608.305,610.49,1840018,611.1986528569,612.7661341443,603.4852560157,605.6529437454,1840018,0.0,1.0
2024-06-21 00:00:00+00:00,632.15,634.15,618.55,625.84,3682587,627.1413264568,629.1254799851,613.6490824644,620.881322075,3682587,0.0,1.0
2024-06-24 00:00:00+00:00,623.88,633.72,622.46,630.72,1605990,618.9368516173,628.6988869765,617.5281026122,625.7226566841,1605990,0.0,1.0
2024-06-25 00:00:00+00:00,630.47,630.55,624.39,629.17,1272120,625.4746374931,625.5540036342,619.442810767,624.1849376997,1272120,0.0,1.0
2024-06-26 00:00:00+00:00,637.48,638.645,624.49,628.0,1169588,632.4290956097,633.58486504,619.5420184434,623.0242078856,1169588,0.0,1.0
2024-06-27 00:00:00+00:00,651.44,657.16,635.51,639.08,1478194,646.2784872373,651.9531663282,630.4747043844,634.0164184324,1478194,0.0,1.0
2024-06-28 00:00:00+00:00,657.21,662.51,647.98,652.0,1753982,652.0027701664,657.2607770164,642.8459016333,646.8340502252,1753982,0.0,1.0
2024-07-01 00:00:00+00:00,650.77,653.13,642.48,652.51,1195205,645.6137958053,647.9550969687,637.3894794305,647.3400093749,1195205,0.0,1.0
2024-07-02 00:00:00+00:00,656.22,657.0,649.69,651.0,951174,651.0206141699,651.7944340459,644.5423529,645.841973461,951174,0.0,1.0
2024-07-03 00:00:00+00:00,659.9,662.44,650.55,651.27,931929,654.671456662,657.1913316429,645.3955389172,646.1098341874,931929,0.0,1.0
2024-07-05 00:00:00+00:00,668.75,674.34,653.36,655.0,1517071,663.4513360247,668.9970451363,648.1832746244,649.8102805176,1517071,0.0,1.0
2024-07-08 00:00:00+00:00,659.58,663.09,655.94,660.58,1022474,654.3539920974,657.8361815396,650.7428326759,655.3460688616,1022474,0.0,1.0
2024-07-09 00:00:00+00:00,650.42,660.0,649.09,659.58,861431,645.2665689378,654.7706643384,643.9471068415,654.3539920974,861431,0.0,1.0
2024-07-10 00:00:00+00:00,632.84,636.69,622.65,636.69,1962616,628.7187285118,632.5436559892,618.5950892925,632.5436559892,1962616,0.9,1.0
2024-07-11 00:00:00+00:00,629.41,643.17,627.22,638.59,1235127,625.3110658502,638.981456003,623.1353278825,634.4312825364,1235127,0.0,1.0
2024-07-12 00:00:00+00:00,641.95,646.1,629.6,631.64,1044892,637.7694010621,641.8923748364,625.4998285049,627.5265433241,1044892,0.0,1.0
2024-07-15 00:00:00+00:00,658.18,658.54,640.18,641.04,1043896,653.8937057264,654.2513612827,636.0109279102,636.8653272948,1043896,0.0,1.0
2024-07-16 00:00:00+00:00,666.15,668.64,655.53,660.0,988709,661.8118023484,664.285586613,651.2609634368,655.7018532612,988709,0.0,1.0
2024-07-17 00:00:00+00:00,658.91,666.32,658.06,663.07,1156378,654.6189517156,661.98069525,653.7744872076,658.7518603665,1156378,0.0,1.0
2024-07-18 00:00:00+00:00,637.47,661.66,632.7,661.66,1383880,633.3185763612,657.3510427709,628.5796402399,657.3510427709,1383880,0.0,1.0
2024-07-19 00:00:00+00:00,636.56,640.445,632.395,638.78,1056569,632.4145025938,636.2742021392,628.2766265047,634.6200451912,1056569,0.0,1.0
2024-07-22 00:00:00+00:00,644.52,645.98,635.91,643.61,1473576,640.3226643392,641.7731563177,631.7687356171,639.4185905719,1473576,0.0,1.0
2024-07-23 00:00:00+00:00,637.1,648.26,636.61,643.68,1193616,632.9509859283,644.0383081744,632.4641769767,639.4881347078,1193616,0.0,1.0
2024-07-24 00:00:00+00:00,620.24,637.06,619.1,629.82,1590300,616.2007840405,632.9112464221,615.0682081121,625.7183957893,1590300,0.0,1.0
2024-07-25 00:00:00+00:00,626.32,641.1199,620.27,629.87,1240978,622.2411889917,636.9447069585,616.2305886702,625.7680701721,1240978,0.0,1.0
2024-07-26 00:00:00+00:00,633.36,643.5,628.4,632.6,987151,629.2353420932,639.3093069296,624.3076433172,628.4802914743,987151,0.0,1.0
2024-07-29 00:00:00+00:00,636.36,642.64,629.59,637.45,1242197,632.2158050625,638.4549075451,625.4898936283,633.2987066081,1242197,0.0,1.0
2024-07-30 00:00:00+00:00,635.8,645.475,629.53,640.0,1064190,631.6594519749,641.2714450511,625.4302843689,635.832100132,1064190,0.0,1.0
2024-07-31 00:00:00+00:00,647.35,662.6663,641.905,652.0,1423914,643.134234407,658.3507893996,637.7246941176,647.7539520095,1423914,0.0,1.0
2024-08-01 00:00:00+00:00,637.82,660.21,630.09,647.0,1301236,633.666297041,655.910485669,625.9866374566,642.7865137272,1301236,0.0,1.0
2024-08-02 00:00:00+00:00,623.92,626.94,611.09,626.94,1788726,619.8568186162,622.8571513387,607.1103719839,622.8571513387,1788726,0.0,1.0
2024-08-05 00:00:00+00:00,602.97,614.77,597.22,608.26,1787125,599.0432522135,610.7664065597,593.3306981888,604.2988019161,1787125,0.0,1.0
2024-08-06 00:00:00+00:00,612.29,622.06,607.015,610.13,1339489,608.3025571716,618.0089315752,603.0619097838,606.1566238337,1339489,0.0,1.0
2024-08-07 00:00:00+00:00,609.45,630.12,608.03,622.96,1123535,605.4810522273,626.0164420863,604.0702997551,618.903070466,1123535,0.0,1.0
2024-08-08 00:00:00+00:00,626.12,628.54,613.74,615.52,1042370,622.0424914604,624.4467315891,609.7431142735,611.511522302,1042370,0.0,1.0
2024-08-09 00:00:00+00:00,630.2,634.79,622.195,625.0,802793,626.0959210988,630.6560294419,618.1430524088,620.9297852852,802793,0.0,1.0
2024-08-12 00:00:00+00:00,627.41,635.29,624.83,629.22,647079,623.3240905373,631.1527732701,620.7608923836,625.1223031954,647079,0.0,1.0
2024-08-13 00:00:00+00:00,645.83,648.56,630.01,634.69,1040171,641.6241331692,644.3363544713,625.907158444,630.5566806763,1040171,0.0,1.0
2024-08-14 00:00:00+00:00,636.74,640.23,625.0,627.27,1501283,632.593330372,636.060602293,620.9297852852,623.1850022654,1501283,0.0,1.0
2024-08-15 00:00:00+00:00,652.14,652.96,644.2,645.39,937097,647.8930402814,648.7077001597,640.0047482892,641.1869986003,937097,0.0,1.0
2024-08-16 00:00:00+00:00,653.53,657.2,650.94,652.65,765779,649.2739881239,652.9200878231,646.7008550937,648.3997189862,765779,0.0,1.0
2024-08-19 00:00:00+00:00,663.3,664.71,653.02,654.5,1217321,658.9803625275,660.3811801231,648.7673094191,650.2376711507,1217321,0.0,1.0
2024-08-20 00:00:00+00:00,667.28,669.7,661.88,663.3,1110833,662.9344434002,665.3386835288,657.5696100553,658.9803625275,1110833,0.0,1.0
2024-08-21 00:00:00+00:00,670.49,672.5434,664.97,669.69,1256086,666.1235387774,668.1635663312,660.6394869138,665.3287486522,1256086,0.0,1.0
2024-08-22 00:00:00+00:00,665.29,674.78,663.13,673.01,1467722,660.9574029638,670.3856008236,658.8114696259,668.6271276717,1467722,0.0,1.0
2024-08-23 00:00:00+00:00,619.85,660.0,610.4001,660.0,4113425,615.8133238545,655.7018532612,606.4249648497,655.7018532612,4113425,0.0,1.0
2024-08-26 00:00:00+00:00,617.12,633.95,615.73,623.0,1968101,613.1011025523,629.8214998105,611.7201547099,618.9428099723,1968101,0.0,1.0
2024-08-27 00:00:00+00:00,626.32,628.38,611.6875,615.48,1477757,622.2411889917,624.287773564,607.7039808586,611.4717827957,1477757,0.0,1.0
2024-08-28 00:00:00+00:00,617.04,627.8694,614.41,624.32,1035024,613.0216235398,623.7804987666,610.4087510033,620.2542136788,1035024,0.0,1.0
2024-08-29 00:00:00+00:00,622.8,631.54,621.22,622.64,986762,618.744112441,627.4271945584,617.1744019438,618.585154416,986762,0.0,1.0
2024-08-30 00:00:00+00:00,630.26,631.17,617.4025,625.02,2069467,626.1555303582,627.0596041255,613.3817628153,620.9496550383,2069467,0.0,1.0
2024-09-03 00:00:00+00:00,624.81,638.88,621.0,632.64,1324728,620.7410226305,634.7193939568,616.9558346594,628.5200309805,1324728,0.0,1.0
2024-09-04 00:00:00+00:00,623.1,626.375,617.51,621.03,800797,619.0421587379,622.2958308128,613.4885627383,616.9856392891,800797,0.0,1.0
2024-09-05 00:00:00+00:00,621.48,622.93,611.92,621.36,773542,617.4327087345,618.8732658363,607.9349667388,617.3134902157,773542,0.0,1.0
2024-09-06 00:00:00+00:00,615.12,626.11,611.81,625.0,999734,611.1141272394,622.0325565839,607.8256830965,620.9297852852,999734,0.0,1.0
2024-09-09 00:00:00+00:00,626.99,628.7382,617.0,621.49,1005778,622.9068257215,624.6436408426,612.9818840336,617.442643611,1005778,0.0,1.0
2024-09-10 00:00:00+00:00,633.62,633.75,620.86,630.61,1022235,629.4936488839,629.6228022792,616.8167463875,626.5032510379,1022235,0.0,1.0
2024-09-11 00:00:00+00:00,643.92,645.75,613.945,631.69,1327115,639.7265717454,641.5446541567,609.9467792431,627.5762177069,1327115,0.0,1.0
2024-09-12 00:00:00+00:00,646.37,646.89,638.3436,643.73,1178936,642.1606165037,642.677230085,634.1864871779,639.5378090906,1178936,0.0,1.0
2024-09-13 00:00:00+00:00,655.31,660.9,641.37,642.9,1226674,651.0423961524,656.595992152,637.1931782214,638.7132143358,1226674,0.0,1.0
2024-09-16 00:00:00+00:00,646.25,656.01,643.43,655.24,939837,642.0413979849,651.7378375119,639.2397627937,650.9728520164,939837,0.0,1.0
2024-09-17 00:00:00+00:00,644.82,650.0,644.21,650.0,934751,640.6207106362,645.7669766966,640.0146831657,645.7669766966,934751,0.0,1.0
2024-09-18 00:00:00+00:00,633.07,646.13,632.1,642.93,1000155,628.9472306728,641.9221794661,627.983547646,638.7430189655,1000155,0.0,1.0
2024-09-19 00:00:00+00:00,654.24,660.6088,646.06,651.06,1567380,649.97936436,656.3066885464,641.8526353302,646.8200736125,1567380,0.0,1.0
2024-09-20 00:00:00+00:00,644.99,651.23,638.783,644.36,2960991,640.7896035378,646.9889665141,634.6230256541,640.1637063142,2960991,0.0,1.0
2024-09-23 00:00:00+00:00,641.97,649.5,639.505,649.5,1069463,637.7892708153,645.2702328684,635.3403237421,645.2702328684,1069463,0.0,1.0
2024-09-24 00:00:00+00:00,638.2,643.9704,635.52,640.96,1454688,634.0438223504,639.7766435232,631.3812754311,636.7858482822,1454688,0.0,1.0
2024-09-25 00:00:00+00:00,634.74,643.19,632.34,634.89,1414583,630.6063550591,639.0013257561,628.2219846836,630.7553782076,1414583,0.0,1.0
2024-09-26 00:00:00+00:00,636.83,645.9249,633.87,645.0,1084495,632.6827442611,641.7184151478,629.742020798,640.7995384143,1084495,0.0,1.0
2024-09-27 00:00:00+00:00,619.03,638.49,618.3255,636.83,1425425,614.9986639762,634.3319337708,614.2987519222,632.6827442611,1425425,0.0,1.0
2024-09-30 00:00:00+00:00,621.0,623.7,616.2,618.2,1361563,616.9558346594,619.6382513318,612.1870939084,614.1740692213,1361563,0.0,1.0
2024-10-01 00:00:00+00:00,606.28,618.6,603.85,618.02,1869058,602.3316963563,614.5714642839,599.9175213511,613.9952414431,1869058,0.0,1.0
2024-10-02 00:00:00+00:00,607.28,612.63,604.26,607.4,1164726,603.3251840128,608.6403429748,600.3248512903,603.4444025316,1164726,0.0,1.0
2024-10-03 00:00:00+00:00,603.81,607.0,599.89,601.31,1290000,599.8777818449,603.047007469,595.9833102316,597.3940627038,1290000,0.0,1.0
2024-10-04 00:00:00+00:00,610.67,614.34,605.12,608.2,1220267,606.6931071682,610.3392068674,601.1792506748,604.2391926567,1220267,0.0,1.0
2024-10-07 00:00:00+00:00,602.43,610.54,600.71,607.03,1711215,598.506768879,606.5639537728,596.7979701099,603.0768120987,1711215,0.0,1.0
2024-10-08 00:00:00+00:00,613.37,614.55,603.82,608.01,1201928,609.3755238406,610.5478392752,599.8877167215,604.050430002,1201928,0.0,1.0
2024-10-09 00:00:00+00:00,621.61,621.97,611.61,615.0,1183577,617.5618621298,617.9195176861,607.6269855653,610.9949087206,1183577,0.0,1.0
2024-10-10 00:00:00+00:00,619.3,621.4899,616.0,618.0,1127917,616.3001328061,618.4794250083,613.0161178889,615.0064299599,1127917,1.04,1.0
2024-10-11 00:00:00+00:00,616.68,622.345,613.73,619.18,1275688,613.692823993,619.3303829343,610.7571136882,616.1807140819,1275688,0.0,1.0
2024-10-14 00:00:00+00:00,617.16,620.31,612.8,620.31,990064,614.1704988901,617.305240402,609.8316185751,617.305240402,990064,0.0,1.0
2024-10-15 00:00:00+00:00,617.89,623.035,615.76,619.82,1259317,614.896962796,620.0170405988,612.7772804403,616.8176139446,1259317,0.0,1.0
2024-10-16 00:00:00+00:00,609.39,618.07,607.46,616.58,1132427,606.438136494,615.0760908824,604.5174853454,613.5933083895,1132427,0.0,1.0
2024-10-17 00:00:00+00:00,609.23,619.14,607.85,619.08,1135351,606.2789115283,616.1409078404,604.9055961993,616.0811984783,1135351,0.0,1.0
2024-10-18 00:00:00+00:00,613.29,615.44,600.11,601.34,1299488,610.3192450326,612.458830509,597.2030884842,598.4271304079,1299488,0.0,1.0
2024-10-21 00:00:00+00:00,613.93,615.62,607.11,608.23,1058121,610.9561448953,612.6379585954,604.169180733,605.2837554928,1058121,0.0,1.0
2024-10-22 00:00:00+00:00,609.59,613.29,605.28,608.92,1088541,606.6371677011,610.3192450326,602.3480451879,605.9704131573,1088541,0.0,1.0
2024-10-23 00:00:00+00:00,602.01,609.99,599.65,608.02,1119205,599.0938849517,607.0352301153,596.7453167079,605.0747727253,1119205,0.0,1.0
2024-10-24 00:00:00+00:00,603.98,608.79,602.0,602.91,883317,601.0543423417,605.8410428727,599.0839333914,599.9895253837,883317,0.0,1.0
2024-10-25 00:00:00+00:00,609.27,617.22,607.83,610.0,1000674,606.3187177697,614.2302082522,604.8856930785,607.0451816756,1000674,0.0,1.0
2024-10-28 00:00:00+00:00,612.09,613.77,607.89,612.84,1291982,609.1250577899,610.7969199296,604.9454024407,609.8714248166,1291982,0.0,1.0
2024-10-29 00:00:00+00:00,623.7,625.6,609.38,612.99,1134801,620.6788193625,622.56961583,606.4281849336,610.0206982219,1134801,0.0,1.0
2024-10-30 00:00:00+00:00,621.11,629.47,619.905,623.79,1082398,618.1013652304,626.4208696875,616.9022022076,620.7683834057,1082398,0.0,1.0
2024-10-31 00:00:00+00:00,610.3,621.735,608.55,620.17,1478604,607.3437284863,618.7233377526,605.6022054241,617.165918557,1478604,0.0,1.0
2024-11-01 00:00:00+00:00,621.74,626.38,603.0,605.0,1436999,618.7283135328,623.3458375377,600.0790894269,602.069401498,1436999,0.0,1.0
2024-11-04 00:00:00+00:00,619.01,624.52,615.83,623.0,1152530,616.0115375558,621.4948473116,612.8469413628,619.9822101376,1152530,0.0,1.0
2024-11-05 00:00:00+00:00,618.83,622.285,610.71,619.86,1564288,615.8324094694,619.2706735722,607.7517424609,616.857420186,1564288,0.0,1.0
2024-11-06 00:00:00+00:00,648.39,668.0,642.75,643.12,2963912,645.2492218798,664.7642317366,639.6365418394,640.0047495725,2963912,0.0,1.0
2024-11-07 00:00:00+00:00,674.15,675.1,651.74,651.74,1928020,670.8844413551,671.8298395889,648.5829945988,648.5829945988,1928020,0.0,1.0
2024-11-08 00:00:00+00:00,684.22,688.88,672.23,678.0,1705774,680.905662633,685.5430897586,668.9737417669,674.715792092,1705774,0.0,1.0
2024-11-11 00:00:00+00:00,697.35,698.96,682.3,683.79,1514491,693.9720613795,695.5742625967,678.9949630447,680.4777455377,1514491,0.0,1.0
2024-11-12 00:00:00+00:00,699.47,703.88,694.3,695.0,1409525,696.0817921749,700.4704302916,690.9368354712,691.633444696,1409525,0.0,1.0
2024-11-13 00:00:00+00:00,706.25,714.78,695.02,697.25,1472423,702.8289500958,711.3176310789,691.6533478167,693.872545776,1472423,0.0,1.0
2024-11-14 00:00:00+00:00,700.76,706.0,693.4,701.58,1769831,697.3655434607,702.5801610869,690.0411950392,698.1815714098,1769831,0.0,1.0
2024-11-15 00:00:00+00:00,687.87,692.85,680.21,691.16,1799379,684.5379821627,689.4938592196,676.9150869305,687.8120455196,1799379,0.0,1.0
2024-11-18 00:00:00+00:00,678.81,688.12,675.795,685.645,1580409,675.5218684807,684.7867711716,672.5214730336,682.3237599836,1580409,0.0,1.0
2024-11-19 00:00:00+00:00,644.17,646.8699,632.4,636.1,2536019,641.0496634098,643.7364851902,629.3366768716,633.0187542031,2536019,0.0,1.0
2024-11-20 00:00:00+00:00,650.6,652.28,637.6,642.09,1880673,647.4485167183,649.120378858,634.5114882564,638.9797388559,1880673,0.0,1.0
2024-11-21 00:00:00+00:00,678.7,681.5894,656.75,659.78,2318306,675.4124013168,678.2878051659,653.5687263369,656.5840491245,2318306,0.0,1.0
2024-11-22 00:00:00+00:00,640.12,675.0,639.15,668.18,3294240,637.0192814659,671.7303239853,636.0539801115,664.943359823,3294240,0.0,1.0
2024-11-25 00:00:00+00:00,634.62,651.11,632.88,641.61,2951827,631.5459232705,647.9560462964,629.8143517687,638.5020639589,2951827,0.0,1.0
2024-11-26 00:00:00+00:00,638.83,641.5,630.33,633.0,1784179,635.7355301801,638.392596795,627.2767038781,629.9337704929,1784179,0.0,1.0
2024-11-27 00:00:00+00:00,636.17,641.085,631.2,633.92,1376295,633.0884151256,637.9796070402,628.142489629,630.8493140456,1376295,0.0,1.0
2024-11-29 00:00:00+00:00,641.73,645.36,636.33,640.88,828881,638.6214826831,642.2338990921,633.2476400913,637.7756000529,828881,0.0,1.0
2024-12-02 00:00:00+00:00,634.07,640.385,631.67,637.05,1502257,630.9985874509,637.2829978153,628.6102129657,633.9641524368,1502257,0.0,1.0
2024-12-03 00:00:00+00:00,636.02,636.68,626.4,629.6,1105028,632.9391417202,633.5959447037,623.3657406584,626.5502399721,1105028,0.0,1.0
2024-12-04 00:00:00+00:00,654.64,660.39,636.945,639.0,1620046,651.4689471019,657.1910943062,633.8596610531,635.9047067061,1620046,0.0,1.0
2024-12-05 00:00:00+00:00,648.7,653.055,641.45,651.96,1219740,645.5577202508,649.8916247856,638.3428389932,648.8019289267,1219740,0.0,1.0
2024-12-06 00:00:00+00:00,646.47,654.11,645.82,649.17,1125182,643.3385222916,650.941514403,642.6916708685,646.0254435875,1125182,0.0,1.0
2024-12-09 00:00:00+00:00,646.58,650.78,640.17,643.61,1379834,643.4479894555,647.6276448047,637.0690392677,640.4923760299,1379834,0.0,1.0
2024-12-10 00:00:00+00:00,647.07,659.235,644.7,649.29,1485682,643.9356159129,656.0416890852,641.5770961087,646.1448623118,1485682,0.0,1.0
2024-12-11 00:00:00+00:00,670.56,670.739,646.26,647.07,1868762,667.3118311876,667.4899641179,643.1295395241,643.9356159129,1868762,0.0,1.0
2024-12-12 00:00:00+00:00,672.25,676.15,662.95,674.03,1629743,668.9936448876,672.8747534262,659.7386937572,670.7650226309,1629743,0.0,1.0
2024-12-13 00:00:00+00:00,656.45,672.7,653.9783,668.99,1634810,653.2701795262,669.4414651036,650.8104523532,665.7494362118,1634810,0.0,1.0
2024-12-16 00:00:00+00:00,671.5,672.915,656.78,656.78,1684545,668.247277861,669.6554236513,653.5985810179,653.5985810179,1684545,0.0,1.0
2024-12-17 00:00:00+00:00,677.77,679.85,664.045,670.0,1814907,674.4869062038,676.5568307577,660.8283896161,666.7545438077,1814907,0.0,1.0
2024-12-18 00:00:00+00:00,649.81,677.01,647.31,677.01,2408509,646.6623434503,673.7305876168,644.1744533614,673.7305876168,2408509,0.0,1.0
2024-12-19 00:00:00+00:00,636.95,661.95,636.71,653.76,2314760,633.8646368333,658.7435377216,633.6257993848,650.5932097906,2314760,0.0,1.0
2024-12-20 00:00:00+00:00,643.39,648.985,624.03,629.2,3450977,640.2734417021,645.8413397209,621.0072208542,626.1521775579,3450977,0.0,1.0
2024-12-23 00:00:00+00:00,638.3,642.25,633.75,640.65,1614424,635.2080974813,639.1389638216,630.6801375196,637.5467141648,1614424,0.0,1.0
2024-12-24 00:00:00+00:00,645.29,645.54,636.08,639.0,668692,642.1642381696,642.4130271785,632.9988510824,635.9047067061,668692,0.0,1.0
2024-12-26 00:00:00+00:00,646.19,648.99,640.8,641.35,639320,643.0598786016,645.8463155011,637.6959875701,638.2433233896,639320,0.0,1.0
2024-12-27 00:00:00+00:00,638.57,643.24,631.18,643.24,966645,635.4767896109,640.1241682968,628.1225865083,640.1241682968,966645,0.0,1.0
2024-12-30 00:00:00+00:00,630.3,634.1255,623.41,632.85,1102753,627.246849197,631.0538186109,620.3902241122,629.7844970876,1102753,0.0,1.0
2024-12-31 00:00:00+00:00,628.5,633.655,626.39,630.9,988463,625.455568333,630.5855976962,623.355789098,627.8439428183,988463,0.0,1.0
2025-01-02 00:00:00+00:00,622.79,637.73,619.43,637.0,1180038,619.7732273701,634.640858541,616.4295030907,633.9143946351,1180038,0.0,1.0
2025-01-03 00:00:00+00:00,630.23,631.0,624.52,628.5,993440,627.1771882745,627.9434584219,621.4948473116,625.455568333,993440,0.0,1.0
2025-01-06 00:00:00+00:00,625.16,633.4,623.0,626.97,1260872,622.1317471743,630.3318329071,619.9822101376,623.9329795987,1260872,0.0,1.0
2025-01-07 00:00:00+00:00,615.43,626.65,611.925,623.36,1030343,612.4488789486,623.6145296673,608.9608570441,620.3404663104,1030343,0.0,1.0
2025-01-08 00:00:00+00:00,626.05,627.605,613.71,616.43,1226395,623.017436046,624.5649036812,610.7372105675,613.4440349841,1226395,0.0,1.0
2025-01-10 00:00:00+00:00,623.43,633.62,617.29,618.84,2390075,621.4450895098,631.6026460312,615.3246383772,616.8697034026,2390075,1.04,1.0
2025-01-13 00:00:00+00:00,613.22,622.0,612.3,620.38,1684406,611.2675966656,620.0196424219,610.3505258118,618.4048002664,1684406,0.0,1.0
2025-01-14 00:00:00+00:00,623.8,623.99,614.26,615.0,1697349,621.8139114836,622.0033065512,612.3042854568,613.0419294043,1697349,0.0,1.0
2025-01-15 00:00:00+00:00,621.45,627.5,610.61,623.8,1938228,619.471393542,625.5021312215,608.6659065261,621.8139114836,1938228,0.0,1.0
2025-01-16 00:00:00+00:00,607.27,623.75,606.745,623.32,2834069,605.3365406006,621.7640706763,604.8132121243,621.3354397338,2834069,0.0,1.0
2025-01-17 00:00:00+00:00,604.13,615.87,596.2,615.87,2836669,602.2065379041,613.9091594508,594.3017858713,613.9091594508,2836669,0.0,1.0
2025-01-21 00:00:00+00:00,609.41,611.06,602.68,605.99,1666303,607.4697271517,609.1144737916,600.7611544933,604.0606159345,1666303,0.0,1.0
2025-01-22 00:00:00+00:00,611.68,617.54,609.68,609.68,1214052,609.7324998017,615.5738424136,607.7388675109,607.7388675109,1214052,0.0,1.0
2025-01-23 00:00:00+00:00,598.3,608.8,597.49,608.8,2241425,596.3950997766,606.861669303,595.5876786989,606.861669303,2241425,0.0,1.0
2025-01-24 00:00:00+00:00,597.95,602.53,595.44,601.99,1901375,596.0462141257,600.6116320715,593.5442056008,600.073351353,1901375,0.0,1.0
2025-01-27 00:00:00+00:00,606.62,614.39,586.0,586.96,1985711,604.6886101061,612.4338715557,584.1342611885,585.0912046881,1985711,0.0,1.0
2025-01-28 00:00:00+00:00,600.66,613.71,600.19,608.62,1675072,598.7475858797,611.7560365768,598.2790822914,606.6822423969,1675072,0.0,1.0
2025-01-29 00:00:00+00:00,592.99,603.54,590.19,599.65,1457493,591.1020060447,601.6184163784,588.3109208376,597.7408015729,1457493,0.0,1.0
2025-01-30 00:00:00+00:00,604.6,605.66,593.7,595.34,1220007,602.6750414925,603.7316666065,591.8097455079,593.4445239863,1220007,0.0,1.0
2025-01-31 00:00:00+00:00,601.51,610.9,599.86,604.88,1640288,599.5948796032,608.9549832083,597.9501329634,602.9541500132,1640288,0.0,1.0
2025-02-03 00:00:00+00:00,600.76,601.83,585.01,600.4,2244522,598.8472674942,599.9138607698,583.1474132046,598.4884136819,2244522,0.0,1.0
2025-02-04 00:00:00+00:00,591.72,608.48,590.12,596.34,1737455,589.83604954,606.5426881365,588.2411437075,594.4413401317,1737455,0.0,1.0
2025-02-05 00:00:00+00:00,588.26,593.585,580.095,593.42,2134484,586.3870656771,591.6951116512,578.2480618501,591.5306369872,2134484,0.0,1.0
2025-02-06 00:00:00+00:00,590.2,595.155,585.8,588.26,1534164,588.3208889991,593.2601129994,583.9348979594,586.3870656771,1534164,0.0,1.0
2025-02-07 00:00:00+00:00,578.85,596.18,577.22,590.59,1430967,577.0070257491,594.2818495484,575.3822154321,588.7096472958,1430967,0.0,1.0
2025-02-10 00:00:00+00:00,586.84,588.8,575.0,575.0,1571453,584.9715867506,586.9253463956,573.1692835894,573.1692835894,1571453,0.0,1.0
2025-02-11 00:00:00+00:00,585.88,591.98,581.09,581.09,1856778,584.0146432511,590.0952217378,579.2398939147,579.2398939147,1856778,0.0,1.0
2025-02-12 00:00:00+00:00,576.54,580.9706,568.71,578.07,1737879,574.7043804533,579.120874067,566.899310035,576.2295091557,1737879,0.0,1.0
2025-02-13 00:00:00+00:00,583.9,592.0,579.0,580.56,1609983,582.0409472832,590.1151580608,577.1565481709,578.7115813577,1609983,0.0,1.0
2025-02-14 00:00:00+00:00,587.38,591.39,580.09,584.69,1349109,585.5098674691,589.5071002121,578.2430777694,582.8284320381,1349109,0.0,1.0
2025-02-18 00:00:00+00:00,579.94,590.04,576.06,589.86,2054262,578.0935553476,588.1613984158,574.2259087035,587.9819715097,2054262,0.0,1.0
2025-02-19 00:00:00+00:00,582.19,582.8799,575.59,578.74,2063182,580.3363916746,581.0240951333,573.7574051152,576.8973759731,2063182,0.0,1.0
2025-02-20 00:00:00+00:00,579.08,586.1,573.39,583.02,2703871,577.2362934625,584.2339428031,571.5644095954,581.1637490753,2703871,0.0,1.0
2025-02-21 00:00:00+00:00,565.47,582.15,561.25,580.55,2006637,563.669625724,580.2965190288,559.4630615905,578.7016131962,2006637,0.0,1.0
2025-02-24 00:00:00+00:00,567.24,572.75,563.2981,565.96,2040903,565.4339903013,570.9264472623,561.5046407379,564.1580656352,2040903,0.0,1.0
2025-02-25 00:00:00+00:00,555.63,571.42,553.24,567.31,3014541,553.8609548535,569.600681789,551.4785642661,565.5037674315,3014541,0.0,1.0
2025-02-26 00:00:00+00:00,625.51,638.99,615.4361,635.5,4674166,623.5184670922,636.9555487318,613.4766409253,633.4766603845,4674166,0.0,1.0
2025-02-27 00:00:00+00:00,600.42,627.99,599.63,625.0,2451668,598.5083500048,625.9905711327,597.7208652499,623.0100908581,2451668,0.0,1.0
2025-02-28 00:00:00+00:00,613.84,614.85,598.3728,600.92,2444617,611.8856226757,612.8924069825,596.467667992,599.0067580775,2444617,0.0,1.0
2025-03-03 00:00:00+00:00,601.09,620.81,599.4,617.86,1597721,599.1762168222,618.8334312089,597.4915975365,615.8928235801,1597721,0.0,1.0
2025-03-04 00:00:00+00:00,598.07,608.9,587.2801,604.28,2308459,596.1658320632,606.9613509176,585.4102855362,602.3560603259,2308459,0.0,1.0
2025-03-05 00:00:00+00:00,617.51,618.4,601.21,608.92,1615471,615.5439379292,616.4311042986,599.2958347596,606.9812872405,1615471,0.0,1.0
2025-03-06 00:00:00+00:00,606.37,619.8502,602.12,613.02,1670998,604.4394060698,617.8766870726,600.2029374519,611.0682334365,1670998,0.0,1.0
2025-03-07 00:00:00+00:00,609.61,614.63,594.53,605.86,1689791,607.6690903808,612.6731074305,592.6371029085,603.9310298356,1689791,0.0,1.0
2025-03-10 00:00:00+00:00,579.78,606.35,575.44,603.89,2363380,577.9340647643,604.4194697469,573.6078826934,601.9673020292,2363380,0.0,1.0
2025-03-11 00:00:00+00:00,586.71,595.11,577.375,579.78,1909438,584.8420006517,593.2152562729,575.5367219347,577.9340647643,1909438,0.0,1.0
2025-03-12 00:00:00+00:00,591.14,597.27,585.585,589.01,1874741,589.2578961757,595.3683791469,583.7205824882,587.1346777861,1874741,0.0,1.0
2025-03-13 00:00:00+00:00,581.32,586.18,563.72,586.08,2269785,579.4691616282,584.3136880947,561.9251974696,584.2140064801,2269785,0.0,1.0
2025-03-14 00:00:00+00:00,598.8,601.54,586.83,589.22,2063204,596.8935078493,599.6247840876,584.9616185892,587.3440091766,2063204,0.0,1.0
2025-03-17 00:00:00+00:00,602.11,605.325,591.92,595.42,1559099,600.1929692905,603.3977331978,590.0354127691,593.5242692779,1559099,0.0,1.0
2025-03-18 00:00:00+00:00,599.03,601.56,591.8,598.9,1230397,597.1227755627,599.6447204105,589.9157948317,596.9931894638,1230397,0.0,1.0
2025-03-19 00:00:00+00:00,603.11,609.035,597.505,605.78,1247894,601.1897854358,607.0959210972,595.602630941,603.851284544,1247894,0.0,1.0
2025-03-20 00:00:00+00:00,600.42,605.58,596.0885,599.11,1088638,598.5083500048,603.6519213149,594.1906408711,597.2025208544,1088638,0.0,1.0
2025-03-21 00:00:00+00:00,604.04,605.25,590.02,592.99,2391432,602.116824451,603.3229719869,588.1414620929,591.1020060447,2391432,0.0,1.0
2025-03-24 00:00:00+00:00,613.09,614.285,605.285,610.0,1703083,611.1380105667,612.3292058604,603.357860552,608.0578486775,1703083,0.0,1.0
2025-03-25 00:00:00+00:00,618.72,620.93,605.2197,611.52,1126601,616.7500854651,618.9530491464,603.2927684577,609.5730092184,1126601,0.0,1.0
2025-03-26 00:00:00+00:00,614.86,620.27,613.07,618.78,1715803,612.902375144,618.2951504904,611.1180742438,616.8098944338,1715803,0.0,1.0
2025-03-27 00:00:00+00:00,615.3,620.61,612.31,615.49,1206171,613.3409742479,618.6340679799,610.3604939733,613.5303693156,1206171,0.0,1.0
2025-03-28 00:00:00+00:00,598.92,613.785,595.55,611.57,1574687,597.0131257867,611.8307977877,593.6538553768,609.6228500257,1574687,0.0,1.0
2025-03-31 00:00:00+00:00,613.99,617.9999,593.73,600.34,3071729,612.0351450975,616.0322781588,591.8396499922,598.4286047132,3071729,0.0,1.0
2025-04-01 00:00:00+00:00,613.78,617.12,606.15,610.87,1826563,611.825813707,615.1551796325,604.2201065178,608.9250787239,1826563,0.0,1.0
2025-04-02 00:00:00+00:00,620.91,625.0,604.96,605.06,1604512,618.9331128235,623.0100908581,603.0338953048,603.1335769193,1604512,0.0,1.0
2025-04-03 00:00:00+00:00,598.53,616.4225,598.2,604.0,2833881,596.62436749,614.4599003711,596.2954181621,602.0769518052,2833881,0.0,1.0
2025-04-04 00:00:00+00:00,561.53,594.21,560.94,588.1,3335228,559.7421701112,592.318121742,559.1540485855,586.2275750938,3335228,0.0,1.0
2025-04-07 00:00:00+00:00,556.24,575.89,532.645,548.01,2834651,554.4690127022,574.0564499588,530.9491357521,546.2652158258,2834651,0.0,1.0
2025-04-08 00:00:00+00:00,544.07,568.605,537.55,564.63,2764031,542.337760213,566.7946443398,535.8385189452,562.8323001619,2764031,0.0,1.0
2025-04-09 00:00:00+00:00,596.48,598.55,539.115,541.54,2883821,594.580894392,596.6443038129,537.3985362127,539.8158153652,2883821,0.0,1.0
2025-04-10 00:00:00+00:00,577.47,585.97,558.655,583.08,2289112,576.6681082597,585.1563049109,557.8792353193,582.2703180495,2289112,1.04,1.0
2025-04-11 00:00:00+00:00,587.04,588.46,569.465,573.29,1479891,586.2248190776,587.6428472241,568.6742242369,572.49391273,1479891,0.0,1.0
2025-04-14 00:00:00+00:00,593.55,600.0,585.8163,600.0,1227398,592.7257791011,599.1668224424,585.0028183433,599.1668224424,1227398,0.0,1.0
2025-04-15 00:00:00+00:00,594.08,600.56,591.35,598.97,1178156,593.2550431276,599.72604481,590.5288340855,598.1382527305,1178156,0.0,1.0
2025-04-16 00:00:00+00:00,588.08,598.065,581.08,587.65,1985470,587.2633749032,597.23450944,580.273095308,586.8339720138,1985470,0.0,1.0
2025-04-17 00:00:00+00:00,585.38,593.91,584.83,592.0,1642864,584.5671242022,593.0852791946,584.0178879483,591.1779314765,1642864,0.0,1.0
2025-04-21 00:00:00+00:00,568.84,581.37,559.1,578.43,1502690,568.0500921302,580.5626926055,558.3236173792,577.6267751756,1502690,0.0,1.0
2025-04-22 00:00:00+00:00,583.56,584.84,571.47,574.185,1467459,582.7496515075,584.027874062,570.6764400353,573.3876699068,1467459,0.0,1.0
2025-04-23 00:00:00+00:00,596.05,608.725,593.81,597.0,1744846,595.222307528,607.8797066521,592.9854180575,596.1709883302,1744846,0.0,1.0
2025-04-24 00:00:00+00:00,614.83,617.1,596.67,598.83,1600997,613.9762290704,616.243076882,595.8414465778,597.9984471386,1600997,0.0,1.0
2025-04-25 00:00:00+00:00,624.12,625.205,612.975,616.06,1540649,623.2533287046,624.3368220418,612.1238049777,615.2045210564,1540649,0.0,1.0
2025-04-28 00:00:00+00:00,618.23,628.595,614.57,623.32,1357283,617.3715077309,627.7221145886,613.716590114,622.454439608,1357283,0.0,1.0
2025-04-29 00:00:00+00:00,623.15,624.19,616.08,618.68,843516,622.284675675,623.3232315005,615.2244932838,617.8208828478,843516,0.0,1.0
2025-04-30 00:00:00+00:00,627.47,629.305,610.22,614.09,1315433,626.5986767965,628.4311286618,609.3726306513,613.2372566561,1315433,0.0,1.0
2025-05-01 00:00:00+00:00,623.19,635.18,622.42,624.495,1449899,622.3246201298,634.2979704649,621.5556893743,623.6278079686,1449899,0.0,1.0
2025-05-02 00:00:00+00:00,631.68,636.81,627.55,633.455,1367396,630.8028306673,635.9257069992,626.6785657062,632.5753658504,1367396,0.0,1.0
2025-05-05 00:00:00+00:00,632.18,641.51,629.39,630.67,1434251,631.3021363527,640.6191804417,628.5160106284,629.7942331829,1434251,0.0,1.0
2025-05-06 00:00:00+00:00,626.55,633.91,622.94,625.5,905847,625.6799543355,633.0297340241,622.0749672871,624.6314123962,905847,0.0,1.0
2025-05-07 00:00:00+00:00,641.14,642.47,626.6,626.6,1650609,640.2496942345,641.5778473576,625.729884904,625.729884904,1650609,0.0,1.0
2025-05-08 00:00:00+00:00,656.08,662.4909,641.31,643.53,2059822,655.1689481133,661.57094575,640.4194581675,642.6363754106,2059822,0.0,1.0
2025-05-09 00:00:00+00:00,653.88,658.185,650.065,655.26,1158833,652.9720030977,657.2710250487,649.1623007183,654.3500867893,1158833,0.0,1.0
2025-05-12 00:00:00+00:00,662.3,670.6,654.92,665.0,1842163,661.3803108393,669.6687852164,654.0105589233,664.0765615403,1842163,0.0,1.0
2025-05-13 00:00:00+00:00,656.8,661.39,651.73,660.44,1560660,655.8879483003,660.4715744919,650.8249886506,659.5228936897,1560660,0.0,1.0
2025-05-14 00:00:00+00:00,652.83,660.465,652.11,656.0,1948097,651.9234611584,659.547858974,651.2044609715,655.0890592037,1948097,0.0,1.0
2025-05-15 00:00:00+00:00,661.31,665.37,652.16,654.32,1548947,660.3916855823,664.4460477475,651.25439154,653.4113921008,1548947,0.0,1.0
2025-05-16 00:00:00+00:00,670.28,672.81,662.1908,672.81,1555209,669.3492295778,671.8757163458,661.2712624776,671.8757163458,1555209,0.0,1.0
2025-05-19 00:00:00+00:00,670.86,675.0,663.1996,666.46,1327858,669.9284241728,674.0626752477,662.2786616284,665.5345341416,1327858,0.0,1.0
2025-05-20 00:00:00+00:00,671.16,671.5,663.23,665.375,1047746,670.2280075841,670.5675354501,662.3090194141,664.4510408043,1047746,0.0,1.0
2025-05-21 00:00:00+00:00,659.98,671.065,659.605,668.735,1478998,659.0635324592,670.1331395038,658.6890531952,667.80637501,1478998,0.0,1.0
2025-05-22 00:00:00+00:00,666.07,670.56,659.0,662.51,2301181,665.145075707,669.6288407616,658.0848933159,661.5900192272,2301181,0.0,1.0
2025-05-23 00:00:00+00:00,720.13,734.18,714.0,720.0,5327730,719.1300064091,733.1604961679,713.0085187064,719.0001869309,5327730,0.0,1.0
2025-05-27 00:00:00+00:00,751.96,751.96,722.45,724.51,4080004,750.9158063396,750.9158063396,721.4467847892,723.5039242129,4080004,0.0,1.0
2025-05-28 00:00:00+00:00,754.45,758.77,751.0,752.0,2504604,753.4023486528,757.7163497743,749.9571394237,750.9557507945,2504604,0.0,1.0
2025-05-29 00:00:00+00:00,757.22,759.5,746.81,759.5,1589803,756.1685021497,758.445336075,745.7729577803,758.445336075,1589803,0.0,1.0
2025-05-30 00:00:00+00:00,753.47,761.02,747.27,760.0,2887265,752.4237095094,759.9632253585,746.2323190109,758.9446417604,2887265,0.0,1.0
2025-06-02 00:00:00+00:00,764.99,765.08,748.34,750.55,1870212,763.9277125003,764.0175875237,747.3008331776,749.5077643069,1870212,0.0,1.0
2025-06-03 00:00:00+00:00,764.66,768.09,758.16,762.83,1526890,763.598170748,767.0234077496,757.1071968382,761.7707119395,1526890,0.0,1.0
2025-06-04 00:00:00+00:00,766.81,768.06,762.0,762.33,1280998,765.7451851951,766.9934494085,760.9418645018,761.2714062542,1280998,0.0,1.0
2025-06-05 00:00:00+00:00,766.64,773.45,763.81,766.07,1242613,765.575421262,772.3759646968,762.7493510829,765.0062127807,1242613,0.0,1.0
2025-06-06 00:00:00+00:00,771.58,771.86,764.265,770.14,1475468,770.5085614335,770.7881726173,763.2037192565,769.0705610596,1475468,0.0,1.0
2025-06-09 00:00:00+00:00,764.38,772.0,762.64,770.22,1342425,763.3185595642,770.9279782092,761.5809757791,769.1504499693,1342425,0.0,1.0
2025-06-10 00:00:00+00:00,762.1,766.1899,754.11,762.36,1422939,761.0417256389,765.1259462841,753.0628207867,761.3013645953,1422939,0.0,1.0
2025-06-11 00:00:00+00:00,764.75,765.46,754.53,758.81,1276526,763.6880457714,764.3970598446,753.4822375624,757.7562942292,1276526,0.0,1.0
2025-06-12 00:00:00+00:00,766.21,770.77,763.35,763.35,1300228,765.1460183726,769.6996862232,762.2899898523,762.2899898523,1300228,0.0,1.0
2025-06-13 00:00:00+00:00,753.98,763.01,752.34,758.73,1148121,752.9330013085,761.9504619863,751.2952786605,757.6764053195,1148121,0.0,1.0
2025-06-16 00:00:00+00:00,768.08,769.92,757.5701,761.82,1428925,767.0134216359,768.8508665581,756.5181159906,760.7621144551,1428925,0.0,1.0
2025-06-17 00:00:00+00:00,764.9,769.64,761.65,768.46,1344572,763.837837477,768.5712553743,760.5923505221,767.3928939568,1344572,0.0,1.0
2025-06-18 00:00:00+00:00,754.83,765.585,750.38,762.37,2223563,753.7818209736,764.5218862659,749.3380003739,761.311350709,2223563,0.0,1.0
2025-06-20 00:00:00+00:00,761.14,762.39,755.05,760.66,2709424,760.083058723,761.3313229364,754.0015154752,759.603725265,2709424,0.0,1.0
2025-06-23 00:00:00+00:00,762.55,764.995,754.4,759.67,1223415,761.4911007557,763.9327055572,753.3524180842,758.615100008,1223415,0.0,1.0
2025-06-24 00:00:00+00:00,759.03,771.14,758.14,769.14,1900553,757.9759887307,770.0691724304,757.0872246108,768.0719496889,1900553,0.0,1.0
2025-06-25 00:00:00+00:00,757.86,759.62,751.06,758.06,1531125,756.807613427,758.5651694395,750.017056106,757.0073357011,1531125,0.0,1.0
2025-06-26 00:00:00+00:00,772.86,773.3805,758.53,759.38,1420073,771.786783988,772.3065612065,757.4766830454,758.3255027105,1420073,0.0,1.0
2025-06-27 00:00:00+00:00,776.57,787.215,771.16,771.16,2051782,775.4916321735,786.121850215,770.0891446578,770.0891446578,2051782,0.0,1.0
2025-06-30 00:00:00+00:00,787.63,790.5,779.125,782.52,1947243,786.5362739338,789.4022885678,778.0430842257,781.4333698294,1947243,0.0,1.0
2025-07-01 00:00:00+00:00,779.61,790.6,765.8101,788.7,1923874,778.5274107405,789.5021497049,764.7466736855,787.6047881005,1923874,0.0,1.0
2025-07-02 00:00:00+00:00,773.7,775.33,765.9095,773.9,1493358,772.6256175395,774.2533540738,764.8459356557,772.8253398136,1493358,0.0,1.0
2025-07-03 00:00:00+00:00,780.64,784.54,776.69,777.57,822973,779.5559804524,783.4505647982,775.611465538,776.4902435442,822973,0.0,1.0
2025-07-07 00:00:00+00:00,783.61,788.13,778.76,780.27,1295975,782.5218562235,787.0355796192,777.6785910754,779.1864942452,1295975,0.0,1.0
2025-07-08 00:00:00+00:00,781.48,784.62,775.84,784.57,1437654,780.3948140038,783.5304537079,774.7626458728,783.4805231394,1437654,0.0,1.0
2025-07-09 00:00:00+00:00,769.59,783.0,766.05,782.67,1486556,768.5213248057,781.9127032873,764.9862405533,781.583161535,1486556,0.0,1.0
2025-07-10 00:00:00+00:00,747.9,769.98,745.13,768.43,1783866,747.9,769.98,745.13,768.43,1783866,1.04,1.0
2025-07-11 00:00:00+00:00,747.9,751.86,743.5044,745.55,1048009,747.9,751.86,743.5044,745.55,1048009,0.0,1.0
2025-07-14 00:00:00+00:00,752.75,758.862,747.495,749.59,1115103,752.75,758.862,747.495,749.59,1115103,0.0,1.0
2025-07-15 00:00:00+00:00,745.95,754.5,742.89,750.905,1452592,745.95,754.5,742.89,750.905,1452592,0.0,1.0
2025-07-16 00:00:00+00:00,750.72,751.8,742.39,751.8,1263273,750.72,751.8,742.39,751.8,1263273,0.0,1.0
2025-07-17 00:00:00+00:00,755.37,756.445,748.91,749.21,1071318,755.37,756.445,748.91,749.21,1071318,0.0,1.0
2025-07-18 00:00:00+00:00,752.63,763.23,750.84,763.23,1509368,752.63,763.23,750.84,763.23,1509368,0.0,1.0
2025-07-21 00:00:00+00:00,763.69,767.9319,751.51,753.985,1411879,763.69,767.9319,751.51,753.985,1411879,0.0,1.0
2025-07-22 00:00:00+00:00,766.78,771.12,760.295,767.45,1027593,766.78,771.12,760.295,767.45,1027593,0.0,1.0
2025-07-23 00:00:00+00:00,776.0,778.06,759.525,765.79,1940028,776.0,778.06,759.525,765.79,1940028,0.0,1.0
2025-07-24 00:00:00+00:00,781.21,784.17,775.275,778.0,1379993,781.21,784.17,775.275,778.0,1379993,0.0,1.0
2025-07-25 00:00:00+00:00,785.95,790.5,780.5,782.91,1406405,785.95,790.5,780.5,782.91,1406405,0.0,1.0
2025-07-28 00:00:00+00:00,798.73,800.5,783.0,785.03,1933303,798.73,800.5,783.0,785.03,1933303,0.0,1.0
2025-07-29 00:00:00+00:00,806.34,807.93,794.83,804.48,1693859,806.34,807.93,794.83,804.48,1693859,0.0,1.0
2025-07-30 00:00:00+00:00,807.39,813.7,800.96,804.87,1606359,807.39,813.7,800.96,804.87,1606359,0.0,1.0
2025-07-31 00:00:00+00:00,785.13,807.15,783.935,807.15,1779124,785.13,807.15,783.935,807.15,1779124,0.0,1.0
2025-08-01 00:00:00+00:00,776.15,787.3725,772.35,786.14,1490139,776.15,787.3725,772.35,786.14,1490139,0.0,1.0
2025-08-04 00:00:00+00:00,784.87,790.54,781.31,784.18,1484408,784.87,790.54,781.31,784.18,1484408,0.0,1.0
2025-08-05 00:00:00+00:00,769.27,794.09,767.92,785.42,1258098,769.27,794.09,767.92,785.42,1258098,0.0,1.0
2025-08-06 00:00:00+00:00,779.47,779.67,765.68,773.865,1154702,779.47,779.67,765.68,773.865,1154702,0.0,1.0
2025-08-07 00:00:00+00:00,761.61,786.28,752.0401,783.48,1436107,761.61,786.28,752.0401,783.48,1436107,0.0,1.0
2025-08-08 00:00:00+00:00,749.0,762.48,747.245,760.5,1670272,749.0,762.48,747.245,760.5,1670272,0.0,1.0
