date,close,high,low,open,volume,adjClose,adjHigh,adjLow,adjOpen,adjVolume,divCash,splitFactor
2018-01-02 00:00:00+00:00,181.42,181.58,177.55,177.68,17694891,180.4415395203,180.6006765853,176.5924117618,176.7217106271,17694891,0.0,1.0
2018-01-03 00:00:00+00:00,184.67,184.78,181.33,181.88,16595495,183.6740111521,183.7834178843,180.3520249213,180.899058582,16595495,0.0,1.0
2018-01-04 00:00:00+00:00,184.33,186.21,184.1,184.9,13554357,183.3358448891,185.2057054022,183.1070853582,183.902770683,13554357,0.0,1.0
2018-01-05 00:00:00+00:00,186.85,186.9,184.93,185.59,13042388,185.842253662,185.8919839948,183.9326088826,184.5890492756,13042388,0.0,1.0
2018-01-08 00:00:00+00:00,188.28,188.9,186.33,187.2,14719216,187.26454118,187.8811973067,185.325058201,186.1903659916,14719216,0.0,1.0
2018-01-09 00:00:00+00:00,187.87,188.8,187.1,188.7,12342722,186.8567524511,187.7817366411,186.090905326,187.6822759755,12342722,0.0,1.0
2018-01-10 00:00:00+00:00,187.84,187.89,185.63,186.94,10464528,186.8269142514,186.8766445842,184.6288335418,185.9317682611,10464528,0.0,1.0
2018-01-11 00:00:00+00:00,187.77,188.4,187.38,188.4,8855144,186.7572917855,187.3838939788,186.3693951897,187.3838939788,8855144,0.0,1.0
2018-01-12 00:00:00+00:00,179.37,181.48,177.4,178.06,76645626,178.4025958756,180.5012159197,176.4432207634,177.0996611564,76645626,0.0,1.0
2018-01-16 00:00:00+00:00,178.39,181.75,178.04,181.5,35027166,177.4278813528,180.7697597168,177.0797690232,180.5211080528,35027166,0.0,1.0
2018-01-17 00:00:00+00:00,177.6,179.32,175.8,179.26,27356988,176.6421420946,178.3528655428,174.8518501139,178.2931891435,27356988,0.0,1.0
2018-01-18 00:00:00+00:00,179.8,180.98,177.08,178.13,22783759,178.8302767377,180.0039125917,176.1249466335,177.1692836223,22783759,0.0,1.0
2018-01-19 00:00:00+00:00,181.29,182.37,180.17,180.85,26266081,180.312240655,181.3864158434,179.1982812004,179.8746137264,26266081,0.0,1.0
2018-01-22 00:00:00+00:00,185.37,185.39,180.41,180.8,20567285,184.3702358113,184.3901279444,179.4369867978,179.8248833936,20567285,0.0,1.0
2018-01-23 00:00:00+00:00,189.35,189.55,185.55,186.05,24956444,188.3287703019,188.5276916331,184.5492650093,185.0465683373,24956444,0.0,1.0
2018-01-24 00:00:00+00:00,186.55,190.66,186.52,189.89,22992031,185.5438716653,189.6317050212,185.5140334656,188.8658578961,22992031,0.0,1.0
2018-01-25 00:00:00+00:00,187.48,188.62,186.6,187.95,16698537,186.4688558553,187.6027074431,185.5936019981,186.9363209836,16698537,0.0,1.0
2018-01-26 00:00:00+00:00,190.0,190.0,186.81,187.75,16652197,188.9752646283,188.9752646283,185.8024693958,186.7373996524,16652197,0.0,1.0
2018-01-29 00:00:00+00:00,185.98,188.84,185.63,188.75,20022931,184.9769458714,187.8215209074,184.6288335418,187.7320063083,20022931,0.0,1.0
2018-01-30 00:00:00+00:00,187.12,188.18,181.84,187.62,20382841,186.1107974592,187.1650805144,180.8592743158,186.6081007871,20382841,0.0,1.0
2018-01-31 00:00:00+00:00,186.89,189.83,185.22,188.37,27299152,185.8820379283,188.8061814967,184.2210448129,187.3540557791,27299152,0.0,1.0
2018-02-01 00:00:00+00:00,193.09,195.32,187.89,188.22,53608910,192.0485991951,194.2665720378,186.8766445842,187.2048647807,53608910,0.0,1.0
2018-02-02 00:00:00+00:00,190.28,194.21,189.98,192.04,25514560,189.2537544919,193.1625586498,188.9553724951,191.0042622064,25514560,0.0,1.0
2018-02-05 00:00:00+00:00,181.26,190.61,180.61,186.93,29852293,180.2824024554,189.5819746884,179.635908129,185.9218221945,29852293,0.0,1.0
2018-02-06 00:00:00+00:00,185.31,185.77,177.74,178.57,36829710,184.3105594119,184.7680784736,176.7813870265,177.6069105509,36829710,0.0,1.0
2018-02-07 00:00:00+00:00,180.18,185.08,179.95,184.15,26891282,179.2082272669,184.081799881,178.9794677361,183.156815691,26891282,0.0,1.0
2018-02-08 00:00:00+00:00,171.58,181.84,171.48,181.01,35672214,170.6546100259,180.8592743158,170.5551493603,180.0337507914,35672214,0.0,1.0
2018-02-09 00:00:00+00:00,176.11,176.9,167.18,174.76,37214470,175.1601781773,175.9459174355,166.2783407397,173.8174591918,37214470,0.0,1.0
2018-02-12 00:00:00+00:00,176.41,177.55,171.84,177.06,31697374,175.4585601741,176.5924117618,170.9132077564,176.1050545004,31697374,0.0,1.0
2018-02-13 00:00:00+00:00,173.15,175.97,173.1,175.62,20880702,172.2161424757,175.0209332454,172.1664121429,174.6728209159,20880702,0.0,1.0
2018-02-14 00:00:00+00:00,179.52,179.81,173.21,173.45,27963758,178.551786874,178.8402228042,172.275818875,172.5145244725,27963758,0.0,1.0
2018-02-15 00:00:00+00:00,179.96,180.5,176.84,180.5,20554092,178.9894138026,179.5265013968,175.8862410361,179.5265013968,20554092,0.0,1.0
2018-02-16 00:00:00+00:00,177.36,179.88,176.3,178.99,20475445,176.4034364972,178.9098452702,175.3491534419,178.0246453464,20475445,0.0,1.0
2018-02-20 00:00:00+00:00,176.01,177.95,175.11,175.77,20887317,175.0607175117,176.9902544242,174.1655715213,174.8220119143,20887317,0.0,1.0
2018-02-21 00:00:00+00:00,177.91,181.27,176.4,176.71,22844006,176.950470158,180.2923485219,175.4486141075,175.7569421708,22844006,0.0,1.0
2018-02-22 00:00:00+00:00,178.99,180.21,177.41,178.7,17085490,178.0246453464,179.2380654666,176.45316683,177.7362094162,17085490,0.0,1.0
2018-02-23 00:00:00+00:00,183.29,183.39,179.51,179.9,18621950,182.3014539669,182.4009146325,178.5418408075,178.9297374033,18621950,0.0,1.0
2018-02-26 00:00:00+00:00,184.93,185.66,183.22,184.58,17418814,183.9326088826,184.6586717415,182.231831501,183.5844965531,17418814,0.0,1.0
2018-02-27 00:00:00+00:00,181.46,184.7,181.46,184.45,15649326,180.4813237865,183.7038493518,180.4813237865,183.4551976878,15649326,0.0,1.0
2018-02-28 00:00:00+00:00,178.32,182.88,178.14,182.3,18208084,177.3582588869,181.893665238,177.1792296888,181.3167933775,18208084,0.0,1.0
2018-03-01 00:00:00+00:00,175.94,180.12,174.41,179.01,23201626,174.9910950458,179.1485508676,173.4693468622,178.0445374795,23201626,0.0,1.0
2018-03-02 00:00:00+00:00,176.62,177.11,172.99,173.29,20025905,175.6674275718,176.1547848332,172.0570054107,172.3553874075,20025905,0.0,1.0
2018-03-05 00:00:00+00:00,180.4,181.15,175.89,176.2,16189280,179.4270407312,180.1729957232,174.941364713,175.2496927763,16189280,0.0,1.0
2018-03-06 00:00:00+00:00,179.78,182.38,179.11,181.78,15086784,178.8103846046,181.39636191,178.1439981451,180.7995979164,15086784,0.0,1.0
2018-03-07 00:00:00+00:00,183.71,183.82,178.07,178.74,19097293,182.7191887624,182.8285954946,177.1096072229,177.7759936824,19097293,0.0,1.0
2018-03-08 00:00:00+00:00,182.34,184.4,181.45,183.56,15336555,181.3565776438,183.405467355,180.47137772,182.569997764,15336555,0.0,1.0
2018-03-09 00:00:00+00:00,185.23,185.51,183.21,183.91,17952177,184.2309908794,184.5094807431,182.2218854344,182.9181100936,17952177,0.0,1.0
2018-03-12 00:00:00+00:00,184.76,186.1,184.22,185.23,14873538,183.7635257511,185.0962986701,183.2264381569,184.2309908794,14873538,0.0,1.0
2018-03-13 00:00:00+00:00,181.88,185.99,181.11,185.61,17742312,180.899058582,184.9868919379,180.133211457,184.6089414087,17742312,0.0,1.0
2018-03-14 00:00:00+00:00,184.19,184.25,181.85,182.6,16426843,183.1965999573,183.2562763566,180.8692203824,181.6151753743,16426843,0.0,1.0
2018-03-15 00:00:00+00:00,183.86,184.0,182.19,183.24,15461869,182.8683797608,183.0076246926,181.2073866454,182.2517236341,15461869,0.0,1.0
2018-03-16 00:00:00+00:00,185.09,185.33,183.41,184.49,23090480,184.0917459476,184.330451545,182.4208067656,183.494981954,23090480,0.0,1.0
2018-03-19 00:00:00+00:00,172.56,177.17,170.06,177.01,86897749,171.6293245487,176.2144612326,169.1428079088,176.0553241676,86897749,0.0,1.0
2018-03-20 00:00:00+00:00,168.15,170.2,161.95,167.47,128925534,167.243109196,169.2820528407,161.0765479292,166.56677667,128925534,0.0,1.0
2018-03-21 00:00:00+00:00,169.39,173.4,163.3,164.8,105350867,168.4764214494,172.4647941397,162.4192669147,163.9111768986,105350867,0.0,1.0
2018-03-22 00:00:00+00:00,164.89,170.27,163.72,166.13,73389988,164.0006914976,169.3516753066,162.8370017102,165.234003751,73389988,0.0,1.0
2018-03-23 00:00:00+00:00,159.39,166.6,159.02,165.44,52306891,158.53035489,165.7014688793,158.1623504273,164.5477251584,52306891,0.0,1.0
2018-03-26 00:00:00+00:00,160.06,161.1,149.02,160.82,125438294,159.1967413495,160.2311322716,148.2162838679,159.952642408,125438294,0.0,1.0
2018-03-27 00:00:00+00:00,152.22,162.85,150.75,156.31,76787884,151.3990251669,161.9716939195,149.9369533827,155.4669663897,76787884,0.0,1.0
2018-03-28 00:00:00+00:00,153.03,155.88,150.8,151.65,60029170,152.2046565582,155.0392855276,149.9866837155,150.832099373,60029170,0.0,1.0
2018-03-29 00:00:00+00:00,159.79,161.42,154.14,155.15,59434293,158.9281975524,160.5494064015,153.3086699463,154.3132226688,59434293,0.0,1.0
2018-04-02 00:00:00+00:00,155.39,159.2,154.11,157.81,36795991,154.5519282662,158.3413796254,153.2788317466,156.9588763736,36795991,0.0,1.0
2018-04-03 00:00:00+00:00,156.11,157.39,150.81,156.55,42543865,155.2680450585,156.5411415781,149.996629782,155.7056719871,42543865,0.0,1.0
2018-04-04 00:00:00+00:00,155.1,155.56,150.51,152.03,49885584,154.263492336,154.7210113977,149.6982477853,151.2100499023,49885584,0.0,1.0
2018-04-05 00:00:00+00:00,159.34,161.57,156.65,161.56,41449609,158.4806245572,160.6985973999,155.8051326527,160.6886513334,41449609,0.0,1.0
2018-04-06 00:00:00+00:00,157.2,161.42,156.81,157.73,41644812,156.3521663135,160.5494064015,155.9642697177,156.8793078411,41644812,0.0,1.0
2018-04-09 00:00:00+00:00,157.93,160.53,156.04,157.82,34915227,157.0782291723,159.6642064778,155.1984225926,156.9688224402,34915227,0.0,1.0
2018-04-10 00:00:00+00:00,165.04,165.98,157.01,157.93,58947041,164.149882496,165.0848127526,156.1631910489,157.0782291723,58947041,0.0,1.0
2018-04-11 00:00:00+00:00,166.32,168.65,163.25,165.36,56144633,165.4229790156,167.740412524,162.3695365819,164.4681566259,56144633,0.0,1.0
2018-04-12 00:00:00+00:00,163.87,167.45,163.1,166.98,38262956,162.9861927086,166.5468845368,162.2203455835,166.0794194086,38262956,0.0,1.0
2018-04-13 00:00:00+00:00,164.52,165.7,163.77,164.58,19990561,163.6326870349,164.806322889,162.886732043,163.6923634343,19990561,0.0,1.0
2018-04-16 00:00:00+00:00,164.83,165.78,163.39,165.72,18119435,163.9410150983,164.8858914214,162.5087815137,164.8262150221,18119435,0.0,1.0
2018-04-17 00:00:00+00:00,168.66,169.0,165.66,165.83,22743029,167.7503585905,168.0885248536,164.7665386227,164.9356217542,22743029,0.0,1.0
2018-04-18 00:00:00+00:00,166.36,168.12,165.77,166.88,20969568,165.4627632819,167.2132709963,164.8759453549,165.979958743,20969568,0.0,1.0
2018-04-19 00:00:00+00:00,168.1,168.33,165.2,166.2,22234961,167.1933788632,167.4221383941,164.309019561,165.3036262169,22234961,0.0,1.0
2018-04-20 00:00:00+00:00,166.28,168.43,165.81,167.79,19119438,165.3831947494,167.5215990597,164.9157296211,166.8850507999,19119438,0.0,1.0
2018-04-23 00:00:00+00:00,165.84,168.45,165.09,167.27,23088102,164.9455678208,167.5414911928,164.1996128288,166.3678553388,23088102,0.0,1.0
2018-04-24 00:00:00+00:00,159.69,166.1,158.19,165.43,35079926,158.8287368868,165.2041655513,157.3368269029,164.5377790919,35079926,0.0,1.0
2018-04-25 00:00:00+00:00,159.69,161.06,156.19,160.14,41083581,158.8287368868,160.1913480054,155.347613591,159.2763098819,41083581,0.0,1.0
2018-04-26 00:00:00+00:00,174.16,176.27,170.8,173.22,77556934,173.2206951982,175.3193152422,169.8788168342,172.2857649416,77556934,0.0,1.0
2018-04-27 00:00:00+00:00,173.59,177.1,172.6,176.81,29804657,172.6537694043,176.1448387666,171.6691088149,175.8564028364,29804657,0.0,1.0
2018-04-30 00:00:00+00:00,172.0,175.72,171.71,173.79,20750478,171.0723448214,174.7722815815,170.7839088911,172.8526907355,20750478,0.0,1.0
2018-05-01 00:00:00+00:00,173.86,174.02,170.23,172.0,26025932,172.9223132014,173.0814502664,169.3118910404,171.0723448214,26025932,0.0,1.0
2018-05-02 00:00:00+00:00,176.07,178.08,174.2,174.25,30424450,175.120393911,177.1195532895,173.2604794644,173.3102097972,30424450,0.0,1.0
2018-05-03 00:00:00+00:00,174.02,176.12,172.12,175.13,24026071,173.0814502664,175.1701242438,171.1916976201,174.1854636545,24026071,0.0,1.0
2018-05-04 00:00:00+00:00,176.61,176.98,173.06,173.08,17677844,175.6574815052,176.0254859679,172.1266278767,172.1465200098,17677844,0.0,1.0
2018-05-07 00:00:00+00:00,177.97,179.5,177.17,177.35,18697195,177.0101465573,178.5318947409,176.2144612326,176.3934904306,18697195,0.0,1.0
2018-05-08 00:00:00+00:00,178.92,179.04,177.11,178.25,15577211,177.9550228805,178.0743756792,176.1547848332,177.288636421,15577211,0.0,1.0
2018-05-09 00:00:00+00:00,182.66,183.01,178.78,179.67,23282811,181.6748517737,182.0229641032,177.8157779486,178.7009778724,23282811,0.0,1.0
2018-05-10 00:00:00+00:00,185.53,186.13,182.5,183.15,21071403,184.5293728762,185.1261368698,181.5157147087,182.1622090351,21071403,0.0,1.0
2018-05-11 00:00:00+00:00,186.99,188.32,184.18,184.85,21207848,185.9814985939,187.3043254463,183.1866538907,183.8530403502,21207848,0.0,1.0
2018-05-14 00:00:00+00:00,186.64,187.86,186.2,187.71,15646744,185.6333862643,186.8468063845,185.1957593357,186.6976153862,15646744,0.0,1.0
2018-05-15 00:00:00+00:00,184.32,185.29,183.2,184.88,15429433,183.3258988225,184.2906672788,182.2119393679,183.8828785498,15429433,0.0,1.0
2018-05-16 00:00:00+00:00,183.2,184.32,182.66,183.7,16975495,182.2119393679,183.3258988225,181.6748517737,182.7092426958,16975495,0.0,1.0
2018-05-17 00:00:00+00:00,183.76,184.06,182.22,182.68,14840675,182.7689190952,183.067301092,181.2372248451,181.6947439068,14840675,0.0,1.0
2018-05-18 00:00:00+00:00,182.68,184.19,182.61,183.49,13130451,181.6947439068,183.1965999573,181.6251214409,182.5003752981,13130451,0.0,1.0
2018-05-21 00:00:00+00:00,184.49,185.3,183.13,183.77,13532864,183.494981954,184.3006133453,182.142316902,182.7788651618,13532864,0.0,1.0
2018-05-22 00:00:00+00:00,183.8,185.42,183.43,184.93,12731419,182.8087033614,184.4199661441,182.4406988987,183.9326088826,12731419,0.0,1.0
2018-05-23 00:00:00+00:00,186.9,186.91,182.18,182.5,16628100,185.8919839948,185.9019300614,181.1974405788,181.5157147087,16628100,0.0,1.0
2018-05-24 00:00:00+00:00,185.93,186.8,185.03,185.88,12354742,184.9272155386,185.7925233293,184.0320695482,184.8774852058,12354742,0.0,1.0
2018-05-25 00:00:00+00:00,184.92,186.33,184.45,186.02,10965061,183.9226628161,185.325058201,183.4551976878,185.0167301376,10965061,0.0,1.0
2018-05-29 00:00:00+00:00,185.74,186.81,183.71,184.34,16398937,184.738240274,185.8024693958,182.7191887624,183.3457909556,16398937,0.0,1.0
2018-05-30 00:00:00+00:00,187.67,188.0,185.25,186.54,13736866,186.6578311199,186.9860513164,184.2508830125,185.5339255987,13736866,0.0,1.0
2018-05-31 00:00:00+00:00,191.78,192.72,187.48,187.87,30782631,190.7456644758,191.6805947324,186.4688558553,186.8567524511,30782631,0.0,1.0
2018-06-01 00:00:00+00:00,193.99,194.55,192.07,193.07,17307245,192.9437451854,193.5007249128,191.034100406,192.028707062,17307245,0.0,1.0
2018-06-04 00:00:00+00:00,193.28,193.98,191.47,191.84,18939795,192.2375744597,192.9337991189,190.4373364125,190.8053408752,18939795,0.0,1.0
2018-06-05 00:00:00+00:00,192.94,195.0,192.62,194.3,15544294,191.8994081967,193.9482979079,191.5811340668,193.2520732488,15544294,0.0,1.0
2018-06-06 00:00:00+00:00,191.34,192.53,189.11,191.03,22558920,190.3080375472,191.4916194678,188.0900647045,189.9997094839,22558920,0.0,1.0
2018-06-07 00:00:00+00:00,188.18,190.97,186.77,190.75,21503171,187.1650805144,189.9400330845,185.7626851296,189.7212196202,21503171,0.0,1.0
2018-06-08 00:00:00+00:00,189.1,189.48,186.43,187.53,12677092,188.0801186379,188.4580691672,185.4245188666,186.5185861881,12677092,0.0,1.0
2018-06-11 00:00:00+00:00,191.54,192.6,188.8,188.81,12928907,190.5069588784,191.5612419337,187.7817366411,187.7916827077,12928907,0.0,1.0
2018-06-12 00:00:00+00:00,192.4,193.28,191.56,192.17,11562704,191.3623206025,192.2375744597,190.5268510115,191.1335610716,11562704,0.0,1.0
2018-06-13 00:00:00+00:00,192.41,194.5,191.91,192.74,15853821,191.3722666691,193.45099458,190.8749633411,191.7004868655,15853821,0.0,1.0
2018-06-14 00:00:00+00:00,196.81,197.28,192.91,193.1,19120866,195.7485359552,196.2160010835,191.869569997,192.0585452617,19120866,0.0,1.0
2018-06-15 00:00:00+00:00,195.85,197.07,194.64,195.79,21860931,194.7937135655,196.0071336857,193.5902395118,194.7340371661,21860931,0.0,1.0
2018-06-18 00:00:00+00:00,198.31,199.58,194.13,194.8,16826023,197.2404459391,198.5035963921,193.0829901173,193.7493765768,16826023,0.0,1.0
2018-06-19 00:00:00+00:00,197.49,197.96,193.79,196.24,19993996,196.4248684812,196.8923336095,192.7448238543,195.1816101613,19993996,0.0,1.0
2018-06-20 00:00:00+00:00,202.0,203.55,198.81,199.1,28230933,200.9105444995,202.4521848162,197.7377492671,198.0261851973,28230933,0.0,1.0
2018-06-21 00:00:00+00:00,201.5,203.39,200.09,202.76,19045717,200.4132411715,202.2930477513,199.0108457867,201.666445558,19045717,0.0,1.0
2018-06-22 00:00:00+00:00,201.74,202.24,199.31,201.16,17420188,200.651946769,201.1492500969,198.235052595,200.0750749085,17420188,0.0,1.0
2018-06-25 00:00:00+00:00,196.35,200.0,193.11,200.0,25275137,195.2910168935,198.9213311876,192.0684913282,198.9213311876,25275137,0.0,1.0
2018-06-26 00:00:00+00:00,199.0,199.1,196.23,197.6,17897576,197.9267245317,198.0261851973,195.1716640947,196.5342752134,17897576,0.0,1.0
2018-06-27 00:00:00+00:00,195.84,200.75,195.8,199.18,18734408,194.7837674989,199.6672861796,194.7439832327,198.1057537298,18734408,0.0,1.0
2018-06-28 00:00:00+00:00,196.23,197.34,193.26,195.18,18172439,195.1716640947,196.2756774828,192.2176823266,194.127327106,18172439,0.0,1.0
2018-06-29 00:00:00+00:00,194.32,197.6,193.96,197.32,15811602,193.2719653819,196.5342752134,192.9139069858,196.2557853497,15811602,0.0,1.0
2018-07-02 00:00:00+00:00,197.36,197.45,192.22,193.37,13961578,196.295569616,196.385084215,191.1832914044,192.3270890588,13961578,0.0,1.0
2018-07-03 00:00:00+00:00,192.73,195.4,192.52,194.55,13489514,191.690540799,194.3461405703,191.4816734012,193.5007249128,13489514,0.0,1.0
2018-07-05 00:00:00+00:00,198.45,198.65,194.03,194.74,19684193,197.3796908709,197.5786122021,192.9835294517,193.6897001774,19684193,0.0,1.0
2018-07-06 00:00:00+00:00,203.23,203.64,197.7,198.45,19740131,202.1339106863,202.5416994152,196.633735879,197.3796908709,19740131,0.0,1.0
2018-07-09 00:00:00+00:00,204.74,205.8,202.12,204.93,18149437,203.6357667368,204.6900497921,201.0298972982,203.8247420014,18149437,0.0,1.0
2018-07-10 00:00:00+00:00,203.54,204.91,202.26,204.5,13190067,202.4422387497,203.8048498683,201.1691422301,203.3970611394,13190067,0.0,1.0
2018-07-11 00:00:00+00:00,202.54,204.5,201.75,202.22,12927377,201.4476320937,203.3970611394,200.6618928355,201.1293579638,12927377,0.0,1.0
2018-07-12 00:00:00+00:00,206.92,207.08,203.19,203.43,15454706,205.8040092467,205.9631463117,202.0941264201,202.3328320175,15454706,0.0,1.0
2018-07-13 00:00:00+00:00,207.32,208.43,206.45,207.81,11503401,206.2018519091,207.3058652972,205.3365441184,206.6892091705,11503401,0.0,1.0
2018-07-16 00:00:00+00:00,207.23,208.72,206.84,207.5,11078209,206.1123373101,207.5943012274,205.7244407143,206.3808811072,11078209,0.0,1.0
2018-07-17 00:00:00+00:00,209.99,210.46,204.84,204.9,15349892,208.8574516805,209.3249168087,203.7352274024,203.7949038017,15349892,0.0,1.0
2018-07-18 00:00:00+00:00,209.36,210.99,208.44,209.82,15334907,208.2308494872,209.8520583364,207.3158113638,208.6883685489,15334907,0.0,1.0
2018-07-19 00:00:00+00:00,208.09,209.99,207.76,208.77,11350429,206.9676990342,208.8574516805,206.6394788377,207.6440315602,11350429,0.0,1.0
2018-07-20 00:00:00+00:00,209.94,211.5,208.5,208.85,16241508,208.8077213477,210.3593077309,207.3754877631,207.7236000927,16241508,0.0,1.0
2018-07-23 00:00:00+00:00,210.91,211.62,208.8,210.58,16731969,209.7724898039,210.4786605296,207.6738697599,209.4442696075,16731969,0.0,1.0
2018-07-24 00:00:00+00:00,214.67,216.2,212.6,215.11,28468681,213.5122108302,215.0339590138,211.4533750525,213.9498377589,28468681,0.0,1.0
2018-07-25 00:00:00+00:00,217.5,218.62,214.27,215.72,64592585,216.3269476666,217.4409071212,213.1143681679,214.556547819,64592585,0.0,1.0
2018-07-26 00:00:00+00:00,176.26,180.13,173.75,174.89,169803668,175.3093691757,179.1584969341,172.8129064693,173.946758057,169803668,0.0,1.0
2018-07-27 00:00:00+00:00,174.89,179.93,173.0,179.87,60073749,173.946758057,178.959575603,172.0669514773,178.8998992036,60073749,0.0,1.0
2018-07-30 00:00:00+00:00,171.06,175.3,166.56,175.3,65280787,170.1374145648,174.354546786,165.6616846131,174.354546786,65280787,0.0,1.0
2018-07-31 00:00:00+00:00,172.58,174.24,170.0,170.67,40356471,171.6492166818,173.3002637307,169.0831315095,169.749517969,40356471,0.0,1.0
2018-08-01 00:00:00+00:00,171.65,175.08,170.9,173.93,34042109,170.7242324918,174.1357333217,169.9782774998,172.9919356673,34042109,0.0,1.0
2018-08-02 00:00:00+00:00,176.37,176.79,170.27,170.68,32399954,175.4187759078,175.8365107033,169.3516753066,169.7594640355,32399954,0.0,1.0
2018-08-03 00:00:00+00:00,177.78,178.85,176.15,177.69,24763434,176.8211712927,177.8854004145,175.1999624435,176.7316566937,24763434,0.0,1.0
2018-08-06 00:00:00+00:00,185.69,185.79,178.38,178.97,49716192,184.6885099412,184.7879706068,177.4179352863,178.0047532133,49716192,0.0,1.0
2018-08-07 00:00:00+00:00,183.81,188.3,183.72,186.5,33398562,182.818649428,187.2844333132,182.729134829,185.4941413325,33398562,0.0,1.0
2018-08-08 00:00:00+00:00,185.18,186.85,183.76,184.75,22205230,184.1812605466,185.842253662,182.7689190952,183.7535796846,22205230,0.0,1.0
2018-08-09 00:00:00+00:00,183.09,186.57,182.48,185.85,19732120,182.1025326357,185.5637637984,181.4958225756,184.8476470061,19732120,0.0,1.0
2018-08-10 00:00:00+00:00,180.26,182.1,179.42,182.04,21500410,179.2877957994,181.1178720463,178.4523262084,181.058195647,21500410,0.0,1.0
2018-08-13 00:00:00+00:00,180.05,182.61,178.9,180.1,17423264,179.0789284017,181.6251214409,177.9351307473,179.1286587345,17423264,0.0,1.0
2018-08-14 00:00:00+00:00,181.11,181.99,178.62,180.71,19101995,180.133211457,181.0084653142,177.6566408837,179.7353687946,19101995,0.0,1.0
2018-08-15 00:00:00+00:00,179.53,180.87,174.78,179.34,33020231,178.5617329406,179.8945058595,173.8373513249,178.372757676,33020231,0.0,1.0
2018-08-16 00:00:00+00:00,174.7,180.5,174.01,180.42,31351784,173.7577827924,179.5265013968,173.0715041998,179.4469328644,31351784,0.0,1.0
2018-08-17 00:00:00+00:00,173.8,176.22,172.04,174.5,24893176,172.8626368021,175.2695849094,171.1121290876,173.5588614612,24893176,0.0,1.0
2018-08-20 00:00:00+00:00,172.5,174.57,170.91,174.04,21518006,171.5696481493,173.6284839271,169.9882235664,173.1013423995,21518006,0.0,1.0
2018-08-21 00:00:00+00:00,172.62,174.17,171.39,172.81,19578514,171.689000948,173.2306412648,170.4656347612,171.8779762127,19578514,0.0,1.0
2018-08-22 00:00:00+00:00,173.64,174.24,172.13,172.21,16894083,172.7034997371,173.3002637307,171.2016436866,171.2812122191,16894083,0.0,1.0
2018-08-23 00:00:00+00:00,172.9,175.55,172.83,173.09,18053567,171.9674908117,174.6031984499,171.8978683458,172.1564660763,18053567,0.0,1.0
2018-08-24 00:00:00+00:00,174.65,174.82,172.92,173.7,14631556,173.7080524596,173.8771355911,171.9873829448,172.7631761365,14631556,0.0,1.0
2018-08-27 00:00:00+00:00,177.46,178.67,175.79,175.99,17921935,176.5028971628,177.7063712165,174.8419040474,175.0408253786,17921935,0.0,1.0
2018-08-28 00:00:00+00:00,176.26,178.24,175.83,178.1,15910675,175.3093691757,177.2786903544,174.8816883136,177.1394454226,15910675,0.0,1.0
2018-08-29 00:00:00+00:00,175.9,176.79,174.75,176.3,18678301,174.9513107795,175.8365107033,173.8075131252,175.3491534419,18678301,0.0,1.0
2018-08-30 00:00:00+00:00,177.64,179.79,175.7,175.9,24216532,176.6819263609,178.8203306711,174.7523894483,174.9513107795,24216532,0.0,1.0
2018-08-31 00:00:00+00:00,175.73,177.62,174.98,177.15,18065159,174.782227648,176.6620342277,174.0362726561,176.1945690994,18065159,0.0,1.0
2018-09-04 00:00:00+00:00,171.16,173.89,168.8,173.5,29808971,170.2368752304,172.9521514011,167.8896035224,172.5642548053,29808971,0.0,1.0
2018-09-05 00:00:00+00:00,167.18,171.13,166.67,169.49,31226744,166.2783407397,170.2070370307,165.7710913452,168.575882115,31226744,0.0,1.0
2018-09-06 00:00:00+00:00,162.53,166.98,160.0,166.98,41514834,161.6534197896,166.0794194086,159.1370649501,166.0794194086,41514834,0.0,1.0
2018-09-07 00:00:00+00:00,163.04,164.63,160.16,160.31,24300600,162.1606691842,163.7420937671,159.2962020151,159.4453930134,24300600,0.0,1.0
2018-09-10 00:00:00+00:00,164.18,165.01,162.16,163.51,20197680,163.2945207719,164.1200442964,161.2854153269,162.6281343124,20197680,0.0,1.0
2018-09-11 00:00:00+00:00,165.94,167.19,163.72,163.94,20457088,165.0450284864,166.2882868063,162.8370017102,163.0558151745,20457088,0.0,1.0
2018-09-12 00:00:00+00:00,162.0,164.49,161.8,163.25,24078118,161.126278262,163.6028488353,160.9273569308,162.3695365819,24078118,0.0,1.0
2018-09-13 00:00:00+00:00,161.36,163.32,160.86,162.0,25453775,160.4897300022,162.4391590478,159.9924266742,161.126278262,25453775,0.0,1.0
2018-09-14 00:00:00+00:00,162.32,162.84,160.34,161.72,21770405,161.4445523919,161.961747853,159.4752312131,160.8477883983,21770405,0.0,1.0
2018-09-17 00:00:00+00:00,160.58,162.06,159.77,161.92,21005321,159.7139368106,161.1859546613,158.9083054192,161.0467097295,21005321,0.0,1.0
2018-09-18 00:00:00+00:00,160.3,161.76,158.87,159.39,22465236,159.4354469469,160.8875726646,158.0131594289,158.53035489,22465236,0.0,1.0
2018-09-19 00:00:00+00:00,163.06,163.44,159.48,160.08,19628996,162.1805613173,162.5585118465,158.619869489,159.2166334826,19628996,0.0,1.0
2018-09-20 00:00:00+00:00,166.02,166.45,164.47,164.5,18936038,165.1245970189,165.5522778809,163.5829567022,163.6127949018,18936038,0.0,1.0
2018-09-21 00:00:00+00:00,162.93,167.25,162.81,166.64,45994800,162.051262452,166.3479632057,161.9319096533,165.7412531455,45994800,0.0,1.0
2018-09-24 00:00:00+00:00,165.41,165.7,160.88,161.03,19222775,164.5178869587,164.806322889,160.0123188073,160.1615098057,19222775,0.0,1.0
2018-09-25 00:00:00+00:00,164.91,165.59,161.15,161.99,27622806,164.0205836308,164.6969161568,160.2808626044,161.1163321954,27622806,0.0,1.0
2018-09-26 00:00:00+00:00,166.95,169.3,164.21,164.3,25252231,166.0495812089,168.3869068503,163.3243589716,163.4138735706,25252231,0.0,1.0
2018-09-27 00:00:00+00:00,168.84,171.77,167.21,167.55,27266856,167.9293877886,170.8435852905,166.3081789394,166.6463452024,27266856,0.0,1.0
2018-09-28 00:00:00+00:00,164.46,168.79,162.56,168.33,34265638,163.5730106356,167.8796574558,161.6832579893,167.4221383941,34265638,0.0,1.0
2018-10-01 00:00:00+00:00,162.44,165.88,161.26,163.03,26407677,161.5639051906,164.985352087,160.3902693366,162.1507231176,26407677,0.0,1.0
2018-10-02 00:00:00+00:00,159.33,162.28,158.67,161.58,36030977,158.4706784906,161.4047681256,157.8142380977,160.7085434665,36030977,0.0,1.0
2018-10-03 00:00:00+00:00,162.43,163.66,159.53,160.0,23109456,161.553959124,162.7773253108,158.6695998218,159.1370649501,23109456,0.0,1.0
2018-10-04 00:00:00+00:00,158.85,161.46,157.35,161.46,25739635,157.9932672958,160.5891906678,156.5013573119,160.5891906678,25739635,0.0,1.0
2018-10-05 00:00:00+00:00,157.33,160.9,156.2,159.21,25744047,156.4814651788,160.0322109405,155.3575596575,158.3513256919,25744047,0.0,1.0
2018-10-08 00:00:00+00:00,157.25,158.34,154.39,155.54,24045968,156.4018966463,157.4860179012,153.5573216103,154.7011192646,24045968,0.0,1.0
2018-10-09 00:00:00+00:00,157.9,160.59,157.42,157.69,18844425,157.0483909726,159.7238828771,156.5709797778,156.8395235749,18844425,0.0,1.0
2018-10-10 00:00:00+00:00,151.38,157.69,151.31,156.82,30609970,150.5635555759,156.8395235749,150.49393311,155.9742157842,30609970,0.0,1.0
2018-10-11 00:00:00+00:00,153.35,154.81,149.16,150.13,35338901,152.5229306881,153.9750564058,148.3555287997,149.320297256,35338901,0.0,1.0
2018-10-12 00:00:00+00:00,153.74,156.89,151.3,156.73,25293492,152.9108272839,156.0438382501,150.4839870434,155.8847011852,25293492,0.0,1.0
2018-10-15 00:00:00+00:00,153.52,155.57,152.55,153.32,15433521,152.6920138196,154.7309574643,151.7272453634,152.4930924884,15433521,0.0,1.0
2018-10-16 00:00:00+00:00,158.78,159.46,155.01,155.4,19180095,157.9236448299,158.5999773559,154.173977737,154.5618743328,19180095,0.0,1.0
2018-10-17 00:00:00+00:00,159.42,160.49,157.95,159.56,17592003,158.5601930897,159.6244222115,157.0981213054,158.6994380215,17592003,0.0,1.0
2018-10-18 00:00:00+00:00,154.92,158.66,153.28,158.51,21675084,154.0844631379,157.8042920311,152.4533082222,157.6551010328,21675084,0.0,1.0
2018-10-19 00:00:00+00:00,154.05,157.35,153.55,155.86,19761347,153.2191553473,156.5013573119,152.7218520193,155.0193933945,19761347,0.0,1.0
2018-10-22 00:00:00+00:00,154.78,157.34,154.46,154.76,15424658,153.9452182061,156.4914112453,153.6269440762,153.925326073,15424658,0.0,1.0
2018-10-23 00:00:00+00:00,154.39,154.77,150.85,151.22,19095032,153.5573216103,153.9352721396,150.0364140483,150.404418511,19095032,0.0,1.0
2018-10-24 00:00:00+00:00,146.04,154.65,145.6,154.28,27744597,145.2523560332,153.8159193408,144.8147291046,153.4479148781,27744597,0.0,1.0
2018-10-25 00:00:00+00:00,150.95,152.21,147.0,147.73,22105696,150.1358747139,151.3890791003,146.2071784229,146.9332412817,22105696,0.0,1.0
2018-10-26 00:00:00+00:00,145.37,149.0,143.8,145.82,31303341,144.5859695737,148.1963917348,143.0244371239,145.0335425689,31303341,0.0,1.0
2018-10-29 00:00:00+00:00,142.09,148.83,139.03,148.5,31336784,141.3236597423,148.0273086033,138.2801633751,147.6990884068,31336784,0.0,1.0
2018-10-30 00:00:00+00:00,146.22,146.64,139.74,139.94,50528278,145.4313852313,145.8491200268,138.9863341008,139.185255432,50528278,0.0,1.0
2018-10-31 00:00:00+00:00,151.79,156.4,148.96,155.0,60101251,150.9713443049,155.5564809887,148.1566074685,154.1640316704,60101251,0.0,1.0
2018-11-01 00:00:00+00:00,151.75,152.75,149.35,151.52,25640786,150.9315600386,151.9261666946,148.5445040644,150.7028005078,25640786,0.0,1.0
2018-11-02 00:00:00+00:00,150.35,154.13,148.96,151.8,24708695,149.5391107203,153.2987238798,148.1566074685,150.9812903714,24708695,0.0,1.0
2018-11-05 00:00:00+00:00,148.68,150.19,147.44,150.1,15969849,147.8781176049,149.3799736554,146.6448053515,149.2904590563,15969849,0.0,1.0
2018-11-06 00:00:00+00:00,149.94,150.97,148.0,149.31,16667124,149.1313219914,150.155766847,147.2017850788,148.5047197981,16667124,0.0,1.0
2018-11-07 00:00:00+00:00,151.53,153.01,149.83,151.57,21877372,150.7127465743,152.1847644251,149.0219152592,150.7525308405,21877372,0.0,1.0
2018-11-08 00:00:00+00:00,147.87,150.94,146.74,150.49,24145814,147.0724862136,150.1259286473,145.9485806924,149.6783556521,24145814,0.0,1.0
2018-11-09 00:00:00+00:00,144.96,147.76,144.07,146.75,17326898,144.1781808448,146.9630794814,143.292980921,145.9585267589,17326898,0.0,1.0
2018-11-12 00:00:00+00:00,141.55,145.04,140.49,144.48,18542123,140.786572148,144.2577493773,139.7322890928,143.7007696499,18542123,0.0,1.0
2018-11-13 00:00:00+00:00,142.16,144.88,141.62,142.0,15141710,141.3932822082,144.0986123123,140.856194614,141.2341451432,15141710,0.0,1.0
2018-11-14 00:00:00+00:00,144.22,145.58,141.55,143.7,22068384,143.4421719194,144.7948369715,140.786572148,142.9249764583,22068384,0.0,1.0
2018-11-15 00:00:00+00:00,143.85,144.84,140.83,142.33,30320280,143.0741674567,144.0588280461,140.0704553558,141.5623653397,30320280,0.0,1.0
2018-11-16 00:00:00+00:00,139.53,141.77,137.77,141.07,37250560,138.7774667031,141.0053856124,137.0269589886,140.3091609532,37250560,0.0,1.0
2018-11-19 00:00:00+00:00,131.55,137.75,131.21,137.61,44362729,130.8405055887,137.0070668555,130.5023393256,136.8678219237,44362729,0.0,1.0
2018-11-20 00:00:00+00:00,132.43,134.16,126.85,127.03,41939475,131.7157594459,133.4364289607,126.1658543058,126.3448835038,41939475,0.0,1.0
2018-11-21 00:00:00+00:00,134.82,137.19,134.13,134.4,25469735,134.0928693536,136.4500871282,133.406590761,133.6751345581,25469735,0.0,1.0
2018-11-23 00:00:00+00:00,131.73,134.5,131.2551,133.65,11886128,131.0195347867,133.7745952237,130.5471960858,132.9291795661,11886128,0.0,1.0
2018-11-26 00:00:00+00:00,136.38,137.0,132.78,133.0,24263640,135.6444557368,136.2611118635,132.0638717755,132.2826852398,24263640,0.0,1.0
2018-11-27 00:00:00+00:00,135.0,136.61,133.71,135.75,20750318,134.2718985517,135.8732152677,132.9888559655,135.0178535436,20750318,0.0,1.0
2018-11-28 00:00:00+00:00,136.76,136.79,131.85,136.28,29847505,136.0224062661,136.0522444658,131.1388875854,135.5449950713,29847505,0.0,1.0
2018-11-29 00:00:00+00:00,138.68,139.99,135.66,135.92,24238713,137.9320510455,139.2349857648,134.9283389446,135.1869366751,24238713,0.0,1.0
2018-11-30 00:00:00+00:00,140.61,140.97,137.36,138.26,25732577,139.8516418915,140.2097002876,136.6191702597,137.51431625,25732577,0.0,1.0
2018-12-03 00:00:00+00:00,141.09,143.68,140.76,143.0,24819226,140.3290530863,142.9050843252,140.0008328899,142.2287517992,24819226,0.0,1.0
2018-12-04 00:00:00+00:00,137.93,143.39,137.16,140.73,30307400,137.1860960536,142.616648395,136.4202489285,139.9709946902,30307400,0.0,1.0
2018-12-06 00:00:00+00:00,139.63,139.7,133.67,133.82,28218145,138.8769273686,138.9465498346,132.9490716993,133.0982626976,28218145,0.0,1.0
2018-12-07 00:00:00+00:00,137.42,140.87,136.66,139.25,21195460,136.678846659,140.110239622,135.9229456005,138.4989768394,21195460,0.0,1.0
2018-12-10 00:00:00+00:00,141.85,143.05,139.01,139.6,26422173,141.0849541448,142.278482132,138.260271242,138.847089169,26422173,0.0,1.0
2018-12-11 00:00:00+00:00,142.08,143.88,141.1,143.88,20300349,141.3137136757,143.1040056564,140.3389991529,143.1040056564,20300349,0.0,1.0
2018-12-12 00:00:00+00:00,144.5,147.19,142.51,143.08,23696936,143.7206617831,146.3961536875,141.7413945377,142.3083203316,23696936,0.0,1.0
2018-12-13 00:00:00+00:00,145.01,145.85,143.19,145.57,18148610,144.2279111776,145.0633807686,142.4177270638,144.7848909049,18148610,0.0,1.0
2018-12-14 00:00:00+00:00,144.06,146.01,142.51,143.34,21785820,143.2830348545,145.2225178335,141.7413945377,142.5669180622,21785820,0.0,1.0
2018-12-17 00:00:00+00:00,140.19,144.92,138.42,143.08,24333959,139.433907096,144.1383965786,137.673453315,142.3083203316,24333959,0.0,1.0
2018-12-18 00:00:00+00:00,143.66,145.93,139.83,141.08,24709084,142.8851921921,145.1429493011,139.0758486998,140.3191070198,24709084,0.0,1.0
2018-12-19 00:00:00+00:00,133.24,144.91,132.5,141.21,57404894,132.5213908372,144.128450512,131.7853819118,140.448405885,57404894,0.0,1.0
2018-12-20 00:00:00+00:00,133.4,135.57,130.0,130.7,40297944,132.6805279022,134.8388243455,129.298865272,129.9950899311,40297944,0.0,1.0
2018-12-21 00:00:00+00:00,124.95,134.9,123.42,133.39,56901491,124.2761016595,134.1724378861,122.7543534759,132.6705818356,56901491,0.0,1.0
2018-12-24 00:00:00+00:00,124.06,129.74,123.02,123.1,22066002,123.3909017357,129.0402675414,122.3565108135,122.436079346,22066002,0.0,1.0
2018-12-26 00:00:00+00:00,134.18,134.24,125.89,126.0,39723370,133.4563210938,133.5159974931,125.2110319161,125.3204386482,39723370,0.0,1.0
2018-12-27 00:00:00+00:00,134.52,134.99,129.67,132.44,31202509,133.7944873568,134.2619524851,128.9706450755,131.7257055125,31202509,0.0,1.0
2018-12-28 00:00:00+00:00,133.2,135.92,132.2,135.34,22627569,132.481606571,135.1869366751,131.486999915,134.6100648147,22627569,0.0,1.0
2018-12-31 00:00:00+00:00,131.09,134.64,129.95,134.45,24625308,130.3829865269,133.9138401555,129.2491349392,133.7248648909,24625308,0.0,1.0
2019-01-02 00:00:00+00:00,135.68,137.51,128.56,128.99,28146193,134.9482310777,136.7683612581,127.8666316874,128.2943125495,28146193,0.0,1.0
2019-01-03 00:00:00+00:00,131.74,137.17,131.12,134.69,22717948,131.0294808533,136.430194995,130.4128247266,133.9635704883,22717948,0.0,1.0
2019-01-04 00:00:00+00:00,137.95,138.0,133.75,134.01,29002059,137.2059881867,137.2557185195,133.0286402317,133.2872379623,29002059,0.0,1.0
2019-01-07 00:00:00+00:00,138.05,138.87,135.91,137.56,20089337,137.3054488523,138.1210263101,135.1769906086,136.8180915909,20089337,0.0,1.0
2019-01-08 00:00:00+00:00,142.53,143.14,139.54,139.89,26263793,141.7612866709,142.367996731,138.7874127696,139.1355250992,26263793,0.0,1.0
2019-01-09 00:00:00+00:00,144.23,144.7,141.27,142.95,22205879,143.452117986,143.9195831143,140.5080822844,142.1790214664,22205879,0.0,1.0
2019-01-10 00:00:00+00:00,144.2,144.56,140.84,143.08,16125004,143.4222797863,143.7803381824,140.0804014223,142.3083203316,16125004,0.0,1.0
2019-01-11 00:00:00+00:00,143.8,145.36,142.57,143.15,12908031,143.0244371239,144.5760235072,141.8010709371,142.3779427975,12908031,0.0,1.0
2019-01-14 00:00:00+00:00,145.39,146.57,141.27,142.0,20520278,144.6058617069,145.7794975609,140.5080822844,141.2341451432,20520278,0.0,1.0
2019-01-15 00:00:00+00:00,148.95,150.68,145.99,146.01,24068822,148.146661402,149.8673309168,145.2026257004,145.2225178335,24068822,0.0,1.0
2019-01-16 00:00:00+00:00,147.54,149.65,147.0,149.0,18025714,146.7442660171,148.8428860611,146.2071784229,148.1963917348,18025714,0.0,1.0
2019-01-17 00:00:00+00:00,148.3,149.0,146.5,146.95,15787914,147.5001670756,148.1963917348,145.7098750949,146.1574480901,15787914,0.0,1.0
2019-01-18 00:00:00+00:00,150.04,152.43,148.55,149.75,31029612,149.230782657,151.6078925647,147.7488187396,148.9423467267,31029612,0.0,1.0
2019-01-22 00:00:00+00:00,147.57,151.53,146.37,149.2,22378694,146.7741042168,150.7127465743,145.5805762297,148.395313066,22378694,0.0,1.0
2019-01-23 00:00:00+00:00,144.3,148.8,143.06,148.28,20098415,143.5217404519,147.9974704036,142.2884281985,147.4802749425,20098415,0.0,1.0
2019-01-24 00:00:00+00:00,145.83,146.44,142.52,144.64,20955518,145.0434886355,145.6501986956,141.7513406043,143.8599067149,20955518,0.0,1.0
2019-01-25 00:00:00+00:00,149.01,149.83,146.54,147.48,22250954,148.2063378013,149.0219152592,145.7496593612,146.6845896178,22250954,0.0,1.0
2019-01-28 00:00:00+00:00,147.47,148.96,146.21,148.05,15508483,146.6746435512,148.1566074685,145.4214391647,147.2515154116,15508483,0.0,1.0
2019-01-29 00:00:00+00:00,144.19,148.1,143.43,148.09,17631953,143.4123337197,147.3012457444,142.6564326612,147.2912996779,17631953,0.0,1.0
2019-01-30 00:00:00+00:00,150.42,150.95,145.7,146.22,44613240,149.6087331862,150.1358747139,144.9141897702,145.4313852313,44613240,0.0,1.0
2019-01-31 00:00:00+00:00,166.69,171.68,165.0,165.6,77233602,165.7909834783,170.7540706915,164.1100982298,164.7068622234,77233602,0.0,1.0
2019-02-01 00:00:00+00:00,165.71,169.1,165.66,165.84,30806513,164.8162689555,168.1879855191,164.7665386227,164.9455678208,30806513,0.0,1.0
2019-02-04 00:00:00+00:00,169.25,169.3,163.62,165.7,20036470,168.3371765175,168.3869068503,162.7375410446,164.806322889,20036470,0.0,1.0
2019-02-05 00:00:00+00:00,171.16,171.98,168.69,169.15,22556985,170.2368752304,171.0524526882,167.7801967902,168.2377158519,22556985,0.0,1.0
2019-02-06 00:00:00+00:00,170.49,172.47,169.27,171.2,13281161,169.5704887709,171.5398099497,168.3570686507,170.2766594966,13281161,0.0,1.0
2019-02-07 00:00:00+00:00,166.38,169.24,165.25,168.2,17517609,165.482655415,168.327230451,164.3587498938,167.2928395288,17517609,0.0,1.0
2019-02-08 00:00:00+00:00,167.33,167.37,164.21,164.47,12561422,166.4275317381,166.4673160044,163.3243589716,163.5829567022,12561422,0.0,1.0
2019-02-11 00:00:00+00:00,165.79,168.3,165.08,167.9,12811176,164.895837488,167.3923001944,164.1896667623,166.994457532,12811176,0.0,1.0
2019-02-12 00:00:00+00:00,165.04,168.34,164.5,166.86,16292290,164.149882496,167.4320844606,163.6127949018,165.9600666098,16292290,0.0,1.0
2019-02-13 00:00:00+00:00,164.07,166.22,163.73,165.38,14205146,163.1851140398,165.32351835,162.8469477768,164.4880487591,14205146,0.0,1.0
2019-02-14 00:00:00+00:00,163.95,164.87,162.25,163.19,12755151,163.0657612411,163.9807993645,161.374929926,162.3098601826,12755151,0.0,1.0
2019-02-15 00:00:00+00:00,162.5,164.7,160.86,164.51,15504415,161.62358159,163.811716233,159.9924266742,163.6227409684,15504415,0.0,1.0
2019-02-19 00:00:00+00:00,162.29,164.15,160.33,160.5,14345390,161.4147141922,163.2646825723,159.4652851466,159.6343682781,14345390,0.0,1.0
2019-02-20 00:00:00+00:00,162.56,163.72,161.25,162.25,11770692,161.6832579893,162.8370017102,160.38032327,161.374929926,11770692,0.0,1.0
2019-02-21 00:00:00+00:00,160.04,162.24,159.59,161.93,15607828,159.1768492163,161.3649838594,158.7292762212,161.0566557961,15607828,0.0,1.0
2019-02-22 00:00:00+00:00,161.89,162.41,160.31,160.58,15858468,161.0168715298,161.5340669909,159.4453930134,159.7139368106,15858468,0.0,1.0
2019-02-25 00:00:00+00:00,164.62,166.07,162.9,163.07,18737106,163.7321477005,165.1743273517,162.0214242523,162.1905073838,18737106,0.0,1.0
2019-02-26 00:00:00+00:00,164.13,166.24,163.8,164.34,13784063,163.2447904391,165.3434104832,162.9165702427,163.4536578369,13784063,0.0,1.0
2019-02-27 00:00:00+00:00,162.81,163.93,160.41,162.9,12697485,161.9319096533,163.0458691079,159.544853679,162.0214242523,12697485,0.0,1.0
2019-02-28 00:00:00+00:00,161.45,163.5,160.86,162.37,11114185,160.5792446012,162.6181882459,159.9924266742,161.4942827247,11114185,0.0,1.0
2019-03-01 00:00:00+00:00,162.28,163.13,161.69,162.6,11097770,161.4047681256,162.2501837832,160.8179501986,161.7230422555,11097770,0.0,1.0
2019-03-04 00:00:00+00:00,167.37,167.5,163.83,163.9,18894689,166.4673160044,166.5966148696,162.9464084423,163.0160309083,18894689,0.0,1.0
2019-03-05 00:00:00+00:00,171.26,171.88,166.55,167.37,28187890,170.336335896,170.9529920227,165.6517385465,166.4673160044,28187890,0.0,1.0
2019-03-06 00:00:00+00:00,172.51,173.57,171.27,172.9,21531723,171.5795942159,172.6338772712,170.3462819625,171.9674908117,21531723,0.0,1.0
2019-03-07 00:00:00+00:00,169.13,171.74,167.61,171.5,18306504,168.2178237188,170.8137470908,166.7060216018,170.5750414934,18306504,0.0,1.0
2019-03-08 00:00:00+00:00,169.6,169.62,165.97,166.2,13184831,168.6852888471,168.7051809802,165.0748666861,165.3036262169,13184831,0.0,1.0
2019-03-11 00:00:00+00:00,172.07,174.3,171.58,171.6,18883983,171.1419672873,173.35994013,170.6546100259,170.674502159,18883983,0.0,1.0
2019-03-12 00:00:00+00:00,171.92,173.8,171.22,172.09,12155264,170.9927762889,172.8626368021,170.2965516297,171.1618594204,12155264,0.0,1.0
2019-03-13 00:00:00+00:00,173.37,174.03,172.12,172.32,11973280,172.43495594,173.0913963329,171.1916976201,171.3906189513,11973280,0.0,1.0
2019-03-14 00:00:00+00:00,170.17,171.15,168.16,169.76,18037364,169.252214641,170.2269291638,167.2530552626,168.8444259121,18037364,0.0,1.0
2019-03-15 00:00:00+00:00,165.98,167.58,162.51,167.16,37126000,165.0848127526,166.6761834021,161.6335276565,166.2584486066,37126000,0.0,1.0
2019-03-18 00:00:00+00:00,160.47,163.9,159.28,163.57,37524191,159.6045300784,163.0160309083,158.4209481578,162.6878107118,37524191,0.0,1.0
2019-03-19 00:00:00+00:00,161.57,163.82,160.82,161.48,25611488,160.6985973999,162.9364623758,159.952642408,160.6090828009,25611488,0.0,1.0
2019-03-20 00:00:00+00:00,165.44,166.12,161.24,161.5,20211474,164.5477251584,165.2240576844,160.3703772035,160.628974934,20211474,0.0,1.0
2019-03-21 00:00:00+00:00,166.08,166.39,163.75,164.89,16223007,165.1842734182,165.4926014816,162.8668399099,164.0006914976,16223007,0.0,1.0
2019-03-22 00:00:00+00:00,164.34,167.42,164.09,165.65,16389185,163.4536578369,166.5170463372,163.2050061729,164.7565925562,16389185,0.0,1.0
2019-03-25 00:00:00+00:00,166.29,166.54,162.0,163.0,12631230,165.393140816,165.6417924799,161.126278262,162.1208849179,12631230,0.0,1.0
2019-03-26 00:00:00+00:00,167.68,169.45,166.35,167.35,15437920,166.7756440677,168.5360978487,165.4528172153,166.4474238713,15437920,0.0,1.0
2019-03-27 00:00:00+00:00,165.87,168.94,164.79,167.85,10620299,164.9754060205,168.0288484542,163.9012308321,166.9447271992,10620299,0.0,1.0
2019-03-28 00:00:00+00:00,165.55,166.72,163.33,164.57,10689171,164.6571318906,165.820821678,162.4491051144,163.6824173677,10689171,0.0,1.0
2019-03-29 00:00:00+00:00,166.69,167.19,164.81,166.39,13455454,165.7909834783,166.2882868063,163.9211229652,165.4926014816,13455454,0.0,1.0
2019-04-01 00:00:00+00:00,168.7,168.9,167.28,167.83,10381490,167.7901428568,167.989064188,166.3778014053,166.9248350661,10381490,0.0,1.0
2019-04-02 00:00:00+00:00,174.2,174.9,169.55,170.14,23946529,173.2604794644,173.9567041236,168.6355585143,169.2223764413,23946529,0.0,1.0
2019-04-03 00:00:00+00:00,173.54,177.96,172.95,174.5,27590058,172.6040390715,177.0002004908,172.0172211445,173.5588614612,27590058,0.0,1.0
2019-04-04 00:00:00+00:00,176.02,178.0,175.53,176.02,17847731,175.0706635782,177.039984757,174.5833063168,175.0706635782,17847731,0.0,1.0
2019-04-05 00:00:00+00:00,175.72,177.0,175.1,176.88,9594133,174.7722815815,176.0453781011,174.1556254548,175.9260253023,9594133,0.0,1.0
2019-04-08 00:00:00+00:00,174.93,175.5,174.23,175.21,7297379,173.9865423233,174.5534681171,173.2903176641,174.2650321869,7297379,0.0,1.0
2019-04-09 00:00:00+00:00,177.58,179.19,175.55,175.62,19751031,176.6222499615,178.2235666776,174.6031984499,174.6728209159,19751031,0.0,1.0
2019-04-10 00:00:00+00:00,177.82,178.79,176.54,178.18,11701479,176.8609555589,177.8257240152,175.5878590393,177.2190139551,11701479,0.0,1.0
2019-04-11 00:00:00+00:00,177.51,178.4,177.0,178.24,8070967,176.5526274956,177.4378274194,176.0453781011,177.2786903544,8070967,0.0,1.0
2019-04-12 00:00:00+00:00,179.1,179.63,177.95,178.0,12329812,178.1340520785,178.6611936062,176.9902544242,177.039984757,12329812,0.0,1.0
2019-04-15 00:00:00+00:00,179.65,180.5,176.87,178.5,10834762,178.6810857393,179.5265013968,175.9160792358,177.537288085,10834762,0.0,1.0
2019-04-16 00:00:00+00:00,178.87,180.17,178.3,179.0,11215193,177.9052925477,179.1982812004,177.3383667538,178.0345914129,11215193,0.0,1.0
2019-04-17 00:00:00+00:00,178.78,180.74,178.36,179.6,9973732,177.8157779486,179.7652069943,177.3980431531,178.6313554065,9973732,0.0,1.0
2019-04-18 00:00:00+00:00,178.28,178.88,177.34,178.8,11655608,177.3184746207,177.9152386142,176.3835443641,177.8356700817,11655608,0.0,1.0
2019-04-22 00:00:00+00:00,181.44,181.67,178.25,178.25,13389889,180.4614316534,180.6901911843,177.288636421,177.288636421,13389889,0.0,1.0
2019-04-23 00:00:00+00:00,183.78,184.22,181.48,182.74,19954814,182.7888112283,183.2264381569,180.5012159197,181.7544203061,19954814,0.0,1.0
2019-04-24 00:00:00+00:00,182.58,185.14,181.65,184.49,37289871,181.5952832412,184.1414762804,180.6702990512,183.494981954,37289871,0.0,1.0
2019-04-25 00:00:00+00:00,193.26,198.48,192.12,196.98,54148789,192.2176823266,197.4095290706,191.0838307388,195.9176190867,54148789,0.0,1.0
2019-04-26 00:00:00+00:00,191.49,192.9,189.09,192.5,22075002,190.4572285456,191.8596239305,188.0701725713,191.4617812681,22075002,0.0,1.0
2019-04-29 00:00:00+00:00,194.78,195.41,190.65,190.95,19641310,193.7294844436,194.3560866369,189.6217589546,189.9201409514,19641310,0.0,1.0
2019-04-30 00:00:00+00:00,193.4,197.39,192.28,194.19,23494689,192.3569272584,196.3254078156,191.2429678038,193.1426665166,23494689,0.0,1.0
2019-05-01 00:00:00+00:00,193.03,196.18,193.01,194.78,15996646,191.9889227957,195.121933762,191.9690306626,193.7294844436,15996646,0.0,1.0
2019-05-02 00:00:00+00:00,192.53,194.0,189.75,193.0,13209452,191.4916194678,192.953691252,188.7266129643,191.9590845961,13209452,0.0,1.0
2019-05-03 00:00:00+00:00,195.47,196.16,193.71,194.38,14575434,194.4157630362,195.1020416288,192.6652553218,193.3316417813,14575434,0.0,1.0
2019-05-06 00:00:00+00:00,193.88,194.28,190.55,191.24,13994932,192.8343384533,193.2321811157,189.522298289,190.2085768816,13994932,0.0,1.0
2019-05-07 00:00:00+00:00,189.77,192.9,187.85,192.54,16253001,188.7465050974,191.8596239305,186.836860318,191.5015655343,16253001,0.0,1.0
2019-05-08 00:00:00+00:00,189.54,190.72,188.55,189.39,12505737,188.5177455665,189.6913814205,187.5330849771,188.3685545681,12505737,0.0,1.0
2019-05-09 00:00:00+00:00,188.65,189.77,186.26,187.2,12967033,187.6325456427,188.7465050974,185.255435735,186.1903659916,12967033,0.0,1.0
2019-05-10 00:00:00+00:00,188.34,190.0,184.59,188.25,12578508,187.3242175794,188.9752646283,183.5944426196,187.2347029804,12578508,0.0,1.0
2019-05-13 00:00:00+00:00,181.54,185.43,180.84,183.5,16833347,180.560892319,184.4299122106,179.8646676599,182.5103213647,16833347,0.0,1.0
2019-05-14 00:00:00+00:00,180.73,183.49,178.1,182.52,17628142,179.7552609277,182.5003752981,177.1394454226,181.5356068418,17628142,0.0,1.0
2019-05-15 00:00:00+00:00,186.27,187.28,180.02,180.42,16746904,185.2653818016,186.2699345241,179.049090202,179.4469328644,16746904,0.0,1.0
2019-05-16 00:00:00+00:00,186.99,188.58,185.05,185.05,12953111,185.9814985939,187.5629231768,184.0519616814,184.0519616814,12953111,0.0,1.0
2019-05-17 00:00:00+00:00,185.3,187.58,184.28,184.84,10485370,184.3006133453,186.5683165209,183.2861145563,183.8430942836,10485370,0.0,1.0
2019-05-20 00:00:00+00:00,182.72,184.23,181.37,181.88,10351981,181.734528173,183.2363842235,180.3918091875,180.899058582,10351981,0.0,1.0
2019-05-21 00:00:00+00:00,184.82,185.7,183.89,184.57,7502820,183.8232021505,184.6984560077,182.8982179605,183.5745504865,7502820,0.0,1.0
2019-05-22 00:00:00+00:00,185.32,186.74,183.61,184.73,9213801,184.3205054785,185.7328469299,182.6197280968,183.7336875515,9213801,0.0,1.0
2019-05-23 00:00:00+00:00,180.87,183.9,179.67,182.42,12768835,179.8945058595,182.908164027,178.7009778724,181.4361461762,12768835,0.0,1.0
2019-05-24 00:00:00+00:00,181.06,183.63,180.83,182.33,8807701,180.0834811242,182.6396202299,179.8547215933,181.3466315772,8807701,0.0,1.0
2019-05-28 00:00:00+00:00,184.31,184.71,181.45,181.54,14843308,183.315952756,183.7137954183,180.47137772,180.560892319,14843308,0.0,1.0
2019-05-29 00:00:00+00:00,182.19,184.56,181.35,183.5,12797685,181.2073866454,183.5646044199,180.3719170544,182.5103213647,12797685,0.0,1.0
2019-05-30 00:00:00+00:00,183.01,183.48,180.89,183.08,8581544,182.0229641032,182.4904292315,179.9143979927,182.0925865692,8581544,0.0,1.0
2019-05-31 00:00:00+00:00,177.47,180.54,177.16,180.28,15226536,176.5128432293,179.5662856631,176.204515166,179.3076879325,15226536,0.0,1.0
2019-06-03 00:00:00+00:00,164.15,175.05,161.01,175.0,56059609,163.2646825723,174.105895122,160.1416176726,174.0561647892,56059609,0.0,1.0
2019-06-04 00:00:00+00:00,167.5,168.28,160.84,163.71,46044256,166.5966148696,167.3724080613,159.9725345411,162.8270556436,46044256,0.0,1.0
2019-06-05 00:00:00+00:00,168.17,168.72,164.63,167.48,19758317,167.2630013291,167.8100349899,163.7420937671,166.5767227365,19758317,0.0,1.0
2019-06-06 00:00:00+00:00,168.33,169.7,167.23,168.3,12446354,167.4221383941,168.7847495127,166.3280710725,167.3923001944,12446354,0.0,1.0
2019-06-07 00:00:00+00:00,173.35,173.87,168.84,170.17,16917343,172.4150638069,172.932259268,167.9293877886,169.252214641,16917343,0.0,1.0
2019-06-10 00:00:00+00:00,174.82,177.86,173.8,174.75,14767918,173.8771355911,176.9007398252,172.8626368021,173.8075131252,14767918,0.0,1.0
2019-06-11 00:00:00+00:00,178.1,179.98,176.79,178.48,15266644,177.1394454226,179.0093059358,175.8365107033,177.5173959518,15266644,0.0,1.0
2019-06-12 00:00:00+00:00,175.04,179.27,172.88,178.38,17699806,174.0959490554,178.30313521,171.9475986786,177.4179352863,17699806,0.0,1.0
2019-06-13 00:00:00+00:00,177.47,178.03,174.61,175.53,12253569,176.5128432293,177.0698229567,173.6682681934,174.5833063168,12253569,0.0,1.0
2019-06-14 00:00:00+00:00,181.33,181.84,180.0,180.51,16773691,180.3520249213,180.8592743158,179.0291980689,179.5364474634,16773691,0.0,1.0
2019-06-17 00:00:00+00:00,189.01,189.5,184.41,185.01,29459881,187.9906040389,188.4779613003,183.4154134216,184.0121774151,29459881,0.0,1.0
2019-06-18 00:00:00+00:00,188.47,194.53,187.28,194.0,37571352,187.4535164447,193.4808327797,186.2699345241,192.953691252,37571352,0.0,1.0
2019-06-19 00:00:00+00:00,187.48,188.1,184.55,187.0,21417092,186.4688558553,187.085511982,183.5546583534,185.9914446604,21417092,0.0,1.0
2019-06-20 00:00:00+00:00,189.53,191.16,187.64,190.95,14635740,188.5077995,190.1290083491,186.6279929202,189.9201409514,14635740,0.0,1.0
2019-06-21 00:00:00+00:00,191.14,192.0,188.75,188.75,22751159,190.109116216,190.9644779401,187.7320063083,187.7320063083,22751159,0.0,1.0
2019-06-24 00:00:00+00:00,192.6,193.98,191.57,192.42,15508955,191.5612419337,192.9337991189,190.5367970781,191.3822127356,15508955,0.0,1.0
2019-06-25 00:00:00+00:00,188.84,193.14,188.13,192.88,16750309,187.8215209074,192.0983295279,187.1153501816,191.8397317974,16750309,0.0,1.0
2019-06-26 00:00:00+00:00,187.66,190.76,187.31,189.54,12808604,186.6478850534,189.7311656868,186.2997727238,188.5177455665,12808604,0.0,1.0
2019-06-27 00:00:00+00:00,189.5,198.88,188.27,189.88,11158983,188.4779613003,197.807371733,187.2545951135,188.8559118295,11158983,0.0,1.0
2019-06-28 00:00:00+00:00,193.0,193.2,189.94,190.55,16378878,191.9590845961,192.1580059273,188.9155882289,189.522298289,16378878,0.0,1.0
2019-07-01 00:00:00+00:00,193.0,195.28,191.93,195.21,14204690,191.9590845961,194.2267877716,190.8948554742,194.1571653057,14204690,0.0,1.0
2019-07-02 00:00:00+00:00,195.0,195.0,192.71,193.0,9049979,193.9482979079,193.9482979079,191.6706486658,191.9590845961,9049979,0.0,1.0
2019-07-03 00:00:00+00:00,197.2,197.4,194.16,194.16,10246119,196.136432551,196.3353538822,193.112828317,193.112828317,10246119,0.0,1.0
2019-07-05 00:00:00+00:00,196.4,197.07,194.17,196.18,11164107,195.3407472263,196.0071336857,193.1227743835,195.121933762,11164107,0.0,1.0
2019-07-08 00:00:00+00:00,195.76,196.68,193.64,195.19,9723858,194.7041989665,195.6192370899,192.5956328559,194.1372731726,9723858,0.0,1.0
2019-07-09 00:00:00+00:00,199.21,199.46,194.89,194.97,14698611,198.1355919294,198.3842435934,193.8388911758,193.9184597083,14698611,0.0,1.0
2019-07-10 00:00:00+00:00,202.73,202.96,199.67,200.0,20571702,201.6366073583,201.8653668892,198.5931109912,198.9213311876,20571702,0.0,1.0
2019-07-11 00:00:00+00:00,201.23,203.8,200.21,203.26,13678457,200.1446973744,202.7008364802,199.1301985854,202.163748886,13678457,0.0,1.0
2019-07-12 00:00:00+00:00,204.87,205.3,199.16,199.68,15366272,203.7650656021,204.1927464641,198.0858615966,198.6030570577,15366272,0.0,1.0
2019-07-15 00:00:00+00:00,203.91,205.33,201.82,204.25,16030335,202.8102432124,204.2225846638,200.7315153014,203.1484094754,16030335,0.0,1.0
2019-07-16 00:00:00+00:00,203.84,205.47,203.1,203.89,12132720,202.7406207464,204.3618295956,202.004611821,202.7903510792,12132720,0.0,1.0
2019-07-17 00:00:00+00:00,201.8,204.36,201.59,204.18,12083714,200.7116231683,203.2578162075,200.5027557706,203.0787870095,12083714,0.0,1.0
2019-07-18 00:00:00+00:00,200.78,202.47,199.38,200.15,11956554,199.6971243793,201.3780096278,198.304675061,199.070522186,11956554,0.0,1.0
2019-07-19 00:00:00+00:00,198.36,202.33,198.07,202.18,12098262,197.2901762719,201.238764696,197.0017403417,201.0895736976,12098262,0.0,1.0
2019-07-22 00:00:00+00:00,202.32,202.57,198.81,199.91,13589024,201.2288186294,201.4774702934,197.7377492671,198.8318165886,13589024,0.0,1.0
2019-07-23 00:00:00+00:00,202.36,204.24,200.96,202.84,14583680,201.2686028956,203.1384634088,199.8761535773,201.7460140905,14583680,0.0,1.0
2019-07-24 00:00:00+00:00,204.66,204.81,197.22,197.63,32532540,203.5561982043,203.7053892027,196.1563246841,196.5641134131,32532540,0.0,1.0
2019-07-25 00:00:00+00:00,200.71,208.66,198.26,206.7,39889869,199.6275019133,207.5346248281,197.1907156063,205.5851957824,39889869,0.0,1.0
2019-07-26 00:00:00+00:00,199.75,202.88,196.25,200.19,24433985,198.6726795236,201.7857983567,195.1915562279,199.1103064523,24433985,0.0,1.0
2019-07-29 00:00:00+00:00,195.94,199.63,195.3,199.0,16530801,194.8832281645,198.5533267249,194.2466799047,197.9267245317,16530801,0.0,1.0
2019-07-30 00:00:00+00:00,197.04,198.71,193.5,195.39,11903558,195.9772954861,197.6382886015,192.456387924,194.3361945038,11903558,0.0,1.0
2019-07-31 00:00:00+00:00,194.23,198.76,192.68,196.95,14593544,193.1824507829,197.6880189343,191.6408104662,195.887780887,14593544,0.0,1.0
2019-08-01 00:00:00+00:00,192.73,198.47,190.88,194.17,17777013,191.690540799,197.399583004,189.8505184855,193.1227743835,17777013,0.0,1.0
2019-08-02 00:00:00+00:00,189.02,192.62,188.07,191.1,15296975,188.0005501054,191.5811340668,187.0556737823,190.0693319498,15296975,0.0,1.0
2019-08-05 00:00:00+00:00,181.73,185.67,179.34,184.69,23086655,180.7498675836,184.668617808,178.372757676,183.6939032852,23086655,0.0,1.0
2019-08-06 00:00:00+00:00,184.51,185.79,183.09,183.69,18035686,183.5148740872,184.7879706068,182.1025326357,182.6992966293,18035686,0.0,1.0
2019-08-07 00:00:00+00:00,185.15,186.37,181.22,183.6,15833197,184.151422347,185.3648424672,180.2426181891,182.6097820302,15833197,0.0,1.0
2019-08-08 00:00:00+00:00,190.16,190.34,184.05,186.62,14828916,189.1344016932,189.3134308913,183.0573550254,185.6134941312,14828916,0.0,1.0
2019-08-09 00:00:00+00:00,187.85,190.98,187.12,190.0,11058811,186.836860318,189.9499791511,186.1107974592,188.9752646283,11058811,0.0,1.0
2019-08-12 00:00:00+00:00,185.37,187.59,184.46,186.85,10936283,184.3702358113,186.5782625874,183.4651437544,185.842253662,10936283,0.0,1.0
2019-08-13 00:00:00+00:00,188.45,191.38,185.37,185.52,13653319,187.4336243115,190.3478218134,184.3702358113,184.5194268096,13653319,0.0,1.0
2019-08-14 00:00:00+00:00,179.71,185.99,179.31,185.8,18903716,178.7407621386,184.9868919379,178.3429194763,184.7979166733,18903716,0.0,1.0
2019-08-15 00:00:00+00:00,182.59,183.2,180.03,180.95,13059640,181.6052293077,182.2119393679,179.0590362685,179.974074392,13059640,0.0,1.0
2019-08-16 00:00:00+00:00,183.7,185.1,182.36,183.75,12844832,182.7092426958,184.1016920142,181.3764697769,182.7589730286,12844832,0.0,1.0
2019-08-19 00:00:00+00:00,186.17,187.5,184.85,186.01,9699661,185.165921136,186.4887479884,183.8530403502,185.0067840711,9699661,0.0,1.0
2019-08-20 00:00:00+00:00,183.81,186.0,182.39,185.45,10087592,182.818649428,184.9968380045,181.4063079766,184.4498043437,10087592,0.0,1.0
2019-08-21 00:00:00+00:00,183.55,185.9,183.14,185.0,8409548,182.5600516975,184.8973773389,182.1522629685,184.0022313486,8409548,0.0,1.0
2019-08-22 00:00:00+00:00,182.04,184.11,179.91,183.43,10829509,181.058195647,183.1170314248,178.9396834698,182.4406988987,10829509,0.0,1.0
2019-08-23 00:00:00+00:00,177.75,183.13,176.66,180.84,17331221,176.791333093,182.142316902,175.707211838,179.8646676599,17331221,0.0,1.0
2019-08-26 00:00:00+00:00,180.36,180.5,178.24,179.4,8780477,179.387256465,179.5265013968,177.2786903544,178.4324340753,8780477,0.0,1.0
2019-08-27 00:00:00+00:00,181.3,184.04,181.01,181.93,14408946,180.3221867216,183.0474089589,180.0337507914,180.9487889148,14408946,0.0,1.0
2019-08-28 00:00:00+00:00,181.76,181.95,178.92,180.53,9364533,180.7797057833,180.968681048,177.9550228805,179.5563395965,9364533,0.0,1.0
2019-08-29 00:00:00+00:00,185.57,186.08,183.47,183.77,10135033,184.5691571424,185.076406537,182.480483165,182.7788651618,10135033,0.0,1.0
2019-08-30 00:00:00+00:00,185.67,186.8,183.46,186.78,10785722,184.668617808,185.7925233293,182.4705370984,185.7726311961,10785722,0.0,1.0
2019-09-03 00:00:00+00:00,182.39,185.67,182.11,184.0,9792187,181.4063079766,184.668617808,181.1278181129,183.0076246926,9792187,0.0,1.0
2019-09-04 00:00:00+00:00,187.14,187.75,183.89,184.65,11314571,186.1306895923,186.7373996524,182.8982179605,183.654119019,11314571,0.0,1.0
2019-09-05 00:00:00+00:00,190.9,191.36,187.94,188.53,13896621,189.8704106186,190.3279296803,186.926374917,187.513192844,13896621,0.0,1.0
2019-09-06 00:00:00+00:00,187.49,190.21,186.35,190.21,15226820,186.4788019218,189.184132026,185.3449503341,189.184132026,15226820,0.0,1.0
2019-09-09 00:00:00+00:00,188.76,188.98,185.85,187.73,14722402,187.7419523749,187.9607658392,184.8476470061,186.7175075193,14722402,0.0,1.0
2019-09-10 00:00:00+00:00,186.17,188.1,184.55,187.44,15455867,185.165921136,187.085511982,183.5546583534,186.4290715891,15455867,0.0,1.0
2019-09-11 00:00:00+00:00,188.49,189.44,186.08,186.46,11761660,187.4734085778,188.4182849009,185.076406537,185.4543570662,11761660,0.0,1.0
2019-09-12 00:00:00+00:00,187.47,190.93,187.23,189.86,11419775,186.4589097887,189.9002488183,186.2202041913,188.8360196964,11419775,0.0,1.0
2019-09-13 00:00:00+00:00,187.19,187.97,186.54,187.33,11441116,186.1804199251,186.9562131167,185.5339255987,186.3196648569,11441116,0.0,1.0
2019-09-16 00:00:00+00:00,186.22,187.79,185.77,186.93,8444844,185.2156514688,186.7771839186,184.7680784736,185.9218221945,8444844,0.0,1.0
2019-09-17 00:00:00+00:00,188.08,188.32,185.54,186.66,9751570,187.0656198489,187.3043254463,184.5393189428,185.6532783974,9751570,0.0,1.0
2019-09-18 00:00:00+00:00,188.14,189.08,186.01,188.09,9945798,187.1252962482,188.0602265048,185.0067840711,187.0755659154,9945798,0.0,1.0
2019-09-19 00:00:00+00:00,190.14,191.1,188.15,188.66,10474685,189.1145095601,190.0693319498,187.1352423148,187.6424917093,10474685,0.0,1.0
2019-09-20 00:00:00+00:00,189.93,193.1,188.12,190.66,20359878,188.9056421623,192.0585452617,187.1054041151,189.6317050212,20359878,0.0,1.0
2019-09-23 00:00:00+00:00,186.82,190.1,185.21,189.34,14370089,185.8124154624,189.0747252938,184.2110987463,188.3188242353,14370089,0.0,1.0
2019-09-24 00:00:00+00:00,181.28,188.04,180.39,187.98,18775666,180.3022945885,187.0258355826,179.4170946647,186.9661591833,18775666,0.0,1.0
2019-09-25 00:00:00+00:00,182.8,183.42,177.87,181.45,18339960,181.8140967055,182.4307528322,176.9106858917,180.47137772,18339960,0.0,1.0
2019-09-26 00:00:00+00:00,180.11,181.4,177.67,181.33,16280691,179.138604801,180.4216473872,176.7117645605,180.3520249213,16280691,0.0,1.0
2019-09-27 00:00:00+00:00,177.1,180.76,175.66,180.49,14663575,176.1448387666,179.7850991274,174.7126051821,179.5165553303,14663575,0.0,1.0
2019-09-30 00:00:00+00:00,178.08,178.67,176.85,177.87,11071425,177.1195532895,177.7063712165,175.8961871027,176.9106858917,11071425,0.0,1.0
2019-10-01 00:00:00+00:00,175.81,179.84,174.88,179.15,17261556,174.8617961805,178.8700610039,173.9368119905,178.1837824113,17261556,0.0,1.0
2019-10-02 00:00:00+00:00,174.6,176.53,173.09,174.84,16374148,173.6583221268,175.5779129728,172.1564660763,173.8970277242,16374148,0.0,1.0
2019-10-03 00:00:00+00:00,179.38,179.84,173.63,175.57,16789319,178.4125419422,178.8700610039,172.6935536705,174.6230905831,16789319,0.0,1.0
2019-10-04 00:00:00+00:00,180.45,180.98,178.1,179.55,10476395,179.476771064,180.0039125917,177.1394454226,178.5816250737,10476395,0.0,1.0
2019-10-07 00:00:00+00:00,179.68,181.18,178.09,180.0,9359793,178.710923939,180.2028339229,177.129499356,179.0291980689,9359793,0.0,1.0
2019-10-08 00:00:00+00:00,177.75,180.37,177.72,178.26,10084896,176.791333093,179.3972025316,176.7614948933,177.2985824875,10084896,0.0,1.0
2019-10-09 00:00:00+00:00,179.85,180.72,177.94,179.16,7648874,178.8800070705,179.7453148611,176.9803083576,178.1937284779,7648874,0.0,1.0
2019-10-10 00:00:00+00:00,180.03,181.61,179.17,180.32,8980978,179.0590362685,180.6305147849,178.2036745444,179.3474721988,8980978,0.0,1.0
2019-10-11 00:00:00+00:00,184.19,186.49,182.14,182.15,14998754,183.1965999573,185.4841952659,181.1576563126,181.1676023791,14998754,0.0,1.0
2019-10-14 00:00:00+00:00,183.28,184.62,182.57,184.2,7203665,182.2915079003,183.6242808193,181.5853371746,183.2065460238,7203665,0.0,1.0
2019-10-15 00:00:00+00:00,188.89,190.38,183.66,183.8,15143119,187.8712512402,189.3532151575,182.6694584296,182.8087033614,15143119,0.0,1.0
2019-10-16 00:00:00+00:00,189.55,189.7,186.9,188.32,10560343,188.5276916331,188.6768826315,185.8919839948,187.3043254463,10560343,0.0,1.0
2019-10-17 00:00:00+00:00,190.39,190.84,188.77,190.3,9761548,189.3631612241,189.8107342192,187.7518984414,189.273646625,9761548,0.0,1.0
2019-10-18 00:00:00+00:00,185.85,191.49,183.92,190.23,16584992,184.8476470061,190.4572285456,182.9280561601,189.2040241591,16584992,0.0,1.0
2019-10-21 00:00:00+00:00,189.76,189.91,186.75,187.04,8122598,188.7365590308,188.8857500292,185.7427929965,186.0312289267,8122598,0.0,1.0
2019-10-22 00:00:00+00:00,182.34,190.65,181.5,190.0,19854192,181.3565776438,189.6217589546,180.5211080528,188.9752646283,19854192,0.0,1.0
2019-10-23 00:00:00+00:00,186.15,186.38,182.0,182.01,12370819,185.1460290029,185.3747885338,181.0184113807,181.0283574473,12370819,0.0,1.0
2019-10-24 00:00:00+00:00,186.38,186.73,182.8,184.62,11505406,185.3747885338,185.7229008633,181.8140967055,183.6242808193,11505406,0.0,1.0
2019-10-25 00:00:00+00:00,187.89,189.0,185.09,185.83,8061240,186.8766445842,187.9806579723,184.0917459476,184.827754873,8061240,0.0,1.0
2019-10-28 00:00:00+00:00,189.4,189.53,185.08,187.2,13377192,188.3785006347,188.5077995,184.081799881,186.1903659916,13377192,0.0,1.0
2019-10-29 00:00:00+00:00,189.31,192.53,188.47,191.69,13574874,188.2889860357,191.4916194678,187.4535164447,190.6561498768,13574874,0.0,1.0
2019-10-30 00:00:00+00:00,188.25,190.45,185.98,189.56,28734559,187.2347029804,189.4228376234,184.9769458714,188.5376376996,28734559,0.0,1.0
2019-10-31 00:00:00+00:00,191.65,198.09,188.25,196.7,42286529,190.6163656105,197.0216324748,187.2347029804,195.639129223,42286529,0.0,1.0
2019-11-01 00:00:00+00:00,193.62,194.11,189.91,192.85,21711829,192.5757407227,193.0630979842,188.8857500292,191.8098935977,21711829,0.0,1.0
2019-11-04 00:00:00+00:00,194.72,197.37,193.81,194.55,16371292,193.6698080443,196.3055156825,192.7647159874,193.5007249128,16371292,0.0,1.0
2019-11-05 00:00:00+00:00,194.32,195.75,193.6,195.37,9941954,193.2719653819,194.6942528999,192.5558485896,194.3163023706,9941954,0.0,1.0
2019-11-06 00:00:00+00:00,191.55,194.37,191.35,194.03,10973019,190.516904945,193.3216957147,190.3179836138,192.9835294517,10973019,0.0,1.0
2019-11-07 00:00:00+00:00,190.42,193.44,189.47,191.91,13472998,189.3929994237,192.3967115247,188.4481231006,190.8749633411,13472998,0.0,1.0
2019-11-08 00:00:00+00:00,190.84,192.34,189.7,190.0,10764784,189.8107342192,191.3026442031,188.6768826315,188.9752646283,10764784,0.0,1.0
2019-11-11 00:00:00+00:00,189.61,190.08,188.54,189.93,8637768,188.5873680324,189.0548331607,187.5231389106,188.9056421623,8637768,0.0,1.0
2019-11-12 00:00:00+00:00,194.47,195.06,189.74,190.0,17615454,193.4211563803,194.0079743073,188.7166668977,188.9752646283,17615454,0.0,1.0
2019-11-13 00:00:00+00:00,193.19,195.7,192.74,194.7,11009800,192.1480598607,194.6445225671,191.7004868655,193.6499159112,11009800,0.0,1.0
2019-11-14 00:00:00+00:00,193.15,194.03,191.45,192.93,9059897,192.1082755945,192.9835294517,190.4174442794,191.8894621302,9059897,0.0,1.0
2019-11-15 00:00:00+00:00,195.1,195.3,193.38,194.26,11530232,194.0477585735,194.2466799047,192.3370351253,193.2122889825,11530232,0.0,1.0
2019-11-18 00:00:00+00:00,197.4,198.63,193.05,194.56,16176107,196.3353538822,197.558720069,192.0088149289,193.5106709793,16176107,0.0,1.0
2019-11-19 00:00:00+00:00,199.32,200.0,196.86,197.4,19070291,198.2449986616,198.9213311876,195.798266288,196.3353538822,19070291,0.0,1.0
2019-11-20 00:00:00+00:00,197.51,199.59,195.43,198.58,12370240,196.4447606143,198.5135424587,194.37597877,197.5089897362,12370240,0.0,1.0
2019-11-21 00:00:00+00:00,197.93,199.09,196.86,197.42,12130985,196.8624954098,198.0162391307,195.798266288,196.3552460153,12130985,0.0,1.0
2019-11-22 00:00:00+00:00,198.82,199.3,197.62,198.38,9959817,197.7476953336,198.2251065285,196.5541673465,197.310068405,9959817,0.0,1.0
2019-11-25 00:00:00+00:00,199.79,200.97,199.25,199.52,15286442,198.7124637899,199.8860996439,198.1753761957,198.4439199928,15286442,0.0,1.0
2019-11-26 00:00:00+00:00,198.97,200.15,198.04,200.0,11748664,197.896886332,199.070522186,196.971902142,198.9213311876,11748664,0.0,1.0
2019-11-27 00:00:00+00:00,202.0,203.14,199.42,199.9,12760568,200.9105444995,202.0443960873,198.3444593272,198.821870522,12760568,0.0,1.0
2019-11-29 00:00:00+00:00,201.64,203.8,201.21,201.6,7985231,200.5524861034,202.7008364802,200.1248052413,200.5127018371,7985231,0.0,1.0
2019-12-02 00:00:00+00:00,199.7,202.18,198.05,202.13,11542020,198.6229491909,201.0895736976,196.9818482086,201.0398433648,11542020,0.0,1.0
2019-12-03 00:00:00+00:00,198.82,198.93,195.08,197.6,13014170,197.7476953336,197.8571020658,194.0278664404,196.5342752134,13014170,0.0,1.0
2019-12-04 00:00:00+00:00,198.71,200.03,198.05,200.0,8459939,197.6382886015,198.9511693873,196.9818482086,198.9213311876,8459939,0.0,1.0
2019-12-05 00:00:00+00:00,199.36,201.29,198.21,199.86,9755350,198.2847829278,200.2043737738,197.1409852735,198.7820862558,9755350,0.0,1.0
2019-12-06 00:00:00+00:00,201.05,201.57,200.06,200.5,12279525,199.9656681764,200.4828636375,198.981007587,199.4186345156,12279525,0.0,1.0
2019-12-09 00:00:00+00:00,201.34,203.14,200.21,200.65,12013218,200.2541041066,202.0443960873,199.1301985854,199.567825514,12013218,0.0,1.0
2019-12-10 00:00:00+00:00,200.87,202.05,200.15,201.66,9485568,199.7866389783,200.9602748323,199.070522186,200.5723782365,9485568,0.0,1.0
2019-12-11 00:00:00+00:00,202.26,202.63,200.28,200.28,8041827,201.1691422301,201.5371466928,199.1998210513,199.1998210513,8041827,0.0,1.0
2019-12-12 00:00:00+00:00,196.75,203.66,194.1,202.35,23766986,195.6888595558,202.5615915484,193.0531519176,201.2586568291,23766986,0.0,1.0
2019-12-13 00:00:00+00:00,194.11,196.8,193.17,196.4,18806020,193.0630979842,195.7385898886,192.1281677276,195.3407472263,18806020,0.0,1.0
2019-12-16 00:00:00+00:00,197.92,199.12,194.81,195.27,14922733,196.8525493433,198.0460773304,193.7593226433,194.216841705,14922733,0.0,1.0
2019-12-17 00:00:00+00:00,198.39,199.0,196.13,198.84,10177605,197.3200144716,197.9267245317,195.0722034292,197.7675874667,10177605,0.0,1.0
2019-12-18 00:00:00+00:00,202.5,204.3,200.09,200.09,23284746,201.4078478275,203.1981398082,199.0108457867,199.0108457867,23284746,0.0,1.0
2019-12-19 00:00:00+00:00,206.06,206.3,202.51,202.78,16808184,204.9486475226,205.18735312,201.417793894,201.6863376911,16808184,0.0,1.0
2019-12-20 00:00:00+00:00,206.3,207.71,203.43,207.48,27315226,205.18735312,206.5897485049,202.3328320175,206.3609889741,27315226,0.0,1.0
2019-12-23 00:00:00+00:00,206.18,208.59,205.68,206.7,13353194,205.0680003213,207.4650023621,204.5706969934,205.5851957824,13353194,0.0,1.0
2019-12-24 00:00:00+00:00,205.12,206.79,205.0,206.3,6046273,204.013717266,205.6747103815,203.8943644673,205.18735312,6046273,0.0,1.0
2019-12-26 00:00:00+00:00,207.79,207.82,205.31,205.57,9368273,206.6693170374,206.6991552371,204.2026925307,204.4612902612,9368273,0.0,1.0
2019-12-27 00:00:00+00:00,208.1,208.93,206.59,208.67,10287634,206.9776451007,207.8031686252,205.4757890503,207.5445708946,10287634,0.0,1.0
2019-12-30 00:00:00+00:00,204.41,207.9,203.9,207.86,10534441,203.3075465403,206.7787237695,202.8002971458,206.7389395033,10534441,0.0,1.0
2019-12-31 00:00:00+00:00,205.25,205.56,203.6,204.0,8962756,204.1430161313,204.4513441947,202.501915149,202.8997578114,8962756,0.0,1.0
2020-01-02 00:00:00+00:00,209.78,209.79,206.27,206.75,12090707,208.6485842827,208.6585303493,205.1575149204,205.6349261152,12090707,0.0,1.0
2020-01-03 00:00:00+00:00,208.67,210.4,206.95,207.21,11197416,207.5445708946,209.2652404094,205.8338474464,206.0924451769,11197416,0.0,1.0
2020-01-06 00:00:00+00:00,212.6,212.78,206.52,206.7,17073861,211.4533750525,211.6324042505,205.4061665844,205.5851957824,17073861,0.0,1.0
2020-01-07 00:00:00+00:00,213.06,214.58,211.75,212.82,15111857,211.9108941142,213.4226962312,210.6079593949,211.6721885168,15111857,0.0,1.0
2020-01-08 00:00:00+00:00,215.22,216.24,212.61,213.0,13492703,214.059244491,215.0737432801,211.463321119,211.8512177148,13492703,0.0,1.0
2020-01-09 00:00:00+00:00,218.3,218.38,216.28,217.54,12679579,217.1226329913,217.2022015238,215.1135275463,216.3667319328,12679579,0.0,1.0
2020-01-10 00:00:00+00:00,218.06,219.88,217.42,219.2,12127432,216.8839273939,218.6941115077,216.2473791341,218.0177789816,12127432,0.0,1.0
2020-01-13 00:00:00+00:00,221.91,221.97,219.21,219.6,14295658,220.7131630192,220.7728394186,218.0277250482,218.415621644,14295658,0.0,1.0
2020-01-14 00:00:00+00:00,219.06,222.38,218.63,221.61,13315361,217.8785340498,221.1806281475,217.4508531878,220.4147810225,13315361,0.0,1.0
2020-01-15 00:00:00+00:00,221.15,221.68,220.14,220.61,10036475,219.9572619607,220.4844034884,218.9527092382,219.4201743665,10036475,0.0,1.0
2020-01-16 00:00:00+00:00,221.77,222.63,220.39,222.57,10015288,220.5739180874,221.4292798115,219.2013609022,221.3696034122,10015288,0.0,1.0
2020-01-17 00:00:00+00:00,222.14,222.29,220.53,222.03,15905944,220.9419225501,221.0911135485,219.340605834,220.832515818,15905944,0.0,1.0
2020-01-21 00:00:00+00:00,221.44,222.37,219.12,222.16,14162007,220.2456978909,221.170682081,217.9382104492,220.9618146832,14162007,0.0,1.0
2020-01-22 00:00:00+00:00,221.32,222.75,221.28,222.31,12212814,220.1263450922,221.5486326102,220.086560826,221.1110056816,12212814,0.0,1.0
2020-01-23 00:00:00+00:00,219.76,221.49,219.27,220.75,11195000,218.574758709,220.2954282237,218.0874014476,219.5594192984,11195000,0.0,1.0
2020-01-24 00:00:00+00:00,217.94,221.78,216.11,220.8,11905824,216.7645745952,220.583864154,214.9444444148,219.6091496311,11905824,0.0,1.0
2020-01-27 00:00:00+00:00,214.87,216.06,212.5,213.1,13810655,213.7111321614,214.894714082,211.3539143869,211.9506783804,13810655,0.0,1.0
2020-01-28 00:00:00+00:00,217.79,218.74,213.52,216.14,13413835,216.6153835968,217.5602599199,212.3684131759,214.9742826145,13413835,0.0,1.0
2020-01-29 00:00:00+00:00,223.23,224.2,218.45,221.44,33610005,222.0260438051,222.9908122613,217.2718239897,220.2456978909,33610005,0.0,1.0
2020-01-30 00:00:00+00:00,209.53,211.43,204.75,206.53,48775500,208.3999326187,210.289685265,203.6457128033,205.4161126509,48775500,0.0,1.0
2020-01-31 00:00:00+00:00,201.91,208.69,201.06,208.43,31359917,200.8210299005,207.5644630277,199.9756142429,207.3058652972,31359917,0.0,1.0
2020-02-03 00:00:00+00:00,204.19,205.14,202.5,203.44,15510509,203.088733076,204.0336093992,201.4078478275,202.3427780841,15510509,0.0,1.0
2020-02-04 00:00:00+00:00,209.83,210.6,205.2,206.62,19628890,208.6983146155,209.4641617406,204.0932857985,205.5056272499,19628890,0.0,1.0
2020-02-05 00:00:00+00:00,210.11,212.73,208.71,212.51,12538154,208.9768044792,211.5826739177,207.5843551609,211.3638604534,12538154,0.0,1.0
2020-02-06 00:00:00+00:00,210.85,211.19,209.34,210.47,10567533,209.7128134046,210.0509796676,208.2109573541,209.3348628753,10567533,0.0,1.0
2020-02-07 00:00:00+00:00,212.33,212.82,209.93,210.3,12242530,211.1848312554,211.6721885168,208.7977752811,209.1657797438,12242530,0.0,1.0
2020-02-10 00:00:00+00:00,213.06,213.8,210.66,211.52,11856350,211.9108941142,212.6469030396,209.5238381399,210.379199864,11856350,0.0,1.0
2020-02-11 00:00:00+00:00,207.19,210.86,206.51,210.19,25030810,206.0725530438,209.7227594711,205.3962205178,209.0563730116,25030810,0.0,1.0
2020-02-12 00:00:00+00:00,210.76,211.22,207.4,207.85,13813704,209.6232988055,210.0808178673,206.2814204416,206.7289934367,13813704,0.0,1.0
2020-02-13 00:00:00+00:00,213.14,214.33,209.18,209.52,15396625,211.9904626467,213.1740445672,208.0518202891,208.3899865522,15396625,0.0,1.0
2020-02-14 00:00:00+00:00,214.18,214.93,212.65,214.0,10741747,213.0248535688,213.7708085608,211.5031053853,212.8458243708,10741747,0.0,1.0
2020-02-18 00:00:00+00:00,217.8,217.98,213.4,213.55,15630026,216.6253296633,216.8043588614,212.2490603772,212.3982513756,15630026,0.0,1.0
2020-02-19 00:00:00+00:00,217.49,218.32,216.11,217.99,12135114,216.3170016,217.1425251244,214.9444444148,216.814304928,12135114,0.0,1.0
2020-02-20 00:00:00+00:00,214.58,218.77,212.95,216.52,13109213,213.4226962312,217.5900981196,211.801487382,215.3522331437,13109213,0.0,1.0
2020-02-21 00:00:00+00:00,210.18,214.24,208.83,213.48,14098432,209.0464269451,213.0845299682,207.7037079596,212.3286289097,14098432,0.0,1.0
2020-02-24 00:00:00+00:00,200.72,203.65,198.17,201.8,23080057,199.6374479799,202.5516454818,197.1012010073,200.7116231683,23080057,0.0,1.0
2020-02-25 00:00:00+00:00,196.77,203.5,195.95,202.25,21433487,195.708751689,202.4024544834,194.8931742311,201.1591961635,21433487,0.0,1.0
2020-02-26 00:00:00+00:00,197.2,201.21,195.49,197.19,16555210,196.136432551,200.1248052413,194.4356551694,196.1264864844,16555210,0.0,1.0
2020-02-27 00:00:00+00:00,189.75,195.88,189.5,191.82,21682626,188.7266129643,194.8235517652,188.4779613003,190.7854487421,21682626,0.0,1.0
2020-02-28 00:00:00+00:00,192.47,192.74,181.82,182.7,32583494,191.4319430684,191.7004868655,180.8393821827,181.7146360399,32583494,0.0,1.0
2020-03-02 00:00:00+00:00,196.44,196.57,188.85,194.03,24948955,195.3805314925,195.5098303578,187.8314669739,192.9835294517,24948955,0.0,1.0
2020-03-03 00:00:00+00:00,185.89,197.24,183.97,196.22,27984104,184.8874312723,196.1762168172,182.9777864929,195.1617180282,27984104,0.0,1.0
2020-03-04 00:00:00+00:00,191.76,191.83,186.39,189.17,23062473,190.7257723427,190.7953948086,185.3847346003,188.1497411038,23062473,0.0,1.0
2020-03-05 00:00:00+00:00,185.17,188.99,183.89,186.78,19333425,184.1713144801,187.9707119058,182.8982179605,185.7726311961,19333425,0.0,1.0
2020-03-06 00:00:00+00:00,181.09,183.78,176.26,178.33,24559550,180.1133193238,182.7888112283,175.3093691757,177.3682049535,24559550,0.0,1.0
2020-03-09 00:00:00+00:00,169.5,175.0,165.19,169.6,29949041,168.5858281815,174.0561647892,164.2990734944,168.6852888471,29949041,0.0,1.0
2020-03-10 00:00:00+00:00,178.19,178.29,169.5,174.67,24517791,177.2289600216,177.3284206872,168.5858281815,173.7279445927,24517791,0.0,1.0
2020-03-11 00:00:00+00:00,170.24,175.88,167.66,174.01,20397204,169.3218371069,174.9314186464,166.7557519346,173.0715041998,20397204,0.0,1.0
2020-03-12 00:00:00+00:00,154.47,166.6,154.34,159.54,43266335,153.6368901428,165.7014688793,153.5075912775,158.6795458884,43266335,0.0,1.0
2020-03-13 00:00:00+00:00,170.28,170.79,157.6,163.53,35028627,169.3616213732,169.8688707677,156.7500089759,162.6480264456,35028627,0.0,1.0
2020-03-16 00:00:00+00:00,146.01,159.13,143.1,152.32,39120419,145.2225178335,158.2717571594,142.3282124648,151.4984858325,39120419,0.0,1.0
2020-03-17 00:00:00+00:00,149.42,153.94,140.0,150.74,34255596,148.6141265303,153.1097486151,139.2449318313,149.9270073161,34255596,0.0,1.0
2020-03-18 00:00:00+00:00,146.96,148.18,137.1,139.75,37553136,146.1673941567,147.3808142769,136.3605725291,138.9962801674,37553136,0.0,1.0
2020-03-19 00:00:00+00:00,153.13,159.93,144.8,146.62,39862312,152.3041172238,159.0674424842,144.0190437798,145.8292278937,39862312,0.0,1.0
2020-03-20 00:00:00+00:00,149.73,159.27,148.0,156.02,32568398,148.9224545936,158.4110020913,147.2017850788,155.1785304595,32568398,0.0,1.0
2020-03-23 00:00:00+00:00,148.1,152.31,142.25,149.66,29830765,147.3012457444,151.4885397659,141.4827968072,148.8528321277,29830765,0.0,1.0
2020-03-24 00:00:00+00:00,160.98,161.31,152.57,155.21,30440369,160.1117794729,160.4399996694,151.7471374965,154.3728990682,30440369,0.0,1.0
2020-03-25 00:00:00+00:00,156.21,162.99,153.06,158.92,35184271,155.3675057241,162.1109388514,152.2344947579,158.0628897617,35184271,0.0,1.0
2020-03-26 00:00:00+00:00,163.34,164.0,157.02,158.25,26579021,162.4590511809,163.1154915739,156.1731371154,157.3965033022,26579021,0.0,1.0
2020-03-27 00:00:00+00:00,156.79,160.09,154.75,158.2,24879869,155.9443775845,159.2265795491,153.9153800064,157.3467729694,24879869,0.0,1.0
2020-03-30 00:00:00+00:00,165.95,166.75,158.06,159.18,22515225,165.0549745529,165.8506598777,157.2075280376,158.3214874922,22515225,0.0,1.0
2020-03-31 00:00:00+00:00,166.8,170.93,164.2,165.48,23676283,165.9003902105,170.0081156995,163.314412905,164.5875094246,23676283,0.0,1.0
2020-04-01 00:00:00+00:00,159.6,164.15,158.04,161.62,19507559,158.7392222877,163.2646825723,157.1876359045,160.7483277327,19507559,0.0,1.0
2020-04-02 00:00:00+00:00,158.19,161.35,155.92,159.1,20886309,157.3368269029,160.4797839356,155.0790697939,158.2419189598,20886309,0.0,1.0
2020-04-03 00:00:00+00:00,154.18,157.91,150.83,157.15,25983317,153.3484542125,157.0583370392,150.0165219152,156.3024359807,25983317,0.0,1.0
2020-04-06 00:00:00+00:00,165.55,166.2,158.51,160.15,28453581,164.6571318906,165.3036262169,157.6551010328,159.2862559485,28453581,0.0,1.0
2020-04-07 00:00:00+00:00,168.83,173.39,166.01,171.79,31411919,167.919441722,172.4548480731,165.1146509523,170.8634774236,31411919,0.0,1.0
2020-04-08 00:00:00+00:00,174.28,175.0,167.74,171.25,21664198,173.3400479969,174.0561647892,166.8353204671,170.3263898294,21664198,0.0,1.0
2020-04-09 00:00:00+00:00,175.19,177.08,171.57,175.9,23534287,174.2451400538,176.1249466335,170.6446639593,174.9513107795,23534287,0.0,1.0
2020-04-13 00:00:00+00:00,174.79,175.0,169.45,173.67,19355355,173.8472973914,174.0561647892,168.5360978487,172.7333379368,19355355,0.0,1.0
2020-04-14 00:00:00+00:00,178.17,181.23,176.62,178.98,21011815,177.2090678885,180.2525642557,175.6674275718,178.0146992798,21011815,0.0,1.0
2020-04-15 00:00:00+00:00,176.97,178.19,172.82,175.19,17423003,176.0155399014,177.2289600216,171.8879222792,174.2451400538,17423003,0.0,1.0
2020-04-16 00:00:00+00:00,176.25,178.05,172.51,177.95,23593229,175.2994231091,177.0897150898,171.5795942159,176.9902544242,23593229,0.0,1.0
2020-04-17 00:00:00+00:00,179.24,180.28,176.66,179.2,20974750,178.2732970104,179.3076879325,175.707211838,178.2335127441,20974750,0.0,1.0
2020-04-20 00:00:00+00:00,178.24,180.5,176.77,177.41,16110664,177.2786903544,179.5265013968,175.8166185702,176.45316683,16110664,0.0,1.0
2020-04-21 00:00:00+00:00,170.8,175.38,168.34,175.25,24850528,169.8788168342,174.4341153184,167.4320844606,174.3048164532,24850528,0.0,1.0
2020-04-22 00:00:00+00:00,182.28,184.78,178.14,178.45,33369931,181.2969012444,183.7834178843,177.1792296888,177.4875577522,33369931,0.0,1.0
2020-04-23 00:00:00+00:00,185.13,187.05,183.15,184.08,21426604,184.1315302138,186.0411749932,182.1622090351,183.0871932251,21426604,0.0,1.0
2020-04-24 00:00:00+00:00,190.07,190.41,180.83,183.23,28868528,189.0448870942,189.3830533572,179.8547215933,182.2417775676,28868528,0.0,1.0
2020-04-27 00:00:00+00:00,187.5,193.75,187.41,192.66,29197750,186.4887479884,192.705039588,186.3992333894,191.620918333,29197750,0.0,1.0
2020-04-28 00:00:00+00:00,182.91,189.2,182.56,188.66,21730986,181.9235034377,188.1795793035,181.5753911081,187.6424917093,21730986,0.0,1.0
2020-04-29 00:00:00+00:00,194.19,196.91,190.0,190.93,45954521,193.1426665166,195.8479966208,188.9752646283,189.9002488183,45954521,0.0,1.0
2020-04-30 00:00:00+00:00,204.71,209.69,201.57,206.92,46230116,203.6059285371,208.5590696837,200.4828636375,205.8040092467,46230116,0.0,1.0
2020-05-01 00:00:00+00:00,202.27,207.28,199.05,201.6,30415581,201.1790882966,206.1620676429,197.9764548645,200.5127018371,30415581,0.0,1.0
2020-05-04 00:00:00+00:00,205.26,205.91,198.76,200.2,19250673,204.1529621979,204.7994565242,197.6880189343,199.1202525188,19250673,0.0,1.0
2020-05-05 00:00:00+00:00,207.07,210.38,206.5,207.02,21071223,205.9532002451,209.2453482763,205.3862744512,205.9034699123,21071223,0.0,1.0
2020-05-06 00:00:00+00:00,208.47,211.6,206.66,208.12,21856963,207.3456495634,210.4587683965,205.5454115162,206.9975372339,21856963,0.0,1.0
2020-05-07 00:00:00+00:00,211.26,211.6,209.04,211.16,15151976,210.1206021335,210.4587683965,207.9125753573,210.0211414679,15151976,0.0,1.0
2020-05-08 00:00:00+00:00,212.35,213.21,210.85,212.24,12524048,211.2047233885,212.0600851126,209.7128134046,211.0953166563,12524048,0.0,1.0
2020-05-11 00:00:00+00:00,213.18,215.0,210.37,210.89,12911948,212.0302469129,213.8404310267,209.2354022097,209.7525976708,12911948,0.0,1.0
2020-05-12 00:00:00+00:00,210.1,215.28,210.0,213.29,14704647,208.9668584126,214.1189208904,208.867397747,212.1396536451,14704647,0.0,1.0
2020-05-13 00:00:00+00:00,205.1,210.78,202.11,209.43,20684559,203.9938251329,209.6431909386,201.0199512317,208.3004719531,20684559,0.0,1.0
2020-05-14 00:00:00+00:00,206.81,206.93,200.69,202.56,17178947,205.6946025146,205.8139553133,199.6076097802,201.4675242268,17178947,0.0,1.0
2020-05-15 00:00:00+00:00,210.88,211.34,204.12,205.27,19383154,209.7426516042,210.200170666,203.0191106101,204.1629082644,19383154,0.0,1.0
2020-05-18 00:00:00+00:00,213.19,214.64,210.94,212.15,20167443,212.0401929795,213.4823726306,209.8023280036,211.0058020573,20167443,0.0,1.0
2020-05-19 00:00:00+00:00,216.88,220.49,212.83,213.27,31843152,215.7102915399,219.3008215678,211.6821345833,212.1197615119,31843152,0.0,1.0
2020-05-20 00:00:00+00:00,229.97,231.34,223.19,223.5,50162875,228.7296926661,230.0923037847,221.9862595388,222.2945876022,50162875,0.0,1.0
2020-05-21 00:00:00+00:00,231.39,237.2,231.2,234.72,47577915,230.1420341175,235.9206987885,229.9530588529,233.4540742818,47577915,0.0,1.0
2020-05-22 00:00:00+00:00,234.91,235.99,228.74,231.51,33925564,233.6430495464,234.7172247348,227.5063264793,230.2613869162,33925564,0.0,1.0
2020-05-26 00:00:00+00:00,232.2,240.9,231.67,239.77,33178318,230.9476655088,239.6007434155,230.4205239812,238.4768378943,33178318,0.0,1.0
2020-05-27 00:00:00+00:00,229.14,230.56,221.13,229.07,34697553,227.9041691417,229.3165105931,219.9373698276,227.8345466758,34697553,0.0,1.0
2020-05-28 00:00:00+00:00,225.46,231.63,224.0,224.3,29423013,224.2440166478,230.380739715,222.7918909302,223.0902729269,29423013,0.0,1.0
2020-05-29 00:00:00+00:00,225.09,227.49,222.88,225.2,23322476,223.8760121851,226.2630681594,221.6779314755,223.9854189173,23322476,0.0,1.0
2020-06-01 00:00:00+00:00,231.91,232.44,223.5,224.59,18223839,230.6592295786,231.1863711063,222.2945876022,223.3787088572,18223839,0.0,1.0
2020-06-02 00:00:00+00:00,232.72,233.0,226.56,230.94,20919018,231.4648609699,231.7433508336,225.3380839694,229.6944611224,20919018,0.0,1.0
2020-06-03 00:00:00+00:00,230.16,232.65,228.53,232.11,15380282,228.9186679307,231.395238504,227.2974590815,230.8581509098,15380282,0.0,1.0
2020-06-04 00:00:00+00:00,226.29,231.63,224.61,229.56,17041481,225.0695401722,230.380739715,223.3986009903,228.3219039372,17041481,0.0,1.0
2020-06-05 00:00:00+00:00,230.77,231.35,225.31,226.71,16750438,229.5253779909,230.1022498513,224.0948256494,225.4872749677,16750438,0.0,1.0
2020-06-08 00:00:00+00:00,231.4,231.55,227.41,229.03,15466499,230.1519801841,230.3011711825,226.1834996269,227.7947624095,15466499,0.0,1.0
2020-06-09 00:00:00+00:00,238.67,239.77,230.41,231.52,27462872,237.3827705728,238.4768378943,229.1673195947,230.2713329828,27462872,0.0,1.0
2020-06-10 00:00:00+00:00,236.73,241.21,235.28,240.96,20720709,235.4532336602,239.9090714788,234.0110540091,239.6604198149,20720709,0.0,1.0
2020-06-11 00:00:00+00:00,224.43,232.89,223.55,229.94,26708163,223.2195717922,231.6339441014,222.344317935,228.6998544664,26708163,0.0,1.0
2020-06-12 00:00:00+00:00,228.58,231.66,224.5,229.9,22091387,227.3471894143,230.4105779146,223.2891942581,228.6600702002,22091387,0.0,1.0
2020-06-15 00:00:00+00:00,232.5,233.77,224.8,225.09,15340264,231.2460475056,232.5091979587,223.5875762549,223.8760121851,15340264,0.0,1.0
2020-06-16 00:00:00+00:00,235.65,238.46,233.0,237.14,15236691,234.3790584718,237.173903175,231.7433508336,235.8610223892,15236691,0.0,1.0
2020-06-17 00:00:00+00:00,235.53,237.59,231.73,235.0,19578125,234.2597056731,236.3085953844,230.4802003806,233.7325641455,19578125,0.0,1.0
2020-06-18 00:00:00+00:00,235.94,236.14,232.15,234.99,15782452,234.6674944021,234.8664157332,230.897935176,233.7226180789,15782452,0.0,1.0
2020-06-19 00:00:00+00:00,238.79,240.83,235.55,237.79,30081291,237.5021233715,239.5311209496,234.2795978062,236.5075167155,30081291,0.0,1.0
2020-06-22 00:00:00+00:00,239.22,240.7,236.91,238.56,18917782,237.9298042335,239.4018220843,235.6322628583,237.2733638406,18917782,0.0,1.0
2020-06-23 00:00:00+00:00,242.24,245.19,239.86,241.28,24017915,240.9335163345,243.8676059695,238.5663524933,239.9786939448,24017915,0.0,1.0
2020-06-24 00:00:00+00:00,234.02,243.22,232.68,241.2,20834904,232.7578496227,241.9082308573,231.4250767037,239.8991254123,20834904,0.0,1.0
2020-06-25 00:00:00+00:00,235.68,237.3,232.74,234.62,18704339,234.4088966715,236.0201594541,231.484753103,233.3546136162,18704339,0.0,1.0
2020-06-26 00:00:00+00:00,216.08,233.09,215.4,232.64,76343939,214.9146062151,231.8328654326,214.2382736891,231.3852924375,76343939,0.0,1.0
2020-06-29 00:00:00+00:00,220.64,220.75,207.11,209.75,58514281,219.4500125662,219.5594192984,205.9929845114,208.618746083,58514281,0.0,1.0
2020-06-30 00:00:00+00:00,227.07,227.5,218.47,220.59,33927068,225.8453333639,226.2730142259,217.2917161228,219.4002822334,33927068,0.0,1.0
2020-07-01 00:00:00+00:00,237.55,239.0,227.56,228.5,43403869,236.2688111181,237.7109907692,226.3326906253,227.2676208819,43403869,0.0,1.0
2020-07-02 00:00:00+00:00,233.42,240.0,232.61,239.0,30635970,232.1610856291,238.7055974252,231.3554542378,237.7109907692,30635970,0.0,1.0
2020-07-06 00:00:00+00:00,240.28,240.4,232.27,233.76,26208488,238.9840872888,239.1034400875,231.0172879748,232.4992518921,26208488,0.0,1.0
2020-07-07 00:00:00+00:00,240.86,247.65,238.82,239.41,27887936,239.5609591493,246.3143383431,237.5319615712,238.1187794982,27887936,0.0,1.0
2020-07-08 00:00:00+00:00,243.58,246.99,236.59,238.11,29793184,242.2662892534,245.6578979502,235.3139887284,236.8257908454,29793184,0.0,1.0
2020-07-09 00:00:00+00:00,244.5,246.53,239.24,245.0,22175054,243.1813273769,245.2003788884,237.9496963666,243.6786307049,22175054,0.0,1.0
2020-07-10 00:00:00+00:00,245.07,245.49,239.32,243.69,22982716,243.7482531708,244.1659879663,238.0292648991,242.3756959856,22982716,0.0,1.0
2020-07-13 00:00:00+00:00,239.0,250.15,238.42,247.01,24674883,237.7109907692,248.8008549829,237.1341189088,245.6777900833,24674883,0.0,1.0
2020-07-14 00:00:00+00:00,239.73,240.33,232.03,236.76,23378056,238.4370536281,239.0338176216,230.7785823773,235.4830718599,23378056,0.0,1.0
2020-07-15 00:00:00+00:00,240.28,244.82,238.05,241.55,19134627,238.9840872888,243.4996015068,236.7661144461,240.2472377419,19134627,0.0,1.0
2020-07-16 00:00:00+00:00,240.93,241.76,236.33,238.0,18880800,239.6305816152,240.4561051396,235.0553909979,236.7163841133,18880800,0.0,1.0
2020-07-17 00:00:00+00:00,242.03,244.16,237.86,241.0,18152413,240.7246489367,242.8431611139,236.5771391815,239.7002040811,18152413,0.0,1.0
2020-07-20 00:00:00+00:00,245.42,246.05,235.64,240.06,20797388,244.0963655003,244.7229676936,234.3691124053,238.7652738245,20797388,0.0,1.0
2020-07-21 00:00:00+00:00,241.75,246.91,240.08,246.22,18646840,240.4461590731,245.5783294177,238.7851659576,244.8920508251,18646840,0.0,1.0
2020-07-22 00:00:00+00:00,239.87,241.9,238.12,240.26,15427885,238.5762985599,240.5953500714,236.835736912,238.9641951557,15427885,0.0,1.0
2020-07-23 00:00:00+00:00,232.6,242.42,231.75,239.63,21771802,231.3455081712,241.1125455325,230.5000925137,238.3375929625,21771802,0.0,1.0
2020-07-24 00:00:00+00:00,230.71,233.49,226.9,230.19,18325813,229.4657015915,232.230708095,225.6762502324,228.9485061304,18325813,0.0,1.0
2020-07-27 00:00:00+00:00,233.5,234.95,230.83,231.46,13163083,232.2406541616,233.6828338127,229.5850543902,230.2116565834,13163083,0.0,1.0
2020-07-28 00:00:00+00:00,230.12,234.96,229.83,234.63,14170112,228.8788836645,233.6927798792,228.5904477343,233.3645596828,14170112,0.0,1.0
2020-07-29 00:00:00+00:00,233.29,233.7,230.31,231.14,13588317,232.0317867638,232.4395754928,229.0678589291,229.8933824535,13588317,0.0,1.0
2020-07-30 00:00:00+00:00,234.5,234.893,229.0,230.22,20615306,233.2352608175,233.6261412333,227.7649242098,228.9783443301,20615306,0.0,1.0
2020-07-31 00:00:00+00:00,253.67,255.85,249.0,255.82,53030037,252.3018704118,254.4701129218,247.6570573286,254.4402747221,53030037,0.0,1.0
2020-08-03 00:00:00+00:00,251.96,255.4,250.33,252.65,23134103,250.6010930302,254.0225399266,248.979884181,251.2873716228,23134103,0.0,1.0
2020-08-04 00:00:00+00:00,249.83,252.8,247.43,251.56,17183533,248.482580853,251.4365626212,246.0955248788,250.2032503678,17183533,0.0,1.0
2020-08-05 00:00:00+00:00,249.12,252.2698,247.77,250.19,13088361,247.7764101273,250.9092221722,246.4336911418,248.8406392492,13088361,0.0,1.0
2020-08-06 00:00:00+00:00,265.28,266.6,248.665,249.04,45241611,263.8492536873,265.1621344731,247.3238640989,247.6968415948,45241611,0.0,1.0
2020-08-07 00:00:00+00:00,268.44,278.89,263.43,264.08,72766364,266.99221072,277.3858502746,262.0092313738,262.6557257002,72766364,0.0,1.0
2020-08-10 00:00:00+00:00,263.0,273.86,259.69,268.04,30248826,261.5815505117,272.3829787952,258.2894024806,266.5943680577,30248826,0.0,1.0
2020-08-11 00:00:00+00:00,256.13,265.915,255.13,260.185,28238283,254.7486027854,264.4808289138,253.7539961295,258.7817327753,28238283,0.0,1.0
2020-08-12 00:00:00+00:00,259.89,263.8973,258.1125,258.97,21428329,258.4883238118,262.4740110641,256.7204104808,257.5732856883,21428329,0.0,1.0
2020-08-13 00:00:00+00:00,261.3,265.16,259.57,261.55,17373970,259.8907191966,263.7299008886,258.1700496819,260.1393708606,17373970,0.0,1.0
2020-08-14 00:00:00+00:00,261.24,262.65,258.6801,262.305,14792708,259.8310427973,261.2334381822,257.2849492188,260.8902988859,14792708,0.0,1.0
2020-08-17 00:00:00+00:00,261.16,264.0973,259.4,262.5,13303174,259.7514742648,262.6729323953,258.0009665504,261.0842471838,13303174,0.0,1.0
2020-08-18 00:00:00+00:00,262.34,265.15,259.26,260.95,18690383,260.9251101188,263.719954822,257.8617216185,259.5426068671,18690383,0.0,1.0
2020-08-19 00:00:00+00:00,262.59,267.908,261.35,261.388,23291463,261.1737617828,266.4630799791,259.9404495294,259.9782445824,23291463,0.0,1.0
2020-08-20 00:00:00+00:00,269.01,269.63,261.46,261.5,20299688,267.5591365139,268.1757926406,260.0498562616,260.0896405278,20299688,0.0,1.0
2020-08-21 00:00:00+00:00,267.01,270.49,266.42,268.69,15538615,265.5699232021,269.0311543647,264.983105275,267.240862384,15538615,0.0,1.0
2020-08-24 00:00:00+00:00,271.39,277.2478,268.7701,271.07,23685603,269.9263003551,275.7525072242,267.3205303772,269.6080262252,23685603,0.0,1.0
2020-08-25 00:00:00+00:00,280.82,283.09,270.2601,272.41,42127240,279.3054411206,281.5631982295,268.8024942945,270.9407991441,42127240,0.0,1.0
2020-08-26 00:00:00+00:00,303.91,304.67,284.0,284.0,69015151,302.2709088062,303.0268098647,282.4682902864,282.4682902864,69015151,0.0,1.0
2020-08-27 00:00:00+00:00,293.22,301.23,292.02,300.16,30301309,291.6385636542,299.6053629683,290.4450356671,298.5411338464,30301309,0.0,1.0
2020-08-28 00:00:00+00:00,293.66,297.23,290.98,295.0,17172415,292.0761905828,295.6269363445,289.4106447449,293.4089635018,17172415,0.0,1.0
2020-08-31 00:00:00+00:00,293.2,296.88,291.55,293.95,17345134,291.6186715211,295.2788240149,289.9775705388,292.364626513,17345134,0.0,1.0
2020-09-01 00:00:00+00:00,295.44,301.49,292.71,294.71,17320872,293.8465904304,299.8639606988,291.1313142597,293.1205275715,17320872,0.0,1.0
2020-09-02 00:00:00+00:00,302.5,303.6,293.05,298.88,24341369,300.8685134213,301.9625807428,291.4694805227,297.2680373268,24341369,0.0,1.0
2020-09-03 00:00:00+00:00,291.12,297.6,283.63,295.99,32294092,289.5498896767,295.9949408072,282.1002858237,294.3936240911,32294092,0.0,1.0
2020-09-04 00:00:00+00:00,282.73,289.0,271.14,287.25,30333671,281.2051398334,287.4413235661,269.6776486911,285.7007619182,30333671,0.0,1.0
2020-09-08 00:00:00+00:00,271.16,279.3,269.42,271.28,24863997,269.6975408242,277.7936390035,267.9669252429,269.8168936229,24863997,0.0,1.0
2020-09-09 00:00:00+00:00,273.72,278.48,271.35,275.77,22918769,272.2437338634,276.9780615457,269.8865160888,274.2826775081,22918769,0.0,1.0
2020-09-10 00:00:00+00:00,268.09,279.16,267.0319,275.51,24814669,266.6440983905,277.6543940717,265.5917050878,274.0240797775,24814669,0.0,1.0
2020-09-11 00:00:00+00:00,266.61,271.39,262.64,270.06,18913883,265.1720805397,269.9263003551,261.2234921156,268.6034735027,18913883,0.0,1.0
2020-09-14 00:00:00+00:00,266.15,276.64,265.7,270.95,24093830,264.7145614779,275.1479852987,264.2669884828,269.4886734264,24093830,0.0,1.0
2020-09-15 00:00:00+00:00,272.42,274.52,269.3,270.67,18478530,270.9507452107,273.0394191881,267.8475724441,269.2101835628,18478530,0.0,1.0
2020-09-16 00:00:00+00:00,263.52,272.44,261.79,267.29,29207594,262.0987459728,270.9706373438,260.3780764581,265.8484130657,29207594,0.0,1.0
2020-09-17 00:00:00+00:00,254.82,261.5,250.19,258.28,31281441,253.4456680662,260.0896405278,248.8406392492,256.8870070957,31281441,0.0,1.0
2020-09-18 00:00:00+00:00,252.53,259.2,250.05,258.405,28130767,251.1680188241,257.8020452192,248.7013943173,257.0113329277,28130767,0.0,1.0
2020-09-21 00:00:00+00:00,248.15,249.95,244.13,247.54,24709378,246.8116416711,248.6019336517,242.8133229142,246.2049316109,24709378,0.0,1.0
2020-09-22 00:00:00+00:00,254.75,255.32,248.22,253.31,30293103,253.3760456002,253.9429713941,246.881264137,251.9438120157,30293103,0.0,1.0
2020-09-23 00:00:00+00:00,249.02,257.9921,248.15,255.26,19641266,247.6769494617,256.6006598395,246.8116416711,253.8832949948,19641266,0.0,1.0
2020-09-24 00:00:00+00:00,249.53,252.24,245.62,246.5,20006750,248.1841988563,250.8795828938,244.2952868315,245.1705406888,20006750,0.0,1.0
2020-09-25 00:00:00+00:00,254.82,255.75,246.61,249.4,18351311,253.4456680662,254.3706522562,245.2799474209,248.054899991,18351311,0.0,1.0
2020-09-28 00:00:00+00:00,256.82,259.6,254.8208,259.4,18826254,255.434881378,258.1998878815,253.4464637515,258.0009665504,18826254,0.0,1.0
2020-09-29 00:00:00+00:00,261.79,263.33,256.9,257.81,20215504,260.3780764581,261.9097707082,255.5144499105,256.4195419674,20215504,0.0,1.0
2020-09-30 00:00:00+00:00,261.9,266.085,260.1,261.98,20142546,260.4874831902,264.6499120453,258.6971912095,260.5670517227,20142546,0.0,1.0
2020-10-01 00:00:00+00:00,266.63,268.33,264.8,265.35,20009801,265.1919726728,266.8828039879,263.3718424924,263.9188761532,20009801,0.0,1.0
2020-10-02 00:00:00+00:00,259.94,265.15,259.18,261.21,16367597,258.5380541446,263.719954822,257.7821530861,259.8012045976,16367597,0.0,1.0
2020-10-05 00:00:00+00:00,264.65,264.865,260.8401,262.2,12822252,263.222651494,263.4364919251,259.4332995956,260.785865187,12822252,0.0,1.0
2020-10-06 00:00:00+00:00,258.66,265.69,258.24,261.78,18696917,257.264957625,264.2570424162,256.8472228295,260.3681303915,18696917,0.0,1.0
2020-10-07 00:00:00+00:00,258.12,260.18,254.82,259.21,23133417,256.7278700308,258.776759742,253.4456680662,257.8119912857,23133417,0.0,1.0
2020-10-08 00:00:00+00:00,263.76,264.62,259.1488,259.75,16312762,262.3374515703,263.1928132944,257.7511213584,258.3490788799,16312762,0.0,1.0
2020-10-09 00:00:00+00:00,264.45,264.75,262.17,264.52,14107803,263.0237301628,263.3221121596,260.7560269873,263.0933526288,14107803,0.0,1.0
2020-10-12 00:00:00+00:00,275.75,280.18,267.87,270.2,31019256,274.2627853749,278.6688928608,266.4252849262,268.7427184345,31019256,0.0,1.0
2020-10-13 00:00:00+00:00,276.14,279.1,273.39,277.58,18063343,274.6506819708,277.5947176723,271.9155136669,276.0829155553,18063343,0.0,1.0
2020-10-14 00:00:00+00:00,271.82,278.75,271.5,277.62,15601154,270.3539812171,277.2466053428,270.0357070872,276.1226998216,15601154,0.0,1.0
2020-10-15 00:00:00+00:00,266.72,269.04,263.67,267.6,15416064,265.2814872718,267.5889747136,262.2479369712,266.1567411291,15416064,0.0,1.0
2020-10-16 00:00:00+00:00,265.93,271.37,265.3,267.375,16622702,264.4957480136,269.9064082219,263.8691458204,265.9329546315,16622702,0.0,1.0
2020-10-19 00:00:00+00:00,261.4,268.55,259.88,265.53,13586955,259.9901798622,267.1016174522,258.4783777452,264.0979053513,13586955,0.0,1.0
2020-10-20 00:00:00+00:00,267.56,269.7,262.88,263.06,18763246,266.1169568628,268.2454151065,261.462197713,261.6412269111,18763246,0.0,1.0
2020-10-21 00:00:00+00:00,278.73,283.05,276.37,279.56,28998638,277.2267132096,281.5234139633,274.8794415016,278.0522367341,28998638,0.0,1.0
2020-10-22 00:00:00+00:00,278.12,282.45,275.04,279.87,16720026,276.6200031495,280.9266499697,273.5566146492,278.3605647974,16720026,0.0,1.0
2020-10-23 00:00:00+00:00,284.79,285.24,276.82,278.8024,17535155,283.2540295446,283.7016025398,275.3270144968,277.2987227315,17535155,0.0,1.0
2020-10-26 00:00:00+00:00,277.11,285.23,274.26,283.16,21322925,275.615450427,283.6916564732,272.7808214576,281.6328206955,21322925,0.0,1.0
2020-10-27 00:00:00+00:00,283.29,284.51,276.31,278.76,16287249,281.7621195607,282.975539681,274.8197651023,277.2565514093,16287249,0.0,1.0
2020-10-28 00:00:00+00:00,267.67,278.79,267.26,278.79,23121808,266.226363595,277.286389609,265.818574866,277.286389609,23121808,0.0,1.0
2020-10-29 00:00:00+00:00,280.83,283.6,273.78,276.55,32368118,279.3153871871,282.0704476241,272.3034102628,275.0584706997,32368118,0.0,1.0
2020-10-30 00:00:00+00:00,263.11,276.7,259.1,274.5,47299002,261.6909572439,275.2076616981,257.7025845536,273.019527055,47299002,0.0,1.0
2020-11-02 00:00:00+00:00,261.36,270.47,257.34,264.6,27165679,259.950395596,269.0112622316,255.9520768391,263.1729211612,27165679,0.0,1.0
2020-11-03 00:00:00+00:00,265.3,270.05,260.88,263.16,17961859,263.8691458204,268.5935274361,259.4729844011,261.7406875767,17961859,0.0,1.0
2020-11-04 00:00:00+00:00,287.38,288.94,278.62,281.0,35364424,285.8300607835,287.3816471668,277.1173064775,279.4844703186,35364424,0.0,1.0
2020-11-05 00:00:00+00:00,294.68,297.38,288.95,291.8965,23823633,293.0906893719,295.7761273429,287.3915932333,290.3222017451,23823633,0.0,1.0
2020-11-06 00:00:00+00:00,293.41,294.6,288.06,293.95,13890974,291.8275389188,293.0111208394,286.5063933095,292.364626513,13890974,0.0,1.0
2020-11-09 00:00:00+00:00,278.77,292.58,278.53,289.87,25117650,277.2664974759,291.0020153944,277.0277918785,288.3066313568,25117650,0.0,1.0
2020-11-10 00:00:00+00:00,272.43,274.0,264.0,273.1,29067691,270.9606912772,272.5222237271,262.5761571677,271.6270777367,29067691,0.0,1.0
2020-11-11 00:00:00+00:00,276.48,278.4,272.48,273.47,14956950,274.9888482338,276.8984930132,271.01042161,271.9950821994,14956950,0.0,1.0
2020-11-12 00:00:00+00:00,275.08,279.75,274.43,277.18,12914206,273.5963989155,278.2412119987,272.9499045891,275.6850728929,12914206,0.0,1.0
2020-11-13 00:00:00+00:00,276.95,277.76,273.1,277.72,10400101,275.4563133621,276.2619447534,271.6270777367,276.2221604871,10400101,0.0,1.0
2020-11-16 00:00:00+00:00,278.96,279.41,274.63,275.05,12970352,277.4554727405,277.9030457357,273.1488259203,273.5665607158,12970352,0.0,1.0
2020-11-17 00:00:00+00:00,275.0,277.68,273.29,277.68,15040297,273.516830383,276.1823762209,271.8160530013,276.1823762209,15040297,0.0,1.0
2020-11-18 00:00:00+00:00,271.97,277.3889,271.84,274.52,12152945,270.5031722155,275.8928462234,270.3738733502,273.0394191881,12152945,0.0,1.0
2020-11-19 00:00:00+00:00,272.94,273.47,269.19,271.025,12963658,271.4679406718,271.9950821994,267.738165712,269.5632689256,12963658,0.0,1.0
2020-11-20 00:00:00+00:00,269.7,273.0,269.41,272.56,18122412,268.2454151065,271.5276170711,267.9569791763,271.0899901425,18122412,0.0,1.0
2020-11-23 00:00:00+00:00,268.43,270.9471,264.53,270.89,20990786,266.9822646535,269.4857890671,263.1032986953,269.4289970271,20990786,0.0,1.0
2020-11-24 00:00:00+00:00,276.92,277.8199,267.87,268.49,16852501,275.4264751624,276.3215216921,266.4252849262,267.0419410528,16852501,0.0,1.0
2020-11-25 00:00:00+00:00,275.59,280.18,272.65,278.14,12467009,274.10364831,278.6688928608,271.1795047415,276.6398952826,12467009,0.0,1.0
2020-11-27 00:00:00+00:00,277.81,279.13,274.82,277.39,7808426,276.3116750862,277.624555872,273.3378011849,275.8939402907,7808426,0.0,1.0
2020-11-30 00:00:00+00:00,276.97,277.7,271.01,276.03,16693336,275.4762054952,276.202268354,269.5483498258,274.5412752386,16693336,0.0,1.0
2020-12-01 00:00:00+00:00,286.55,289.3,278.96,279.16,20602115,285.0045372591,287.7397055629,277.4554727405,277.6543940717,20602115,0.0,1.0
2020-12-02 00:00:00+00:00,287.52,291.78,280.825,285.36,17361624,285.9693057153,290.2063300696,279.3104141538,283.8209553385,17361624,0.0,1.0
2020-12-03 00:00:00+00:00,281.85,286.65,281.07,286.25,12921694,280.3298859762,285.1039979247,279.5540927845,284.7061552623,12921694,0.0,1.0
2020-12-04 00:00:00+00:00,279.7,283.46,279.3,280.3,10880299,278.1914816659,281.9312026922,277.7936390035,278.7882456595,10880299,0.0,1.0
2020-12-07 00:00:00+00:00,285.58,288.49,278.2,279.19,13007665,284.0397688028,286.9340741716,276.699571682,277.6842322714,13007665,0.0,1.0
2020-12-08 00:00:00+00:00,283.4,286.4272,281.55,286.01,10747650,281.8715262929,284.8823995617,280.0315039794,284.4674496649,10747650,0.0,1.0
2020-12-09 00:00:00+00:00,277.92,287.63,271.75,283.66,25189707,276.4210818183,286.0787124475,270.2843587512,282.1301240234,25189707,0.0,1.0
2020-12-10 00:00:00+00:00,277.12,278.73,271.86,275.535,20065091,275.6253964936,277.2267132096,270.3937654834,274.0489449439,20065091,0.0,1.0
2020-12-11 00:00:00+00:00,273.55,276.48,270.25,274.53,14391401,272.0746507319,274.9888482338,268.7924487673,273.0493652547,14391401,0.0,1.0
2020-12-14 00:00:00+00:00,274.19,277.22,271.56,273.3722,16376880,272.7111989917,275.7248571592,270.0953834866,271.8978096685,16376880,0.0,1.0
2020-12-15 00:00:00+00:00,275.55,276.08,267.47,274.83,23979461,274.0638640438,274.5910055714,266.0274422638,273.3477472515,23979461,0.0,1.0
2020-12-16 00:00:00+00:00,275.67,277.86,272.51,274.76,15884999,274.1832168425,276.361405419,271.0402598097,273.2781247856,15884999,0.0,1.0
2020-12-17 00:00:00+00:00,274.48,280.44,273.61,277.07,16377844,272.9996349219,278.9274905913,272.1343271312,275.5756661608,16377844,0.0,1.0
2020-12-18 00:00:00+00:00,276.4,278.0,271.14,275.775,26693249,274.9092797013,276.5006503508,269.6776486911,274.2876505413,26693249,0.0,1.0
2020-12-21 00:00:00+00:00,272.79,274.67,267.79,272.978,16553740,271.3187496734,273.1886101865,266.3457163937,271.5057357247,16553740,0.0,1.0
2020-12-22 00:00:00+00:00,267.09,271.5,264.63,271.5,17334999,265.6494917345,270.0357070872,263.2027593609,270.0357070872,17334999,0.0,1.0
2020-12-23 00:00:00+00:00,268.11,272.1699,266.23,266.89,14329038,266.6639905236,270.701994086,264.7941300104,265.4505704033,14329038,0.0,1.0
2020-12-24 00:00:00+00:00,267.4,270.4,266.2,268.875,6702033,265.9578197979,268.9416397657,264.7642918107,267.4248646154,6702033,0.0,1.0
2020-12-28 00:00:00+00:00,277.0,277.3,265.66,268.74,23123385,275.5060436949,275.8044256917,264.2272042165,267.2905927168,23123385,0.0,1.0
2020-12-29 00:00:00+00:00,276.78,280.51,276.28,276.95,16382995,275.2872302306,278.9971130572,274.7899269026,275.4563133621,16382995,0.0,1.0
2020-12-30 00:00:00+00:00,271.87,278.08,271.71,277.95,11803795,270.4037115499,276.5802188833,270.244574485,276.450920018,11803795,0.0,1.0
2020-12-31 00:00:00+00:00,273.16,277.09,269.81,272.0,12900408,271.6867541361,275.5955582939,268.3548218387,270.5330104152,12900408,0.0,1.0
2021-01-04 00:00:00+00:00,268.94,275.0,265.2,274.78,15106113,267.489514048,273.516830383,263.7696851548,273.2980169187,15106113,0.0,1.0
2021-01-05 00:00:00+00:00,270.97,272.4,268.2111,268.29,9871557,269.5085655596,270.9308530776,266.7645452565,266.8430197217,9871557,0.0,1.0
2021-01-06 00:00:00+00:00,263.31,267.75,260.01,262.0,24354149,261.8898785751,266.3059321274,258.6076766105,260.5869438558,24354149,0.0,1.0
2021-01-07 00:00:00+00:00,268.74,271.61,264.78,265.9,15789756,267.2905927168,270.1451138194,263.3519503593,264.465909814,15789756,0.0,1.0
2021-01-08 00:00:00+00:00,267.57,268.95,263.18,268.31,18528251,266.1269029294,267.4994601146,261.7605797098,266.8629118548,18528251,0.0,1.0
2021-01-11 00:00:00+00:00,256.84,263.47,255.9,260.48,30412286,255.4547735112,262.04901564,254.5198432546,259.0751417388,30412286,0.0,1.0
2021-01-12 00:00:00+00:00,251.09,259.72,250.3,256.63,25772128,249.7357852395,258.3192406803,248.9500459813,255.2459061134,25772128,0.0,1.0
2021-01-13 00:00:00+00:00,251.64,253.95,249.2,251.55,19528938,250.2828189003,252.5803602755,247.8559786598,250.1933043012,19528938,0.0,1.0
2021-01-14 00:00:00+00:00,245.64,255.03,244.61,253.4,29739404,244.3151789647,253.6545354639,243.290734109,252.0333266147,29739404,0.0,1.0
2021-01-15 00:00:00+00:00,251.36,253.86,247.16,247.9,24942930,250.0043290366,252.4908456765,245.8269810817,246.5629900071,24942930,0.0,1.0
2021-01-19 00:00:00+00:00,261.1,262.2,252.7201,256.9,28028546,259.6917978655,260.785865187,251.3570935494,255.5144499105,28028546,0.0,1.0
2021-01-20 00:00:00+00:00,267.48,270.32,263.6,268.93,25199919,266.0373883303,268.8620712332,262.1783145053,267.4795679815,25199919,0.0,1.0
2021-01-21 00:00:00+00:00,272.87,273.6,267.4901,269.26,20838687,271.3983182058,272.1243810647,266.0474338576,267.8077881779,20838687,0.0,1.0
2021-01-22 00:00:00+00:00,274.5,278.47,272.0,272.01,21954042,273.019527055,276.9681154791,270.5330104152,270.5429564817,21954042,0.0,1.0
2021-01-25 00:00:00+00:00,278.01,280.1,271.51,278.14,19086990,276.5105964174,278.5893243283,270.0456531538,276.6398952826,19086990,0.0,1.0
2021-01-26 00:00:00+00:00,282.05,285.39,277.81,278.1398,19373636,280.5288073074,283.8507935382,276.3116750862,276.6396963613,19373636,0.0,1.0
2021-01-27 00:00:00+00:00,272.14,283.45,268.1201,282.53,35346194,270.672255347,281.9212566257,266.6740360508,281.0062185022,35346194,0.0,1.0
2021-01-28 00:00:00+00:00,265.0,286.79,264.7,277.18,37758844,263.5707638236,285.2432428565,263.2723818268,275.6850728929,37758844,0.0,1.0
2021-01-29 00:00:00+00:00,258.33,266.56,254.85,265.3,30389499,256.9367374285,265.1223502069,253.4755062658,263.8691458204,30389499,0.0,1.0
2021-02-01 00:00:00+00:00,262.01,264.17,254.91,259.52,22914255,260.5968899224,262.7452402992,253.5351826652,258.1203193491,22914255,0.0,1.0
2021-02-02 00:00:00+00:00,267.08,268.85,263.27,264.0,16964380,265.639545668,267.399999449,261.8500943088,262.5761571677,16964380,0.0,1.0
2021-02-03 00:00:00+00:00,266.65,269.2,263.84,265.62,14223377,265.2118648059,267.7481117786,262.4170201027,264.1874199503,14223377,0.0,1.0
2021-02-04 00:00:00+00:00,266.49,268.16,264.0,267.01,16059958,265.052727741,266.7137208564,262.5761571677,265.5699232021,16059958,0.0,1.0
2021-02-05 00:00:00+00:00,268.1,269.17,265.67,266.8,12454367,266.654044457,267.7182735789,264.2371502831,265.3610558043,12454367,0.0,1.0
2021-02-08 00:00:00+00:00,266.58,269.86,265.0,268.75,13755191,265.14224234,268.4045521715,263.5707638236,267.3005387834,13755191,0.0,1.0
2021-02-09 00:00:00+00:00,269.45,273.39,265.75,266.44,14420322,267.9967634425,271.9155136669,264.3167188156,265.0029974082,14420322,0.0,1.0
2021-02-10 00:00:00+00:00,271.87,273.7999,267.72,272.4465,14188230,270.4037115499,272.3232029352,266.2760939278,270.9771022871,14188230,0.0,1.0
2021-02-11 00:00:00+00:00,270.39,273.58,268.49,271.89,12828572,268.9316936991,272.1044889316,267.0419410528,270.423603683,12828572,0.0,1.0
2021-02-12 00:00:00+00:00,270.5,271.18,268.34,270.52,9097597,269.0411004313,269.7174329573,266.8927500544,269.0609925644,9097597,0.0,1.0
2021-02-16 00:00:00+00:00,273.97,276.6,270.05,270.8,15417243,272.4923855274,275.1082010325,268.5935274361,269.3394824281,15417243,0.0,1.0
2021-02-17 00:00:00+00:00,273.57,273.97,269.58,271.24,12619051,272.094542865,272.4923855274,268.1260623078,269.7771093567,12619051,0.0,1.0
2021-02-18 00:00:00+00:00,269.39,271.95,266.03,269.565,15249134,267.9370870432,270.4832800824,264.5952086792,268.111143208,15249134,0.0,1.0
2021-02-19 00:00:00+00:00,261.56,270.27,260.15,269.86,25622587,260.1493169272,268.8123409004,258.7469215423,268.4045521715,25622587,0.0,1.0
2021-02-22 00:00:00+00:00,260.33,263.07,257.53,257.95,17298474,258.9259507404,261.6511729777,256.1410521038,256.5587868993,17298474,0.0,1.0
2021-02-23 00:00:00+00:00,265.855,267.46,254.96,259.5,21924557,264.4211525144,266.0174961972,253.584912998,258.100427216,21924557,0.0,1.0
2021-02-24 00:00:00+00:00,264.31,266.38,258.39,262.325,15736123,262.884485231,264.9433210088,256.9964138279,260.910191019,15736123,0.0,1.0
2021-02-25 00:00:00+00:00,254.69,266.94,254.04,262.3,18430701,253.3163692009,265.5003007361,252.6698748745,260.8853258526,18430701,0.0,1.0
2021-02-26 00:00:00+00:00,257.62,265.55,256.47,256.47,26313472,256.2305667028,264.1177974844,255.0867690485,255.0867690485,26313472,0.0,1.0
2021-03-01 00:00:00+00:00,264.91,266.65,257.9039,260.82,22157255,263.4812492246,265.2118648059,256.5129355324,259.4133080018,22157255,0.0,1.0
2021-03-02 00:00:00+00:00,259.0,266.71,258.65,265.78,15191722,257.603123888,265.2715412053,257.2550115584,264.3465570152,15191722,0.0,1.0
2021-03-03 00:00:00+00:00,255.41,260.9899,255.1,260.29,15513515,254.0324859932,259.5822916726,253.7241579298,258.8861664741,15513515,0.0,1.0
2021-03-04 00:00:00+00:00,257.64,266.49,253.5,256.47,31626463,256.2504588359,265.052727741,252.1327872803,255.0867690485,31626463,0.0,1.0
2021-03-05 00:00:00+00:00,264.28,265.45,255.61,260.67,26820055,262.8546470313,264.0183368188,254.2314073244,259.2641170034,26820055,0.0,1.0
2021-03-08 00:00:00+00:00,255.31,265.58,255.05,265.55,18391768,253.9330253276,264.1476356841,253.674427597,264.1177974844,18391768,0.0,1.0
2021-03-09 00:00:00+00:00,265.74,268.53,259.81,261.175,22039740,264.306772749,267.0817253191,258.4087552793,259.7663933647,22039740,0.0,1.0
2021-03-10 00:00:00+00:00,264.9,268.97,262.87,268.64,14210318,263.471303158,267.5193522477,261.4522516465,267.1911320512,14210318,0.0,1.0
2021-03-11 00:00:00+00:00,273.88,277.9,267.82,268.11,21833979,272.4028709283,276.4011896852,266.3755545934,266.6639905236,21833979,0.0,1.0
2021-03-12 00:00:00+00:00,268.4,269.74,264.02,269.14,20600198,266.9524264538,268.2851993728,262.5960493008,267.6884353792,20600198,0.0,1.0
2021-03-15 00:00:00+00:00,273.75,275.96,268.5,269.08,16856746,272.2735720631,274.4716527727,267.0518871194,267.6287589798,16856746,0.0,1.0
2021-03-16 00:00:00+00:00,279.28,282.14,274.8,276.085,22437665,277.7737468704,280.6183219064,273.3179090518,274.5959786047,22437665,0.0,1.0
2021-03-17 00:00:00+00:00,284.01,286.23,275.41,275.705,21315044,282.478236353,284.6862631292,273.9246191119,274.2180280754,21315044,0.0,1.0
2021-03-18 00:00:00+00:00,278.62,285.1899,278.28,279.87,18754853,277.1173064775,283.6517727463,276.7791402145,278.3605647974,18754853,0.0,1.0
2021-03-19 00:00:00+00:00,290.11,292.8,281.195,281.22,38930536,288.5453369542,291.2208288587,279.6784186165,279.7032837829,38930536,0.0,1.0
2021-03-22 00:00:00+00:00,293.54,299.705,286.7501,290.45,28273073,291.9568377841,298.0885878179,285.2035580509,288.8835032172,28273073,0.0,1.0
2021-03-23 00:00:00+00:00,290.63,298.0,289.81,293.15,23000929,289.0625324153,296.3927834696,288.2469549574,291.5689411883,23000929,0.0,1.0
2021-03-24 00:00:00+00:00,282.14,291.72,281.16,291.0,18675046,280.6183219064,290.1466536703,279.6436073836,289.430536878,18675046,0.0,1.0
2021-03-25 00:00:00+00:00,278.74,288.06,277.75,280.98,24505648,277.2366592762,286.5063933095,276.2519986868,279.4645781855,24505648,0.0,1.0
2021-03-26 00:00:00+00:00,283.02,284.5,277.77,278.3018,17629185,281.4935757636,282.9655936144,276.2718908199,276.8008226396,17629185,0.0,1.0
2021-03-29 00:00:00+00:00,290.82,293.18,284.7,285.77,21718831,289.2515076799,291.598779388,283.1645149456,284.2287440675,21718831,0.0,1.0
2021-03-30 00:00:00+00:00,288.0,292.47,286.7,289.83,17474537,286.4467169102,290.8926086622,285.1537282575,288.2668470906,17474537,0.0,1.0
2021-03-31 00:00:00+00:00,294.53,296.5,288.61,289.99,19498157,292.9414983735,294.9008734857,287.0534269703,288.4259841555,19498157,0.0,1.0
2021-04-01 00:00:00+00:00,298.66,302.4,296.6,298.4,17615980,297.0492238625,300.7690527557,295.0003341513,296.7906261319,17615980,0.0,1.0
2021-04-05 00:00:00+00:00,308.91,310.765,300.68,300.89,28237006,307.2439420859,309.0889374326,299.0583293075,299.2671967052,28237006,0.0,1.0
2021-04-06 00:00:00+00:00,306.26,311.35,305.25,308.8365,17335246,304.6082344476,309.6707823263,303.6036817251,307.1708384966,17335246,0.0,1.0
2021-04-07 00:00:00+00:00,313.09,314.25,305.5,306.34,22855241,311.4013979077,312.5551416286,303.8523333891,304.6878029801,22855241,0.0,1.0
2021-04-08 00:00:00+00:00,313.02,315.88,310.05,314.85,20894148,311.3317754418,314.1763504777,308.3777936736,313.1519056221,20894148,0.0,1.0
2021-04-09 00:00:00+00:00,312.46,314.74,310.33,311.4,15988568,310.7747957144,313.04249889,308.6562835373,309.7205126591,15988568,0.0,1.0
2021-04-12 00:00:00+00:00,311.54,312.15,307.93,311.05,10881935,309.859757591,310.4664676511,306.269227563,309.3724003296,10881935,0.0,1.0
2021-04-13 00:00:00+00:00,309.76,314.428,309.32,312.21,14036927,308.0893577434,312.7321816133,307.6517308148,310.5261440505,14036927,0.0,1.0
2021-04-14 00:00:00+00:00,302.82,308.03,301.95,307.3,17421393,301.1867875512,306.3686882286,300.3214797605,305.6426253698,17421393,0.0,1.0
2021-04-15 00:00:00+00:00,307.82,310.14,304.1,306.34,14558273,306.1598208309,308.4673082727,302.4598840708,304.6878029801,14558273,0.0,1.0
2021-04-16 00:00:00+00:00,306.18,308.95,304.61,308.17,13059163,304.5286659151,307.2837263521,302.9671334653,306.5079331605,13059163,0.0,1.0
2021-04-19 00:00:00+00:00,302.24,307.7,300.56,305.007,14553507,300.6099156908,306.0404680322,298.9389765088,303.3619923077,14553507,0.0,1.0
2021-04-20 00:00:00+00:00,302.65,305.1,297.21,301.99,16796442,301.0177044197,303.4544907267,295.6070442114,300.3612640268,16796442,0.0,1.0
2021-04-21 00:00:00+00:00,301.47,301.98,297.39,301.945,14863474,299.8440685657,300.3513179602,295.7860734095,300.3165067273,14863474,0.0,1.0
2021-04-22 00:00:00+00:00,296.52,302.92,296.04,301.33,16375350,294.9207656188,301.2862482168,294.4433544239,299.7048236338,16375350,0.0,1.0
2021-04-23 00:00:00+00:00,301.13,302.59,297.15,298.76,17559498,299.5059023027,300.9580280203,295.547367812,297.1486845281,17559498,0.0,1.0
2021-04-26 00:00:00+00:00,303.04,305.8,301.56,303.3396,16172593,301.4056010155,304.1507153859,299.9335831647,301.7035851696,16172593,0.0,1.0
2021-04-27 00:00:00+00:00,303.57,305.34,301.11,304.28,15309256,301.9327425432,303.6931963242,299.4860101695,302.6389132689,15309256,0.0,1.0
2021-04-28 00:00:00+00:00,307.1,310.92,305.37,307.36,33907210,305.4437040386,309.2431014643,303.7230345238,305.7023017692,33907210,0.0,1.0
2021-04-29 00:00:00+00:00,329.51,331.81,321.61,330.12,56526771,327.7328391982,330.0204345068,319.8754466163,328.3395492583,56526771,0.0,1.0
2021-04-30 00:00:00+00:00,325.08,329.82,324.5,326.1435,26332423,323.3267317124,328.0411672615,322.7498598519,324.384495891,26332423,0.0,1.0
2021-05-03 00:00:00+00:00,322.58,328.55,321.84,326.17,18719462,320.8402150725,326.7780168085,320.1042061471,324.4108529674,18719462,0.0,1.0
2021-05-04 00:00:00+00:00,318.36,322.19,313.12,320.025,24032557,316.6429749845,320.4523184767,311.4312361074,318.2989950666,24032557,0.0,1.0
2021-05-05 00:00:00+00:00,315.02,321.06,314.49,318.19,15577605,313.3209887536,319.3284129555,312.793847226,316.473891853,15577605,0.0,1.0
2021-05-06 00:00:00+00:00,320.02,320.24,313.275,314.52,19012241,318.2940220333,318.5128354976,311.585400139,312.8236854257,19012241,0.0,1.0
2021-05-07 00:00:00+00:00,319.08,322.935,318.75,322.38,15916743,317.3590917768,321.1933004354,317.0308715803,320.6412937413,15916743,0.0,1.0
2021-05-10 00:00:00+00:00,305.97,314.5786,304.83,314.35,24239170,304.3197985174,312.8819693757,303.1859469296,312.6546022942,24239170,0.0,1.0
2021-05-11 00:00:00+00:00,306.53,306.84,299.69,300.75,18920086,304.8767782447,305.1851063081,298.0736687181,299.1279517734,18920086,0.0,1.0
2021-05-12 00:00:00+00:00,302.55,304.96,298.19,301.13,24641010,300.9182437541,303.3152457949,296.5817587342,299.5059023027,24641010,0.0,1.0
2021-05-13 00:00:00+00:00,305.26,308.86,302.7701,306.0833,18079160,303.6136277917,307.1942117531,301.1371566791,304.4324874515,18079160,0.0,1.0
2021-05-14 00:00:00+00:00,315.94,316.85,309.08,309.54,19245724,314.2360268771,315.141118934,307.4130252174,307.8705442791,19245724,0.0,1.0
2021-05-17 00:00:00+00:00,315.46,315.68,311.58,313.55,15401343,313.7586156823,313.9774291466,309.8995418572,311.8589169694,15401343,0.0,1.0
2021-05-18 00:00:00+00:00,309.96,316.5,309.81,315.59,14522403,308.2882790746,314.7930066044,308.1390880762,313.8879145475,14522403,0.0,1.0
2021-05-19 00:00:00+00:00,313.59,314.66,303.57,304.185,19106244,311.8987012357,312.9629303575,301.9327425432,302.5444256366,19106244,0.0,1.0
2021-05-20 00:00:00+00:00,318.61,319.25,313.16,313.58,17320241,316.8916266485,317.5281749083,311.4710203736,311.8887551691,17320241,0.0,1.0
2021-05-21 00:00:00+00:00,316.23,319.93,315.8101,319.29,13600901,314.5244628073,318.2045074343,314.1068274725,317.5679591745,13600901,0.0,1.0
2021-05-24 00:00:00+00:00,324.63,325.95,318.03,318.21,16445356,322.8791587172,324.192039503,316.314754788,316.4937839861,16445356,0.0,1.0
2021-05-25 00:00:00+00:00,327.79,329.18,324.8,327.08,16436965,326.02211575,327.4046190017,323.0482418487,325.3159450243,16436965,0.0,1.0
2021-05-26 00:00:00+00:00,327.66,329.8299,325.82,328.35,9686917,325.8928168847,328.0510138674,324.0627406378,326.5790954773,9686917,0.0,1.0
2021-05-27 00:00:00+00:00,332.75,333.78,326.76,328.0,20477726,330.9553647634,331.979809619,324.9976708944,326.2309831477,20477726,0.0,1.0
2021-05-28 00:00:00+00:00,328.73,332.8684,328.33,331.0,12037430,326.9570460066,331.0731261915,326.5592033442,329.2148031155,12037430,0.0,1.0
2021-06-01 00:00:00+00:00,329.13,331.42,326.64,330.15,11765906,327.3548886689,329.632537911,324.8783180956,328.369387458,11765906,0.0,1.0
2021-06-02 00:00:00+00:00,329.15,331.87,327.1215,330.38,11654275,327.374780802,330.0801109062,325.3572212005,328.5981469889,11654275,0.0,1.0
2021-06-03 00:00:00+00:00,326.04,327.375,323.48,325.78,12610788,324.2815541021,325.6093539878,321.7353610629,324.0229563715,12610788,0.0,1.0
2021-06-04 00:00:00+00:00,330.35,332.455,325.18,325.9,13289383,328.5683087892,330.6619557999,323.426192378,324.1423091702,13289383,0.0,1.0
2021-06-07 00:00:00+00:00,336.58,337.69,328.93,329.48,20136707,334.7647082557,335.8687216438,327.1559673377,327.7030009985,20136707,0.0,1.0
2021-06-08 00:00:00+00:00,333.68,338.2999,332.24,336.7,14580464,331.8803489534,336.4753322432,330.4481153689,334.8840610544,14580464,0.0,1.0
2021-06-09 00:00:00+00:00,330.25,336.8,330.0,335.74,13727946,328.4688481236,334.98352172,328.2201964596,333.9292386647,13727946,0.0,1.0
2021-06-10 00:00:00+00:00,332.46,333.94,328.545,330.785,13240229,330.6669288332,332.138946684,326.7730437752,329.0009626845,13240229,0.0,1.0
2021-06-11 00:00:00+00:00,331.26,332.83,328.93,332.58,13587916,329.4734008461,331.0349332959,327.1559673377,330.7862816319,13587916,0.0,1.0
2021-06-14 00:00:00+00:00,336.77,336.82,329.81,331.9,12250799,334.9536835203,335.0034138531,328.031221195,330.1099491059,12250799,0.0,1.0
2021-06-15 00:00:00+00:00,336.75,339.92,335.03,336.99,15795226,334.9337913872,338.0866944865,333.223067939,335.1724969846,15795226,0.0,1.0
2021-06-16 00:00:00+00:00,331.08,337.55,328.72,336.695,17031281,329.294371648,335.7294767119,326.94709994,334.8790880211,17031281,0.0,1.0
2021-06-17 00:00:00+00:00,336.51,337.98,330.15,330.49,17794080,334.6950857898,336.157157574,328.369387458,328.707553721,17794080,0.0,1.0
2021-06-18 00:00:00+00:00,329.66,336.15,329.0,334.53,23039457,327.8820301966,334.3370273936,327.2255898037,332.725764611,23039457,0.0,1.0
2021-06-21 00:00:00+00:00,332.29,332.92,327.65,331.09,11337522,330.4978457017,331.1244478949,325.8828708181,329.3043177146,11337522,0.0,1.0
2021-06-22 00:00:00+00:00,339.03,339.92,332.6,332.685,15345299,337.2014945627,338.0866944865,330.806173765,330.8907153308,15345299,0.0,1.0
2021-06-23 00:00:00+00:00,340.59,343.4199,338.2,339.35,14817824,338.753080946,341.5677183216,336.3759710383,337.5197686926,14817824,0.0,1.0
2021-06-24 00:00:00+00:00,343.18,344.9,341.79,341.85,12329096,341.3291121849,343.0398356331,339.9466089331,340.0062853325,12329096,0.0,1.0
2021-06-25 00:00:00+00:00,341.37,344.12,339.68,342.59,14594444,339.5288741376,342.2640424414,337.8479888891,340.7422942579,14594444,0.0,1.0
2021-06-28 00:00:00+00:00,355.64,358.14,341.77,342.46,29156132,353.7219111179,356.2084277577,339.9267168,340.6129953926,29156132,0.0,1.0
2021-06-29 00:00:00+00:00,351.89,356.74,349.05,356.27,21417305,349.9921361581,354.8159784394,347.1674532552,354.3485133111,21417305,0.0,1.0
2021-06-30 00:00:00+00:00,347.71,352.92,347.17,352.165,15107514,345.8346803363,351.0165810137,345.2975927421,350.2656529885,15107514,0.0,1.0
2021-07-01 00:00:00+00:00,354.39,354.6699,346.5,346.82,17137021,352.4786527979,352.7570432009,344.6312062826,344.9494804125,17137021,0.0,1.0
2021-07-02 00:00:00+00:00,354.7,356.44,352.62,355.1,11524614,352.7869808613,354.5175964426,350.7181990169,353.1848235236,11524614,0.0,1.0
2021-07-06 00:00:00+00:00,352.78,358.79,349.18,356.5,13488455,350.8773360819,356.8549220841,347.2967521205,354.577272842,13488455,0.0,1.0
2021-07-07 00:00:00+00:00,350.49,356.49,350.0,355.26,14218866,348.5996868398,354.5673267754,348.1123295784,353.3439605886,14218866,0.0,1.0
2021-07-08 00:00:00+00:00,345.65,348.33,342.56,345.73,14406457,343.785790625,346.4513364629,340.7124560582,343.8653591575,14406457,0.0,1.0
2021-07-09 00:00:00+00:00,350.42,350.71,345.265,345.32,13018694,348.5300643739,348.8185003041,343.4028670625,343.4575704286,13018694,0.0,1.0
2021-07-12 00:00:00+00:00,353.16,354.19,349.64,351.23,10018624,351.2552866111,352.2797314667,347.7542711822,349.3356957652,10018624,0.0,1.0
2021-07-13 00:00:00+00:00,352.09,358.49,348.8,351.5,11455963,350.1910574893,356.5565400873,346.9188015912,349.6042395623,11455963,0.0,1.0
2021-07-14 00:00:00+00:00,347.63,355.2,346.73,354.56,13894221,345.7551118038,353.2842841892,344.8599658134,352.6477359294,13894221,0.0,1.0
2021-07-15 00:00:00+00:00,344.46,349.2348,340.22,349.2348,14781594,342.6022087045,347.3512565652,338.3850764833,347.3512565652,14781594,0.0,1.0
2021-07-16 00:00:00+00:00,341.16,345.9899,340.14,344.91,11026093,339.3200067399,344.1238574274,338.3055079508,343.0497816996,11026093,0.0,1.0
2021-07-19 00:00:00+00:00,336.95,339.79,334.54,337.57,14372345,335.1327127184,337.9573956212,332.7357106776,335.749368845,14372345,0.0,1.0
2021-07-20 00:00:00+00:00,341.66,343.45,334.5,338.8,11024277,339.8173100678,341.597655982,332.6959264113,336.9727350319,11024277,0.0,1.0
2021-07-21 00:00:00+00:00,346.23,346.52,341.25,341.5,9279657,344.3626624855,344.6510984157,339.4095213389,339.6581730029,9279657,0.0,1.0
2021-07-22 00:00:00+00:00,351.19,351.54,345.21,346.68,12385441,349.2959114989,349.6440238285,343.3481636964,344.8102354806,12385441,0.0,1.0
2021-07-23 00:00:00+00:00,369.79,375.33,357.19,360.91,33694328,367.7955952994,373.3057161733,355.2635514346,358.9634881946,33694328,0.0,1.0
2021-07-26 00:00:00+00:00,372.46,374.44,368.22,369.58,14925222,370.4511950707,372.4205162495,366.2340628496,367.5867279016,14925222,0.0,1.0
2021-07-27 00:00:00+00:00,367.81,373.15,364.55,371.91,15705447,365.8262741206,371.1374736633,362.5838564223,369.90416141,15705447,0.0,1.0
2021-07-28 00:00:00+00:00,373.28,377.5499,366.93,374.56,29676910,371.2667725286,375.5136434888,364.9510202634,372.5398690482,29676910,0.0,1.0
2021-07-29 00:00:00+00:00,358.32,365.52,356.74,361.0,32210926,356.3874569558,363.5486248785,354.8159784394,359.0530027937,32210926,0.0,1.0
2021-07-30 00:00:00+00:00,356.3,360.73,352.94,354.0,15976179,354.3783515108,358.7844589966,351.0364731468,352.0907562021,15976179,0.0,1.0
2021-08-02 00:00:00+00:00,351.95,359.4,350.74,358.1,13180439,350.0518125574,357.4616321442,348.8483385038,356.1686434915,13180439,0.0,1.0
2021-08-03 00:00:00+00:00,351.24,353.7699,347.7,352.73,12406054,349.3456418317,351.8618972106,345.8247342697,350.8276057491,12406054,0.0,1.0
2021-08-04 00:00:00+00:00,358.92,360.48,351.51,352.42,14180572,356.9842209493,358.5358073326,349.6141856288,350.5192776857,14180572,0.0,1.0
2021-08-05 00:00:00+00:00,362.97,363.9,356.9,359.64,10247207,361.0123779059,361.9373620959,354.9751155043,357.7003377416,10247207,0.0,1.0
2021-08-06 00:00:00+00:00,363.51,365.15,361.395,361.4,8925017,361.5494655001,363.1806204158,359.4458724228,359.4508454561,8925017,0.0,1.0
2021-08-09 00:00:00+00:00,361.61,365.775,360.75,363.7623,7798872,359.6597128538,363.8022495758,358.8043511297,361.8004047594,7798872,0.0,1.0
2021-08-10 00:00:00+00:00,361.13,364.1,359.0435,361.825,7469878,359.182301659,362.1362834271,357.1070548713,359.8735532848,7469878,0.0,1.0
2021-08-11 00:00:00+00:00,359.96,362.36,357.81,362.1,8400332,358.0186118715,360.4056678458,355.8802075612,360.1470701152,8400332,0.0,1.0
2021-08-12 00:00:00+00:00,362.65,363.0,357.11,358.45,7175206,360.694103776,361.0422161056,355.1839829021,356.516755821,7175206,0.0,1.0
2021-08-13 00:00:00+00:00,363.18,364.6607,361.48,362.97,7184414,361.2212453036,362.6939593791,359.5304139885,361.0123779059,7184414,0.0,1.0
2021-08-16 00:00:00+00:00,366.56,366.95,357.38,362.52,11232269,364.5830158007,364.9709123965,355.4525266992,360.5648049107,11232269,0.0,1.0
2021-08-17 00:00:00+00:00,358.45,364.67,355.07,362.98,12328737,356.516755821,362.703209221,353.154985324,361.0223239724,12328737,0.0,1.0
2021-08-18 00:00:00+00:00,355.45,359.86,355.15,356.25,10042381,353.5329358532,357.9191512059,353.2345538564,354.328621178,10042381,0.0,1.0
2021-08-19 00:00:00+00:00,355.12,357.57,351.0,351.345,12004535,353.2047156568,355.6415019638,349.1069362343,349.4500755306,12004535,0.0,1.0
2021-08-20 00:00:00+00:00,359.37,359.9898,353.31,354.6,8697667,357.4317939445,358.0482511499,351.4044776095,352.6875201957,8697667,0.0,1.0
2021-08-23 00:00:00+00:00,363.35,365.69,359.1,359.44,10942007,361.3903284351,363.71770801,357.1632501474,357.5014164104,10942007,0.0,1.0
2021-08-24 00:00:00+00:00,365.51,367.9559,361.84,363.66,9235148,363.538678812,365.9713872317,359.8884723847,361.6986564985,9235148,0.0,1.0
2021-08-25 00:00:00+00:00,368.39,370.86,365.4,365.6,9684519,366.4031459811,368.8598244212,363.4292720798,363.628193411,9684519,0.0,1.0
2021-08-26 00:00:00+00:00,364.38,369.44,364.13,368.375,7888683,362.4147732908,367.4474829698,362.1661216268,366.3882268812,7888683,0.0,1.0
2021-08-27 00:00:00+00:00,372.63,373.74,364.08,365.1,11219142,370.6202782022,371.7242915903,362.116391294,363.130890083,11219142,0.0,1.0
2021-08-30 00:00:00+00:00,380.66,381.49,370.52,372.56,13547261,378.6069696494,379.4324931739,368.5216581582,370.5506557363,13547261,0.0,1.0
2021-08-31 00:00:00+00:00,379.38,382.759,378.8,379.95,12345350,377.3338731298,380.6946490202,376.7570012694,377.9007989237,12345350,0.0,1.0
2021-09-01 00:00:00+00:00,382.05,384.33,378.81,379.59,11567163,379.9894729012,382.2571760767,376.7669473359,377.5427405276,11567163,0.0,1.0
2021-09-02 00:00:00+00:00,375.28,381.75,374.06,381.5,14838274,373.2559858405,379.6910909044,372.0425657202,379.4424392404,14838274,0.0,1.0
2021-09-03 00:00:00+00:00,376.26,377.16,373.11,374.75,7511356,374.2307003633,375.1258463536,371.0976893971,372.7288443128,7511356,0.0,1.0
2021-09-07 00:00:00+00:00,382.18,382.96,373.15,375.88,10798920,380.1187717664,380.8945649581,371.1374736633,373.852749834,10798920,0.0,1.0
2021-09-08 00:00:00+00:00,377.57,380.87,374.79,380.16,11067166,375.5336350826,378.8158370472,372.7686285791,378.1096663215,11067166,0.0,1.0
2021-09-09 00:00:00+00:00,378.0,379.83,376.565,377.64,9098941,375.9613159446,377.781446125,374.5340553934,375.6032575485,9098941,0.0,1.0
2021-09-10 00:00:00+00:00,378.69,383.79,378.26,381.361,11549595,376.6475945372,381.7200884825,376.2199136752,379.3041889152,11549595,0.0,1.0
2021-09-13 00:00:00+00:00,376.51,381.75,374.3451,381.68,13026275,374.4793520273,379.6910909044,372.3261280778,379.6214684385,13026275,0.0,1.0
2021-09-14 00:00:00+00:00,376.53,378.59,375.11,377.4,8711569,374.4992441604,376.5481338716,373.086902709,375.3645519511,8711569,0.0,1.0
2021-09-15 00:00:00+00:00,373.92,377.555,367.67,377.0,17940297,371.9033207884,375.5187159827,365.6870291888,374.9667092887,17940297,0.0,1.0
2021-09-16 00:00:00+00:00,373.06,373.56,369.71,372.79,11934217,371.0479590643,371.5452623923,367.7160267669,370.7794152672,11934217,0.0,1.0
2021-09-17 00:00:00+00:00,364.72,371.41,361.59,371.405,26298966,362.7529395538,369.406858082,359.6398207207,369.4018850487,26298966,0.0,1.0
2021-09-20 00:00:00+00:00,355.7,361.03,349.8,359.3,19822772,353.7815875172,359.0828409934,347.9134082472,357.3621714786,19822772,0.0,1.0
2021-09-21 00:00:00+00:00,357.48,360.04,355.19,358.5,11751917,355.5519873648,358.098180404,353.2743381227,356.5664861538,11751917,0.0,1.0
2021-09-22 00:00:00+00:00,343.21,349.84,340.6901,347.23,43692859,341.3589503845,347.9531925134,338.8526410722,345.3572691414,43692859,0.0,1.0
2021-09-23 00:00:00+00:00,345.96,349.67,343.0,345.355,21806264,344.0941186884,347.7841093819,341.1500829868,343.4923816615,21806264,0.0,1.0
2021-09-24 00:00:00+00:00,352.96,354.35,342.37,343.2387,18801933,351.0563652799,352.4388685317,340.5234807936,341.3874955956,18801933,0.0,1.0
2021-09-27 00:00:00+00:00,353.58,355.15,347.08,349.805,15205843,351.6730214066,353.2345538564,345.208078143,347.9183812805,15205843,0.0,1.0
2021-09-28 00:00:00+00:00,340.65,349.6,338.92,347.97,21710286,338.8127573453,347.714486916,337.0920878306,346.0932780668,21710286,0.0,1.0
2021-09-29 00:00:00+00:00,339.61,345.23,338.88,343.15,14452241,337.7783664232,343.3680558295,337.0523035643,341.2992739852,14452241,0.0,1.0
2021-09-30 00:00:00+00:00,339.39,342.8,338.15,340.445,16547094,337.5595529589,340.9511616556,336.3262407055,338.6088629809,16547094,0.0,1.0
2021-10-01 00:00:00+00:00,343.01,345.02,338.64,341.61,14905311,341.1600290534,343.1591884318,336.8135979669,339.767579735,14905311,0.0,1.0
2021-10-04 00:00:00+00:00,326.23,335.94,322.7,335.53,42884975,324.4705293667,334.1281599959,320.9595678712,333.7203712669,42884975,0.0,1.0
2021-10-05 00:00:00+00:00,332.96,335.18,326.1638,328.58,35377947,331.1642321612,333.3722589374,324.4046864061,326.8078550082,35377947,0.0,1.0
2021-10-06 00:00:00+00:00,333.64,334.38,325.8,329.74,26443010,331.8405646872,332.5765736126,324.0428485047,327.9615987291,26443010,0.0,1.0
2021-10-07 00:00:00+00:00,329.22,338.84,328.98,337.0,28307456,327.444403268,337.0125192981,327.2056976705,335.1824430512,28307456,0.0,1.0
2021-10-08 00:00:00+00:00,330.05,333.4,328.71,331.51,15946110,328.2699267924,331.6018590898,326.9371538734,329.7220525101,15946110,0.0,1.0
2021-10-11 00:00:00+00:00,325.45,330.46,325.31,327.625,14708224,323.6947361751,328.6777155213,323.5554912432,325.8580056517,14708224,0.0,1.0
2021-10-12 00:00:00+00:00,323.77,324.38,317.37,323.03,31658684,322.0237969931,322.6305070532,315.6583143951,321.2877880677,31658684,0.0,1.0
2021-10-13 00:00:00+00:00,324.54,327.0,322.66,326.97,14761470,322.7896441182,325.2363764918,320.919783605,325.2065382921,14761470,0.0,1.0
2021-10-14 00:00:00+00:00,328.53,330.52,327.1,328.355,14302154,326.7581246754,328.7373919207,325.3358371574,326.5840685106,14302154,0.0,1.0
2021-10-15 00:00:00+00:00,324.76,329.07,322.51,328.68,21596370,323.0084575825,327.2952122696,320.7705926066,326.9073156738,21596370,0.0,1.0
2021-10-18 00:00:00+00:00,335.34,335.89,327.5,328.95,21585018,333.5313960023,334.0784296631,325.7336798198,327.1758594709,21585018,0.0,1.0
2021-10-19 00:00:00+00:00,339.99,342.46,337.28,339.645,18786316,338.1563169524,340.6129953926,335.4609329148,337.8131776561,18786316,0.0,1.0
2021-10-20 00:00:00+00:00,340.78,343.98,339.4531,343.445,13639465,338.9420562106,342.1247975096,337.6223126388,341.5926829487,13639465,0.0,1.0
2021-10-21 00:00:00+00:00,341.88,342.31,337.8,340.275,16354423,340.0361235321,340.4638043942,335.9781283759,338.4397798494,16354423,0.0,1.0
2021-10-22 00:00:00+00:00,324.61,329.63,321.11,326.345,35224543,322.8592665841,327.8521919969,319.3781432883,324.5849091321,35224543,0.0,1.0
2021-10-25 00:00:00+00:00,328.69,329.56,319.72,320.3,38408957,326.9172617403,327.782569531,317.9956400366,318.572511897,38408957,0.0,1.0
2021-10-26 00:00:00+00:00,315.81,330.2099,309.6,328.26,65654043,314.1067280118,328.4289643967,307.9302206785,326.4895808783,65654043,0.0,1.0
2021-10-27 00:00:00+00:00,312.22,319.25,312.06,314.19,29971761,310.536090117,317.5281749083,310.3769530521,312.4954652292,29971761,0.0,1.0
2021-10-28 00:00:00+00:00,316.92,325.52,308.11,312.99,50806840,315.2107413999,323.764358641,306.4482567611,311.3019372421,50806840,0.0,1.0
2021-10-29 00:00:00+00:00,323.57,325.9999,319.6,320.19,37059384,321.8248756619,324.2416703752,317.8762872378,318.4631051648,37059384,0.0,1.0
2021-11-01 00:00:00+00:00,329.98,333.45,326.0,326.04,31164440,328.2003043265,331.6515894226,324.2417698358,324.2815541021,31164440,0.0,1.0
2021-11-02 00:00:00+00:00,328.08,334.7895,323.8,331.38,28259036,326.3105516802,332.9838650382,322.0536351928,329.5927536448,28259036,0.0,1.0
2021-11-03 00:00:00+00:00,331.62,332.15,323.2,327.49,20786502,329.8314592422,330.3586007699,321.4568711992,325.7237337532,20786502,0.0,1.0
2021-11-04 00:00:00+00:00,335.85,337.273,332.65,334.0065,22495281,334.0386453968,335.4539706682,330.8559040978,332.2050880266,22495281,0.0,1.0
2021-11-05 00:00:00+00:00,341.13,346.79,339.64,340.31,26872817,339.2901685402,344.9196422128,337.8082046228,338.4745910823,26872817,0.0,1.0
2021-11-08 00:00:00+00:00,338.62,344.789,338.34,344.42,18342458,336.7937058338,342.9294342943,336.5152159701,342.5624244382,18342458,0.0,1.0
2021-11-09 00:00:00+00:00,335.37,341.3075,334.47,340.0,17469000,333.561234202,339.4667112216,332.6660882116,338.166263019,17469000,0.0,1.0
2021-11-10 00:00:00+00:00,327.64,333.19,325.51,332.49,21872605,325.8729247516,331.392991692,323.7544125744,330.6967670329,21872605,0.0,1.0
2021-11-11 00:00:00+00:00,327.74,332.459,327.0,329.82,12376563,325.9723854172,330.6659342265,325.2363764918,328.0411672615,12376563,0.0,1.0
2021-11-12 00:00:00+00:00,340.89,341.86,329.78,330.18,25099642,339.0514629428,340.016231399,328.0013829953,328.3992256577,25099642,0.0,1.0
2021-11-15 00:00:00+00:00,347.56,353.65,343.2,344.34,25076603,345.6854893379,351.7426438725,341.349004318,342.4828559057,25076603,0.0,1.0
2021-11-16 00:00:00+00:00,342.96,346.65,340.87,343.83,18181106,341.1102987206,344.780397281,339.0315708096,341.9756065112,18181106,0.0,1.0
2021-11-17 00:00:00+00:00,340.77,347.3,340.1,344.24,13602812,338.9321101441,345.4268916073,338.2657236846,342.3833952402,13602812,0.0,1.0
2021-11-18 00:00:00+00:00,338.69,342.46,335.3,339.72,17487235,336.8633282997,340.6129953926,333.4916117361,337.8877731553,17487235,0.0,1.0
2021-11-19 00:00:00+00:00,345.3,352.1,339.9,342.2,26488541,343.4376782954,350.2010035558,338.0668023534,340.354397662,26488541,0.0,1.0
2021-11-22 00:00:00+00:00,341.01,353.83,340.51,349.05,27116811,339.1708157415,351.9216730706,338.6735124135,347.1674532552,27116811,0.0,1.0
2021-11-23 00:00:00+00:00,337.25,341.3999,333.5,338.93,17224986,335.4310947151,339.5586128766,331.7013197554,337.1020338971,17224986,0.0,1.0
2021-11-24 00:00:00+00:00,341.06,341.78,332.81,336.0,13566181,339.2205460743,339.9366628665,331.0150411628,334.1878363952,13566181,0.0,1.0
2021-11-26 00:00:00+00:00,333.12,337.75,331.902,335.795,14750737,331.3233692261,335.9283980431,330.1119383192,333.9839420308,14750737,0.0,1.0
2021-11-29 00:00:00+00:00,338.03,340.67,335.305,336.89,16650949,336.2068879068,338.8326494785,333.4965847693,335.073036319,16650949,0.0,1.0
2021-11-30 00:00:00+00:00,324.46,335.81,323.43,335.0,25390008,322.7100755857,333.9988611306,321.6856307301,333.1932297393,25390008,0.0,1.0
2021-12-01 00:00:00+00:00,310.6,330.5,310.29,330.29,30384083,308.9248273344,328.7174997876,308.6164992711,328.5086323898,30384083,0.0,1.0
2021-12-02 00:00:00+00:00,310.39,314.6,307.2,311.4,24396169,308.7159599366,312.9032539581,305.5431647042,309.7205126591,24396169,0.0,1.0
2021-12-03 00:00:00+00:00,306.84,313.75,299.5,313.73,27471010,305.1851063081,312.0578383006,297.8846934535,312.0379461675,27471010,0.0,1.0
2021-12-06 00:00:00+00:00,317.87,320.1,306.34,308.13,21758340,316.1556177231,318.3735905658,304.6878029801,306.4681488942,21758340,0.0,1.0
2021-12-07 00:00:00+00:00,322.81,326.54,321.0,321.57,18794047,321.0689746034,324.77885743,319.2687365562,319.83566235,18794047,0.0,1.0
2021-12-08 00:00:00+00:00,330.56,332.75,323.07,325.0,19937722,328.7771761869,330.9553647634,321.3275723339,323.2471631799,19937722,0.0,1.0
2021-12-09 00:00:00+00:00,329.82,336.13,328.0,329.54,16879168,328.0411672615,334.3171352605,326.2309831477,327.7626773979,16879168,0.0,1.0
2021-12-10 00:00:00+00:00,329.75,335.03,326.37,332.555,14527969,327.9715447956,333.223067939,324.6097742985,330.7614164655,14527969,0.0,1.0
2021-12-13 00:00:00+00:00,334.49,341.09,329.59,330.95,22948655,332.6859803448,339.2503842739,327.8124077307,329.1650727827,22948655,0.0,1.0
2021-12-14 00:00:00+00:00,333.74,335.7,327.65,328.05,20461024,331.9400253528,333.8894543984,325.8828708181,326.2807134805,20461024,0.0,1.0
2021-12-15 00:00:00+00:00,341.66,342.11,323.98,332.4935,24681326,339.8173100678,340.264883063,322.2326643908,330.7002481562,24681326,0.0,1.0
2021-12-16 00:00:00+00:00,334.9,344.46,333.74,338.98,22635025,333.0937690737,342.6022087045,331.9400253528,337.1517642299,22635025,0.0,1.0
2021-12-17 00:00:00+00:00,333.79,337.11,330.75,332.795,40012637,331.9897556856,335.2918497833,328.9661514515,331.0001220629,40012637,0.0,1.0
2021-12-20 00:00:00+00:00,325.45,329.9,322.53,329.775,17901783,323.6947361751,328.120735794,320.7904847397,327.996409962,17901783,0.0,1.0
2021-12-21 00:00:00+00:00,334.2,336.0,323.75,326.41,16116784,332.3975444145,334.1878363952,322.00390486,324.6495585648,16116784,0.0,1.0
2021-12-22 00:00:00+00:00,330.45,334.51,328.26,333.8003,16764566,328.6677694548,332.7058724779,326.4895808783,332.0000001342,16764566,0.0,1.0
2021-12-23 00:00:00+00:00,335.24,336.67,328.36,330.1,13987698,333.4319353367,334.8542228547,326.5890415439,328.3196571252,13987698,0.0,1.0
2021-12-27 00:00:00+00:00,346.18,347.87,338.01,338.845,17795026,344.3129321527,345.9938174012,336.1869957737,337.0174923314,17795026,0.0,1.0
2021-12-28 00:00:00+00:00,346.22,352.71,345.2,346.63,16637608,344.3527164189,350.807713616,343.3382176299,344.7605051478,16637608,0.0,1.0
2021-12-29 00:00:00+00:00,342.94,349.6899,341.6401,346.91,10747009,341.0904065874,347.8039020544,339.7975173954,345.0389950115,10747009,0.0,1.0
2021-12-30 00:00:00+00:00,344.36,347.23,343.22,344.0,10593347,342.5027480389,345.3572691414,341.3688964511,342.1446896427,10593347,0.0,1.0
2021-12-31 00:00:00+00:00,336.35,343.44,336.27,343.015,12516527,334.5359487248,341.5877099154,334.4563801923,341.1650020866,12516527,0.0,1.0
2022-01-03 00:00:00+00:00,338.54,341.0816,337.19,338.295,14562849,336.7141373013,339.242029578,335.3714183158,336.4704586706,14562849,0.0,1.0
2022-01-04 00:00:00+00:00,336.53,343.0854,331.8711,339.95,15997974,334.7149779229,341.2350223952,330.0812049735,338.1165326862,15997974,0.0,1.0
2022-01-05 00:00:00+00:00,324.17,335.76,323.84,333.02,20564521,322.4216396555,333.9491307978,322.093419459,331.2239085605,20564521,0.0,1.0
2022-01-06 00:00:00+00:00,332.46,339.165,322.72,322.82,27962809,330.6669288332,337.3357664613,320.9794600044,321.07892067,27962809,0.0,1.0
2022-01-07 00:00:00+00:00,331.79,337.0,328.8801,332.74,14722020,330.0005423737,335.1824430512,327.1063364656,330.9454186969,14722020,0.0,1.0
2022-01-10 00:00:00+00:00,328.07,328.34,315.43,325.31,24942383,326.3006056136,326.5691494107,313.7287774826,323.5554912432,24942383,0.0,1.0
2022-01-11 00:00:00+00:00,334.37,334.63,325.28,326.78,16191633,332.566627546,332.8252252766,323.5256530436,325.0175630275,16191633,0.0,1.0
2022-01-12 00:00:00+00:00,333.26,336.365,330.03,335.18,14104858,331.462614158,334.5508678246,328.2500346593,333.3722589374,14104858,0.0,1.0
2022-01-13 00:00:00+00:00,326.48,335.63,325.76,334.98,14797109,324.7191810307,333.8198319325,324.0030642384,333.1733376062,14797109,0.0,1.0
2022-01-14 00:00:00+00:00,331.9,332.73,321.21,321.79,16868497,330.1099491059,330.9354726303,319.4776039539,320.0544758143,16868497,0.0,1.0
2022-01-18 00:00:00+00:00,318.15,324.21,317.64,323.29,22352652,316.4341075867,322.4614239217,315.9268581922,321.5463857983,22352652,0.0,1.0
2022-01-19 00:00:00+00:00,319.59,327.1,319.33,319.5822,20563976,317.8663411713,325.3358371574,317.6077434407,317.8585832394,20563976,0.0,1.0
2022-01-20 00:00:00+00:00,316.56,327.82,315.98,323.9,16925030,314.8526830038,326.0519539497,314.2758111433,322.1530958584,16925030,0.0,1.0
2022-01-21 00:00:00+00:00,303.17,318.31,303.04,314.81,28710717,301.5348998808,316.5932446517,301.4056010155,313.1121213559,28710717,0.0,1.0
2022-01-24 00:00:00+00:00,308.71,309.53,289.01,297.84,38936901,307.0450207547,307.8605982125,287.4512696327,296.2336464046,38936901,0.0,1.0
2022-01-25 00:00:00+00:00,300.15,306.23,297.58,299.95,25108454,298.5311877798,304.5783962479,295.9750486741,298.3322664487,25108454,0.0,1.0
2022-01-26 00:00:00+00:00,294.63,307.51,290.85,307.01,28348801,293.0409590391,305.8514927675,289.2813458796,305.3541894396,28348801,0.0,1.0
2022-01-27 00:00:00+00:00,294.64,301.709,294.26,297.752,21629922,293.0509051056,300.0817795564,292.6729545764,296.1461210189,21629922,0.0,1.0
2022-01-28 00:00:00+00:00,301.71,301.9,293.0333,295.6204,21871620,300.0827741631,300.2717494277,291.4528705915,294.0260174711,21871620,0.0,1.0
2022-01-31 00:00:00+00:00,313.26,313.79,299.32,300.68,21579474,311.5704810392,312.0976225668,297.7056642554,299.0583293075,21579474,0.0,1.0
2022-02-01 00:00:00+00:00,319.0,319.6598,312.12,314.555,18023796,317.2795232443,317.9357647159,310.4366294514,312.8584966586,18023796,0.0,1.0
2022-02-02 00:00:00+00:00,323.0,328.0,316.8747,327.82,58458280,321.257949868,326.2309831477,315.1656857184,326.0519539497,58458280,0.0,1.0
2022-02-03 00:00:00+00:00,237.76,248.0,235.745,244.645,188119925,236.4776785159,246.6624506727,234.4735461041,243.325545342,188119925,0.0,1.0
2022-02-04 00:00:00+00:00,237.09,242.6099,230.11,234.97,89342247,235.8112920564,241.3014213365,228.8689375979,233.7027259458,89342247,0.0,1.0
2022-02-07 00:00:00+00:00,224.91,238.3,224.01,237.7,88613826,223.6969829871,237.0147661101,222.8018369967,236.4180021165,88613826,0.0,1.0
2022-02-08 00:00:00+00:00,220.18,225.77,216.15,220.85,94729672,218.9924935045,224.5523447112,214.984228681,219.6588799639,94729672,0.0,1.0
2022-02-09 00:00:00+00:00,232.0,233.37,222.21,224.2,86563275,230.7487441777,232.1113552963,221.011545016,222.9908122613,86563275,0.0,1.0
2022-02-10 00:00:00+00:00,228.07,235.0,226.7,228.27,49310356,226.8399400198,233.7325641455,225.4773289012,227.038861351,49310356,0.0,1.0
2022-02-11 00:00:00+00:00,219.55,230.42,218.7701,228.46,46156943,218.3658913112,229.1772656613,217.5901975803,227.2278366156,46156943,0.0,1.0
2022-02-14 00:00:00+00:00,217.7,221.0,214.78,219.31,38184035,216.5258689977,219.8080709623,213.6216175624,218.1271857138,38184035,0.0,1.0
2022-02-15 00:00:00+00:00,221.0,221.15,215.06,220.47,42685473,219.8080709623,219.9572619607,213.9001074261,219.2809294347,42685473,0.0,1.0
2022-02-16 00:00:00+00:00,216.54,217.46,212.36,212.41,45817457,215.3721252769,216.2871634003,211.214669455,211.2643997878,45817457,0.0,1.0
2022-02-17 00:00:00+00:00,207.71,217.5,207.1601,214.02,38747533,206.5897485049,216.3269476666,206.0428143048,212.8657165039,38747533,0.0,1.0
2022-02-18 00:00:00+00:00,206.16,210.75,205.18,209.39,37128438,205.0481081882,209.613352739,204.0733936654,208.2606876869,37128438,0.0,1.0
2022-02-22 00:00:00+00:00,202.08,207.48,200.06,202.34,39703994,200.990113032,206.3609889741,198.981007587,201.2487107625,39703994,0.0,1.0
2022-02-23 00:00:00+00:00,198.45,206.94,198.05,204.16,44481359,197.3796908709,205.8239013798,196.9818482086,203.0588948763,44481359,0.0,1.0
2022-02-24 00:00:00+00:00,207.6,208.35,190.22,191.06,49957167,206.4803417728,207.2262967647,189.1940780926,190.0295476835,49957167,0.0,1.0
2022-02-25 00:00:00+00:00,210.48,211.32,203.18,204.94,37627551,209.3448089419,210.1802785329,202.0841803535,203.834688068,37627551,0.0,1.0
2022-02-28 00:00:00+00:00,211.03,213.1508,206.83,207.675,34239803,209.8918426026,212.0012043985,205.7144946477,206.554937272,34239803,0.0,1.0
2022-03-01 00:00:00+00:00,203.49,211.7517,202.22,209.87,27094902,202.3925084169,210.6096502262,201.1293579638,208.7380988817,27094902,0.0,1.0
2022-03-02 00:00:00+00:00,208.11,209.15,202.02,204.775,29452147,206.9875911673,208.0219820895,200.9304366326,203.6705779697,29452147,0.0,1.0
2022-03-03 00:00:00+00:00,202.97,209.08,201.42,209.015,27263524,201.8753129558,207.9523596236,200.3336726391,207.8877101909,27263524,0.0,1.0
2022-03-04 00:00:00+00:00,200.06,205.89,198.79,202.37,32146264,198.981007587,204.7795643911,197.7178571339,201.2785489622,32146264,0.0,1.0
2022-03-07 00:00:00+00:00,187.47,200.89,187.28,200.79,38560609,186.4589097887,199.8065311114,186.2699345241,199.7070704458,38560609,0.0,1.0
2022-03-08 00:00:00+00:00,190.29,196.7,186.11,187.85,37508149,189.2637005585,195.639129223,185.1062447367,186.836860318,37508149,0.0,1.0
2022-03-09 00:00:00+00:00,198.5,199.1,193.92,195.74,31894695,197.4294212037,198.0261851973,192.8741227195,194.6843068333,31894695,0.0,1.0
2022-03-10 00:00:00+00:00,195.21,196.28,191.068,194.84,24852975,194.1571653057,195.2213944275,190.0375045368,193.789160843,24852975,0.0,1.0
2022-03-11 00:00:00+00:00,187.61,193.56,186.67,192.635,34694534,186.5981547206,192.5160643234,185.663224464,191.5960531666,34694534,0.0,1.0
2022-03-14 00:00:00+00:00,186.63,192.29,185.82,187.03,31010462,185.6234401977,191.2529138704,184.8178088064,186.0212828601,31010462,0.0,1.0
2022-03-15 00:00:00+00:00,192.03,192.28,185.911,190.8,31721682,190.9943161398,191.2429678038,184.9083180121,189.770949953,31721682,0.0,1.0
2022-03-16 00:00:00+00:00,203.63,203.73,194.52,194.7,40640264,202.5317533487,202.6312140143,193.4708867131,193.6499159112,40640264,0.0,1.0
2022-03-17 00:00:00+00:00,207.84,208.04,201.11,201.7,29499681,206.7190473702,206.9179687014,200.0253445757,200.6121625027,29499681,0.0,1.0
2022-03-18 00:00:00+00:00,216.49,216.8,206.0,206.7,51235040,215.3223949441,215.6307230074,204.8889711233,205.5851957824,51235040,0.0,1.0
2022-03-21 00:00:00+00:00,211.49,214.71,207.63,214.5,29072837,210.3493616644,213.5519950965,206.5101799724,213.3431276987,29072837,0.0,1.0
2022-03-22 00:00:00+00:00,216.65,219.46,210.18,211.37,31794933,215.481532009,218.2763767122,209.0464269451,210.2300088657,31794933,0.0,1.0
2022-03-23 00:00:00+00:00,213.46,216.7988,212.16,213.33,23717321,212.3087367766,215.6295294794,211.0157481238,212.1794379113,23717321,0.0,1.0
2022-03-24 00:00:00+00:00,219.57,220.67,214.79,215.0,31502314,218.3857834443,219.4798507659,213.631563629,213.8404310267,31502314,0.0,1.0
2022-03-25 00:00:00+00:00,221.82,225.5,218.8901,220.51,39854786,220.6236484202,224.2838009141,217.709550379,219.3207137009,39854786,0.0,1.0
2022-03-28 00:00:00+00:00,223.59,224.04,219.54,222.13,26224141,222.3841022012,222.8316751964,218.3559452447,220.9319764835,26224141,0.0,1.0
2022-03-29 00:00:00+00:00,229.86,230.89,225.29,226.07,31417857,228.6202859339,229.6447307896,224.0749335163,224.8507267079,31417857,0.0,1.0
2022-03-30 00:00:00+00:00,227.85,231.151,226.71,228.91,25588046,226.6211265555,229.9043231268,225.4872749677,227.6754096108,25588046,0.0,1.0
2022-03-31 00:00:00+00:00,222.36,228.49,222.26,228.45,24192266,221.1607360144,227.2576748153,221.0612753488,227.2178905491,24192266,0.0,1.0
2022-04-01 00:00:00+00:00,224.85,227.28,222.7,224.55,19544758,223.6373065877,226.0542007616,221.4989022774,223.3389245909,19544758,0.0,1.0
2022-04-04 00:00:00+00:00,233.89,234.351,225.86,225.98,28100826,232.6285507574,233.0870644258,224.6418593102,224.7612121089,28100826,0.0,1.0
2022-04-05 00:00:00+00:00,231.84,236.86,231.02,234.08,29525086,230.5896071127,235.5825325255,229.7740296548,232.817526022,29525086,0.0,1.0
2022-04-06 00:00:00+00:00,223.3,228.9899,221.405,226.91,28995080,222.095666271,227.7548786826,220.210886658,225.6861962989,28995080,0.0,1.0
2022-04-07 00:00:00+00:00,222.95,225.52,218.56,223.93,21037187,221.7475539414,224.3036930472,217.3812307218,222.7222684642,21037187,0.0,1.0
2022-04-08 00:00:00+00:00,222.33,225.13,220.0283,222.38,18375711,221.1308978147,223.9157964514,218.8416116748,221.1806281475,18375711,0.0,1.0
2022-04-11 00:00:00+00:00,216.46,220.61,215.2198,218.42,20516586,215.2925567444,219.4201743665,214.0590455697,217.24198579,20516586,0.0,1.0
2022-04-12 00:00:00+00:00,214.14,222.03,213.13,220.235,20128827,212.9850693026,220.832515818,211.9805165801,219.0471968705,20128827,0.0,1.0
2022-04-13 00:00:00+00:00,214.99,216.61,211.33,211.82,19231816,213.8304849601,215.4417477428,210.1902245994,210.6775818608,19231816,0.0,1.0
2022-04-14 00:00:00+00:00,210.18,214.99,210.0,214.89,18379455,209.0464269451,213.8304849601,208.867397747,213.7310242946,18379455,0.0,1.0
2022-04-18 00:00:00+00:00,210.77,213.38,208.3,210.0,16580792,209.6332448721,212.2291682441,207.1765664319,208.867397747,16580792,0.0,1.0
2022-04-19 00:00:00+00:00,217.31,218.4299,209.0,210.52,20089871,216.1379724019,217.2518323959,207.8727910911,209.3845932081,20089871,0.0,1.0
2022-04-20 00:00:00+00:00,200.42,214.16,198.92,213.605,42859593,199.3390659831,213.0049614357,197.8471559992,212.4529547417,42859593,0.0,1.0
2022-04-21 00:00:00+00:00,188.07,202.965,185.58,201.6,49954078,187.0556737823,201.8703399225,184.579103209,200.5127018371,49954078,0.0,1.0
2022-04-22 00:00:00+00:00,184.11,192.72,183.27,190.37,36426769,183.1170314248,191.6805947324,182.2815618338,189.3432690909,36426769,0.0,1.0
2022-04-25 00:00:00+00:00,186.99,187.18,181.655,182.73,29281060,185.9814985939,186.1704738585,180.6752720844,181.7444742396,29281060,0.0,1.0
2022-04-26 00:00:00+00:00,180.95,187.185,179.5,186.63,30872853,179.974074392,186.1754468918,178.5318947409,185.6234401977,30872853,0.0,1.0
2022-04-27 00:00:00+00:00,174.95,181.2099,169.0,174.43,71062886,174.0064344564,180.2325726619,168.0885248536,173.4892389953,71062886,0.0,1.0
2022-04-28 00:00:00+00:00,205.73,208.53,192.9,202.92,100890551,204.6204273262,207.4053259628,191.8596239305,201.825582623,100890551,0.0,1.0
2022-04-29 00:00:00+00:00,200.47,212.48,199.9,204.46,49193434,199.3887963159,211.3340222537,198.821870522,203.3572768731,49193434,0.0,1.0
2022-05-02 00:00:00+00:00,211.13,211.88,200.99,201.165,49915289,209.9913032682,210.7372582602,199.905991777,200.0800479418,49915289,0.0,1.0
2022-05-03 00:00:00+00:00,212.03,214.8999,208.09,210.45,41556267,210.8864492586,213.7408709004,206.9676990342,209.3149707422,41556267,0.0,1.0
2022-05-04 00:00:00+00:00,223.41,224.3,206.96,210.65,41197345,222.2050730031,223.0902729269,205.843793513,209.5138920734,41197345,0.0,1.0
2022-05-05 00:00:00+00:00,208.28,220.17,206.16,218.74,41129192,207.1566742988,218.9825474379,205.0481081882,217.5602599199,41129192,0.0,1.0
2022-05-06 00:00:00+00:00,203.77,209.38,201.02,207.34,34747158,202.6709982805,208.2507416203,199.9358299767,206.2217440422,34747158,0.0,1.0
2022-05-09 00:00:00+00:00,196.21,202.57,195.58,199.84,36303200,195.1517719616,201.4774702934,194.5251697684,198.7621941227,36303200,0.0,1.0
2022-05-10 00:00:00+00:00,197.65,202.96,194.19,199.51,34452491,196.5840055462,201.8653668892,193.1426665166,198.4339739262,34452491,0.0,1.0
2022-05-11 00:00:00+00:00,188.74,200.6742,188.27,196.325,31153383,187.7220602418,199.5918949951,187.2545951135,195.2661517271,31153383,0.0,1.0
2022-05-12 00:00:00+00:00,191.24,198.05,184.78,187.055,38262226,190.2085768816,196.9818482086,183.7834178843,186.0461480265,38262226,0.0,1.0
2022-05-13 00:00:00+00:00,198.62,199.89,191.28,192.58,24549844,197.5487740024,198.8119244555,190.2483611479,191.5413498006,24549844,0.0,1.0
2022-05-16 00:00:00+00:00,200.04,205.37,195.93,197.05,27112595,198.9611154539,204.26236893,194.873282098,195.9872415526,27112595,0.0,1.0
2022-05-17 00:00:00+00:00,202.62,205.46,198.36,202.115,24872729,201.5272006262,204.3518835291,197.2901762719,201.0249242649,24872729,0.0,1.0
2022-05-18 00:00:00+00:00,192.24,201.0,191.63,200.0,23959966,191.2031835376,199.9159378436,190.5964734774,198.9213311876,23959966,0.0,1.0
2022-05-19 00:00:00+00:00,191.29,195.29,189.6,191.2,24446938,190.2583072144,194.2367338382,188.5774219659,190.1687926154,24446938,0.0,1.0
2022-05-20 00:00:00+00:00,193.54,197.91,187.87,194.97,31465570,192.4961721903,196.8426032767,186.8567524511,193.9184597083,31465570,0.0,1.0
2022-05-23 00:00:00+00:00,196.23,196.9924,191.24,195.19,25059161,195.1716640947,195.9299522092,190.2085768816,194.1372731726,25059161,0.0,1.0
2022-05-24 00:00:00+00:00,181.28,183.6759,176.11,180.55,50406273,180.3022945885,182.6852726754,175.1601781773,179.5762317296,50406273,0.0,1.0
2022-05-25 00:00:00+00:00,183.83,185.45,179.32,180.4,28030194,182.8385415611,184.4498043437,178.3528655428,179.4270407312,28030194,0.0,1.0
2022-05-26 00:00:00+00:00,191.63,192.8301,182.26,182.878,23056455,190.5964734774,191.7901009252,181.2770091113,181.8916760247,23056455,0.0,1.0
2022-05-27 00:00:00+00:00,195.13,195.3329,189.8,191.36,22562727,194.0775967732,194.2794024637,188.7763432971,190.3279296803,22562727,0.0,1.0
2022-05-31 00:00:00+00:00,193.64,197.6,192.01,194.885,26131103,192.5956328559,196.5342752134,190.9744240067,193.8339181425,26131103,0.0,1.0
2022-06-01 00:00:00+00:00,188.64,199.53,185.0,196.51,36623495,187.6225995762,198.4538660593,184.0022313486,195.4501539584,36623495,0.0,1.0
2022-06-02 00:00:00+00:00,198.86,200.935,187.73,188.45,31951582,197.7874795999,199.8512884109,186.7175075193,187.4336243115,31951582,0.0,1.0
2022-06-03 00:00:00+00:00,190.78,196.61,189.78,195.98,19464993,189.7510578199,195.549614624,188.7564511639,194.9230124308,19464993,0.0,1.0
2022-06-06 00:00:00+00:00,194.25,196.92,188.4,193.99,30574242,193.202342916,195.8579426873,187.3838939788,192.9437451854,30574242,0.0,1.0
2022-06-07 00:00:00+00:00,195.65,196.53,191.49,191.93,18828687,194.5947922343,195.4700460915,190.4572285456,190.8948554742,18828687,0.0,1.0
2022-06-08 00:00:00+00:00,196.64,202.03,194.41,194.67,22267154,195.5794528237,200.9403826992,193.3614799809,193.6200777115,22267154,0.0,1.0
2022-06-09 00:00:00+00:00,184.0,199.45,183.68,194.28,23501579,183.0076246926,198.3742975269,182.6893505627,193.2321811157,23501579,0.0,1.0
2022-06-10 00:00:00+00:00,175.57,183.1,175.02,183.04,27478354,174.6230905831,182.1124787023,174.0760569223,182.0528023029,27478354,0.0,1.0
2022-06-13 00:00:00+00:00,164.26,172.575,164.03,170.59,31749304,163.3740893044,171.6442436485,163.1453297735,169.6699494365,31749304,0.0,1.0
2022-06-14 00:00:00+00:00,163.73,166.75,161.3601,166.03,27244274,162.8469477768,165.8506598777,160.4898294628,165.1345430854,27244274,0.0,1.0
2022-06-15 00:00:00+00:00,169.35,172.16,163.975,167.2,30008251,168.4366371831,171.2314818863,163.0906264075,166.2982328729,30008251,0.0,1.0
2022-06-16 00:00:00+00:00,160.87,165.08,159.61,163.72,26944143,160.0023727408,164.1896667623,158.7491683543,162.8370017102,26944143,0.0,1.0
2022-06-17 00:00:00+00:00,163.74,165.9,159.9,161.68,31374215,162.8568938433,165.0052442201,159.0376042845,160.8080041321,31374215,0.0,1.0
2022-06-21 00:00:00+00:00,157.05,167.76,155.97,165.93,50724899,156.2029753151,166.8552126002,155.1288001267,165.0350824198,50724899,0.0,1.0
2022-06-22 00:00:00+00:00,155.85,160.79,155.44,158.38,47596820,155.009447328,159.9228042083,154.601658599,157.5258021675,47596820,0.0,1.0
2022-06-23 00:00:00+00:00,158.75,159.75,154.25,156.27,40499198,157.8938066302,158.8884132861,153.4180766785,155.4271821235,40499198,0.0,1.0
2022-06-24 00:00:00+00:00,170.16,170.25,161.3,161.725,68736009,169.2422685744,169.3317831735,160.4300536028,160.8527614316,68736009,0.0,1.0
2022-06-27 00:00:00+00:00,169.49,171.75,168.01,171.32,29174559,168.575882115,170.8236931574,167.1038642642,170.3960122953,29174559,0.0,1.0
2022-06-28 00:00:00+00:00,160.68,171.3,160.61,169.9,27788725,159.8133974761,170.3761201622,159.7437750102,168.9836708439,27788725,0.0,1.0
2022-06-29 00:00:00+00:00,163.94,166.33,160.32,163.57,28595236,163.0558151745,165.4329250822,159.45533908,162.6878107118,28595236,0.0,1.0
2022-06-30 00:00:00+00:00,161.25,165.23,158.49,162.15,35250605,160.38032327,164.3388577607,157.6352088996,161.2754692604,35250605,0.0,1.0
2022-07-01 00:00:00+00:00,160.03,160.62,155.0,160.31,31423933,159.1669031498,159.7537210768,154.1640316704,159.4453930134,31423933,0.0,1.0
2022-07-05 00:00:00+00:00,168.19,168.25,157.02,158.14,28664799,167.2828934622,167.3425698616,156.1731371154,157.2870965701,28664799,0.0,1.0
2022-07-06 00:00:00+00:00,169.77,171.59,165.46,168.2,23085921,168.8543719786,170.6645560924,164.5676172915,167.2928395288,23085921,0.0,1.0
2022-07-07 00:00:00+00:00,172.19,172.72,167.78,169.45,24083368,171.261320086,171.7884616136,166.8751047333,168.5360978487,24083368,0.0,1.0
2022-07-08 00:00:00+00:00,170.88,172.4,168.1501,169.98,19249243,169.9583853667,171.4701874837,167.2432086567,169.0632393764,19249243,0.0,1.0
2022-07-11 00:00:00+00:00,162.88,167.49,161.91,167.065,21905133,162.0015321192,166.5866688031,161.0367636629,166.1639609743,21905133,0.0,1.0
2022-07-12 00:00:00+00:00,163.27,165.9107,162.1,164.8,16639659,162.389428715,165.0158865114,161.2257389276,163.9111768986,16639659,0.0,1.0
2022-07-13 00:00:00+00:00,163.49,164.98,159.6127,160.16,16555138,162.6082421793,164.0902060967,158.7518537923,159.2962020151,16555138,0.0,1.0
2022-07-14 00:00:00+00:00,158.05,162.59,157.2801,161.22,23765168,157.197581971,161.713096189,156.4318343066,160.3504850704,23765168,0.0,1.0
2022-07-15 00:00:00+00:00,164.7,164.98,159.82,160.54,23342807,163.811716233,164.0902060967,158.958035752,159.6741525443,23342807,0.0,1.0
2022-07-18 00:00:00+00:00,167.23,171.685,165.64,166.75,23574337,166.3280710725,170.7590437247,164.7466464896,165.8506598777,23574337,0.0,1.0
2022-07-19 00:00:00+00:00,175.78,176.49,169.51,170.37,25933679,174.8319579808,175.5381287065,168.5957742481,169.4511359722,25933679,0.0,1.0
2022-07-20 00:00:00+00:00,183.09,183.6,176.7,177.485,24784274,182.1025326357,182.6097820302,175.7469961043,176.5277623292,24784274,0.0,1.0
2022-07-21 00:00:00+00:00,183.17,183.85,178.87,180.63,27195815,182.1821011682,182.8584336942,177.9052925477,179.6558002621,27195815,0.0,1.0
2022-07-22 00:00:00+00:00,169.27,175.5995,168.41,173.07,42583916,168.3570686507,174.6524314794,167.5017069265,172.1365739432,42583916,0.0,1.0
2022-07-25 00:00:00+00:00,166.65,170.57,164.805,169.0,26166326,165.7511992121,169.6500573034,163.9161499319,168.0885248536,26166326,0.0,1.0
2022-07-26 00:00:00+00:00,159.15,166.0,157.95,165.94,28468424,158.2916492926,165.1047048857,157.0981213054,165.0450284864,28468424,0.0,1.0
2022-07-27 00:00:00+00:00,169.58,170.87,162.02,162.59,43846557,168.665396714,169.9484393002,161.1461703951,161.713096189,43846557,0.0,1.0
2022-07-28 00:00:00+00:00,160.72,161.51,154.85,161.06,73214326,159.8531817424,160.6389210006,154.014840672,160.1913480054,73214326,0.0,1.0
2022-07-29 00:00:00+00:00,159.1,160.14,155.17,157.69,42065395,158.2419189598,159.2763098819,154.3331148019,156.8395235749,42065395,0.0,1.0
2022-08-01 00:00:00+00:00,159.93,165.19,155.2301,157.25,40596702,159.0674424842,164.2990734944,154.3928906619,156.4018966463,40596702,0.0,1.0
2022-08-02 00:00:00+00:00,160.19,162.24,158.01,158.31,27374516,159.3260402147,161.3649838594,157.1577977048,157.4561797016,27374516,0.0,1.0
2022-08-03 00:00:00+00:00,168.8,169.54,161.57,162.69,31717527,167.8896035224,168.6256124478,160.6985973999,161.8125568546,31717527,0.0,1.0
2022-08-04 00:00:00+00:00,170.57,172.15,166.8,168.295,23938212,169.6500573034,171.2215358198,165.9003902105,167.3873271611,23938212,0.0,1.0
2022-08-05 00:00:00+00:00,167.11,171.612,165.8,166.99,25832701,166.2087182738,170.6864374389,164.9057835545,166.0893654751,25832701,0.0,1.0
2022-08-08 00:00:00+00:00,170.25,177.51,167.13,168.0,27299113,169.3317831735,176.5526274956,166.2286104069,167.0939181976,27299113,0.0,1.0
2022-08-09 00:00:00+00:00,168.53,169.53,166.6,168.95,18655056,167.6210597253,168.6156663812,165.7014688793,168.0387945208,18655056,0.0,1.0
2022-08-10 00:00:00+00:00,178.34,180.48,173.95,175.99,30262132,177.37815102,179.5066092637,173.0118278004,175.0408253786,30262132,0.0,1.0
2022-08-11 00:00:00+00:00,177.49,183.1,176.37,179.71,24079062,176.5327353625,182.1124787023,175.4187759078,178.7407621386,24079062,0.0,1.0
2022-08-12 00:00:00+00:00,180.5,181.4572,178.911,180.81,21274046,179.5265013968,180.4785388879,177.9460714206,179.8348294602,21274046,0.0,1.0
2022-08-15 00:00:00+00:00,180.89,181.44,178.2,178.96,15878671,179.9143979927,180.4614316534,177.2389060882,177.9948071467,15878671,0.0,1.0
2022-08-16 00:00:00+00:00,179.47,180.99,177.035,179.44,21156710,178.5020565412,180.0138586582,176.080189334,178.4722183415,21156710,0.0,1.0
2022-08-17 00:00:00+00:00,174.85,178.14,174.17,176.76,20118133,173.9069737908,177.1792296888,173.2306412648,175.8066725036,20118133,0.0,1.0
2022-08-18 00:00:00+00:00,174.66,175.76,171.86,174.34,18844451,173.7179985262,174.8120658477,170.9330998895,173.3997243963,18844451,0.0,1.0
2022-08-19 00:00:00+00:00,167.96,172.32,167.05,170.2,26240799,167.0541339314,171.3906189513,166.1490418745,169.2820528407,26240799,0.0,1.0
2022-08-22 00:00:00+00:00,163.05,165.49,162.26,165.49,19499711,162.1706152507,164.5974554912,161.3848759925,164.5974554912,19499711,0.0,1.0
2022-08-23 00:00:00+00:00,161.11,165.05,160.7,162.48,18111777,160.2410783382,164.1598285626,159.8332896093,161.6036894568,18111777,0.0,1.0
2022-08-24 00:00:00+00:00,163.26,165.46,159.77,160.6,20891481,162.3794826485,164.5676172915,158.9083054192,159.7338289437,20891481,0.0,1.0
2022-08-25 00:00:00+00:00,168.78,168.88,164.02,165.18,15550514,167.8697113892,167.9691720548,163.135383707,164.2891274279,15550514,0.0,1.0
2022-08-26 00:00:00+00:00,161.78,170.92,161.6726,168.48,24023633,160.9074647977,169.998169633,160.8006440428,167.5713293925,24023633,0.0,1.0
2022-08-29 00:00:00+00:00,159.17,163.05,159.01,160.655,19771863,158.3115414257,162.1706152507,158.1524043607,159.7885323097,19771863,0.0,1.0
2022-08-30 00:00:00+00:00,157.16,161.66,155.91,160.355,19567948,156.3123820472,160.788111999,155.0691237273,159.490150313,19567948,0.0,1.0
2022-08-31 00:00:00+00:00,162.93,167.84,162.14,167.07,40952975,162.051262452,166.9347811327,161.2655231938,166.1689340076,40952975,0.0,1.0
2022-09-01 00:00:00+00:00,165.36,167.3599,160.345,163.58,30145683,164.4681566259,166.4572704771,159.4802042464,162.6977567784,30145683,0.0,1.0
2022-09-02 00:00:00+00:00,160.32,167.93,159.22,167.45,22634191,159.45533908,167.0242957317,158.3612717585,166.5468845368,22634191,0.0,1.0
2022-09-06 00:00:00+00:00,158.54,161.69,157.69,160.1,19282598,157.6849392324,160.8179501986,156.8395235749,159.2365256157,19282598,0.0,1.0
2022-09-07 00:00:00+00:00,160.39,160.955,156.81,157.76,16831182,159.5249615459,160.0869143065,155.9642697177,156.9091460408,16831182,0.0,1.0
2022-09-08 00:00:00+00:00,162.06,162.23,157.74,158.71,22530785,161.1859546613,161.3550377928,156.8892539077,157.8540223639,22530785,0.0,1.0
2022-09-09 00:00:00+00:00,169.15,169.54,163.02,163.248,22129802,168.2377158519,168.6256124478,162.140777051,162.3675473686,22129802,0.0,1.0
2022-09-12 00:00:00+00:00,168.96,171.39,167.28,167.39,23220405,168.0487405873,170.4656347612,166.3778014053,166.4872081375,23220405,0.0,1.0
2022-09-13 00:00:00+00:00,153.13,161.63,152.67,161.54,44444061,152.3041172238,160.7582737993,151.8465981621,160.6687592003,44444061,0.0,1.0
2022-09-14 00:00:00+00:00,151.47,153.54,149.05,153.33,43064195,150.653070175,152.7119059527,148.2461220676,152.503038555,43064195,0.0,1.0
2022-09-15 00:00:00+00:00,149.55,154.1984,148.7,149.8,34606348,148.7434253956,153.366754975,147.898009738,148.9920770595,34606348,0.0,1.0
2022-09-16 00:00:00+00:00,146.29,148.58,144.2935,148.05,40122824,145.5010076972,147.7786569393,143.5152755086,147.2515154116,40122824,0.0,1.0
2022-09-19 00:00:00+00:00,148.02,148.58,145.1,145.235,22169477,147.221677212,147.7786569393,144.3174257766,144.4516976752,22169477,0.0,1.0
2022-09-20 00:00:00+00:00,146.09,148.84,145.22,145.775,23217350,145.302086366,148.0372546698,144.4367785753,144.9887852694,23217350,0.0,1.0
2022-09-21 00:00:00+00:00,142.12,149.6,142.0,146.39,38338614,141.3534979419,148.7931557284,141.2341451432,145.6004683628,38338614,0.0,1.0
2022-09-22 00:00:00+00:00,142.82,144.58,140.87,141.55,34162531,142.0497226011,143.8002303155,140.110239622,140.786572148,34162531,0.0,1.0
2022-09-23 00:00:00+00:00,140.41,142.62,138.89,141.42,31710685,139.6527205603,141.8508012699,138.1409184433,140.6572732828,31710685,0.0,1.0
2022-09-26 00:00:00+00:00,136.37,142.24,136.19,140.12,30497021,135.6345096703,141.4728507406,135.4554804722,139.3642846301,30497021,0.0,1.0
2022-09-27 00:00:00+00:00,134.4,139.42,134.1201,137.92,30826471,133.6751345581,138.6680599709,133.3967441551,137.176149987,30826471,0.0,1.0
2022-09-28 00:00:00+00:00,141.61,142.03,134.27,134.62,32658478,140.8462485474,141.2639833429,133.5458356928,133.8939480224,32658478,0.0,1.0
2022-09-29 00:00:00+00:00,136.41,139.84,135.2,139.36,38985414,135.6742939365,139.0857947664,134.4708198828,138.6083835715,38985414,0.0,1.0
2022-09-30 00:00:00+00:00,135.68,140.99,135.5,136.05,33166393,134.9482310777,140.2295924207,134.7692018796,135.3162355404,33166393,0.0,1.0
2022-10-03 00:00:00+00:00,138.61,139.62,136.1,137.14,27723063,137.8624285796,138.8669813021,135.3659658732,136.4003567954,27723063,0.0,1.0
2022-10-04 00:00:00+00:00,140.28,142.3901,139.34,140.49,34670729,139.523421695,141.6221411997,138.5884914384,139.7322890928,34670729,0.0,1.0
2022-10-05 00:00:00+00:00,138.98,140.21,134.78,138.24,27979348,138.2304330423,139.4537992291,134.0530850873,137.4944241169,27979348,0.0,1.0
2022-10-06 00:00:00+00:00,139.07,141.45,136.6,137.715,36231056,138.3199476413,140.6871114825,135.8632692012,136.9722556225,36231056,0.0,1.0
2022-10-07 00:00:00+00:00,133.45,138.29,132.44,136.76,33214773,132.7302582349,137.5441544497,131.7257055125,136.0224062661,33214773,0.0,1.0
2022-10-10 00:00:00+00:00,133.79,136.11,131.87,133.55,24023982,133.068424498,135.3759119397,131.1587797186,132.8297189005,24023982,0.0,1.0
2022-10-11 00:00:00+00:00,128.54,132.66,126.99,131.62,38481403,127.8467395543,131.9445189768,126.3050992376,130.9101280546,38481403,0.0,1.0
2022-10-12 00:00:00+00:00,127.5,129.67,126.25,128.32,34605245,126.8123486321,128.9706450755,125.5690903122,127.62792609,34605245,0.0,1.0
2022-10-13 00:00:00+00:00,130.29,131.14,122.5301,123.53,34325715,129.5873012022,130.4327168597,121.8692530128,122.863760208,34325715,0.0,1.0
2022-10-14 00:00:00+00:00,126.76,131.79,126.52,131.0,23559407,126.0763397067,131.0792111861,125.8376341093,130.2934719279,23559407,0.0,1.0
2022-10-17 00:00:00+00:00,134.04,134.79,130.18,130.3,29612245,133.317076162,134.0630311539,129.47789447,129.5972472687,29612245,0.0,1.0
2022-10-18 00:00:00+00:00,132.8,137.8399,131.4,137.085,25444979,132.0837639086,137.0964819939,130.6913145903,136.3456534293,25444979,0.0,1.0
2022-10-19 00:00:00+00:00,133.23,137.0,132.22,132.89,30691047,132.5114447706,136.2611118635,131.5068920481,132.1732785076,30691047,0.0,1.0
2022-10-20 00:00:00+00:00,131.53,136.77,131.31,132.93,26356276,130.8206134555,136.0323523327,130.6017999912,132.2130627739,26356276,0.0,1.0
2022-10-21 00:00:00+00:00,130.01,130.12,125.44,126.31,46348647,129.3088113385,129.4182180707,124.7634589209,125.6287667116,46348647,0.0,1.0
2022-10-24 00:00:00+00:00,129.72,133.48,124.57,127.25,63563447,129.0203754083,132.7600964346,123.8981511302,126.5636969681,63563447,0.0,1.0
2022-10-25 00:00:00+00:00,137.51,138.35,130.59,130.875,38433219,136.7683612581,137.603830849,129.885683199,130.1691460959,38433219,0.0,1.0
2022-10-26 00:00:00+00:00,129.82,135.55,128.53,131.68,89294679,129.1198360739,134.8189322124,127.8367934877,130.9698044539,89294679,0.0,1.0
2022-10-27 00:00:00+00:00,97.94,102.5,96.38,97.975,232316571,97.4117758826,101.9471822337,95.8601894993,97.4465871155,232316571,0.0,1.0
2022-10-28 00:00:00+00:00,99.2,100.85,97.51,99.58,95928306,98.6649802691,100.3060812514,96.9840950205,99.0429307983,95928306,0.0,1.0
2022-10-31 00:00:00+00:00,93.16,99.32,92.6,98.22,121361444,92.6575560672,98.7843330678,92.1005763399,97.6902657462,121361444,0.0,1.0
2022-11-01 00:00:00+00:00,95.2,97.49,93.55,94.33,110189617,94.6865536453,96.9642028874,93.045452663,93.8212458546,110189617,0.0,1.0
2022-11-02 00:00:00+00:00,90.54,95.2,90.48,94.205,71821058,90.0516866286,94.6865536453,89.9920102293,93.6969200227,71821058,0.0,1.0
2022-11-03 00:00:00+00:00,88.91,90.4576,88.41,90.08,60664012,88.4304777795,89.9697310402,87.9331744515,89.5941675669,60664012,0.0,1.0
2022-11-04 00:00:00+00:00,90.79,91.39,88.09,90.35,55638061,90.3003382926,90.8971022862,87.6149003216,89.862711364,55638061,0.0,1.0
2022-11-07 00:00:00+00:00,96.72,96.88,93.1,94.78,81987295,96.1983557623,96.3574928273,92.5978796678,94.2688188498,81987295,0.0,1.0
2022-11-08 00:00:00+00:00,96.47,97.8,94.79,95.92,52088320,95.9497040984,97.2725309508,94.2787649164,95.4026704376,52088320,0.0,1.0
2022-11-09 00:00:00+00:00,101.47,104.9,100.74,101.72,107677284,100.922737378,104.3342382079,100.1966745192,101.171389042,107677284,0.0,1.0
2022-11-10 00:00:00+00:00,111.87,112.75,104.61,107.12,80670961,111.2666465998,112.141900457,104.0458022777,106.5422649841,80670961,0.0,1.0
2022-11-11 00:00:00+00:00,113.02,114.9,108.81,109.23,59961742,112.4104442541,114.2803047673,108.2231502326,108.6408850281,59961742,0.0,1.0
2022-11-14 00:00:00+00:00,114.22,116.27,110.8,110.99,53394974,113.6039722413,115.6429158859,110.2024174779,110.3913927426,53394974,0.0,1.0
2022-11-15 00:00:00+00:00,117.08,118.74,114.4116,116.07,50670499,116.4485472772,118.0995943261,113.7945388765,115.4439945547,50670499,0.0,1.0
2022-11-16 00:00:00+00:00,113.23,116.075,112.66,114.5,33287773,112.6193116519,115.448967588,112.052385858,113.8824621049,33287773,0.0,1.0
2022-11-17 00:00:00+00:00,111.45,112.33,109.8,110.41,35093822,110.8489118043,111.7241656615,109.207810822,109.8145208821,35093822,0.0,1.0
2022-11-18 00:00:00+00:00,112.05,114.32,110.62,113.8,33357707,111.4456757979,113.7034329069,110.0233882799,113.1862374458,33357707,0.0,1.0
2022-11-21 00:00:00+00:00,109.86,112.3699,109.19,111.52,24351074,109.2674872214,111.7638504671,108.6011007619,110.9185342702,24351074,0.0,1.0
2022-11-22 00:00:00+00:00,111.44,111.62,108.3216,109.86,29028963,110.8389657378,111.0179949358,107.7373843419,109.2674872214,29028963,0.0,1.0
2022-11-23 00:00:00+00:00,112.24,112.67,110.73,111.72,21343083,111.6346510625,112.0623319246,110.132795012,111.1174556014,21343083,0.0,1.0
2022-11-25 00:00:00+00:00,111.41,112.73,111.02,111.3,12007566,110.8091275381,112.1220083239,110.4212309423,110.6997208059,12007566,0.0,1.0
2022-11-28 00:00:00+00:00,108.78,112.04,108.38,110.78,23332816,108.193312033,111.4357297313,107.7954693706,110.1825253448,23332816,0.0,1.0
2022-11-29 00:00:00+00:00,109.46,110.94,108.5437,109.54,23899238,108.869644559,110.3416624098,107.9582864802,108.9492130915,23899238,0.0,1.0
2022-11-30 00:00:00+00:00,118.1,118.16,109.38,109.505,43348557,117.4630460663,117.5227224657,108.7900760265,108.9144018585,43348557,0.0,1.0
2022-12-01 00:00:00+00:00,120.44,121.2,118.4,119.198,36551374,119.7904256412,120.5463266997,117.7614280631,118.5551241745,36551374,0.0,1.0
2022-12-02 00:00:00+00:00,123.49,124.04,117.61,117.83,39950464,122.8239759418,123.3710096026,116.9756888049,117.1945022692,39950464,0.0,1.0
2022-12-05 00:00:00+00:00,122.43,124.67,121.35,121.75,35474884,121.7696928865,123.9976117958,120.6955176981,121.0933603605,35474884,0.0,1.0
2022-12-06 00:00:00+00:00,114.12,120.55,113.74,119.91,43689183,113.5045115757,119.8998323733,113.1265610464,119.2632841135,43689183,0.0,1.0
2022-12-07 00:00:00+00:00,113.93,115.88,112.88,113.76,29461137,113.315536311,115.2550192901,112.2711993223,113.1464531795,29461137,0.0,1.0
2022-12-08 00:00:00+00:00,115.33,117.34,114.59,116.39,30619418,114.7079856293,116.7071450078,113.971976704,115.7622686846,30619418,0.0,1.0
2022-12-09 00:00:00+00:00,115.9,117.54,113.87,115.3,26033353,115.2749114232,116.906066339,113.2558599117,114.6781474297,26033353,0.0,1.0
2022-12-12 00:00:00+00:00,114.71,115.72,113.14,115.18,24747064,114.0913295027,115.0958822252,112.5297970528,114.558794631,24747064,0.0,1.0
2022-12-13 00:00:00+00:00,120.15,123.3,118.64,122.13,44701054,119.501989711,122.6350006772,118.0001336605,121.4713108897,44701054,0.0,1.0
2022-12-14 00:00:00+00:00,121.59,124.14,119.39,119.39,36922037,120.9342232955,123.4704702682,118.7460886525,118.7460886525,36922037,0.0,1.0
2022-12-15 00:00:00+00:00,116.15,118.625,114.01,118.33,34530970,115.5235630872,117.9852145607,113.3951048435,117.6918055972,34530970,0.0,1.0
2022-12-16 00:00:00+00:00,119.43,123.31,118.8214,120.23,67064001,118.7858729187,122.6449467437,118.1805553079,119.5815582434,67064001,0.0,1.0
2022-12-19 00:00:00+00:00,114.48,117.8,114.331,116.83,29769875,113.8625699718,117.1646640695,113.7143735801,116.1998956133,29769875,0.0,1.0
2022-12-20 00:00:00+00:00,117.09,117.33,112.46,113.26,28742501,116.4584933438,116.6971989412,111.8534645268,112.6491498516,28742501,0.0,1.0
2022-12-21 00:00:00+00:00,119.76,120.34,115.62,116.7,20392799,119.1140931152,119.6909649756,114.9964215596,116.070596748,20392799,0.0,1.0
2022-12-22 00:00:00+00:00,117.12,118.62,114.38,117.2,23618121,116.4883315435,117.9802415274,113.7631093062,116.567900076,23618121,0.0,1.0
2022-12-23 00:00:00+00:00,118.04,118.175,115.535,116.03,17796625,117.4033696669,117.5376415655,114.9118799938,115.4042102885,17796625,0.0,1.0
2022-12-27 00:00:00+00:00,116.88,118.6,116.0501,117.93,21392311,116.2496259461,117.9603493943,115.4242018823,117.2939629348,21392311,0.0,1.0
2022-12-28 00:00:00+00:00,115.62,118.15,115.51,116.25,19612473,114.9964215596,117.5127763991,114.8870148274,115.6230237528,19612473,0.0,1.0
2022-12-29 00:00:00+00:00,120.26,121.03,115.77,116.4,22366192,119.6113964431,120.3772435682,115.145612558,115.7722147512,22366192,0.0,1.0
2022-12-30 00:00:00+00:00,120.34,120.42,117.74,118.16,19583825,119.6909649756,119.7705335081,117.1049876702,117.5227224657,19583825,0.0,1.0
2023-01-03 00:00:00+00:00,124.74,126.37,122.28,122.82,35528531,124.0672342617,125.6884431109,121.6205018881,122.1575894823,35528531,0.0,1.0
2023-01-04 00:00:00+00:00,127.37,129.0498,125.85,127.38,32397094,126.6830497668,128.3537900275,125.1712476498,126.6929958334,32397094,0.0,1.0
2023-01-05 00:00:00+00:00,126.94,128.52,124.54,126.125,25447099,126.2553689048,127.8268474212,123.8683129305,125.4447644802,25447099,0.0,1.0
2023-01-06 00:00:00+00:00,130.02,130.33,126.04,128.97,27584498,129.3187574051,129.6270854684,125.3602229144,128.2744204163,27584498,0.0,1.0
2023-01-09 00:00:00+00:00,129.47,132.95,129.28,131.16,26649145,128.7717237443,132.232954907,128.5827484797,130.4526089929,26649145,0.0,1.0
2023-01-10 00:00:00+00:00,132.99,133.44,127.15,127.27,28684431,132.2727391732,132.7203121684,126.4642363025,126.5835891013,28684431,0.0,1.0
2023-01-11 00:00:00+00:00,132.89,133.8494,130.34,130.96,25423046,132.1732785076,133.1275041333,129.637031535,130.2536876617,25423046,0.0,1.0
2023-01-12 00:00:00+00:00,136.71,137.6781,131.76,133.44,30757732,135.9726759333,136.9355546369,131.0493729864,132.7203121684,30757732,0.0,1.0
2023-01-13 00:00:00+00:00,136.98,137.39,134.835,134.97,22423839,136.2412197304,136.6490084593,134.1077884534,134.242060352,22423839,0.0,1.0
2023-01-17 00:00:00+00:00,135.36,136.75,134.25,136.176,21147587,134.6299569478,136.0124601995,133.5259435597,135.441555979,21147587,0.0,1.0
2023-01-18 00:00:00+00:00,133.02,137.25,132.8,135.81,20215486,132.3025773729,136.5097635275,132.0837639086,135.077529943,20215486,0.0,1.0
2023-01-19 00:00:00+00:00,136.15,137.45,132.14,132.49,28625232,135.415696206,136.7086848587,131.4273235157,131.7754358452,28625232,0.0,1.0
2023-01-20 00:00:00+00:00,139.37,139.94,134.61,135.89,28688630,138.6183296381,139.185255432,133.8840019558,135.1570984754,28688630,0.0,1.0
2023-01-23 00:00:00+00:00,143.27,143.76,138.66,139.29,27470093,142.4972955963,142.9846528577,137.9121589124,138.5387611056,27470093,0.0,1.0
2023-01-24 00:00:00+00:00,143.14,145.0,141.36,141.69,21970190,142.367996731,144.217965111,140.5975968834,140.9258170799,21970190,0.0,1.0
2023-01-25 00:00:00+00:00,141.5,143.17,140.31,141.22,26622021,140.7368418153,142.3978349307,139.5532598947,140.4583519516,26622021,0.0,1.0
2023-01-26 00:00:00+00:00,147.3,147.51,143.3,144.4,25482084,146.5055604197,146.7144278174,142.5271337959,143.6212011175,25482084,0.0,1.0
2023-01-27 00:00:00+00:00,151.74,153.19,147.39,148.237,35771865,150.9216139721,152.3637936232,146.5950750187,147.4375068563,35771865,0.0,1.0
2023-01-30 00:00:00+00:00,147.06,151.1233,146.95,149.405,28040100,146.2668548223,150.3082400473,146.1574480901,148.5992074304,28040100,0.0,1.0
2023-01-31 00:00:00+00:00,148.97,149.88,147.52,147.95,29842109,148.1665535351,149.071645592,146.724373884,147.1520547461,29842109,0.0,1.0
2023-02-01 00:00:00+00:00,153.12,153.58,147.06,148.03,55661017,152.2941711573,152.751690219,146.2668548223,147.2316232785,55661017,0.0,1.0
2023-02-02 00:00:00+00:00,188.77,197.16,180.16,183.38,150475687,187.7518984414,196.0966482848,179.1883351338,182.3909685659,150475687,0.0,1.0
2023-02-03 00:00:00+00:00,186.53,196.77,182.89,183.465,76809701,185.5239795321,195.708751689,181.9036113045,182.4755101317,76809701,0.0,1.0
2023-02-06 00:00:00+00:00,186.06,190.7,185.5156,186.53,42483811,185.0565144039,189.6714892874,184.5150505404,185.5239795321,42483811,0.0,1.0
2023-02-07 00:00:00+00:00,191.62,193.7799,184.4,185.575,47080662,190.5865274109,192.734778327,183.405467355,184.5741301757,47080662,0.0,1.0
2023-02-08 00:00:00+00:00,183.43,190.83,182.92,190.0,36139074,182.4406988987,189.8007881527,181.9334495042,188.9752646283,36139074,0.0,1.0
2023-02-09 00:00:00+00:00,177.92,186.65,177.27,186.13,37118811,176.9604162245,185.6433323309,176.3139218982,185.1261368698,37118811,0.0,1.0
2023-02-10 00:00:00+00:00,174.15,178.89,173.35,176.3534,33433567,173.2107491316,177.9251846808,172.4150638069,175.4022654373,33433567,0.0,1.0
2023-02-13 00:00:00+00:00,179.43,181.0,175.82,178.215,31463223,178.462272275,180.0238047248,174.871742247,177.253825188,31463223,0.0,1.0
2023-02-14 00:00:00+00:00,179.48,181.5064,175.88,177.16,24034631,178.5120026078,180.5274735354,174.9314186464,176.204515166,24034631,0.0,1.0
2023-02-15 00:00:00+00:00,177.16,178.19,175.33,176.415,25337966,176.204515166,177.2289600216,174.3843849856,175.4635332073,25337966,0.0,1.0
2023-02-16 00:00:00+00:00,172.44,175.85,171.79,172.75,25827473,171.50997175,174.9015804467,170.8634774236,171.8182998133,25827473,0.0,1.0
2023-02-17 00:00:00+00:00,172.88,173.18,169.7,170.22,24171260,171.9475986786,172.2459806754,168.7847495127,169.3019449738,24171260,0.0,1.0
2023-02-21 00:00:00+00:00,172.08,178.17,171.88,174.31,34592582,171.1519133538,177.2090678885,170.9529920227,173.3698861966,34592582,0.0,1.0
2023-02-22 00:00:00+00:00,171.12,172.755,169.69,171.07,22433158,170.1970909641,171.8232728466,168.7748034461,170.1473606313,22433158,0.0,1.0
2023-02-23 00:00:00+00:00,172.04,173.69,169.38,172.0,20017779,171.1121290876,172.7532300699,168.4664753828,171.0723448214,20017779,0.0,1.0
2023-02-24 00:00:00+00:00,170.39,170.72,167.66,168.64,19791334,169.4710281053,169.7992483018,166.7557519346,167.7304664574,19791334,0.0,1.0
2023-02-27 00:00:00+00:00,169.54,173.12,169.06,171.875,19277002,168.6256124478,172.186304276,168.1482012529,170.9480189894,19277002,0.0,1.0
2023-02-28 00:00:00+00:00,174.94,177.55,171.87,171.9,46051117,173.9964883898,176.5924117618,170.9430459561,170.9728841558,46051117,0.0,1.0
2023-03-01 00:00:00+00:00,173.42,177.85,173.05,174.59,30998380,172.4846862728,176.8907937586,172.1166818101,173.6483760602,30998380,0.0,1.0
2023-03-02 00:00:00+00:00,174.53,175.01,171.43,172.38,17360708,173.5886996609,174.0661108557,170.5054190275,171.4502953506,17360708,0.0,1.0
2023-03-03 00:00:00+00:00,185.25,186.62,177.05,178.92,45877692,184.2508830125,185.6134941312,176.0951084339,177.9550228805,45877692,0.0,1.0
2023-03-06 00:00:00+00:00,184.9,189.66,184.64,188.0,33209394,183.902770683,188.6370983652,183.6441729524,186.9860513164,33209394,0.0,1.0
2023-03-07 00:00:00+00:00,184.51,190.36,184.01,189.0,36701495,183.5148740872,189.3333230244,183.0175707592,187.9806579723,36701495,0.0,1.0
2023-03-08 00:00:00+00:00,184.97,185.26,181.34,182.87,19432405,183.9723931489,184.2608290791,180.3619709878,181.8837191714,19432405,0.0,1.0
2023-03-09 00:00:00+00:00,181.69,188.93,180.3,186.35,26582750,180.7100833174,187.9110355064,179.3275800657,185.3449503341,26582750,0.0,1.0
2023-03-10 00:00:00+00:00,179.51,184.77,178.8,181.01,25665032,178.5418408075,183.7734718177,177.8356700817,180.0337507914,25665032,0.0,1.0
2023-03-13 00:00:00+00:00,180.9,183.78,174.82,177.96,24727969,179.9243440592,182.7888112283,173.8771355911,177.0002004908,24727969,0.0,1.0
2023-03-14 00:00:00+00:00,194.02,194.32,186.56,187.58,41642627,192.9735833851,193.2719653819,185.5538177318,186.5683165209,41642627,0.0,1.0
2023-03-15 00:00:00+00:00,197.75,197.78,190.8351,192.95,42123552,196.6834662118,196.7133044115,189.8058606466,191.9093542633,42123552,0.0,1.0
2023-03-16 00:00:00+00:00,204.93,205.76,196.0886,198.26,50819659,203.8247420014,204.6502655258,195.0310267136,197.1907156063,50819659,0.0,1.0
2023-03-17 00:00:00+00:00,195.61,201.9,195.4304,200.56,50141098,194.5550079681,200.8110838339,194.3763766127,199.478310915,50141098,0.0,1.0
2023-03-20 00:00:00+00:00,197.81,199.36,193.64,198.48,25186315,196.7431426111,198.2847829278,192.5956328559,197.4095290706,25186315,0.0,1.0
2023-03-21 00:00:00+00:00,202.16,203.55,197.95,203.2,31826952,201.0696815645,202.4521848162,196.882387543,202.1040724866,31826952,0.0,1.0
2023-03-22 00:00:00+00:00,199.81,207.37,199.67,202.5,28477759,198.732355923,206.2515822419,198.5931109912,201.4078478275,28477759,0.0,1.0
2023-03-23 00:00:00+00:00,204.28,207.88,202.15,202.84,27389669,203.178247675,206.7588316364,201.0597354979,201.7460140905,27389669,0.0,1.0
2023-03-24 00:00:00+00:00,206.01,207.58,203.55,205.18,27733042,204.8989171898,206.4604496396,202.4521848162,204.0733936654,27733042,0.0,1.0
2023-03-27 00:00:00+00:00,202.84,205.86,201.36,204.81,18527184,201.7460140905,204.7497261914,200.2739962397,203.7053892027,18527184,0.0,1.0
2023-03-28 00:00:00+00:00,200.68,201.03,197.9,200.15,19127295,199.5976637137,199.9457760432,196.8326572102,199.070522186,19127295,0.0,1.0
2023-03-29 00:00:00+00:00,205.35,205.72,202.5355,203.56,18851137,204.2424767969,204.6104812596,201.4431563638,202.4621308828,18851137,0.0,1.0
2023-03-30 00:00:00+00:00,207.84,208.09,202.82,203.38,22608303,206.7190473702,206.9676990342,201.7261219574,202.2831016847,22608303,0.0,1.0
2023-03-31 00:00:00+00:00,211.94,212.17,206.77,207.24,25440273,210.7969346595,211.0256941904,205.6548182483,206.1222833766,25440273,0.0,1.0
2023-04-03 00:00:00+00:00,213.07,213.4861,208.2,208.84,17924613,211.9208401807,212.3346960103,207.0771057663,207.7136540261,17924613,0.0,1.0
2023-04-04 00:00:00+00:00,214.72,216.24,212.54,213.39,21026367,213.561941163,215.0737432801,211.3936986531,212.2391143106,21026367,0.0,1.0
2023-04-05 00:00:00+00:00,211.48,215.19,209.94,214.15,19396630,210.3394155978,214.0294062913,208.8077213477,212.9950153692,19396630,0.0,1.0
2023-04-06 00:00:00+00:00,216.1,216.94,208.65,209.25,26104411,214.9344983482,215.7699679392,207.5246787615,208.1214427551,26104411,0.0,1.0
2023-04-10 00:00:00+00:00,214.75,215.66,210.66,214.71,16106074,213.5917793627,214.4968714196,209.5238381399,213.5519950965,16106074,0.0,1.0
2023-04-11 00:00:00+00:00,213.85,216.02,213.41,215.48,16710101,212.6966333724,214.8549298158,212.2590064438,214.3178422216,16710101,0.0,1.0
2023-04-12 00:00:00+00:00,214.0,216.84,212.584,214.835,18972172,212.8458243708,215.6705072736,211.437461346,213.6763209285,18972172,0.0,1.0
2023-04-13 00:00:00+00:00,220.35,221.15,215.69,215.73,23310357,219.161576636,219.9572619607,214.5267096193,214.5664938855,23310357,0.0,1.0
2023-04-14 00:00:00+00:00,221.49,222.11,217.55,217.88,21591207,220.2954282237,220.9120843504,216.3766779993,216.7048981958,21591207,0.0,1.0
2023-04-17 00:00:00+00:00,218.86,220.979,217.13,219.79,15411724,217.6796127186,219.7871842226,215.9589432039,218.6045969086,15411724,0.0,1.0
2023-04-18 00:00:00+00:00,217.89,220.44,216.21,219.91,12280984,216.7148442624,219.251091235,215.0439050804,218.7239497074,12280984,0.0,1.0
2023-04-19 00:00:00+00:00,215.7,217.33,212.93,213.472,15898078,214.5366556859,216.157864535,211.7815952489,212.3206720564,15898078,0.0,1.0
2023-04-20 00:00:00+00:00,213.07,216.75,212.77,213.48,16475443,211.9208401807,215.5809926746,211.622458184,212.3286289097,16475443,0.0,1.0
2023-04-21 00:00:00+00:00,212.89,213.41,209.58,210.21,17717166,211.7418109827,212.2590064438,208.4496629515,209.0762651448,17717166,0.0,1.0
2023-04-24 00:00:00+00:00,212.79,213.92,210.71,213.675,15750920,211.6423503171,212.7662558383,209.5735684727,212.5225772076,15750920,0.0,1.0
2023-04-25 00:00:00+00:00,207.55,211.26,207.13,210.815,19198175,206.43061144,210.1206021335,206.0128766445,209.6780021716,19198175,0.0,1.0
2023-04-26 00:00:00+00:00,209.4,214.11,208.88,212.5,35185227,208.2706337535,212.9552311029,207.7534382924,211.3539143869,35185227,0.0,1.0
2023-04-27 00:00:00+00:00,238.56,241.685,236.77,239.89,71196531,237.2733638406,240.3815096404,235.4930179265,238.596190693,71196531,0.0,1.0
2023-04-28 00:00:00+00:00,240.32,240.43,235.75,239.01,39554036,239.0238715551,239.1332782872,234.4785191374,237.7209368358,39554036,0.0,1.0
2023-05-01 00:00:00+00:00,243.18,244.0,236.46,238.615,29143912,241.868446591,242.6840240489,235.1846898631,237.3280672067,29143912,0.0,1.0
2023-05-02 00:00:00+00:00,239.24,244.92,238.99,243.18,24350149,237.9496963666,243.5990621724,237.7010447027,241.868446591,24350149,0.0,1.0
2023-05-03 00:00:00+00:00,237.03,241.75,232.75,239.47,34463859,235.751615657,240.4461590731,231.4946991696,238.1784558975,34463859,0.0,1.0
2023-05-04 00:00:00+00:00,233.52,238.2,232.9264,236.06,17889391,232.2605462947,236.9153054445,231.6701477837,234.7868472008,17889391,0.0,1.0
2023-05-05 00:00:00+00:00,232.78,234.68,229.85,232.24,27000480,231.5245373693,233.4142900156,228.6103398674,230.9874497751,27000480,0.0,1.0
2023-05-08 00:00:00+00:00,233.27,235.62,230.27,231.415,16400526,232.0118946307,234.3492202722,229.0280746629,230.1668992839,16400526,0.0,1.0
2023-05-09 00:00:00+00:00,233.37,235.88,231.08,231.46,16865587,232.1113552963,234.6078180027,229.8337060542,230.2116565834,16865587,0.0,1.0
2023-05-10 00:00:00+00:00,233.08,236.75,230.72,236.17,19119007,231.8229193661,235.4731257934,229.4756476581,234.8962539329,19119007,0.0,1.0
2023-05-11 00:00:00+00:00,235.79,238.21,232.3,233.05,20448991,234.5183034037,236.925251511,231.0471261744,231.7930811664,20448991,0.0,1.0
2023-05-12 00:00:00+00:00,233.81,236.9599,231.45,236.74,16161447,232.5489822249,235.6818937304,230.2017105169,235.4631797268,16161447,0.0,1.0
2023-05-15 00:00:00+00:00,238.86,240.255,235.33,236.92,20653229,237.5717458374,238.9592221224,234.0607843419,235.6422089249,20653229,0.0,1.0
2023-05-16 00:00:00+00:00,238.82,239.635,235.52,235.79,18163772,237.5319615712,238.3425659957,234.2497596066,234.5183034037,18163772,0.0,1.0
2023-05-17 00:00:00+00:00,242.485,243.8423,238.14,238.45,21193080,241.1771949652,242.5271745793,236.8556290451,237.1639571085,21193080,0.0,1.0
2023-05-18 00:00:00+00:00,246.85,247.0881,241.19,241.3,22943297,245.5186530183,245.7554688631,239.8891793457,239.9985860779,22943297,0.0,1.0
2023-05-19 00:00:00+00:00,245.64,248.69,243.41,247.47,21733581,244.3151789647,247.3487292653,242.0972061219,246.135309145,21733581,0.0,1.0
2023-05-22 00:00:00+00:00,248.32,253.57,245.12,245.41,27738479,246.9807248026,252.2024097462,243.7979835036,244.0864194338,27738479,0.0,1.0
2023-05-23 00:00:00+00:00,246.74,251.61,246.65,246.81,17748115,245.4092462862,250.2529807006,245.3197316872,245.4788687521,17748115,0.0,1.0
2023-05-24 00:00:00+00:00,249.21,249.5892,244.952,245.28,17724338,247.8659247264,248.2430795703,243.6308895854,243.9571205685,17724338,0.0,1.0
2023-05-25 00:00:00+00:00,252.69,255.62,249.17,253.4,22371435,251.327155889,254.2413533909,247.8261404601,252.0333266147,22371435,0.0,1.0
2023-05-26 00:00:00+00:00,262.04,262.3107,252.71,252.93,25768663,260.626728122,260.8959681438,251.3470480221,251.5658614864,25768663,0.0,1.0
2023-05-30 00:00:00+00:00,262.52,268.65,261.29,265.25,23816483,261.1041393169,267.2010781178,259.8807731301,263.8194154876,23816483,0.0,1.0
2023-05-31 00:00:00+00:00,264.72,265.0,258.45,260.0,25361238,263.29227396,263.5707638236,257.0560902272,258.5977305439,25361238,0.0,1.0
2023-06-01 00:00:00+00:00,272.61,274.0,265.89,265.9,25609508,271.1397204753,272.5222237271,264.4559637474,264.465909814,25609508,0.0,1.0
2023-06-02 00:00:00+00:00,272.61,275.35,271.12,272.66,19416930,271.1397204753,273.8649427126,269.657756558,271.1894508081,19416930,0.0,1.0
2023-06-05 00:00:00+00:00,271.39,275.57,269.56,270.3,20742946,269.9263003551,274.0837561769,268.1061701747,268.8421791001,20742946,0.0,1.0
2023-06-06 00:00:00+00:00,271.12,276.57,269.69,270.14,19419010,269.657756558,275.0783628328,268.23546904,268.6830420351,19419010,0.0,1.0
2023-06-07 00:00:00+00:00,263.6,274.25,262.8,271.67,26163627,262.1783145053,272.770875391,261.3826291806,270.2047902187,26163627,0.0,1.0
2023-06-08 00:00:00+00:00,264.58,267.65,258.88,260.62,20899359,263.1530290281,266.2064714619,257.4837710893,259.2143866706,20899359,0.0,1.0
2023-06-09 00:00:00+00:00,264.95,267.949,261.7,262.48,16949794,263.5210334908,266.503858852,260.288561859,261.0643550507,16949794,0.0,1.0
2023-06-12 00:00:00+00:00,271.05,271.75,265.33,267.17,15471702,269.588134092,270.2843587512,263.8989840201,265.729060267,15471702,0.0,1.0
2023-06-13 00:00:00+00:00,271.32,275.72,269.0923,274.88,16164024,269.8566778891,274.2329471753,267.6409926417,273.3974775843,16164024,0.0,1.0
2023-06-14 00:00:00+00:00,273.35,274.99,268.315,271.89,19175066,271.8757294007,273.5068843164,266.8678848881,270.423603683,19175066,0.0,1.0
2023-06-15 00:00:00+00:00,281.83,283.99,271.42,272.3,25973455,280.3099938431,282.4583442199,269.9561385547,270.831392412,25973455,0.0,1.0
2023-06-16 00:00:00+00:00,281.0,287.85,280.13,284.75,43127731,279.4844703186,286.2975259118,278.619162528,283.2142452784,43127731,0.0,1.0
2023-06-20 00:00:00+00:00,284.33,284.8,276.22,278.73,20701589,282.7965104829,283.2639756112,274.7302505032,277.2267132096,20701589,0.0,1.0
2023-06-21 00:00:00+00:00,281.64,284.0,278.36,283.53,20556170,280.1210185784,282.4682902864,276.8587087469,282.0008251581,20556170,0.0,1.0
2023-06-22 00:00:00+00:00,284.88,285.26,277.79,279.08,17563061,283.3435441437,283.7214946729,276.2917829531,277.5748255392,17563061,0.0,1.0
2023-06-23 00:00:00+00:00,288.73,289.67,278.95,281.51,51092038,287.172779769,288.1077100256,277.445526674,279.9917197132,51092038,0.0,1.0
2023-06-26 00:00:00+00:00,278.47,289.79,277.6,288.7,24232651,276.9681154791,288.2270628243,276.1028076884,287.1429415694,24232651,0.0,1.0
2023-06-27 00:00:00+00:00,287.05,289.345,280.655,282.01,26108260,285.5018405871,287.7844628624,279.1413310223,280.4890230411,26108260,0.0,1.0
2023-06-28 00:00:00+00:00,285.29,289.55,284.06,284.82,16722117,283.7513328726,287.9883572269,282.5279666858,283.2838677443,16722117,0.0,1.0
2023-06-29 00:00:00+00:00,281.53,286.57,280.69,284.5,15395690,280.0116118463,285.0244293922,279.1761422553,282.9655936144,15395690,0.0,1.0
2023-06-30 00:00:00+00:00,286.98,289.05,284.415,284.76,19694872,285.4322181211,287.4910538989,282.8810520487,283.224191345,19694872,0.0,1.0
2023-07-03 00:00:00+00:00,286.02,289.4,284.8499,286.7,8629269,284.4773957314,287.8391662285,283.3136064833,285.1537282575,8629269,0.0,1.0
2023-07-05 00:00:00+00:00,294.37,298.12,286.36,287.65,33865457,292.7823613085,296.5121362683,284.8155619945,286.0986045806,33865457,0.0,1.0
2023-07-06 00:00:00+00:00,291.99,298.12,291.31,295.885,47733829,290.4151974674,296.5121362683,289.7388649413,294.2891903923,47733829,0.0,1.0
2023-07-07 00:00:00+00:00,290.53,296.2,288.66,292.18,25585975,288.9630717497,294.6024914889,287.1031573031,290.604172732,25585975,0.0,1.0
2023-07-10 00:00:00+00:00,294.1,298.13,287.05,295.55,37058306,292.5138175114,296.5220823348,285.5018405871,293.9559971625,37058306,0.0,1.0
2023-07-11 00:00:00+00:00,298.29,300.18,291.9,293.9,27585918,296.6812193998,298.5610259795,290.3256828684,292.3148961802,27585918,0.0,1.0
2023-07-12 00:00:00+00:00,309.34,309.45,300.1004,301.745,36677127,307.6716229479,307.7810296801,298.4818552897,300.1175853961,36677127,0.0,1.0
2023-07-13 00:00:00+00:00,313.41,316.24,310.2901,313.62,30280972,311.7196720376,314.5344088739,308.6165987317,311.9285394353,30280972,0.0,1.0
2023-07-14 00:00:00+00:00,308.87,314.88,307.3612,311.79,23054108,307.2041578196,313.1817438218,305.7034952971,310.108409255,23054108,0.0,1.0
2023-07-17 00:00:00+00:00,310.62,311.71,304.71,307.54,25323126,308.9447194675,310.0288407225,303.0665941309,305.8813309672,25323126,0.0,1.0
2023-07-18 00:00:00+00:00,312.05,314.2,307.6188,310.875,20764580,310.3670069855,312.5054112958,305.9597059717,309.1983441648,20764580,0.0,1.0
2023-07-19 00:00:00+00:00,316.01,318.68,310.52,313.03,21763688,314.305649343,316.9612491144,308.8452588019,311.3417215083,21763688,0.0,1.0
2023-07-20 00:00:00+00:00,302.52,315.54,302.22,313.5,23836876,300.8884055544,313.8381842147,300.5900235576,311.8091866366,23836876,0.0,1.0
2023-07-21 00:00:00+00:00,294.26,305.46,291.2,304.57,42139259,292.6729545764,303.8125491229,289.6294582092,302.9273491991,42139259,0.0,1.0
2023-07-24 00:00:00+00:00,291.61,297.52,288.3001,295.78,24949405,290.0372469381,295.9153722747,286.7451983676,294.1847566934,24949405,0.0,1.0
2023-07-25 00:00:00+00:00,294.47,298.3,291.86,295.19,19585584,292.8818219741,296.6911654664,290.2858986021,293.5979387664,19585584,0.0,1.0
2023-07-26 00:00:00+00:00,298.57,301.77,291.9,301.19,47256930,296.9597092635,300.1424505625,290.3256828684,299.565578702,47256930,0.0,1.0
2023-07-27 00:00:00+00:00,311.71,325.35,309.84,325.12,64229173,310.0288407225,323.5952755095,308.1689262759,323.3665159786,64229173,0.0,1.0
2023-07-28 00:00:00+00:00,325.48,326.2,314.2481,316.875,39220270,323.7245743748,324.440691167,312.5532518759,315.1659841004,39220270,0.0,1.0
2023-07-31 00:00:00+00:00,318.6,325.6599,317.59,323.69,25799603,316.8816805819,323.9035041122,315.8771278594,321.9442284606,25799603,0.0,1.0
2023-08-01 00:00:00+00:00,322.71,324.14,314.66,317.535,22889870,320.9695139378,322.3918014558,312.9629303575,315.8224244933,22889870,0.0,1.0
2023-08-02 00:00:00+00:00,314.31,318.39,310.65,318.0,20461094,312.6148180279,316.6728131842,308.9745576672,316.2849165883,20461094,0.0,1.0
2023-08-03 00:00:00+00:00,313.19,315.9499,309.93,309.93,15215422,311.5008585733,314.245873483,308.2584408749,308.2584408749,15215422,0.0,1.0
2023-08-04 00:00:00+00:00,310.73,318.41,310.2,314.96,17612762,309.0541261997,316.6927053173,308.526984672,313.2613123543,17612762,0.0,1.0
2023-08-07 00:00:00+00:00,316.56,317.07,310.46,313.23,16236504,314.8526830038,315.3599323983,308.7855824026,311.5406428395,16236504,0.0,1.0
2023-08-08 00:00:00+00:00,312.64,317.89,310.11,314.4,15183532,310.9538249125,316.1755098562,308.437470073,312.704332627,15183532,0.0,1.0
2023-08-09 00:00:00+00:00,305.21,313.63,302.85,312.88,19955783,303.5638974589,311.9384855019,301.2166257509,311.1925305099,19955783,0.0,1.0
2023-08-10 00:00:00+00:00,305.74,312.339,303.87,307.94,14358897,304.0910389865,310.6544483091,302.2311245399,306.2791736296,14358897,0.0,1.0
2023-08-11 00:00:00+00:00,301.64,304.72,300.36,302.57,14046250,300.0131516972,303.0765401975,298.7400551776,300.9381358872,14046250,0.0,1.0
2023-08-14 00:00:00+00:00,306.19,306.21,298.25,300.98,15641921,304.5386119817,304.5585041148,296.6414351336,299.3567113043,15641921,0.0,1.0
2023-08-15 00:00:00+00:00,301.95,307.23,300.03,306.14,11623613,300.3214797605,305.5730029039,298.4118349811,304.4888816489,11623613,0.0,1.0
2023-08-16 00:00:00+00:00,294.29,301.08,294.28,300.195,18547741,292.702792776,299.4561719699,292.6928467095,298.5759450794,18547741,0.0,1.0
2023-08-17 00:00:00+00:00,285.09,296.05,284.95,293.05,23950089,283.5524115414,294.4533004905,283.4131666096,291.4694805227,23950089,0.0,1.0
2023-08-18 00:00:00+00:00,283.25,285.69,274.38,279.03,35347925,281.7223352945,284.149175535,272.9001742563,277.5250952064,35347925,0.0,1.0
2023-08-21 00:00:00+00:00,289.9,290.5,281.85,283.45,20181475,288.3364695565,288.93323355,280.3298859762,281.9212566257,20181475,0.0,1.0
2023-08-22 00:00:00+00:00,287.6,292.9,286.75,292.55,12999913,286.0488742478,291.3202895243,285.2034585903,290.9721771947,12999913,0.0,1.0
2023-08-23 00:00:00+00:00,294.24,297.4,287.67,288.5,18287001,292.6530624432,295.796019476,286.1184967137,286.9440202382,18287001,0.0,1.0
2023-08-24 00:00:00+00:00,286.75,299.46,286.64,298.5,18360882,285.2034585903,297.8449091872,285.0940518581,296.8900867975,18360882,0.0,1.0
2023-08-25 00:00:00+00:00,285.5,288.386,276.03,286.13,23701443,283.9602002703,286.8306350794,274.5412752386,284.5868024636,23701443,0.0,1.0
2023-08-28 00:00:00+00:00,290.26,291.45,285.8,288.0,14239285,288.6945279526,289.8781098732,284.2585822671,286.4467169102,14239285,0.0,1.0
2023-08-29 00:00:00+00:00,297.99,299.15,288.18,288.585,20844522,296.382837403,297.5365811239,286.6257461083,287.0285618039,20844522,0.0,1.0
2023-08-30 00:00:00+00:00,295.1,298.29,293.43,297.17,17717024,293.5084241674,296.6812193998,291.8474310519,295.5672599451,17717024,0.0,1.0
2023-08-31 00:00:00+00:00,295.89,301.1,295.66,295.8,17229865,294.2941634255,299.476064103,294.0654038947,294.2046488265,17229865,0.0,1.0
2023-09-01 00:00:00+00:00,296.38,301.74,294.47,299.37,12842257,294.781520687,300.1126123628,292.8818219741,297.7553945882,12842257,0.0,1.0
2023-09-05 00:00:00+00:00,300.15,301.39,295.51,297.02,14955989,298.5311877798,299.7645000332,293.9162128963,295.4180689468,14955989,0.0,1.0
2023-09-06 00:00:00+00:00,299.17,303.3,295.66,301.71,15418092,297.556473257,301.664198746,294.0654038947,300.0827741631,15418092,0.0,1.0
2023-09-07 00:00:00+00:00,298.67,307.0499,292.22,298.0,33748737,297.0591699291,305.3938742452,290.6439569983,296.3927834696,33748737,0.0,1.0
2023-09-08 00:00:00+00:00,297.89,305.25,296.78,299.22,17572203,296.2833767374,303.6036817251,295.1793633493,297.6062035898,17572203,0.0,1.0
2023-09-11 00:00:00+00:00,307.56,309.04,301.28,301.41,19489330,305.9012231003,307.3732409511,299.6550933011,299.7843921663,19489330,0.0,1.0
2023-09-12 00:00:00+00:00,301.66,308.6599,300.23,306.33,13480400,300.0330438303,306.9951909612,298.6107563123,304.6778569135,13480400,0.0,1.0
2023-09-13 00:00:00+00:00,305.06,307.18,301.3206,302.36,13210915,303.4147064605,305.5232725711,299.6954743313,300.7292684895,13210915,0.0,1.0
2023-09-14 00:00:00+00:00,311.72,312.87,305.03,306.74,19343102,310.038786789,311.1825844434,303.3848682608,305.0856456425,19343102,0.0,1.0
2023-09-15 00:00:00+00:00,300.31,312.0,298.75,311.61,28131140,298.6903248448,310.3172766527,297.1387384615,309.9293800569,28131140,0.0,1.0
2023-09-18 00:00:00+00:00,302.55,303.6,297.8,298.19,14234158,300.9182437541,301.9625807428,296.1938621384,296.5817587342,14234158,0.0,1.0
2023-09-19 00:00:00+00:00,305.07,306.17,299.81,302.48,15931618,303.4246525271,304.5187198486,298.1930215168,300.8486212882,15931618,0.0,1.0
2023-09-20 00:00:00+00:00,299.67,308.06,299.43,305.05,19379515,298.053776585,306.3985264283,297.8150709876,303.4047603939,19379515,0.0,1.0
2023-09-21 00:00:00+00:00,295.73,300.2566,293.27,295.7,21319582,294.1350263606,298.6372128494,291.688293987,294.1051881609,21319582,0.0,1.0
2023-09-22 00:00:00+00:00,299.08,305.38,298.27,299.3,25369592,297.466958658,303.7329805904,296.6613272667,297.6857721223,25369592,0.0,1.0
2023-09-25 00:00:00+00:00,300.83,300.95,293.7,295.64,18987014,299.2075203059,299.3268731046,292.115974849,294.0455117616,18987014,0.0,1.0
2023-09-26 00:00:00+00:00,298.96,300.2999,296.0101,297.66,19417161,297.3476058593,298.6802793176,294.4136156849,296.0546172066,19417161,0.0,1.0
2023-09-27 00:00:00+00:00,297.74,301.2997,286.79,300.45,36429835,296.134185739,299.6746870522,285.2432428565,298.8295697766,36429835,0.0,1.0
2023-09-28 00:00:00+00:00,303.96,306.3299,296.7,298.935,22167075,302.320639139,304.6777574529,295.0997948169,297.3227406929,22167075,0.0,1.0
2023-09-29 00:00:00+00:00,300.21,310.64,299.36,307.38,25373695,298.5908641792,308.9646116006,297.7454485217,305.7221939023,25373695,0.0,1.0
2023-10-02 00:00:00+00:00,306.82,307.18,301.63,302.74,16265571,305.1652141749,305.5232725711,300.0032056306,301.1072190187,16265571,0.0,1.0
2023-10-03 00:00:00+00:00,300.94,306.77,299.64,304.26,17362250,299.316927038,305.1154838422,298.0239383853,302.6190211357,17362250,0.0,1.0
2023-10-04 00:00:00+00:00,305.58,306.9,298.5,298.725,16880484,303.9319019216,305.2447827074,296.8900867975,297.1138732951,16880484,0.0,1.0
2023-10-05 00:00:00+00:00,304.79,306.208,299.5,304.625,19129957,303.1461626634,304.5565149015,297.8846934535,302.9820525652,19129957,0.0,1.0
2023-10-06 00:00:00+00:00,315.43,316.31,300.9148,301.44,21803856,313.7287774826,314.6040313398,299.2918629503,299.814230366,21803856,0.0,1.0
2023-10-09 00:00:00+00:00,318.36,320.33,311.82,312.5,22503662,316.6429749845,318.6023500967,310.1382474546,310.8145799807,22503662,0.0,1.0
2023-10-10 00:00:00+00:00,321.84,324.66,318.16,319.12,19037973,320.1042061471,322.9089969169,316.4440536533,317.398876043,19037973,0.0,1.0
2023-10-11 00:00:00+00:00,327.82,328.835,322.95,323.005,22036297,326.0519539497,327.0614797054,321.2082195352,321.2629229013,22036297,0.0,1.0
2023-10-12 00:00:00+00:00,324.16,330.54,322.69,328.0,20530518,322.4116935889,328.7572840538,320.9496218047,326.2309831477,20530518,0.0,1.0
2023-10-13 00:00:00+00:00,314.69,325.0502,312.37,323.53,21360790,312.9927685572,323.297092434,310.6852811154,321.7850913957,21360790,0.0,1.0
2023-10-16 00:00:00+00:00,321.15,321.82,315.52,318.64,16536114,319.4179275545,320.084314014,313.8182920816,316.9214648481,16536114,0.0,1.0
2023-10-17 00:00:00+00:00,324.0,324.4,317.3,318.18,16387799,322.252556524,322.6503991863,315.5886919292,316.4639457864,16387799,0.0,1.0
2023-10-18 00:00:00+00:00,316.97,325.94,315.56,321.39,16851003,315.2604717327,324.1820934365,313.8580763478,319.656633152,16851003,0.0,1.0
2023-10-19 00:00:00+00:00,312.81,321.89,311.7504,319.875,18709160,311.122908044,320.1539364799,310.0690228314,318.1498040682,18709160,0.0,1.0
2023-10-20 00:00:00+00:00,308.65,315.3,306.47,314.14,22312275,306.9853443553,313.5994786173,304.8171018454,312.4457348964,22312275,0.0,1.0
2023-10-23 00:00:00+00:00,314.01,317.36,307.26,309.5,17796785,312.3164360311,315.6483683285,305.6028411036,307.8307600129,17796785,0.0,1.0
2023-10-24 00:00:00+00:00,312.55,318.35,310.63,316.78,19525488,310.8643103135,316.6330289179,308.9546655341,315.0714964681,19525488,0.0,1.0
2023-10-25 00:00:00+00:00,299.53,310.88,298.84,310.0,42192474,297.9145316532,309.2033171981,297.2282530606,308.3280633408,42192474,0.0,1.0
2023-10-26 00:00:00+00:00,288.35,295.0,279.403,295.0,66684141,286.7948292398,293.4089635018,277.8960834891,293.4089635018,66684141,0.0,1.0
2023-10-27 00:00:00+00:00,296.73,299.31,292.97,294.48,29596256,295.1296330165,297.6957181889,291.3899119902,292.8917680407,29596256,0.0,1.0
2023-10-30 00:00:00+00:00,302.66,309.3967,299.05,299.09,28435053,301.0276504862,307.7280171453,297.4371204583,297.4769047245,28435053,0.0,1.0
2023-10-31 00:00:00+00:00,301.27,303.68,296.86,303.31,19434168,299.6451472345,302.0421492753,295.2589318818,301.6741448126,19434168,0.0,1.0
2023-11-01 00:00:00+00:00,311.85,312.74,301.85,301.85,20434580,310.1680856543,311.0532855781,300.2220190949,300.2220190949,20434580,0.0,1.0
2023-11-02 00:00:00+00:00,310.87,318.82,308.33,317.3,21631820,309.1933711315,317.1004940462,306.6670702254,315.5886919292,21631820,0.0,1.0
2023-11-03 00:00:00+00:00,314.6,315.55,311.0167,312.55,16764315,312.9032539581,313.8481302813,309.3392799279,310.8643103135,16764315,0.0,1.0
2023-11-06 00:00:00+00:00,315.8,318.33,314.45,315.98,12887699,314.0967819453,316.6131367848,312.7540629598,314.2758111433,12887699,0.0,1.0
2023-11-07 00:00:00+00:00,318.82,321.0,315.12,317.06,14055614,317.1004940462,319.2687365562,313.4204494192,315.3499863318,14055614,0.0,1.0
2023-11-08 00:00:00+00:00,319.78,321.33,314.88,318.14,13609704,318.0553164359,319.5969567526,313.1817438218,316.4241615202,13609704,0.0,1.0
2023-11-09 00:00:00+00:00,320.55,324.1799,318.8,319.418,16103071,318.821163561,322.4314862614,317.0806019131,317.6952688265,16103071,0.0,1.0
2023-11-10 00:00:00+00:00,328.77,329.1,319.46,319.94,19116921,326.9968302728,327.3250504693,317.737042306,318.2144535009,19116921,0.0,1.0
2023-11-13 00:00:00+00:00,329.19,332.33,325.7,326.2,16908948,327.4145650683,330.5376299679,323.9433878391,324.440691167,16908948,0.0,1.0
2023-11-14 00:00:00+00:00,336.31,338.1,333.33,334.54,17179403,334.4961644586,336.2765103727,331.5322366239,332.7357106776,17179403,0.0,1.0
2023-11-15 00:00:00+00:00,332.71,338.4,330.02,337.93,14531180,330.9155804972,336.5748923695,328.2400885927,336.1074272412,14531180,0.0,1.0
2023-11-16 00:00:00+00:00,334.19,334.58,326.38,329.37,18932572,332.387598348,332.7754949438,324.6197203651,327.5935942664,18932572,0.0,1.0
2023-11-17 00:00:00+00:00,335.04,335.5,329.35,330.26,14519213,333.2330140055,333.6905330673,327.5737021332,328.4787941901,14519213,0.0,1.0
2023-11-20 00:00:00+00:00,339.97,341.87,334.19,334.89,16976129,338.1364248193,340.0261774656,332.387598348,333.0838230071,16976129,0.0,1.0
2023-11-21 00:00:00+00:00,336.98,339.9015,335.9,338.33,12027863,335.162550918,338.0682942634,334.0883757296,336.5052699036,12027863,0.0,1.0
2023-11-22 00:00:00+00:00,341.49,342.92,338.58,339.21,10715177,339.6482269363,341.0705144543,336.7539215675,337.3805237608,10715177,0.0,1.0
2023-11-24 00:00:00+00:00,338.23,341.8556,336.77,340.13,5467488,336.405809238,340.0118551297,334.9536835203,338.2955618842,5467488,0.0,1.0
2023-11-27 00:00:00+00:00,334.7,339.9,334.2,336.18,15684454,332.8948477425,338.0668023534,332.3975444145,334.3668655933,15684454,0.0,1.0
2023-11-28 00:00:00+00:00,338.99,339.375,333.4,333.4,12637245,337.1617102965,337.544633859,331.6018590898,331.6018590898,12637245,0.0,1.0
2023-11-29 00:00:00+00:00,332.2,339.9,330.78,339.69,16024497,330.4083311027,338.0668023534,328.9959896512,337.8579349556,16024497,0.0,1.0
2023-11-30 00:00:00+00:00,327.15,333.5,322.4037,331.89,23146387,325.3855674902,331.7013197554,320.6648659191,330.1000030393,23146387,0.0,1.0
2023-12-01 00:00:00+00:00,324.82,326.86,320.76,325.48,15276375,323.0681339818,325.09713156,319.0300309587,323.7245743748,15276375,0.0,1.0
2023-12-04 00:00:00+00:00,320.02,320.86,313.66,317.29,19037080,318.2940220333,319.1294916243,311.9683237016,315.5787458626,19037080,0.0,1.0
2023-12-05 00:00:00+00:00,318.29,321.88,315.39,318.98,16952128,316.5733525186,320.1439904134,313.6889932163,317.2596311112,16952128,0.0,1.0
2023-12-06 00:00:00+00:00,317.45,322.25,317.04,321.93,11264491,315.7378829276,320.5119948761,315.3300941986,320.1937207462,11264491,0.0,1.0
2023-12-07 00:00:00+00:00,326.59,328.24,317.77,317.77,15905079,324.8285877628,326.4696887451,316.0561570575,316.0561570575,15905079,0.0,1.0
2023-12-08 00:00:00+00:00,332.75,333.17,323.0,323.09,14087351,330.9553647634,331.3730995589,321.257949868,321.3474644671,14087351,0.0,1.0
2023-12-11 00:00:00+00:00,325.28,329.89,319.995,329.4,25802462,323.5256530436,328.1107897274,318.2691568669,327.623432466,25802462,0.0,1.0
2023-12-12 00:00:00+00:00,334.22,334.47,324.56,324.6,18485461,332.4174365477,332.6660882116,322.8095362513,322.8493205175,18485461,0.0,1.0
2023-12-13 00:00:00+00:00,334.74,338.37,332.64,333.93,16353321,332.9346320087,336.5450541698,330.8459580313,332.1290006174,16353321,0.0,1.0
2023-12-14 00:00:00+00:00,333.17,334.7,328.6371,333.85,19607335,331.3730995589,332.8948477425,326.8646470482,332.049432085,19607335,0.0,1.0
2023-12-15 00:00:00+00:00,334.92,338.66,331.22,331.99,31776852,333.1136612068,336.8334901,329.4336165798,330.1994637049,31776852,0.0,1.0
2023-12-18 00:00:00+00:00,344.62,347.56,337.02,337.48,18993852,342.7613457694,345.6854893379,335.2023351843,335.659854246,18993852,0.0,1.0
2023-12-19 00:00:00+00:00,350.36,353.6,345.12,345.58,17661395,348.4703879745,351.6929135397,343.2586490974,343.7161681591,17661395,0.0,1.0
2023-12-20 00:00:00+00:00,349.28,354.96,347.79,348.65,16369850,347.3962127861,353.0455785918,345.9142488687,346.7696105928,16369850,0.0,1.0
2023-12-21 00:00:00+00:00,354.09,356.405,349.21,352.98,15289556,352.1802708011,354.4827852096,347.3265903202,351.0762574131,15289556,0.0,1.0
2023-12-22 00:00:00+00:00,353.39,357.1999,351.22,355.58,11772779,351.484046142,355.2733980404,349.3257496986,353.6622347185,11772779,0.0,1.0
2023-12-26 00:00:00+00:00,354.83,356.98,353.45,354.99,9898614,352.9162797265,355.0546840368,351.5437225413,353.0754167915,9898614,0.0,1.0
2023-12-27 00:00:00+00:00,357.83,359.0,355.31,356.07,12708318,355.9000996944,357.0637894818,353.3936909214,354.1495919799,12708318,0.0,1.0
2023-12-28 00:00:00+00:00,358.32,361.9,357.81,359.7,11798807,356.3874569558,359.948148784,355.8802075612,357.760014141,11798807,0.0,1.0
2023-12-29 00:00:00+00:00,353.96,360.0,351.82,358.99,14987092,352.0509719359,358.0583961377,349.9225136922,357.0538434152,14987092,0.0,1.0
2024-01-02 00:00:00+00:00,346.29,353.16,340.01,351.32,19042152,344.4223388848,351.2552866111,338.1762090855,349.4252103642,19042152,0.0,1.0
2024-01-03 00:00:00+00:00,344.47,347.95,343.175,344.98,15451133,342.612154771,346.0733859337,341.3241391516,343.1194041656,15451133,0.0,1.0
2024-01-04 00:00:00+00:00,347.12,348.1499,343.3987,344.5,12099895,345.2478624093,346.2722078042,341.5466326605,342.6419929707,12099895,0.0,1.0
2024-01-05 00:00:00+00:00,351.95,353.5,346.2601,346.99,13919573,350.0518125574,351.5934528741,344.3926001458,345.118563544,13919573,0.0,1.0
2024-01-08 00:00:00+00:00,358.66,358.98,352.05,354.7,13890222,356.7256232188,357.0438973487,350.151273223,352.7869808613,13890222,0.0,1.0
2024-01-09 00:00:00+00:00,357.43,360.64,355.36,356.4,13463871,355.502257032,358.6949443975,353.4434212542,354.4778121764,13463871,0.0,1.0
2024-01-10 00:00:00+00:00,370.47,372.94,359.08,360.17,22117206,368.4719278254,370.9286062656,357.1433580143,358.2274792693,22117206,0.0,1.0
2024-01-11 00:00:00+00:00,369.67,372.78,362.93,372.13,17205385,367.6762425007,370.7694692006,360.9725936396,370.1229748743,17205385,0.0,1.0
2024-01-12 00:00:00+00:00,374.49,377.06,369.54,370.155,19310046,372.4702465823,375.026385688,367.5469436354,368.1586267288,19310046,0.0,1.0
2024-01-16 00:00:00+00:00,367.46,375.61,367.23,373.65,15306885,365.478161791,373.5842060369,365.2494022602,371.6347769913,15306885,0.0,1.0
2024-01-17 00:00:00+00:00,368.37,368.54,358.61,366.3,12724779,366.3832538479,366.5523369795,356.675892886,364.3244180702,12724779,0.0,1.0
2024-01-18 00:00:00+00:00,376.13,376.85,370.95,371.49,16354332,374.101401498,374.8175182903,368.9493390203,369.4864266145,16354332,0.0,1.0
2024-01-19 00:00:00+00:00,383.45,384.36,377.97,379.0,21670806,381.3819222195,382.2870142764,375.9314777449,376.9559226006,21670806,0.0,1.0
2024-01-22 00:00:00+00:00,381.78,390.3525,381.1601,387.95,17680454,379.7209291041,388.2471946621,379.1043724381,385.8576521712,17680454,0.0,1.0
2024-01-23 00:00:00+00:00,385.2,388.38,382.075,384.615,15506096,383.1224838674,386.2853330333,380.0143380676,382.5406389737,15506096,0.0,1.0
2024-01-24 00:00:00+00:00,390.7,396.15,387.81,390.0,15698460,388.592820475,394.0134267499,385.7184072394,387.8965958159,15698460,0.0,1.0
2024-01-25 00:00:00+00:00,393.18,395.49,385.66,390.17,15091080,391.0594449818,393.356986357,383.5800029291,388.0656789474,15091080,0.0,1.0
2024-01-26 00:00:00+00:00,394.14,396.79,391.5908,394.35,13159290,392.0142673715,394.6499750097,389.4788160842,392.2231347692,13159290,0.0,1.0
2024-01-29 00:00:00+00:00,401.02,402.93,393.1,394.985,18742433,398.8571611643,400.7568598772,390.9798764493,392.8547099957,18742433,0.0,1.0
2024-01-30 00:00:00+00:00,400.06,406.36,399.57,403.59,18614727,397.9023387746,404.168360707,397.4149815132,401.4133002701,18614727,0.0,1.0
2024-01-31 00:00:00+00:00,390.14,398.0,387.1,389.0,20180817,388.0358407477,395.8534490634,385.0122365137,386.9019891599,20180817,0.0,1.0
2024-02-01 00:00:00+00:00,394.78,400.5,393.05,393.94,29727051,392.6508156313,398.3399657032,390.9301461165,391.8153460403,29727051,0.0,1.0
2024-02-02 00:00:00+00:00,474.99,485.96,453.01,459.6,84707646,472.4282155041,483.3390505197,450.5667612065,457.1212190692,84707646,0.0,1.0
2024-02-05 00:00:00+00:00,459.41,471.9,459.22,469.88,40832376,456.9322438046,469.3548809372,456.7432685399,467.3457754922,40832376,0.0,1.0
2024-02-06 00:00:00+00:00,454.72,467.12,453.0,464.0,21655214,452.2675385882,464.6006611218,450.55681514,461.4974883553,21655214,0.0,1.0
2024-02-07 00:00:00+00:00,469.59,471.52,456.1773,458.0,23065994,467.057339562,468.976930408,453.7169788679,455.5298484197,23065994,0.0,1.0
2024-02-08 00:00:00+00:00,470.0,470.59,465.03,468.32,18815097,467.4651282909,468.0519462179,462.5219332109,465.794189109,18815097,0.0,1.0
2024-02-09 00:00:00+00:00,468.11,473.59,467.465,472.95,18413137,465.5853217112,471.0357661858,464.9438004181,470.399217926,18413137,0.0,1.0
2024-02-12 00:00:00+00:00,468.9,479.145,466.58,468.19,19381963,466.3710609694,476.5608061595,464.0635735276,465.6648902437,19381963,0.0,1.0
2024-02-13 00:00:00+00:00,460.12,467.89,455.09,456.87,20916602,457.6384145303,465.3665082469,452.6355430509,454.4059428985,20916602,0.0,1.0
2024-02-14 00:00:00+00:00,473.28,474.11,466.0901,467.93,16858401,470.7274381224,471.5529616468,463.5763157269,465.4062925131,16858401,0.0,1.0
2024-02-15 00:00:00+00:00,484.03,488.62,472.22,475.28,24212326,481.4194596738,485.9847042245,469.6731550671,472.7166514343,24212326,0.0,1.0
2024-02-16 00:00:00+00:00,473.32,478.96,469.21,478.11,23324620,470.7672223887,476.3768039281,466.6793890327,475.5313882706,23324620,0.0,1.0
2024-02-20 00:00:00+00:00,471.75,476.18,466.56,469.715,18015523,469.2056899388,473.6117974246,464.0436813945,467.181665394,18015523,0.0,1.0
2024-02-21 00:00:00+00:00,468.03,469.0,461.79,466.5,12977050,466.0030565067,466.9688556324,459.7900806876,464.479682628,12977050,0.5,1.0
2024-02-22 00:00:00+00:00,486.13,489.99,476.0618,480.24,21625805,484.0246690588,487.8679521777,474.0000724015,478.1601774604,21625805,0.0,1.0
2024-02-23 00:00:00+00:00,484.03,494.3599,482.3482,488.05,18374286,481.9337637351,492.2189270225,480.2592472716,485.9363539262,18374286,0.0,1.0
2024-02-26 00:00:00+00:00,481.74,486.14,480.6,483.47,12101415,479.653681263,484.0346257509,478.518618373,481.3761889821,12101415,0.0,1.0
2024-02-27 00:00:00+00:00,487.05,487.27,479.92,479.975,10809595,484.9406847245,485.1597319489,477.8415633158,477.8963251219,10809595,0.0,1.0
2024-02-28 00:00:00+00:00,484.02,491.05,482.75,485.0,12715486,481.9238070431,488.9233615316,480.6593071568,482.8995628608,12715486,0.0,1.0
2024-02-29 00:00:00+00:00,490.13,491.7,482.61,488.44,17732045,488.0073458659,489.5705465127,480.5199134686,486.3246649149,17732045,0.0,1.0
2024-03-01 00:00:00+00:00,502.3,504.25,491.85,492.11,15884882,500.1246400515,502.066194995,489.719896893,489.9787708855,15884882,0.0,1.0
2024-03-04 00:00:00+00:00,498.19,504.42,496.42,503.0,12324141,496.0324396322,502.2354587593,494.2701051451,500.8216084928,12324141,0.0,1.0
2024-03-05 00:00:00+00:00,490.22,495.58,487.89,495.0,15325299,488.0969560941,493.4337430156,485.777046854,492.8562548786,15325299,0.0,1.0
2024-03-06 00:00:00+00:00,496.09,502.97,494.292,497.63,11757925,493.9415343085,500.7917384167,492.1513210837,495.4748648792,11757925,0.0,1.0
2024-03-07 00:00:00+00:00,512.19,519.85,501.38,503.28,18586437,509.9718084571,517.5986345427,499.2086243859,501.1003958693,18586437,0.0,1.0
2024-03-08 00:00:00+00:00,505.95,523.57,499.35,514.19,18597059,503.758832638,521.3025239733,497.1874159063,511.9631468606,18597059,0.0,1.0
2024-03-11 00:00:00+00:00,483.59,497.32,476.0,497.01,19982445,481.4956692863,495.1662074267,473.9385400449,494.8575499741,19982445,0.0,1.0
2024-03-12 00:00:00+00:00,499.75,502.31,484.73,493.26,15362157,497.585683587,500.1345967436,482.6307321764,491.1237904675,15362157,0.0,1.0
2024-03-13 00:00:00+00:00,495.57,500.98,491.0318,495.39,11937907,493.4237863236,498.8103567052,488.9052403521,493.2445658673,11937907,0.0,1.0
2024-03-14 00:00:00+00:00,491.83,501.35,488.16,500.255,12571134,489.699983509,499.1787543099,486.0458775384,498.0884965339,12571134,0.0,1.0
2024-03-15 00:00:00+00:00,484.1,491.83,481.3001,489.01,29153576,482.0034605792,489.699983509,479.2156863812,486.8921963599,29153576,0.0,1.0
2024-03-18 00:00:00+00:00,496.98,497.42,486.81,491.91,11755251,494.8276798981,495.2657743469,484.701724116,489.7796370451,11755251,0.0,1.0
2024-03-19 00:00:00+00:00,496.24,496.6296,481.28,488.17,10903092,494.0908846888,494.4787974098,479.1956734302,486.0558342305,10903092,0.0,1.0
2024-03-20 00:00:00+00:00,505.52,508.1999,495.17,499.5,11711100,503.3306948813,505.9989887751,493.0255186429,497.3367662866,11711100,0.0,1.0
2024-03-21 00:00:00+00:00,507.76,515.04,506.01,514.71,9712549,505.5609938932,512.8094656821,503.8185727901,512.4808948456,9712549,0.0,1.0
2024-03-22 00:00:00+00:00,509.58,509.97,504.34,507.0,8120593,507.3731118405,507.7614228292,502.1558052232,504.8042852999,8120593,0.0,1.0
2024-03-25 00:00:00+00:00,503.02,507.22,500.2411,505.79,8380617,500.8415218768,505.0233325243,498.074656732,503.5995255657,8380617,0.0,1.0
2024-03-26 00:00:00+00:00,495.89,510.0,495.2137,505.13,11205382,493.7424004682,507.7912929052,493.069029387,502.9423838926,11205382,0.0,1.0
2024-03-27 00:00:00+00:00,493.86,499.89,488.07,499.3,9989676,491.7211919886,497.7250772753,485.9562673103,497.1376324462,9989676,0.0,1.0
2024-03-28 00:00:00+00:00,485.58,492.89,485.15,492.84,15212764,483.4770509979,490.7553928628,483.0489132411,490.7056094027,15212764,0.0,1.0
2024-04-01 00:00:00+00:00,491.35,497.43,481.78,487.2,9013459,489.2220622921,495.2757310389,479.6935080311,485.0900351047,9013459,0.0,1.0
2024-04-02 00:00:00+00:00,497.37,497.53,484.65,485.1,10989041,495.2159908868,495.3752979591,482.5510786402,482.999129781,10989041,0.0,1.0
2024-04-03 00:00:00+00:00,506.74,507.24,498.75,498.93,12001199,504.5454113074,505.0432459083,496.5900143852,496.7692348416,12001199,0.0,1.0
2024-04-04 00:00:00+00:00,510.92,530.0,510.58,516.42,26207031,508.7073085708,527.7046769407,508.3687810422,514.1834891806,26207031,0.0,1.0
2024-04-05 00:00:00+00:00,527.34,530.7,514.4099,516.855,19178665,525.056196864,528.4016453819,512.1820945181,514.6166052834,19178665,0.0,1.0
2024-04-08 00:00:00+00:00,519.25,531.4899,518.89,529.28,13126009,517.0012330216,529.1881244844,516.642792109,526.9877951154,13126009,0.0,1.0
2024-04-09 00:00:00+00:00,516.9,525.87,506.74,522.23,10644177,514.6614103975,523.5925631374,504.5454113074,519.9683272429,10644177,0.0,1.0
2024-04-10 00:00:00+00:00,519.83,522.5599,505.8,509.29,11418491,517.5787211587,520.2967985126,503.6094822577,507.0843677719,11418491,0.0,1.0
2024-04-11 00:00:00+00:00,523.16,523.86,517.29,521.11,10369469,520.8942996006,521.5912680418,515.0497213861,518.8531777369,10369469,0.0,1.0
2024-04-12 00:00:00+00:00,511.9,520.1899,509.33,517.75,11984535,509.6830643886,517.9370625044,507.12419454,515.507729219,11984535,0.0,1.0
2024-04-15 00:00:00+00:00,500.23,518.53,497.28,516.72,13512893,498.0636048039,516.2843511963,495.1263806586,514.4821899411,13512893,0.0,1.0
2024-04-16 00:00:00+00:00,499.76,504.7699,497.11,498.11,9847925,497.595640279,502.583843413,494.9571168943,495.9527860961,9847925,0.0,1.0
2024-04-17 00:00:00+00:00,494.17,503.16,487.14,503.1,12193743,492.0298494411,500.9809155651,485.0302949526,500.921175413,12193743,0.0,1.0
2024-04-18 00:00:00+00:00,501.8,512.21,499.04,499.82,14808670,499.6268054507,509.9917218411,496.8787584538,497.6553804311,14808670,0.0,1.0
2024-04-19 00:00:00+00:00,481.07,502.8,475.73,502.8,25215364,478.9865828979,500.6224746524,473.6697093604,500.6224746524,25215364,0.0,1.0
2024-04-22 00:00:00+00:00,481.73,492.01,473.4,489.715,17271125,479.643724571,489.8792039653,471.3498001202,487.5941431472,17271125,0.0,1.0
2024-04-23 00:00:00+00:00,496.1,498.76,488.97,491.25,15079196,493.9514910005,496.5999710773,486.8523695919,489.1224953719,15079196,0.0,1.0
2024-04-24 00:00:00+00:00,493.5,510.0,484.58,508.06,37772677,491.3627510759,507.7912929052,482.4813817961,505.8596946538,37772677,0.0,1.0
2024-04-25 00:00:00+00:00,441.38,445.77,414.5,421.4,82890741,439.4684722794,443.8394600752,412.7048841357,419.5750016279,82890741,0.0,1.0
2024-04-26 00:00:00+00:00,443.29,446.44,431.96,441.46,32691443,441.3702004548,444.5065584404,430.0892683987,439.5481258156,32691443,0.0,1.0
2024-04-29 00:00:00+00:00,432.62,439.76,428.56,439.56,21502646,430.7464100719,437.8554881725,426.7039931127,437.6563543322,21502646,0.0,1.0
2024-04-30 00:00:00+00:00,430.17,439.6199,429.72,431.05,18429496,428.3070205275,437.7159949174,427.8589693867,429.1832094251,18429496,0.0,1.0
2024-05-01 00:00:00+00:00,439.19,449.96,427.11,428.6,20344947,437.2879567275,448.0113140306,425.2602727701,426.7438198807,20344947,0.0,1.0
2024-05-02 00:00:00+00:00,441.68,443.96,432.28,438.84,15221322,439.7671730399,442.03729882,430.4078825433,436.9394725069,15221322,0.0,1.0
2024-05-03 00:00:00+00:00,451.96,454.17,443.85,445.93,16489057,450.0026524342,452.2030813701,441.9277752078,443.9987671475,16489057,0.0,1.0
2024-05-06 00:00:00+00:00,465.68,466.16,453.34,455.58,15094627,463.6632338825,464.1411550994,451.3766759326,453.6069749446,15094627,0.0,1.0
2024-05-07 00:00:00+00:00,468.24,471.53,461.31,466.29,13406816,466.2121470391,469.4878987129,459.3121594708,464.2705920956,13406816,0.0,1.0
2024-05-08 00:00:00+00:00,472.6,475.58,463.002,463.5,11683929,470.5532647588,473.5203589801,460.9968317602,461.4926750227,11683929,0.0,1.0
2024-05-09 00:00:00+00:00,475.42,476.08,467.63,470.0,9437651,473.3610519078,474.018193581,465.604788826,467.9645248342,9437651,0.0,1.0
2024-05-10 00:00:00+00:00,476.2,477.5,469.6,477.09,10749999,474.1376738852,475.4320438475,467.5662571535,475.0238194748,10749999,0.0,1.0
2024-05-13 00:00:00+00:00,468.01,473.35,462.85,472.75,14668798,465.9831431227,471.3000166602,460.8454900415,470.7026151391,14668798,0.0,1.0
2024-05-14 00:00:00+00:00,471.85,472.54,460.08,463.37,10478553,469.8065128575,470.4935246067,458.0874863526,461.3632380264,10478553,0.0,1.0
2024-05-15 00:00:00+00:00,481.54,482.4999,471.2,474.98,13100470,479.4545474227,480.4102902895,469.1593278763,472.922957459,13100470,0.0,1.0
2024-05-16 00:00:00+00:00,473.23,477.69,472.75,475.0,16608179,471.1805363559,475.6212209959,470.7026151391,472.9428708431,16608179,0.0,1.0
2024-05-17 00:00:00+00:00,471.91,472.8,468.42,470.83,10807289,469.8662530096,470.7523985992,466.3913674954,468.7909302717,10807289,0.0,1.0
2024-05-20 00:00:00+00:00,468.84,473.2,467.04,469.95,11745080,466.8095485601,471.1506662799,465.017343997,467.9147413741,11745080,0.0,1.0
2024-05-21 00:00:00+00:00,464.63,470.7,462.27,467.12,11742189,462.6177812207,468.6614932755,460.2680019045,465.0969975331,11742189,0.0,1.0
2024-05-22 00:00:00+00:00,467.78,473.7199,465.65,467.87,10078611,465.7541392063,471.6683146979,463.6333638065,465.8437494344,10078611,0.0,1.0
2024-05-23 00:00:00+00:00,465.78,474.3581,461.54,472.88,11747913,463.7628008027,472.3037507825,459.5411633872,470.8320521353,11747913,0.0,1.0
2024-05-24 00:00:00+00:00,478.22,479.8499,466.3,467.62,12024254,476.1489256728,477.7717669048,464.2805487876,465.594832134,12024254,0.0,1.0
2024-05-28 00:00:00+00:00,479.92,480.86,474.84,476.575,10175770,477.8415633158,478.7774923655,472.7835637708,474.5110498359,10175770,0.0,1.0
2024-05-29 00:00:00+00:00,474.36,479.85,473.7,474.66,9226218,472.3056425539,477.7718664717,471.6485008808,472.6043433145,9226218,0.0,1.0
2024-05-30 00:00:00+00:00,467.05,471.73,464.71,471.67,10735226,465.027300689,469.6870325533,462.6974347568,469.6272924012,10735226,0.0,1.0
2024-05-31 00:00:00+00:00,466.83,469.12,454.4601,465.8,16919805,464.8082534646,467.0883359366,452.4919250055,463.7827141868,16919805,0.0,1.0
2024-06-03 00:00:00+00:00,477.49,479.6,468.24,470.86,11279390,475.4220871555,477.5229491712,466.2121470391,468.8208003477,11279390,0.0,1.0
2024-06-04 00:00:00+00:00,476.99,478.89,473.2322,477.0,7088718,474.9242525546,476.816024038,471.1827268282,474.9342092466,7088718,0.0,1.0
2024-06-05 00:00:00+00:00,495.06,496.65,483.91,484.45,15690484,492.9159950307,494.4991090615,481.8142834309,482.3519447999,15690484,0.0,1.0
2024-06-06 00:00:00+00:00,493.76,502.82,490.89,492.98,10667339,491.6216250684,500.6423880365,488.7640544593,490.845003091,10667339,0.0,1.0
2024-06-07 00:00:00+00:00,492.96,498.91,490.1701,495.91,9380745,490.825089707,496.7493214575,488.0472722009,493.7623138522,9380745,0.0,1.0
2024-06-10 00:00:00+00:00,502.6,502.66,493.41,493.86,11236919,500.4233408121,500.4830809642,491.2731408478,491.7211919886,11236919,0.0,1.0
2024-06-11 00:00:00+00:00,507.47,507.6,498.27,500.16,9673715,505.2722498247,505.4016868209,496.1120931684,497.9939079597,9673715,0.0,1.0
2024-06-12 00:00:00+00:00,508.84,514.01,504.47,513.99,11983227,506.6363166311,511.7839264043,502.2852422194,511.7640130203,11983227,0.0,1.0
2024-06-13 00:00:00+00:00,504.1,509.36,501.36,505.71,9954621,501.9168446147,507.1540646161,499.1887110019,503.5198720296,9954621,0.0,1.0
2024-06-14 00:00:00+00:00,504.16,507.15,500.75,502.65,10243347,502.4744193677,505.4544227673,499.0758201729,500.9694678181,10243347,0.5,1.0
2024-06-17 00:00:00+00:00,506.63,510.75,496.01,501.67,11266601,504.9361613065,509.0423867266,494.3516676265,499.9927442959,11266601,0.0,1.0
2024-06-18 00:00:00+00:00,499.49,506.0,495.02,504.56,13060425,497.8200327872,504.3082676136,493.3649775377,502.8730820299,13060425,0.0,1.0
2024-06-20 00:00:00+00:00,501.7,503.67,496.77,502.0,11801182,500.0226439955,501.9860576066,495.1091266846,500.3216409921,11801182,0.0,1.0
2024-06-21 00:00:00+00:00,494.78,503.45,492.39,503.45,23130732,493.1257799404,501.7667931424,490.7437705341,501.7667931424,23130732,0.0,1.0
2024-06-24 00:00:00+00:00,498.91,507.8,494.29,499.2,13525278,497.2419719271,506.1022495932,492.6374181793,497.5310023571,13525278,0.0,1.0
2024-06-25 00:00:00+00:00,510.6,510.71,495.5,497.05,12109769,508.8928882283,509.0025204604,493.8433727323,495.3881905481,12109769,0.0,1.0
2024-06-26 00:00:00+00:00,513.12,513.81,504.6765,506.645,8882337,511.4044629998,512.092156092,502.9891925302,504.9511111563,8882337,0.0,1.0
2024-06-27 00:00:00+00:00,519.56,522.8799,513.9,514.25,10121199,517.8229318603,521.1317322905,512.181855191,512.5306850203,10121199,0.0,1.0
2024-06-28 00:00:00+00:00,504.22,521.88,503.84,517.15,15855137,502.534218767,520.1351753008,502.155489238,515.4209893209,15855137,0.0,1.0
2024-07-01 00:00:00+00:00,504.68,506.58,493.17,504.95,10328150,502.9926808285,504.8863284737,491.5211627253,503.2617781255,10328150,0.0,1.0
2024-07-02 00:00:00+00:00,509.5,510.5,499.45,500.76,7739479,507.7965659074,508.7932225627,497.780166521,499.0857867395,7739479,0.0,1.0
2024-07-03 00:00:00+00:00,509.96,511.28,506.02,506.37,6005615,508.2550279688,509.5706147539,504.3282007467,504.6770305761,6005615,0.0,1.0
2024-07-05 00:00:00+00:00,539.91,540.87,511.6,511.6,21354093,538.1048947969,539.0616851861,509.8895448836,509.8895448836,21354093,0.0,1.0
2024-07-08 00:00:00+00:00,529.32,542.81,526.65,542.35,14917495,527.5503008167,540.9951990975,524.8892275468,540.536737036,14917495,0.0,1.0
2024-07-09 00:00:00+00:00,530.0,537.48,528.1901,533.75,8769088,528.2280273423,535.6830191244,526.4241784618,531.9654897999,8769088,0.0,1.0
2024-07-10 00:00:00+00:00,534.69,538.88,528.36,530.79,10983276,532.902347056,537.0783384419,526.5935104275,529.0153861,10983276,0.0,1.0
2024-07-11 00:00:00+00:00,512.7,535.46,508.3733,530.89,16458253,510.9858672045,533.6697726806,506.6736328538,529.1150517656,16458253,0.0,1.0
2024-07-12 00:00:00+00:00,498.87,508.09,494.23,497.755,19750544,497.2021056609,506.3912800233,492.57761878,496.0908334901,19750544,0.0,1.0
2024-07-15 00:00:00+00:00,496.16,506.6799,493.37,498.63,12539163,494.5011661248,504.9858944736,491.7204940564,496.9629080636,12539163,0.0,1.0
2024-07-16 00:00:00+00:00,489.79,503.9499,485.79,501.5,14075833,488.1524632302,502.2650218044,484.1658366087,499.8233126645,14075833,0.0,1.0
2024-07-17 00:00:00+00:00,461.99,479.17,459.12,479.17,28076595,460.4454082111,477.5679695502,457.5850036102,477.5679695502,28076595,0.0,1.0
2024-07-18 00:00:00+00:00,475.85,479.2393,464.54,475.0,19267160,474.2590694544,477.6370378564,462.9868826822,473.4119112973,19267160,0.0,1.0
2024-07-19 00:00:00+00:00,476.79,486.71,475.71,476.06,15149416,475.1959267104,485.0827607316,474.1195375227,474.468367352,15149416,0.0,1.0
2024-07-22 00:00:00+00:00,487.4,492.06,483.9,486.575,12023088,485.7704538238,490.4148738378,482.2821555301,484.9482120832,12023088,0.0,1.0
2024-07-23 00:00:00+00:00,488.69,495.22,487.72,489.84,9455527,487.0561409093,493.5643088688,486.0893839536,488.2022960629,9455527,0.0,1.0
2024-07-24 00:00:00+00:00,461.27,476.3,460.58,472.305,17649738,459.7278154192,474.7075649493,459.040122327,470.7259216111,17649738,0.0,1.0
2024-07-25 00:00:00+00:00,453.41,463.548,442.65,463.26,18240489,451.8940941081,461.9981992801,441.1700684964,461.7111621634,18240489,0.0,1.0
2024-07-26 00:00:00+00:00,465.7,469.77,459.42,464.195,14222388,464.1430044025,468.1993969898,457.8840006068,462.6430361361,14222388,0.0,1.0
2024-07-29 00:00:00+00:00,465.71,473.96,465.02,469.88,11339630,464.152970969,472.3753883758,463.4652778768,468.3090292219,11339630,0.0,1.0
2024-07-30 00:00:00+00:00,463.19,472.73,456.7,467.0,11390439,461.6413961975,471.1495006897,455.1730945042,465.4386580544,11390439,0.0,1.0
2024-07-31 00:00:00+00:00,474.83,476.5,466.75,471.02,24285777,473.2424796659,474.9068962804,465.1894938906,469.445217809,24285777,0.0,1.0
2024-08-01 00:00:00+00:00,497.74,527.1709,492.1,521.0,43083082,496.0758836403,525.4083859986,490.4547401041,519.258117444,43083082,0.0,1.0
2024-08-02 00:00:00+00:00,488.14,501.145,476.15,489.0,24044658,486.5079797488,499.4694995518,474.558066451,487.3651044724,24044658,0.0,1.0
2024-08-05 00:00:00+00:00,475.73,483.48,450.8,451.345,21396191,474.1394706558,481.8635597348,449.2928202376,449.8359981147,21396191,0.0,1.0
2024-08-06 00:00:00+00:00,494.09,502.56,478.65,479.0,20954959,492.4380868482,500.8797687191,477.0497080894,477.3985379188,20954959,0.0,1.0
2024-08-07 00:00:00+00:00,488.92,510.15,486.86,503.13,20105307,487.28537194,508.4443927333,485.2322592299,501.4478630127,20105307,0.0,1.0
2024-08-08 00:00:00+00:00,509.63,509.96,494.72,497.5,16156843,507.9261312726,508.2550279688,493.0659805411,495.836686043,16156843,0.0,1.0
2024-08-09 00:00:00+00:00,517.77,518.34,505.7,507.71,13696640,516.0389164472,516.6070107408,504.009270617,506.0125504943,13696640,0.0,1.0
2024-08-12 00:00:00+00:00,515.95,518.02,509.1,516.86,9767422,514.2250013345,516.2880806111,507.3979032452,515.1319588908,9767422,0.0,1.0
2024-08-13 00:00:00+00:00,528.54,531.4999,518.15,520.01,13743839,526.7729086255,529.7229126597,516.4176459763,518.2714273552,13743839,0.0,1.0
2024-08-14 00:00:00+00:00,526.76,534.0,523.13,528.06,11444189,524.9988597789,532.2146539638,521.38099612,526.2945134309,11444189,0.0,1.0
2024-08-15 00:00:00+00:00,537.33,539.77,526.7,531.79,13482141,535.5335206261,537.9653628652,524.9390603796,530.0120427554,13482141,0.0,1.0
2024-08-16 00:00:00+00:00,527.42,533.66,524.66,531.9,14776684,525.6566531715,531.8757907009,522.9058808027,530.1216749875,14776684,0.0,1.0
2024-08-19 00:00:00+00:00,529.28,531.66,522.76,526.87,9879713,527.5104345504,529.8824773902,521.0122331575,525.108492011,9879713,0.0,1.0
2024-08-20 00:00:00+00:00,526.73,531.09,525.88,528.35,7944391,524.9689600793,529.3143830966,524.1218019222,526.583543861,7944391,0.0,1.0
2024-08-21 00:00:00+00:00,535.16,539.4,526.935,527.15,13423292,533.370775684,537.5965999027,525.1732746936,525.3875558745,13423292,0.0,1.0
2024-08-22 00:00:00+00:00,531.93,544.23,528.59,537.0,15708292,530.1515746872,542.4104515481,526.8227414582,535.2046239298,15708292,0.0,1.0
2024-08-23 00:00:00+00:00,528.0,539.87,525.06,536.92,11323936,526.2347140316,538.0650285307,523.3045434648,535.1248913974,11323936,0.0,1.0
2024-08-26 00:00:00+00:00,521.12,528.0,514.95,527.6,9584002,519.3777162427,526.2347140316,513.2283446791,525.8360513694,9584002,0.0,1.0
2024-08-27 00:00:00+00:00,519.1,524.01,515.31,518.98,6282720,517.3644697988,522.2580539767,513.587141075,517.2448710002,6282720,0.0,1.0
2024-08-28 00:00:00+00:00,516.78,521.085,512.45,517.675,9106077,515.0522263584,519.3428332597,510.7367030407,515.944234065,9106077,0.0,1.0
2024-08-29 00:00:00+00:00,518.22,527.2,515.6789,519.05,8317424,516.4874119421,525.4373887073,513.9548077152,517.3146369661,8317424,0.0,1.0
2024-08-30 00:00:00+00:00,521.31,523.54,515.2,521.35,9157541,519.5670810072,521.7896253487,513.4775088429,519.6069472734,9157541,0.0,1.0
2024-09-03 00:00:00+00:00,511.76,525.49,508.6176,519.64,12459113,510.0490099485,523.7331058266,506.9171160747,517.9026643927,12459113,0.0,1.0
2024-09-04 00:00:00+00:00,512.74,516.59,504.07,506.07,8255543,511.0257334707,514.8628615939,502.3847202687,504.3780335795,8255543,0.0,1.0
2024-09-05 00:00:00+00:00,516.86,521.6295,511.15,511.72,8640888,515.1319588908,519.8855128086,509.4410493887,510.0091436823,8640888,0.0,1.0
2024-09-06 00:00:00+00:00,500.27,524.5849,498.25,521.88,14744521,498.5974249784,522.8310318878,496.5841785345,520.1351753008,14744521,0.0,1.0
2024-09-09 00:00:00+00:00,504.79,511.33,502.08,506.16,11047828,503.1023130606,509.6204475867,500.4013735246,504.4677326785,11047828,0.0,1.0
2024-09-10 00:00:00+00:00,504.79,514.18,500.0278,508.16,9899022,503.1023130606,512.4609190545,498.3560347364,506.4610459892,9899022,0.0,1.0
2024-09-11 00:00:00+00:00,511.83,513.12,495.6,507.01,10782532,510.1187759144,511.4044629998,493.9430383978,505.3148908355,10782532,0.0,1.0
2024-09-12 00:00:00+00:00,525.6,526.71,515.22,517.05,11993342,523.8427380587,524.9490269462,513.497441976,515.3213236554,11993342,0.0,1.0
2024-09-13 00:00:00+00:00,524.62,527.581,517.11,520.34,10321422,522.8660145364,525.817114893,515.3811230547,518.6003240515,10321422,0.0,1.0
2024-09-16 00:00:00+00:00,533.28,534.1,517.4,524.54,9527646,531.9953894996,532.8134142134,516.1536426025,523.2764431595,9527646,0.5,1.0
2024-09-17 00:00:00+00:00,536.315,542.1,530.57,537.6,11690779,535.0230785318,540.7941431288,529.2919175795,536.3049831139,11690779,0.0,1.0
2024-09-18 00:00:00+00:00,537.95,544.2,533.9026,537.065,10323537,536.6541400039,542.8890844691,532.6164897274,535.7712718677,10323537,0.0,1.0
2024-09-19 00:00:00+00:00,559.1,562.07,546.52,550.0,15646951,557.753192074,560.7160376838,545.2034958545,548.6751129327,15646951,0.0,1.0
2024-09-20 00:00:00+00:00,561.35,564.5,556.3001,560.0,22066817,559.9977720814,563.1401840919,554.9600367127,558.651024077,22066817,0.0,1.0
2024-09-23 00:00:00+00:00,564.41,573.9799,562.41,569.5,12830669,563.0504008916,572.5972480975,561.0552186627,568.128139664,12830669,0.0,1.0
2024-09-24 00:00:00+00:00,563.33,567.745,554.19,566.68,12992956,561.973002488,566.3773672582,552.8550197022,565.3149327213,12992956,0.0,1.0
2024-09-25 00:00:00+00:00,568.31,576.88,563.72,564.05,16543350,566.9410062378,575.4903620884,562.3620630226,562.6912680904,16543350,0.0,1.0
2024-09-26 00:00:00+00:00,567.84,577.4,562.3501,575.73,14400787,566.472138414,576.0091094679,560.995462955,574.3431323068,14400787,0.0,1.0
2024-09-27 00:00:00+00:00,567.36,570.8399,564.51,570.1,9398367,565.9932946791,569.4648119982,563.150160003,568.7266943326,9398367,0.0,1.0
2024-09-30 00:00:00+00:00,572.44,574.68,564.8,567.7,12807206,571.0610575404,573.2956616367,563.4394614262,566.332475658,12807206,0.0,1.0
2024-10-01 00:00:00+00:00,576.47,583.04,570.1,577.98,15259274,575.0813497315,581.6355233533,568.7266943326,576.5877123143,15259274,0.0,1.0
2024-10-02 00:00:00+00:00,572.81,576.0,569.34,574.86,6524650,571.4301662527,574.6124819077,567.9685250857,573.4752280373,6524650,0.0,1.0
2024-10-03 00:00:00+00:00,582.77,583.36,568.73,570.15,11580980,581.3661737524,581.9547525099,567.3599945059,568.7765738884,11580980,0.0,1.0
2024-10-04 00:00:00+00:00,595.94,596.85,581.43,583.73,14199788,594.5044487293,595.4122566435,580.029401659,582.3238612222,14199788,0.0,1.0
2024-10-07 00:00:00+00:00,584.78,602.95,584.04,598.22,12014198,583.3713318924,601.4975624414,582.6331144677,596.7789564702,12014198,0.0,1.0
2024-10-08 00:00:00+00:00,592.89,593.56,585.97,589.69,7857377,591.4617958303,592.130181877,584.5584653185,588.2695042642,7857377,0.0,1.0
2024-10-09 00:00:00+00:00,590.51,594.39,581.61,593.99,9529707,589.087528978,592.958182502,580.2089680596,592.5591460562,9529707,0.0,1.0
2024-10-10 00:00:00+00:00,583.83,590.23,582.52,587.57,7740449,582.4236203337,588.808203466,581.1167759738,586.1546111016,7740449,0.0,1.0
2024-10-11 00:00:00+00:00,589.95,591.21,582.71,584.83,8587051,588.5288779539,589.7858427581,581.3063182855,583.4212114481,8587051,0.0,1.0
2024-10-14 00:00:00+00:00,590.42,600.1,589.96,594.22,8251971,588.9977457777,598.6544277653,588.5388538651,592.7885920125,8251971,0.0,1.0
2024-10-15 00:00:00+00:00,586.27,590.61,580.143,590.16,9564236,584.8577426529,589.1872880895,578.7455018948,588.738372088,9564236,0.0,1.0
2024-10-16 00:00:00+00:00,576.79,582.08,574.03,581.395,11268384,575.4005788881,580.6778358834,572.6472274123,579.99448597,11268384,0.0,1.0
2024-10-17 00:00:00+00:00,576.93,584.97,575.2,583.33,8701158,575.5402416441,583.5608742041,573.8144090162,581.9248247765,8701158,0.0,1.0
2024-10-18 00:00:00+00:00,576.47,583.9675,575.25,581.1,7694274,575.0813497315,582.5607891119,573.8642885719,579.7001965913,7694274,0.0,1.0
2024-10-21 00:00:00+00:00,575.16,577.2399,569.11,576.03,8171879,573.7745053716,575.8493951305,567.7390791294,574.6424096412,8171879,0.0,1.0
2024-10-22 00:00:00+00:00,582.01,583.53,572.12,574.29,8544463,580.6080045054,582.1243429993,570.7418283838,572.9066011021,8544463,0.0,1.0
2024-10-23 00:00:00+00:00,563.69,585.0,562.5,579.97,14248419,562.3321352892,583.5908019375,561.145001863,578.572918632,14248419,0.0,1.0
2024-10-24 00:00:00+00:00,567.78,568.8799,561.52,567.125,7184651,566.4122829472,567.5095334139,560.1673625709,565.7588607672,7184651,0.0,1.0
2024-10-25 00:00:00+00:00,573.25,581.29,571.72,573.935,11337874,571.8691063431,579.889738903,570.342791938,572.5524562564,11337874,0.0,1.0
2024-10-28 00:00:00+00:00,578.16,583.7499,574.12,582.0,10925131,576.7672787149,582.3437132854,572.7370106126,580.5980285943,10925131,0.0,1.0
2024-10-29 00:00:00+00:00,593.28,593.67,575.398,580.145,13019092,591.850856365,592.2399168996,574.0119320568,578.747497077,13019092,0.0,1.0
2024-10-30 00:00:00+00:00,591.8,601.2,589.38,600.98,26864925,590.3744215156,599.7517779912,587.9602510187,599.532307946,26864925,0.0,1.0
2024-10-31 00:00:00+00:00,567.58,589.9,563.01,585.0,26838395,566.2127647243,588.4789983982,561.6537733314,583.5908019375,26838395,0.0,1.0
2024-11-01 00:00:00+00:00,567.16,573.67,562.56,567.605,15303235,565.7937764562,572.2880946111,561.2048573299,566.2377045021,15303235,0.0,1.0
2024-11-04 00:00:00+00:00,560.68,568.69,557.89,564.1,12064601,559.3293860348,567.3200908613,556.5461068255,562.7411476461,12064601,0.0,1.0
2024-11-05 00:00:00+00:00,572.43,573.48,566.67,567.305,9775379,571.0510816292,572.0985522994,565.3049568102,565.9384271678,9775379,0.0,1.0
2024-11-06 00:00:00+00:00,572.05,573.0,555.1679,562.75,18305429,570.6719970058,571.6197085645,553.830564053,561.3943996416,18305429,0.0,1.0
2024-11-07 00:00:00+00:00,591.7,594.7999,575.21,576.89,14653708,590.2746624042,593.3670950998,573.8243849273,575.5003379996,14653708,0.0,1.0
2024-11-08 00:00:00+00:00,589.34,593.1,584.52,591.54,9415699,587.9203473741,591.6712899644,583.1119582026,590.1150478259,9415699,0.0,1.0
2024-11-11 00:00:00+00:00,583.17,587.0,576.51,586.36,10209051,581.7652101981,585.5859841664,575.1212533761,584.9475258532,10209051,0.0,1.0
2024-11-12 00:00:00+00:00,584.82,599.66,580.38,588.545,16287724,583.4112355369,598.215487675,578.9819309889,587.1272624382,16287724,0.0,1.0
2024-11-13 00:00:00+00:00,580.0,585.64,575.17,582.605,10757583,578.6028463654,584.2292602508,573.7844812828,581.2015712185,10757583,0.0,1.0
2024-11-14 00:00:00+00:00,577.16,580.76,573.01,577.0,11053743,575.7696876005,579.3610156124,571.6296844756,575.6100730222,11053743,0.0,1.0
2024-11-15 00:00:00+00:00,554.08,572.57,551.5,571.22,17712864,552.7452846796,571.1907443853,550.1714996044,569.8439963808,17712864,0.0,1.0
2024-11-18 00:00:00+00:00,554.4,559.9,550.09,557.04,14346715,553.0645138362,558.5512649655,548.764896133,555.6981543783,14346715,0.0,1.0
2024-11-19 00:00:00+00:00,561.09,561.43,550.6,551.86,9522445,559.7383983917,560.0775793706,549.2736676014,550.5306324056,9522445,0.0,1.0
2024-11-20 00:00:00+00:00,565.52,566.3499,554.2001,562.93,9797339,564.1577270286,564.9856278944,552.8650953724,561.5739660422,9797339,0.0,1.0
2024-11-21 00:00:00+00:00,563.09,570.0,549.05,569.52,11154749,561.7335806205,568.6269352212,547.727401374,568.1480914863,11154749,0.0,1.0
2024-11-22 00:00:00+00:00,559.14,563.8273,554.59,563.55,9164004,557.7930957186,562.4691045492,553.2540561479,562.1924725332,9164004,0.0,1.0
2024-11-25 00:00:00+00:00,565.11,572.5915,556.39,562.1,13599830,563.7487146717,571.2121925942,555.0497201539,560.7459654172,13599830,0.0,1.0
2024-11-26 00:00:00+00:00,573.54,577.5,565.2,566.0,10356550,572.1584077662,576.1088685794,563.838497872,564.6365707635,10356550,0.0,1.0
2024-11-27 00:00:00+00:00,569.2,574.98,564.1001,574.89,7200228,567.8288623297,573.594938971,562.7412474052,573.5051557707,7200228,0.0,1.0
2024-11-29 00:00:00+00:00,574.32,578.46,566.9,569.0,7130519,572.9365288355,577.0665560492,565.5344027665,567.6293441068,7130519,0.0,1.0
2024-12-02 00:00:00+00:00,592.83,594.5,575.57,577.5,12522371,591.4019403635,593.0679175246,574.1835177285,576.1088685794,12522371,0.0,1.0
2024-12-03 00:00:00+00:00,613.65,614.2,591.2501,595.0,14907164,612.1717873658,612.7204624787,589.8258461618,593.5667130818,14907164,0.0,1.0
2024-12-04 00:00:00+00:00,613.78,617.78,605.1,612.96,14697006,612.3014742106,616.2918386683,603.6423833374,611.4834494968,14697006,0.0,1.0
2024-12-05 00:00:00+00:00,608.93,619.9,607.05,617.075,8081212,607.4631573057,618.4067318309,605.5876860106,615.5885369327,8081212,0.0,1.0
2024-12-06 00:00:00+00:00,623.77,629.7899,608.53,610.1,16935503,622.2674094437,628.2728081934,607.0641208599,608.6303389096,16935503,0.0,1.0
2024-12-09 00:00:00+00:00,613.57,626.4,606.1701,623.925,11426015,612.0919800766,624.8910740747,604.709905589,622.4220360665,11426015,0.0,1.0
2024-12-10 00:00:00+00:00,619.32,625.59,612.74,617.56,10938854,617.8281289845,624.083025272,611.2639794516,616.0723686232,10938854,0.0,1.0
2024-12-11 00:00:00+00:00,632.68,638.4,621.5349,623.37,10837228,631.1559462732,636.8621674477,620.0376935439,621.868372998,10837228,0.0,1.0
2024-12-12 00:00:00+00:00,630.79,636.6599,627.2094,631.5,7474717,629.270499067,635.1262591495,625.6985243227,629.9787887582,7474717,0.0,1.0
2024-12-13 00:00:00+00:00,620.35,631.08,616.886,627.22,8453349,618.8556478324,629.5598004902,615.399992212,625.7090987885,8453349,0.0,1.0
2024-12-16 00:00:00+00:00,624.24,631.15,618.58,629.975,10885625,623.2350728247,630.1339488231,617.584184525,628.9608403863,10885625,0.5,1.0
2024-12-17 00:00:00+00:00,619.44,632.37,616.54,626.17,12897842,618.4428000617,631.351984817,615.5474686008,625.1619658315,12897842,0.0,1.0
2024-12-18 00:00:00+00:00,597.19,627.36,596.32,621.0,17075480,596.228619025,626.3500501206,595.3600195868,620.0002887097,17075480,0.0,1.0
2024-12-19 00:00:00+00:00,595.57,611.52,595.0,610.39,14958082,594.6112269675,610.5355500028,594.0421445769,609.4073691232,14958082,0.0,1.0
2024-12-20 00:00:00+00:00,585.25,603.11,580.0,590.58,48989390,584.3078405271,602.139088766,579.0662921926,589.6292600744,48989390,0.0,1.0
2024-12-23 00:00:00+00:00,599.85,601.09,586.25,589.6,10205750,598.8843368479,600.122340645,585.3062306861,588.6508377186,10205750,0.0,1.0
2024-12-24 00:00:00+00:00,607.75,607.99,599.2849,602.715,4726056,606.7716191036,607.0112327417,598.320146569,601.7447246533,4726056,0.0,1.0
2024-12-26 00:00:00+00:00,603.35,606.3,598.94,605.48,6091239,602.3787024042,605.3239533731,597.9758018032,604.5052734428,6091239,0.0,1.0
2024-12-27 00:00:00+00:00,599.81,601.85,589.8,599.41,8084229,598.8444012415,600.8811171658,588.8505157504,598.4450451779,8084229,0.0,1.0
2024-12-30 00:00:00+00:00,591.24,596.9399,585.58,588.75,7025864,590.2881975793,595.9789216463,584.6373092796,587.8022060835,7025864,0.0,1.0
2024-12-31 00:00:00+00:00,585.51,593.97,583.85,592.265,6019520,584.5674219685,593.0138027132,582.9100943046,591.3115474922,6019520,0.0,1.0
2025-01-02 00:00:00+00:00,599.24,604.91,587.82,589.72,12682269,598.2753188509,603.9361910522,586.8737032357,588.7706445377,12682269,0.0,1.0
2025-01-03 00:00:00+00:00,604.63,609.5,596.4136,604.76,11436784,603.6566418076,608.5188018817,595.4534689056,603.7864325283,11436784,0.0,1.0
2025-01-06 00:00:00+00:00,630.2,630.99,605.62,611.825,14560754,629.1854781721,629.9742063976,604.645048065,610.8400590013,14560754,0.0,1.0
2025-01-07 00:00:00+00:00,617.89,632.1011,608.23,631.7,12071479,616.8952953154,631.0835177033,607.2508463799,630.6830634105,12071479,0.0,1.0
2025-01-08 00:00:00+00:00,610.72,616.4397,602.79,613.395,10085846,609.7368378757,615.4473300678,601.8196039152,612.4075315509,10085846,0.0,1.0
2025-01-10 00:00:00+00:00,615.86,629.91,597.34,610.03,19256564,614.8685632927,628.895945026,596.3783775489,609.047948666,19256564,0.0,1.0
2025-01-13 00:00:00+00:00,608.33,608.97,598.445,607.1,10785031,607.3506853958,607.9896550975,597.4815986745,606.1226655003,10785031,0.0,1.0
2025-01-14 00:00:00+00:00,594.25,605.49,588.55,605.065,13597992,593.2933519577,604.5152573443,587.6025280517,604.0909415268,13597992,0.0,1.0
2025-01-15 00:00:00+00:00,617.12,622.46,606.5,610.21,15524302,616.126534893,621.4579383418,605.5236314049,609.2276588946,15524302,0.0,1.0
2025-01-16 00:00:00+00:00,611.3,616.25,609.71,611.5,8355349,610.3159041679,615.2579354547,608.7284638151,610.5155821997,8355349,0.0,1.0
2025-01-17 00:00:00+00:00,612.77,624.97,603.67,624.05,17280600,611.7835377015,623.9638976407,602.6981872551,623.0453786945,17280600,0.0,1.0
2025-01-21 00:00:00+00:00,616.46,621.5,609.0082,617.825,11674016,615.4675973881,620.4994837892,608.0277936016,616.830399955,11674016,0.0,1.0
2025-01-22 00:00:00+00:00,623.5,633.7,619.435,623.3,12274011,622.4962641071,632.6798437284,618.4378081109,622.2965860753,12274011,0.0,1.0
2025-01-23 00:00:00+00:00,636.45,636.6,621.15,627.36,9910163,635.4254166655,635.5751751894,620.1500472335,626.3500501206,9910163,0.0,1.0
2025-01-24 00:00:00+00:00,647.49,652.0,634.2,636.4,19065329,646.4476440204,650.9503836372,633.1790388079,635.3754971576,19065329,0.0,1.0
2025-01-27 00:00:00+00:00,659.88,663.87,625.1,626.61,28399190,658.8176980898,662.801274824,624.0936883614,625.6012575014,28399190,0.0,1.0
2025-01-28 00:00:00+00:00,674.33,682.58,659.465,666.0,20950107,673.2444358867,681.481154698,658.4033661738,664.9278458626,20950107,0.0,1.0
2025-01-29 00:00:00+00:00,676.49,681.0459,665.67,675.0,21377820,675.40095863,679.9495243552,664.5983771101,673.9133572932,21377820,0.0,1.0
2025-01-30 00:00:00+00:00,687.0,710.79,676.1,696.82,29322898,685.8940392006,709.6457410821,675.011586468,695.6982305615,29322898,0.0,1.0
2025-01-31 00:00:00+00:00,689.18,705.2999,685.58,691.0,19331660,688.0705297471,704.1644792704,684.4763251749,689.8875998364,19331660,0.0,1.0
2025-02-03 00:00:00+00:00,697.46,704.0,675.25,675.91,21415739,696.3372002632,702.8666719028,674.1629548329,674.8218923378,21415739,0.0,1.0
2025-02-04 00:00:00+00:00,704.19,707.71,691.61,702.5,13826270,703.056366033,706.5706993925,690.4966178334,701.3690866644,13826270,0.0,1.0
2025-02-05 00:00:00+00:00,704.87,718.14,699.01,703.55,17793766,703.7352713411,716.9839087504,697.8847050096,702.4173963313,17793766,0.0,1.0
2025-02-06 00:00:00+00:00,711.99,718.9,703.5,705.88,13080690,710.8438092728,717.7426852712,702.3674768233,704.7436454016,13080690,0.0,1.0
2025-02-07 00:00:00+00:00,714.52,725.01,711.75,716.795,16427067,713.369736375,723.8428491424,710.6041956347,715.6410739866,16427067,0.0,1.0
2025-02-10 00:00:00+00:00,717.4,721.2,711.33,718.56,12904317,716.2451000328,720.0389826368,710.1848717679,717.4032326171,12904317,0.0,1.0
2025-02-11 00:00:00+00:00,719.8,723.66,710.04,713.32,12997959,718.6412364142,722.4950224278,708.8969484629,712.1716681842,12997959,0.0,1.0
2025-02-12 00:00:00+00:00,725.38,727.1,712.6,715.3,12016517,724.2122535012,725.9294845746,711.4528272698,714.148480699,12016517,0.0,1.0
2025-02-13 00:00:00+00:00,728.56,729.0,718.04,721.5197,12569064,727.3871342067,727.8264258766,716.8840697345,720.3581679706,12569064,0.0,1.0
2025-02-14 00:00:00+00:00,736.67,740.91,725.62,726.14,16901249,735.4840783958,739.7172526697,724.4518671394,724.971030022,16901249,0.0,1.0
2025-02-18 00:00:00+00:00,716.37,737.0,706.44,736.0,21938703,715.216758169,735.8135471482,705.3027438906,734.8151569893,21938703,0.0,1.0
2025-02-19 00:00:00+00:00,703.77,707.0,695.39,704.095,17535480,702.6370421662,705.8618423797,694.2705326342,702.9615189679,17535480,0.0,1.0
2025-02-20 00:00:00+00:00,694.84,705.63,693.64,697.275,12587408,693.7214180468,704.4940478619,692.523349856,696.1524980838,12587408,0.0,1.0
2025-02-21 00:00:00+00:00,683.55,703.87,682.36,696.58,15660355,682.4495931522,702.7368811821,681.2615088631,695.4586169234,15660355,0.0,1.0
2025-02-24 00:00:00+00:00,668.13,687.27,662.45,686.28,15676994,667.0544169012,686.1636045435,661.3835607983,685.1751982861,15676994,0.0,1.0
2025-02-25 00:00:00+00:00,657.5,668.0,641.86,665.972,20579662,656.4415295115,666.9246261805,640.8267074255,664.8998909381,20579662,0.0,1.0
2025-02-26 00:00:00+00:00,673.7,683.0078,658.0,659.65,14488705,672.6154500865,681.908266008,656.940724591,658.5880683532,14488705,0.0,1.0
2025-02-27 00:00:00+00:00,658.24,688.6469,657.57,682.45,12500013,657.1803382291,687.5382879534,656.5114168226,681.3513639774,12500013,0.0,1.0
2025-02-28 00:00:00+00:00,668.2,669.63,642.6017,658.04,17534168,667.1243042123,668.5520021396,641.5672134064,656.9806601973,17534168,0.0,1.0
2025-03-03 00:00:00+00:00,655.05,681.25,650.8439,673.675,10843763,653.995473622,680.1532957866,649.7961447745,672.5904903325,10843763,0.0,1.0
2025-03-04 00:00:00+00:00,640.0,649.75,623.65,645.51,21495208,638.9697017298,648.7040057796,622.6460226309,644.4708315056,21495208,0.0,1.0
2025-03-05 00:00:00+00:00,656.47,659.5,637.66,641.0,13770026,655.4131876478,658.4383098294,636.6334687579,639.9680918888,13770026,0.0,1.0
2025-03-06 00:00:00+00:00,627.93,650.5625,624.11,648.0,13446454,626.9191325112,649.5151977837,623.1052821041,646.9568230014,13446454,0.0,1.0
2025-03-07 00:00:00+00:00,625.66,634.79,600.61,625.37,21375671,624.6527868504,633.7680890017,599.6431133687,624.3632537043,21375671,0.0,1.0
2025-03-10 00:00:00+00:00,597.99,610.11,586.87,608.07,21395988,597.0273311522,609.1278198787,585.9252325846,607.0911039544,21395988,0.0,1.0
2025-03-11 00:00:00+00:00,605.71,614.934,593.33,595.055,17401469,604.7349031793,613.9440540055,592.3748330115,594.0970560357,17401469,0.0,1.0
2025-03-12 00:00:00+00:00,619.56,633.33,609.35,629.9,15746966,618.5626068808,632.3104393696,608.3690433579,628.8859611244,15746966,0.0,1.0
2025-03-13 00:00:00+00:00,590.64,620.5,586.51,620.245,16480324,589.6891634839,619.5010936302,585.5658121274,619.2465041397,16480324,0.0,1.0
2025-03-14 00:00:00+00:00,607.6,608.86,594.78,602.805,12364505,607.1460154132,608.4050739705,594.335594219,602.3545981257,12364505,0.525,1.0
2025-03-17 00:00:00+00:00,604.9,613.1,598.0,607.46,15473909,604.4480327904,612.6419059411,597.5531883099,607.0061200179,15473909,0.0,1.0
2025-03-18 00:00:00+00:00,582.36,600.25,574.66,600.05,20297708,581.9248741541,599.8015071622,574.230627415,599.6016565976,20297708,0.0,1.0
2025-03-19 00:00:00+00:00,584.06,592.3223,574.77,584.28,20537498,583.6236039536,591.8797305553,574.3405452255,583.8434395748,20537498,0.0,1.0
2025-03-20 00:00:00+00:00,586.0,610.2,579.51,582.755,24336505,585.5621544308,609.7440727537,579.0770036078,582.3195790193,24336505,0.0,1.0
2025-03-21 00:00:00+00:00,596.25,597.545,580.95,583.425,25015864,595.8044958692,597.0985282753,580.5159276733,582.9890784109,25015864,0.0,1.0
2025-03-24 00:00:00+00:00,618.85,622.54,612.2001,614.97,15741274,618.3876096749,622.0748525927,611.7426783255,614.5105087206,15741274,0.0,1.0
2025-03-25 00:00:00+00:00,626.31,633.88,621.18,626.76,15312540,625.8420357364,633.4063796085,620.7158687531,626.2916995069,15312540,0.0,1.0
2025-03-26 00:00:00+00:00,610.98,626.7499,606.61,624.89,12661891,610.5234899558,626.2816070533,606.1567551182,624.4230967274,12661891,0.0,1.0
2025-03-27 00:00:00+00:00,602.58,614.25,600.1,602.0,10436524,602.1297662404,613.7910466879,599.6516192387,601.5501996029,10436524,0.0,1.0
2025-03-28 00:00:00+00:00,576.74,601.75,573.92,600.31,17602823,576.3090732874,601.3003863971,573.4911803258,599.8614623316,17602823,0.0,1.0
2025-03-31 00:00:00+00:00,576.36,578.7,553.3,563.5,21124677,575.9293572145,578.267608821,552.8865871101,563.0789659074,21124677,0.0,1.0
2025-04-01 00:00:00+00:00,586.0,589.91,570.0,570.84,12836574,585.5621544308,589.4692329697,569.5741092586,570.4134816301,12836574,0.0,1.0
2025-04-02 00:00:00+00:00,583.93,592.66,573.36,574.91,13470778,583.4937010866,592.2171782337,572.9315987447,574.4804406208,13470778,0.0,1.0
2025-04-03 00:00:00+00:00,531.62,552.5596,530.3,546.22,34777460,531.2227859018,552.1467403198,529.9037721751,545.8118771214,34777460,0.0,1.0
2025-04-04 00:00:00+00:00,504.73,518.0,494.2,506.62,38589814,504.3528774844,517.612962449,493.8307452554,506.2414653203,38589814,0.0,1.0
2025-04-07 00:00:00+00:00,516.25,539.37,481.9,485.1,36606136,515.8642700083,538.9669952821,481.5399355293,484.7375445638,36606136,0.0,1.0
2025-04-08 00:00:00+00:00,510.45,547.43,502.86,543.25,28034211,510.0686036334,547.0209730376,502.4842747049,542.8440962364,28034211,0.0,1.0
2025-04-09 00:00:00+00:00,585.77,587.89,502.11,509.265,39216578,585.3323262814,587.4507422667,501.7348350874,508.8844890379,39216578,0.0,1.0
2025-04-10 00:00:00+00:00,546.29,581.3,535.3,575.49,28173491,545.8818248191,580.8656661614,534.9000362914,575.0600072583,28173491,0.0,1.0
2025-04-11 00:00:00+00:00,543.57,547.4,528.5901,535.505,17642327,543.1638571398,546.9909954529,528.1951497726,535.1048831202,17642327,0.0,1.0
2025-04-14 00:00:00+00:00,531.48,557.77,528.28,556.175,14130928,531.0828905066,557.3532472301,527.8852814722,555.759438977,14130928,0.0,1.0
2025-04-15 00:00:00+00:00,521.52,537.94,517.5,532.105,15558659,521.1303323869,537.5380637448,517.1133360374,531.7074235211,15558659,0.0,1.0
2025-04-16 00:00:00+00:00,502.31,513.37,495.63,508.51,18735075,501.9346856521,512.9864218773,495.2596767927,508.1300531563,18735075,0.0,1.0
2025-04-17 00:00:00+00:00,501.48,507.3,498.0133,505.25,14593508,501.1053058088,506.9209572401,497.6411960464,504.8724889525,14593508,0.0,1.0
2025-04-21 00:00:00+00:00,484.66,493.5,479.8,491.325,16165982,484.2978733215,493.1312682791,479.4415046005,490.9578933886,16165982,0.0,1.0
2025-04-22 00:00:00+00:00,500.28,506.88,486.36,491.87,17399408,499.9062024209,506.5012710544,485.9966031211,491.5024861772,17399408,0.0,1.0
2025-04-23 00:00:00+00:00,520.27,535.3376,516.52,528.525,18173910,519.8812663578,534.9376081976,516.1340682706,528.1300984139,18173910,0.0,1.0
2025-04-24 00:00:00+00:00,533.15,533.9,517.5,518.73,13910011,532.7516427214,533.5010823389,517.1133360374,518.34241701,13910011,0.0,1.0
2025-04-25 00:00:00+00:00,547.27,549.86,536.25,546.8,17098921,546.8610925859,549.4491573981,535.8493264735,546.3914437589,17098921,0.0,1.0
2025-04-28 00:00:00+00:00,549.74,558.4899,540.59,555.64,15178995,549.3292470593,558.0726093376,540.1860837265,555.2248387166,15178995,0.0,1.0
2025-04-29 00:00:00+00:00,554.44,556.5699,544.12,546.0,11835036,554.0257353287,556.1540439169,543.7134461926,545.5920415003,11835036,0.0,1.0
2025-04-30 00:00:00+00:00,549.0,549.1,529.5,538.4,29243971,548.5897999701,548.6897252524,529.1043699165,537.9977200435,29243971,0.0,1.0
2025-05-01 00:00:00+00:00,572.21,592.95,570.5,592.075,31159033,571.782457998,592.5069615524,570.0737356702,591.6326153321,31159033,0.0,1.0
2025-05-02 00:00:00+00:00,597.02,604.34,578.33,583.455,24739260,596.5739205431,603.8884512094,577.8978852763,583.0190559956,24739260,0.0,1.0
2025-05-05 00:00:00+00:00,599.27,603.21,588.05,591.22,13887724,598.8222393954,602.7592955191,587.6106227184,590.7782541682,13887724,0.0,1.0
2025-05-06 00:00:00+00:00,587.31,596.03,586.58,592.525,10600650,586.8711756292,595.5846602481,586.1417210682,592.0822791025,10600650,0.0,1.0
2025-05-07 00:00:00+00:00,596.81,603.075,586.67,590.36,13160976,596.3640774502,602.6243963879,586.2316538223,589.9188967402,13160976,0.0,1.0
2025-05-08 00:00:00+00:00,598.01,611.2959,596.62,606.285,14622805,597.5631808381,610.8391539227,596.1742194138,605.8319979506,14622805,0.0,1.0
2025-05-09 00:00:00+00:00,592.49,606.97,591.7062,603.72,10427286,592.0473052537,606.5164861345,591.2640908908,603.2689144589,10427286,0.0,1.0
2025-05-12 00:00:00+00:00,639.43,640.3896,621.03,630.92,21965085,638.9522327776,639.9111157868,620.5659808296,630.4485912516,21965085,0.0,1.0
2025-05-13 00:00:00+00:00,656.03,660.92,642.83,645.545,18570821,655.5398296437,660.4261759494,642.3496923767,645.0626637918,18570821,0.0,1.0
2025-05-14 00:00:00+00:00,659.36,662.67,654.31,661.21,12348179,658.8673415452,662.1748683902,653.8211147877,660.7159592682,12348179,0.0,1.0
2025-05-15 00:00:00+00:00,643.88,657.31,638.58,654.275,14341835,643.3989078411,656.8188732575,638.1028678778,653.7861409389,14341835,0.0,1.0
2025-05-16 00:00:00+00:00,640.34,640.44,626.15,637.955,18518972,639.8615528467,639.9614781291,625.6821552847,637.4783348633,18518972,0.0,1.0
2025-05-19 00:00:00+00:00,640.43,643.0,627.8,628.25,9592374,639.9514856008,642.5195653566,627.3309224431,627.7805862135,9592374,0.0,1.0
2025-05-20 00:00:00+00:00,637.1,639.3536,632.26,636.01,6743473,636.6239736994,638.8758898619,631.7875900348,635.534788122,6743473,0.0,1.0
2025-05-21 00:00:00+00:00,635.5,646.61,630.17,631.79,11464569,635.0251691822,646.1268680486,629.6991516342,631.3179412079,11464569,0.0,1.0
2025-05-22 00:00:00+00:00,636.57,643.25,630.71,634.05,8228443,636.0943697031,642.7693785624,630.2387481587,633.5762525884,8228443,0.0,1.0
2025-05-23 00:00:00+00:00,627.06,632.445,622.65,624.0,8454067,626.5914753538,631.9724518071,622.1847704033,623.5337617147,8454067,0.0,1.0
2025-05-27 00:00:00+00:00,642.32,643.08,632.75,635.41,9508367,641.8400734368,642.5995055825,632.2772239182,634.9352364281,9508367,0.0,1.0
2025-05-28 00:00:00+00:00,643.58,650.88,642.5472,642.6,9042874,643.0991319941,650.3936776039,642.0671036782,642.1198642273,9042874,0.0,1.0
2025-05-29 00:00:00+00:00,645.05,653.32,639.5,651.645,8883436,644.5680336443,652.8318544927,639.0221804752,651.1581060137,8883436,0.0,1.0
2025-05-30 00:00:00+00:00,647.49,649.4099,632.78,642.5,16240951,647.0062105331,648.9246760284,632.3072015029,642.019938945,16240951,0.0,1.0
2025-06-02 00:00:00+00:00,670.9,673.26,644.2616,644.39,15766258,670.3987191256,672.7569557885,643.7802227184,643.9085267809,15766258,0.0,1.0
2025-06-03 00:00:00+00:00,666.85,675.58,665.03,671.445,11585031,666.3517451914,675.0752223384,664.5331050531,670.9433119143,11585031,0.0,1.0
2025-06-04 00:00:00+00:00,687.95,689.0,668.57,669.32,14031931,687.4359797622,688.4851952266,668.0704600474,668.8198996648,14031931,0.0,1.0
2025-06-05 00:00:00+00:00,684.62,694.38,682.25,691.66,13120335,684.1084678607,693.8611754158,681.7402386696,691.1432077365,13120335,0.0,1.0
2025-06-06 00:00:00+00:00,697.71,702.806,691.87,696.17,11727961,697.1886873172,702.2808797045,691.3530508294,695.6498379694,11727961,0.0,1.0
2025-06-09 00:00:00+00:00,694.06,705.19,693.94,698.46,12773221,693.5414145123,704.6630984352,693.4215041735,697.9381269347,12773221,0.0,1.0
2025-06-10 00:00:00+00:00,702.4,703.23,691.56,701.345,10850146,701.8751830583,702.7045629016,691.0432824542,700.8209713298,10850146,0.0,1.0
2025-06-11 00:00:00+00:00,694.14,708.8707,691.99,703.705,9582508,693.6213547382,708.3410483018,691.4729611682,703.1792079927,9582508,0.0,1.0
2025-06-12 00:00:00+00:00,693.36,695.38,687.0,693.3,7322730,692.841937536,694.860428239,686.4866895801,692.7819823666,7322730,0.0,1.0
2025-06-13 00:00:00+00:00,682.87,694.57,681.01,687.95,9274441,682.35977542,694.0510334522,680.5011651688,687.4359797622,9274441,0.0,1.0
2025-06-16 00:00:00+00:00,702.12,707.15,693.5103,699.33,13720288,702.12,707.15,693.5103,699.33,13720288,0.525,1.0
2025-06-17 00:00:00+00:00,697.23,705.97,696.06,702.0,10066110,697.23,705.97,696.06,702.0,10066110,0.0,1.0
2025-06-18 00:00:00+00:00,695.77,701.59,694.9,698.18,10068255,695.77,701.59,694.9,698.18,10068255,0.0,1.0
2025-06-20 00:00:00+00:00,682.35,701.8197,678.67,700.75,22538640,682.35,701.8197,678.67,700.75,22538640,0.0,1.0
2025-06-23 00:00:00+00:00,698.53,699.05,678.75,683.69,11080055,698.53,699.05,678.75,683.69,11080055,0.0,1.0
2025-06-24 00:00:00+00:00,712.2,713.19,702.11,704.885,13823180,712.2,713.19,702.11,704.885,13823180,0.0,1.0
2025-06-25 00:00:00+00:00,708.68,716.58,705.38,713.315,9320436,708.68,716.58,705.38,713.315,9320436,0.0,1.0
2025-06-26 00:00:00+00:00,726.09,728.22,711.05,714.355,13964793,726.09,728.22,711.05,714.355,13964793,0.0,1.0
2025-06-27 00:00:00+00:00,733.63,735.43,725.86,726.515,18775735,733.63,735.43,725.86,726.515,18775735,0.0,1.0
2025-06-30 00:00:00+00:00,738.09,747.9,734.25,744.55,15402105,738.09,747.9,734.25,744.55,15402105,0.0,1.0
2025-07-01 00:00:00+00:00,719.22,737.7499,715.37,736.875,13431248,719.22,737.7499,715.37,736.875,13431248,0.0,1.0
2025-07-02 00:00:00+00:00,713.57,720.3,712.8,715.325,9336740,713.57,720.3,712.8,715.325,9336740,0.0,1.0
2025-07-03 00:00:00+00:00,719.01,729.03,714.42,726.61,8601653,719.01,729.03,714.42,726.61,8601653,0.0,1.0
2025-07-07 00:00:00+00:00,718.35,727.0,713.51,717.6,9457080,718.35,727.0,713.51,717.6,9457080,0.0,1.0
2025-07-08 00:00:00+00:00,720.67,722.9099,714.81,721.57,7770693,720.67,722.9099,714.81,721.57,7770693,0.0,1.0
2025-07-09 00:00:00+00:00,732.78,737.53,722.715,722.715,11417963,732.78,737.53,722.715,722.715,11417963,0.0,1.0
2025-07-10 00:00:00+00:00,727.24,735.7999,719.6,731.55,9922249,727.24,735.7999,719.6,731.55,9922249,0.0,1.0
2025-07-11 00:00:00+00:00,717.51,725.16,709.7,722.495,10873880,717.51,725.16,709.7,722.495,10873880,0.0,1.0
2025-07-14 00:00:00+00:00,720.92,728.0,716.547,717.6,8939399,720.92,728.0,716.547,717.6,8939399,0.0,1.0
2025-07-15 00:00:00+00:00,710.39,724.4716,709.82,723.9,11529511,710.39,724.4716,709.82,723.9,11529511,0.0,1.0
2025-07-16 00:00:00+00:00,702.91,713.97,699.2701,713.37,13067627,702.91,713.97,699.2701,713.37,13067627,0.0,1.0
2025-07-17 00:00:00+00:00,701.41,705.9,697.105,704.39,11803264,701.41,705.9,697.105,704.39,11803264,0.0,1.0
2025-07-18 00:00:00+00:00,704.28,704.71,691.65,702.19,12779752,704.28,704.71,691.65,702.19,12779752,0.0,1.0
2025-07-21 00:00:00+00:00,712.965,717.0,705.76,706.8,9404391,712.965,717.0,705.76,706.8,9404391,0.0,1.0
2025-07-22 00:00:00+00:00,704.81,716.6,701.41,716.19,8921064,704.81,716.6,701.41,716.19,8921064,0.0,1.0
2025-07-23 00:00:00+00:00,713.58,714.6285,704.93,706.365,8771615,713.58,714.6285,704.93,706.365,8771615,0.0,1.0
2025-07-24 00:00:00+00:00,714.8,723.6239,714.0,717.05,10920836,714.8,723.6239,714.0,717.05,10920836,0.0,1.0
2025-07-25 00:00:00+00:00,712.68,720.6499,711.9,716.915,8271698,712.68,720.6499,711.9,716.915,8271698,0.0,1.0
2025-07-28 00:00:00+00:00,717.63,724.7352,712.68,715.2,8715743,717.63,724.7352,712.68,715.2,8715743,0.0,1.0
2025-07-29 00:00:00+00:00,700.0,724.47,699.91,720.0,13267032,700.0,724.47,699.91,720.0,13267032,0.0,1.0
2025-07-30 00:00:00+00:00,695.21,708.5,691.2001,708.09,27077286,695.21,708.5,691.2001,708.09,27077286,0.0,1.0
2025-07-31 00:00:00+00:00,773.44,784.75,765.51,775.2,38831098,773.44,784.75,765.51,775.2,38831098,0.0,1.0
2025-08-01 00:00:00+00:00,750.01,765.9999,745.31,760.73,19028710,750.01,765.9999,745.31,760.73,19028710,0.0,1.0
2025-08-04 00:00:00+00:00,776.37,776.85,758.41,760.0,15801727,776.37,776.85,758.41,760.0,15801727,0.0,1.0
2025-08-05 00:00:00+00:00,763.46,783.1299,763.0,776.445,11640294,763.46,783.1299,763.0,776.445,11640294,0.0,1.0
2025-08-06 00:00:00+00:00,771.99,773.64,760.4601,770.0,9733910,771.99,773.64,760.4601,770.0,9733910,0.0,1.0
2025-08-07 00:00:00+00:00,761.83,775.0,759.55,773.49,9019691,761.83,775.0,759.55,773.49,9019691,0.0,1.0
2025-08-08 00:00:00+00:00,769.3,769.9,758.58,762.75,7320755,769.3,769.9,758.58,762.75,7320755,0.0,1.0
