date,close,high,low,open,volume,adjClose,adjHigh,adjLow,adjOpen,adjVolume,divCash,splitFactor
2018-01-02 00:00:00+00:00,201.07,201.65,195.42,196.1,10854449,201.07,201.65,195.42,196.1,10854449,0.0,1.0
2018-01-03 00:00:00+00:00,205.05,206.21,201.5,202.05,8526678,205.05,206.21,201.5,202.05,8526678,0.0,1.0
2018-01-04 00:00:00+00:00,205.63,207.05,204.0006,206.2,5999150,205.63,207.05,204.0006,206.2,5999150,0.0,1.0
2018-01-05 00:00:00+00:00,209.99,210.02,205.59,207.25,6947850,209.99,210.02,205.59,207.25,6947850,0.0,1.0
2018-01-08 00:00:00+00:00,212.05,212.5,208.44,210.02,5508816,212.05,212.5,208.44,210.02,5508816,0.0,1.0
2018-01-09 00:00:00+00:00,209.31,212.98,208.59,212.11,5773129,209.31,212.98,208.59,212.11,5773129,0.0,1.0
2018-01-10 00:00:00+00:00,212.52,213.64,206.91,207.57,5783171,212.52,213.64,206.91,207.57,5783171,0.0,1.0
2018-01-11 00:00:00+00:00,217.24,217.75,213.35,214.29,6936990,217.24,217.75,213.35,214.29,6936990,0.0,1.0
2018-01-12 00:00:00+00:00,221.23,222.55,216.0,217.18,8150809,221.23,222.55,216.0,217.18,8150809,0.0,1.0
2018-01-16 00:00:00+00:00,221.53,226.07,217.2,224.24,10344272,221.53,226.07,217.2,224.24,10344272,0.0,1.0
2018-01-17 00:00:00+00:00,217.5,221.15,216.32,221.0,8979616,217.5,221.15,216.32,221.0,8979616,0.0,1.0
2018-01-18 00:00:00+00:00,220.33,220.58,216.55,220.34,8104960,220.33,220.58,216.55,220.34,8104960,0.0,1.0
2018-01-19 00:00:00+00:00,220.46,223.49,218.5,222.75,10257129,220.46,223.49,218.5,222.75,10257129,0.0,1.0
2018-01-22 00:00:00+00:00,227.58,227.785,221.2,222.0,13078653,227.58,227.785,221.2,222.0,13078653,0.0,1.0
2018-01-23 00:00:00+00:00,250.29,257.71,248.02,255.05,27518256,250.29,257.71,248.02,255.05,27518256,0.0,1.0
2018-01-24 00:00:00+00:00,261.3,261.71,249.311,250.88,17116019,261.3,261.71,249.311,250.88,17116019,0.0,1.0
2018-01-25 00:00:00+00:00,269.7,272.3,260.23,263.0,15127209,269.7,272.3,260.23,263.0,15127209,0.0,1.0
2018-01-26 00:00:00+00:00,274.6,274.6,268.76,271.485,10841105,274.6,274.6,268.76,271.485,10841105,0.0,1.0
2018-01-29 00:00:00+00:00,284.59,286.81,273.92,274.2,17290833,284.59,286.81,273.92,274.2,17290833,0.0,1.0
2018-01-30 00:00:00+00:00,278.8,282.73,272.7,277.0,11983092,278.8,282.73,272.7,277.0,11983092,0.0,1.0
2018-01-31 00:00:00+00:00,270.3,282.289,269.58,281.94,11192988,270.3,282.289,269.58,281.94,11192988,0.0,1.0
2018-02-01 00:00:00+00:00,265.07,271.95,263.38,266.41,9468021,265.07,271.95,263.38,266.41,9468021,0.0,1.0
2018-02-02 00:00:00+00:00,267.43,270.62,262.71,263.0,8968632,267.43,270.62,262.71,263.0,8968632,0.0,1.0
2018-02-05 00:00:00+00:00,254.26,267.899,250.03,262.0,11121359,254.26,267.899,250.03,262.0,11121359,0.0,1.0
2018-02-06 00:00:00+00:00,265.72,266.7,245.0,247.7,12285458,265.72,266.7,245.0,247.7,12285458,0.0,1.0
2018-02-07 00:00:00+00:00,264.56,272.45,264.325,266.58,8679872,264.56,272.45,264.325,266.58,8679872,0.0,1.0
2018-02-08 00:00:00+00:00,250.1,267.62,250.0,267.08,8711249,250.1,267.62,250.0,267.08,8711249,0.0,1.0
2018-02-09 00:00:00+00:00,249.47,255.7999,236.11,253.85,16282837,249.47,255.7999,236.11,253.85,16282837,0.0,1.0
2018-02-12 00:00:00+00:00,257.95,259.15,249.0,252.14,8453411,257.95,259.15,249.0,252.14,8453411,0.0,1.0
2018-02-13 00:00:00+00:00,258.27,261.41,254.7,257.29,6758332,258.27,261.41,254.7,257.29,6758332,0.0,1.0
2018-02-14 00:00:00+00:00,266.0,269.88,260.33,260.47,10819780,266.0,269.88,260.33,260.47,10819780,0.0,1.0
2018-02-15 00:00:00+00:00,280.27,280.5,267.63,270.03,10661768,280.27,280.5,267.63,270.03,10661768,0.0,1.0
2018-02-16 00:00:00+00:00,278.52,281.96,275.69,278.73,8223309,278.52,281.96,275.69,278.73,8223309,0.0,1.0
2018-02-20 00:00:00+00:00,278.55,285.812,276.61,277.74,7691297,278.55,285.812,276.61,277.74,7691297,0.0,1.0
2018-02-21 00:00:00+00:00,281.04,286.64,280.01,282.07,9289130,281.04,286.64,280.01,282.07,9289130,0.0,1.0
2018-02-22 00:00:00+00:00,278.14,284.5,274.45,283.88,8769251,278.14,284.5,274.45,283.88,8769251,0.0,1.0
2018-02-23 00:00:00+00:00,285.93,286.0,277.81,281.0,7224968,285.93,286.0,277.81,281.0,7224968,0.0,1.0
2018-02-26 00:00:00+00:00,294.16,295.6475,287.01,288.75,10203579,294.16,295.6475,287.01,288.75,10203579,0.0,1.0
2018-02-27 00:00:00+00:00,290.61,297.36,290.59,294.77,9187578,290.61,297.36,290.59,294.77,9187578,0.0,1.0
2018-02-28 00:00:00+00:00,291.38,295.75,290.78,293.1,7422673,291.38,295.75,290.78,293.1,7422673,0.0,1.0
2018-03-01 00:00:00+00:00,290.39,295.25,283.83,292.75,11932051,290.39,295.25,283.83,292.75,11932051,0.0,1.0
2018-03-02 00:00:00+00:00,301.05,301.18,283.23,284.65,13345313,301.05,301.18,283.23,284.65,13345313,0.0,1.0
2018-03-05 00:00:00+00:00,315.0,316.91,297.6,302.85,18986099,315.0,316.91,297.6,302.85,18986099,0.0,1.0
2018-03-06 00:00:00+00:00,325.22,325.79,316.5,319.88,18525844,325.22,325.79,316.5,319.88,18525844,0.0,1.0
2018-03-07 00:00:00+00:00,321.16,323.74,314.55,320.0,17132222,321.16,323.74,314.55,320.0,17132222,0.0,1.0
2018-03-08 00:00:00+00:00,317.0,322.9176,314.13,322.2,11182666,317.0,322.9176,314.13,322.2,11182666,0.0,1.0
2018-03-09 00:00:00+00:00,331.44,331.44,320.23,321.33,14152860,331.44,331.44,320.23,321.33,14152860,0.0,1.0
2018-03-12 00:00:00+00:00,321.3,333.98,318.6,333.56,20050086,321.3,333.98,318.6,333.56,20050086,0.0,1.0
2018-03-13 00:00:00+00:00,315.88,325.8409,313.278,323.87,12836292,315.88,325.8409,313.278,323.87,12836292,0.0,1.0
2018-03-14 00:00:00+00:00,321.55,323.88,317.7,318.16,10187889,321.55,323.88,317.7,318.16,10187889,0.0,1.0
2018-03-15 00:00:00+00:00,321.09,323.4,318.14,323.17,5217383,321.09,323.4,318.14,323.17,5217383,0.0,1.0
2018-03-16 00:00:00+00:00,318.45,324.11,318.37,321.42,7144077,318.45,324.11,318.37,321.42,7144077,0.0,1.0
2018-03-19 00:00:00+00:00,313.48,317.0,307.34,315.8,9812726,313.48,317.0,307.34,315.8,9812726,0.0,1.0
2018-03-20 00:00:00+00:00,317.5,319.5,312.8,313.26,5922296,317.5,319.5,312.8,313.26,5922296,0.0,1.0
2018-03-21 00:00:00+00:00,316.48,319.4,314.511,316.35,5016980,316.48,319.4,314.511,316.35,5016980,0.0,1.0
2018-03-22 00:00:00+00:00,306.7,314.12,305.66,313.07,7920524,306.7,314.12,305.66,313.07,7920524,0.0,1.0
2018-03-23 00:00:00+00:00,300.94,310.73,300.36,307.41,9226978,300.94,310.73,300.36,307.41,9226978,0.0,1.0
2018-03-26 00:00:00+00:00,320.35,321.03,302.0,309.36,11906279,320.35,321.03,302.0,309.36,11906279,0.0,1.0
2018-03-27 00:00:00+00:00,300.69,322.9,297.0,322.49,11890994,300.69,322.9,297.0,322.49,11890994,0.0,1.0
2018-03-28 00:00:00+00:00,285.77,298.8,281.61,298.39,18972912,285.77,298.8,281.61,298.39,18972912,0.0,1.0
2018-03-29 00:00:00+00:00,295.35,295.35,275.9,287.0,19145522,295.35,295.35,275.9,287.0,19145522,0.0,1.0
2018-04-02 00:00:00+00:00,280.29,292.87,275.05,291.94,13405760,280.29,292.87,275.05,291.94,13405760,0.0,1.0
2018-04-03 00:00:00+00:00,283.67,291.25,278.01,285.45,12694862,283.67,291.25,278.01,285.45,12694862,0.0,1.0
2018-04-04 00:00:00+00:00,288.94,290.31,271.2239,273.63,12913978,288.94,290.31,271.2239,273.63,12913978,0.0,1.0
2018-04-05 00:00:00+00:00,293.97,299.16,289.11,293.15,10655178,293.97,299.16,289.11,293.15,10655178,0.0,1.0
2018-04-06 00:00:00+00:00,288.85,298.85,285.65,289.1,11444777,288.85,298.85,285.65,289.1,11444777,0.0,1.0
2018-04-09 00:00:00+00:00,289.93,299.55,289.12,291.77,9853564,289.93,299.55,289.12,291.77,9853564,0.0,1.0
2018-04-10 00:00:00+00:00,298.07,298.95,291.69,297.68,10719097,298.07,298.95,291.69,297.68,10719097,0.0,1.0
2018-04-11 00:00:00+00:00,303.67,311.64,301.82,302.8847,14877429,303.67,311.64,301.82,302.8847,14877429,0.0,1.0
2018-04-12 00:00:00+00:00,309.25,311.13,306.75,309.7187,10249403,309.25,311.13,306.75,309.7187,10249403,0.0,1.0
2018-04-13 00:00:00+00:00,311.65,317.49,308.23,317.29,12046573,311.65,317.49,308.23,317.29,12046573,0.0,1.0
2018-04-16 00:00:00+00:00,307.78,316.1,304.0,315.99,20307921,307.78,316.1,304.0,315.99,20307921,0.0,1.0
2018-04-17 00:00:00+00:00,336.06,338.62,323.77,329.66,33866456,336.06,338.62,323.77,329.66,33866456,0.0,1.0
2018-04-18 00:00:00+00:00,334.52,338.82,331.1,336.3,11221139,334.52,338.82,331.1,336.3,11221139,0.0,1.0
2018-04-19 00:00:00+00:00,332.7,335.31,326.77,332.88,8438825,332.7,335.31,326.77,332.88,8438825,0.0,1.0
2018-04-20 00:00:00+00:00,327.77,336.51,326.0,332.22,9158655,327.77,336.51,326.0,332.22,9158655,0.0,1.0
2018-04-23 00:00:00+00:00,318.69,331.22,317.08,329.1499,8968015,318.69,331.22,317.08,329.1499,8968015,0.0,1.0
2018-04-24 00:00:00+00:00,307.02,320.249,302.31,319.2168,13893217,307.02,320.249,302.31,319.2168,13893217,0.0,1.0
2018-04-25 00:00:00+00:00,305.76,309.98,292.615,306.37,14919698,305.76,309.98,292.615,306.37,14919698,0.0,1.0
2018-04-26 00:00:00+00:00,313.98,316.63,305.58,310.0,9266699,313.98,316.63,305.58,310.0,9266699,0.0,1.0
2018-04-27 00:00:00+00:00,311.76,317.45,306.5,316.25,7074384,311.76,317.45,306.5,316.25,7074384,0.0,1.0
2018-04-30 00:00:00+00:00,312.46,317.88,310.118,311.07,6088787,312.46,317.88,310.118,311.07,6088787,0.0,1.0
2018-05-01 00:00:00+00:00,313.3,313.48,306.69,310.36,6036639,313.3,313.48,306.69,310.36,6036639,0.0,1.0
2018-05-02 00:00:00+00:00,313.36,317.1,310.4034,311.65,5697120,313.36,317.1,310.4034,311.65,5697120,0.0,1.0
2018-05-03 00:00:00+00:00,311.69,312.59,305.73,312.59,6135828,311.69,312.59,305.73,312.59,6135828,0.0,1.0
2018-05-04 00:00:00+00:00,320.09,320.98,307.67,308.71,8209513,320.09,320.98,307.67,308.71,8209513,0.0,1.0
2018-05-07 00:00:00+00:00,326.26,329.0234,319.34,321.9947,7117823,326.26,329.0234,319.34,321.9947,7117823,0.0,1.0
2018-05-08 00:00:00+00:00,326.89,327.348,323.05,325.9,4735738,326.89,327.348,323.05,325.9,4735738,0.0,1.0
2018-05-09 00:00:00+00:00,330.3,331.95,327.51,328.79,5633444,330.3,331.95,327.51,328.79,5633444,0.0,1.0
2018-05-10 00:00:00+00:00,329.6,332.055,327.3438,331.5,5302254,329.6,332.055,327.3438,331.5,5302254,0.0,1.0
2018-05-11 00:00:00+00:00,326.46,331.26,324.87,329.65,4589731,326.46,331.26,324.87,329.65,4589731,0.0,1.0
2018-05-14 00:00:00+00:00,328.53,330.5038,327.04,327.25,4089800,328.53,330.5038,327.04,327.25,4089800,0.0,1.0
2018-05-15 00:00:00+00:00,326.13,326.94,322.434,325.94,4746096,326.13,326.94,322.434,325.94,4746096,0.0,1.0
2018-05-16 00:00:00+00:00,328.19,329.72,325.14,326.28,3671690,328.19,329.72,325.14,326.28,3671690,0.0,1.0
2018-05-17 00:00:00+00:00,325.22,330.45,323.1734,327.53,4935708,325.22,330.45,323.1734,327.53,4935708,0.0,1.0
2018-05-18 00:00:00+00:00,324.18,326.42,322.8,324.9,3577717,324.18,326.42,322.8,324.9,3577717,0.0,1.0
2018-05-21 00:00:00+00:00,331.82,331.88,325.45,327.11,6657326,331.82,331.88,325.45,327.11,6657326,0.0,1.0
2018-05-22 00:00:00+00:00,331.62,336.63,331.15,334.05,5964448,331.62,336.63,331.15,334.05,5964448,0.0,1.0
2018-05-23 00:00:00+00:00,344.72,345.0,328.09,329.04,10049147,344.72,345.0,328.09,329.04,10049147,0.0,1.0
2018-05-24 00:00:00+00:00,349.29,354.0,341.12,344.34,14758553,349.29,354.0,341.12,344.34,14758553,0.0,1.0
2018-05-25 00:00:00+00:00,351.29,354.36,348.83,349.9,7817400,351.29,354.36,348.83,349.9,7817400,0.0,1.0
2018-05-29 00:00:00+00:00,349.73,356.1,346.71,351.5,9717921,349.73,356.1,346.71,351.5,9717921,0.0,1.0
2018-05-30 00:00:00+00:00,353.54,354.0,349.26,352.37,5685531,353.54,354.0,349.26,352.37,5685531,0.0,1.0
2018-05-31 00:00:00+00:00,351.6,355.53,350.21,353.8,6921687,351.6,355.53,350.21,353.8,6921687,0.0,1.0
2018-06-01 00:00:00+00:00,359.93,359.99,352.82,353.88,7112292,359.93,359.99,352.82,353.88,7112292,0.0,1.0
2018-06-04 00:00:00+00:00,361.81,363.0,355.51,362.6847,7681995,361.81,363.0,355.51,362.6847,7681995,0.0,1.0
2018-06-05 00:00:00+00:00,365.8,369.83,361.4124,363.32,8358045,365.8,369.83,361.4124,363.32,8358045,0.0,1.0
2018-06-06 00:00:00+00:00,367.45,369.6799,363.33,367.7848,7712302,367.45,369.6799,363.33,367.7848,7712302,0.0,1.0
2018-06-07 00:00:00+00:00,361.4,368.7,357.8,368.54,8278040,361.4,368.7,357.8,368.54,8278040,0.0,1.0
2018-06-08 00:00:00+00:00,360.57,362.39,356.25,358.06,5225736,360.57,362.39,356.25,358.06,5225736,0.0,1.0
2018-06-11 00:00:00+00:00,361.45,365.67,360.91,361.88,4432445,361.45,365.67,360.91,361.88,4432445,0.0,1.0
2018-06-12 00:00:00+00:00,363.83,365.98,362.0,363.6,4290969,363.83,365.98,362.0,363.6,4290969,0.0,1.0
2018-06-13 00:00:00+00:00,379.93,384.2537,364.11,367.53,18222799,379.93,384.2537,364.11,367.53,18222799,0.0,1.0
2018-06-14 00:00:00+00:00,392.87,395.03,383.25,384.27,14598333,392.87,395.03,383.25,384.27,14598333,0.0,1.0
2018-06-15 00:00:00+00:00,391.98,398.86,387.51,390.71,13588114,391.98,398.86,387.51,390.71,13588114,0.0,1.0
2018-06-18 00:00:00+00:00,390.4,393.16,386.5,387.72,6824794,390.4,393.16,386.5,387.72,6824794,0.0,1.0
2018-06-19 00:00:00+00:00,404.98,405.29,388.5,389.5,16697104,404.98,405.29,388.5,389.5,16697104,0.0,1.0
2018-06-20 00:00:00+00:00,416.76,419.4675,409.6,415.15,16494572,416.76,419.4675,409.6,415.15,16494572,0.0,1.0
2018-06-21 00:00:00+00:00,415.44,423.2056,406.3701,421.38,18389936,415.44,423.2056,406.3701,421.38,18389936,0.0,1.0
2018-06-22 00:00:00+00:00,411.09,420.5,409.651,419.98,10428621,411.09,420.5,409.651,419.98,10428621,0.0,1.0
2018-06-25 00:00:00+00:00,384.48,405.99,378.75,404.69,22490922,384.48,405.99,378.75,404.69,22490922,0.0,1.0
2018-06-26 00:00:00+00:00,399.39,404.78,389.05,393.28,15191157,399.39,404.78,389.05,393.28,15191157,0.0,1.0
2018-06-27 00:00:00+00:00,390.39,411.5865,390.0,407.56,16541426,390.39,411.5865,390.0,407.56,16541426,0.0,1.0
2018-06-28 00:00:00+00:00,395.42,396.9,387.1,395.0,12219888,395.42,396.9,387.1,395.0,12219888,0.0,1.0
2018-06-29 00:00:00+00:00,391.43,401.3299,390.55,399.19,9252511,391.43,401.3299,390.55,399.19,9252511,0.0,1.0
2018-07-02 00:00:00+00:00,398.18,398.38,380.0,385.45,8142457,398.18,398.38,380.0,385.45,8142457,0.0,1.0
2018-07-03 00:00:00+00:00,390.52,399.98,389.5,399.49,5280344,390.52,399.98,389.5,399.49,5280344,0.0,1.0
2018-07-05 00:00:00+00:00,398.39,399.24,390.86,393.8003,8448937,398.39,399.24,390.86,393.8003,8448937,0.0,1.0
2018-07-06 00:00:00+00:00,408.25,408.6495,395.5225,397.45,8629606,408.25,408.6495,395.5225,397.45,8629606,0.0,1.0
2018-07-09 00:00:00+00:00,418.97,419.12,411.1,415.95,11127477,418.97,419.12,411.1,415.95,11127477,0.0,1.0
2018-07-10 00:00:00+00:00,415.63,419.44,413.08,417.24,9382944,415.63,419.44,413.08,417.24,9382944,0.0,1.0
2018-07-11 00:00:00+00:00,418.65,419.77,410.6,411.34,9713904,418.65,419.77,410.6,411.34,9713904,0.0,1.0
2018-07-12 00:00:00+00:00,413.5,416.79,407.8,415.1553,12743273,413.5,416.79,407.8,415.1553,12743273,0.0,1.0
2018-07-13 00:00:00+00:00,395.8,410.0,395.081,409.19,15747266,395.8,410.0,395.081,409.19,15747266,0.0,1.0
2018-07-16 00:00:00+00:00,400.48,403.355,391.75,398.98,22959984,400.48,403.355,391.75,398.98,22959984,0.0,1.0
2018-07-17 00:00:00+00:00,379.48,385.0,344.0,346.95,58410362,379.48,385.0,344.0,346.95,58410362,0.0,1.0
2018-07-18 00:00:00+00:00,375.13,383.13,372.3552,381.24,21746266,375.13,383.13,372.3552,381.24,21746266,0.0,1.0
2018-07-19 00:00:00+00:00,364.23,375.749,363.0,371.06,16878681,364.23,375.749,363.0,371.06,16878681,0.0,1.0
2018-07-20 00:00:00+00:00,361.05,370.5,360.14,364.92,15113740,361.05,370.5,360.14,364.92,15113740,0.0,1.0
2018-07-23 00:00:00+00:00,362.66,363.9,353.6,359.1453,11505232,362.66,363.9,353.6,359.1453,11505232,0.0,1.0
2018-07-24 00:00:00+00:00,357.32,367.4,354.56,366.94,12851457,357.32,367.4,354.56,366.94,12851457,0.0,1.0
2018-07-25 00:00:00+00:00,362.87,363.28,355.65,357.57,8516248,362.87,363.28,355.65,357.57,8516248,0.0,1.0
2018-07-26 00:00:00+00:00,363.09,365.54,356.625,358.19,6993684,363.09,365.54,356.625,358.19,6993684,0.0,1.0
2018-07-27 00:00:00+00:00,355.21,367.0,351.65,366.85,8949491,355.21,367.0,351.65,366.85,8949491,0.0,1.0
2018-07-30 00:00:00+00:00,334.96,352.03,334.0201,351.93,18260710,334.96,352.03,334.0201,351.93,18260710,0.0,1.0
2018-07-31 00:00:00+00:00,337.45,342.5,328.0,331.51,14085369,337.45,342.5,328.0,331.51,14085369,0.0,1.0
2018-08-01 00:00:00+00:00,338.38,344.41,334.02,335.87,7790477,338.38,344.41,334.02,335.87,7790477,0.0,1.0
2018-08-02 00:00:00+00:00,344.5,345.0,334.71,337.23,7131328,344.5,345.0,334.71,337.23,7131328,0.0,1.0
2018-08-03 00:00:00+00:00,343.09,347.86,338.4768,347.75,8848367,343.09,347.86,338.4768,347.75,8848367,0.0,1.0
2018-08-06 00:00:00+00:00,350.92,351.98,341.74,342.8653,8198076,350.92,351.98,341.74,342.8653,8198076,0.0,1.0
2018-08-07 00:00:00+00:00,351.83,357.31,349.01,353.23,7970930,351.83,357.31,349.01,353.23,7970930,0.0,1.0
2018-08-08 00:00:00+00:00,347.61,352.29,346.61,352.21,5402465,347.61,352.29,346.61,352.21,5402465,0.0,1.0
2018-08-09 00:00:00+00:00,349.36,352.439,345.8157,347.96,4820313,349.36,352.439,345.8157,347.96,4820313,0.0,1.0
2018-08-10 00:00:00+00:00,345.87,349.1,344.4233,346.91,4337481,345.87,349.1,344.4233,346.91,4337481,0.0,1.0
2018-08-13 00:00:00+00:00,341.31,347.19,339.07,339.89,6893649,341.31,347.19,339.07,339.89,6893649,0.0,1.0
2018-08-14 00:00:00+00:00,337.49,342.41,336.25,342.09,5805182,337.49,342.41,336.25,342.09,5805182,0.0,1.0
2018-08-15 00:00:00+00:00,326.4,335.4962,321.0,334.03,11784485,326.4,335.4962,321.0,334.03,11784485,0.0,1.0
2018-08-16 00:00:00+00:00,322.44,331.17,321.2138,329.9,6689733,322.44,331.17,321.2138,329.9,6689733,0.0,1.0
2018-08-17 00:00:00+00:00,316.78,324.365,312.96,319.01,10407908,316.78,324.365,312.96,319.01,10407908,0.0,1.0
2018-08-20 00:00:00+00:00,327.73,331.6,310.928,314.64,13591100,327.73,331.6,310.928,314.64,13591100,0.0,1.0
2018-08-21 00:00:00+00:00,338.02,341.5,329.7,331.0,14783246,338.02,341.5,329.7,331.0,14783246,0.0,1.0
2018-08-22 00:00:00+00:00,344.44,346.21,337.406,338.49,8930669,344.44,346.21,337.406,338.49,8930669,0.0,1.0
2018-08-23 00:00:00+00:00,339.17,350.08,337.65,348.11,11336425,339.17,350.08,337.65,348.11,11336425,0.0,1.0
2018-08-24 00:00:00+00:00,358.82,359.15,344.541,346.0,14729137,358.82,359.15,344.541,346.0,14729137,0.0,1.0
2018-08-27 00:00:00+00:00,364.58,374.49,360.0,367.1453,17427304,364.58,374.49,360.0,367.1453,17427304,0.0,1.0
2018-08-28 00:00:00+00:00,368.49,369.99,360.38,367.23,9222617,368.49,369.99,360.38,367.23,9222617,0.0,1.0
2018-08-29 00:00:00+00:00,368.04,369.86,362.91,367.2,8118734,368.04,369.86,362.91,367.2,8118734,0.0,1.0
2018-08-30 00:00:00+00:00,370.98,376.8085,363.54,365.0,10981013,370.98,376.8085,363.54,365.0,10981013,0.0,1.0
2018-08-31 00:00:00+00:00,367.68,376.0,367.0766,370.66,7943443,367.68,376.0,367.0766,370.66,7943443,0.0,1.0
2018-09-04 00:00:00+00:00,363.6,368.88,361.26,366.47,7605161,363.6,368.88,361.26,366.47,7605161,0.0,1.0
2018-09-05 00:00:00+00:00,341.18,363.39,335.83,360.0,13092847,341.18,363.39,335.83,360.0,13092847,0.0,1.0
2018-09-06 00:00:00+00:00,346.46,356.0,341.99,347.44,13050156,346.46,356.0,341.99,347.44,13050156,0.0,1.0
2018-09-07 00:00:00+00:00,348.68,355.75,341.25,342.2,9105817,348.68,355.75,341.25,342.2,9105817,0.0,1.0
2018-09-10 00:00:00+00:00,348.41,352.5,343.08,352.27,5752184,348.41,352.5,343.08,352.27,5752184,0.0,1.0
2018-09-11 00:00:00+00:00,355.93,356.15,343.9001,344.67,6198063,355.93,356.15,343.9001,344.67,6198063,0.0,1.0
2018-09-12 00:00:00+00:00,369.95,370.43,356.24,359.08,10480769,369.95,370.43,356.24,359.08,10480769,0.0,1.0
2018-09-13 00:00:00+00:00,368.15,374.09,366.84,371.91,8366122,368.15,374.09,366.84,371.91,8366122,0.0,1.0
2018-09-14 00:00:00+00:00,364.56,371.09,363.46,368.55,4756426,364.56,371.09,363.46,368.55,4756426,0.0,1.0
2018-09-17 00:00:00+00:00,350.35,367.33,349.57,364.22,7071945,350.35,367.33,349.57,364.22,7071945,0.0,1.0
2018-09-18 00:00:00+00:00,367.65,368.15,351.56,353.67,10413981,367.65,368.15,351.56,353.67,10413981,0.0,1.0
2018-09-19 00:00:00+00:00,366.96,377.61,359.17,373.95,11876841,366.96,377.61,359.17,373.95,11876841,0.0,1.0
2018-09-20 00:00:00+00:00,365.36,370.26,363.17,370.26,6768086,365.36,370.26,363.17,370.26,6768086,0.0,1.0
2018-09-21 00:00:00+00:00,361.19,372.22,360.74,366.59,11930568,361.19,372.22,360.74,366.59,11930568,0.0,1.0
2018-09-24 00:00:00+00:00,369.61,373.64,354.33,359.0,9322522,369.61,373.64,354.33,359.0,9322522,0.0,1.0
2018-09-25 00:00:00+00:00,369.43,371.34,364.492,370.23,6799816,369.43,371.34,364.492,370.23,6799816,0.0,1.0
2018-09-26 00:00:00+00:00,377.88,382.0,370.88,373.59,13799728,377.88,382.0,370.88,373.59,13799728,0.0,1.0
2018-09-27 00:00:00+00:00,380.71,383.2,376.0,379.87,7326246,380.71,383.2,376.0,379.87,7326246,0.0,1.0
2018-09-28 00:00:00+00:00,374.13,380.8,373.73,379.24,7114878,374.13,380.8,373.73,379.24,7114878,0.0,1.0
2018-10-01 00:00:00+00:00,381.43,386.11,375.59,375.85,8376560,381.43,386.11,375.59,375.85,8376560,0.0,1.0
2018-10-02 00:00:00+00:00,377.14,386.7999,373.83,384.38,8638717,377.14,386.7999,373.83,384.38,8638717,0.0,1.0
2018-10-03 00:00:00+00:00,377.05,380.93,374.881,378.53,5798605,377.05,380.93,374.881,378.53,5798605,0.0,1.0
2018-10-04 00:00:00+00:00,363.65,375.92,360.4,375.88,9074350,363.65,375.92,360.4,375.88,9074350,0.0,1.0
2018-10-05 00:00:00+00:00,351.35,363.5,343.0,359.77,13522957,351.35,363.5,343.0,359.77,13522957,0.0,1.0
2018-10-08 00:00:00+00:00,349.1,352.945,338.11,345.18,12375496,349.1,352.945,338.11,345.18,12375496,0.0,1.0
2018-10-09 00:00:00+00:00,355.71,358.72,347.09,348.48,8754990,355.71,358.72,347.09,348.48,8754990,0.0,1.0
2018-10-10 00:00:00+00:00,325.89,355.15,325.39,353.52,17183120,325.89,355.15,325.39,353.52,17183120,0.0,1.0
2018-10-11 00:00:00+00:00,321.1,334.2,315.81,324.94,16082056,321.1,334.2,315.81,324.94,16082056,0.0,1.0
2018-10-12 00:00:00+00:00,339.56,341.3,328.9,339.57,14870830,339.56,341.3,328.9,339.57,14870830,0.0,1.0
2018-10-15 00:00:00+00:00,333.13,339.2057,326.93,337.63,11214956,333.13,339.2057,326.93,337.63,11214956,0.0,1.0
2018-10-16 00:00:00+00:00,346.4,347.95,330.555,337.24,20156418,346.4,347.95,330.555,337.24,20156418,0.0,1.0
2018-10-17 00:00:00+00:00,364.7,380.0,356.5,378.33,32610947,364.7,380.0,356.5,378.33,32610947,0.0,1.0
2018-10-18 00:00:00+00:00,346.71,362.2,346.05,360.673,18461040,346.71,362.2,346.05,360.673,18461040,0.0,1.0
2018-10-19 00:00:00+00:00,332.67,355.8,332.2,351.0,16717233,332.67,355.8,332.2,351.0,16717233,0.0,1.0
2018-10-22 00:00:00+00:00,329.54,335.8,320.34,333.1,17097175,329.54,335.8,320.34,333.1,17097175,0.0,1.0
2018-10-23 00:00:00+00:00,333.16,336.58,316.77,318.0,14907326,333.16,336.58,316.77,318.0,14907326,0.0,1.0
2018-10-24 00:00:00+00:00,301.83,333.0,300.73,332.28,19039297,301.83,333.0,300.73,332.28,19039297,0.0,1.0
2018-10-25 00:00:00+00:00,312.87,319.94,305.25,307.12,13346921,312.87,319.94,305.25,307.12,13346921,0.0,1.0
2018-10-26 00:00:00+00:00,299.83,313.99,292.3,300.51,19616041,299.83,313.99,292.3,300.51,19616041,0.0,1.0
2018-10-29 00:00:00+00:00,284.84,307.89,275.4,305.26,21698841,284.84,307.89,275.4,305.26,21698841,0.0,1.0
2018-10-30 00:00:00+00:00,285.81,290.525,271.2093,275.57,23685702,285.81,290.525,271.2093,275.57,23685702,0.0,1.0
2018-10-31 00:00:00+00:00,301.78,311.5,295.05,297.77,20360342,301.78,311.5,295.05,297.77,20360342,0.0,1.0
2018-11-01 00:00:00+00:00,317.38,318.45,296.67,304.59,15121450,317.38,318.45,296.67,304.59,15121450,0.0,1.0
2018-11-02 00:00:00+00:00,309.1,321.88,308.33,318.0,13404646,309.1,321.88,308.33,318.0,13404646,0.0,1.0
2018-11-05 00:00:00+00:00,315.44,317.53,303.74,311.1,10283044,315.44,317.53,303.74,311.1,10283044,0.0,1.0
2018-11-06 00:00:00+00:00,310.84,320.22,305.3,314.76,9710424,310.84,320.22,305.3,314.76,9710424,0.0,1.0
2018-11-07 00:00:00+00:00,327.5,328.56,311.0,312.9,13328328,327.5,328.56,311.0,312.9,13328328,0.0,1.0
2018-11-08 00:00:00+00:00,317.92,332.0499,316.6103,328.0,11023853,317.92,332.0499,316.6103,328.0,11023853,0.0,1.0
2018-11-09 00:00:00+00:00,303.47,312.98,298.01,311.07,13480792,303.47,312.98,298.01,311.07,13480792,0.0,1.0
2018-11-12 00:00:00+00:00,294.07,302.49,290.63,300.0,10924827,294.07,302.49,290.63,300.0,10924827,0.0,1.0
2018-11-13 00:00:00+00:00,294.4,303.55,289.1,295.0,12232162,294.4,303.55,289.1,295.0,12232162,0.0,1.0
2018-11-14 00:00:00+00:00,286.73,301.84,278.2969,300.4,16853574,286.73,301.84,278.2969,300.4,16853574,0.0,1.0
2018-11-15 00:00:00+00:00,290.06,292.5,282.16,285.51,9967098,290.06,292.5,282.16,285.51,9967098,0.0,1.0
2018-11-16 00:00:00+00:00,286.21,291.72,281.0,287.14,9099485,286.21,291.72,281.0,287.14,9099485,0.0,1.0
2018-11-19 00:00:00+00:00,270.6,285.09,269.15,283.79,12993797,270.6,285.09,269.15,283.79,12993797,0.0,1.0
2018-11-20 00:00:00+00:00,266.98,276.34,250.0,254.63,16693809,266.98,276.34,250.0,254.63,16693809,0.0,1.0
2018-11-21 00:00:00+00:00,262.13,275.34,261.51,274.42,11023037,262.13,275.34,261.51,274.42,11023037,0.0,1.0
2018-11-23 00:00:00+00:00,258.82,265.5,256.84,260.11,5245123,258.82,265.5,256.84,260.11,5245123,0.0,1.0
2018-11-26 00:00:00+00:00,261.43,266.25,253.8,260.55,12498560,261.43,266.25,253.8,260.55,12498560,0.0,1.0
2018-11-27 00:00:00+00:00,266.63,269.08,256.14,259.24,11149501,266.63,269.08,256.14,259.24,11149501,0.0,1.0
2018-11-28 00:00:00+00:00,282.65,284.0,263.34,271.98,14801333,282.65,284.0,263.34,271.98,14801333,0.0,1.0
2018-11-29 00:00:00+00:00,288.75,290.49,275.5,282.32,15431538,288.75,290.49,275.5,282.32,15431538,0.0,1.0
2018-11-30 00:00:00+00:00,286.13,290.81,283.061,288.0,11860117,286.13,290.81,283.061,288.0,11860117,0.0,1.0
2018-12-03 00:00:00+00:00,290.3,298.72,284.58,293.19,14117370,290.3,298.72,284.58,293.19,14117370,0.0,1.0
2018-12-04 00:00:00+00:00,275.33,295.74,274.72,288.13,12800586,275.33,295.74,274.72,288.13,12800586,0.0,1.0
2018-12-06 00:00:00+00:00,282.88,283.22,267.14,268.33,13074324,282.88,283.22,267.14,268.33,13074324,0.0,1.0
2018-12-07 00:00:00+00:00,265.14,284.209,263.38,282.48,12466711,265.14,284.209,263.38,282.48,12466711,0.0,1.0
2018-12-10 00:00:00+00:00,269.7,271.18,260.6094,264.19,9605553,269.7,271.18,260.6094,264.19,9605553,0.0,1.0
2018-12-11 00:00:00+00:00,265.32,274.5,262.76,274.08,9843199,265.32,274.5,262.76,274.08,9843199,0.0,1.0
2018-12-12 00:00:00+00:00,274.88,281.7695,266.48,267.66,11456716,274.88,281.7695,266.48,267.66,11456716,0.0,1.0
2018-12-13 00:00:00+00:00,276.02,279.32,271.85,277.64,8379292,276.02,279.32,271.85,277.64,8379292,0.0,1.0
2018-12-14 00:00:00+00:00,266.84,277.6665,265.0,271.81,9915319,266.84,277.6665,265.0,271.81,9915319,0.0,1.0
2018-12-17 00:00:00+00:00,262.8,272.98,261.075,266.51,9634734,262.8,272.98,261.075,266.51,9634734,0.0,1.0
2018-12-18 00:00:00+00:00,270.94,275.75,263.29,263.3,10350079,270.94,275.75,263.29,263.3,10350079,0.0,1.0
2018-12-19 00:00:00+00:00,266.77,280.87,263.77,269.96,13788448,266.77,280.87,263.77,269.96,13788448,0.0,1.0
2018-12-20 00:00:00+00:00,260.58,269.9,251.88,264.64,16792928,260.58,269.9,251.88,264.64,16792928,0.0,1.0
2018-12-21 00:00:00+00:00,246.39,264.5,241.29,263.83,21397595,246.39,264.5,241.29,263.83,21397595,0.0,1.0
2018-12-24 00:00:00+00:00,233.88,250.65,233.68,242.0,9547616,233.88,250.65,233.68,242.0,9547616,0.0,1.0
2018-12-26 00:00:00+00:00,253.67,254.5,231.23,233.92,14402735,253.67,254.5,231.23,233.92,14402735,0.0,1.0
2018-12-27 00:00:00+00:00,255.565,255.59,240.1,250.11,12235217,255.565,255.59,240.1,250.11,12235217,0.0,1.0
2018-12-28 00:00:00+00:00,256.08,261.9144,249.8,257.94,10987286,256.08,261.9144,249.8,257.94,10987286,0.0,1.0
2018-12-31 00:00:00+00:00,267.66,270.1001,260.0,260.16,13508920,267.66,270.1001,260.0,260.16,13508920,0.0,1.0
2019-01-02 00:00:00+00:00,267.66,269.7499,256.58,259.28,11679528,267.66,269.7499,256.58,259.28,11679528,0.0,1.0
2019-01-03 00:00:00+00:00,271.2,275.79,264.43,270.2,14969647,271.2,275.79,264.43,270.2,14969647,0.0,1.0
2019-01-04 00:00:00+00:00,297.57,297.8,278.54,281.88,19330102,297.57,297.8,278.54,281.88,19330102,0.0,1.0
2019-01-07 00:00:00+00:00,315.34,316.8,301.65,302.1,18620116,315.34,316.8,301.65,302.1,18620116,0.0,1.0
2019-01-08 00:00:00+00:00,320.27,320.593,308.01,319.98,15359180,320.27,320.593,308.01,319.98,15359180,0.0,1.0
2019-01-09 00:00:00+00:00,319.96,323.3508,313.5,317.71,13343152,319.96,323.3508,313.5,317.71,13343152,0.0,1.0
2019-01-10 00:00:00+00:00,324.66,325.37,312.5,314.57,13472475,324.66,325.37,312.5,314.57,13472475,0.0,1.0
2019-01-11 00:00:00+00:00,337.59,341.09,328.52,330.96,19500429,337.59,341.09,328.52,330.96,19500429,0.0,1.0
2019-01-14 00:00:00+00:00,332.94,335.48,329.13,334.24,10499582,332.94,335.48,329.13,334.24,10499582,0.0,1.0
2019-01-15 00:00:00+00:00,354.64,357.22,347.0,349.6,21181234,354.64,357.22,347.0,349.6,21181234,0.0,1.0
2019-01-16 00:00:00+00:00,351.39,358.85,348.11,354.0,15385548,351.39,358.85,348.11,354.0,15385548,0.0,1.0
2019-01-17 00:00:00+00:00,353.19,355.79,346.41,349.5,18871195,353.19,355.79,346.41,349.5,18871195,0.0,1.0
2019-01-18 00:00:00+00:00,339.1,353.0,336.73,351.97,26621040,339.1,353.0,336.73,351.97,26621040,0.0,1.0
2019-01-22 00:00:00+00:00,325.16,336.88,321.03,334.89,17941416,325.16,336.88,321.03,334.89,17941416,0.0,1.0
2019-01-23 00:00:00+00:00,321.99,331.75,318.6,328.25,13480138,321.99,331.75,318.6,328.25,13480138,0.0,1.0
2019-01-24 00:00:00+00:00,326.67,331.8,319.0,320.6,11131627,326.67,331.8,319.0,320.6,11131627,0.0,1.0
2019-01-25 00:00:00+00:00,338.05,340.0,328.51,328.72,11166609,338.05,340.0,328.51,328.72,11166609,0.0,1.0
2019-01-28 00:00:00+00:00,335.66,336.3,328.88,334.7,8652082,335.66,336.3,328.88,334.7,8652082,0.0,1.0
2019-01-29 00:00:00+00:00,328.9,338.22,328.151,335.87,7655189,328.9,338.22,328.151,335.87,7655189,0.0,1.0
2019-01-30 00:00:00+00:00,340.66,341.78,330.8,332.75,9234530,340.66,341.78,330.8,332.75,9234530,0.0,1.0
2019-01-31 00:00:00+00:00,339.5,345.99,338.0919,339.68,8535517,339.5,345.99,338.0919,339.68,8535517,0.0,1.0
2019-02-01 00:00:00+00:00,339.85,346.84,336.5,337.18,9827760,339.85,346.84,336.5,337.18,9827760,0.0,1.0
2019-02-04 00:00:00+00:00,351.34,352.0,341.3,342.6,9051387,351.34,352.0,341.3,342.6,9051387,0.0,1.0
2019-02-05 00:00:00+00:00,355.81,360.0,352.9,353.2,9046623,355.81,360.0,352.9,353.2,9046623,0.0,1.0
2019-02-06 00:00:00+00:00,352.19,357.04,347.19,357.0,6717662,352.19,357.04,347.19,357.0,6717662,0.0,1.0
2019-02-07 00:00:00+00:00,344.71,348.75,339.02,347.9,7864529,344.71,348.75,339.02,347.9,7864529,0.0,1.0
2019-02-08 00:00:00+00:00,347.57,348.0,338.0,338.0,7561391,347.57,348.0,338.0,338.0,7561391,0.0,1.0
2019-02-11 00:00:00+00:00,345.73,352.87,344.81,350.0,5454863,345.73,352.87,344.81,350.0,5454863,0.0,1.0
2019-02-12 00:00:00+00:00,359.97,360.0,346.52,348.09,10429399,359.97,360.0,346.52,348.09,10429399,0.0,1.0
2019-02-13 00:00:00+00:00,351.77,359.6,350.28,357.3,10559146,351.77,359.6,350.28,357.3,10559146,0.0,1.0
2019-02-14 00:00:00+00:00,359.07,360.45,348.33,351.75,9295338,359.07,360.45,348.33,351.75,9295338,0.0,1.0
2019-02-15 00:00:00+00:00,356.87,364.4,355.5,358.47,9229980,356.87,364.4,355.5,358.47,9229980,0.0,1.0
2019-02-19 00:00:00+00:00,361.92,365.0,355.32,355.8,7396559,361.92,365.0,355.32,355.8,7396559,0.0,1.0
2019-02-20 00:00:00+00:00,359.91,366.71,356.7,364.85,8110741,359.91,366.71,356.7,364.85,8110741,0.0,1.0
2019-02-21 00:00:00+00:00,356.97,362.85,353.88,360.03,6227897,356.97,362.85,353.88,360.03,6227897,0.0,1.0
2019-02-22 00:00:00+00:00,363.02,366.13,360.05,360.34,7088214,363.02,366.13,360.05,360.34,7088214,0.0,1.0
2019-02-25 00:00:00+00:00,363.91,371.49,363.79,367.01,7569320,363.91,371.49,363.79,367.01,7569320,0.0,1.0
2019-02-26 00:00:00+00:00,364.97,365.7,359.33,362.98,4944593,364.97,365.7,359.33,362.98,4944593,0.0,1.0
2019-02-27 00:00:00+00:00,362.87,368.03,359.8,363.5,5629945,362.87,368.03,359.8,363.5,5629945,0.0,1.0
2019-02-28 00:00:00+00:00,358.1,366.39,357.709,362.47,6186763,358.1,366.39,357.709,362.47,6186763,0.0,1.0
2019-03-01 00:00:00+00:00,357.32,362.87,354.6915,362.26,5526539,357.32,362.87,354.6915,362.26,5526539,0.0,1.0
2019-03-04 00:00:00+00:00,351.04,362.25,348.0436,359.72,7486996,351.04,362.25,348.0436,359.72,7486996,0.0,1.0
2019-03-05 00:00:00+00:00,354.3,356.17,348.25,351.46,5937754,354.3,356.17,348.25,351.46,5937754,0.0,1.0
2019-03-06 00:00:00+00:00,359.61,359.88,351.7,353.6,6211895,359.61,359.88,351.7,353.6,6211895,0.0,1.0
2019-03-07 00:00:00+00:00,352.6,362.86,350.5,360.16,6151331,352.6,362.86,350.5,360.16,6151331,0.0,1.0
2019-03-08 00:00:00+00:00,349.6,349.92,342.47,345.75,6898838,349.6,349.92,342.47,345.75,6898838,0.0,1.0
2019-03-11 00:00:00+00:00,358.86,358.98,350.03,352.0,5387285,358.86,358.98,350.03,352.0,5387285,0.0,1.0
2019-03-12 00:00:00+00:00,356.27,360.13,353.8,359.37,5164571,356.27,360.13,353.8,359.37,5164571,0.0,1.0
2019-03-13 00:00:00+00:00,361.21,362.48,352.765,355.81,6444092,361.21,362.48,352.765,355.81,6444092,0.0,1.0
2019-03-14 00:00:00+00:00,358.82,363.84,358.1008,360.5,5271429,358.82,363.84,358.1008,360.5,5271429,0.0,1.0
2019-03-15 00:00:00+00:00,361.46,364.0,358.89,361.02,8443210,361.46,364.0,358.89,361.02,8443210,0.0,1.0
2019-03-18 00:00:00+00:00,363.44,370.9705,361.86,362.47,7194726,363.44,370.9705,361.86,362.47,7194726,0.0,1.0
2019-03-19 00:00:00+00:00,358.78,366.96,356.8,366.4,7541425,358.78,366.96,356.8,366.4,7541425,0.0,1.0
2019-03-20 00:00:00+00:00,375.22,375.9,357.01,358.91,10917165,375.22,375.9,357.01,358.91,10917165,0.0,1.0
2019-03-21 00:00:00+00:00,377.87,379.0,370.61,374.0,8544017,377.87,379.0,370.61,374.0,8544017,0.0,1.0
2019-03-22 00:00:00+00:00,361.01,376.43,360.04,375.95,8661346,361.01,376.43,360.04,375.95,8661346,0.0,1.0
2019-03-25 00:00:00+00:00,366.23,367.0399,357.44,359.0,8473845,366.23,367.0399,357.44,359.0,8473845,0.0,1.0
2019-03-26 00:00:00+00:00,359.97,368.38,358.02,367.87,7666475,359.97,368.38,358.02,367.87,7666475,0.0,1.0
2019-03-27 00:00:00+00:00,353.37,362.47,350.37,361.0,7852370,353.37,362.47,350.37,361.0,7852370,0.0,1.0
2019-03-28 00:00:00+00:00,354.61,355.94,349.2,354.485,4360960,354.61,355.94,349.2,354.485,4360960,0.0,1.0
2019-03-29 00:00:00+00:00,356.56,358.25,353.71,357.16,4705636,356.56,358.25,353.71,357.16,4705636,0.0,1.0
2019-04-01 00:00:00+00:00,366.96,368.33,358.51,359.0,7036097,366.96,368.33,358.51,359.0,7036097,0.0,1.0
2019-04-02 00:00:00+00:00,367.72,368.42,362.22,366.25,5158742,367.72,368.42,362.22,366.25,5158742,0.0,1.0
2019-04-03 00:00:00+00:00,369.75,373.4105,366.19,369.26,5376623,369.75,373.4105,366.19,369.26,5376623,0.0,1.0
2019-04-04 00:00:00+00:00,367.88,372.05,362.4,370.07,4627305,367.88,372.05,362.4,370.07,4627305,0.0,1.0
2019-04-05 00:00:00+00:00,365.49,369.8,364.66,369.0,3905493,365.49,369.8,364.66,369.0,3905493,0.0,1.0
2019-04-08 00:00:00+00:00,361.41,365.94,359.93,365.11,4653810,361.41,365.94,359.93,365.11,4653810,0.0,1.0
2019-04-09 00:00:00+00:00,364.71,366.74,359.0,360.54,5439228,364.71,366.74,359.0,360.54,5439228,0.0,1.0
2019-04-10 00:00:00+00:00,363.92,368.8481,362.25,365.79,4545561,363.92,368.8481,362.25,365.79,4545561,0.0,1.0
2019-04-11 00:00:00+00:00,367.65,370.12,360.81,365.0,6526899,367.65,370.12,360.81,365.0,6526899,0.0,1.0
2019-04-12 00:00:00+00:00,351.14,361.75,349.36,360.69,15646199,351.14,361.75,349.36,360.69,15646199,0.0,1.0
2019-04-15 00:00:00+00:00,348.87,352.21,342.27,350.71,8842344,348.87,352.21,342.27,350.71,8842344,0.0,1.0
2019-04-16 00:00:00+00:00,359.46,364.4787,352.72,355.0,18740232,359.46,364.4787,352.72,355.0,18740232,0.0,1.0
2019-04-17 00:00:00+00:00,354.74,368.764,350.6,365.05,18054101,354.74,368.764,350.6,365.05,18054101,0.0,1.0
2019-04-18 00:00:00+00:00,360.35,360.41,351.64,355.0,8353165,360.35,360.41,351.64,355.0,8353165,0.0,1.0
2019-04-22 00:00:00+00:00,377.34,377.69,359.0,359.7,11980534,377.34,377.69,359.0,359.7,11980534,0.0,1.0
2019-04-23 00:00:00+00:00,381.89,384.8,374.7069,375.45,10089820,381.89,384.8,374.7069,375.45,10089820,0.0,1.0
2019-04-24 00:00:00+00:00,374.23,381.9,373.2698,381.07,6541872,374.23,381.9,373.2698,381.07,6541872,0.0,1.0
2019-04-25 00:00:00+00:00,368.33,374.76,365.7,374.49,6255496,368.33,374.76,365.7,374.49,6255496,0.0,1.0
2019-04-26 00:00:00+00:00,374.85,375.14,366.24,368.35,5621901,374.85,375.14,366.24,368.35,5621901,0.0,1.0
2019-04-29 00:00:00+00:00,371.83,374.5753,369.115,373.68,3821703,371.83,374.5753,369.115,373.68,3821703,0.0,1.0
2019-04-30 00:00:00+00:00,370.54,374.5,368.348,369.56,3870095,370.54,374.5,368.348,369.56,3870095,0.0,1.0
2019-05-01 00:00:00+00:00,378.81,385.99,373.1746,374.0,9257284,378.81,385.99,373.1746,374.0,9257284,0.0,1.0
2019-05-02 00:00:00+00:00,379.06,383.5,374.51,378.0,5398167,379.06,383.5,374.51,378.0,5398167,0.0,1.0
2019-05-03 00:00:00+00:00,385.03,385.03,378.2717,381.53,5130301,385.03,385.03,378.2717,381.53,5130301,0.0,1.0
2019-05-06 00:00:00+00:00,378.67,381.35,376.0,377.69,5793144,378.67,381.35,376.0,377.69,5793144,0.0,1.0
2019-05-07 00:00:00+00:00,370.46,379.91,365.81,377.0,6974924,370.46,379.91,365.81,377.0,6974924,0.0,1.0
2019-05-08 00:00:00+00:00,364.37,369.0,361.36,367.92,6571957,364.37,369.0,361.36,367.92,6571957,0.0,1.0
2019-05-09 00:00:00+00:00,362.75,364.2,352.75,360.9,5882572,362.75,364.2,352.75,360.9,5882572,0.0,1.0
2019-05-10 00:00:00+00:00,361.04,365.2578,353.06,361.62,5657123,361.04,365.2578,353.06,361.62,5657123,0.0,1.0
2019-05-13 00:00:00+00:00,345.26,354.26,343.1,352.29,8026697,345.26,354.26,343.1,352.29,8026697,0.0,1.0
2019-05-14 00:00:00+00:00,345.61,349.95,342.5,348.71,5353029,345.61,349.95,342.5,348.71,5353029,0.0,1.0
2019-05-15 00:00:00+00:00,354.99,356.5,341.39,343.34,6340118,354.99,356.5,341.39,343.34,6340118,0.0,1.0
2019-05-16 00:00:00+00:00,359.31,364.0,353.935,356.37,6441463,359.31,364.0,353.935,356.37,6441463,0.0,1.0
2019-05-17 00:00:00+00:00,354.45,359.62,353.785,356.39,4725448,354.45,359.62,353.785,356.39,4725448,0.0,1.0
2019-05-20 00:00:00+00:00,348.11,352.418,345.4,351.23,4621515,348.11,352.418,345.4,351.23,4621515,0.0,1.0
2019-05-21 00:00:00+00:00,354.27,356.425,349.93,350.95,4026369,354.27,356.425,349.93,350.95,4026369,0.0,1.0
2019-05-22 00:00:00+00:00,359.73,370.46,357.3,358.01,6229389,359.73,370.46,357.3,358.01,6229389,0.0,1.0
2019-05-23 00:00:00+00:00,352.21,357.42,347.7,355.5,5630443,352.21,357.42,347.7,355.5,5630443,0.0,1.0
2019-05-24 00:00:00+00:00,354.39,359.44,353.791,355.41,3830963,354.39,359.44,353.791,355.41,3830963,0.0,1.0
2019-05-28 00:00:00+00:00,354.78,361.2,353.64,354.39,4717144,354.78,361.2,353.64,354.39,4717144,0.0,1.0
2019-05-29 00:00:00+00:00,349.19,353.8476,345.9,353.6,5658913,349.19,353.8476,345.9,353.6,5658913,0.0,1.0
2019-05-30 00:00:00+00:00,351.85,354.21,348.3,350.55,4008042,351.85,354.21,348.3,350.55,4008042,0.0,1.0
2019-05-31 00:00:00+00:00,343.28,349.34,342.92,347.22,5023449,343.28,349.34,342.92,347.22,5023449,0.0,1.0
2019-06-03 00:00:00+00:00,336.63,347.66,332.65,343.56,7849589,336.63,347.66,332.65,343.56,7849589,0.0,1.0
2019-06-04 00:00:00+00:00,353.4,353.61,343.25,345.0,7891632,353.4,353.61,343.25,345.0,7891632,0.0,1.0
2019-06-05 00:00:00+00:00,355.73,357.88,348.71,354.38,5020081,355.73,357.88,348.71,354.38,5020081,0.0,1.0
2019-06-06 00:00:00+00:00,357.13,358.21,352.09,354.84,3709955,357.13,358.21,352.09,354.84,3709955,0.0,1.0
2019-06-07 00:00:00+00:00,360.87,365.15,355.69,357.39,4777321,360.87,365.15,355.69,357.39,4777321,0.0,1.0
2019-06-10 00:00:00+00:00,352.01,367.1,349.285,363.65,7810261,352.01,367.1,349.285,363.65,7810261,0.0,1.0
2019-06-11 00:00:00+00:00,351.27,357.58,348.5,355.0,5396712,351.27,357.58,348.5,355.0,5396712,0.0,1.0
2019-06-12 00:00:00+00:00,345.56,353.61,343.23,351.82,4584704,345.56,353.61,343.23,351.82,4584704,0.0,1.0
2019-06-13 00:00:00+00:00,343.43,348.5,339.25,347.23,6209347,343.43,348.5,339.25,347.23,6209347,0.0,1.0
2019-06-14 00:00:00+00:00,339.73,343.4,336.155,341.63,5019011,339.73,343.4,336.155,341.63,5019011,0.0,1.0
2019-06-17 00:00:00+00:00,350.62,351.77,342.06,342.69,5358219,350.62,351.77,342.06,342.69,5358219,0.0,1.0
2019-06-18 00:00:00+00:00,357.12,361.5,353.75,355.57,5428542,357.12,361.5,353.75,355.57,5428542,0.0,1.0
2019-06-19 00:00:00+00:00,363.52,364.74,356.12,361.72,5667156,363.52,364.74,356.12,361.72,5667156,0.0,1.0
2019-06-20 00:00:00+00:00,365.21,370.12,361.215,365.91,5899467,365.21,370.12,361.215,365.91,5899467,0.0,1.0
2019-06-21 00:00:00+00:00,369.21,371.45,365.0,365.0,7448356,369.21,371.45,365.0,365.0,7448356,0.0,1.0
2019-06-24 00:00:00+00:00,371.04,375.0,370.2,370.27,4830240,371.04,375.0,370.2,370.27,4830240,0.0,1.0
2019-06-25 00:00:00+00:00,360.3,370.9994,358.29,370.75,5750383,360.3,370.9994,358.29,370.75,5750383,0.0,1.0
2019-06-26 00:00:00+00:00,362.2,366.79,361.6,361.6,3669677,362.2,366.79,361.6,361.6,3669677,0.0,1.0
2019-06-27 00:00:00+00:00,370.02,370.85,363.2,363.2,4138575,370.02,370.85,363.2,363.2,4138575,0.0,1.0
2019-06-28 00:00:00+00:00,367.32,371.5448,364.87,370.26,4592706,367.32,371.5448,364.87,370.26,4592706,0.0,1.0
2019-07-01 00:00:00+00:00,374.6,376.66,372.0,373.5,5001518,374.6,376.66,372.0,373.5,5001518,0.0,1.0
2019-07-02 00:00:00+00:00,375.43,376.0,370.31,374.89,3628962,375.43,376.0,370.31,374.89,3628962,0.0,1.0
2019-07-03 00:00:00+00:00,381.72,381.99,375.84,376.69,3799009,381.72,381.99,375.84,376.69,3799009,0.0,1.0
2019-07-05 00:00:00+00:00,380.55,381.4,375.555,378.29,3732162,380.55,381.4,375.555,378.29,3732162,0.0,1.0
2019-07-08 00:00:00+00:00,376.16,378.25,375.36,378.19,3113402,376.16,378.25,375.36,378.19,3113402,0.0,1.0
2019-07-09 00:00:00+00:00,379.93,384.76,377.5,379.06,6932822,379.93,384.76,377.5,379.06,6932822,0.0,1.0
2019-07-10 00:00:00+00:00,381.0,384.3399,377.4,382.77,5878790,381.0,384.3399,377.4,382.77,5878790,0.0,1.0
2019-07-11 00:00:00+00:00,379.5,384.54,378.8,381.1,4336287,379.5,384.54,378.8,381.1,4336287,0.0,1.0
2019-07-12 00:00:00+00:00,373.25,379.7375,372.7917,378.68,6636937,373.25,379.7375,372.7917,378.68,6636937,0.0,1.0
2019-07-15 00:00:00+00:00,366.6,373.68,362.3,372.94,7944680,366.6,373.68,362.3,372.94,7944680,0.0,1.0
2019-07-16 00:00:00+00:00,365.99,371.34,364.92,370.09,5863222,365.99,371.34,364.92,370.09,5863222,0.0,1.0
2019-07-17 00:00:00+00:00,362.44,366.5,361.75,366.25,13639536,362.44,366.5,361.75,366.25,13639536,0.0,1.0
2019-07-18 00:00:00+00:00,325.21,329.85,320.3,323.76,31305899,325.21,329.85,320.3,323.76,31305899,0.0,1.0
2019-07-19 00:00:00+00:00,315.1,325.85,314.23,323.4,16302482,315.1,325.85,314.23,323.4,16302482,0.0,1.0
2019-07-22 00:00:00+00:00,310.62,314.54,305.81,312.0,17725334,310.62,314.54,305.81,312.0,17725334,0.0,1.0
2019-07-23 00:00:00+00:00,307.3,313.5,306.0,311.44,9171068,307.3,313.5,306.0,311.44,9171068,0.0,1.0
2019-07-24 00:00:00+00:00,317.94,319.99,307.25,310.51,11961818,317.94,319.99,307.25,310.51,11961818,0.0,1.0
2019-07-25 00:00:00+00:00,326.46,327.69,316.3,318.86,10798496,326.46,327.69,316.3,318.86,10798496,0.0,1.0
2019-07-26 00:00:00+00:00,335.78,336.0,327.5,328.79,10847495,335.78,336.0,327.5,328.79,10847495,0.0,1.0
2019-07-29 00:00:00+00:00,332.7,336.4,328.77,335.98,5782817,332.7,336.4,328.77,335.98,5782817,0.0,1.0
2019-07-30 00:00:00+00:00,325.93,329.65,323.23,329.2,6029320,325.93,329.65,323.23,329.2,6029320,0.0,1.0
2019-07-31 00:00:00+00:00,322.99,331.77,318.53,325.16,6259494,322.99,331.77,318.53,325.16,6259494,0.0,1.0
2019-08-01 00:00:00+00:00,319.5,328.58,318.735,324.25,6563156,319.5,328.58,318.735,324.25,6563156,0.0,1.0
2019-08-02 00:00:00+00:00,318.83,319.41,311.8,317.49,6280343,318.83,319.41,311.8,317.49,6280343,0.0,1.0
2019-08-05 00:00:00+00:00,307.63,313.4179,304.677,310.96,8692485,307.63,313.4179,304.677,310.96,8692485,0.0,1.0
2019-08-06 00:00:00+00:00,310.1,311.88,305.3,310.58,6179090,310.1,311.88,305.3,310.58,6179090,0.0,1.0
2019-08-07 00:00:00+00:00,304.29,305.0,296.8126,302.56,9322433,304.29,305.0,296.8126,302.56,9322433,0.0,1.0
2019-08-08 00:00:00+00:00,315.9,316.3648,306.63,311.03,5905865,315.9,316.3648,306.63,311.03,5905865,0.0,1.0
2019-08-09 00:00:00+00:00,308.93,316.64,305.68,313.74,5349059,308.93,316.64,305.68,313.74,5349059,0.0,1.0
2019-08-12 00:00:00+00:00,310.83,312.89,303.24,305.46,6531722,310.83,312.89,303.24,305.46,6531722,0.0,1.0
2019-08-13 00:00:00+00:00,312.28,316.43,308.16,309.77,5338761,312.28,316.43,308.16,309.77,5338761,0.0,1.0
2019-08-14 00:00:00+00:00,299.11,308.41,298.005,308.01,7355753,299.11,308.41,298.005,308.01,7355753,0.0,1.0
2019-08-15 00:00:00+00:00,295.76,300.63,288.0,299.5,9683384,295.76,300.63,288.0,299.5,9683384,0.0,1.0
2019-08-16 00:00:00+00:00,302.8,303.55,296.27,298.86,7090757,302.8,303.55,296.27,298.86,7090757,0.0,1.0
2019-08-19 00:00:00+00:00,309.38,311.75,304.75,306.25,4951733,309.38,311.75,304.75,306.25,4951733,0.0,1.0
2019-08-20 00:00:00+00:00,298.99,305.0,297.6811,304.57,7352162,298.99,305.0,297.6811,304.57,7352162,0.0,1.0
2019-08-21 00:00:00+00:00,297.81,302.88,296.2,301.61,5689746,297.81,302.88,296.2,301.61,5689746,0.0,1.0
2019-08-22 00:00:00+00:00,296.93,300.33,293.15,298.65,4977042,296.93,300.33,293.15,298.65,4977042,0.0,1.0
2019-08-23 00:00:00+00:00,291.44,299.01,290.32,295.0,6331189,291.44,299.01,290.32,295.0,6331189,0.0,1.0
2019-08-26 00:00:00+00:00,294.98,296.95,292.5,295.24,4696982,294.98,296.95,292.5,295.24,4696982,0.0,1.0
2019-08-27 00:00:00+00:00,291.03,296.77,287.1968,294.54,6314559,291.03,296.77,287.1968,294.54,6314559,0.0,1.0
2019-08-28 00:00:00+00:00,291.77,292.82,287.75,289.47,3889363,291.77,292.82,287.75,289.47,3889363,0.0,1.0
2019-08-29 00:00:00+00:00,296.78,299.93,294.99,295.0,4392532,296.78,299.93,294.99,295.0,4392532,0.0,1.0
2019-08-30 00:00:00+00:00,293.75,298.94,290.85,298.78,4447990,293.75,298.94,290.85,298.78,4447990,0.0,1.0
2019-09-03 00:00:00+00:00,289.29,293.9,288.06,290.82,3684177,289.29,293.9,288.06,290.82,3684177,0.0,1.0
2019-09-04 00:00:00+00:00,291.52,292.38,286.51,291.25,4653665,291.52,292.38,286.51,291.25,4653665,0.0,1.0
2019-09-05 00:00:00+00:00,293.25,293.97,282.785,285.32,8972356,293.25,293.97,282.785,285.32,8972356,0.0,1.0
2019-09-06 00:00:00+00:00,290.17,293.35,287.03,293.35,5166556,290.17,293.35,287.03,293.35,5166556,0.0,1.0
2019-09-09 00:00:00+00:00,294.34,301.55,290.6,294.81,8232744,294.34,301.55,290.6,294.81,8232744,0.0,1.0
2019-09-10 00:00:00+00:00,287.99,297.17,282.6629,291.16,12320248,287.99,297.17,282.6629,291.16,12320248,0.0,1.0
2019-09-11 00:00:00+00:00,288.27,292.65,284.61,285.7,7405949,288.27,292.65,284.61,285.7,7405949,0.0,1.0
2019-09-12 00:00:00+00:00,288.86,292.73,286.6,288.1,5010927,288.86,292.73,286.6,288.1,5010927,0.0,1.0
2019-09-13 00:00:00+00:00,294.15,296.62,290.04,290.61,6583124,294.15,296.62,290.04,290.61,6583124,0.0,1.0
2019-09-16 00:00:00+00:00,294.29,297.43,289.78,294.23,5307386,294.29,297.43,289.78,294.23,5307386,0.0,1.0
2019-09-17 00:00:00+00:00,298.6,299.15,291.79,294.5,4817119,298.6,299.15,291.79,294.5,4817119,0.0,1.0
2019-09-18 00:00:00+00:00,291.56,296.05,287.45,294.99,7841539,291.56,296.05,287.45,294.99,7841539,0.0,1.0
2019-09-19 00:00:00+00:00,286.6,293.81,283.4,291.56,8545761,286.6,293.81,283.4,291.56,8545761,0.0,1.0
2019-09-20 00:00:00+00:00,270.75,282.5,266.0,280.26,23954192,270.75,282.5,266.0,280.26,23954192,0.0,1.0
2019-09-23 00:00:00+00:00,265.92,273.39,261.89,268.345,13610294,265.92,273.39,261.89,268.345,13610294,0.0,1.0
2019-09-24 00:00:00+00:00,254.59,265.0,252.28,262.5,16392808,254.59,265.0,252.28,262.5,16392808,0.0,1.0
2019-09-25 00:00:00+00:00,264.75,266.6,253.7,255.71,11846748,264.75,266.6,253.7,255.71,11846748,0.0,1.0
2019-09-26 00:00:00+00:00,263.31,268.05,260.2,266.42,7696858,263.31,268.05,260.2,266.42,7696858,0.0,1.0
2019-09-27 00:00:00+00:00,263.08,267.44,260.39,266.175,7367491,263.08,267.44,260.39,266.175,7367491,0.0,1.0
2019-09-30 00:00:00+00:00,267.62,268.88,262.78,264.0,6823100,267.62,268.88,262.78,264.0,6823100,0.0,1.0
2019-10-01 00:00:00+00:00,269.58,272.2,264.03,267.35,8786284,269.58,272.2,264.03,267.35,8786284,0.0,1.0
2019-10-02 00:00:00+00:00,268.03,269.35,262.19,263.61,7773299,268.03,269.35,262.19,263.61,7773299,0.0,1.0
2019-10-03 00:00:00+00:00,268.15,268.843,257.01,267.78,9068810,268.15,268.843,257.01,267.78,9068810,0.0,1.0
2019-10-04 00:00:00+00:00,272.79,275.4846,266.47,268.2,9992774,272.79,275.4846,266.47,268.2,9992774,0.0,1.0
2019-10-07 00:00:00+00:00,274.46,276.68,271.28,271.99,6796811,274.46,276.68,271.28,271.99,6796811,0.0,1.0
2019-10-08 00:00:00+00:00,270.72,275.53,270.6427,273.03,6302269,270.72,275.53,270.6427,273.03,6302269,0.0,1.0
2019-10-09 00:00:00+00:00,267.53,271.0,264.57,270.02,6843488,267.53,271.0,264.57,270.02,6843488,0.0,1.0
2019-10-10 00:00:00+00:00,280.48,280.53,265.0337,265.97,10961191,280.48,280.53,265.0337,265.97,10961191,0.0,1.0
2019-10-11 00:00:00+00:00,282.93,287.87,275.8947,284.8,8817301,282.93,287.87,275.8947,284.8,8817301,0.0,1.0
2019-10-14 00:00:00+00:00,285.53,286.93,282.0,283.93,5543120,285.53,286.93,282.0,283.93,5543120,0.0,1.0
2019-10-15 00:00:00+00:00,284.25,285.87,279.4,283.82,7728161,284.25,285.87,279.4,283.82,7728161,0.0,1.0
2019-10-16 00:00:00+00:00,286.28,288.17,280.7431,283.12,18413335,286.28,288.17,280.7431,283.12,18413335,0.0,1.0
2019-10-17 00:00:00+00:00,293.35,308.75,288.3001,304.49,38462343,293.35,308.75,288.3001,304.49,38462343,0.0,1.0
2019-10-18 00:00:00+00:00,275.3,290.9,273.36,289.36,23212468,275.3,290.9,273.36,289.36,23212468,0.0,1.0
2019-10-21 00:00:00+00:00,278.05,279.9399,269.0,272.89,12599173,278.05,279.9399,269.0,272.89,12599173,0.0,1.0
2019-10-22 00:00:00+00:00,266.69,275.41,265.8,271.159,11865593,266.69,275.41,265.8,271.159,11865593,0.0,1.0
2019-10-23 00:00:00+00:00,271.27,273.92,266.63,268.06,7154430,271.27,273.92,266.63,268.06,7154430,0.0,1.0
2019-10-24 00:00:00+00:00,271.5,274.02,268.8,271.81,4911033,271.5,274.02,268.8,271.81,4911033,0.0,1.0
2019-10-25 00:00:00+00:00,276.82,277.77,270.18,270.68,4747829,276.82,277.77,270.18,270.68,4747829,0.0,1.0
2019-10-28 00:00:00+00:00,281.86,285.75,277.35,278.05,6172256,281.86,285.75,277.35,278.05,6172256,0.0,1.0
2019-10-29 00:00:00+00:00,281.21,284.41,277.545,281.87,4356181,281.21,284.41,277.545,281.87,4356181,0.0,1.0
2019-10-30 00:00:00+00:00,291.45,293.49,283.0,284.34,9345562,291.45,293.49,283.0,284.34,9345562,0.0,1.0
2019-10-31 00:00:00+00:00,287.41,291.45,284.78,291.0,5090021,287.41,291.45,284.78,291.0,5090021,0.0,1.0
2019-11-01 00:00:00+00:00,286.81,289.12,283.02,288.7,5594293,286.81,289.12,283.02,288.7,5594293,0.0,1.0
2019-11-04 00:00:00+00:00,292.86,295.39,287.16,288.0,5566213,292.86,295.39,287.16,288.0,5566213,0.0,1.0
2019-11-05 00:00:00+00:00,288.03,291.19,286.31,289.99,4062370,288.03,291.19,286.31,289.99,4062370,0.0,1.0
2019-11-06 00:00:00+00:00,288.59,290.56,285.84,288.19,3438257,288.59,290.56,285.84,288.19,3438257,0.0,1.0
2019-11-07 00:00:00+00:00,289.57,298.19,288.2679,290.7,5928471,289.57,298.19,288.2679,290.7,5928471,0.0,1.0
2019-11-08 00:00:00+00:00,291.57,293.99,287.505,288.73,4509588,291.57,293.99,287.505,288.73,4509588,0.0,1.0
2019-11-11 00:00:00+00:00,294.18,296.36,288.5,289.16,3945885,294.18,296.36,288.5,289.16,3945885,0.0,1.0
2019-11-12 00:00:00+00:00,292.01,295.345,288.7,295.32,5774833,292.01,295.345,288.7,295.32,5774833,0.0,1.0
2019-11-13 00:00:00+00:00,283.11,293.41,281.14,291.03,9233066,283.11,293.41,281.14,291.03,9233066,0.0,1.0
2019-11-14 00:00:00+00:00,289.62,290.63,283.22,283.25,6539771,289.62,290.63,283.22,283.25,6539771,0.0,1.0
2019-11-15 00:00:00+00:00,295.03,295.8186,287.568,290.59,6337779,295.03,295.8186,287.568,290.59,6337779,0.0,1.0
2019-11-18 00:00:00+00:00,302.57,304.99,293.28,296.0,8621566,302.57,304.99,293.28,296.0,8621566,0.0,1.0
2019-11-19 00:00:00+00:00,302.6,305.6699,298.5201,304.01,5919710,302.6,305.6699,298.5201,304.01,5919710,0.0,1.0
2019-11-20 00:00:00+00:00,305.16,308.25,301.0,301.01,5115546,305.16,308.25,301.0,301.01,5115546,0.0,1.0
2019-11-21 00:00:00+00:00,311.69,312.69,304.2622,306.0,7488373,311.69,312.69,304.2622,306.0,7488373,0.0,1.0
2019-11-22 00:00:00+00:00,310.48,311.4,304.41,309.1,5970056,310.48,311.4,304.41,309.1,5970056,0.0,1.0
2019-11-25 00:00:00+00:00,315.55,315.73,305.25,308.83,7878943,315.55,315.73,305.25,308.83,7878943,0.0,1.0
2019-11-26 00:00:00+00:00,312.49,316.5,311.69,315.0,5328348,312.49,316.5,311.69,315.0,5328348,0.0,1.0
2019-11-27 00:00:00+00:00,315.93,316.82,312.75,313.93,4100975,315.93,316.82,312.75,313.93,4100975,0.0,1.0
2019-11-29 00:00:00+00:00,314.66,316.62,313.34,315.78,2411749,314.66,316.62,313.34,315.78,2411749,0.0,1.0
2019-12-02 00:00:00+00:00,309.99,314.39,303.75,314.39,6223135,309.99,314.39,303.75,314.39,6223135,0.0,1.0
2019-12-03 00:00:00+00:00,306.16,307.36,301.88,302.22,5272447,306.16,307.36,301.88,302.22,5272447,0.0,1.0
2019-12-04 00:00:00+00:00,304.32,308.43,303.2727,308.43,3513551,304.32,308.43,303.2727,308.43,3513551,0.0,1.0
2019-12-05 00:00:00+00:00,302.86,306.48,298.81,305.27,4618867,302.86,306.48,298.81,305.27,4618867,0.0,1.0
2019-12-06 00:00:00+00:00,307.35,307.8495,302.6,304.7,4459684,307.35,307.8495,302.6,304.7,4459684,0.0,1.0
2019-12-09 00:00:00+00:00,302.5,311.49,302.44,307.35,5766006,302.5,311.49,302.44,307.35,5766006,0.0,1.0
2019-12-10 00:00:00+00:00,293.12,298.94,292.02,296.12,10481239,293.12,298.94,292.02,296.12,10481239,0.0,1.0
2019-12-11 00:00:00+00:00,298.93,299.43,294.2,294.49,5607155,298.93,299.43,294.2,294.49,5607155,0.0,1.0
2019-12-12 00:00:00+00:00,298.44,299.165,295.06,295.67,4771404,298.44,299.165,295.06,295.67,4771404,0.0,1.0
2019-12-13 00:00:00+00:00,298.5,301.8,297.25,298.5,3883069,298.5,301.8,297.25,298.5,3883069,0.0,1.0
2019-12-16 00:00:00+00:00,304.21,305.71,298.63,300.85,4660166,304.21,305.71,298.63,300.85,4660166,0.0,1.0
2019-12-17 00:00:00+00:00,315.48,316.8,306.6,307.36,10437127,315.48,316.8,306.6,307.36,10437127,0.0,1.0
2019-12-18 00:00:00+00:00,320.8,325.36,315.6,316.26,11210737,320.8,325.36,315.6,316.26,11210737,0.0,1.0
2019-12-19 00:00:00+00:00,332.22,332.83,324.18,324.5,9833355,332.22,332.83,324.18,324.5,9833355,0.0,1.0
2019-12-20 00:00:00+00:00,336.9,338.0,330.6,335.0,9923260,336.9,338.0,330.6,335.0,9923260,0.0,1.0
2019-12-23 00:00:00+00:00,333.1,337.95,331.0201,337.76,5767937,333.1,337.95,331.0201,337.76,5767937,0.0,1.0
2019-12-24 00:00:00+00:00,333.2,335.7,331.6,334.01,2019322,333.2,335.7,331.6,334.01,2019322,0.0,1.0
2019-12-26 00:00:00+00:00,332.63,336.4623,332.01,334.6,3595854,332.63,336.4623,332.01,334.6,3595854,0.0,1.0
2019-12-27 00:00:00+00:00,329.09,333.82,326.01,332.96,5037156,329.09,333.82,326.01,332.96,5037156,0.0,1.0
2019-12-30 00:00:00+00:00,323.31,329.185,322.86,329.08,4315267,323.31,329.185,322.86,329.08,4315267,0.0,1.0
2019-12-31 00:00:00+00:00,323.57,324.916,321.09,322.0,3714837,323.57,324.916,321.09,322.0,3714837,0.0,1.0
2020-01-02 00:00:00+00:00,329.81,329.98,324.78,326.1,4348493,329.81,329.98,324.78,326.1,4348493,0.0,1.0
2020-01-03 00:00:00+00:00,325.9,329.8599,325.53,326.78,3795466,325.9,329.8599,325.53,326.78,3795466,0.0,1.0
2020-01-06 00:00:00+00:00,335.83,336.36,321.2,323.12,5668577,335.83,336.36,321.2,323.12,5668577,0.0,1.0
2020-01-07 00:00:00+00:00,330.75,336.7,330.3,336.47,4742458,330.75,336.7,330.3,336.47,4742458,0.0,1.0
2020-01-08 00:00:00+00:00,339.26,342.7,331.05,331.49,7109117,339.26,342.7,331.05,331.49,7109117,0.0,1.0
2020-01-09 00:00:00+00:00,335.66,343.4196,334.6101,342.0,4717430,335.66,343.4196,334.6101,342.0,4717430,0.0,1.0
2020-01-10 00:00:00+00:00,329.05,338.5,327.27,337.13,4720540,329.05,338.5,327.27,337.13,4720540,0.0,1.0
2020-01-13 00:00:00+00:00,338.92,340.85,331.51,331.8,6216564,338.92,340.85,331.51,331.8,6216564,0.0,1.0
2020-01-14 00:00:00+00:00,338.69,345.38,335.52,344.4,7201544,338.69,345.38,335.52,344.4,7201544,0.0,1.0
2020-01-15 00:00:00+00:00,339.07,343.17,336.6,338.68,5158035,339.07,343.17,336.6,338.68,5158035,0.0,1.0
2020-01-16 00:00:00+00:00,338.62,343.555,335.85,343.5,5015997,338.62,343.555,335.85,343.5,5015997,0.0,1.0
2020-01-17 00:00:00+00:00,339.67,341.57,337.38,341.0,6066547,339.67,341.57,337.38,341.0,6066547,0.0,1.0
2020-01-21 00:00:00+00:00,338.11,341.0,332.59,340.0,12705288,338.11,341.0,332.59,340.0,12705288,0.0,1.0
2020-01-22 00:00:00+00:00,326.0,336.3,323.6,332.55,21729959,326.0,336.3,323.6,332.55,21729959,0.0,1.0
2020-01-23 00:00:00+00:00,349.6,349.88,325.01,326.04,18200293,349.6,349.88,325.01,326.04,18200293,0.0,1.0
2020-01-24 00:00:00+00:00,353.16,359.85,345.88,348.46,17939681,353.16,359.85,345.88,348.46,17939681,0.0,1.0
2020-01-27 00:00:00+00:00,342.88,351.9,341.02,345.95,7709482,342.88,351.9,341.02,345.95,7709482,0.0,1.0
2020-01-28 00:00:00+00:00,348.52,352.4,342.78,345.88,6821581,348.52,352.4,342.78,345.88,6821581,0.0,1.0
2020-01-29 00:00:00+00:00,343.16,349.4,338.55,349.0,7649183,343.16,349.4,338.55,349.0,7649183,0.0,1.0
2020-01-30 00:00:00+00:00,347.74,348.2,339.25,341.1,5328136,347.74,348.2,339.25,341.1,5328136,0.0,1.0
2020-01-31 00:00:00+00:00,345.09,347.39,340.98,347.39,5230001,345.09,347.39,340.98,347.39,5230001,0.0,1.0
2020-02-03 00:00:00+00:00,358.0,359.63,346.28,347.24,6674885,358.0,359.63,346.28,347.24,6674885,0.0,1.0
2020-02-04 00:00:00+00:00,369.01,369.57,356.0964,361.0,7161451,369.01,369.57,356.0964,361.0,7161451,0.0,1.0
2020-02-05 00:00:00+00:00,369.67,375.25,362.3,375.125,6437026,369.67,375.25,362.3,375.125,6437026,0.0,1.0
2020-02-06 00:00:00+00:00,366.95,371.5499,362.505,369.6,3920428,366.95,371.5499,362.505,369.6,3920428,0.0,1.0
2020-02-07 00:00:00+00:00,366.77,371.8,363.57,365.04,4385227,366.77,371.8,363.57,365.04,4385227,0.0,1.0
2020-02-10 00:00:00+00:00,371.07,374.8,362.52,365.0,5294138,371.07,374.8,362.52,365.0,5294138,0.0,1.0
2020-02-11 00:00:00+00:00,373.69,378.11,369.72,373.75,4772870,373.69,378.11,369.72,373.75,4772870,0.0,1.0
2020-02-12 00:00:00+00:00,380.01,380.62,375.88,377.18,4624772,380.01,380.62,375.88,377.18,4624772,0.0,1.0
2020-02-13 00:00:00+00:00,381.4,385.37,376.51,376.96,4485383,381.4,385.37,376.51,376.96,4485383,0.0,1.0
2020-02-14 00:00:00+00:00,380.4,385.15,379.4342,381.47,3736266,380.4,385.15,379.4342,381.47,3736266,0.0,1.0
2020-02-18 00:00:00+00:00,387.78,389.54,379.19,379.3,5180400,387.78,389.54,379.19,379.3,5180400,0.0,1.0
2020-02-19 00:00:00+00:00,386.19,392.95,384.9,388.12,4896368,386.19,392.95,384.9,388.12,4896368,0.0,1.0
2020-02-20 00:00:00+00:00,386.0,389.7,376.68,386.56,4079425,386.0,389.7,376.68,386.56,4079425,0.0,1.0
2020-02-21 00:00:00+00:00,380.07,387.32,377.9008,385.33,3935618,380.07,387.32,377.9008,385.33,3935618,0.0,1.0
2020-02-24 00:00:00+00:00,368.7,372.82,361.0,364.76,6936418,368.7,372.82,361.0,364.76,6936418,0.0,1.0
2020-02-25 00:00:00+00:00,360.09,375.65,357.72,372.0,6481243,360.09,375.65,357.72,372.0,6481243,0.0,1.0
2020-02-26 00:00:00+00:00,379.24,382.0,365.0,366.31,8961126,379.24,382.0,365.0,366.31,8961126,0.0,1.0
2020-02-27 00:00:00+00:00,371.71,391.5624,370.5962,371.46,10967699,371.71,391.5624,370.5962,371.46,10967699,0.0,1.0
2020-02-28 00:00:00+00:00,369.03,376.77,356.8,364.21,11178572,369.03,376.77,356.8,364.21,11178572,0.0,1.0
2020-03-02 00:00:00+00:00,381.05,381.36,364.502,373.11,6997891,381.05,381.36,364.502,373.11,6997891,0.0,1.0
2020-03-03 00:00:00+00:00,368.77,393.52,367.4,381.03,8364623,368.77,393.52,367.4,381.03,8364623,0.0,1.0
2020-03-04 00:00:00+00:00,383.79,384.01,370.51,377.77,5487340,383.79,384.01,370.51,377.77,5487340,0.0,1.0
2020-03-05 00:00:00+00:00,372.78,391.4,368.6401,381.0,8746985,372.78,391.4,368.6401,381.0,8746985,0.0,1.0
2020-03-06 00:00:00+00:00,368.97,371.31,356.85,367.7,8147165,368.97,371.31,356.85,367.7,8147165,0.0,1.0
2020-03-09 00:00:00+00:00,346.49,357.47,341.7209,343.86,7405458,346.49,357.47,341.7209,343.86,7405458,0.0,1.0
2020-03-10 00:00:00+00:00,364.13,364.54,347.85,356.425,7604444,364.13,364.54,347.85,356.425,7604444,0.0,1.0
2020-03-11 00:00:00+00:00,349.92,362.98,344.79,358.92,6058782,349.92,362.98,344.79,358.92,6058782,0.0,1.0
2020-03-12 00:00:00+00:00,315.25,335.72,307.32,326.5,12071591,315.25,335.72,307.32,326.5,12071591,0.0,1.0
2020-03-13 00:00:00+00:00,336.295,336.42,307.39,330.51,9458197,336.295,336.42,307.39,330.51,9458197,0.0,1.0
2020-03-16 00:00:00+00:00,298.84,334.35,294.75,306.63,10559940,298.84,334.35,294.75,306.63,10559940,0.0,1.0
2020-03-17 00:00:00+00:00,319.75,322.9,290.25,306.18,10013913,319.75,322.9,290.25,306.18,10013913,0.0,1.0
2020-03-18 00:00:00+00:00,315.47,331.5794,300.0,302.395,12560908,315.47,331.5794,300.0,302.395,12560908,0.0,1.0
2020-03-19 00:00:00+00:00,332.03,348.51,316.82,324.33,10615957,332.03,348.51,316.82,324.33,10615957,0.0,1.0
2020-03-20 00:00:00+00:00,332.83,350.49,332.0,342.31,10853846,332.83,350.49,332.0,342.31,10853846,0.0,1.0
2020-03-23 00:00:00+00:00,360.27,366.11,340.8838,347.89,13449378,360.27,366.11,340.8838,347.89,13449378,0.0,1.0
2020-03-24 00:00:00+00:00,357.32,372.93,353.0301,369.99,11638683,357.32,372.93,353.0301,369.99,11638683,0.0,1.0
2020-03-25 00:00:00+00:00,342.39,362.0,339.17,361.02,8767171,342.39,362.0,339.17,361.02,8767171,0.0,1.0
2020-03-26 00:00:00+00:00,362.99,363.84,341.73,344.0,7235016,362.99,363.84,341.73,344.0,7235016,0.0,1.0
2020-03-27 00:00:00+00:00,357.12,368.56,353.0,359.09,7948775,357.12,368.56,353.0,359.09,7948775,0.0,1.0
2020-03-30 00:00:00+00:00,370.96,377.8,361.17,363.0,8621964,370.96,377.8,361.17,363.0,8621964,0.0,1.0
2020-03-31 00:00:00+00:00,375.5,383.01,366.44,367.93,9366464,375.5,383.01,366.44,367.93,9366464,0.0,1.0
2020-04-01 00:00:00+00:00,364.08,380.233,361.02,376.05,6672454,364.08,380.233,361.02,376.05,6672454,0.0,1.0
2020-04-02 00:00:00+00:00,370.08,370.99,360.06,364.08,4592477,370.08,370.99,360.06,364.08,4592477,0.0,1.0
2020-04-03 00:00:00+00:00,361.76,370.9,357.51,367.3604,4860768,361.76,370.9,357.51,367.3604,4860768,0.0,1.0
2020-04-06 00:00:00+00:00,379.96,380.29,361.71,365.22,8183921,379.96,380.29,361.71,365.22,8183921,0.0,1.0
2020-04-07 00:00:00+00:00,372.28,381.33,369.34,380.0,7046438,372.28,381.33,369.34,380.0,7046438,0.0,1.0
2020-04-08 00:00:00+00:00,371.12,378.39,368.31,374.01,6908879,371.12,378.39,368.31,374.01,6908879,0.0,1.0
2020-04-09 00:00:00+00:00,370.72,372.1,363.03,371.06,7711296,370.72,372.1,363.03,371.06,7711296,0.0,1.0
2020-04-13 00:00:00+00:00,396.72,400.51,367.7003,371.31,11692922,396.72,400.51,367.7003,371.31,11692922,0.0,1.0
2020-04-14 00:00:00+00:00,413.55,417.82,394.8468,397.5,11580983,413.55,417.82,394.8468,397.5,11580983,0.0,1.0
2020-04-15 00:00:00+00:00,426.75,434.98,412.25,413.0,13561222,426.75,434.98,412.25,413.0,13561222,0.0,1.0
2020-04-16 00:00:00+00:00,439.17,449.52,431.61,437.0,16128666,439.17,449.52,431.61,437.0,16128666,0.0,1.0
2020-04-17 00:00:00+00:00,422.96,432.0,414.695,431.0,12616258,422.96,432.0,414.695,431.0,12616258,0.0,1.0
2020-04-20 00:00:00+00:00,437.49,444.49,430.56,435.17,12655818,437.49,444.49,430.56,435.17,12655818,0.0,1.0
2020-04-21 00:00:00+00:00,433.83,447.0,425.6,444.77,23177550,433.83,447.0,425.6,444.77,23177550,0.0,1.0
2020-04-22 00:00:00+00:00,421.42,433.0,413.0,429.725,21123773,421.42,433.0,413.0,429.725,21123773,0.0,1.0
2020-04-23 00:00:00+00:00,426.7,438.413,419.26,419.26,13952330,426.7,438.413,419.26,419.26,13952330,0.0,1.0
2020-04-24 00:00:00+00:00,424.99,427.17,415.88,425.0,8670362,424.99,427.17,415.88,425.0,8670362,0.0,1.0
2020-04-27 00:00:00+00:00,421.38,429.0,420.84,425.0,6277480,421.38,429.0,420.84,425.0,6277480,0.0,1.0
2020-04-28 00:00:00+00:00,403.83,421.0,402.9101,419.99,10101233,403.83,421.0,402.9101,419.99,10101233,0.0,1.0
2020-04-29 00:00:00+00:00,411.89,415.86,393.6,399.53,9693137,411.89,415.86,393.6,399.53,9693137,0.0,1.0
2020-04-30 00:00:00+00:00,419.85,424.44,408.0,410.31,7953975,419.85,424.44,408.0,410.31,7953975,0.0,1.0
2020-05-01 00:00:00+00:00,415.27,427.97,411.73,415.1,8299858,415.27,427.97,411.73,415.1,8299858,0.0,1.0
2020-05-04 00:00:00+00:00,428.15,428.54,414.87,417.78,7799058,428.15,428.54,414.87,417.78,7799058,0.0,1.0
2020-05-05 00:00:00+00:00,424.68,431.0,421.56,427.555,6286293,424.68,431.0,421.56,427.555,6286293,0.0,1.0
2020-05-06 00:00:00+00:00,434.26,439.77,426.385,429.3,6660737,434.26,439.77,426.385,429.3,6660737,0.0,1.0
2020-05-07 00:00:00+00:00,436.53,438.88,430.66,436.89,5650281,436.53,438.88,430.66,436.89,5650281,0.0,1.0
2020-05-08 00:00:00+00:00,435.55,442.0,433.6389,434.14,5054308,435.55,442.0,433.6389,434.14,5054308,0.0,1.0
2020-05-11 00:00:00+00:00,440.52,444.8899,435.56,436.33,5486037,440.52,444.8899,435.56,436.33,5486037,0.0,1.0
2020-05-12 00:00:00+00:00,431.82,444.17,431.36,442.0,4598211,431.82,444.17,431.36,442.0,4598211,0.0,1.0
2020-05-13 00:00:00+00:00,438.27,447.0,427.27,435.69,7014563,438.27,447.0,427.27,435.69,7014563,0.0,1.0
2020-05-14 00:00:00+00:00,441.95,452.38,432.82,444.9,9007467,441.95,452.38,432.82,444.9,9007467,0.0,1.0
2020-05-15 00:00:00+00:00,454.19,455.0,437.51,440.7,7243998,454.19,455.0,437.51,440.7,7243998,0.0,1.0
2020-05-18 00:00:00+00:00,452.58,456.36,443.35,451.16,7780309,452.58,456.36,443.35,451.16,7780309,0.0,1.0
2020-05-19 00:00:00+00:00,451.04,458.97,450.465,453.3965,4810487,451.04,458.97,450.465,453.3965,4810487,0.0,1.0
2020-05-20 00:00:00+00:00,447.67,455.81,444.0,454.25,5607257,447.67,455.81,444.0,454.25,5607257,0.0,1.0
2020-05-21 00:00:00+00:00,436.25,448.96,430.25,448.56,9076150,436.25,448.96,430.25,448.56,9076150,0.0,1.0
2020-05-22 00:00:00+00:00,429.32,439.09,427.18,437.0,5422334,429.32,439.09,427.18,437.0,5422334,0.0,1.0
2020-05-26 00:00:00+00:00,414.77,428.5,413.14,427.77,7881115,414.77,428.5,413.14,427.77,7881115,0.0,1.0
2020-05-27 00:00:00+00:00,419.89,420.02,397.86,410.38,10446339,419.89,420.02,397.86,410.38,10446339,0.0,1.0
2020-05-28 00:00:00+00:00,413.44,422.3717,411.5,417.24,5660160,413.44,422.3717,411.5,417.24,5660160,0.0,1.0
2020-05-29 00:00:00+00:00,419.73,420.295,411.85,417.46,5270484,419.73,420.295,411.85,417.46,5270484,0.0,1.0
2020-06-01 00:00:00+00:00,425.92,426.72,415.98,418.83,3748573,425.92,426.72,415.98,418.83,3748573,0.0,1.0
2020-06-02 00:00:00+00:00,427.31,427.59,419.46,425.87,3494801,427.31,427.59,419.46,425.87,3494801,0.0,1.0
2020-06-03 00:00:00+00:00,421.97,427.1,418.05,426.95,4316044,421.97,427.1,418.05,426.95,4316044,0.0,1.0
2020-06-04 00:00:00+00:00,414.33,428.71,410.03,422.39,5410529,414.33,428.71,410.03,422.39,5410529,0.0,1.0
2020-06-05 00:00:00+00:00,419.6,420.2392,404.25,407.29,5099561,419.6,420.2392,404.25,407.29,5099561,0.0,1.0
2020-06-08 00:00:00+00:00,419.49,420.8,406.5,416.0,5851453,419.49,420.8,406.5,416.0,5851453,0.0,1.0
2020-06-09 00:00:00+00:00,434.05,434.73,420.31,421.65,6796999,434.05,434.73,420.31,421.65,6796999,0.0,1.0
2020-06-10 00:00:00+00:00,434.48,439.69,430.55,436.0,4896893,434.48,439.69,430.55,436.0,4896893,0.0,1.0
2020-06-11 00:00:00+00:00,425.56,445.57,424.1601,428.2,7462868,425.56,445.57,424.1601,428.2,7462868,0.0,1.0
2020-06-12 00:00:00+00:00,418.07,434.06,412.45,429.0,6461127,418.07,434.06,412.45,429.0,6461127,0.0,1.0
2020-06-15 00:00:00+00:00,425.5,426.49,415.4238,421.4,4471499,425.5,426.49,415.4238,421.4,4471499,0.0,1.0
2020-06-16 00:00:00+00:00,436.13,437.96,425.18,425.76,5514016,436.13,437.96,425.18,425.76,5514016,0.0,1.0
2020-06-17 00:00:00+00:00,447.77,450.46,439.22,441.82,6529568,447.77,450.46,439.22,441.82,6529568,0.0,1.0
2020-06-18 00:00:00+00:00,449.87,452.76,442.8,448.73,4277627,449.87,452.76,442.8,448.73,4277627,0.0,1.0
2020-06-19 00:00:00+00:00,453.72,453.97,445.6,449.12,5933651,453.72,453.97,445.6,449.12,5933651,0.0,1.0
2020-06-22 00:00:00+00:00,468.04,468.59,454.21,455.01,6272105,468.04,468.59,454.21,455.01,6272105,0.0,1.0
2020-06-23 00:00:00+00:00,466.26,474.01,464.5,466.5,5948436,466.26,474.01,464.5,466.5,5948436,0.0,1.0
2020-06-24 00:00:00+00:00,457.85,472.36,454.0,468.54,4826191,457.85,472.36,454.0,468.54,4826191,0.0,1.0
2020-06-25 00:00:00+00:00,465.91,467.01,454.0,458.86,4134513,465.91,467.01,454.0,458.86,4134513,0.0,1.0
2020-06-26 00:00:00+00:00,443.4,468.03,442.24,466.39,6804726,443.4,468.03,442.24,466.39,6804726,0.0,1.0
2020-06-29 00:00:00+00:00,447.24,447.67,432.14,445.23,4843978,447.24,447.67,432.14,445.23,4843978,0.0,1.0
2020-06-30 00:00:00+00:00,455.04,457.59,447.0,450.02,4198545,455.04,457.59,447.0,450.02,4198545,0.0,1.0
2020-07-01 00:00:00+00:00,485.64,488.23,454.0,454.0,9711520,485.64,488.23,454.0,454.0,9711520,0.0,1.0
2020-07-02 00:00:00+00:00,476.89,492.28,475.53,485.64,6351983,476.89,492.28,475.53,485.64,6351983,0.0,1.0
2020-07-06 00:00:00+00:00,493.81,499.5,479.8,480.77,7838990,493.81,499.5,479.8,480.77,7838990,0.0,1.0
2020-07-07 00:00:00+00:00,493.16,504.82,490.83,497.31,5670204,493.16,504.82,490.83,497.31,5670204,0.0,1.0
2020-07-08 00:00:00+00:00,502.78,505.1,493.81,498.58,5691852,502.78,505.1,493.81,498.58,5691852,0.0,1.0
2020-07-09 00:00:00+00:00,507.76,510.0,495.78,508.4,5840561,507.76,510.0,495.78,508.4,5840561,0.0,1.0
2020-07-10 00:00:00+00:00,548.73,555.88,511.28,519.73,21605587,548.73,555.88,511.28,519.73,21605587,0.0,1.0
2020-07-13 00:00:00+00:00,525.5,575.37,520.96,567.98,18401757,525.5,575.37,520.96,567.98,18401757,0.0,1.0
2020-07-14 00:00:00+00:00,524.88,525.5,490.49,517.08,15083326,524.88,525.5,490.49,517.08,15083326,0.0,1.0
2020-07-15 00:00:00+00:00,523.26,529.0,510.18,516.3,10066652,523.26,529.0,510.18,516.3,10066652,0.0,1.0
2020-07-16 00:00:00+00:00,527.39,535.54,504.36,526.48,24499009,527.39,535.54,504.36,526.48,24499009,0.0,1.0
2020-07-17 00:00:00+00:00,492.99,503.59,484.14,494.87,24991528,492.99,503.59,484.14,494.87,24991528,0.0,1.0
2020-07-20 00:00:00+00:00,502.41,504.5,484.2,489.14,11859644,502.41,504.5,484.2,489.14,11859644,0.0,1.0
2020-07-21 00:00:00+00:00,490.1,506.22,488.61,506.0,9072982,490.1,506.22,488.61,506.0,9072982,0.0,1.0
2020-07-22 00:00:00+00:00,489.82,497.2,487.2,492.19,6954078,489.82,497.2,487.2,492.19,6954078,0.0,1.0
2020-07-23 00:00:00+00:00,477.58,491.9,472.0201,491.13,7722034,477.58,491.9,472.0201,491.13,7722034,0.0,1.0
2020-07-24 00:00:00+00:00,480.45,487.17,467.54,468.77,7746247,480.45,487.17,467.54,468.77,7746247,0.0,1.0
2020-07-27 00:00:00+00:00,495.65,496.92,482.31,484.51,7863069,495.65,496.92,482.31,484.51,7863069,0.0,1.0
2020-07-28 00:00:00+00:00,488.51,497.7927,487.7601,496.02,5986727,488.51,497.7927,487.7601,496.02,5986727,0.0,1.0
2020-07-29 00:00:00+00:00,484.48,494.92,484.13,492.25,6611769,484.48,494.92,484.13,492.25,6611769,0.0,1.0
2020-07-30 00:00:00+00:00,485.8,488.35,477.5101,480.7072,6608569,485.8,488.35,477.5101,480.7072,6608569,0.0,1.0
2020-07-31 00:00:00+00:00,488.88,494.8,484.5,488.29,5924310,488.88,494.8,484.5,488.29,5924310,0.0,1.0
2020-08-03 00:00:00+00:00,498.62,503.09,490.23,490.86,5876190,498.62,503.09,490.23,490.86,5876190,0.0,1.0
2020-08-04 00:00:00+00:00,509.64,510.4436,498.65,498.65,5607968,509.64,510.4436,498.65,498.65,5607968,0.0,1.0
2020-08-05 00:00:00+00:00,502.11,510.1021,501.2,508.68,4313526,502.11,510.1021,501.2,508.68,4313526,0.0,1.0
2020-08-06 00:00:00+00:00,509.08,510.82,498.7,504.11,3725861,509.08,510.82,498.7,504.11,3725861,0.0,1.0
2020-08-07 00:00:00+00:00,494.73,508.29,486.68,505.45,5910348,494.73,508.29,486.68,505.45,5910348,0.0,1.0
2020-08-10 00:00:00+00:00,483.38,497.4584,478.6269,493.35,4691185,483.38,497.4584,478.6269,493.35,4691185,0.0,1.0
2020-08-11 00:00:00+00:00,466.93,480.92,466.55,479.75,7329226,466.93,480.92,466.55,479.75,7329226,0.0,1.0
2020-08-12 00:00:00+00:00,475.47,482.49,470.18,471.34,5441243,475.47,482.49,470.18,471.34,5441243,0.0,1.0
2020-08-13 00:00:00+00:00,481.33,484.45,476.45,478.4,3008933,481.33,484.45,476.45,478.4,3008933,0.0,1.0
2020-08-14 00:00:00+00:00,482.68,488.325,480.21,482.82,2943487,482.68,488.325,480.21,482.82,2943487,0.0,1.0
2020-08-17 00:00:00+00:00,482.35,486.24,479.1,484.19,2409957,482.35,486.24,479.1,484.19,2409957,0.0,1.0
2020-08-18 00:00:00+00:00,491.87,495.3,482.8,484.35,3505518,491.87,495.3,482.8,484.35,3505518,0.0,1.0
2020-08-19 00:00:00+00:00,484.53,494.4985,483.5,493.93,3156218,484.53,494.4985,483.5,493.93,3156218,0.0,1.0
2020-08-20 00:00:00+00:00,497.9,498.94,483.89,484.69,5132480,497.9,498.94,483.89,484.69,5132480,0.0,1.0
2020-08-21 00:00:00+00:00,492.31,498.13,490.0,496.46,3921293,492.31,498.13,490.0,496.46,3921293,0.0,1.0
2020-08-24 00:00:00+00:00,488.81,501.0,483.16,495.4383,4762183,488.81,501.0,483.16,495.4383,4762183,0.0,1.0
2020-08-25 00:00:00+00:00,490.58,492.47,485.09,488.19,5727721,490.58,492.47,485.09,488.19,5727721,0.0,1.0
2020-08-26 00:00:00+00:00,547.53,549.04,492.075,492.5,20373681,547.53,549.04,492.075,492.5,20373681,0.0,1.0
2020-08-27 00:00:00+00:00,526.27,541.0,521.2471,537.775,9062912,526.27,541.0,521.2471,537.775,9062912,0.0,1.0
2020-08-28 00:00:00+00:00,523.89,539.0,522.0,532.0,4417517,523.89,539.0,522.0,532.0,4417517,0.0,1.0
2020-08-31 00:00:00+00:00,529.56,531.99,517.58,521.16,4941409,529.56,531.99,517.58,521.16,4941409,0.0,1.0
2020-09-01 00:00:00+00:00,556.55,557.3895,532.45,532.6,9581907,556.55,557.3895,532.45,532.6,9581907,0.0,1.0
2020-09-02 00:00:00+00:00,552.84,556.5,537.369,553.78,5886930,552.84,556.5,537.369,553.78,5886930,0.0,1.0
2020-09-03 00:00:00+00:00,525.75,554.0,521.32,545.0,9071089,525.75,554.0,521.32,545.0,9071089,0.0,1.0
2020-09-04 00:00:00+00:00,516.05,527.36,485.98,520.18,8270118,516.05,527.36,485.98,520.18,8270118,0.0,1.0
2020-09-08 00:00:00+00:00,507.02,522.0,495.0,498.4,5572684,507.02,522.0,495.0,498.4,5572684,0.0,1.0
2020-09-09 00:00:00+00:00,500.19,520.0,492.5743,519.21,6848127,500.19,520.0,492.5743,519.21,6848127,0.0,1.0
2020-09-10 00:00:00+00:00,480.67,506.29,478.84,503.35,6240181,480.67,506.29,478.84,503.35,6240181,0.0,1.0
2020-09-11 00:00:00+00:00,482.03,493.73,476.81,486.485,5035200,482.03,493.73,476.81,486.485,5035200,0.0,1.0
2020-09-14 00:00:00+00:00,476.26,488.99,471.3001,480.62,7359126,476.26,488.99,471.3001,480.62,7359126,0.0,1.0
2020-09-15 00:00:00+00:00,495.99,497.47,481.63,484.0,5336992,495.99,497.47,481.63,484.0,5336992,0.0,1.0
2020-09-16 00:00:00+00:00,483.86,504.66,483.31,499.99,4401412,483.86,504.66,483.31,499.99,4401412,0.0,1.0
2020-09-17 00:00:00+00:00,470.2,478.4,463.27,475.16,5379301,470.2,478.4,463.27,475.16,5379301,0.0,1.0
2020-09-18 00:00:00+00:00,469.96,479.4,458.6,472.51,6717711,469.96,479.4,458.6,472.51,6717711,0.0,1.0
2020-09-21 00:00:00+00:00,487.35,487.775,466.32,467.6923,5457539,487.35,487.775,466.32,467.6923,5457539,0.0,1.0
2020-09-22 00:00:00+00:00,491.17,491.82,479.26,489.01,3482324,491.17,491.82,479.26,489.01,3482324,0.0,1.0
2020-09-23 00:00:00+00:00,470.61,491.04,469.0,491.04,3726423,470.61,491.04,469.0,491.04,3726423,0.0,1.0
2020-09-24 00:00:00+00:00,473.08,477.0,467.82,470.53,3727201,473.08,477.0,467.82,470.53,3727201,0.0,1.0
2020-09-25 00:00:00+00:00,482.88,484.87,468.0258,474.39,3769436,482.88,484.87,468.0258,474.39,3769436,0.0,1.0
2020-09-28 00:00:00+00:00,490.65,492.0,477.88,489.1094,4773497,490.65,492.0,477.88,489.1094,4773497,0.0,1.0
2020-09-29 00:00:00+00:00,493.48,496.2868,486.53,489.5,3543193,493.48,496.2868,486.53,489.5,3543193,0.0,1.0
2020-09-30 00:00:00+00:00,500.03,504.63,489.2704,492.57,4634111,500.03,504.63,489.2704,492.57,4634111,0.0,1.0
2020-10-01 00:00:00+00:00,527.51,529.55,503.6,506.03,8153710,527.51,529.55,503.6,506.03,8153710,0.0,1.0
2020-10-02 00:00:00+00:00,503.06,526.3714,502.7,516.43,6071165,503.06,526.3714,502.7,516.43,6071165,0.0,1.0
2020-10-05 00:00:00+00:00,520.65,520.99,501.6997,506.8,4088069,520.65,520.99,501.6997,506.8,4088069,0.0,1.0
2020-10-06 00:00:00+00:00,505.87,521.82,504.16,518.72,4199034,505.87,521.82,504.16,518.72,4199034,0.0,1.0
2020-10-07 00:00:00+00:00,534.66,536.49,515.815,518.0,7988683,534.66,536.49,515.815,518.0,7988683,0.0,1.0
2020-10-08 00:00:00+00:00,531.79,535.0,524.15,533.48,5386488,531.79,535.0,524.15,533.48,5386488,0.0,1.0
2020-10-09 00:00:00+00:00,539.44,544.28,535.0,537.8339,4781259,539.44,544.28,535.0,537.8339,4781259,0.0,1.0
2020-10-12 00:00:00+00:00,539.81,551.81,538.24,548.81,5391074,539.81,551.81,538.24,548.81,5391074,0.0,1.0
2020-10-13 00:00:00+00:00,554.09,557.65,537.2,540.56,5602498,554.09,557.65,537.2,540.56,5602498,0.0,1.0
2020-10-14 00:00:00+00:00,541.45,572.49,541.0,562.61,9510081,541.45,572.49,541.0,562.61,9510081,0.0,1.0
2020-10-15 00:00:00+00:00,541.94,551.22,535.1,545.52,5113126,541.94,551.22,535.1,545.52,5113126,0.0,1.0
2020-10-16 00:00:00+00:00,530.79,554.33,530.03,549.5,6347363,530.79,554.33,530.03,549.5,6347363,0.0,1.0
2020-10-19 00:00:00+00:00,530.72,541.8,525.38,537.07,7567506,530.72,541.8,525.38,537.07,7567506,0.0,1.0
2020-10-20 00:00:00+00:00,525.42,533.78,522.26,528.14,10047175,525.42,533.78,522.26,528.14,10047175,0.0,1.0
2020-10-21 00:00:00+00:00,489.05,506.85,488.25,501.03,17405708,489.05,506.85,488.25,501.03,17405708,0.0,1.0
2020-10-22 00:00:00+00:00,485.23,495.14,482.0,494.69,6997922,485.23,495.14,482.0,494.69,6997922,0.0,1.0
2020-10-23 00:00:00+00:00,488.28,490.06,481.35,488.11,4927862,488.28,490.06,481.35,488.11,4927862,0.0,1.0
2020-10-26 00:00:00+00:00,488.24,496.82,478.9,487.025,6186087,488.24,496.82,478.9,487.025,6186087,0.0,1.0
2020-10-27 00:00:00+00:00,488.93,490.49,482.93,490.01,3627175,488.93,490.49,482.93,490.01,3627175,0.0,1.0
2020-10-28 00:00:00+00:00,486.24,494.0,483.28,486.36,5992731,486.24,494.0,483.28,486.36,5992731,0.0,1.0
2020-10-29 00:00:00+00:00,504.21,513.8999,479.34,488.5,11120689,504.21,513.8999,479.34,488.5,11120689,0.0,1.0
2020-10-30 00:00:00+00:00,475.74,505.88,472.21,502.01,7813897,475.74,505.88,472.21,502.01,7813897,0.0,1.0
2020-11-02 00:00:00+00:00,484.12,486.3,475.0,478.87,4408193,484.12,486.3,475.0,478.87,4408193,0.0,1.0
2020-11-03 00:00:00+00:00,487.22,495.305,478.76,484.93,3690213,487.22,495.305,478.76,484.93,3690213,0.0,1.0
2020-11-04 00:00:00+00:00,496.95,507.73,493.98,495.36,5137330,496.95,507.73,493.98,495.36,5137330,0.0,1.0
2020-11-05 00:00:00+00:00,513.76,518.7337,503.45,506.56,5372781,513.76,518.7337,503.45,506.56,5372781,0.0,1.0
2020-11-06 00:00:00+00:00,514.73,515.21,502.51,515.0,4236349,514.73,515.21,502.51,515.0,4236349,0.0,1.0
2020-11-09 00:00:00+00:00,470.5,495.85,467.26,485.54,10419676,470.5,495.85,467.26,485.54,10419676,0.0,1.0
2020-11-10 00:00:00+00:00,480.24,484.6,463.41,470.95,8306142,480.24,484.6,463.41,470.95,8306142,0.0,1.0
2020-11-11 00:00:00+00:00,490.76,491.68,478.26,483.0,5460532,490.76,491.68,478.26,483.0,5460532,0.0,1.0
2020-11-12 00:00:00+00:00,486.77,496.52,480.4255,491.0,5071155,486.77,496.52,480.4255,491.0,5071155,0.0,1.0
2020-11-13 00:00:00+00:00,482.84,488.94,477.8,486.77,3006510,482.84,488.94,477.8,486.77,3006510,0.0,1.0
2020-11-16 00:00:00+00:00,479.1,485.58,477.3,480.0,3953563,479.1,485.58,477.3,480.0,3953563,0.0,1.0
2020-11-17 00:00:00+00:00,480.63,487.51,478.8525,480.12,3698082,480.63,487.51,478.8525,480.12,3698082,0.0,1.0
2020-11-18 00:00:00+00:00,481.79,488.61,477.7212,481.95,3629237,481.79,488.61,477.7212,481.95,3629237,0.0,1.0
2020-11-19 00:00:00+00:00,484.67,487.8,480.47,482.0,2254653,484.67,487.8,480.47,482.0,2254653,0.0,1.0
2020-11-20 00:00:00+00:00,488.24,494.76,481.57,485.22,4255924,488.24,494.76,481.57,485.22,4255924,0.0,1.0
2020-11-23 00:00:00+00:00,476.62,491.15,475.84,490.46,5416571,476.62,491.15,475.84,490.46,5416571,0.0,1.0
2020-11-24 00:00:00+00:00,482.88,484.05,475.89,478.84,3462363,482.88,484.05,475.89,478.84,3462363,0.0,1.0
2020-11-25 00:00:00+00:00,485.0,486.9,478.919,485.13,3598629,485.0,486.9,478.919,485.13,3598629,0.0,1.0
2020-11-27 00:00:00+00:00,491.36,493.25,481.845,486.58,2805762,491.36,493.25,481.845,486.58,2805762,0.0,1.0
2020-11-30 00:00:00+00:00,490.7,492.55,481.2678,490.08,3530940,490.7,492.55,481.2678,490.08,3530940,0.0,1.0
2020-12-01 00:00:00+00:00,504.58,509.47,491.9812,492.3404,4904884,504.58,509.47,491.9812,492.3404,4904884,0.0,1.0
2020-12-02 00:00:00+00:00,503.38,506.795,493.5,501.62,3028358,503.38,506.795,493.5,501.62,3028358,0.0,1.0
2020-12-03 00:00:00+00:00,497.52,508.77,496.04,502.99,2826116,497.52,508.77,496.04,502.99,2826116,0.0,1.0
2020-12-04 00:00:00+00:00,498.31,504.5,493.64,497.5,3666243,498.31,504.5,493.64,497.5,3666243,0.0,1.0
2020-12-07 00:00:00+00:00,515.78,517.76,497.77,500.01,4289293,515.78,517.76,497.77,500.01,4289293,0.0,1.0
2020-12-08 00:00:00+00:00,512.66,521.4909,505.55,517.9,4228950,512.66,521.4909,505.55,517.9,4228950,0.0,1.0
2020-12-09 00:00:00+00:00,493.6,514.5,491.29,510.53,4178768,493.6,514.5,491.29,510.53,4178768,0.0,1.0
2020-12-10 00:00:00+00:00,501.09,503.77,492.91,494.56,3018203,501.09,503.77,492.91,494.56,3018203,0.0,1.0
2020-12-11 00:00:00+00:00,503.22,503.34,494.85,495.0,3210928,503.22,503.34,494.85,495.0,3210928,0.0,1.0
2020-12-14 00:00:00+00:00,522.42,524.1603,501.18,505.44,5770424,522.42,524.1603,501.18,505.44,5770424,0.0,1.0
2020-12-15 00:00:00+00:00,519.78,524.7,513.56,518.5,3398209,519.78,524.7,513.56,518.5,3398209,0.0,1.0
2020-12-16 00:00:00+00:00,524.83,527.38,517.69,520.11,3682392,524.83,527.38,517.69,520.11,3682392,0.0,1.0
2020-12-17 00:00:00+00:00,532.9,535.49,526.44,529.0,3193377,532.9,535.49,526.44,529.0,3193377,0.0,1.0
2020-12-18 00:00:00+00:00,534.45,536.37,526.02,533.2,4502692,534.45,536.37,526.02,533.2,4502692,0.0,1.0
2020-12-21 00:00:00+00:00,528.91,532.62,521.15,530.05,3893964,528.91,532.62,521.15,530.05,3893964,0.0,1.0
2020-12-22 00:00:00+00:00,527.33,530.4,520.5,527.69,1908529,527.33,530.4,520.5,527.69,1908529,0.0,1.0
2020-12-23 00:00:00+00:00,514.48,526.32,514.2,524.76,2393187,514.48,526.32,514.2,524.76,2393187,0.0,1.0
2020-12-24 00:00:00+00:00,513.97,519.345,512.2104,515.12,1143952,513.97,519.345,512.2104,515.12,1143952,0.0,1.0
2020-12-28 00:00:00+00:00,519.12,523.66,507.13,516.43,2869734,519.12,523.66,507.13,516.43,2869734,0.0,1.0
2020-12-29 00:00:00+00:00,530.87,536.5478,515.4801,519.9,4022358,530.87,536.5478,515.4801,519.9,4022358,0.0,1.0
2020-12-30 00:00:00+00:00,524.59,533.2575,523.69,530.13,1876286,524.59,533.2575,523.69,530.13,1876286,0.0,1.0
2020-12-31 00:00:00+00:00,540.73,545.5,523.1502,525.53,5392322,540.73,545.5,523.1502,525.53,5392322,0.0,1.0
2021-01-04 00:00:00+00:00,522.86,540.8,515.085,539.0,4444407,522.86,540.8,515.085,539.0,4444407,0.0,1.0
2021-01-05 00:00:00+00:00,520.8,526.78,515.89,521.55,3133872,520.8,526.78,515.89,521.55,3133872,0.0,1.0
2021-01-06 00:00:00+00:00,500.49,513.0998,499.5,511.97,5346210,500.49,513.0998,499.5,511.97,5346210,0.0,1.0
2021-01-07 00:00:00+00:00,508.89,516.44,506.42,508.28,3686448,508.89,516.44,506.42,508.28,3686448,0.0,1.0
2021-01-08 00:00:00+00:00,510.4,513.24,504.51,511.31,2973949,510.4,513.24,504.51,511.31,2973949,0.0,1.0
2021-01-11 00:00:00+00:00,499.1,510.725,497.95,507.84,3812720,499.1,510.725,497.95,507.84,3812720,0.0,1.0
2021-01-12 00:00:00+00:00,494.25,501.09,485.6701,500.0,5955729,494.25,501.09,485.6701,500.0,5955729,0.0,1.0
2021-01-13 00:00:00+00:00,507.79,512.3542,493.01,495.5012,5032099,507.79,512.3542,493.01,495.5012,5032099,0.0,1.0
2021-01-14 00:00:00+00:00,500.86,514.5,499.58,507.35,4177357,500.86,514.5,499.58,507.35,4177357,0.0,1.0
2021-01-15 00:00:00+00:00,497.98,506.32,495.1,500.0,5895788,497.98,506.32,495.1,500.0,5895788,0.0,1.0
2021-01-19 00:00:00+00:00,501.77,509.25,493.5427,501.0,12315813,501.77,509.25,493.5427,501.0,12315813,0.0,1.0
2021-01-20 00:00:00+00:00,586.34,593.2877,556.86,565.42,32637450,586.34,593.2877,556.86,565.42,32637450,0.0,1.0
2021-01-21 00:00:00+00:00,579.84,588.75,570.4,582.45,11840634,579.84,588.75,570.4,582.45,11840634,0.0,1.0
2021-01-22 00:00:00+00:00,565.17,583.99,564.35,582.1,7550822,565.17,583.99,564.35,582.1,7550822,0.0,1.0
2021-01-25 00:00:00+00:00,556.78,569.75,548.65,567.0,7207329,556.78,569.75,548.65,567.0,7207329,0.0,1.0
2021-01-26 00:00:00+00:00,561.93,567.99,554.06,554.73,5023847,561.93,567.99,554.06,554.73,5023847,0.0,1.0
2021-01-27 00:00:00+00:00,523.28,556.4187,515.73,550.71,8670277,523.28,556.4187,515.73,550.71,8670277,0.0,1.0
2021-01-28 00:00:00+00:00,538.6,553.1482,530.74,535.88,5968978,538.6,553.1482,530.74,535.88,5968978,0.0,1.0
2021-01-29 00:00:00+00:00,532.39,541.0,530.18,538.0,4325264,532.39,541.0,530.18,538.0,4325264,0.0,1.0
2021-02-01 00:00:00+00:00,539.04,545.06,531.73,536.79,3547507,539.04,545.06,531.73,536.79,3547507,0.0,1.0
2021-02-02 00:00:00+00:00,548.16,555.48,538.935,542.01,3717321,548.16,555.48,538.935,542.01,3717321,0.0,1.0
2021-02-03 00:00:00+00:00,539.45,550.48,538.243,550.17,3172288,539.45,550.48,538.243,550.17,3172288,0.0,1.0
2021-02-04 00:00:00+00:00,552.16,559.48,537.51,539.81,5164537,552.16,559.48,537.51,539.81,5164537,0.0,1.0
2021-02-05 00:00:00+00:00,550.79,554.44,545.4778,552.26,2376175,550.79,554.44,545.4778,552.26,2376175,0.0,1.0
2021-02-08 00:00:00+00:00,547.92,555.0,543.7,555.0,2791721,547.92,555.0,543.7,555.0,2791721,0.0,1.0
2021-02-09 00:00:00+00:00,559.07,566.0,543.0,546.0,3685157,559.07,566.0,543.0,546.0,3685157,0.0,1.0
2021-02-10 00:00:00+00:00,563.59,566.65,553.463,562.5,3940210,563.59,566.65,553.463,562.5,3940210,0.0,1.0
2021-02-11 00:00:00+00:00,557.59,565.93,554.22,564.442,2730587,557.59,565.93,554.22,564.442,2730587,0.0,1.0
2021-02-12 00:00:00+00:00,556.52,561.2499,550.85,556.94,2197128,556.52,561.2499,550.85,556.94,2197128,0.0,1.0
2021-02-16 00:00:00+00:00,557.28,563.63,552.73,557.286,2624097,557.28,563.63,552.73,557.286,2624097,0.0,1.0
2021-02-17 00:00:00+00:00,551.34,555.25,543.03,550.99,2057853,551.34,555.25,543.03,550.99,2057853,0.0,1.0
2021-02-18 00:00:00+00:00,548.22,550.0,538.2265,549.0,2457604,548.22,550.0,538.2265,549.0,2457604,0.0,1.0
2021-02-19 00:00:00+00:00,540.22,548.99,538.8132,548.0,2841457,540.22,548.99,538.8132,548.0,2841457,0.0,1.0
2021-02-22 00:00:00+00:00,533.78,541.79,530.79,534.99,3061747,533.78,541.79,530.79,534.99,3061747,0.0,1.0
2021-02-23 00:00:00+00:00,546.15,548.54,518.28,525.0035,4136532,546.15,548.54,518.28,525.0035,4136532,0.0,1.0
2021-02-24 00:00:00+00:00,553.41,556.8499,539.065,539.8,3245038,553.41,556.8499,539.065,539.8,3245038,0.0,1.0
2021-02-25 00:00:00+00:00,546.7,556.48,535.75,550.27,4090475,546.7,556.48,535.75,550.27,4090475,0.0,1.0
2021-02-26 00:00:00+00:00,538.85,553.09,538.0,546.51,3708255,538.85,553.09,538.0,546.51,3708255,0.0,1.0
2021-03-01 00:00:00+00:00,550.64,552.14,542.0,545.5734,3042180,550.64,552.14,542.0,545.5734,3042180,0.0,1.0
2021-03-02 00:00:00+00:00,547.82,556.99,546.02,553.34,3042226,547.82,556.99,546.02,553.34,3042226,0.0,1.0
2021-03-03 00:00:00+00:00,520.7,548.005,517.81,545.93,5362443,520.7,548.005,517.81,545.93,5362443,0.0,1.0
2021-03-04 00:00:00+00:00,511.29,531.5,507.68,521.5,5034792,511.29,531.5,507.68,521.5,5034792,0.0,1.0
2021-03-05 00:00:00+00:00,516.39,517.76,498.7901,511.98,5069973,516.39,517.76,498.7901,511.98,5069973,0.0,1.0
2021-03-08 00:00:00+00:00,493.33,518.84,492.85,514.46,3981758,493.33,518.84,492.85,514.46,3981758,0.0,1.0
2021-03-09 00:00:00+00:00,506.44,513.11,503.8221,507.31,3470042,506.44,513.11,503.8221,507.31,3470042,0.0,1.0
2021-03-10 00:00:00+00:00,504.54,518.97,504.25,513.5,3771484,504.54,518.97,504.25,513.5,3771484,0.0,1.0
2021-03-11 00:00:00+00:00,523.06,530.235,510.71,512.2048,4714469,523.06,530.235,510.71,512.2048,4714469,0.0,1.0
2021-03-12 00:00:00+00:00,518.02,526.51,506.59,512.5,3981743,518.02,526.51,506.59,512.5,3981743,0.0,1.0
2021-03-15 00:00:00+00:00,520.25,520.729,508.03,516.32,3485519,520.25,520.729,508.03,516.32,3485519,0.0,1.0
2021-03-16 00:00:00+00:00,524.03,533.42,523.21,524.47,3238888,524.03,533.42,523.21,524.47,3238888,0.0,1.0
2021-03-17 00:00:00+00:00,524.44,528.3654,514.3,522.0,2817376,524.44,528.3654,514.3,522.0,2817376,0.0,1.0
2021-03-18 00:00:00+00:00,504.79,517.9,503.85,516.3959,4096606,504.79,517.9,503.85,516.3959,4096606,0.0,1.0
2021-03-19 00:00:00+00:00,512.18,513.19,501.63,504.96,4386360,512.18,513.19,501.63,504.96,4386360,0.0,1.0
2021-03-22 00:00:00+00:00,523.11,529.31,509.13,509.13,3360587,523.11,529.31,509.13,509.13,3360587,0.0,1.0
2021-03-23 00:00:00+00:00,535.09,543.12,529.4,529.87,5583461,535.09,543.12,529.4,529.87,5583461,0.0,1.0
2021-03-24 00:00:00+00:00,520.81,534.42,520.0,533.78,4102211,520.81,534.42,520.0,533.78,4102211,0.0,1.0
2021-03-25 00:00:00+00:00,502.86,518.53,497.0,516.99,4926764,502.86,518.53,497.0,516.99,4926764,0.0,1.0
2021-03-26 00:00:00+00:00,508.05,508.72,496.68,502.82,3467797,508.05,508.72,496.68,502.82,3467797,0.0,1.0
2021-03-29 00:00:00+00:00,513.95,518.0,504.4,505.66,3330049,513.95,518.0,504.4,505.66,3330049,0.0,1.0
2021-03-30 00:00:00+00:00,513.39,514.41,506.91,510.505,2418129,513.39,514.41,506.91,510.505,2418129,0.0,1.0
2021-03-31 00:00:00+00:00,521.66,528.13,515.44,515.675,3503111,521.66,528.13,515.44,515.675,3503111,0.0,1.0
2021-04-01 00:00:00+00:00,539.42,540.5,527.03,529.93,3938637,539.42,540.5,527.03,529.93,3938637,0.0,1.0
2021-04-05 00:00:00+00:00,540.67,542.85,529.23,540.01,3355904,540.67,542.85,529.23,540.01,3355904,0.0,1.0
2021-04-06 00:00:00+00:00,544.53,554.165,543.3,544.81,3474205,544.53,554.165,543.3,544.81,3474205,0.0,1.0
2021-04-07 00:00:00+00:00,546.99,549.64,541.45,543.5,2151319,546.99,549.64,541.45,543.5,2151319,0.0,1.0
2021-04-08 00:00:00+00:00,554.58,556.899,547.57,551.13,4309829,554.58,556.899,547.57,551.13,4309829,0.0,1.0
2021-04-09 00:00:00+00:00,555.31,556.9,547.11,552.69,2894034,555.31,556.9,547.11,552.69,2894034,0.0,1.0
2021-04-12 00:00:00+00:00,552.78,557.98,549.58,551.05,2944060,552.78,557.98,549.58,551.05,2944060,0.0,1.0
2021-04-13 00:00:00+00:00,553.73,559.75,550.3,557.0,2720344,553.73,559.75,550.3,557.0,2720344,0.0,1.0
2021-04-14 00:00:00+00:00,540.02,554.87,538.53,554.87,3740294,540.02,554.87,538.53,554.87,3740294,0.0,1.0
2021-04-15 00:00:00+00:00,549.22,553.49,542.66,544.17,3139050,549.22,553.49,542.66,544.17,3139050,0.0,1.0
2021-04-16 00:00:00+00:00,546.54,551.98,539.51,550.54,3209075,546.54,551.98,539.51,550.54,3209075,0.0,1.0
2021-04-19 00:00:00+00:00,554.44,556.44,545.53,546.9,4288715,554.44,556.44,545.53,546.9,4288715,0.0,1.0
2021-04-20 00:00:00+00:00,549.57,563.56,546.3,554.42,11257648,549.57,563.56,546.3,554.42,11257648,0.0,1.0
2021-04-21 00:00:00+00:00,508.9,515.46,503.6001,508.0,22897446,508.9,515.46,503.6001,508.0,22897446,0.0,1.0
2021-04-22 00:00:00+00:00,508.78,513.96,500.55,513.82,9061062,508.78,513.96,500.55,513.82,9061062,0.0,1.0
2021-04-23 00:00:00+00:00,505.55,509.7,500.7,509.01,7314659,505.55,509.7,500.7,509.01,7314659,0.0,1.0
2021-04-26 00:00:00+00:00,510.3,510.48,503.0,506.76,4388839,510.3,510.48,503.0,506.76,4388839,0.0,1.0
2021-04-27 00:00:00+00:00,505.55,512.99,504.5808,512.62,3761327,505.55,512.99,504.5808,512.62,3761327,0.0,1.0
2021-04-28 00:00:00+00:00,506.52,508.395,503.34,505.2,3192983,506.52,508.395,503.34,505.2,3192983,0.0,1.0
2021-04-29 00:00:00+00:00,509.0,509.29,499.0,507.6,5127792,509.0,509.29,499.0,507.6,5127792,0.0,1.0
2021-04-30 00:00:00+00:00,513.47,514.55,505.0,505.0,4413242,513.47,514.55,505.0,505.0,4413242,0.0,1.0
2021-05-03 00:00:00+00:00,509.11,518.95,505.2,512.65,4091895,509.11,518.95,505.2,512.65,4091895,0.0,1.0
2021-05-04 00:00:00+00:00,503.18,511.63,496.79,510.78,4349502,503.18,511.63,496.79,510.78,4349502,0.0,1.0
2021-05-05 00:00:00+00:00,496.08,507.7843,494.63,504.99,3129366,496.08,507.7843,494.63,504.99,3129366,0.0,1.0
2021-05-06 00:00:00+00:00,499.55,499.55,491.37,495.99,3783698,499.55,499.55,491.37,495.99,3783698,0.0,1.0
2021-05-07 00:00:00+00:00,503.84,508.55,501.12,504.62,3132786,503.84,508.55,501.12,504.62,3132786,0.0,1.0
2021-05-10 00:00:00+00:00,486.69,503.15,486.11,502.0,5131632,486.69,503.15,486.11,502.0,5131632,0.0,1.0
2021-05-11 00:00:00+00:00,495.08,497.99,478.63,479.75,4401000,495.08,497.99,478.63,479.75,4401000,0.0,1.0
2021-05-12 00:00:00+00:00,484.98,493.54,482.7,486.83,4121540,484.98,493.54,482.7,486.83,4121540,0.0,1.0
2021-05-13 00:00:00+00:00,486.66,490.775,482.71,489.13,2716561,486.66,490.775,482.71,489.13,2716561,0.0,1.0
2021-05-14 00:00:00+00:00,493.37,494.85,486.59,487.86,2882464,493.37,494.85,486.59,487.86,2882464,0.0,1.0
2021-05-17 00:00:00+00:00,488.94,492.71,482.81,485.59,2705249,488.94,492.71,482.81,485.59,2705249,0.0,1.0
2021-05-18 00:00:00+00:00,486.28,493.4778,486.1895,488.395,2350496,486.28,493.4778,486.1895,488.395,2350496,0.0,1.0
2021-05-19 00:00:00+00:00,487.7,488.57,478.54,481.625,3349930,487.7,488.57,478.54,481.625,3349930,0.0,1.0
2021-05-20 00:00:00+00:00,501.67,502.7,488.975,489.55,3721218,501.67,502.7,488.975,489.55,3721218,0.0,1.0
2021-05-21 00:00:00+00:00,497.89,505.4,497.26,503.12,3322925,497.89,505.4,497.26,503.12,3322925,0.0,1.0
2021-05-24 00:00:00+00:00,502.9,504.25,499.51,501.05,2412595,502.9,504.25,499.51,501.05,2412595,0.0,1.0
2021-05-25 00:00:00+00:00,501.34,506.365,499.22,506.0,2699459,501.34,506.365,499.22,506.0,2699459,0.0,1.0
2021-05-26 00:00:00+00:00,502.36,504.14,500.5,502.34,2465303,502.36,504.14,500.5,502.34,2465303,0.0,1.0
2021-05-27 00:00:00+00:00,503.86,505.1,498.54,501.8,3253773,503.86,505.1,498.54,501.8,3253773,0.0,1.0
2021-05-28 00:00:00+00:00,502.81,511.76,502.53,504.4,2911297,502.81,511.76,502.53,504.4,2911297,0.0,1.0
2021-06-01 00:00:00+00:00,499.08,505.41,497.7443,504.01,2482555,499.08,505.41,497.7443,504.01,2482555,0.0,1.0
2021-06-02 00:00:00+00:00,499.24,503.22,495.82,499.82,2268979,499.24,503.22,495.82,499.82,2268979,0.0,1.0
2021-06-03 00:00:00+00:00,489.43,496.66,487.25,495.19,3887445,489.43,496.66,487.25,495.19,3887445,0.0,1.0
2021-06-04 00:00:00+00:00,494.74,501.86,490.95,492.0,3160487,494.74,501.86,490.95,492.0,3160487,0.0,1.0
2021-06-07 00:00:00+00:00,494.66,496.7,490.55,492.9169,2791932,494.66,496.7,490.55,492.9169,2791932,0.0,1.0
2021-06-08 00:00:00+00:00,492.39,498.82,489.37,497.0,2374037,492.39,498.82,489.37,497.0,2374037,0.0,1.0
2021-06-09 00:00:00+00:00,485.81,496.09,484.65,494.5,3055029,485.81,496.09,484.65,494.5,3055029,0.0,1.0
2021-06-10 00:00:00+00:00,487.27,490.21,482.14,487.165,4382928,487.27,490.21,482.14,487.165,4382928,0.0,1.0
2021-06-11 00:00:00+00:00,488.77,491.41,487.78,490.0,3123969,488.77,491.41,487.78,490.0,3123969,0.0,1.0
2021-06-14 00:00:00+00:00,499.89,503.5,486.91,489.68,4400222,499.89,503.5,486.91,489.68,4400222,0.0,1.0
2021-06-15 00:00:00+00:00,491.9,501.23,490.4,501.23,3104073,491.9,501.23,490.4,501.23,3104073,0.0,1.0
2021-06-16 00:00:00+00:00,492.41,496.46,486.28,495.0,3508622,492.41,496.46,486.28,495.0,3508622,0.0,1.0
2021-06-17 00:00:00+00:00,498.34,501.8,490.15,490.25,3198273,498.34,501.8,490.15,490.25,3198273,0.0,1.0
2021-06-18 00:00:00+00:00,500.77,504.49,495.24,496.4,5197576,500.77,504.49,495.24,496.4,5197576,0.0,1.0
2021-06-21 00:00:00+00:00,497.0,502.05,492.28,501.64,5277297,497.0,502.05,492.28,501.64,5277297,0.0,1.0
2021-06-22 00:00:00+00:00,508.82,513.55,495.795,498.54,5809271,508.82,513.55,495.795,498.54,5809271,0.0,1.0
2021-06-23 00:00:00+00:00,512.74,516.63,508.2,508.48,3944782,512.74,516.63,508.2,508.48,3944782,0.0,1.0
2021-06-24 00:00:00+00:00,518.06,520.96,514.4001,517.96,3361202,518.06,520.96,514.4001,517.96,3361202,0.0,1.0
2021-06-25 00:00:00+00:00,527.07,533.06,525.0,528.84,5299072,527.07,533.06,525.0,528.84,5299072,0.0,1.0
2021-06-28 00:00:00+00:00,533.03,533.9399,524.56,528.12,2820227,533.03,533.9399,524.56,528.12,2820227,0.0,1.0
2021-06-29 00:00:00+00:00,533.5,536.13,528.57,533.55,2314647,533.5,536.13,528.57,533.55,2314647,0.0,1.0
2021-06-30 00:00:00+00:00,528.21,534.38,526.82,534.0551,2773445,528.21,534.38,526.82,534.0551,2773445,0.0,1.0
2021-07-01 00:00:00+00:00,533.54,537.04,525.72,525.72,2805402,533.54,537.04,525.72,525.72,2805402,0.0,1.0
2021-07-02 00:00:00+00:00,533.98,538.5351,529.39,535.5,1980316,533.98,538.5351,529.39,535.5,1980316,0.0,1.0
2021-07-06 00:00:00+00:00,541.64,542.86,533.0,533.0,2775051,541.64,542.86,533.0,533.0,2775051,0.0,1.0
2021-07-07 00:00:00+00:00,535.96,544.64,531.66,544.24,2722498,535.96,544.64,531.66,544.24,2722498,0.0,1.0
2021-07-08 00:00:00+00:00,530.76,535.5,529.09,530.93,3268988,530.76,535.5,529.09,530.93,3268988,0.0,1.0
2021-07-09 00:00:00+00:00,535.98,538.26,528.58,531.0,2777231,535.98,538.26,528.58,531.0,2777231,0.0,1.0
2021-07-12 00:00:00+00:00,537.31,540.6497,532.92,540.3,1780738,537.31,540.6497,532.92,540.3,1780738,0.0,1.0
2021-07-13 00:00:00+00:00,540.68,545.33,535.76,535.76,2751593,540.68,545.33,535.76,535.76,2751593,0.0,1.0
2021-07-14 00:00:00+00:00,547.95,554.1,541.01,541.01,4659535,547.95,554.1,541.01,541.01,4659535,0.0,1.0
2021-07-15 00:00:00+00:00,542.95,557.5399,538.2,553.97,5713873,542.95,557.5399,538.2,553.97,5713873,0.0,1.0
2021-07-16 00:00:00+00:00,530.31,544.06,527.05,541.81,3442101,530.31,544.06,527.05,541.81,3442101,0.0,1.0
2021-07-19 00:00:00+00:00,532.28,534.913,522.2401,526.05,3885764,532.28,534.913,522.2401,526.05,3885764,0.0,1.0
2021-07-20 00:00:00+00:00,531.05,536.64,520.3,526.07,6930440,531.05,536.64,520.3,526.07,6930440,0.0,1.0
2021-07-21 00:00:00+00:00,513.63,530.99,505.61,526.13,11906793,513.63,530.99,505.61,526.13,11906793,0.0,1.0
2021-07-22 00:00:00+00:00,511.77,513.68,507.0,510.2059,4328061,511.77,513.68,507.0,510.2059,4328061,0.0,1.0
2021-07-23 00:00:00+00:00,515.41,517.41,504.66,512.16,3820478,515.41,517.41,504.66,512.16,3820478,0.0,1.0
2021-07-26 00:00:00+00:00,516.49,521.13,509.0101,514.38,2254538,516.49,521.13,509.0101,514.38,2254538,0.0,1.0
2021-07-27 00:00:00+00:00,518.91,521.95,512.05,518.08,2759037,518.91,521.95,512.05,518.08,2759037,0.0,1.0
2021-07-28 00:00:00+00:00,519.3,524.47,516.98,521.82,2390466,519.3,524.47,516.98,521.82,2390466,0.0,1.0
2021-07-29 00:00:00+00:00,514.25,520.7799,513.7927,519.96,1704378,514.25,520.7799,513.7927,519.96,1704378,0.0,1.0
2021-07-30 00:00:00+00:00,517.57,519.79,510.9642,512.69,2537107,517.57,519.79,510.9642,512.69,2537107,0.0,1.0
2021-08-02 00:00:00+00:00,515.15,519.85,510.51,519.0,2096632,515.15,519.85,510.51,519.0,2096632,0.0,1.0
2021-08-03 00:00:00+00:00,510.82,515.63,505.37,514.39,2579427,510.82,515.63,505.37,514.39,2579427,0.0,1.0
2021-08-04 00:00:00+00:00,517.35,517.98,510.37,513.0,2039374,517.35,517.98,510.37,513.0,2039374,0.0,1.0
2021-08-05 00:00:00+00:00,524.89,525.41,514.02,517.13,2556687,524.89,525.41,514.02,517.13,2556687,0.0,1.0
2021-08-06 00:00:00+00:00,520.55,526.84,519.39,524.0,1919798,520.55,526.84,519.39,524.0,1919798,0.0,1.0
2021-08-09 00:00:00+00:00,519.97,522.6699,517.99,521.1469,1367782,519.97,522.6699,517.99,521.1469,1367782,0.0,1.0
2021-08-10 00:00:00+00:00,515.84,520.79,512.965,520.0,1960544,515.84,520.79,512.965,520.0,1960544,0.0,1.0
2021-08-11 00:00:00+00:00,512.4,519.57,509.77,517.0,1673904,512.4,519.57,509.77,517.0,1673904,0.0,1.0
2021-08-12 00:00:00+00:00,510.72,513.0,507.2014,511.86,1686170,510.72,513.0,507.2014,511.86,1686170,0.0,1.0
2021-08-13 00:00:00+00:00,515.92,521.44,511.51,512.64,2136762,515.92,521.44,511.51,512.64,2136762,0.0,1.0
2021-08-16 00:00:00+00:00,517.92,523.38,512.3,515.24,2033176,517.92,523.38,512.3,515.24,2033176,0.0,1.0
2021-08-17 00:00:00+00:00,518.91,520.79,514.2,515.465,2309803,518.91,520.79,514.2,515.465,2309803,0.0,1.0
2021-08-18 00:00:00+00:00,521.87,526.38,518.65,520.0,2582046,521.87,526.38,518.65,520.0,2582046,0.0,1.0
2021-08-19 00:00:00+00:00,543.71,548.39,521.87,522.74,7497292,543.71,548.39,521.87,522.74,7497292,0.0,1.0
2021-08-20 00:00:00+00:00,546.88,551.3883,539.1,545.09,3776429,546.88,551.3883,539.1,545.09,3776429,0.0,1.0
2021-08-23 00:00:00+00:00,553.33,555.55,543.74,545.98,2602010,553.33,555.55,543.74,545.98,2602010,0.0,1.0
2021-08-24 00:00:00+00:00,553.41,555.3141,549.27,551.484,2109525,553.41,555.3141,549.27,551.484,2109525,0.0,1.0
2021-08-25 00:00:00+00:00,547.58,552.84,545.45,550.16,2065621,547.58,552.84,545.45,550.16,2065621,0.0,1.0
2021-08-26 00:00:00+00:00,550.12,552.604,545.9,546.16,1595499,550.12,552.604,545.9,546.16,1595499,0.0,1.0
2021-08-27 00:00:00+00:00,558.92,564.17,549.25,551.6,3252595,558.92,564.17,549.25,551.6,3252595,0.0,1.0
2021-08-30 00:00:00+00:00,566.18,567.1648,556.45,557.25,2434839,566.18,567.1648,556.45,557.25,2434839,0.0,1.0
2021-08-31 00:00:00+00:00,569.19,569.48,561.611,566.12,2431886,569.19,569.48,561.611,566.12,2431886,0.0,1.0
2021-09-01 00:00:00+00:00,582.07,591.0,569.0,569.0,5626214,582.07,591.0,569.0,569.0,5626214,0.0,1.0
2021-09-02 00:00:00+00:00,588.55,598.7567,583.68,583.68,6184782,588.55,598.7567,583.68,583.68,6184782,0.0,1.0
2021-09-03 00:00:00+00:00,590.53,591.8783,583.14,585.8,2684005,590.53,591.8783,583.14,585.8,2684005,0.0,1.0
2021-09-07 00:00:00+00:00,606.71,613.85,593.99,594.69,5830979,606.71,613.85,593.99,594.69,5830979,0.0,1.0
2021-09-08 00:00:00+00:00,606.05,615.6,595.71,603.84,5424503,606.05,615.6,595.71,603.84,5424503,0.0,1.0
2021-09-09 00:00:00+00:00,597.54,609.44,596.55,606.47,2954214,597.54,609.44,596.55,606.47,2954214,0.0,1.0
2021-09-10 00:00:00+00:00,598.72,609.45,593.67,598.16,3950764,598.72,609.45,593.67,598.16,3950764,0.0,1.0
2021-09-13 00:00:00+00:00,589.29,598.57,582.775,598.57,3062871,589.29,598.57,582.775,598.57,3062871,0.0,1.0
2021-09-14 00:00:00+00:00,577.76,587.28,575.56,584.89,3456958,577.76,587.28,575.56,584.89,3456958,0.0,1.0
2021-09-15 00:00:00+00:00,582.87,584.62,575.37,578.17,2755615,582.87,584.62,575.37,578.17,2755615,0.0,1.0
2021-09-16 00:00:00+00:00,586.5,587.48,577.72,584.3,1832028,586.5,587.48,577.72,584.3,1832028,0.0,1.0
2021-09-17 00:00:00+00:00,589.35,590.28,580.8501,587.85,4145145,589.35,590.28,580.8501,587.85,4145145,0.0,1.0
2021-09-20 00:00:00+00:00,575.43,591.53,568.08,586.79,3732227,575.43,591.53,568.08,586.79,3732227,0.0,1.0
2021-09-21 00:00:00+00:00,573.14,581.88,569.37,578.31,2250884,573.14,581.88,569.37,578.31,2250884,0.0,1.0
2021-09-22 00:00:00+00:00,590.65,595.65,579.69,579.69,4021845,590.65,595.65,579.69,579.69,4021845,0.0,1.0
2021-09-23 00:00:00+00:00,593.26,599.32,589.1301,590.79,2526161,593.26,599.32,589.1301,590.79,2526161,0.0,1.0
2021-09-24 00:00:00+00:00,592.39,592.98,583.64,592.5,2126246,592.39,592.98,583.64,592.5,2126246,0.0,1.0
2021-09-27 00:00:00+00:00,592.64,593.58,576.93,587.95,2504738,592.64,593.58,576.93,587.95,2504738,0.0,1.0
2021-09-28 00:00:00+00:00,583.85,599.5353,580.16,589.0,4431051,583.85,599.5353,580.16,589.0,4431051,0.0,1.0
2021-09-29 00:00:00+00:00,599.06,609.8799,588.01,589.01,6221026,599.06,609.8799,588.01,589.01,6221026,0.0,1.0
2021-09-30 00:00:00+00:00,610.34,619.0,608.05,608.05,6616040,610.34,619.0,608.05,608.05,6616040,0.0,1.0
2021-10-01 00:00:00+00:00,613.15,614.99,597.505,604.24,4090847,613.15,614.99,597.505,604.24,4090847,0.0,1.0
2021-10-04 00:00:00+00:00,603.35,626.125,594.68,613.39,4995932,603.35,626.125,594.68,613.39,4995932,0.0,1.0
2021-10-05 00:00:00+00:00,634.81,640.39,606.89,606.94,9534293,634.81,640.39,606.89,606.94,9534293,0.0,1.0
2021-10-06 00:00:00+00:00,639.1,639.8699,626.36,628.18,4580434,639.1,639.8699,626.36,628.18,4580434,0.0,1.0
2021-10-07 00:00:00+00:00,631.85,646.84,630.45,642.2252,3556886,631.85,646.84,630.45,642.2252,3556886,0.0,1.0
2021-10-08 00:00:00+00:00,632.66,643.8,630.86,634.165,3272093,632.66,643.8,630.86,634.165,3272093,0.0,1.0
2021-10-11 00:00:00+00:00,627.04,639.42,626.78,633.195,2862470,627.04,639.42,626.78,633.195,2862470,0.0,1.0
2021-10-12 00:00:00+00:00,624.94,637.655,621.99,633.02,3227349,624.94,637.655,621.99,633.02,3227349,0.0,1.0
2021-10-13 00:00:00+00:00,629.76,632.1791,622.1,632.1791,2424638,629.76,632.1791,622.1,632.1791,2424638,0.0,1.0
2021-10-14 00:00:00+00:00,633.8,636.88,626.79,632.23,2672535,633.8,636.88,626.79,632.23,2672535,0.0,1.0
2021-10-15 00:00:00+00:00,628.29,639.42,625.16,638.0,4116874,628.29,639.42,625.16,638.0,4116874,0.0,1.0
2021-10-18 00:00:00+00:00,637.97,638.41,620.5901,632.1,4669071,637.97,638.41,620.5901,632.1,4669071,0.0,1.0
2021-10-19 00:00:00+00:00,639.0,641.0,632.3,636.969,7633147,639.0,641.0,632.3,636.969,7633147,0.0,1.0
2021-10-20 00:00:00+00:00,625.14,637.4,617.15,625.5728,10621997,625.14,637.4,617.15,625.5728,10621997,0.0,1.0
2021-10-21 00:00:00+00:00,653.16,654.01,628.65,628.89,8437070,653.16,654.01,628.65,628.89,8437070,0.0,1.0
2021-10-22 00:00:00+00:00,664.78,665.46,651.81,651.81,6186016,664.78,665.46,651.81,651.81,6186016,0.0,1.0
2021-10-25 00:00:00+00:00,671.66,675.88,657.07,663.74,3833526,671.66,675.88,657.07,663.74,3833526,0.0,1.0
2021-10-26 00:00:00+00:00,668.52,676.4899,662.77,673.76,2904840,668.52,676.4899,662.77,673.76,2904840,0.0,1.0
2021-10-27 00:00:00+00:00,662.92,671.41,661.85,669.0,2276914,662.92,671.41,661.85,669.0,2276914,0.0,1.0
2021-10-28 00:00:00+00:00,674.05,676.8,668.03,670.9493,2859409,674.05,676.8,668.03,670.9493,2859409,0.0,1.0
2021-10-29 00:00:00+00:00,690.31,690.9699,671.24,673.06,3825279,690.31,690.9699,671.24,673.06,3825279,0.0,1.0
2021-11-01 00:00:00+00:00,681.17,689.97,676.54,689.06,3065876,681.17,689.97,676.54,689.06,3065876,0.0,1.0
2021-11-02 00:00:00+00:00,677.72,687.68,673.82,683.11,3878793,677.72,687.68,673.82,683.11,3878793,0.0,1.0
2021-11-03 00:00:00+00:00,688.29,689.39,677.27,677.27,2334852,688.29,689.39,677.27,677.27,2334852,0.0,1.0
2021-11-04 00:00:00+00:00,668.4,685.94,665.5,685.89,4865023,668.4,685.94,665.5,685.89,4865023,0.0,1.0
2021-11-05 00:00:00+00:00,645.72,665.64,645.01,663.97,5283488,645.72,665.64,645.01,663.97,5283488,0.0,1.0
2021-11-08 00:00:00+00:00,651.45,656.0,643.79,650.29,2887523,651.45,656.0,643.79,650.29,2887523,0.0,1.0
2021-11-09 00:00:00+00:00,655.99,660.5,650.52,653.7,2376248,655.99,660.5,650.52,653.7,2376248,0.0,1.0
2021-11-10 00:00:00+00:00,646.91,660.3306,642.11,653.01,2405785,646.91,660.3306,642.11,653.01,2405785,0.0,1.0
2021-11-11 00:00:00+00:00,657.58,665.82,649.705,650.24,2868311,657.58,665.82,649.705,650.24,2868311,0.0,1.0
2021-11-12 00:00:00+00:00,682.61,683.34,653.82,660.01,4128862,682.61,683.34,653.82,660.01,4128862,0.0,1.0
2021-11-15 00:00:00+00:00,679.33,685.2599,671.49,681.235,2872186,679.33,685.2599,671.49,681.235,2872186,0.0,1.0
2021-11-16 00:00:00+00:00,687.4,688.3599,676.9,678.27,2077387,687.4,688.3599,676.9,678.27,2077387,0.0,1.0
2021-11-17 00:00:00+00:00,691.69,700.9894,686.09,690.0,2732831,691.69,700.9894,686.09,690.0,2732831,0.0,1.0
2021-11-18 00:00:00+00:00,682.02,691.74,679.735,691.61,2014992,682.02,691.74,679.735,691.61,2014992,0.0,1.0
2021-11-19 00:00:00+00:00,678.8,694.16,675.0,692.35,2614852,678.8,694.16,675.0,692.35,2614852,0.0,1.0
2021-11-22 00:00:00+00:00,659.2,679.48,656.47,676.02,2765318,659.2,679.48,656.47,676.02,2765318,0.0,1.0
2021-11-23 00:00:00+00:00,654.06,666.43,646.05,658.18,2320917,654.06,666.43,646.05,658.18,2320917,0.0,1.0
2021-11-24 00:00:00+00:00,658.29,661.44,651.1,658.01,1867282,658.29,661.44,651.1,658.01,1867282,0.0,1.0
2021-11-26 00:00:00+00:00,665.64,676.405,660.67,675.0,2872513,665.64,676.405,660.67,675.0,2872513,0.0,1.0
2021-11-29 00:00:00+00:00,663.84,667.99,658.29,663.2,2529364,663.84,667.99,658.29,663.2,2529364,0.0,1.0
2021-11-30 00:00:00+00:00,641.9,675.38,640.01,668.1975,5608919,641.9,675.38,640.01,668.1975,5608919,0.0,1.0
2021-12-01 00:00:00+00:00,617.77,654.52,617.07,649.48,3897019,617.77,654.52,617.07,649.48,3897019,0.0,1.0
2021-12-02 00:00:00+00:00,616.47,625.36,612.88,617.1,3331131,616.47,625.36,612.88,617.1,3331131,0.0,1.0
2021-12-03 00:00:00+00:00,602.13,625.5,594.0,622.75,4829282,602.13,625.5,594.0,622.75,4829282,0.0,1.0
2021-12-06 00:00:00+00:00,612.69,617.29,601.0,606.01,3075672,612.69,617.29,601.0,606.01,3075672,0.0,1.0
2021-12-07 00:00:00+00:00,625.58,628.89,611.4,619.83,3125190,625.58,628.89,611.4,619.83,3125190,0.0,1.0
2021-12-08 00:00:00+00:00,628.08,632.455,623.2,630.0,2220308,628.08,632.455,623.2,630.0,2220308,0.0,1.0
2021-12-09 00:00:00+00:00,611.0,630.24,610.44,627.58,2376321,611.0,630.24,610.44,627.58,2376321,0.0,1.0
2021-12-10 00:00:00+00:00,611.66,617.74,605.88,616.78,2748774,611.66,617.74,605.88,616.78,2748774,0.0,1.0
2021-12-13 00:00:00+00:00,604.56,612.64,599.52,612.0,2517915,604.56,612.64,599.52,612.0,2517915,0.0,1.0
2021-12-14 00:00:00+00:00,597.99,602.29,588.13,598.71,2984536,597.99,602.29,588.13,598.71,2984536,0.0,1.0
2021-12-15 00:00:00+00:00,605.04,605.69,584.51,598.18,2866196,605.04,605.69,584.51,598.18,2866196,0.0,1.0
2021-12-16 00:00:00+00:00,591.06,602.8308,588.0,597.09,3143217,591.06,602.8308,588.0,597.09,3143217,0.0,1.0
2021-12-17 00:00:00+00:00,586.73,593.25,581.74,591.61,4433706,586.73,593.25,581.74,591.61,4433706,0.0,1.0
2021-12-20 00:00:00+00:00,593.74,602.8847,584.26,586.43,3358404,593.74,602.8847,584.26,586.43,3358404,0.0,1.0
2021-12-21 00:00:00+00:00,604.92,607.82,593.8611,597.5434,2319390,604.92,607.82,593.8611,597.5434,2319390,0.0,1.0
2021-12-22 00:00:00+00:00,614.24,614.82,602.63,603.36,2335745,614.24,614.82,602.63,603.36,2335745,0.0,1.0
2021-12-23 00:00:00+00:00,614.09,616.88,607.57,616.4,1621146,614.09,616.88,607.57,616.4,1621146,0.0,1.0
2021-12-27 00:00:00+00:00,613.12,615.0,609.25,615.0,2062233,613.12,615.0,609.25,615.0,2062233,0.0,1.0
2021-12-28 00:00:00+00:00,610.71,618.41,609.69,614.95,1884116,610.71,618.41,609.69,614.95,1884116,0.0,1.0
2021-12-29 00:00:00+00:00,610.54,613.98,604.68,610.71,1287513,610.54,613.98,604.68,610.71,1287513,0.0,1.0
2021-12-30 00:00:00+00:00,612.09,620.61,611.2401,612.99,1625093,612.09,620.61,611.2401,612.99,1625093,0.0,1.0
2021-12-31 00:00:00+00:00,602.44,614.075,602.05,610.01,1961618,602.44,614.075,602.05,610.01,1961618,0.0,1.0
2022-01-03 00:00:00+00:00,597.37,609.99,590.56,605.61,3068808,597.37,609.99,590.56,605.61,3068808,0.0,1.0
2022-01-04 00:00:00+00:00,591.15,600.4099,581.6,599.91,4393135,591.15,600.4099,581.6,599.91,4393135,0.0,1.0
2022-01-05 00:00:00+00:00,567.52,592.84,566.88,592.0,4148749,567.52,592.84,566.88,592.0,4148749,0.0,1.0
2022-01-06 00:00:00+00:00,553.29,563.36,542.01,554.34,5711795,553.29,563.36,542.01,554.34,5711795,0.0,1.0
2022-01-07 00:00:00+00:00,541.06,553.43,538.2175,549.46,3382873,541.06,553.43,538.2175,549.46,3382873,0.0,1.0
2022-01-10 00:00:00+00:00,539.85,543.69,526.32,538.49,4486145,539.85,543.69,526.32,538.49,4486145,0.0,1.0
2022-01-11 00:00:00+00:00,540.84,543.91,530.07,536.99,3063783,540.84,543.91,530.07,536.99,3063783,0.0,1.0
2022-01-12 00:00:00+00:00,537.22,544.27,532.02,544.27,3787372,537.22,544.27,532.02,544.27,3787372,0.0,1.0
2022-01-13 00:00:00+00:00,519.2,540.79,518.26,537.06,4475063,519.2,540.79,518.26,537.06,4475063,0.0,1.0
2022-01-14 00:00:00+00:00,525.69,538.37,511.88,517.6,7861109,525.69,538.37,511.88,517.6,7861109,0.0,1.0
2022-01-18 00:00:00+00:00,510.8,521.75,508.68,520.08,4772067,510.8,521.75,508.68,520.08,4772067,0.0,1.0
2022-01-19 00:00:00+00:00,515.86,523.21,510.51,515.0,4226987,515.86,523.21,510.51,515.0,4226987,0.0,1.0
2022-01-20 00:00:00+00:00,508.25,526.64,506.93,517.7498,12658993,508.25,526.64,506.93,517.7498,12658993,0.0,1.0
2022-01-21 00:00:00+00:00,397.5,409.1499,379.99,400.425,58904266,397.5,409.1499,379.99,400.425,58904266,0.0,1.0
2022-01-24 00:00:00+00:00,387.15,387.26,351.46,383.91,32386782,387.15,387.26,351.46,383.91,32386782,0.0,1.0
2022-01-25 00:00:00+00:00,366.42,387.71,365.13,379.14,15145816,366.42,387.71,365.13,379.14,15145816,0.0,1.0
2022-01-26 00:00:00+00:00,359.7,382.66,356.62,378.27,12683981,359.7,382.66,356.62,378.27,12683981,0.0,1.0
2022-01-27 00:00:00+00:00,386.7,394.8,378.1,382.06,24324747,386.7,394.8,378.1,382.06,24324747,0.0,1.0
2022-01-28 00:00:00+00:00,384.36,387.0,372.08,386.76,11966605,384.36,387.0,372.08,386.76,11966605,0.0,1.0
2022-01-31 00:00:00+00:00,427.14,427.7,398.2,401.97,20047452,427.14,427.7,398.2,401.97,20047452,0.0,1.0
2022-02-01 00:00:00+00:00,457.13,458.48,425.5401,432.96,22568099,457.13,458.48,425.5401,432.96,22568099,0.0,1.0
2022-02-02 00:00:00+00:00,429.48,451.98,426.48,448.25,14346010,429.48,451.98,426.48,448.25,14346010,0.0,1.0
2022-02-03 00:00:00+00:00,405.6,429.26,404.28,421.44,9905210,405.6,429.26,404.28,421.44,9905210,0.0,1.0
2022-02-04 00:00:00+00:00,410.17,412.77,396.6391,407.31,7789798,410.17,412.77,396.6391,407.31,7789798,0.0,1.0
2022-02-07 00:00:00+00:00,402.1,412.35,393.55,410.17,8232859,402.1,412.35,393.55,410.17,8232859,0.0,1.0
2022-02-08 00:00:00+00:00,403.53,406.61,395.83,398.18,6818543,403.53,406.61,395.83,398.18,6818543,0.0,1.0
2022-02-09 00:00:00+00:00,412.89,412.98,398.79,408.65,7738227,412.89,412.98,398.79,408.65,7738227,0.0,1.0
2022-02-10 00:00:00+00:00,406.27,408.0,396.36,402.1,8452915,406.27,408.0,396.36,402.1,8452915,0.0,1.0
2022-02-11 00:00:00+00:00,391.31,411.6103,387.65,405.33,7558939,391.31,411.6103,387.65,405.33,7558939,0.0,1.0
2022-02-14 00:00:00+00:00,396.57,409.36,386.891,387.59,7202155,396.57,409.36,386.891,387.59,7202155,0.0,1.0
2022-02-15 00:00:00+00:00,407.46,409.1619,401.01,403.79,5395641,407.46,409.1619,401.01,403.79,5395641,0.0,1.0
2022-02-16 00:00:00+00:00,398.08,401.56,390.3842,401.53,5277650,398.08,401.56,390.3842,401.53,5277650,0.0,1.0
2022-02-17 00:00:00+00:00,386.67,399.11,385.7,394.235,4669222,386.67,399.11,385.7,394.235,4669222,0.0,1.0
2022-02-18 00:00:00+00:00,391.29,402.87,389.0466,392.53,6801668,391.29,402.87,389.0466,392.53,6801668,0.0,1.0
2022-02-22 00:00:00+00:00,377.38,392.42,373.02,388.95,6664974,377.38,392.42,373.02,388.95,6664974,0.0,1.0
2022-02-23 00:00:00+00:00,367.46,386.0,366.66,382.72,4614290,367.46,386.0,366.66,382.72,4614290,0.0,1.0
2022-02-24 00:00:00+00:00,390.03,390.73,354.72,355.09,7068724,390.03,390.73,354.72,355.09,7068724,0.0,1.0
2022-02-25 00:00:00+00:00,390.8,391.29,375.58,386.61,4841636,390.8,391.29,375.58,386.61,4841636,0.0,1.0
2022-02-28 00:00:00+00:00,394.52,397.75,382.13,387.33,5035046,394.52,397.75,382.13,387.33,5035046,0.0,1.0
2022-03-01 00:00:00+00:00,386.24,395.0,383.705,391.6,3290439,386.24,395.0,383.705,391.6,3290439,0.0,1.0
2022-03-02 00:00:00+00:00,380.03,389.22,375.21,388.93,5356809,380.03,389.22,375.21,388.93,5356809,0.0,1.0
2022-03-03 00:00:00+00:00,368.07,386.12,364.65,386.0,6076836,368.07,386.12,364.65,386.0,6076836,0.0,1.0
2022-03-04 00:00:00+00:00,361.73,374.8186,357.17,368.0,5329180,361.73,374.8186,357.17,368.0,5329180,0.0,1.0
2022-03-07 00:00:00+00:00,350.26,361.995,350.2,360.41,5708383,350.26,361.995,350.2,360.41,5708383,0.0,1.0
2022-03-08 00:00:00+00:00,341.76,358.86,340.67,349.8,6428655,341.76,358.86,340.67,349.8,6428655,0.0,1.0
2022-03-09 00:00:00+00:00,358.79,364.14,350.5089,357.685,6520186,358.79,364.14,350.5089,357.685,6520186,0.0,1.0
2022-03-10 00:00:00+00:00,356.77,367.02,353.3,356.2,4807767,356.77,367.02,353.3,356.2,4807767,0.0,1.0
2022-03-11 00:00:00+00:00,340.32,363.36,340.0,361.19,4819925,340.32,363.36,340.0,361.19,4819925,0.0,1.0
2022-03-14 00:00:00+00:00,331.01,341.32,329.82,338.72,5907817,331.01,341.32,329.82,338.72,5907817,0.0,1.0
2022-03-15 00:00:00+00:00,343.75,345.36,332.36,335.1,5460640,343.75,345.36,332.36,335.1,5460640,0.0,1.0
2022-03-16 00:00:00+00:00,357.53,359.99,343.06,348.2,6982469,357.53,359.99,343.06,348.2,6982469,0.0,1.0
2022-03-17 00:00:00+00:00,371.4,373.31,354.88,359.7,5818348,371.4,373.31,354.88,359.7,5818348,0.0,1.0
2022-03-18 00:00:00+00:00,380.6,381.8,368.47,372.0,8252687,380.6,381.8,368.47,372.0,8252687,0.0,1.0
2022-03-21 00:00:00+00:00,374.59,381.82,368.94,378.02,4612272,374.59,381.82,368.94,378.02,4612272,0.0,1.0
2022-03-22 00:00:00+00:00,382.92,386.66,366.76,371.14,4209911,382.92,386.66,366.76,371.14,4209911,0.0,1.0
2022-03-23 00:00:00+00:00,374.49,382.46,374.49,379.77,3728954,374.49,382.46,374.49,379.77,3728954,0.0,1.0
2022-03-24 00:00:00+00:00,375.71,379.76,368.9,379.76,3888461,375.71,379.76,368.9,379.76,3888461,0.0,1.0
2022-03-25 00:00:00+00:00,373.85,377.64,366.43,377.07,3568441,373.85,377.64,366.43,377.07,3568441,0.0,1.0
2022-03-28 00:00:00+00:00,378.51,380.28,366.73,375.23,4323435,378.51,380.28,366.73,375.23,4323435,0.0,1.0
2022-03-29 00:00:00+00:00,391.82,396.5,380.33,384.39,5880723,391.82,396.5,380.33,384.39,5880723,0.0,1.0
2022-03-30 00:00:00+00:00,381.47,392.7,378.625,389.55,4023301,381.47,392.7,378.625,389.55,4023301,0.0,1.0
2022-03-31 00:00:00+00:00,374.59,384.0,373.61,383.59,4134720,374.59,384.0,373.61,383.59,4134720,0.0,1.0
2022-04-01 00:00:00+00:00,373.47,380.87,368.5,376.8,4644237,373.47,380.87,368.5,376.8,4644237,0.0,1.0
2022-04-04 00:00:00+00:00,391.5,396.02,373.13,373.55,7009235,391.5,396.02,373.13,373.55,7009235,0.0,1.0
2022-04-05 00:00:00+00:00,380.15,390.0,377.305,389.3,4127937,380.15,390.0,377.305,389.3,4127937,0.0,1.0
2022-04-06 00:00:00+00:00,368.35,376.4699,362.73,374.15,4354885,368.35,376.4699,362.73,374.15,4354885,0.0,1.0
2022-04-07 00:00:00+00:00,362.15,368.54,353.6897,365.0,4948909,362.15,368.54,353.6897,365.0,4948909,0.0,1.0
2022-04-08 00:00:00+00:00,355.88,362.5,354.865,361.96,4025183,355.88,362.5,354.865,361.96,4025183,0.0,1.0
2022-04-11 00:00:00+00:00,348.0,354.78,345.2,350.0,3777096,348.0,354.78,345.2,350.0,3777096,0.0,1.0
2022-04-12 00:00:00+00:00,344.1,359.41,342.25,355.91,3824261,344.1,359.41,342.25,355.91,3824261,0.0,1.0
2022-04-13 00:00:00+00:00,350.43,352.0,341.155,343.92,3230950,350.43,352.0,341.155,343.92,3230950,0.0,1.0
2022-04-14 00:00:00+00:00,341.13,352.0,339.86,350.95,4343837,341.13,352.0,339.86,350.95,4343837,0.0,1.0
2022-04-18 00:00:00+00:00,337.86,342.36,331.615,340.0,5105041,337.86,342.36,331.615,340.0,5105041,0.0,1.0
2022-04-19 00:00:00+00:00,348.61,351.68,333.22,333.22,20906885,348.61,351.68,333.22,333.22,20906885,0.0,1.0
2022-04-20 00:00:00+00:00,226.19,248.7,212.51,245.2,132644607,226.19,248.7,212.51,245.2,132644607,0.0,1.0
2022-04-21 00:00:00+00:00,218.22,227.68,211.52,220.0,53501603,218.22,227.68,211.52,220.0,53501603,0.0,1.0
2022-04-22 00:00:00+00:00,215.52,226.27,210.05,220.18,37515127,215.52,226.27,210.05,220.18,37515127,0.0,1.0
2022-04-25 00:00:00+00:00,209.91,216.66,204.51,213.81,28152045,209.91,216.66,204.51,213.81,28152045,0.0,1.0
2022-04-26 00:00:00+00:00,198.4,209.15,198.2773,208.8,20064274,198.4,209.15,198.2773,208.8,20064274,0.0,1.0
2022-04-27 00:00:00+00:00,188.54,200.19,187.77,194.005,22298394,188.54,200.19,187.77,194.005,22298394,0.0,1.0
2022-04-28 00:00:00+00:00,199.52,201.48,185.6,191.56,21363162,199.52,201.48,185.6,191.56,21363162,0.0,1.0
2022-04-29 00:00:00+00:00,190.36,204.71,190.0,198.68,16391889,190.36,204.71,190.0,198.68,16391889,0.0,1.0
2022-05-02 00:00:00+00:00,199.46,200.2141,190.01,191.71,14591602,199.46,200.2141,190.01,191.71,14591602,0.0,1.0
2022-05-03 00:00:00+00:00,199.87,203.2,194.77,198.29,11839431,199.87,203.2,194.77,198.29,11839431,0.0,1.0
2022-05-04 00:00:00+00:00,204.01,204.38,191.01,197.65,12108505,204.01,204.38,191.01,197.65,12108505,0.0,1.0
2022-05-05 00:00:00+00:00,188.32,200.71,186.0,200.45,13971326,188.32,200.71,186.0,200.45,13971326,0.0,1.0
2022-05-06 00:00:00+00:00,180.97,187.21,175.81,186.75,17185475,180.97,187.21,175.81,186.75,17185475,0.0,1.0
2022-05-09 00:00:00+00:00,173.1,183.2,172.3,177.655,14031327,173.1,183.2,172.3,177.655,14031327,0.0,1.0
2022-05-10 00:00:00+00:00,177.66,181.8712,170.57,176.01,13883905,177.66,181.8712,170.57,176.01,13883905,0.0,1.0
2022-05-11 00:00:00+00:00,166.37,180.92,165.55,176.09,12665518,166.37,180.92,165.55,176.09,12665518,0.0,1.0
2022-05-12 00:00:00+00:00,174.31,177.58,162.71,163.96,17662118,174.31,177.58,162.71,163.96,17662118,0.0,1.0
2022-05-13 00:00:00+00:00,187.64,187.77,176.01,177.16,13136334,187.64,187.77,176.01,177.16,13136334,0.0,1.0
2022-05-16 00:00:00+00:00,186.51,195.89,185.7,193.3,16145011,186.51,195.89,185.7,193.3,16145011,0.0,1.0
2022-05-17 00:00:00+00:00,190.56,191.4,185.17,189.17,9876685,190.56,191.4,185.17,189.17,9876685,0.0,1.0
2022-05-18 00:00:00+00:00,177.19,187.7,176.27,186.72,9665632,177.19,187.7,176.27,186.72,9665632,0.0,1.0
2022-05-19 00:00:00+00:00,183.48,186.3,175.71,178.045,10448513,183.48,186.3,175.71,178.045,10448513,0.0,1.0
2022-05-20 00:00:00+00:00,186.35,190.19,179.77,185.8665,10429396,186.35,190.19,179.77,185.8665,10429396,0.0,1.0
2022-05-23 00:00:00+00:00,187.44,187.66,177.89,186.15,9602027,187.44,187.66,177.89,186.15,9602027,0.0,1.0
2022-05-24 00:00:00+00:00,180.34,184.0,177.17,182.0,7706372,180.34,184.0,177.17,182.0,7706372,0.0,1.0
2022-05-25 00:00:00+00:00,187.83,188.87,180.17,180.28,8522092,187.83,188.87,180.17,180.28,8522092,0.0,1.0
2022-05-26 00:00:00+00:00,191.4,192.3402,183.0916,186.49,8049933,191.4,192.3402,183.0916,186.49,8049933,0.0,1.0
2022-05-27 00:00:00+00:00,195.19,195.25,190.3722,193.19,8585987,195.19,195.25,190.3722,193.19,8585987,0.0,1.0
2022-05-31 00:00:00+00:00,197.44,199.95,190.8,196.18,11398460,197.44,199.95,190.8,196.18,11398460,0.0,1.0
2022-06-01 00:00:00+00:00,192.91,202.74,191.6606,198.7,8416151,192.91,202.74,191.6606,198.7,8416151,0.0,1.0
2022-06-02 00:00:00+00:00,205.09,205.47,191.72,192.02,9623121,205.09,205.47,191.72,192.02,9623121,0.0,1.0
2022-06-03 00:00:00+00:00,198.98,202.95,198.05,200.14,7191775,198.98,202.95,198.05,200.14,7191775,0.0,1.0
2022-06-06 00:00:00+00:00,197.14,203.87,195.38,202.09,5372043,197.14,203.87,195.38,202.09,5372043,0.0,1.0
2022-06-07 00:00:00+00:00,198.61,199.6,193.0,194.87,4839491,198.61,199.6,193.0,194.87,4839491,0.0,1.0
2022-06-08 00:00:00+00:00,202.83,207.38,197.64,197.95,7244121,202.83,207.38,197.64,197.95,7244121,0.0,1.0
2022-06-09 00:00:00+00:00,192.77,201.69,192.54,200.65,6948967,192.77,201.69,192.54,200.65,6948967,0.0,1.0
2022-06-10 00:00:00+00:00,182.94,185.86,180.85,182.64,13074280,182.94,185.86,180.85,182.64,13074280,0.0,1.0
2022-06-13 00:00:00+00:00,169.69,179.09,168.9571,177.07,10222407,169.69,179.09,168.9571,177.07,10222407,0.0,1.0
2022-06-14 00:00:00+00:00,167.54,172.0622,164.28,169.75,11555323,167.54,172.0622,164.28,169.75,11555323,0.0,1.0
2022-06-15 00:00:00+00:00,180.11,183.845,168.53,169.258,12396041,180.11,183.845,168.53,169.258,12396041,0.0,1.0
2022-06-16 00:00:00+00:00,173.35,176.27,171.56,174.0,8201306,173.35,176.27,171.56,174.0,8201306,0.0,1.0
2022-06-17 00:00:00+00:00,175.51,179.65,173.34,173.63,12133372,175.51,179.65,173.34,173.63,12133372,0.0,1.0
2022-06-21 00:00:00+00:00,170.91,178.6189,169.8,177.6,12177592,170.91,178.6189,169.8,177.6,12177592,0.0,1.0
2022-06-22 00:00:00+00:00,178.89,182.82,170.2,170.75,12010615,178.89,182.82,170.2,170.75,12010615,0.0,1.0
2022-06-23 00:00:00+00:00,181.71,182.76,175.87,180.5,9538226,181.71,182.76,175.87,180.5,9538226,0.0,1.0
2022-06-24 00:00:00+00:00,190.85,191.19,181.84,183.5,12423974,190.85,191.19,181.84,183.5,12423974,0.0,1.0
2022-06-27 00:00:00+00:00,189.14,191.78,182.39,191.77,8363879,189.14,191.78,182.39,191.77,8363879,0.0,1.0
2022-06-28 00:00:00+00:00,179.6,192.2,179.37,189.2,7201897,179.6,192.2,179.37,189.2,7201897,0.0,1.0
2022-06-29 00:00:00+00:00,178.36,180.665,175.1,179.55,5766847,178.36,180.665,175.1,179.55,5766847,0.0,1.0
2022-06-30 00:00:00+00:00,174.87,179.45,170.3,177.07,7894710,174.87,179.45,170.3,177.07,7894710,0.0,1.0
2022-07-01 00:00:00+00:00,179.95,180.1,174.27,176.49,5201583,179.95,180.1,174.27,176.49,5201583,0.0,1.0
2022-07-05 00:00:00+00:00,185.88,185.92,172.6801,176.28,7339023,185.88,185.92,172.6801,176.28,7339023,0.0,1.0
2022-07-06 00:00:00+00:00,184.06,186.22,180.82,185.2,5753385,184.06,186.22,180.82,185.2,5753385,0.0,1.0
2022-07-07 00:00:00+00:00,189.27,190.21,183.5,184.27,6334545,189.27,190.21,183.5,184.27,6334545,0.0,1.0
2022-07-08 00:00:00+00:00,186.975,189.91,182.75,186.02,5835680,186.975,189.91,182.75,186.02,5835680,0.0,1.0
2022-07-11 00:00:00+00:00,177.34,184.99,176.89,184.73,6048447,177.34,184.99,176.89,184.73,6048447,0.0,1.0
2022-07-12 00:00:00+00:00,174.45,179.7839,173.42,177.33,6845264,174.45,179.7839,173.42,177.33,6845264,0.0,1.0
2022-07-13 00:00:00+00:00,176.56,179.18,169.702,170.5,12734421,176.56,179.18,169.702,170.5,12734421,0.0,1.0
2022-07-14 00:00:00+00:00,174.78,177.52,171.82,175.56,9039457,174.78,177.52,171.82,175.56,9039457,0.0,1.0
2022-07-15 00:00:00+00:00,189.11,189.22,174.56,175.58,16319116,189.11,189.22,174.56,175.58,16319116,0.0,1.0
2022-07-18 00:00:00+00:00,190.92,199.67,189.8,192.5,16322845,190.92,199.67,189.8,192.5,16322845,0.0,1.0
2022-07-19 00:00:00+00:00,201.63,201.97,188.4,193.02,28178716,201.63,201.97,188.4,193.02,28178716,0.0,1.0
2022-07-20 00:00:00+00:00,216.44,216.9699,200.1,208.17,53920266,216.44,216.9699,200.1,208.17,53920266,0.0,1.0
2022-07-21 00:00:00+00:00,223.88,224.32,211.5,214.3,23430117,223.88,224.32,211.5,214.3,23430117,0.0,1.0
2022-07-22 00:00:00+00:00,220.44,229.35,218.44,222.38,17805452,220.44,229.35,218.44,222.38,17805452,0.0,1.0
2022-07-25 00:00:00+00:00,218.51,225.23,216.35,221.31,10935247,218.51,225.23,216.35,221.31,10935247,0.0,1.0
2022-07-26 00:00:00+00:00,213.91,219.39,211.64,216.66,9508532,213.91,219.39,211.64,216.66,9508532,0.0,1.0
2022-07-27 00:00:00+00:00,226.75,227.78,214.58,216.48,10508385,226.75,227.78,214.58,216.48,10508385,0.0,1.0
2022-07-28 00:00:00+00:00,226.02,228.1,219.67,224.6,8972738,226.02,228.1,219.67,224.6,8972738,0.0,1.0
2022-07-29 00:00:00+00:00,224.9,230.75,222.4,223.29,9064937,224.9,230.75,222.4,223.29,9064937,0.0,1.0
2022-08-01 00:00:00+00:00,226.21,228.39,221.0,223.095,5525044,226.21,228.39,221.0,223.095,5525044,0.0,1.0
2022-08-02 00:00:00+00:00,221.42,228.2,220.88,222.76,6361327,221.42,228.2,220.88,222.76,6361327,0.0,1.0
2022-08-03 00:00:00+00:00,226.73,228.1,222.42,224.79,6400701,226.73,228.1,222.42,224.79,6400701,0.0,1.0
2022-08-04 00:00:00+00:00,229.91,232.07,225.05,227.68,7142741,229.91,232.07,225.05,227.68,7142741,0.0,1.0
2022-08-05 00:00:00+00:00,226.78,228.62,222.87,225.3,5539733,226.78,228.62,222.87,225.3,5539733,0.0,1.0
2022-08-08 00:00:00+00:00,233.49,241.9599,226.41,227.49,10997409,233.49,241.9599,226.41,227.49,10997409,0.0,1.0
2022-08-09 00:00:00+00:00,229.94,232.1999,224.65,231.62,6181194,229.94,232.1999,224.65,231.62,6181194,0.0,1.0
2022-08-10 00:00:00+00:00,244.11,244.54,236.5958,236.99,9254760,244.11,244.54,236.5958,236.99,9254760,0.0,1.0
2022-08-11 00:00:00+00:00,242.7,251.62,241.51,244.68,8780062,242.7,251.62,241.51,244.68,8780062,0.0,1.0
2022-08-12 00:00:00+00:00,249.3,249.41,243.76,244.81,6098531,249.3,249.41,243.76,244.81,6098531,0.0,1.0
2022-08-15 00:00:00+00:00,249.11,251.99,247.51,248.11,6527391,249.11,251.99,247.51,248.11,6527391,0.0,1.0
2022-08-16 00:00:00+00:00,245.69,249.29,244.03,247.16,5136806,245.69,249.29,244.03,247.16,5136806,0.0,1.0
2022-08-17 00:00:00+00:00,241.15,244.24,237.56,241.18,5627224,241.15,244.24,237.56,241.18,5627224,0.0,1.0
2022-08-18 00:00:00+00:00,245.17,246.4794,239.2801,241.96,5280387,245.17,246.4794,239.2801,241.96,5280387,0.0,1.0
2022-08-19 00:00:00+00:00,241.16,243.29,235.68,240.95,7504707,241.16,243.29,235.68,240.95,7504707,0.0,1.0
2022-08-22 00:00:00+00:00,226.54,233.475,224.59,232.55,8630094,226.54,233.475,224.59,232.55,8630094,0.0,1.0
2022-08-23 00:00:00+00:00,224.55,229.9,224.3,226.46,5276945,224.55,229.9,224.3,226.46,5276945,0.0,1.0
2022-08-24 00:00:00+00:00,229.61,234.1,223.94,225.66,5426316,229.61,234.1,223.94,225.66,5426316,0.0,1.0
2022-08-25 00:00:00+00:00,233.98,234.16,229.0,230.24,3766867,233.98,234.16,229.0,230.24,3766867,0.0,1.0
2022-08-26 00:00:00+00:00,223.28,236.95,223.15,233.625,5349848,223.28,236.95,223.15,233.625,5349848,0.0,1.0
2022-08-29 00:00:00+00:00,224.57,229.87,221.52,221.93,7096010,224.57,229.87,221.52,221.93,7096010,0.0,1.0
2022-08-30 00:00:00+00:00,220.65,229.79,218.74,226.66,5740434,220.65,229.79,218.74,226.66,5740434,0.0,1.0
2022-08-31 00:00:00+00:00,223.56,233.8787,223.43,227.0,8615906,223.56,233.8787,223.43,227.0,8615906,0.0,1.0
2022-09-01 00:00:00+00:00,230.04,230.37,219.47,220.72,7292917,230.04,230.37,219.47,220.72,7292917,0.0,1.0
2022-09-02 00:00:00+00:00,226.11,233.8814,225.04,231.03,8164883,226.11,233.8814,225.04,231.03,8164883,0.0,1.0
2022-09-06 00:00:00+00:00,218.39,226.85,214.69,225.59,7447153,218.39,226.85,214.69,225.59,7447153,0.0,1.0
2022-09-07 00:00:00+00:00,228.96,229.33,218.2681,220.21,8149329,228.96,229.33,218.2681,220.21,8149329,0.0,1.0
2022-09-08 00:00:00+00:00,227.44,228.735,221.3,224.16,6737436,227.44,228.735,221.3,224.16,6737436,0.0,1.0
2022-09-09 00:00:00+00:00,233.57,234.7799,229.62,229.62,6702060,233.57,234.7799,229.62,229.62,6702060,0.0,1.0
2022-09-12 00:00:00+00:00,236.53,239.49,233.37,233.61,6047425,236.53,239.49,233.37,233.61,6047425,0.0,1.0
2022-09-13 00:00:00+00:00,218.13,227.69,217.72,226.5,8000128,218.13,227.69,217.72,226.5,8000128,0.0,1.0
2022-09-14 00:00:00+00:00,224.12,228.0,215.8,219.82,8230340,224.12,228.0,215.8,219.82,8230340,0.0,1.0
2022-09-15 00:00:00+00:00,235.38,242.2871,229.1,230.47,19454122,235.38,242.2871,229.1,230.47,19454122,0.0,1.0
2022-09-16 00:00:00+00:00,240.13,241.355,227.83,231.22,18914177,240.13,241.355,227.83,231.22,18914177,0.0,1.0
2022-09-19 00:00:00+00:00,243.63,245.25,235.75,245.05,17912370,243.63,245.25,235.75,245.05,17912370,0.0,1.0
2022-09-20 00:00:00+00:00,242.85,250.49,239.66,240.37,16037431,242.85,250.49,239.66,240.37,16037431,0.0,1.0
2022-09-21 00:00:00+00:00,236.87,248.2999,236.68,242.67,9166772,236.87,248.2999,236.68,242.67,9166772,0.0,1.0
2022-09-22 00:00:00+00:00,237.05,240.5,231.66,235.35,9991482,237.05,240.5,231.66,235.35,9991482,0.0,1.0
2022-09-23 00:00:00+00:00,226.41,236.4499,221.43,235.14,11207228,226.41,236.4499,221.43,235.14,11207228,0.0,1.0
2022-09-26 00:00:00+00:00,224.07,232.7,223.01,225.6,8234285,224.07,232.7,223.01,225.6,8234285,0.0,1.0
2022-09-27 00:00:00+00:00,224.36,230.64,220.72,228.63,7762223,224.36,230.64,220.72,228.63,7762223,0.0,1.0
2022-09-28 00:00:00+00:00,245.2,246.65,227.38,229.69,17579670,245.2,246.65,227.38,229.69,17579670,0.0,1.0
2022-09-29 00:00:00+00:00,239.71,246.98,235.68,241.61,18994943,239.71,246.98,235.68,241.61,18994943,0.0,1.0
2022-09-30 00:00:00+00:00,235.44,242.44,233.26,237.0,11848607,235.44,242.44,233.26,237.0,11848607,0.0,1.0
2022-10-03 00:00:00+00:00,239.04,241.54,232.85,237.85,8657443,239.04,241.54,232.85,237.85,8657443,0.0,1.0
2022-10-04 00:00:00+00:00,240.74,245.7999,233.25,244.84,13925854,240.74,245.7999,233.25,244.84,13925854,0.0,1.0
2022-10-05 00:00:00+00:00,236.73,241.59,227.38,238.76,10825633,236.73,241.59,227.38,238.76,10825633,0.0,1.0
2022-10-06 00:00:00+00:00,240.02,244.28,233.9101,236.68,9188940,240.02,244.28,233.9101,236.68,9188940,0.0,1.0
2022-10-07 00:00:00+00:00,224.75,237.33,224.28,235.77,9806128,224.75,237.33,224.28,235.77,9806128,0.0,1.0
2022-10-10 00:00:00+00:00,229.98,233.83,224.23,225.64,9991145,229.98,233.83,224.23,225.64,9991145,0.0,1.0
2022-10-11 00:00:00+00:00,214.29,230.44,213.7,226.05,15282411,214.29,230.44,213.7,226.05,15282411,0.0,1.0
2022-10-12 00:00:00+00:00,220.87,223.67,212.64,214.3,12952643,220.87,223.67,212.64,214.3,12952643,0.0,1.0
2022-10-13 00:00:00+00:00,232.51,234.47,211.73,212.69,17505012,232.51,234.47,211.73,212.69,17505012,0.0,1.0
2022-10-14 00:00:00+00:00,230.0,238.8,229.51,237.8,15293400,230.0,238.8,229.51,237.8,15293400,0.0,1.0
2022-10-17 00:00:00+00:00,245.1,249.9221,234.4,234.41,21057824,245.1,249.9221,234.4,234.41,21057824,0.0,1.0
2022-10-18 00:00:00+00:00,240.86,250.37,237.73,249.8,25776731,240.86,250.37,237.73,249.8,25776731,0.0,1.0
2022-10-19 00:00:00+00:00,272.38,279.3,262.66,265.0,46685255,272.38,279.3,262.66,265.0,46685255,0.0,1.0
2022-10-20 00:00:00+00:00,268.16,278.3755,266.38,272.78,17207104,268.16,278.3755,266.38,272.78,17207104,0.0,1.0
2022-10-21 00:00:00+00:00,289.57,290.75,265.68,268.95,24889055,289.57,290.75,265.68,268.95,24889055,0.0,1.0
2022-10-24 00:00:00+00:00,282.45,290.49,280.36,290.23,13326418,282.45,290.49,280.36,290.23,13326418,0.0,1.0
2022-10-25 00:00:00+00:00,291.02,297.59,285.5501,286.95,15100718,291.02,297.59,285.5501,286.95,15100718,0.0,1.0
2022-10-26 00:00:00+00:00,298.62,305.63,288.04,290.04,15749252,298.62,305.63,288.04,290.04,15749252,0.0,1.0
2022-10-27 00:00:00+00:00,296.94,305.21,294.78,298.33,14612586,296.94,305.21,294.78,298.33,14612586,0.0,1.0
2022-10-28 00:00:00+00:00,295.72,301.19,292.2924,297.7,9960547,295.72,301.19,292.2924,297.7,9960547,0.0,1.0
2022-10-31 00:00:00+00:00,291.88,297.6199,289.5,295.13,7505133,291.88,297.6199,289.5,295.13,7505133,0.0,1.0
2022-11-01 00:00:00+00:00,286.75,299.7,286.42,296.17,6916424,286.75,299.7,286.42,296.17,6916424,0.0,1.0
2022-11-02 00:00:00+00:00,273.0,287.33,272.84,286.4,10367620,273.0,287.33,272.84,286.4,10367620,0.0,1.0
2022-11-03 00:00:00+00:00,269.06,276.29,268.8,271.25,7057350,269.06,276.29,268.8,271.25,7057350,0.0,1.0
2022-11-04 00:00:00+00:00,260.79,274.97,255.32,272.02,11124694,260.79,274.97,255.32,272.02,11124694,0.0,1.0
2022-11-07 00:00:00+00:00,258.6,261.155,252.09,261.06,7927033,258.6,261.155,252.09,261.06,7927033,0.0,1.0
2022-11-08 00:00:00+00:00,263.46,266.08,256.8801,259.92,7683826,263.46,266.08,256.8801,259.92,7683826,0.0,1.0
2022-11-09 00:00:00+00:00,254.66,260.9,254.2202,259.66,7265994,254.66,260.9,254.2202,259.66,7265994,0.0,1.0
2022-11-10 00:00:00+00:00,274.97,275.36,260.0901,265.99,9667323,274.97,275.36,260.0901,265.99,9667323,0.0,1.0
2022-11-11 00:00:00+00:00,290.13,290.66,271.5577,274.47,9573834,290.13,290.66,271.5577,274.47,9573834,0.0,1.0
2022-11-14 00:00:00+00:00,299.27,311.0,288.19,290.0,17973398,299.27,311.0,288.19,290.0,17973398,0.0,1.0
2022-11-15 00:00:00+00:00,310.2,312.71,302.55,309.2,14626932,310.2,312.71,302.55,309.2,14626932,0.0,1.0
2022-11-16 00:00:00+00:00,306.02,310.49,303.61,309.94,8038556,306.02,310.49,303.61,309.94,8038556,0.0,1.0
2022-11-17 00:00:00+00:00,295.28,299.82,291.0,294.72,9838220,295.28,299.82,291.0,294.72,9838220,0.0,1.0
2022-11-18 00:00:00+00:00,287.98,298.0,287.0,297.33,8400108,287.98,298.0,287.0,297.33,8400108,0.0,1.0
2022-11-21 00:00:00+00:00,285.05,291.87,282.66,291.0,7256507,285.05,291.87,282.66,291.0,7256507,0.0,1.0
2022-11-22 00:00:00+00:00,286.69,286.98,277.34,284.99,6245119,286.69,286.98,277.34,284.99,6245119,0.0,1.0
2022-11-23 00:00:00+00:00,291.5,292.47,283.76,285.91,5918988,291.5,292.47,283.76,285.91,5918988,0.0,1.0
2022-11-25 00:00:00+00:00,285.54,289.21,284.17,289.0,3235953,285.54,289.21,284.17,289.0,3235953,0.0,1.0
2022-11-28 00:00:00+00:00,281.17,289.55,280.53,284.0,4707049,281.17,289.55,280.53,284.0,4707049,0.0,1.0
2022-11-29 00:00:00+00:00,280.96,282.96,275.94,282.5,5786874,280.96,282.96,275.94,282.5,5786874,0.0,1.0
2022-11-30 00:00:00+00:00,305.53,308.26,280.41,281.37,16070120,305.53,308.26,280.41,281.37,16070120,0.0,1.0
2022-12-01 00:00:00+00:00,316.95,319.8,303.03,303.99,14664866,316.95,319.8,303.03,303.99,14664866,0.0,1.0
2022-12-02 00:00:00+00:00,320.41,321.99,310.0,310.49,12690602,320.41,321.99,310.0,310.49,12690602,0.0,1.0
2022-12-05 00:00:00+00:00,312.59,322.77,310.92,316.46,8423029,312.59,322.77,310.92,316.46,8423029,0.0,1.0
2022-12-06 00:00:00+00:00,305.56,313.2231,303.13,311.0,7195395,305.56,313.2231,303.13,311.0,7195395,0.0,1.0
2022-12-07 00:00:00+00:00,308.42,309.61,302.1,306.5,7821634,308.42,309.61,302.1,306.5,7821634,0.0,1.0
2022-12-08 00:00:00+00:00,310.26,312.38,304.8098,309.11,7205326,310.26,312.38,304.8098,309.11,7205326,0.0,1.0
2022-12-09 00:00:00+00:00,320.01,329.0,319.52,321.45,14364032,320.01,329.0,319.52,321.45,14364032,0.0,1.0
2022-12-12 00:00:00+00:00,315.18,323.18,308.85,320.0,10148614,315.18,323.18,308.85,320.0,10148614,0.0,1.0
2022-12-13 00:00:00+00:00,320.34,332.7236,317.199,328.0,10756428,320.34,332.7236,317.199,328.0,10756428,0.0,1.0
2022-12-14 00:00:00+00:00,317.83,324.71,314.42,318.97,7543291,317.83,324.71,314.42,318.97,7543291,0.0,1.0
2022-12-15 00:00:00+00:00,290.41,303.39,286.55,302.12,17724556,290.41,303.39,286.55,302.12,17724556,0.0,1.0
2022-12-16 00:00:00+00:00,290.71,294.7199,288.7,288.76,14080045,290.71,294.7199,288.7,288.76,14080045,0.0,1.0
2022-12-19 00:00:00+00:00,288.3,292.25,286.13,289.73,6163667,288.3,292.25,286.13,289.73,6163667,0.0,1.0
2022-12-20 00:00:00+00:00,288.19,289.28,280.81,281.24,6918114,288.19,289.28,280.81,281.24,6918114,0.0,1.0
2022-12-21 00:00:00+00:00,297.96,300.66,286.5,289.99,6376173,297.96,300.66,286.5,289.99,6376173,0.0,1.0
2022-12-22 00:00:00+00:00,297.75,298.88,290.8131,298.09,7856192,297.75,298.88,290.8131,298.09,7856192,0.0,1.0
2022-12-23 00:00:00+00:00,294.965,298.4614,291.91,296.18,4251108,294.965,298.4614,291.91,296.18,4251108,0.0,1.0
2022-12-27 00:00:00+00:00,284.17,293.57,282.13,293.19,5778098,284.17,293.57,282.13,293.19,5778098,0.0,1.0
2022-12-28 00:00:00+00:00,276.88,285.19,273.41,281.92,5964369,276.88,285.19,273.41,281.92,5964369,0.0,1.0
2022-12-29 00:00:00+00:00,291.12,295.4999,281.01,283.18,9588527,291.12,295.4999,281.01,283.18,9588527,0.0,1.0
2022-12-30 00:00:00+00:00,294.88,295.01,283.22,285.53,7566892,294.88,295.01,283.22,285.53,7566892,0.0,1.0
2023-01-03 00:00:00+00:00,294.95,298.39,288.7,298.06,6763964,294.95,298.39,288.7,298.06,6763964,0.0,1.0
2023-01-04 00:00:00+00:00,309.41,311.135,295.51,298.24,9345054,309.41,311.135,295.51,298.24,9345054,0.0,1.0
2023-01-05 00:00:00+00:00,309.7,314.18,304.545,307.0,8328390,309.7,314.18,304.545,307.0,8328390,0.0,1.0
2023-01-06 00:00:00+00:00,315.55,316.77,303.69,311.57,8959839,315.55,316.77,303.69,311.57,8959839,0.0,1.0
2023-01-09 00:00:00+00:00,315.17,321.7,313.22,316.83,6766628,315.17,321.7,313.22,316.83,6766628,0.0,1.0
2023-01-10 00:00:00+00:00,327.54,329.35,311.07,311.07,13072286,327.54,329.35,311.07,311.07,13072286,0.0,1.0
2023-01-11 00:00:00+00:00,327.26,328.88,321.35,326.5,9579681,327.26,328.88,321.35,326.5,9579681,0.0,1.0
2023-01-12 00:00:00+00:00,330.13,332.95,323.14,332.5,10856246,330.13,332.95,323.14,332.5,10856246,0.0,1.0
2023-01-13 00:00:00+00:00,332.82,336.65,328.885,329.97,8286816,332.82,336.65,328.885,329.97,8286816,0.0,1.0
2023-01-17 00:00:00+00:00,326.22,332.5,323.6,331.08,9246987,326.22,332.5,323.6,331.08,9246987,0.0,1.0
2023-01-18 00:00:00+00:00,326.33,330.08,321.25,326.75,7814115,326.33,330.08,321.25,326.75,7814115,0.0,1.0
2023-01-19 00:00:00+00:00,315.78,324.89,313.39,322.57,18008195,315.78,324.89,313.39,322.57,18008195,0.0,1.0
2023-01-20 00:00:00+00:00,342.5,344.0,332.625,336.79,28430339,342.5,344.0,332.625,336.79,28430339,0.0,1.0
2023-01-23 00:00:00+00:00,357.42,362.2453,340.6329,341.715,15646853,357.42,362.2453,340.6329,341.715,15646853,0.0,1.0
2023-01-24 00:00:00+00:00,363.83,365.65,355.1401,357.53,11796528,363.83,365.65,355.1401,357.53,11796528,0.0,1.0
2023-01-25 00:00:00+00:00,367.96,368.8999,358.501,360.57,7766907,367.96,368.8999,358.501,360.57,7766907,0.0,1.0
2023-01-26 00:00:00+00:00,364.87,369.02,361.7,368.77,8256844,364.87,369.02,361.7,368.77,8256844,0.0,1.0
2023-01-27 00:00:00+00:00,360.77,365.92,360.59,363.2,6703548,360.77,365.92,360.59,363.2,6703548,0.0,1.0
2023-01-30 00:00:00+00:00,353.11,360.95,352.855,358.44,5127593,353.11,360.95,352.855,358.44,5127593,0.0,1.0
2023-01-31 00:00:00+00:00,353.86,355.95,348.71,349.98,5660738,353.86,355.95,348.71,349.98,5660738,0.0,1.0
2023-02-01 00:00:00+00:00,361.99,365.385,349.91,353.86,8005170,361.99,365.385,349.91,353.86,8005170,0.0,1.0
2023-02-02 00:00:00+00:00,366.89,368.32,358.43,365.16,7856952,366.89,368.32,358.43,365.16,7856952,0.0,1.0
2023-02-03 00:00:00+00:00,365.9,379.4301,359.0,359.08,9402034,365.9,379.4301,359.0,359.08,9402034,0.0,1.0
2023-02-06 00:00:00+00:00,361.48,368.45,360.68,363.642,4994942,361.48,368.45,360.68,363.642,4994942,0.0,1.0
2023-02-07 00:00:00+00:00,362.95,364.1799,354.18,358.51,6289368,362.95,364.1799,354.18,358.51,6289368,0.0,1.0
2023-02-08 00:00:00+00:00,366.83,368.193,358.31,360.02,6253179,366.83,368.193,358.31,360.02,6253179,0.0,1.0
2023-02-09 00:00:00+00:00,362.5,373.83,361.7444,372.41,6901100,362.5,373.83,361.7444,372.41,6901100,0.0,1.0
2023-02-10 00:00:00+00:00,347.36,362.14,347.14,359.16,7291096,347.36,362.14,347.14,359.16,7291096,0.0,1.0
2023-02-13 00:00:00+00:00,358.57,359.7034,344.25,349.5,7134445,358.57,359.7034,344.25,349.5,7134445,0.0,1.0
2023-02-14 00:00:00+00:00,359.96,363.75,353.4,357.55,4624758,359.96,363.75,353.4,357.55,4624758,0.0,1.0
2023-02-15 00:00:00+00:00,361.42,362.88,354.24,356.63,3969945,361.42,362.88,354.24,356.63,3969945,0.0,1.0
2023-02-16 00:00:00+00:00,350.71,361.5,350.31,355.0,5215726,350.71,361.5,350.31,355.0,5215726,0.0,1.0
2023-02-17 00:00:00+00:00,347.96,349.0,342.44,347.905,5294727,347.96,349.0,342.44,347.905,5294727,0.0,1.0
2023-02-21 00:00:00+00:00,337.5,344.1253,336.4177,342.85,5710292,337.5,344.1253,336.4177,342.85,5710292,0.0,1.0
2023-02-22 00:00:00+00:00,334.88,341.91,332.82,337.5,4546249,334.88,341.91,332.82,337.5,4546249,0.0,1.0
2023-02-23 00:00:00+00:00,323.65,331.28,314.3,331.23,13238673,323.65,331.28,314.3,331.23,13238673,0.0,1.0
2023-02-24 00:00:00+00:00,317.15,321.5,314.52,319.3,6830692,317.15,321.5,314.52,319.3,6830692,0.0,1.0
2023-02-27 00:00:00+00:00,323.03,330.0,322.121,323.87,6142580,323.03,330.0,322.121,323.87,6142580,0.0,1.0
2023-02-28 00:00:00+00:00,322.13,327.62,321.17,323.7,3676075,322.13,327.62,321.17,323.7,3676075,0.0,1.0
2023-03-01 00:00:00+00:00,313.48,326.6,312.36,321.55,4911311,313.48,326.6,312.36,321.55,4911311,0.0,1.0
2023-03-02 00:00:00+00:00,311.88,315.57,310.38,310.96,4921053,311.88,315.57,310.38,310.96,4921053,0.0,1.0
2023-03-03 00:00:00+00:00,315.18,317.49,310.82,315.45,5953319,315.18,317.49,310.82,315.45,5953319,0.0,1.0
2023-03-06 00:00:00+00:00,312.03,323.3,311.8412,317.0,5660743,312.03,323.3,311.8412,317.0,5660743,0.0,1.0
2023-03-07 00:00:00+00:00,308.47,314.3,306.6226,312.675,4553082,308.47,314.3,306.6226,312.675,4553082,0.0,1.0
2023-03-08 00:00:00+00:00,311.79,311.83,305.75,309.29,3479474,311.79,311.83,305.75,309.29,3479474,0.0,1.0
2023-03-09 00:00:00+00:00,297.78,312.51,294.88,312.08,7443350,297.78,312.51,294.88,312.08,7443350,0.0,1.0
2023-03-10 00:00:00+00:00,292.76,298.79,289.0,297.905,5759315,292.76,298.79,289.0,297.905,5759315,0.0,1.0
2023-03-13 00:00:00+00:00,293.51,299.24,285.3301,287.34,6292385,293.51,299.24,285.3301,287.34,6292385,0.0,1.0
2023-03-14 00:00:00+00:00,294.94,297.45,290.31,295.97,5956692,294.94,297.45,290.31,295.97,5956692,0.0,1.0
2023-03-15 00:00:00+00:00,303.79,306.31,292.28,292.51,9215340,303.79,306.31,292.28,292.51,9215340,0.0,1.0
2023-03-16 00:00:00+00:00,310.06,316.6,301.71,304.75,7912371,310.06,316.6,301.71,304.75,7912371,0.0,1.0
2023-03-17 00:00:00+00:00,303.5,310.76,300.0,310.06,6918777,303.5,310.76,300.0,310.06,6918777,0.0,1.0
2023-03-20 00:00:00+00:00,305.13,307.5,296.0,299.79,5113430,305.13,307.5,296.0,299.79,5113430,0.0,1.0
2023-03-21 00:00:00+00:00,305.79,307.92,300.43,306.32,4886279,305.79,307.92,300.43,306.32,4886279,0.0,1.0
2023-03-22 00:00:00+00:00,293.9,306.45,293.54,306.31,5808035,293.9,306.45,293.54,306.31,5808035,0.0,1.0
2023-03-23 00:00:00+00:00,320.37,322.78,304.14,304.68,15653347,320.37,322.78,304.14,304.68,15653347,0.0,1.0
2023-03-24 00:00:00+00:00,328.39,331.83,320.63,320.63,13004085,328.39,331.83,320.63,320.63,13004085,0.0,1.0
2023-03-27 00:00:00+00:00,327.66,336.44,324.41,327.55,8625763,327.66,336.44,324.41,327.55,8625763,0.0,1.0
2023-03-28 00:00:00+00:00,323.52,333.32,321.28,326.06,6489388,323.52,333.32,321.28,326.06,6489388,0.0,1.0
2023-03-29 00:00:00+00:00,332.03,332.85,325.73,326.29,6287336,332.03,332.85,325.73,326.29,6287336,0.0,1.0
2023-03-30 00:00:00+00:00,338.43,343.29,335.3,340.2699,7131468,338.43,343.29,335.3,340.2699,7131468,0.0,1.0
2023-03-31 00:00:00+00:00,345.48,345.84,337.2001,340.05,5610161,345.48,345.84,337.2001,340.05,5610161,0.0,1.0
2023-04-03 00:00:00+00:00,348.28,348.58,340.4001,341.83,4413650,348.28,348.58,340.4001,341.83,4413650,0.0,1.0
2023-04-04 00:00:00+00:00,346.75,349.8,343.95,348.49,3298072,346.75,349.8,343.95,348.49,3298072,0.0,1.0
2023-04-05 00:00:00+00:00,342.35,345.43,336.2526,345.3,4205545,342.35,345.43,336.2526,345.3,4205545,0.0,1.0
2023-04-06 00:00:00+00:00,339.33,340.48,332.63,339.34,4660542,339.33,340.48,332.63,339.34,4660542,0.0,1.0
2023-04-10 00:00:00+00:00,338.99,339.88,333.36,335.27,2657898,338.99,339.88,333.36,335.27,2657898,0.0,1.0
2023-04-11 00:00:00+00:00,338.21,347.14,337.635,343.45,4044778,338.21,347.14,337.635,343.45,4044778,0.0,1.0
2023-04-12 00:00:00+00:00,331.03,342.8,330.04,340.81,3965440,331.03,342.8,330.04,340.81,3965440,0.0,1.0
2023-04-13 00:00:00+00:00,346.19,346.43,338.75,339.99,7406437,346.19,346.43,338.75,339.99,7406437,0.0,1.0
2023-04-14 00:00:00+00:00,338.63,344.853,336.41,342.94,5350508,338.63,344.853,336.41,342.94,5350508,0.0,1.0
2023-04-17 00:00:00+00:00,332.72,338.39,327.5,338.0,6104222,332.72,338.39,327.5,338.0,6104222,0.0,1.0
2023-04-18 00:00:00+00:00,333.7,337.19,330.5,335.0,17944496,333.7,337.19,330.5,335.0,17944496,0.0,1.0
2023-04-19 00:00:00+00:00,323.12,325.75,316.1,324.21,22128267,323.12,325.75,316.1,324.21,22128267,0.0,1.0
2023-04-20 00:00:00+00:00,325.35,331.4298,318.33,320.39,9947800,325.35,331.4298,318.33,320.39,9947800,0.0,1.0
2023-04-21 00:00:00+00:00,327.98,328.29,319.5,323.0,6348000,327.98,328.29,319.5,323.0,6348000,0.0,1.0
2023-04-24 00:00:00+00:00,329.02,334.66,326.75,330.2,5586627,329.02,334.66,326.75,330.2,5586627,0.0,1.0
2023-04-25 00:00:00+00:00,322.55,328.655,321.1,328.5,5426642,322.55,328.655,321.1,328.5,5426642,0.0,1.0
2023-04-26 00:00:00+00:00,321.15,325.9,320.47,321.36,4613351,321.15,325.9,320.47,321.36,4613351,0.0,1.0
2023-04-27 00:00:00+00:00,325.85,327.45,317.44,324.3,5618768,325.85,327.45,317.44,324.3,5618768,0.0,1.0
2023-04-28 00:00:00+00:00,329.93,330.8077,324.0,325.24,4228374,329.93,330.8077,324.0,325.24,4228374,0.0,1.0
2023-05-01 00:00:00+00:00,324.12,331.23,318.09,329.435,5341484,324.12,331.23,318.09,329.435,5341484,0.0,1.0
2023-05-02 00:00:00+00:00,317.55,326.07,315.62,325.0,4318612,317.55,326.07,315.62,325.0,4318612,0.0,1.0
2023-05-03 00:00:00+00:00,319.3,324.62,315.85,317.55,5064057,319.3,324.62,315.85,317.55,5064057,0.0,1.0
2023-05-04 00:00:00+00:00,320.78,323.61,317.95,319.01,3879657,320.78,323.61,317.95,319.01,3879657,0.0,1.0
2023-05-05 00:00:00+00:00,322.76,324.15,319.4401,323.61,3990637,322.76,324.15,319.4401,323.61,3990637,0.0,1.0
2023-05-08 00:00:00+00:00,331.21,332.56,322.03,322.99,5488593,331.21,332.56,322.03,322.99,5488593,0.0,1.0
2023-05-09 00:00:00+00:00,332.14,336.32,329.7401,330.67,5544852,332.14,336.32,329.7401,330.67,5544852,0.0,1.0
2023-05-10 00:00:00+00:00,335.42,337.11,329.51,335.21,4289897,335.42,337.11,329.51,335.21,4289897,0.0,1.0
2023-05-11 00:00:00+00:00,344.76,345.47,331.84,334.98,8033531,344.76,345.47,331.84,334.98,8033531,0.0,1.0
2023-05-12 00:00:00+00:00,339.89,348.1664,337.3637,344.76,6082360,339.89,348.1664,337.3637,344.76,6082360,0.0,1.0
2023-05-15 00:00:00+00:00,335.89,341.9,335.54,340.62,3652970,335.89,341.9,335.54,340.62,3652970,0.0,1.0
2023-05-16 00:00:00+00:00,333.75,335.17,331.91,334.0,3334863,333.75,335.17,331.91,334.0,3334863,0.0,1.0
2023-05-17 00:00:00+00:00,339.96,341.38,329.615,331.76,3958807,339.96,341.38,329.615,331.76,3958807,0.0,1.0
2023-05-18 00:00:00+00:00,371.29,375.87,346.37,347.25,20925235,371.29,375.87,346.37,347.25,20925235,0.0,1.0
2023-05-19 00:00:00+00:00,365.36,369.99,363.81,369.86,7859703,365.36,369.99,363.81,369.86,7859703,0.0,1.0
2023-05-22 00:00:00+00:00,363.01,372.01,362.5,365.36,5406420,363.01,372.01,362.5,365.36,5406420,0.0,1.0
2023-05-23 00:00:00+00:00,355.99,364.17,354.31,360.24,6866078,355.99,364.17,354.31,360.24,6866078,0.0,1.0
2023-05-24 00:00:00+00:00,364.85,367.151,356.625,356.93,7973316,364.85,367.151,356.625,356.93,7973316,0.0,1.0
2023-05-25 00:00:00+00:00,359.0,367.4499,357.42,359.61,6263105,359.0,367.4499,357.42,359.61,6263105,0.0,1.0
2023-05-26 00:00:00+00:00,378.88,383.76,356.0,361.1,9360436,378.88,383.76,356.0,361.1,9360436,0.0,1.0
2023-05-30 00:00:00+00:00,392.98,405.11,385.79,397.48,10864990,392.98,405.11,385.79,397.48,10864990,0.0,1.0
2023-05-31 00:00:00+00:00,395.23,396.26,388.91,391.89,6961382,395.23,396.26,388.91,391.89,6961382,0.0,1.0
2023-06-01 00:00:00+00:00,403.13,407.52,393.08,397.41,7160145,403.13,407.52,393.08,397.41,7160145,0.0,1.0
2023-06-02 00:00:00+00:00,400.47,406.58,395.9,402.89,5902381,400.47,406.58,395.9,402.89,5902381,0.0,1.0
2023-06-05 00:00:00+00:00,403.54,413.86,400.15,400.47,7247413,403.54,413.86,400.15,400.47,7247413,0.0,1.0
2023-06-06 00:00:00+00:00,399.29,405.12,396.93,405.0,4991532,399.29,405.12,396.93,405.0,4991532,0.0,1.0
2023-06-07 00:00:00+00:00,399.77,418.95,399.23,410.43,11932392,399.77,418.95,399.23,410.43,11932392,0.0,1.0
2023-06-08 00:00:00+00:00,409.37,409.54,396.34,399.77,5991087,409.37,409.54,396.34,399.77,5991087,0.0,1.0
2023-06-09 00:00:00+00:00,420.02,425.9,414.76,424.5,12372827,420.02,425.9,414.76,424.5,12372827,0.0,1.0
2023-06-12 00:00:00+00:00,423.97,424.7,416.5669,418.83,5967712,423.97,424.7,416.5669,418.83,5967712,0.0,1.0
2023-06-13 00:00:00+00:00,435.73,437.27,428.4,430.01,7820535,435.73,437.27,428.4,430.01,7820535,0.0,1.0
2023-06-14 00:00:00+00:00,440.86,447.33,433.5,434.99,8413089,440.86,447.33,433.5,434.99,8413089,0.0,1.0
2023-06-15 00:00:00+00:00,445.27,448.65,439.5,444.1,7099915,445.27,448.65,439.5,444.1,7099915,0.0,1.0
2023-06-16 00:00:00+00:00,431.96,447.51,430.9,446.15,8753740,431.96,447.51,430.9,446.15,8753740,0.0,1.0
2023-06-20 00:00:00+00:00,434.7,440.0,430.0,430.18,4762313,434.7,440.0,430.0,430.18,4762313,0.0,1.0
2023-06-21 00:00:00+00:00,424.45,434.55,422.54,432.65,5146441,424.45,434.55,422.54,432.65,5146441,0.0,1.0
2023-06-22 00:00:00+00:00,422.48,424.71,418.6801,422.93,4872246,422.48,424.71,418.6801,422.93,4872246,0.0,1.0
2023-06-23 00:00:00+00:00,424.02,425.82,417.73,418.59,8298600,424.02,425.82,417.73,418.59,8298600,0.0,1.0
2023-06-26 00:00:00+00:00,415.94,430.9599,414.9,422.435,4640022,415.94,430.9599,414.9,422.435,4640022,0.0,1.0
2023-06-27 00:00:00+00:00,417.08,420.8789,411.5,417.39,4818066,417.08,420.8789,411.5,417.39,4818066,0.0,1.0
2023-06-28 00:00:00+00:00,429.84,437.2915,422.89,423.1,8811342,429.84,437.2915,422.89,423.1,8811342,0.0,1.0
2023-06-29 00:00:00+00:00,428.24,437.85,426.15,434.33,4932310,428.24,437.85,426.15,434.33,4932310,0.0,1.0
2023-06-30 00:00:00+00:00,440.49,444.12,431.1,431.1,7346394,440.49,444.12,431.1,431.1,7346394,0.0,1.0
2023-07-03 00:00:00+00:00,441.44,441.545,431.62,439.76,3733207,441.44,441.545,431.62,439.76,3733207,0.0,1.0
2023-07-05 00:00:00+00:00,445.9,450.97,439.6244,444.91,6875414,445.9,450.97,439.6244,444.91,6875414,0.0,1.0
2023-07-06 00:00:00+00:00,438.84,442.7999,430.72,440.0,4944892,438.84,442.7999,430.72,440.0,4944892,0.0,1.0
2023-07-07 00:00:00+00:00,438.1,442.325,435.8354,438.6,4165144,438.1,442.325,435.8354,438.6,4165144,0.0,1.0
2023-07-10 00:00:00+00:00,441.71,444.41,436.82,438.52,4251737,441.71,444.41,436.82,438.52,4251737,0.0,1.0
2023-07-11 00:00:00+00:00,440.21,440.8,431.0415,438.65,4574559,440.21,440.8,431.0415,438.65,4574559,0.0,1.0
2023-07-12 00:00:00+00:00,444.05,445.4085,437.7494,444.55,5731657,444.05,445.4085,437.7494,444.55,5731657,0.0,1.0
2023-07-13 00:00:00+00:00,450.38,451.67,441.177,447.0,6157475,450.38,451.67,441.177,447.0,6157475,0.0,1.0
2023-07-14 00:00:00+00:00,441.91,456.48,439.7,452.785,7195860,441.91,456.48,439.7,452.785,7195860,0.0,1.0
2023-07-17 00:00:00+00:00,450.05,456.68,445.1053,445.57,6901141,450.05,456.68,445.1053,445.57,6901141,0.0,1.0
2023-07-18 00:00:00+00:00,474.8,478.15,448.78,451.0,13196877,474.8,478.15,448.78,451.0,13196877,0.0,1.0
2023-07-19 00:00:00+00:00,477.59,485.0,470.0,476.86,20996481,477.59,485.0,470.0,476.86,20996481,0.0,1.0
2023-07-20 00:00:00+00:00,437.42,448.5,432.0,447.0,23989711,437.42,448.5,432.0,447.0,23989711,0.0,1.0
2023-07-21 00:00:00+00:00,427.5,438.24,423.19,437.37,17340028,427.5,438.24,423.19,437.37,17340028,0.0,1.0
2023-07-24 00:00:00+00:00,428.37,428.64,419.19,425.0,8282434,428.37,428.64,419.19,425.0,8282434,0.0,1.0
2023-07-25 00:00:00+00:00,427.7,430.8799,426.13,427.18,4859843,427.7,430.8799,426.13,427.18,4859843,0.0,1.0
2023-07-26 00:00:00+00:00,422.67,425.26,415.59,424.2,6009242,422.67,425.26,415.59,424.2,6009242,0.0,1.0
2023-07-27 00:00:00+00:00,413.17,427.52,411.88,426.9,6594466,413.17,427.52,411.88,426.9,6594466,0.0,1.0
2023-07-28 00:00:00+00:00,425.78,427.47,413.76,415.56,6428073,425.78,427.47,413.76,415.56,6428073,0.0,1.0
2023-07-31 00:00:00+00:00,438.97,439.13,426.3,426.51,6587619,438.97,439.13,426.3,426.51,6587619,0.0,1.0
2023-08-01 00:00:00+00:00,438.62,445.2499,431.4,437.37,5725544,438.62,445.2499,431.4,437.37,5725544,0.0,1.0
2023-08-02 00:00:00+00:00,429.7,435.56,426.56,435.23,4921781,429.7,435.56,426.56,435.23,4921781,0.0,1.0
2023-08-03 00:00:00+00:00,431.0,441.93,427.19,427.8,6259309,431.0,441.93,427.19,427.8,6259309,0.0,1.0
2023-08-04 00:00:00+00:00,431.6,436.5,426.27,433.06,5441811,431.6,436.5,426.27,433.06,5441811,0.0,1.0
2023-08-07 00:00:00+00:00,440.76,441.11,428.9057,436.455,4781303,440.76,441.11,428.9057,436.455,4781303,0.0,1.0
2023-08-08 00:00:00+00:00,438.3,443.57,435.1,440.36,3767195,438.3,443.57,435.1,440.36,3767195,0.0,1.0
2023-08-09 00:00:00+00:00,428.9,440.62,427.59,439.74,3846639,428.9,440.62,427.59,439.74,3846639,0.0,1.0
2023-08-10 00:00:00+00:00,429.98,438.12,428.69,431.12,5467607,429.98,438.12,428.69,431.12,5467607,0.0,1.0
2023-08-11 00:00:00+00:00,421.66,430.6317,421.3277,428.98,3927914,421.66,430.6317,421.3277,428.98,3927914,0.0,1.0
2023-08-14 00:00:00+00:00,427.78,428.845,418.78,421.99,3965963,427.78,428.845,418.78,421.99,3965963,0.0,1.0
2023-08-15 00:00:00+00:00,423.7,429.12,421.04,424.41,3367998,423.7,429.12,421.04,424.41,3367998,0.0,1.0
2023-08-16 00:00:00+00:00,415.45,424.51,415.25,423.73,3967021,415.45,424.51,415.25,423.73,3967021,0.0,1.0
2023-08-17 00:00:00+00:00,403.0,415.24,401.5818,415.0,6031469,403.0,415.24,401.5818,415.0,6031469,0.0,1.0
2023-08-18 00:00:00+00:00,404.53,406.52,398.15,399.33,4312196,404.53,406.52,398.15,399.33,4312196,0.0,1.0
2023-08-21 00:00:00+00:00,408.29,409.61,399.5,402.23,3861579,408.29,409.61,399.5,402.23,3861579,0.0,1.0
2023-08-22 00:00:00+00:00,413.17,415.74,407.4,409.0,3603273,413.17,415.74,407.4,409.0,3603273,0.0,1.0
2023-08-23 00:00:00+00:00,427.55,437.02,417.71,418.4,8174732,427.55,437.02,417.71,418.4,8174732,0.0,1.0
2023-08-24 00:00:00+00:00,406.93,427.59,406.165,425.41,5687799,406.93,427.59,406.165,425.41,5687799,0.0,1.0
2023-08-25 00:00:00+00:00,416.03,419.25,407.5641,412.0,5390933,416.03,419.25,407.5641,412.0,5390933,0.0,1.0
2023-08-28 00:00:00+00:00,418.06,419.83,413.27,418.04,2928613,418.06,419.83,413.27,418.04,2928613,0.0,1.0
2023-08-29 00:00:00+00:00,429.99,432.17,414.5,416.0,4486703,429.99,432.17,414.5,416.0,4486703,0.0,1.0
2023-08-30 00:00:00+00:00,434.67,438.16,428.35,430.85,3625380,434.67,438.16,428.35,430.85,3625380,0.0,1.0
2023-08-31 00:00:00+00:00,433.68,437.15,431.23,431.23,3802954,433.68,437.15,431.23,431.23,3802954,0.0,1.0
2023-09-01 00:00:00+00:00,439.88,445.5,435.93,437.725,4793379,439.88,445.5,435.93,437.725,4793379,0.0,1.0
2023-09-05 00:00:00+00:00,448.68,453.45,438.0,438.39,6155865,448.68,453.45,438.0,438.39,6155865,0.0,1.0
2023-09-06 00:00:00+00:00,445.76,451.39,440.49,448.61,3862274,445.76,451.39,440.49,448.61,3862274,0.0,1.0
2023-09-07 00:00:00+00:00,443.14,444.6,436.7,441.15,2922676,443.14,444.6,436.7,441.15,2922676,0.0,1.0
2023-09-08 00:00:00+00:00,442.8,446.81,438.85,443.56,2704353,442.8,446.81,438.85,443.56,2704353,0.0,1.0
2023-09-11 00:00:00+00:00,445.36,449.89,442.75,443.07,2913767,445.36,449.89,442.75,443.07,2913767,0.0,1.0
2023-09-12 00:00:00+00:00,434.69,445.4399,434.12,442.85,3124024,434.69,445.4399,434.12,442.85,3124024,0.0,1.0
2023-09-13 00:00:00+00:00,412.24,438.4,410.69,435.5,11843027,412.24,438.4,410.69,435.5,11843027,0.0,1.0
2023-09-14 00:00:00+00:00,400.49,411.39,400.0,410.4,10709043,400.49,411.39,400.0,410.4,10709043,0.0,1.0
2023-09-15 00:00:00+00:00,396.94,404.6997,395.03,401.0,9116745,396.94,404.6997,395.03,401.0,9116745,0.0,1.0
2023-09-18 00:00:00+00:00,394.4,399.465,392.6,395.5,4704706,394.4,399.465,392.6,395.5,4704706,0.0,1.0
2023-09-19 00:00:00+00:00,396.2,398.23,390.245,392.84,4080054,396.2,398.23,390.245,392.84,4080054,0.0,1.0
2023-09-20 00:00:00+00:00,386.3,397.985,386.12,397.05,3866619,386.3,397.985,386.12,397.05,3866619,0.0,1.0
2023-09-21 00:00:00+00:00,384.15,395.8999,383.42,386.5,5556388,384.15,395.8999,383.42,386.5,5556388,0.0,1.0
2023-09-22 00:00:00+00:00,379.81,386.88,378.36,385.0,3699796,379.81,386.88,378.36,385.0,3699796,0.0,1.0
2023-09-25 00:00:00+00:00,384.8,386.62,380.81,382.9,3757278,384.8,386.62,380.81,382.9,3757278,0.0,1.0
2023-09-26 00:00:00+00:00,379.25,384.56,377.355,382.88,4089392,379.25,384.56,377.355,382.88,4089392,0.0,1.0
2023-09-27 00:00:00+00:00,377.59,384.223,376.25,382.4,3843521,377.59,384.223,376.25,382.4,3843521,0.0,1.0
2023-09-28 00:00:00+00:00,376.36,378.96,371.1,375.6,4369906,376.36,378.96,371.1,375.6,4369906,0.0,1.0
2023-09-29 00:00:00+00:00,377.6,382.58,375.35,380.0,4205298,377.6,382.58,375.35,380.0,4205298,0.0,1.0
2023-10-02 00:00:00+00:00,380.33,384.808,376.8,377.48,3102101,380.33,384.808,376.8,377.48,3102101,0.0,1.0
2023-10-03 00:00:00+00:00,376.75,394.9,372.8492,377.11,8878134,376.75,394.9,372.8492,377.11,8878134,0.0,1.0
2023-10-04 00:00:00+00:00,376.9,380.22,373.58,376.5,4303658,376.9,380.22,373.58,376.5,4303658,0.0,1.0
2023-10-05 00:00:00+00:00,372.59,378.5999,367.24,378.01,5034773,372.59,378.5999,367.24,378.01,5034773,0.0,1.0
2023-10-06 00:00:00+00:00,381.51,382.52,367.77,368.43,4778118,381.51,382.52,367.77,368.43,4778118,0.0,1.0
2023-10-09 00:00:00+00:00,385.95,387.17,377.755,378.05,3299802,385.95,387.17,377.755,378.05,3299802,0.0,1.0
2023-10-10 00:00:00+00:00,373.32,388.7,372.25,385.58,7288939,373.32,388.7,372.25,385.58,7288939,0.0,1.0
2023-10-11 00:00:00+00:00,365.93,377.81,365.34,372.775,9151395,365.93,377.81,365.34,372.775,9151395,0.0,1.0
2023-10-12 00:00:00+00:00,361.2,368.83,359.05,366.48,7376086,361.2,368.83,359.05,366.48,7376086,0.0,1.0
2023-10-13 00:00:00+00:00,355.68,358.93,352.05,355.64,6316320,355.68,358.93,352.05,355.64,6316320,0.0,1.0
2023-10-16 00:00:00+00:00,360.82,363.0799,354.77,356.21,5128947,360.82,363.0799,354.77,356.21,5128947,0.0,1.0
2023-10-17 00:00:00+00:00,355.72,362.7049,353.89,361.1,5908412,355.72,362.7049,353.89,361.1,5908412,0.0,1.0
2023-10-18 00:00:00+00:00,346.19,354.79,344.73,351.0,11429643,346.19,354.79,344.73,351.0,11429643,0.0,1.0
2023-10-19 00:00:00+00:00,401.77,408.95,392.2601,404.74,28074416,401.77,408.95,392.2601,404.74,28074416,0.0,1.0
2023-10-20 00:00:00+00:00,400.96,410.64,398.01,405.63,12782922,400.96,410.64,398.01,405.63,12782922,0.0,1.0
2023-10-23 00:00:00+00:00,406.84,407.54,398.5201,403.32,7390032,406.84,407.54,398.5201,403.32,7390032,0.0,1.0
2023-10-24 00:00:00+00:00,413.73,416.6899,408.39,409.68,6459247,413.73,416.6899,408.39,409.68,6459247,0.0,1.0
2023-10-25 00:00:00+00:00,411.25,418.84,410.11,416.02,6299587,411.25,418.84,410.11,416.02,6299587,0.0,1.0
2023-10-26 00:00:00+00:00,403.54,417.31,401.5444,411.42,6849702,403.54,417.31,401.5444,411.42,6849702,0.0,1.0
2023-10-27 00:00:00+00:00,397.87,410.21,395.62,406.42,4997612,397.87,410.21,395.62,406.42,4997612,0.0,1.0
2023-10-30 00:00:00+00:00,410.08,412.82,399.41,402.35,5317147,410.08,412.82,399.41,402.35,5317147,0.0,1.0
2023-10-31 00:00:00+00:00,411.69,412.52,404.6301,409.24,3877623,411.69,412.52,404.6301,409.24,3877623,0.0,1.0
2023-11-01 00:00:00+00:00,420.19,420.6,414.1798,414.77,4806108,420.19,420.6,414.1798,414.77,4806108,0.0,1.0
2023-11-02 00:00:00+00:00,424.71,426.69,417.1,421.17,4475984,424.71,426.69,417.1,421.17,4475984,0.0,1.0
2023-11-03 00:00:00+00:00,432.36,434.815,425.53,428.76,3667051,432.36,434.815,425.53,428.76,3667051,0.0,1.0
2023-11-06 00:00:00+00:00,434.74,435.03,429.61,434.38,3003235,434.74,435.03,429.61,434.38,3003235,0.0,1.0
2023-11-07 00:00:00+00:00,434.61,437.64,431.0,436.18,3291064,434.61,437.64,431.0,436.18,3291064,0.0,1.0
2023-11-08 00:00:00+00:00,436.65,438.07,433.68,435.0,2356845,436.65,438.07,433.68,435.0,2356845,0.0,1.0
2023-11-09 00:00:00+00:00,435.15,440.38,434.35,438.03,2735507,435.15,440.38,434.35,438.03,2735507,0.0,1.0
2023-11-10 00:00:00+00:00,447.24,447.48,435.51,437.48,4443284,447.24,447.48,435.51,437.48,4443284,0.0,1.0
2023-11-13 00:00:00+00:00,444.62,448.43,442.6,447.25,2896143,444.62,448.43,442.6,447.25,2896143,0.0,1.0
2023-11-14 00:00:00+00:00,448.65,454.075,445.64,448.78,4060884,448.65,454.075,445.64,448.78,4060884,0.0,1.0
2023-11-15 00:00:00+00:00,461.94,462.7499,452.45,452.81,5035283,461.94,462.7499,452.45,452.81,5035283,0.0,1.0
2023-11-16 00:00:00+00:00,466.95,467.28,459.65,463.0,3655974,466.95,467.28,459.65,463.0,3655974,0.0,1.0
2023-11-17 00:00:00+00:00,465.91,467.65,462.76,466.95,2800214,465.91,467.65,462.76,466.95,2800214,0.0,1.0
2023-11-20 00:00:00+00:00,474.47,476.7558,465.4,465.4,3621095,474.47,476.7558,465.4,465.4,3621095,0.0,1.0
2023-11-21 00:00:00+00:00,474.95,477.02,471.21,472.63,2997723,474.95,477.02,471.21,472.63,2997723,0.0,1.0
2023-11-22 00:00:00+00:00,478.0,482.7,476.56,476.8,2843891,478.0,482.7,476.56,476.8,2843891,0.0,1.0
2023-11-24 00:00:00+00:00,479.56,480.4,475.2,477.11,1404732,479.56,480.4,475.2,477.11,1404732,0.0,1.0
2023-11-27 00:00:00+00:00,479.17,482.0,475.35,479.03,3625924,479.17,482.0,475.35,479.03,3625924,0.0,1.0
2023-11-28 00:00:00+00:00,479.0,480.5,475.95,478.11,2890164,479.0,480.5,475.95,478.11,2890164,0.0,1.0
2023-11-29 00:00:00+00:00,477.19,480.9885,474.49,479.0,2855540,477.19,480.9885,474.49,479.0,2855540,0.0,1.0
2023-11-30 00:00:00+00:00,473.97,478.5907,470.42,475.31,4287349,473.97,478.5907,470.42,475.31,4287349,0.0,1.0
2023-12-01 00:00:00+00:00,465.74,475.2299,464.6,473.17,4341471,465.74,475.2299,464.6,473.17,4341471,0.0,1.0
2023-12-04 00:00:00+00:00,453.9,461.2,451.2,460.99,5157713,453.9,461.2,451.2,460.99,5157713,0.0,1.0
2023-12-05 00:00:00+00:00,455.15,456.39,449.58,450.7,3380674,455.15,456.39,449.58,450.7,3380674,0.0,1.0
2023-12-06 00:00:00+00:00,446.73,460.5,445.73,460.0,4157611,446.73,460.5,445.73,460.0,4157611,0.0,1.0
2023-12-07 00:00:00+00:00,452.0,452.885,448.32,450.85,3506722,452.0,452.885,448.32,450.85,3506722,0.0,1.0
2023-12-08 00:00:00+00:00,453.76,455.5,450.76,450.76,3458384,453.76,455.5,450.76,450.76,3458384,0.0,1.0
2023-12-11 00:00:00+00:00,459.89,470.65,457.21,459.36,4929662,459.89,470.65,457.21,459.36,4929662,0.0,1.0
2023-12-12 00:00:00+00:00,463.0,465.61,459.1962,465.23,3302660,463.0,465.61,459.1962,465.23,3302660,0.0,1.0
2023-12-13 00:00:00+00:00,479.98,481.25,461.98,461.98,5820192,479.98,481.25,461.98,461.98,5820192,0.0,1.0
2023-12-14 00:00:00+00:00,469.83,480.76,464.7601,480.36,5176437,469.83,480.76,464.7601,480.36,5176437,0.0,1.0
2023-12-15 00:00:00+00:00,472.06,473.0,467.3,467.3,7840992,472.06,473.0,467.3,467.3,7840992,0.0,1.0
2023-12-18 00:00:00+00:00,486.12,492.04,475.095,476.3,6410660,486.12,492.04,475.095,476.3,6410660,0.0,1.0
2023-12-19 00:00:00+00:00,495.02,496.14,484.06,488.4,3838951,495.02,496.14,484.06,488.4,3838951,0.0,1.0
2023-12-20 00:00:00+00:00,489.27,500.89,488.39,492.0,4563690,489.27,500.89,488.39,492.0,4563690,0.0,1.0
2023-12-21 00:00:00+00:00,491.61,494.4,486.77,492.66,2756225,491.61,494.4,486.77,492.66,2756225,0.0,1.0
2023-12-22 00:00:00+00:00,486.76,496.02,485.45,494.0,2702672,486.76,496.02,485.45,494.0,2702672,0.0,1.0
2023-12-26 00:00:00+00:00,491.19,491.48,486.38,489.39,2034517,491.19,491.48,486.38,489.39,2034517,0.0,1.0
2023-12-27 00:00:00+00:00,491.79,494.015,489.25,491.24,2553830,491.79,494.015,489.25,491.24,2553830,0.0,1.0
2023-12-28 00:00:00+00:00,490.51,492.89,489.07,492.0,1710492,490.51,492.89,489.07,492.0,1710492,0.0,1.0
2023-12-29 00:00:00+00:00,486.88,492.2299,481.935,490.37,2740555,486.88,492.2299,481.935,490.37,2740555,0.0,1.0
2024-01-02 00:00:00+00:00,468.5,484.65,461.86,483.185,5049423,468.5,484.65,461.86,483.185,5049423,0.0,1.0
2024-01-03 00:00:00+00:00,470.26,475.05,465.7727,467.32,3443694,470.26,475.05,465.7727,467.32,3443694,0.0,1.0
2024-01-04 00:00:00+00:00,474.67,480.7393,466.53,472.98,3636513,474.67,480.7393,466.53,472.98,3636513,0.0,1.0
2024-01-05 00:00:00+00:00,474.06,479.545,471.804,476.5,2595449,474.06,479.545,471.804,476.5,2595449,0.0,1.0
2024-01-08 00:00:00+00:00,485.03,485.24,473.65,473.89,3675775,485.03,485.24,473.65,473.89,3675775,0.0,1.0
2024-01-09 00:00:00+00:00,482.09,485.085,473.8,475.53,3526757,482.09,485.085,473.8,475.53,3526757,0.0,1.0
2024-01-10 00:00:00+00:00,478.33,487.0,472.95,481.6,4342448,478.33,487.0,472.95,481.6,4342448,0.0,1.0
2024-01-11 00:00:00+00:00,492.23,503.41,483.82,492.54,7993265,492.23,503.41,483.82,492.54,7993265,0.0,1.0
2024-01-12 00:00:00+00:00,492.16,500.79,490.61,500.51,5003718,492.16,500.79,490.61,500.51,5003718,0.0,1.0
2024-01-16 00:00:00+00:00,481.24,494.15,478.02,490.0,4678974,481.24,494.15,478.02,490.0,4678974,0.0,1.0
2024-01-17 00:00:00+00:00,480.33,486.21,475.2642,484.5,4894593,480.33,486.21,475.2642,484.5,4894593,0.0,1.0
2024-01-18 00:00:00+00:00,485.31,485.77,478.02,480.03,4054399,485.31,485.77,478.02,480.03,4054399,0.0,1.0
2024-01-19 00:00:00+00:00,482.95,485.67,476.06,484.98,5672351,482.95,485.67,476.06,484.98,5672351,0.0,1.0
2024-01-22 00:00:00+00:00,485.71,489.8,479.9,487.55,5212309,485.71,489.8,479.9,487.55,5212309,0.0,1.0
2024-01-23 00:00:00+00:00,492.19,498.96,481.4,492.0,15506024,492.19,498.96,481.4,492.0,15506024,0.0,1.0
2024-01-24 00:00:00+00:00,544.87,562.5,537.07,537.75,26346717,544.87,562.5,537.07,537.75,26346717,0.0,1.0
2024-01-25 00:00:00+00:00,562.0,563.46,548.46,551.95,9451915,562.0,563.46,548.46,551.95,9451915,0.0,1.0
2024-01-26 00:00:00+00:00,570.42,579.64,558.4319,561.81,12770571,570.42,579.64,558.4319,561.81,12770571,0.0,1.0
2024-01-29 00:00:00+00:00,575.79,578.5499,562.68,571.35,6905390,575.79,578.5499,562.68,571.35,6905390,0.0,1.0
2024-01-30 00:00:00+00:00,562.85,570.88,560.82,567.32,6181798,562.85,570.88,560.82,567.32,6181798,0.0,1.0
2024-01-31 00:00:00+00:00,564.11,572.15,562.045,562.85,4857599,564.11,572.15,562.045,562.85,4857599,0.0,1.0
2024-02-01 00:00:00+00:00,567.51,572.66,563.83,567.02,3174002,567.51,572.66,563.83,567.02,3174002,0.0,1.0
2024-02-02 00:00:00+00:00,564.64,567.8,562.37,564.52,4032843,564.64,567.8,562.37,564.52,4032843,0.0,1.0
2024-02-05 00:00:00+00:00,562.06,575.75,557.195,562.47,4143099,562.06,575.75,557.195,562.47,4143099,0.0,1.0
2024-02-06 00:00:00+00:00,555.88,566.3399,554.37,564.12,2840300,555.88,566.3399,554.37,564.12,2840300,0.0,1.0
2024-02-07 00:00:00+00:00,559.3,567.8,554.98,558.16,4373591,559.3,567.8,554.98,558.16,4373591,0.0,1.0
2024-02-08 00:00:00+00:00,558.53,563.7,555.74,560.55,3175468,558.53,563.7,555.74,560.55,3175468,0.0,1.0
2024-02-09 00:00:00+00:00,561.32,566.0,558.1,565.0,3055698,561.32,566.0,558.1,565.0,3055698,0.0,1.0
2024-02-12 00:00:00+00:00,557.85,568.44,557.0,560.36,3608487,557.85,568.44,557.0,560.36,3608487,0.0,1.0
2024-02-13 00:00:00+00:00,554.52,559.1999,549.0,550.8,3511453,554.52,559.1999,549.0,550.8,3511453,0.0,1.0
2024-02-14 00:00:00+00:00,579.33,581.248,564.34,567.26,5634226,579.33,581.248,564.34,567.26,5634226,0.0,1.0
2024-02-15 00:00:00+00:00,593.46,593.77,580.32,581.91,5220938,593.46,593.77,580.32,581.91,5220938,0.0,1.0
2024-02-16 00:00:00+00:00,583.95,597.0,577.46,596.95,4325689,583.95,597.0,577.46,596.95,4325689,0.0,1.0
2024-02-20 00:00:00+00:00,575.13,586.0,569.66,580.18,3124236,575.13,586.0,569.66,580.18,3124236,0.0,1.0
2024-02-21 00:00:00+00:00,573.35,575.775,567.32,573.51,2281143,573.35,575.775,567.32,573.51,2281143,0.0,1.0
2024-02-22 00:00:00+00:00,588.47,590.85,578.885,582.75,3526597,588.47,590.85,578.885,582.75,3526597,0.0,1.0
2024-02-23 00:00:00+00:00,583.56,592.43,579.82,586.4,2568852,583.56,592.43,579.82,586.4,2568852,0.0,1.0
2024-02-26 00:00:00+00:00,587.65,590.75,583.27,583.56,2393712,587.65,590.75,583.27,583.56,2393712,0.0,1.0
2024-02-27 00:00:00+00:00,601.67,605.36,592.33,595.0,4489355,601.67,605.36,592.33,595.0,4489355,0.0,1.0
2024-02-28 00:00:00+00:00,596.48,598.17,590.01,595.79,2605242,596.48,598.17,590.01,595.79,2605242,0.0,1.0
2024-02-29 00:00:00+00:00,602.92,604.5161,595.16,604.25,3572082,602.92,604.5161,595.16,604.25,3572082,0.0,1.0
2024-03-01 00:00:00+00:00,619.34,620.28,599.5,599.81,4270305,619.34,620.28,599.5,599.81,4270305,0.0,1.0
2024-03-04 00:00:00+00:00,615.83,624.42,615.08,621.56,3020306,615.83,624.42,615.08,621.56,3020306,0.0,1.0
2024-03-05 00:00:00+00:00,598.5,610.91,592.0,610.1,3849563,598.5,610.91,592.0,610.1,3849563,0.0,1.0
2024-03-06 00:00:00+00:00,597.69,607.93,593.5555,602.99,2469592,597.69,607.93,593.5555,602.99,2469592,0.0,1.0
2024-03-07 00:00:00+00:00,608.51,610.53,595.9,599.34,2742805,608.51,610.53,595.9,599.34,2742805,0.0,1.0
2024-03-08 00:00:00+00:00,604.82,616.09,600.84,608.27,2777243,604.82,616.09,600.84,608.27,2777243,0.0,1.0
2024-03-11 00:00:00+00:00,600.93,611.0,600.37,608.08,2479366,600.93,611.0,600.37,608.08,2479366,0.0,1.0
2024-03-12 00:00:00+00:00,611.08,615.3,596.27,600.21,2798854,611.08,615.3,596.27,600.21,2798854,0.0,1.0
2024-03-13 00:00:00+00:00,609.45,614.8499,607.21,613.37,2178292,609.45,614.8499,607.21,613.37,2178292,0.0,1.0
2024-03-14 00:00:00+00:00,613.01,620.8,607.35,615.0,3110468,613.01,620.8,607.35,615.0,3110468,0.0,1.0
2024-03-15 00:00:00+00:00,605.88,622.92,603.82,622.92,6671629,605.88,622.92,603.82,622.92,6671629,0.0,1.0
2024-03-18 00:00:00+00:00,618.39,627.41,610.4481,613.56,3344244,618.39,627.41,610.4481,613.56,3344244,0.0,1.0
2024-03-19 00:00:00+00:00,620.74,621.28,608.0,615.62,2142613,620.74,621.28,608.0,615.62,2142613,0.0,1.0
2024-03-20 00:00:00+00:00,627.69,629.505,618.34,619.95,2639509,627.69,629.505,618.34,619.95,2639509,0.0,1.0
2024-03-21 00:00:00+00:00,622.71,634.3617,622.33,630.65,2507671,622.71,634.3617,622.33,630.65,2507671,0.0,1.0
2024-03-22 00:00:00+00:00,628.01,629.05,621.0,624.16,2135688,628.01,629.05,621.0,624.16,2135688,0.0,1.0
2024-03-25 00:00:00+00:00,627.46,630.46,623.16,627.9,1803264,627.46,630.46,623.16,627.9,1803264,0.0,1.0
2024-03-26 00:00:00+00:00,629.24,634.3899,619.1836,625.2,2804453,629.24,634.3899,619.1836,625.2,2804453,0.0,1.0
2024-03-27 00:00:00+00:00,613.53,631.35,610.73,629.01,2628267,613.53,631.35,610.73,629.01,2628267,0.0,1.0
2024-03-28 00:00:00+00:00,607.33,615.0,601.59,614.99,3708803,607.33,615.0,601.59,614.99,3708803,0.0,1.0
2024-04-01 00:00:00+00:00,614.31,615.11,605.571,608.0,2063845,614.31,615.11,605.571,608.0,2063845,0.0,1.0
2024-04-02 00:00:00+00:00,614.21,615.03,605.5101,611.0,2018210,614.21,615.03,605.5101,611.0,2018210,0.0,1.0
2024-04-03 00:00:00+00:00,630.08,630.41,611.5,612.745,2913989,630.08,630.41,611.5,612.745,2913989,0.0,1.0
2024-04-04 00:00:00+00:00,617.14,638.0,616.58,633.21,3008557,617.14,638.0,616.58,633.21,3008557,0.0,1.0
2024-04-05 00:00:00+00:00,636.18,637.91,622.71,624.92,3327195,636.18,637.91,622.71,624.92,3327195,0.0,1.0
2024-04-08 00:00:00+00:00,628.41,639.0,628.11,636.39,2129483,628.41,639.0,628.11,636.39,2129483,0.0,1.0
2024-04-09 00:00:00+00:00,618.2,631.99,615.6347,631.99,2135639,618.2,631.99,615.6347,631.99,2135639,0.0,1.0
2024-04-10 00:00:00+00:00,618.58,620.14,609.34,610.97,2806248,618.58,620.14,609.34,610.97,2806248,0.0,1.0
2024-04-11 00:00:00+00:00,628.78,631.66,617.24,624.42,2662662,628.78,631.66,617.24,624.42,2662662,0.0,1.0
2024-04-12 00:00:00+00:00,622.83,633.1199,618.915,628.23,2959269,622.83,633.1199,618.915,628.23,2959269,0.0,1.0
2024-04-15 00:00:00+00:00,607.15,630.17,603.871,630.17,3085394,607.15,630.17,603.871,630.17,3085394,0.0,1.0
2024-04-16 00:00:00+00:00,617.52,622.45,607.5,607.5,3519122,617.52,622.45,607.5,607.5,3519122,0.0,1.0
2024-04-17 00:00:00+00:00,613.69,620.97,607.71,620.97,3312222,613.69,620.97,607.71,620.97,3312222,0.0,1.0
2024-04-18 00:00:00+00:00,610.56,621.33,605.435,612.1,8468407,610.56,621.33,605.435,612.1,8468407,0.0,1.0
2024-04-19 00:00:00+00:00,555.04,579.0,552.16,567.88,16449699,555.04,579.0,552.16,567.88,16449699,0.0,1.0
2024-04-22 00:00:00+00:00,554.6,558.61,542.01,550.66,8597651,554.6,558.61,542.01,550.66,8597651,0.0,1.0
2024-04-23 00:00:00+00:00,577.75,579.21,555.28,556.49,4975520,577.75,579.21,555.28,556.49,4975520,0.0,1.0
2024-04-24 00:00:00+00:00,555.12,576.907,551.3,574.31,5355312,555.12,576.907,551.3,574.31,5355312,0.0,1.0
2024-04-25 00:00:00+00:00,564.8,566.54,545.705,549.46,3807101,564.8,566.54,545.705,549.46,3807101,0.0,1.0
2024-04-26 00:00:00+00:00,561.23,562.92,553.19,558.21,4332593,561.23,562.92,553.19,558.21,4332593,0.0,1.0
2024-04-29 00:00:00+00:00,559.49,559.64,554.24,559.18,2508882,559.49,559.64,554.24,559.18,2508882,0.0,1.0
2024-04-30 00:00:00+00:00,550.64,560.0,549.375,560.0,3361492,550.64,560.0,549.375,560.0,3361492,0.0,1.0
2024-05-01 00:00:00+00:00,551.71,560.39,544.25,547.84,3473233,551.71,560.39,544.25,547.84,3473233,0.0,1.0
2024-05-02 00:00:00+00:00,565.15,565.46,555.59,556.02,3068228,565.15,565.46,555.59,556.02,3068228,0.0,1.0
2024-05-03 00:00:00+00:00,579.34,580.26,565.16,566.0,3307524,579.34,580.26,565.16,566.0,3307524,0.0,1.0
2024-05-06 00:00:00+00:00,596.97,597.34,580.25,581.82,3686337,596.97,597.34,580.25,581.82,3686337,0.0,1.0
2024-05-07 00:00:00+00:00,606.0,606.05,591.32,596.28,3614092,606.0,606.05,591.32,596.28,3614092,0.0,1.0
2024-05-08 00:00:00+00:00,609.47,618.22,601.63,601.63,3093904,609.47,618.22,601.63,601.63,3093904,0.0,1.0
2024-05-09 00:00:00+00:00,612.09,615.72,605.75,614.4,2065375,612.09,615.72,605.75,614.4,2065375,0.0,1.0
2024-05-10 00:00:00+00:00,610.87,623.98,605.06,619.0,2653586,610.87,623.98,605.06,619.0,2653586,0.0,1.0
2024-05-13 00:00:00+00:00,616.59,618.219,606.83,614.3,2086197,616.59,618.219,606.83,614.3,2086197,0.0,1.0
2024-05-14 00:00:00+00:00,613.66,621.48,608.4,615.17,2792358,613.66,621.48,608.4,615.17,2792358,0.0,1.0
2024-05-15 00:00:00+00:00,613.52,624.1,609.1,618.57,5670607,613.52,624.1,609.1,618.57,5670607,0.0,1.0
2024-05-16 00:00:00+00:00,610.52,618.34,609.09,615.75,3056350,610.52,618.34,609.09,615.75,3056350,0.0,1.0
2024-05-17 00:00:00+00:00,621.1,625.79,614.7141,617.0,3782708,621.1,625.79,614.7141,617.0,3782708,0.0,1.0
2024-05-20 00:00:00+00:00,640.82,644.37,619.52,620.4,3857853,640.82,644.37,619.52,620.4,3857853,0.0,1.0
2024-05-21 00:00:00+00:00,650.61,650.88,634.22,636.76,2920155,650.61,650.88,634.22,636.76,2920155,0.0,1.0
2024-05-22 00:00:00+00:00,640.47,649.25,638.12,647.14,2176174,640.47,649.25,638.12,647.14,2176174,0.0,1.0
2024-05-23 00:00:00+00:00,635.67,642.71,630.0,642.34,2313939,635.67,642.71,630.0,642.34,2313939,0.0,1.0
2024-05-24 00:00:00+00:00,646.75,652.0,637.6,639.4,2615260,646.75,652.0,637.6,639.4,2615260,0.0,1.0
2024-05-28 00:00:00+00:00,649.0,649.75,643.03,647.05,2609451,649.0,649.75,643.03,647.05,2609451,0.0,1.0
2024-05-29 00:00:00+00:00,654.62,664.25,643.89,644.13,3695935,654.62,664.25,643.89,644.13,3695935,0.0,1.0
2024-05-30 00:00:00+00:00,647.66,656.4899,644.73,653.52,2393354,647.66,656.4899,644.73,653.52,2393354,0.0,1.0
2024-05-31 00:00:00+00:00,641.62,648.58,628.3,644.01,4071023,641.62,648.58,628.3,644.01,4071023,0.0,1.0
2024-06-03 00:00:00+00:00,633.79,646.78,627.27,645.215,2323506,633.79,646.78,627.27,645.215,2323506,0.0,1.0
2024-06-04 00:00:00+00:00,631.62,635.2299,626.44,633.78,3008151,631.62,635.2299,626.44,633.78,3008151,0.0,1.0
2024-06-05 00:00:00+00:00,650.27,651.25,628.25,634.02,2682614,650.27,651.25,628.25,634.02,2682614,0.0,1.0
2024-06-06 00:00:00+00:00,648.52,657.99,644.2368,644.89,2466664,648.52,657.99,644.2368,644.89,2466664,0.0,1.0
2024-06-07 00:00:00+00:00,641.47,650.4,640.2401,649.38,1876631,641.47,650.4,640.2401,649.38,1876631,0.0,1.0
2024-06-10 00:00:00+00:00,644.5,644.79,635.59,641.01,2066759,644.5,644.79,635.59,641.01,2066759,0.0,1.0
2024-06-11 00:00:00+00:00,648.55,650.19,640.52,640.72,2167417,648.55,650.19,640.52,640.72,2167417,0.0,1.0
2024-06-12 00:00:00+00:00,650.06,655.78,643.11,652.21,2094381,650.06,655.78,643.11,652.21,2094381,0.0,1.0
2024-06-13 00:00:00+00:00,653.26,655.25,642.35,644.0,1863587,653.26,655.25,642.35,644.0,1863587,0.0,1.0
2024-06-14 00:00:00+00:00,669.38,675.58,652.64,655.05,4447116,669.38,675.58,652.64,655.05,4447116,0.0,1.0
2024-06-17 00:00:00+00:00,675.83,682.7099,665.1101,669.11,3631184,675.83,682.7099,665.1101,669.11,3631184,0.0,1.0
2024-06-18 00:00:00+00:00,685.67,687.06,674.64,675.63,2943775,685.67,687.06,674.64,675.63,2943775,0.0,1.0
2024-06-20 00:00:00+00:00,679.03,689.88,673.7203,681.8,2585089,679.03,689.88,673.7203,681.8,2585089,0.0,1.0
2024-06-21 00:00:00+00:00,686.12,686.9,678.1,683.26,4557086,686.12,686.9,678.1,683.26,4557086,0.0,1.0
2024-06-24 00:00:00+00:00,669.02,685.5,664.5,685.0,3916335,669.02,685.5,664.5,685.0,3916335,0.0,1.0
2024-06-25 00:00:00+00:00,672.41,673.665,662.3,673.44,2278768,672.41,673.665,662.3,673.44,2278768,0.0,1.0
2024-06-26 00:00:00+00:00,677.69,682.96,670.02,672.41,3545815,677.69,682.96,670.02,672.41,3545815,0.0,1.0
2024-06-27 00:00:00+00:00,684.34,688.57,678.14,679.35,2404849,684.34,688.57,678.14,679.35,2404849,0.0,1.0
2024-06-28 00:00:00+00:00,674.88,687.0,673.08,679.0,3412391,674.88,687.0,673.08,679.0,3412391,0.0,1.0
2024-07-01 00:00:00+00:00,673.61,675.02,663.78,674.89,2212826,673.61,675.02,663.78,674.89,2212826,0.0,1.0
2024-07-02 00:00:00+00:00,679.58,681.74,670.07,673.54,2411426,679.58,681.74,670.07,673.54,2411426,0.0,1.0
2024-07-03 00:00:00+00:00,682.51,683.7499,675.5,677.48,1403545,682.51,683.7499,675.5,677.48,1403545,0.0,1.0
2024-07-05 00:00:00+00:00,690.65,697.49,677.23,682.51,2659065,690.65,697.49,677.23,682.51,2659065,0.0,1.0
2024-07-08 00:00:00+00:00,685.74,688.86,681.485,687.0,1930786,685.74,688.86,681.485,687.0,1930786,0.0,1.0
2024-07-09 00:00:00+00:00,685.74,695.27,684.72,690.0,2599474,685.74,695.27,684.72,690.0,2599474,0.0,1.0
2024-07-10 00:00:00+00:00,677.65,687.22,673.16,685.02,2651928,677.65,687.22,673.16,685.02,2651928,0.0,1.0
2024-07-11 00:00:00+00:00,652.75,672.485,647.44,672.485,5111928,652.75,672.485,647.44,672.485,5111928,0.0,1.0
2024-07-12 00:00:00+00:00,647.6,655.92,643.7075,652.75,3355197,647.6,655.92,643.7075,652.75,3355197,0.0,1.0
2024-07-15 00:00:00+00:00,656.45,667.54,646.63,647.5,3208763,656.45,667.54,646.63,647.5,3208763,0.0,1.0
2024-07-16 00:00:00+00:00,656.32,663.675,649.13,661.8,2685706,656.32,663.675,649.13,661.8,2685706,0.0,1.0
2024-07-17 00:00:00+00:00,647.46,650.45,639.47,650.0,4017277,647.46,650.45,639.47,650.0,4017277,0.0,1.0
2024-07-18 00:00:00+00:00,643.04,657.0395,639.165,656.6,7575763,643.04,657.0395,639.165,656.6,7575763,0.0,1.0
2024-07-19 00:00:00+00:00,633.34,678.97,629.1201,660.64,9815631,633.34,678.97,629.1201,660.64,9815631,0.0,1.0
2024-07-22 00:00:00+00:00,647.5,656.29,632.6,639.5,5219077,647.5,656.29,632.6,639.5,5219077,0.0,1.0
2024-07-23 00:00:00+00:00,642.76,649.91,641.0001,647.5,2463579,642.76,649.91,641.0001,647.5,2463579,0.0,1.0
2024-07-24 00:00:00+00:00,635.99,652.42,632.6744,635.74,4888163,635.99,652.42,632.6744,635.74,4888163,0.0,1.0
2024-07-25 00:00:00+00:00,634.09,649.98,621.7001,641.0,4554539,634.09,649.98,621.7001,641.0,4554539,0.0,1.0
2024-07-26 00:00:00+00:00,631.37,646.9899,629.77,645.0,3120659,631.37,646.9899,629.77,645.0,3120659,0.0,1.0
2024-07-29 00:00:00+00:00,626.96,634.61,623.93,634.61,2400537,626.96,634.61,623.93,634.61,2400537,0.0,1.0
2024-07-30 00:00:00+00:00,622.58,634.69,617.0001,630.17,3496609,622.58,634.69,617.0001,630.17,3496609,0.0,1.0
2024-07-31 00:00:00+00:00,628.35,633.5999,622.58,626.57,3134877,628.35,633.5999,622.58,626.57,3134877,0.0,1.0
2024-08-01 00:00:00+00:00,624.85,646.7099,617.61,629.25,3720573,624.85,646.7099,617.61,629.25,3720573,0.0,1.0
2024-08-02 00:00:00+00:00,613.64,625.27,608.35,620.98,3523003,613.64,625.27,608.35,620.98,3523003,0.0,1.0
2024-08-05 00:00:00+00:00,598.55,604.5627,587.04,587.04,4044235,598.55,604.5627,587.04,587.04,4044235,0.0,1.0
2024-08-06 00:00:00+00:00,609.57,622.45,600.62,600.62,4319057,609.57,622.45,600.62,600.62,4319057,0.0,1.0
2024-08-07 00:00:00+00:00,611.48,632.0,610.64,616.065,3187791,611.48,632.0,610.64,616.065,3187791,0.0,1.0
2024-08-08 00:00:00+00:00,630.35,632.29,616.02,621.99,3283542,630.35,632.29,616.02,621.99,3283542,0.0,1.0
2024-08-09 00:00:00+00:00,633.94,636.62,622.99,622.99,1980836,633.94,636.62,622.99,622.99,1980836,0.0,1.0
2024-08-12 00:00:00+00:00,633.14,639.0,627.07,631.0,2331712,633.14,639.0,627.07,631.0,2331712,0.0,1.0
2024-08-13 00:00:00+00:00,648.02,650.97,635.5,638.56,2639571,648.02,650.97,635.5,638.56,2639571,0.0,1.0
2024-08-14 00:00:00+00:00,661.68,663.57,648.7,648.7,4014344,661.68,663.57,648.7,648.7,4014344,0.0,1.0
2024-08-15 00:00:00+00:00,663.22,673.19,659.8,668.49,3210173,663.22,673.19,659.8,668.49,3210173,0.0,1.0
2024-08-16 00:00:00+00:00,674.07,680.23,665.36,669.43,3511014,674.07,680.23,665.36,669.43,3511014,0.0,1.0
2024-08-19 00:00:00+00:00,688.53,688.84,672.91,674.07,3016227,688.53,688.84,672.91,674.07,3016227,0.0,1.0
2024-08-20 00:00:00+00:00,698.54,711.33,688.245,688.86,4813118,698.54,711.33,688.245,688.86,4813118,0.0,1.0
2024-08-21 00:00:00+00:00,697.12,701.0,691.38,697.0,2235343,697.12,701.0,691.38,697.0,2235343,0.0,1.0
2024-08-22 00:00:00+00:00,688.96,701.5,686.24,691.0,2729389,688.96,701.5,686.24,691.0,2729389,0.0,1.0
2024-08-23 00:00:00+00:00,686.73,696.07,678.63,694.13,2354450,686.73,696.07,678.63,694.13,2354450,0.0,1.0
2024-08-26 00:00:00+00:00,688.44,690.59,681.6376,687.26,1354154,688.44,690.59,681.6376,687.26,1354154,0.0,1.0
2024-08-27 00:00:00+00:00,695.72,707.89,686.92,688.53,3164878,695.72,707.89,686.92,688.53,3164878,0.0,1.0
2024-08-28 00:00:00+00:00,683.84,696.67,677.1,695.83,2430583,683.84,696.67,677.1,695.83,2430583,0.0,1.0
2024-08-29 00:00:00+00:00,692.48,699.8,686.07,690.0,2186974,692.48,699.8,686.07,690.0,2186974,0.0,1.0
2024-08-30 00:00:00+00:00,701.35,701.86,688.16,700.36,3266723,701.35,701.86,688.16,700.36,3266723,0.0,1.0
2024-09-03 00:00:00+00:00,675.32,703.86,671.01,700.1,3160964,675.32,703.86,671.01,700.1,3160964,0.0,1.0
2024-09-04 00:00:00+00:00,679.68,684.65,673.06,673.31,1772660,679.68,684.65,673.06,673.31,1772660,0.0,1.0
2024-09-05 00:00:00+00:00,683.62,687.31,671.86,673.14,1810072,683.62,687.31,671.86,673.14,1810072,0.0,1.0
2024-09-06 00:00:00+00:00,665.77,683.1518,662.34,681.86,2991265,665.77,683.1518,662.34,681.86,2991265,0.0,1.0
2024-09-09 00:00:00+00:00,675.42,683.5,672.14,674.0,2683111,675.42,683.5,672.14,674.0,2683111,0.0,1.0
2024-09-10 00:00:00+00:00,673.62,680.5899,665.805,676.87,2079182,673.62,680.5899,665.805,676.87,2079182,0.0,1.0
2024-09-11 00:00:00+00:00,681.47,682.97,660.8,677.46,2391924,681.47,682.97,660.8,677.46,2391924,0.0,1.0
2024-09-12 00:00:00+00:00,686.8,694.88,682.2,684.92,2588437,686.8,694.88,682.2,684.92,2588437,0.0,1.0
2024-09-13 00:00:00+00:00,697.06,699.64,680.0,680.01,2276482,697.06,699.64,680.0,680.01,2276482,0.0,1.0
2024-09-16 00:00:00+00:00,696.5,703.02,688.6316,700.0,1843745,696.5,703.02,688.6316,700.0,1843745,0.0,1.0
2024-09-17 00:00:00+00:00,706.91,707.63,698.37,700.82,2298630,706.91,707.63,698.37,700.82,2298630,0.0,1.0
2024-09-18 00:00:00+00:00,690.47,707.55,688.0,707.55,2984411,690.47,707.55,688.0,707.55,2984411,0.0,1.0
2024-09-19 00:00:00+00:00,704.32,715.66,695.37,705.0,4228480,704.32,715.66,695.37,705.0,4228480,0.0,1.0
2024-09-20 00:00:00+00:00,701.03,706.6732,696.31,705.55,3998062,701.03,706.6732,696.31,705.55,3998062,0.0,1.0
2024-09-23 00:00:00+00:00,705.37,712.2499,699.16,702.39,3224344,705.37,712.2499,699.16,702.39,3224344,0.0,1.0
2024-09-24 00:00:00+00:00,722.26,722.44,704.45,706.625,3565731,722.26,722.44,704.45,706.625,3565731,0.0,1.0
2024-09-25 00:00:00+00:00,721.56,725.12,716.21,721.0,2259775,721.56,725.12,716.21,721.0,2259775,0.0,1.0
2024-09-26 00:00:00+00:00,711.43,725.26,701.72,724.73,2832962,711.43,725.26,701.72,724.73,2832962,0.0,1.0
2024-09-27 00:00:00+00:00,707.35,710.71,701.2509,708.36,2395613,707.35,710.71,701.2509,708.36,2395613,0.0,1.0
2024-09-30 00:00:00+00:00,709.27,711.21,702.8192,707.0,1711508,709.27,711.21,702.8192,707.0,1711508,0.0,1.0
2024-10-01 00:00:00+00:00,706.13,717.76,698.59,713.64,2813482,706.13,717.76,698.59,713.64,2813482,0.0,1.0
2024-10-02 00:00:00+00:00,711.09,716.21,704.6878,706.13,1758167,711.09,716.21,704.6878,706.13,1758167,0.0,1.0
2024-10-03 00:00:00+00:00,706.8,708.81,700.0,704.26,2256449,706.8,708.81,700.0,704.26,2256449,0.0,1.0
2024-10-04 00:00:00+00:00,719.7,721.01,708.82,713.32,2230139,719.7,721.01,708.82,713.32,2230139,0.0,1.0
2024-10-07 00:00:00+00:00,701.92,715.88,696.43,714.755,3360520,701.92,715.88,696.43,714.755,3360520,0.0,1.0
2024-10-08 00:00:00+00:00,721.76,725.06,703.5457,703.88,3187402,721.76,725.06,703.5457,703.88,3187402,0.0,1.0
2024-10-09 00:00:00+00:00,727.43,728.59,718.87,719.25,1981070,727.43,728.59,718.87,719.25,1981070,0.0,1.0
2024-10-10 00:00:00+00:00,730.29,733.85,722.5,723.29,2767862,730.29,733.85,722.5,723.29,2767862,0.0,1.0
2024-10-11 00:00:00+00:00,722.79,736.0,721.22,734.9,2299525,722.79,736.0,721.22,734.9,2299525,0.0,1.0
2024-10-14 00:00:00+00:00,713.0,726.6196,711.3109,725.0,2797071,713.0,726.6196,711.3109,725.0,2797071,0.0,1.0
2024-10-15 00:00:00+00:00,705.98,713.4,699.7806,712.51,2932752,705.98,713.4,699.7806,712.51,2932752,0.0,1.0
2024-10-16 00:00:00+00:00,702.0,705.59,697.82,703.43,2494276,702.0,705.59,697.82,703.43,2494276,0.0,1.0
2024-10-17 00:00:00+00:00,687.65,704.4124,677.88,704.35,8926672,687.65,704.4124,677.88,704.35,8926672,0.0,1.0
2024-10-18 00:00:00+00:00,763.89,766.281,736.23,737.64,15974119,763.89,766.281,736.23,737.64,15974119,0.0,1.0
2024-10-21 00:00:00+00:00,772.07,773.0,756.6,765.76,6057093,772.07,773.0,756.6,765.76,6057093,0.0,1.0
2024-10-22 00:00:00+00:00,764.24,769.7,761.12,765.27,2987252,764.24,769.7,761.12,765.27,2987252,0.0,1.0
2024-10-23 00:00:00+00:00,749.29,763.7899,744.26,762.83,3749007,749.29,763.7899,744.26,762.83,3749007,0.0,1.0
2024-10-24 00:00:00+00:00,754.55,755.82,746.25,751.97,2642962,754.55,755.82,746.25,751.97,2642962,0.0,1.0
2024-10-25 00:00:00+00:00,754.68,768.5,753.53,756.17,2819473,754.68,768.5,753.53,756.17,2819473,0.0,1.0
2024-10-28 00:00:00+00:00,749.12,758.68,747.88,758.68,2862405,749.12,758.68,747.88,758.68,2862405,0.0,1.0
2024-10-29 00:00:00+00:00,759.44,763.88,748.01,751.13,3660433,759.44,763.88,748.01,751.13,3660433,0.0,1.0
2024-10-30 00:00:00+00:00,753.74,759.79,752.2775,758.08,1722002,753.74,759.79,752.2775,758.08,1722002,0.0,1.0
2024-10-31 00:00:00+00:00,756.03,760.7899,752.23,753.93,3057709,756.03,760.7899,752.23,753.93,3057709,0.0,1.0
2024-11-01 00:00:00+00:00,756.1,763.7999,747.77,753.48,2996829,756.1,763.7999,747.77,753.48,2996829,0.0,1.0
2024-11-04 00:00:00+00:00,755.51,762.48,749.69,753.14,1902194,755.51,762.48,749.69,753.14,1902194,0.0,1.0
2024-11-05 00:00:00+00:00,763.91,767.5299,756.27,757.35,2200645,763.91,767.5299,756.27,757.35,2200645,0.0,1.0
2024-11-06 00:00:00+00:00,780.21,781.49,757.38,771.5,3690817,780.21,781.49,757.38,771.5,3690817,0.0,1.0
2024-11-07 00:00:00+00:00,796.54,798.22,779.94,781.37,3295074,796.54,798.22,779.94,781.37,3295074,0.0,1.0
2024-11-08 00:00:00+00:00,795.04,799.06,788.65,797.36,1910626,795.04,799.06,788.65,797.36,1910626,0.0,1.0
2024-11-11 00:00:00+00:00,805.44,806.823,795.565,795.9,2399150,805.44,806.823,795.565,795.9,2399150,0.0,1.0
2024-11-12 00:00:00+00:00,819.5,820.3697,803.75,807.5,2814064,819.5,820.3697,803.75,807.5,2814064,0.0,1.0
2024-11-13 00:00:00+00:00,830.47,836.9899,820.5368,822.615,2767772,830.47,836.9899,820.5368,822.615,2767772,0.0,1.0
2024-11-14 00:00:00+00:00,837.26,840.9997,830.02,833.67,3038231,837.26,840.9997,830.02,833.67,3038231,0.0,1.0
2024-11-15 00:00:00+00:00,823.96,832.04,816.49,832.04,3673720,823.96,832.04,816.49,832.04,3673720,0.0,1.0
2024-11-18 00:00:00+00:00,847.05,848.45,809.3301,815.5,4084081,847.05,848.45,809.3301,815.5,4084081,0.0,1.0
2024-11-19 00:00:00+00:00,871.32,874.49,839.16,839.75,3814227,871.32,874.49,839.16,839.75,3814227,0.0,1.0
2024-11-20 00:00:00+00:00,883.85,890.6,868.4,879.98,4093843,883.85,890.6,868.4,879.98,4093843,0.0,1.0
2024-11-21 00:00:00+00:00,897.48,908.0,877.24,883.93,4511263,897.48,908.0,877.24,883.93,4511263,0.0,1.0
2024-11-22 00:00:00+00:00,897.79,906.0,893.0,896.0,3214020,897.79,906.0,893.0,896.0,3214020,0.0,1.0
2024-11-25 00:00:00+00:00,865.59,902.05,864.22,902.05,6014203,865.59,902.05,864.22,902.05,6014203,0.0,1.0
2024-11-26 00:00:00+00:00,872.6,886.36,867.2501,867.49,3138259,872.6,886.36,867.2501,867.49,3138259,0.0,1.0
2024-11-27 00:00:00+00:00,877.34,880.95,858.91,872.06,2578222,877.34,880.95,858.91,872.06,2578222,0.0,1.0
2024-11-29 00:00:00+00:00,886.81,892.41,876.68,882.17,2027237,886.81,892.41,876.68,882.17,2027237,0.0,1.0
2024-12-02 00:00:00+00:00,897.74,902.34,884.12,887.51,2388966,897.74,902.34,884.12,887.51,2388966,0.0,1.0
2024-12-03 00:00:00+00:00,902.17,902.69,888.025,894.36,2401634,902.17,902.69,888.025,894.36,2401634,0.0,1.0
2024-12-04 00:00:00+00:00,911.06,915.9699,898.05,898.05,2689629,911.06,915.9699,898.05,898.05,2689629,0.0,1.0
2024-12-05 00:00:00+00:00,917.87,927.0,911.1075,917.85,2835307,917.87,927.0,911.1075,917.85,2835307,0.0,1.0
2024-12-06 00:00:00+00:00,934.74,935.27,912.71,915.23,2955383,934.74,935.27,912.71,915.23,2955383,0.0,1.0
2024-12-09 00:00:00+00:00,913.69,930.2999,902.59,928.0,3350082,913.69,930.2999,902.59,928.0,3350082,0.0,1.0
2024-12-10 00:00:00+00:00,913.35,922.88,909.58,913.76,2388575,913.35,922.88,909.58,913.76,2388575,0.0,1.0
2024-12-11 00:00:00+00:00,936.56,941.75,923.08,924.71,3501691,936.56,941.75,923.08,924.71,3501691,0.0,1.0
2024-12-12 00:00:00+00:00,925.55,934.0886,922.6,933.35,2486197,925.55,934.0886,922.6,933.35,2486197,0.0,1.0
2024-12-13 00:00:00+00:00,918.87,925.55,909.61,916.81,2485829,918.87,925.55,909.61,916.81,2485829,0.0,1.0
2024-12-16 00:00:00+00:00,921.08,928.94,919.5,923.94,2674892,921.08,928.94,919.5,923.94,2674892,0.0,1.0
2024-12-17 00:00:00+00:00,919.13,928.45,916.42,921.54,2459456,919.13,928.45,916.42,921.54,2459456,0.0,1.0
2024-12-18 00:00:00+00:00,889.55,922.44,886.56,919.13,2938194,889.55,922.44,886.56,919.13,2938194,0.0,1.0
2024-12-19 00:00:00+00:00,902.04,912.6215,899.0,908.18,2815512,902.04,912.6215,899.0,908.18,2815512,0.0,1.0
2024-12-20 00:00:00+00:00,909.05,919.9238,890.487207,893.21,4530519,909.05,919.9238,890.487207,893.21,4530519,0.0,1.0
2024-12-23 00:00:00+00:00,911.45,915.0,899.1001,913.42,2339375,911.45,915.0,899.1001,913.42,2339375,0.0,1.0
2024-12-24 00:00:00+00:00,932.12,935.85,911.7,915.0,2320293,932.12,935.85,911.7,915.0,2320293,0.0,1.0
2024-12-26 00:00:00+00:00,924.14,930.49,915.3,928.4,2342418,924.14,930.49,915.3,928.4,2342418,0.0,1.0
2024-12-27 00:00:00+00:00,907.55,918.13,894.5,916.01,3226158,907.55,918.13,894.5,916.01,3226158,0.0,1.0
2024-12-30 00:00:00+00:00,900.43,908.2299,889.71,894.51,2202970,900.43,908.2299,889.71,894.51,2202970,0.0,1.0
2024-12-31 00:00:00+00:00,891.32,902.68,889.47,901.8,1875897,891.32,902.68,889.47,901.8,1875897,0.0,1.0
2025-01-02 00:00:00+00:00,886.73,898.58,877.0,895.5,2315685,886.73,898.58,877.0,895.5,2315685,0.0,1.0
2025-01-03 00:00:00+00:00,881.05,898.83,879.8901,893.13,2970019,881.05,898.83,879.8901,893.13,2970019,0.0,1.0
2025-01-06 00:00:00+00:00,881.79,892.83,871.69,888.76,3457656,881.79,892.83,871.69,888.76,3457656,0.0,1.0
2025-01-07 00:00:00+00:00,879.19,888.0,869.11,879.38,2649823,879.19,888.0,869.11,879.38,2649823,0.0,1.0
2025-01-08 00:00:00+00:00,875.0,886.215,873.0,880.0,2347949,875.0,886.215,873.0,880.0,2347949,0.0,1.0
2025-01-10 00:00:00+00:00,837.69,866.41,834.4,866.4,4803312,837.69,866.41,834.4,866.4,4803312,0.0,1.0
2025-01-13 00:00:00+00:00,840.29,847.07,829.14,831.525,3024517,840.29,847.07,829.14,831.525,3024517,0.0,1.0
2025-01-14 00:00:00+00:00,828.4,844.8925,823.519,843.2,3037650,828.4,844.8925,823.519,843.2,3037650,0.0,1.0
2025-01-15 00:00:00+00:00,848.26,850.84,830.41,836.44,3181383,848.26,850.84,830.41,836.44,3181383,0.0,1.0
2025-01-16 00:00:00+00:00,842.37,868.98,842.02,860.96,4028537,842.37,868.98,842.02,860.96,4028537,0.0,1.0
2025-01-17 00:00:00+00:00,858.1,865.0,852.13,859.79,3617565,858.1,865.0,852.13,859.79,3617565,0.0,1.0
2025-01-21 00:00:00+00:00,869.68,916.4,854.745,863.53,9851351,869.68,916.4,854.745,863.53,9851351,0.0,1.0
2025-01-22 00:00:00+00:00,953.99,999.0,950.76,998.025,14273205,953.99,999.0,950.76,998.025,14273205,0.0,1.0
2025-01-23 00:00:00+00:00,984.86,985.0,953.9,957.81,7752137,984.86,985.0,953.9,957.81,7752137,0.0,1.0
2025-01-24 00:00:00+00:00,977.59,986.28,967.68,984.41,4550397,977.59,986.28,967.68,984.41,4550397,0.0,1.0
2025-01-27 00:00:00+00:00,971.89,982.27,960.26,971.1,4634204,971.89,982.27,960.26,971.1,4634204,0.0,1.0
2025-01-28 00:00:00+00:00,971.83,977.934,957.3,966.71,3433972,971.83,977.934,957.3,966.71,3433972,0.0,1.0
2025-01-29 00:00:00+00:00,978.15,987.64,968.2345,980.0,2930728,978.15,987.64,968.2345,980.0,2930728,0.0,1.0
2025-01-30 00:00:00+00:00,973.24,994.59,970.0101,986.75,3867825,973.24,994.59,970.0101,986.75,3867825,0.0,1.0
2025-01-31 00:00:00+00:00,976.76,990.2892,974.0,974.0,3618718,976.76,990.2892,974.0,974.0,3618718,0.0,1.0
2025-02-03 00:00:00+00:00,978.94,987.6891,964.375,973.0,3724197,978.94,987.6891,964.375,973.0,3724197,0.0,1.0
2025-02-04 00:00:00+00:00,994.87,1008.0,978.51,980.47,6000137,994.87,1008.0,978.51,980.47,6000137,0.0,1.0
2025-02-05 00:00:00+00:00,1011.11,1011.825,986.68,987.73,3997733,1011.11,1011.825,986.68,987.73,3997733,0.0,1.0
2025-02-06 00:00:00+00:00,1015.68,1016.35,1002.61,1007.87,3134293,1015.68,1016.35,1002.61,1007.87,3134293,0.0,1.0
2025-02-07 00:00:00+00:00,1013.93,1027.76,1005.6701,1017.0,3212853,1013.93,1027.76,1005.6701,1017.0,3212853,0.0,1.0
2025-02-10 00:00:00+00:00,1027.6,1032.85,1015.88,1023.05,3296566,1027.6,1032.85,1015.88,1023.05,3296566,0.0,1.0
2025-02-11 00:00:00+00:00,1008.08,1022.69,1002.95,1020.79,3331797,1008.08,1022.69,1002.95,1020.79,3331797,0.0,1.0
2025-02-12 00:00:00+00:00,1027.31,1027.74,998.3473,1005.49,3388966,1027.31,1027.74,998.3473,1005.49,3388966,0.0,1.0
2025-02-13 00:00:00+00:00,1043.69,1045.9899,1025.1,1026.625,3476068,1043.69,1045.9899,1025.1,1026.625,3476068,0.0,1.0
2025-02-14 00:00:00+00:00,1058.6,1064.5,1041.69,1044.95,3145430,1058.6,1064.5,1041.69,1044.95,3145430,0.0,1.0
2025-02-18 00:00:00+00:00,1035.85,1062.0,1023.749,1060.0,4229339,1035.85,1062.0,1023.749,1060.0,4229339,0.0,1.0
2025-02-19 00:00:00+00:00,1043.33,1044.9999,1024.51,1035.18,2600048,1043.33,1044.9999,1024.51,1035.18,2600048,0.0,1.0
2025-02-20 00:00:00+00:00,1024.54,1045.0,1015.5941,1042.0,3111831,1024.54,1045.0,1015.5941,1042.0,3111831,0.0,1.0
2025-02-21 00:00:00+00:00,1003.15,1032.38,999.39,1029.42,3738710,1003.15,1032.38,999.39,1029.42,3738710,0.0,1.0
2025-02-24 00:00:00+00:00,988.47,1015.17,984.48,1008.0,4426227,988.47,1015.17,984.48,1008.0,4426227,0.0,1.0
2025-02-25 00:00:00+00:00,977.24,994.3999,955.0,989.4,4738304,977.24,994.3999,955.0,989.4,4738304,0.0,1.0
2025-02-26 00:00:00+00:00,990.06,1000.89,976.9,977.6,3397205,990.06,1000.89,976.9,977.6,3397205,0.0,1.0
2025-02-27 00:00:00+00:00,963.07,1000.7255,961.825,995.0,3766566,963.07,1000.7255,961.825,995.0,3766566,0.0,1.0
2025-02-28 00:00:00+00:00,980.56,982.27,958.17,969.56,4717409,980.56,982.27,958.17,969.56,4717409,0.0,1.0
2025-03-03 00:00:00+00:00,973.7,994.93,964.81,983.0,3907447,973.7,994.93,964.81,983.0,3907447,0.0,1.0
2025-03-04 00:00:00+00:00,972.58,986.3135,948.21,971.61,4392814,972.58,986.3135,948.21,971.61,4392814,0.0,1.0
2025-03-05 00:00:00+00:00,990.92,995.5999,969.48,973.62,3807935,990.92,995.5999,969.48,973.62,3807935,0.0,1.0
2025-03-06 00:00:00+00:00,906.36,973.69,899.0,972.99,7852559,906.36,973.69,899.0,972.99,7852559,0.0,1.0
2025-03-07 00:00:00+00:00,891.11,904.8859,858.07,897.64,7737488,891.11,904.8859,858.07,897.64,7737488,0.0,1.0
2025-03-10 00:00:00+00:00,866.68,881.27,854.5,875.07,6951652,866.68,881.27,854.5,875.07,6951652,0.0,1.0
2025-03-11 00:00:00+00:00,895.1,910.68,866.0,867.41,7398934,895.1,910.68,866.0,867.41,7398934,0.0,1.0
2025-03-12 00:00:00+00:00,919.68,927.18,901.0,914.6,6865837,919.68,927.18,901.0,914.6,6865837,0.0,1.0
2025-03-13 00:00:00+00:00,890.17,921.8892,887.51,913.0,5001698,890.17,921.8892,887.51,913.0,5001698,0.0,1.0
2025-03-14 00:00:00+00:00,918.0,919.625,901.0,901.46,5200684,918.0,919.625,901.0,901.46,5200684,0.0,1.0
2025-03-17 00:00:00+00:00,950.02,967.63,934.42,939.95,7543146,950.02,967.63,934.42,939.95,7543146,0.0,1.0
2025-03-18 00:00:00+00:00,929.98,948.2499,916.3,940.0,6009400,929.98,948.2499,916.3,940.0,6009400,0.0,1.0
2025-03-19 00:00:00+00:00,959.49,968.0,924.0,935.77,6662361,959.49,968.0,924.0,935.77,6662361,0.0,1.0
2025-03-20 00:00:00+00:00,950.84,967.0,945.5,950.01,4466305,950.84,967.0,945.5,950.01,4466305,0.0,1.0
2025-03-21 00:00:00+00:00,960.29,963.6532,940.95,941.635,5905429,960.29,963.6532,940.95,941.635,5905429,0.0,1.0
2025-03-24 00:00:00+00:00,971.99,977.0,951.55,969.67,4677871,971.99,977.0,951.55,969.67,4677871,0.0,1.0
2025-03-25 00:00:00+00:00,997.28,998.7,977.11,978.18,3782245,997.28,998.7,977.11,978.18,3782245,0.0,1.0
2025-03-26 00:00:00+00:00,970.65,996.79,966.32,993.81,3534707,970.65,996.79,966.32,993.81,3534707,0.0,1.0
2025-03-27 00:00:00+00:00,976.72,989.0,966.3664,974.22,3047237,976.72,989.0,966.3664,974.22,3047237,0.0,1.0
2025-03-28 00:00:00+00:00,933.85,974.98,929.23,972.0,4422717,933.85,974.98,929.23,972.0,4422717,0.0,1.0
2025-03-31 00:00:00+00:00,932.53,934.48,900.59,920.53,4634075,932.53,934.48,900.59,920.53,4634075,0.0,1.0
2025-04-01 00:00:00+00:00,928.38,932.29,911.5,927.5,3519956,928.38,932.29,911.5,927.5,3519956,0.0,1.0
2025-04-02 00:00:00+00:00,935.52,949.5479,916.11,923.0,3256886,935.52,949.5479,916.11,923.0,3256886,0.0,1.0
2025-04-03 00:00:00+00:00,917.05,946.5919,900.47,901.8,5864622,917.05,946.5919,900.47,901.8,5864622,0.0,1.0
2025-04-04 00:00:00+00:00,855.86,906.6282,853.87,896.5,6798806,855.86,906.6282,853.87,896.5,6798806,0.0,1.0
2025-04-07 00:00:00+00:00,867.83,906.74,821.1,827.845,6656823,867.83,906.74,821.1,827.845,6656823,0.0,1.0
2025-04-08 00:00:00+00:00,870.4,922.42,857.7,912.44,5625382,870.4,922.42,857.7,912.44,5625382,0.0,1.0
2025-04-09 00:00:00+00:00,945.47,951.43,854.4,855.93,7497974,945.47,951.43,854.4,855.93,7497974,0.0,1.0
2025-04-10 00:00:00+00:00,921.17,941.235,894.0,931.94,5129755,921.17,941.235,894.0,931.94,5129755,0.0,1.0
2025-04-11 00:00:00+00:00,918.29,944.8599,906.68,920.0,4073638,918.29,944.8599,906.68,920.0,4073638,0.0,1.0
2025-04-14 00:00:00+00:00,931.28,948.98,919.4979,932.7,4035895,931.28,948.98,919.4979,932.7,4035895,0.0,1.0
2025-04-15 00:00:00+00:00,976.28,993.4499,948.0,950.0,7711982,976.28,993.4499,948.0,950.0,7711982,0.0,1.0
2025-04-16 00:00:00+00:00,961.63,981.21,949.165,976.28,6066113,961.63,981.21,949.165,976.28,6066113,0.0,1.0
2025-04-17 00:00:00+00:00,973.03,984.7015,956.0,969.0,8893735,973.03,984.7015,956.0,969.0,8893735,0.0,1.0
2025-04-21 00:00:00+00:00,987.91,1018.9999,973.05,984.4,9775747,987.91,1018.9999,973.05,984.4,9775747,0.0,1.0
2025-04-22 00:00:00+00:00,1040.34,1064.97,1004.52,1005.3,9368873,1040.34,1064.97,1004.52,1005.3,9368873,0.0,1.0
2025-04-23 00:00:00+00:00,1049.59,1061.25,1032.0001,1047.225,6471876,1049.59,1061.25,1032.0001,1047.225,6471876,0.0,1.0
2025-04-24 00:00:00+00:00,1096.87,1101.0,1047.02,1048.0,6381896,1096.87,1101.0,1047.02,1048.0,6381896,0.0,1.0
2025-04-25 00:00:00+00:00,1101.53,1106.7984,1091.0001,1097.04,3950008,1101.53,1106.7984,1091.0001,1097.04,3950008,0.0,1.0
2025-04-28 00:00:00+00:00,1110.38,1114.0,1082.62,1100.0,3831088,1110.38,1114.0,1082.62,1100.0,3831088,0.0,1.0
2025-04-29 00:00:00+00:00,1125.64,1127.81,1095.48,1103.92,3777329,1125.64,1127.81,1095.48,1103.92,3777329,0.0,1.0
2025-04-30 00:00:00+00:00,1131.72,1133.2005,1101.1101,1112.65,4266676,1131.72,1133.2005,1101.1101,1112.65,4266676,0.0,1.0
2025-05-01 00:00:00+00:00,1133.47,1142.42,1111.8301,1122.52,3499497,1133.47,1142.42,1111.8301,1122.52,3499497,0.0,1.0
2025-05-02 00:00:00+00:00,1156.49,1159.44,1133.32,1136.66,3774282,1156.49,1159.44,1133.32,1136.66,3774282,0.0,1.0
2025-05-05 00:00:00+00:00,1134.06,1144.02,1107.01,1114.795,5662317,1134.06,1144.02,1107.01,1114.795,5662317,0.0,1.0
2025-05-06 00:00:00+00:00,1137.69,1147.66,1126.4,1129.43,3256682,1137.69,1147.66,1126.4,1129.43,3256682,0.0,1.0
2025-05-07 00:00:00+00:00,1155.41,1164.0,1138.0,1139.175,4352394,1155.41,1164.0,1138.0,1139.175,4352394,0.0,1.0
2025-05-08 00:00:00+00:00,1144.43,1162.2939,1139.2,1161.62,3760872,1144.43,1162.2939,1139.2,1161.62,3760872,0.0,1.0
2025-05-09 00:00:00+00:00,1140.22,1151.0,1133.22,1147.1,2569633,1140.22,1151.0,1133.22,1147.1,2569633,0.0,1.0
2025-05-12 00:00:00+00:00,1110.0,1130.0,1102.9301,1124.26,6479079,1110.0,1130.0,1102.9301,1124.26,6479079,0.0,1.0
2025-05-13 00:00:00+00:00,1138.44,1147.88,1106.3,1114.46,3997869,1138.44,1147.88,1106.3,1114.46,3997869,0.0,1.0
2025-05-14 00:00:00+00:00,1150.99,1152.9003,1128.4,1129.595,3910147,1150.99,1152.9003,1128.4,1129.595,3910147,0.0,1.0
2025-05-15 00:00:00+00:00,1177.98,1187.8019,1147.647,1147.74,4464041,1177.98,1187.8019,1147.647,1147.74,4464041,0.0,1.0
2025-05-16 00:00:00+00:00,1191.53,1196.5,1179.39,1193.14,4698353,1191.53,1196.5,1179.39,1193.14,4698353,0.0,1.0
2025-05-19 00:00:00+00:00,1191.64,1191.64,1171.71,1173.575,2853415,1191.64,1191.64,1171.71,1173.575,2853415,0.0,1.0
2025-05-20 00:00:00+00:00,1192.02,1193.0,1179.02,1186.79,2133066,1192.02,1193.0,1179.02,1186.79,2133066,0.0,1.0
2025-05-21 00:00:00+00:00,1194.63,1211.2199,1186.5,1186.5,2976610,1194.63,1211.2199,1186.5,1186.5,2976610,0.0,1.0
2025-05-22 00:00:00+00:00,1187.97,1198.7499,1187.2082,1192.4,1861588,1187.97,1198.7499,1187.2082,1192.4,1861588,0.0,1.0
2025-05-23 00:00:00+00:00,1185.39,1191.45,1179.44,1184.0,2186483,1185.39,1191.45,1179.44,1184.0,2186483,0.0,1.0
2025-05-27 00:00:00+00:00,1211.57,1211.77,1193.09,1195.33,2920469,1211.57,1211.77,1193.09,1195.33,2920469,0.0,1.0
2025-05-28 00:00:00+00:00,1208.55,1215.9101,1206.02,1210.27,1855850,1208.55,1215.9101,1206.02,1210.27,1855850,0.0,1.0
2025-05-29 00:00:00+00:00,1184.86,1209.0,1176.28,1208.0,3303079,1184.86,1209.0,1176.28,1208.0,3303079,0.0,1.0
2025-05-30 00:00:00+00:00,1207.23,1211.81,1180.925,1198.33,4696756,1207.23,1211.81,1180.925,1198.33,4696756,0.0,1.0
2025-06-02 00:00:00+00:00,1218.98,1219.3999,1196.2501,1201.2,2294216,1218.98,1219.3999,1196.2501,1201.2,2294216,0.0,1.0
2025-06-03 00:00:00+00:00,1217.94,1229.57,1211.18,1219.87,2363762,1217.94,1229.57,1211.18,1219.87,2363762,0.0,1.0
2025-06-04 00:00:00+00:00,1239.66,1242.56,1219.88,1220.735,2359381,1239.66,1242.56,1219.88,1220.735,2359381,0.0,1.0
2025-06-05 00:00:00+00:00,1250.52,1262.81,1237.2901,1240.6,2821797,1250.52,1262.81,1237.2901,1240.6,2821797,0.0,1.0
2025-06-06 00:00:00+00:00,1241.475,1259.9999,1235.5501,1259.41,2556956,1241.475,1259.9999,1235.5501,1259.41,2556956,0.0,1.0
2025-06-09 00:00:00+00:00,1224.46,1238.88,1221.57,1238.88,2403117,1224.46,1238.88,1221.57,1238.88,2403117,0.0,1.0
2025-06-10 00:00:00+00:00,1203.62,1227.52,1180.61,1227.52,4454447,1203.62,1227.52,1180.61,1227.52,4454447,0.0,1.0
2025-06-11 00:00:00+00:00,1219.88,1228.29,1196.0101,1202.6,2382280,1219.88,1228.29,1196.0101,1202.6,2382280,0.0,1.0
2025-06-12 00:00:00+00:00,1215.03,1230.0,1211.965,1222.59,2084602,1215.03,1230.0,1211.965,1222.59,2084602,0.0,1.0
2025-06-13 00:00:00+00:00,1212.15,1220.62,1201.89,1206.59,2210253,1212.15,1220.62,1201.89,1206.59,2210253,0.0,1.0
2025-06-16 00:00:00+00:00,1225.35,1226.25,1212.2,1212.2,2112797,1225.35,1226.25,1212.2,1212.2,2112797,0.0,1.0
2025-06-17 00:00:00+00:00,1220.67,1232.3569,1216.09,1219.95,1892126,1220.67,1232.3569,1216.09,1219.95,1892126,0.0,1.0
2025-06-18 00:00:00+00:00,1222.29,1241.9999,1220.5,1229.99,2281047,1222.29,1241.9999,1220.5,1229.99,2281047,0.0,1.0
2025-06-20 00:00:00+00:00,1231.41,1248.4999,1224.349,1234.45,5348193,1231.41,1248.4999,1224.349,1234.45,5348193,0.0,1.0
2025-06-23 00:00:00+00:00,1253.54,1254.84,1215.01,1238.025,2667318,1253.54,1254.84,1215.01,1238.025,2667318,0.0,1.0
2025-06-24 00:00:00+00:00,1279.11,1282.571,1255.0,1260.545,2663307,1279.11,1282.571,1255.0,1260.545,2663307,0.0,1.0
2025-06-25 00:00:00+00:00,1275.25,1297.9999,1273.81,1286.84,2146510,1275.25,1297.9999,1273.81,1286.84,2146510,0.0,1.0
2025-06-26 00:00:00+00:00,1306.67,1307.34,1280.0,1280.0,2605870,1306.67,1307.34,1280.0,1280.0,2605870,0.0,1.0
2025-06-27 00:00:00+00:00,1323.12,1331.345,1301.0,1306.88,4070857,1323.12,1331.345,1301.0,1306.88,4070857,0.0,1.0
2025-06-30 00:00:00+00:00,1339.13,1341.15,1321.21,1331.0,3282908,1339.13,1341.15,1321.21,1331.0,3282908,0.0,1.0
2025-07-01 00:00:00+00:00,1293.6,1338.7743,1282.22,1338.23,4993567,1293.6,1338.7743,1282.22,1338.23,4993567,0.0,1.0
2025-07-02 00:00:00+00:00,1284.86,1299.9499,1271.59,1296.96,3048801,1284.86,1299.9499,1271.59,1296.96,3048801,0.0,1.0
2025-07-03 00:00:00+00:00,1297.18,1302.26,1279.76,1292.0,2006224,1297.18,1302.26,1279.76,1292.0,2006224,0.0,1.0
2025-07-07 00:00:00+00:00,1289.62,1295.0,1276.02,1295.0,2273737,1289.62,1295.0,1276.02,1295.0,2273737,0.0,1.0
2025-07-08 00:00:00+00:00,1275.31,1293.25,1260.0,1290.9,3292525,1275.31,1293.25,1260.0,1290.9,3292525,0.0,1.0
2025-07-09 00:00:00+00:00,1288.28,1288.29,1266.24,1273.99,2384477,1288.28,1288.29,1266.24,1273.99,2384477,0.0,1.0
2025-07-10 00:00:00+00:00,1250.59,1289.5999,1246.01,1285.5,4236494,1250.59,1289.5999,1246.01,1285.5,4236494,0.0,1.0
2025-07-11 00:00:00+00:00,1245.11,1261.0,1231.3,1259.786,3957150,1245.11,1261.0,1231.3,1259.786,3957150,0.0,1.0
2025-07-14 00:00:00+00:00,1261.95,1270.49,1240.0,1244.91,2781048,1261.95,1270.49,1240.0,1244.91,2781048,0.0,1.0
2025-07-15 00:00:00+00:00,1260.27,1271.22,1243.245,1262.0,2801731,1260.27,1271.22,1243.245,1262.0,2801731,0.0,1.0
2025-07-16 00:00:00+00:00,1250.31,1271.0,1249.82,1261.71,3227022,1250.31,1271.0,1249.82,1261.71,3227022,0.0,1.0
2025-07-17 00:00:00+00:00,1274.17,1277.5,1244.8004,1253.0,6469877,1274.17,1277.5,1244.8004,1253.0,6469877,0.0,1.0
2025-07-18 00:00:00+00:00,1209.24,1246.5,1201.01,1241.96,10693306,1209.24,1246.5,1201.01,1241.96,10693306,0.0,1.0
2025-07-21 00:00:00+00:00,1233.27,1237.1,1198.0,1206.0,5627591,1233.27,1237.1,1198.0,1206.0,5627591,0.0,1.0
2025-07-22 00:00:00+00:00,1190.08,1232.37,1187.5,1230.38,5062970,1190.08,1232.37,1187.5,1230.38,5062970,0.0,1.0
2025-07-23 00:00:00+00:00,1176.78,1192.6194,1173.6,1189.81,4504264,1176.78,1192.6194,1173.6,1189.81,4504264,0.0,1.0
2025-07-24 00:00:00+00:00,1180.76,1183.5,1162.6601,1177.8,3845570,1180.76,1183.5,1162.6601,1177.8,3845570,0.0,1.0
2025-07-25 00:00:00+00:00,1180.49,1187.32,1174.3825,1178.415,2629260,1180.49,1187.32,1174.3825,1178.415,2629260,0.0,1.0
2025-07-28 00:00:00+00:00,1174.6,1197.7899,1168.53,1181.2,3446958,1174.6,1197.7899,1168.53,1181.2,3446958,0.0,1.0
2025-07-29 00:00:00+00:00,1168.74,1179.6,1163.29,1179.0,2752489,1168.74,1179.6,1163.29,1179.0,2752489,0.0,1.0
2025-07-30 00:00:00+00:00,1184.2,1184.85,1166.1,1168.55,2922731,1184.2,1184.85,1166.1,1168.55,2922731,0.0,1.0
2025-07-31 00:00:00+00:00,1159.4,1190.0,1157.74,1184.8,3712949,1159.4,1190.0,1157.74,1184.8,3712949,0.0,1.0
2025-08-01 00:00:00+00:00,1158.6,1178.505,1152.85,1163.01,3890950,1158.6,1178.505,1152.85,1163.01,3890950,0.0,1.0
2025-08-04 00:00:00+00:00,1170.99,1177.0,1162.615,1167.65,2244702,1170.99,1177.0,1162.615,1167.65,2244702,0.0,1.0
2025-08-05 00:00:00+00:00,1147.87,1171.71,1144.71,1171.0,2660735,1147.87,1171.71,1144.71,1171.0,2660735,0.0,1.0
2025-08-06 00:00:00+00:00,1178.48,1181.375,1151.8701,1153.52,3362161,1178.48,1181.375,1151.8701,1153.52,3362161,0.0,1.0
2025-08-07 00:00:00+00:00,1180.37,1191.22,1168.2,1181.76,2628321,1180.37,1191.22,1168.2,1181.76,2628321,0.0,1.0
2025-08-08 00:00:00+00:00,1211.64,1214.11,1180.3701,1183.19,3816689,1211.64,1214.11,1180.3701,1183.19,3816689,0.0,1.0
