date,close,high,low,open,volume,adjClose,adjHigh,adjLow,adjOpen,adjVolume,divCash,splitFactor
2018-01-02 00:00:00+00:00,131.73,132.35,130.14,131.0,1282712,131.73,132.35,130.14,131.0,1282712,0.0,1.0
2018-01-03 00:00:00+00:00,132.91,133.25,131.74,132.0,1568172,132.91,133.25,131.74,132.0,1568172,0.0,1.0
2018-01-04 00:00:00+00:00,133.85,135.09,133.78,133.88,1361877,133.85,135.09,133.78,133.88,1361877,0.0,1.0
2018-01-05 00:00:00+00:00,135.01,135.13,133.9,134.95,1177274,135.01,135.13,133.9,134.95,1177274,0.0,1.0
2018-01-08 00:00:00+00:00,135.3,136.09,134.87,135.05,1337234,135.3,136.09,134.87,135.05,1337234,0.0,1.0
2018-01-09 00:00:00+00:00,135.45,136.4,134.62,135.65,1206837,135.45,136.4,134.62,135.65,1206837,0.0,1.0
2018-01-10 00:00:00+00:00,136.23,136.41,134.3625,134.96,1793797,136.23,136.41,134.3625,134.96,1793797,0.0,1.0
2018-01-11 00:00:00+00:00,137.58,137.78,136.24,136.59,1515722,137.58,137.78,136.24,136.59,1515722,0.0,1.0
2018-01-12 00:00:00+00:00,138.19,139.06,137.08,137.64,1193888,138.19,139.06,137.08,137.64,1193888,0.0,1.0
2018-01-16 00:00:00+00:00,139.79,141.66,139.21,141.32,3143115,139.79,141.66,139.21,141.32,3143115,0.0,1.0
2018-01-17 00:00:00+00:00,140.79,140.93,139.0,140.83,1755023,140.79,140.93,139.0,140.83,1755023,0.0,1.0
2018-01-18 00:00:00+00:00,141.13,141.48,140.0,140.75,1266903,141.13,141.48,140.0,140.75,1266903,0.0,1.0
2018-01-19 00:00:00+00:00,142.27,142.52,141.02,141.23,1594352,142.27,142.52,141.02,141.23,1594352,0.0,1.0
2018-01-22 00:00:00+00:00,143.9,144.08,141.755,142.33,1377428,143.9,144.08,141.755,142.33,1377428,0.0,1.0
2018-01-23 00:00:00+00:00,144.43,144.99,143.56,144.59,1367782,144.43,144.99,143.56,144.59,1367782,0.0,1.0
2018-01-24 00:00:00+00:00,145.44,146.67,144.37,144.42,1432494,145.44,146.67,144.37,144.42,1432494,0.0,1.0
2018-01-25 00:00:00+00:00,145.54,146.9,145.42,146.89,1220738,145.54,146.9,145.42,146.89,1220738,0.0,1.0
2018-01-26 00:00:00+00:00,149.74,149.82,146.38,147.16,1472411,149.74,149.82,146.38,147.16,1472411,0.0,1.0
2018-01-29 00:00:00+00:00,147.09,150.85,146.83,149.59,2413893,147.09,150.85,146.83,149.59,2413893,0.0,1.0
2018-01-30 00:00:00+00:00,146.59,147.44,145.63,146.07,2369501,146.59,147.44,145.63,146.07,2369501,0.0,1.0
2018-01-31 00:00:00+00:00,148.87,150.1,147.76,148.68,2807555,148.87,150.1,147.76,148.68,2807555,0.0,1.0
2018-02-01 00:00:00+00:00,152.81,156.545,151.33,151.76,4228869,152.81,156.545,151.33,151.76,4228869,0.0,1.0
2018-02-02 00:00:00+00:00,149.76,151.94,147.33,150.51,2826675,149.76,151.94,147.33,150.51,2826675,0.0,1.0
2018-02-05 00:00:00+00:00,147.39,157.0,145.43,147.29,3779298,147.39,157.0,145.43,147.29,3779298,0.0,1.0
2018-02-06 00:00:00+00:00,149.02,149.379,143.49,144.91,2963097,149.02,149.379,143.49,144.91,2963097,0.0,1.0
2018-02-07 00:00:00+00:00,153.17,154.03,148.07,148.62,2388408,153.17,154.03,148.07,148.62,2388408,0.0,1.0
2018-02-08 00:00:00+00:00,140.1,153.5,140.1,153.0,3730719,140.1,153.5,140.1,153.0,3730719,0.0,1.0
2018-02-09 00:00:00+00:00,145.16,146.765,137.6,142.14,2736725,145.16,146.765,137.6,142.14,2736725,0.0,1.0
2018-02-12 00:00:00+00:00,147.24,148.625,145.235,146.97,1614792,147.24,148.625,145.235,146.97,1614792,0.0,1.0
2018-02-13 00:00:00+00:00,147.55,148.32,145.57,146.04,1431477,147.55,148.32,145.57,146.04,1431477,0.0,1.0
2018-02-14 00:00:00+00:00,147.74,149.0,146.3,147.27,1833825,147.74,149.0,146.3,147.27,1833825,0.0,1.0
2018-02-15 00:00:00+00:00,152.54,152.79,147.8,148.95,1874653,152.54,152.79,147.8,148.95,1874653,0.0,1.0
2018-02-16 00:00:00+00:00,154.03,156.19,151.18,151.93,1896261,154.03,156.19,151.18,151.93,1896261,0.0,1.0
2018-02-20 00:00:00+00:00,156.76,158.13,152.03,152.9,1747328,156.76,158.13,152.03,152.9,1747328,0.0,1.0
2018-02-21 00:00:00+00:00,157.58,160.73,156.31,156.36,1923961,157.58,160.73,156.31,156.36,1923961,0.0,1.0
2018-02-22 00:00:00+00:00,156.05,159.31,155.693,157.78,1169008,156.05,159.31,155.693,157.78,1169008,0.0,1.0
2018-02-23 00:00:00+00:00,160.4,160.63,156.86,156.86,1023579,160.4,160.63,156.86,156.86,1023579,0.0,1.0
2018-02-26 00:00:00+00:00,160.57,162.64,159.66,160.8,1196196,160.57,162.64,159.66,160.8,1196196,0.0,1.0
2018-02-27 00:00:00+00:00,163.34,164.235,160.75,161.27,1994189,163.34,164.235,160.75,161.27,1994189,0.0,1.0
2018-02-28 00:00:00+00:00,161.01,165.68,160.865,163.27,1925866,161.01,165.68,160.865,163.27,1925866,0.0,1.0
2018-03-01 00:00:00+00:00,159.57,164.26,157.875,162.62,2001857,159.57,164.26,157.875,162.62,2001857,0.0,1.0
2018-03-02 00:00:00+00:00,166.67,167.1,157.525,158.65,2189762,166.67,167.1,157.525,158.65,2189762,0.0,1.0
2018-03-05 00:00:00+00:00,168.3,169.1875,163.81,164.76,2047064,168.3,169.1875,163.81,164.76,2047064,0.0,1.0
2018-03-06 00:00:00+00:00,171.07,171.91,168.41,169.4,2734991,171.07,171.91,168.41,169.4,2734991,0.0,1.0
2018-03-07 00:00:00+00:00,173.06,174.19,169.38,169.45,1654484,173.06,174.19,169.38,169.45,1654484,0.0,1.0
2018-03-08 00:00:00+00:00,172.99,175.65,172.4,174.68,1834450,172.99,175.65,172.4,174.68,1834450,0.0,1.0
2018-03-09 00:00:00+00:00,172.76,174.99,172.46,174.34,2359493,172.76,174.99,172.46,174.34,2359493,0.0,1.0
2018-03-12 00:00:00+00:00,174.43,175.9,171.56,172.76,2119374,174.43,175.9,171.56,172.76,2119374,0.0,1.0
2018-03-13 00:00:00+00:00,173.96,175.99,172.17,175.99,1841745,173.96,175.99,172.17,175.99,1841745,0.0,1.0
2018-03-14 00:00:00+00:00,175.34,176.56,173.49,175.37,1401033,175.34,176.56,173.49,175.37,1401033,0.0,1.0
2018-03-15 00:00:00+00:00,173.83,176.0,170.91,175.96,1657247,173.83,176.0,170.91,175.96,1657247,0.0,1.0
2018-03-16 00:00:00+00:00,169.98,175.0,169.07,174.82,2435511,169.98,175.0,169.07,174.82,2435511,0.0,1.0
2018-03-19 00:00:00+00:00,169.81,172.7799,167.42,169.8,1974789,169.81,172.7799,167.42,169.8,1974789,0.0,1.0
2018-03-20 00:00:00+00:00,172.11,173.3702,169.23,169.87,3001142,172.11,173.3702,169.23,169.87,3001142,0.0,1.0
2018-03-21 00:00:00+00:00,173.19,176.195,171.5,171.99,1900398,173.19,176.195,171.5,171.99,1900398,0.0,1.0
2018-03-22 00:00:00+00:00,168.76,172.83,168.0,171.34,1617841,168.76,172.83,168.0,171.34,1617841,0.0,1.0
2018-03-23 00:00:00+00:00,164.77,170.63,164.52,168.98,1992644,164.77,170.63,164.52,168.98,1992644,0.0,1.0
2018-03-26 00:00:00+00:00,171.45,172.04,167.815,168.55,2042313,171.45,172.04,167.815,168.55,2042313,0.0,1.0
2018-03-27 00:00:00+00:00,162.82,173.38,161.36,173.21,1921964,162.82,173.38,161.36,173.21,1921964,0.0,1.0
2018-03-28 00:00:00+00:00,159.68,164.015,157.16,163.0,3079129,159.68,164.015,157.16,163.0,3079129,0.0,1.0
2018-03-29 00:00:00+00:00,165.45,167.46,160.27,161.6,2261497,165.45,167.46,160.27,161.6,2261497,0.0,1.0
2018-04-02 00:00:00+00:00,161.62,165.845,159.24,164.44,1900288,161.62,165.845,159.24,164.44,1900288,0.0,1.0
2018-04-03 00:00:00+00:00,161.77,167.97,160.07,166.6,1817910,161.77,167.97,160.07,166.6,1817910,0.0,1.0
2018-04-04 00:00:00+00:00,164.69,164.99,156.0,156.5,2060439,164.69,164.99,156.0,156.5,2060439,0.0,1.0
2018-04-05 00:00:00+00:00,165.77,168.16,164.621,166.78,1762687,165.77,168.16,164.621,166.78,1762687,0.0,1.0
2018-04-06 00:00:00+00:00,162.94,166.88,161.24,163.96,1177504,162.94,166.88,161.24,163.96,1177504,0.0,1.0
2018-04-09 00:00:00+00:00,162.89,166.345,162.65,164.56,1237168,162.89,166.345,162.65,164.56,1237168,0.0,1.0
2018-04-10 00:00:00+00:00,166.58,167.43,162.13,166.25,1834153,166.58,167.43,162.13,166.25,1834153,0.0,1.0
2018-04-11 00:00:00+00:00,166.5,168.24,164.47,165.08,2252560,166.5,168.24,164.47,165.08,2252560,0.0,1.0
2018-04-12 00:00:00+00:00,168.57,170.17,166.54,166.73,1554897,168.57,170.17,166.54,166.73,1554897,0.0,1.0
2018-04-13 00:00:00+00:00,166.9,171.3,164.7889,170.08,1342027,166.9,171.3,164.7889,170.08,1342027,0.0,1.0
2018-04-16 00:00:00+00:00,169.45,170.72,167.27,168.51,1245694,169.45,170.72,167.27,168.51,1245694,0.0,1.0
2018-04-17 00:00:00+00:00,174.54,175.03,171.0,171.0,1700891,174.54,175.03,171.0,171.0,1700891,0.0,1.0
2018-04-18 00:00:00+00:00,174.3,175.5399,171.21,175.39,1658877,174.3,175.5399,171.21,175.39,1658877,0.0,1.0
2018-04-19 00:00:00+00:00,172.99,174.36,170.885,173.29,1525537,172.99,174.36,170.885,173.29,1525537,0.0,1.0
2018-04-20 00:00:00+00:00,168.9,172.55,167.93,171.69,1861129,168.9,172.55,167.93,171.69,1861129,0.0,1.0
2018-04-23 00:00:00+00:00,167.51,170.23,166.62,169.92,1926393,167.51,170.23,166.62,169.92,1926393,0.0,1.0
2018-04-24 00:00:00+00:00,160.66,169.6123,158.171,169.19,3176260,160.66,169.6123,158.171,169.19,3176260,0.0,1.0
2018-04-25 00:00:00+00:00,158.0,162.79,157.25,162.45,4104176,158.0,162.79,157.25,162.45,4104176,0.0,1.0
2018-04-26 00:00:00+00:00,165.16,167.61,156.18,160.0,3801532,165.16,167.61,156.18,160.0,3801532,0.0,1.0
2018-04-27 00:00:00+00:00,163.18,167.1,160.37,166.78,2240268,163.18,167.1,160.37,166.78,2240268,0.0,1.0
2018-04-30 00:00:00+00:00,166.14,166.91,163.18,163.18,1890561,166.14,166.91,163.18,163.18,1890561,0.0,1.0
2018-05-01 00:00:00+00:00,165.42,166.74,163.27,165.36,1419732,165.42,166.74,163.27,165.36,1419732,0.0,1.0
2018-05-02 00:00:00+00:00,165.5,167.91,164.19,164.56,1253441,165.5,167.91,164.19,164.56,1253441,0.0,1.0
2018-05-03 00:00:00+00:00,168.73,169.54,164.92,165.79,1945124,168.73,169.54,164.92,165.79,1945124,0.0,1.0
2018-05-04 00:00:00+00:00,171.22,173.09,167.46,168.7,1842829,171.22,173.09,167.46,168.7,1842829,0.0,1.0
2018-05-07 00:00:00+00:00,176.02,176.89,171.84,172.09,2163618,176.02,176.89,171.84,172.09,2163618,0.0,1.0
2018-05-08 00:00:00+00:00,176.03,176.13,170.7318,172.61,3157416,176.03,176.13,170.7318,172.61,3157416,0.0,1.0
2018-05-09 00:00:00+00:00,180.04,180.98,175.83,177.27,2229139,180.04,180.98,175.83,177.27,2229139,0.0,1.0
2018-05-10 00:00:00+00:00,178.98,182.585,178.54,181.13,3081662,178.98,182.585,178.54,181.13,3081662,0.0,1.0
2018-05-11 00:00:00+00:00,178.87,180.04,177.31,179.22,1527400,178.87,180.04,177.31,179.22,1527400,0.0,1.0
2018-05-14 00:00:00+00:00,173.73,179.5,173.49,178.86,1806350,173.73,179.5,173.49,178.86,1806350,0.0,1.0
2018-05-15 00:00:00+00:00,173.42,174.545,168.79,171.98,1748974,173.42,174.545,168.79,171.98,1748974,0.0,1.0
2018-05-16 00:00:00+00:00,171.15,174.0,170.02,173.01,1606214,171.15,174.0,170.02,173.01,1606214,0.0,1.0
2018-05-17 00:00:00+00:00,171.71,171.94,169.25,171.13,1444282,171.71,171.94,169.25,171.13,1444282,0.0,1.0
2018-05-18 00:00:00+00:00,173.94,174.56,171.5,171.76,1191477,173.94,174.56,171.5,171.76,1191477,0.0,1.0
2018-05-21 00:00:00+00:00,171.45,177.37,170.58,175.27,1083599,171.45,177.37,170.58,175.27,1083599,0.0,1.0
2018-05-22 00:00:00+00:00,170.26,172.84,168.08,172.21,1192666,170.26,172.84,168.08,172.21,1192666,0.0,1.0
2018-05-23 00:00:00+00:00,173.96,174.07,168.7,168.7,1232464,173.96,174.07,168.7,168.7,1232464,0.0,1.0
2018-05-24 00:00:00+00:00,175.52,176.72,172.92,174.07,1551407,175.52,176.72,172.92,174.07,1551407,0.0,1.0
2018-05-25 00:00:00+00:00,176.72,177.49,174.7087,175.19,1341097,176.72,177.49,174.7087,175.19,1341097,0.0,1.0
2018-05-29 00:00:00+00:00,176.3,177.38,174.61,176.0,1407024,176.3,177.38,174.61,176.0,1407024,0.0,1.0
2018-05-30 00:00:00+00:00,178.47,179.85,176.01,177.32,2221898,178.47,179.85,176.01,177.32,2221898,0.0,1.0
2018-05-31 00:00:00+00:00,177.61,181.41,177.2,178.11,2002580,177.61,181.41,177.2,178.11,2002580,0.0,1.0
2018-06-01 00:00:00+00:00,181.51,181.57,177.3,179.06,1276875,181.51,181.57,177.3,179.06,1276875,0.0,1.0
2018-06-04 00:00:00+00:00,183.5,184.47,181.21,182.57,1541626,183.5,184.47,181.21,182.57,1541626,0.0,1.0
2018-06-05 00:00:00+00:00,186.09,186.95,184.025,184.19,1525731,186.09,186.95,184.025,184.19,1525731,0.0,1.0
2018-06-06 00:00:00+00:00,186.42,187.389,185.36,186.56,1410168,186.42,187.389,185.36,186.56,1410168,0.0,1.0
2018-06-07 00:00:00+00:00,177.45,187.0,174.32,187.0,2853441,177.45,187.0,174.32,187.0,2853441,0.0,1.0
2018-06-08 00:00:00+00:00,178.19,180.02,176.22,177.7,2018057,178.19,180.02,176.22,177.7,2018057,0.0,1.0
2018-06-11 00:00:00+00:00,180.08,180.5,177.05,178.46,1191317,180.08,180.5,177.05,178.46,1191317,0.0,1.0
2018-06-12 00:00:00+00:00,181.84,182.55,179.81,180.56,1420470,181.84,182.55,179.81,180.56,1420470,0.0,1.0
2018-06-13 00:00:00+00:00,181.23,183.95,179.45,183.23,1395845,181.23,183.95,179.45,183.23,1395845,0.0,1.0
2018-06-14 00:00:00+00:00,185.34,187.23,182.51,182.59,2617416,185.34,187.23,182.51,182.59,2617416,0.0,1.0
2018-06-15 00:00:00+00:00,186.35,186.59,181.25,184.97,1717372,186.35,186.59,181.25,184.97,1717372,0.0,1.0
2018-06-18 00:00:00+00:00,186.41,186.71,183.0,185.36,1399365,186.41,186.71,183.0,185.36,1399365,0.0,1.0
2018-06-19 00:00:00+00:00,183.61,184.25,179.31,183.58,1503595,183.61,184.25,179.31,183.58,1503595,0.0,1.0
2018-06-20 00:00:00+00:00,184.76,188.59,184.47,185.0,1718690,184.76,188.59,184.47,185.0,1718690,0.0,1.0
2018-06-21 00:00:00+00:00,180.27,186.5699,179.941,185.0,1299879,180.27,186.5699,179.941,185.0,1299879,0.0,1.0
2018-06-22 00:00:00+00:00,176.7,178.58,172.51,178.58,2415815,176.7,178.58,172.51,178.58,2415815,0.0,1.0
2018-06-25 00:00:00+00:00,171.39,175.0,169.46,174.43,1923363,171.39,175.0,169.46,174.43,1923363,0.0,1.0
2018-06-26 00:00:00+00:00,170.85,174.14,170.07,172.09,1506294,170.85,174.14,170.07,172.09,1506294,0.0,1.0
2018-06-27 00:00:00+00:00,167.97,175.74,167.3572,172.21,1942671,167.97,175.74,167.3572,172.21,1942671,0.0,1.0
2018-06-28 00:00:00+00:00,172.41,173.8,167.5,167.84,1489599,172.41,173.8,167.5,167.84,1489599,0.0,1.0
2018-06-29 00:00:00+00:00,172.47,175.25,171.56,174.0,1053108,172.47,175.25,171.56,174.0,1053108,0.0,1.0
2018-07-02 00:00:00+00:00,177.6,177.69,170.3937,171.61,1680055,177.6,177.69,170.3937,171.61,1680055,0.0,1.0
2018-07-03 00:00:00+00:00,177.19,179.35,176.57,178.03,757112,177.19,179.35,176.57,178.03,757112,0.0,1.0
2018-07-05 00:00:00+00:00,179.43,180.45,177.83,178.19,1240581,179.43,180.45,177.83,178.19,1240581,0.0,1.0
2018-07-06 00:00:00+00:00,182.16,183.284,178.64,179.4,785755,182.16,183.284,178.64,179.4,785755,0.0,1.0
2018-07-09 00:00:00+00:00,184.85,185.26,181.1,183.23,1493500,184.85,185.26,181.1,183.23,1493500,0.0,1.0
2018-07-10 00:00:00+00:00,185.6,186.48,183.39,185.23,1221448,185.6,186.48,183.39,185.23,1221448,0.0,1.0
2018-07-11 00:00:00+00:00,187.18,188.18,183.37,183.37,1371008,187.18,188.18,183.37,183.37,1371008,0.0,1.0
2018-07-12 00:00:00+00:00,194.66,194.81,188.74,188.83,2212307,194.66,194.81,188.74,188.83,2212307,0.0,1.0
2018-07-13 00:00:00+00:00,191.06,193.98,189.24,193.29,1896514,191.06,193.98,189.24,193.29,1896514,0.0,1.0
2018-07-16 00:00:00+00:00,189.08,192.0,188.3,191.96,1309543,189.08,192.0,188.3,191.96,1309543,0.0,1.0
2018-07-17 00:00:00+00:00,191.2,191.67,184.225,186.95,1337268,191.2,191.67,184.225,186.95,1337268,0.0,1.0
2018-07-18 00:00:00+00:00,192.01,194.02,190.1105,192.0,1540358,192.01,194.02,190.1105,192.0,1540358,0.0,1.0
2018-07-19 00:00:00+00:00,190.04,192.7336,189.48,191.53,953185,190.04,192.7336,189.48,191.53,953185,0.0,1.0
2018-07-20 00:00:00+00:00,191.08,193.56,190.5,191.01,1439825,191.08,193.56,190.5,191.01,1439825,0.0,1.0
2018-07-23 00:00:00+00:00,190.5,191.35,186.58,190.18,1637454,190.5,191.35,186.58,190.18,1637454,0.0,1.0
2018-07-24 00:00:00+00:00,184.91,192.18,183.4378,191.93,2743777,184.91,192.18,183.4378,191.93,2743777,0.0,1.0
2018-07-25 00:00:00+00:00,183.86,187.326,183.36,184.57,3695654,183.86,187.326,183.36,184.57,3695654,0.0,1.0
2018-07-26 00:00:00+00:00,192.32,194.67,181.5,181.5,3787884,192.32,194.67,181.5,181.5,3787884,0.0,1.0
2018-07-27 00:00:00+00:00,183.95,192.48,178.35,192.03,3287040,183.95,192.48,178.35,192.03,3287040,0.0,1.0
2018-07-30 00:00:00+00:00,178.81,184.95,178.56,184.0,2439361,178.81,184.95,178.56,184.0,2439361,0.0,1.0
2018-07-31 00:00:00+00:00,175.96,179.99,174.3458,179.25,3062879,175.96,179.99,174.3458,179.25,3062879,0.0,1.0
2018-08-01 00:00:00+00:00,177.94,180.62,176.0,176.59,1977146,177.94,180.62,176.0,176.59,1977146,0.0,1.0
2018-08-02 00:00:00+00:00,182.84,183.0606,176.79,177.0,1833168,182.84,183.0606,176.79,177.0,1833168,0.0,1.0
2018-08-03 00:00:00+00:00,180.88,183.645,178.75,183.59,1281876,180.88,183.645,178.75,183.59,1281876,0.0,1.0
2018-08-06 00:00:00+00:00,184.66,184.94,181.12,181.12,1146988,184.66,184.94,181.12,181.12,1146988,0.0,1.0
2018-08-07 00:00:00+00:00,185.74,187.03,184.2,185.0,1048122,185.74,187.03,184.2,185.0,1048122,0.0,1.0
2018-08-08 00:00:00+00:00,186.13,187.22,182.36,185.3,842576,186.13,187.22,182.36,185.3,842576,0.0,1.0
2018-08-09 00:00:00+00:00,188.34,190.63,186.2,186.81,1210665,188.34,190.63,186.2,186.81,1210665,0.0,1.0
2018-08-10 00:00:00+00:00,187.47,190.0,185.4539,186.36,829822,187.47,190.0,185.4539,186.36,829822,0.0,1.0
2018-08-13 00:00:00+00:00,185.02,189.17,184.8405,187.01,872396,185.02,189.17,184.8405,187.01,872396,0.0,1.0
2018-08-14 00:00:00+00:00,184.49,186.87,181.76,186.1,1286691,184.49,186.87,181.76,186.1,1286691,0.0,1.0
2018-08-15 00:00:00+00:00,182.73,187.44,180.61,184.17,1261076,182.73,187.44,180.61,184.17,1261076,0.0,1.0
2018-08-16 00:00:00+00:00,182.03,184.52,181.76,184.35,749925,182.03,184.52,181.76,184.35,749925,0.0,1.0
2018-08-17 00:00:00+00:00,180.83,183.1596,178.8,182.0,1656028,180.83,183.1596,178.8,182.0,1656028,0.0,1.0
2018-08-20 00:00:00+00:00,181.36,181.92,179.145,180.17,1661660,181.36,181.92,179.145,180.17,1661660,0.0,1.0
2018-08-21 00:00:00+00:00,182.1,184.83,181.82,182.4,1555113,182.1,184.83,181.82,182.4,1555113,0.0,1.0
2018-08-22 00:00:00+00:00,182.41,183.64,181.12,181.48,2050176,182.41,183.64,181.12,181.48,2050176,0.0,1.0
2018-08-23 00:00:00+00:00,184.85,186.23,181.8,182.17,1521247,184.85,186.23,181.8,182.17,1521247,0.0,1.0
2018-08-24 00:00:00+00:00,193.56,194.75,185.28,186.11,2765012,193.56,194.75,185.28,186.11,2765012,0.0,1.0
2018-08-27 00:00:00+00:00,193.25,196.63,192.22,194.0,1711590,193.25,196.63,192.22,194.0,1711590,0.0,1.0
2018-08-28 00:00:00+00:00,194.26,194.77,191.52,193.78,1187034,194.26,194.77,191.52,193.78,1187034,0.0,1.0
2018-08-29 00:00:00+00:00,200.23,201.0,194.27,194.27,2994780,200.23,201.0,194.27,194.27,2994780,0.0,1.0
2018-08-30 00:00:00+00:00,198.45,200.0395,196.46,199.5,1805219,198.45,200.0395,196.46,199.5,1805219,0.0,1.0
2018-08-31 00:00:00+00:00,196.36,199.44,195.37,198.0,1225288,196.36,199.44,195.37,198.0,1225288,0.0,1.0
2018-09-04 00:00:00+00:00,200.26,200.66,195.3,195.95,1692779,200.26,200.66,195.3,195.95,1692779,0.0,1.0
2018-09-05 00:00:00+00:00,190.76,200.0,188.3,200.0,2704839,190.76,200.0,188.3,200.0,2704839,0.0,1.0
2018-09-06 00:00:00+00:00,193.18,194.33,189.24,191.92,1841253,193.18,194.33,189.24,191.92,1841253,0.0,1.0
2018-09-07 00:00:00+00:00,196.98,198.5,191.33,192.94,1631700,196.98,198.5,191.33,192.94,1631700,0.0,1.0
2018-09-10 00:00:00+00:00,199.01,199.88,195.5,199.88,2147656,199.01,199.88,195.5,199.88,2147656,0.0,1.0
2018-09-11 00:00:00+00:00,199.5,202.72,197.245,198.0,1765007,199.5,202.72,197.245,198.0,1765007,0.0,1.0
2018-09-12 00:00:00+00:00,202.77,203.34,195.29,199.84,1605323,202.77,203.34,195.29,199.84,1605323,0.0,1.0
2018-09-13 00:00:00+00:00,204.58,206.295,203.06,204.0,1472569,204.58,206.295,203.06,204.0,1472569,0.0,1.0
2018-09-14 00:00:00+00:00,202.97,205.34,202.15,204.12,1225542,202.97,205.34,202.15,204.12,1225542,0.0,1.0
2018-09-17 00:00:00+00:00,192.82,201.95,192.65,201.88,2313416,192.82,201.95,192.65,201.88,2313416,0.0,1.0
2018-09-18 00:00:00+00:00,191.88,195.78,191.55,193.02,2295516,191.88,195.78,191.55,193.02,2295516,0.0,1.0
2018-09-19 00:00:00+00:00,186.0,192.61,182.73,191.5,3930021,186.0,192.61,182.73,191.5,3930021,0.0,1.0
2018-09-20 00:00:00+00:00,187.35,188.94,184.25,187.0,2883788,187.35,188.94,184.25,187.0,2883788,0.0,1.0
2018-09-21 00:00:00+00:00,189.69,190.57,187.8,188.37,2880737,189.69,190.57,187.8,188.37,2880737,0.0,1.0
2018-09-24 00:00:00+00:00,193.12,194.07,185.67,187.63,2064799,193.12,194.07,185.67,187.63,2064799,0.0,1.0
2018-09-25 00:00:00+00:00,197.61,198.47,193.94,194.28,2105989,197.61,198.47,193.94,194.28,2105989,0.0,1.0
2018-09-26 00:00:00+00:00,195.71,198.885,194.69,197.61,1332257,195.71,198.885,194.69,197.61,1332257,0.0,1.0
2018-09-27 00:00:00+00:00,195.08,197.5,193.81,196.05,1119744,195.08,197.5,193.81,196.05,1119744,0.0,1.0
2018-09-28 00:00:00+00:00,195.63,197.8,194.55,194.58,1205036,195.63,197.8,194.55,194.58,1205036,0.0,1.0
2018-10-01 00:00:00+00:00,194.61,199.23,193.63,197.25,1338548,194.61,199.23,193.63,197.25,1338548,0.0,1.0
2018-10-02 00:00:00+00:00,192.9,195.97,192.33,195.72,1317009,192.9,195.97,192.33,195.72,1317009,0.0,1.0
2018-10-03 00:00:00+00:00,196.2,198.31,192.26,194.28,1582398,196.2,198.31,192.26,194.28,1582398,0.0,1.0
2018-10-04 00:00:00+00:00,187.44,195.5,184.62,195.49,3489058,187.44,195.5,184.62,195.49,3489058,0.0,1.0
2018-10-05 00:00:00+00:00,186.6,190.12,181.65,187.11,2244986,186.6,190.12,181.65,187.11,2244986,0.0,1.0
2018-10-08 00:00:00+00:00,180.26,185.81,177.27,184.39,2625632,180.26,185.81,177.27,184.39,2625632,0.0,1.0
2018-10-09 00:00:00+00:00,181.41,187.29,179.11,179.9,2397938,181.41,187.29,179.11,179.9,2397938,0.0,1.0
2018-10-10 00:00:00+00:00,172.14,180.83,171.81,180.45,3543719,172.14,180.83,171.81,180.45,3543719,0.0,1.0
2018-10-11 00:00:00+00:00,174.97,178.21,172.14,172.85,3509483,174.97,178.21,172.14,172.85,3509483,0.0,1.0
2018-10-12 00:00:00+00:00,184.45,188.07,180.29,182.32,2940164,184.45,188.07,180.29,182.32,2940164,0.0,1.0
2018-10-15 00:00:00+00:00,180.91,184.25,179.62,184.16,1462728,180.91,184.25,179.62,184.16,1462728,0.0,1.0
2018-10-16 00:00:00+00:00,192.72,193.35,184.66,185.21,2794834,192.72,193.35,184.66,185.21,2794834,0.0,1.0
2018-10-17 00:00:00+00:00,190.26,193.195,188.4328,193.11,1910278,190.26,193.195,188.4328,193.11,1910278,0.0,1.0
2018-10-18 00:00:00+00:00,185.18,191.54,182.02,189.14,2237743,185.18,191.54,182.02,189.14,2237743,0.0,1.0
2018-10-19 00:00:00+00:00,177.15,187.6499,176.66,186.46,2259905,177.15,187.6499,176.66,186.46,2259905,0.0,1.0
2018-10-22 00:00:00+00:00,178.84,180.9486,174.3777,178.91,2732277,178.84,180.9486,174.3777,178.91,2732277,0.0,1.0
2018-10-23 00:00:00+00:00,181.78,184.66,172.85,174.2,3025079,181.78,184.66,172.85,174.2,3025079,0.0,1.0
2018-10-24 00:00:00+00:00,170.21,183.78,169.65,181.78,3793871,170.21,183.78,169.65,181.78,3793871,0.0,1.0
2018-10-25 00:00:00+00:00,172.63,175.0,162.18,173.4,5153591,172.63,175.0,162.18,173.4,5153591,0.0,1.0
2018-10-26 00:00:00+00:00,166.76,172.16,162.43,164.24,3125248,166.76,172.16,162.43,164.24,3125248,0.0,1.0
2018-10-29 00:00:00+00:00,164.23,173.5,160.66,172.09,2537766,164.23,173.5,160.66,172.09,2537766,0.0,1.0
2018-10-30 00:00:00+00:00,168.5,169.0,157.6,160.0,3131324,168.5,169.0,157.6,160.0,3131324,0.0,1.0
2018-10-31 00:00:00+00:00,181.04,185.12,174.31,174.31,4013052,181.04,185.12,174.31,174.31,4013052,0.0,1.0
2018-11-01 00:00:00+00:00,183.73,184.315,177.0581,181.03,1538491,183.73,184.315,177.0581,181.03,1538491,0.0,1.0
2018-11-02 00:00:00+00:00,178.78,186.35,178.36,184.87,1527055,178.78,186.35,178.36,184.87,1527055,0.0,1.0
2018-11-05 00:00:00+00:00,180.41,180.73,176.71,178.98,1387545,180.41,180.73,176.71,178.98,1387545,0.0,1.0
2018-11-06 00:00:00+00:00,177.37,182.48,176.26,179.5,1185119,177.37,182.48,176.26,179.5,1185119,0.0,1.0
2018-11-07 00:00:00+00:00,190.83,194.04,180.78,182.35,2994478,190.83,194.04,180.78,182.35,2994478,0.0,1.0
2018-11-08 00:00:00+00:00,186.16,191.58,185.18,190.0,1784452,186.16,191.58,185.18,190.0,1784452,0.0,1.0
2018-11-09 00:00:00+00:00,177.59,184.23,173.91,184.23,2205981,177.59,184.23,173.91,184.23,2205981,0.0,1.0
2018-11-12 00:00:00+00:00,172.37,176.99,166.52,175.2,2667095,172.37,176.99,166.52,175.2,2667095,0.0,1.0
2018-11-13 00:00:00+00:00,168.67,174.8699,167.08,174.35,2144228,168.67,174.8699,167.08,174.35,2144228,0.0,1.0
2018-11-14 00:00:00+00:00,167.38,172.67,166.85,171.26,1443128,167.38,172.67,166.85,171.26,1443128,0.0,1.0
2018-11-15 00:00:00+00:00,172.97,173.55,166.63,166.67,1602489,172.97,173.55,166.63,166.67,1602489,0.0,1.0
2018-11-16 00:00:00+00:00,171.09,173.8799,169.2495,170.73,1109276,171.09,173.8799,169.2495,170.73,1109276,0.0,1.0
2018-11-19 00:00:00+00:00,156.8,169.855,156.09,169.56,3194725,156.8,169.855,156.09,169.56,3194725,0.0,1.0
2018-11-20 00:00:00+00:00,157.24,161.285,147.63,148.99,4098242,157.24,161.285,147.63,148.99,4098242,0.0,1.0
2018-11-21 00:00:00+00:00,159.14,163.0,157.64,160.22,1821674,159.14,163.0,157.64,160.22,1821674,0.0,1.0
2018-11-23 00:00:00+00:00,160.63,161.74,156.5,156.57,577571,160.63,161.74,156.5,156.57,577571,0.0,1.0
2018-11-26 00:00:00+00:00,167.26,168.27,160.705,164.09,1746590,167.26,168.27,160.705,164.09,1746590,0.0,1.0
2018-11-27 00:00:00+00:00,165.74,166.755,162.11,164.6,1491059,165.74,166.755,162.11,164.6,1491059,0.0,1.0
2018-11-28 00:00:00+00:00,177.87,178.36,170.4118,171.25,3112176,177.87,178.36,170.4118,171.25,3112176,0.0,1.0
2018-11-29 00:00:00+00:00,179.1,181.81,175.35,176.24,1743534,179.1,181.81,175.35,176.24,1743534,0.0,1.0
2018-11-30 00:00:00+00:00,185.27,186.27,178.52,179.64,3144550,185.27,186.27,178.52,179.64,3144550,0.0,1.0
2018-12-03 00:00:00+00:00,188.09,192.16,184.6,192.05,2407998,188.09,192.16,184.6,192.05,2407998,0.0,1.0
2018-12-04 00:00:00+00:00,180.85,188.675,178.22,185.59,2544543,180.85,188.675,178.22,185.59,2544543,0.0,1.0
2018-12-06 00:00:00+00:00,187.6,187.8,174.0,175.82,2678540,187.6,187.8,174.0,175.82,2678540,0.0,1.0
2018-12-07 00:00:00+00:00,182.38,189.67,179.255,186.94,1749149,182.38,189.67,179.255,186.94,1749149,0.0,1.0
2018-12-10 00:00:00+00:00,184.9,187.77,181.0,181.0,1567485,184.9,187.77,181.0,181.0,1567485,0.0,1.0
2018-12-11 00:00:00+00:00,183.42,189.19,181.72,189.16,2224662,183.42,189.19,181.72,189.16,2224662,0.0,1.0
2018-12-12 00:00:00+00:00,187.64,191.355,185.96,187.0,2289669,187.64,191.355,185.96,187.0,2289669,0.0,1.0
2018-12-13 00:00:00+00:00,188.15,190.76,185.35,189.4,1443744,188.15,190.76,185.35,189.4,1443744,0.0,1.0
2018-12-14 00:00:00+00:00,181.98,187.625,181.46,184.54,1663482,181.98,187.625,181.46,184.54,1663482,0.0,1.0
2018-12-17 00:00:00+00:00,171.47,180.01,170.52,180.01,2315693,171.47,180.01,170.52,180.01,2315693,0.0,1.0
2018-12-18 00:00:00+00:00,173.57,175.62,170.72,173.42,1682504,173.57,175.62,170.72,173.42,1682504,0.0,1.0
2018-12-19 00:00:00+00:00,174.04,181.14,171.13,174.64,2139953,174.04,181.14,171.13,174.64,2139953,0.0,1.0
2018-12-20 00:00:00+00:00,169.92,174.81,160.0,171.84,3198433,169.92,174.81,160.0,171.84,3198433,0.0,1.0
2018-12-21 00:00:00+00:00,162.0,170.49,160.44,170.02,2799684,162.0,170.49,160.44,170.02,2799684,0.0,1.0
2018-12-24 00:00:00+00:00,158.92,163.81,158.0,159.02,896420,158.92,163.81,158.0,159.02,896420,0.0,1.0
2018-12-26 00:00:00+00:00,169.51,169.67,159.68,159.68,3050858,169.51,169.67,159.68,159.68,3050858,0.0,1.0
2018-12-27 00:00:00+00:00,178.2,178.24,166.4981,166.87,2937547,178.2,178.24,166.4981,166.87,2937547,0.0,1.0
2018-12-28 00:00:00+00:00,180.33,184.0876,175.68,179.61,2442132,180.33,184.0876,175.68,179.61,2442132,0.0,1.0
2018-12-31 00:00:00+00:00,178.05,183.27,176.8,182.92,1655474,178.05,183.27,176.8,182.92,1655474,0.0,1.0
2019-01-02 00:00:00+00:00,178.32,180.45,172.46,174.12,2561533,178.32,180.45,172.46,174.12,2561533,0.0,1.0
2019-01-03 00:00:00+00:00,169.12,177.99,168.47,175.12,2469242,169.12,177.99,168.47,175.12,2469242,0.0,1.0
2019-01-04 00:00:00+00:00,179.23,181.49,171.66,173.01,2195880,179.23,181.49,171.66,173.01,2195880,0.0,1.0
2019-01-07 00:00:00+00:00,186.67,188.0,179.4,180.75,1825065,186.67,188.0,179.4,180.75,1825065,0.0,1.0
2019-01-08 00:00:00+00:00,188.11,191.65,184.56,189.75,1609200,188.11,191.65,184.56,189.75,1609200,0.0,1.0
2019-01-09 00:00:00+00:00,190.47,191.29,185.26,185.26,2095992,190.47,191.29,185.26,185.26,2095992,0.0,1.0
2019-01-10 00:00:00+00:00,190.0,190.94,187.55,188.9,1637774,190.0,190.94,187.55,188.9,1637774,0.0,1.0
2019-01-11 00:00:00+00:00,191.69,191.95,186.06,188.1,1646015,191.69,191.95,186.06,188.1,1646015,0.0,1.0
2019-01-14 00:00:00+00:00,188.4,191.08,186.93,187.87,1811133,188.4,191.08,186.93,187.87,1811133,0.0,1.0
2019-01-15 00:00:00+00:00,188.35,190.32,187.58,189.45,2517852,188.35,190.32,187.58,189.45,2517852,0.0,1.0
2019-01-16 00:00:00+00:00,189.59,192.79,187.45,189.52,1451021,189.59,192.79,187.45,189.52,1451021,0.0,1.0
2019-01-17 00:00:00+00:00,186.53,189.44,185.22,186.83,2149356,186.53,189.44,185.22,186.83,2149356,0.0,1.0
2019-01-18 00:00:00+00:00,190.09,191.45,186.63,189.73,1930631,190.09,191.45,186.63,189.73,1930631,0.0,1.0
2019-01-22 00:00:00+00:00,185.7,189.68,184.7841,187.78,1506437,185.7,189.68,184.7841,187.78,1506437,0.0,1.0
2019-01-23 00:00:00+00:00,183.96,189.82,182.91,187.52,1585345,183.96,189.82,182.91,187.52,1585345,0.0,1.0
2019-01-24 00:00:00+00:00,185.7,187.47,182.46,184.25,1351823,185.7,187.47,182.46,184.25,1351823,0.0,1.0
2019-01-25 00:00:00+00:00,191.08,191.27,187.36,187.61,1425820,191.08,191.27,187.36,187.61,1425820,0.0,1.0
2019-01-28 00:00:00+00:00,187.94,190.16,186.5,188.05,1930434,187.94,190.16,186.5,188.05,1930434,0.0,1.0
2019-01-29 00:00:00+00:00,184.82,188.82,184.005,188.18,1633529,184.82,188.82,184.005,188.18,1633529,0.0,1.0
2019-01-30 00:00:00+00:00,194.0,194.21,187.01,187.19,4251489,194.0,194.21,187.01,187.19,4251489,0.0,1.0
2019-01-31 00:00:00+00:00,220.02,228.41,209.99,211.36,11199653,220.02,228.41,209.99,211.36,11199653,0.0,1.0
2019-02-01 00:00:00+00:00,221.51,221.84,216.8,218.58,3552072,221.51,221.84,216.8,218.58,3552072,0.0,1.0
2019-02-04 00:00:00+00:00,225.14,225.88,220.1,220.83,3599742,225.14,225.88,220.1,220.83,3599742,0.0,1.0
2019-02-05 00:00:00+00:00,228.35,229.4,225.37,226.0,1904866,228.35,229.4,225.37,226.0,1904866,0.0,1.0
2019-02-06 00:00:00+00:00,225.56,229.5,223.3,228.0,1662886,225.56,229.5,223.3,228.0,1662886,0.0,1.0
2019-02-07 00:00:00+00:00,226.96,228.039,222.12,224.06,1479502,226.96,228.039,222.12,224.06,1479502,0.0,1.0
2019-02-08 00:00:00+00:00,228.56,228.79,222.67,225.4,1603787,228.56,228.79,222.67,225.4,1603787,0.0,1.0
2019-02-11 00:00:00+00:00,229.01,232.25,227.072,229.89,1936423,229.01,232.25,227.072,229.89,1936423,0.0,1.0
2019-02-12 00:00:00+00:00,234.65,236.81,230.5,230.61,2366211,234.65,236.81,230.5,230.61,2366211,0.0,1.0
2019-02-13 00:00:00+00:00,231.97,237.49,231.645,235.0,1677609,231.97,237.49,231.645,235.0,1677609,0.0,1.0
2019-02-14 00:00:00+00:00,234.03,235.84,230.76,231.44,1304723,234.03,235.84,230.76,231.44,1304723,0.0,1.0
2019-02-15 00:00:00+00:00,234.89,236.695,232.3967,235.0,1425851,234.89,236.695,232.3967,235.0,1425851,0.0,1.0
2019-02-19 00:00:00+00:00,234.58,235.46,232.0,233.49,1434465,234.58,235.46,232.0,233.49,1434465,0.0,1.0
2019-02-20 00:00:00+00:00,229.5,235.49,227.85,235.0,2347040,229.5,235.49,227.85,235.0,2347040,0.0,1.0
2019-02-21 00:00:00+00:00,230.01,231.24,226.51,228.71,1317621,230.01,231.24,226.51,228.71,1317621,0.0,1.0
2019-02-22 00:00:00+00:00,235.0,236.1459,230.32,230.32,1980879,235.0,236.1459,230.32,230.32,1980879,0.0,1.0
2019-02-25 00:00:00+00:00,237.0,239.45,235.59,237.5,1612071,237.0,239.45,235.59,237.5,1612071,0.0,1.0
2019-02-26 00:00:00+00:00,236.21,236.94,233.45,235.84,1184247,236.21,236.94,233.45,235.84,1184247,0.0,1.0
2019-02-27 00:00:00+00:00,240.31,240.86,235.3324,235.8,2214216,240.31,240.86,235.3324,235.8,2214216,0.0,1.0
2019-02-28 00:00:00+00:00,239.44,241.44,237.74,240.17,1892920,239.44,241.44,237.74,240.17,1892920,0.0,1.0
2019-03-01 00:00:00+00:00,243.52,244.35,239.29,242.31,2055906,243.52,244.35,239.29,242.31,2055906,0.0,1.0
2019-03-04 00:00:00+00:00,236.97,245.33,228.67,244.6,4415462,236.97,245.33,228.67,244.6,4415462,0.0,1.0
2019-03-05 00:00:00+00:00,236.0,237.57,232.03,237.57,1940199,236.0,237.57,232.03,237.57,1940199,0.0,1.0
2019-03-06 00:00:00+00:00,233.11,237.45,231.79,235.45,1214816,233.11,237.45,231.79,235.45,1214816,0.0,1.0
2019-03-07 00:00:00+00:00,233.37,236.815,231.11,232.37,1577382,233.37,236.815,231.11,232.37,1577382,0.0,1.0
2019-03-08 00:00:00+00:00,233.95,234.03,226.7082,229.3,1527596,233.95,234.03,226.7082,229.3,1527596,0.0,1.0
2019-03-11 00:00:00+00:00,239.86,240.09,235.13,235.51,1991927,239.86,240.09,235.13,235.51,1991927,0.0,1.0
2019-03-12 00:00:00+00:00,238.71,241.02,236.78,240.15,1693734,238.71,241.02,236.78,240.15,1693734,0.0,1.0
2019-03-13 00:00:00+00:00,240.39,243.42,239.55,240.56,1885543,240.39,243.42,239.55,240.56,1885543,0.0,1.0
2019-03-14 00:00:00+00:00,241.59,244.63,241.3,244.05,1946816,241.59,244.63,241.3,244.05,1946816,0.0,1.0
2019-03-15 00:00:00+00:00,241.89,243.24,240.2,241.37,2053750,241.89,243.24,240.2,241.37,2053750,0.0,1.0
2019-03-18 00:00:00+00:00,240.98,245.96,240.14,242.53,2411556,240.98,245.96,240.14,242.53,2411556,0.0,1.0
2019-03-19 00:00:00+00:00,241.96,244.13,240.35,242.26,2191300,241.96,244.13,240.35,242.26,2191300,0.0,1.0
2019-03-20 00:00:00+00:00,244.59,247.28,239.8,243.0,1210830,244.59,247.28,239.8,243.0,1210830,0.0,1.0
2019-03-21 00:00:00+00:00,250.95,251.65,243.72,243.72,1532092,250.95,251.65,243.72,243.72,1532092,0.0,1.0
2019-03-22 00:00:00+00:00,241.21,250.5,241.07,249.0,2014939,241.21,250.5,241.07,249.0,2014939,0.0,1.0
2019-03-25 00:00:00+00:00,241.7,243.01,236.62,238.79,1553187,241.7,243.01,236.62,238.79,1553187,0.0,1.0
2019-03-26 00:00:00+00:00,245.0,247.2386,243.2,245.04,1351129,245.0,247.2386,243.2,245.04,1351129,0.0,1.0
2019-03-27 00:00:00+00:00,241.37,244.82,235.6,244.82,1578780,241.37,244.82,235.6,244.82,1578780,0.0,1.0
2019-03-28 00:00:00+00:00,243.33,245.845,240.73,243.73,1169524,243.33,245.845,240.73,243.73,1169524,0.0,1.0
2019-03-29 00:00:00+00:00,246.49,247.13,243.36,246.5,1389909,246.49,247.13,243.36,246.5,1389909,0.0,1.0
2019-04-01 00:00:00+00:00,245.73,250.35,243.8,249.99,1813403,245.73,250.35,243.8,249.99,1813403,0.0,1.0
2019-04-02 00:00:00+00:00,246.82,247.02,242.8,245.75,1480318,246.82,247.02,242.8,245.75,1480318,0.0,1.0
2019-04-03 00:00:00+00:00,247.14,248.9,244.29,248.9,1046788,247.14,248.9,244.29,248.9,1046788,0.0,1.0
2019-04-04 00:00:00+00:00,237.03,246.39,230.1401,246.35,2942432,237.03,246.39,230.1401,246.35,2942432,0.0,1.0
2019-04-05 00:00:00+00:00,236.98,240.0893,235.26,238.64,1177136,236.98,240.0893,235.26,238.64,1177136,0.0,1.0
2019-04-08 00:00:00+00:00,237.21,239.38,233.506,236.4,1447973,237.21,239.38,233.506,236.4,1447973,0.0,1.0
2019-04-09 00:00:00+00:00,238.76,240.28,235.13,235.13,1360800,238.76,240.28,235.13,235.13,1360800,0.0,1.0
2019-04-10 00:00:00+00:00,243.66,245.58,240.02,240.5,1241529,243.66,245.58,240.02,240.5,1241529,0.0,1.0
2019-04-11 00:00:00+00:00,245.77,246.19,242.11,243.64,1042847,245.77,246.19,242.11,243.64,1042847,0.0,1.0
2019-04-12 00:00:00+00:00,244.3,247.74,243.7431,247.0,997494,244.3,247.74,243.7431,247.0,997494,0.0,1.0
2019-04-15 00:00:00+00:00,243.79,246.4,242.44,244.07,1298992,243.79,246.4,242.44,244.07,1298992,0.0,1.0
2019-04-16 00:00:00+00:00,239.81,246.1231,238.85,245.89,1130823,239.81,246.1231,238.85,245.89,1130823,0.0,1.0
2019-04-17 00:00:00+00:00,236.23,242.0,234.3209,241.72,2485805,236.23,242.0,234.3209,241.72,2485805,0.0,1.0
2019-04-18 00:00:00+00:00,237.4,238.92,232.14,234.4,2936829,237.4,238.92,232.14,234.4,2936829,0.0,1.0
2019-04-22 00:00:00+00:00,242.64,243.57,236.0,236.02,1251362,242.64,243.57,236.0,236.02,1251362,0.0,1.0
2019-04-23 00:00:00+00:00,243.55,247.335,241.1,243.25,2057986,243.55,247.335,241.1,243.25,2057986,0.0,1.0
2019-04-24 00:00:00+00:00,242.7,245.38,241.055,245.0,2720016,242.7,245.38,241.055,245.0,2720016,0.0,1.0
2019-04-25 00:00:00+00:00,260.69,269.265,258.18,261.02,4777382,260.69,269.265,258.18,261.02,4777382,0.0,1.0
2019-04-26 00:00:00+00:00,267.08,267.835,257.09,260.0,2216689,267.08,267.835,257.09,260.0,2216689,0.0,1.0
2019-04-29 00:00:00+00:00,271.69,273.47,267.1,267.1,2026177,271.69,273.47,267.1,267.1,2026177,0.0,1.0
2019-04-30 00:00:00+00:00,271.51,273.82,268.73,271.0,1522717,271.51,273.82,268.73,271.0,1522717,0.0,1.0
2019-05-01 00:00:00+00:00,270.4,273.16,268.31,273.16,1528715,270.4,273.16,268.31,273.16,1528715,0.0,1.0
2019-05-02 00:00:00+00:00,262.67,269.99,260.35,264.86,3211755,262.67,269.99,260.35,264.86,3211755,0.0,1.0
2019-05-03 00:00:00+00:00,268.52,269.31,264.26,265.68,1653027,268.52,269.31,264.26,265.68,1653027,0.0,1.0
2019-05-06 00:00:00+00:00,269.75,270.97,257.5,260.5,1255370,269.75,270.97,257.5,260.5,1255370,0.0,1.0
2019-05-07 00:00:00+00:00,264.81,268.9,260.0501,267.0,1565569,264.81,268.9,260.0501,267.0,1565569,0.0,1.0
2019-05-08 00:00:00+00:00,265.98,268.39,260.83,264.0,1262951,265.98,268.39,260.83,264.0,1262951,0.0,1.0
2019-05-09 00:00:00+00:00,270.49,271.8,260.28,262.35,1709861,270.49,271.8,260.28,262.35,1709861,0.0,1.0
2019-05-10 00:00:00+00:00,274.9,275.1984,266.5,268.5,1754438,274.9,275.1984,266.5,268.5,1754438,0.0,1.0
2019-05-13 00:00:00+00:00,260.12,271.16,259.27,266.88,2776009,260.12,271.16,259.27,266.88,2776009,0.0,1.0
2019-05-14 00:00:00+00:00,272.07,272.93,263.22,263.22,2046856,272.07,272.93,263.22,263.22,2046856,0.0,1.0
2019-05-15 00:00:00+00:00,273.96,276.425,269.535,270.0,1283895,273.96,276.425,269.535,270.0,1283895,0.0,1.0
2019-05-16 00:00:00+00:00,277.96,281.74,274.21,275.0,4212990,277.96,281.74,274.21,275.0,4212990,0.0,1.0
2019-05-17 00:00:00+00:00,272.99,277.3206,271.62,275.71,1721834,272.99,277.3206,271.62,275.71,1721834,0.0,1.0
2019-05-20 00:00:00+00:00,265.08,270.5,263.54,266.96,2414579,265.08,270.5,263.54,266.96,2414579,0.0,1.0
2019-05-21 00:00:00+00:00,271.21,273.0,267.75,269.71,1078856,271.21,273.0,267.75,269.71,1078856,0.0,1.0
2019-05-22 00:00:00+00:00,273.39,276.5,269.83,270.07,775887,273.39,276.5,269.83,270.07,775887,0.0,1.0
2019-05-23 00:00:00+00:00,264.79,270.87,263.88,270.06,1458468,264.79,270.87,263.88,270.06,1458468,0.0,1.0
2019-05-24 00:00:00+00:00,268.95,269.435,265.0529,266.75,1181793,268.95,269.435,265.0529,266.75,1181793,0.0,1.0
2019-05-28 00:00:00+00:00,266.65,272.12,264.735,269.08,1444906,266.65,272.12,264.735,269.08,1444906,0.0,1.0
2019-05-29 00:00:00+00:00,264.19,268.32,261.51,263.9,1127636,264.19,268.32,261.51,263.9,1127636,0.0,1.0
2019-05-30 00:00:00+00:00,262.6,265.41,261.21,265.41,1304939,262.6,265.41,261.21,265.41,1304939,0.0,1.0
2019-05-31 00:00:00+00:00,261.93,265.44,257.5,259.31,1219378,261.93,265.44,257.5,259.31,1219378,0.0,1.0
2019-06-03 00:00:00+00:00,248.38,263.29,246.02,262.0,2822308,248.38,263.29,246.02,262.0,2822308,0.0,1.0
2019-06-04 00:00:00+00:00,257.55,258.07,247.51,251.14,1522561,257.55,258.07,247.51,251.14,1522561,0.0,1.0
2019-06-05 00:00:00+00:00,263.25,263.88,256.3,262.37,1827129,263.25,263.88,256.3,262.37,1827129,0.0,1.0
2019-06-06 00:00:00+00:00,268.49,269.675,261.82,263.24,950396,268.49,269.675,261.82,263.24,950396,0.0,1.0
2019-06-07 00:00:00+00:00,274.55,276.6871,270.99,270.99,1692525,274.55,276.6871,270.99,270.99,1692525,0.0,1.0
2019-06-10 00:00:00+00:00,275.87,280.555,275.61,279.36,1248781,275.87,280.555,275.61,279.36,1248781,0.0,1.0
2019-06-11 00:00:00+00:00,266.29,279.86,263.95,279.86,1466980,266.29,279.86,263.95,279.86,1466980,0.0,1.0
2019-06-12 00:00:00+00:00,267.88,270.3446,264.3345,266.0,977790,267.88,270.3446,264.3345,266.0,977790,0.0,1.0
2019-06-13 00:00:00+00:00,273.79,274.09,268.6,268.6,1181355,273.79,274.09,268.6,268.6,1181355,0.0,1.0
2019-06-14 00:00:00+00:00,272.25,275.61,270.05,273.73,1015489,272.25,275.61,270.05,273.73,1015489,0.0,1.0
2019-06-17 00:00:00+00:00,274.56,276.38,271.72,273.7,988358,274.56,276.38,271.72,273.7,988358,0.0,1.0
2019-06-18 00:00:00+00:00,282.64,285.03,278.32,278.32,2009950,282.64,285.03,278.32,278.32,2009950,0.0,1.0
2019-06-19 00:00:00+00:00,285.51,285.83,281.05,284.21,1481824,285.51,285.83,281.05,284.21,1481824,0.0,1.0
2019-06-20 00:00:00+00:00,288.8,292.98,286.43,290.24,1732898,288.8,292.98,286.43,290.24,1732898,0.0,1.0
2019-06-21 00:00:00+00:00,285.74,290.84,285.65,287.52,1645355,285.74,290.84,285.65,287.52,1645355,0.0,1.0
2019-06-24 00:00:00+00:00,282.5,288.38,280.941,287.87,1542447,282.5,288.38,280.941,287.87,1542447,0.0,1.0
2019-06-25 00:00:00+00:00,275.36,283.15,273.06,283.15,1587230,275.36,283.15,273.06,283.15,1587230,0.0,1.0
2019-06-26 00:00:00+00:00,275.34,285.2,273.86,278.78,1310405,275.34,285.2,273.86,278.78,1310405,0.0,1.0
2019-06-27 00:00:00+00:00,278.51,280.825,276.21,277.37,1143981,278.51,280.825,276.21,277.37,1143981,0.0,1.0
2019-06-28 00:00:00+00:00,274.57,280.19,274.57,277.81,4160801,274.57,280.19,274.57,277.81,4160801,0.0,1.0
2019-07-01 00:00:00+00:00,283.51,284.335,279.49,281.99,1742347,283.51,284.335,279.49,281.99,1742347,0.0,1.0
2019-07-02 00:00:00+00:00,288.31,289.32,283.145,283.31,1946367,288.31,289.32,283.145,283.31,1946367,0.0,1.0
2019-07-03 00:00:00+00:00,293.15,294.225,289.9,289.9,1116101,293.15,294.225,289.9,289.9,1116101,0.0,1.0
2019-07-05 00:00:00+00:00,294.53,294.62,288.55,291.0,1005120,294.53,294.62,288.55,291.0,1005120,0.0,1.0
2019-07-08 00:00:00+00:00,293.0,293.78,289.65,293.65,1268819,293.0,293.78,289.65,293.65,1268819,0.0,1.0
2019-07-09 00:00:00+00:00,298.02,299.12,290.63,291.41,1655993,298.02,299.12,290.63,291.41,1655993,0.0,1.0
2019-07-10 00:00:00+00:00,298.75,302.99,298.31,299.61,1209358,298.75,302.99,298.31,299.61,1209358,0.0,1.0
2019-07-11 00:00:00+00:00,302.31,302.625,299.46,300.41,886711,302.31,302.625,299.46,300.41,886711,0.0,1.0
2019-07-12 00:00:00+00:00,301.13,303.17,296.1055,302.3,963860,301.13,303.17,296.1055,302.3,963860,0.0,1.0
2019-07-15 00:00:00+00:00,301.1,302.41,297.875,302.0,729993,301.1,302.41,297.875,302.0,729993,0.0,1.0
2019-07-16 00:00:00+00:00,295.5,301.3,294.2025,300.0,1161742,295.5,301.3,294.2025,300.0,1161742,0.0,1.0
2019-07-17 00:00:00+00:00,296.56,300.16,294.505,295.5,865745,296.56,300.16,294.505,295.5,865745,0.0,1.0
2019-07-18 00:00:00+00:00,294.68,298.49,294.0317,296.32,1100343,294.68,298.49,294.0317,296.32,1100343,0.0,1.0
2019-07-19 00:00:00+00:00,289.74,299.2,288.455,298.05,1395967,289.74,299.2,288.455,298.05,1395967,0.0,1.0
2019-07-22 00:00:00+00:00,293.81,294.97,289.62,293.4,1963775,293.81,294.97,289.62,293.4,1963775,0.0,1.0
2019-07-23 00:00:00+00:00,291.01,295.02,287.64,295.02,1606663,291.01,295.02,287.64,295.02,1606663,0.0,1.0
2019-07-24 00:00:00+00:00,297.21,297.61,290.5,291.72,2766165,297.21,297.61,290.5,291.72,2766165,0.0,1.0
2019-07-25 00:00:00+00:00,285.73,290.75,279.69,288.5,4531985,285.73,290.75,279.69,288.5,4531985,0.0,1.0
2019-07-26 00:00:00+00:00,289.33,290.1946,285.75,288.37,1711655,289.33,290.1946,285.75,288.37,1711655,0.0,1.0
2019-07-29 00:00:00+00:00,285.84,290.0,275.59,289.34,3271845,285.84,290.0,275.59,289.34,3271845,0.0,1.0
2019-07-30 00:00:00+00:00,281.0,286.39,280.97,284.28,1556918,281.0,286.39,280.97,284.28,1556918,0.0,1.0
2019-07-31 00:00:00+00:00,277.39,282.5018,272.61,281.71,2097589,277.39,282.5018,272.61,281.71,2097589,0.0,1.0
2019-08-01 00:00:00+00:00,274.0,281.72,271.12,277.38,2759004,274.0,281.72,271.12,277.38,2759004,0.0,1.0
2019-08-02 00:00:00+00:00,265.86,273.11,261.88,272.95,2437838,265.86,273.11,261.88,272.95,2437838,0.0,1.0
2019-08-05 00:00:00+00:00,256.81,262.54,251.8987,255.01,3590439,256.81,262.54,251.8987,255.01,3590439,0.0,1.0
2019-08-06 00:00:00+00:00,261.71,265.0,257.35,261.66,1722800,261.71,265.0,257.35,261.66,1722800,0.0,1.0
2019-08-07 00:00:00+00:00,260.69,264.95,257.0,259.66,1291494,260.69,264.95,257.0,259.66,1291494,0.0,1.0
2019-08-08 00:00:00+00:00,267.11,267.73,261.38,262.01,1644566,267.11,267.73,261.38,262.01,1644566,0.0,1.0
2019-08-09 00:00:00+00:00,263.82,268.0,262.74,267.25,899494,263.82,268.0,262.74,267.25,899494,0.0,1.0
2019-08-12 00:00:00+00:00,258.56,263.12,257.75,261.3,1043311,258.56,263.12,257.75,261.3,1043311,0.0,1.0
2019-08-13 00:00:00+00:00,262.19,263.57,257.35,258.0,1612516,262.19,263.57,257.35,258.0,1612516,0.0,1.0
2019-08-14 00:00:00+00:00,252.31,259.8725,251.69,258.34,1776312,252.31,259.8725,251.69,258.34,1776312,0.0,1.0
2019-08-15 00:00:00+00:00,252.29,254.91,250.1901,252.0,1778779,252.29,254.91,250.1901,252.0,1778779,0.0,1.0
2019-08-16 00:00:00+00:00,256.91,259.9,254.8733,255.91,1506655,256.91,259.9,254.8733,255.91,1506655,0.0,1.0
2019-08-19 00:00:00+00:00,255.51,261.585,254.635,260.0,1812511,255.51,261.585,254.635,260.0,1812511,0.0,1.0
2019-08-20 00:00:00+00:00,255.28,257.605,252.58,255.5,1354128,255.28,257.605,252.58,255.5,1354128,0.0,1.0
2019-08-21 00:00:00+00:00,265.78,267.84,260.24,262.0,1903322,265.78,267.84,260.24,262.0,1903322,0.0,1.0
2019-08-22 00:00:00+00:00,264.64,267.95,262.28,266.5,1272884,264.64,267.95,262.28,266.5,1272884,0.0,1.0
2019-08-23 00:00:00+00:00,263.07,274.56,261.815,266.37,2614890,263.07,274.56,261.815,266.37,2614890,0.0,1.0
2019-08-26 00:00:00+00:00,266.57,266.87,262.31,265.0,849645,266.57,266.87,262.31,265.0,849645,0.0,1.0
2019-08-27 00:00:00+00:00,266.21,269.6,261.94,269.02,1489888,266.21,269.6,261.94,269.02,1489888,0.0,1.0
2019-08-28 00:00:00+00:00,260.32,263.31,258.22,261.77,1659300,260.32,263.31,258.22,261.77,1659300,0.0,1.0
2019-08-29 00:00:00+00:00,264.79,265.945,260.5999,263.86,1090424,264.79,265.945,260.5999,263.86,1090424,0.0,1.0
2019-08-30 00:00:00+00:00,261.84,266.58,256.65,265.91,1500242,261.84,266.58,256.65,265.91,1500242,0.0,1.0
2019-09-03 00:00:00+00:00,263.38,265.56,261.0,264.09,1426123,263.38,265.56,261.0,264.09,1426123,0.0,1.0
2019-09-04 00:00:00+00:00,268.52,270.14,265.25,265.72,1201118,268.52,270.14,265.25,265.72,1201118,0.0,1.0
2019-09-05 00:00:00+00:00,269.62,273.16,260.6015,270.32,2145685,269.62,273.16,260.6015,270.32,2145685,0.0,1.0
2019-09-06 00:00:00+00:00,263.5,270.56,262.47,269.9,1400657,263.5,270.56,262.47,269.9,1400657,0.0,1.0
2019-09-09 00:00:00+00:00,254.68,265.84,250.0,264.0,2922137,254.68,265.84,250.0,264.0,2922137,0.0,1.0
2019-09-10 00:00:00+00:00,253.18,255.665,246.5,250.47,2525654,253.18,255.665,246.5,250.47,2525654,0.0,1.0
2019-09-11 00:00:00+00:00,253.67,259.065,251.02,252.63,1487084,253.67,259.065,251.02,252.63,1487084,0.0,1.0
2019-09-12 00:00:00+00:00,256.81,259.66,255.52,256.6,1813914,256.81,259.66,255.52,256.6,1813914,0.0,1.0
2019-09-13 00:00:00+00:00,251.96,256.3799,251.0,255.375,1520077,251.96,256.3799,251.0,255.375,1520077,0.0,1.0
2019-09-16 00:00:00+00:00,261.15,261.24,250.0,251.0,1180102,261.15,261.24,250.0,251.0,1180102,0.0,1.0
2019-09-17 00:00:00+00:00,264.05,268.0,260.74,263.36,1272991,264.05,268.0,260.74,263.36,1272991,0.0,1.0
2019-09-18 00:00:00+00:00,265.85,266.9,259.77,266.69,1456014,265.85,266.9,259.77,266.69,1456014,0.0,1.0
2019-09-19 00:00:00+00:00,268.74,269.18,262.5,265.45,1493413,268.74,269.18,262.5,265.45,1493413,0.0,1.0
2019-09-20 00:00:00+00:00,271.17,271.39,266.59,269.47,2139645,271.17,271.39,266.59,269.47,2139645,0.0,1.0
2019-09-23 00:00:00+00:00,267.0,273.6321,266.96,272.47,1235006,267.0,273.6321,266.96,272.47,1235006,0.0,1.0
2019-09-24 00:00:00+00:00,257.5,268.33,256.1004,267.0,1520618,257.5,268.33,256.1004,267.0,1520618,0.0,1.0
2019-09-25 00:00:00+00:00,259.38,259.64,248.67,257.5,2566392,259.38,259.64,248.67,257.5,2566392,0.0,1.0
2019-09-26 00:00:00+00:00,257.99,259.654,255.235,259.39,951562,257.99,259.654,255.235,259.39,951562,0.0,1.0
2019-09-27 00:00:00+00:00,250.26,259.49,245.27,258.92,2286890,250.26,259.49,245.27,258.92,2286890,0.0,1.0
2019-09-30 00:00:00+00:00,253.85,254.8,249.51,252.2,1215258,253.85,254.8,249.51,252.2,1215258,0.0,1.0
2019-10-01 00:00:00+00:00,250.13,256.12,249.71,255.32,1711687,250.13,256.12,249.71,255.32,1711687,0.0,1.0
2019-10-02 00:00:00+00:00,246.85,250.76,243.54,249.06,1794633,246.85,250.76,243.54,249.06,1794633,0.0,1.0
2019-10-03 00:00:00+00:00,257.37,258.56,244.29,247.77,1680394,257.37,258.56,244.29,247.77,1680394,0.0,1.0
2019-10-04 00:00:00+00:00,266.48,267.22,259.58,260.23,1915057,266.48,267.22,259.58,260.23,1915057,0.0,1.0
2019-10-07 00:00:00+00:00,268.15,270.5,266.23,266.23,2005872,268.15,270.5,266.23,266.23,2005872,0.0,1.0
2019-10-08 00:00:00+00:00,258.13,268.37,257.98,266.0,1163222,258.13,268.37,257.98,266.0,1163222,0.0,1.0
2019-10-09 00:00:00+00:00,262.02,263.52,259.48,260.84,842231,262.02,263.52,259.48,260.84,842231,0.0,1.0
2019-10-10 00:00:00+00:00,263.18,264.675,259.1,260.02,776930,263.18,264.675,259.1,260.02,776930,0.0,1.0
2019-10-11 00:00:00+00:00,270.33,273.96,266.31,268.06,1751473,270.33,273.96,266.31,268.06,1751473,0.0,1.0
2019-10-14 00:00:00+00:00,269.44,271.2193,267.86,270.07,1359582,269.44,271.2193,267.86,270.07,1359582,0.0,1.0
2019-10-15 00:00:00+00:00,274.24,276.5,270.0,270.44,1774412,274.24,276.5,270.0,270.44,1774412,0.0,1.0
2019-10-16 00:00:00+00:00,254.6,260.75,249.1,258.93,4726266,254.6,260.75,249.1,258.93,4726266,0.0,1.0
2019-10-17 00:00:00+00:00,254.31,259.06,252.05,258.29,2211831,254.31,259.06,252.05,258.29,2211831,0.0,1.0
2019-10-18 00:00:00+00:00,243.0,257.51,240.62,253.97,4424288,243.0,257.51,240.62,253.97,4424288,0.0,1.0
2019-10-21 00:00:00+00:00,240.9,245.8073,239.1,245.09,3841388,240.9,245.8073,239.1,245.09,3841388,0.0,1.0
2019-10-22 00:00:00+00:00,228.34,242.45,225.0,241.91,8209392,228.34,242.45,225.0,241.91,8209392,0.0,1.0
2019-10-23 00:00:00+00:00,220.01,225.73,213.99,216.3,12271946,220.01,225.73,213.99,216.3,12271946,0.0,1.0
2019-10-24 00:00:00+00:00,237.78,243.82,232.25,236.56,9395730,237.78,243.82,232.25,236.56,9395730,0.0,1.0
2019-10-25 00:00:00+00:00,241.22,241.5,234.06,237.77,3337892,241.22,241.5,234.06,237.77,3337892,0.0,1.0
2019-10-28 00:00:00+00:00,244.7,246.28,240.0007,243.4,3476838,244.7,246.28,240.0007,243.4,3476838,0.0,1.0
2019-10-29 00:00:00+00:00,241.04,248.99,240.82,243.99,1871104,241.04,248.99,240.82,243.99,1871104,0.0,1.0
2019-10-30 00:00:00+00:00,249.95,250.24,239.025,243.34,1910110,249.95,250.24,239.025,243.34,1910110,0.0,1.0
2019-10-31 00:00:00+00:00,247.26,250.81,244.01,249.96,1454744,247.26,250.81,244.01,249.96,1454744,0.0,1.0
2019-11-01 00:00:00+00:00,253.03,256.16,247.41,248.94,2481158,253.03,256.16,247.41,248.94,2481158,0.0,1.0
2019-11-04 00:00:00+00:00,245.8,255.575,245.05,254.49,1808508,245.8,255.575,245.05,254.49,1808508,0.0,1.0
2019-11-05 00:00:00+00:00,241.86,246.4,239.13,245.81,2217424,241.86,246.4,239.13,245.81,2217424,0.0,1.0
2019-11-06 00:00:00+00:00,241.35,242.73,238.97,241.75,1372430,241.35,242.73,238.97,241.75,1372430,0.0,1.0
2019-11-07 00:00:00+00:00,240.89,244.65,239.81,242.0,1918786,240.89,244.65,239.81,242.0,1918786,0.0,1.0
2019-11-08 00:00:00+00:00,248.45,249.2,238.29,239.92,1942602,248.45,249.2,238.29,239.92,1942602,0.0,1.0
2019-11-11 00:00:00+00:00,248.55,250.0,245.815,247.31,1696632,248.55,250.0,245.815,247.31,1696632,0.0,1.0
2019-11-12 00:00:00+00:00,252.53,253.49,249.2,249.29,1888457,252.53,253.49,249.2,249.29,1888457,0.0,1.0
2019-11-13 00:00:00+00:00,253.94,255.11,249.01,250.93,1963294,253.94,255.11,249.01,250.93,1963294,0.0,1.0
2019-11-14 00:00:00+00:00,253.85,255.41,249.47,252.77,1805915,253.85,255.41,249.47,252.77,1805915,0.0,1.0
2019-11-15 00:00:00+00:00,259.96,260.04,254.29,255.5,2227680,259.96,260.04,254.29,255.5,2227680,0.0,1.0
2019-11-18 00:00:00+00:00,266.31,268.45,257.3,258.0,3176344,266.31,268.45,257.3,258.0,3176344,0.0,1.0
2019-11-19 00:00:00+00:00,277.74,279.9,272.53,277.25,9869106,277.74,279.9,272.53,277.25,9869106,0.0,1.0
2019-11-20 00:00:00+00:00,283.0,284.295,276.65,276.88,37860398,283.0,284.295,276.65,276.88,37860398,0.0,1.0
2019-11-21 00:00:00+00:00,279.12,283.47,277.75,282.32,4068806,279.12,283.47,277.75,282.32,4068806,0.0,1.0
2019-11-22 00:00:00+00:00,279.98,280.85,276.89,280.0,2152093,279.98,280.85,276.89,280.0,2152093,0.0,1.0
2019-11-25 00:00:00+00:00,279.75,284.0,278.41,280.0,3235572,279.75,284.0,278.41,280.0,3235572,0.0,1.0
2019-11-26 00:00:00+00:00,278.86,281.15,278.62,281.0,2361362,278.86,281.15,278.62,281.0,2361362,0.0,1.0
2019-11-27 00:00:00+00:00,281.28,281.49,277.85,279.51,1317876,281.28,281.49,277.85,279.51,1317876,0.0,1.0
2019-11-29 00:00:00+00:00,283.04,283.49,280.1,280.97,879899,283.04,283.49,280.1,280.97,879899,0.0,1.0
2019-12-02 00:00:00+00:00,277.35,283.0,269.5,283.0,2339931,277.35,283.0,269.5,283.0,2339931,0.0,1.0
2019-12-03 00:00:00+00:00,279.01,280.0,271.06,271.79,2351379,279.01,280.0,271.06,271.79,2351379,0.0,1.0
2019-12-04 00:00:00+00:00,273.8,278.07,272.8,277.87,1852491,273.8,278.07,272.8,277.87,1852491,0.0,1.0
2019-12-05 00:00:00+00:00,273.13,277.25,271.86,273.0,1173907,273.13,277.25,271.86,273.0,1173907,0.0,1.0
2019-12-06 00:00:00+00:00,272.04,275.309,269.62,274.9,1871264,272.04,275.309,269.62,274.9,1871264,0.0,1.0
2019-12-09 00:00:00+00:00,269.7,272.595,269.615,271.77,1058175,269.7,272.595,269.615,271.77,1058175,0.0,1.0
2019-12-10 00:00:00+00:00,266.78,272.445,266.2,270.0,1460678,266.78,272.445,266.2,270.0,1460678,0.0,1.0
2019-12-11 00:00:00+00:00,267.3,268.19,263.53,266.0,1772890,267.3,268.19,263.53,266.0,1772890,0.0,1.0
2019-12-12 00:00:00+00:00,265.65,268.59,264.08,266.36,2222420,265.65,268.59,264.08,266.36,2222420,0.0,1.0
2019-12-13 00:00:00+00:00,272.98,273.8,263.98,265.64,1866854,272.98,273.8,263.98,265.64,1866854,0.0,1.0
2019-12-16 00:00:00+00:00,281.79,281.8,274.11,274.33,2082135,281.79,281.8,274.11,274.33,2082135,0.0,1.0
2019-12-17 00:00:00+00:00,276.14,281.025,274.39,279.95,1925406,276.14,281.025,274.39,279.95,1925406,0.0,1.0
2019-12-18 00:00:00+00:00,277.45,280.18,276.095,277.43,1272473,277.45,280.18,276.095,277.43,1272473,0.0,1.0
2019-12-19 00:00:00+00:00,278.48,279.11,275.3304,277.45,1433613,278.48,279.11,275.3304,277.45,1433613,0.0,1.0
2019-12-20 00:00:00+00:00,282.63,282.83,278.7634,280.52,2301742,282.63,282.83,278.7634,280.52,2301742,0.0,1.0
2019-12-23 00:00:00+00:00,283.31,287.44,281.71,283.05,1941613,283.31,287.44,281.71,283.05,1941613,0.0,1.0
2019-12-24 00:00:00+00:00,284.2,284.92,282.57,283.9,305728,284.2,284.92,282.57,283.9,305728,0.0,1.0
2019-12-26 00:00:00+00:00,286.2,288.08,284.76,284.76,945982,286.2,288.08,284.76,284.76,945982,0.0,1.0
2019-12-27 00:00:00+00:00,286.88,288.07,284.111,288.07,997648,286.88,288.07,284.111,288.07,997648,0.0,1.0
2019-12-30 00:00:00+00:00,282.81,286.42,277.75,286.28,1406159,282.81,286.42,277.75,286.28,1406159,0.0,1.0
2019-12-31 00:00:00+00:00,282.32,283.85,279.79,280.41,970352,282.32,283.85,279.79,280.41,970352,0.0,1.0
2020-01-02 00:00:00+00:00,291.24,291.68,284.22,284.96,1831130,291.24,291.68,284.22,284.96,1831130,0.0,1.0
2020-01-03 00:00:00+00:00,291.1,293.06,286.5,286.9,1135765,291.1,293.06,286.5,286.9,1135765,0.0,1.0
2020-01-06 00:00:00+00:00,292.87,293.41,284.6,285.19,1473975,292.87,293.41,284.6,285.19,1473975,0.0,1.0
2020-01-07 00:00:00+00:00,292.91,294.58,288.03,293.22,1438553,292.91,294.58,288.03,293.22,1438553,0.0,1.0
2020-01-08 00:00:00+00:00,295.65,297.69,293.24,294.56,1740780,295.65,297.69,293.24,294.56,1740780,0.0,1.0
2020-01-09 00:00:00+00:00,299.31,299.77,294.225,297.3,1403360,299.31,299.77,294.225,297.3,1403360,0.0,1.0
2020-01-10 00:00:00+00:00,298.88,303.39,297.45,300.72,1258528,298.88,303.39,297.45,300.72,1258528,0.0,1.0
2020-01-13 00:00:00+00:00,303.85,305.86,301.0,302.35,1643776,303.85,305.86,301.0,302.35,1643776,0.0,1.0
2020-01-14 00:00:00+00:00,301.5,306.0,301.37,303.85,1498222,301.5,306.0,301.37,303.85,1498222,0.0,1.0
2020-01-15 00:00:00+00:00,304.87,307.73,301.9,302.0,1486320,304.87,307.73,301.9,302.0,1486320,0.0,1.0
2020-01-16 00:00:00+00:00,310.02,310.5,305.3481,306.0,2269365,310.02,310.5,305.3481,306.0,2269365,0.0,1.0
2020-01-17 00:00:00+00:00,312.52,312.79,309.56,310.44,2114117,312.52,312.79,309.56,310.44,2114117,0.0,1.0
2020-01-21 00:00:00+00:00,312.98,315.6,311.11,312.0,2558574,312.98,315.6,311.11,312.0,2558574,0.0,1.0
2020-01-22 00:00:00+00:00,312.85,317.2676,312.75,317.03,1769680,312.85,317.2676,312.75,317.03,1769680,0.0,1.0
2020-01-23 00:00:00+00:00,311.46,316.18,310.9,313.0,1590862,311.46,316.18,310.9,313.0,1590862,0.0,1.0
2020-01-24 00:00:00+00:00,309.39,318.84,307.78,314.58,1789576,309.39,318.84,307.78,314.58,1789576,0.0,1.0
2020-01-27 00:00:00+00:00,307.63,308.18,298.05,300.45,1724654,307.63,308.18,298.05,300.45,1724654,0.0,1.0
2020-01-28 00:00:00+00:00,314.05,315.21,308.4,309.29,1543691,314.05,315.21,308.4,309.29,1543691,0.0,1.0
2020-01-29 00:00:00+00:00,312.93,315.98,311.06,315.52,2536892,312.93,315.98,311.06,315.52,2536892,0.0,1.0
2020-01-30 00:00:00+00:00,341.62,343.89,329.65,333.73,4945641,341.62,343.89,329.65,333.73,4945641,0.0,1.0
2020-01-31 00:00:00+00:00,338.23,339.91,332.83,339.5,2432830,338.23,339.91,332.83,339.5,2432830,0.0,1.0
2020-02-03 00:00:00+00:00,343.2,344.75,337.245,338.41,2119017,343.2,344.75,337.245,338.41,2119017,0.0,1.0
2020-02-04 00:00:00+00:00,352.03,354.6438,344.52,346.0,2037916,352.03,354.6438,344.52,346.0,2037916,0.0,1.0
2020-02-05 00:00:00+00:00,338.5,355.99,334.81,353.17,2851044,338.5,355.99,334.81,353.17,2851044,0.0,1.0
2020-02-06 00:00:00+00:00,341.7,342.82,334.08,340.01,1474367,341.7,342.82,334.08,340.01,1474367,0.0,1.0
2020-02-07 00:00:00+00:00,341.06,345.77,339.69,341.71,1677690,341.06,345.77,339.69,341.71,1677690,0.0,1.0
2020-02-10 00:00:00+00:00,342.77,345.0,338.9,340.72,1781885,342.77,345.0,338.9,340.72,1781885,0.0,1.0
2020-02-11 00:00:00+00:00,343.57,346.19,341.04,345.96,1194805,343.57,346.19,341.04,345.96,1194805,0.0,1.0
2020-02-12 00:00:00+00:00,349.8,350.43,339.5,345.02,1306511,349.8,350.43,339.5,345.02,1306511,0.0,1.0
2020-02-13 00:00:00+00:00,351.81,357.0,347.5,347.5,2488282,351.81,357.0,347.5,347.5,2488282,0.0,1.0
2020-02-14 00:00:00+00:00,356.16,356.32,350.88,353.64,1106141,356.16,356.32,350.88,353.64,1106141,0.0,1.0
2020-02-18 00:00:00+00:00,357.49,358.756,354.04,356.0,1288934,357.49,358.756,354.04,356.0,1288934,0.0,1.0
2020-02-19 00:00:00+00:00,357.72,362.95,357.4,358.75,1306818,357.72,362.95,357.4,358.75,1306818,0.0,1.0
2020-02-20 00:00:00+00:00,352.94,361.98,345.41,357.72,1948079,352.94,361.98,345.41,357.72,1948079,0.0,1.0
2020-02-21 00:00:00+00:00,344.48,351.75,338.78,350.48,2348646,344.48,351.75,338.78,350.48,2348646,0.0,1.0
2020-02-24 00:00:00+00:00,333.56,336.5,324.19,327.34,2016720,333.56,336.5,324.19,327.34,2016720,0.0,1.0
2020-02-25 00:00:00+00:00,329.72,342.08,327.57,338.56,1839212,329.72,342.08,327.57,338.56,1839212,0.0,1.0
2020-02-26 00:00:00+00:00,334.27,342.51,330.25,331.0,1616393,334.27,342.51,330.25,331.0,1616393,0.0,1.0
2020-02-27 00:00:00+00:00,320.1,331.43,317.77,323.69,2275578,320.1,331.43,317.77,323.69,2275578,0.0,1.0
2020-02-28 00:00:00+00:00,326.09,327.0,307.1,310.0,3202453,326.09,327.0,307.1,310.0,3202453,0.0,1.0
2020-03-02 00:00:00+00:00,344.4,344.48,326.32,333.83,2698382,344.4,344.48,326.32,333.83,2698382,0.0,1.0
2020-03-03 00:00:00+00:00,329.63,350.7,325.1303,344.39,2952176,329.63,350.7,325.1303,344.39,2952176,0.0,1.0
2020-03-04 00:00:00+00:00,345.07,345.215,331.63,336.74,1575354,345.07,345.215,331.63,336.74,1575354,0.0,1.0
2020-03-05 00:00:00+00:00,329.33,343.03,326.27,337.49,1959530,329.33,343.03,326.27,337.49,1959530,0.0,1.0
2020-03-06 00:00:00+00:00,317.24,323.51,300.8,319.39,4108534,317.24,323.51,300.8,319.39,4108534,0.0,1.0
2020-03-09 00:00:00+00:00,292.09,306.8406,288.0,294.39,3434347,292.09,306.8406,288.0,294.39,3434347,0.0,1.0
2020-03-10 00:00:00+00:00,312.8,313.0,291.62,302.38,3918986,312.8,313.0,291.62,302.38,3918986,0.0,1.0
2020-03-11 00:00:00+00:00,290.63,310.265,283.81,304.98,2908476,290.63,310.265,283.81,304.98,2908476,0.0,1.0
2020-03-12 00:00:00+00:00,262.12,287.1344,261.61,270.04,3876897,262.12,287.1344,261.61,270.04,3876897,0.0,1.0
2020-03-13 00:00:00+00:00,287.67,288.5,264.84,277.41,3037582,287.67,288.5,264.84,277.41,3037582,0.0,1.0
2020-03-16 00:00:00+00:00,265.43,283.844,250.0,251.01,3385939,265.43,283.844,250.0,251.01,3385939,0.0,1.0
2020-03-17 00:00:00+00:00,287.42,302.9786,270.02,271.41,3908108,287.42,302.9786,270.02,271.41,3908108,0.0,1.0
2020-03-18 00:00:00+00:00,278.16,279.94,238.93,266.0,4427001,278.16,279.94,238.93,266.0,4427001,0.0,1.0
2020-03-19 00:00:00+00:00,277.66,290.0,258.01,276.46,2791982,277.66,290.0,258.01,276.46,2791982,0.0,1.0
2020-03-20 00:00:00+00:00,254.7,284.68,252.25,276.06,3500388,254.7,284.68,252.25,276.06,3500388,0.0,1.0
2020-03-23 00:00:00+00:00,255.32,260.39,240.16,254.9,2822989,255.32,260.39,240.16,254.9,2822989,0.0,1.0
2020-03-24 00:00:00+00:00,272.0,283.6,268.54,275.58,3370871,272.0,283.6,268.54,275.58,3370871,0.0,1.0
2020-03-25 00:00:00+00:00,264.67,278.947,257.32,272.35,3088499,264.67,278.947,257.32,272.35,3088499,0.0,1.0
2020-03-26 00:00:00+00:00,294.73,295.0,267.985,269.69,3731021,294.73,295.0,267.985,269.69,3731021,0.0,1.0
2020-03-27 00:00:00+00:00,274.0,284.13,269.46,284.13,3075145,274.0,284.13,269.46,284.13,3075145,0.0,1.0
2020-03-30 00:00:00+00:00,286.39,292.695,275.2,277.77,2368644,286.39,292.695,275.2,277.77,2368644,0.0,1.0
2020-03-31 00:00:00+00:00,286.58,296.1698,281.31,289.59,3393325,286.58,296.1698,281.31,289.59,3393325,0.0,1.0
2020-04-01 00:00:00+00:00,273.07,278.8,268.68,274.39,2421273,273.07,278.8,268.68,274.39,2421273,0.0,1.0
2020-04-02 00:00:00+00:00,259.0,272.62,249.2453,265.0,4416724,259.0,272.62,249.2453,265.0,4416724,0.0,1.0
2020-04-03 00:00:00+00:00,249.57,261.16,246.67,258.85,2848806,249.57,261.16,246.67,258.85,2848806,0.0,1.0
2020-04-06 00:00:00+00:00,269.95,272.25,255.5112,259.49,3213878,269.95,272.25,255.5112,259.49,3213878,0.0,1.0
2020-04-07 00:00:00+00:00,262.35,278.1,255.24,277.0,3045021,262.35,278.1,255.24,277.0,3045021,0.0,1.0
2020-04-08 00:00:00+00:00,274.05,276.41,263.905,266.44,1768897,274.05,276.41,263.905,266.44,1768897,0.0,1.0
2020-04-09 00:00:00+00:00,278.06,285.12,274.615,276.08,2754183,278.06,285.12,274.615,276.08,2754183,0.0,1.0
2020-04-13 00:00:00+00:00,283.56,284.5,273.76,276.76,2319468,283.56,284.5,273.76,276.76,2319468,0.0,1.0
2020-04-14 00:00:00+00:00,302.09,303.14,289.28,297.0,2555754,302.09,303.14,289.28,297.0,2555754,0.0,1.0
2020-04-15 00:00:00+00:00,295.92,299.39,293.56,297.21,1799467,295.92,299.39,293.56,297.21,1799467,0.0,1.0
2020-04-16 00:00:00+00:00,291.94,301.85,289.215,300.48,2072827,291.94,301.85,289.215,300.48,2072827,0.0,1.0
2020-04-17 00:00:00+00:00,299.59,303.12,296.51,302.09,2128487,299.59,303.12,296.51,302.09,2128487,0.0,1.0
2020-04-20 00:00:00+00:00,302.46,308.1351,296.6,298.19,1876988,302.46,308.1351,296.6,298.19,1876988,0.0,1.0
2020-04-21 00:00:00+00:00,288.77,303.7003,281.57,298.96,2872878,288.77,303.7003,281.57,298.96,2872878,0.0,1.0
2020-04-22 00:00:00+00:00,299.61,302.68,293.06,295.92,1420788,299.61,302.68,293.06,295.92,1420788,0.0,1.0
2020-04-23 00:00:00+00:00,297.31,304.689,296.0,300.0,1456823,297.31,304.689,296.0,300.0,1456823,0.0,1.0
2020-04-24 00:00:00+00:00,302.94,303.68,292.6995,297.53,1475053,302.94,303.68,292.6995,297.53,1475053,0.0,1.0
2020-04-27 00:00:00+00:00,308.6,311.0,306.27,307.53,1156320,308.6,311.0,306.27,307.53,1156320,0.0,1.0
2020-04-28 00:00:00+00:00,296.0,315.0,295.78,312.79,2251547,296.0,315.0,295.78,312.79,2251547,0.0,1.0
2020-04-29 00:00:00+00:00,321.99,325.44,301.57,301.6,3476372,321.99,325.44,301.57,301.6,3476372,0.0,1.0
2020-04-30 00:00:00+00:00,351.54,357.78,327.49,327.84,5387769,351.54,357.78,327.49,327.84,5387769,0.0,1.0
2020-05-01 00:00:00+00:00,339.51,351.0,336.0,342.09,2448327,339.51,351.0,336.0,342.09,2448327,0.0,1.0
2020-05-04 00:00:00+00:00,354.64,356.5,335.01,336.52,2537857,354.64,356.5,335.01,336.52,2537857,0.0,1.0
2020-05-05 00:00:00+00:00,370.64,376.18,356.07,360.0,2975824,370.64,376.18,356.07,360.0,2975824,0.0,1.0
2020-05-06 00:00:00+00:00,365.39,379.8,364.5,374.63,2375275,365.39,379.8,364.5,374.63,2375275,0.0,1.0
2020-05-07 00:00:00+00:00,381.83,386.5746,368.53,368.97,2755033,381.83,386.5746,368.53,368.97,2755033,0.0,1.0
2020-05-08 00:00:00+00:00,377.26,387.6,376.13,384.0,2103846,377.26,387.6,376.13,384.0,2103846,0.0,1.0
2020-05-11 00:00:00+00:00,383.65,388.5,370.04,375.0,1575735,383.65,388.5,370.04,375.0,1575735,0.0,1.0
2020-05-12 00:00:00+00:00,365.6,384.99,364.57,384.13,3388369,365.6,384.99,364.57,384.13,3388369,0.0,1.0
2020-05-13 00:00:00+00:00,361.29,370.46,351.29,366.01,2894634,361.29,370.46,351.29,366.01,2894634,0.0,1.0
2020-05-14 00:00:00+00:00,367.83,370.06,351.51,358.71,2306009,367.83,370.06,351.51,358.71,2306009,0.0,1.0
2020-05-15 00:00:00+00:00,370.46,372.45,363.06,365.45,2502831,370.46,372.45,363.06,365.45,2502831,0.0,1.0
2020-05-18 00:00:00+00:00,374.87,381.779,373.18,378.0,1754483,374.87,381.779,373.18,378.0,1754483,0.0,1.0
2020-05-19 00:00:00+00:00,382.88,389.67,373.23,375.0,1721625,382.88,389.67,373.23,375.0,1721625,0.0,1.0
2020-05-20 00:00:00+00:00,390.16,394.755,384.39,390.0,1463569,390.16,394.755,384.39,390.0,1463569,0.0,1.0
2020-05-21 00:00:00+00:00,383.64,393.5858,382.41,390.52,991653,383.64,393.5858,382.41,390.52,991653,0.0,1.0
2020-05-22 00:00:00+00:00,387.96,394.14,384.99,389.04,1006087,387.96,394.14,384.99,389.04,1006087,0.0,1.0
2020-05-26 00:00:00+00:00,380.67,396.15,379.63,396.13,1714726,380.67,396.15,379.63,396.13,1714726,0.0,1.0
2020-05-27 00:00:00+00:00,371.16,378.05,352.07,378.05,3760558,371.16,378.05,352.07,378.05,3760558,0.0,1.0
2020-05-28 00:00:00+00:00,377.98,386.67,368.46,370.0,1546630,377.98,386.67,368.46,370.0,1546630,0.0,1.0
2020-05-29 00:00:00+00:00,387.93,388.23,378.625,381.41,1968935,387.93,388.23,378.625,381.41,1968935,0.0,1.0
2020-06-01 00:00:00+00:00,383.37,387.935,381.85,385.06,1335764,383.37,387.935,381.85,385.06,1335764,0.0,1.0
2020-06-02 00:00:00+00:00,392.9,392.9,375.44,384.45,2022851,392.9,392.9,375.44,384.45,2022851,0.0,1.0
2020-06-03 00:00:00+00:00,388.09,393.11,381.1001,389.99,1400826,388.09,393.11,381.1001,389.99,1400826,0.0,1.0
2020-06-04 00:00:00+00:00,376.95,389.6999,372.42,385.69,2085755,376.95,389.6999,372.42,385.69,2085755,0.0,1.0
2020-06-05 00:00:00+00:00,390.46,390.68,367.03,370.0,2455309,390.46,390.68,367.03,370.0,2455309,0.0,1.0
2020-06-08 00:00:00+00:00,386.64,388.77,375.68,386.58,1512698,386.64,388.77,375.68,386.58,1512698,0.0,1.0
2020-06-09 00:00:00+00:00,388.83,398.0,385.4913,390.98,1688089,388.83,398.0,385.4913,390.98,1688089,0.0,1.0
2020-06-10 00:00:00+00:00,401.66,405.53,392.34,392.34,2003100,401.66,405.53,392.34,392.34,2003100,0.0,1.0
2020-06-11 00:00:00+00:00,375.05,397.46,372.87,393.83,2924490,375.05,397.46,372.87,393.83,2924490,0.0,1.0
2020-06-12 00:00:00+00:00,385.13,392.38,377.76,387.62,1555615,385.13,392.38,377.76,387.62,1555615,0.0,1.0
2020-06-15 00:00:00+00:00,392.5,393.98,375.37,378.2,1436608,392.5,393.98,375.37,378.2,1436608,0.0,1.0
2020-06-16 00:00:00+00:00,398.46,402.87,389.19,400.0,1743797,398.46,402.87,389.19,400.0,1743797,0.0,1.0
2020-06-17 00:00:00+00:00,400.65,407.59,398.05,400.01,1562104,400.65,407.59,398.05,400.01,1562104,0.0,1.0
2020-06-18 00:00:00+00:00,401.03,404.49,396.1,402.26,1320494,401.03,404.49,396.1,402.26,1320494,0.0,1.0
2020-06-19 00:00:00+00:00,399.87,407.99,398.44,406.25,2303792,399.87,407.99,398.44,406.25,2303792,0.0,1.0
2020-06-22 00:00:00+00:00,402.82,403.22,391.8519,396.42,1568158,402.82,403.22,391.8519,396.42,1568158,0.0,1.0
2020-06-23 00:00:00+00:00,400.94,409.8,397.38,408.0,1671264,400.94,409.8,397.38,408.0,1671264,0.0,1.0
2020-06-24 00:00:00+00:00,392.93,405.24,388.865,399.78,1450201,392.93,405.24,388.865,399.78,1450201,0.0,1.0
2020-06-25 00:00:00+00:00,401.64,401.69,385.66,391.715,1295031,401.64,401.69,385.66,391.715,1295031,0.0,1.0
2020-06-26 00:00:00+00:00,399.97,402.84,391.08,401.83,2013083,399.97,402.84,391.08,401.83,2013083,0.0,1.0
2020-06-29 00:00:00+00:00,394.55,402.99,385.5,401.48,1388100,394.55,402.99,385.5,401.48,1388100,0.0,1.0
2020-06-30 00:00:00+00:00,405.06,406.17,394.0,394.88,1760300,405.06,406.17,394.0,394.88,1760300,0.0,1.0
2020-07-01 00:00:00+00:00,416.79,417.62,403.5,405.38,1794500,416.79,417.62,403.5,405.38,1794500,0.0,1.0
2020-07-02 00:00:00+00:00,414.21,424.84,412.69,421.31,1385300,414.21,424.84,412.69,421.31,1385300,0.0,1.0
2020-07-06 00:00:00+00:00,416.44,425.0,412.15,419.29,1774600,416.44,425.0,412.15,419.29,1774600,0.0,1.0
2020-07-07 00:00:00+00:00,411.74,421.23,410.97,416.44,1313400,411.74,421.23,410.97,416.44,1313400,0.0,1.0
2020-07-08 00:00:00+00:00,425.2,426.78,415.5,416.8,1515900,425.2,426.78,415.5,416.8,1515900,0.0,1.0
2020-07-09 00:00:00+00:00,426.37,430.83,415.6,428.0,1406500,426.37,430.83,415.6,428.0,1406500,0.0,1.0
2020-07-10 00:00:00+00:00,422.91,427.78,419.46,426.5,1482300,422.91,427.78,419.46,426.5,1482300,0.0,1.0
2020-07-13 00:00:00+00:00,401.87,427.78,399.47,425.0,1622400,401.87,427.78,399.47,425.0,1622400,0.0,1.0
2020-07-14 00:00:00+00:00,413.23,413.81,390.84,400.0,1781400,413.23,413.81,390.84,400.0,1781400,0.0,1.0
2020-07-15 00:00:00+00:00,423.56,425.96,415.74,422.89,2117500,423.56,425.96,415.74,422.89,2117500,0.0,1.0
2020-07-16 00:00:00+00:00,413.88,418.26,404.49,416.06,1445800,413.88,418.26,404.49,416.06,1445800,0.0,1.0
2020-07-17 00:00:00+00:00,421.81,423.4,411.45,415.75,1099300,421.81,423.4,411.45,415.75,1099300,0.0,1.0
2020-07-20 00:00:00+00:00,449.27,454.7,424.54,425.0,3130116,449.27,454.7,424.54,425.0,3130116,0.0,1.0
2020-07-21 00:00:00+00:00,437.22,447.47,434.18,447.23,1606323,437.22,447.47,434.18,447.23,1606323,0.0,1.0
2020-07-22 00:00:00+00:00,441.6,443.9649,434.315,440.0,872830,441.6,443.9649,434.315,440.0,872830,0.0,1.0
2020-07-23 00:00:00+00:00,430.85,448.34,428.62,441.1,1324394,430.85,448.34,428.62,441.1,1324394,0.0,1.0
2020-07-24 00:00:00+00:00,425.19,430.31,414.599,420.28,1003821,425.19,430.31,414.599,420.28,1003821,0.0,1.0
2020-07-27 00:00:00+00:00,433.81,436.16,426.005,430.0,985255,433.81,436.16,426.005,430.0,985255,0.0,1.0
2020-07-28 00:00:00+00:00,435.04,442.58,431.0,435.0,1038071,435.04,442.58,431.0,435.0,1038071,0.0,1.0
2020-07-29 00:00:00+00:00,445.71,446.505,437.87,442.57,2255868,445.71,446.505,437.87,442.57,2255868,0.0,1.0
2020-07-30 00:00:00+00:00,431.4,438.6,421.33,432.72,3143077,431.4,438.6,421.33,432.72,3143077,0.0,1.0
2020-07-31 00:00:00+00:00,439.2,439.2,428.3176,436.99,1745876,439.2,439.2,428.3176,436.99,1745876,0.0,1.0
2020-08-03 00:00:00+00:00,439.96,444.79,431.16,443.72,1801941,439.96,444.79,431.16,443.72,1801941,0.0,1.0
2020-08-04 00:00:00+00:00,438.15,442.49,433.87,437.42,1141120,438.15,442.49,433.87,437.42,1141120,0.0,1.0
2020-08-05 00:00:00+00:00,435.74,441.05,435.33,440.0,1018629,435.74,441.05,435.33,440.0,1018629,0.0,1.0
2020-08-06 00:00:00+00:00,430.33,439.57,425.335,437.88,2230896,430.33,439.57,425.335,437.88,2230896,0.0,1.0
2020-08-07 00:00:00+00:00,431.21,439.2877,423.714,432.04,2459662,431.21,439.2877,423.714,432.04,2459662,0.0,1.0
2020-08-10 00:00:00+00:00,438.68,439.13,422.17,430.44,2724446,438.68,439.13,422.17,430.44,2724446,0.0,1.0
2020-08-11 00:00:00+00:00,421.36,434.99,418.533,434.35,1639128,421.36,434.99,418.533,434.35,1639128,0.0,1.0
2020-08-12 00:00:00+00:00,427.13,431.43,423.05,425.14,1619889,427.13,431.43,423.05,425.14,1619889,0.0,1.0
2020-08-13 00:00:00+00:00,438.42,439.81,426.71,427.86,1700125,438.42,439.81,426.71,427.86,1700125,0.0,1.0
2020-08-14 00:00:00+00:00,435.73,442.8927,434.32,438.36,1252370,435.73,442.8927,434.32,438.36,1252370,0.0,1.0
2020-08-17 00:00:00+00:00,442.37,445.15,436.98,436.98,1897063,442.37,445.15,436.98,436.98,1897063,0.0,1.0
2020-08-18 00:00:00+00:00,437.58,444.36,435.3,441.72,2272083,437.58,444.36,435.3,441.72,2272083,0.0,1.0
2020-08-19 00:00:00+00:00,437.13,443.64,432.1,438.0,1964921,437.13,443.64,432.1,438.0,1964921,0.0,1.0
2020-08-20 00:00:00+00:00,453.34,454.73,433.355,435.42,2718235,453.34,454.73,433.355,435.42,2718235,0.0,1.0
2020-08-21 00:00:00+00:00,449.42,453.99,446.1789,452.78,2339210,449.42,453.99,446.1789,452.78,2339210,0.0,1.0
2020-08-24 00:00:00+00:00,448.1,458.64,445.0,453.05,2357007,448.1,458.64,445.0,453.05,2357007,0.0,1.0
2020-08-25 00:00:00+00:00,457.93,458.88,445.74,450.0,1164912,457.93,458.88,445.74,450.0,1164912,0.0,1.0
2020-08-26 00:00:00+00:00,487.7,488.582,464.101,465.0,2199754,487.7,488.582,464.101,465.0,2199754,0.0,1.0
2020-08-27 00:00:00+00:00,480.55,485.1,474.5,485.0,1521161,480.55,485.1,474.5,485.0,1521161,0.0,1.0
2020-08-28 00:00:00+00:00,487.87,494.0,484.4,485.0,1061372,487.87,494.0,484.4,485.0,1061372,0.0,1.0
2020-08-31 00:00:00+00:00,482.02,489.995,480.99,488.25,1390680,482.02,489.995,480.99,488.25,1390680,0.0,1.0
2020-09-01 00:00:00+00:00,497.19,497.25,482.58,485.0,1370853,497.19,497.25,482.58,485.0,1370853,0.0,1.0
2020-09-02 00:00:00+00:00,499.69,501.82,482.66,500.0,1355545,499.69,501.82,482.66,500.0,1355545,0.0,1.0
2020-09-03 00:00:00+00:00,468.84,487.99,462.67,485.0,2024617,468.84,487.99,462.67,485.0,2024617,0.0,1.0
2020-09-04 00:00:00+00:00,450.35,470.0,435.1,466.0,2680167,450.35,470.0,435.1,466.0,2680167,0.0,1.0
2020-09-08 00:00:00+00:00,443.14,452.73,432.85,439.99,1765371,443.14,452.73,432.85,439.99,1765371,0.0,1.0
2020-09-09 00:00:00+00:00,458.2,462.86,441.845,452.09,1805559,458.2,462.86,441.845,452.09,1805559,0.0,1.0
2020-09-10 00:00:00+00:00,452.98,468.32,450.27,461.0,1114841,452.98,468.32,450.27,461.0,1114841,0.0,1.0
2020-09-11 00:00:00+00:00,445.9,458.49,439.76,457.63,895909,445.9,458.49,439.76,457.63,895909,0.0,1.0
2020-09-14 00:00:00+00:00,458.06,463.2,451.17,451.42,1434433,458.06,463.2,451.17,451.42,1434433,0.0,1.0
2020-09-15 00:00:00+00:00,473.96,474.315,462.6096,463.23,1120502,473.96,474.315,462.6096,463.23,1120502,0.0,1.0
2020-09-16 00:00:00+00:00,456.01,479.44,455.78,476.47,1507316,456.01,479.44,455.78,476.47,1507316,0.0,1.0
2020-09-17 00:00:00+00:00,453.8,455.0,442.0,445.7,1578503,453.8,455.0,442.0,445.7,1578503,0.0,1.0
2020-09-18 00:00:00+00:00,453.09,457.255,442.71,454.15,1461231,453.09,457.255,442.71,454.15,1461231,0.0,1.0
2020-09-21 00:00:00+00:00,461.88,462.4,446.2,446.82,1106413,461.88,462.4,446.2,446.82,1106413,0.0,1.0
2020-09-22 00:00:00+00:00,470.57,471.1,454.6049,465.75,930129,470.57,471.1,454.6049,465.75,930129,0.0,1.0
2020-09-23 00:00:00+00:00,460.47,473.315,459.04,470.0,826736,460.47,473.315,459.04,470.0,826736,0.0,1.0
2020-09-24 00:00:00+00:00,460.12,465.17,453.7,458.79,842539,460.12,465.17,453.7,458.79,842539,0.0,1.0
2020-09-25 00:00:00+00:00,479.97,481.65,464.565,468.91,1206757,479.97,481.65,464.565,468.91,1206757,0.0,1.0
2020-09-28 00:00:00+00:00,484.21,488.4,478.97,486.61,1257986,484.21,488.4,478.97,486.61,1257986,0.0,1.0
2020-09-29 00:00:00+00:00,487.98,489.56,483.0952,486.35,829337,487.98,489.56,483.0952,486.35,829337,0.0,1.0
2020-09-30 00:00:00+00:00,485.0,493.31,481.15,485.67,1202344,485.0,493.31,481.15,485.67,1202344,0.0,1.0
2020-10-01 00:00:00+00:00,492.52,495.13,487.4528,491.57,922437,492.52,495.13,487.4528,491.57,922437,0.0,1.0
2020-10-02 00:00:00+00:00,493.15,502.63,478.99,480.49,1593110,493.15,502.63,478.99,480.49,1593110,0.0,1.0
2020-10-05 00:00:00+00:00,501.79,502.23,491.2702,495.61,1287437,501.79,502.23,491.2702,495.61,1287437,0.0,1.0
2020-10-06 00:00:00+00:00,491.54,502.5999,489.82,500.0,1075785,491.54,502.5999,489.82,500.0,1075785,0.0,1.0
2020-10-07 00:00:00+00:00,500.0,504.21,494.0,497.63,858048,500.0,504.21,494.0,497.63,858048,0.0,1.0
2020-10-08 00:00:00+00:00,496.5,505.0,492.0,505.0,823356,496.5,505.0,492.0,505.0,823356,0.0,1.0
2020-10-09 00:00:00+00:00,508.61,510.88,502.01,503.56,1193425,508.61,510.88,502.01,503.56,1193425,0.0,1.0
2020-10-12 00:00:00+00:00,509.09,515.55,502.0,513.55,896321,509.09,515.55,502.0,513.55,896321,0.0,1.0
2020-10-13 00:00:00+00:00,518.3,522.77,511.23,516.51,1180580,518.3,522.77,511.23,516.51,1180580,0.0,1.0
2020-10-14 00:00:00+00:00,516.89,521.5,509.98,520.0,990207,516.89,521.5,509.98,520.0,990207,0.0,1.0
2020-10-15 00:00:00+00:00,520.68,522.99,506.0,509.48,945391,520.68,522.99,506.0,509.48,945391,0.0,1.0
2020-10-16 00:00:00+00:00,524.87,530.73,520.99,524.15,1031892,524.87,530.73,520.99,524.15,1031892,0.0,1.0
2020-10-19 00:00:00+00:00,521.95,533.37,519.39,526.44,891807,521.95,533.37,519.39,526.44,891807,0.0,1.0
2020-10-20 00:00:00+00:00,518.19,527.58,515.915,523.0,826498,518.19,527.58,515.915,523.0,826498,0.0,1.0
2020-10-21 00:00:00+00:00,510.28,519.53,506.83,518.68,831294,510.28,519.53,506.83,518.68,831294,0.0,1.0
2020-10-22 00:00:00+00:00,505.96,513.55,495.17,511.7,858230,505.96,513.55,495.17,511.7,858230,0.0,1.0
2020-10-23 00:00:00+00:00,514.01,514.23,505.23,509.09,845229,514.01,514.23,505.23,509.09,845229,0.0,1.0
2020-10-26 00:00:00+00:00,501.61,521.86,492.51,518.01,1621213,501.61,521.86,492.51,518.01,1621213,0.0,1.0
2020-10-27 00:00:00+00:00,499.81,510.0,498.52,508.79,1204132,499.81,510.0,498.52,508.79,1204132,0.0,1.0
2020-10-28 00:00:00+00:00,484.05,489.9199,480.15,486.95,1776599,484.05,489.9199,480.15,486.95,1776599,0.0,1.0
2020-10-29 00:00:00+00:00,510.59,517.9,493.0001,497.0,2857371,510.59,517.9,493.0001,497.0,2857371,0.0,1.0
2020-10-30 00:00:00+00:00,497.57,507.9802,485.59,504.4,1873925,497.57,507.9802,485.59,504.4,1873925,0.0,1.0
2020-11-02 00:00:00+00:00,476.0,507.575,474.285,499.21,1983704,476.0,507.575,474.285,499.21,1983704,0.0,1.0
2020-11-03 00:00:00+00:00,480.05,484.71,472.01,477.61,1783333,480.05,484.71,472.01,477.61,1783333,0.0,1.0
2020-11-04 00:00:00+00:00,513.58,518.23,501.0,506.35,2223775,513.58,518.23,501.0,506.35,2223775,0.0,1.0
2020-11-05 00:00:00+00:00,531.08,533.84,520.495,523.31,1186473,531.08,533.84,520.495,523.31,1186473,0.0,1.0
2020-11-06 00:00:00+00:00,535.18,537.53,519.0,529.53,826425,535.18,537.53,519.0,529.53,826425,0.0,1.0
2020-11-09 00:00:00+00:00,501.96,528.21,500.79,509.65,2398459,501.96,528.21,500.79,509.65,2398459,0.0,1.0
2020-11-10 00:00:00+00:00,481.28,499.68,472.01,495.53,2501693,481.28,499.68,472.01,495.53,2501693,0.0,1.0
2020-11-11 00:00:00+00:00,503.36,508.0575,489.55,493.71,1578845,503.36,508.0575,489.55,493.71,1578845,0.0,1.0
2020-11-12 00:00:00+00:00,509.78,525.01,506.37,520.45,1631603,509.78,525.01,506.37,520.45,1631603,0.0,1.0
2020-11-13 00:00:00+00:00,508.01,511.6,495.52,511.6,1235170,508.01,511.6,495.52,511.6,1235170,0.0,1.0
2020-11-16 00:00:00+00:00,502.28,505.7507,495.1891,497.49,1587082,502.28,505.7507,495.1891,497.49,1587082,0.0,1.0
2020-11-17 00:00:00+00:00,513.1,516.0,504.07,505.0,1151537,513.1,516.0,504.07,505.0,1151537,0.0,1.0
2020-11-18 00:00:00+00:00,507.12,513.56,502.39,511.25,1016214,507.12,513.56,502.39,511.25,1016214,0.0,1.0
2020-11-19 00:00:00+00:00,514.33,519.93,505.0,508.2,978532,514.33,519.93,505.0,508.2,978532,0.0,1.0
2020-11-20 00:00:00+00:00,518.06,526.46,514.0,515.61,1184583,518.06,526.46,514.0,515.61,1184583,0.0,1.0
2020-11-23 00:00:00+00:00,522.11,524.87,514.2665,520.1,1294155,522.11,524.87,514.2665,520.1,1294155,0.0,1.0
2020-11-24 00:00:00+00:00,514.69,526.0,510.155,522.71,1155750,514.69,526.0,510.155,522.71,1155750,0.0,1.0
2020-11-25 00:00:00+00:00,519.22,524.0,511.792,519.0,1083610,519.22,524.0,511.792,519.0,1083610,0.0,1.0
2020-11-27 00:00:00+00:00,527.48,529.7799,515.845,521.0,741692,527.48,529.7799,515.845,521.0,741692,0.0,1.0
2020-11-30 00:00:00+00:00,534.55,535.0,520.98,530.0,1722519,534.55,535.0,520.98,530.0,1722519,0.0,1.0
2020-12-01 00:00:00+00:00,539.59,541.74,525.955,536.0,1123483,539.59,541.74,525.955,536.0,1123483,0.0,1.0
2020-12-02 00:00:00+00:00,526.52,535.0,521.17,530.77,1088450,526.52,535.0,521.17,530.77,1088450,0.0,1.0
2020-12-03 00:00:00+00:00,525.24,539.5,523.3,527.79,1022407,525.24,539.5,523.3,527.79,1022407,0.0,1.0
2020-12-04 00:00:00+00:00,525.7,529.75,522.24,525.54,744666,525.7,529.75,522.24,525.54,744666,0.0,1.0
2020-12-07 00:00:00+00:00,533.25,534.74,527.91,528.76,1379565,533.25,534.74,527.91,528.76,1379565,0.0,1.0
2020-12-08 00:00:00+00:00,542.25,544.05,528.6,536.79,1869984,542.25,544.05,528.6,536.79,1869984,0.0,1.0
2020-12-09 00:00:00+00:00,527.99,545.0,525.65,544.43,1637492,527.99,545.0,525.65,544.43,1637492,0.0,1.0
2020-12-10 00:00:00+00:00,538.0,538.56,518.51,526.5,1032898,538.0,538.56,518.51,526.5,1032898,0.0,1.0
2020-12-11 00:00:00+00:00,537.36,540.69,530.835,538.19,855076,537.36,540.69,530.835,538.19,855076,0.0,1.0
2020-12-14 00:00:00+00:00,532.48,539.105,530.96,538.5,1280746,532.48,539.105,530.96,538.5,1280746,0.0,1.0
2020-12-15 00:00:00+00:00,527.38,535.11,525.08,532.0,1072741,527.38,535.11,525.08,532.0,1072741,0.0,1.0
2020-12-16 00:00:00+00:00,545.0,549.88,532.0,532.95,1515407,545.0,549.88,532.0,532.95,1515407,0.0,1.0
2020-12-17 00:00:00+00:00,554.07,558.34,549.47,549.47,1228176,554.07,558.34,549.47,549.47,1228176,0.0,1.0
2020-12-18 00:00:00+00:00,565.43,566.74,555.55,558.47,2152770,565.43,566.74,555.55,558.47,2152770,0.0,1.0
2020-12-21 00:00:00+00:00,550.82,562.45,542.7,558.02,1642674,550.82,562.45,542.7,558.02,1642674,0.0,1.0
2020-12-22 00:00:00+00:00,561.72,562.5,548.9701,550.71,1199630,561.72,562.5,548.9701,550.71,1199630,0.0,1.0
2020-12-23 00:00:00+00:00,550.06,565.0,549.72,561.61,887700,550.06,565.0,549.72,561.61,887700,0.0,1.0
2020-12-24 00:00:00+00:00,553.89,560.54,552.74,555.3,623701,553.89,560.54,552.74,555.3,623701,0.0,1.0
2020-12-28 00:00:00+00:00,543.74,563.0,540.9,563.0,1039703,543.74,563.0,540.9,563.0,1039703,0.0,1.0
2020-12-29 00:00:00+00:00,545.98,551.63,539.305,550.22,926378,545.98,551.63,539.305,550.22,926378,0.0,1.0
2020-12-30 00:00:00+00:00,547.38,552.0,544.6601,550.82,580074,547.38,552.0,544.6601,550.82,580074,0.0,1.0
2020-12-31 00:00:00+00:00,550.43,551.08,543.71,547.01,664943,550.43,551.08,543.71,547.01,664943,0.0,1.0
2021-01-04 00:00:00+00:00,526.83,557.36,521.51,556.94,1889186,526.83,557.36,521.51,556.94,1889186,0.0,1.0
2021-01-05 00:00:00+00:00,531.97,533.33,524.8,526.04,1544278,531.97,533.33,524.8,526.04,1544278,0.0,1.0
2021-01-06 00:00:00+00:00,507.25,520.94,507.06,519.77,1969772,507.25,520.94,507.06,519.77,1969772,0.0,1.0
2021-01-07 00:00:00+00:00,511.41,516.9,508.71,510.0,1869572,511.41,516.9,508.71,510.0,1869572,0.0,1.0
2021-01-08 00:00:00+00:00,529.64,531.61,518.16,521.64,1595056,529.64,531.61,518.16,521.64,1595056,0.0,1.0
2021-01-11 00:00:00+00:00,523.06,526.96,515.08,525.0,1286528,523.06,526.96,515.08,525.0,1286528,0.0,1.0
2021-01-12 00:00:00+00:00,513.21,522.5099,507.3084,520.0,1172588,513.21,522.5099,507.3084,520.0,1172588,0.0,1.0
2021-01-13 00:00:00+00:00,521.71,523.7,511.0,518.21,1076700,521.71,523.7,511.0,518.21,1076700,0.0,1.0
2021-01-14 00:00:00+00:00,514.34,528.0,512.79,527.2,1448698,514.34,528.0,512.79,527.2,1448698,0.0,1.0
2021-01-15 00:00:00+00:00,513.76,526.56,513.0,518.41,1083848,513.76,526.56,513.0,518.41,1083848,0.0,1.0
2021-01-19 00:00:00+00:00,519.42,522.9515,509.685,515.6,978114,519.42,522.9515,509.685,515.6,978114,0.0,1.0
2021-01-20 00:00:00+00:00,542.19,543.47,527.01,527.99,1539177,542.19,543.47,527.01,527.99,1539177,0.0,1.0
2021-01-21 00:00:00+00:00,544.33,546.4,537.87,543.5,1012418,544.33,546.4,537.87,543.5,1012418,0.0,1.0
2021-01-22 00:00:00+00:00,541.09,554.3395,540.3,549.75,1029993,541.09,554.3395,540.3,549.75,1029993,0.0,1.0
2021-01-25 00:00:00+00:00,537.88,552.8205,525.06,547.73,1712264,537.88,552.8205,525.06,547.73,1712264,0.0,1.0
2021-01-26 00:00:00+00:00,532.46,540.78,530.605,540.0,1417722,532.46,540.78,530.605,540.0,1417722,0.0,1.0
2021-01-27 00:00:00+00:00,516.5,533.07,508.22,524.88,2241301,516.5,533.07,508.22,524.88,2241301,0.0,1.0
2021-01-28 00:00:00+00:00,554.24,563.8799,542.86,545.0,3282735,554.24,563.8799,542.86,545.0,3282735,0.0,1.0
2021-01-29 00:00:00+00:00,543.16,552.0,529.34,549.08,2380192,543.16,552.0,529.34,549.08,2380192,0.0,1.0
2021-02-01 00:00:00+00:00,558.56,564.73,546.01,546.01,1716922,558.56,564.73,546.01,546.01,1716922,0.0,1.0
2021-02-02 00:00:00+00:00,583.51,588.82,560.1,562.88,2188968,583.51,588.82,560.1,562.88,2188968,0.0,1.0
2021-02-03 00:00:00+00:00,576.65,587.43,574.56,583.0,1491538,576.65,587.43,574.56,583.0,1491538,0.0,1.0
2021-02-04 00:00:00+00:00,588.98,589.0,572.13,579.89,1253290,588.98,589.0,572.13,579.89,1253290,0.0,1.0
2021-02-05 00:00:00+00:00,589.73,592.54,582.32,588.68,972152,589.73,592.54,582.32,588.68,972152,0.0,1.0
2021-02-08 00:00:00+00:00,587.91,598.37,584.0,591.31,1031674,587.91,598.37,584.0,591.31,1031674,0.0,1.0
2021-02-09 00:00:00+00:00,581.78,588.6,576.01,587.14,1633333,581.78,588.6,576.01,587.14,1633333,0.0,1.0
2021-02-10 00:00:00+00:00,589.36,593.78,579.01,585.76,953412,589.36,593.78,579.01,585.76,953412,0.0,1.0
2021-02-11 00:00:00+00:00,594.47,595.0,588.0,594.0,731289,594.47,595.0,588.0,594.0,731289,0.0,1.0
2021-02-12 00:00:00+00:00,591.29,593.71,585.53,591.32,823047,591.29,593.71,585.53,591.32,823047,0.0,1.0
2021-02-16 00:00:00+00:00,585.74,594.66,581.151,591.82,891684,585.74,594.66,581.151,591.82,891684,0.0,1.0
2021-02-17 00:00:00+00:00,580.94,583.14,570.75,580.0,862908,580.94,583.14,570.75,580.0,862908,0.0,1.0
2021-02-18 00:00:00+00:00,575.8,579.3087,565.9,569.96,973554,575.8,579.3087,565.9,569.96,973554,0.0,1.0
2021-02-19 00:00:00+00:00,570.73,582.11,559.08,577.16,1958172,570.73,582.11,559.08,577.16,1958172,0.0,1.0
2021-02-22 00:00:00+00:00,550.26,566.03,549.78,566.03,1029035,550.26,566.03,549.78,566.03,1029035,0.0,1.0
2021-02-23 00:00:00+00:00,551.75,553.8,524.41,539.34,1571200,551.75,553.8,524.41,539.34,1571200,0.0,1.0
2021-02-24 00:00:00+00:00,551.83,554.1999,538.93,545.5,1113512,551.83,554.1999,538.93,545.5,1113512,0.0,1.0
2021-02-25 00:00:00+00:00,528.79,556.49,526.89,550.0,1746867,528.79,556.49,526.89,550.0,1746867,0.0,1.0
2021-02-26 00:00:00+00:00,533.46,540.32,521.15,532.5,1778000,533.46,540.32,521.15,532.5,1778000,0.0,1.0
2021-03-01 00:00:00+00:00,556.47,556.64,540.0449,544.82,1234307,556.47,556.64,540.0449,544.82,1234307,0.0,1.0
2021-03-02 00:00:00+00:00,549.3,562.43,548.31,559.56,1121525,549.3,562.43,548.31,559.56,1121525,0.0,1.0
2021-03-03 00:00:00+00:00,516.0,545.785,513.67,544.29,1806006,516.0,545.785,513.67,544.29,1806006,0.0,1.0
2021-03-04 00:00:00+00:00,490.63,517.75,484.9,510.94,2831315,490.63,517.75,484.9,510.94,2831315,0.0,1.0
2021-03-05 00:00:00+00:00,486.96,496.24,467.15,496.24,3232858,486.96,496.24,467.15,496.24,3232858,0.0,1.0
2021-03-08 00:00:00+00:00,464.05,497.26,462.505,490.78,1969761,464.05,497.26,462.505,490.78,1969761,0.0,1.0
2021-03-09 00:00:00+00:00,488.95,493.56,478.78,480.71,2448208,488.95,493.56,478.78,480.71,2448208,0.0,1.0
2021-03-10 00:00:00+00:00,474.0,499.0,473.96,497.11,1927029,474.0,499.0,473.96,497.11,1927029,0.0,1.0
2021-03-11 00:00:00+00:00,502.87,511.71,490.22,494.49,1923300,502.87,511.71,490.22,494.49,1923300,0.0,1.0
2021-03-12 00:00:00+00:00,489.22,494.8794,482.74,489.0,1505018,489.22,494.8794,482.74,489.0,1505018,0.0,1.0
2021-03-15 00:00:00+00:00,496.77,497.21,486.4701,490.0,970073,496.77,497.21,486.4701,490.0,970073,0.0,1.0
2021-03-16 00:00:00+00:00,498.99,509.15,495.31,504.28,1138519,498.99,509.15,495.31,504.28,1138519,0.0,1.0
2021-03-17 00:00:00+00:00,485.0,492.73,476.37,491.46,2485959,485.0,492.73,476.37,491.46,2485959,0.0,1.0
2021-03-18 00:00:00+00:00,466.18,479.8,464.665,479.69,1870161,466.18,479.8,464.665,479.69,1870161,0.0,1.0
2021-03-19 00:00:00+00:00,470.84,475.57,463.85,468.49,1893885,470.84,475.57,463.85,468.49,1893885,0.0,1.0
2021-03-22 00:00:00+00:00,476.65,484.44,471.32,471.63,1188290,476.65,484.44,471.32,471.63,1188290,0.0,1.0
2021-03-23 00:00:00+00:00,478.17,486.44,476.98,480.11,1140936,478.17,486.44,476.98,480.11,1140936,0.0,1.0
2021-03-24 00:00:00+00:00,472.32,481.5,470.0,480.63,1476426,472.32,481.5,470.0,480.63,1476426,0.0,1.0
2021-03-25 00:00:00+00:00,472.18,474.0,463.8,467.88,1903882,472.18,474.0,463.8,467.88,1903882,0.0,1.0
2021-03-26 00:00:00+00:00,495.0,495.45,471.0001,473.49,2440183,495.0,495.45,471.0001,473.49,2440183,0.0,1.0
2021-03-29 00:00:00+00:00,485.39,492.94,482.05,489.46,1720277,485.39,492.94,482.05,489.46,1720277,0.0,1.0
2021-03-30 00:00:00+00:00,487.57,490.99,473.21,480.0,1253994,487.57,490.99,473.21,480.0,1253994,0.0,1.0
2021-03-31 00:00:00+00:00,500.11,506.89,490.515,493.44,1568389,500.11,506.89,490.515,493.44,1568389,0.0,1.0
2021-04-01 00:00:00+00:00,507.01,512.905,502.4987,508.0,1063926,507.01,512.905,502.4987,508.0,1063926,0.0,1.0
2021-04-05 00:00:00+00:00,514.02,516.07,509.18,511.97,1588791,514.02,516.07,509.18,511.97,1588791,0.0,1.0
2021-04-06 00:00:00+00:00,509.08,515.14,506.62,511.4,972859,509.08,515.14,506.62,511.4,972859,0.0,1.0
2021-04-07 00:00:00+00:00,510.73,512.89,506.83,511.06,646760,510.73,512.89,506.83,511.06,646760,0.0,1.0
2021-04-08 00:00:00+00:00,524.04,528.82,517.48,520.0,1260117,524.04,528.82,517.48,520.0,1260117,0.0,1.0
2021-04-09 00:00:00+00:00,530.0,530.61,510.0,518.09,1453052,530.0,530.61,510.0,518.09,1453052,0.0,1.0
2021-04-12 00:00:00+00:00,537.0,541.215,524.73,529.18,1329013,537.0,541.215,524.73,529.18,1329013,0.0,1.0
2021-04-13 00:00:00+00:00,548.93,551.28,539.0,539.0,1364392,548.93,551.28,539.0,539.0,1364392,0.0,1.0
2021-04-14 00:00:00+00:00,544.84,560.19,542.84,551.0,1341065,544.84,560.19,542.84,551.0,1341065,0.0,1.0
2021-04-15 00:00:00+00:00,559.35,560.17,552.915,553.46,885183,559.35,560.17,552.915,553.46,885183,0.0,1.0
2021-04-16 00:00:00+00:00,556.91,560.79,550.26,560.56,879687,556.91,560.79,550.26,560.56,879687,0.0,1.0
2021-04-19 00:00:00+00:00,549.37,556.88,546.0,553.42,895372,549.37,556.88,546.0,553.42,895372,0.0,1.0
2021-04-20 00:00:00+00:00,540.78,552.92,536.5,548.96,794840,540.78,552.92,536.5,548.96,794840,0.0,1.0
2021-04-21 00:00:00+00:00,546.47,549.07,537.13,545.16,1032519,546.47,549.07,537.13,545.16,1032519,0.0,1.0
2021-04-22 00:00:00+00:00,548.49,558.0,543.85,547.0,900436,548.49,558.0,543.85,547.0,900436,0.0,1.0
2021-04-23 00:00:00+00:00,552.7,555.89,549.33,553.28,780477,552.7,555.89,549.33,553.28,780477,0.0,1.0
2021-04-26 00:00:00+00:00,559.21,559.39,549.25,554.0,671972,559.21,559.39,549.25,554.0,671972,0.0,1.0
2021-04-27 00:00:00+00:00,562.63,565.29,553.59,557.95,961234,562.63,565.29,553.59,557.95,961234,0.0,1.0
2021-04-28 00:00:00+00:00,557.24,559.79,552.44,559.25,1715568,557.24,559.79,552.44,559.25,1715568,0.0,1.0
2021-04-29 00:00:00+00:00,505.0,530.8,503.5,521.0,8692938,505.0,530.8,503.5,521.0,8692938,0.0,1.0
2021-04-30 00:00:00+00:00,506.37,519.82,500.28,500.28,3440845,506.37,519.82,500.28,500.28,3440845,0.0,1.0
2021-05-03 00:00:00+00:00,490.32,508.2209,488.78,507.46,2419095,490.32,508.2209,488.78,507.46,2419095,0.0,1.0
2021-05-04 00:00:00+00:00,483.3,489.68,473.73,485.52,2469473,483.3,489.68,473.73,485.52,2469473,0.0,1.0
2021-05-05 00:00:00+00:00,479.97,489.55,477.0,489.18,1444800,479.97,489.55,477.0,489.18,1444800,0.0,1.0
2021-05-06 00:00:00+00:00,485.84,486.6,473.1,477.1,2188332,485.84,486.6,473.1,477.1,2188332,0.0,1.0
2021-05-07 00:00:00+00:00,483.51,494.53,474.445,493.4,1997278,483.51,494.53,474.445,493.4,1997278,0.0,1.0
2021-05-10 00:00:00+00:00,466.8,482.5,464.7,482.5,2053839,466.8,482.5,464.7,482.5,2053839,0.0,1.0
2021-05-11 00:00:00+00:00,481.5,486.01,452.46,453.8,2588072,481.5,486.01,452.46,453.8,2588072,0.0,1.0
2021-05-12 00:00:00+00:00,464.71,475.0,460.01,473.23,1778960,464.71,475.0,460.01,473.23,1778960,0.0,1.0
2021-05-13 00:00:00+00:00,454.98,471.3211,451.0365,470.0,1700799,454.98,471.3211,451.0365,470.0,1700799,0.0,1.0
2021-05-14 00:00:00+00:00,460.33,464.91,458.7838,461.91,1789713,460.33,464.91,458.7838,461.91,1789713,0.0,1.0
2021-05-17 00:00:00+00:00,454.4,459.47,448.27,459.47,1862512,454.4,459.47,448.27,459.47,1862512,0.0,1.0
2021-05-18 00:00:00+00:00,457.22,463.0,451.0,455.46,1364116,457.22,463.0,451.0,455.46,1364116,0.0,1.0
2021-05-19 00:00:00+00:00,459.76,460.72,448.27,450.25,1172145,459.76,460.72,448.27,450.25,1172145,0.0,1.0
2021-05-20 00:00:00+00:00,471.13,475.58,463.29,464.67,1286412,471.13,475.58,463.29,464.67,1286412,0.0,1.0
2021-05-21 00:00:00+00:00,469.47,478.62,468.93,473.89,1372582,469.47,478.62,468.93,473.89,1372582,0.0,1.0
2021-05-24 00:00:00+00:00,476.36,479.8,473.52,475.0,928880,476.36,479.8,473.52,475.0,928880,0.0,1.0
2021-05-25 00:00:00+00:00,479.9,483.695,476.37,478.75,1367515,479.9,483.695,476.37,478.75,1367515,0.0,1.0
2021-05-26 00:00:00+00:00,485.41,487.27,478.04,478.81,1542422,485.41,487.27,478.04,478.81,1542422,0.0,1.0
2021-05-27 00:00:00+00:00,479.22,482.61,472.63,480.97,1727834,479.22,482.61,472.63,480.97,1727834,0.0,1.0
2021-05-28 00:00:00+00:00,473.88,482.07,470.55,480.0,1895608,473.88,482.07,470.55,480.0,1895608,0.0,1.0
2021-06-01 00:00:00+00:00,469.17,477.64,467.04,477.6,1693246,469.17,477.64,467.04,477.6,1693246,0.0,1.0
2021-06-02 00:00:00+00:00,467.01,472.6,461.91,464.57,1032438,467.01,472.6,461.91,464.57,1032438,0.0,1.0
2021-06-03 00:00:00+00:00,459.2,465.18,456.0,464.31,973258,459.2,465.18,456.0,464.31,973258,0.0,1.0
2021-06-04 00:00:00+00:00,460.65,465.31,458.72,460.0,1575455,460.65,465.31,458.72,460.0,1575455,0.0,1.0
2021-06-07 00:00:00+00:00,459.46,462.74,457.0,460.02,1210913,459.46,462.74,457.0,460.02,1210913,0.0,1.0
2021-06-08 00:00:00+00:00,460.76,471.1,459.42,463.97,1074368,460.76,471.1,459.42,463.97,1074368,0.0,1.0
2021-06-09 00:00:00+00:00,464.71,467.61,460.72,464.96,1027759,464.71,467.61,460.72,464.96,1027759,0.0,1.0
2021-06-10 00:00:00+00:00,489.13,490.7899,479.0132,485.71,3041792,489.13,490.7899,479.0132,485.71,3041792,0.0,1.0
2021-06-11 00:00:00+00:00,498.01,499.51,488.0,490.0,2080815,498.01,499.51,488.0,490.0,2080815,0.0,1.0
2021-06-14 00:00:00+00:00,509.34,511.12,498.2201,500.0,1827665,509.34,511.12,498.2201,500.0,1827665,0.0,1.0
2021-06-15 00:00:00+00:00,505.43,512.55,504.12,510.52,1565094,505.43,512.55,504.12,510.52,1565094,0.0,1.0
2021-06-16 00:00:00+00:00,510.08,521.5,502.151,507.7,2030486,510.08,521.5,502.151,507.7,2030486,0.0,1.0
2021-06-17 00:00:00+00:00,530.4,531.0,505.8,505.8,1909364,530.4,531.0,505.8,505.8,1909364,0.0,1.0
2021-06-18 00:00:00+00:00,533.74,537.72,525.28,528.82,2246156,533.74,537.72,525.28,528.82,2246156,0.0,1.0
2021-06-21 00:00:00+00:00,534.75,538.0,525.02,531.32,1123285,534.75,538.0,525.02,531.32,1123285,0.0,1.0
2021-06-22 00:00:00+00:00,546.03,547.0,535.0,536.0,1283473,546.03,547.0,535.0,536.0,1283473,0.0,1.0
2021-06-23 00:00:00+00:00,550.2,550.9954,542.73,545.0,890205,550.2,550.9954,542.73,545.0,890205,0.0,1.0
2021-06-24 00:00:00+00:00,552.07,558.75,550.81,552.0,997235,552.07,558.75,550.81,552.0,997235,0.0,1.0
2021-06-25 00:00:00+00:00,544.99,555.26,541.99,555.26,1511984,544.99,555.26,541.99,555.26,1511984,0.0,1.0
2021-06-28 00:00:00+00:00,552.17,552.71,546.75,548.0,815450,552.17,552.71,546.75,548.0,815450,0.0,1.0
2021-06-29 00:00:00+00:00,558.59,561.89,552.53,555.24,1048830,558.59,561.89,552.53,555.24,1048830,0.0,1.0
2021-06-30 00:00:00+00:00,549.55,557.96,547.61,556.89,842319,549.55,557.96,547.61,556.89,842319,0.0,1.0
2021-07-01 00:00:00+00:00,545.17,550.13,539.745,545.0,1165808,545.17,550.13,539.745,545.0,1165808,0.0,1.0
2021-07-02 00:00:00+00:00,551.83,554.74,547.2033,548.25,681208,551.83,554.74,547.2033,548.25,681208,0.0,1.0
2021-07-06 00:00:00+00:00,558.49,563.79,552.1901,554.29,794988,558.49,563.79,552.1901,554.29,794988,0.0,1.0
2021-07-07 00:00:00+00:00,561.78,563.26,553.07,560.9,1093683,561.78,563.26,553.07,560.9,1093683,0.0,1.0
2021-07-08 00:00:00+00:00,560.47,562.2899,546.95,552.75,942234,560.47,562.2899,546.95,552.75,942234,0.0,1.0
2021-07-09 00:00:00+00:00,566.37,567.33,555.87,559.72,976625,566.37,567.33,555.87,559.72,976625,0.0,1.0
2021-07-12 00:00:00+00:00,561.93,573.6699,561.25,570.0,1279205,561.93,573.6699,561.25,570.0,1279205,0.0,1.0
2021-07-13 00:00:00+00:00,559.33,566.35,555.0,561.0,868393,559.33,566.35,555.0,561.0,868393,0.0,1.0
2021-07-14 00:00:00+00:00,562.94,567.3,558.78,563.96,1133811,562.94,567.3,558.78,563.96,1133811,0.0,1.0
2021-07-15 00:00:00+00:00,558.28,566.72,554.55,563.38,823599,558.28,566.72,554.55,563.38,823599,0.0,1.0
2021-07-16 00:00:00+00:00,556.36,564.625,554.96,561.52,941000,556.36,564.625,554.96,561.52,941000,0.0,1.0
2021-07-19 00:00:00+00:00,555.09,555.39,545.0,551.74,1108368,555.09,555.39,545.0,551.74,1108368,0.0,1.0
2021-07-20 00:00:00+00:00,565.25,569.16,554.61,560.0,870645,565.25,569.16,554.61,560.0,870645,0.0,1.0
2021-07-21 00:00:00+00:00,567.13,567.13,558.54,562.49,754354,567.13,567.13,558.54,562.49,754354,0.0,1.0
2021-07-22 00:00:00+00:00,576.7,579.4,570.45,572.08,938684,576.7,579.4,570.45,572.08,938684,0.0,1.0
2021-07-23 00:00:00+00:00,586.18,588.48,577.82,580.0,890909,586.18,588.48,577.82,580.0,890909,0.0,1.0
2021-07-26 00:00:00+00:00,584.2,584.85,575.01,584.8,1044150,584.2,584.85,575.01,584.8,1044150,0.0,1.0
2021-07-27 00:00:00+00:00,582.29,586.87,574.67,584.0,1462372,582.29,586.87,574.67,584.0,1462372,0.0,1.0
2021-07-28 00:00:00+00:00,583.35,587.0027,576.01,582.0,1229170,583.35,587.0027,576.01,582.0,1229170,0.0,1.0
2021-07-29 00:00:00+00:00,586.43,608.78,584.6,584.6,2513987,586.43,608.78,584.6,584.6,2513987,0.0,1.0
2021-07-30 00:00:00+00:00,587.89,595.89,575.937,579.71,1566223,587.89,595.89,575.937,579.71,1566223,0.0,1.0
2021-08-02 00:00:00+00:00,584.67,591.715,579.01,587.89,901287,584.67,591.715,579.01,587.89,901287,0.0,1.0
2021-08-03 00:00:00+00:00,584.66,590.81,577.34,584.89,804883,584.66,590.81,577.34,584.89,804883,0.0,1.0
2021-08-04 00:00:00+00:00,593.47,594.69,583.1724,585.0,769733,593.47,594.69,583.1724,585.0,769733,0.0,1.0
2021-08-05 00:00:00+00:00,595.5,597.0,589.38,595.0,476191,595.5,597.0,589.38,595.0,476191,0.0,1.0
2021-08-06 00:00:00+00:00,590.68,595.6,589.43,594.0,709248,590.68,595.6,589.43,594.0,709248,0.0,1.0
2021-08-09 00:00:00+00:00,587.96,592.3,585.2965,589.95,800932,587.96,592.3,585.2965,589.95,800932,0.0,1.0
2021-08-10 00:00:00+00:00,575.8,589.44,572.78,588.0,829638,575.8,589.44,572.78,588.0,829638,0.0,1.0
2021-08-11 00:00:00+00:00,570.2,581.14,566.59,578.44,908220,570.2,581.14,566.59,578.44,908220,0.0,1.0
2021-08-12 00:00:00+00:00,581.57,581.99,566.99,569.27,866644,581.57,581.99,566.99,569.27,866644,0.0,1.0
2021-08-13 00:00:00+00:00,587.83,587.98,577.535,579.04,638161,587.83,587.98,577.535,579.04,638161,0.0,1.0
2021-08-16 00:00:00+00:00,580.22,591.68,576.32,586.0,815780,580.22,591.68,576.32,586.0,815780,0.0,1.0
2021-08-17 00:00:00+00:00,582.24,584.1,574.38,579.45,709843,582.24,584.1,574.38,579.45,709843,0.0,1.0
2021-08-18 00:00:00+00:00,581.95,588.6,578.48,580.47,741882,581.95,588.6,578.48,580.47,741882,0.0,1.0
2021-08-19 00:00:00+00:00,586.92,591.3,577.75,579.5,768344,586.92,591.3,577.75,579.5,768344,0.0,1.0
2021-08-20 00:00:00+00:00,600.52,601.41,588.57,591.05,1003469,600.52,601.41,588.57,591.05,1003469,0.0,1.0
2021-08-23 00:00:00+00:00,619.43,621.0,602.0,602.0,1576583,619.43,621.0,602.0,602.0,1576583,0.0,1.0
2021-08-24 00:00:00+00:00,621.85,626.53,620.0,620.0,1016363,621.85,626.53,620.0,620.0,1016363,0.0,1.0
2021-08-25 00:00:00+00:00,621.07,627.77,616.66,623.0,909747,621.07,627.77,616.66,623.0,909747,0.0,1.0
2021-08-26 00:00:00+00:00,624.03,630.23,621.1,622.62,1096318,624.03,630.23,621.1,622.62,1096318,0.0,1.0
2021-08-27 00:00:00+00:00,632.4,635.62,624.045,625.0,821211,632.4,635.62,624.045,625.0,821211,0.0,1.0
2021-08-30 00:00:00+00:00,641.65,643.28,633.485,634.0,797586,641.65,643.28,633.485,634.0,797586,0.0,1.0
2021-08-31 00:00:00+00:00,643.64,647.7,639.56,645.0,1246682,643.64,647.7,639.56,645.0,1246682,0.0,1.0
2021-09-01 00:00:00+00:00,650.85,652.56,642.5,643.6,936812,650.85,652.56,642.5,643.6,936812,0.0,1.0
2021-09-02 00:00:00+00:00,660.31,661.78,652.39,654.0,1354289,660.31,661.78,652.39,654.0,1354289,0.0,1.0
2021-09-03 00:00:00+00:00,678.63,681.0999,659.05,660.0,1145953,678.63,681.0999,659.05,660.0,1145953,0.0,1.0
2021-09-07 00:00:00+00:00,661.09,679.0,660.205,678.63,1515942,661.09,679.0,660.205,678.63,1515942,0.0,1.0
2021-09-08 00:00:00+00:00,653.8,660.31,650.63,660.31,1112973,653.8,660.31,650.63,660.31,1112973,0.0,1.0
2021-09-09 00:00:00+00:00,650.19,656.37,649.0,655.78,802363,650.19,656.37,649.0,655.78,802363,0.0,1.0
2021-09-10 00:00:00+00:00,647.98,655.76,646.74,653.11,754323,647.98,655.76,646.74,653.11,754323,0.0,1.0
2021-09-13 00:00:00+00:00,639.08,649.08,630.67,649.0,1262255,639.08,649.08,630.67,649.0,1262255,0.0,1.0
2021-09-14 00:00:00+00:00,645.42,648.535,640.59,641.99,749422,645.42,648.535,640.59,641.99,749422,0.0,1.0
2021-09-15 00:00:00+00:00,652.15,654.12,637.67,644.09,803477,652.15,654.12,637.67,644.09,803477,0.0,1.0
2021-09-16 00:00:00+00:00,656.35,657.12,644.68,650.3,622316,656.35,657.12,644.68,650.3,622316,0.0,1.0
2021-09-17 00:00:00+00:00,651.03,657.46,648.26,653.39,1298242,651.03,657.46,648.26,653.39,1298242,0.0,1.0
2021-09-20 00:00:00+00:00,648.73,650.58,640.12,644.36,957779,648.73,650.58,640.12,644.36,957779,0.0,1.0
2021-09-21 00:00:00+00:00,654.2,657.18,645.63,650.0,755242,654.2,657.18,645.63,650.0,755242,0.0,1.0
2021-09-22 00:00:00+00:00,662.65,665.5,650.68,658.0,816308,662.65,665.5,650.68,658.0,816308,0.0,1.0
2021-09-23 00:00:00+00:00,664.22,670.49,663.01,668.0,871500,664.22,670.49,663.01,668.0,871500,0.0,1.0
2021-09-24 00:00:00+00:00,666.31,667.0,655.0,662.1,499785,666.31,667.0,655.0,662.1,499785,0.0,1.0
2021-09-27 00:00:00+00:00,649.56,660.0,646.21,659.88,902490,649.56,660.0,646.21,659.88,902490,0.0,1.0
2021-09-28 00:00:00+00:00,612.52,636.84,610.0,633.67,1988786,612.52,636.84,610.0,633.67,1988786,0.0,1.0
2021-09-29 00:00:00+00:00,618.02,623.84,607.18,620.0,1228611,618.02,623.84,607.18,620.0,1228611,0.0,1.0
2021-09-30 00:00:00+00:00,622.27,626.99,618.24,620.2,948585,622.27,626.99,618.24,620.2,948585,0.0,1.0
2021-10-01 00:00:00+00:00,632.8,635.41,614.325,623.78,1048938,632.8,635.41,614.325,623.78,1048938,0.0,1.0
2021-10-04 00:00:00+00:00,617.97,638.05,609.47,635.4,1173798,617.97,638.05,609.47,635.4,1173798,0.0,1.0
2021-10-05 00:00:00+00:00,633.42,639.54,622.0,622.47,1066290,633.42,639.54,622.0,622.47,1066290,0.0,1.0
2021-10-06 00:00:00+00:00,629.36,635.76,621.4,627.34,1038268,629.36,635.76,621.4,627.34,1038268,0.0,1.0
2021-10-07 00:00:00+00:00,637.92,648.36,635.4301,636.43,1021742,637.92,648.36,635.4301,636.43,1021742,0.0,1.0
2021-10-08 00:00:00+00:00,617.58,643.66,616.92,640.0,1715776,617.58,643.66,616.92,640.0,1715776,0.0,1.0
2021-10-11 00:00:00+00:00,615.85,627.31,612.14,618.02,915078,615.85,627.31,612.14,618.02,915078,0.0,1.0
2021-10-12 00:00:00+00:00,629.13,633.0,620.24,622.36,796209,629.13,633.0,620.24,622.36,796209,0.0,1.0
2021-10-13 00:00:00+00:00,639.41,641.075,630.0,630.0,1110913,639.41,641.075,630.0,630.0,1110913,0.0,1.0
2021-10-14 00:00:00+00:00,653.03,662.7632,648.595,650.0,1326200,653.03,662.7632,648.595,650.0,1326200,0.0,1.0
2021-10-15 00:00:00+00:00,663.18,665.61,654.9,656.86,919293,663.18,665.61,654.9,656.86,919293,0.0,1.0
2021-10-18 00:00:00+00:00,666.22,666.3,657.33,663.5,1134659,666.22,666.3,657.33,663.5,1134659,0.0,1.0
2021-10-19 00:00:00+00:00,680.25,687.6876,672.29,672.4,1472708,680.25,687.6876,672.29,672.4,1472708,0.0,1.0
2021-10-20 00:00:00+00:00,681.11,686.73,671.1801,684.23,872444,681.11,686.73,671.1801,684.23,872444,0.0,1.0
2021-10-21 00:00:00+00:00,686.34,687.2936,676.87,680.0,649648,686.34,687.2936,676.87,680.0,649648,0.0,1.0
2021-10-22 00:00:00+00:00,686.65,692.97,683.42,686.0,928553,686.65,692.97,683.42,686.0,928553,0.0,1.0
2021-10-25 00:00:00+00:00,688.85,693.47,684.5,686.65,586155,688.85,693.47,684.5,686.65,586155,0.0,1.0
2021-10-26 00:00:00+00:00,676.71,693.0,675.55,692.69,1108468,676.71,693.0,675.55,692.69,1108468,0.0,1.0
2021-10-27 00:00:00+00:00,664.76,684.83,663.61,675.7,1500548,664.76,684.83,663.61,675.7,1500548,0.0,1.0
2021-10-28 00:00:00+00:00,687.7,694.0,671.3,671.51,2113600,687.7,694.0,671.3,671.51,2113600,0.0,1.0
2021-10-29 00:00:00+00:00,697.76,698.43,682.15,686.35,1107088,697.76,698.43,682.15,686.35,1107088,0.0,1.0
2021-11-01 00:00:00+00:00,681.98,704.82,676.66,700.0,1153107,681.98,704.82,676.66,700.0,1153107,0.0,1.0
2021-11-02 00:00:00+00:00,686.59,687.5,680.5,685.99,673315,686.59,687.5,680.5,685.99,673315,0.0,1.0
2021-11-03 00:00:00+00:00,687.67,689.1,672.22,689.1,662525,687.67,689.1,672.22,689.1,662525,0.0,1.0
2021-11-04 00:00:00+00:00,701.73,707.6,689.14,690.0,833462,701.73,707.6,689.14,690.0,833462,0.0,1.0
2021-11-05 00:00:00+00:00,692.01,702.74,686.895,702.0,596133,692.01,702.74,686.895,702.0,596133,0.0,1.0
2021-11-08 00:00:00+00:00,692.28,696.5899,689.15,693.72,798179,692.28,696.5899,689.15,693.72,798179,0.0,1.0
2021-11-09 00:00:00+00:00,691.27,697.275,685.6,695.31,487358,691.27,697.275,685.6,695.31,487358,0.0,1.0
2021-11-10 00:00:00+00:00,670.91,687.93,663.82,686.79,1279753,670.91,687.93,663.82,686.79,1279753,0.0,1.0
2021-11-11 00:00:00+00:00,679.25,681.34,673.89,679.69,1015246,679.25,681.34,673.89,679.69,1015246,0.0,1.0
2021-11-12 00:00:00+00:00,691.4,691.74,681.435,685.0,988616,691.4,691.74,681.435,685.0,988616,0.0,1.0
2021-11-15 00:00:00+00:00,682.57,689.9,678.71,689.46,812089,682.57,689.9,678.71,689.46,812089,0.0,1.0
2021-11-16 00:00:00+00:00,692.55,692.56,682.1077,684.99,926651,692.55,692.56,682.1077,684.99,926651,0.0,1.0
2021-11-17 00:00:00+00:00,684.93,695.61,683.9,694.33,691704,684.93,695.61,683.9,694.33,691704,0.0,1.0
2021-11-18 00:00:00+00:00,675.84,684.56,674.14,682.47,751903,675.84,684.56,674.14,682.47,751903,0.0,1.0
2021-11-19 00:00:00+00:00,675.97,687.255,674.18,680.31,1051395,675.97,687.255,674.18,680.31,1051395,0.0,1.0
2021-11-22 00:00:00+00:00,656.38,683.96,651.36,675.71,1194275,656.38,683.96,651.36,675.71,1194275,0.0,1.0
2021-11-23 00:00:00+00:00,636.91,654.43,627.41,650.0,1844702,636.91,654.43,627.41,650.0,1844702,0.0,1.0
2021-11-24 00:00:00+00:00,649.31,649.42,624.14,629.96,837085,649.31,649.42,624.14,629.96,837085,0.0,1.0
2021-11-26 00:00:00+00:00,649.55,661.0677,644.515,644.515,729456,649.55,661.0677,644.515,644.515,729456,0.0,1.0
2021-11-29 00:00:00+00:00,672.82,676.5,651.11,659.63,1081651,672.82,676.5,651.11,659.63,1081651,0.0,1.0
2021-11-30 00:00:00+00:00,647.7,679.62,642.645,674.63,2146429,647.7,679.62,642.645,674.63,2146429,0.0,1.0
2021-12-01 00:00:00+00:00,599.57,657.96,599.34,650.36,2318878,599.57,657.96,599.34,650.36,2318878,0.0,1.0
2021-12-02 00:00:00+00:00,623.37,625.8,598.64,599.57,1460152,623.37,625.8,598.64,599.57,1460152,0.0,1.0
2021-12-03 00:00:00+00:00,613.11,628.76,593.16,627.69,1854841,613.11,628.76,593.16,627.69,1854841,0.0,1.0
2021-12-06 00:00:00+00:00,616.54,619.66,594.05,601.58,1440418,616.54,619.66,594.05,601.58,1440418,0.0,1.0
2021-12-07 00:00:00+00:00,663.39,668.155,630.0,630.99,1849957,663.39,668.155,630.0,630.99,1849957,0.0,1.0
2021-12-08 00:00:00+00:00,665.81,672.97,651.05,660.0,930254,665.81,672.97,651.05,660.0,930254,0.0,1.0
2021-12-09 00:00:00+00:00,642.15,669.1108,641.25,666.0,1089204,642.15,669.1108,641.25,666.0,1089204,0.0,1.0
2021-12-10 00:00:00+00:00,647.0,658.175,640.2001,647.19,850319,647.0,658.175,640.2001,647.19,850319,0.0,1.0
2021-12-13 00:00:00+00:00,655.94,661.165,642.67,644.65,999460,655.94,661.165,642.67,644.65,999460,0.0,1.0
2021-12-14 00:00:00+00:00,624.69,646.895,607.19,642.09,1659695,624.69,646.895,607.19,642.09,1659695,0.0,1.0
2021-12-15 00:00:00+00:00,647.04,648.07,624.575,626.66,1581464,647.04,648.07,624.575,626.66,1581464,0.0,1.0
2021-12-16 00:00:00+00:00,608.98,643.8,606.69,639.39,1588267,608.98,643.8,606.69,639.39,1588267,0.0,1.0
2021-12-17 00:00:00+00:00,615.63,620.65,587.02,596.7,3418685,615.63,620.65,587.02,596.7,3418685,0.0,1.0
2021-12-20 00:00:00+00:00,605.37,614.06,601.2201,605.0,996661,605.37,614.06,601.2201,605.0,996661,0.0,1.0
2021-12-21 00:00:00+00:00,631.32,635.34,605.0,612.5,1129227,631.32,635.34,605.0,612.5,1129227,0.0,1.0
2021-12-22 00:00:00+00:00,643.93,648.89,625.6,631.46,1010707,643.93,648.89,625.6,631.46,1010707,0.0,1.0
2021-12-23 00:00:00+00:00,648.57,651.69,641.025,645.96,664722,648.57,651.69,641.025,645.96,664722,0.0,1.0
2021-12-27 00:00:00+00:00,663.28,664.945,651.97,655.98,681109,663.28,664.945,651.97,655.98,681109,0.0,1.0
2021-12-28 00:00:00+00:00,654.0,667.64,653.0,667.64,482349,654.0,667.64,653.0,667.64,482349,0.0,1.0
2021-12-29 00:00:00+00:00,654.58,658.86,646.02,655.18,441753,654.58,658.86,646.02,655.18,441753,0.0,1.0
2021-12-30 00:00:00+00:00,654.54,663.17,653.84,656.2,491102,654.54,663.17,653.84,656.2,491102,0.0,1.0
2021-12-31 00:00:00+00:00,649.11,658.59,648.865,652.02,464526,649.11,658.59,648.865,652.02,464526,0.0,1.0
2022-01-03 00:00:00+00:00,630.14,651.41,625.4169,648.16,1044277,630.14,651.41,625.4169,648.16,1044277,0.0,1.0
2022-01-04 00:00:00+00:00,603.94,628.815,576.97,628.39,2980554,603.94,628.815,576.97,628.39,2980554,0.0,1.0
2022-01-05 00:00:00+00:00,572.76,607.5,571.48,589.0,2096051,572.76,607.5,571.48,589.0,2096051,0.0,1.0
2022-01-06 00:00:00+00:00,574.04,589.45,555.0,567.4,1674549,574.04,589.45,555.0,567.4,1674549,0.0,1.0
2022-01-07 00:00:00+00:00,566.39,585.58,558.33,570.69,1190492,566.39,585.58,558.33,570.69,1190492,0.0,1.0
2022-01-10 00:00:00+00:00,572.0,573.1,535.81,550.1,1967588,572.0,573.1,535.81,550.1,1967588,0.0,1.0
2022-01-11 00:00:00+00:00,578.44,580.24,561.75,569.88,1338496,578.44,580.24,561.75,569.88,1338496,0.0,1.0
2022-01-12 00:00:00+00:00,573.39,591.52,569.62,587.32,1717397,573.39,591.52,569.62,587.32,1717397,0.0,1.0
2022-01-13 00:00:00+00:00,521.26,575.84,520.0,575.02,3904866,521.26,575.84,520.0,575.02,3904866,0.0,1.0
2022-01-14 00:00:00+00:00,531.02,538.54,514.66,521.26,3237681,531.02,538.54,514.66,521.26,3237681,0.0,1.0
2022-01-18 00:00:00+00:00,522.34,544.46,517.59,524.7,2309722,522.34,544.46,517.59,524.7,2309722,0.0,1.0
2022-01-19 00:00:00+00:00,521.29,543.7299,520.635,525.42,2483049,521.29,543.7299,520.635,525.42,2483049,0.0,1.0
2022-01-20 00:00:00+00:00,515.0,542.8,513.72,532.21,1885627,515.0,542.8,513.72,532.21,1885627,0.0,1.0
2022-01-21 00:00:00+00:00,507.74,528.88,507.13,510.0,2605561,507.74,528.88,507.13,510.0,2605561,0.0,1.0
2022-01-24 00:00:00+00:00,525.84,527.62,484.4326,500.29,3420782,525.84,527.62,484.4326,500.29,3420782,0.0,1.0
2022-01-25 00:00:00+00:00,495.08,517.6,484.44,515.45,2878747,495.08,517.6,484.44,515.45,2878747,0.0,1.0
2022-01-26 00:00:00+00:00,484.42,520.99,479.35,514.28,3475287,484.42,520.99,479.35,514.28,3475287,0.0,1.0
2022-01-27 00:00:00+00:00,528.69,556.99,518.135,553.525,5507900,528.69,556.99,518.135,553.525,5507900,0.0,1.0
2022-01-28 00:00:00+00:00,561.08,563.4979,507.8,528.69,3807844,561.08,563.4979,507.8,528.69,3807844,0.0,1.0
2022-01-31 00:00:00+00:00,585.78,588.4,564.96,567.27,2654068,585.78,588.4,564.96,567.27,2654068,0.0,1.0
2022-02-01 00:00:00+00:00,586.54,590.71,576.96,584.9,1841720,586.54,590.71,576.96,584.9,1841720,0.0,1.0
2022-02-02 00:00:00+00:00,581.15,594.85,573.08,594.85,1313176,581.15,594.85,573.08,594.85,1313176,0.0,1.0
2022-02-03 00:00:00+00:00,560.85,582.0399,559.3,568.21,1355765,560.85,582.0399,559.3,568.21,1355765,0.0,1.0
2022-02-04 00:00:00+00:00,577.52,587.37,554.78,559.99,1250581,577.52,587.37,554.78,559.99,1250581,0.0,1.0
2022-02-07 00:00:00+00:00,573.2,588.4391,570.47,577.99,988490,573.2,588.4391,570.47,577.99,988490,0.0,1.0
2022-02-08 00:00:00+00:00,591.27,592.0,563.97,564.2,1396634,591.27,592.0,563.97,564.2,1396634,0.0,1.0
2022-02-09 00:00:00+00:00,613.97,614.33,598.0,598.85,1665573,613.97,614.33,598.0,598.85,1665573,0.0,1.0
2022-02-10 00:00:00+00:00,610.46,621.41,599.96,600.47,1981306,610.46,621.41,599.96,600.47,1981306,0.0,1.0
2022-02-11 00:00:00+00:00,583.72,610.0,577.62,603.45,2139995,583.72,610.0,577.62,603.45,2139995,0.0,1.0
2022-02-14 00:00:00+00:00,579.58,589.33,574.1807,578.87,1240003,579.58,589.33,574.1807,578.87,1240003,0.0,1.0
2022-02-15 00:00:00+00:00,591.66,593.8754,581.22,587.81,986973,591.66,593.8754,581.22,587.81,986973,0.0,1.0
2022-02-16 00:00:00+00:00,590.89,593.03,576.48,585.84,1100377,590.89,593.03,576.48,585.84,1100377,0.0,1.0
2022-02-17 00:00:00+00:00,565.75,587.16,564.59,584.08,1069293,565.75,587.16,564.59,584.08,1069293,0.0,1.0
2022-02-18 00:00:00+00:00,556.01,569.0,551.515,565.96,1276726,556.01,569.0,551.515,565.96,1276726,0.0,1.0
2022-02-22 00:00:00+00:00,550.15,561.95,539.3964,544.07,1091829,550.15,561.95,539.3964,544.07,1091829,0.0,1.0
2022-02-23 00:00:00+00:00,524.7,553.42,522.66,550.15,1863900,524.7,553.42,522.66,550.15,1863900,0.0,1.0
2022-02-24 00:00:00+00:00,573.95,575.97,502.4578,508.25,2367641,573.95,575.97,502.4578,508.25,2367641,0.0,1.0
2022-02-25 00:00:00+00:00,580.23,580.3,564.05,568.96,1053892,580.23,580.3,564.05,568.96,1053892,0.0,1.0
2022-02-28 00:00:00+00:00,579.92,585.54,570.92,578.2,1496138,579.92,585.54,570.92,578.2,1496138,0.0,1.0
2022-03-01 00:00:00+00:00,571.07,599.58,566.79,583.82,1588538,571.07,599.58,566.79,583.82,1588538,0.0,1.0
2022-03-02 00:00:00+00:00,587.06,590.76,560.02,578.32,1090205,587.06,590.76,560.02,578.32,1090205,0.0,1.0
2022-03-03 00:00:00+00:00,562.31,593.33,556.7,592.02,1468550,562.31,593.33,556.7,592.02,1468550,0.0,1.0
2022-03-04 00:00:00+00:00,547.07,569.1,542.41,555.49,1387427,547.07,569.1,542.41,555.49,1387427,0.0,1.0
2022-03-07 00:00:00+00:00,519.62,563.1,518.68,553.37,2145621,519.62,563.1,518.68,553.37,2145621,0.0,1.0
2022-03-08 00:00:00+00:00,518.2,535.9,504.455,510.0,1479497,518.2,535.9,504.455,510.0,1479497,0.0,1.0
2022-03-09 00:00:00+00:00,559.58,565.78,533.111,536.46,1647707,559.58,565.78,533.111,536.46,1647707,0.0,1.0
2022-03-10 00:00:00+00:00,533.59,551.92,530.9225,548.58,1764264,533.59,551.92,530.9225,548.58,1764264,0.0,1.0
2022-03-11 00:00:00+00:00,512.15,544.55,511.36,542.64,1228906,512.15,544.55,511.36,542.64,1228906,0.0,1.0
2022-03-14 00:00:00+00:00,495.1,526.32,492.05,514.96,1637639,495.1,526.32,492.05,514.96,1637639,0.0,1.0
2022-03-15 00:00:00+00:00,514.22,517.595,491.31,500.18,1331697,514.22,517.595,491.31,500.18,1331697,0.0,1.0
2022-03-16 00:00:00+00:00,547.4,548.76,517.39,528.51,1825405,547.4,548.76,517.39,528.51,1825405,0.0,1.0
2022-03-17 00:00:00+00:00,566.68,567.97,540.38,540.38,1284833,566.68,567.97,540.38,540.38,1284833,0.0,1.0
2022-03-18 00:00:00+00:00,579.88,583.855,566.75,577.6,2278411,579.88,583.855,566.75,577.6,2278411,0.0,1.0
2022-03-21 00:00:00+00:00,569.8,580.61,555.37,575.0,1331860,569.8,580.61,555.37,575.0,1331860,0.0,1.0
2022-03-22 00:00:00+00:00,588.66,597.74,570.1,570.71,1300112,588.66,597.74,570.1,570.71,1300112,0.0,1.0
2022-03-23 00:00:00+00:00,567.96,579.83,562.4701,573.64,1112945,567.96,579.83,562.4701,573.64,1112945,0.0,1.0
2022-03-24 00:00:00+00:00,581.09,582.73,562.31,570.0,985462,581.09,582.73,562.31,570.0,985462,0.0,1.0
2022-03-25 00:00:00+00:00,561.87,583.605,556.8,581.04,1355546,561.87,583.605,556.8,581.04,1355546,0.0,1.0
2022-03-28 00:00:00+00:00,582.76,583.875,561.9801,567.33,1306285,582.76,583.875,561.9801,567.33,1306285,0.0,1.0
2022-03-29 00:00:00+00:00,597.75,601.62,577.64,590.22,1317986,597.75,601.62,577.64,590.22,1317986,0.0,1.0
2022-03-30 00:00:00+00:00,573.99,591.05,570.72,590.12,1514787,573.99,591.05,570.72,590.12,1514787,0.0,1.0
2022-03-31 00:00:00+00:00,556.89,576.99,556.39,573.99,2039417,556.89,576.99,556.39,573.99,2039417,0.0,1.0
2022-04-01 00:00:00+00:00,548.69,561.52,544.03,556.1,1931797,548.69,561.52,544.03,556.1,1931797,0.0,1.0
2022-04-04 00:00:00+00:00,574.82,575.81,546.52,548.0,1532852,574.82,575.81,546.52,548.0,1532852,0.0,1.0
2022-04-05 00:00:00+00:00,553.22,571.48,550.79,570.0,1151627,553.22,571.48,550.79,570.0,1151627,0.0,1.0
2022-04-06 00:00:00+00:00,527.95,542.82,519.68,542.82,1625003,527.95,542.82,519.68,542.82,1625003,0.0,1.0
2022-04-07 00:00:00+00:00,529.78,541.9,519.94,525.63,1155486,529.78,541.9,519.94,525.63,1155486,0.0,1.0
2022-04-08 00:00:00+00:00,515.6,529.38,514.22,525.0,1240991,515.6,529.38,514.22,525.0,1240991,0.0,1.0
2022-04-11 00:00:00+00:00,511.42,519.7697,499.57,507.87,1422795,511.42,519.7697,499.57,507.87,1422795,0.0,1.0
2022-04-12 00:00:00+00:00,510.21,534.13,508.95,522.59,1724472,510.21,534.13,508.95,522.59,1724472,0.0,1.0
2022-04-13 00:00:00+00:00,526.07,529.615,510.81,514.07,1389326,526.07,529.615,510.81,514.07,1389326,0.0,1.0
2022-04-14 00:00:00+00:00,507.33,525.91,506.72,524.9,1209007,507.33,525.91,506.72,524.9,1209007,0.0,1.0
2022-04-18 00:00:00+00:00,497.53,506.67,493.4,506.67,1309909,497.53,506.67,493.4,506.67,1309909,0.0,1.0
2022-04-19 00:00:00+00:00,514.4,520.72,492.07,498.78,1509477,514.4,520.72,492.07,498.78,1509477,0.0,1.0
2022-04-20 00:00:00+00:00,505.22,522.1,502.9817,520.36,1182940,505.22,522.1,502.9817,520.36,1182940,0.0,1.0
2022-04-21 00:00:00+00:00,491.67,521.69,488.84,511.55,1414316,491.67,521.69,488.84,511.55,1414316,0.0,1.0
2022-04-22 00:00:00+00:00,471.4,497.73,469.1,493.45,1761049,471.4,497.73,469.1,493.45,1761049,0.0,1.0
2022-04-25 00:00:00+00:00,472.27,477.375,464.26,464.75,1815136,472.27,477.375,464.26,464.75,1815136,0.0,1.0
2022-04-26 00:00:00+00:00,456.0,472.16,453.92,471.92,1880192,456.0,472.16,453.92,471.92,1880192,0.0,1.0
2022-04-27 00:00:00+00:00,466.29,474.41,459.425,462.74,2680149,466.29,474.41,459.425,462.74,2680149,0.0,1.0
2022-04-28 00:00:00+00:00,504.02,514.0,484.76,508.0,3764068,504.02,514.0,484.76,508.0,3764068,0.0,1.0
2022-04-29 00:00:00+00:00,478.1,508.99,477.08,489.18,1455412,478.1,508.99,477.08,489.18,1455412,0.0,1.0
2022-05-02 00:00:00+00:00,484.5,485.31,469.015,474.69,1411165,484.5,485.31,469.015,474.69,1411165,0.0,1.0
2022-05-03 00:00:00+00:00,481.86,488.39,469.62,481.98,1304904,481.86,488.39,469.62,481.98,1304904,0.0,1.0
2022-05-04 00:00:00+00:00,499.46,501.11,460.09,485.24,1833978,499.46,501.11,460.09,485.24,1833978,0.0,1.0
2022-05-05 00:00:00+00:00,469.33,495.4825,461.98,494.89,1917855,469.33,495.4825,461.98,494.89,1917855,0.0,1.0
2022-05-06 00:00:00+00:00,456.74,468.47,438.12,462.56,1965453,456.74,468.47,438.12,462.56,1965453,0.0,1.0
2022-05-09 00:00:00+00:00,425.87,450.31,422.61,443.0,2847874,425.87,450.31,422.61,443.0,2847874,0.0,1.0
2022-05-10 00:00:00+00:00,432.32,444.4084,416.56,441.0,1895744,432.32,444.4084,416.56,441.0,1895744,0.0,1.0
2022-05-11 00:00:00+00:00,420.36,447.9799,418.7075,426.17,1894686,420.36,447.9799,418.7075,426.17,1894686,0.0,1.0
2022-05-12 00:00:00+00:00,432.94,443.105,406.47,418.59,2701939,432.94,443.105,406.47,418.59,2701939,0.0,1.0
2022-05-13 00:00:00+00:00,452.65,459.69,436.34,437.74,2093565,452.65,459.69,436.34,437.74,2093565,0.0,1.0
2022-05-16 00:00:00+00:00,432.93,451.79,430.78,446.25,1662914,432.93,451.79,430.78,446.25,1662914,0.0,1.0
2022-05-17 00:00:00+00:00,432.85,451.48,417.055,445.92,2137645,432.85,451.48,417.055,445.92,2137645,0.0,1.0
2022-05-18 00:00:00+00:00,412.25,434.62,408.215,428.5,1778719,412.25,434.62,408.215,428.5,1778719,0.0,1.0
2022-05-19 00:00:00+00:00,426.76,435.72,410.32,414.48,2044653,426.76,435.72,410.32,414.48,2044653,0.0,1.0
2022-05-20 00:00:00+00:00,433.03,446.675,419.865,437.67,1725536,433.03,446.675,419.865,437.67,1725536,0.0,1.0
2022-05-23 00:00:00+00:00,430.12,438.93,424.31,430.92,1952675,430.12,438.93,424.31,430.92,1952675,0.0,1.0
2022-05-24 00:00:00+00:00,419.65,430.11,411.04,426.5,1732501,419.65,430.11,411.04,426.5,1732501,0.0,1.0
2022-05-25 00:00:00+00:00,452.29,457.6,421.865,423.445,3258390,452.29,457.6,421.865,423.445,3258390,0.0,1.0
2022-05-26 00:00:00+00:00,454.87,460.75,444.0,450.14,1789861,454.87,460.75,444.0,450.14,1789861,0.0,1.0
2022-05-27 00:00:00+00:00,476.29,479.9698,462.89,463.19,1950368,476.29,479.9698,462.89,463.19,1950368,0.0,1.0
2022-05-31 00:00:00+00:00,467.47,476.38,462.65,472.05,2411942,467.47,476.38,462.65,472.05,2411942,0.0,1.0
2022-06-01 00:00:00+00:00,475.13,496.98,470.73,491.04,1669890,475.13,496.98,470.73,491.04,1669890,0.0,1.0
2022-06-02 00:00:00+00:00,504.8,510.73,469.66,469.66,2004798,504.8,510.73,469.66,469.66,2004798,0.0,1.0
2022-06-03 00:00:00+00:00,492.48,505.66,484.7,495.84,1128950,492.48,505.66,484.7,495.84,1128950,0.0,1.0
2022-06-06 00:00:00+00:00,492.54,501.01,487.4,497.02,944318,492.54,501.01,487.4,497.02,944318,0.0,1.0
2022-06-07 00:00:00+00:00,506.43,510.45,485.2,487.7,1296954,506.43,510.45,485.2,487.7,1296954,0.0,1.0
2022-06-08 00:00:00+00:00,505.42,509.36,500.525,501.92,1115605,505.42,509.36,500.525,501.92,1115605,0.0,1.0
2022-06-09 00:00:00+00:00,492.22,507.78,491.94,500.63,953633,492.22,507.78,491.94,500.63,953633,0.0,1.0
2022-06-10 00:00:00+00:00,473.15,487.9,468.8,482.73,1243716,473.15,487.9,468.8,482.73,1243716,0.0,1.0
2022-06-13 00:00:00+00:00,440.37,458.85,439.0,450.0,1493445,440.37,458.85,439.0,450.0,1493445,0.0,1.0
2022-06-14 00:00:00+00:00,444.75,451.52,437.87,441.9,1078834,444.75,451.52,437.87,441.9,1078834,0.0,1.0
2022-06-15 00:00:00+00:00,465.95,475.455,449.07,449.52,1950860,465.95,475.455,449.07,449.52,1950860,0.0,1.0
2022-06-16 00:00:00+00:00,428.08,455.62,424.17,447.69,3031024,428.08,455.62,424.17,447.69,3031024,0.0,1.0
2022-06-17 00:00:00+00:00,443.79,451.05,429.03,430.13,2362357,443.79,451.05,429.03,430.13,2362357,0.0,1.0
2022-06-21 00:00:00+00:00,455.27,461.54,449.85,449.86,1136334,455.27,461.54,449.85,449.86,1136334,0.0,1.0
2022-06-22 00:00:00+00:00,458.65,466.1,448.33,450.21,984056,458.65,466.1,448.33,450.21,984056,0.0,1.0
2022-06-23 00:00:00+00:00,485.53,486.75,466.29,466.29,1439370,485.53,486.75,466.29,466.29,1439370,0.0,1.0
2022-06-24 00:00:00+00:00,504.09,506.3806,493.99,495.16,1700408,504.09,506.3806,493.99,495.16,1700408,0.0,1.0
2022-06-27 00:00:00+00:00,496.7,509.7,489.23,506.37,1127257,496.7,509.7,489.23,506.37,1127257,0.0,1.0
2022-06-28 00:00:00+00:00,473.44,500.26,471.02,496.7,1254946,473.44,500.26,471.02,496.7,1254946,0.0,1.0
2022-06-29 00:00:00+00:00,477.79,483.46,467.5,473.61,978538,477.79,483.46,467.5,473.61,978538,0.0,1.0
2022-06-30 00:00:00+00:00,475.52,479.92,459.64,472.74,1774103,475.52,479.92,459.64,472.74,1774103,0.0,1.0
2022-07-01 00:00:00+00:00,484.36,485.45,469.09,474.93,1505791,484.36,485.45,469.09,474.93,1505791,0.0,1.0
2022-07-05 00:00:00+00:00,495.93,497.5,474.01,480.21,1464589,495.93,497.5,474.01,480.21,1464589,0.0,1.0
2022-07-06 00:00:00+00:00,493.31,506.45,487.9,500.37,1053491,493.31,506.45,487.9,500.37,1053491,0.0,1.0
2022-07-07 00:00:00+00:00,497.05,501.91,490.17,490.17,1251913,497.05,501.91,490.17,490.17,1251913,0.0,1.0
2022-07-08 00:00:00+00:00,494.15,499.415,485.83,489.28,1486168,494.15,499.415,485.83,489.28,1486168,0.0,1.0
2022-07-11 00:00:00+00:00,490.4,495.54,480.6,488.97,961511,490.4,495.54,480.6,488.97,961511,0.0,1.0
2022-07-12 00:00:00+00:00,427.94,466.725,424.79,461.25,6864274,427.94,466.725,424.79,461.25,6864274,0.0,1.0
2022-07-13 00:00:00+00:00,422.77,434.71,411.6601,416.01,3186392,422.77,434.71,411.6601,416.01,3186392,0.0,1.0
2022-07-14 00:00:00+00:00,420.97,430.43,407.5,416.5,2165384,420.97,430.43,407.5,416.5,2165384,0.0,1.0
2022-07-15 00:00:00+00:00,435.62,440.7599,427.59,431.346,2157563,435.62,440.7599,427.59,431.346,2157563,0.0,1.0
2022-07-18 00:00:00+00:00,426.74,442.48,426.01,437.59,1811380,426.74,442.48,426.01,437.59,1811380,0.0,1.0
2022-07-19 00:00:00+00:00,435.94,436.905,420.26,432.22,1422754,435.94,436.905,420.26,432.22,1422754,0.0,1.0
2022-07-20 00:00:00+00:00,456.85,458.285,440.99,442.9,1463591,456.85,458.285,440.99,442.9,1463591,0.0,1.0
2022-07-21 00:00:00+00:00,460.29,460.83,440.01,449.4,2047912,460.29,460.83,440.01,449.4,2047912,0.0,1.0
2022-07-22 00:00:00+00:00,446.77,465.8807,443.84,460.61,1251314,446.77,465.8807,443.84,460.61,1251314,0.0,1.0
2022-07-25 00:00:00+00:00,440.0,445.69,436.655,445.43,1031265,440.0,445.69,436.655,445.43,1031265,0.0,1.0
2022-07-26 00:00:00+00:00,422.82,443.6,417.78,443.6,1834545,422.82,443.6,417.78,443.6,1834545,0.0,1.0
2022-07-27 00:00:00+00:00,448.6,450.13,428.63,432.05,2255191,448.6,450.13,428.63,432.05,2255191,0.0,1.0
2022-07-28 00:00:00+00:00,436.5,446.31,423.69,431.23,3914218,436.5,446.31,423.69,431.23,3914218,0.0,1.0
2022-07-29 00:00:00+00:00,446.66,448.77,426.43,429.23,2019631,446.66,448.77,426.43,429.23,2019631,0.0,1.0
2022-08-01 00:00:00+00:00,453.77,455.57,435.7,438.99,1729602,453.77,455.57,435.7,438.99,1729602,0.0,1.0
2022-08-02 00:00:00+00:00,454.44,461.07,442.2468,444.66,1113038,454.44,461.07,442.2468,444.66,1113038,0.0,1.0
2022-08-03 00:00:00+00:00,471.45,472.91,457.155,460.75,1400662,471.45,472.91,457.155,460.75,1400662,0.0,1.0
2022-08-04 00:00:00+00:00,493.0,495.48,463.63,467.79,3326471,493.0,495.48,463.63,467.79,3326471,0.0,1.0
2022-08-05 00:00:00+00:00,494.85,503.2673,475.26,478.08,2977871,494.85,503.2673,475.26,478.08,2977871,0.0,1.0
2022-08-08 00:00:00+00:00,494.95,503.48,491.985,495.1,1636973,494.95,503.48,491.985,495.1,1636973,0.0,1.0
2022-08-09 00:00:00+00:00,487.46,497.7657,483.485,492.28,983444,487.46,497.7657,483.485,492.28,983444,0.0,1.0
2022-08-10 00:00:00+00:00,516.2,516.62,500.98,501.96,1831933,516.2,516.62,500.98,501.96,1831933,0.0,1.0
2022-08-11 00:00:00+00:00,499.45,521.575,497.42,520.0,1481819,499.45,521.575,497.42,520.0,1481819,0.0,1.0
2022-08-12 00:00:00+00:00,506.51,508.0,492.99,504.44,1662233,506.51,508.0,492.99,504.44,1662233,0.0,1.0
2022-08-15 00:00:00+00:00,504.07,510.995,498.56,502.0,992996,504.07,510.995,498.56,502.0,992996,0.0,1.0
2022-08-16 00:00:00+00:00,496.74,500.4,491.55,499.0,1432545,496.74,500.4,491.55,499.0,1432545,0.0,1.0
2022-08-17 00:00:00+00:00,488.76,493.66,485.482,489.0,875368,488.76,493.66,485.482,489.0,875368,0.0,1.0
2022-08-18 00:00:00+00:00,489.6,490.46,480.22,486.36,981681,489.6,490.46,480.22,486.36,981681,0.0,1.0
2022-08-19 00:00:00+00:00,476.26,484.69,473.32,484.17,981608,476.26,484.69,473.32,484.17,981608,0.0,1.0
2022-08-22 00:00:00+00:00,459.71,469.24,455.77,466.57,1019378,459.71,469.24,455.77,466.57,1019378,0.0,1.0
2022-08-23 00:00:00+00:00,459.99,464.07,456.38,459.99,790240,459.99,464.07,456.38,459.99,790240,0.0,1.0
2022-08-24 00:00:00+00:00,457.52,463.4199,455.16,460.29,835272,457.52,463.4199,455.16,460.29,835272,0.0,1.0
2022-08-25 00:00:00+00:00,466.03,466.33,453.3,456.4,1056704,466.03,466.33,453.3,456.4,1056704,0.0,1.0
2022-08-26 00:00:00+00:00,444.69,467.5,444.67,467.29,897958,444.69,467.5,444.67,467.29,897958,0.0,1.0
2022-08-29 00:00:00+00:00,435.78,447.5844,435.51,440.0,857780,435.78,447.5844,435.51,440.0,857780,0.0,1.0
2022-08-30 00:00:00+00:00,436.84,444.075,429.5058,442.5,960684,436.84,444.075,429.5058,442.5,960684,0.0,1.0
2022-08-31 00:00:00+00:00,434.62,446.0,433.84,440.0,1396033,434.62,446.0,433.84,440.0,1396033,0.0,1.0
2022-09-01 00:00:00+00:00,430.56,431.7,416.68,429.81,1579490,430.56,431.7,416.68,429.81,1579490,0.0,1.0
2022-09-02 00:00:00+00:00,434.51,447.49,431.28,438.37,1557781,434.51,447.49,431.28,438.37,1557781,0.0,1.0
2022-09-06 00:00:00+00:00,430.47,437.755,424.35,430.11,958437,430.47,437.755,424.35,430.11,958437,0.0,1.0
2022-09-07 00:00:00+00:00,444.16,446.39,430.2,430.99,881810,444.16,446.39,430.2,430.99,881810,0.0,1.0
2022-09-08 00:00:00+00:00,450.77,453.25,438.08,439.04,1211358,450.77,453.25,438.08,439.04,1211358,0.0,1.0
2022-09-09 00:00:00+00:00,470.03,471.92,457.51,458.08,1392073,470.03,471.92,457.51,458.08,1392073,0.0,1.0
2022-09-12 00:00:00+00:00,476.29,482.69,469.26,475.2,1174976,476.29,482.69,469.26,475.2,1174976,0.0,1.0
2022-09-13 00:00:00+00:00,452.38,458.38,449.4,450.0,1449824,452.38,458.38,449.4,450.0,1449824,0.0,1.0
2022-09-14 00:00:00+00:00,457.49,460.57,448.21,454.37,1031659,457.49,460.57,448.21,454.37,1031659,0.0,1.0
2022-09-15 00:00:00+00:00,435.55,457.805,434.21,444.92,1965107,435.55,457.805,434.21,444.92,1965107,0.0,1.0
2022-09-16 00:00:00+00:00,425.8,434.01,421.11,431.47,2138236,425.8,434.01,421.11,431.47,2138236,0.0,1.0
2022-09-19 00:00:00+00:00,425.05,426.5,418.84,422.8,885603,425.05,426.5,418.84,422.8,885603,0.0,1.0
2022-09-20 00:00:00+00:00,411.2,421.5,411.01,421.5,1658301,411.2,421.5,411.01,421.5,1658301,0.0,1.0
2022-09-21 00:00:00+00:00,401.43,418.94,401.39,415.19,2521923,401.43,418.94,401.39,415.19,2521923,0.0,1.0
2022-09-22 00:00:00+00:00,386.97,404.46,386.7,399.87,2405214,386.97,404.46,386.7,399.87,2405214,0.0,1.0
2022-09-23 00:00:00+00:00,377.04,387.33,374.36,382.93,2212177,377.04,387.33,374.36,382.93,2212177,0.0,1.0
2022-09-26 00:00:00+00:00,370.1,382.61,367.71,376.48,2377363,370.1,382.61,367.71,376.48,2377363,0.0,1.0
2022-09-27 00:00:00+00:00,378.95,379.3,371.2,376.76,2094384,378.95,379.3,371.2,376.76,2094384,0.0,1.0
2022-09-28 00:00:00+00:00,388.85,390.39,376.42,378.44,1538755,388.85,390.39,376.42,378.44,1538755,0.0,1.0
2022-09-29 00:00:00+00:00,385.5,386.31,377.74,382.88,1497583,385.5,386.31,377.74,382.88,1497583,0.0,1.0
2022-09-30 00:00:00+00:00,377.61,396.08,377.18,385.0,1825698,377.61,396.08,377.18,385.0,1825698,0.0,1.0
2022-10-03 00:00:00+00:00,391.71,394.015,374.73,380.08,2327674,391.71,394.015,374.73,380.08,2327674,0.0,1.0
2022-10-04 00:00:00+00:00,411.55,413.66,400.83,402.13,1978915,411.55,413.66,400.83,402.13,1978915,0.0,1.0
2022-10-05 00:00:00+00:00,420.58,425.75,402.01,402.75,1771780,420.58,425.75,402.01,402.75,1771780,0.0,1.0
2022-10-06 00:00:00+00:00,418.43,433.39,416.54,422.12,1743557,418.43,433.39,416.54,422.12,1743557,0.0,1.0
2022-10-07 00:00:00+00:00,401.21,412.43,398.96,410.0,1235518,401.21,412.43,398.96,410.0,1235518,0.0,1.0
2022-10-10 00:00:00+00:00,381.78,402.205,377.15,401.39,1790313,381.78,402.205,377.15,401.39,1790313,0.0,1.0
2022-10-11 00:00:00+00:00,371.3,381.7231,366.88,381.65,2042848,371.3,381.7231,366.88,381.65,2042848,0.0,1.0
2022-10-12 00:00:00+00:00,369.13,376.31,365.935,372.49,1836890,369.13,376.31,365.935,372.49,1836890,0.0,1.0
2022-10-13 00:00:00+00:00,361.9,366.57,337.0,347.75,2740356,361.9,366.57,337.0,347.75,2740356,0.0,1.0
2022-10-14 00:00:00+00:00,341.76,366.85,340.9,366.02,3201999,341.76,366.85,340.9,366.02,3201999,0.0,1.0
2022-10-17 00:00:00+00:00,348.61,358.88,347.51,351.43,2571587,348.61,358.88,347.51,351.43,2571587,0.0,1.0
2022-10-18 00:00:00+00:00,356.79,367.47,351.05,362.34,2099360,356.79,367.47,351.05,362.34,2099360,0.0,1.0
2022-10-19 00:00:00+00:00,355.44,359.86,350.515,350.71,1384318,355.44,359.86,350.515,350.71,1384318,0.0,1.0
2022-10-20 00:00:00+00:00,356.26,366.4699,351.04,356.13,1655653,356.26,366.4699,351.04,356.13,1655653,0.0,1.0
2022-10-21 00:00:00+00:00,360.67,361.635,347.29,353.31,1451269,360.67,361.635,347.29,353.31,1451269,0.0,1.0
2022-10-24 00:00:00+00:00,366.56,370.9,359.25,368.0,1665748,366.56,370.9,359.25,368.0,1665748,0.0,1.0
2022-10-25 00:00:00+00:00,376.66,377.5,365.0,368.58,2132543,376.66,377.5,365.0,368.58,2132543,0.0,1.0
2022-10-26 00:00:00+00:00,366.41,382.5799,351.0,353.8,3614985,366.41,382.5799,351.0,353.8,3614985,0.0,1.0
2022-10-27 00:00:00+00:00,415.67,427.63,408.6101,426.96,5625786,415.67,427.63,408.6101,426.96,5625786,0.0,1.0
2022-10-28 00:00:00+00:00,420.4,421.44,403.77,416.23,3122188,420.4,421.44,403.77,416.23,3122188,0.0,1.0
2022-10-31 00:00:00+00:00,420.74,428.23,414.91,418.0,1898529,420.74,428.23,414.91,418.0,1898529,0.0,1.0
2022-11-01 00:00:00+00:00,418.56,430.24,416.6,427.08,1359853,418.56,430.24,416.6,427.08,1359853,0.0,1.0
2022-11-02 00:00:00+00:00,392.68,419.33,392.34,419.33,1772629,392.68,419.33,392.34,419.33,1772629,0.0,1.0
2022-11-03 00:00:00+00:00,385.56,395.62,384.86,390.62,1379118,385.56,395.62,384.86,390.62,1379118,0.0,1.0
2022-11-04 00:00:00+00:00,361.75,389.93,354.18,388.51,2838317,361.75,389.93,354.18,388.51,2838317,0.0,1.0
2022-11-07 00:00:00+00:00,363.2,365.075,351.25,365.0,1718398,363.2,365.075,351.25,365.0,1718398,0.0,1.0
2022-11-08 00:00:00+00:00,371.14,375.29,359.1,365.0,1572309,371.14,375.29,359.1,365.0,1572309,0.0,1.0
2022-11-09 00:00:00+00:00,361.27,368.8275,361.2,365.0,1152798,361.27,368.8275,361.2,365.0,1152798,0.0,1.0
2022-11-10 00:00:00+00:00,404.06,410.55,390.64,393.26,2913666,404.06,410.55,390.64,393.26,2913666,0.0,1.0
2022-11-11 00:00:00+00:00,409.91,424.46,404.72,406.99,2144263,409.91,424.46,404.72,406.99,2144263,0.0,1.0
2022-11-14 00:00:00+00:00,400.4,406.6,391.22,401.51,1558947,400.4,406.6,391.22,401.51,1558947,0.0,1.0
2022-11-15 00:00:00+00:00,419.48,425.39,414.21,414.21,1847760,419.48,425.39,414.21,414.21,1847760,0.0,1.0
2022-11-16 00:00:00+00:00,412.2,417.495,405.42,415.4,1168477,412.2,417.495,405.42,415.4,1168477,0.0,1.0
2022-11-17 00:00:00+00:00,400.58,408.77,397.85,402.85,1525593,400.58,408.77,397.85,402.85,1525593,0.0,1.0
2022-11-18 00:00:00+00:00,399.38,410.0,394.2814,407.91,1205256,399.38,410.0,394.2814,407.91,1205256,0.0,1.0
2022-11-21 00:00:00+00:00,387.38,395.97,382.5,394.2,1335186,387.38,395.97,382.5,394.2,1335186,0.0,1.0
2022-11-22 00:00:00+00:00,400.28,401.93,384.05,389.49,1375613,400.28,401.93,384.05,389.49,1375613,0.0,1.0
2022-11-23 00:00:00+00:00,409.37,410.6,396.75,399.84,1041047,409.37,410.6,396.75,399.84,1041047,0.0,1.0
2022-11-25 00:00:00+00:00,407.21,409.61,403.98,406.68,401410,407.21,409.61,403.98,406.68,401410,0.0,1.0
2022-11-28 00:00:00+00:00,401.93,406.22,397.475,403.94,1046535,401.93,406.22,397.475,403.94,1046535,0.0,1.0
2022-11-29 00:00:00+00:00,396.85,402.17,394.68,400.87,1019629,396.85,402.17,394.68,400.87,1019629,0.0,1.0
2022-11-30 00:00:00+00:00,416.3,417.27,393.01,394.11,2088230,416.3,417.27,393.01,394.11,2088230,0.0,1.0
2022-12-01 00:00:00+00:00,425.6,431.42,414.72,416.16,1779982,425.6,431.42,414.72,416.16,1779982,0.0,1.0
2022-12-02 00:00:00+00:00,412.87,421.6,409.73,417.23,1244925,412.87,421.6,409.73,417.23,1244925,0.0,1.0
2022-12-05 00:00:00+00:00,392.26,409.87,385.17,406.0,1716755,392.26,409.87,385.17,406.0,1716755,0.0,1.0
2022-12-06 00:00:00+00:00,389.15,394.82,381.56,392.24,1473611,389.15,394.82,381.56,392.24,1473611,0.0,1.0
2022-12-07 00:00:00+00:00,388.52,395.7999,385.045,389.27,1012277,388.52,395.7999,385.045,389.27,1012277,0.0,1.0
2022-12-08 00:00:00+00:00,396.23,398.04,385.2197,392.09,1032387,396.23,398.04,385.2197,392.09,1032387,0.0,1.0
2022-12-09 00:00:00+00:00,393.58,403.27,393.05,394.07,838515,393.58,403.27,393.05,394.07,838515,0.0,1.0
2022-12-12 00:00:00+00:00,401.64,407.06,394.71,395.56,1475879,401.64,407.06,394.71,395.56,1475879,0.0,1.0
2022-12-13 00:00:00+00:00,416.17,432.17,410.1,424.43,1945103,416.17,432.17,410.1,424.43,1945103,0.0,1.0
2022-12-14 00:00:00+00:00,418.39,429.23,411.55,416.51,1495707,418.39,429.23,411.55,416.51,1495707,0.0,1.0
2022-12-15 00:00:00+00:00,400.64,413.87,399.71,408.25,1162382,400.64,413.87,399.71,408.25,1162382,0.0,1.0
2022-12-16 00:00:00+00:00,394.37,404.36,392.14,399.83,1872700,394.37,404.36,392.14,399.83,1872700,0.0,1.0
2022-12-19 00:00:00+00:00,382.3,397.99,381.01,394.3,1396754,382.3,397.99,381.01,394.3,1396754,0.0,1.0
2022-12-20 00:00:00+00:00,386.47,388.37,375.82,376.5,954779,386.47,388.37,375.82,376.5,954779,0.0,1.0
2022-12-21 00:00:00+00:00,391.91,395.36,381.15,387.13,963254,391.91,395.36,381.15,387.13,963254,0.0,1.0
2022-12-22 00:00:00+00:00,379.94,386.77,373.65,383.97,1283062,379.94,386.77,373.65,383.97,1283062,0.0,1.0
2022-12-23 00:00:00+00:00,381.86,381.9,371.47,375.0,856741,381.86,381.9,371.47,375.0,856741,0.0,1.0
2022-12-27 00:00:00+00:00,380.64,383.83,374.11,380.15,829088,380.64,383.83,374.11,380.15,829088,0.0,1.0
2022-12-28 00:00:00+00:00,376.05,385.62,372.74,380.43,772170,376.05,385.62,372.74,380.43,772170,0.0,1.0
2022-12-29 00:00:00+00:00,389.85,392.12,379.01,380.95,920479,389.85,392.12,379.01,380.95,920479,0.0,1.0
2022-12-30 00:00:00+00:00,388.27,389.665,382.29,383.8,699340,388.27,389.665,382.29,383.8,699340,0.0,1.0
2023-01-03 00:00:00+00:00,385.5,398.65,380.65,395.08,1088076,385.5,398.65,380.65,395.08,1088076,0.0,1.0
2023-01-04 00:00:00+00:00,393.85,397.06,384.74,390.95,1405017,393.85,397.06,384.74,390.95,1405017,0.0,1.0
2023-01-05 00:00:00+00:00,366.32,389.7,365.25,388.45,1790044,366.32,389.7,365.25,388.45,1790044,0.0,1.0
2023-01-06 00:00:00+00:00,366.53,371.59,353.62,371.59,2676728,366.53,371.59,353.62,371.59,2676728,0.0,1.0
2023-01-09 00:00:00+00:00,378.56,392.99,373.19,373.88,2087814,378.56,392.99,373.19,373.88,2087814,0.0,1.0
2023-01-10 00:00:00+00:00,380.84,383.77,374.37,374.37,1064555,380.84,383.77,374.37,374.37,1064555,0.0,1.0
2023-01-11 00:00:00+00:00,393.78,393.92,383.21,384.82,1258404,393.78,393.92,383.21,384.82,1258404,0.0,1.0
2023-01-12 00:00:00+00:00,413.26,420.84,395.845,409.83,2314011,413.26,420.84,395.845,409.83,2314011,0.0,1.0
2023-01-13 00:00:00+00:00,414.89,417.35,408.0554,408.67,1118193,414.89,417.35,408.0554,408.67,1118193,0.0,1.0
2023-01-17 00:00:00+00:00,418.24,419.42,407.95,415.0,1348730,418.24,419.42,407.95,415.0,1348730,0.0,1.0
2023-01-18 00:00:00+00:00,416.2,431.5,414.64,420.79,1726658,416.2,431.5,414.64,420.79,1726658,0.0,1.0
2023-01-19 00:00:00+00:00,428.43,434.2658,415.3,416.02,2678895,428.43,434.2658,415.3,416.02,2678895,0.0,1.0
2023-01-20 00:00:00+00:00,441.83,443.24,428.58,429.2,1522678,441.83,443.24,428.58,429.2,1522678,0.0,1.0
2023-01-23 00:00:00+00:00,442.44,450.7765,436.775,441.0,1806276,442.44,450.7765,436.775,441.0,1806276,0.0,1.0
2023-01-24 00:00:00+00:00,443.41,446.0,437.0,446.0,1415399,443.41,446.0,437.0,446.0,1415399,0.0,1.0
2023-01-25 00:00:00+00:00,448.77,449.29,427.28,428.74,3448080,448.77,449.29,427.28,428.74,3448080,0.0,1.0
2023-01-26 00:00:00+00:00,463.07,477.73,444.66,461.86,6350938,463.07,477.73,444.66,461.86,6350938,0.0,1.0
2023-01-27 00:00:00+00:00,458.86,467.13,451.65,457.48,2351339,458.86,467.13,451.65,457.48,2351339,0.0,1.0
2023-01-30 00:00:00+00:00,442.57,453.1809,440.12,451.99,2319174,442.57,453.1809,440.12,451.99,2319174,0.0,1.0
2023-01-31 00:00:00+00:00,455.13,455.39,442.31,444.52,2036167,455.13,455.39,442.31,444.52,2036167,0.0,1.0
2023-02-01 00:00:00+00:00,473.81,477.51,453.26,456.19,2261490,473.81,477.51,453.26,456.19,2261490,0.0,1.0
2023-02-02 00:00:00+00:00,491.27,494.62,479.46,484.8,2299735,491.27,494.62,479.46,484.8,2299735,0.0,1.0
2023-02-03 00:00:00+00:00,472.22,484.7,468.9,478.13,1715179,472.22,484.7,468.9,478.13,1715179,0.0,1.0
2023-02-06 00:00:00+00:00,455.22,465.17,452.75,455.51,2459724,455.22,465.17,452.75,455.51,2459724,0.0,1.0
2023-02-07 00:00:00+00:00,463.26,466.24,450.51,454.83,1342622,463.26,466.24,450.51,454.83,1342622,0.0,1.0
2023-02-08 00:00:00+00:00,463.98,472.2199,460.97,464.59,1565942,463.98,472.2199,460.97,464.59,1565942,0.0,1.0
2023-02-09 00:00:00+00:00,463.3,474.43,461.06,470.25,1522851,463.3,474.43,461.06,470.25,1522851,0.0,1.0
2023-02-10 00:00:00+00:00,458.36,460.99,454.37,458.61,1655672,458.36,460.99,454.37,458.61,1655672,0.0,1.0
2023-02-13 00:00:00+00:00,461.04,463.8,452.02,459.28,1178354,461.04,463.8,452.02,459.28,1178354,0.0,1.0
2023-02-14 00:00:00+00:00,461.35,469.48,455.6,456.64,977857,461.35,469.48,455.6,456.64,977857,0.0,1.0
2023-02-15 00:00:00+00:00,463.91,464.5,456.52,458.98,1056476,463.91,464.5,456.52,458.98,1056476,0.0,1.0
2023-02-16 00:00:00+00:00,453.69,460.99,449.2585,450.0,1150473,453.69,460.99,449.2585,450.0,1150473,0.0,1.0
2023-02-17 00:00:00+00:00,439.01,452.97,434.39,450.0,1964080,439.01,452.97,434.39,450.0,1964080,0.0,1.0
2023-02-21 00:00:00+00:00,431.86,437.1,428.55,431.82,1098722,431.86,437.1,428.55,431.82,1098722,0.0,1.0
2023-02-22 00:00:00+00:00,439.84,447.07,435.29,437.65,1237335,439.84,447.07,435.29,437.65,1237335,0.0,1.0
2023-02-23 00:00:00+00:00,441.71,442.78,433.78,440.41,946777,441.71,442.78,433.78,440.41,946777,0.0,1.0
2023-02-24 00:00:00+00:00,425.59,434.58,423.76,432.32,1086006,425.59,434.58,423.76,432.32,1086006,0.0,1.0
2023-02-27 00:00:00+00:00,428.57,437.64,427.66,431.24,1482052,428.57,437.64,427.66,431.24,1482052,0.0,1.0
2023-02-28 00:00:00+00:00,432.17,434.22,425.66,425.66,1468830,432.17,434.22,425.66,425.66,1468830,0.0,1.0
2023-03-01 00:00:00+00:00,428.94,435.42,426.04,431.94,917461,428.94,435.42,426.04,431.94,917461,0.0,1.0
2023-03-02 00:00:00+00:00,436.04,436.42,425.58,428.71,1156728,436.04,436.42,425.58,428.71,1156728,0.0,1.0
2023-03-03 00:00:00+00:00,443.98,445.3825,439.13,439.82,991528,443.98,445.3825,439.13,439.82,991528,0.0,1.0
2023-03-06 00:00:00+00:00,446.02,454.89,444.37,445.5,1094103,446.02,454.89,444.37,445.5,1094103,0.0,1.0
2023-03-07 00:00:00+00:00,444.81,454.54,443.76,445.6,1215196,444.81,454.54,443.76,445.6,1215196,0.0,1.0
2023-03-08 00:00:00+00:00,446.97,450.52,441.5,444.33,817792,446.97,450.52,441.5,444.33,817792,0.0,1.0
2023-03-09 00:00:00+00:00,428.5,450.8,428.0912,444.23,1469350,428.5,450.8,428.0912,444.23,1469350,0.0,1.0
2023-03-10 00:00:00+00:00,415.08,429.23,409.31,428.0,1884198,415.08,429.23,409.31,428.0,1884198,0.0,1.0
2023-03-13 00:00:00+00:00,414.93,425.93,405.372,412.95,1684725,414.93,425.93,405.372,412.95,1684725,0.0,1.0
2023-03-14 00:00:00+00:00,424.54,425.9799,416.93,422.8,1136423,424.54,425.9799,416.93,422.8,1136423,0.0,1.0
2023-03-15 00:00:00+00:00,422.26,422.67,414.8,418.72,1186814,422.26,422.67,414.8,418.72,1186814,0.0,1.0
2023-03-16 00:00:00+00:00,442.39,442.9,421.5,422.84,2075107,442.39,442.9,421.5,422.84,2075107,0.0,1.0
2023-03-17 00:00:00+00:00,441.0,443.66,434.6,443.65,2917494,441.0,443.66,434.6,443.65,2917494,0.0,1.0
2023-03-20 00:00:00+00:00,435.15,439.49,425.85,438.04,1379119,435.15,439.49,425.85,438.04,1379119,0.0,1.0
2023-03-21 00:00:00+00:00,445.46,447.87,436.1,436.1,1282051,445.46,447.87,436.1,436.1,1282051,0.0,1.0
2023-03-22 00:00:00+00:00,433.51,448.76,433.47,447.18,931550,433.51,448.76,433.47,447.18,931550,0.0,1.0
2023-03-23 00:00:00+00:00,440.47,451.9737,437.665,440.47,1165451,440.47,451.9737,437.665,440.47,1165451,0.0,1.0
2023-03-24 00:00:00+00:00,432.9,439.2199,427.1101,438.83,922868,432.9,439.2199,427.1101,438.83,922868,0.0,1.0
2023-03-27 00:00:00+00:00,431.31,437.7401,430.13,433.5,935255,431.31,437.7401,430.13,433.5,935255,0.0,1.0
2023-03-28 00:00:00+00:00,429.08,431.91,427.01,429.02,1089117,429.08,431.91,427.01,429.02,1089117,0.0,1.0
2023-03-29 00:00:00+00:00,438.44,438.99,431.29,433.55,1304536,438.44,438.99,431.29,433.55,1304536,0.0,1.0
2023-03-30 00:00:00+00:00,439.63,443.84,438.08,443.54,1078797,439.63,443.84,438.08,443.54,1078797,0.0,1.0
2023-03-31 00:00:00+00:00,464.72,465.405,441.62,443.1,2454005,464.72,465.405,441.62,443.1,2454005,0.0,1.0
2023-04-03 00:00:00+00:00,464.49,465.89,457.41,461.53,1358561,464.49,465.89,457.41,461.53,1358561,0.0,1.0
2023-04-04 00:00:00+00:00,476.05,482.33,472.38,475.44,2247230,476.05,482.33,472.38,475.44,2247230,0.0,1.0
2023-04-05 00:00:00+00:00,467.33,476.0,460.29,475.75,1345811,467.33,476.0,460.29,475.75,1345811,0.0,1.0
2023-04-06 00:00:00+00:00,473.13,473.65,457.46,463.95,1691546,473.13,473.65,457.46,463.95,1691546,0.0,1.0
2023-04-10 00:00:00+00:00,472.64,473.03,456.375,466.15,1242760,472.64,473.03,456.375,466.15,1242760,0.0,1.0
2023-04-11 00:00:00+00:00,469.82,473.89,464.33,466.01,977903,469.82,473.89,464.33,466.01,977903,0.0,1.0
2023-04-12 00:00:00+00:00,471.43,480.83,469.475,474.59,1622495,471.43,480.83,469.475,474.59,1622495,0.0,1.0
2023-04-13 00:00:00+00:00,483.5,485.58,472.95,475.32,1600195,483.5,485.58,472.95,475.32,1600195,0.0,1.0
2023-04-14 00:00:00+00:00,463.03,469.82,454.6871,466.78,3075216,463.03,469.82,454.6871,466.78,3075216,0.0,1.0
2023-04-17 00:00:00+00:00,470.55,471.69,463.57,465.01,1070714,470.55,471.69,463.57,465.01,1070714,0.0,1.0
2023-04-18 00:00:00+00:00,475.99,478.13,470.01,478.13,1181166,475.99,478.13,470.01,478.13,1181166,0.0,1.0
2023-04-19 00:00:00+00:00,475.59,478.35,473.17,475.0,1018571,475.59,478.35,473.17,475.0,1018571,0.0,1.0
2023-04-20 00:00:00+00:00,467.69,473.78,465.4,473.32,1038705,467.69,473.78,465.4,473.32,1038705,0.0,1.0
2023-04-21 00:00:00+00:00,473.31,474.16,465.11,470.19,1092083,473.31,474.16,465.11,470.19,1092083,0.0,1.0
2023-04-24 00:00:00+00:00,473.0,476.6,465.25,474.0,1223655,473.0,476.6,465.25,474.0,1223655,0.0,1.0
2023-04-25 00:00:00+00:00,442.28,468.2499,441.98,466.75,2058579,442.28,468.2499,441.98,466.75,2058579,0.0,1.0
2023-04-26 00:00:00+00:00,454.03,454.5,445.88,450.0,2721252,454.03,454.5,445.88,450.0,2721252,0.0,1.0
2023-04-27 00:00:00+00:00,454.34,458.65,427.68,440.23,4855322,454.34,458.65,427.68,440.23,4855322,0.0,1.0
2023-04-28 00:00:00+00:00,459.42,461.68,449.2,454.24,2360323,459.42,461.68,449.2,454.24,2360323,0.0,1.0
2023-05-01 00:00:00+00:00,450.41,456.31,449.3,456.31,1424271,450.41,456.31,449.3,456.31,1424271,0.0,1.0
2023-05-02 00:00:00+00:00,443.68,451.0,439.39,450.53,1284314,443.68,451.0,439.39,450.53,1284314,0.0,1.0
2023-05-03 00:00:00+00:00,437.08,446.9,436.45,443.53,1192000,437.08,446.9,436.45,443.53,1192000,0.0,1.0
2023-05-04 00:00:00+00:00,430.51,442.54,428.97,439.06,1658810,430.51,442.54,428.97,439.06,1658810,0.0,1.0
2023-05-05 00:00:00+00:00,434.8,439.67,431.55,433.0,1302807,434.8,439.67,431.55,433.0,1302807,0.0,1.0
2023-05-08 00:00:00+00:00,438.99,439.57,429.05,436.9,1446644,438.99,439.57,429.05,436.9,1446644,0.0,1.0
2023-05-09 00:00:00+00:00,441.39,445.84,435.07,437.22,1171646,441.39,445.84,435.07,437.22,1171646,0.0,1.0
2023-05-10 00:00:00+00:00,454.14,459.99,446.2501,449.18,1537752,454.14,459.99,446.2501,449.18,1537752,0.0,1.0
2023-05-11 00:00:00+00:00,452.57,455.46,447.45,453.99,2018807,452.57,455.46,447.45,453.99,2018807,0.0,1.0
2023-05-12 00:00:00+00:00,455.2,457.4729,446.6494,453.0,1221260,455.2,457.4729,446.6494,453.0,1221260,0.0,1.0
2023-05-15 00:00:00+00:00,463.14,464.65,452.235,453.3,1501227,463.14,464.65,452.235,453.3,1501227,0.0,1.0
2023-05-16 00:00:00+00:00,468.24,478.0,461.77,462.9,1628499,468.24,478.0,461.77,462.9,1628499,0.0,1.0
2023-05-17 00:00:00+00:00,492.92,494.94,477.16,479.49,3217594,492.92,494.94,477.16,479.49,3217594,0.0,1.0
2023-05-18 00:00:00+00:00,510.17,512.61,495.815,500.0,2860078,510.17,512.61,495.815,500.0,2860078,0.0,1.0
2023-05-19 00:00:00+00:00,510.3,511.73,502.75,510.0,1702249,510.3,511.73,502.75,510.0,1702249,0.0,1.0
2023-05-22 00:00:00+00:00,511.39,517.09,506.17,506.6,1360939,511.39,517.09,506.17,506.6,1360939,0.0,1.0
2023-05-23 00:00:00+00:00,500.14,511.78,499.85,507.5,1124140,500.14,511.78,499.85,507.5,1124140,0.0,1.0
2023-05-24 00:00:00+00:00,502.55,506.26,494.13,496.72,1098990,502.55,506.26,494.13,496.72,1098990,0.0,1.0
2023-05-25 00:00:00+00:00,531.78,539.8,517.8,523.29,3163304,531.78,539.8,517.8,523.29,3163304,0.0,1.0
2023-05-26 00:00:00+00:00,537.46,549.56,531.81,534.64,2134611,537.46,549.56,531.81,534.64,2134611,0.0,1.0
2023-05-30 00:00:00+00:00,549.12,556.58,544.37,548.0,1937338,549.12,556.58,544.37,548.0,1937338,0.0,1.0
2023-05-31 00:00:00+00:00,544.78,548.26,533.795,539.33,2346531,544.78,548.26,533.795,539.33,2346531,0.0,1.0
2023-06-01 00:00:00+00:00,542.96,550.62,532.02,534.8,1479807,542.96,550.62,532.02,534.8,1479807,0.0,1.0
2023-06-02 00:00:00+00:00,548.18,554.44,541.28,546.0,1278199,548.18,554.44,541.28,546.0,1278199,0.0,1.0
2023-06-05 00:00:00+00:00,556.71,559.86,542.37,548.08,1316189,556.71,559.86,542.37,548.08,1316189,0.0,1.0
2023-06-06 00:00:00+00:00,555.8,563.63,555.18,556.5,1388164,555.8,563.63,555.18,556.5,1388164,0.0,1.0
2023-06-07 00:00:00+00:00,528.32,557.82,527.24,555.55,2406593,528.32,557.82,527.24,555.55,2406593,0.0,1.0
2023-06-08 00:00:00+00:00,535.34,541.4482,526.11,529.59,1458708,535.34,541.4482,526.11,529.59,1458708,0.0,1.0
2023-06-09 00:00:00+00:00,534.03,545.0,531.54,538.24,1370013,534.03,545.0,531.54,538.24,1370013,0.0,1.0
2023-06-12 00:00:00+00:00,546.35,546.9,532.13,539.02,1295900,546.35,546.9,532.13,539.02,1295900,0.0,1.0
2023-06-13 00:00:00+00:00,554.72,559.59,549.27,556.0,1345402,554.72,559.59,549.27,556.0,1345402,0.0,1.0
2023-06-14 00:00:00+00:00,567.31,567.98,554.0,554.95,1283655,567.31,567.98,554.0,554.95,1283655,0.0,1.0
2023-06-15 00:00:00+00:00,574.37,576.68,562.11,563.05,1319142,574.37,576.68,562.11,563.05,1319142,0.0,1.0
2023-06-16 00:00:00+00:00,565.48,574.65,564.95,574.37,2088553,565.48,574.65,564.95,574.37,2088553,0.0,1.0
2023-06-20 00:00:00+00:00,559.49,569.63,555.44,558.3,1118747,559.49,569.63,555.44,558.3,1118747,0.0,1.0
2023-06-21 00:00:00+00:00,546.8,559.65,545.59,557.79,1129228,546.8,559.65,545.59,557.79,1129228,0.0,1.0
2023-06-22 00:00:00+00:00,549.87,550.23,539.01,543.22,1238191,549.87,550.23,539.01,543.22,1238191,0.0,1.0
2023-06-23 00:00:00+00:00,542.99,551.64,536.88,541.23,1368519,542.99,551.64,536.88,541.23,1368519,0.0,1.0
2023-06-26 00:00:00+00:00,537.97,551.13,536.64,541.33,966567,537.97,551.13,536.64,541.33,966567,0.0,1.0
2023-06-27 00:00:00+00:00,539.96,545.08,535.01,541.14,854083,539.96,545.08,535.01,541.14,854083,0.0,1.0
2023-06-28 00:00:00+00:00,548.67,549.18,537.3,538.93,961152,548.67,549.18,537.3,538.93,961152,0.0,1.0
2023-06-29 00:00:00+00:00,548.08,550.74,542.68,549.97,710327,548.08,550.74,542.68,549.97,710327,0.0,1.0
2023-06-30 00:00:00+00:00,561.97,566.63,554.03,555.79,1325890,561.97,566.63,554.03,555.79,1325890,0.0,1.0
2023-07-03 00:00:00+00:00,562.87,564.56,555.94,560.85,473358,562.87,564.56,555.94,560.85,473358,0.0,1.0
2023-07-05 00:00:00+00:00,565.76,567.225,556.16,556.4,1116204,565.76,567.225,556.16,556.4,1116204,0.0,1.0
2023-07-06 00:00:00+00:00,555.83,560.525,548.43,557.0,1019347,555.83,560.525,548.43,557.0,1019347,0.0,1.0
2023-07-07 00:00:00+00:00,552.98,563.2999,552.78,555.28,856061,552.98,563.2999,552.78,555.28,856061,0.0,1.0
2023-07-10 00:00:00+00:00,565.6,565.85,553.0,553.0,1177132,565.6,565.85,553.0,553.0,1177132,0.0,1.0
2023-07-11 00:00:00+00:00,561.44,571.265,557.535,567.21,1134340,561.44,571.265,557.535,567.21,1134340,0.0,1.0
2023-07-12 00:00:00+00:00,561.34,570.86,557.24,570.86,1168175,561.34,570.86,557.24,570.86,1168175,0.0,1.0
2023-07-13 00:00:00+00:00,577.45,579.44,565.0,566.62,1314148,577.45,579.44,565.0,566.62,1314148,0.0,1.0
2023-07-14 00:00:00+00:00,580.38,584.2625,576.0,577.0,916484,580.38,584.2625,576.0,577.0,916484,0.0,1.0
2023-07-17 00:00:00+00:00,592.38,594.99,582.0,582.67,1043388,592.38,594.99,582.0,582.67,1043388,0.0,1.0
2023-07-18 00:00:00+00:00,597.13,602.0,583.92,589.81,1264021,597.13,602.0,583.92,589.81,1264021,0.0,1.0
2023-07-19 00:00:00+00:00,603.25,614.3599,599.5401,610.9,1737171,603.25,614.3599,599.5401,610.9,1737171,0.0,1.0
2023-07-20 00:00:00+00:00,578.88,600.88,575.78,597.62,1551161,578.88,600.88,575.78,597.62,1551161,0.0,1.0
2023-07-21 00:00:00+00:00,582.02,593.01,581.0,590.65,810005,582.02,593.01,581.0,590.65,810005,0.0,1.0
2023-07-24 00:00:00+00:00,578.04,587.215,576.055,586.5,975518,578.04,587.215,576.055,586.5,975518,0.0,1.0
2023-07-25 00:00:00+00:00,582.38,587.64,579.0,579.0,1079092,582.38,587.64,579.0,579.0,1079092,0.0,1.0
2023-07-26 00:00:00+00:00,577.27,585.09,571.21,573.92,1825096,577.27,585.09,571.21,573.92,1825096,0.0,1.0
2023-07-27 00:00:00+00:00,559.89,600.66,556.7101,598.0,3074358,559.89,600.66,556.7101,598.0,3074358,0.0,1.0
2023-07-28 00:00:00+00:00,569.54,569.68,559.37,567.54,2042877,569.54,569.68,559.37,567.54,2042877,0.0,1.0
2023-07-31 00:00:00+00:00,583.0,583.6494,573.0,573.82,1670772,583.0,583.6494,573.0,573.82,1670772,0.0,1.0
2023-08-01 00:00:00+00:00,590.39,591.5,575.21,578.24,1104895,590.39,591.5,575.21,578.24,1104895,0.0,1.0
2023-08-02 00:00:00+00:00,563.17,582.86,561.05,579.89,1746530,563.17,582.86,561.05,579.89,1746530,0.0,1.0
2023-08-03 00:00:00+00:00,560.4,562.51,556.0,557.97,864238,560.4,562.51,556.0,557.97,864238,0.0,1.0
2023-08-04 00:00:00+00:00,551.63,564.98,550.01,564.4,1634501,551.63,564.98,550.01,564.4,1634501,0.0,1.0
2023-08-07 00:00:00+00:00,554.89,556.91,549.06,555.36,1227226,554.89,556.91,549.06,555.36,1227226,0.0,1.0
2023-08-08 00:00:00+00:00,552.83,553.76,541.75,546.99,1085193,552.83,553.76,541.75,546.99,1085193,0.0,1.0
2023-08-09 00:00:00+00:00,550.33,555.0,545.1,551.52,939373,550.33,555.0,545.1,551.52,939373,0.0,1.0
2023-08-10 00:00:00+00:00,555.0,566.07,550.14,557.83,1129564,555.0,566.07,550.14,557.83,1129564,0.0,1.0
2023-08-11 00:00:00+00:00,557.44,558.57,550.01,550.77,801882,557.44,558.57,550.01,550.77,801882,0.0,1.0
2023-08-14 00:00:00+00:00,566.21,566.75,550.76,551.935,771114,566.21,566.75,550.76,551.935,771114,0.0,1.0
2023-08-15 00:00:00+00:00,559.6,573.98,558.4662,567.49,830659,559.6,573.98,558.4662,567.49,830659,0.0,1.0
2023-08-16 00:00:00+00:00,549.5,560.9799,548.27,557.0,989324,549.5,560.9799,548.27,557.0,989324,0.0,1.0
2023-08-17 00:00:00+00:00,543.64,552.05,540.71,550.45,990269,543.64,552.05,540.71,550.45,990269,0.0,1.0
2023-08-18 00:00:00+00:00,541.5,543.4,532.54,533.96,837792,541.5,543.4,532.54,533.96,837792,0.0,1.0
2023-08-21 00:00:00+00:00,554.7,555.31,542.55,542.86,847526,554.7,555.31,542.55,542.86,847526,0.0,1.0
2023-08-22 00:00:00+00:00,561.82,564.25,556.3,559.62,889755,561.82,564.25,556.3,559.62,889755,0.0,1.0
2023-08-23 00:00:00+00:00,568.0,576.97,562.0,564.47,1138026,568.0,576.97,562.0,564.47,1138026,0.0,1.0
2023-08-24 00:00:00+00:00,549.54,575.87,549.47,574.6,911391,549.54,575.87,549.47,574.6,911391,0.0,1.0
2023-08-25 00:00:00+00:00,563.65,567.07,551.4,554.44,680414,563.65,567.07,551.4,554.44,680414,0.0,1.0
2023-08-28 00:00:00+00:00,568.31,572.0,562.3401,566.62,588109,568.31,572.0,562.3401,566.62,588109,0.0,1.0
2023-08-29 00:00:00+00:00,578.87,580.9,563.0,565.16,784209,578.87,580.9,563.0,565.16,784209,0.0,1.0
2023-08-30 00:00:00+00:00,588.24,588.7,576.56,578.42,855742,588.24,588.7,576.56,578.42,855742,0.0,1.0
2023-08-31 00:00:00+00:00,588.83,596.46,584.51,590.0,1331385,588.83,596.46,584.51,590.0,1331385,0.0,1.0
2023-09-01 00:00:00+00:00,590.88,596.6175,587.5,593.51,726795,590.88,596.6175,587.5,593.51,726795,0.0,1.0
2023-09-05 00:00:00+00:00,597.16,599.63,584.5,590.88,718490,597.16,599.63,584.5,590.88,718490,0.0,1.0
2023-09-06 00:00:00+00:00,598.51,599.38,591.61,593.14,668953,598.51,599.38,591.61,593.14,668953,0.0,1.0
2023-09-07 00:00:00+00:00,599.32,601.4722,589.356,591.27,1040009,599.32,601.4722,589.356,591.27,1040009,0.0,1.0
2023-09-08 00:00:00+00:00,600.07,604.58,597.1,600.0,728857,600.07,604.58,597.1,600.0,728857,0.0,1.0
2023-09-11 00:00:00+00:00,605.94,607.9,600.79,603.5,960486,605.94,607.9,600.79,603.5,960486,0.0,1.0
2023-09-12 00:00:00+00:00,588.84,603.5075,588.69,598.0,929496,588.84,603.5075,588.69,598.0,929496,0.0,1.0
2023-09-13 00:00:00+00:00,591.38,592.84,583.55,586.05,638761,591.38,592.84,583.55,586.05,638761,0.0,1.0
2023-09-14 00:00:00+00:00,590.11,594.98,585.42,593.45,668164,590.11,594.98,585.42,593.45,668164,0.0,1.0
2023-09-15 00:00:00+00:00,579.58,589.3,576.5,588.58,1710387,579.58,589.3,576.5,588.58,1710387,0.0,1.0
2023-09-18 00:00:00+00:00,578.51,584.4,576.67,577.24,661051,578.51,584.4,576.67,577.24,661051,0.0,1.0
2023-09-19 00:00:00+00:00,572.33,579.35,566.55,579.35,829677,572.33,579.35,566.55,579.35,829677,0.0,1.0
2023-09-20 00:00:00+00:00,570.55,583.44,569.77,575.0,777096,570.55,583.44,569.77,575.0,777096,0.0,1.0
2023-09-21 00:00:00+00:00,549.53,564.9,549.02,563.12,1071373,549.53,564.9,549.02,563.12,1071373,0.0,1.0
2023-09-22 00:00:00+00:00,554.09,558.925,550.605,551.78,1107297,554.09,558.925,550.605,551.78,1107297,0.0,1.0
2023-09-25 00:00:00+00:00,559.48,559.64,551.3,552.62,801469,559.48,559.64,551.3,552.62,801469,0.0,1.0
2023-09-26 00:00:00+00:00,544.63,554.75,538.63,553.56,1509371,544.63,554.75,538.63,553.56,1509371,0.0,1.0
2023-09-27 00:00:00+00:00,546.38,551.78,540.4,549.56,1016247,546.38,551.78,540.4,549.56,1016247,0.0,1.0
2023-09-28 00:00:00+00:00,553.52,556.15,528.0,534.01,1158074,553.52,556.15,528.0,534.01,1158074,0.0,1.0
2023-09-29 00:00:00+00:00,558.96,566.1746,558.51,560.87,1337197,558.96,566.1746,558.51,560.87,1337197,0.0,1.0
2023-10-02 00:00:00+00:00,555.23,560.17,549.785,554.75,993975,555.23,560.17,549.785,554.75,993975,0.0,1.0
2023-10-03 00:00:00+00:00,541.24,556.3511,536.91,552.0,1372150,541.24,556.3511,536.91,552.0,1372150,0.0,1.0
2023-10-04 00:00:00+00:00,548.64,550.57,541.64,544.58,705138,548.64,550.57,541.64,544.58,705138,0.0,1.0
2023-10-05 00:00:00+00:00,547.17,548.505,536.05,544.83,662929,547.17,548.505,536.05,544.83,662929,0.0,1.0
2023-10-06 00:00:00+00:00,560.72,565.58,539.02,542.89,1181670,560.72,565.58,539.02,542.89,1181670,0.0,1.0
2023-10-09 00:00:00+00:00,564.43,565.65,553.45,554.89,808197,564.43,565.65,553.45,554.89,808197,0.0,1.0
2023-10-10 00:00:00+00:00,558.3,564.685,547.0,556.06,1408259,558.3,564.685,547.0,556.06,1408259,0.0,1.0
2023-10-11 00:00:00+00:00,558.67,565.2,551.64,560.0,878842,558.67,565.2,551.64,560.0,878842,0.0,1.0
2023-10-12 00:00:00+00:00,560.15,569.89,554.5,560.76,824624,560.15,569.89,554.5,560.76,824624,0.0,1.0
2023-10-13 00:00:00+00:00,549.66,563.79,549.06,558.76,777471,549.66,563.79,549.06,558.76,777471,0.0,1.0
2023-10-16 00:00:00+00:00,551.63,557.7,546.5,549.66,831548,551.63,557.7,546.5,549.66,831548,0.0,1.0
2023-10-17 00:00:00+00:00,568.47,574.25,548.8,549.66,1397296,568.47,574.25,548.8,549.66,1397296,0.0,1.0
2023-10-18 00:00:00+00:00,550.68,568.0,549.86,562.8,872252,550.68,568.0,549.86,562.8,872252,0.0,1.0
2023-10-19 00:00:00+00:00,559.98,568.405,556.63,558.44,1073089,559.98,568.405,556.63,558.44,1073089,0.0,1.0
2023-10-20 00:00:00+00:00,542.51,557.42,536.17,556.6,1418591,542.51,557.42,536.17,556.6,1418591,0.0,1.0
2023-10-23 00:00:00+00:00,541.38,545.34,530.54,537.0,943120,541.38,545.34,530.54,537.0,943120,0.0,1.0
2023-10-24 00:00:00+00:00,554.39,556.94,544.26,545.71,1327124,554.39,556.94,544.26,545.71,1327124,0.0,1.0
2023-10-25 00:00:00+00:00,530.17,552.0999,527.24,549.37,2008904,530.17,552.0999,527.24,549.37,2008904,0.0,1.0
2023-10-26 00:00:00+00:00,550.95,579.0,548.86,560.0,3547953,550.95,579.0,548.86,560.0,3547953,0.0,1.0
2023-10-27 00:00:00+00:00,554.01,564.0,548.44,556.46,1755767,554.01,564.0,548.44,556.46,1755767,0.0,1.0
2023-10-30 00:00:00+00:00,568.54,572.17,558.09,559.6,1448163,568.54,572.17,558.09,559.6,1448163,0.0,1.0
2023-10-31 00:00:00+00:00,581.85,584.84,564.9,570.87,1615484,581.85,584.84,564.9,570.87,1615484,0.0,1.0
2023-11-01 00:00:00+00:00,593.48,595.09,580.44,581.0,1769422,593.48,595.09,580.44,581.0,1769422,0.0,1.0
2023-11-02 00:00:00+00:00,599.43,610.87,598.4,601.21,1758388,599.43,610.87,598.4,601.21,1758388,0.0,1.0
2023-11-03 00:00:00+00:00,606.76,611.79,592.48,600.58,1478424,606.76,611.79,592.48,600.58,1478424,0.0,1.0
2023-11-06 00:00:00+00:00,609.25,610.98,602.45,608.5,884923,609.25,610.98,602.45,608.5,884923,0.0,1.0
2023-11-07 00:00:00+00:00,613.91,625.87,610.375,610.375,1657869,613.91,625.87,610.375,610.375,1657869,0.0,1.0
2023-11-08 00:00:00+00:00,625.33,626.19,616.0,616.08,1702336,625.33,626.19,616.0,616.08,1702336,0.0,1.0
2023-11-09 00:00:00+00:00,619.76,632.49,619.32,625.1,1215209,619.76,632.49,619.32,625.1,1215209,0.0,1.0
2023-11-10 00:00:00+00:00,634.76,636.43,615.54,619.76,1023834,634.76,636.43,615.54,619.76,1023834,0.0,1.0
2023-11-13 00:00:00+00:00,638.41,639.755,632.25,633.78,996675,638.41,639.755,632.25,633.78,996675,0.0,1.0
2023-11-14 00:00:00+00:00,654.17,656.84,646.5,647.48,1351211,654.17,656.84,646.5,647.48,1351211,0.0,1.0
2023-11-15 00:00:00+00:00,650.9,659.94,648.965,654.47,1233464,650.9,659.94,648.965,654.47,1233464,0.0,1.0
2023-11-16 00:00:00+00:00,652.28,656.795,648.03,650.0,1047658,652.28,656.795,648.03,650.0,1047658,0.0,1.0
2023-11-17 00:00:00+00:00,654.36,654.68,648.29,651.95,792869,654.36,654.68,648.29,651.95,792869,0.0,1.0
2023-11-20 00:00:00+00:00,666.92,668.54,652.585,654.0,1079864,666.92,668.54,652.585,654.0,1079864,0.0,1.0
2023-11-21 00:00:00+00:00,668.4,670.64,661.51,664.76,926370,668.4,670.64,661.51,664.76,926370,0.0,1.0
2023-11-22 00:00:00+00:00,669.66,678.03,667.275,672.68,888291,669.66,678.03,667.275,672.68,888291,0.0,1.0
2023-11-24 00:00:00+00:00,673.9,674.47,668.8,670.53,450013,673.9,674.47,668.8,670.53,450013,0.0,1.0
2023-11-27 00:00:00+00:00,670.55,677.605,669.57,672.0,1010001,670.55,677.605,669.57,672.0,1010001,0.0,1.0
2023-11-28 00:00:00+00:00,665.24,672.6,661.39,667.63,1520611,665.24,672.6,661.39,667.63,1520611,0.0,1.0
2023-11-29 00:00:00+00:00,678.93,682.29,671.0,671.0,1465302,678.93,682.29,671.0,671.0,1465302,0.0,1.0
2023-11-30 00:00:00+00:00,685.74,688.89,678.82,682.0,1832999,685.74,688.89,678.82,682.0,1832999,0.0,1.0
2023-12-01 00:00:00+00:00,690.79,694.765,683.2842,685.45,1453346,690.79,694.765,683.2842,685.45,1453346,0.0,1.0
2023-12-04 00:00:00+00:00,687.62,693.99,680.7101,684.0,1166075,687.62,693.99,680.7101,684.0,1166075,0.0,1.0
2023-12-05 00:00:00+00:00,688.22,689.635,677.24,679.43,914962,688.22,689.635,677.24,679.43,914962,0.0,1.0
2023-12-06 00:00:00+00:00,686.23,695.3945,685.73,690.0,798529,686.23,695.3945,685.73,690.0,798529,0.0,1.0
2023-12-07 00:00:00+00:00,687.68,689.25,680.2968,685.6,651337,687.68,689.25,680.2968,685.6,651337,0.0,1.0
2023-12-08 00:00:00+00:00,699.08,701.11,688.56,689.45,1083831,699.08,701.11,688.56,689.45,1083831,0.0,1.0
2023-12-11 00:00:00+00:00,705.12,708.87,698.2,699.11,1058693,705.12,708.87,698.2,699.11,1058693,0.0,1.0
2023-12-12 00:00:00+00:00,716.48,717.87,704.48,705.12,903652,716.48,717.87,704.48,705.12,903652,0.0,1.0
2023-12-13 00:00:00+00:00,715.64,720.68,710.05,717.0,1211651,715.64,720.68,710.05,717.0,1211651,0.0,1.0
2023-12-14 00:00:00+00:00,680.39,712.1,678.0,710.0,3023173,680.39,712.1,678.0,710.0,3023173,0.0,1.0
2023-12-15 00:00:00+00:00,698.24,699.81,674.02,675.26,2182700,698.24,699.81,674.02,675.26,2182700,0.0,1.0
2023-12-18 00:00:00+00:00,703.72,709.3,695.9396,702.02,1123325,703.72,709.3,695.9396,702.02,1123325,0.0,1.0
2023-12-19 00:00:00+00:00,707.71,708.49,700.0,705.7,904245,707.71,708.49,700.0,705.7,904245,0.0,1.0
2023-12-20 00:00:00+00:00,693.8,707.86,693.6,704.07,941086,693.8,707.86,693.6,704.07,941086,0.0,1.0
2023-12-21 00:00:00+00:00,700.76,703.55,690.965,700.75,787176,700.76,703.55,690.965,700.75,787176,0.0,1.0
2023-12-22 00:00:00+00:00,697.55,703.85,694.42,703.85,492989,697.55,703.85,694.42,703.85,492989,0.0,1.0
2023-12-26 00:00:00+00:00,701.23,704.56,698.71,700.17,463975,701.23,704.56,698.71,700.17,463975,0.0,1.0
2023-12-27 00:00:00+00:00,703.76,704.51,699.1,701.31,388345,703.76,704.51,699.1,701.31,388345,0.0,1.0
2023-12-28 00:00:00+00:00,702.46,707.5338,701.325,706.64,502221,702.46,707.5338,701.325,706.64,502221,0.0,1.0
2023-12-29 00:00:00+00:00,706.49,711.59,700.56,707.0,925672,706.49,711.59,700.56,707.0,925672,0.0,1.0
2024-01-02 00:00:00+00:00,687.52,699.36,675.43,697.05,1130930,687.52,699.36,675.43,697.05,1130930,0.0,1.0
2024-01-03 00:00:00+00:00,675.3,687.435,674.03,675.76,883137,675.3,687.435,674.03,675.76,883137,0.0,1.0
2024-01-04 00:00:00+00:00,671.87,679.19,671.22,674.77,914469,671.87,679.19,671.22,674.77,914469,0.0,1.0
2024-01-05 00:00:00+00:00,676.16,680.78,672.13,672.13,717773,676.16,680.78,672.13,672.13,717773,0.0,1.0
2024-01-08 00:00:00+00:00,696.26,697.82,682.4601,684.24,1198165,696.26,697.82,682.4601,684.24,1198165,0.0,1.0
2024-01-09 00:00:00+00:00,698.67,701.1975,691.0031,693.86,984114,698.67,701.1975,691.0031,693.86,984114,0.0,1.0
2024-01-10 00:00:00+00:00,714.3,716.92,701.25,707.5,1011932,714.3,716.92,701.25,707.5,1011932,0.0,1.0
2024-01-11 00:00:00+00:00,726.46,734.3,718.41,722.56,1230738,726.46,734.3,718.41,722.56,1230738,0.0,1.0
2024-01-12 00:00:00+00:00,729.18,731.0,718.76,724.8,832922,729.18,731.0,718.76,724.8,832922,0.0,1.0
2024-01-16 00:00:00+00:00,727.56,734.0,725.01,730.0,935227,727.56,734.0,725.01,730.0,935227,0.0,1.0
2024-01-17 00:00:00+00:00,727.54,728.99,714.31,726.0,673965,727.54,728.99,714.31,726.0,673965,0.0,1.0
2024-01-18 00:00:00+00:00,745.96,747.475,735.47,742.42,1298176,745.96,747.475,735.47,742.42,1298176,0.0,1.0
2024-01-19 00:00:00+00:00,749.11,753.16,744.815,750.44,1358013,749.11,753.16,744.815,750.44,1358013,0.0,1.0
2024-01-22 00:00:00+00:00,752.45,766.81,752.06,760.19,1625003,752.45,766.81,752.06,760.19,1625003,0.0,1.0
2024-01-23 00:00:00+00:00,753.42,754.37,743.05,752.15,1144622,753.42,754.37,743.05,752.15,1144622,0.0,1.0
2024-01-24 00:00:00+00:00,763.42,775.96,761.2738,770.9,2537465,763.42,775.96,761.2738,770.9,2537465,0.0,1.0
2024-01-25 00:00:00+00:00,766.69,783.88,757.29,780.0,3127557,766.69,783.88,757.29,780.0,3127557,0.0,1.0
2024-01-26 00:00:00+00:00,769.44,783.8299,764.52,767.1,1799864,769.44,783.8299,764.52,767.1,1799864,0.0,1.0
2024-01-29 00:00:00+00:00,787.24,788.0457,768.995,769.32,1330572,787.24,788.0457,768.995,769.32,1330572,0.0,1.0
2024-01-30 00:00:00+00:00,785.73,789.915,778.96,787.33,1081212,785.73,789.915,778.96,787.33,1081212,0.0,1.0
2024-01-31 00:00:00+00:00,765.4,777.89,757.53,777.89,1364388,765.4,777.89,757.53,777.89,1364388,0.0,1.0
2024-02-01 00:00:00+00:00,771.0,772.9251,764.055,769.09,886342,771.0,772.9251,764.055,769.09,886342,0.0,1.0
2024-02-02 00:00:00+00:00,781.3,787.0,772.1001,773.97,974791,781.3,787.0,772.1001,773.97,974791,0.0,1.0
2024-02-05 00:00:00+00:00,784.84,786.45,771.12,782.0,1080535,784.84,786.45,771.12,782.0,1080535,0.0,1.0
2024-02-06 00:00:00+00:00,777.45,789.1,765.8822,788.88,1097834,777.45,789.1,765.8822,788.88,1097834,0.0,1.0
2024-02-07 00:00:00+00:00,790.39,793.47,782.6032,782.81,911720,790.39,793.47,782.6032,782.81,911720,0.0,1.0
2024-02-08 00:00:00+00:00,799.41,800.3,790.84,792.0,893043,799.41,800.3,790.84,792.0,893043,0.0,1.0
2024-02-09 00:00:00+00:00,812.94,815.32,802.35,802.35,909664,812.94,815.32,802.35,802.35,909664,0.0,1.0
2024-02-12 00:00:00+00:00,787.35,815.0,782.85,814.1,1241204,787.35,815.0,782.85,814.1,1241204,0.0,1.0
2024-02-13 00:00:00+00:00,773.76,780.48,750.23,765.0,1785878,773.76,780.48,750.23,765.0,1785878,0.0,1.0
2024-02-14 00:00:00+00:00,792.0,792.28,776.29,785.0,774125,792.0,792.28,776.29,785.0,774125,0.0,1.0
2024-02-15 00:00:00+00:00,780.0,798.445,779.87,795.0,1056562,780.0,798.445,779.87,795.0,1056562,0.0,1.0
2024-02-16 00:00:00+00:00,765.0,779.5,764.67,774.27,1141749,765.0,779.5,764.67,774.27,1141749,0.0,1.0
2024-02-20 00:00:00+00:00,752.84,759.28,737.74,753.08,1485501,752.84,759.28,737.74,753.08,1485501,0.0,1.0
2024-02-21 00:00:00+00:00,747.94,748.58,730.52,736.99,877186,747.94,748.58,730.52,736.99,877186,0.0,1.0
2024-02-22 00:00:00+00:00,769.21,791.87,767.63,775.0,2146182,769.21,791.87,767.63,775.0,2146182,0.0,1.0
2024-02-23 00:00:00+00:00,770.97,784.97,766.58,775.35,1297364,770.97,784.97,766.58,775.35,1297364,0.0,1.0
2024-02-26 00:00:00+00:00,779.66,790.59,774.5,774.69,1120813,779.66,790.59,774.5,774.69,1120813,0.0,1.0
2024-02-27 00:00:00+00:00,767.14,783.99,756.96,782.26,1413997,767.14,783.99,756.96,782.26,1413997,0.0,1.0
2024-02-28 00:00:00+00:00,759.79,763.73,754.0,763.51,1266687,759.79,763.73,754.0,763.51,1266687,0.0,1.0
2024-02-29 00:00:00+00:00,771.34,773.32,762.98,767.05,1486153,771.34,773.32,762.98,767.05,1486153,0.0,1.0
2024-03-01 00:00:00+00:00,773.63,778.3023,768.3722,772.0,912577,773.63,778.3023,768.3722,772.0,912577,0.0,1.0
2024-03-04 00:00:00+00:00,776.09,777.88,764.735,773.0,986650,776.09,777.88,764.735,773.0,986650,0.0,1.0
2024-03-05 00:00:00+00:00,740.15,767.215,730.15,766.23,1957479,740.15,767.215,730.15,766.23,1957479,0.0,1.0
2024-03-06 00:00:00+00:00,741.06,752.39,732.65,750.51,1346972,741.06,752.39,732.65,750.51,1346972,0.0,1.0
2024-03-07 00:00:00+00:00,768.08,768.93,735.27,748.47,1586930,768.08,768.93,735.27,748.47,1586930,0.0,1.0
2024-03-08 00:00:00+00:00,757.68,777.5699,750.23,769.1,1026916,757.68,777.5699,750.23,769.1,1026916,0.0,1.0
2024-03-11 00:00:00+00:00,756.74,759.2,744.48,752.0,904031,756.74,759.2,744.48,752.0,904031,0.0,1.0
2024-03-12 00:00:00+00:00,789.56,793.0,762.98,764.32,1527252,789.56,793.0,762.98,764.32,1527252,0.0,1.0
2024-03-13 00:00:00+00:00,776.88,807.7725,775.0,795.06,1212756,776.88,807.7725,775.0,795.06,1212756,0.0,1.0
2024-03-14 00:00:00+00:00,779.49,790.0,773.1201,788.13,883490,779.49,790.0,773.1201,788.13,883490,0.0,1.0
2024-03-15 00:00:00+00:00,743.91,762.0,736.0,761.56,2539129,743.91,762.0,736.0,761.56,2539129,0.0,1.0
2024-03-18 00:00:00+00:00,755.8,759.69,748.12,750.0,944747,755.8,759.69,748.12,750.0,944747,0.0,1.0
2024-03-19 00:00:00+00:00,756.94,758.32,742.7989,750.0,1224449,756.94,758.32,742.7989,750.0,1224449,0.0,1.0
2024-03-20 00:00:00+00:00,767.56,768.18,755.05,760.62,703525,767.56,768.18,755.05,760.62,703525,0.0,1.0
2024-03-21 00:00:00+00:00,773.18,785.88,771.58,780.0,1262716,773.18,785.88,771.58,780.0,1262716,0.0,1.0
2024-03-22 00:00:00+00:00,774.15,779.89,769.32,774.74,885256,774.15,779.89,769.32,774.74,885256,0.0,1.0
2024-03-25 00:00:00+00:00,774.64,775.91,759.26,768.05,720836,774.64,775.91,759.26,768.05,720836,0.0,1.0
2024-03-26 00:00:00+00:00,778.57,788.8,776.51,778.99,910076,778.57,788.8,776.51,778.99,910076,0.0,1.0
2024-03-27 00:00:00+00:00,759.0,786.33,753.5,783.83,1401511,759.0,786.33,753.5,783.83,1401511,0.0,1.0
2024-03-28 00:00:00+00:00,762.4,768.76,755.75,759.65,1083701,762.4,768.76,755.75,759.65,1083701,0.0,1.0
2024-04-01 00:00:00+00:00,768.37,773.0899,759.07,763.99,635749,768.37,773.0899,759.07,763.99,635749,0.0,1.0
2024-04-02 00:00:00+00:00,757.0,759.66,748.23,755.09,755794,757.0,759.66,748.23,755.09,755794,0.0,1.0
2024-04-03 00:00:00+00:00,759.16,764.6963,751.5,752.5,557977,759.16,764.6963,751.5,752.5,557977,0.0,1.0
2024-04-04 00:00:00+00:00,757.55,782.25,757.42,768.4,1015459,757.55,782.25,757.42,768.4,1015459,0.0,1.0
2024-04-05 00:00:00+00:00,783.5,791.88,758.43,758.43,1197758,783.5,791.88,758.43,758.43,1197758,0.0,1.0
2024-04-08 00:00:00+00:00,785.6,789.99,772.41,783.34,989396,785.6,789.99,772.41,783.34,989396,0.0,1.0
2024-04-09 00:00:00+00:00,782.22,795.44,771.53,793.27,788954,782.22,795.44,771.53,793.27,788954,0.0,1.0
2024-04-10 00:00:00+00:00,769.19,774.945,764.1001,769.0,860842,769.19,774.945,764.1001,769.0,860842,0.0,1.0
2024-04-11 00:00:00+00:00,771.34,775.9832,761.4,770.0,748312,771.34,775.9832,761.4,770.0,748312,0.0,1.0
2024-04-12 00:00:00+00:00,768.71,774.96,760.9454,762.2,960000,768.71,774.96,760.9454,762.2,960000,0.0,1.0
2024-04-15 00:00:00+00:00,735.81,771.63,735.46,769.0,1171567,735.81,771.63,735.46,769.0,1171567,0.0,1.0
2024-04-16 00:00:00+00:00,744.78,749.0,735.34,738.0,1085831,744.78,749.0,735.34,738.0,1085831,0.0,1.0
2024-04-17 00:00:00+00:00,736.45,748.99,734.95,746.78,721665,736.45,748.99,734.95,746.78,721665,0.0,1.0
2024-04-18 00:00:00+00:00,731.36,739.89,727.35,736.9,788946,731.36,739.89,727.35,736.9,788946,0.0,1.0
2024-04-19 00:00:00+00:00,713.91,726.03,708.5339,725.0,1540609,713.91,726.03,708.5339,725.0,1540609,0.0,1.0
2024-04-22 00:00:00+00:00,721.95,724.99,710.62,723.25,1464323,721.95,724.99,710.62,723.25,1464323,0.0,1.0
2024-04-23 00:00:00+00:00,740.95,743.67,727.2,727.2,1164909,740.95,743.67,727.2,727.2,1164909,0.0,1.0
2024-04-24 00:00:00+00:00,746.29,757.25,739.13,753.97,1705638,746.29,757.25,739.13,753.97,1705638,0.0,1.0
2024-04-25 00:00:00+00:00,716.25,717.03,689.0,714.89,3386529,716.25,717.03,689.0,714.89,3386529,0.0,1.0
2024-04-26 00:00:00+00:00,723.55,734.71,719.845,723.76,1445884,723.55,734.71,719.845,723.76,1445884,0.0,1.0
2024-04-29 00:00:00+00:00,721.16,728.3,713.52,723.26,802646,721.16,728.3,713.52,723.26,802646,0.0,1.0
2024-04-30 00:00:00+00:00,693.33,717.465,692.19,716.65,1995467,693.33,717.465,692.19,716.65,1995467,0.0,1.0
2024-05-01 00:00:00+00:00,685.61,700.7,683.885,693.71,1333399,685.61,700.7,683.885,693.71,1333399,0.0,1.0
2024-05-02 00:00:00+00:00,695.72,696.07,685.0,693.0,1159165,695.72,696.07,685.0,693.0,1159165,0.0,1.0
2024-05-03 00:00:00+00:00,716.65,724.65,705.0,709.98,1437055,716.65,724.65,705.0,709.98,1437055,0.0,1.0
2024-05-06 00:00:00+00:00,726.56,726.64,718.41,719.99,1190895,726.56,726.64,718.41,719.99,1190895,0.0,1.0
2024-05-07 00:00:00+00:00,713.33,730.0,699.55,730.0,1552654,713.33,730.0,699.55,730.0,1552654,0.0,1.0
2024-05-08 00:00:00+00:00,721.03,721.95,714.765,716.35,1147949,721.03,721.95,714.765,716.35,1147949,0.0,1.0
2024-05-09 00:00:00+00:00,722.94,729.0,717.9917,720.58,1050278,722.94,729.0,717.9917,720.58,1050278,0.0,1.0
2024-05-10 00:00:00+00:00,729.79,733.55,725.0,725.0,820949,729.79,733.55,725.0,725.0,820949,0.0,1.0
2024-05-13 00:00:00+00:00,730.12,732.85,722.95,732.85,869972,730.12,732.85,722.95,732.85,869972,0.0,1.0
2024-05-14 00:00:00+00:00,721.62,737.0,717.77,730.0,1099157,721.62,737.0,717.77,730.0,1099157,0.0,1.0
2024-05-15 00:00:00+00:00,760.57,761.31,727.56,730.0,1506092,760.57,761.31,727.56,730.0,1506092,0.0,1.0
2024-05-16 00:00:00+00:00,758.01,769.1099,757.42,763.45,1094294,758.01,769.1099,757.42,763.45,1094294,0.0,1.0
2024-05-17 00:00:00+00:00,765.05,765.975,757.54,765.0,887753,765.05,765.975,757.54,765.0,887753,0.0,1.0
2024-05-20 00:00:00+00:00,774.18,774.84,762.235,763.53,734758,774.18,774.84,762.235,763.53,734758,0.0,1.0
2024-05-21 00:00:00+00:00,777.05,777.93,763.91,775.0,784234,777.05,777.93,763.91,775.0,784234,0.0,1.0
2024-05-22 00:00:00+00:00,770.83,784.33,769.47,780.0,845703,770.83,784.33,769.47,780.0,845703,0.0,1.0
2024-05-23 00:00:00+00:00,758.15,781.68,756.03,781.68,861517,758.15,781.68,756.03,781.68,861517,0.0,1.0
2024-05-24 00:00:00+00:00,738.51,749.7199,736.37,749.36,1357098,738.51,749.7199,736.37,749.36,1357098,0.0,1.0
2024-05-28 00:00:00+00:00,728.86,738.975,718.31,738.88,1547435,728.86,738.975,718.31,738.88,1547435,0.0,1.0
2024-05-29 00:00:00+00:00,731.12,737.855,721.44,722.0,877651,731.12,737.855,721.44,722.0,877651,0.0,1.0
2024-05-30 00:00:00+00:00,643.29,692.57,640.1701,690.99,5098243,643.29,692.57,640.1701,690.99,5098243,0.0,1.0
2024-05-31 00:00:00+00:00,656.93,657.54,637.99,651.79,4301832,656.93,657.54,637.99,651.79,4301832,0.0,1.0
2024-06-03 00:00:00+00:00,660.11,664.368,645.45,659.8,1907702,660.11,664.368,645.45,659.8,1907702,0.0,1.0
2024-06-04 00:00:00+00:00,672.0,674.6,656.02,658.6,2491160,672.0,674.6,656.02,658.6,2491160,0.0,1.0
2024-06-05 00:00:00+00:00,704.11,705.72,676.19,683.45,2797948,704.11,705.72,676.19,683.45,2797948,0.0,1.0
2024-06-06 00:00:00+00:00,703.16,712.36,699.73,706.23,1410875,703.16,712.36,699.73,706.23,1410875,0.0,1.0
2024-06-07 00:00:00+00:00,698.81,703.99,688.51,700.51,1122703,698.81,703.99,688.51,700.51,1122703,0.0,1.0
2024-06-10 00:00:00+00:00,709.15,710.64,693.56,697.32,930760,709.15,710.64,693.56,697.32,930760,0.0,1.0
2024-06-11 00:00:00+00:00,712.04,719.0,706.87,711.73,1060982,712.04,719.0,706.87,711.73,1060982,0.0,1.0
2024-06-12 00:00:00+00:00,721.5,729.5,720.83,722.26,1296125,721.5,729.5,720.83,722.26,1296125,0.0,1.0
2024-06-13 00:00:00+00:00,709.76,727.82,709.17,722.0,1119314,709.76,727.82,709.17,722.0,1119314,0.0,1.0
2024-06-14 00:00:00+00:00,728.58,730.5,715.6,715.6,958030,728.58,730.5,715.6,715.6,958030,0.0,1.0
2024-06-17 00:00:00+00:00,725.5,729.33,719.045,723.42,1074942,725.5,729.33,719.045,723.42,1074942,0.0,1.0
2024-06-18 00:00:00+00:00,730.17,734.52,720.7675,722.86,1186383,730.17,734.52,720.7675,722.86,1186383,0.0,1.0
2024-06-20 00:00:00+00:00,734.31,742.26,729.415,742.0,1184178,734.31,742.26,729.415,742.0,1184178,0.0,1.0
2024-06-21 00:00:00+00:00,749.33,750.54,733.62,739.94,1764477,749.33,750.54,733.62,739.94,1764477,0.0,1.0
2024-06-24 00:00:00+00:00,739.59,748.18,737.69,742.0,1214053,739.59,748.18,737.69,742.0,1214053,0.0,1.0
2024-06-25 00:00:00+00:00,754.81,756.41,742.38,745.0,1036283,754.81,756.41,742.38,745.0,1036283,0.0,1.0
2024-06-26 00:00:00+00:00,753.91,761.37,750.79,754.0,986067,753.91,761.37,750.79,754.0,986067,0.0,1.0
2024-06-27 00:00:00+00:00,774.13,780.0,756.67,758.21,1181421,774.13,780.0,756.67,758.21,1181421,0.0,1.0
2024-06-28 00:00:00+00:00,786.67,789.97,770.88,775.43,1721786,786.67,789.97,770.88,775.43,1721786,0.0,1.0
2024-07-01 00:00:00+00:00,788.96,790.48,770.78,784.0,1121477,788.96,790.48,770.78,784.0,1121477,0.0,1.0
2024-07-02 00:00:00+00:00,794.11,794.15,781.62,784.98,875835,794.11,794.15,781.62,784.98,875835,0.0,1.0
2024-07-03 00:00:00+00:00,785.92,795.95,785.19,793.67,577464,785.92,795.95,785.19,793.67,577464,0.0,1.0
2024-07-05 00:00:00+00:00,806.47,806.52,785.92,788.42,1193423,806.47,806.52,785.92,788.42,1193423,0.0,1.0
2024-07-08 00:00:00+00:00,766.2,776.65,761.44,763.5,2121332,766.2,776.65,761.44,763.5,2121332,0.0,1.0
2024-07-09 00:00:00+00:00,744.01,760.02,737.01,750.96,2434819,744.01,760.02,737.01,750.96,2434819,0.0,1.0
2024-07-10 00:00:00+00:00,743.15,743.38,731.55,740.56,1498780,743.15,743.38,731.55,740.56,1498780,0.0,1.0
2024-07-11 00:00:00+00:00,749.14,756.5,741.33,746.0,1281599,749.14,756.5,741.33,746.0,1281599,0.0,1.0
2024-07-12 00:00:00+00:00,758.49,762.6,744.0,749.0,909518,758.49,762.6,744.0,749.0,909518,0.0,1.0
2024-07-15 00:00:00+00:00,767.85,776.48,759.25,766.95,911088,767.85,776.48,759.25,766.95,911088,0.0,1.0
2024-07-16 00:00:00+00:00,760.79,770.04,754.51,767.85,996711,760.79,770.04,754.51,767.85,996711,0.0,1.0
2024-07-17 00:00:00+00:00,736.07,746.37,730.2,740.0,1455662,736.07,746.37,730.2,740.0,1455662,0.0,1.0
2024-07-18 00:00:00+00:00,738.77,750.58,730.095,738.34,1518000,738.77,750.58,730.095,738.34,1518000,0.0,1.0
2024-07-19 00:00:00+00:00,751.2,755.88,738.0,744.69,1187234,751.2,755.88,738.0,744.69,1187234,0.0,1.0
2024-07-22 00:00:00+00:00,756.5,764.44,753.7749,754.81,1051562,756.5,764.44,753.7749,754.81,1051562,0.0,1.0
2024-07-23 00:00:00+00:00,765.52,775.97,760.66,763.47,1007283,765.52,775.97,760.66,763.47,1007283,0.0,1.0
2024-07-24 00:00:00+00:00,730.87,757.48,729.23,755.0,2094706,730.87,757.48,729.23,755.0,2094706,0.0,1.0
2024-07-25 00:00:00+00:00,828.79,850.33,783.04,789.33,6549768,828.79,850.33,783.04,789.33,6549768,0.0,1.0
2024-07-26 00:00:00+00:00,827.61,846.86,818.07,825.85,2410057,827.61,846.86,818.07,825.85,2410057,0.0,1.0
2024-07-29 00:00:00+00:00,799.06,830.5,798.55,829.0,1977472,799.06,830.5,798.55,829.0,1977472,0.0,1.0
2024-07-30 00:00:00+00:00,798.8,805.74,784.59,805.74,1191058,798.8,805.74,784.59,805.74,1191058,0.0,1.0
2024-07-31 00:00:00+00:00,814.39,821.4575,805.0,816.16,1313705,814.39,821.4575,805.0,816.16,1313705,0.0,1.0
2024-08-01 00:00:00+00:00,811.38,838.59,802.12,818.86,1338275,811.38,838.59,802.12,818.86,1338275,0.0,1.0
2024-08-02 00:00:00+00:00,790.64,793.13,765.46,790.86,1568867,790.64,793.13,765.46,790.86,1568867,0.0,1.0
2024-08-05 00:00:00+00:00,781.27,790.95,746.1,757.04,2019701,781.27,790.95,746.1,757.04,2019701,0.0,1.0
2024-08-06 00:00:00+00:00,792.95,814.285,781.28,787.0,1545801,792.95,814.285,781.28,787.0,1545801,0.0,1.0
2024-08-07 00:00:00+00:00,776.28,816.54,774.9344,805.64,1062412,776.28,816.54,774.9344,805.64,1062412,0.0,1.0
2024-08-08 00:00:00+00:00,796.14,802.7,786.77,792.0,1449104,796.14,802.7,786.77,792.0,1449104,0.0,1.0
2024-08-09 00:00:00+00:00,811.08,816.0148,796.14,796.14,799546,811.08,816.0148,796.14,796.14,799546,0.0,1.0
2024-08-12 00:00:00+00:00,806.62,814.829,800.07,811.08,539575,806.62,814.829,800.07,811.08,539575,0.0,1.0
2024-08-13 00:00:00+00:00,818.8,822.87,810.6,812.0,765765,818.8,822.87,810.6,812.0,765765,0.0,1.0
2024-08-14 00:00:00+00:00,819.02,827.045,815.5,822.0,833147,819.02,827.045,815.5,822.0,833147,0.0,1.0
2024-08-15 00:00:00+00:00,832.11,835.0,823.68,825.0,1165748,832.11,835.0,823.68,825.0,1165748,0.0,1.0
2024-08-16 00:00:00+00:00,827.56,831.035,823.85,829.25,835507,827.56,831.035,823.85,829.25,835507,0.0,1.0
2024-08-19 00:00:00+00:00,832.88,833.72,821.185,825.92,641512,832.88,833.72,821.185,825.92,641512,0.0,1.0
2024-08-20 00:00:00+00:00,838.22,843.2575,832.08,835.0,784794,838.22,843.2575,832.08,835.0,784794,0.0,1.0
2024-08-21 00:00:00+00:00,839.18,840.42,830.0,833.53,609872,839.18,840.42,830.0,833.53,609872,0.0,1.0
2024-08-22 00:00:00+00:00,820.93,842.55,819.52,840.0,706633,820.93,842.55,819.52,840.0,706633,0.0,1.0
2024-08-23 00:00:00+00:00,828.27,834.5,815.0,830.0,702052,828.27,834.5,815.0,830.0,702052,0.0,1.0
2024-08-26 00:00:00+00:00,827.86,836.7599,825.49,829.68,536300,827.86,836.7599,825.49,829.68,536300,0.0,1.0
2024-08-27 00:00:00+00:00,831.74,835.7053,823.17,823.17,481503,831.74,835.7053,823.17,823.17,481503,0.0,1.0
2024-08-28 00:00:00+00:00,814.11,832.68,808.9601,831.69,864574,814.11,832.68,808.9601,831.69,864574,0.0,1.0
2024-08-29 00:00:00+00:00,831.27,849.0,822.3,822.3,1245610,831.27,849.0,822.3,822.3,1245610,0.0,1.0
2024-08-30 00:00:00+00:00,855.0,857.25,835.84,836.76,1920980,855.0,857.25,835.84,836.76,1920980,0.0,1.0
2024-09-03 00:00:00+00:00,835.86,863.85,830.8701,856.4,1261504,835.86,863.85,830.8701,856.4,1261504,0.0,1.0
2024-09-04 00:00:00+00:00,834.83,836.4,821.24,829.72,702818,834.83,836.4,821.24,829.72,702818,0.0,1.0
2024-09-05 00:00:00+00:00,835.4,840.36,825.05,826.65,789138,835.4,840.36,825.05,826.65,789138,0.0,1.0
2024-09-06 00:00:00+00:00,825.04,848.42,818.98,839.01,1070842,825.04,848.42,818.98,839.01,1070842,0.0,1.0
2024-09-09 00:00:00+00:00,855.58,857.0,826.97,833.49,1129125,855.58,857.0,826.97,833.49,1129125,0.0,1.0
2024-09-10 00:00:00+00:00,860.15,866.4499,847.49,860.71,883931,860.15,866.4499,847.49,860.71,883931,0.0,1.0
2024-09-11 00:00:00+00:00,875.96,877.62,841.8501,858.27,1002449,875.96,877.62,841.8501,858.27,1002449,0.0,1.0
2024-09-12 00:00:00+00:00,886.13,889.52,871.28,880.03,941870,886.13,889.52,871.28,880.03,941870,0.0,1.0
2024-09-13 00:00:00+00:00,878.95,884.5,872.8801,881.77,913049,878.95,884.5,872.8801,881.77,913049,0.0,1.0
2024-09-16 00:00:00+00:00,892.46,897.99,879.73,885.0,1082274,892.46,897.99,879.73,885.0,1082274,0.0,1.0
2024-09-17 00:00:00+00:00,885.83,899.6082,882.8,890.65,1033882,885.83,899.6082,882.8,890.65,1033882,0.0,1.0
2024-09-18 00:00:00+00:00,890.39,899.71,882.3,887.76,981167,890.39,899.71,882.3,887.76,981167,0.0,1.0
2024-09-19 00:00:00+00:00,919.25,921.97,902.86,908.0,1484312,919.25,921.97,902.86,908.0,1484312,0.0,1.0
2024-09-20 00:00:00+00:00,937.36,940.12,917.31,920.42,3609403,937.36,940.12,917.31,920.42,3609403,0.0,1.0
2024-09-23 00:00:00+00:00,925.55,945.46,922.92,936.88,1212995,925.55,945.46,922.92,936.88,1212995,0.0,1.0
2024-09-24 00:00:00+00:00,923.6,926.915,907.49,925.55,1001256,923.6,926.915,907.49,925.55,1001256,0.0,1.0
2024-09-25 00:00:00+00:00,890.03,901.0,886.51,898.47,2288811,890.03,901.0,886.51,898.47,2288811,0.0,1.0
2024-09-26 00:00:00+00:00,884.86,894.22,871.43,893.65,1599516,884.86,894.22,871.43,893.65,1599516,0.0,1.0
2024-09-27 00:00:00+00:00,881.79,886.185,876.372,884.04,906696,881.79,886.185,876.372,884.04,906696,0.0,1.0
2024-09-30 00:00:00+00:00,894.39,894.8,876.22,879.26,843880,894.39,894.8,876.22,879.26,843880,0.0,1.0
2024-10-01 00:00:00+00:00,867.18,898.59,866.63,898.59,1313083,867.18,898.59,866.63,898.59,1313083,0.0,1.0
2024-10-02 00:00:00+00:00,880.41,884.585,863.24,869.0,933207,880.41,884.585,863.24,869.0,933207,0.0,1.0
2024-10-03 00:00:00+00:00,890.64,892.21,877.12,878.0,1193758,890.64,892.21,877.12,878.0,1193758,0.0,1.0
2024-10-04 00:00:00+00:00,917.68,918.29,896.385,899.79,1183626,917.68,918.29,896.385,899.79,1183626,0.0,1.0
2024-10-07 00:00:00+00:00,905.94,922.55,899.93,919.12,1123636,905.94,922.55,899.93,919.12,1123636,0.0,1.0
2024-10-08 00:00:00+00:00,922.0,943.0,919.2705,925.97,1180769,922.0,943.0,919.2705,925.97,1180769,0.0,1.0
2024-10-09 00:00:00+00:00,938.65,943.4,915.96,921.96,1132427,938.65,943.4,915.96,921.96,1132427,0.0,1.0
2024-10-10 00:00:00+00:00,944.63,949.0,932.93,933.21,1110467,944.63,949.0,932.93,933.21,1110467,0.0,1.0
2024-10-11 00:00:00+00:00,938.59,946.77,937.09,942.82,854087,938.59,946.77,937.09,942.82,854087,0.0,1.0
2024-10-14 00:00:00+00:00,944.69,949.5937,935.91,947.39,567366,944.69,949.5937,935.91,947.39,567366,0.0,1.0
2024-10-15 00:00:00+00:00,927.96,947.25,926.665,945.28,1081586,927.96,947.25,926.665,945.28,1081586,0.0,1.0
2024-10-16 00:00:00+00:00,918.87,927.0,912.03,924.96,1011192,918.87,927.0,912.03,924.96,1011192,0.0,1.0
2024-10-17 00:00:00+00:00,917.12,933.1,915.1088,932.78,715522,917.12,933.1,915.1088,932.78,715522,0.0,1.0
2024-10-18 00:00:00+00:00,921.75,928.16,917.12,921.0,1422660,921.75,928.16,917.12,921.0,1422660,0.0,1.0
2024-10-21 00:00:00+00:00,918.34,918.63,899.7721,902.0,1417168,918.34,918.63,899.7721,902.0,1417168,0.0,1.0
2024-10-22 00:00:00+00:00,917.95,924.4,914.36,916.49,1144250,917.95,924.4,914.36,916.49,1144250,0.0,1.0
2024-10-23 00:00:00+00:00,907.68,920.11,901.37,916.465,1849859,907.68,920.11,901.37,916.465,1849859,0.0,1.0
2024-10-24 00:00:00+00:00,956.58,979.78,940.41,948.39,3400982,956.58,979.78,940.41,948.39,3400982,0.0,1.0
2024-10-25 00:00:00+00:00,950.85,964.935,947.17,957.26,1494753,950.85,964.935,947.17,957.26,1494753,0.0,1.0
2024-10-28 00:00:00+00:00,945.0,960.0,945.0,959.01,1238498,945.0,960.0,945.0,959.01,1238498,0.0,1.0
2024-10-29 00:00:00+00:00,953.08,957.82,939.4346,950.0,1641133,953.08,957.82,939.4346,950.0,1641133,0.0,1.0
2024-10-30 00:00:00+00:00,950.0,963.5,949.48,951.03,950818,950.0,963.5,949.48,951.03,950818,0.0,1.0
2024-10-31 00:00:00+00:00,932.99,954.3598,928.3518,940.8,1333336,932.99,954.3598,928.3518,940.8,1333336,0.0,1.0
2024-11-01 00:00:00+00:00,943.41,951.1599,930.55,937.36,985688,943.41,951.1599,930.55,937.36,985688,0.0,1.0
2024-11-04 00:00:00+00:00,954.59,960.37,941.6,944.03,948362,954.59,960.37,941.6,944.03,948362,0.0,1.0
2024-11-05 00:00:00+00:00,971.04,973.86,958.33,961.46,826955,971.04,973.86,958.33,961.46,826955,0.0,1.0
2024-11-06 00:00:00+00:00,994.48,997.03,982.1,994.0,1246584,994.48,997.03,982.1,994.0,1246584,0.0,1.0
2024-11-07 00:00:00+00:00,1015.28,1024.4399,995.0,996.8,1260829,1015.28,1024.4399,995.0,996.8,1260829,0.0,1.0
2024-11-08 00:00:00+00:00,1008.08,1019.96,1005.02,1010.94,1094976,1008.08,1019.96,1005.02,1010.94,1094976,0.0,1.0
2024-11-11 00:00:00+00:00,1036.01,1038.0,1013.0,1013.0,1307052,1036.01,1038.0,1013.0,1013.0,1307052,0.0,1.0
2024-11-12 00:00:00+00:00,1048.29,1053.2599,1027.12,1030.775,1291717,1048.29,1053.2599,1027.12,1030.775,1291717,0.0,1.0
2024-11-13 00:00:00+00:00,1045.55,1061.655,1043.5,1048.29,1313732,1045.55,1061.655,1043.5,1048.29,1313732,0.0,1.0
2024-11-14 00:00:00+00:00,1039.8,1054.0,1032.0,1049.0,1157710,1039.8,1054.0,1032.0,1049.0,1157710,0.0,1.0
2024-11-15 00:00:00+00:00,1011.39,1029.725,1003.01,1023.97,1498472,1011.39,1029.725,1003.01,1023.97,1498472,0.0,1.0
2024-11-18 00:00:00+00:00,1005.34,1021.175,1003.75,1016.54,1751526,1005.34,1021.175,1003.75,1016.54,1751526,0.0,1.0
2024-11-19 00:00:00+00:00,1022.1,1025.8293,993.42,997.67,1830185,1022.1,1025.8293,993.42,997.67,1830185,0.0,1.0
2024-11-20 00:00:00+00:00,1022.98,1031.69,1006.31,1028.0,1141936,1022.98,1031.69,1006.31,1028.0,1141936,0.0,1.0
2024-11-21 00:00:00+00:00,1047.05,1053.26,1030.9885,1033.63,1111297,1047.05,1053.26,1030.9885,1033.63,1111297,0.0,1.0
2024-11-22 00:00:00+00:00,1060.6,1064.59,1050.0,1051.0,1437259,1060.6,1064.59,1050.0,1051.0,1437259,0.0,1.0
2024-11-25 00:00:00+00:00,1052.71,1068.88,1049.15,1064.6,1930596,1052.71,1068.88,1049.15,1064.6,1930596,0.0,1.0
2024-11-26 00:00:00+00:00,1070.07,1072.84,1054.48,1060.0,744411,1070.07,1072.84,1054.48,1060.0,744411,0.0,1.0
2024-11-27 00:00:00+00:00,1041.4,1065.2,1038.41,1063.685,977141,1041.4,1065.2,1038.41,1063.685,977141,0.0,1.0
2024-11-29 00:00:00+00:00,1049.44,1052.0,1038.37,1042.35,583092,1049.44,1052.0,1038.37,1042.35,583092,0.0,1.0
2024-12-02 00:00:00+00:00,1048.43,1055.32,1045.49,1048.4,1056991,1048.43,1055.32,1045.49,1048.4,1056991,0.0,1.0
2024-12-03 00:00:00+00:00,1057.32,1057.65,1036.91,1040.09,1284190,1057.32,1057.65,1036.91,1040.09,1284190,0.0,1.0
2024-12-04 00:00:00+00:00,1123.13,1126.6298,1080.0,1083.67,2063004,1123.13,1126.6298,1080.0,1083.67,2063004,0.0,1.0
2024-12-05 00:00:00+00:00,1123.72,1130.6,1113.1101,1115.1,1075479,1123.72,1130.6,1113.1101,1115.1,1075479,0.0,1.0
2024-12-06 00:00:00+00:00,1124.34,1136.9999,1120.0,1135.62,904425,1124.34,1136.9999,1120.0,1135.62,904425,0.0,1.0
2024-12-09 00:00:00+00:00,1120.48,1134.02,1105.71,1124.2,1223391,1120.48,1134.02,1105.71,1124.2,1223391,0.0,1.0
2024-12-10 00:00:00+00:00,1127.84,1147.3699,1114.02,1114.02,1599460,1127.84,1147.3699,1114.02,1114.02,1599460,0.0,1.0
2024-12-11 00:00:00+00:00,1147.18,1157.9,1136.04,1136.04,1245070,1147.18,1157.9,1136.04,1136.04,1245070,0.0,1.0
2024-12-12 00:00:00+00:00,1148.42,1154.68,1137.0,1140.94,687371,1148.42,1154.68,1137.0,1140.94,687371,0.0,1.0
2024-12-13 00:00:00+00:00,1121.1,1141.76,1114.6001,1130.0,1347291,1121.1,1141.76,1114.6001,1130.0,1347291,0.0,1.0
2024-12-16 00:00:00+00:00,1129.93,1134.525,1110.0001,1117.8,1186509,1129.93,1134.525,1110.0001,1117.8,1186509,0.0,1.0
2024-12-17 00:00:00+00:00,1114.72,1132.34,1110.67,1130.0,1223077,1114.72,1132.34,1110.67,1130.0,1223077,0.0,1.0
2024-12-18 00:00:00+00:00,1060.99,1118.855,1056.99,1117.49,1588516,1060.99,1118.855,1056.99,1117.49,1588516,0.0,1.0
2024-12-19 00:00:00+00:00,1074.87,1080.82,1062.52,1070.24,1971841,1074.87,1080.82,1062.52,1070.24,1971841,0.0,1.0
2024-12-20 00:00:00+00:00,1091.25,1102.87,1055.0001,1060.0,2025965,1091.25,1102.87,1055.0001,1060.0,2025965,0.0,1.0
2024-12-23 00:00:00+00:00,1088.26,1092.0,1073.77,1086.0,787010,1088.26,1092.0,1073.77,1086.0,787010,0.0,1.0
2024-12-24 00:00:00+00:00,1105.56,1106.55,1090.0,1097.08,418689,1105.56,1106.55,1090.0,1097.08,418689,0.0,1.0
2024-12-26 00:00:00+00:00,1099.11,1106.08,1093.6,1100.0,436892,1099.11,1106.08,1093.6,1100.0,436892,0.0,1.0
2024-12-27 00:00:00+00:00,1081.46,1094.57,1062.0,1092.0,1016924,1081.46,1094.57,1062.0,1092.0,1016924,0.0,1.0
2024-12-30 00:00:00+00:00,1067.7,1073.58,1055.23,1065.97,720112,1067.7,1073.58,1055.23,1065.97,720112,0.0,1.0
2024-12-31 00:00:00+00:00,1060.12,1073.5,1052.93,1073.5,841117,1060.12,1073.5,1052.93,1073.5,841117,0.0,1.0
2025-01-02 00:00:00+00:00,1054.34,1073.71,1041.0,1073.52,1028706,1054.34,1073.71,1041.0,1073.52,1028706,0.0,1.0
2025-01-03 00:00:00+00:00,1073.77,1074.14,1056.72,1059.3,898694,1073.77,1074.14,1056.72,1059.3,898694,0.0,1.0
2025-01-06 00:00:00+00:00,1077.05,1084.55,1068.585,1083.97,850949,1077.05,1084.55,1068.585,1083.97,850949,0.0,1.0
2025-01-07 00:00:00+00:00,1054.15,1085.0,1044.47,1074.1,1133440,1054.15,1085.0,1044.47,1074.1,1133440,0.0,1.0
2025-01-08 00:00:00+00:00,1049.08,1063.0,1042.3,1061.88,1422036,1049.08,1063.0,1042.3,1061.88,1422036,0.0,1.0
2025-01-10 00:00:00+00:00,1024.57,1041.53,1016.75,1039.13,1577456,1024.57,1041.53,1016.75,1039.13,1577456,0.0,1.0
2025-01-13 00:00:00+00:00,1015.74,1020.15,999.13,1011.13,1712591,1015.74,1020.15,999.13,1011.13,1712591,0.0,1.0
2025-01-14 00:00:00+00:00,1031.29,1037.06,1020.59,1034.4,1272291,1031.29,1037.06,1020.59,1034.4,1272291,0.0,1.0
2025-01-15 00:00:00+00:00,1054.13,1059.56,1040.9801,1053.31,1287453,1054.13,1059.56,1040.9801,1053.31,1287453,0.0,1.0
2025-01-16 00:00:00+00:00,1057.16,1064.75,1052.58,1058.54,632874,1057.16,1064.75,1052.58,1058.54,632874,0.0,1.0
2025-01-17 00:00:00+00:00,1071.48,1080.0,1062.0,1072.58,1081924,1071.48,1080.0,1062.0,1072.58,1081924,0.0,1.0
2025-01-21 00:00:00+00:00,1096.85,1104.8699,1086.225,1088.72,1439442,1096.85,1104.8699,1086.225,1088.72,1439442,0.0,1.0
2025-01-22 00:00:00+00:00,1125.17,1130.7,1110.86,1115.0,1636837,1125.17,1130.7,1110.86,1115.0,1636837,0.0,1.0
2025-01-23 00:00:00+00:00,1134.2,1134.2,1114.7484,1117.65,1073942,1134.2,1134.2,1114.7484,1117.65,1073942,0.0,1.0
2025-01-24 00:00:00+00:00,1124.98,1145.0,1118.8101,1141.12,917742,1124.98,1145.0,1118.8101,1141.12,917742,0.0,1.0
2025-01-27 00:00:00+00:00,1140.62,1165.98,1111.0001,1117.415,2241278,1140.62,1165.98,1111.0001,1117.415,2241278,0.0,1.0
2025-01-28 00:00:00+00:00,1170.39,1198.09,1131.97,1150.0,2437685,1170.39,1198.09,1131.97,1150.0,2437685,0.0,1.0
2025-01-29 00:00:00+00:00,1143.63,1170.39,1135.2,1160.91,2619418,1143.63,1170.39,1135.2,1160.91,2619418,0.0,1.0
2025-01-30 00:00:00+00:00,1012.75,1031.0,990.0,1027.12,6207477,1012.75,1031.0,990.0,1027.12,6207477,0.0,1.0
2025-01-31 00:00:00+00:00,1018.38,1035.75,1011.42,1032.01,2867304,1018.38,1035.75,1011.42,1032.01,2867304,0.0,1.0
2025-02-03 00:00:00+00:00,1020.94,1030.995,998.0527,1006.5,2015959,1020.94,1030.995,998.0527,1006.5,2015959,0.0,1.0
2025-02-04 00:00:00+00:00,1010.13,1043.45,998.3339,1039.91,1918817,1010.13,1043.45,998.3339,1039.91,1918817,0.0,1.0
2025-02-05 00:00:00+00:00,1027.06,1028.85,1012.08,1015.36,1339221,1027.06,1028.85,1012.08,1015.36,1339221,0.0,1.0
2025-02-06 00:00:00+00:00,1023.3,1035.28,1018.2901,1022.92,1261689,1023.3,1035.28,1018.2901,1022.92,1261689,0.0,1.0
2025-02-07 00:00:00+00:00,1008.29,1042.3469,1003.9601,1025.0,1387164,1008.29,1042.3469,1003.9601,1025.0,1387164,0.0,1.0
2025-02-10 00:00:00+00:00,1021.81,1033.0951,1011.2501,1017.55,1174857,1021.81,1033.0951,1011.2501,1017.55,1174857,0.0,1.0
2025-02-11 00:00:00+00:00,1009.05,1021.365,1003.94,1015.0,1015969,1009.05,1021.365,1003.94,1015.0,1015969,0.0,1.0
2025-02-12 00:00:00+00:00,982.4,998.42,980.0,996.25,1677649,982.4,998.42,980.0,996.25,1677649,0.0,1.0
2025-02-13 00:00:00+00:00,989.48,992.0,970.48,982.4,1563426,989.48,992.0,970.48,982.4,1563426,0.0,1.0
2025-02-14 00:00:00+00:00,986.63,989.0,966.6,979.1,1503419,986.63,989.0,966.6,979.1,1503419,0.0,1.0
2025-02-18 00:00:00+00:00,997.48,997.54,974.0,988.0,1672692,997.48,997.54,974.0,988.0,1672692,0.0,1.0
2025-02-19 00:00:00+00:00,987.14,1002.845,975.67,997.32,1737540,987.14,1002.845,975.67,997.32,1737540,0.0,1.0
2025-02-20 00:00:00+00:00,967.98,980.58,958.87,980.08,1351246,967.98,980.58,958.87,980.08,1351246,0.0,1.0
2025-02-21 00:00:00+00:00,938.41,967.0,933.01,964.7,2004213,938.41,967.0,933.01,964.7,2004213,0.0,1.0
2025-02-24 00:00:00+00:00,927.58,944.5,913.53,944.04,1692758,927.58,944.5,913.53,944.04,1692758,0.0,1.0
2025-02-25 00:00:00+00:00,922.29,926.64,898.21,923.72,2144338,922.29,926.64,898.21,923.72,2144338,0.0,1.0
2025-02-26 00:00:00+00:00,941.96,952.6,926.0,929.3,2002542,941.96,952.6,926.0,929.3,2002542,0.0,1.0
2025-02-27 00:00:00+00:00,920.96,953.35,919.64,948.16,1455077,920.96,953.35,919.64,948.16,1455077,0.0,1.0
2025-02-28 00:00:00+00:00,929.76,929.98,907.45,920.97,1567936,929.76,929.98,907.45,920.97,1567936,0.0,1.0
2025-03-03 00:00:00+00:00,910.31,939.0,902.68,936.01,1545908,910.31,939.0,902.68,936.01,1545908,0.0,1.0
2025-03-04 00:00:00+00:00,906.09,917.34,876.943,900.0,2459102,906.09,917.34,876.943,900.0,2459102,0.0,1.0
2025-03-05 00:00:00+00:00,915.79,924.0,898.38,905.0,1540617,915.79,924.0,898.38,905.0,1540617,0.0,1.0
2025-03-06 00:00:00+00:00,867.09,907.9,858.25,890.0,2164163,867.09,907.9,858.25,890.0,2164163,0.0,1.0
2025-03-07 00:00:00+00:00,850.63,870.0,832.72,856.5,2528469,850.63,870.0,832.72,856.5,2528469,0.0,1.0
2025-03-10 00:00:00+00:00,783.83,832.0,777.91,823.4,3879186,783.83,832.0,777.91,823.4,3879186,0.0,1.0
2025-03-11 00:00:00+00:00,808.4,827.98,794.0,800.0,2999056,808.4,827.98,794.0,800.0,2999056,0.0,1.0
2025-03-12 00:00:00+00:00,843.14,849.25,823.4265,834.79,2741843,843.14,849.25,823.4265,834.79,2741843,0.0,1.0
2025-03-13 00:00:00+00:00,811.62,835.0,805.975,830.0,1963561,811.62,835.0,805.975,830.0,1963561,0.0,1.0
2025-03-14 00:00:00+00:00,844.33,849.058,822.76,822.76,1853239,844.33,849.058,822.76,822.76,1853239,0.0,1.0
2025-03-17 00:00:00+00:00,842.93,855.68,835.0,839.0,1656750,842.93,855.68,835.0,839.0,1656750,0.0,1.0
2025-03-18 00:00:00+00:00,830.0,837.47,820.35,837.43,1768045,830.0,837.47,820.35,837.43,1768045,0.0,1.0
2025-03-19 00:00:00+00:00,844.12,854.0,830.02,835.73,1561830,844.12,854.0,830.02,835.73,1561830,0.0,1.0
2025-03-20 00:00:00+00:00,824.12,828.26,809.18,827.24,2592996,824.12,828.26,809.18,827.24,2592996,0.0,1.0
2025-03-21 00:00:00+00:00,827.75,828.9,808.8,816.14,2907341,827.75,828.9,808.8,816.14,2907341,0.0,1.0
2025-03-24 00:00:00+00:00,849.73,853.475,841.215,846.0,1599705,849.73,853.475,841.215,846.0,1599705,0.0,1.0
2025-03-25 00:00:00+00:00,861.38,870.99,855.0,858.23,1643177,861.38,870.99,855.0,858.23,1643177,0.0,1.0
2025-03-26 00:00:00+00:00,838.55,860.51,834.03,856.34,1349751,838.55,860.51,834.03,856.34,1349751,0.0,1.0
2025-03-27 00:00:00+00:00,827.74,839.945,822.17,835.04,1479981,827.74,839.945,822.17,835.04,1479981,0.0,1.0
2025-03-28 00:00:00+00:00,797.76,821.01,789.533,820.0,1758851,797.76,821.01,789.533,820.0,1758851,0.0,1.0
2025-03-31 00:00:00+00:00,796.14,799.0,757.84,781.52,2984478,796.14,799.0,757.84,781.52,2984478,0.0,1.0
2025-04-01 00:00:00+00:00,811.56,812.96,792.7265,798.22,1543006,811.56,812.96,792.7265,798.22,1543006,0.0,1.0
2025-04-02 00:00:00+00:00,824.03,827.16,794.68,794.68,1626420,824.03,827.16,794.68,794.68,1626420,0.0,1.0
2025-04-03 00:00:00+00:00,774.07,788.06,757.25,782.75,2087836,774.07,788.06,757.25,782.75,2087836,0.0,1.0
2025-04-04 00:00:00+00:00,721.65,758.77,718.45,756.34,2900381,721.65,758.77,718.45,756.34,2900381,0.0,1.0
2025-04-07 00:00:00+00:00,735.5,758.645,678.6588,688.0,2878166,735.5,758.645,678.6588,688.0,2878166,0.0,1.0
2025-04-08 00:00:00+00:00,727.6,775.88,713.19,768.01,2123217,727.6,775.88,713.19,768.01,2123217,0.0,1.0
2025-04-09 00:00:00+00:00,825.95,831.635,723.2,725.0,3092026,825.95,831.635,723.2,725.0,3092026,0.0,1.0
2025-04-10 00:00:00+00:00,783.49,809.99,761.08,807.09,2046435,783.49,809.99,761.08,807.09,2046435,0.0,1.0
2025-04-11 00:00:00+00:00,785.67,786.88,755.0,771.31,2102981,785.67,786.88,755.0,771.31,2102981,0.0,1.0
2025-04-14 00:00:00+00:00,799.82,812.13,786.8,802.22,1717301,799.82,812.13,786.8,802.22,1717301,0.0,1.0
2025-04-15 00:00:00+00:00,816.5,824.9,799.21,800.96,1735237,816.5,824.9,799.21,800.96,1735237,0.0,1.0
2025-04-16 00:00:00+00:00,796.66,821.17,790.735,804.61,1869466,796.66,821.17,790.735,804.61,1869466,0.0,1.0
2025-04-17 00:00:00+00:00,772.16,800.06,769.02,800.06,1803904,772.16,800.06,769.02,800.06,1803904,0.0,1.0
2025-04-21 00:00:00+00:00,755.99,765.545,742.41,759.36,1668684,755.99,765.545,742.41,759.36,1668684,0.0,1.0
2025-04-22 00:00:00+00:00,766.83,776.625,752.44,762.8,1582828,766.83,776.625,752.44,762.8,1582828,0.0,1.0
2025-04-23 00:00:00+00:00,812.7,833.9646,807.0,821.04,3019221,812.7,833.9646,807.0,821.04,3019221,0.0,1.0
2025-04-24 00:00:00+00:00,938.57,943.98,898.33,900.31,6083058,938.57,943.98,898.33,900.31,6083058,0.0,1.0
2025-04-25 00:00:00+00:00,945.26,960.0,929.17,944.0,2887783,945.26,960.0,929.17,944.0,2887783,0.0,1.0
2025-04-28 00:00:00+00:00,937.41,961.025,927.13,959.85,2052370,937.41,961.025,927.13,959.85,2052370,0.0,1.0
2025-04-29 00:00:00+00:00,942.86,947.2278,930.55,940.0,1245641,942.86,947.2278,930.55,940.0,1245641,0.0,1.0
2025-04-30 00:00:00+00:00,955.01,957.66,920.4,930.56,1947868,955.01,957.66,920.4,930.56,1947868,0.0,1.0
2025-05-01 00:00:00+00:00,957.95,978.6199,957.52,973.86,1807708,957.95,978.6199,957.52,973.86,1807708,0.0,1.0
2025-05-02 00:00:00+00:00,977.36,985.5,969.0601,978.92,1669372,977.36,985.5,969.0601,978.92,1669372,0.0,1.0
2025-05-05 00:00:00+00:00,978.05,992.0,971.34,973.0,1274167,978.05,992.0,971.34,973.0,1274167,0.0,1.0
2025-05-06 00:00:00+00:00,965.26,978.675,964.185,969.04,1280506,965.26,978.675,964.185,969.04,1280506,0.0,1.0
2025-05-07 00:00:00+00:00,983.29,987.3099,967.29,971.22,1730324,983.29,987.3099,967.29,971.22,1730324,0.0,1.0
2025-05-08 00:00:00+00:00,974.49,992.0,972.8064,985.0,1468796,974.49,992.0,972.8064,985.0,1468796,0.0,1.0
2025-05-09 00:00:00+00:00,980.06,986.78,971.62,980.0,920067,980.06,986.78,971.62,980.0,920067,0.0,1.0
2025-05-12 00:00:00+00:00,1015.6,1017.0,995.67,1008.52,1432105,1015.6,1017.0,995.67,1008.52,1432105,0.0,1.0
2025-05-13 00:00:00+00:00,1036.72,1039.98,1017.0,1023.0,1483090,1036.72,1039.98,1017.0,1023.0,1483090,0.0,1.0
2025-05-14 00:00:00+00:00,1026.82,1045.9999,1026.65,1037.0,1414587,1026.82,1045.9999,1026.65,1037.0,1414587,0.0,1.0
2025-05-15 00:00:00+00:00,1035.18,1040.65,1021.9601,1034.42,988034,1035.18,1040.65,1021.9601,1034.42,988034,0.0,1.0
2025-05-16 00:00:00+00:00,1040.18,1043.74,1033.125,1038.39,1160948,1040.18,1043.74,1033.125,1038.39,1160948,0.0,1.0
2025-05-19 00:00:00+00:00,1025.75,1034.69,1016.05,1028.945,2071522,1025.75,1034.69,1016.05,1028.945,2071522,0.0,1.0
2025-05-20 00:00:00+00:00,1021.84,1024.66,1013.3178,1015.0,1075447,1021.84,1024.66,1013.3178,1015.0,1075447,0.0,1.0
2025-05-21 00:00:00+00:00,1014.76,1030.74,1005.58,1008.9,1259600,1014.76,1030.74,1005.58,1008.9,1259600,0.0,1.0
2025-05-22 00:00:00+00:00,1015.77,1027.49,1011.79,1014.76,856379,1015.77,1027.49,1011.79,1014.76,856379,0.0,1.0
2025-05-23 00:00:00+00:00,1004.37,1014.29,994.5956,1000.0,1388129,1004.37,1014.29,994.5956,1000.0,1388129,0.0,1.0
2025-05-27 00:00:00+00:00,1027.39,1029.83,1012.9801,1013.61,1102507,1027.39,1029.83,1012.9801,1013.61,1102507,0.0,1.0
2025-05-28 00:00:00+00:00,1021.3,1037.6699,1018.175,1027.39,993273,1021.3,1037.6699,1018.175,1027.39,993273,0.0,1.0
2025-05-29 00:00:00+00:00,1015.23,1024.5825,1004.7,1023.17,1266245,1015.23,1024.5825,1004.7,1023.17,1266245,0.0,1.0
2025-05-30 00:00:00+00:00,1011.09,1020.0,1002.59,1020.0,2663904,1011.09,1020.0,1002.59,1020.0,2663904,0.0,1.0
2025-06-02 00:00:00+00:00,1012.11,1017.945,1000.3,1009.14,1002594,1012.11,1017.945,1000.3,1009.14,1002594,0.0,1.0
2025-06-03 00:00:00+00:00,1010.88,1016.25,1005.5,1011.82,1023885,1010.88,1016.25,1005.5,1011.82,1023885,0.0,1.0
2025-06-04 00:00:00+00:00,1012.74,1017.55,1002.96,1011.56,717918,1012.74,1017.55,1002.96,1011.56,717918,0.0,1.0
2025-06-05 00:00:00+00:00,1017.6,1031.44,1014.17,1027.31,904334,1017.6,1031.44,1014.17,1027.31,904334,0.0,1.0
2025-06-06 00:00:00+00:00,1030.21,1034.6,1016.34,1026.23,959723,1030.21,1034.6,1016.34,1026.23,959723,0.0,1.0
2025-06-09 00:00:00+00:00,1026.86,1034.4799,1018.06,1031.0,907750,1026.86,1034.4799,1018.06,1031.0,907750,0.0,1.0
2025-06-10 00:00:00+00:00,1009.79,1026.86,999.12,1021.14,1189537,1009.79,1026.86,999.12,1021.14,1189537,0.0,1.0
2025-06-11 00:00:00+00:00,1004.33,1017.72,1001.395,1010.24,742823,1004.33,1017.72,1001.395,1010.24,742823,0.0,1.0
2025-06-12 00:00:00+00:00,1007.37,1016.04,1002.6,1002.6,848179,1007.37,1016.04,1002.6,1002.6,848179,0.0,1.0
2025-06-13 00:00:00+00:00,988.66,1001.0,978.185,998.03,1332459,988.66,1001.0,978.185,998.03,1332459,0.0,1.0
2025-06-16 00:00:00+00:00,1005.13,1016.97,991.38,992.0,1230880,1005.13,1016.97,991.38,992.0,1230880,0.0,1.0
2025-06-17 00:00:00+00:00,1004.91,1012.0,999.34,1003.85,819977,1004.91,1012.0,999.34,1003.85,819977,0.0,1.0
2025-06-18 00:00:00+00:00,982.08,1007.04,979.2001,1004.44,1209477,982.08,1007.04,979.2001,1004.44,1209477,0.0,1.0
2025-06-20 00:00:00+00:00,971.41,986.005,965.45,985.59,2007708,971.41,986.005,965.45,985.59,2007708,0.0,1.0
2025-06-23 00:00:00+00:00,980.4,981.3299,956.8277,971.41,1099914,980.4,981.3299,956.8277,971.41,1099914,0.0,1.0
2025-06-24 00:00:00+00:00,996.32,999.5,985.0,990.0,1514018,996.32,999.5,985.0,990.0,1514018,0.0,1.0
2025-06-25 00:00:00+00:00,1005.16,1014.0,998.15,998.28,1193736,1005.16,1014.0,998.15,998.28,1193736,0.0,1.0
2025-06-26 00:00:00+00:00,1011.44,1013.56,994.501,1007.18,1204424,1011.44,1013.56,994.501,1007.18,1204424,0.0,1.0
2025-06-27 00:00:00+00:00,1022.42,1033.03,1012.07,1012.78,1514336,1022.42,1033.03,1012.07,1012.78,1514336,0.0,1.0
2025-06-30 00:00:00+00:00,1028.08,1036.37,1018.4472,1029.74,1009309,1028.08,1036.37,1018.4472,1029.74,1009309,0.0,1.0
2025-07-01 00:00:00+00:00,1011.89,1031.94,994.73,1027.26,1244261,1011.89,1031.94,994.73,1027.26,1244261,0.0,1.0
2025-07-02 00:00:00+00:00,1009.76,1011.035,992.0,1000.37,871727,1009.76,1011.035,992.0,1000.37,871727,0.0,1.0
2025-07-03 00:00:00+00:00,1044.69,1057.3899,1015.0,1017.73,1205886,1044.69,1057.3899,1015.0,1017.73,1205886,0.0,1.0
2025-07-07 00:00:00+00:00,1035.01,1049.0,1027.62,1043.23,1133622,1035.01,1049.0,1027.62,1043.23,1133622,0.0,1.0
2025-07-08 00:00:00+00:00,1022.98,1038.77,1011.25,1037.18,1460195,1022.98,1038.77,1011.25,1037.18,1460195,0.0,1.0
2025-07-09 00:00:00+00:00,1013.71,1028.01,1009.0,1024.5,1153612,1013.71,1028.01,1009.0,1024.5,1153612,0.0,1.0
2025-07-10 00:00:00+00:00,968.09,1013.7,965.31,1013.7,2004900,968.09,1013.7,965.31,1013.7,2004900,0.0,1.0
2025-07-11 00:00:00+00:00,938.78,966.0,934.17,960.0,2154733,938.78,966.0,934.17,960.0,2154733,0.0,1.0
2025-07-14 00:00:00+00:00,961.78,964.3399,935.14,938.7,1812748,961.78,964.3399,935.14,938.7,1812748,0.0,1.0
2025-07-15 00:00:00+00:00,956.92,974.34,956.0,965.27,1264275,956.92,974.34,956.0,965.27,1264275,0.0,1.0
2025-07-16 00:00:00+00:00,966.97,969.09,953.38,965.06,985144,966.97,969.09,953.38,965.06,985144,0.0,1.0
2025-07-17 00:00:00+00:00,959.15,975.0,955.0,968.49,1275613,959.15,975.0,955.0,968.49,1275613,0.0,1.0
2025-07-18 00:00:00+00:00,963.4,963.515,949.73,958.05,1155758,963.4,963.515,949.73,958.05,1155758,0.0,1.0
2025-07-21 00:00:00+00:00,959.91,969.0971,958.0,959.53,1112772,959.91,969.0971,958.0,959.53,1112772,0.0,1.0
2025-07-22 00:00:00+00:00,962.37,973.96,956.84,963.78,1175737,962.37,973.96,956.84,963.78,1175737,0.0,1.0
2025-07-23 00:00:00+00:00,956.43,966.85,947.86,947.86,1984030,956.43,966.85,947.86,947.86,1984030,0.0,1.0
2025-07-24 00:00:00+00:00,996.18,1051.0,982.0,1034.66,4070052,996.18,1051.0,982.0,1034.66,4070052,0.0,1.0
2025-07-25 00:00:00+00:00,968.79,1001.0,964.0813,1000.12,1999628,968.79,1001.0,964.0813,1000.12,1999628,0.0,1.0
2025-07-28 00:00:00+00:00,985.75,996.04,975.98,976.0,1474801,985.75,996.04,975.98,976.0,1474801,0.0,1.0
2025-07-29 00:00:00+00:00,993.2,1005.75,982.28,991.53,1207739,993.2,1005.75,982.28,991.53,1207739,0.0,1.0
2025-07-30 00:00:00+00:00,977.48,993.025,973.0,991.59,1094172,977.48,993.025,973.0,991.59,1094172,0.0,1.0
2025-07-31 00:00:00+00:00,943.12,982.0,940.06,982.0,2131904,943.12,982.0,940.06,982.0,2131904,0.0,1.0
2025-08-01 00:00:00+00:00,914.37,937.29,909.485,937.29,1811125,914.37,937.29,909.485,937.29,1811125,0.0,1.0
2025-08-04 00:00:00+00:00,923.0,929.5847,915.26,918.515,1285510,923.0,929.5847,915.26,918.515,1285510,0.0,1.0
2025-08-05 00:00:00+00:00,905.12,925.5,904.45,922.0,1448465,905.12,925.5,904.45,922.0,1448465,0.0,1.0
2025-08-06 00:00:00+00:00,912.31,913.05,902.83,911.6,1068562,912.31,913.05,902.83,911.6,1068562,0.0,1.0
2025-08-07 00:00:00+00:00,874.12,922.885,862.0,922.0,2798687,874.12,922.885,862.0,922.0,2798687,0.0,1.0
2025-08-08 00:00:00+00:00,872.51,882.0,862.14,878.39,1902819,872.51,882.0,862.14,878.39,1902819,0.0,1.0
