date,close,high,low,open,volume,adjClose,adjHigh,adjLow,adjOpen,adjVolume,divCash,splitFactor
2018-01-02 00:00:00+00:00,199.35,199.5,194.5,195.78,8303752,4.9291340707,4.9328429752,4.8092128254,4.8408621438,332150080,0.0,1.0
2018-01-03 00:00:00+00:00,212.47,213.7,203.75,204.1,22499518,5.2535395836,5.2839526005,5.0379286025,5.0465827129,899980720,0.0,1.0
2018-01-04 00:00:00+00:00,213.59,218.05,212.69,215.76,14346675,5.2812327372,5.3915108308,5.2589793102,5.3348882222,573867000,0.0,1.0
2018-01-05 00:00:00+00:00,215.4,216.91,211.08,214.19,14008768,5.3259868514,5.3633231566,5.219170402,5.2960683551,560350720,0.0,1.0
2018-01-08 00:00:00+00:00,222.0,225.0,218.58,220.4,21190932,5.4891786491,5.5633567389,5.4046156266,5.4496170011,847637280,0.0,1.0
2018-01-09 00:00:00+00:00,221.94,223.82,218.64,222.22,11750593,5.4876950873,5.5341800236,5.4060991884,5.4946183756,470023720,0.0,1.0
2018-01-10 00:00:00+00:00,223.68,223.82,216.0,218.2,14087612,5.5307183794,5.5341800236,5.3408224694,5.3952197352,563504480,0.0,1.0
2018-01-11 00:00:00+00:00,224.08,226.27,223.21,225.0,9812137,5.5406087914,5.5947587969,5.5190971453,5.5633567389,392485480,0.0,1.0
2018-01-12 00:00:00+00:00,222.98,224.99,221.34,223.6,8931936,5.5134101584,5.5631094786,5.4728594693,5.528740297,357277440,0.0,1.0
2018-01-16 00:00:00+00:00,220.11,227.51,216.69,224.05,17104812,5.4424464525,5.6254190741,5.35788343,5.5398670105,684192480,0.0,1.0
2018-01-17 00:00:00+00:00,224.72,225.12,216.9,220.7,13112629,5.5564334505,5.5663238625,5.3630758963,5.4570348101,524505160,0.0,1.0
2018-01-18 00:00:00+00:00,224.44,226.64,222.68,223.94,10071489,5.5495101621,5.603907428,5.5059923494,5.5371471472,402859560,0.0,1.0
2018-01-19 00:00:00+00:00,230.11,231.09,227.0,228.09,14544968,5.689706752,5.7139382613,5.6128087988,5.6397601715,581798720,0.0,1.0
2018-01-22 00:00:00+00:00,233.69,233.76,228.1,230.43,9614659,5.7782259392,5.7799567613,5.6400074318,5.6976190815,384586360,0.0,1.0
2018-01-23 00:00:00+00:00,238.91,239.83,235.1,235.85,11293069,5.9072958155,5.9300437631,5.8130896414,5.8316341639,451722760,0.0,1.0
2018-01-24 00:00:00+00:00,235.8,240.49,233.55,239.04,14406492,5.8303978624,5.9463629428,5.774764295,5.9105101994,576259680,0.0,1.0
2018-01-25 00:00:00+00:00,236.35,239.75,235.75,238.0,10105341,5.8439971789,5.9280656807,5.8291615609,5.8847951283,404213640,0.0,1.0
2018-01-26 00:00:00+00:00,243.33,243.34,237.6,238.12,12755309,6.0165848679,6.0168321282,5.8749047163,5.8877622519,510212360,0.0,1.0
2018-01-29 00:00:00+00:00,246.85,248.11,240.61,242.74,11282948,6.1036204933,6.1347752911,5.9493300664,6.0019965102,451317920,0.0,1.0
2018-01-30 00:00:00+00:00,242.72,246.42,238.41,241.11,14133180,6.0015019896,6.0929883005,5.8949328005,5.9616930814,565327200,0.0,1.0
2018-01-31 00:00:00+00:00,245.8,249.27,244.45,245.77,11818115,6.0776581619,6.1634574858,6.0442780215,6.076916381,472724600,0.0,1.0
2018-02-01 00:00:00+00:00,240.5,246.9,238.06,238.52,12716271,5.9466102031,6.1048567948,5.8862786901,5.8976526638,508650840,0.0,1.0
2018-02-02 00:00:00+00:00,233.52,237.97,231.17,237.0,17794503,5.7740225141,5.8840533474,5.7159163437,5.8600690983,711780120,0.0,1.0
2018-02-05 00:00:00+00:00,213.7,233.23,205.0,227.0,27907654,5.2839526005,5.7668519654,5.0688361399,5.6128087988,1116306160,0.0,1.0
2018-02-06 00:00:00+00:00,225.58,225.7,204.0,204.4,26591746,5.5776978363,5.5806649599,5.0441101099,5.0540005219,1063669840,0.0,1.0
2018-02-07 00:00:00+00:00,228.8,234.97,226.7,229.58,19931234,5.6573156527,5.8098752575,5.6053909898,5.6766019561,797249360,0.0,1.0
2018-02-08 00:00:00+00:00,217.52,235.22,217.51,233.88,21664353,5.3784060349,5.816056765,5.3781587746,5.7829238849,866574120,0.0,1.0
2018-02-09 00:00:00+00:00,232.08,238.89,217.52,238.25,41044898,5.738417031,5.9068012949,5.3784060349,5.8909766358,1641795920,0.0,1.0
2018-02-12 00:00:00+00:00,228.03,235.48,225.03,235.36,27179807,5.6382766097,5.8224855328,5.5640985198,5.8195184092,1087192280,0.0,1.0
2018-02-13 00:00:00+00:00,232.63,234.5,225.25,226.56,15573359,5.7520163474,5.7982540234,5.5695382464,5.6019293456,622934360,0.0,1.0
2018-02-14 00:00:00+00:00,241.42,242.59,230.55,231.0,18453757,5.9693581507,5.9982876057,5.7005862051,5.7117129186,738150280,0.0,1.0
2018-02-15 00:00:00+00:00,246.5,248.37,241.52,244.79,17392024,6.0949663829,6.1412040589,5.9718307537,6.0526848716,695680960,0.0,1.0
2018-02-16 00:00:00+00:00,243.84,250.0,243.47,245.4,15812549,6.0291951432,6.1815074877,6.0200465121,6.0677677499,632501960,0.0,1.0
2018-02-20 00:00:00+00:00,249.08,251.87,244.6,244.75,17075723,6.1587595401,6.2277451637,6.0479869259,6.0516958304,683028920,0.0,1.0
2018-02-21 00:00:00+00:00,241.51,251.97,241.36,251.69,21021844,5.9715834934,6.2302177667,5.9678745889,6.2232944783,840873760,0.0,1.0
2018-02-22 00:00:00+00:00,242.15,245.63,239.5,242.73,12998992,5.9911170571,6.0772169429,5.9255524888,6.005467038,519959680,0.15,1.0
2018-02-23 00:00:00+00:00,245.93,245.93,242.52,244.57,10258215,6.0846393469,6.0846393469,6.0002713553,6.0509911156,410328600,0.0,1.0
2018-02-26 00:00:00+00:00,246.58,247.98,244.06,247.8,11145830,6.1007212221,6.1353591072,6.0383730289,6.1309056648,445833200,0.0,1.0
2018-02-27 00:00:00+00:00,246.06,248.91,245.13,245.5,11323269,6.0878557219,6.1583685595,6.0648462697,6.0740005679,452930760,0.0,1.0
2018-02-28 00:00:00+00:00,242.0,248.1,241.53,246.5,12950470,5.9874058551,6.1383280688,5.9757774222,6.0987419144,518018800,0.0,1.0
2018-03-01 00:00:00+00:00,232.21,244.09,228.12,241.91,26002972,5.7451880728,6.0391152693,5.6439959655,5.9851791339,1040118880,0.0,1.0
2018-03-02 00:00:00+00:00,236.54,236.8,221.85,227.86,22835685,5.8523181031,5.8587508532,5.4888677229,5.6375632155,913427400,0.0,1.0
2018-03-05 00:00:00+00:00,235.65,237.25,229.52,234.51,15519413,5.8302983048,5.8698844592,5.6786338507,5.8020931697,620776520,0.0,1.0
2018-03-06 00:00:00+00:00,242.16,242.94,237.36,239.1,15920243,5.9913644705,6.0106627208,5.8726060073,5.9156559502,636809720,0.0,1.0
2018-03-07 00:00:00+00:00,241.84,243.95,237.95,238.0,14530226,5.9834472396,6.0356514808,5.8872034017,5.888440469,581209040,0.0,1.0
2018-03-08 00:00:00+00:00,241.18,242.95,239.39,242.95,10163665,5.9671179509,6.0109101343,5.9228309407,6.0109101343,406546600,0.0,1.0
2018-03-09 00:00:00+00:00,245.33,245.85,242.45,243.1,12580234,6.069794539,6.0826600391,5.998539461,6.0146213362,503209360,0.0,1.0
2018-03-12 00:00:00+00:00,249.76,253.0,246.67,247.0,15056073,6.179398704,6.2595606667,6.1029479433,6.1111125876,602242920,0.0,1.0
2018-03-13 00:00:00+00:00,247.71,254.5,246.04,251.49,15408000,6.1286789436,6.2966726864,6.087360895,6.2222012334,616320000,0.0,1.0
2018-03-14 00:00:00+00:00,248.74,250.55,246.22,249.45,12573947,6.1541625305,6.1989443677,6.0918143373,6.1717288866,502957880,0.0,1.0
2018-03-15 00:00:00+00:00,249.34,252.62,247.64,249.29,9992834,6.1690073385,6.250158955,6.1269470494,6.1677702711,399713360,0.0,1.0
2018-03-16 00:00:00+00:00,250.48,251.25,248.48,250.0,9634107,6.1972124735,6.2162633103,6.1477297805,6.1853366272,385364280,0.0,1.0
2018-03-19 00:00:00+00:00,241.0,249.35,237.0,248.18,17472128,5.9626645086,6.1692547519,5.8636991225,6.1403073765,698885120,0.0,1.0
2018-03-20 00:00:00+00:00,249.58,251.15,241.12,241.12,13725505,6.1749452616,6.2137891756,5.9656334702,5.9656334702,549020200,0.0,1.0
2018-03-21 00:00:00+00:00,248.56,252.0,247.33,249.32,10841782,6.1497090882,6.2348193202,6.119277232,6.1685125115,433671280,0.0,1.0
2018-03-22 00:00:00+00:00,241.85,247.88,240.34,246.0,13663927,5.9836946531,6.1328849726,5.9463352199,6.0863712411,546557080,0.0,1.0
2018-03-23 00:00:00+00:00,232.97,242.5,232.52,242.4,18225390,5.7639914961,5.9997765283,5.7528578902,5.9973023937,729015600,0.0,1.0
2018-03-26 00:00:00+00:00,244.48,244.53,235.9,238.0,15130542,6.0487643944,6.0500014617,5.8364836414,5.888440469,605221680,0.0,1.0
2018-03-27 00:00:00+00:00,225.52,250.0,219.85,247.75,34462113,5.5796684646,6.1853366272,5.4393850299,6.1296685975,1378484520,0.0,1.0
2018-03-28 00:00:00+00:00,221.35,229.39,217.0,224.13,23647648,5.4764970497,5.6754174756,5.3688721924,5.545277993,945905920,0.0,1.0
2018-03-29 00:00:00+00:00,231.59,235.5,220.7,224.11,22915692,5.7298484379,5.8265871028,5.4604151744,5.544783166,916627680,0.0,1.0
2018-04-02 00:00:00+00:00,221.05,234.65,217.5,228.74,23052315,5.4690746457,5.8055569582,5.3812428656,5.6593356004,922092600,0.0,1.0
2018-04-03 00:00:00+00:00,225.35,230.35,221.35,227.8,16685759,5.5754624357,5.6991691683,5.4764970497,5.6360787347,667430360,0.0,1.0
2018-04-04 00:00:00+00:00,226.24,226.66,214.0,215.01,19729161,5.5974822341,5.6078735996,5.2946481528,5.3196369128,789166440,0.0,1.0
2018-04-05 00:00:00+00:00,221.38,229.13,218.49,228.6,17530973,5.4772392901,5.6689847255,5.4057367987,5.6558718119,701238920,0.0,1.0
2018-04-06 00:00:00+00:00,214.25,221.6,213.07,217.23,16574720,5.3008334895,5.4826823863,5.2716387006,5.3745627021,662988800,0.0,1.0
2018-04-09 00:00:00+00:00,215.41,221.97,214.6,216.8,12488120,5.3295334514,5.4918366845,5.3094929607,5.3639239231,499524800,0.0,1.0
2018-04-10 00:00:00+00:00,227.91,229.0,222.41,224.72,19118807,5.6388002828,5.6657683505,5.502722877,5.5598753874,764752280,0.0,1.0
2018-04-11 00:00:00+00:00,226.24,228.98,224.92,227.31,11506057,5.5974822341,5.6652735235,5.5648236567,5.6239554749,460242280,0.0,1.0
2018-04-12 00:00:00+00:00,234.6,235.32,228.21,230.0,14847950,5.8043198909,5.8221336604,5.6462226867,5.690509697,593918000,0.0,1.0
2018-04-13 00:00:00+00:00,231.5,237.51,229.55,237.17,12575892,5.7276217167,5.8763172093,5.679376091,5.8679051514,503035680,0.0,1.0
2018-04-16 00:00:00+00:00,231.49,232.84,227.68,231.77,8769776,5.7273743033,5.7607751211,5.6331097731,5.7343018803,350791040,0.0,1.0
2018-04-17 00:00:00+00:00,237.54,238.4,231.35,233.6,11180638,5.8770594497,5.8983370077,5.7239105148,5.7795785444,447225520,0.0,1.0
2018-04-18 00:00:00+00:00,236.37,239.25,232.77,235.5,9784058,5.8481120742,5.9193671522,5.7590432268,5.8265871028,391362320,0.0,1.0
2018-04-19 00:00:00+00:00,229.04,233.1,226.8,231.75,11799933,5.6667580043,5.7672078712,5.6113373882,5.7338070534,471997320,0.0,1.0
2018-04-20 00:00:00+00:00,228.71,232.1,227.45,228.69,9654966,5.65859336,5.7424665246,5.6274192634,5.6580985331,386198640,0.0,1.0
2018-04-23 00:00:00+00:00,223.88,231.5,222.83,229.43,10687723,5.5390926563,5.7276217167,5.5131142425,5.6764071295,427508920,0.0,1.0
2018-04-24 00:00:00+00:00,221.2,228.8,218.56,224.92,10364894,5.4727858477,5.6608200812,5.4074686929,5.5648236567,414595760,0.0,1.0
2018-04-25 00:00:00+00:00,216.66,221.58,210.3,220.0,14712343,5.3604601346,5.4821875594,5.2031051708,5.4430962319,588493720,0.0,1.0
2018-04-26 00:00:00+00:00,225.22,225.55,220.53,223.2,9395574,5.5722460607,5.580410705,5.4562091455,5.5222685407,375822960,0.0,1.0
2018-04-27 00:00:00+00:00,226.33,230.3,224.62,229.5,10021245,5.5997089553,5.6979321009,5.5574012528,5.6781390237,400849800,0.0,1.0
2018-04-30 00:00:00+00:00,224.9,229.0,224.12,226.99,8196067,5.5643288298,5.6657683505,5.5450305795,5.616038244,327842680,0.0,1.0
2018-05-01 00:00:00+00:00,227.14,227.25,222.2,224.57,6344727,5.619749446,5.6224709941,5.4975271942,5.5561641854,253789080,0.0,1.0
2018-05-02 00:00:00+00:00,226.31,228.8,225.25,227.0,6706185,5.5992141284,5.6608200812,5.5729883011,5.6162856575,268247400,0.0,1.0
2018-05-03 00:00:00+00:00,232.99,234.05,225.77,227.6,11078640,5.764486323,5.7907121503,5.5858538012,5.6311304654,443145600,0.0,1.0
2018-05-04 00:00:00+00:00,239.06,239.19,231.13,231.83,10016538,5.9146662963,5.9178826714,5.7184674185,5.7357863611,400661520,0.0,1.0
2018-05-07 00:00:00+00:00,248.68,250.99,242.89,243.29,17190378,6.1526780498,6.2098305602,6.0094256535,6.0193221921,687615120,0.0,1.0
2018-05-08 00:00:00+00:00,250.4,250.51,246.71,248.69,12665374,6.1952331658,6.1979547139,6.1039375971,6.1529254632,506614960,0.0,1.0
2018-05-09 00:00:00+00:00,255.78,255.87,250.11,251.21,14918980,6.32834161,6.3305683312,6.1880581753,6.2152736564,596759200,0.0,1.0
2018-05-10 00:00:00+00:00,260.13,260.5,257.2,257.92,24852029,6.4359664673,6.4451207655,6.363474322,6.3812880915,994081160,0.0,1.0
2018-05-11 00:00:00+00:00,254.53,259.79,250.54,252.78,30361406,6.2974149268,6.4275544095,6.1986969543,6.2541175704,1214456240,0.0,1.0
2018-05-14 00:00:00+00:00,255.36,258.49,254.4,256.07,13078477,6.3179502444,6.395390659,6.2941985518,6.3355166005,523139080,0.0,1.0
2018-05-15 00:00:00+00:00,245.56,252.9,241.5,252.79,24088210,6.0754850487,6.257086532,5.9750351818,6.2543649839,963528400,0.0,1.0
2018-05-16 00:00:00+00:00,246.01,248.52,242.51,244.0,13845706,6.0866186546,6.1487194343,6.0000239418,6.0368885481,553828240,0.0,1.0
2018-05-17 00:00:00+00:00,247.71,251.5,245.43,246.08,12994605,6.1286789436,6.2224486469,6.0722686736,6.0883505488,519784200,0.0,1.0
2018-05-18 00:00:00+00:00,245.94,252.37,245.74,249.81,12092942,6.0848867603,6.2439736184,6.079938491,6.1806357713,483717680,0.0,1.0
2018-05-21 00:00:00+00:00,244.24,250.03,240.49,249.88,16015620,6.0428264713,6.1860788675,5.9500464219,6.1823676656,640624800,0.0,1.0
2018-05-22 00:00:00+00:00,242.7,245.8,240.25,244.78,12956637,6.0047247976,6.0814229718,5.9441084987,6.0561867984,518265480,0.0,1.0
2018-05-23 00:00:00+00:00,247.54,247.59,240.25,240.28,11073926,6.1281841167,6.1294219337,5.9477104066,5.9484530967,442957040,0.15,1.0
2018-05-24 00:00:00+00:00,247.69,249.4,245.24,247.39,10934295,6.1318975675,6.174230907,6.0712445374,6.1244706659,437371800,0.0,1.0
2018-05-25 00:00:00+00:00,249.28,249.94,246.76,248.2,7302782,6.1712601463,6.1875993299,6.1088741724,6.1445233004,292111280,0.0,1.0
2018-05-29 00:00:00+00:00,248.59,251.34,246.7,248.55,8817083,6.1541782725,6.2222582043,6.1073887921,6.1531880189,352683320,0.0,1.0
2018-05-30 00:00:00+00:00,252.99,253.34,248.95,249.95,9774864,6.2631061634,6.271770882,6.1630905545,6.1878468933,390994560,0.0,1.0
2018-05-31 00:00:00+00:00,252.19,255.2,251.27,251.7,12346709,6.2433010923,6.3178176722,6.2205252606,6.2311704863,493868360,0.0,1.0
2018-06-01 00:00:00+00:00,257.62,257.87,253.65,254.0,10549248,6.3777280122,6.3839170969,6.279445347,6.2881100656,421969920,0.0,1.0
2018-06-04 00:00:00+00:00,264.85,265.74,257.7,259.0,16050641,6.5567163421,6.5787494836,6.3797085193,6.4118917598,642025640,0.0,1.0
2018-06-05 00:00:00+00:00,265.07,266.59,263.17,264.98,9792801,6.5621627366,6.5997923716,6.5151256928,6.5599346661,391712040,0.0,1.0
2018-06-06 00:00:00+00:00,265.15,265.28,260.77,261.43,9283856,6.5641432437,6.5673615678,6.4557104796,6.4720496632,371354240,0.0,1.0
2018-06-07 00:00:00+00:00,262.9,265.48,259.25,265.0,9236216,6.5084414813,6.5723128355,6.4180808445,6.5604297929,369448640,0.0,1.0
2018-06-08 00:00:00+00:00,262.28,264.0,259.2,259.96,9011443,6.4930925512,6.535673454,6.4168430276,6.4356578451,360457720,0.0,1.0
2018-06-11 00:00:00+00:00,260.62,263.45,260.1,261.77,6634253,6.4519970288,6.5220574677,6.4391237326,6.4804668184,265370120,0.0,1.0
2018-06-12 00:00:00+00:00,262.58,263.07,259.66,261.69,7978985,6.5005194529,6.5126500589,6.4282309435,6.4784863113,319159400,0.0,1.0
2018-06-13 00:00:00+00:00,262.4,265.67,262.03,262.64,8455159,6.4960633119,6.5770165399,6.4869034665,6.5020048332,338206360,0.0,1.0
2018-06-14 00:00:00+00:00,266.91,269.2,263.62,264.22,10750411,6.6077144001,6.664406416,6.5262660453,6.5411198486,430016440,0.0,1.0
2018-06-15 00:00:00+00:00,265.26,267.48,263.35,264.6,10806488,6.566866441,6.6218255132,6.5195818338,6.5505272573,432259520,0.0,1.0
2018-06-18 00:00:00+00:00,265.09,265.8,262.38,263.48,8906674,6.5626578634,6.580234864,6.4955681851,6.5228001578,356266960,0.0,1.0
2018-06-19 00:00:00+00:00,260.17,263.64,255.02,260.92,14873324,6.4408566763,6.5267611721,6.3133615312,6.4594239304,594932960,0.0,1.0
2018-06-20 00:00:00+00:00,262.31,264.45,260.28,261.83,9244494,6.4938352414,6.5468138065,6.4435798736,6.4819521988,369779760,0.0,1.0
2018-06-21 00:00:00+00:00,257.11,264.34,256.8,263.6,8987906,6.3651022794,6.5440906092,6.3574278144,6.5257709185,359516240,0.0,1.0
2018-06-22 00:00:00+00:00,250.95,258.49,250.33,257.95,10853954,6.2126032322,6.399266027,6.1972543021,6.3858976041,434158160,0.0,1.0
2018-06-25 00:00:00+00:00,239.12,246.8,235.54,246.65,16645431,5.9197357437,6.109864426,5.8311080506,6.1061509751,665817240,0.0,1.0
2018-06-26 00:00:00+00:00,241.99,245.65,239.91,243.7,11972137,5.9907864361,6.0813946363,5.9392932514,6.0331197756,478885480,0.0,1.0
2018-06-27 00:00:00+00:00,235.72,246.43,235.5,243.75,11347303,5.8355641916,6.1007045806,5.8301177971,6.0343575925,453892120,0.0,1.0
2018-06-28 00:00:00+00:00,240.86,241.34,235.01,235.32,8450297,5.9628117733,5.9746948159,5.817987191,5.8256616561,338011880,0.0,1.0
2018-06-29 00:00:00+00:00,236.9,244.0,236.85,243.49,9807477,5.8647766714,6.0405466772,5.8635388545,6.0279209444,392299080,0.0,1.0
2018-07-02 00:00:00+00:00,242.24,242.39,233.26,234.09,8939348,5.9969755209,6.0006889717,5.7746635981,5.7952113593,357573920,0.0,1.0
2018-07-03 00:00:00+00:00,236.84,243.88,236.5,243.64,5568325,5.8632912911,6.0375759166,5.8548741359,6.0316343952,222733000,0.0,1.0
2018-07-05 00:00:00+00:00,242.73,242.93,237.5,239.07,7655448,6.0091061269,6.0140573947,5.8796304748,5.9184979267,306217920,0.0,1.0
2018-07-06 00:00:00+00:00,247.33,247.67,240.88,241.74,7408822,6.1229852856,6.1314024408,5.9633069,5.9845973514,296352880,0.0,1.0
2018-07-09 00:00:00+00:00,249.25,250.72,246.07,250.33,7597022,6.1705174561,6.2069092742,6.0917922986,6.1972543021,303880880,0.0,1.0
2018-07-10 00:00:00+00:00,253.25,254.14,248.12,249.75,9000390,6.2695428115,6.2915759531,6.1425427932,6.1828956256,360015600,0.0,1.0
2018-07-11 00:00:00+00:00,247.53,250.9,247.1,249.5,9187660,6.1279365533,6.2113654152,6.1172913276,6.1767065408,367506400,0.0,1.0
2018-07-12 00:00:00+00:00,251.23,253.17,248.96,249.36,8637673,6.219535007,6.2675623044,6.1633381179,6.1732406534,345506920,0.0,1.0
2018-07-13 00:00:00+00:00,249.32,251.98,247.62,251.98,6179078,6.1722503999,6.2381022612,6.1301646238,6.2381022612,247163120,0.0,1.0
2018-07-16 00:00:00+00:00,248.2,250.34,247.7,248.2,4925926,6.1445233004,6.1975018655,6.1321451309,6.1445233004,197037040,0.0,1.0
2018-07-17 00:00:00+00:00,253.69,254.3,245.18,246.21,9053395,6.2804356006,6.2955369673,6.0697591571,6.0952581861,362135800,0.0,1.0
2018-07-18 00:00:00+00:00,251.7,253.95,249.64,253.39,6941041,6.2311704863,6.2868722487,6.1801724283,6.2730086989,277641640,0.0,1.0
2018-07-19 00:00:00+00:00,252.03,253.39,250.33,250.94,5893783,6.2393400781,6.2730086989,6.1972543021,6.2123556688,235751320,0.0,1.0
2018-07-20 00:00:00+00:00,250.89,253.5,250.45,251.93,5562161,6.2111178518,6.2757318962,6.2002250627,6.2368644442,222486440,0.0,1.0
2018-07-23 00:00:00+00:00,249.41,249.89,243.28,249.82,7539621,6.1744784703,6.186361513,6.0227221133,6.1846285693,301584840,0.0,1.0
2018-07-24 00:00:00+00:00,248.71,254.85,248.0,251.35,8865545,6.1571490332,6.3091529536,6.1395720326,6.2225057677,354621800,0.0,1.0
2018-07-25 00:00:00+00:00,251.87,252.38,246.75,249.09,8004551,6.2353790639,6.2480047967,6.108626609,6.1665564419,320182040,0.0,1.0
2018-07-26 00:00:00+00:00,254.84,256.33,250.38,251.06,8128128,6.3089053903,6.3457923351,6.198492119,6.2153264294,325125120,0.0,1.0
2018-07-27 00:00:00+00:00,252.02,256.6,249.84,256.32,7385535,6.2390925147,6.3524765466,6.1851236961,6.3455447717,295421400,0.0,1.0
2018-07-30 00:00:00+00:00,244.13,252.83,242.72,252.59,8508539,6.0437650013,6.2591451492,6.0088585635,6.2532036279,340341560,0.0,1.0
2018-07-31 00:00:00+00:00,244.86,247.88,242.14,243.71,7099696,6.0618371286,6.1366012719,5.994499887,6.033367339,283987840,0.0,1.0
2018-08-01 00:00:00+00:00,246.47,248.36,243.89,246.13,7088889,6.1016948342,6.1484843146,6.0378234799,6.093277679,283555560,0.0,1.0
2018-08-02 00:00:00+00:00,250.62,250.78,241.21,243.59,6741689,6.2044336403,6.2083946546,5.9714764919,6.0303965783,269667560,0.0,1.0
2018-08-03 00:00:00+00:00,252.1,253.06,250.93,251.61,5357202,6.2410730218,6.2648391071,6.2121081054,6.2289424158,214288080,0.0,1.0
2018-08-06 00:00:00+00:00,254.03,254.17,249.71,251.59,5187665,6.2888527558,6.2923186432,6.181905372,6.228447289,207506600,0.0,1.0
2018-08-07 00:00:00+00:00,256.95,257.7,254.92,256.0,6453260,6.3611412652,6.3797085193,6.3108858974,6.3376227433,258130400,0.0,1.0
2018-08-08 00:00:00+00:00,258.42,260.24,255.59,257.0,6552462,6.3975330833,6.44258962,6.3274726444,6.3623790822,262098480,0.0,1.0
2018-08-09 00:00:00+00:00,256.46,259.25,256.15,259.14,5106962,6.3490106592,6.4180808445,6.3413361941,6.4153576473,204278480,0.0,1.0
2018-08-10 00:00:00+00:00,254.79,256.1,252.7,253.15,6415668,6.3076675733,6.3400983772,6.2559268251,6.2670671776,256626720,0.0,1.0
2018-08-13 00:00:00+00:00,256.12,261.0,255.07,255.14,9380158,6.340593504,6.4614044375,6.3145993482,6.3163322919,375206320,0.0,1.0
2018-08-14 00:00:00+00:00,261.43,262.0,257.02,260.38,11655486,6.4720496632,6.4861607764,6.3628742089,6.4460555074,466219440,0.0,1.0
2018-08-15 00:00:00+00:00,259.08,263.64,255.9,262.27,14778394,6.4138722669,6.5267611721,6.3351471094,6.4928449878,591135760,0.0,1.0
2018-08-16 00:00:00+00:00,257.44,262.0,255.01,261.9,20031476,6.3732718712,6.4861607764,6.3131139679,6.4836851425,801259040,0.0,1.0
2018-08-17 00:00:00+00:00,244.82,252.97,243.73,252.94,28579694,6.0608468751,6.2626110366,6.0338624657,6.2618683465,1143187760,0.0,1.0
2018-08-20 00:00:00+00:00,247.84,253.2,238.72,243.18,21359655,6.1356110184,6.2683049946,5.9098332081,6.0202464794,854386200,0.0,1.0
2018-08-21 00:00:00+00:00,253.32,253.5,247.7,248.5,16849710,6.2712757552,6.2757318962,6.1321451309,6.151950202,673988400,0.0,1.0
2018-08-22 00:00:00+00:00,262.82,263.02,251.86,252.0,18746422,6.5064609742,6.511412242,6.2351315005,6.2385973879,749856880,0.0,1.0
2018-08-23 00:00:00+00:00,266.84,269.48,260.7,261.26,18017114,6.6059814563,6.6713381909,6.4539775359,6.4678410856,720684560,0.0,1.0
2018-08-24 00:00:00+00:00,272.22,272.81,267.0,267.18,13287762,6.7391705593,6.7537767992,6.6099424706,6.6143986116,531510480,0.0,1.0
2018-08-27 00:00:00+00:00,275.9,278.9,272.15,273.42,12644437,6.8302738862,6.9045429028,6.7374376156,6.7688781659,505777480,0.0,1.0
2018-08-28 00:00:00+00:00,274.38,276.58,269.53,275.66,11884595,6.7926442512,6.8471081967,6.6725760078,6.8243323649,475383800,0.0,1.0
2018-08-29 00:00:00+00:00,278.49,279.5,273.08,273.92,10502741,6.8981062547,6.9231236245,6.7641023233,6.7849088487,420109640,0.15,1.0
2018-08-30 00:00:00+00:00,277.81,281.72,276.32,277.23,8665230,6.881262877,6.9781122987,6.8443560641,6.8668964666,346609200,0.0,1.0
2018-08-31 00:00:00+00:00,280.68,281.2,276.6,277.0,7664750,6.9523518387,6.9652320687,6.8512915726,6.8611994418,306590000,0.0,1.0
2018-09-04 00:00:00+00:00,283.7,285.22,279.0,280.15,9793027,7.0271562514,7.0648061545,6.9107387879,6.939223912,391721080,0.0,1.0
2018-09-05 00:00:00+00:00,278.42,284.42,275.15,282.99,9828919,6.8963723776,7.044990416,6.8153755466,7.0095697835,393156760,0.0,1.0
2018-09-06 00:00:00+00:00,272.72,277.86,271.39,277.76,8069889,6.755185241,6.8825013606,6.7222415758,6.8800243933,322795560,0.0,1.0
2018-09-07 00:00:00+00:00,271.86,276.93,267.19,269.0,7385468,6.7338833222,6.8594655647,6.6182089489,6.6630420572,295418720,0.0,1.0
2018-09-10 00:00:00+00:00,274.73,275.93,271.0,272.77,5503457,6.8049722839,6.8346958916,6.7125814033,6.7564237247,220138280,0.0,1.0
2018-09-11 00:00:00+00:00,272.8,276.4,272.02,272.86,6077818,6.7571668149,6.8463376379,6.7378464699,6.7586529953,243112720,0.0,1.0
2018-09-12 00:00:00+00:00,268.2,271.98,261.92,271.19,10477259,6.6432263187,6.736855683,6.4876727718,6.7172876412,419090360,0.0,1.0
2018-09-13 00:00:00+00:00,271.34,275.0,270.16,270.86,7638387,6.7210030922,6.8116600956,6.691774878,6.7091136491,305535480,0.0,1.0
2018-09-14 00:00:00+00:00,276.43,279.1,273.5,274.99,9673380,6.8470807281,6.9132157552,6.774505586,6.8114123989,386935200,0.0,1.0
2018-09-17 00:00:00+00:00,273.93,277.38,273.15,275.4,5138189,6.7851565455,6.8706119176,6.7658362005,6.8215679649,205527560,0.0,1.0
2018-09-18 00:00:00+00:00,271.02,278.24,270.75,274.09,7488023,6.7130767968,6.8919138364,6.7063889851,6.7891196931,299520920,0.0,1.0
2018-09-19 00:00:00+00:00,271.98,272.7,268.25,270.27,5621465,6.736855683,6.7546898476,6.6444648024,6.694499542,224858600,0.0,1.0
2018-09-20 00:00:00+00:00,266.28,268.76,264.1,267.05,10764569,6.5956685464,6.6570973357,6.5416706591,6.6147411947,430582760,0.0,1.0
2018-09-21 00:00:00+00:00,263.45,268.6,262.11,266.76,10878157,6.5255703716,6.653134188,6.4923790097,6.6075579895,435126280,0.0,1.0
2018-09-24 00:00:00+00:00,265.7,265.84,258.68,262.2,7347826,6.581302136,6.5847698903,6.4074190311,6.4946082803,293913040,0.0,1.0
2018-09-25 00:00:00+00:00,268.41,269.42,264.91,268.37,7009746,6.6484279501,6.6734453199,6.5617340943,6.6474371632,280389840,0.0,1.0
2018-09-26 00:00:00+00:00,266.92,270.24,266.28,268.61,6713688,6.6115211372,6.6937564518,6.5956685464,6.6533818847,268547520,0.0,1.0
2018-09-27 00:00:00+00:00,267.4,269.2,266.13,268.34,5360717,6.6234105803,6.6679959918,6.5919530955,6.646694073,214428680,0.0,1.0
2018-09-28 00:00:00+00:00,281.02,281.92,271.6,272.73,17734914,6.9607735276,6.9830662333,6.7274432072,6.7554329378,709396560,0.0,1.0
2018-10-01 00:00:00+00:00,289.36,292.06,282.6,284.16,15551453,7.167352601,7.2342307183,6.999909611,7.038550301,622058120,0.0,1.0
2018-10-02 00:00:00+00:00,286.48,292.76,285.58,288.25,9599118,7.0960159425,7.2515694895,7.0737232368,7.1398582639,383964720,0.0,1.0
2018-10-03 00:00:00+00:00,286.73,289.62,282.53,289.32,8013769,7.1022083608,7.173792716,6.9981757339,7.1663618141,320550760,0.0,1.0
2018-10-04 00:00:00+00:00,279.29,286.25,276.18,285.27,9780489,6.9179219931,7.0903189177,6.8408883099,7.0660446381,391219560,0.0,1.0
2018-10-05 00:00:00+00:00,269.86,280.8,267.54,278.29,10665861,6.684343976,6.9553241995,6.6268783345,6.8931523201,426634440,0.0,1.0
2018-10-08 00:00:00+00:00,265.77,271.16,260.08,266.5,10215265,6.5830360132,6.716544551,6.4420965734,6.6011178745,408610600,0.0,1.0
2018-10-09 00:00:00+00:00,265.54,268.76,262.8,264.94,6837493,6.5773389884,6.6570973357,6.5094700841,6.5624771845,273499720,0.0,1.0
2018-10-10 00:00:00+00:00,245.69,263.11,245.6,261.26,17123454,6.0856609778,6.5171486828,6.0834317072,6.4713247876,684938160,0.0,1.0
2018-10-11 00:00:00+00:00,235.13,247.56,234.26,242.17,18135929,5.8240932301,6.1319802665,5.8025436146,5.9984717286,725437160,0.0,1.0
2018-10-12 00:00:00+00:00,246.54,249.54,239.65,245.51,15205917,6.1067151999,6.1810242191,5.9360521524,6.0812024367,608236680,0.0,1.0
2018-10-15 00:00:00+00:00,235.38,246.0,235.34,246.0,11244032,5.8302856484,6.0933395765,5.8292948615,6.0933395765,449761280,0.0,1.0
2018-10-16 00:00:00+00:00,245.83,246.28,237.94,239.93,10217795,6.089128732,6.1002750849,5.8936960115,5.9429876609,408711800,0.0,1.0
2018-10-17 00:00:00+00:00,243.06,249.88,241.08,248.34,8241701,6.0205167376,6.189445908,5.9714727849,6.1513006115,329668040,0.0,1.0
2018-10-18 00:00:00+00:00,239.53,247.41,237.09,245.86,13100548,5.9330797917,6.1282648155,5.8726417894,6.0898718222,524021920,0.0,1.0
2018-10-19 00:00:00+00:00,229.17,242.55,227.7,241.76,15340249,5.6764659786,6.0078842044,5.6400545592,5.9883161626,613609960,0.0,1.0
2018-10-22 00:00:00+00:00,231.22,235.32,227.07,231.28,9221091,5.7272438084,5.828799468,5.6244496652,5.7287299888,368843640,0.0,1.0
2018-10-23 00:00:00+00:00,221.06,224.19,216.71,220.43,15660945,5.47558393,5.5531130067,5.3678358521,5.4599790359,626437800,0.0,1.0
2018-10-24 00:00:00+00:00,199.41,221.39,198.85,219.51,22107199,4.9393205079,5.4837579221,4.925449491,5.4371909367,884287960,0.0,1.0
2018-10-25 00:00:00+00:00,207.84,209.75,193.68,195.47,23793040,5.1481288519,5.1954389275,4.7973902812,4.841727996,951721600,0.0,1.0
2018-10-26 00:00:00+00:00,198.29,204.84,193.12,198.31,16619628,4.9115784741,5.0738198327,4.7835192643,4.9120738675,664785120,0.0,1.0
2018-10-29 00:00:00+00:00,185.62,204.13,176.01,203.99,18950441,4.5977467162,5.0562333648,4.3597101579,5.0527656106,758017640,0.0,1.0
2018-10-30 00:00:00+00:00,203.0,203.4,185.62,186.55,20179768,5.0282436342,5.0381515035,4.5977467162,4.6207825122,807190720,0.0,1.0
2018-10-31 00:00:00+00:00,210.83,212.59,204.01,209.65,18644304,5.2221901744,5.265784799,5.053261004,5.1929619602,745772160,0.0,1.0
2018-11-01 00:00:00+00:00,218.11,218.49,207.19,212.3,14163208,5.4025133944,5.4119258702,5.1320285644,5.2586015938,566528320,0.0,1.0
2018-11-02 00:00:00+00:00,214.92,222.0,210.21,217.73,11324002,5.3234981373,5.4988674227,5.2068329771,5.3931009186,452960080,0.0,1.0
2018-11-05 00:00:00+00:00,211.77,215.33,205.28,214.39,9483260,5.2454736671,5.3336537033,5.0847184888,5.3103702106,379330400,0.0,1.0
2018-11-06 00:00:00+00:00,211.06,214.85,209.56,211.45,7475259,5.2278871992,5.3217642602,5.1907326896,5.2375473717,299010360,0.0,1.0
2018-11-07 00:00:00+00:00,213.79,217.41,211.18,213.75,12095301,5.2955084067,5.3851746232,5.23085956,5.2945176198,483812040,0.0,1.0
2018-11-08 00:00:00+00:00,205.99,211.43,203.83,211.4,12783823,5.1023049567,5.2370519783,5.0488024629,5.2363088881,511352920,0.0,1.0
2018-11-09 00:00:00+00:00,205.67,209.32,201.04,202.4,10331049,5.0943786613,5.1847879681,4.979695075,5.0133818304,413241960,0.0,1.0
2018-11-12 00:00:00+00:00,189.54,202.87,188.66,201.98,15427947,4.6948438346,5.0250235767,4.6730465223,5.0029785677,617117880,0.0,1.0
2018-11-13 00:00:00+00:00,199.31,204.21,193.24,193.49,16117775,4.9368435406,5.0582149387,4.786491625,4.7926840433,644711000,0.0,1.0
2018-11-14 00:00:00+00:00,197.19,206.88,192.83,206.3,13164471,4.8843318337,5.1243499658,4.7763360591,5.1099835554,526578840,0.0,1.0
2018-11-15 00:00:00+00:00,202.39,205.3,195.5,196.95,21017716,5.0131341337,5.0852138823,4.8424710862,4.8783871121,840708640,0.0,1.0
2018-11-16 00:00:00+00:00,164.43,170.66,161.61,163.32,49087977,4.0728773437,4.227192407,4.0030268657,4.0453830066,1963519080,0.0,1.0
2018-11-19 00:00:00+00:00,144.7,161.82,144.63,161.79,42445505,3.584171694,4.008228497,3.5824378168,4.0074854068,1697820200,0.0,1.0
2018-11-20 00:00:00+00:00,149.08,154.26,133.31,134.06,42300828,3.692662862,3.8209697686,3.3020451176,3.3206223724,1692033120,0.0,1.0
2018-11-21 00:00:00+00:00,144.71,155.3,143.61,154.62,25637350,3.5844193907,3.8467302286,3.5571727503,3.8298868509,1025494000,0.0,1.0
2018-11-23 00:00:00+00:00,145.0,149.59,142.7892,143.31,10299211,3.5916025959,3.7052953953,3.5368418026,3.5497418484,411968440,0.0,1.0
2018-11-26 00:00:00+00:00,153.05,153.47,146.56,149.89,20370806,3.7909984641,3.8014017268,3.6302432859,3.7127262972,814832240,0.0,1.0
2018-11-27 00:00:00+00:00,153.73,157.01,150.55,152.0,18451506,3.8078418418,3.8890863695,3.7290742814,3.7649903074,738060240,0.0,1.0
2018-11-28 00:00:00+00:00,160.07,160.28,153.13,158.48,20113137,3.9648815691,3.9700832005,3.792980038,3.9254977889,804525480,0.0,1.0
2018-11-29 00:00:00+00:00,157.36,161.5,156.14,160.0,13729340,3.9017189028,4.0043696162,3.8714691757,3.9671773287,549173600,0.16,1.0
2018-11-30 00:00:00+00:00,163.43,163.86,155.72,157.75,18239114,4.0522236927,4.0628854818,3.8610553352,3.9113888975,729564560,0.0,1.0
2018-12-03 00:00:00+00:00,170.04,174.68,167.34,172.6,22270109,4.2161177061,4.3311658486,4.1491715887,4.2795925433,890804360,0.0,1.0
2018-12-04 00:00:00+00:00,157.11,168.44,156.5,168.24,20302787,3.8955201882,4.1764459328,3.8803953246,4.1714869611,812111480,0.0,1.0
2018-12-06 00:00:00+00:00,158.29,158.492,150.81,151.44,17307741,3.924778121,3.9297866824,3.7393125809,3.7549333416,692309640,0.0,1.0
2018-12-07 00:00:00+00:00,147.61,158.87,145.62,158.46,17041949,3.6599690343,3.9391591388,3.6106272663,3.9289932469,681677960,0.0,1.0
2018-12-10 00:00:00+00:00,151.86,152.86,145.65,145.8,15736835,3.7653471821,3.7901420404,3.611371112,3.6150903408,629473400,0.0,1.0
2018-12-11 00:00:00+00:00,148.19,155.89,145.0,155.56,16797832,3.6743500521,3.8652704611,3.5952544541,3.8570881578,671913280,0.0,1.0
2018-12-12 00:00:00+00:00,148.9,152.78,144.82,148.42,16353398,3.6919544015,3.7881584517,3.5907913796,3.6800528695,654135920,0.0,1.0
2018-12-13 00:00:00+00:00,148.89,153.38,147.44,150.79,11784624,3.6917064529,3.8030353667,3.6557539084,3.7388166837,471384960,0.0,1.0
2018-12-14 00:00:00+00:00,146.45,150.59,145.5,147.21,11795531,3.6312069987,3.7338577121,3.6076518833,3.650051091,471821240,0.0,1.0
2018-12-17 00:00:00+00:00,143.58,148.15,141.24,145.24,16571683,3.5600457553,3.6733582578,3.5020257869,3.6012052201,662867320,0.0,1.0
2018-12-18 00:00:00+00:00,146.94,150.33,144.25,145.35,14109251,3.6433564793,3.7274110489,3.5766583104,3.6039326545,564370040,0.0,1.0
2018-12-19 00:00:00+00:00,138.51,147.74,136.43,145.58,18634147,3.4343358237,3.6631923659,3.3827625185,3.609635472,745365880,0.0,1.0
2018-12-20 00:00:00+00:00,135.1,141.8,132.69,138.17,18739697,3.3497853569,3.5159109076,3.2900297484,3.4259055719,749587880,0.0,1.0
2018-12-21 00:00:00+00:00,129.57,137.5,128.46,136.17,21593525,3.2126697905,3.4092930169,3.1851474978,3.3763158553,863741000,0.0,1.0
2018-12-24 00:00:00+00:00,127.08,129.98,124.5,126.49,11595978,3.1509305933,3.2228356824,3.0869598589,3.1363016269,463839120,0.0,1.0
2018-12-26 00:00:00+00:00,133.1,133.14,124.46,128.94,17377484,3.3001956403,3.3011874347,3.0859680646,3.1970490298,695099360,0.0,1.0
2018-12-27 00:00:00+00:00,131.17,132.38,125.18,130.99,15926080,3.2523415638,3.2823433423,3.1038203625,3.2478784893,637043200,0.0,1.0
2018-12-28 00:00:00+00:00,133.65,137.39,130.31,132.0,15712319,3.3138328124,3.4065655824,3.2310179856,3.2729212962,628492760,0.0,1.0
2018-12-31 00:00:00+00:00,133.5,136.71,132.26,135.4,11628503,3.3101135836,3.3897050788,3.2793679593,3.3572238144,465140120,0.0,1.0
2019-01-02 00:00:00+00:00,136.22,138.48,130.05,130.64,12718840,3.3775555982,3.433591978,3.2245713225,3.2392002889,508753600,0.0,1.0
2019-01-03 00:00:00+00:00,127.99,135.16,127.69,133.79,17638786,3.1734939144,3.3512730484,3.1660554569,3.3173040925,705551440,0.0,1.0
2019-01-04 00:00:00+00:00,136.19,137.73,129.7,130.94,14640483,3.3768117525,3.4149958343,3.2158931221,3.2466387464,585619320,0.0,1.0
2019-01-07 00:00:00+00:00,143.4,144.89,136.43,138.5,17728980,3.5555826809,3.5925270197,3.3827625185,3.4340878752,709159200,0.0,1.0
2019-01-08 00:00:00+00:00,139.83,146.78,136.9,146.69,19650429,3.4670650367,3.6393893019,3.3944161019,3.6371577647,786017160,0.0,1.0
2019-01-09 00:00:00+00:00,142.58,144.49,139.86,141.9,15431475,3.535250897,3.5826090764,3.4678088825,3.5183903934,617259000,0.0,1.0
2019-01-10 00:00:00+00:00,145.23,145.58,139.36,141.8,13078906,3.6009572716,3.609635472,3.4554114533,3.5159109076,523156240,0.0,1.0
2019-01-11 00:00:00+00:00,148.83,149.75,143.21,144.33,21869066,3.6902187614,3.7130300311,3.5508716578,3.5786418991,874762640,0.0,1.0
2019-01-14 00:00:00+00:00,150.44,151.46,145.77,146.72,18254249,3.7301384833,3.7554292388,3.614346495,3.6379016104,730169960,0.0,1.0
2019-01-15 00:00:00+00:00,149.87,153.35,149.13,151.76,15425251,3.7160054141,3.802291521,3.6976572189,3.7628676963,617010040,0.0,1.0
2019-01-16 00:00:00+00:00,148.84,152.3,148.62,150.97,11752592,3.69046671,3.7762569198,3.6850118412,3.7432797582,470103680,0.0,1.0
2019-01-17 00:00:00+00:00,151.72,153.33,146.41,147.51,12335905,3.7618759019,3.8017956238,3.6302152043,3.6574895485,493436200,0.0,1.0
2019-01-18 00:00:00+00:00,156.93,157.98,151.65,153.73,16283423,3.8910571137,3.9170917149,3.7601402619,3.8117135671,651336920,0.0,1.0
2019-01-22 00:00:00+00:00,148.77,156.18,147.55,155.71,16538776,3.6887310699,3.87246097,3.6584813428,3.8608073866,661551040,0.0,1.0
2019-01-23 00:00:00+00:00,149.29,154.58,148.03,151.0,14775545,3.7016243963,3.8327891967,3.6703828748,3.744023604,591021800,0.0,1.0
2019-01-24 00:00:00+00:00,157.84,158.55,152.51,152.7,17724261,3.9136204348,3.9312247842,3.78146384,3.7861748631,708970440,0.0,1.0
2019-01-25 00:00:00+00:00,160.15,160.88,151.3,155.44,28880547,3.9708965575,3.988996804,3.7514620615,3.8541127748,1155221880,0.0,1.0
2019-01-28 00:00:00+00:00,138.01,141.64,131.0,136.55,62788169,3.4219383946,3.5119437302,3.2481264379,3.3857379015,2511526760,0.0,1.0
2019-01-29 00:00:00+00:00,131.6,138.1,131.01,136.15,28848347,3.2630033529,3.4241699318,3.2483743865,3.3758199581,1153933880,0.0,1.0
2019-01-30 00:00:00+00:00,137.39,137.97,131.46,134.67,24355739,3.4065655824,3.4209466003,3.2595320727,3.3391235679,974229560,0.0,1.0
2019-01-31 00:00:00+00:00,143.75,145.19,136.38,137.26,21071338,3.5642608813,3.5999654772,3.3815227756,3.4033422509,842853520,0.0,1.0
2019-02-01 00:00:00+00:00,144.73,146.79,142.58,144.5,15626175,3.5885598424,3.6396372505,3.535250897,3.582857025,625047000,0.0,1.0
2019-02-04 00:00:00+00:00,149.18,150.68,144.48,145.37,13215018,3.6988969619,3.7360892493,3.5823611278,3.6044285517,528600720,0.0,1.0
2019-02-05 00:00:00+00:00,149.95,151.43,148.3,149.66,13560625,3.7179890027,3.754685393,3.6770774865,3.7107984938,542425000,0.0,1.0
2019-02-06 00:00:00+00:00,153.0,155.6,151.07,151.29,17561647,3.7936133206,3.8580799522,3.745759244,3.7512141129,702465880,0.0,1.0
2019-02-07 00:00:00+00:00,147.42,151.22,145.69,151.13,15928000,3.6552580112,3.7494784728,3.6123629064,3.7472469355,637120000,0.0,1.0
2019-02-08 00:00:00+00:00,148.17,148.6,144.13,144.71,11540137,3.673854155,3.684515944,3.5736829274,3.5880639452,461605480,0.0,1.0
2019-02-11 00:00:00+00:00,146.45,148.58,144.5,146.39,12379515,3.6312069987,3.6840200469,3.582857025,3.6297193072,495180600,0.0,1.0
2019-02-12 00:00:00+00:00,151.17,151.8,147.42,148.0,14776513,3.7482387299,3.7638594906,3.6552580112,3.6696390291,591060520,0.0,1.0
2019-02-13 00:00:00+00:00,152.88,155.83,151.81,152.36,15134302,3.7906379376,3.8637827696,3.7641074392,3.7777446113,605372080,0.0,1.0
2019-02-14 00:00:00+00:00,154.53,155.67,151.1,152.84,20681574,3.8315494538,3.8598155922,3.7465030898,3.7896461432,827262960,0.0,1.0
2019-02-15 00:00:00+00:00,157.34,163.87,156.42,162.95,37918734,3.9012230056,4.0631334303,3.878411736,4.0403221607,1516749360,0.0,1.0
2019-02-19 00:00:00+00:00,156.64,159.89,156.14,156.91,13797316,3.8838666048,3.9644498943,3.8714691757,3.8905612165,551892640,0.0,1.0
2019-02-20 00:00:00+00:00,158.55,161.26,157.37,157.82,13524737,3.9312247842,3.9984188502,3.9019668514,3.9131245376,540989480,0.0,1.0
2019-02-21 00:00:00+00:00,155.77,160.05,155.18,159.06,11213668,3.8622950781,3.9684170716,3.8476661117,3.9438701619,448546720,0.0,1.0
2019-02-22 00:00:00+00:00,159.19,159.95,157.31,157.86,10043531,3.9470934935,3.9659375858,3.9004791599,3.9141163319,401741240,0.0,1.0
2019-02-25 00:00:00+00:00,158.69,165.28,158.34,162.56,16400481,3.9346960643,4.0980941806,3.9260178639,4.030652166,656019240,0.0,1.0
2019-02-26 00:00:00+00:00,157.1,160.76,155.75,158.5,12211571,3.8952722396,3.986021421,3.8617991809,3.9299850413,488462840,0.0,1.0
2019-02-27 00:00:00+00:00,155.41,157.59,153.11,156.52,12506381,3.8533689291,3.9074217202,3.796340755,3.8808912218,500255240,0.0,1.0
2019-02-28 00:00:00+00:00,154.26,155.9,153.36,155.0,8123565,3.8288220194,3.8695277636,3.8064835012,3.8471892454,324942600,0.16,1.0
2019-03-01 00:00:00+00:00,156.45,158.15,153.92,156.27,8929678,3.8831790803,3.9253740591,3.8203830236,3.8787113767,357187120,0.0,1.0
2019-03-04 00:00:00+00:00,156.78,158.92,154.5,158.0,10249750,3.8913698703,3.9444859025,3.8347789576,3.9216509728,409990000,0.0,1.0
2019-03-05 00:00:00+00:00,156.52,158.06,153.96,156.15,9073119,3.8849165206,3.9231402073,3.8213758466,3.8757329076,362924760,0.0,1.0
2019-03-06 00:00:00+00:00,152.05,156.5,151.94,156.16,10088149,3.7739685469,3.8844201091,3.7712382836,3.8759811133,403525960,0.0,1.0
2019-03-07 00:00:00+00:00,149.26,151.49,147.4,151.1,11252633,3.7047191405,3.7600690245,3.6585528695,3.7503889999,450105320,0.0,1.0
2019-03-08 00:00:00+00:00,150.64,151.07,144.8,145.66,10560371,3.7389715351,3.7496443826,3.5940193725,3.6153650677,422414840,0.0,1.0
2019-03-11 00:00:00+00:00,161.14,162.06,149.69,151.59,21493150,3.9995875807,4.0224225104,3.7153919881,3.762551082,859726000,0.0,1.0
2019-03-12 00:00:00+00:00,162.52,164.39,159.19,162.26,14489368,4.0338399753,4.080254452,3.9511874579,4.0273866256,579574720,0.0,1.0
2019-03-13 00:00:00+00:00,168.62,169.8,163.73,164.03,19222518,4.1852454875,4.2145337669,4.063872872,4.0713190447,768900720,0.0,1.0
2019-03-14 00:00:00+00:00,165.56,169.47,165.25,168.99,12984630,4.1092945256,4.2063429769,4.1016001472,4.1944291006,519385200,0.0,1.0
2019-03-15 00:00:00+00:00,169.81,171.53,167.16,167.3,16536482,4.2147819727,4.257473363,4.1490074469,4.1524823275,661459280,0.0,1.0
2019-03-18 00:00:00+00:00,168.95,173.25,167.86,171.08,12174829,4.1934362775,4.3001647534,4.1663818499,4.2463041039,486993160,0.0,1.0
2019-03-19 00:00:00+00:00,175.71,177.5,172.08,172.76,21374310,4.3612233698,4.4056522004,4.2711246797,4.2880026712,854972400,0.0,1.0
2019-03-20 00:00:00+00:00,174.4,179.03,173.0,176.88,17978715,4.3287084155,4.4436276814,4.2939596094,4.3902634434,719148600,0.0,1.0
2019-03-21 00:00:00+00:00,183.94,185.0,175.13,175.33,20607767,4.5654967084,4.5918065188,4.3468274358,4.351791551,824310680,0.0,1.0
2019-03-22 00:00:00+00:00,177.5,184.8,176.94,182.84,18691087,4.4056522004,4.5868424036,4.391752678,4.5381940751,747643480,0.0,1.0
2019-03-25 00:00:00+00:00,173.78,178.45,171.11,175.86,13130301,4.3133196585,4.4292317474,4.2470487212,4.3649464562,525212040,0.0,1.0
2019-03-26 00:00:00+00:00,176.87,181.75,174.6,179.49,17587678,4.3900152377,4.5111396475,4.3336725307,4.4550451462,703507120,0.0,1.0
2019-03-27 00:00:00+00:00,176.5,179.77,173.7,177.9,11859294,4.3808316246,4.4619949074,4.3113340125,4.4155804307,474371760,0.0,1.0
2019-03-28 00:00:00+00:00,177.25,179.9,175.11,177.55,12006602,4.3994470565,4.4652215823,4.3463310243,4.4068932292,480264080,0.0,1.0
2019-03-29 00:00:00+00:00,179.56,180.54,177.91,179.94,11422379,4.4567825865,4.4811067508,4.4158286365,4.4662144053,456895160,0.0,1.0
2019-04-01 00:00:00+00:00,182.28,183.5,180.37,183.26,12095612,4.5242945526,4.5545756551,4.4768872529,4.5486187169,483824480,0.0,1.0
2019-04-02 00:00:00+00:00,183.0,184.79,181.52,183.25,11022996,4.5421653672,4.5865941978,4.5054309151,4.5483705111,440919840,0.0,1.0
2019-04-03 00:00:00+00:00,188.62,191.0,184.8,185.0,19719468,4.6816570031,4.7407299734,4.5868424036,4.5918065188,788778720,0.0,1.0
2019-04-04 00:00:00+00:00,188.26,189.97,185.73,188.0,11434419,4.6727215958,4.7151647804,4.6099255391,4.6662682461,457376760,0.0,1.0
2019-04-05 00:00:00+00:00,190.95,191.65,188.53,190.0,12043649,4.7394889446,4.7568633477,4.6794231512,4.7159093976,481745960,0.0,1.0
2019-04-08 00:00:00+00:00,191.79,192.8,188.75,189.72,10604848,4.7603382283,4.7854070098,4.6848836779,4.7089596364,424193920,0.0,1.0
2019-04-09 00:00:00+00:00,189.26,190.89,187.56,190.44,10999320,4.6975421716,4.7379997101,4.6553471927,4.726830451,439972800,0.0,1.0
2019-04-10 00:00:00+00:00,192.1,193.14,189.05,189.23,11119307,4.7680326068,4.7938460056,4.6923298507,4.6967975543,444772280,0.0,1.0
2019-04-11 00:00:00+00:00,191.54,193.47,189.55,192.2,9365037,4.7541330843,4.8020367956,4.7047401385,4.7705146643,374601480,0.0,1.0
2019-04-12 00:00:00+00:00,190.01,193.26,189.66,193.1,11792664,4.7161576034,4.7968244747,4.7074704019,4.7928531825,471706560,0.0,1.0
2019-04-15 00:00:00+00:00,184.7,189.9,183.1,189.7,11002345,4.584360346,4.7134273401,4.5446474248,4.7084632249,440093800,0.0,1.0
2019-04-16 00:00:00+00:00,188.21,188.97,184.96,186.28,9874091,4.671480567,4.6903442046,4.5908136957,4.6235768557,394963640,0.0,1.0
2019-04-17 00:00:00+00:00,187.29,190.46,186.39,189.62,8775068,4.6486456373,4.7273268625,4.6263071191,4.7064775788,351002720,0.0,1.0
2019-04-18 00:00:00+00:00,186.3,188.93,185.18,187.56,9524704,4.6240732673,4.6893513816,4.5962742224,4.6553471927,380988160,0.0,1.0
2019-04-22 00:00:00+00:00,188.47,189.1,184.08,185.35,6998388,4.6779339167,4.6935708794,4.568971589,4.6004937203,279935520,0.0,1.0
2019-04-23 00:00:00+00:00,190.67,191.93,188.61,189.0,8671381,4.7325391834,4.7638131089,4.6814087973,4.6910888219,346855240,0.0,1.0
2019-04-24 00:00:00+00:00,191.17,192.81,188.64,191.09,7955120,4.7449494713,4.7856552156,4.6821534146,4.7429638252,318204800,0.0,1.0
2019-04-25 00:00:00+00:00,186.91,190.45,183.7,189.55,12482437,4.6392138185,4.7270786567,4.5595397702,4.7047401385,499297480,0.0,1.0
2019-04-26 00:00:00+00:00,178.09,180.89,173.3,180.71,21724729,4.4202963401,4.4897939523,4.3014057822,4.4853262487,868989160,0.0,1.0
2019-04-29 00:00:00+00:00,179.33,180.45,175.5,178.41,9797983,4.4510738541,4.478872899,4.3560110489,4.4282389244,391919320,0.0,1.0
2019-04-30 00:00:00+00:00,181.0,182.03,177.26,178.03,9073040,4.4925242156,4.5180894087,4.3996952622,4.4188071056,362921600,0.0,1.0
2019-05-01 00:00:00+00:00,180.47,184.81,180.46,183.11,8857031,4.4793693105,4.5870906094,4.4791211047,4.5448956305,354281240,0.0,1.0
2019-05-02 00:00:00+00:00,183.19,184.87,179.12,180.86,9867135,4.5468812766,4.5885798439,4.4458615332,4.489049335,394685400,0.0,1.0
2019-05-03 00:00:00+00:00,183.01,183.93,180.53,183.53,8420587,4.542413573,4.5652485027,4.480858545,4.5553202724,336823480,0.0,1.0
2019-05-06 00:00:00+00:00,179.85,180.34,174.0,175.5,10554445,4.4639805535,4.4761426356,4.3187801852,4.3560110489,422177800,0.0,1.0
2019-05-07 00:00:00+00:00,173.11,177.9,171.17,177.9,13880458,4.2966898728,4.4155804307,4.2485379558,4.4155804307,555218320,0.0,1.0
2019-05-08 00:00:00+00:00,173.92,177.15,171.52,172.0,10479154,4.3167945391,4.3969649989,4.2572251573,4.2691390337,419166160,0.0,1.0
2019-05-09 00:00:00+00:00,170.19,171.53,165.4,171.14,16506164,4.2242137915,4.257473363,4.1053232335,4.2477933385,660246560,0.0,1.0
2019-05-10 00:00:00+00:00,168.82,171.59,164.0,168.95,14237451,4.1902096027,4.2589625976,4.0705744274,4.1934362775,569498040,0.0,1.0
2019-05-13 00:00:00+00:00,158.45,164.43,157.81,163.5,16422819,3.9328202319,4.081247275,3.9169350634,4.0581641395,656912760,0.0,1.0
2019-05-14 00:00:00+00:00,162.04,163.46,158.49,160.05,13121972,4.0219260989,4.0571713165,3.9338130549,3.9725331531,524878880,0.0,1.0
2019-05-15 00:00:00+00:00,159.58,161.05,157.41,159.8,12558001,3.9608674825,3.9973537289,3.9070068331,3.9663280092,502320040,0.0,1.0
2019-05-16 00:00:00+00:00,160.19,161.91,157.65,159.36,19527204,3.9760080337,4.0186994241,3.9129637713,3.9554069558,781088160,0.0,1.0
2019-05-17 00:00:00+00:00,156.53,163.71,154.94,158.5,25551698,3.8851647264,4.0633764605,3.8457000109,3.9340612607,1022067920,0.0,1.0
2019-05-20 00:00:00+00:00,151.75,154.77,150.75,152.55,14301634,3.7665223742,3.841480513,3.7417017984,3.7863788348,572065360,0.0,1.0
2019-05-21 00:00:00+00:00,155.06,155.7,152.64,154.2,9046247,3.84867848,3.8645636485,3.7886126866,3.8273327848,361849880,0.0,1.0
2019-05-22 00:00:00+00:00,152.2,154.55,151.76,153.5,8146740,3.7776916333,3.8360199863,3.7667705799,3.8099583818,325869600,0.0,1.0
2019-05-23 00:00:00+00:00,147.32,149.69,144.91,149.69,14796109,3.6565672235,3.7153919881,3.5967496359,3.7153919881,591844360,0.0,1.0
2019-05-24 00:00:00+00:00,145.15,149.5,144.88,148.08,8939632,3.602706574,3.7106760787,3.5960050186,3.6754308611,357585280,0.0,1.0
2019-05-28 00:00:00+00:00,143.33,147.18,143.25,145.86,10708852,3.5575331261,3.6530923429,3.5555474801,3.6203291828,428354080,0.0,1.0
2019-05-29 00:00:00+00:00,140.34,142.82,138.94,141.41,13995037,3.4833196046,3.5448746325,3.4485707985,3.5098776206,559801480,0.0,1.0
2019-05-30 00:00:00+00:00,139.11,141.75,137.57,140.31,9857490,3.4567615885,3.5223632749,3.4184939381,3.4865805368,394299600,0.16,1.0
2019-05-31 00:00:00+00:00,135.46,139.85,135.39,137.14,9742992,3.3660622872,3.47514994,3.3643228486,3.4078088149,389719680,0.0,1.0
2019-06-03 00:00:00+00:00,133.78,137.47,132.6,135.91,11966080,3.3243157595,3.4160090257,3.2949937936,3.3772443928,478643200,0.0,1.0
2019-06-04 00:00:00+00:00,143.0,143.21,135.47,136.36,16045885,3.5534246794,3.5586429954,3.3663107784,3.3884264985,641835400,0.0,1.0
2019-06-05 00:00:00+00:00,141.28,146.19,139.82,145.97,12790385,3.5106841868,3.6326933838,3.4744044662,3.6272265766,511615400,0.0,1.0
2019-06-06 00:00:00+00:00,143.78,144.77,141.35,141.45,10203462,3.5728069958,3.5974076282,3.5124236254,3.5149085378,408138480,0.0,1.0
2019-06-07 00:00:00+00:00,145.5,146.88,143.25,144.02,8721438,3.6155474885,3.6498392791,3.5596369603,3.5787707855,348857520,0.0,1.0
2019-06-10 00:00:00+00:00,148.43,151.19,147.76,147.76,10069522,3.6883554207,3.7569390019,3.6717065079,3.6717065079,402780880,0.0,1.0
2019-06-11 00:00:00+00:00,150.75,152.36,149.16,150.84,9596751,3.7460053875,3.7860124766,3.706495281,3.7482418087,383870040,0.0,1.0
2019-06-12 00:00:00+00:00,146.2,149.25,145.59,149.0,8972298,3.632941875,3.7087317021,3.6177839096,3.7025194212,358891920,0.0,1.0
2019-06-13 00:00:00+00:00,148.26,149.0,146.38,147.09,7702027,3.6841310697,3.7025194212,3.6374147173,3.6550575951,308081080,0.0,1.0
2019-06-14 00:00:00+00:00,144.64,145.49,142.84,144.51,9860656,3.5941772422,3.6152989972,3.5494488196,3.5909468561,394426240,0.0,1.0
2019-06-17 00:00:00+00:00,145.03,146.52,143.65,144.57,6901037,3.6038684004,3.6408935946,3.5695766098,3.5924378035,276041480,0.0,1.0
2019-06-18 00:00:00+00:00,152.88,155.11,147.06,147.5,14547950,3.7989340209,3.8543475666,3.6543121213,3.6652457357,581918000,0.0,1.0
2019-06-19 00:00:00+00:00,153.12,154.7568,152.0738,154.3,8291099,3.8048978106,3.8455708561,3.7789006574,3.8342197764,331643960,0.0,1.0
2019-06-20 00:00:00+00:00,154.1,157.33,153.52,156.77,8754182,3.8292499517,3.909512621,3.81483746,3.8955971118,350167280,0.0,1.0
2019-06-21 00:00:00+00:00,151.76,155.48,151.5,153.5,10860672,3.7711030024,3.8635417423,3.7646422303,3.8143404775,434426880,0.0,1.0
2019-06-24 00:00:00+00:00,152.66,153.85,150.72,152.62,7073718,3.7934672137,3.8230376708,3.7452599138,3.7924732487,282948720,0.0,1.0
2019-06-25 00:00:00+00:00,151.48,155.88,151.37,152.86,7796661,3.7641452478,3.8734813918,3.7614118442,3.7984370384,311866440,0.0,1.0
2019-06-26 00:00:00+00:00,159.26,161.72,156.09,156.61,14601825,3.9574714297,4.0186002738,3.8786997077,3.891621252,584073000,0.0,1.0
2019-06-27 00:00:00+00:00,163.23,164.0,161.26,162.71,11136038,4.0561224505,4.0752562757,4.0071696769,4.0432009062,445441520,0.0,1.0
2019-06-28 00:00:00+00:00,164.23,165.37,162.35,165.0,9941659,4.0809715741,4.1092995751,4.0342552217,4.1001053993,397666360,0.0,1.0
2019-07-01 00:00:00+00:00,166.17,173.95,164.66,172.57,17788327,4.129178874,4.3225050558,4.0916566973,4.2882132652,711533080,0.0,1.0
2019-07-02 00:00:00+00:00,162.23,166.35,161.7,165.5,10005688,4.0312733268,4.1336517162,4.0181032913,4.1125299611,400227520,0.0,1.0
2019-07-03 00:00:00+00:00,162.75,163.4,160.34,163.17,6165856,4.0441948711,4.0603468015,3.9843084832,4.0546315031,246634240,0.0,1.0
2019-07-05 00:00:00+00:00,160.23,160.58,157.68,160.4,9913847,3.9815750796,3.9902722729,3.9182098143,3.9857994306,396553880,0.0,1.0
2019-07-08 00:00:00+00:00,157.21,158.59,156.0,157.83,8244669,3.9065307262,3.9408225168,3.8764632866,3.9219371829,329786760,0.0,1.0
2019-07-09 00:00:00+00:00,157.31,158.44,155.0,155.51,8571512,3.9090156386,3.9370951483,3.851614163,3.864287216,342860480,0.0,1.0
2019-07-10 00:00:00+00:00,160.06,162.37,158.5,159.06,11301899,3.9773507286,4.0347522042,3.9385860957,3.9525016049,452075960,0.0,1.0
2019-07-11 00:00:00+00:00,166.28,167.92,161.5,163.0,17063964,4.1319122776,4.1726648403,4.0131334666,4.050407152,682558560,0.0,1.0
2019-07-12 00:00:00+00:00,167.61,170.47,167.4,167.4,12659816,4.164961612,4.2360301056,4.159743296,4.159743296,506392640,0.0,1.0
2019-07-15 00:00:00+00:00,167.27,169.11,166.13,168.46,7245993,4.15651291,4.2022352974,4.128184909,4.1860833671,289839720,0.0,1.0
2019-07-16 00:00:00+00:00,167.08,168.17,164.84,166.67,8536098,4.1517915765,4.1788771212,4.0961295395,4.1416034358,341443920,0.0,1.0
2019-07-17 00:00:00+00:00,169.71,169.99,165.97,167.15,8705107,4.2171447716,4.2241025262,4.1242090492,4.1535310151,348204280,0.0,1.0
2019-07-18 00:00:00+00:00,170.18,172.71,167.85,170.13,11079474,4.2288238597,4.2916921425,4.1709254017,4.2275814035,443178960,0.0,1.0
2019-07-19 00:00:00+00:00,168.44,171.98,168.2,171.72,8622395,4.1855863846,4.2735522823,4.1796225949,4.2670915101,344895800,0.0,1.0
2019-07-22 00:00:00+00:00,171.32,171.84,169.0,169.3,7898498,4.2571518607,4.270073405,4.1995018938,4.2069566309,315939920,0.0,1.0
2019-07-23 00:00:00+00:00,175.66,175.74,172.27,172.9,10704414,4.3649970572,4.3669849871,4.2807585281,4.296413476,428176560,0.0,1.0
2019-07-24 00:00:00+00:00,178.66,178.89,174.34,177.4,9155937,4.4395444281,4.4452597266,4.332196214,4.4082345323,366237480,0.0,1.0
2019-07-25 00:00:00+00:00,173.38,177.5,172.44,176.99,9817453,4.3083410553,4.4107194447,4.2849828791,4.3980463917,392698120,0.0,1.0
2019-07-26 00:00:00+00:00,175.07,176.95,174.47,174.47,6853997,4.3503360743,4.3970524267,4.3354266001,4.3354266001,274159880,0.0,1.0
2019-07-29 00:00:00+00:00,174.82,175.47,171.27,174.78,6204049,4.3441237934,4.3602757237,4.2559094045,4.3431298284,248161960,0.0,1.0
2019-07-30 00:00:00+00:00,175.45,175.94,172.37,172.95,4944261,4.3597787413,4.3719548118,4.2832434405,4.2976559322,197770440,0.0,1.0
2019-07-31 00:00:00+00:00,168.72,174.22,167.02,174.18,8985391,4.1925441392,4.3292143192,4.150300629,4.3282203543,359415640,0.0,1.0
2019-08-01 00:00:00+00:00,164.92,172.78,162.82,169.14,10530314,4.0981174694,4.2934315812,4.0459343098,4.2029807711,421212560,0.0,1.0
2019-08-02 00:00:00+00:00,161.19,163.98,159.28,161.19,10708732,4.0054302383,4.0747592932,3.9579684121,4.0054302383,428349280,0.0,1.0
2019-08-05 00:00:00+00:00,150.79,153.85,148.9,153.8,14728936,3.7469993525,3.8230376708,3.7000345088,3.8217952146,589157440,0.0,1.0
2019-08-06 00:00:00+00:00,152.35,155.63,150.43,153.8,9031767,3.7857639854,3.8672691109,3.738053668,3.8217952146,361270680,0.0,1.0
2019-08-07 00:00:00+00:00,153.89,154.37,149.2,149.9,9314045,3.8240316358,3.8359592151,3.7074892459,3.7248836325,372561800,0.0,1.0
2019-08-08 00:00:00+00:00,158.26,158.31,153.9,156.21,7732472,3.932622306,3.9338647622,3.824280127,3.8816816026,309298880,0.0,1.0
2019-08-09 00:00:00+00:00,154.18,156.75,152.15,156.61,8545418,3.8312378816,3.8951001293,3.7807941606,3.891621252,341816720,0.0,1.0
2019-08-12 00:00:00+00:00,151.45,154.18,150.57,152.08,6980012,3.7633997741,3.8312378816,3.7415325453,3.779054722,279200480,0.0,1.0
2019-08-13 00:00:00+00:00,156.05,157.9,149.82,151.39,9012811,3.8777057428,3.9236766215,3.7228957026,3.7619088267,360512440,0.0,1.0
2019-08-14 00:00:00+00:00,150.07,152.95,148.31,152.5,10497033,3.7291079835,3.8006734595,3.6853735259,3.7894913539,419881320,0.0,1.0
2019-08-15 00:00:00+00:00,148.77,151.63,147.39,150.83,13861551,3.6968041228,3.7678726163,3.6625123321,3.7479933174,554462040,0.0,1.0
2019-08-16 00:00:00+00:00,159.56,161.54,156.88,159.35,25384628,3.9649261667,4.0141274315,3.8983305154,3.9597078508,1015385120,0.0,1.0
2019-08-19 00:00:00+00:00,170.78,171.42,163.47,164.12,20408061,4.2437333339,4.259636773,4.0620862401,4.0782381705,816322440,0.0,1.0
2019-08-20 00:00:00+00:00,167.87,170.58,167.02,170.56,11588040,4.1714223841,4.2387635092,4.150300629,4.2382665267,463521600,0.0,1.0
2019-08-21 00:00:00+00:00,171.23,173.45,169.66,170.53,10697773,4.2549154395,4.310080494,4.2159023154,4.237521053,427910920,0.0,1.0
2019-08-22 00:00:00+00:00,171.48,173.33,169.9,171.62,7593918,4.2611277204,4.3070985992,4.2218661051,4.2646065978,303756720,0.0,1.0
2019-08-23 00:00:00+00:00,162.44,170.59,161.64,168.4,14237433,4.0364916428,4.2390120004,4.0166123439,4.1845924197,569497320,0.0,1.0
2019-08-26 00:00:00+00:00,165.45,166.58,163.91,165.61,7964854,4.1112875049,4.1393670146,4.0730198545,4.1152633647,318594160,0.0,1.0
2019-08-27 00:00:00+00:00,161.8,167.1,160.62,166.99,7288739,4.0205882037,4.1522885589,3.9912662378,4.1495551553,291549560,0.0,1.0
2019-08-28 00:00:00+00:00,161.22,163.34,159.0,160.58,6376719,4.0101515718,4.0628839954,3.9549317697,3.9942323495,255068760,0.16,1.0
2019-08-29 00:00:00+00:00,167.0,168.3,164.76,164.9,8959326,4.1539220474,4.1862579675,4.0982047696,4.1016870995,358373040,0.0,1.0
2019-08-30 00:00:00+00:00,167.51,170.86,166.78,168.86,7272712,4.1666076776,4.2499348564,4.1484498148,4.200187287,290908480,0.0,1.0
2019-09-03 00:00:00+00:00,164.17,165.91,163.25,164.58,7412770,4.0835292367,4.1268096221,4.0606453547,4.0937274884,296510800,0.0,1.0
2019-09-04 00:00:00+00:00,168.76,169.06,166.61,166.61,5703009,4.1976999085,4.2051620439,4.1442212714,4.1442212714,228120360,0.0,1.0
2019-09-05 00:00:00+00:00,179.74,179.99,172.8,172.87,17412125,4.4708140647,4.4770325109,4.2981899988,4.2999311637,696485000,0.0,1.0
2019-09-06 00:00:00+00:00,178.65,181.09,177.12,178.8,9424419,4.4437016393,4.504393674,4.4056447487,4.447432707,376976760,0.0,1.0
2019-09-09 00:00:00+00:00,180.5,183.98,179.84,179.9,10438133,4.4897181411,4.5762789119,4.4733014432,4.4747938702,417525320,0.0,1.0
2019-09-10 00:00:00+00:00,183.18,184.25,178.79,179.18,8820305,4.5563798841,4.5829948337,4.4471839692,4.4568847452,352812200,0.0,1.0
2019-09-11 00:00:00+00:00,184.33,186.27,182.6,183.77,9037782,4.5849847365,4.6332398789,4.541953089,4.5710554171,361511280,0.0,1.0
2019-09-12 00:00:00+00:00,184.27,188.4,183.95,186.2,8196025,4.5834923094,4.6862210403,4.5755326983,4.6314987139,327841000,0.0,1.0
2019-09-13 00:00:00+00:00,181.94,183.08,180.18,181.59,8114787,4.5255363911,4.5538925056,4.48175853,4.5168305664,324591480,0.0,1.0
2019-09-16 00:00:00+00:00,180.21,181.6,178.5,178.92,5795796,4.4825047435,4.5170793043,4.4399705716,4.4504175612,231831840,0.0,1.0
2019-09-17 00:00:00+00:00,181.07,181.24,178.61,180.48,5711828,4.5038961984,4.5081247418,4.442706688,4.4892206654,228473120,0.0,1.0
2019-09-18 00:00:00+00:00,179.98,181.42,176.5,180.79,6600942,4.476783773,4.512602023,4.3902230022,4.4969315386,264037680,0.0,1.0
2019-09-19 00:00:00+00:00,176.94,180.96,176.51,180.22,6408569,4.4011674675,4.501160082,4.3904717401,4.4827534813,256342760,0.0,1.0
2019-09-20 00:00:00+00:00,172.69,177.85,172.28,176.9,8931295,4.2954538824,4.4238026116,4.2852556307,4.4001725161,357251800,0.0,1.0
2019-09-23 00:00:00+00:00,174.84,176.67,172.55,172.7,6395647,4.3489325196,4.3944515456,4.2919715526,4.2957026203,255825880,0.0,1.0
2019-09-24 00:00:00+00:00,172.53,177.29,171.1,176.1,8031045,4.2914740769,4.4098732921,4.2559045647,4.3802734883,321241800,0.0,1.0
2019-09-25 00:00:00+00:00,178.23,179.02,170.71,172.51,7827672,4.4332546498,4.4529049397,4.2462037887,4.2909766012,313106880,0.0,1.0
2019-09-26 00:00:00+00:00,177.34,178.19,175.29,177.84,5945648,4.4111169814,4.4322596984,4.3601257227,4.4235538737,237825920,0.0,1.0
2019-09-27 00:00:00+00:00,171.76,177.7,169.32,175.66,9148974,4.2723212627,4.4200715439,4.211629228,4.369329023,365958960,0.0,1.0
2019-09-30 00:00:00+00:00,174.07,174.48,171.54,172.8,4829977,4.3297797053,4.3399779571,4.26684903,4.2981899988,193199080,0.0,1.0
2019-10-01 00:00:00+00:00,174.0,181.0,173.81,175.0,9189150,4.3280385404,4.5021550334,4.3233125213,4.3529123251,367566000,0.0,1.0
2019-10-02 00:00:00+00:00,173.04,173.6,170.13,173.12,7391544,4.3041597071,4.3180890265,4.2317769936,4.3061496099,295661760,0.0,1.0
2019-10-03 00:00:00+00:00,181.31,181.56,172.0,173.22,11568265,4.5098659067,4.5160843529,4.278290971,4.3086369883,462730600,0.0,1.0
2019-10-04 00:00:00+00:00,181.97,183.15,178.78,181.4,6699005,4.5262826046,4.5556336706,4.4469352314,4.5121045473,267960200,0.0,1.0
2019-10-07 00:00:00+00:00,184.33,188.34,184.23,184.58,12207839,4.5849847365,4.6847286132,4.5824973581,4.5912031827,488313560,0.0,1.0
2019-10-08 00:00:00+00:00,177.23,180.64,176.5,180.64,11233566,4.408380865,4.4932004709,4.3902230022,4.4932004709,449342640,0.0,1.0
2019-10-09 00:00:00+00:00,180.71,182.7,179.16,180.32,7697082,4.4949416359,4.5444404674,4.4563872695,4.4852408598,307883280,0.0,1.0
2019-10-10 00:00:00+00:00,183.03,185.08,180.41,180.62,8187889,4.5526488164,4.6036400751,4.4874795004,4.4927029952,327515560,0.0,1.0
2019-10-11 00:00:00+00:00,185.99,189.34,185.65,186.41,11271668,4.6262752191,4.7096023979,4.6178181323,4.6367222087,450866720,0.0,1.0
2019-10-14 00:00:00+00:00,186.53,187.37,184.39,185.64,5258394,4.6397070629,4.6606010421,4.5864771636,4.6175693945,210335760,0.0,1.0
2019-10-15 00:00:00+00:00,196.37,199.29,189.6,190.16,16699633,4.8844651045,4.9570965559,4.716069582,4.7299989014,667985320,0.0,1.0
2019-10-16 00:00:00+00:00,194.21,199.22,193.75,195.0,10818828,4.8307377295,4.9553553909,4.8192957885,4.8503880194,432753120,0.0,1.0
2019-10-17 00:00:00+00:00,194.29,197.81,192.1,196.0,6607924,4.8327276323,4.9202833545,4.7782540438,4.8752618041,264316960,0.0,1.0
2019-10-18 00:00:00+00:00,190.49,195.62,187.5,194.31,7548039,4.7382072504,4.865809766,4.6638346341,4.833225108,301921560,0.0,1.0
2019-10-21 00:00:00+00:00,196.01,196.55,192.2,192.96,6546711,4.875510542,4.8889423857,4.7807414222,4.7996454986,261868440,0.0,1.0
2019-10-22 00:00:00+00:00,195.61,202.53,195.3,198.3,8434228,4.8655610281,5.0376876183,4.8578501548,4.932471509,337369120,0.0,1.0
2019-10-23 00:00:00+00:00,195.09,195.66,191.03,192.31,7144250,4.8526266601,4.8668047173,4.7516390941,4.7834775385,285770000,0.0,1.0
2019-10-24 00:00:00+00:00,196.86,198.21,195.38,196.75,5975933,4.896653259,4.9302328684,4.8598400576,4.8939171427,239037320,0.0,1.0
2019-10-25 00:00:00+00:00,204.54,205.38,199.79,200.1,10577288,5.0876839256,5.1085779048,4.9695334482,4.9772443215,423091520,0.0,1.0
2019-10-28 00:00:00+00:00,206.79,208.9,205.12,206.3,8116718,5.1436499412,5.196133627,5.1021107207,5.1314617867,324668720,0.0,1.0
2019-10-29 00:00:00+00:00,202.92,206.49,202.14,206.23,5280920,5.0473883944,5.1361878058,5.0279868423,5.1297206218,211236800,0.0,1.0
2019-10-30 00:00:00+00:00,203.0,204.23,200.26,204.0,5149038,5.0493782972,5.0799730524,4.981224127,5.0742520819,205961520,0.0,1.0
2019-10-31 00:00:00+00:00,201.02,203.0,197.81,202.16,5243315,5.0001282034,5.0493782972,4.9202833545,5.028484318,209732600,0.0,1.0
2019-11-01 00:00:00+00:00,202.59,203.89,198.59,199.6,7090956,5.0391800454,5.0715159655,4.9396849066,4.9648074291,283638240,0.0,1.0
2019-11-04 00:00:00+00:00,210.5,211.0,204.92,205.85,9417905,5.2359316825,5.2483685749,5.0971359638,5.1202685836,376716200,0.0,1.0
2019-11-05 00:00:00+00:00,209.61,211.54,207.68,210.49,7521712,5.2137940141,5.2618004186,5.1657876096,5.2356829447,300868480,0.0,1.0
2019-11-06 00:00:00+00:00,207.63,209.67,204.11,208.64,6725335,5.1645439204,5.2152864412,5.0769881982,5.1896664429,269013400,0.0,1.0
2019-11-07 00:00:00+00:00,208.34,211.7,206.54,211.11,7008498,5.1822043075,5.2657802242,5.137431495,5.2511046912,280339920,0.0,1.0
2019-11-08 00:00:00+00:00,207.78,209.05,206.15,207.66,4735187,5.1682749881,5.1998646947,5.127730719,5.1652901339,189407480,0.0,1.0
2019-11-11 00:00:00+00:00,208.18,209.11,204.28,207.75,6094736,5.178224502,5.2013571218,5.0812167416,5.1675287745,243789440,0.0,1.0
2019-11-12 00:00:00+00:00,209.61,211.86,208.31,209.72,7095971,5.2137940141,5.2697600297,5.181458094,5.2165301304,283838840,0.0,1.0
2019-11-13 00:00:00+00:00,208.57,209.46,205.9,208.35,7559124,5.187925278,5.2100629464,5.1215122728,5.1824530454,302364960,0.0,1.0
2019-11-14 00:00:00+00:00,209.79,209.88,206.52,208.93,13175171,5.2182712954,5.220509936,5.1369340193,5.1968798405,527006840,0.0,1.0
2019-11-15 00:00:00+00:00,204.19,211.78,200.64,209.7,26355409,5.078978101,5.267770127,4.9906761652,5.2160326547,1054216360,0.0,1.0
2019-11-18 00:00:00+00:00,212.28,213.35,203.77,203.89,14382963,5.2802070193,5.306821969,5.0685311114,5.0715159655,575318520,0.0,1.0
2019-11-19 00:00:00+00:00,207.99,211.98,205.65,211.03,10384506,5.1734984829,5.2727448839,5.1152938266,5.2491147884,415380240,0.0,1.0
2019-11-20 00:00:00+00:00,211.18,214.55,206.56,207.07,11825438,5.2528458561,5.3366705106,5.1379289707,5.1506146009,473017520,0.0,1.0
2019-11-21 00:00:00+00:00,210.18,213.24,209.31,211.0,7209730,5.2279720714,5.3040858526,5.2063318787,5.2483685749,288389200,0.0,1.0
2019-11-22 00:00:00+00:00,210.89,212.96,209.94,211.09,5602470,5.2456324586,5.2971211929,5.2220023631,5.2506072155,224098800,0.0,1.0
2019-11-25 00:00:00+00:00,221.21,221.41,215.52,216.04,12683686,5.5023299168,5.5073046738,5.3607980818,5.3737324498,507347440,0.0,1.0
2019-11-26 00:00:00+00:00,217.0,220.69,216.74,220.5,9642023,5.3976112832,5.4893955488,5.3911440991,5.4846695297,385680920,0.0,1.0
2019-11-27 00:00:00+00:00,218.24,220.05,217.18,218.67,5410718,5.4324345818,5.4774891391,5.4060490399,5.4431381506,216428720,0.16,1.0
2019-11-29 00:00:00+00:00,216.74,218.14,215.78,217.0,3538924,5.3950965508,5.4299453797,5.371200211,5.4015684762,141556960,0.0,1.0
2019-12-02 00:00:00+00:00,209.25,217.0,208.64,216.46,9346742,5.2086553163,5.4015684762,5.1934711837,5.388126785,373869680,0.0,1.0
2019-12-03 00:00:00+00:00,207.66,207.82,200.37,201.87,11853653,5.1690770035,5.1730597268,4.9876141731,5.0249522041,474146120,0.0,1.0
2019-12-04 00:00:00+00:00,209.42,211.92,208.27,211.02,6840459,5.2128869598,5.2751170114,5.1842611361,5.2527141928,273618360,0.0,1.0
2019-12-05 00:00:00+00:00,208.74,210.93,207.51,210.3,4628444,5.1959603858,5.250473911,5.1653432004,5.234791938,185137760,0.0,1.0
2019-12-06 00:00:00+00:00,212.17,213.49,211.12,211.52,5810457,5.2813400166,5.3141974838,5.2552033949,5.2651602031,232418280,0.0,1.0
2019-12-09 00:00:00+00:00,212.17,214.37,210.9,211.25,5378320,5.2813400166,5.3361024619,5.2497271504,5.2584393576,215132800,0.0,1.0
2019-12-10 00:00:00+00:00,213.98,216.06,211.26,213.38,6417228,5.3263945739,5.3781699768,5.2586882778,5.3114593615,256689120,0.0,1.0
2019-12-11 00:00:00+00:00,217.34,217.56,214.3,214.4,5850247,5.4100317632,5.4155080077,5.3343600205,5.3368492226,234009880,0.0,1.0
2019-12-12 00:00:00+00:00,224.07,224.8,215.82,216.18,10152084,5.577555062,5.5957262371,5.3721958918,5.3811570193,406083360,0.0,1.0
2019-12-13 00:00:00+00:00,223.99,228.98,221.82,224.19,11374183,5.5755637004,5.6997748833,5.5215480156,5.5805421045,454967320,0.0,1.0
2019-12-16 00:00:00+00:00,225.15,228.06,224.77,225.9,8032684,5.6044384443,5.6768742243,5.5949794765,5.6231074598,321307360,0.0,1.0
2019-12-17 00:00:00+00:00,228.29,229.2,225.52,225.9,8081598,5.6825993891,5.7052511278,5.6136484919,5.6231074598,323263920,0.0,1.0
2019-12-18 00:00:00+00:00,229.51,231.94,229.35,229.69,8606969,5.7129676542,5.7734552644,5.7089849309,5.717448218,344278760,0.0,1.0
2019-12-19 00:00:00+00:00,235.46,236.0,230.7,230.9,11327674,5.861075177,5.8745168681,5.7425891588,5.7475675629,453106960,0.0,1.0
2019-12-20 00:00:00+00:00,239.37,240.39,237.36,238.13,15084607,5.9584029776,5.9837928387,5.9083700162,5.927536872,603384280,0.0,1.0
2019-12-23 00:00:00+00:00,238.82,241.81,238.39,240.52,8884815,5.9447123663,6.019139508,5.9340087974,5.9870288013,355392600,0.0,1.0
2019-12-24 00:00:00+00:00,238.62,239.31,236.82,238.2,3471597,5.9397339622,5.9569094564,5.894928325,5.9292793135,138863880,0.0,1.0
2019-12-26 00:00:00+00:00,239.19,240.32,238.0,238.76,4580451,5.9539224139,5.9820503972,5.9243009094,5.943218845,183218040,0.0,1.0
2019-12-27 00:00:00+00:00,236.87,240.34,235.81,239.8,6370251,5.8961729261,5.9825482376,5.8697873842,5.9691065465,254810040,0.0,1.0
2019-12-30 00:00:00+00:00,232.32,236.2,231.06,235.99,6456178,5.7829142322,5.8794952722,5.7515502862,5.8742679479,258247120,0.0,1.0
2019-12-31 00:00:00+00:00,235.3,235.68,230.13,230.9,5780283,5.8570924537,5.8665514215,5.728400707,5.7475675629,231211320,0.0,1.0
2020-01-02 00:00:00+00:00,239.91,239.91,236.72,238.75,5941969,5.9718446688,5.9718446688,5.892439123,5.9429699248,237678760,0.0,1.0
2020-01-03 00:00:00+00:00,236.07,237.83,234.1,235.1,5144308,5.8762593096,5.9200692659,5.8272220289,5.8521140495,205772320,0.0,1.0
2020-01-06 00:00:00+00:00,237.06,237.27,231.27,232.32,6572812,5.90090241,5.9061297343,5.7567776105,5.7829142322,262912480,0.0,1.0
2020-01-07 00:00:00+00:00,239.93,241.77,236.39,238.2,7980144,5.9723425092,6.0181438271,5.8842247562,5.9292793135,319205760,0.0,1.0
2020-01-08 00:00:00+00:00,240.38,242.04,238.15,239.76,6931017,5.9835439185,6.0248646727,5.9280347125,5.9681108657,277240680,0.0,1.0
2020-01-09 00:00:00+00:00,243.02,245.93,240.86,243.85,6386053,6.0492588529,6.1216946329,5.9954920884,6.06991923,255442120,0.0,1.0
2020-01-10 00:00:00+00:00,244.32,248.55,243.75,247.33,7911560,6.0816184797,6.186911727,6.067430028,6.1565434618,316462400,0.0,1.0
2020-01-13 00:00:00+00:00,251.98,252.99,246.75,247.66,7739168,6.2722913577,6.2974322986,6.1421060899,6.1647578286,309566720,0.0,1.0
2020-01-14 00:00:00+00:00,247.28,251.28,246.75,250.26,8989483,6.1552988608,6.2548669433,6.1421060899,6.2294770823,359579320,0.0,1.0
2020-01-15 00:00:00+00:00,245.57,248.69,244.53,247.79,6577636,6.1127335055,6.1903966099,6.0868458041,6.1679937913,263105440,0.0,1.0
2020-01-16 00:00:00+00:00,248.93,249.17,246.78,247.72,7104791,6.1963706948,6.2023447798,6.1428528505,6.1662513499,284191640,0.0,1.0
2020-01-17 00:00:00+00:00,249.28,250.0,247.37,249.7,6344764,6.205082902,6.2230051569,6.1575391426,6.2155375507,253790560,0.0,1.0
2020-01-21 00:00:00+00:00,247.94,249.29,246.57,247.81,5321260,6.1717275944,6.2053318223,6.1376255261,6.1684916317,212850400,0.0,1.0
2020-01-22 00:00:00+00:00,250.11,253.59,249.0,249.76,5980967,6.2257432792,6.3123675109,6.1981131363,6.2170310719,239238680,0.0,1.0
2020-01-23 00:00:00+00:00,252.86,253.2,248.15,251.72,6112861,6.2941963359,6.3026596229,6.1769549187,6.2658194324,244514440,0.0,1.0
2020-01-24 00:00:00+00:00,250.48,259.5,248.3,257.5,9337839,6.2349533268,6.4594793529,6.1806887218,6.4096953116,373513560,0.0,1.0
2020-01-27 00:00:00+00:00,240.2,242.25,232.23,238.24,11763354,5.9790633547,6.030091997,5.7806739503,5.9302749943,470534160,0.0,1.0
2020-01-28 00:00:00+00:00,247.97,249.27,240.71,242.85,7774401,6.172474355,6.2048339818,5.9917582853,6.0450272094,310976040,0.0,1.0
2020-01-29 00:00:00+00:00,245.54,248.84,243.94,247.39,6486279,6.1119867449,6.194130413,6.0721595119,6.1580369831,259451160,0.0,1.0
2020-01-30 00:00:00+00:00,245.81,246.35,239.4,241.61,7262590,6.1187075905,6.1321492816,5.9591497382,6.0141611038,290503600,0.0,1.0
2020-01-31 00:00:00+00:00,236.43,244.45,234.75,243.97,9260493,5.885220437,6.0848544424,5.8434018423,6.0729062725,370419720,0.0,1.0
2020-02-03 00:00:00+00:00,240.33,241.11,235.45,235.7,6398205,5.9822993174,6.0017150935,5.8608262568,5.8670492619,255928200,0.0,1.0
2020-02-04 00:00:00+00:00,247.13,247.9,244.02,246.03,6788589,6.1515650577,6.1707319136,6.0741508735,6.124183835,271543560,0.0,1.0
2020-02-05 00:00:00+00:00,250.76,252.4,247.41,251.99,5205502,6.2419230926,6.2827460064,6.1585348235,6.2725402779,208220080,0.0,1.0
2020-02-06 00:00:00+00:00,254.25,254.25,248.88,252.14,5457051,6.3287962446,6.3287962446,6.1951260938,6.276274081,218282040,0.0,1.0
2020-02-07 00:00:00+00:00,251.59,253.53,250.57,252.64,4743803,6.2625834697,6.3108739897,6.2371936087,6.2887200914,189752120,0.0,1.0
2020-02-10 00:00:00+00:00,262.97,263.0,252.3,252.5,13240194,6.5458546644,6.5466014251,6.2802568043,6.2852352085,529607760,0.0,1.0
2020-02-11 00:00:00+00:00,267.89,272.5,264.83,267.32,15963922,6.6683234059,6.783075621,6.5921538228,6.6541349542,638556880,0.0,1.0
2020-02-12 00:00:00+00:00,272.54,272.8,268.45,270.01,9366118,6.7840713018,6.7905432272,6.6822629375,6.7210944897,374644720,0.0,1.0
2020-02-13 00:00:00+00:00,270.78,273.48,269.11,270.21,13200384,6.7402613455,6.8074698012,6.6986916711,6.7260728938,528015360,0.0,1.0
2020-02-14 00:00:00+00:00,289.79,294.97,286.0,287.26,26048093,7.2134586577,7.3423993245,7.1191178995,7.1504818455,1041923720,0.0,1.0
2020-02-18 00:00:00+00:00,296.57,297.31,284.86,285.64,15547025,7.3822265575,7.4006466528,7.090740996,7.1101567721,621881000,0.0,1.0
2020-02-19 00:00:00+00:00,314.7,315.41,301.49,301.49,17358281,7.8335188915,7.8511922261,7.504695299,7.504695299,694331240,0.0,1.0
2020-02-20 00:00:00+00:00,308.7,316.32,296.35,312.77,20251259,7.6841667677,7.8738439649,7.376750313,7.7854772917,810050360,0.0,1.0
2020-02-21 00:00:00+00:00,294.07,305.2,290.66,304.19,19232331,7.319996506,7.5970446955,7.2351147156,7.5719037547,769293240,0.0,1.0
2020-02-24 00:00:00+00:00,273.28,281.87,268.0,270.19,21422873,6.8024913971,7.0163138543,6.6710615282,6.7255750534,856914920,0.0,1.0
2020-02-25 00:00:00+00:00,262.05,278.79,257.96,276.3,26387442,6.5229540055,6.9396464308,6.4211456411,6.8776652994,1055497680,0.0,1.0
2020-02-26 00:00:00+00:00,267.65,275.45,262.0,262.06,18741536,6.662349321,6.8565070819,6.5217094044,6.5232029257,749661440,0.0,1.0
2020-02-27 00:00:00+00:00,252.6,267.0,248.89,254.9,22660373,6.2917071338,6.6503792745,6.199299242,6.3489950452,906414920,0.16,1.0
2020-02-28 00:00:00+00:00,270.07,272.46,241.79,242.46,28366882,6.7268461822,6.7863757945,6.0224539505,6.0391421681,1134675280,0.0,1.0
2020-03-02 00:00:00+00:00,276.43,277.59,261.0,276.9,22268639,6.885259711,6.9141527446,6.5009325492,6.8969663712,890745560,0.0,1.0
2020-03-03 00:00:00+00:00,265.89,281.07,262.46,278.67,16319828,6.6227316303,7.0008318452,6.537297919,6.9410531551,652793120,0.0,1.0
2020-03-04 00:00:00+00:00,284.51,284.89,267.2,270.2,14935184,7.0865146344,7.0959795937,6.655360832,6.7300841946,597407360,0.0,1.0
2020-03-05 00:00:00+00:00,273.29,283.2,271.5,276.5,13508187,6.8070492581,7.0538854327,6.7624643184,6.8870032562,540327480,0.0,1.0
2020-03-06 00:00:00+00:00,266.04,268.39,258.0,266.08,12885307,6.6264677984,6.6850010992,6.4262091866,6.6274641099,515412280,0.0,1.0
2020-03-09 00:00:00+00:00,245.44,259.4,238.18,239.9,15353960,6.113367375,6.4610800891,5.9325368374,5.975378232,614158400,0.0,1.0
2020-03-10 00:00:00+00:00,261.08,261.08,245.99,256.54,14516218,6.5029251722,6.5029251722,6.1270666582,6.3898438168,580648720,0.0,1.0
2020-03-11 00:00:00+00:00,246.47,256.6,242.57,255.46,12551693,6.1390223962,6.391338284,6.0418820248,6.3629434062,502067720,0.0,1.0
2020-03-12 00:00:00+00:00,216.31,236.12,215.8,225.46,20413535,5.3878035238,5.8812267951,5.3751005522,5.6157097799,816541400,0.0,1.0
2020-03-13 00:00:00+00:00,240.84,241.02,219.61,230.5,15870943,5.9987915523,6.0032749541,5.4699992227,5.7412450291,634837720,0.0,1.0
2020-03-16 00:00:00+00:00,196.4,226.1,194.0,212.41,18174303,4.8918894738,5.6316507639,4.8321107837,5.2906631524,726972120,0.0,1.0
2020-03-17 00:00:00+00:00,217.27,220.86,191.0,200.91,20840799,5.4117149999,5.5011339572,4.7573874211,5.0042235956,833631960,0.0,1.0
2020-03-18 00:00:00+00:00,202.82,209.94,180.68,200.1,21727385,5.0517974698,5.2291409172,4.5003390536,4.9840482877,869095400,0.0,1.0
2020-03-19 00:00:00+00:00,212.97,216.73,193.39,201.96,19137847,5.3046115134,5.3982647946,4.8169170333,5.0303767726,765513880,0.0,1.0
2020-03-20 00:00:00+00:00,205.75,230.32,205.13,219.0,20115854,5.1247772874,5.7367616273,5.1093344591,5.4548054723,804634160,0.0,1.0
2020-03-23 00:00:00+00:00,212.69,216.48,198.52,205.71,16096866,5.2976373329,5.3920378477,4.9446939834,5.1237809759,643874640,0.0,1.0
2020-03-24 00:00:00+00:00,249.18,252.66,228.05,229.0,27541095,6.2065225004,6.2932016011,5.6802209496,5.7038833478,1101643800,0.0,1.0
2020-03-25 00:00:00+00:00,245.62,261.82,243.66,253.8,19835767,6.1178507768,6.521356935,6.0690315132,6.3215964789,793430680,0.0,1.0
2020-03-26 00:00:00+00:00,257.24,262.22,250.0,253.94,17439692,6.407279268,6.53132005,6.2269468862,6.3250835691,697587680,0.0,1.0
2020-03-27 00:00:00+00:00,252.73,263.12,248.68,250.0,15970744,6.2949451462,6.5537370588,6.1940686067,6.2269468862,638829760,0.0,1.0
2020-03-30 00:00:00+00:00,265.59,265.96,253.59,255.36,15056253,6.615259294,6.6244751754,6.3163658435,6.3604526275,602250120,0.0,1.0
2020-03-31 00:00:00+00:00,263.6,275.4,257.75,267.2,23749014,6.5656927968,6.8596046899,6.4199822397,6.655360832,949960560,0.0,1.0
2020-04-01 00:00:00+00:00,243.07,261.53,241.28,255.65,16422828,6.0543359185,6.5141336766,6.0097509788,6.3676758858,656913120,0.0,1.0
2020-04-02 00:00:00+00:00,255.47,256.0,242.31,244.24,16894113,6.3631924841,6.3763936115,6.035406,6.08347803,675764520,0.0,1.0
2020-04-03 00:00:00+00:00,243.91,255.63,238.39,253.96,16580346,6.0752584601,6.3671777301,5.9377674728,6.3255817249,663213840,0.0,1.0
2020-04-06 00:00:00+00:00,268.4,269.88,252.93,255.24,18197062,6.685250177,6.7221137026,6.2999267037,6.3574636929,727882480,0.0,1.0
2020-04-07 00:00:00+00:00,259.03,278.25,257.3,277.3,19613047,6.4518642077,6.9305918844,6.4087737353,6.9069294862,784521880,0.0,1.0
2020-04-08 00:00:00+00:00,266.95,267.95,260.6,263.41,13561113,6.6491338851,6.6740416726,6.4909694342,6.5609603172,542444520,0.0,1.0
2020-04-09 00:00:00+00:00,262.95,272.92,260.42,272.0,13156195,6.5495027349,6.7978333767,6.4864860324,6.7749182122,526247800,0.0,1.0
2020-04-13 00:00:00+00:00,269.85,270.2,257.0,260.55,9960182,6.721366469,6.7300841946,6.401301399,6.4897240448,398407280,0.0,1.0
2020-04-14 00:00:00+00:00,283.95,285.32,273.89,275.0,13273667,7.0725662734,7.1066899423,6.8219939307,6.8496415748,530946680,0.0,1.0
2020-04-15 00:00:00+00:00,280.84,284.17,275.38,277.2,9153721,6.9951030541,7.0780459866,6.8591065341,6.9044387074,366148840,0.0,1.0
2020-04-16 00:00:00+00:00,294.7,299.0,286.55,287.08,18640510,7.3403249895,7.4474284759,7.137326521,7.1505276484,745620400,0.0,1.0
2020-04-17 00:00:00+00:00,292.32,298.86,286.94,298.0,13478049,7.2810444551,7.4439413857,7.1470405581,7.4225206884,539121960,0.0,1.0
2020-04-20 00:00:00+00:00,287.05,293.5,285.27,287.24,11234705,7.1497804147,7.3104356444,7.1054445529,7.1545128944,449388200,0.0,1.0
2020-04-21 00:00:00+00:00,269.51,284.77,267.11,282.31,18378996,6.7128978212,7.0929906591,6.6531191311,7.0317175018,735159840,0.0,1.0
2020-04-22 00:00:00+00:00,286.15,287.87,275.4,277.23,12118228,7.127363406,7.1702048005,6.8596046899,6.9051859411,484729120,0.0,1.0
2020-04-23 00:00:00+00:00,284.01,293.14,283.0,287.84,10603988,7.0740607406,7.3014688409,7.0489038752,7.1694575669,424159520,0.0,1.0
2020-04-24 00:00:00+00:00,289.59,289.67,280.6,283.6,8816137,7.2130461951,7.2150388181,6.9891251851,7.0638485477,352645480,0.0,1.0
2020-04-27 00:00:00+00:00,297.08,303.5,294.0,294.99,11984699,7.3996055238,7.5595135199,7.3228895382,7.3475482479,479387960,0.0,1.0
2020-04-28 00:00:00+00:00,291.36,304.2,291.14,303.0,11072603,7.2571329791,7.5769489711,7.2516532658,7.5470596261,442904120,0.0,1.0
2020-04-29 00:00:00+00:00,298.46,300.58,293.75,296.77,9479047,7.4339782706,7.4867827802,7.3166625913,7.3918841097,379161880,0.0,1.0
2020-04-30 00:00:00+00:00,292.28,298.46,291.72,296.29,9397943,7.2800481436,7.4339782706,7.2660997826,7.3799283717,375917720,0.0,1.0
2020-05-01 00:00:00+00:00,282.78,288.9,280.84,284.35,8552445,7.0434241619,7.1958598217,6.9951030541,7.0825293884,342097800,0.0,1.0
2020-05-04 00:00:00+00:00,291.29,291.84,280.88,280.88,7938880,7.2553894339,7.2690887171,6.9960993656,6.9960993656,317555200,0.0,1.0
2020-05-05 00:00:00+00:00,293.74,300.27,291.29,295.47,9222391,7.3164135134,7.4790613661,7.2553894339,7.3595039859,368895640,0.0,1.0
2020-05-06 00:00:00+00:00,297.79,302.0,295.41,296.93,8086639,7.417290053,7.5221518385,7.3580095186,7.3958693557,323465560,0.0,1.0
2020-05-07 00:00:00+00:00,304.87,307.41,301.32,303.38,9343263,7.5936371888,7.6569029692,7.505214543,7.5565245854,373730520,0.0,1.0
2020-05-08 00:00:00+00:00,312.5,312.75,306.39,307.75,8497678,7.7836836078,7.7899105547,7.6314970259,7.6653716169,339907120,0.0,1.0
2020-05-11 00:00:00+00:00,322.62,324.5,311.15,312.3,11726504,8.0357504177,8.0825770583,7.7500580946,7.7787020503,469060160,0.0,1.0
2020-05-12 00:00:00+00:00,312.1,326.9,311.71,324.94,12326482,7.7737204927,8.1423557484,7.7640064556,8.0935364848,493059280,0.0,1.0
2020-05-13 00:00:00+00:00,311.2,323.14,303.79,316.7,15646252,7.751303484,8.0487024672,7.5667367782,7.8882963155,625850080,0.0,1.0
2020-05-14 00:00:00+00:00,321.22,321.44,307.5,313.67,15057809,8.0008795152,8.0063592284,7.65914467,7.8128257192,602312360,0.0,1.0
2020-05-15 00:00:00+00:00,339.63,340.02,314.96,315.59,24691543,8.4594318839,8.469145921,7.8449567651,7.8606486713,987661720,0.0,1.0
2020-05-18 00:00:00+00:00,350.01,356.66,347.22,350.42,19410086,8.7179747186,8.8836115057,8.6484819913,8.7281869115,776403440,0.0,1.0
2020-05-19 00:00:00+00:00,352.22,363.5,350.51,351.61,17933049,8.773020929,9.0539807726,8.7304286123,8.7578271786,717321960,0.0,1.0
2020-05-20 00:00:00+00:00,358.8,361.72,355.55,359.64,14688405,8.9369141711,9.0096449107,8.8559638616,8.9578367126,587536200,0.0,1.0
2020-05-21 00:00:00+00:00,351.01,362.1,349.5,362.06,17552200,8.7428825061,9.01910987,8.7052717469,9.0181135585,702088000,0.0,1.0
2020-05-22 00:00:00+00:00,361.05,363.72,348.53,353.01,25969125,8.9929566931,9.0594604858,8.681111193,8.7926980812,1038765000,0.0,1.0
2020-05-26 00:00:00+00:00,348.71,367.27,346.88,366.27,19269476,8.6855945948,9.1478831316,8.6400133436,9.1229753441,770779040,0.0,1.0
2020-05-27 00:00:00+00:00,341.01,345.31,319.87,345.0,29397306,8.4938046307,8.6009081171,7.967254002,8.593186703,1175892240,0.0,1.0
2020-05-28 00:00:00+00:00,339.48,350.42,335.17,336.49,18403204,8.4556957157,8.7281869115,8.3483431514,8.381221431,736128160,0.0,1.0
2020-05-29 00:00:00+00:00,355.02,355.02,339.4,342.18,18647994,8.8427627342,8.8427627342,8.4537030927,8.5229467421,745919760,0.0,1.0
2020-06-01 00:00:00+00:00,352.25,353.63,347.58,353.33,9762775,8.7737681627,8.8081409095,8.6574487948,8.8006685732,390511000,0.0,1.0
2020-06-02 00:00:00+00:00,353.01,353.49,346.32,351.85,9783014,8.7926980812,8.8046538192,8.6260649825,8.7638050477,391320560,0.0,1.0
2020-06-03 00:00:00+00:00,350.78,354.65,348.0,352.89,9135972,8.737153715,8.8335468528,8.6679100656,8.7897091467,365438880,0.0,1.0
2020-06-04 00:00:00+00:00,350.66,357.73,347.1,349.12,10606960,8.7381500265,8.9143284349,8.6494378435,8.6997745316,424278400,0.16,1.0
2020-06-05 00:00:00+00:00,356.8,359.88,348.32,351.78,12043651,8.891153623,8.9679046128,8.6798392096,8.7660594773,481746040,0.0,1.0
2020-06-08 00:00:00+00:00,352.2,355.59,347.43,355.09,9693431,8.7765255214,8.8610014485,8.6576611638,8.8485418722,387737240,0.0,1.0
2020-06-09 00:00:00+00:00,361.84,364.39,350.05,352.0,11712221,9.0167461518,9.0802899907,8.7229493434,8.7715416909,468488840,0.0,1.0
2020-06-10 00:00:00+00:00,374.67,380.0,366.14,366.71,15804537,9.3364588788,9.4692779617,9.1238985077,9.1381024246,632181480,0.0,1.0
2020-06-11 00:00:00+00:00,351.85,370.45,351.44,366.0,14591256,8.767803818,9.2313000551,8.7575869655,9.1204098263,583650240,0.0,1.0
2020-06-12 00:00:00+00:00,357.3,367.49,348.13,366.5,14272704,8.9036131993,9.1575393636,8.6751045706,9.1328694026,570908160,0.0,1.0
2020-06-15 00:00:00+00:00,366.95,367.29,349.75,352.61,10000054,9.1440830212,9.1525555331,8.7154735977,8.7867423739,400002160,0.0,1.0
2020-06-16 00:00:00+00:00,362.74,370.67,353.55,369.0,13392875,9.0391733891,9.2367822686,8.8101663773,9.1951672839,535715000,0.0,1.0
2020-06-17 00:00:00+00:00,369.44,371.96,362.81,364.55,10207641,9.206131711,9.2689279754,9.0409177297,9.0842770551,408305640,0.0,1.0
2020-06-18 00:00:00+00:00,368.72,371.3,364.58,369.08,6360238,9.1881899212,9.2524813347,9.0850246297,9.1971608161,254409520,0.0,1.0
2020-06-19 00:00:00+00:00,370.45,377.8,369.09,369.7,13104013,9.2313000551,9.4144558262,9.1974100076,9.2126106907,524160520,0.0,1.0
2020-06-22 00:00:00+00:00,381.07,381.25,370.93,372.0,9961662,9.4959414549,9.5004269024,9.2432612483,9.2699247415,398466480,0.0,1.0
2020-06-23 00:00:00+00:00,378.0,385.7,376.3,382.04,9377685,9.4194396567,9.6113171312,9.3770770974,9.5201130329,375107400,0.0,1.0
2020-06-24 00:00:00+00:00,369.42,382.26,365.78,379.05,11234272,9.205633328,9.5255952465,9.1149276128,9.4456047668,449370880,0.0,1.0
2020-06-25 00:00:00+00:00,379.6,380.2,367.29,374.23,9401800,9.4593103007,9.4742617922,9.1525555331,9.3254944516,376072000,0.0,1.0
2020-06-26 00:00:00+00:00,366.2,380.0,365.0,380.0,14802144,9.1253936568,9.4692779617,9.0954906738,9.4692779617,592085760,0.0,1.0
2020-06-29 00:00:00+00:00,368.0,368.18,356.0,366.79,8556203,9.1702481314,9.1747335788,8.871218301,9.1400959568,342248120,0.0,1.0
2020-06-30 00:00:00+00:00,379.91,381.05,370.66,372.56,9197300,9.467035238,9.4954430719,9.2365330771,9.2838794669,367892000,0.0,1.0
2020-07-01 00:00:00+00:00,381.2,383.03,376.52,380.83,8237180,9.4991809448,9.5447829939,9.3825593109,9.4899608583,329487200,0.0,1.0
2020-07-02 00:00:00+00:00,384.49,389.5,383.13,385.56,9101892,9.5811649566,9.7060099108,9.5472749092,9.6078284498,364075680,0.0,1.0
2020-07-06 00:00:00+00:00,393.57,396.35,388.5,389.67,7903881,9.8074308616,9.8767061056,9.6810907583,9.7102461667,316155240,0.0,1.0
2020-07-07 00:00:00+00:00,394.87,402.8,394.03,397.85,8945039,9.8398257599,10.0374346394,9.8188936717,9.9140848344,357801560,0.0,1.0
2020-07-08 00:00:00+00:00,408.64,409.0,398.62,399.75,9437346,10.1829624902,10.1919333851,9.9332725819,9.9614312242,377493840,0.0,1.0
2020-07-09 00:00:00+00:00,420.36,422.8,409.34,415.21,12367718,10.4750149579,10.5358176901,10.200405897,10.3466813224,494708720,0.0,1.0
2020-07-10 00:00:00+00:00,419.17,426.21,415.15,423.55,12441869,10.4453611664,10.6207920002,10.3451861732,10.5545070545,497674760,0.0,1.0
2020-07-13 00:00:00+00:00,402.09,431.69,401.0,423.8,11426932,10.0197420411,10.7573489561,9.9925801649,10.5607368426,457077280,0.0,1.0
2020-07-14 00:00:00+00:00,415.08,416.11,391.42,403.0,13567356,10.3434418325,10.3691085596,9.7538546836,10.04241847,542694240,0.0,1.0
2020-07-15 00:00:00+00:00,409.09,417.32,402.23,416.57,10099623,10.1941761089,10.3992607342,10.0232307225,10.3805713698,403984920,0.0,1.0
2020-07-16 00:00:00+00:00,405.39,408.27,395.82,400.6,8624118,10.1019752445,10.1737424038,9.8634989548,9.9826125039,344964720,0.0,1.0
2020-07-17 00:00:00+00:00,408.06,409.94,403.51,409.02,6657123,10.1685093818,10.2153573885,10.0551272377,10.1924317682,266284920,0.0,1.0
2020-07-20 00:00:00+00:00,420.43,421.25,406.27,410.97,7039983,10.4767592986,10.4971930036,10.1239040987,10.2410241156,281599320,0.0,1.0
2020-07-21 00:00:00+00:00,413.14,422.4,411.47,420.52,6866718,10.2950986766,10.525850029,10.2534836919,10.4790020223,274668720,0.0,1.0
2020-07-22 00:00:00+00:00,417.55,424.1,411.6623,414.7,9182271,10.4049921393,10.5682125884,10.2582756449,10.3339725546,367290840,0.0,1.0
2020-07-23 00:00:00+00:00,405.19,421.88,401.25,418.0,10291532,10.096991414,10.5128920697,9.998809953,10.4162057579,411661280,0.0,1.0
2020-07-24 00:00:00+00:00,407.78,414.59,391.08,395.0,11832300,10.161532019,10.3312314478,9.7453821718,9.8430652497,473292000,0.0,1.0
2020-07-27 00:00:00+00:00,416.86,417.67,408.71,409.29,7303255,10.387797924,10.4079824376,10.1847068309,10.1991599394,292130200,0.0,1.0
2020-07-28 00:00:00+00:00,408.62,415.28,408.37,414.97,6790901,10.1824641072,10.348425663,10.176234319,10.3407007257,271636040,0.0,1.0
2020-07-29 00:00:00+00:00,418.62,420.65,413.88,415.632,7112692,10.4316556325,10.4822415121,10.3135388495,10.3571972047,284507680,0.0,1.0
2020-07-30 00:00:00+00:00,424.56,424.9218,411.81,415.0,7722004,10.5796753985,10.5886911479,10.2619562037,10.3414483003,308880160,0.0,1.0
2020-07-31 00:00:00+00:00,424.59,430.66,417.32,422.53,9657150,10.5804229731,10.731682229,10.3992607342,10.5290895189,386286000,0.0,1.0
2020-08-03 00:00:00+00:00,440.41,443.95,428.61,429.3,10325456,10.9746439661,11.0628577661,10.6805979663,10.6977921815,413018240,0.0,1.0
2020-08-04 00:00:00+00:00,449.11,449.11,436.2401,442.0,7758390,11.1914405931,11.1914405931,10.870733592,11.0142654187,310335600,0.0,1.0
2020-08-05 00:00:00+00:00,451.47,454.8672,446.65,449.76,6262493,11.2502497931,11.3349051381,11.1301394779,11.2076380423,250499720,0.0,1.0
2020-08-06 00:00:00+00:00,453.42,454.32,447.15,453.99,6107892,11.2988421406,11.3212693778,11.1425990542,11.3130460575,244315680,0.0,1.0
2020-08-07 00:00:00+00:00,447.98,460.19,441.5,452.5,8562899,11.1632819508,11.4675448032,11.0018058424,11.2759165202,342515960,0.0,1.0
2020-08-10 00:00:00+00:00,446.6,456.33,434.26,453.37,10694898,11.1288935203,11.3713568744,10.8213911781,11.2975961829,427795920,0.0,1.0
2020-08-11 00:00:00+00:00,434.0,445.47,431.83,442.95,8862763,10.8149121984,11.1007348779,10.7608376374,11.0379386136,354510520,0.0,1.0
2020-08-12 00:00:00+00:00,457.61,458.68,438.33,439.63,11623573,11.4032533897,11.4299168829,10.9228121289,10.9552070272,464942920,0.0,1.0
2020-08-13 00:00:00+00:00,457.72,468.87,454.23,461.84,9361489,11.4059944964,11.6838430472,11.3190266541,11.5086614049,374459560,0.0,1.0
2020-08-14 00:00:00+00:00,462.56,468.19,457.62,461.2,9160904,11.5266031947,11.6668980234,11.4035025812,11.4927131472,366436160,0.0,1.0
2020-08-17 00:00:00+00:00,493.48,496.39,472.6876,474.05,15417858,12.2971033909,12.3696181248,11.7789744039,11.8129242573,616714320,0.0,1.0
2020-08-18 00:00:00+00:00,490.43,499.84,483.45,498.0,12586155,12.2210999757,12.455589201,12.0471642911,12.4097379604,503446200,0.0,1.0
2020-08-19 00:00:00+00:00,485.54,492.6,483.92,491.86,15565558,12.0992453199,12.2751745367,12.0588762928,12.2567343638,622622320,0.0,1.0
2020-08-20 00:00:00+00:00,485.64,495.0,475.15,479.0,23034656,12.1017372351,12.3349805028,11.8403353251,11.9362740623,921386240,0.0,1.0
2020-08-21 00:00:00+00:00,507.34,512.348,487.8064,488.07,24996738,12.642482845,12.7672779609,12.1557220871,12.1622907758,999869520,0.0,1.0
2020-08-24 00:00:00+00:00,508.81,516.5,500.3,515.35,12264105,12.6791139992,12.8707422822,12.4670520112,12.8420852568,490564200,0.0,1.0
2020-08-25 00:00:00+00:00,510.0,510.45,502.95,505.23,7226920,12.7087677908,12.7199814094,12.5330877654,12.5899034332,289076800,0.0,1.0
2020-08-26 00:00:00+00:00,510.92,514.7396,507.11,511.9694,8031073,12.7316934111,12.8268746061,12.6367514399,12.7578435698,321242920,0.0,1.0
2020-08-27 00:00:00+00:00,505.13,514.0,502.6573,511.26,7940073,12.5874115179,12.8084444009,12.5257939295,12.7401659229,317602920,0.0,1.0
2020-08-28 00:00:00+00:00,525.91,525.92,505.7,506.9965,13428963,13.1052315075,13.105480699,12.6016154349,12.6339231161,537158520,0.0,1.0
2020-08-31 00:00:00+00:00,534.98,543.0,521.51,527.3114,12521030,13.331248221,13.5310998243,12.9955872364,13.1401532079,500841200,0.0,1.0
2020-09-01 00:00:00+00:00,552.84,559.75,537.46,539.2,12811849,13.7802913496,13.9525325283,13.3969238636,13.4402957378,512473960,0.16,1.0
2020-09-02 00:00:00+00:00,573.86,589.0699,556.0,588.15,21850322,14.3042435314,14.6833710427,13.8590586614,14.66044128,874012880,0.0,1.0
2020-09-03 00:00:00+00:00,520.62,555.38,515.15,553.1454,23628151,12.9771638854,13.8436043154,12.8408166716,13.7879038613,945126040,0.0,1.0
2020-09-04 00:00:00+00:00,504.9,527.0,468.19,511.35,36592071,12.5853214355,13.1361940909,11.6702745948,12.7460964865,1463682840,0.0,1.0
2020-09-08 00:00:00+00:00,476.52,502.0,468.17,469.38,19893237,11.877911211,12.5130349785,11.6697760675,11.6999369685,795729480,0.0,1.0
2020-09-09 00:00:00+00:00,508.6,512.37,489.27,496.0,18404957,12.6775489842,12.7715213783,12.1957223584,12.3634767915,736198280,0.0,1.0
2020-09-10 00:00:00+00:00,492.47,522.61,486.68,519.57,17467111,12.2754867248,13.0267673508,12.1311630743,12.9509912027,698684440,0.0,1.0
2020-09-11 00:00:00+00:00,486.58,506.1,475.83,499.42,15923172,12.1286704379,12.6152330729,11.8607120195,12.4487249581,636926880,0.0,1.0
2020-09-14 00:00:00+00:00,514.89,532.6,505.2457,523.24,30043624,12.8343358169,13.2757817321,12.5939384797,13.0424709604,1201744960,0.0,1.0
2020-09-15 00:00:00+00:00,519.64,531.95,513.11,531.2,18188914,12.9527360482,13.2595795952,12.789966888,13.2408848218,727556560,0.0,1.0
2020-09-16 00:00:00+00:00,500.58,523.71,500.55,518.29,13939985,12.4776395409,13.0541863517,12.4768917499,12.9190854561,557599400,0.0,1.0
2020-09-17 00:00:00+00:00,498.54,503.59,481.39,485.2894,19812794,12.4267897573,12.552667898,11.9993026061,12.0965004719,792511760,0.0,1.0
2020-09-18 00:00:00+00:00,487.57,505.3,479.55,503.75,17461548,12.1533475387,12.5952919813,11.9534380955,12.5566561163,698461920,0.0,1.0
2020-09-21 00:00:00+00:00,500.69,500.9,476.18,477.0,18026061,12.480381441,12.4856159775,11.8694362471,11.889875866,721042440,0.0,1.0
2020-09-22 00:00:00+00:00,505.51,505.9199,486.222,503.0,16161302,12.6005265179,12.6107438347,12.1197467994,12.537961343,646452080,0.0,1.0
2020-09-23 00:00:00+00:00,484.95,509.08,483.17,503.02,16175308,12.0880404638,12.6895136391,12.0436715349,12.5384598702,647012320,0.0,1.0
2020-09-24 00:00:00+00:00,493.92,502.78,480.56,482.89,18281008,12.3116299533,12.5324775428,11.9786137236,12.0366921529,731240320,0.0,1.0
2020-09-25 00:00:00+00:00,514.95,515.34,489.83,497.9,14700407,12.8358313987,12.8455526809,12.2096811225,12.410836884,588016280,0.0,1.0
2020-09-28 00:00:00+00:00,521.4,522.07,510.0,521.61,14345228,12.9966064497,13.013307114,12.7124458945,13.0018409863,573809120,0.0,1.0
2020-09-29 00:00:00+00:00,529.03,537.71,517.33,517.5,15575124,13.1867946109,13.4031554547,12.8951561462,12.8993936282,623004960,0.0,1.0
2020-09-30 00:00:00+00:00,541.22,544.9,526.01,526.3,17229603,13.4906469941,13.5823760155,13.1115169901,13.1187456358,689184120,0.0,1.0
2020-10-01 00:00:00+00:00,544.58,550.5095,538.4301,550.32,13125059,13.5743995788,13.7222004571,13.4211049298,13.717476911,525002360,0.0,1.0
2020-10-02 00:00:00+00:00,522.49,540.78,522.04,529.0,13812397,13.023776187,13.4796793937,13.012559323,13.1860468199,552495880,0.0,1.0
2020-10-05 00:00:00+00:00,545.7,545.77,528.9106,529.44,11995457,13.6023171071,13.6040619526,13.1838184029,13.1970144203,479818280,0.0,1.0
2020-10-06 00:00:00+00:00,549.46,565.68,546.6,553.2,19610496,13.6960402376,14.1003458698,13.6247508351,13.7892648408,784419840,0.0,1.0
2020-10-07 00:00:00+00:00,558.56,564.77,554.54,559.99,10452129,13.9228701545,14.0776628781,13.8226661692,13.9585148558,418085160,0.0,1.0
2020-10-08 00:00:00+00:00,553.55,563.38,550.32,563.0,9472522,13.7979890684,14.0430152314,13.717476911,14.0335432129,378900880,0.0,1.0
2020-10-09 00:00:00+00:00,550.51,552.97,546.43,550.68,8672273,13.7222129203,13.783531777,13.6205133531,13.7264504023,346890920,0.0,1.0
2020-10-12 00:00:00+00:00,569.04,573.88,556.5,559.58,10868595,14.1840984545,14.3047420586,13.8715218437,13.9482950463,434743800,0.0,1.0
2020-10-13 00:00:00+00:00,569.93,573.9399,560.745,571.86,8615078,14.2062829189,14.3062351479,13.9773342609,14.2543908024,344603120,0.0,1.0
2020-10-14 00:00:00+00:00,563.81,573.71,558.4,571.62,6916178,14.0537335681,14.3005045767,13.9188819362,14.2484084749,276647120,0.0,1.0
2020-10-15 00:00:00+00:00,558.8,560.23,550.71,552.4272,6680628,13.928852482,13.9644971832,13.7271981932,13.7700017463,267225120,0.0,1.0
2020-10-16 00:00:00+00:00,552.46,564.86,551.7,561.47,6065990,13.7708193311,14.0799062509,13.7518752941,13.9954058752,242639600,0.0,1.0
2020-10-19 00:00:00+00:00,539.91,559.3399,536.27,556.115,7451714,13.4579934566,13.9423102262,13.3672614898,13.8619251933,298068560,0.0,1.0
2020-10-20 00:00:00+00:00,545.82,551.99,540.2801,543.34,5730301,13.6053082708,13.7591039398,13.4672187041,13.5434908868,229212040,0.0,1.0
2020-10-21 00:00:00+00:00,540.99,551.66,539.1001,545.0,5489933,13.4849139303,13.7508782395,13.437805594,13.5848686519,219597320,0.0,1.0
2020-10-22 00:00:00+00:00,534.44,544.47,529.27,540.9,7261986,13.3216462428,13.5716576787,13.1927769383,13.4826705575,290479440,0.0,1.0
2020-10-23 00:00:00+00:00,543.61,543.73,531.65,538.0,5837107,13.5502210053,13.553212169,13.2521016859,13.4103841004,233484280,0.0,1.0
2020-10-26 00:00:00+00:00,525.65,547.7117,521.54,537.08,8422358,13.1025434989,13.6524614745,13.0000961408,13.3874518451,336894320,0.0,1.0
2020-10-27 00:00:00+00:00,535.87,537.68,527.66,532.24,6262992,13.357290944,13.4024076638,13.1526454915,13.2668082409,250519680,0.0,1.0
2020-10-28 00:00:00+00:00,505.08,530.4,504.36,527.92,9412952,12.5898081811,13.2209437302,12.5718611987,13.1591263463,376518080,0.0,1.0
2020-10-29 00:00:00+00:00,520.96,527.71,510.0,513.54,8002046,12.9856388494,13.1538918097,12.7124458945,12.8006852248,320081840,0.0,1.0
2020-10-30 00:00:00+00:00,501.36,517.455,492.0,514.0,10434900,12.4970821052,12.8982719418,12.2637713335,12.8121513524,417396000,0.0,1.0
2020-11-02 00:00:00+00:00,503.23,513.4663,495.8,506.31,7491316,12.5436944068,12.7988481517,12.3584915186,12.6204676094,299652640,0.0,1.0
2020-11-03 00:00:00+00:00,520.78,524.2,504.11,508.34,6822527,12.9811521037,13.0664002703,12.5656296076,12.6710681294,272901080,0.0,1.0
2020-11-04 00:00:00+00:00,551.77,553.1,533.475,535.57,10255732,13.7536201396,13.7867722044,13.2975923011,13.3498130347,410229280,0.0,1.0
2020-11-05 00:00:00+00:00,566.4,573.56,559.64,566.5,7975708,14.1182928522,14.296765622,13.9497906282,14.1207854886,319028320,0.0,1.0
2020-11-06 00:00:00+00:00,582.48,583.55,555.8,564.39,9583732,14.5191087933,14.5457800033,13.8540733885,14.0681908595,383349280,0.0,1.0
2020-11-09 00:00:00+00:00,545.23,587.66,544.43,582.1,14574447,13.5906017157,14.6482273614,13.5706606241,14.5096367748,582977880,0.0,1.0
2020-11-10 00:00:00+00:00,510.8,544.26,505.13,544.26,16101680,12.732386986,13.5664231422,12.5910544993,13.5664231422,644067200,0.0,1.0
2020-11-11 00:00:00+00:00,536.72,537.395,517.93,522.15,10118586,13.3784783539,13.3953036499,12.9101119649,13.0153012231,404743440,0.0,1.0
2020-11-12 00:00:00+00:00,538.27,550.64,532.64,539.1569,9165875,13.4171142188,13.7254533477,13.2767787867,13.4392214115,366635000,0.0,1.0
2020-11-13 00:00:00+00:00,531.88,546.7499,522.37,545.0911,8669058,13.2578347497,13.6284872971,13.0207850233,13.5871394437,346762320,0.0,1.0
2020-11-16 00:00:00+00:00,540.61,545.98,526.2401,526.9,10344370,13.4754419118,13.6092964891,13.1172525465,13.1337014545,413774800,0.0,1.0
2020-11-17 00:00:00+00:00,536.89,543.85,532.1549,542.1,7800699,13.3827158358,13.5562033327,13.2646870073,13.5125821949,312027960,0.0,1.0
2020-11-18 00:00:00+00:00,537.15,544.23,527.4,538.61,12773133,13.3891966906,13.5656753512,13.1461646367,13.4255891828,510925320,0.0,1.0
2020-11-19 00:00:00+00:00,537.61,539.5,524.0,528.51,14148355,13.4006628183,13.4477736472,13.0614149974,13.1738329013,565934200,0.0,1.0
2020-11-20 00:00:00+00:00,523.51,539.7799,522.6,538.16,8527245,13.0492010788,13.4547505366,13.0265180871,13.4143723187,341089800,0.0,1.0
2020-11-23 00:00:00+00:00,525.6,535.3,520.62,526.8452,9033855,13.1012971806,13.3430829163,12.9771638854,13.1323354897,361354200,0.0,1.0
2020-11-24 00:00:00+00:00,518.31,526.48,515.4,525.7,8568883,12.9195839834,13.1232323814,12.8470482627,13.1037898171,342755320,0.0,1.0
2020-11-25 00:00:00+00:00,529.39,530.7756,520.8,521.3,6497910,13.1957681021,13.2303060727,12.981650631,12.9941138133,259916400,0.0,1.0
2020-11-27 00:00:00+00:00,530.45,536.3,526.8218,535.0,4181880,13.2221900485,13.3680092808,13.1317522128,13.3356050069,167275200,0.0,1.0
2020-11-30 00:00:00+00:00,536.06,536.5,518.8941,530.6,7173800,13.3620269533,13.3729945537,12.9341434729,13.2259290031,286952000,0.0,1.0
2020-12-01 00:00:00+00:00,535.6,541.15,529.13,539.69,7412379,13.3505608256,13.4889021486,13.1892872473,13.4525096564,296495160,0.0,1.0
2020-12-02 00:00:00+00:00,541.78,546.9377,529.37,534.02,7084030,13.5046057582,13.6331684684,13.1952695748,13.3111771697,283361200,0.0,1.0
2020-12-03 00:00:00+00:00,535.84,546.4,533.16,543.5,4988016,13.3605313714,13.6238323778,13.2937087675,13.5515243363,199520640,0.16,1.0
2020-12-04 00:00:00+00:00,542.33,542.3999,535.5476,537.94,5056085,13.5223517816,13.5240946548,13.3532407261,13.412892367,202243400,0.0,1.0
2020-12-07 00:00:00+00:00,544.27,549.25,540.0,544.05,5581081,13.570723368,13.694893729,13.4642560103,13.5652379304,223243240,0.0,1.0
2020-12-08 00:00:00+00:00,534.0,543.95,531.26,543.4,6798022,13.3146531658,13.5627445497,13.2463345334,13.5490309556,271920880,0.0,1.0
2020-12-09 00:00:00+00:00,517.23,536.56,514.7295,532.02,10032530,12.8965132152,13.3784837128,12.8341662297,13.2652842271,401301200,0.0,1.0
2020-12-10 00:00:00+00:00,518.89,522.7499,513.975,514.76,5194118,12.9379033355,13.0341453388,12.815353672,12.8349267109,207764720,0.0,1.0
2020-12-11 00:00:00+00:00,520.53,520.8,512.92,518.69,5231641,12.9787947797,12.9855269077,12.7890485052,12.9329165741,209265640,0.0,1.0
2020-12-14 00:00:00+00:00,532.35,535.55,523.1,523.515,6753947,13.2735123835,13.3533005673,13.0428746648,13.0532221949,270157880,0.0,1.0
2020-12-15 00:00:00+00:00,534.42,538.56,527.47,537.59,4837148,13.3251253649,13.4283513276,13.1518354033,13.4041655344,193485920,0.0,1.0
2020-12-16 00:00:00+00:00,529.7,537.49,528.5,536.8999,5577867,13.2074377938,13.4016721537,13.1775172249,13.3869587139,223114680,0.0,1.0
2020-12-17 00:00:00+00:00,533.65,535.18,527.14,534.67,5784597,13.3059263332,13.3440750585,13.1436072468,13.3313588167,231383880,0.0,1.0
2020-12-18 00:00:00+00:00,530.88,536.2,522.82,535.16,8551616,13.2368596866,13.3695075421,13.0358931987,13.3435763824,342064640,0.0,1.0
2020-12-21 00:00:00+00:00,533.29,534.8,518.7,522.99,7558304,13.2969501625,13.3346002117,12.9331659121,13.040131946,302332160,0.0,1.0
2020-12-22 00:00:00+00:00,531.13,533.4899,522.1552,532.77,4657872,13.2430931384,13.3019344306,13.0193172036,13.2839845826,186314880,0.0,1.0
2020-12-23 00:00:00+00:00,520.37,531.0,520.2,530.24,4478569,12.9748053705,13.2398517435,12.9705666233,13.2209020498,179142760,0.0,1.0
2020-12-24 00:00:00+00:00,519.75,525.3,517.55,521.49,2447088,12.9593464099,13.0977290411,12.9044920336,13.0027312349,97883520,0.0,1.0
2020-12-28 00:00:00+00:00,516.0,522.5,510.527,522.5,5286655,12.8658446321,13.0279143804,12.729381904,13.0279143804,211466200,0.0,1.0
2020-12-29 00:00:00+00:00,517.73,522.9,513.69,517.0,4259304,12.9089801189,13.0378879033,12.8082475369,12.8907784395,170372160,0.0,1.0
2020-12-30 00:00:00+00:00,525.83,528.55,515.87,519.6124,5634929,13.1109439591,13.1787639153,12.8626032371,12.955915518,225397160,0.0,1.0
2020-12-31 00:00:00+00:00,522.2,526.045,516.6,525.46,4810610,13.0204342381,13.1163047277,12.8808049165,13.1017184503,192424400,0.0,1.0
2021-01-04 00:00:00+00:00,524.54,546.0999,518.5,524.17,14016045,13.0787793475,13.6163497422,12.9281791506,13.0695538388,560641800,0.0,1.0
2021-01-05 00:00:00+00:00,536.19,537.74,523.48,523.99,8068998,13.369258204,13.4079056055,13.0523495116,13.0650657534,322759920,0.0,1.0
2021-01-06 00:00:00+00:00,504.58,529.8,503.44,528.9,14510575,12.5811005513,13.2099311746,12.5526760108,13.1874907479,580423000,0.0,1.0
2021-01-07 00:00:00+00:00,533.76,535.11,515.4601,518.7,11537037,13.308669052,13.342329692,12.8523828695,12.9331659121,461481480,0.0,1.0
2021-01-08 00:00:00+00:00,531.07,536.8399,521.68,534.5,7313215,13.24159711,13.3854626855,13.0074686583,13.3271200695,292528600,0.0,1.0
2021-01-11 00:00:00+00:00,544.86,558.44,534.5,536.75,12975720,13.5854343144,13.9240354193,13.3271200695,13.3832211362,519028800,0.0,1.0
2021-01-12 00:00:00+00:00,539.39,550.18,533.8,550.1,7178074,13.4490463878,13.7180821699,13.3096664043,13.7160874653,287122960,0.0,1.0
2021-01-13 00:00:00+00:00,541.27,544.9999,535.4001,539.5986,5250711,13.4959219457,13.5889225541,13.3495629895,13.45424758,210028440,0.0,1.0
2021-01-14 00:00:00+00:00,528.01,543.99,527.22,543.0,7078007,13.1652996593,13.5637419019,13.1456019514,13.5390574326,283120280,0.0,1.0
2021-01-15 00:00:00+00:00,514.38,533.01,513.94,529.12,6944532,12.825451864,13.2899686964,12.8144809888,13.1929761855,277781280,0.0,1.0
2021-01-19 00:00:00+00:00,521.01,523.7593,513.76,520.65,5654672,12.9907630073,13.059313524,12.8099929034,12.9817868366,226186880,0.0,1.0
2021-01-20 00:00:00+00:00,534.63,537.22,522.27,524.47,6464272,13.3303614644,13.3949400257,13.0221796046,13.077033981,258570880,0.0,1.0
2021-01-21 00:00:00+00:00,554.7,559.9743,530.1201,536.7442,8458490,13.8307829795,13.96229136,13.2179124863,13.3830765201,338339600,0.0,1.0
2021-01-22 00:00:00+00:00,548.5,553.6693,545.09,549.6035,6170464,13.6761933734,13.8050837042,13.5911690901,13.7037078299,246818560,0.0,1.0
2021-01-25 00:00:00+00:00,546.13,553.14,529.4592,551.27,6277779,13.6171002498,13.7918862399,13.201433733,13.74526002,251111160,0.0,1.0
2021-01-26 00:00:00+00:00,537.41,545.79,535.5,543.2176,4099510,13.3996774491,13.6086227553,13.3520538769,13.5444830291,163980400,0.0,1.0
2021-01-27 00:00:00+00:00,516.71,529.31,511.75,529.2,9281821,12.8835476354,13.1977136089,12.7598759505,13.1949708901,371272840,0.0,1.0
2021-01-28 00:00:00+00:00,522.04,533.59,518.42,519.85,5707899,13.0164448289,13.3044303047,12.9261844461,12.9618397907,228315960,0.0,1.0
2021-01-29 00:00:00+00:00,519.59,533.39,516.4602,523.0,6788801,12.9553570007,13.2994435432,12.8773191703,13.0403812841,271552040,0.0,1.0
2021-02-01 00:00:00+00:00,529.48,530.83,516.11,522.1335,5430108,13.2019523562,13.2356129962,12.8685873509,13.0187761399,217204320,0.0,1.0
2021-02-02 00:00:00+00:00,542.27,542.88,531.4199,535.95,5451603,13.5208557532,13.5360653757,13.2503214492,13.3632740902,218064120,0.0,1.0
2021-02-03 00:00:00+00:00,541.22,557.27,540.66,545.44,6135232,13.4946752554,13.8948628646,13.4807123232,13.5998959227,245409280,0.0,1.0
2021-02-04 00:00:00+00:00,546.57,546.94,533.5145,541.24,5033462,13.6280711251,13.6372966339,13.3025478023,13.4951739315,201338480,0.0,1.0
2021-02-05 00:00:00+00:00,543.64,549.49,541.83,549.0,4228841,13.5550150693,13.7008778428,13.5098848779,13.6886602772,169153640,0.0,1.0
2021-02-08 00:00:00+00:00,577.55,578.95,549.0886,549.0886,10865571,14.4005204792,14.4354278096,13.6908694125,13.6908694125,434622840,0.0,1.0
2021-02-09 00:00:00+00:00,570.53,583.33,568.9,573.625,7128078,14.225485151,14.5446378861,14.1848430449,14.302655285,285123120,0.0,1.0
2021-02-10 00:00:00+00:00,590.57,596.2,573.655,578.53,12047762,14.7251586519,14.8655359877,14.3034032993,14.4249556105,481910480,0.0,1.0
2021-02-11 00:00:00+00:00,610.03,610.89,597.0,599.21,11270693,15.2103705444,15.2318136188,14.8854830336,14.940586748,450827720,0.0,1.0
2021-02-12 00:00:00+00:00,598.45,611.6455,591.0,602.0,9368937,14.9216370544,15.2506511103,14.7358801891,15.0101520708,374757480,0.0,1.0
2021-02-16 00:00:00+00:00,613.21,614.9,598.0,602.57,8048988,15.289660052,15.3317981866,14.9104168411,15.024364341,321959520,0.0,1.0
2021-02-17 00:00:00+00:00,596.24,608.9407,591.2,606.84,6786368,14.86653334,15.183210148,14.7408669506,15.1308316987,271454720,0.0,1.0
2021-02-18 00:00:00+00:00,593.16,594.93,583.0,589.16,5852020,14.7897372131,14.8338700523,14.5364097297,14.6900019834,234080800,0.0,1.0
2021-02-19 00:00:00+00:00,597.06,607.0799,593.868,600.98,6793103,14.8869790621,15.1368133191,14.8073903488,14.9847195872,271724120,0.0,1.0
2021-02-22 00:00:00+00:00,574.23,605.33,573.0,590.99,8041814,14.3177402385,15.0931816495,14.2870716554,14.735630851,321672560,0.0,1.0
2021-02-23 00:00:00+00:00,565.68,569.55,535.58,563.01,9794483,14.104556185,14.2010500198,13.3540485815,14.0379829192,391779320,0.0,1.0
2021-02-24 00:00:00+00:00,579.96,580.27,550.24,564.91,11207977,14.4606109551,14.4683404354,13.7195781984,14.0853571533,448319080,0.0,1.0
2021-02-25 00:00:00+00:00,532.3,574.99,528.65,561.8167,20304906,13.2722656931,14.3366899322,13.181257296,14.0082294068,812196240,0.0,1.0
2021-02-26 00:00:00+00:00,548.58,554.18,534.44,550.1,12468975,13.678188078,13.8178173996,13.325624041,13.7160874653,498759000,0.0,1.0
2021-03-01 00:00:00+00:00,553.67,557.0,542.1299,555.0,8829575,13.8051011578,13.8881307366,13.5173625268,13.8382631217,353183000,0.0,1.0
2021-03-02 00:00:00+00:00,536.25,556.82,535.84,556.0,6602853,13.3707542325,13.8836426512,13.3605313714,13.8631969291,264114120,0.0,1.0
2021-03-03 00:00:00+00:00,512.19,538.06,511.95,537.05,9439757,12.7708468258,13.4158844239,12.764862712,13.3907012784,377590280,0.0,1.0
2021-03-04 00:00:00+00:00,494.81,519.0,483.35,512.03,14333629,12.3374972527,12.9406460544,12.0517558196,12.7668574166,573345160,0.0,1.0
2021-03-05 00:00:00+00:00,498.46,502.0,467.17,502.0,13570971,12.4285056498,12.5167713281,11.6483268154,12.5167713281,542838840,0.0,1.0
2021-03-08 00:00:00+00:00,463.73,498.85,462.66,498.0,13577792,11.5625545179,12.4382298347,11.535875344,12.4170360984,543111680,0.0,1.0
2021-03-09 00:00:00+00:00,500.81,504.67,482.37,485.21,13045638,12.4910895065,12.5873647516,12.0311632061,12.1019978424,521825520,0.16,1.0
2021-03-10 00:00:00+00:00,498.73,519.2,498.3,513.62,9609414,12.4392106179,12.9497687182,12.4284856554,12.8105936229,384376560,0.0,1.0
2021-03-11 00:00:00+00:00,519.74,521.85,509.38,518.0,7497857,12.9632372758,13.0158644175,12.704840504,12.9198385902,299914280,0.0,1.0
2021-03-12 00:00:00+00:00,514.24,515.55,503.6,505.93,6099099,12.8260575224,12.8587312455,12.5606770541,12.618791386,243963960,0.0,1.0
2021-03-15 00:00:00+00:00,527.65,528.27,510.685,514.59,5563011,13.1605267029,13.1759906024,12.7373895182,12.8347871431,222520440,0.0,1.0
2021-03-16 00:00:00+00:00,531.65,540.5,524.67,534.26,6803240,13.2602937963,13.4810284903,13.0862002184,13.3253918247,272129600,0.0,1.0
2021-03-17 00:00:00+00:00,533.65,538.13,519.58,521.59,6096605,13.3101773429,13.4219164875,12.9592465921,13.0093795565,243864200,0.0,1.0
2021-03-18 00:00:00+00:00,508.9,527.36,508.6817,525.46,7354702,12.6928684528,13.1532935886,12.6874236637,13.1059042193,294188080,0.0,1.0
2021-03-19 00:00:00+00:00,513.83,516.86,504.5,510.0,7480174,12.8158313953,12.8914049686,12.5831246501,12.7203044035,299206960,0.0,1.0
2021-03-22 00:00:00+00:00,527.45,535.78,516.27,516.51,7445077,13.1555383482,13.3633033202,12.8766893223,12.8826753479,297803080,0.0,1.0
2021-03-23 00:00:00+00:00,522.83,533.78,520.85,530.17,5551152,13.0403073554,13.3134197735,12.9909226442,13.2233799717,222046080,0.0,1.0
2021-03-24 00:00:00+00:00,505.72,526.365,505.47,526.05,6145963,12.6135536136,13.1284765242,12.6073181702,13.1206198656,245838520,0.0,1.0
2021-03-25 00:00:00+00:00,501.41,508.59,490.88,499.98,7378614,12.5060545705,12.685136503,12.2434176972,12.4703878346,295144560,0.0,1.0
2021-03-26 00:00:00+00:00,513.57,514.25,494.94,502.18,9099224,12.8093465343,12.8263069402,12.344681297,12.5252597359,363968960,0.0,1.0
2021-03-29 00:00:00+00:00,517.93,522.5,508.0,512.81,6837997,12.918092666,13.0320765702,12.6704208568,12.7903907865,273519880,0.0,1.0
2021-03-30 00:00:00+00:00,514.87,519.01,508.2,513.678,5005062,12.8417708396,12.9450297813,12.6754092114,12.8120402458,200202480,0.0,1.0
2021-03-31 00:00:00+00:00,533.93,538.82,519.3,520.62,7869438,13.3171610395,13.4391263111,12.9522628955,12.9851860363,314777520,0.0,1.0
2021-04-01 00:00:00+00:00,552.47,554.8,540.45,542.89,7706865,13.7795815172,13.8376958491,13.4797814017,13.5406393286,308274600,0.0,1.0
2021-04-05 00:00:00+00:00,559.5,560.5585,549.32,554.7,6391785,13.9549221838,13.9813230509,13.7010149312,13.8352016718,255671400,0.0,1.0
2021-04-06 00:00:00+00:00,554.46,562.165,550.9449,559.9871,4793649,13.8292156462,14.0213920097,13.7415428187,13.9670713216,191745960,0.0,1.0
2021-04-07 00:00:00+00:00,565.74,569.7399,548.46,555.23,6282109,14.1105588494,14.2103234486,13.6795650061,13.8484208116,251284360,0.0,1.0
2021-04-08 00:00:00+00:00,572.68,578.86,569.9577,570.11,6110373,14.2836547564,14.4377949157,14.2157557669,14.2195543989,244414920,0.0,1.0
2021-04-09 00:00:00+00:00,576.0,576.32,567.0,568.56,4879272,14.3664614439,14.3744428114,14.1419854838,14.1808946503,195170880,0.0,1.0
2021-04-12 00:00:00+00:00,608.36,614.1,565.57,571.59,21733050,15.1735772292,15.3167430082,14.106318748,14.2564682235,869322000,0.0,1.0
2021-04-13 00:00:00+00:00,627.18,628.0,605.03,609.26,16905297,15.6429814034,15.6634336576,15.090521124,15.1960248252,676211880,0.0,1.0
2021-04-14 00:00:00+00:00,611.08,628.8184,609.1,625.0,9637548,15.2414188527,15.6838460049,15.1920341415,15.5886083376,385501920,0.0,1.0
2021-04-15 00:00:00+00:00,645.49,648.566,625.26,626.5,14962017,16.0996652733,16.1763861681,15.5950931986,15.6260209976,598480680,0.0,1.0
2021-04-16 00:00:00+00:00,636.5,646.63,634.61,642.1235,8380189,15.875438731,16.1280988949,15.8282987794,16.0156987934,335207560,0.0,1.0
2021-04-19 00:00:00+00:00,614.47,632.3,609.3201,621.4616,10110452,15.3259714643,15.770683283,15.1975238258,15.5003543668,404418080,0.0,1.0
2021-04-20 00:00:00+00:00,606.85,619.88,598.52,612.93,8353326,15.1359151514,15.4609064581,14.9281501795,15.2875611334,334133040,0.0,1.0
2021-04-21 00:00:00+00:00,614.42,614.5,604.09,604.75,5419426,15.3247243756,15.3267197175,15.067075857,15.0835374274,216777040,0.0,1.0
2021-04-22 00:00:00+00:00,594.01,617.5427,591.34,615.0,6944657,14.8156627818,15.4026100512,14.7490682469,15.3391906042,277786280,0.0,1.0
2021-04-23 00:00:00+00:00,610.61,613.395,596.01,597.3745,5694305,15.2296962192,15.299159058,14.8655463284,14.8995793782,227772200,0.0,1.0
2021-04-26 00:00:00+00:00,619.12,619.16,605.0,607.4018,4944927,15.4419507103,15.4429483813,15.0897728708,15.149678022,197797080,0.0,1.0
2021-04-27 00:00:00+00:00,615.27,626.82,614.18,623.14,4114325,15.345924883,15.634002365,15.31873835,15.5422166392,164573000,0.0,1.0
2021-04-28 00:00:00+00:00,611.07,621.29,608.6207,614.58,5235405,15.2411694349,15.4960743585,15.1800795495,15.3287150594,209416200,0.0,1.0
2021-04-29 00:00:00+00:00,612.99,617.46,602.86,616.0,4329912,15.2890576398,15.4005473666,15.0363974758,15.3641323775,173196480,0.0,1.0
2021-04-30 00:00:00+00:00,600.38,614.5999,599.88,606.98,5047752,14.9745418779,15.3292114007,14.9620709913,15.139157582,201910080,0.0,1.0
2021-05-03 00:00:00+00:00,593.47,609.87,591.5,605.0,5097796,14.8021942242,15.2112393069,14.7530589307,15.0897728708,203911840,0.0,1.0
2021-05-04 00:00:00+00:00,574.05,585.5,560.4101,585.49,10133120,14.3178249859,14.6034082906,13.9776216917,14.6031588729,405324800,0.0,1.0
2021-05-05 00:00:00+00:00,578.34,592.54,575.5,588.36,7300576,14.4248251935,14.7789983749,14.3539905572,14.6747417624,292023040,0.0,1.0
2021-05-06 00:00:00+00:00,580.92,582.85,568.7236,579.81,4834523,14.4891749687,14.5373125913,14.1849751244,14.4614896003,193380920,0.0,1.0
2021-05-07 00:00:00+00:00,592.49,598.83,586.8683,592.33,5733183,14.7777512863,14.9358821293,14.6375361191,14.7737606025,229327320,0.0,1.0
2021-05-10 00:00:00+00:00,570.63,592.24,570.0,591.49,6722595,14.2325241211,14.7715158429,14.2168108039,14.7528095129,268903800,0.0,1.0
2021-05-11 00:00:00+00:00,572.25,574.19,550.0,553.0,7139634,14.2729297939,14.3213168342,13.7179753371,13.7928006571,285585360,0.0,1.0
2021-05-12 00:00:00+00:00,550.34,570.41,548.37,560.38,7585233,13.72645554,14.2270369309,13.6773202465,13.9768709443,303409320,0.0,1.0
2021-05-13 00:00:00+00:00,546.61,563.23,538.36,561.35,7143187,13.6334227254,14.0479549983,13.4276530954,14.0010644645,285727480,0.0,1.0
2021-05-14 00:00:00+00:00,569.72,573.1242,549.94,555.6,6465375,14.2098271073,14.2947338921,13.7164788307,13.8576492678,258615000,0.0,1.0
2021-05-17 00:00:00+00:00,566.62,566.77,554.14,566.28,5424521,14.13250761,14.136248876,13.8212342787,14.124027407,216980840,0.0,1.0
2021-05-18 00:00:00+00:00,560.63,576.17,560.16,570.68,4656356,13.9831063877,14.3707015454,13.9713837542,14.2337712097,186254240,0.0,1.0
2021-05-19 00:00:00+00:00,562.63,563.18,541.73,542.66,8599984,14.0329899343,14.0467079097,13.5117068715,13.5349027207,343999360,0.0,1.0
2021-05-20 00:00:00+00:00,584.5,587.3514,570.82,572.1,8039798,14.5784665173,14.6495854898,14.237263058,14.2691885279,321591920,0.0,1.0
2021-05-21 00:00:00+00:00,599.67,608.88,594.7756,606.55,16824800,14.9568332189,15.1865469513,14.8347582034,15.1284326194,672992000,0.0,1.0
2021-05-24 00:00:00+00:00,624.48,629.8,607.04,608.5,13870405,15.5756386154,15.7083288496,15.1406540884,15.1770690775,554816200,0.0,1.0
2021-05-25 00:00:00+00:00,625.91,632.7399,619.3,630.64,10885172,15.6113053513,15.781655169,15.4464402295,15.7292799392,435406880,0.0,1.0
2021-05-26 00:00:00+00:00,628.0,631.75,623.45,629.37,9260966,15.6634336576,15.7569653076,15.5499485889,15.6976038871,370438640,0.0,1.0
2021-05-27 00:00:00+00:00,619.52,630.0,618.4,627.99,14536880,15.4519274197,15.7133172043,15.4239926335,15.6631842399,581475200,0.0,1.0
2021-05-28 00:00:00+00:00,649.78,651.099,620.04,620.04,16113390,16.2066654809,16.23956368,15.4648971418,15.4648971418,644535600,0.0,1.0
2021-06-01 00:00:00+00:00,650.58,655.525,636.13,650.8,11820075,16.2266188996,16.3499559688,15.8662102748,16.2321060897,472803000,0.0,1.0
2021-06-02 00:00:00+00:00,671.13,676.7547,649.42,650.09,14854189,16.7391723417,16.8794623343,16.1976864425,16.2143974307,594167560,0.0,1.0
2021-06-03 00:00:00+00:00,678.79,690.36,663.32,668.03,14500170,16.9302263255,17.2188026431,16.544377092,16.6618528444,580006800,0.0,1.0
2021-06-04 00:00:00+00:00,703.13,706.44,683.82,684.5,15428007,17.5373090886,17.6198663584,17.0556834454,17.0726438513,617120280,0.0,1.0
2021-06-07 00:00:00+00:00,704.76,712.5,687.71,702.8456,14393873,17.5779641792,17.7710135048,17.1527069437,17.5302156483,575754920,0.0,1.0
2021-06-08 00:00:00+00:00,698.28,704.8635,690.04,701.09,8096169,17.4163414879,17.5805456527,17.2108212756,17.486427871,323846760,0.0,1.0
2021-06-09 00:00:00+00:00,694.33,703.0,690.23,700.63,9541437,17.321812167,17.5381071729,17.2195273314,17.4789815485,381657480,0.16,1.0
2021-06-10 00:00:00+00:00,697.0,699.68,687.0401,694.0,7194261,17.3884220477,17.4552814036,17.1399472346,17.3135794851,287770440,0.0,1.0
2021-06-11 00:00:00+00:00,713.01,717.569,697.75,699.18,10407691,17.7878318569,17.9015676045,17.4071326884,17.4428076432,416307640,0.0,1.0
2021-06-14 00:00:00+00:00,720.75,721.58,706.5101,716.24,8034357,17.9809256684,18.0016321107,17.6256754659,17.8684123493,321374280,0.0,1.0
2021-06-15 00:00:00+00:00,711.54,720.65,709.118,716.6,6075761,17.7511590012,17.9784309163,17.6907361056,17.8773934568,243030440,0.0,1.0
2021-06-16 00:00:00+00:00,712.41,718.1871,703.377,711.63,7594711,17.7728633443,17.9169876672,17.5475123883,17.7534042781,303788440,0.0,1.0
2021-06-17 00:00:00+00:00,746.29,753.4,710.2501,710.9827,20241372,18.6180853515,18.7954622249,17.718979194,17.7372557478,809654880,0.0,1.0
2021-06-18 00:00:00+00:00,745.55,775.0,743.36,751.36,24221357,18.599624186,19.3343286757,18.5449891153,18.7445692823,968854280,0.0,1.0
2021-06-21 00:00:00+00:00,737.09,741.46,712.906,737.41,16809554,18.3885681595,18.4975888257,17.7852373147,18.3965513661,672382160,0.0,1.0
2021-06-22 00:00:00+00:00,755.47,758.55,735.435,738.86,14503639,18.8471035931,18.9239419574,18.3472800124,18.4327252714,580145560,0.0,1.0
2021-06-23 00:00:00+00:00,762.29,766.11,756.31,760.31,8308926,19.0172456854,19.1125452152,18.8680595106,18.9678495941,332357040,0.0,1.0
2021-06-24 00:00:00+00:00,768.22,776.8,763.53,769.11,8023060,19.1651844842,19.3792342133,19.0481806113,19.1873877778,320922400,0.0,1.0
2021-06-25 00:00:00+00:00,761.24,773.82,755.775,771.22,6959148,18.9910507885,19.3048906011,18.8547125869,19.2400270468,278365920,0.0,1.0
2021-06-28 00:00:00+00:00,799.4,803.15,772.76,774.45,12385914,19.943048185,20.0366013883,19.278446229,19.3206075392,495436560,0.0,1.0
2021-06-29 00:00:00+00:00,801.07,803.95,786.275,795.3,9190846,19.9847105448,20.0565594049,19.6156119735,19.8407633494,367633840,0.0,1.0
2021-06-30 00:00:00+00:00,800.1,806.5,794.55,799.965,8164154,19.9605114496,20.1201755832,19.8220527088,19.9571435343,326566160,0.0,1.0
2021-07-01 00:00:00+00:00,808.48,818.24,800.76,805.0,12003374,20.1695716745,20.4130594782,19.9769768134,20.0827543019,480134960,0.0,1.0
2021-07-02 00:00:00+00:00,819.48,820.21,811.51,817.605,8584917,20.4439944041,20.4622060943,20.2451626627,20.3972178025,343396680,0.0,1.0
2021-07-06 00:00:00+00:00,827.94,833.68,814.01,829.5,11167687,20.6550504307,20.7982492005,20.3075314649,20.6939685632,446707480,0.0,1.0
2021-07-07 00:00:00+00:00,814.87,835.0,813.282,834.14,10460682,20.3289863329,20.831179928,20.2893696697,20.8097250601,418427280,0.0,1.0
2021-07-08 00:00:00+00:00,796.11,805.32,788.03,794.26,12582492,19.8609708413,20.0907375085,19.6593948727,19.8148179277,503299680,0.0,1.0
2021-07-09 00:00:00+00:00,802.01,803.205,790.17,798.5,7415567,20.0081612145,20.0379735019,19.7127825673,19.9205954162,296622680,0.0,1.0
2021-07-12 00:00:00+00:00,820.5,821.31,807.51,809.6,8049619,20.4694408754,20.4896483673,20.1453725793,20.1975128979,321984760,0.0,1.0
2021-07-13 00:00:00+00:00,810.0,818.45,804.5601,816.02,7267658,20.2074919062,20.4182984576,20.0717798874,20.3576759819,290706320,0.0,1.0
2021-07-14 00:00:00+00:00,793.66,816.71,790.11,814.31,9502480,19.7998494152,20.3748897713,19.7112857161,20.3150157212,380099200,0.0,1.0
2021-07-15 00:00:00+00:00,758.65,793.88,754.3401,792.47,13764113,18.9264367095,19.8053378698,18.8189153892,19.7701618653,550564520,0.0,1.0
2021-07-16 00:00:00+00:00,726.44,766.2844,722.92,761.22,17205566,18.1228770622,19.1168960628,18.0350617887,18.9905518381,688222640,0.0,1.0
2021-07-19 00:00:00+00:00,751.19,761.68,714.62,716.61,18726469,18.7403282037,19.0020276977,17.8279973655,17.877642932,749058760,0.0,1.0
2021-07-20 00:00:00+00:00,186.12,188.38,181.64,187.3,43366188,18.5729303387,18.7984559274,18.1258707647,18.6906826372,433661880,0.0,4.0
2021-07-21 00:00:00+00:00,194.1,195.27,187.42,188.82,37101736,19.3692552049,19.4860096026,18.7026574472,18.8423635641,371017360,0.0,1.0
2021-07-22 00:00:00+00:00,195.94,198.87,192.76,196.42,32382595,19.5528689585,19.8452539032,19.2355364931,19.6007681986,323825950,0.0,1.0
2021-07-23 00:00:00+00:00,195.58,197.0,192.5,196.5635,19567198,19.5169445285,19.658646447,19.2095910713,19.6150880756,195671980,0.0,1.0
2021-07-26 00:00:00+00:00,192.94,194.42,189.14,193.11,20394316,19.2534987081,19.4011880316,18.8742963908,19.2704630223,203943160,0.0,1.0
2021-07-27 00:00:00+00:00,192.08,196.22,187.41,192.65,24886258,19.1676792363,19.5808101819,18.7016595464,19.2245595839,248862580,0.0,1.0
2021-07-28 00:00:00+00:00,195.03,196.46,189.95,193.192,20219115,19.4620599826,19.604759802,18.9551263585,19.2786458091,202191150,0.0,1.0
2021-07-29 00:00:00+00:00,196.62,198.53,193.2803,195.19,18373399,19.6207262153,19.8113252748,19.2874572735,19.4780263959,183733990,0.0,1.0
2021-07-30 00:00:00+00:00,194.99,196.3,192.63,194.18,18349746,19.4580683792,19.5887933886,19.2225637822,19.3772384116,183497460,0.0,1.0
2021-08-02 00:00:00+00:00,197.5,199.61,193.61,197.0,21744397,19.7085414888,19.9190985649,19.320358064,19.658646447,217443970,0.0,1.0
2021-08-03 00:00:00+00:00,198.15,202.22,192.2,197.4,30181074,19.7734050431,20.1795506828,19.1796540463,19.6985624804,301810740,0.0,1.0
2021-08-04 00:00:00+00:00,202.74,203.18,198.28,199.9,23130940,20.2314415263,20.275349163,19.7863777539,19.9480376892,231309400,0.0,1.0
2021-08-05 00:00:00+00:00,206.37,207.33,203.42,205.0,21143537,20.5936795293,20.6894780095,20.299298783,20.4569671149,211435370,0.0,1.0
2021-08-06 00:00:00+00:00,203.66,205.7,202.1,205.24,17849661,20.3232484031,20.5268201734,20.1675758728,20.480916735,178496610,0.0,1.0
2021-08-09 00:00:00+00:00,202.95,205.0799,201.43,204.46,14644310,20.2523974438,20.4649403426,20.1007165169,20.4030804699,146443100,0.0,1.0
2021-08-10 00:00:00+00:00,199.36,204.3,198.3454,203.22,17923778,19.8941510441,20.3871140565,19.7929040254,20.2793407663,179237780,0.0,1.0
2021-08-11 00:00:00+00:00,196.99,200.49,194.3,200.43,18592484,19.6576485462,20.0069138384,19.3892132216,20.0009264334,185924840,0.0,1.0
2021-08-12 00:00:00+00:00,199.05,200.2899,196.2,198.7,15186155,19.8632161182,19.9869458427,19.5788143803,19.828289589,151861550,0.0,1.0
2021-08-13 00:00:00+00:00,201.88,202.1381,198.51,199.05,18059898,20.1456220545,20.171377875,19.8093294731,19.8632161182,180598980,0.0,1.0
2021-08-16 00:00:00+00:00,199.5,202.87,194.53,201.35,21115280,19.9081216558,20.2444142371,19.4121649408,20.0927333102,211152800,0.0,1.0
2021-08-17 00:00:00+00:00,194.58,197.7,192.67,196.85,20458485,19.417154445,19.7284995055,19.2265553855,19.6436779345,204584850,0.0,1.0
2021-08-18 00:00:00+00:00,190.4,196.3365,190.0,195.0,28591348,19.000031896,19.5924357266,18.9601158626,19.4590662801,285913480,0.0,1.0
2021-08-19 00:00:00+00:00,197.98,204.95,187.62,194.94,76655477,19.7564407289,20.4519776108,18.7226154639,19.4530788751,766554770,0.0,1.0
2021-08-20 00:00:00+00:00,208.16,208.6506,199.33,199.91,67574131,20.7723037788,20.8212607937,19.8911573416,19.94903559,675741310,0.0,1.0
2021-08-23 00:00:00+00:00,219.58,219.97,209.5,209.71,57580658,21.9119065322,21.9508246647,20.9060224906,20.9269784082,575806580,0.0,1.0
2021-08-24 00:00:00+00:00,217.93,219.59,215.35,217.53,29729892,21.7472528944,21.912904433,21.489794479,21.707336861,297298920,0.0,1.0
2021-08-25 00:00:00+00:00,222.13,224.7,217.22,217.37,34770104,22.1663712451,22.4228317596,21.6764019352,21.6913704477,347701040,0.0,1.0
2021-08-26 00:00:00+00:00,220.68,223.4,217.9,222.0,23794042,22.021675624,22.2931046511,21.7442591919,22.1533985342,237940420,0.0,1.0
2021-08-27 00:00:00+00:00,226.36,227.22,221.67,221.84,30472219,22.5884832982,22.67430277,22.1204678067,22.1374321209,304722190,0.0,1.0
2021-08-30 00:00:00+00:00,226.88,230.43,225.51,228.2997,26257990,22.6403741416,22.994628938,22.5036617273,22.7820461232,262579900,0.0,1.0
2021-08-31 00:00:00+00:00,223.85,226.95,221.2,226.95,25984968,22.342001792,22.6514063288,22.077510817,22.6514063288,259849680,0.04,1.0
2021-09-01 00:00:00+00:00,224.41,226.97,223.565,224.85,20176695,22.3978942245,22.6534024871,22.3135565362,22.4418097071,201766950,0.0,1.0
2021-09-02 00:00:00+00:00,223.96,225.9299,222.945,225.18,18810957,22.3529806627,22.5495922746,22.2516756289,22.4747463191,188109570,0.0,1.0
2021-09-03 00:00:00+00:00,228.43,229.86,222.0,223.25,28083198,22.7991220431,22.9418473617,22.1573571491,22.282117043,280831980,0.0,1.0
2021-09-07 00:00:00+00:00,226.62,228.99,225.224,228.33,19810716,22.6184697168,22.8550144756,22.4791378673,22.7891412516,198107160,0.0,1.0
2021-09-08 00:00:00+00:00,223.39,226.1,219.77,225.13,25443421,22.2960901511,22.566569601,21.9347854985,22.4697559233,254434210,0.0,1.0
2021-09-09 00:00:00+00:00,221.77,225.38,221.31,223.12,19685601,22.1344013286,22.4947079021,22.0884896877,22.269142014,196856010,0.0,1.0
2021-09-10 00:00:00+00:00,224.78,226.26,222.7,223.4831,24837574,22.4348231531,22.5825388674,22.2272226897,22.305382268,248375740,0.0,1.0
2021-09-13 00:00:00+00:00,221.52,229.64,218.58,226.84,29749990,22.1094493499,22.9198896204,21.8160140795,22.6404274581,297499900,0.0,1.0
2021-09-14 00:00:00+00:00,222.42,224.1,220.86,222.75,19975460,22.1992764734,22.3669537708,22.0435761259,22.2322130854,199754600,0.0,1.0
2021-09-15 00:00:00+00:00,223.41,223.6699,219.66,223.09,16653801,22.2980863094,22.3240263865,21.9238066278,22.2661477766,166538010,0.0,1.0
2021-09-16 00:00:00+00:00,222.42,222.77,219.27,221.8345,15603344,22.1992764734,22.2342092437,21.8848815409,22.1408389392,156033440,0.0,1.0
2021-09-17 00:00:00+00:00,219.0,223.21,218.3,223.0,29450284,21.8579334039,22.2781247264,21.7880678633,22.2571650642,294502840,0.0,1.0
2021-09-20 00:00:00+00:00,211.13,214.33,206.62,211.46,34944045,21.0724451121,21.3918304404,20.6223114151,21.1053817241,349440450,0.0,1.0
2021-09-21 00:00:00+00:00,212.46,214.25,209.5,214.165,20468810,21.2051896392,21.3838458072,20.9097582105,21.3753621344,204688100,0.0,1.0
2021-09-22 00:00:00+00:00,219.41,219.6,211.96,213.655,26872556,21.898854649,21.9178181529,21.1552856816,21.3244600977,268725560,0.0,1.0
2021-09-23 00:00:00+00:00,224.82,225.345,218.9,221.4,24855491,22.4388154697,22.4912146251,21.8479526123,22.0974724001,248554910,0.0,1.0
2021-09-24 00:00:00+00:00,220.81,221.49,218.61,220.7,21765545,22.0385857302,22.1064551124,21.819008317,22.0276068595,217655450,0.0,1.0
2021-09-27 00:00:00+00:00,216.6,217.99,213.25,217.1035,24521514,21.6183944076,21.7571274096,21.2840378921,21.6686476929,245215140,0.0,1.0
2021-09-28 00:00:00+00:00,206.99,214.19,206.51,212.135,34306895,20.6592403437,21.3778573323,20.6113325444,21.1727520668,343068950,0.0,1.0
2021-09-29 00:00:00+00:00,205.17,210.17,204.67,209.395,21839363,20.4775899382,20.9766295136,20.4276859807,20.8992783795,218393630,0.0,1.0
2021-09-30 00:00:00+00:00,207.16,210.66,206.88,207.684,22100912,20.6762076892,21.025535392,20.648261473,20.7285070367,221009120,0.0,1.0
2021-10-01 00:00:00+00:00,207.42,208.59,202.03,207.5,24097796,20.7021577472,20.8189330078,20.1641930848,20.7101423804,240977960,0.0,1.0
2021-10-04 00:00:00+00:00,197.32,205.4179,195.55,205.04,34563497,19.6940978048,20.5023323204,19.5174377951,20.4646149093,345634970,0.0,1.0
2021-10-05 00:00:00+00:00,204.51,206.48,198.54,199.5,27928165,20.4117167143,20.608338307,19.8158634612,19.9116790597,279281650,0.0,1.0
2021-10-06 00:00:00+00:00,207.0,207.2,200.8,201.2,29720175,20.6602384228,20.6802000058,20.0414293493,20.0813525153,297201750,0.0,1.0
2021-10-07 00:00:00+00:00,210.75,213.22,209.72,210.92,25691893,21.0345181044,21.2810436547,20.9317159519,21.05148545,256918930,0.0,1.0
2021-10-08 00:00:00+00:00,208.31,212.06,207.75,211.01,15125791,20.7909867916,21.1652664732,20.7350943591,21.0604681623,151257910,0.0,1.0
2021-10-11 00:00:00+00:00,206.95,210.63,205.11,205.75,16338754,20.6552480271,21.0225411546,20.4716014633,20.535478529,163387540,0.0,1.0
2021-10-12 00:00:00+00:00,206.71,210.57,205.28,208.275,16213354,20.6312941274,21.0165526797,20.4885688089,20.7874935146,162133540,0.0,1.0
2021-10-13 00:00:00+00:00,209.39,209.9,207.13,209.18,18065188,20.8987793399,20.9496813766,20.6732134518,20.8778196777,180651880,0.0,1.0
2021-10-14 00:00:00+00:00,217.46,217.55,211.2201,212.88,24358881,21.7042292146,21.713211927,21.0814378053,21.2471089635,243588810,0.0,1.0
2021-10-15 00:00:00+00:00,218.62,219.31,216.62,218.1,22699401,21.8200063961,21.8888738575,21.6203905659,21.7681062803,226994010,0.0,1.0
2021-10-18 00:00:00+00:00,222.22,222.91,216.44,217.49,18949356,22.1793148904,22.2481823518,21.6024251412,21.7072234521,189493560,0.0,1.0
2021-10-19 00:00:00+00:00,222.9,223.79,220.37,222.76,16147329,22.2471842727,22.3360133171,21.9946702475,22.2332111646,161473290,0.0,1.0
2021-10-20 00:00:00+00:00,221.03,224.33,219.82,223.045,14627594,22.0605434715,22.3899095913,21.9397758942,22.2616564204,146275940,0.0,1.0
2021-10-21 00:00:00+00:00,226.92,227.11,220.83,220.97,18759032,22.6484120913,22.6673755952,22.0405818885,22.0545549966,187590320,0.0,1.0
2021-10-22 00:00:00+00:00,227.26,231.3,225.61,228.23,24938379,22.6823467825,23.0855707594,22.5176637226,22.7791604601,249383790,0.0,1.0
2021-10-25 00:00:00+00:00,231.66,233.5499,227.7,229.73,23023483,23.1215016088,23.3101285876,22.7262622651,22.9288723327,230234830,0.0,1.0
2021-10-26 00:00:00+00:00,247.17,252.59,239.24,239.89,48589830,24.6695223718,25.2104812716,23.8780456052,23.94292075,485898300,0.0,1.0
2021-10-27 00:00:00+00:00,244.51,250.9,242.8201,244.74,24598989,24.4040333177,25.0418058951,24.235367922,24.4269891382,245989890,0.0,1.0
2021-10-28 00:00:00+00:00,249.41,249.5,245.23,248.78,23420431,24.8930921016,24.902074814,24.4758950166,24.8302131151,234204310,0.0,1.0
2021-10-29 00:00:00+00:00,255.67,257.09,250.0,250.005,29250284,25.5178896501,25.6596168895,24.9519787715,24.9524778111,292502840,0.0,1.0
2021-11-01 00:00:00+00:00,258.27,258.94,252.27,256.49,26074158,25.7773902293,25.8442615324,25.1785427388,25.5997321404,260741580,0.0,1.0
2021-11-02 00:00:00+00:00,264.01,266.78,258.0,258.22,28744823,26.3502876619,26.6267555867,25.7504420922,25.7723998335,287448230,0.0,1.0
2021-11-03 00:00:00+00:00,265.98,267.84,262.35,266.7,23991033,26.5469092546,26.7325519767,26.1846065228,26.6187709535,239910330,0.0,1.0
2021-11-04 00:00:00+00:00,298.01,313.65,271.18,272.29,115363115,29.7437567748,31.3047525668,27.065910413,27.1766971988,1153631150,0.0,1.0
2021-11-05 00:00:00+00:00,297.52,314.0,294.1,301.87,85126015,29.6948508964,31.339685337,29.3535078268,30.129015327,851260150,0.0,1.0
2021-11-08 00:00:00+00:00,308.04,311.0,299.07,301.49,50310093,30.7448301631,31.0402615918,29.8495531648,30.0910883193,503100930,0.0,1.0
2021-11-09 00:00:00+00:00,306.57,323.1,299.64,322.82,64216853,30.5981125279,32.2479373643,29.9064436764,32.2199911481,642168530,0.0,1.0
2021-11-10 00:00:00+00:00,294.59,308.5,287.78,293.56,63620572,29.4024137052,30.7907418041,28.7227218035,29.2996115527,636205720,0.0,1.0
2021-11-11 00:00:00+00:00,303.9,305.9,297.7701,304.68,33217211,30.3316253947,30.5312412248,29.719812856,30.4094755684,332172110,0.0,1.0
2021-11-12 00:00:00+00:00,303.9,306.8,296.3,300.1,41026129,30.3316253947,30.6210683484,29.57308524,29.9523553173,410261290,0.0,1.0
2021-11-15 00:00:00+00:00,300.25,306.44,292.47,305.52,38490900,29.9673265046,30.585137499,29.1908209252,30.4933142171,384909000,0.0,1.0
2021-11-16 00:00:00+00:00,302.03,303.9,297.0587,297.59,26448367,30.1449845935,30.3316253947,29.6488095052,29.7018374505,264483670,0.0,1.0
2021-11-17 00:00:00+00:00,292.61,305.09,288.0,304.18,42850799,29.2047940333,30.4503968136,28.7446795448,30.3595716109,428507990,0.0,1.0
2021-11-18 00:00:00+00:00,316.75,327.6,313.21,323.67,78171075,31.6141571035,32.6970729822,31.2608370841,32.3048278759,781710750,0.0,1.0
2021-11-19 00:00:00+00:00,329.85,330.88,319.05,322.43,53386665,32.9216407911,33.0244429437,31.8437153082,32.1810660612,533866650,0.0,1.0
2021-11-22 00:00:00+00:00,319.56,346.47,319.0,335.17,75433524,31.8946173449,34.5804483399,31.8387249125,33.4526188994,754335240,0.0,1.0
2021-11-23 00:00:00+00:00,317.46,323.6,308.8,315.35,53216270,31.6850207232,32.2978413219,30.8206841786,31.4744260224,532162700,0.0,1.0
2021-11-24 00:00:00+00:00,326.74,328.55,309.28,314.61,43516226,32.6112381752,32.7918905015,30.8685919778,31.4005681652,435162260,0.0,1.0
2021-11-26 00:00:00+00:00,315.03,327.1,313.5,326.0,28306886,31.4424874896,32.6471690247,31.2897813795,32.5373803181,283068860,0.0,1.0
2021-11-29 00:00:00+00:00,333.76,334.12,320.36,323.66,45496398,33.3118897391,33.3478205886,31.974463677,32.3038297968,454963980,0.0,1.0
2021-11-30 00:00:00+00:00,326.76,333.53,318.6401,331.69,62206647,32.6132343335,33.2889339187,31.8028040438,33.1052873549,622066470,0.0,1.0
2021-12-01 00:00:00+00:00,314.35,332.8934,313.8,332.1947,48580204,31.3786104239,33.2296240219,31.3237090855,33.159879358,485802040,0.04,1.0
2021-12-02 00:00:00+00:00,321.26,324.7799,310.25,312.14,47289033,32.0683708757,32.4197294596,30.9693459011,31.1580068641,472890330,0.0,1.0
2021-12-03 00:00:00+00:00,306.93,321.29,301.3,320.0,54432505,30.6379414583,32.0713654942,30.0759513941,31.9425969004,544325050,0.0,1.0
2021-12-06 00:00:00+00:00,300.37,302.41,280.38,298.8,65893845,29.9831182218,30.1867522771,27.9877041217,29.8263998558,658938450,0.0,1.0
2021-12-07 00:00:00+00:00,324.27,324.49,306.51,309.57,59305348,32.3688309278,32.3907914632,30.5960167999,30.9014678827,593053480,0.0,1.0
2021-12-08 00:00:00+00:00,318.26,322.9,314.2101,319.99,47555145,31.7689090298,32.2320766848,31.3646455198,31.9415986943,475551450,0.0,1.0
2021-12-09 00:00:00+00:00,304.9,322.05,304.28,317.34,48850716,30.4353056092,32.1472291618,30.3734168277,31.6770740637,488507160,0.0,1.0
2021-12-10 00:00:00+00:00,301.98,313.05,298.61,311.5,48882509,30.1438294125,31.248843624,29.8074339389,31.0941216703,488825090,0.0,1.0
2021-12-13 00:00:00+00:00,281.61,302.94,281.16,302.49,59834366,28.1104834785,30.2396572032,28.0655642016,30.1947379263,598343660,0.0,1.0
2021-12-14 00:00:00+00:00,283.37,286.78,272.5,276.99,66703537,28.2861677615,28.6265560597,27.201117673,27.6493122358,667035370,0.0,1.0
2021-12-15 00:00:00+00:00,304.59,305.0,278.38,284.0,69829688,30.4043612185,30.4452876707,27.7880628911,28.3490547491,698296880,0.0,1.0
2021-12-16 00:00:00+00:00,283.87,311.6,280.93,311.52,70736595,28.3360780691,31.1041037318,28.0426054601,31.0961180826,707365950,0.0,1.0
2021-12-17 00:00:00+00:00,278.01,289.22,277.6,279.85,71662239,27.7511292634,28.8701183611,27.7102028111,27.9347991956,716622390,0.0,1.0
2021-12-20 00:00:00+00:00,277.19,281.44,271.45,273.05,46184676,27.6692763589,28.0935139739,27.096306027,27.2560190115,461846760,0.0,1.0
2021-12-21 00:00:00+00:00,290.75,291.2,274.01,283.74,52438494,29.0228439025,29.0677631794,27.3518468022,28.3231013892,524384940,0.0,1.0
2021-12-22 00:00:00+00:00,294.0,295.55,284.49,288.91,39518438,29.3472609023,29.501982856,28.3979668506,28.8391739703,395184380,0.0,1.0
2021-12-23 00:00:00+00:00,296.4,300.59,294.3101,297.55,34302174,29.586830379,30.0050787572,29.3782152751,29.7016240866,343021740,0.0,1.0
2021-12-27 00:00:00+00:00,309.45,310.865,296.4,296.6,40368587,30.8894894089,31.0307355795,29.586830379,29.6067945021,403685870,0.0,1.0
2021-12-28 00:00:00+00:00,303.22,313.3,300.1181,313.12,42059121,30.2676069755,31.2737987778,29.9579734088,31.2558310671,420591210,0.0,1.0
2021-12-29 00:00:00+00:00,300.01,305.48,293.66,302.725,34313928,29.9471828003,30.4932015661,29.3133218931,30.2181957709,343139280,0.0,1.0
2021-12-30 00:00:00+00:00,295.86,304.57,295.4,298.27,30886422,29.5329272468,30.4023648061,29.4870097637,29.7734949297,308864220,0.0,1.0
2021-12-31 00:00:00+00:00,294.11,300.3,293.3057,296.74,26347792,29.35824117,29.9761307788,29.2779554491,29.6207693882,263477920,0.0,1.0
2022-01-03 00:00:00+00:00,301.21,307.11,297.85,298.15,39240294,30.0669675387,30.655909169,29.7315702712,29.7615164558,392402940,0.0,1.0
2022-01-04 00:00:00+00:00,292.9,304.68,283.49,302.77,52715440,29.2374582254,30.4133450738,28.2981462353,30.2226876986,527154400,0.0,1.0
2022-01-05 00:00:00+00:00,276.04,294.16,275.33,289.49,49806388,27.5544826512,29.3632322007,27.4836100144,28.8970699272,498063880,0.0,1.0
2022-01-06 00:00:00+00:00,281.78,284.3799,270.65,276.4,45418637,28.1274529831,28.3869766009,27.0164495347,27.5904180728,454186370,0.0,1.0
2022-01-07 00:00:00+00:00,272.47,284.22,270.57,281.41,40993851,27.1981230546,28.3710152845,27.0084638855,28.0905193555,409938510,0.0,1.0
2022-01-10 00:00:00+00:00,274.0,274.69,256.4384,265.81,59468095,27.350848596,27.4197248206,25.5978388781,26.5333177566,594680950,0.0,1.0
2022-01-11 00:00:00+00:00,278.17,280.65,268.39,273.225,40276508,27.7671005619,28.0146556878,26.7908549441,27.2734876191,402765080,0.0,1.0
2022-01-12 00:00:00+00:00,279.99,285.95,276.08,280.665,38341348,27.9487740817,28.543704949,27.5584754759,28.0161529971,383413480,0.0,1.0
2022-01-13 00:00:00+00:00,265.75,284.8,264.98,283.79,53886809,26.5273285197,28.4289112414,26.4504666459,28.3280924199,538868090,0.0,1.0
2022-01-14 00:00:00+00:00,269.42,271.969,262.1001,263.0,39583235,26.8936701779,27.1481129263,26.1629932558,26.2528218275,395832350,0.0,1.0
2022-01-18 00:00:00+00:00,259.03,266.38,257.7,262.6,42267538,25.8565339848,26.5902155073,25.7237725664,26.2128935814,422675380,0.0,1.0
2022-01-19 00:00:00+00:00,250.67,265.4317,250.52,260.79,48360408,25.0220336407,26.4955556178,25.0070605484,26.0322182677,483604080,0.0,1.0
2022-01-20 00:00:00+00:00,241.5,255.7904,240.78,253.04,43518073,24.1066785983,25.5331551194,24.0348077553,25.258608499,435180730,0.0,1.0
2022-01-21 00:00:00+00:00,233.74,248.23,232.63,235.07,71895784,23.3320706235,24.7784713394,23.2212697405,23.4648320418,718957840,0.0,1.0
2022-01-24 00:00:00+00:00,233.72,233.8,208.88,223.3,91581063,23.3300742112,23.3380598604,20.8505301268,22.2899433996,915810630,0.0,1.0
2022-01-25 00:00:00+00:00,223.24,229.43,220.0,225.46,66461636,22.2839541627,22.9018437715,21.9605353691,22.5055559287,664616360,0.0,1.0
2022-01-26 00:00:00+00:00,227.72,240.57,223.0,232.4,75595873,22.7311505193,24.0138454261,22.259997215,23.1983109989,755958730,0.0,1.0
2022-01-27 00:00:00+00:00,219.44,239.95,216.75,235.68,57335272,21.9046358245,23.9519566446,21.6361183693,23.5257226172,573352720,0.0,1.0
2022-01-28 00:00:00+00:00,228.4,228.58,212.96,220.1215,54377425,22.7990285377,22.8169962484,21.2577982372,21.9726635738,543774250,0.0,1.0
2022-01-31 00:00:00+00:00,244.86,245.09,230.52,231.82,56467968,24.4420758658,24.4650346073,23.0106482422,23.1404150421,564679680,0.0,1.0
2022-02-01 00:00:00+00:00,246.38,251.45,238.9001,251.04,51892517,24.593803201,25.0998937207,23.8471549805,25.0589672684,518925170,0.0,1.0
2022-02-02 00:00:00+00:00,252.42,258.17,245.5301,257.94,54341941,25.1967197175,25.7706882556,24.5089656601,25.7477295141,543419410,0.0,1.0
2022-02-03 00:00:00+00:00,239.48,250.77,237.8,244.58,41017778,23.9050409554,25.0320157023,23.7373423216,24.4141260935,410177780,0.0,1.0
2022-02-04 00:00:00+00:00,243.19,246.35,236.32,239.72,35482850,24.2753754382,24.5908085826,23.589607811,23.928997903,354828500,0.0,1.0
2022-02-07 00:00:00+00:00,247.28,251.82,242.02,243.72,37686750,24.6836417548,25.1368273483,24.1585853183,24.3282803643,376867500,0.0,1.0
2022-02-08 00:00:00+00:00,251.08,252.3,239.8,243.59,41035864,25.062960093,25.1847412437,23.9369835523,24.3153036843,410358640,0.0,1.0
2022-02-09 00:00:00+00:00,267.05,267.25,253.53,256.22,52428166,26.6570953196,26.6770594426,25.3075206005,25.5760380557,524281660,0.0,1.0
2022-02-10 00:00:00+00:00,258.24,269.2499,256.0,259.95,51319972,25.7776756987,26.8766906912,25.5540775204,25.9483689508,513199720,0.0,1.0
2022-02-11 00:00:00+00:00,239.49,261.52,237.73,259.16,60547198,23.9060391615,26.1050873169,23.7303548786,25.8695106647,605471980,0.0,1.0
2022-02-14 00:00:00+00:00,242.67,248.75,237.55,239.34,44042443,24.2234687182,24.8303780593,23.7123871678,23.8910660692,440424430,0.0,1.0
2022-02-15 00:00:00+00:00,264.95,265.45,247.84,249.49,70175280,26.4474720274,26.4973823351,24.7395412994,24.9042453147,701752800,0.0,1.0
2022-02-16 00:00:00+00:00,265.11,265.82,255.52,262.59,73267633,26.4634433259,26.5343159627,25.506163625,26.2118953753,732676330,0.0,1.0
2022-02-17 00:00:00+00:00,245.07,257.85,241.65,256.3,81059508,24.463038195,25.7387456587,24.1216516906,25.5840237049,810595080,0.0,1.0
2022-02-18 00:00:00+00:00,236.42,249.86,231.0,246.675,76125491,23.5995898725,24.9411789423,23.0585621375,24.6232502825,761254910,0.0,1.0
2022-02-22 00:00:00+00:00,233.9,240.6399,230.0,230.35,62919566,23.3480419219,24.0208228871,22.9587415222,22.9936787376,629195660,0.0,1.0
2022-02-23 00:00:00+00:00,223.87,241.5499,223.01,238.02,56651077,22.3468411503,24.111659647,22.2609954211,23.759302857,566510770,0.0,1.0
2022-02-24 00:00:00+00:00,237.48,238.0,208.9,210.15,73580063,23.7053997247,23.7573064447,20.8525265391,20.9773023082,735800630,0.0,1.0
2022-02-25 00:00:00+00:00,241.57,242.17,233.81,237.21,52886551,24.1136660414,24.1735584106,23.3390580665,23.6784481586,528865510,0.0,1.0
2022-02-28 00:00:00+00:00,243.85,246.65,237.0701,239.92,47731861,24.3412570443,24.6207547672,23.6644832545,23.9489620261,477318610,0.0,1.0
2022-03-01 00:00:00+00:00,234.77,243.77,231.32,242.91,41205598,23.4348858572,24.3332713951,23.0905047344,24.2474256659,412055980,0.0,1.0
2022-03-02 00:00:00+00:00,242.2,244.09,234.15,237.56,38964185,24.1805458536,24.3692379745,23.3768571909,23.7173017052,389641850,0.04,1.0
2022-03-03 00:00:00+00:00,237.14,243.2599,234.69,242.615,36509504,23.6753701228,24.2863631969,23.4307692254,24.2219782505,365095040,0.0,1.0
2022-03-04 00:00:00+00:00,229.36,236.8,224.82,233.84,43201070,22.8986374772,23.6414255084,22.4453770389,23.3459076896,432010700,0.0,1.0
2022-03-07 00:00:00+00:00,213.52,230.33,213.3,228.17,45082089,21.317217798,22.9954794652,21.2952536358,22.7798313271,450820890,0.0,1.0
2022-03-08 00:00:00+00:00,215.14,223.7299,206.5,213.09,55746719,21.4789539015,22.3365446151,20.6163613492,21.2742878446,557467190,0.0,1.0
2022-03-09 00:00:00+00:00,230.14,232.2,222.47,223.87,49274195,22.976510416,23.182174844,22.2107598516,22.350531793,492741950,0.0,1.0
2022-03-10 00:00:00+00:00,226.58,227.88,218.82,225.31,42806565,22.6210903366,22.7508785678,21.8463544331,22.4942972183,428065650,0.0,1.0
2022-03-11 00:00:00+00:00,221.0,231.45,220.46,230.22,36720857,22.0639993132,23.1072970183,22.0100872787,22.9844973841,367208570,0.0,1.0
2022-03-14 00:00:00+00:00,213.3,222.62,211.5901,218.69,38535424,21.2952536358,22.2257354167,21.1245421768,21.83337561,385354240,0.0,1.0
2022-03-15 00:00:00+00:00,229.73,230.38,213.2201,215.18,49199569,22.9355772046,23.0004713202,21.2872766514,21.4829473856,491995690,0.0,1.0
2022-03-16 00:00:00+00:00,244.96,245.97,231.72,235.0,67142174,24.4560962523,24.5569317243,23.1342530355,23.4617187267,671421740,0.0,1.0
2022-03-17 00:00:00+00:00,247.66,248.42,239.06,241.2,47194119,24.7256564249,24.8015326216,23.8670573566,24.0807087527,471941190,0.0,1.0
2022-03-18 00:00:00+00:00,264.53,265.6899,246.24,247.99,72788748,26.4099083182,26.5257093716,24.5838877415,24.7586026682,727887480,0.0,1.0
2022-03-21 00:00:00+00:00,267.34,271.5199,259.67,265.07,58807971,26.6904505719,27.1077596702,25.9247000075,26.4638203527,588079710,0.0,1.0
2022-03-22 00:00:00+00:00,265.24,272.38,260.72,267.27,54265223,26.4807926599,27.1936295607,26.0295289635,26.6834619748,542652230,0.0,1.0
2022-03-23 00:00:00+00:00,256.34,266.115,255.7501,261.26,50211986,25.5922424613,26.5681501232,25.5333485554,26.083440998,502119860,0.0,1.0
2022-03-24 00:00:00+00:00,281.5,283.1999,259.07,261.66,87737914,28.1041439215,28.2738570095,25.8647977469,26.1233758384,877379140,0.0,1.0
2022-03-25 00:00:00+00:00,276.92,283.58,272.71,278.86,57776944,27.6468899991,28.3118050915,27.2265758041,27.840573975,577769440,0.0,1.0
2022-03-28 00:00:00+00:00,282.19,282.5,272.06,277.555,42549392,28.1730315212,28.2039810225,27.1616816884,27.7102865582,425493920,0.0,1.0
2022-03-29 00:00:00+00:00,286.56,289.46,279.8,286.945,48898440,28.6093196524,28.8988472452,27.9344208499,28.6477569363,488984400,0.0,1.0
2022-03-30 00:00:00+00:00,276.9,284.955,275.03,283.04,46348713,27.6448932571,28.4490811054,27.4581978783,28.257893057,463487130,0.0,1.0
2022-03-31 00:00:00+00:00,272.86,282.48,272.7,277.82,52344022,27.2415513692,28.2019842805,27.2255774331,27.73674339,523440220,0.0,1.0
2022-04-01 00:00:00+00:00,267.12,274.96,262.67,273.75,51723511,26.6684864097,27.4512092812,26.2242113104,27.3304063891,517235110,0.0,1.0
2022-04-04 00:00:00+00:00,273.6,275.58,266.13,267.28,39770782,27.3154308239,27.5131082838,26.5696476797,26.6844603458,397707820,0.0,1.0
2022-04-05 00:00:00+00:00,259.31,273.19,258.2,272.54,43093087,25.8887586511,27.2744976125,25.7779394691,27.2096034969,430930870,0.0,1.0
2022-04-06 00:00:00+00:00,244.07,253.0,240.03,249.34,70383256,24.3672412324,25.2587865441,23.9638993445,24.8933827545,703832560,0.0,1.0
2022-04-07 00:00:00+00:00,242.08,247.22,234.78,244.41,55799236,24.1685654015,24.6817281005,23.4397545645,24.4011858468,557992360,0.0,1.0
2022-04-08 00:00:00+00:00,231.19,239.23,230.6201,239.17,52478064,23.081339372,23.8840296638,23.0244422082,23.8780394377,524780640,0.0,1.0
2022-04-11 00:00:00+00:00,219.17,223.1994,216.6,222.14,57520684,21.8812974184,22.283581033,21.6247160689,22.1778136083,575206840,0.0,1.0
2022-04-12 00:00:00+00:00,215.04,227.25,212.8204,225.37,66225807,21.4689701914,22.6879811942,21.2473717621,22.5002874444,662258070,0.0,1.0
2022-04-13 00:00:00+00:00,222.03,225.0,214.55,217.28,51694344,22.1668315272,22.463347717,21.420050012,21.6926052976,516943440,0.0,1.0
2022-04-14 00:00:00+00:00,212.58,227.77,211.63,225.05,56909685,21.2233709231,22.7398964867,21.1285256771,22.4683395721,569096850,0.0,1.0
2022-04-18 00:00:00+00:00,217.83,220.88,210.79,212.0,52570061,21.7475157031,22.0520188611,21.0446625123,21.1654654045,525700610,0.0,1.0
2022-04-19 00:00:00+00:00,221.98,223.73,213.14,217.2,51278058,22.1618396721,22.3365545988,21.2792796996,21.6846183295,512780580,0.0,1.0
2022-04-20 00:00:00+00:00,214.82,226.7037,212.0,225.171,46697126,21.4470060292,22.633440186,21.1654654045,22.4804198613,466971260,0.0,1.0
2022-04-21 00:00:00+00:00,201.83,223.92,200.0,217.0915,65620944,20.1501220877,22.355523648,19.9674201929,21.6737860041,656209440,0.0,1.0
2022-04-22 00:00:00+00:00,195.15,204.86,195.0,203.03,62471343,19.4832102532,20.4526285036,19.4682346881,20.2699266088,624713430,0.0,1.0
2022-04-25 00:00:00+00:00,199.02,199.45,190.96,192.02,64156561,19.869579834,19.9125097874,19.0648928002,19.1707201272,641565610,0.0,1.0
2022-04-26 00:00:00+00:00,187.88,197.88,186.7,197.18,64496017,18.7573945292,19.7557655389,18.6395867501,19.6858795682,644960170,0.0,1.0
2022-04-27 00:00:00+00:00,184.15,191.67,182.9,185.98,49946017,18.3850021426,19.1357771419,18.2602057664,18.5677040374,499460170,0.0,1.0
2022-04-28 00:00:00+00:00,197.82,200.37,184.8957,189.67,57032671,19.7497753128,20.0043599203,18.4594506688,18.93610294,570326710,0.0,1.0
2022-04-29 00:00:00+00:00,185.47,201.2848,185.17,194.02,50043491,18.5167871159,20.0956909002,18.4868359856,19.3703943292,500434910,0.0,1.0
2022-05-02 00:00:00+00:00,195.33,195.74,183.91,185.405,57204868,19.5011809314,19.5421141428,18.3610412384,18.5102977043,572048680,0.0,1.0
2022-05-03 00:00:00+00:00,196.02,198.25,191.33,194.0,47575084,19.5700685311,19.7927052662,19.1018325276,19.3683975871,475750840,0.0,1.0
2022-05-04 00:00:00+00:00,203.34,204.0,187.51,199.23,64630503,20.3008761101,20.3667685968,18.7204548019,19.8905456252,646305030,0.0,1.0
2022-05-05 00:00:00+00:00,188.44,199.25,185.0,198.67,62633141,18.8133033058,19.8925423672,18.4698636785,19.8346368486,626331410,0.0,1.0
2022-05-06 00:00:00+00:00,186.75,195.12,179.9,187.36,63329672,18.6445786051,19.4802151402,17.9606944635,18.7054792367,633296720,0.0,1.0
2022-05-09 00:00:00+00:00,169.5,182.55,168.27,180.34,64445451,16.9223886135,18.2252627811,16.7995889793,18.004622788,644454510,0.0,1.0
2022-05-10 00:00:00+00:00,175.95,181.98,170.25,176.89,76147429,17.5663379147,18.1683556335,16.9972664392,17.6601847896,761474290,0.0,1.0
2022-05-11 00:00:00+00:00,166.3,177.53,165.68,173.47,67016703,16.6029098904,17.7240805342,16.5410108878,17.3187419043,670167030,0.0,1.0
2022-05-12 00:00:00+00:00,161.75,167.88,155.67,162.191,70872837,16.148651081,16.7606525099,15.5416415072,16.1926792426,708728370,0.0,1.0
2022-05-13 00:00:00+00:00,177.06,179.2843,165.925,167.88,67043651,17.6771570968,17.8992247605,16.5654709776,16.7606525099,670436510,0.0,1.0
2022-05-16 00:00:00+00:00,172.64,177.88,171.06,175.09,52144598,17.2358771105,17.7590235196,17.078134491,17.4804780079,521445980,0.0,1.0
2022-05-17 00:00:00+00:00,181.77,183.71,176.34,180.74,58582971,18.1473898423,18.3410738182,17.6052743841,18.0445576283,585829710,0.0,1.0
2022-05-18 00:00:00+00:00,169.38,181.18,168.64,177.05,54516106,16.9104081614,18.0884859528,16.8365287067,17.6761587258,545161060,0.0,1.0
2022-05-19 00:00:00+00:00,171.24,176.87,167.3405,169.37,62130959,17.0961051692,17.6581880476,16.706790394,16.9094097904,621309590,0.0,1.0
2022-05-20 00:00:00+00:00,166.94,174.1,157.55,173.32,73910526,16.666805635,17.3816392779,15.729335257,17.3037663392,739105260,0.0,1.0
2022-05-23 00:00:00+00:00,168.98,169.15,161.7901,162.74,63988869,16.870473321,16.8874456282,16.1526545488,16.247489811,639888690,0.0,1.0
2022-05-24 00:00:00+00:00,161.54,165.97,157.8,165.1,58855002,16.1276852898,16.5699636471,15.7542945322,16.4831053693,588550020,0.0,1.0
2022-05-25 00:00:00+00:00,169.75,171.1099,160.0,160.2,78113190,16.9473478887,17.0831163623,15.9739361543,15.9939035745,781131900,0.0,1.0
2022-05-26 00:00:00+00:00,178.51,180.92,160.22,160.36,99657452,17.8219208932,18.0625283065,15.9959003166,16.0098775107,996574520,0.0,1.0
2022-05-27 00:00:00+00:00,188.11,188.81,181.0,181.86,73837935,18.7803570625,18.8502430331,18.0705152746,18.1563751814,738379350,0.0,1.0
2022-05-31 00:00:00+00:00,186.72,192.0,183.5,189.8,66409951,18.6415834921,19.1687233852,18.320108027,18.9490817631,664099510,0.0,1.0
2022-06-01 00:00:00+00:00,183.2,190.5318,181.22,187.24,54451390,18.2901568967,19.0221425536,18.0924794368,18.6934987846,544513900,0.0,1.0
2022-06-02 00:00:00+00:00,195.92,196.19,181.98,182.92,64865580,19.560084821,19.5870408382,18.1683556335,18.2622025084,648655800,0.0,1.0
2022-06-03 00:00:00+00:00,187.2,193.323,185.2156,190.815,59877870,18.6895053006,19.3008078698,18.4913885574,19.0504164206,598778700,0.0,1.0
2022-06-06 00:00:00+00:00,187.86,193.37,185.642,191.39,42240615,18.7553977872,19.3055002135,18.5339590973,19.1078227536,422406150,0.0,1.0
2022-06-07 00:00:00+00:00,189.26,190.0,181.88,184.72,38891411,18.8951697286,18.9690491833,18.1583719234,18.4419092902,388914110,0.0,1.0
2022-06-08 00:00:00+00:00,186.48,191.8,185.35,187.99,36325246,18.6216160719,19.1528633773,18.5087759488,18.7724024311,363252460,0.04,1.0
2022-06-09 00:00:00+00:00,180.48,189.33,180.41,184.81,39557379,18.0224649757,18.9062128426,18.0154748795,18.4548523501,395573790,0.0,1.0
2022-06-10 00:00:00+00:00,169.74,176.97,168.69,176.0,46564966,16.9499845133,17.6719615843,16.8451330715,17.5750988238,465649660,0.0,1.0
2022-06-13 00:00:00+00:00,156.47,163.12,156.06,160.0,60415338,15.6248620054,16.2889211371,15.5839200139,15.9773625671,604153380,0.0,1.0
2022-06-14 00:00:00+00:00,158.36,160.66,154.12,157.31,46967952,15.8135946008,16.0432691877,15.3901944927,15.7087431589,469679520,0.0,1.0
2022-06-15 00:00:00+00:00,165.27,168.68,159.26,160.95,56393565,16.5036169466,16.8441344863,15.9034672652,16.0722281573,563935650,0.0,1.0
2022-06-16 00:00:00+00:00,156.01,159.4232,154.01,158.6,54574867,15.5789270881,15.919764175,15.379210056,15.8375606446,545748670,0.0,1.0
2022-06-17 00:00:00+00:00,158.8,159.95,153.28,156.48,63033397,15.8575323478,15.9723696413,15.3063133393,15.6258605906,630333970,0.0,1.0
2022-06-21 00:00:00+00:00,165.66,170.08,164.07,164.745,48308888,16.5425617679,16.9839364088,16.3837867274,16.4511912257,483088880,0.0,1.0
2022-06-22 00:00:00+00:00,163.6,166.62,161.8,162.26,43799744,16.3368532248,16.6384259433,16.157107896,16.2030428133,437997440,0.0,1.0
2022-06-23 00:00:00+00:00,162.25,165.85,158.53,165.185,46367959,16.2020442282,16.5615348859,15.8305705485,16.4951289728,463679590,0.0,1.0
2022-06-24 00:00:00+00:00,171.26,171.4,163.1,165.0,47215283,17.1017694577,17.11574965,16.2869239668,16.4766551473,472152830,0.0,1.0
2022-06-27 00:00:00+00:00,168.69,173.3,166.255,173.12,42796788,16.8451330715,17.3054808305,16.6019775849,17.2875062976,427967880,0.0,1.0
2022-06-28 00:00:00+00:00,159.82,172.0199,159.45,169.0,46185936,15.9593880342,17.1776519441,15.9224403832,16.8760892115,461859360,0.0,1.0
2022-06-29 00:00:00+00:00,155.42,158.2,151.7,158.14,48235228,15.5200105636,15.7976172382,15.1485368839,15.7916257272,482352280,0.0,1.0
2022-06-30 00:00:00+00:00,151.59,155.67,148.62,153.61,68607003,15.1375524471,15.5449751926,14.8409726545,15.3392666495,686070030,0.0,1.0
2022-07-01 00:00:00+00:00,145.23,150.6291,143.92,148.99,57761008,14.5024522851,15.0415983991,14.3716376291,14.8779203054,577610080,0.0,1.0
2022-07-05 00:00:00+00:00,149.64,149.71,140.55,141.75,65220761,14.9428283409,14.949818437,14.03511443,14.1549446493,652207610,0.0,1.0
2022-07-06 00:00:00+00:00,151.3,153.1899,147.89,150.1,52906586,15.1085934775,15.297316087,14.7680759378,14.9887632582,529065860,0.0,1.0
2022-07-07 00:00:00+00:00,158.58,159.45,153.89,154.555,49290276,15.8355634743,15.9224403832,15.367227034,15.4336329472,492902760,0.0,1.0
2022-07-08 00:00:00+00:00,158.38,160.3699,153.89,154.3,46797176,15.8155917711,16.0143002322,15.367227034,15.4081690256,467971760,0.0,1.0
2022-07-11 00:00:00+00:00,151.52,155.2699,150.3801,155.26,43838873,15.130562351,15.5050218003,15.0167336286,15.504033201,438388730,0.0,1.0
2022-07-12 00:00:00+00:00,150.82,154.31,148.77,152.68,45848310,15.0606613898,15.4091676108,14.8559514319,15.2463982296,458483100,0.0,1.0
2022-07-13 00:00:00+00:00,151.64,153.75,144.65,145.9,52191834,15.1425453729,15.3532468418,14.4445343458,14.5693574908,521918340,0.0,1.0
2022-07-14 00:00:00+00:00,153.72,154.7299,147.28,151.08,45623484,15.3502510863,15.4510982017,14.707162243,15.086624604,456234840,0.0,1.0
2022-07-15 00:00:00+00:00,157.62,157.82,154.45,156.59,38593547,15.7396992989,15.7596710021,15.423147803,15.6368450274,385935470,0.0,1.0
2022-07-18 00:00:00+00:00,161.01,168.97,160.02,163.02,67051745,16.0782196683,16.873093456,15.9793597374,16.2789352855,670517450,0.0,1.0
2022-07-19 00:00:00+00:00,169.92,171.1,161.7201,164.86,70236608,16.9679590462,17.0857920952,16.1491292005,16.462674955,702366080,0.0,1.0
2022-07-20 00:00:00+00:00,178.07,179.325,168.01,169.47,76053779,17.781805952,17.9071283896,16.7772292806,16.923022714,760537790,0.0,1.0
2022-07-21 00:00:00+00:00,180.5,181.44,175.4456,178.85,55704928,18.024462146,18.1183291511,17.5197372625,17.8596955945,557049280,0.0,1.0
2022-07-22 00:00:00+00:00,173.19,179.67,171.365,178.93,53667088,17.2944963937,17.9415795777,17.1122546019,17.8676842758,536670880,0.0,1.0
2022-07-25 00:00:00+00:00,170.24,171.24,166.49,170.19,48074751,16.9999137714,17.0997722874,16.6254443362,16.9949208456,480747510,0.0,1.0
2022-07-26 00:00:00+00:00,165.33,169.19,164.78,168.89,39786491,16.5096084576,16.8950623295,16.4546862738,16.8651047747,397864910,0.0,1.0
2022-07-27 00:00:00+00:00,177.9,179.36,169.1301,170.32,56977623,17.7648300043,17.9106234377,16.8890808044,17.0079024526,569776230,0.0,1.0
2022-07-28 00:00:00+00:00,179.84,181.4,174.4,179.75,47464628,17.9585555254,18.1143348104,17.4153251981,17.9495682589,474646280,0.0,1.0
2022-07-29 00:00:00+00:00,181.63,182.44,176.92,178.13,43546042,18.1373022691,18.2181876671,17.6669686585,17.787797463,435460420,0.0,1.0
2022-08-01 00:00:00+00:00,184.41,188.46,179.9,181.82,47646904,18.4149089437,18.8193359337,17.9645470364,18.1562753872,476469040,0.0,1.0
2022-08-02 00:00:00+00:00,185.26,189.3753,180.92,181.22,48952692,18.4997886823,18.9107364334,18.0664027227,18.0963602775,489526920,0.0,1.0
2022-08-03 00:00:00+00:00,188.93,189.68,181.37,181.84,41814557,18.8662694362,18.9411633233,18.1113390549,18.1582725575,418145570,0.0,1.0
2022-08-04 00:00:00+00:00,192.15,192.74,187.6,188.49,40965227,19.1878138579,19.2467303824,18.7334576099,18.8223316892,409652270,0.0,1.0
2022-08-05 00:00:00+00:00,189.89,192.2892,186.66,188.1,38606829,18.9621336116,19.2017141633,18.6395906048,18.7833868679,386068290,0.0,1.0
2022-08-08 00:00:00+00:00,177.93,182.39,172.42,175.02,98378318,17.7678257597,18.2131947413,17.2176053363,17.4772374781,983783180,0.0,1.0
2022-08-09 00:00:00+00:00,170.86,174.4719,167.24,172.52,66826265,17.0618260513,17.4225050254,16.7003382232,17.2275911879,668262650,0.0,1.0
2022-08-10 00:00:00+00:00,180.97,181.18,173.1701,176.98,59742246,18.0713956485,18.0923659369,17.2925092092,17.6729601695,597422460,0.0,1.0
2022-08-11 00:00:00+00:00,179.42,187.07,178.76,181.31,50932655,17.9166149486,18.6805325964,17.8507083281,18.105347544,509326550,0.0,1.0
2022-08-12 00:00:00+00:00,187.09,187.18,179.53,181.6,47809415,18.6825297667,18.6915170332,17.9275993854,18.1343065136,478094150,0.0,1.0
2022-08-15 00:00:00+00:00,190.32,191.64,186.13,187.01,45766556,19.0050727735,19.1368860147,18.5866655913,18.6745410854,457665560,0.0,1.0
2022-08-16 00:00:00+00:00,188.79,191.42,185.01,189.195,45123964,18.852289244,19.1149171412,18.4748240533,18.892731943,451239640,0.0,1.0
2022-08-17 00:00:00+00:00,183.35,186.88,181.45,185.23,44679911,18.3090589167,18.6615594783,18.1193277362,18.4967929269,446799110,0.0,1.0
2022-08-18 00:00:00+00:00,187.73,188.6499,181.83,183.01,41544656,18.746439217,18.8382990659,18.1572739723,18.2751070212,415446560,0.0,1.0
2022-08-19 00:00:00+00:00,178.49,185.2,177.7,184.06,44158833,17.8237465287,18.4937971714,17.7448583011,18.3799584631,441588330,0.0,1.0
2022-08-22 00:00:00+00:00,170.34,175.58,169.66,174.9,40959271,17.009899623,17.533158247,16.9419958321,17.4652544561,409592710,0.0,1.0
2022-08-23 00:00:00+00:00,171.81,174.65,169.7,169.885,36998577,17.1566916416,17.4402898271,16.9459901727,16.9644639982,369985770,0.0,1.0
2022-08-24 00:00:00+00:00,172.22,174.06,168.95,170.12,52266071,17.1976336331,17.3813733027,16.8710962857,16.9879307494,522660710,0.0,1.0
2022-08-25 00:00:00+00:00,179.13,179.47,168.33,168.44,77069133,17.887655979,17.9216078745,16.8091840057,16.8201684425,770691330,0.0,1.0
2022-08-26 00:00:00+00:00,162.6,179.24,162.37,178.57,76912743,16.2369947088,17.8986404158,16.2140272501,17.83173521,769127430,0.0,1.0
2022-08-29 00:00:00+00:00,158.01,163.38,157.67,160.2,49371295,15.7786441201,16.3148843513,15.7446922247,15.9973342703,493712950,0.0,1.0
2022-08-30 00:00:00+00:00,154.68,160.39,151.82,159.6,53018069,15.4461152617,16.0163073883,15.1605199058,15.9374191607,530180690,0.0,1.0
2022-08-31 00:00:00+00:00,150.94,155.4,149.5851,153.84,57370986,15.0726444117,15.5180133933,14.9373461083,15.3622341082,573709860,0.0,1.0
2022-09-01 00:00:00+00:00,139.37,143.8,132.7021,142.09,117886514,13.9172813811,14.3596546072,13.2514347819,14.1888965447,1178865140,0.0,1.0
2022-09-02 00:00:00+00:00,136.47,141.71,135.91,141.0,74315746,13.6276916846,14.1509503086,13.5717709156,14.0800507622,743157460,0.0,1.0
2022-09-06 00:00:00+00:00,134.65,137.79,133.51,137.31,53326958,13.4459491854,13.7595049257,13.3321104771,13.711572838,533269580,0.0,1.0
2022-09-07 00:00:00+00:00,137.14,138.38,133.46,135.63,51265746,13.6985912309,13.8224519071,13.3310047082,13.5477608914,512657460,0.04,1.0
2022-09-08 00:00:00+00:00,139.9,140.08,133.69,134.59,62487312,13.974281123,13.9922608986,13.3539788659,13.4438777437,624873120,0.0,1.0
2022-09-09 00:00:00+00:00,143.87,144.74,141.26,141.57,48712842,14.3708350619,14.4577373105,14.1101283162,14.1410934852,487128420,0.0,1.0
2022-09-12 00:00:00+00:00,145.05,145.47,141.98,143.69,48415924,14.4887024796,14.5306552892,14.1820474185,14.3528552864,484159240,0.0,1.0
2022-09-13 00:00:00+00:00,131.31,139.22,130.99,138.02,71495563,13.1162462778,13.9063575264,13.0842822323,13.7864923559,714955630,0.0,1.0
2022-09-14 00:00:00+00:00,131.28,132.8999,129.13,132.54,58850654,13.1132496485,13.2750576399,12.8984912181,13.2391080775,588506540,0.0,1.0
2022-09-15 00:00:00+00:00,129.29,132.3299,127.9,130.152,52362516,12.9144732408,13.2181216839,12.7756294184,13.0005763883,523625160,0.0,1.0
2022-09-16 00:00:00+00:00,131.98,132.12,126.17,127.415,67075140,13.183170998,13.1971552678,12.6028237976,12.727183912,670751400,0.0,1.0
2022-09-19 00:00:00+00:00,133.82,134.63,130.1,130.12,56968528,13.3669642593,13.4478732494,12.9953822309,12.9973799837,569685280,0.0,1.0
2022-09-20 00:00:00+00:00,131.76,134.8276,130.57,132.145,52481775,13.1611957167,13.4676110475,13.0423294227,13.1996524589,524817750,0.0,1.0
2022-09-21 00:00:00+00:00,132.61,140.31,131.1,132.13,80767940,13.2461002124,14.0152350562,13.095269873,13.1981541443,807679400,0.0,1.0
2022-09-22 00:00:00+00:00,125.61,131.4897,124.28,130.7,75671089,12.5468867181,13.1341960871,12.4140361542,13.0553148161,756710890,0.0,1.0
2022-09-23 00:00:00+00:00,125.16,126.11,122.57,124.2,66330931,12.5019372792,12.5968305391,12.2432282863,12.4060451428,663309310,0.0,1.0
2022-09-26 00:00:00+00:00,122.28,126.59,122.14,124.91,54734269,12.2142608701,12.6447766073,12.2002766002,12.4769653687,547342690,0.0,1.0
2022-09-27 00:00:00+00:00,124.13,127.36,122.58,125.07,55385406,12.3990530079,12.7216900917,12.2442271627,12.4929473914,553854060,0.0,1.0
2022-09-28 00:00:00+00:00,127.36,128.23,123.5386,124.1,54241388,12.7216900917,12.8085923403,12.3399794563,12.3960563786,542413880,0.0,1.0
2022-09-29 00:00:00+00:00,122.2,125.0,119.4601,124.48,53276312,12.2062698587,12.4859552564,11.9325877082,12.4340136826,532763120,0.0,1.0
2022-09-30 00:00:00+00:00,121.39,126.33,120.75,120.87,56563842,12.1253608686,12.6188058204,12.0614327777,12.0734192948,565638420,0.0,1.0
2022-10-03 00:00:00+00:00,125.12,126.78,121.05,123.47,54747847,12.4979417735,12.6637552593,12.0913990703,12.3331271641,547478470,0.0,1.0
2022-10-04 00:00:00+00:00,131.67,132.2,128.79,128.79,58418167,13.1522058289,13.2051462792,12.8645294198,12.8645294198,584181670,0.0,1.0
2022-10-05 00:00:00+00:00,132.09,133.21,126.21,129.107,50713073,13.1941586386,13.3060327977,12.6068193033,12.8961938023,507130730,0.0,1.0
2022-10-06 00:00:00+00:00,131.3,136.56,131.03,132.2,64415689,13.1152474014,13.6406563986,13.088277738,13.2051462792,644156890,0.0,1.0
2022-10-07 00:00:00+00:00,120.76,126.7,120.22,125.05,67247816,12.0624316541,12.6557642479,12.0084923274,12.4909496385,672478160,0.0,1.0
2022-10-10 00:00:00+00:00,116.7,121.2432,114.0812,120.37,69869925,11.6568878274,12.1106973628,11.3953020704,12.0234754737,698699250,0.0,1.0
2022-10-11 00:00:00+00:00,115.86,118.46,112.83,115.61,66748163,11.5729822081,11.8326900774,11.2703226527,11.5480102976,667481630,0.0,1.0
2022-10-12 00:00:00+00:00,115.0,117.35,113.45,115.79,49259019,11.4870788359,11.7218147947,11.3322529907,11.5659900731,492590190,0.0,1.0
2022-10-13 00:00:00+00:00,119.6,120.7799,108.13,109.71,85010301,11.9465619894,12.0644194182,10.800850735,10.9586732095,850103010,0.0,1.0
2022-10-14 00:00:00+00:00,112.27,121.11,112.04,120.57,71343199,11.2143855731,12.0973923289,11.1914114155,12.0434530021,713431990,0.0,1.0
2022-10-17 00:00:00+00:00,118.88,119.48,115.17,115.18,58077417,11.8746428871,11.9345754723,11.5040597351,11.5050586115,580774170,0.0,1.0
2022-10-18 00:00:00+00:00,119.67,124.92,116.18,123.44,65936206,11.9535541243,12.4779642451,11.6049462535,12.3301305348,659362060,0.0,1.0
2022-10-19 00:00:00+00:00,120.51,123.5,118.34,118.79,52313061,12.0374597436,12.3361237934,11.8207035604,11.8656529993,523130610,0.0,1.0
2022-10-20 00:00:00+00:00,121.94,127.69,121.05,121.13,65239761,12.1802990718,12.7546530136,12.0913990703,12.0993900817,652397610,0.0,1.0
2022-10-21 00:00:00+00:00,124.66,124.98,118.87,120.982,60949441,12.4519934581,12.4839575036,11.8736440107,12.0846067107,609494410,0.0,1.0
2022-10-24 00:00:00+00:00,125.99,127.1,120.64,125.08,51745740,12.5848440221,12.6957193047,12.0504451371,12.4939462678,517457400,0.0,1.0
2022-10-25 00:00:00+00:00,132.61,133.0,126.64,126.935,50548233,13.2461002124,13.2850563928,12.6497709894,12.6792378438,505482330,0.0,1.0
2022-10-26 00:00:00+00:00,128.96,133.88,127.08,128.69,53553329,12.881510319,13.3729575179,12.6937215519,12.8545406556,535533290,0.0,1.0
2022-10-27 00:00:00+00:00,131.76,138.38,131.22,136.3,58311308,13.1611957167,13.8224519071,13.10725639,13.6146856116,583113080,0.0,1.0
2022-10-28 00:00:00+00:00,138.34,138.5,130.61,131.04,52103993,13.8184564014,13.8344384241,13.0463249283,13.0892766144,521039930,0.0,1.0
2022-10-31 00:00:00+00:00,134.97,138.38,132.97,137.78,48634099,13.4818350477,13.8224519071,13.2820597636,13.7625193219,486340990,0.0,1.0
2022-11-01 00:00:00+00:00,135.43,139.25,135.19,138.11,43281690,13.527783363,13.9093541557,13.5038103289,13.7954822437,432816900,0.0,1.0
2022-11-02 00:00:00+00:00,132.19,142.1,132.1124,138.5,67262784,13.2041474028,14.1940339355,13.1963961218,13.8344384241,672627840,0.0,1.0
2022-11-03 00:00:00+00:00,134.21,137.81,129.56,130.43,50006486,13.4059204397,13.7655159511,12.9414429042,13.0283451528,500064860,0.0,1.0
2022-11-04 00:00:00+00:00,141.56,142.29,136.97,139.86,61257591,14.1400946088,14.2130125875,13.6816103318,13.9702856173,612575910,0.0,1.0
2022-11-07 00:00:00+00:00,143.01,144.12,139.54,142.28,41006095,14.2849316898,14.3958069725,13.9383215719,14.2120137111,410060950,0.0,1.0
2022-11-08 00:00:00+00:00,146.02,148.9101,142.16,148.01,59529199,14.5855934924,14.8742787667,14.200027194,14.7843699,595291990,0.0,1.0
2022-11-09 00:00:00+00:00,137.76,142.11,137.5901,141.615,45441366,13.760521569,14.1950328119,13.7435506586,14.1455884291,454413660,0.0,1.0
2022-11-10 00:00:00+00:00,157.5,157.73,145.47,148.0,70081925,15.7323036231,15.7552777808,14.5306552892,14.7833710236,700819250,0.0,1.0
2022-11-11 00:00:00+00:00,163.27,163.89,154.82,158.075,65548747,16.3086553177,16.3705856558,15.4646047424,15.7897390173,655487470,0.0,1.0
2022-11-14 00:00:00+00:00,162.95,165.4,159.22,162.18,52785245,16.2766912723,16.5214159953,15.9041103674,16.1997777879,527852450,0.0,1.0
2022-11-15 00:00:00+00:00,166.66,169.98,163.82,167.215,54587550,16.6472744243,16.9789013959,16.3635935209,16.7027120656,545875500,0.0,1.0
2022-11-16 00:00:00+00:00,159.1,163.62,158.73,161.615,64954684,15.8921238504,16.3436159925,15.8551654228,16.1433412702,649546840,0.0,1.0
2022-11-17 00:00:00+00:00,156.77,162.66,155.35,157.15,71089356,15.6593856444,16.2477238561,15.5175451927,15.6973429484,710893560,0.0,1.0
2022-11-18 00:00:00+00:00,154.09,160.02,151.2001,159.66,49207165,15.3916867637,15.9840204811,15.103021467,15.9480609299,492071650,0.0,1.0
2022-11-21 00:00:00+00:00,153.17,154.77,150.8,151.47,40473931,15.299790133,15.4596103603,15.0630564214,15.1299811415,404739310,0.0,1.0
2022-11-22 00:00:00+00:00,160.38,160.5757,151.216,153.28,47286607,16.0199800322,16.0395280438,15.1046096805,15.3107777737,472866070,0.0,1.0
2022-11-23 00:00:00+00:00,165.19,165.27,160.4801,160.98,42724093,16.5004395905,16.5084306019,16.0299787852,16.0799126175,427240930,0.0,1.0
2022-11-25 00:00:00+00:00,162.7,164.87,161.72,163.18,16793430,16.2517193618,16.468475545,16.1538294726,16.29966543,167934300,0.0,1.0
2022-11-28 00:00:00+00:00,158.27,163.57,157.25,160.26,30415201,15.8092171075,16.3386216104,15.7073317126,16.0079935152,304152010,0.0,1.0
2022-11-29 00:00:00+00:00,156.39,159.32,155.2,158.27,29838449,15.6214283404,15.9140991316,15.5025620464,15.8092171075,298384490,0.0,1.0
2022-11-30 00:00:00+00:00,169.23,169.3,155.97,156.97,56529822,16.9079811701,16.9149749577,15.583157969,15.683069221,565298220,0.04,1.0
2022-12-01 00:00:00+00:00,171.35,172.65,166.35,169.99,47097657,17.1197930242,17.2496776518,16.6202367644,16.9839137216,470976570,0.0,1.0
2022-12-02 00:00:00+00:00,168.76,169.3257,164.45,166.59,37138858,16.8610228816,16.9175426769,16.4304053857,16.6442154649,371388580,0.0,1.0
2022-12-05 00:00:00+00:00,166.1,169.95,164.7201,166.79,35225517,16.5952589514,16.9799172715,16.4573914148,16.6641977153,352255170,0.0,1.0
2022-12-06 00:00:00+00:00,159.87,165.73,158.19,165.3,35269427,15.9728118517,16.5582917882,15.8049609484,16.5153299498,352694270,0.0,1.0
2022-12-07 00:00:00+00:00,161.2,161.86,156.67,157.72,37238758,16.1056938168,16.1716352431,15.6530958454,15.7580026599,372387580,0.0,1.0
2022-12-08 00:00:00+00:00,171.69,171.79,159.59,162.73,51545554,17.1537628499,17.1637539751,15.9448367011,16.2585580323,515455540,0.0,1.0
2022-12-09 00:00:00+00:00,170.01,175.83,169.75,171.6,46533819,16.9859119466,17.567395433,16.9599350211,17.1447708372,465338190,0.0,1.0
2022-12-12 00:00:00+00:00,175.35,175.38,167.97,170.37,45732780,17.5194380321,17.5224353696,16.7820929926,17.0218799973,457327800,0.0,1.0
2022-12-13 00:00:00+00:00,180.72,187.9,177.11,185.31,65658876,18.0559614551,18.7733242442,17.6952818355,18.5145541017,656588760,0.0,1.0
2022-12-14 00:00:00+00:00,176.74,182.52,174.2,179.87,49688810,17.6583146723,18.2358017087,17.4045400923,17.971036891,496888100,0.0,1.0
2022-12-15 00:00:00+00:00,169.52,173.2,167.0,171.46,47854210,16.9369554331,17.3046288404,16.6851790782,17.1307832619,478542100,0.0,1.0
2022-12-16 00:00:00+00:00,165.71,170.41,164.1,168.642,47823193,16.5562935631,17.0258764474,16.3954364475,16.8492333539,478231930,0.0,1.0
2022-12-19 00:00:00+00:00,162.54,166.09,161.45,165.72,35403877,16.2395748944,16.5942598389,16.1306716298,16.5572926757,354038770,0.0,1.0
2022-12-20 00:00:00+00:00,160.85,163.1,158.52,160.64,40325979,16.0707248786,16.2955251955,15.8379316615,16.0497435157,403259790,0.0,1.0
2022-12-21 00:00:00+00:00,165.01,166.27,161.02,161.14,32502538,16.4863556868,16.6122438642,16.0877097914,16.0996991417,325025380,0.0,1.0
2022-12-22 00:00:00+00:00,153.39,161.38,148.82,160.935,56504527,15.3253869389,16.1236778421,14.8687925174,16.079217335,565045270,0.0,1.0
2022-12-23 00:00:00+00:00,152.06,153.39,148.83,151.96,34932563,15.1925049738,15.3253869389,14.86979163,15.1825138486,349325630,0.0,1.0
2022-12-27 00:00:00+00:00,141.21,151.0,140.56,150.74,46490226,14.10846789,15.0865990467,14.0435255762,15.0606221212,464902260,0.0,1.0
2022-12-28 00:00:00+00:00,140.36,142.62,138.84,139.27,35106645,14.0235433258,14.2493427553,13.8716782228,13.9146400612,351066450,0.0,1.0
2022-12-29 00:00:00+00:00,146.03,146.83,142.27,144.02,35492324,14.5900401245,14.669969126,14.2143738171,14.389218508,354923240,0.0,1.0
2022-12-30 00:00:00+00:00,146.14,146.2899,142.33,143.34,31048983,14.6010303622,14.6160070589,14.2203684922,14.3212788567,310489830,0.0,1.0
2023-01-03 00:00:00+00:00,143.15,149.96,140.96,148.51,40127658,14.3022957188,14.9826913447,14.083490077,14.8378200293,401276580,0.0,1.0
2023-01-04 00:00:00+00:00,147.49,148.53,142.41,145.67,43132360,14.7359105523,14.8398182544,14.2283613924,14.5540720738,431323600,0.0,1.0
2023-01-05 00:00:00+00:00,142.65,145.64,141.4795,144.91,38916811,14.2523400928,14.5510747362,14.1353939724,14.4781395223,389168110,0.0,1.0
2023-01-06 00:00:00+00:00,148.59,150.1,140.34,144.74,40504362,14.8458129295,14.99667892,14.0215451008,14.4611546094,405043620,0.0,1.0
2023-01-09 00:00:00+00:00,156.28,160.56,151.41,152.84,50423056,15.6141304571,16.0417506155,15.12756266,15.2704357503,504230560,0.0,1.0
2023-01-10 00:00:00+00:00,159.09,159.6199,154.72,155.07,38410126,15.8948810751,15.9478240475,15.458268904,15.4932378422,384101260,0.0,1.0
2023-01-11 00:00:00+00:00,160.01,160.28,155.63,158.3951,35328493,15.9867994269,16.013775465,15.5491881433,15.8254527461,353284930,0.0,1.0
2023-01-12 00:00:00+00:00,165.11,166.37,154.92,161.0,55140906,16.496346812,16.6222349894,15.4782511544,16.0857115664,551409060,0.0,1.0
2023-01-13 00:00:00+00:00,168.99,169.22,161.65,162.78,44728706,16.8840024696,16.9069820575,16.1506538802,16.2635535949,447287060,0.0,1.0
2023-01-17 00:00:00+00:00,177.02,177.28,168.99,168.99,51110216,17.6862898229,17.7122667484,16.8840024696,16.8840024696,511102160,0.0,1.0
2023-01-18 00:00:00+00:00,173.77,178.73,172.82,176.67,43962355,17.361578254,17.8571380637,17.2666625646,17.6513208847,439623550,0.0,1.0
2023-01-19 00:00:00+00:00,167.65,171.97,167.31,170.36,45293160,16.750121392,17.1817380004,16.7161515663,17.0208808848,452931600,0.0,1.0
2023-01-20 00:00:00+00:00,178.39,178.56,168.25,170.11,56496712,17.8231682381,17.8401531509,16.8100681431,16.9959030718,564967120,0.0,1.0
2023-01-23 00:00:00+00:00,191.93,192.45,178.175,180.64,65516259,19.1759665897,19.2279204407,17.8016873189,18.047968555,655162590,0.0,1.0
2023-01-24 00:00:00+00:00,192.65,194.95,188.2,188.27,49620410,19.2479026911,19.4776985706,18.8032976198,18.8102914075,496204100,0.0,1.0
2023-01-25 00:00:00+00:00,193.23,193.7,185.8,189.125,44953711,19.3058512172,19.3528095056,18.5635106151,18.8957155279,449537110,0.0,1.0
2023-01-26 00:00:00+00:00,198.02,201.66,192.78,197.01,48953542,19.7844261141,20.1481030713,19.2608911538,19.6835157496,489535420,0.0,1.0
2023-01-27 00:00:00+00:00,203.65,206.28,194.05,194.62,54214198,20.3469264627,20.6096930554,19.3877784438,19.4447278575,542141980,0.0,1.0
2023-01-30 00:00:00+00:00,191.62,201.4,191.5,199.5,48861115,19.1449941016,20.1221261458,19.1330047513,19.932294767,488611150,0.0,1.0
2023-01-31 00:00:00+00:00,195.37,196.87,189.5,191.695,49801658,19.5196612964,19.6695281744,18.9331822474,19.1524874455,498016580,0.0,1.0
2023-02-01 00:00:00+00:00,209.43,211.92,196.11,196.91,66047704,20.9244134991,21.1731925164,19.5935956229,19.6735246245,660477040,0.0,1.0
2023-02-02 00:00:00+00:00,217.09,219.49,207.0,210.0,56427580,21.6897336891,21.9295206938,20.6816291568,20.9813629127,564275800,0.0,1.0
2023-02-03 00:00:00+00:00,211.0,217.4499,207.89,210.0,42936595,21.0812741646,21.7256917487,20.770550171,20.9813629127,429365950,0.0,1.0
2023-02-06 00:00:00+00:00,210.89,215.7,207.86,208.06,45219709,21.0702839269,21.5508570489,20.7675528335,20.7875350839,452197090,0.0,1.0
2023-02-07 00:00:00+00:00,221.73,222.59,211.5,213.82,66414961,22.1533218982,22.2392455749,21.1312297906,21.3630238952,664149610,0.0,1.0
2023-02-08 00:00:00+00:00,222.05,228.78,220.0801,223.87,55965122,22.1852934989,22.8576962246,21.9884783236,22.3671319774,559651220,0.0,1.0
2023-02-09 00:00:00+00:00,223.37,230.2,221.2,226.06,52387578,22.3171763514,22.9995702024,22.1003689347,22.5859376192,523875780,0.0,1.0
2023-02-10 00:00:00+00:00,212.65,220.7764,208.11,216.9,55073675,21.2461277304,22.0580465284,20.7925306465,21.6707505512,550736750,0.0,1.0
2023-02-13 00:00:00+00:00,217.88,220.48,209.62,215.38,47491862,21.7686635782,22.0284328333,20.9433966369,21.5188854482,474918620,0.0,1.0
2023-02-14 00:00:00+00:00,229.71,230.488,213.66,215.78,67547350,22.9506136889,23.0283446429,21.3470380949,21.558849949,675473500,0.0,1.0
2023-02-15 00:00:00+00:00,227.64,228.55,221.06,225.49,42118826,22.7437973973,22.8347166366,22.0863813594,22.5289882056,421188260,0.0,1.0
2023-02-16 00:00:00+00:00,220.02,225.5,219.268,221.33,41202628,21.9824736574,22.5299873181,21.9073403959,22.1133573974,412026280,0.0,1.0
2023-02-17 00:00:00+00:00,213.88,217.4,209.75,216.31,46588764,21.3690185703,21.7207061772,20.9563850997,21.6118029126,465887640,0.0,1.0
2023-02-21 00:00:00+00:00,206.55,214.938,206.18,210.0,41001455,20.6366690934,21.4747246749,20.5997019302,20.9813629127,410014550,0.0,1.0
2023-02-22 00:00:00+00:00,207.54,211.04,204.21,207.07,51318432,20.7355812328,21.0852706147,20.4028767638,20.6886229444,513184320,0.0,1.0
2023-02-23 00:00:00+00:00,236.64,238.88,230.25,234.4,111799541,23.642998665,23.8667998694,23.004565765,23.4191974606,1117995410,0.0,1.0
2023-02-24 00:00:00+00:00,232.86,234.74,229.47,232.25,58971591,23.2653341326,23.4531672863,22.9266349884,23.2043882689,589715910,0.0,1.0
2023-02-27 00:00:00+00:00,235.01,238.7994,234.54,236.7,45299367,23.4801433243,23.8587470225,23.4331850359,23.6489933401,452993670,0.0,1.0
2023-02-28 00:00:00+00:00,232.16,238.25,232.06,233.72,45596280,23.1953962562,23.8038557807,23.185405131,23.3512578093,455962800,0.0,1.0
2023-03-01 00:00:00+00:00,226.98,232.5557,225.08,231.92,46002562,22.677855971,23.2349311386,22.4880245923,23.1714175558,460025620,0.0,1.0
2023-03-02 00:00:00+00:00,233.14,233.804,224.32,224.88,39007465,23.2933092831,23.3596503545,22.4120920408,22.4680423419,390074650,0.0,1.0
2023-03-03 00:00:00+00:00,238.9,239.0,231.3,233.2,41239330,23.8687980945,23.8787892197,23.1094725795,23.2993039583,412393300,0.0,1.0
2023-03-06 00:00:00+00:00,235.54,242.48,234.87,238.91,43742923,23.5330962879,24.2264803765,23.466155749,23.869797207,437429230,0.0,1.0
2023-03-07 00:00:00+00:00,232.88,241.25,232.41,236.0,51515388,23.2713288077,24.1077296241,23.2243624536,23.5831054561,515153880,0.04,1.0
2023-03-08 00:00:00+00:00,241.81,242.0,234.235,234.87,51357339,24.1636895354,24.1826759338,23.4067318073,23.4701863495,513573390,0.0,1.0
2023-03-09 00:00:00+00:00,234.36,244.54,233.8284,241.75,50125699,23.4192228589,24.4364941027,23.3661009146,24.1576938306,501256990,0.0,1.0
2023-03-10 00:00:00+00:00,229.65,236.27,227.26,234.09,47486565,22.9485600339,23.6100861276,22.7097311269,23.3922421874,474865650,0.0,1.0
2023-03-13 00:00:00+00:00,229.66,232.98,222.97,227.52,42189032,22.949559318,23.281321649,22.2810382354,22.7357125143,421890320,0.0,1.0
2023-03-14 00:00:00+00:00,240.63,242.19,234.6,234.96,47491013,24.0457740081,24.2016623323,23.443205678,23.4791799067,474910130,0.0,1.0
2023-03-15 00:00:00+00:00,242.28,242.86,233.6,237.61,52448574,24.2106558894,24.268614369,23.343277265,23.743990201,524485740,0.0,1.0
2023-03-16 00:00:00+00:00,255.41,255.88,238.94,240.27,58494626,25.5227159515,25.5696823056,23.8768949902,24.0097997794,584946260,0.0,1.0
2023-03-17 00:00:00+00:00,257.25,263.99,256.68,259.82,84854656,25.7065842313,26.3801017346,25.6496250359,25.9634002526,848546560,0.0,1.0
2023-03-20 00:00:00+00:00,259.0,260.24,251.2983,256.15,43274719,25.881458954,26.005370186,25.1118402959,25.5966629771,432747190,0.0,1.0
2023-03-21 00:00:00+00:00,261.99,263.92,253.81,261.8,54740776,26.1802449087,26.3731067457,25.3628304908,26.1612585102,547407760,0.0,1.0
2023-03-22 00:00:00+00:00,264.68,275.89,262.37,264.25,79729511,26.4490523395,27.5692498487,26.2182177056,26.4060831219,797295110,0.0,1.0
2023-03-23 00:00:00+00:00,271.91,274.99,266.9,271.155,56488876,27.1715347651,27.479314277,26.6708934163,27.0960888134,564888760,0.0,1.0
2023-03-24 00:00:00+00:00,267.79,271.67,263.55,270.31,45541407,26.7598297038,27.147551946,26.3361332329,27.0116493044,455414070,0.0,1.0
2023-03-27 00:00:00+00:00,265.31,270.0,263.65,268.37,36102574,26.5120072397,26.9806714964,26.3461260742,26.8177881833,361025740,0.0,1.0
2023-03-28 00:00:00+00:00,264.1,265.13,258.5,264.47,35610378,26.39109386,26.4940201253,25.8314947475,26.4280673728,356103780,0.0,1.0
2023-03-29 00:00:00+00:00,269.84,270.78,265.97,268.25,39369387,26.9646829503,27.0586156585,26.5779599922,26.8057967737,393693870,0.0,1.0
2023-03-30 00:00:00+00:00,273.83,274.99,271.02,272.29,36451574,27.363397318,27.479314277,27.0825984776,27.2095075621,364515740,0.0,1.0
2023-03-31 00:00:00+00:00,277.77,278.3431,271.05,271.4,43393277,27.757115265,27.8143842385,27.08559633,27.1205712745,433932770,0.0,1.0
2023-04-03 00:00:00+00:00,279.65,280.0,273.36,275.09,39871560,27.9449806814,27.9799556259,27.3164309639,27.4893071183,398715600,0.0,1.0
2023-04-04 00:00:00+00:00,274.53,280.0,273.07,279.66,36859153,27.4333472071,27.9799556259,27.2874517242,27.9459799655,368591530,0.0,1.0
2023-04-05 00:00:00+00:00,268.81,269.98,263.95,268.29,51501474,26.861756685,26.9786729281,26.3761045981,26.8097939103,515014740,0.0,1.0
2023-04-06 00:00:00+00:00,270.37,270.8,264.27,265.84,39765434,27.0176450092,27.0606142268,26.4080816902,26.5649692985,397654340,0.0,1.0
2023-04-10 00:00:00+00:00,275.79,276.2099,266.69,268.23,39527855,27.5592570074,27.601216948,26.6499084495,26.8037982055,395278550,0.0,1.0
2023-04-11 00:00:00+00:00,271.69,277.9,271.26,277.235,31437817,27.1495505143,27.7701059587,27.1065812967,27.7036535641,314378170,0.0,1.0
2023-04-12 00:00:00+00:00,264.95,274.6799,264.475,273.7,44625895,26.476033011,27.4483264762,26.4285670149,27.3504066243,446258950,0.0,1.0
2023-04-13 00:00:00+00:00,264.63,268.869,263.29,267.34,35361528,26.4440559189,26.8676524614,26.3101518455,26.714861918,353615280,0.0,1.0
2023-04-14 00:00:00+00:00,267.58,268.83,262.2,265.04,39566013,26.7388447371,26.8637552533,26.2012298754,26.4850265682,395660130,0.0,1.0
2023-04-17 00:00:00+00:00,270.02,270.06,264.3318,265.655,31348982,26.9826700647,26.9866672012,26.4142572661,26.5464825421,313489820,0.0,1.0
2023-04-18 00:00:00+00:00,276.67,281.1,273.57,275.335,60481154,27.6471940108,28.0898768801,27.3374159306,27.5137895795,604811540,0.0,1.0
2023-04-19 00:00:00+00:00,279.31,280.0,272.32,273.61,35866041,27.911005021,27.9799556259,27.2125054145,27.3414130672,358660410,0.0,1.0
2023-04-20 00:00:00+00:00,271.04,280.3,270.0,276.71,42771326,27.0845970459,28.0099341498,26.9806714964,27.6511911473,427713260,0.0,1.0
2023-04-21 00:00:00+00:00,271.19,271.83,267.22,269.52,34510277,27.0995863078,27.1635404921,26.7028705084,26.9327058582,345102770,0.0,1.0
2023-04-24 00:00:00+00:00,270.42,273.6599,266.7101,270.13,33928186,27.0226414298,27.346399495,26.6519170106,26.9936621901,339281860,0.0,1.0
2023-04-25 00:00:00+00:00,262.41,272.47,262.25,270.78,37852716,26.2222148421,27.2274946764,26.206226296,27.0586156585,378527160,0.0,1.0
2023-04-26 00:00:00+00:00,269.56,273.3,267.051,270.02,40449391,26.9367029947,27.3104352591,26.6859826066,26.9826700647,404493910,0.0,1.0
2023-04-27 00:00:00+00:00,272.26,274.95,266.2501,273.63,37716119,27.2065097097,27.4753171405,26.6059499407,27.3434116354,377161190,0.0,1.0
2023-04-28 00:00:00+00:00,277.49,277.58,270.7148,272.25,29221614,27.7291353094,27.7381288666,27.052100326,27.2055104255,292216140,0.0,1.0
2023-05-01 00:00:00+00:00,289.1,290.5844,277.8,278.4,57032853,28.8893041837,29.0376379199,27.7601131174,27.8200701652,570328530,0.0,1.0
2023-05-02 00:00:00+00:00,282.1,288.3599,280.83,286.8,40272957,28.1898052931,28.8153471653,28.0628962087,28.659468834,402729570,0.0,1.0
2023-05-03 00:00:00+00:00,278.02,283.67,274.72,278.4,38338740,27.7820973683,28.3466929014,27.4523336055,27.8200701652,383387400,0.0,1.0
2023-05-04 00:00:00+00:00,275.62,278.59,272.4,276.51,32185041,27.5422691772,27.8390565636,27.2204996875,27.6312054647,321850410,0.0,1.0
2023-05-05 00:00:00+00:00,286.8,287.55,277.31,278.255,36149408,28.659468834,28.7344151437,27.7111481951,27.8055805453,361494080,0.0,1.0
2023-05-08 00:00:00+00:00,291.51,292.2,283.5,285.22,34497890,29.130131659,29.1990822639,28.3297050712,28.5015819415,344978900,0.0,1.0
2023-05-09 00:00:00+00:00,285.71,289.73,284.5,288.99,31486946,28.5505468638,28.9522590839,28.4296334842,28.8783120583,314869460,0.0,1.0
2023-05-10 00:00:00+00:00,288.85,291.13,284.6128,290.05,36934998,28.8643220805,29.092158862,28.4409054092,28.984236176,369349980,0.0,1.0
2023-05-11 00:00:00+00:00,285.78,289.5,282.46,288.96,32214903,28.5575418528,28.9292755489,28.2257795218,28.8753142059,322149030,0.0,1.0
2023-05-12 00:00:00+00:00,283.4,287.8,280.46,285.29,27422225,28.3197122299,28.7593972469,28.0259226959,28.5085769304,274222250,0.0,1.0
2023-05-15 00:00:00+00:00,289.53,289.69,281.52,285.085,29392587,28.9322734013,28.9482619474,28.1318468136,28.4880916058,293925870,0.0,1.0
2023-05-16 00:00:00+00:00,292.13,298.7,288.32,288.41,44940494,29.192087275,29.8486169481,28.8113600216,28.8203535788,449404940,0.0,1.0
2023-05-17 00:00:00+00:00,301.78,301.99,294.3001,295.84,43253541,30.1563964599,30.1773814267,29.4089419239,29.562821687,432535410,0.0,1.0
2023-05-18 00:00:00+00:00,316.78,318.28,303.2,304.1,74872501,31.6553226542,31.8052152736,30.2982948063,30.388230378,748725010,0.0,1.0
2023-05-19 00:00:00+00:00,312.64,315.8,309.16,315.36,47390765,31.2416190246,31.5573928095,30.8938681475,31.5134243078,473907650,0.0,1.0
2023-05-22 00:00:00+00:00,311.76,315.2,306.8,309.01,37199967,31.1536820212,31.4974357617,30.658037093,30.8788788856,371999670,0.0,1.0
2023-05-23 00:00:00+00:00,306.88,312.88,306.31,310.0,35625326,30.666031366,31.2656018437,30.6090721706,30.9778080144,356253260,0.0,1.0
2023-05-24 00:00:00+00:00,305.38,306.07,298.06,302.1,72141851,30.5161387466,30.5850893515,29.7846627638,30.1883735521,721418510,0.0,1.0
2023-05-25 00:00:00+00:00,379.8,394.8,366.35,385.23,154391067,37.9528112383,39.4517374325,36.6087740841,38.4954225206,1543910670,0.0,1.0
2023-05-26 00:00:00+00:00,389.46,391.7,375.5,378.9,71439676,38.9181197074,39.1419593524,37.5231190626,37.8628756666,714396760,0.0,1.0
2023-05-30 00:00:00+00:00,401.11,419.38,399.49,405.95,92340110,40.0822857182,41.9079778228,39.9204016893,40.5659392369,923401100,0.0,1.0
2023-05-31 00:00:00+00:00,378.34,402.95,378.22,394.88,99882681,37.8069157554,40.2661539981,37.7949243458,39.4597317056,998826810,0.0,1.0
2023-06-01 00:00:00+00:00,397.7,400.5,383.4,384.89,63587295,39.7415298301,40.0213293863,38.3125535249,38.4614468602,635872950,0.0,1.0
2023-06-02 00:00:00+00:00,393.27,405.0,390.5801,400.97,48273121,39.2988469607,40.4710072446,39.0300495227,40.0682957404,482731210,0.0,1.0
2023-06-05 00:00:00+00:00,391.71,395.6503,387.07,389.09,39609381,39.1429586365,39.5367065621,38.6792908004,38.8811461946,396093810,0.0,1.0
2023-06-06 00:00:00+00:00,386.54,391.6,381.48,388.3,38872914,38.6263287416,39.1319665111,38.120690972,38.8022027484,388729140,0.0,1.0
2023-06-07 00:00:00+00:00,374.75,394.99,373.56,389.15,51199789,37.4521698894,39.4749368502,37.3332423853,38.8912926283,511997890,0.04,1.0
2023-06-08 00:00:00+00:00,385.1,388.64,375.05,377.24,41777240,38.486539358,38.840323698,37.4821516131,37.7010181963,417772400,0.0,1.0
2023-06-09 00:00:00+00:00,387.7,397.11,385.67,390.37,42771747,38.7463809636,39.6868076979,38.5435046331,39.0132183048,427717470,0.0,1.0
2023-06-12 00:00:00+00:00,394.82,395.2999,386.18,392.0,38967335,39.4579472068,39.5059079708,38.5944735634,39.1761190037,389673350,0.0,1.0
2023-06-13 00:00:00+00:00,410.22,411.01,397.4,401.86,61320816,40.9970090248,41.0759608972,39.7157900308,40.1615183236,613208160,0.0,1.0
2023-06-14 00:00:00+00:00,429.97,430.0,405.52,408.24,74046502,42.9708058368,42.9738040092,40.527295353,40.7991296482,740465020,0.0,1.0
2023-06-15 00:00:00+00:00,426.53,432.89,421.47,426.02,56862204,42.6270154047,43.2626279478,42.1213236645,42.5760464744,568622040,0.0,1.0
2023-06-16 00:00:00+00:00,426.92,437.21,426.605,434.5,65570941,42.6659916456,43.6943647694,42.6345108357,43.4235298651,655709410,0.0,1.0
2023-06-20 00:00:00+00:00,438.08,439.9,426.74,429.98,45115311,43.7813117682,43.9632008922,42.6480026114,42.9718052276,451153110,0.0,1.0
2023-06-21 00:00:00+00:00,430.45,436.15,420.8,435.01,55160291,43.0187765948,43.5884293456,42.0543644815,43.4744987954,551602910,0.0,1.0
2023-06-22 00:00:00+00:00,430.25,434.255,422.34,422.53,41773743,42.998788779,43.3990447907,42.2082706633,42.2272590884,417737430,0.0,1.0
2023-06-23 00:00:00+00:00,422.09,428.09,420.15,424.64,35813984,42.1832858936,42.7829203681,41.9894040801,42.4381305453,358139840,0.0,1.0
2023-06-26 00:00:00+00:00,406.32,427.64,401.0,424.61,59432192,40.6072466163,42.7379477825,40.0755707155,42.4351323729,594321920,0.0,1.0
2023-06-27 00:00:00+00:00,418.76,419.4,404.48,407.99,46217470,41.8504887602,41.9144497708,40.4233587108,40.7741448784,462174700,0.0,1.0
2023-06-28 00:00:00+00:00,411.17,418.45,405.18,406.6,58263927,41.0919511499,41.8195076457,40.4933160661,40.6352295585,582639270,0.0,1.0
2023-06-29 00:00:00+00:00,408.22,416.0,406.0,415.58,38051430,40.7971308666,41.5746569019,40.575266111,41.5326824887,380514300,0.0,1.0
2023-06-30 00:00:00+00:00,423.02,425.5,415.01,416.8,50114775,42.2762292371,42.5240781533,41.4757172136,41.6546081652,501147750,0.0,1.0
2023-07-03 00:00:00+00:00,424.13,428.98,422.02,425.17,19820919,42.3871616149,42.8718661485,42.176290158,42.4910982572,198209190,0.0,1.0
2023-07-05 00:00:00+00:00,423.17,431.77,420.85,421.35,32361756,42.291220099,43.1506961792,42.0593614355,42.109330975,323617560,0.0,1.0
2023-07-06 00:00:00+00:00,421.03,421.79,413.46,418.44,30413879,42.0773504697,42.1533041698,41.320811641,41.8185082549,304138790,0.0,1.0
2023-07-07 00:00:00+00:00,425.03,432.14,421.8,423.22,35588147,42.4771067861,43.1876736384,42.1543035606,42.2962170529,355881470,0.0,1.0
2023-07-10 00:00:00+00:00,421.8,428.11,416.49,426.57,35390811,42.1543035606,42.7849191497,41.6236270507,42.6310129679,353908110,0.0,1.0
2023-07-11 00:00:00+00:00,424.05,427.58,420.67,424.81,29824406,42.3791664886,42.7319514378,42.0413724013,42.4551201887,298244060,0.0,1.0
2023-07-12 00:00:00+00:00,439.02,439.35,427.7728,430.33,48127702,43.8752545026,43.9082343987,42.7512196922,43.0067839053,481277020,0.0,1.0
2023-07-13 00:00:00+00:00,459.77,461.55,444.92,445.18,47820369,45.9489903937,46.1268819545,44.4648950692,44.4908792298,478203690,0.0,1.0
2023-07-14 00:00:00+00:00,454.69,480.88,450.6,465.8281,77207533,45.4412998719,48.0587043533,45.0325490385,46.5544313288,772075330,0.0,1.0
2023-07-17 00:00:00+00:00,464.61,464.96,452.6241,462.89,51048822,46.4326955365,46.4676742142,45.2348357285,46.2608003205,510488220,0.0,1.0
2023-07-18 00:00:00+00:00,474.94,478.9599,457.34,467.01,57019042,47.4650662235,47.8668113276,45.7061384315,46.6725493264,570190420,0.0,1.0
2023-07-19 00:00:00+00:00,470.77,478.18,467.42,474.64,42750179,47.0483202637,47.7888688398,46.7135243488,47.4350844998,427501790,0.0,1.0
2023-07-20 00:00:00+00:00,455.2,470.87,450.62,465.07,53786451,45.4922688023,47.0583141716,45.03454782,46.4786675129,537864510,0.0,1.0
2023-07-21 00:00:00+00:00,443.09,458.66,441.0,457.88,96376863,44.2820065545,45.8380580159,44.0731338792,45.7601055342,963768630,0.0,1.0
2023-07-24 00:00:00+00:00,446.12,451.09,440.4,447.31,38309974,44.5848219641,45.0815191872,44.0131704317,44.7037494683,383099740,0.0,1.0
2023-07-25 00:00:00+00:00,456.79,461.825,449.23,449.41,34808091,45.651171938,46.1543652013,44.8956325001,44.9136215343,348080910,0.0,1.0
2023-07-26 00:00:00+00:00,454.52,460.53,446.3,460.21,36423726,45.4243102285,46.0249440938,44.6028109984,45.9929635885,364237260,0.0,1.0
2023-07-27 00:00:00+00:00,459.0,473.95,457.5,465.19,45597552,45.8720373028,47.3661265352,45.7221286842,46.4906602024,455975520,0.0,1.0
2023-07-28 00:00:00+00:00,467.5,470.27,463.81,466.68,33119424,46.7215194751,46.9983507242,46.3527442733,46.6395694303,331194240,0.0,1.0
2023-07-31 00:00:00+00:00,467.29,471.3,465.0601,467.54,25105528,46.7005322685,47.1012879757,46.477678116,46.7255170383,251055280,0.0,1.0
2023-08-01 00:00:00+00:00,465.07,469.0,460.27,464.595,23927597,46.4786675129,46.8714280937,45.9989599333,46.4311964503,239275970,0.0,1.0
2023-08-02 00:00:00+00:00,442.69,458.4,433.87,458.31,53014157,44.2420309229,45.8120738554,43.3605682453,45.8030793383,530141570,0.0,1.0
2023-08-03 00:00:00+00:00,445.15,451.18,438.0,438.0,32507660,44.4878810574,45.0905137043,43.7733166419,43.7733166419,325076600,0.0,1.0
2023-08-04 00:00:00+00:00,446.8,456.42,443.93,449.85,36266618,44.6527805379,45.6141944788,44.3659553809,44.9575947291,362666180,0.0,1.0
2023-08-07 00:00:00+00:00,454.165,455.4,445.6345,451.11,32215354,45.3888318554,45.5122566181,44.5363015412,45.0835179688,322153540,0.0,1.0
2023-08-08 00:00:00+00:00,446.64,452.42,440.5601,448.53,35384343,44.6367902853,45.2144381624,44.0291706783,44.8256751447,353843430,0.0,1.0
2023-08-09 00:00:00+00:00,425.54,443.12,421.34,442.74,58644907,42.5280757164,44.2850047269,42.1083315843,44.2470278768,586449070,0.0,1.0
2023-08-10 00:00:00+00:00,423.88,435.74,418.35,421.6,49270530,42.3621768451,43.5474543232,41.8095137378,42.1343157448,492705300,0.0,1.0
2023-08-11 00:00:00+00:00,408.55,420.18,406.39,417.51,53308526,40.8301107627,41.9924022525,40.6142423518,41.7255649113,533085260,0.0,1.0
2023-08-14 00:00:00+00:00,437.53,438.0,403.11,404.86,69028583,43.7263452747,43.7733166419,40.2864421724,40.4613355608,690285830,0.0,1.0
2023-08-15 00:00:00+00:00,439.4,452.68,437.1,445.6,67651151,43.9132313526,45.240422323,43.6833714707,44.532853643,676511510,0.0,1.0
2023-08-16 00:00:00+00:00,434.86,446.75,434.06,445.2,52745068,43.4595079336,44.647783584,43.3795566703,44.4928780114,527450680,0.0,1.0
2023-08-17 00:00:00+00:00,433.435,440.62,430.01,439.7,45239482,43.3170947459,44.0351570291,42.9748034,43.9432130764,452394820,0.0,1.0
2023-08-18 00:00:00+00:00,432.99,435.7799,416.6,426.35,58376787,43.2726218557,43.5514418924,41.6346203494,42.6090263705,583767870,0.0,1.0
2023-08-21 00:00:00+00:00,469.67,470.65,442.22,444.94,69257337,46.9383872767,47.0363275742,44.1950595557,44.4668938508,692573370,0.0,1.0
2023-08-22 00:00:00+00:00,456.68,481.87,453.331,481.35,75720691,45.6401786393,48.1576440416,45.3054826635,48.1056757205,757206910,0.0,1.0
2023-08-23 00:00:00+00:00,471.16,472.0,452.08,458.66,77904608,47.0872965046,47.171245331,45.1804588755,45.8380580159,779046080,0.0,1.0
2023-08-24 00:00:00+00:00,471.63,502.66,471.59,502.16,115604409,47.1342678718,50.2353774959,47.1302703086,50.1854079564,1156044090,0.0,1.0
2023-08-25 00:00:00+00:00,460.18,478.05,450.24,470.12,92534052,45.9899654162,47.7758767595,44.99657097,46.9833598623,925340520,0.0,1.0
2023-08-28 00:00:00+00:00,468.35,469.8,448.88,464.82,68519223,46.8064676923,46.951379357,44.8606538224,46.4536827431,685192230,0.0,1.0
2023-08-29 00:00:00+00:00,487.84,490.81,463.9101,466.66,70139699,48.7542803438,49.0510994087,46.3627481751,46.6375706487,701396990,0.0,1.0
2023-08-30 00:00:00+00:00,492.64,499.27,484.25,490.44,73520598,49.2339879235,49.8965840178,48.3954990499,49.0141219495,735205980,0.0,1.0
2023-08-31 00:00:00+00:00,493.55,497.44,489.58,493.8,52856977,49.3249324854,49.7136955031,48.9281743414,49.3499172552,528569770,0.0,1.0
2023-09-01 00:00:00+00:00,485.09,498.0,481.416,497.62,46383030,48.4794478763,49.7696613874,48.1122716997,49.7316845373,463830300,0.0,1.0
2023-09-05 00:00:00+00:00,485.48,488.5081,478.6,482.23,38265258,48.5184241172,48.8210496426,47.830843253,48.1936221101,382652580,0.0,1.0
2023-09-06 00:00:00+00:00,470.61,485.49,465.8,484.41,46866957,47.0363275742,48.5235474682,46.5555797456,48.4156040888,468669570,0.04,1.0
2023-09-07 00:00:00+00:00,462.41,463.44,451.52,455.25,43332989,46.2167574714,46.3197034721,45.1283283957,45.501132845,433329890,0.0,1.0
2023-09-08 00:00:00+00:00,455.72,466.06,452.71,459.42,47389994,45.5481082045,46.5815661147,45.2472660082,45.9179142266,473899940,0.0,1.0
2023-09-11 00:00:00+00:00,451.78,461.63,443.12,461.48,47396555,45.1543147649,46.138798364,44.2887687782,46.123806228,473965550,0.0,1.0
2023-09-12 00:00:00+00:00,448.7,456.73,445.31,447.38,34925634,44.8464762384,45.6490552538,44.5076539642,44.7145454414,349256340,0.0,1.0
2023-09-13 00:00:00+00:00,454.85,459.3,445.03,446.0,39835535,45.4611538156,45.9059205177,44.4796686436,44.5766177899,398355350,0.0,1.0
2023-09-14 00:00:00+00:00,455.81,459.8699,451.31,459.5,37009720,45.5571034861,45.9628806399,45.1073394053,45.9259100324,370097200,0.0,1.0
2023-09-15 00:00:00+00:00,439.0,455.99,438.08,453.41,50683051,43.8769847753,45.5750940494,43.7850330076,45.3172293097,506830510,0.0,1.0
2023-09-18 00:00:00+00:00,439.66,442.42,420.0,427.48,50027079,43.9429501738,44.2188054767,41.9779808784,42.7255887283,500270790,0.0,1.0
2023-09-19 00:00:00+00:00,435.2,439.66,430.02,438.33,37306424,43.4971839959,43.9429501738,42.9794555651,43.810019901,373064240,0.0,1.0
2023-09-20 00:00:00+00:00,422.39,439.03,422.23,436.0,36710769,42.2168555791,43.8799832025,42.2008639673,43.5771420547,367107690,0.0,1.0
2023-09-21 00:00:00+00:00,410.17,421.0,409.8,415.83,45073596,40.9954962307,42.0779284519,40.9585156285,41.5611994968,450735960,0.0,1.0
2023-09-22 00:00:00+00:00,416.1,421.15,412.31,415.72,47923631,41.5881853417,42.0929205879,41.209384038,41.5502052637,479236310,0.0,1.0
2023-09-25 00:00:00+00:00,422.22,425.36,411.77,415.91,41909096,42.1998644916,42.5136998725,41.1554123483,41.5691953027,419090960,0.0,1.0
2023-09-26 00:00:00+00:00,419.11,428.2,416.55,420.01,40228209,41.889027538,42.7975509813,41.6331617498,41.9789803541,402282090,0.0,1.0
2023-09-27 00:00:00+00:00,424.68,428.72,416.2901,423.3,44493520,42.4457355225,42.8495237195,41.6071853754,42.307807871,444935200,0.0,1.0
2023-09-28 00:00:00+00:00,430.89,434.4631,421.15,424.6,42466279,43.066409954,43.423532629,42.0929205879,42.4377397166,424662790,0.0,1.0
2023-09-29 00:00:00+00:00,434.99,441.44,433.0694,438.27,39782993,43.4761950055,44.1208568547,43.2842356958,43.8040230466,397829930,0.0,1.0
2023-10-02 00:00:00+00:00,447.82,451.75,438.61,440.3,43329821,44.7585223737,45.1513163377,43.8380052216,44.0069166209,433298210,0.0,1.0
2023-10-03 00:00:00+00:00,435.17,451.3,432.46,448.08,47084954,43.4941855687,45.1063399296,43.2233276445,44.7845087428,470849540,0.0,1.0
2023-10-04 00:00:00+00:00,440.41,441.43,432.9201,437.42,36182086,44.0179108539,44.1198573789,43.269313523,43.7190676091,361820860,0.0,1.0
2023-10-05 00:00:00+00:00,446.88,449.0,438.88,440.5,39348309,44.6645716546,44.8764605105,43.8649910665,44.0269061356,393483090,0.0,1.0
2023-10-06 00:00:00+00:00,457.62,457.89,440.26,441.93,43443602,45.7380085942,45.7649944391,44.0029187179,44.1698311657,434436020,0.0,1.0
2023-10-09 00:00:00+00:00,452.73,456.05,443.68,448.42,40967472,45.2492649597,45.5810909038,44.3447394193,44.8184909178,409674720,0.0,1.0
2023-10-10 00:00:00+00:00,457.98,462.59,450.88,453.1,36858208,45.7739897207,46.2347480346,45.0643619487,45.2862455619,368582080,0.0,1.0
2023-10-11 00:00:00+00:00,468.06,468.59,460.5,461.96,37813689,46.7814612618,46.8344334757,46.025857606,46.1717810633,378136890,0.0,1.0
2023-10-12 00:00:00+00:00,469.45,476.09,463.3,467.77,48132500,46.920388389,47.5840402771,46.3057108118,46.7524764654,481325000,0.0,1.0
2023-10-13 00:00:00+00:00,454.61,471.16,452.8,469.6,47542599,45.4371663979,47.0912987397,45.2562612899,46.935380525,475425990,0.0,1.0
2023-10-16 00:00:00+00:00,460.95,462.25,449.12,450.63,37509924,46.070834014,46.2007658596,44.8884542193,45.0393750553,375099240,0.0,1.0
2023-10-17 00:00:00+00:00,439.38,447.54,424.8,440.0,81233267,43.9149648532,44.7305370531,42.4577292313,43.9769323488,812332670,0.0,1.0
2023-10-18 00:00:00+00:00,421.96,432.19,418.25,425.91,62729434,42.1738781225,43.1963417996,41.8030726247,42.5686710379,627294340,0.0,1.0
2023-10-19 00:00:00+00:00,421.01,432.97,418.82,428.11,50123308,42.0789279277,43.2743009069,41.8600427416,42.7885556996,501233080,0.0,1.0
2023-10-20 00:00:00+00:00,413.87,424.7,410.78,418.9,47726605,41.3653022527,42.4477344739,41.0564642505,41.8680385475,477266050,0.0,1.0
2023-10-23 00:00:00+00:00,429.75,432.4799,409.45,412.29,47853049,42.9524697202,43.2253166012,40.9235339778,41.2073850866,478530490,0.0,1.0
2023-10-24 00:00:00+00:00,436.63,436.97,426.91,430.77,40146337,43.640109026,43.674091201,42.6686186114,43.0544162452,401463370,0.0,1.0
2023-10-25 00:00:00+00:00,417.79,436.5,415.55,433.98,39837922,41.7570967409,43.6271158415,41.5332141762,43.3752479562,398379220,0.0,1.0
2023-10-26 00:00:00+00:00,403.26,422.5555,398.8019,418.53,54100132,40.3048584977,42.2333969025,39.8592822202,41.8310579453,541001320,0.0,1.0
2023-10-27 00:00:00+00:00,405.0,412.06,400.15,411.3,41678441,40.4787672756,41.1843971446,39.994021544,41.1084369888,416784410,0.0,1.0
2023-10-30 00:00:00+00:00,411.61,417.66,404.81,410.87,38802814,41.1394207366,41.7441035564,40.4597772366,41.0654595322,388028140,0.0,1.0
2023-10-31 00:00:00+00:00,407.8,408.79,392.3001,404.5,51796870,40.7586204815,40.8575685792,39.2094430866,40.4287934888,517968700,0.0,1.0
2023-11-01 00:00:00+00:00,423.25,423.81,408.69,408.84,43759290,42.3028104923,42.3587811335,40.8475738219,40.8625659579,437592900,0.0,1.0
2023-11-02 00:00:00+00:00,435.06,438.84,428.94,433.28,40917187,43.4831913356,43.8609931635,42.8715121857,43.3052846547,409171870,0.0,1.0
2023-11-03 00:00:00+00:00,450.05,453.0899,437.23,440.2,42460959,44.9814054627,45.2852360914,43.7000775701,43.9969218635,424609590,0.0,1.0
2023-11-06 00:00:00+00:00,457.51,459.35,448.99,452.845,40073335,45.7270143611,45.9109178964,44.8754610347,45.2607589307,400733350,0.0,1.0
2023-11-07 00:00:00+00:00,459.55,462.18,451.575,457.19,34316547,45.9309074111,46.1937695295,45.1338255123,45.6950311376,343165470,0.0,1.0
2023-11-08 00:00:00+00:00,465.74,468.67,459.68,461.0,34671894,46.5495828912,46.8424292816,45.9439005957,46.0758313927,346718940,0.0,1.0
2023-11-09 00:00:00+00:00,469.5,482.3,467.5,474.67,54049597,46.9253857676,48.2047147087,46.7254906206,47.4421147227,540495970,0.0,1.0
2023-11-10 00:00:00+00:00,483.35,484.72,472.8301,475.0,42244156,48.3096596609,48.4465878366,47.2582211822,47.475097422,422441560,0.0,1.0
2023-11-13 00:00:00+00:00,486.2,491.16,480.9901,483.2,38413570,48.5945102454,49.0902502101,48.0737933821,48.2946675249,384135700,0.0,1.0
2023-11-14 00:00:00+00:00,496.56,498.34,490.4001,496.8,41695387,49.6299671071,49.807873788,49.014300049,49.6539545247,416953870,0.0,1.0
2023-11-15 00:00:00+00:00,488.88,499.6,482.0,499.35,47549735,48.8623697425,49.9338077306,48.1747304366,49.9088208372,475497350,0.0,1.0
2023-11-16 00:00:00+00:00,494.8,495.2469,483.3,486.79,33975624,49.4540593777,49.4987259483,48.3046622822,48.6534793138,339756240,0.0,1.0
2023-11-17 00:00:00+00:00,492.98,497.17,490.07,495.24,32589691,49.2721547939,49.6909351269,48.9813073549,49.49803631,325896910,0.0,1.0
2023-11-20 00:00:00+00:00,504.09,505.48,491.8101,493.12,41614260,50.3825723357,50.5214994629,49.1552261276,49.2861474542,416142600,0.0,1.0
2023-11-21 00:00:00+00:00,499.44,505.17,492.22,501.26,56574687,49.9178161188,50.4905157151,49.196194638,50.0997207026,565746870,0.0,1.0
2023-11-22 00:00:00+00:00,487.16,503.3494,476.9,498.52,90064233,48.690459916,50.3085511627,47.6649978117,49.8258643512,900642330,0.0,1.0
2023-11-24 00:00:00+00:00,477.76,489.21,477.45,484.7001,29464464,47.7509527249,48.8953524417,47.7199689771,48.4445988799,294644640,0.0,1.0
2023-11-27 00:00:00+00:00,482.42,485.3,476.52,478.0,39566190,48.2167084175,48.5045574293,47.6270177337,47.7749401426,395661900,0.0,1.0
2023-11-28 00:00:00+00:00,478.21,483.229,474.73,482.36,40149085,47.795929133,48.2975660045,47.4481115771,48.2107115631,401490850,0.0,1.0
2023-11-29 00:00:00+00:00,481.4,487.62,478.6,483.79,38200465,48.1147618925,48.7364357998,47.8349086867,48.3536365932,382004650,0.0,1.0
2023-11-30 00:00:00+00:00,467.7,481.1,464.22,480.24,52624663,46.7454801353,48.0847776205,46.3976625794,47.9988227072,526246630,0.0,1.0
2023-12-01 00:00:00+00:00,467.65,472.0,461.87,465.25,36931701,46.7404827566,47.1752547014,46.1627857817,46.5006085802,369317010,0.0,1.0
2023-12-04 00:00:00+00:00,455.1,460.77,450.1,460.77,43754344,45.4861407089,46.0528434508,44.9864028413,46.0528434508,437543440,0.0,1.0
2023-12-05 00:00:00+00:00,465.66,466.0,452.71,454.66,37171762,46.5455849883,46.5795700823,45.2511527295,45.4460672395,371717620,0.04,1.0
2023-12-06 00:00:00+00:00,455.03,473.87,454.12,472.145,36778599,45.4830510184,47.3662250534,45.3920909137,47.1938006792,367785990,0.0,1.0
2023-12-07 00:00:00+00:00,465.96,466.29,456.04,457.0,35082255,46.575571836,46.6085573684,45.5840067389,45.6799646515,350822550,0.0,1.0
2023-12-08 00:00:00+00:00,475.06,477.4085,465.5,465.95,35922370,47.4851728826,47.719919922,46.5295920028,46.5745722744,359223700,0.0,1.0
2023-12-11 00:00:00+00:00,466.27,475.31,458.3,474.91,50972809,46.6065582452,47.5101619224,45.8099076582,47.4701794588,509728090,0.0,1.0
2023-12-12 00:00:00+00:00,476.57,476.66,460.46,460.46,37238686,47.6361066827,47.645102737,46.0258129616,46.0258129616,372386860,0.0,1.0
2023-12-13 00:00:00+00:00,480.88,485.94,476.08,476.29,44779186,48.0669177279,48.5726958923,47.5871281648,47.6081189582,447791860,0.0,1.0
2023-12-14 00:00:00+00:00,483.5,486.7,474.22,483.9,39123174,48.3288028644,48.6486625731,47.4012097091,48.368785328,391231740,0.0,1.0
2023-12-15 00:00:00+00:00,488.9,494.04,481.2,481.94,47994758,48.8685661228,49.38234078,48.0989036987,48.1728712564,479947580,0.0,1.0
2023-12-18 00:00:00+00:00,500.77,504.3299,491.5,494.0,41258717,50.0550457299,50.4108796602,49.1284521362,49.3783425336,412587170,0.0,1.0
2023-12-19 00:00:00+00:00,496.04,497.0,488.95,494.24,46313248,49.5822530979,49.6782110105,48.8735639308,49.4023320118,463132480,0.0,1.0
2023-12-20 00:00:00+00:00,481.11,499.99,480.98,496.55,39789439,48.0899076444,49.9770799259,48.0769133438,49.633230739,397894390,0.0,1.0
2023-12-21 00:00:00+00:00,489.9,490.95,484.19,488.11,30042535,48.9685222818,49.0734762487,48.3977726141,48.7896007572,300425350,0.0,1.0
2023-12-22 00:00:00+00:00,488.3,493.83,484.67,491.95,25250676,48.8085924275,49.3613499866,48.4457515704,49.1734324077,252506760,0.0,1.0
2023-12-26 00:00:00+00:00,492.79,496.0,489.6,489.68,24419952,49.2573955812,49.5782548516,48.9385354341,48.9465319268,244199520,0.0,1.0
2023-12-27 00:00:00+00:00,494.17,496.8,490.85,495.11,23215431,49.3953350806,49.6582197787,49.0634806328,49.4892938701,232154310,0.0,1.0
2023-12-28 00:00:00+00:00,495.22,498.8399,494.12,496.43,24658748,49.5002890476,49.8621203474,49.3903372727,49.6212359999,246587480,0.0,1.0
2023-12-29 00:00:00+00:00,495.22,499.97,487.51,498.13,38929330,49.5002890476,49.9750808027,48.7296270619,49.7911614702,389293300,0.0,1.0
2024-01-02 00:00:00+00:00,481.68,492.95,475.95,492.44,41125422,48.146882655,49.2733885667,47.5741338641,49.2224109256,411254220,0.0,1.0
2024-01-03 00:00:00+00:00,475.69,481.841,473.2,474.85,32089617,47.5481452628,48.1629755966,47.2992544269,47.4641820892,320896170,0.0,1.0
2024-01-04 00:00:00+00:00,479.98,485.0,475.08,477.67,30653489,47.9769571848,48.4787371028,47.4871720058,47.7460584575,306534890,0.0,1.0
2024-01-05 00:00:00+00:00,490.97,495.47,483.0601,484.62,41080455,49.0754753719,49.5252780873,48.28483215,48.4407537624,410804550,0.0,1.0
2024-01-08 00:00:00+00:00,522.53,522.75,494.79,495.12,64250990,52.2300917492,52.2520821041,49.4573078992,49.4902934317,642509900,0.0,1.0
2024-01-09 00:00:00+00:00,531.4,543.25,516.9,524.01,77310006,53.1167028793,54.3011833631,51.6673385741,52.3780268644,773100060,0.0,1.0
2024-01-10 00:00:00+00:00,543.5,546.0,534.89,536.16,53379576,54.3261724029,54.5760628003,53.4655498741,53.592494196,533795760,0.0,1.0
2024-01-11 00:00:00+00:00,548.22,553.46,535.6,549.99,59675877,54.7979654732,55.3217357463,53.536518747,54.9748878746,596758770,0.0,1.0
2024-01-12 00:00:00+00:00,547.1,549.7,543.3008,546.2,35299360,54.6860145752,54.9459005885,54.306261136,54.5960540321,352993600,0.0,1.0
2024-01-16 00:00:00+00:00,563.82,568.3499,549.0,550.18,44957973,56.3572815532,56.8100729578,54.8759312772,54.9938795448,449579730,0.0,1.0
2024-01-17 00:00:00+00:00,560.53,564.7068,547.4,563.47,47439444,56.0284257902,56.445922675,54.7160014229,56.3222968976,474394440,0.0,1.0
2024-01-18 00:00:00+00:00,571.07,576.0,561.07,572.6,49165036,57.0819637058,57.5747475696,56.0824021161,57.234896629,491650360,0.0,1.0
2024-01-19 00:00:00+00:00,594.91,595.0,572.25,579.89,54350148,59.4649185358,59.4739145901,57.1999119734,57.963577028,543501480,0.0,1.0
2024-01-22 00:00:00+00:00,596.54,603.31,590.7,600.49,45295463,59.6278470749,60.3045502712,59.0441031065,60.0226739028,452954630,0.0,1.0
2024-01-23 00:00:00+00:00,598.73,599.1,585.85,595.7,29465445,59.8467510631,59.8837348419,58.5593157355,59.5438839014,294654450,0.0,1.0
2024-01-24 00:00:00+00:00,613.62,628.49,599.38,603.04,55706870,61.3350982702,62.8214463541,59.9117225664,60.2775621082,557068700,0.0,1.0
2024-01-25 00:00:00+00:00,616.17,627.19,608.5,623.5,48277684,61.5899864756,62.6915033475,60.8233227362,62.3226651209,482776840,0.0,1.0
2024-01-26 00:00:00+00:00,610.31,617.83,605.73,609.6,39030859,61.004243384,61.7559136995,60.5464441759,60.9332745111,390308590,0.0,1.0
2024-01-29 00:00:00+00:00,624.65,624.89,609.07,612.32,34873298,62.4376147037,62.4616041818,60.8802977469,61.2051552635,348732980,0.0,1.0
2024-01-30 00:00:00+00:00,627.74,634.93,622.6,629.0,41073530,62.7464792349,63.4651640179,62.2327045778,62.8724239952,410735300,0.0,1.0
2024-01-31 00:00:00+00:00,615.27,622.6902,607.0,614.4,45379487,61.5000259325,62.2417206233,60.6733884978,61.4130640742,453794870,0.0,1.0
2024-02-01 00:00:00+00:00,630.27,631.91,616.5,621.0,36914579,62.9993683171,63.1632964178,61.622972008,62.0727747234,369145790,0.0,1.0
2024-02-02 00:00:00+00:00,661.6,666.0,636.9,639.74,47657765,66.1309947778,66.5708018773,63.6620776511,63.9459531426,476577650,0.0,1.0
2024-02-05 00:00:00+00:00,693.32,694.97,672.05,682.25,68007801,69.3016041405,69.4665318028,67.1755366391,68.1950894606,680078010,0.0,1.0
2024-02-06 00:00:00+00:00,682.23,697.5399,663.0,696.3,68311136,68.1930903375,69.7234091357,66.2709334004,69.5994734942,683111360,0.0,1.0
2024-02-07 00:00:00+00:00,700.99,702.2,676.0,683.19,49557455,70.0682678798,70.1892148322,67.570363467,68.2890482501,495574550,0.0,1.0
2024-02-08 00:00:00+00:00,696.41,707.94,694.55,700.74,41442211,69.6104686717,70.7629631847,69.424550216,70.0432788401,414422110,0.0,1.0
2024-02-09 00:00:00+00:00,721.33,721.85,702.12,705.33,43663689,72.1013761534,72.153353356,70.1812183395,70.5020776098,436636890,0.0,1.0
2024-02-12 00:00:00+00:00,722.48,746.11,712.5,726.0,61371018,72.2163257362,74.5782897728,71.2187632696,72.5681714158,613710180,0.0,1.0
2024-02-13 00:00:00+00:00,721.28,734.5,696.2,704.0,60258015,72.0963783454,73.4177987671,69.5894778783,70.3691359183,602580150,0.0,1.0
2024-02-14 00:00:00+00:00,739.0,742.36,719.38,732.02,50491742,73.8676014825,74.2034541766,71.9064616434,73.1699074928,504917420,0.0,1.0
2024-02-15 00:00:00+00:00,726.58,739.75,724.0,738.69,42012181,72.626145988,73.9425686017,72.3682590978,73.8366150732,420121810,0.0,1.0
2024-02-16 00:00:00+00:00,726.13,744.02,725.01,741.0,49532662,72.5811657165,74.3693814005,72.4692148184,74.0675138004,495326620,0.0,1.0
2024-02-20 00:00:00+00:00,694.52,719.56,677.34,719.47,70483310,69.4215515313,71.924453752,67.7043047201,71.9154576977,704833100,0.0,1.0
2024-02-21 00:00:00+00:00,674.72,688.88,662.48,680.06,69029813,67.4424195836,68.8577987946,66.2189561977,67.9761854725,690298130,0.0,1.0
2024-02-22 00:00:00+00:00,785.38,785.75,742.2,750.25,86509974,78.5035681357,78.5405519145,74.1874611912,74.9921082709,865099740,0.0,1.0
2024-02-23 00:00:00+00:00,788.17,823.94,775.7,807.9,82938837,78.7824458193,82.3578776258,77.5359925168,80.7545808358,829388370,0.0,1.0
2024-02-26 00:00:00+00:00,790.92,806.4599,785.05,797.0,50397273,79.0573252564,80.6106339713,78.4705826033,79.665058703,503972730,0.0,1.0
2024-02-27 00:00:00+00:00,787.01,794.8,771.62,793.81,39170524,78.6664966748,79.4451551533,77.1281713882,79.3461985559,391705240,0.0,1.0
2024-02-28 00:00:00+00:00,776.63,789.33,771.25,776.2,39311040,77.6289517447,78.8983949637,77.0911876094,77.5859705963,393110400,0.0,1.0
2024-02-29 00:00:00+00:00,791.12,799.9,783.5,790.94,50728898,79.0773164882,79.954931564,78.3156505568,79.0593243796,507288980,0.0,1.0
2024-03-01 00:00:00+00:00,822.79,823.0,794.3503,800.0,47913510,82.242928043,82.2639188364,79.4002048686,79.9649271799,479135100,0.0,1.0
2024-03-04 00:00:00+00:00,852.37,876.95,837.19,841.3,61561645,85.1996312254,87.6565536131,83.6822967322,84.0931165456,615616450,0.0,1.0
2024-03-05 00:00:00+00:00,859.64,860.97,834.1701,852.7,52063930,85.9303107476,86.0632586249,83.3843189118,85.2365827258,520639300,0.04,1.0
2024-03-06 00:00:00+00:00,887.0,897.24,870.3001,880.22,58252030,88.6652385104,89.6888372053,86.9959029787,87.9875042183,582520300,0.0,1.0
2024-03-07 00:00:00+00:00,926.69,927.67,896.0201,901.58,60811916,92.6326830611,92.730644655,89.5668950131,90.1226671209,608119160,0.0,1.0
2024-03-08 00:00:00+00:00,875.28,974.0,865.06,951.379,114226906,87.4936978167,97.3618289844,86.472098338,95.1006155003,1142269060,0.0,1.0
2024-03-11 00:00:00+00:00,857.74,887.97,841.66,864.29,66611510,85.7403852085,88.7622004961,84.1330153829,86.3951285143,666115100,0.0,1.0
2024-03-12 00:00:00+00:00,919.13,919.6,861.501,880.49,65437480,91.8769793372,91.9239609179,86.116337815,88.014493637,654374800,0.0,1.0
2024-03-13 00:00:00+00:00,908.88,915.04,884.35,910.55,62726626,90.8523810342,91.4681396241,88.4003423638,91.019315587,627266260,0.0,1.0
2024-03-14 00:00:00+00:00,879.44,906.46,866.0,895.77,59711081,87.9095347865,90.6104758739,86.5660614994,89.5418948145,597110810,0.0,1.0
2024-03-15 00:00:00+00:00,878.365,895.46,862.57,869.3,64208616,87.8020769157,89.5109069634,86.223195921,86.8959321726,642086160,0.0,1.0
2024-03-18 00:00:00+00:00,884.55,924.05,870.85,903.88,66897593,88.4203345258,92.3687865226,87.0508714282,90.352576984,668975930,0.0,1.0
2024-03-19 00:00:00+00:00,893.98,905.44,850.1,867.0,67217127,89.3629649645,90.5085158476,84.9766846197,86.6660223095,672171270,0.0,1.0
2024-03-20 00:00:00+00:00,903.72,904.1,882.23,897.97,47906279,90.3365832544,90.3745683622,88.1884254465,89.7618085966,479062790,0.0,1.0
2024-03-21 00:00:00+00:00,914.35,926.48,904.05,923.0,48037231,91.3991666651,92.611691291,90.3695703217,92.263827672,480372310,0.0,1.0
2024-03-22 00:00:00+00:00,942.89,947.7799,908.3401,911.41,58671936,94.2520481838,94.7408465489,90.7984121929,91.1052818836,586719360,0.0,1.0
2024-03-25 00:00:00+00:00,950.02,967.6599,935.1,939.41,55213608,94.9647687595,96.7280674526,93.4733534736,93.9041845649,552136080,0.0,1.0
2024-03-26 00:00:00+00:00,925.61,963.75,925.02,958.51,51364758,92.5247253863,96.3372306814,92.4657485083,95.8134360368,513647580,0.0,1.0
2024-03-27 00:00:00+00:00,902.5,932.4,891.23,931.12,58606723,90.2146310661,93.2034592865,89.0880727369,93.0755094496,586067230,0.0,1.0
2024-03-28 00:00:00+00:00,903.56,913.0,891.93,900.0,43521227,90.3205895248,91.2642195716,89.1580453039,89.964729041,435212270,0.0,1.0
2024-04-01 00:00:00+00:00,903.63,922.25,892.04,902.99,44811733,90.3275867815,92.1888570645,89.169040993,90.263611863,448117330,0.0,1.0
2024-04-02 00:00:00+00:00,894.52,900.94,876.2,884.48,43137935,89.4169438019,90.0586922024,87.5856617619,88.4133372691,431379350,0.0,1.0
2024-04-03 00:00:00+00:00,889.64,903.74,884.0,884.84,36759126,88.9291350489,90.3385824706,88.3653560803,88.4493231607,367591260,0.0,1.0
2024-04-04 00:00:00+00:00,859.05,906.3399,858.8,904.06,42886990,85.8713338696,90.5984705806,85.8463436671,90.3705699298,428869900,0.0,1.0
2024-04-05 00:00:00+00:00,880.08,884.81,859.26,868.66,39772878,87.9735097049,88.4463243364,85.8923256397,86.8319572542,397728780,0.0,1.0
2024-04-08 00:00:00+00:00,871.33,888.3,867.32,887.0,27907532,87.098852617,88.7951875635,86.6980097687,88.6652385104,279075320,0.0,1.0
2024-04-09 00:00:00+00:00,853.54,876.35,830.22,874.42,49977974,85.3205498063,87.6006558834,82.989463716,87.40773152,499779740,0.0,1.0
2024-04-10 00:00:00+00:00,870.39,874.0,837.09,839.26,43192853,87.0048894555,87.3657479798,83.676194481,83.8931094388,431928530,0.0,1.0
2024-04-11 00:00:00+00:00,906.16,907.3899,869.26,874.2,43163727,90.5804876309,90.7034294311,86.8919337402,87.3857401418,431637270,0.0,1.0
2024-04-12 00:00:00+00:00,881.86,901.7499,875.3,896.99,42680479,88.1514399468,90.1396504625,87.4956970329,89.6638470028,426804790,0.0,1.0
2024-04-15 00:00:00+00:00,860.01,906.13,859.2901,890.98,44307695,85.9672962473,90.5774888066,85.8953344601,89.0630825344,443076950,0.0,1.0
2024-04-16 00:00:00+00:00,874.15,881.18,860.639,864.325,37045302,87.3807421013,88.0834665959,86.0301715968,86.3986271426,370453020,0.0,1.0
2024-04-17 00:00:00+00:00,840.35,887.75,839.5,883.4,49539951,84.0020667218,88.7402091179,83.9171000332,88.3053795942,495399510,0.0,1.0
2024-04-18 00:00:00+00:00,846.71,861.8999,824.02,849.7,44726034,84.6378174737,86.1562121822,82.3697066937,84.9367002957,447260340,0.0,1.0
2024-04-19 00:00:00+00:00,762.0,843.24,756.06,831.5,87519800,76.1701372547,84.2909534628,75.576370043,83.1174135529,875198000,0.0,1.0
2024-04-22 00:00:00+00:00,795.18,800.73,764.0,781.04,59634051,79.486836932,80.0416194278,76.3700588748,78.073391078,596340510,0.0,1.0
2024-04-23 00:00:00+00:00,824.23,827.69,802.64,807.69,43855937,82.3906984638,82.7365628666,80.232544575,80.7373466657,438559370,0.0,1.0
2024-04-24 00:00:00+00:00,796.77,840.82,791.83,839.5,51220753,79.64577462,84.0490483025,79.1519682184,83.9171000332,512207530,0.0,1.0
2024-04-25 00:00:00+00:00,826.32,833.2299,782.23,788.6801,42464073,82.5996165568,83.2903357582,78.1923444419,78.8371016628,424640730,0.0,1.0
2024-04-26 00:00:00+00:00,877.35,883.3093,833.87,838.18,55101078,87.7006166935,88.2963131488,83.3543206727,83.785151764,551010780,0.0,1.0
2024-04-29 00:00:00+00:00,877.57,879.92,852.66,875.95,38897076,87.7226080717,87.9575159753,85.2325842934,87.5606715594,388970760,0.0,1.0
2024-04-30 00:00:00+00:00,864.02,888.19,863.0,872.4,36370870,86.3681390956,88.7841918744,86.2661790693,87.2058106837,363708700,0.0,1.0
2024-05-01 00:00:00+00:00,830.41,860.0,812.5456,850.77,55986317,83.0084562699,85.9662966392,81.2227163749,85.0436583625,559863170,0.0,1.0
2024-05-02 00:00:00+00:00,858.17,862.37,832.0,844.49,37789754,85.7833683568,86.203203759,83.1673939579,84.4159044754,377897540,0.0,1.0
2024-05-03 00:00:00+00:00,887.89,892.81,870.4,877.89,39834072,88.7542036313,89.2460108168,87.0058890636,87.7545955309,398340720,0.0,1.0
2024-05-06 00:00:00+00:00,921.4,922.2,890.55,893.9,37620255,92.103890376,92.183859024,89.0200993861,89.3549680997,376202550,0.0,1.0
2024-05-07 00:00:00+00:00,905.54,917.8099,890.11,910.98,43734161,90.5185119286,91.7450210718,88.9761166296,91.0622987353,437341610,0.0,1.0
2024-05-08 00:00:00+00:00,904.12,911.94,894.2,894.825,32572102,90.3765675784,91.1582611129,89.3849563427,89.447431849,325721020,0.0,1.0
2024-05-09 00:00:00+00:00,887.47,910.72,882.31,905.29,37801268,88.7122200911,91.0363089247,88.1964223113,90.4935217261,378012680,0.0,1.0
2024-05-10 00:00:00+00:00,898.78,914.01,892.27,903.045,33532541,89.8427768527,91.3651799897,89.1920319793,90.2691097076,335325410,0.0,1.0
2024-05-13 00:00:00+00:00,903.99,909.98,885.29,904.78,28968017,90.3635726731,90.9623379252,88.4943055252,90.442541713,289680170,0.0,1.0
2024-05-14 00:00:00+00:00,913.56,916.51,889.34,895.99,29650708,91.3201976252,91.6150820148,88.8991468059,89.5638861927,296507080,0.0,1.0
2024-05-15 00:00:00+00:00,946.3,948.62,915.99,924.72,41773545,94.5929145461,94.8248236254,91.5631023936,92.4357602653,417735450,0.0,1.0
2024-05-16 00:00:00+00:00,943.59,958.1899,941.03,949.1,32395182,94.3220207509,95.7814385815,94.0661210772,94.8728048142,323951820,0.0,1.0
2024-05-17 00:00:00+00:00,924.79,947.4,918.06,943.69,35969103,92.442757522,94.7028714372,91.7700212704,94.3320168319,359691030,0.0,1.0
2024-05-20 00:00:00+00:00,947.8,952.0,934.4,937.5,31876446,94.7428557612,95.1626911634,93.4033809066,93.7132594177,318764460,0.0,1.0
2024-05-21 00:00:00+00:00,953.86,954.0,931.8,935.99,32894646,95.34861827,95.3626127835,93.1434828004,93.5623185945,328946460,0.0,1.0
2024-05-22 00:00:00+00:00,949.5,960.2,932.49,954.59,54864799,94.9127891382,95.9823698057,93.2124557594,95.4215896614,548647990,0.0,1.0
2024-05-23 00:00:00+00:00,1037.99,1063.2,1015.2,1020.28,83506528,103.7583212192,106.2783332404,101.4802143582,101.9880152733,835065280,0.0,1.0
2024-05-24 00:00:00+00:00,1064.69,1064.75,1030.0,1044.49,42949367,106.4272748474,106.433272496,102.9596343469,104.4080664845,429493670,0.0,1.0
2024-05-28 00:00:00+00:00,1139.01,1149.39,1098.83,1102.44,65272789,113.85636225,114.8939554583,109.8399369023,110.2007954266,652727890,0.0,1.0
2024-05-29 00:00:00+00:00,1148.25,1154.92,1109.01,1130.5,55744193,114.7800001348,115.4467387378,110.8575379486,113.0056957565,557441930,0.0,1.0
2024-05-30 00:00:00+00:00,1105.0,1158.1915,1096.63,1146.5,48735033,110.4566951003,115.7737605279,109.6200231202,114.6050687172,487350330,0.0,1.0
2024-05-31 00:00:00+00:00,1096.33,1127.17,1069.4,1125.2,61326250,109.5900348772,112.672826259,106.8980902627,112.4759034633,613262500,0.0,1.0
2024-06-03 00:00:00+00:00,1150.0,1150.0,1120.03,1136.21,43839176,114.9549315524,114.9549315524,111.9591060753,113.5764719819,438391760,0.0,1.0
2024-06-04 00:00:00+00:00,1164.37,1166.0,1140.45,1157.16,40332401,116.3913683927,116.5543045131,114.0003058164,115.6706509523,403324010,0.0,1.0
2024-06-05 00:00:00+00:00,1224.4,1224.495,1174.68,1183.71,52840178,122.3920158198,122.4015120967,117.4219643443,118.324610459,528401780,0.0,1.0
2024-06-06 00:00:00+00:00,1209.98,1255.87,1183.2,1240.48,66469619,120.9505809389,125.5377825119,118.2736304459,123.9993856453,664696190,0.0,1.0
2024-06-07 00:00:00+00:00,1208.88,1216.9171,1180.22,1197.7,41238580,120.8406240479,121.6440190743,117.975747232,119.7230621916,412385800,0.0,1.0
2024-06-10 00:00:00+00:00,121.79,123.1,117.01,120.37,308134791,121.7422705545,123.0517571661,116.9641438343,120.3228270518,308134791,0.0,10.0
2024-06-11 00:00:00+00:00,120.91,122.87,118.74,121.77,222551158,120.8726115071,122.8320054245,118.7032825271,121.7323455729,222551158,0.01,1.0
2024-06-12 00:00:00+00:00,125.2,126.88,122.57,123.06,299595001,125.1612849283,126.840765429,122.5320981922,123.0219466716,299595001,0.0,1.0
2024-06-13 00:00:00+00:00,129.61,129.8,127.16,129.39,260704537,129.5699212425,129.7598624896,127.1206788458,129.3499892722,260704537,0.0,1.0
2024-06-14 00:00:00+00:00,131.88,132.84,128.32,129.96,309320376,131.8392192999,132.7989224431,128.2803201438,129.9198130135,309320376,0.0,1.0
2024-06-17 00:00:00+00:00,130.98,133.73,129.58,132.99,288504444,130.9394976031,133.6886472322,129.5399305193,132.9488760593,288504444,0.0,1.0
2024-06-18 00:00:00+00:00,135.58,136.33,130.69,131.14,294335054,135.5380751644,136.2878432451,130.6495872786,131.099448127,294335054,0.0,1.0
2024-06-20 00:00:00+00:00,130.78,140.76,129.52,139.8,517768425,130.7395594483,140.7164733747,129.4799490728,139.7567702315,517768425,0.0,1.0
2024-06-21 00:00:00+00:00,126.57,130.63,124.3,127.12,655484664,126.530861289,130.5896058322,124.2615632316,127.0806912148,655484664,0.0,1.0
2024-06-24 00:00:00+00:00,118.11,124.46,118.04,123.24,476060866,118.0734773394,124.4215137554,118.0034989852,123.2018910109,476060866,0.0,1.0
2024-06-25 00:00:00+00:00,126.09,126.5,119.32,121.2,425787456,126.0510097174,126.4608829348,119.2831031761,121.1625218316,425787456,0.0,1.0
2024-06-26 00:00:00+00:00,126.4,128.12,122.6,126.13,362975918,126.3609138574,128.080381989,122.5620889155,126.0909973483,362975918,0.0,1.0
2024-06-27 00:00:00+00:00,123.99,126.41,122.92,124.1,252571693,123.9516590916,126.3709107651,122.8819899632,124.0616250767,252571693,0.0,1.0
2024-06-28 00:00:00+00:00,123.54,127.71,122.75,124.58,315516740,123.5017982432,127.6705087716,122.7120425316,124.5414766483,315516740,0.0,1.0
2024-07-01 00:00:00+00:00,124.3,124.84,118.83,123.47,284885534,124.2615632316,124.8013962496,118.7932546968,123.431819889,284885534,0.0,1.0
2024-07-02 00:00:00+00:00,122.67,123.41,121.03,121.13,218373969,122.6320672696,123.3718384425,120.9925744,121.0925434774,218373969,0.0,1.0
2024-07-03 00:00:00+00:00,128.28,128.28,121.36,121.66,215748955,128.2403325128,128.2403325128,121.3224723555,121.6223795877,215748955,0.0,1.0
2024-07-05 00:00:00+00:00,125.83,128.85,125.68,127.38,214176689,125.7910901161,128.8101562541,125.6411365,127.3406108161,214176689,0.0,1.0
2024-07-08 00:00:00+00:00,128.2,130.77,127.04,127.49,237677322,128.1603572509,130.7295625406,127.0007159528,127.4505768012,237677322,0.0,1.0
2024-07-09 00:00:00+00:00,131.38,133.82,128.65,130.35,287020820,131.3393739128,133.7786194018,128.6102180993,130.3096924154,287020820,0.0,1.0
2024-07-10 00:00:00+00:00,134.91,135.1,132.42,134.03,248978569,134.8682823457,135.0582235928,132.379052318,133.9885544644,248978569,0.0,1.0
2024-07-11 00:00:00+00:00,127.4,136.15,127.05,135.75,374782738,127.3606046316,136.1078989057,127.0107128606,135.708022596,374782738,0.0,1.0
2024-07-12 00:00:00+00:00,129.24,131.92,127.22,128.26,252680535,129.2000356561,131.8792069309,127.1806602922,128.2203386974,252680535,0.0,1.0
2024-07-15 00:00:00+00:00,128.44,131.39,127.18,130.56,208326164,128.4002830367,131.3493708206,127.1406726612,130.519627478,208326164,0.0,1.0
2024-07-16 00:00:00+00:00,126.36,129.04,124.58,128.44,214769515,126.3209262264,129.0000975012,124.5414766483,128.4002830367,214769515,0.0,1.0
2024-07-17 00:00:00+00:00,117.99,121.85,116.72,121.35,390086189,117.9535144464,121.8123208348,116.6839071632,121.3124754477,390086189,0.0,1.0
2024-07-18 00:00:00+00:00,121.09,122.4,116.56,121.85,320979530,121.0525558464,122.3621507606,116.5239566394,121.8123208348,320979530,0.0,1.0
2024-07-19 00:00:00+00:00,117.93,121.6,117.37,120.35,217223800,117.893533,121.5623981413,117.3337061665,120.3127846735,217223800,0.0,1.0
2024-07-22 00:00:00+00:00,123.54,124.07,119.86,120.35,258068943,123.5017982432,124.0316343535,119.8229361942,120.3127846735,258068943,0.0,1.0
2024-07-23 00:00:00+00:00,122.59,124.69,122.1,122.78,173910983,122.5520920077,124.6514426335,122.0622435284,122.7420332548,173910983,0.0,1.0
2024-07-24 00:00:00+00:00,114.25,119.95,113.44,119.17,327776884,114.214670951,119.9129083639,113.4049214239,119.13314956,327776884,0.0,1.0
2024-07-25 00:00:00+00:00,112.28,116.63,106.3,113.04,460067019,112.2452801258,116.5939349936,106.2671292962,113.0050451142,460067019,0.0,1.0
2024-07-26 00:00:00+00:00,113.06,116.2,111.58,116.19,293399073,113.0250389297,116.1640679607,111.5454965839,116.1540710529,293399073,0.0,1.0
2024-07-29 00:00:00+00:00,111.59,116.28,111.3,113.69,248152068,111.5554934916,116.2440432226,111.2655831671,113.6548441174,248152068,0.0,1.0
2024-07-30 00:00:00+00:00,103.73,111.99,102.54,111.52,486833274,103.6979240065,111.9553698013,102.5082919852,111.4855151375,486833274,0.0,1.0
2024-07-31 00:00:00+00:00,117.02,118.34,110.88,112.9,473174182,116.9838143955,118.3034062174,110.845713042,112.8650884058,473174182,0.0,1.0
2024-08-01 00:00:00+00:00,109.21,120.16,106.8104,117.53,523462326,109.1762294491,120.1228434264,106.7773714673,117.4936566903,523462326,0.0,1.0
2024-08-02 00:00:00+00:00,107.27,108.72,101.37,103.76,482027464,107.2368293472,108.6863809697,101.3386537794,103.7279147298,482027464,0.0,1.0
2024-08-05 00:00:00+00:00,100.45,103.41,90.69,92.06,552842375,100.4189382672,103.3780229588,90.6619563111,92.0315326718,552842375,0.0,1.0
2024-08-06 00:00:00+00:00,104.25,107.71,100.55,103.84,409012089,104.2177632091,107.6766932878,100.5189073446,103.8078899917,409012089,0.0,1.0
2024-08-07 00:00:00+00:00,98.91,108.8,98.69,107.81,411440423,98.8794144749,108.7663562317,98.6594825046,107.7766623652,411440423,0.0,1.0
2024-08-08 00:00:00+00:00,104.97,105.5,97.52,102.0,391910023,104.9375405665,105.4673766768,97.4898442988,101.9684589672,391910023,0.0,1.0
2024-08-09 00:00:00+00:00,104.75,106.6,103.43,105.64,290844157,104.7176085962,106.5670365284,103.3980167743,105.6073333852,290844157,0.0,1.0
2024-08-12 00:00:00+00:00,109.02,111.07,106.26,106.32,325559870,108.986288202,111.0356542891,106.2271416652,106.2871231117,325559870,0.0,1.0
2024-08-13 00:00:00+00:00,116.14,116.23,111.58,112.44,312646660,116.1040865142,116.1940586839,111.5454965839,112.4052306497,312646660,0.0,1.0
2024-08-14 00:00:00+00:00,118.08,118.6,114.07,118.53,339246407,118.0434866161,118.5633258187,114.0347266116,118.4933474645,339246407,0.0,1.0
2024-08-15 00:00:00+00:00,122.86,123.24,117.47,118.76,318086673,122.8220085167,123.2018910109,117.4336752439,118.7232763426,318086673,0.0,1.0
2024-08-16 00:00:00+00:00,124.58,125.0,121.18,121.94,302589872,124.5414766483,124.9613467735,121.1425280161,121.9022930045,302589872,0.0,1.0
2024-08-19 00:00:00+00:00,130.0,130.0,123.42,124.28,318333577,129.9598006444,129.9598006444,123.3818353503,124.2415694161,318333577,0.0,1.0
2024-08-20 00:00:00+00:00,127.25,129.88,125.89,128.4,300087415,127.2106510154,129.8398377515,125.8510715625,128.3602954057,300087415,0.0,1.0
2024-08-21 00:00:00+00:00,128.5,129.35,126.66,127.315,257883572,128.4602644832,129.3100016412,126.6208334587,127.2756309158,257883572,0.0,1.0
2024-08-22 00:00:00+00:00,123.74,130.75,123.1,130.02,376189076,123.701736398,130.7095687251,123.0619343025,129.9797944599,376189076,0.0,1.0
2024-08-23 00:00:00+00:00,129.37,129.6,125.22,125.86,323230332,129.3299954567,129.5599243348,125.1812787438,125.8210808393,323230332,0.0,1.0
2024-08-26 00:00:00+00:00,126.46,131.26,124.37,129.57,331964672,126.4208953038,131.2194110199,124.3315415858,129.5299336115,331964672,0.0,1.0
2024-08-27 00:00:00+00:00,128.3,129.2,123.88,125.05,303134573,128.2603263283,129.1600480251,123.8416931064,125.0113313122,303134573,0.0,1.0
2024-08-28 00:00:00+00:00,125.61,128.33,122.64,128.12,448101115,125.5711581458,128.2903170516,122.6020765464,128.080381989,448101115,0.0,1.0
2024-08-29 00:00:00+00:00,117.59,124.43,116.71,121.355,453023305,117.5536381368,124.3915230322,116.6739102555,121.3174739016,453023305,0.0,1.0
2024-08-30 00:00:00+00:00,119.37,121.75,117.22,119.53,333751583,119.3330877148,121.7123517574,117.1837525503,119.4930382387,333751583,0.0,1.0
2024-09-03 00:00:00+00:00,108.0,116.21,107.29,116.01,477155100,107.9666036123,116.1740648684,107.2568231626,115.9741267136,477155100,0.0,1.0
2024-09-04 00:00:00+00:00,106.21,113.27,104.12,105.41,368378810,106.1771571265,113.2349739923,104.0878034085,105.3774045072,368378810,0.0,1.0
2024-09-05 00:00:00+00:00,107.21,109.65,104.76,104.985,306850696,107.1768479007,109.6160933897,104.7276055039,104.9525359281,306850696,0.0,1.0
2024-09-06 00:00:00+00:00,102.83,108.15,100.95,108.04,413638098,102.7982023098,108.1165572284,100.9187836543,108.0065912433,413638098,0.0,1.0
2024-09-09 00:00:00+00:00,106.47,106.55,103.69,104.88,273912015,106.4370767278,106.5170519897,103.6579363756,104.8475683968,273912015,0.0,1.0
2024-09-10 00:00:00+00:00,108.1,109.4,104.95,107.81,268283736,108.0665726897,109.3661706962,104.917546751,107.7766623652,268283736,0.0,1.0
2024-09-11 00:00:00+00:00,116.91,117.19,107.42,109.39,441422370,116.8738484103,117.1537618271,107.3867829633,109.3561737884,441422370,0.0,1.0
2024-09-12 00:00:00+00:00,119.14,120.79,115.38,116.84,367100496,119.1131557445,120.7627839716,115.354002936,116.8136739734,367100496,0.01,1.0
2024-09-13 00:00:00+00:00,119.1,119.955,117.6,119.08,238358328,119.0731647572,119.9279721112,117.5735027325,119.0531692635,238358328,0.0,1.0
2024-09-16 00:00:00+00:00,116.78,118.18,114.36,116.79,248772308,116.7536874924,118.1533720487,114.3342327593,116.7636852392,248772308,0.0,1.0
2024-09-17 00:00:00+00:00,115.59,118.8,114.83,118.17,231925876,115.5639556195,118.7732323523,114.8041268603,118.1433743019,231925876,0.0,1.0
2024-09-18 00:00:00+00:00,113.37,117.7,113.22,115.89,310318937,113.344455823,117.6734802008,113.1944896206,115.8638880244,310318937,0.0,1.0
2024-09-19 00:00:00+00:00,117.87,119.66,117.25,117.35,293506438,117.843441897,119.6330385797,117.2235815934,117.3235590618,293506438,0.0,1.0
2024-09-20 00:00:00+00:00,116.0,118.6181,115.3901,117.06,382462428,115.9738632396,118.5913733374,115.3641006604,117.0336244037,382462428,0.0,1.0
2024-09-23 00:00:00+00:00,116.26,116.99,114.86,116.55,206228490,116.2338046572,116.9636401758,114.8341201008,116.5237393153,206228490,0.0,1.0
2024-09-24 00:00:00+00:00,120.87,121.8,115.38,116.515,354966772,120.8427659463,121.7725564016,115.354002936,116.4887472014,354966772,0.0,1.0
2024-09-25 00:00:00+00:00,123.51,124.94,121.61,122.02,284692948,123.4821711097,124.9118489065,121.5825992118,121.9925068318,284692948,0.0,1.0
2024-09-26 00:00:00+00:00,124.04,127.665,121.8,126.8,302582868,124.0120516917,127.6362349179,121.7725564016,126.7714298171,302582868,0.0,1.0
2024-09-27 00:00:00+00:00,121.4,124.03,119.26,123.97,271009175,121.3726465283,124.0020539449,119.2331287065,123.9420674639,271009175,0.0,1.0
2024-09-30 00:00:00+00:00,121.44,121.5,118.15,118.31,227053651,121.4126375156,121.4726239966,118.1233788082,118.2833427575,227053651,0.0,1.0
2024-10-01 00:00:00+00:00,117.0,122.4351,115.79,121.765,302094485,116.9736379227,122.4075133028,115.7639105561,121.7375642876,302094485,0.0,1.0
2024-10-02 00:00:00+00:00,118.85,119.38,115.14,116.44,221845887,118.8232210864,119.3531016684,115.1140570121,116.4137641001,221845887,0.0,1.0
2024-10-03 00:00:00+00:00,122.85,124.36,120.3401,120.92,277117973,122.8223198188,124.3319795903,120.3129853417,120.8927546804,277117973,0.0,1.0
2024-10-04 00:00:00+00:00,124.92,125.04,121.83,124.94,244465552,124.8918534128,125.0118263748,121.802549642,124.9118489065,244465552,0.0,1.0
2024-10-07 00:00:00+00:00,127.72,130.64,124.95,124.99,346250233,127.6912225255,130.6105646002,124.9218466533,124.9618376406,346250233,0.0,1.0
2024-10-08 00:00:00+00:00,132.89,133.48,129.42,130.26,285722485,132.8600576371,133.4499247002,129.3908394868,130.2306502206,285722485,0.0,1.0
2024-10-09 00:00:00+00:00,132.65,134.52,131.38,134.11,246191612,132.6201117132,134.4896903706,131.3503978656,134.0797827505,246191612,0.0,1.0
2024-10-10 00:00:00+00:00,134.81,135.0,131.0,131.91,242311337,134.7796250287,134.9695822185,130.9704834861,131.8802784477,242311337,0.0,1.0
2024-10-11 00:00:00+00:00,134.8,135.78,133.66,134.01,170209474,134.7696272818,135.7494064713,133.6298841431,133.9798052822,170209474,0.0,1.0
2024-10-14 00:00:00+00:00,138.07,139.6,136.3,136.47,232347668,138.0388904956,139.5685457607,136.2692893065,136.4392510026,232347668,0.0,1.0
2024-10-15 00:00:00+00:00,131.6,138.57,128.74,137.87,377831021,131.5703482959,138.5387778371,128.7109927023,137.838935559,377831021,0.0,1.0
2024-10-16 00:00:00+00:00,135.72,136.62,131.58,133.98,264879720,135.6894199903,136.5892172051,131.5503528023,133.9498120417,264879720,0.0,1.0
2024-10-17 00:00:00+00:00,136.93,140.89,136.87,139.34,306435921,136.8991473568,140.8582551019,136.8391608759,139.3086043431,306435921,0.0,1.0
2024-10-18 00:00:00+00:00,138.0,138.9,137.28,138.665,176090184,137.9689062678,138.8687034826,137.2490684959,138.633756432,176090184,0.0,1.0
2024-10-21 00:00:00+00:00,143.71,143.71,138.0,138.13,264554514,143.6776197083,143.6776197083,137.9689062678,138.0988769766,264554514,0.0,1.0
2024-10-22 00:00:00+00:00,143.59,144.42,141.78,142.91,226311589,143.5576467463,144.3874597333,141.7480545699,142.8777999618,226311589,0.0,1.0
2024-10-23 00:00:00+00:00,139.56,142.43,137.46,142.03,285930038,139.5285547734,142.3979081139,137.4290279389,141.9979982407,285930038,0.0,1.0
2024-10-24 00:00:00+00:00,140.41,141.35,138.46,140.82,172354888,140.378363254,141.3181514562,138.428802622,140.7882708741,172354888,0.0,1.0
2024-10-25 00:00:00+00:00,141.54,144.13,140.8,140.93,205122109,141.5081086459,144.0975250752,140.7682753804,140.8982460892,205122109,0.0,1.0
2024-10-28 00:00:00+00:00,140.52,143.14,140.05,143.0,173586745,140.4883384692,143.1077481389,140.0184443681,142.9677796833,173586745,0.0,1.0
2024-10-29 00:00:00+00:00,141.25,142.2598,138.9,140.285,157593634,141.2181739878,142.2277464628,138.8687034826,140.2533914187,157593634,0.0,1.0
2024-10-30 00:00:00+00:00,139.335,140.33,136.81,139.54,179418082,139.3036054697,140.2983812794,136.7791743949,139.5085592797,179418082,0.0,1.0
2024-10-31 00:00:00+00:00,132.76,137.61,132.1106,137.6,270039641,132.7300869283,137.5789941414,132.0808332491,137.5689963945,270039641,0.0,1.0
2024-11-01 00:00:00+00:00,135.4,137.31,134.57,134.7,207127838,135.3694920917,137.2790617364,134.5396791047,134.6696498135,207127838,0.0,1.0
2024-11-04 00:00:00+00:00,136.05,138.96,135.57,137.21,187528173,136.0193456357,138.9286899635,135.5394537878,137.1790842681,187528173,0.0,1.0
2024-11-05 00:00:00+00:00,139.91,140.3701,137.33,137.45,160537373,139.8784759125,140.3384722442,137.2990572301,137.4190301921,160537373,0.0,1.0
2024-11-06 00:00:00+00:00,145.61,146.49,141.96,142.96,242043945,145.5771916062,146.4569933273,141.9280140128,142.9277886959,242043945,0.0,1.0
2024-11-07 00:00:00+00:00,148.88,148.93,146.17,146.39,207323303,148.8464548199,148.896443554,146.1370654287,146.357015859,207323303,0.0,1.0
2024-11-08 00:00:00+00:00,147.63,149.77,146.26,148.77,175665830,147.596736466,149.7362542879,146.2270451502,148.7364796048,175665830,0.0,1.0
2024-11-11 00:00:00+00:00,145.26,148.85,143.57,148.68,182325620,145.2272704671,148.8164615794,143.5376512526,148.6464998833,182325620,0.0,1.0
2024-11-12 00:00:00+00:00,148.29,149.65,146.01,146.78,198634738,148.2565877569,149.6162813259,145.9771014794,146.7469279854,198634738,0.0,1.0
2024-11-13 00:00:00+00:00,146.27,149.33,145.9,149.07,191903267,146.237042897,149.2963534273,145.8671262643,149.0364120097,191903267,0.0,1.0
2024-11-14 00:00:00+00:00,146.76,149.0,145.55,147.64,194463301,146.7269324917,148.9664277819,145.5172051252,147.6067342128,194463301,0.0,1.0
2024-11-15 00:00:00+00:00,141.98,145.24,140.08,144.87,250132869,141.9480095065,145.2072749734,140.0484376086,144.8373583407,250132869,0.0,1.0
2024-11-18 00:00:00+00:00,140.15,141.55,137.15,139.5,221865993,140.1184218364,141.5181063928,137.1190977871,139.4685682924,221865993,0.0,1.0
2024-11-19 00:00:00+00:00,147.01,147.13,140.99,141.32,227834912,146.9768761625,147.0968491245,140.9582325702,141.2881582157,227834912,0.0,1.0
2024-11-20 00:00:00+00:00,145.89,147.56,142.73,147.41,309871654,145.8571285174,147.5267522382,142.6978405188,147.3767860357,309871654,0.0,1.0
2024-11-21 00:00:00+00:00,146.67,152.89,140.7,149.35,400946570,146.6369527702,152.8555512991,140.6682979121,149.3163489209,400946570,0.0,1.0
2024-11-22 00:00:00+00:00,141.95,147.16,141.1,145.93,236406154,141.918016266,147.126842365,141.0682077854,145.8971195047,236406154,0.0,1.0
2024-11-25 00:00:00+00:00,136.02,142.05,135.82,141.99,344941875,135.9893523952,142.0179937343,135.7893974586,141.9580072533,344941875,0.0,1.0
2024-11-26 00:00:00+00:00,136.92,139.3,135.67,137.7,190287654,136.88914961,139.2686133558,135.6394312561,137.6689738628,190287654,0.0,1.0
2024-11-27 00:00:00+00:00,135.34,137.22,131.8,135.01,226370912,135.3095056107,137.1890820149,131.7703032325,134.9795799653,226370912,0.0,1.0
2024-11-29 00:00:00+00:00,138.25,139.35,136.05,136.78,141863156,138.2188499385,139.31860209,136.0193456357,136.7491811544,141863156,0.0,1.0
2024-12-02 00:00:00+00:00,138.63,140.45,137.825,138.83,171682777,138.5987643181,140.4183542414,137.7939456982,138.7987192547,171682777,0.0,1.0
2024-12-03 00:00:00+00:00,140.26,140.54,137.95,138.26,164413965,140.2283970516,140.5083339628,137.9189175336,138.2288476854,164413965,0.0,1.0
2024-12-04 00:00:00+00:00,145.14,145.79,140.29,141.995,231224295,145.1072975051,145.7571510491,140.2583902921,141.9630061268,231224295,0.0,1.0
2024-12-05 00:00:00+00:00,145.06,146.54,143.95,145.11,172621180,145.0373132773,146.517081812,143.9274868762,145.0873054575,172621180,0.01,1.0
2024-12-06 00:00:00+00:00,142.44,145.7,141.31,144.6,188505573,142.4177230333,145.6772131842,141.2878997602,144.5773852192,188505573,0.0,1.0
2024-12-09 00:00:00+00:00,138.81,139.95,137.13,138.97,189308625,138.7882907488,139.928112458,137.1085534931,138.9482657255,189308625,0.0,1.0
2024-12-10 00:00:00+00:00,135.07,141.82,133.79,139.01,210020888,135.0488756677,141.7978199985,133.7690758539,138.9882594697,210020888,0.0,1.0
2024-12-11 00:00:00+00:00,139.31,140.17,135.21,137.36,184905192,139.2882125511,140.148078051,135.1888537724,137.3385175222,184905192,0.0,1.0
2024-12-12 00:00:00+00:00,137.34,138.44,135.8,137.08,159211393,137.3185206501,138.4183486151,135.7787614991,137.0585613129,159211393,0.0,1.0
2024-12-13 00:00:00+00:00,134.25,139.6,132.54,138.94,231514881,134.229003912,139.5781671964,132.5192713482,138.9182704174,231514881,0.0,1.0
2024-12-16 00:00:00+00:00,132.0,134.4,130.42,134.18,237951130,131.9793558017,134.3789804527,130.3996029065,134.1590148597,237951130,0.0,1.0
2024-12-17 00:00:00+00:00,130.39,131.59,126.86,129.09,259410263,130.3696075984,131.5694199239,126.8401596743,129.0698109125,259410263,0.0,1.0
2024-12-18 00:00:00+00:00,128.91,136.7,128.28,133.86,277444533,128.8898390637,136.6786207432,128.2599375928,133.8390649062,277444533,0.0,1.0
2024-12-19 00:00:00+00:00,130.68,134.03,129.55,131.76,209719210,130.6595622437,134.009038319,129.5297389706,131.7393933367,209719210,0.0,1.0
2024-12-20 00:00:00+00:00,134.7,135.28,128.22,129.81,306528553,134.6789335341,135.2588428247,128.1999469765,129.7896983078,306528553,0.0,1.0
2024-12-23 00:00:00+00:00,139.67,139.79,135.1201,136.28,176053506,139.6481562487,139.7681374813,135.0989678323,136.2586864293,176053506,0.0,1.0
2024-12-24 00:00:00+00:00,140.22,141.9,138.65,140.0,105156989,140.1980702312,141.8778074869,138.6283157721,139.9781046382,105156989,0.0,1.0
2024-12-26 00:00:00+00:00,139.93,140.85,137.73,139.7,116519090,139.9081155859,140.8279717021,137.7084596559,139.6781515568,116519090,0.0,1.0
2024-12-27 00:00:00+00:00,137.01,139.02,134.71,138.55,170582603,136.9885722606,138.9982579057,134.6889319701,138.5283314116,170582603,0.0,1.0
2024-12-30 00:00:00+00:00,137.49,140.27,134.02,134.83,167734700,137.4684971908,140.2480624114,133.999039883,134.8089132026,167734700,0.0,1.0
2024-12-31 00:00:00+00:00,134.29,138.07,133.83,138.03,155659211,134.2689976562,138.0484064814,133.8090695981,138.0084127372,155659211,0.0,1.0
2025-01-02 00:00:00+00:00,138.31,138.88,134.63,136.0,198247166,138.2883689465,138.8582798011,134.6089444817,135.97873022,198247166,0.0,1.0
2025-01-03 00:00:00+00:00,144.47,144.9,139.73,140.01,229322478,144.4474055506,144.8773383006,139.708146865,139.9881030743,229322478,0.0,1.0
2025-01-06 00:00:00+00:00,149.43,152.156,147.8201,148.59,265377359,149.4066298292,152.1322034952,147.7969816102,148.5667612014,265377359,0.0,1.0
2025-01-07 00:00:00+00:00,140.14,153.13,140.01,153.03,351782174,140.1180827429,153.1060511661,139.9881030743,153.0060668056,351782174,0.0,1.0
2025-01-08 00:00:00+00:00,140.11,143.95,137.56,142.58,227349948,140.0880874347,143.9274868762,137.5384862431,142.557701138,227349948,0.0,1.0
2025-01-10 00:00:00+00:00,135.91,139.92,134.22,137.45,207602514,135.8887442956,139.8981171499,134.1990086039,137.4285034466,207602514,0.0,1.0
2025-01-13 00:00:00+00:00,133.23,133.49,129.51,129.99,204808914,133.2091634354,133.4691227725,129.4897452264,129.9696701566,204808914,0.0,1.0
2025-01-14 00:00:00+00:00,131.76,136.38,130.05,136.05,195590485,131.7393933367,136.3586707897,130.0296607729,136.0287224002,195590485,0.0,1.0
2025-01-15 00:00:00+00:00,136.24,136.45,131.29,133.65,185217338,136.2186926851,136.428659842,131.2694668425,133.6290977493,185217338,0.0,1.0
2025-01-16 00:00:00+00:00,133.57,138.75,133.49,138.64,209235583,133.5491102609,138.7283001325,133.4691227725,138.618317336,209235583,0.0,1.0
2025-01-17 00:00:00+00:00,137.71,138.5,135.4649,136.69,201188760,137.6884627838,138.4783392314,135.4437139072,136.6686223071,201188760,0.0,1.0
2025-01-21 00:00:00+00:00,140.83,141.83,137.09,139.16,197748985,140.80797483,141.8078184346,137.068559749,139.1382360104,197748985,0.0,1.0
2025-01-22 00:00:00+00:00,147.07,147.79,143.67,144.66,237651395,147.0469989224,147.7668863177,143.6475306669,144.6373758355,237651395,0.0,1.0
2025-01-23 00:00:00+00:00,147.22,147.23,143.72,145.05,155915549,147.1969754631,147.2069738992,143.6975228472,145.0273148412,155915549,0.0,1.0
2025-01-24 00:00:00+00:00,142.62,148.97,141.88,148.37,234657635,142.5976948822,148.9467017711,141.8578106148,148.3467956084,234657635,0.0,1.0
2025-01-27 00:00:00+00:00,118.42,128.4,116.7,124.8,818830895,118.4014796518,128.3799188253,116.681748652,124.7804818489,818830895,0.0,1.0
2025-01-28 00:00:00+00:00,128.99,129.0,116.25,121.81,579666350,128.969826552,128.9798249881,116.2318190299,121.7909494713,579666350,0.0,1.0
2025-01-29 00:00:00+00:00,123.7,126.89,120.05,126.5,467120640,123.6806538839,126.8701549825,120.0312247273,126.4802159767,467120640,0.0,1.0
2025-01-30 00:00:00+00:00,124.65,125.0,118.1,123.1,392925469,124.6305053082,124.9804505698,118.0815296984,123.0807477212,392925469,0.0,1.0
2025-01-31 00:00:00+00:00,120.07,127.85,119.19,123.78,390372899,120.0512215994,127.8300048428,119.1713592273,123.7606413723,390372899,0.0,1.0
2025-02-03 00:00:00+00:00,116.66,118.57,113.01,114.75,371235677,116.6417549078,118.5514561925,112.9923257512,114.7320536231,371235677,0.0,1.0
2025-02-04 00:00:00+00:00,118.65,121.2,116.7,116.96,256550040,118.6314436809,121.1810448725,116.681748652,116.9417079892,256550040,0.0,1.0
2025-02-05 00:00:00+00:00,124.83,125.0,120.76,121.76,263110629,124.8104771571,124.9804505698,120.7411136865,121.7409572911,263110629,0.0,1.0
2025-02-06 00:00:00+00:00,128.68,128.77,125.21,127.42,251483574,128.6598750346,128.749860959,125.1904177268,127.4000720929,251483574,0.0,1.0
2025-02-07 00:00:00+00:00,129.84,130.37,125.0,129.22,228186298,129.8196936159,130.3496107263,124.9804505698,129.1997905811,228186298,0.0,1.0
2025-02-10 00:00:00+00:00,133.57,135.0,129.96,130.09,216989086,133.5491102609,134.9788866154,129.9396748484,130.069654517,216989086,0.0,1.0
2025-02-11 00:00:00+00:00,132.8,134.48,131.02,132.58,178902379,132.7792306854,134.4589679411,130.9995090693,132.5592650924,178902379,0.0,1.0
2025-02-12 00:00:00+00:00,131.14,132.24,129.08,130.02,160278552,131.1194903018,132.2193182668,129.0598124764,129.9996654647,160278552,0.0,1.0
2025-02-13 00:00:00+00:00,135.29,136.5,131.17,131.555,197429975,135.2688412607,136.4786520223,131.14948561,131.5344253977,197429975,0.0,1.0
2025-02-14 00:00:00+00:00,138.85,139.25,135.5,136.48,195479557,138.828284493,139.2282219348,135.4788084177,136.4586551502,195479557,0.0,1.0
2025-02-18 00:00:00+00:00,139.4,143.44,137.925,141.27,219176627,139.3781984755,143.4175666379,137.9034291588,141.247906016,219176627,0.0,1.0
2025-02-19 00:00:00+00:00,139.23,141.36,137.22,139.51,167536006,139.2082250627,141.3378919404,137.1985394175,139.488181272,167536006,0.0,1.0
2025-02-20 00:00:00+00:00,140.11,140.66,136.7901,140.03,143903583,140.0880874347,140.6380014172,136.7687066519,140.0080999464,143903583,0.0,1.0
2025-02-21 00:00:00+00:00,134.43,141.46,134.03,140.04,228217585,134.4089757608,141.4378763009,134.009038319,140.0180983824,228217585,0.0,1.0
2025-02-24 00:00:00+00:00,130.28,138.59,130.08,136.56,251381137,130.2596248019,138.5683251558,130.059656081,136.5386426385,251381137,0.0,1.0
2025-02-25 00:00:00+00:00,126.63,130.2,124.44,129.98,271428711,126.6101956453,130.1796373135,124.4205381513,129.9596717205,271428711,0.0,1.0
2025-02-26 00:00:00+00:00,131.28,133.73,128.49,129.985,322553814,131.2594684065,133.7090852376,128.4699047497,129.9646709386,322553814,0.0,1.0
2025-02-27 00:00:00+00:00,120.15,135.01,120.01,135.0,443175846,120.1312090877,134.9888850515,119.9912309831,134.9788866154,443175846,0.0,1.0
2025-02-28 00:00:00+00:00,124.92,125.09,116.4,118.02,389091145,124.9004630815,125.0704364942,116.3817955706,118.00154221,389091145,0.0,1.0
2025-03-03 00:00:00+00:00,114.06,123.7,112.28,123.51,411381373,114.042161536,123.6806538839,112.2624399198,123.490683599,411381373,0.0,1.0
2025-03-04 00:00:00+00:00,115.99,119.31,110.11,110.645,398163305,115.9718596928,119.2913404599,110.092779298,110.6276956264,398163305,0.0,1.0
2025-03-05 00:00:00+00:00,117.3,118.2781,114.51,117.58,284337886,117.2816548147,118.2596018444,114.492091158,117.561611024,284337886,0.0,1.0
2025-03-06 00:00:00+00:00,110.57,115.35,110.22,113.53,321181861,110.5527073561,115.3319597858,110.2027620945,113.5122444255,321181861,0.0,1.0
2025-03-07 00:00:00+00:00,112.69,113.48,107.56,111.25,341755468,112.6723757977,113.4622522453,107.5431781063,111.2326010072,341755468,0.0,1.0
2025-03-10 00:00:00+00:00,106.98,111.85,105.46,109.9,361107562,106.9632688157,111.8325071699,105.4435065368,109.882812141,361107562,0.0,1.0
2025-03-11 00:00:00+00:00,108.76,112.236,104.77,106.99,354865692,108.7429904318,112.2184468012,104.7536144496,106.9732672517,354865692,0.0,1.0
2025-03-12 00:00:00+00:00,115.74,116.76,112.88,114.12,323857454,115.7318972277,116.7518258191,112.8720974517,114.1120106413,323857454,0.01,1.0
2025-03-13 00:00:00+00:00,115.58,117.76,113.79,117.03,299033131,115.571908429,117.7517558107,113.782033744,117.0218069168,299033131,0.0,1.0
2025-03-14 00:00:00+00:00,121.67,121.88,118.15,118.61,277593455,121.6614820778,121.8714673761,118.1417285074,118.6016963036,277593455,0.0,1.0
2025-03-17 00:00:00+00:00,119.53,122.89,118.03,122.74,255501481,119.5216318958,122.8813966676,118.0217369084,122.7314071689,255501481,0.0,1.0
2025-03-18 00:00:00+00:00,115.43,119.02,114.54,118.0,299686944,115.4219189303,119.0116676001,114.5319812377,117.9917390087,299686944,0.0,1.0
2025-03-19 00:00:00+00:00,117.52,120.445,115.68,117.27,273426225,117.5117726127,120.4365678381,115.6719014282,117.2617901148,273426225,0.0,1.0
2025-03-20 00:00:00+00:00,118.53,120.2,116.47,116.55,248829749,118.5217019042,120.1915849902,116.4618461215,116.5418405209,248829749,0.0,1.0
2025-03-21 00:00:00+00:00,117.7,117.99,115.42,116.94,266498528,117.6917600112,117.9817397088,115.4119196304,116.9318132176,266498528,0.0,1.0
2025-03-24 00:00:00+00:00,121.41,122.22,119.34,119.88,228452534,121.40150028,122.2114435732,119.3316451974,119.8716073929,228452534,0.0,1.0
2025-03-25 00:00:00+00:00,120.69,121.29,118.92,120.545,167447198,120.6815506861,121.281508681,118.911674601,120.5365608373,167447198,0.0,1.0
2025-03-26 00:00:00+00:00,113.76,118.84,112.71,118.73,296431667,113.7520358443,118.8316802016,112.7021093531,118.7216879025,296431667,0.0,1.0
2025-03-27 00:00:00+00:00,111.43,114.45,110.66,111.35,236902055,111.4221989639,114.4419875385,110.6522528703,111.3422045645,236902055,0.0,1.0
2025-03-28 00:00:00+00:00,109.67,112.87,109.0701,111.485,229872549,109.6623221787,112.8620981518,109.0624641767,111.4771951134,229872549,0.0,1.0
2025-03-31 00:00:00+00:00,108.38,110.955,103.65,105.13,299212653,108.3724124895,110.9472322179,103.6427436292,105.1226400168,299212653,0.0,1.0
2025-04-01 00:00:00+00:00,110.15,110.2,106.47,108.515,222614034,110.1422885746,110.1922850742,106.4625462055,108.5074030384,222614034,0.0,1.0
2025-04-02 00:00:00+00:00,110.42,111.98,106.79,107.29,220601243,110.4122696724,111.9721604593,106.7825238029,107.2824887987,220601243,0.0,1.0
2025-04-03 00:00:00+00:00,101.8,105.63,101.6,103.51,338769412,101.7928731448,105.6226050126,101.5928871465,103.5027534304,338769412,0.0,1.0
2025-04-04 00:00:00+00:00,94.31,100.13,92.11,98.91,532273810,94.3033975077,100.1229900588,92.1035515262,98.9030754691,532273810,0.0,1.0
2025-04-07 00:00:00+00:00,97.64,101.75,86.62,87.46,611041347,97.6331643797,101.7428766452,86.6139358723,87.4538770652,611041347,0.0,1.0
2025-04-08 00:00:00+00:00,96.3,105.85,94.46,103.805,476243392,96.293258191,105.8425896108,94.4533870064,103.7977327779,476243392,0.0,1.0
2025-04-09 00:00:00+00:00,114.33,115.1,97.5301,98.89,612918336,114.3219959395,115.091942033,97.5232720736,98.8830768692,612918336,0.0,1.0
2025-04-10 00:00:00+00:00,107.57,110.86,99.15,109.37,437812353,107.5624691963,110.8522388687,99.143058667,109.3623431812,437812353,0.0,1.0
2025-04-11 00:00:00+00:00,110.93,111.5499,107.48,108.5,313417265,110.9222339681,111.5420905699,107.4724754971,108.4924040885,313417265,0.0,1.0
2025-04-14 00:00:00+00:00,110.71,114.29,109.07,114.11,264705049,110.7022493699,114.2819987398,109.0623641837,114.1020113414,264705049,0.0,1.0
2025-04-15 00:00:00+00:00,112.2,113.615,110.5,110.97,228966900,112.1921450574,113.6070459955,110.4922640717,110.9622311677,228966900,0.0,1.0
2025-04-16 00:00:00+00:00,104.49,106.79,100.45,104.55,397016870,104.4826848222,106.7825238029,100.4429676561,104.5426806217,397016870,0.0,1.0
2025-04-17 00:00:00+00:00,101.49,104.47,100.05,104.45,292517465,101.4828948474,104.4626862223,100.0429956595,104.4426876225,292517465,0.0,1.0
2025-04-21 00:00:00+00:00,96.91,99.44,95.04,98.77,288501136,96.9032154859,99.4330383646,95.0333464016,98.7630852702,288501136,0.0,1.0
2025-04-22 00:00:00+00:00,98.89,99.811,97.28,98.78,241004784,98.8830768692,99.8040123915,97.2731895827,98.7730845701,241004784,0.0,1.0
2025-04-23 00:00:00+00:00,102.71,104.8,102.02,104.52,247525971,102.7028094371,104.7926631196,102.0128577429,104.5126827219,247525971,0.0,1.0
2025-04-24 00:00:00+00:00,106.43,106.54,103.11,103.475,220815041,106.4225490059,106.532541305,103.1027814338,103.4677558807,220815041,0.0,1.0
2025-04-25 00:00:00+00:00,111.01,111.92,105.73,106.85,251064672,111.0022283674,111.9121646598,105.7225980118,106.8425196024,251064672,0.0,1.0
2025-04-28 00:00:00+00:00,108.73,110.3699,106.02,109.69,207708479,108.7223879866,110.3621731798,106.0125777093,109.6823207785,207708479,0.0,1.0
2025-04-29 00:00:00+00:00,109.02,110.1999,107.44,107.67,170444263,109.0123676841,110.1921850812,107.4324782974,107.6624621955,170444263,0.0,1.0
2025-04-30 00:00:00+00:00,108.92,108.92,104.08,104.47,235044611,108.912374685,108.912374685,104.0727135256,104.4626862223,235044611,0.0,1.0
2025-05-01 00:00:00+00:00,111.61,114.94,111.3,113.08,236121507,111.6021863624,114.9319532344,111.292208065,113.07208345,236121507,0.0,1.0
2025-05-02 00:00:00+00:00,114.5,115.4,113.37,114.18,190194778,114.4919840381,115.3919210305,113.3620631476,114.1720064408,190194778,0.0,1.0
2025-05-05 00:00:00+00:00,113.82,114.665,112.66,112.905,133163241,113.8120316438,114.6569724867,112.6521128535,112.8970957015,133163241,0.0,1.0
2025-05-06 00:00:00+00:00,113.54,114.74,110.822,111.48,158525621,113.5320512462,114.7319672361,110.814241529,111.4721954635,158525621,0.0,1.0
2025-05-07 00:00:00+00:00,117.06,117.68,112.2818,113.045,207827821,117.0518048166,117.6717614114,112.2739393307,113.0370859003,207827821,0.0,1.0
2025-05-08 00:00:00+00:00,117.37,118.68,115.85,118.25,198428122,117.361783114,118.671691403,115.8418895267,118.2417215066,198428122,0.0,1.0
2025-05-09 00:00:00+00:00,116.65,118.23,115.21,117.35,132972189,116.64183352,118.2217229067,115.2019343321,117.3417845141,132972189,0.0,1.0
2025-05-12 00:00:00+00:00,123.0,123.0,120.28,121.97,225023345,122.9913889667,122.9913889667,120.2715793895,121.9614610753,225023345,0.0,1.0
2025-05-13 00:00:00+00:00,129.93,131.2189,124.47,124.98,330430105,129.9209038085,131.2097135746,124.4612860543,124.97125035,330430105,0.0,1.0
2025-05-14 00:00:00+00:00,135.34,135.435,131.68,133.195,281180830,135.330525063,135.4255184122,131.6707812938,133.185675231,281180830,0.0,1.0
2025-05-15 00:00:00+00:00,134.83,136.3,132.66,134.295,226632563,134.8205607673,136.2904578549,132.6507126855,134.2855982218,226632563,0.0,1.0
2025-05-16 00:00:00+00:00,135.4,136.35,133.46,136.22,226542451,135.3905208625,136.3404543545,133.4506566788,136.2104634556,226542451,0.0,1.0
2025-05-19 00:00:00+00:00,135.57,135.87,132.39,132.39,193154571,135.5605089611,135.8604879586,132.3807315878,132.3807315878,193154571,0.0,1.0
2025-05-20 00:00:00+00:00,134.38,134.58,132.62,134.29,161514247,134.3705922711,134.5705782694,132.6107154859,134.2805985718,161514247,0.0,1.0
2025-05-21 00:00:00+00:00,131.8,137.4,130.59,133.06,270608738,131.7907728927,137.3903808457,130.5808576029,133.0506846822,270608738,0.0,1.0
2025-05-22 00:00:00+00:00,132.83,134.25,131.55,132.23,187343954,132.8207007841,134.2406013722,131.5407903948,132.2207427891,187343954,0.0,1.0
2025-05-23 00:00:00+00:00,131.29,132.68,129.16,130.0,198821324,131.280808597,132.6707112854,129.1509577149,129.9908989079,198821324,0.0,1.0
2025-05-27 00:00:00+00:00,135.5,135.66,133.31,134.15,192953613,135.4905138617,135.6505026603,133.3006671801,134.140608373,192953613,0.0,1.0
2025-05-28 00:00:00+00:00,134.81,137.25,134.79,136.025,304021146,134.8005621675,137.240391347,134.7805635676,136.0154771073,304021146,0.0,1.0
2025-05-29 00:00:00+00:00,139.19,143.49,137.91,142.245,370615167,139.1802555307,143.4799544945,137.9003451414,142.235041655,370615167,0.0,1.0
2025-05-30 00:00:00+00:00,135.13,139.62,132.92,138.715,333170851,135.1205397648,139.6102254271,132.9106944833,138.7052887847,333170851,0.0,1.0
2025-06-02 00:00:00+00:00,137.38,138.12,135.4,135.49,197663116,137.3703822459,138.1103304397,135.3905208625,135.4805145617,197663116,0.0,1.0
2025-06-03 00:00:00+00:00,141.22,142.0,137.95,138.78,225578783,141.2101134136,141.9900588071,137.9403423411,138.7702842341,225578783,0.0,1.0
2025-06-04 00:00:00+00:00,141.92,142.39,139.545,142.19,167120819,141.9100644077,142.3800315038,139.5352306777,142.1800455055,167120819,0.0,1.0
2025-06-05 00:00:00+00:00,139.99,144.0,138.83,142.17,232410759,139.9801995239,143.9899187903,138.8202807337,142.1600469056,232410759,0.0,1.0
2025-06-06 00:00:00+00:00,141.72,143.27,141.51,142.51,153986153,141.7100784094,143.2599698964,141.5000931112,142.5000231028,153986153,0.0,1.0
2025-06-09 00:00:00+00:00,142.63,145.0,141.94,143.19,185114494,142.6200147018,144.9898487819,141.9300630076,143.1799754971,185114494,0.0,1.0
2025-06-10 00:00:00+00:00,143.96,144.29,141.525,142.69,155881897,143.9499215906,144.2798984878,141.515092061,142.6800105013,155881897,0.0,1.0
2025-06-11 00:00:00+00:00,142.83,144.99,141.87,144.61,167694044,142.83,144.99,141.87,144.61,167694044,0.01,1.0
2025-06-12 00:00:00+00:00,145.0,145.0,141.85,141.97,162364991,145.0,145.0,141.85,141.97,162364991,0.0,1.0
2025-06-13 00:00:00+00:00,141.97,143.58,140.855,142.48,180820565,141.97,143.58,140.855,142.48,180820565,0.0,1.0
2025-06-16 00:00:00+00:00,144.69,146.175,143.2001,143.345,183133666,144.69,146.175,143.2001,143.345,183133666,0.0,1.0
2025-06-17 00:00:00+00:00,144.12,145.22,143.78,144.49,139108000,144.12,145.22,143.78,144.49,139108000,0.0,1.0
2025-06-18 00:00:00+00:00,145.48,145.65,143.12,144.005,161494121,145.48,145.65,143.12,144.005,161494121,0.0,1.0
2025-06-20 00:00:00+00:00,143.85,146.2,142.65,145.45,242956157,143.85,146.2,142.65,145.45,242956157,0.0,1.0
2025-06-23 00:00:00+00:00,144.17,144.78,142.03,142.5,154308941,144.17,144.78,142.03,142.5,154308941,0.0,1.0
2025-06-24 00:00:00+00:00,147.9,147.96,145.5,145.56,187566121,147.9,147.96,145.5,145.56,187566121,0.0,1.0
2025-06-25 00:00:00+00:00,154.31,154.45,149.26,149.27,269146471,154.31,154.45,149.26,149.27,269146471,0.0,1.0
2025-06-26 00:00:00+00:00,155.02,156.715,154.0,155.975,198145746,155.02,156.715,154.0,155.975,198145746,0.0,1.0
2025-06-27 00:00:00+00:00,157.75,158.71,155.255,156.04,263234539,157.75,158.71,155.255,156.04,263234539,0.0,1.0
2025-06-30 00:00:00+00:00,157.99,158.66,155.96,158.4,194580316,157.99,158.66,155.96,158.4,194580316,0.0,1.0
2025-07-01 00:00:00+00:00,153.3,157.2,151.49,156.29,213143621,153.3,157.2,151.49,156.29,213143621,0.0,1.0
2025-07-02 00:00:00+00:00,157.25,157.6,152.97,152.98,171224111,157.25,157.6,152.97,152.98,171224111,0.0,1.0
2025-07-03 00:00:00+00:00,159.34,160.98,157.77,158.37,143716055,159.34,160.98,157.77,158.37,143716055,0.0,1.0
2025-07-07 00:00:00+00:00,158.24,159.31,157.342,158.2,140138975,158.24,159.31,157.342,158.2,140138975,0.0,1.0
2025-07-08 00:00:00+00:00,160.0,160.22,158.39,159.33,138133025,160.0,160.22,158.39,159.33,138133025,0.0,1.0
2025-07-09 00:00:00+00:00,162.88,164.42,161.16,161.22,183656443,162.88,164.42,161.16,161.22,183656443,0.0,1.0
2025-07-10 00:00:00+00:00,164.1,164.5,161.61,164.32,167704075,164.1,164.5,161.61,164.32,167704075,0.0,1.0
2025-07-11 00:00:00+00:00,164.92,167.89,163.47,163.715,193633263,164.92,167.89,163.47,163.715,193633263,0.0,1.0
2025-07-14 00:00:00+00:00,164.07,165.49,162.02,165.37,136975754,164.07,165.49,162.02,165.37,136975754,0.0,1.0
2025-07-15 00:00:00+00:00,170.7,172.4,169.195,171.19,230627350,170.7,172.4,169.195,171.19,230627350,0.0,1.0
2025-07-16 00:00:00+00:00,171.37,171.75,168.9,171.06,158831509,171.37,171.75,168.9,171.06,158831509,0.0,1.0
2025-07-17 00:00:00+00:00,173.0,174.16,170.83,172.02,160841119,173.0,174.16,170.83,172.02,160841119,0.0,1.0
2025-07-18 00:00:00+00:00,172.41,174.25,171.26,173.64,146456416,172.41,174.25,171.26,173.64,146456416,0.0,1.0
2025-07-21 00:00:00+00:00,171.38,173.38,171.0,172.75,123126136,171.38,173.38,171.0,172.75,123126136,0.0,1.0
2025-07-22 00:00:00+00:00,167.03,171.39,164.58,171.34,193114327,167.03,171.39,164.58,171.34,193114327,0.0,1.0
2025-07-23 00:00:00+00:00,170.78,171.26,167.97,169.53,154082197,170.78,171.26,167.97,169.53,154082197,0.0,1.0
2025-07-24 00:00:00+00:00,173.74,173.83,171.3,172.44,128984628,173.74,173.83,171.3,172.44,128984628,0.0,1.0
2025-07-25 00:00:00+00:00,173.5,174.72,172.96,173.61,122316792,173.5,174.72,172.96,173.61,122316792,0.0,1.0
2025-07-28 00:00:00+00:00,176.75,177.0,173.97,174.02,140023521,176.75,177.0,173.97,174.02,140023521,0.0,1.0
2025-07-29 00:00:00+00:00,175.51,179.38,175.02,177.96,154077512,175.51,179.38,175.02,177.96,154077512,0.0,1.0
2025-07-30 00:00:00+00:00,179.27,179.89,176.04,176.51,174312208,179.27,179.89,176.04,176.51,174312208,0.0,1.0
2025-07-31 00:00:00+00:00,177.87,183.3,175.93,182.9,221685446,177.87,183.3,175.93,182.9,221685446,0.0,1.0
2025-08-01 00:00:00+00:00,173.72,176.54,170.89,174.09,204528985,173.72,176.54,170.89,174.09,204528985,0.0,1.0
2025-08-04 00:00:00+00:00,180.0,180.2,174.52,175.16,148174609,180.0,180.2,174.52,175.16,148174609,0.0,1.0
2025-08-05 00:00:00+00:00,178.26,180.26,175.9,179.62,156407621,178.26,180.26,175.9,179.62,156407621,0.0,1.0
2025-08-06 00:00:00+00:00,179.42,179.9,176.25,176.325,137192265,179.42,179.9,176.25,176.325,137192265,0.0,1.0
2025-08-07 00:00:00+00:00,180.77,183.88,178.795,181.57,151878365,180.77,183.88,178.795,181.57,151878365,0.0,1.0
2025-08-08 00:00:00+00:00,182.7,183.3,180.4,181.55,123396679,182.7,183.3,180.4,181.55,123396679,0.0,1.0
