date,close,high,low,open,volume,adjClose,adjHigh,adjLow,adjOpen,adjVolume,divCash,splitFactor
2018-04-03 00:00:00+00:00,149.01,169.0,148.26,165.9,30526507,149.01,169.0,148.26,165.9,30526507,0.0,1.0
2018-04-04 00:00:00+00:00,144.22,148.93,135.51,140.0,11702875,144.22,148.93,135.51,140.0,11702875,0.0,1.0
2018-04-05 00:00:00+00:00,143.99,152.41,141.25,149.23,7372840,143.99,152.41,141.25,149.23,7372840,0.0,1.0
2018-04-06 00:00:00+00:00,147.92,148.73,144.67,146.07,4228091,147.92,148.73,144.67,146.07,4228091,0.0,1.0
2018-04-09 00:00:00+00:00,150.0,151.0,148.59,149.5,2051432,150.0,151.0,148.59,149.5,2051432,0.0,1.0
2018-04-10 00:00:00+00:00,154.9,156.74,151.1327,152.0,2979958,154.9,156.74,151.1327,152.0,2979958,0.0,1.0
2018-04-11 00:00:00+00:00,149.57,154.15,147.5,154.0,1873960,149.57,154.15,147.5,154.0,1873960,0.0,1.0
2018-04-12 00:00:00+00:00,149.1,151.0,148.65,150.25,1373985,149.1,151.0,148.65,150.25,1373985,0.0,1.0
2018-04-13 00:00:00+00:00,149.0,150.42,148.05,149.8,1608056,149.0,150.42,148.05,149.8,1608056,0.0,1.0
2018-04-16 00:00:00+00:00,144.32,150.0,142.74,150.0,1454716,144.32,150.0,142.74,150.0,1454716,0.0,1.0
2018-04-17 00:00:00+00:00,148.49,149.84,146.0,146.02,1743529,148.49,149.84,146.0,146.02,1743529,0.0,1.0
2018-04-18 00:00:00+00:00,154.91,155.99,149.56,149.94,2235263,154.91,155.99,149.56,149.94,2235263,0.0,1.0
2018-04-19 00:00:00+00:00,153.47,155.03,152.01,154.4,1057197,153.47,155.03,152.01,154.4,1057197,0.0,1.0
2018-04-20 00:00:00+00:00,158.45,159.0,151.23,152.35,2339028,158.45,159.0,151.23,152.35,2339028,0.0,1.0
2018-04-23 00:00:00+00:00,158.04,160.68,154.606,159.4,2436489,158.04,160.68,154.606,159.4,2436489,0.0,1.0
2018-04-24 00:00:00+00:00,155.07,159.26,153.52,159.0,1180356,155.07,159.26,153.52,159.0,1180356,0.0,1.0
2018-04-25 00:00:00+00:00,153.33,154.6,150.0592,153.95,1884547,153.33,154.6,150.0592,153.95,1884547,0.0,1.0
2018-04-26 00:00:00+00:00,156.6,157.8,151.32,153.0,1277163,156.6,157.8,151.32,153.0,1277163,0.0,1.0
2018-04-27 00:00:00+00:00,159.98,160.0,157.0,157.37,1737785,159.98,160.0,157.0,157.37,1737785,0.0,1.0
2018-04-30 00:00:00+00:00,161.67,162.88,159.7,161.51,3638394,161.67,162.88,159.7,161.51,3638394,0.0,1.0
2018-05-01 00:00:00+00:00,164.88,165.17,161.2101,162.12,2963882,164.88,165.17,161.2101,162.12,2963882,0.0,1.0
2018-05-02 00:00:00+00:00,170.0,171.23,166.0,166.52,6942756,170.0,171.23,166.0,166.52,6942756,0.0,1.0
2018-05-03 00:00:00+00:00,160.38,161.11,151.11,154.121,11094790,160.38,161.11,151.11,154.121,11094790,0.0,1.0
2018-05-04 00:00:00+00:00,154.26,161.11,152.56,161.11,4292560,154.26,161.11,152.56,161.11,4292560,0.0,1.0
2018-05-07 00:00:00+00:00,150.0,154.71,148.061,154.5,5623726,150.0,154.71,148.061,154.5,5623726,0.0,1.0
2018-05-08 00:00:00+00:00,150.64,154.65,150.26,151.02,2460300,150.64,154.65,150.26,151.02,2460300,0.0,1.0
2018-05-09 00:00:00+00:00,150.07,150.97,148.49,150.52,1857367,150.07,150.97,148.49,150.52,1857367,0.0,1.0
2018-05-10 00:00:00+00:00,158.13,159.95,150.35,151.4,3606635,158.13,159.95,150.35,151.4,3606635,0.0,1.0
2018-05-11 00:00:00+00:00,156.77,158.24,155.28,158.0,1601292,156.77,158.24,155.28,158.0,1601292,0.0,1.0
2018-05-14 00:00:00+00:00,159.97,164.95,156.77,159.48,4753257,159.97,164.95,156.77,159.48,4753257,0.0,1.0
2018-05-15 00:00:00+00:00,158.71,160.99,155.324,156.75,2976152,158.71,160.99,155.324,156.75,2976152,0.0,1.0
2018-05-16 00:00:00+00:00,161.39,163.0,158.08,158.16,2077833,161.39,163.0,158.08,158.16,2077833,0.0,1.0
2018-05-17 00:00:00+00:00,158.76,159.48,156.75,159.17,2470912,158.76,159.48,156.75,159.17,2470912,0.0,1.0
2018-05-18 00:00:00+00:00,150.8,160.05,150.78,160.0,4157545,150.8,160.05,150.78,160.0,4157545,0.0,1.0
2018-05-21 00:00:00+00:00,150.22,153.74,149.98,153.36,1948712,150.22,153.74,149.98,153.36,1948712,0.0,1.0
2018-05-22 00:00:00+00:00,150.43,153.39,150.05,150.63,1194378,150.43,153.39,150.05,150.63,1194378,0.0,1.0
2018-05-23 00:00:00+00:00,154.37,154.56,150.0,150.43,1202589,154.37,154.56,150.0,150.43,1202589,0.0,1.0
2018-05-24 00:00:00+00:00,154.59,156.865,153.34,154.32,1083312,154.59,156.865,153.34,154.32,1083312,0.0,1.0
2018-05-25 00:00:00+00:00,156.6,157.75,154.7,155.71,1288458,156.6,157.75,154.7,155.71,1288458,0.0,1.0
2018-05-29 00:00:00+00:00,154.62,156.56,152.63,156.1,1314252,154.62,156.56,152.63,156.1,1314252,0.0,1.0
2018-05-30 00:00:00+00:00,156.38,156.93,153.71,156.6,1085629,156.38,156.93,153.71,156.6,1085629,0.0,1.0
2018-05-31 00:00:00+00:00,157.71,158.845,155.15,156.82,1446790,157.71,158.845,155.15,156.82,1446790,0.0,1.0
2018-06-01 00:00:00+00:00,159.24,161.81,157.35,158.9,1952391,159.24,161.81,157.35,158.9,1952391,0.0,1.0
2018-06-04 00:00:00+00:00,162.83,162.97,158.1,159.54,2016902,162.83,162.97,158.1,159.54,2016902,0.0,1.0
2018-06-05 00:00:00+00:00,164.96,165.06,161.23,162.5,1694408,164.96,165.06,161.23,162.5,1694408,0.0,1.0
2018-06-06 00:00:00+00:00,165.64,165.64,159.205,164.09,2264419,165.64,165.64,159.205,164.09,2264419,0.0,1.0
2018-06-07 00:00:00+00:00,166.03,168.75,164.6634,168.75,2207399,166.03,168.75,164.6634,168.75,2207399,0.0,1.0
2018-06-08 00:00:00+00:00,171.48,172.93,165.04,165.5,3528861,171.48,172.93,165.04,165.5,3528861,0.0,1.0
2018-06-11 00:00:00+00:00,172.37,172.75,169.22,171.5,2347354,172.37,172.75,169.22,171.5,2347354,0.0,1.0
2018-06-12 00:00:00+00:00,170.23,175.93,169.89,173.0,2231499,170.23,175.93,169.89,173.0,2231499,0.0,1.0
2018-06-13 00:00:00+00:00,170.82,172.749,170.0,172.17,1230729,170.82,172.749,170.0,172.17,1230729,0.0,1.0
2018-06-14 00:00:00+00:00,178.1,180.02,169.49,169.5,4311617,178.1,180.02,169.49,169.5,4311617,0.0,1.0
2018-06-15 00:00:00+00:00,175.02,176.925,172.0,175.81,1983171,175.02,176.925,172.0,175.81,1983171,0.0,1.0
2018-06-18 00:00:00+00:00,174.35,175.95,171.2694,173.46,940119,174.35,175.95,171.2694,173.46,940119,0.0,1.0
2018-06-19 00:00:00+00:00,169.89,173.25,167.06,171.53,1627702,169.89,173.25,167.06,171.53,1627702,0.0,1.0
2018-06-20 00:00:00+00:00,176.4,176.77,170.5,172.88,2365125,176.4,176.77,170.5,172.88,2365125,0.0,1.0
2018-06-21 00:00:00+00:00,179.53,182.18,177.195,179.0,3782027,179.53,182.18,177.195,179.0,3782027,0.0,1.0
2018-06-22 00:00:00+00:00,180.94,182.45,177.4017,181.8,1477254,180.94,182.45,177.4017,181.8,1477254,0.0,1.0
2018-06-25 00:00:00+00:00,170.37,180.0,166.0,180.0,2878754,170.37,180.0,166.0,180.0,2878754,0.0,1.0
2018-06-26 00:00:00+00:00,175.98,177.0,172.54,174.37,1658913,175.98,177.0,172.54,174.37,1658913,0.0,1.0
2018-06-27 00:00:00+00:00,172.15,181.72,171.58,177.82,1778168,172.15,181.72,171.58,177.82,1778168,0.0,1.0
2018-06-28 00:00:00+00:00,167.7,170.94,165.7101,170.48,1646009,167.7,170.94,165.7101,170.48,1646009,0.0,1.0
2018-06-29 00:00:00+00:00,168.24,171.94,167.84,170.75,862313,168.24,171.94,167.84,170.75,862313,0.0,1.0
2018-07-02 00:00:00+00:00,170.69,170.79,162.03,165.8,1171271,170.69,170.79,162.03,165.8,1171271,0.0,1.0
2018-07-03 00:00:00+00:00,168.66,171.23,168.24,171.07,508411,168.66,171.23,168.24,171.07,508411,0.0,1.0
2018-07-05 00:00:00+00:00,176.44,176.44,169.6,169.71,1299919,176.44,176.44,169.6,169.71,1299919,0.0,1.0
2018-07-06 00:00:00+00:00,175.7,177.295,174.03,174.52,1093038,175.7,177.295,174.03,174.52,1093038,0.0,1.0
2018-07-09 00:00:00+00:00,177.44,178.71,172.81,178.35,1388926,177.44,178.71,172.81,178.35,1388926,0.0,1.0
2018-07-10 00:00:00+00:00,180.43,181.5,176.0101,177.09,1542098,180.43,181.5,176.0101,177.09,1542098,0.0,1.0
2018-07-11 00:00:00+00:00,182.35,183.24,178.5,179.3,1998982,182.35,183.24,178.5,179.3,1998982,0.0,1.0
2018-07-12 00:00:00+00:00,188.35,189.97,183.2401,183.65,3506046,188.35,189.97,183.2401,183.65,3506046,0.0,1.0
2018-07-13 00:00:00+00:00,187.21,188.86,183.95,188.6,1313254,187.21,188.86,183.95,188.6,1313254,0.0,1.0
2018-07-16 00:00:00+00:00,184.22,187.62,184.03,186.78,1141647,184.22,187.62,184.03,186.78,1141647,0.0,1.0
2018-07-17 00:00:00+00:00,187.05,187.48,178.61,180.72,1813297,187.05,187.48,178.61,180.72,1813297,0.0,1.0
2018-07-18 00:00:00+00:00,186.15,188.389,184.95,187.8,920498,186.15,188.389,184.95,187.8,920498,0.0,1.0
2018-07-19 00:00:00+00:00,182.19,186.8097,182.05,185.18,877252,182.19,186.8097,182.05,185.18,877252,0.0,1.0
2018-07-20 00:00:00+00:00,182.79,185.65,182.27,183.83,843733,182.79,185.65,182.27,183.83,843733,0.0,1.0
2018-07-23 00:00:00+00:00,188.05,190.0,183.5,184.97,1754107,188.05,190.0,183.5,184.97,1754107,0.0,1.0
2018-07-24 00:00:00+00:00,187.81,190.8,186.07,188.01,2174399,187.81,190.8,186.07,188.01,2174399,0.0,1.0
2018-07-25 00:00:00+00:00,187.99,188.09,184.5,185.55,2019703,187.99,188.09,184.5,185.55,2019703,0.0,1.0
2018-07-26 00:00:00+00:00,196.28,198.99,187.05,191.86,5029013,196.28,198.99,187.05,191.86,5029013,0.0,1.0
2018-07-27 00:00:00+00:00,186.27,196.56,182.49,195.73,4125005,186.27,196.56,182.49,195.73,4125005,0.0,1.0
2018-07-30 00:00:00+00:00,176.79,189.34,175.31,187.7,2978485,176.79,189.34,175.31,187.7,2978485,0.0,1.0
2018-07-31 00:00:00+00:00,182.83,183.87,175.4,177.27,2233466,182.83,183.87,175.4,177.27,2233466,0.0,1.0
2018-08-01 00:00:00+00:00,180.12,185.49,179.82,183.53,1140512,180.12,185.49,179.82,183.53,1140512,0.0,1.0
2018-08-02 00:00:00+00:00,179.71,181.2,177.9,179.63,1391685,179.71,181.2,177.9,179.63,1391685,0.0,1.0
2018-08-03 00:00:00+00:00,175.5,180.12,174.65,179.95,1337879,175.5,180.12,174.65,179.95,1337879,0.0,1.0
2018-08-06 00:00:00+00:00,179.95,181.13,175.5,175.5,1032136,179.95,181.13,175.5,175.5,1032136,0.0,1.0
2018-08-07 00:00:00+00:00,179.52,184.49,179.0,180.28,894830,179.52,184.49,179.0,180.28,894830,0.0,1.0
2018-08-08 00:00:00+00:00,178.7,179.81,177.34,178.75,584570,178.7,179.81,177.34,178.75,584570,0.0,1.0
2018-08-09 00:00:00+00:00,187.38,190.0,177.5843,179.07,2595085,187.38,190.0,177.5843,179.07,2595085,0.0,1.0
2018-08-10 00:00:00+00:00,189.06,189.5,185.39,185.52,1558758,189.06,189.5,185.39,185.52,1558758,0.0,1.0
2018-08-13 00:00:00+00:00,191.55,196.0,188.51,189.0,3156645,191.55,196.0,188.51,189.0,3156645,0.0,1.0
2018-08-14 00:00:00+00:00,193.75,194.89,189.44,193.0,1271911,193.75,194.89,189.44,193.0,1271911,0.0,1.0
2018-08-15 00:00:00+00:00,190.33,195.87,187.12,195.27,1752650,190.33,195.87,187.12,195.27,1752650,0.0,1.0
2018-08-16 00:00:00+00:00,192.36,194.18,190.6124,192.5,549388,192.36,194.18,190.6124,192.5,549388,0.0,1.0
2018-08-17 00:00:00+00:00,188.37,191.021,186.6,187.93,1489631,188.37,191.021,186.6,187.93,1489631,0.0,1.0
2018-08-20 00:00:00+00:00,186.4,189.5399,184.34,188.55,1050462,186.4,189.5399,184.34,188.55,1050462,0.0,1.0
2018-08-21 00:00:00+00:00,190.38,190.58,186.5,187.87,990008,190.38,190.58,186.5,187.87,990008,0.0,1.0
2018-08-22 00:00:00+00:00,191.03,192.0,188.21,190.95,1025610,191.03,192.0,188.21,190.95,1025610,0.0,1.0
2018-08-23 00:00:00+00:00,190.0,194.4,189.5708,191.67,980275,190.0,194.4,189.5708,191.67,980275,0.0,1.0
2018-08-24 00:00:00+00:00,192.38,193.92,190.75,191.0,1454923,192.38,193.92,190.75,191.0,1454923,0.0,1.0
2018-08-27 00:00:00+00:00,194.69,196.95,193.54,194.0,1773103,194.69,196.95,193.54,194.0,1773103,0.0,1.0
2018-08-28 00:00:00+00:00,191.96,195.07,190.0,195.07,1014956,191.96,195.07,190.0,195.07,1014956,0.0,1.0
2018-08-29 00:00:00+00:00,191.26,193.95,189.24,193.47,1290261,191.26,193.95,189.24,193.47,1290261,0.0,1.0
2018-08-30 00:00:00+00:00,189.85,192.4444,189.32,191.45,803935,189.85,192.4444,189.32,191.45,803935,0.0,1.0
2018-08-31 00:00:00+00:00,189.52,191.1091,188.305,190.12,710874,189.52,191.1091,188.305,190.12,710874,0.0,1.0
2018-09-04 00:00:00+00:00,187.53,190.31,185.6,190.0,1430427,187.53,190.31,185.6,190.0,1430427,0.0,1.0
2018-09-05 00:00:00+00:00,177.36,186.57,177.1,186.57,2312561,177.36,186.57,177.1,186.57,2312561,0.0,1.0
2018-09-06 00:00:00+00:00,175.56,178.0399,171.47,178.0,1698579,175.56,178.0399,171.47,178.0,1698579,0.0,1.0
2018-09-07 00:00:00+00:00,177.8,179.69,171.535,172.99,1185595,177.8,179.69,171.535,172.99,1185595,0.0,1.0
2018-09-10 00:00:00+00:00,182.49,183.19,174.23,179.53,1175185,182.49,183.19,174.23,179.53,1175185,0.0,1.0
2018-09-11 00:00:00+00:00,182.67,184.31,177.83,180.01,1413828,182.67,184.31,177.83,180.01,1413828,0.0,1.0
2018-09-12 00:00:00+00:00,183.79,184.14,178.16,181.92,1093010,183.79,184.14,178.16,181.92,1093010,0.0,1.0
2018-09-13 00:00:00+00:00,184.89,187.35,184.01,185.0,1021440,184.89,187.35,184.01,185.0,1021440,0.0,1.0
2018-09-14 00:00:00+00:00,180.63,185.53,180.11,185.0,1126779,180.63,185.53,180.11,185.0,1126779,0.0,1.0
2018-09-17 00:00:00+00:00,175.1,181.99,174.41,179.41,1318746,175.1,181.99,174.41,179.41,1318746,0.0,1.0
2018-09-18 00:00:00+00:00,175.52,179.43,175.34,175.62,1156938,175.52,179.43,175.34,175.62,1156938,0.0,1.0
2018-09-19 00:00:00+00:00,171.14,176.48,168.96,175.33,2615225,171.14,176.48,168.96,175.33,2615225,0.0,1.0
2018-09-20 00:00:00+00:00,172.64,174.52,168.0001,171.54,1283243,172.64,174.52,168.0001,171.54,1283243,0.0,1.0
2018-09-21 00:00:00+00:00,175.02,176.48,173.1516,175.41,1424952,175.02,176.48,173.1516,175.41,1424952,0.0,1.0
2018-09-24 00:00:00+00:00,176.97,178.59,172.01,172.97,1151861,176.97,178.59,172.01,172.97,1151861,0.0,1.0
2018-09-25 00:00:00+00:00,179.91,183.09,178.15,178.83,1178476,179.91,183.09,178.15,178.83,1178476,0.0,1.0
2018-09-26 00:00:00+00:00,182.05,184.26,181.66,181.76,836994,182.05,184.26,181.66,181.76,836994,0.0,1.0
2018-09-27 00:00:00+00:00,184.41,185.92,182.51,182.84,964907,184.41,185.92,182.51,182.84,964907,0.0,1.0
2018-09-28 00:00:00+00:00,180.83,183.44,180.22,183.06,1163766,180.83,183.44,180.22,183.06,1163766,0.0,1.0
2018-10-01 00:00:00+00:00,180.4,184.95,179.31,182.62,1022957,180.4,184.95,179.31,182.62,1022957,0.0,1.0
2018-10-02 00:00:00+00:00,178.88,181.0,178.07,179.39,831012,178.88,181.0,178.07,179.39,831012,0.0,1.0
2018-10-03 00:00:00+00:00,176.95,180.66,173.534,179.26,1673915,176.95,180.66,173.534,179.26,1673915,0.0,1.0
2018-10-04 00:00:00+00:00,168.58,175.6,167.31,174.46,1955216,168.58,175.6,167.31,174.46,1955216,0.0,1.0
2018-10-05 00:00:00+00:00,164.38,169.9,162.22,167.95,2395648,164.38,169.9,162.22,167.95,2395648,0.0,1.0
2018-10-08 00:00:00+00:00,163.47,165.9,156.73,162.31,1850643,163.47,165.9,156.73,162.31,1850643,0.0,1.0
2018-10-09 00:00:00+00:00,161.53,165.33,160.36,161.58,1214636,161.53,165.33,160.36,161.58,1214636,0.0,1.0
2018-10-10 00:00:00+00:00,149.48,160.64,149.05,160.64,3193992,149.48,160.64,149.05,160.64,3193992,0.0,1.0
2018-10-11 00:00:00+00:00,152.27,153.58,146.5,147.2,2993263,152.27,153.58,146.5,147.2,2993263,0.0,1.0
2018-10-12 00:00:00+00:00,158.49,161.86,155.44,157.6,2775334,158.49,161.86,155.44,157.6,2775334,0.0,1.0
2018-10-15 00:00:00+00:00,159.25,162.6,157.41,160.4,1350123,159.25,162.6,157.41,160.4,1350123,0.0,1.0
2018-10-16 00:00:00+00:00,164.75,165.49,156.73,160.86,1635983,164.75,165.49,156.73,160.86,1635983,0.0,1.0
2018-10-17 00:00:00+00:00,159.28,168.1,157.45,168.09,2084009,159.28,168.1,157.45,168.09,2084009,0.0,1.0
2018-10-18 00:00:00+00:00,152.49,158.3,149.83,157.46,2317926,152.49,158.3,149.83,157.46,2317926,0.0,1.0
2018-10-19 00:00:00+00:00,148.93,156.31,148.2103,154.08,2018830,148.93,156.31,148.2103,154.08,2018830,0.0,1.0
2018-10-22 00:00:00+00:00,148.54,151.865,146.53,149.5,1426756,148.54,151.865,146.53,149.5,1426756,0.0,1.0
2018-10-23 00:00:00+00:00,153.25,153.62,140.32,143.7,2404166,153.25,153.62,140.32,143.7,2404166,0.0,1.0
2018-10-24 00:00:00+00:00,146.32,155.0,145.73,153.94,1652435,146.32,155.0,145.73,153.94,1652435,0.0,1.0
2018-10-25 00:00:00+00:00,149.68,152.0,147.88,149.0,1195887,149.68,152.0,147.88,149.0,1195887,0.0,1.0
2018-10-26 00:00:00+00:00,146.24,149.05,141.75,143.75,1326828,146.24,149.05,141.75,143.75,1326828,0.0,1.0
2018-10-29 00:00:00+00:00,139.11,148.79,137.01,148.79,2306910,139.11,148.79,137.01,148.79,2306910,0.0,1.0
2018-10-30 00:00:00+00:00,141.68,142.23,131.01,137.05,3071405,141.68,142.23,131.01,137.05,3071405,0.0,1.0
2018-10-31 00:00:00+00:00,149.69,152.49,141.92,142.07,3165255,149.69,152.49,141.92,142.07,3165255,0.0,1.0
2018-11-01 00:00:00+00:00,141.16,145.0,133.25,133.4,8785822,141.16,145.0,133.25,133.4,8785822,0.0,1.0
2018-11-02 00:00:00+00:00,138.99,143.88,137.88,140.41,2239159,138.99,143.88,137.88,140.41,2239159,0.0,1.0
2018-11-05 00:00:00+00:00,143.6,143.86,137.4,140.54,1952634,143.6,143.86,137.4,140.54,1952634,0.0,1.0
2018-11-06 00:00:00+00:00,142.61,145.3899,138.15,142.74,1749802,142.61,145.3899,138.15,142.74,1749802,0.0,1.0
2018-11-07 00:00:00+00:00,145.77,147.27,142.16,144.2,2330933,145.77,147.27,142.16,144.2,2330933,0.0,1.0
2018-11-08 00:00:00+00:00,137.0,144.96,135.2901,144.57,2444189,137.0,144.96,135.2901,144.57,2444189,0.0,1.0
2018-11-09 00:00:00+00:00,138.06,138.84,133.05,135.07,2571610,138.06,138.84,133.05,135.07,2571610,0.0,1.0
2018-11-12 00:00:00+00:00,131.31,137.45,126.75,136.84,2657331,131.31,137.45,126.75,136.84,2657331,0.0,1.0
2018-11-13 00:00:00+00:00,131.63,136.06,130.5201,132.27,1106280,131.63,136.06,130.5201,132.27,1106280,0.0,1.0
2018-11-14 00:00:00+00:00,134.01,136.74,132.03,134.26,1304037,134.01,136.74,132.03,134.26,1304037,0.0,1.0
2018-11-15 00:00:00+00:00,136.96,138.2862,132.25,132.48,1070638,136.96,138.2862,132.25,132.48,1070638,0.0,1.0
2018-11-16 00:00:00+00:00,134.21,137.4899,132.67,134.73,868477,134.21,137.4899,132.67,134.73,868477,0.0,1.0
2018-11-19 00:00:00+00:00,126.7,134.39,125.7,133.89,1556100,126.7,134.39,125.7,133.89,1556100,0.0,1.0
2018-11-20 00:00:00+00:00,129.7,131.21,120.49,120.55,2463276,129.7,131.21,120.49,120.55,2463276,0.0,1.0
2018-11-21 00:00:00+00:00,131.98,133.645,129.41,130.76,1455998,131.98,133.645,129.41,130.76,1455998,0.0,1.0
2018-11-23 00:00:00+00:00,129.41,133.0,128.52,130.11,422235,129.41,133.0,128.52,130.11,422235,0.0,1.0
2018-11-26 00:00:00+00:00,138.0,138.6,130.96,131.0,1360654,138.0,138.6,130.96,131.0,1360654,0.0,1.0
2018-11-27 00:00:00+00:00,138.75,139.5,134.54,136.71,1174000,138.75,139.5,134.54,136.71,1174000,0.0,1.0
2018-11-28 00:00:00+00:00,138.24,141.3,133.02,141.0,1693422,138.24,141.3,133.02,141.0,1693422,0.0,1.0
2018-11-29 00:00:00+00:00,138.96,140.88,137.0,137.08,972116,138.96,140.88,137.0,137.08,972116,0.0,1.0
2018-11-30 00:00:00+00:00,136.38,138.8934,133.18,138.5,1064335,136.38,138.8934,133.18,138.5,1064335,0.0,1.0
2018-12-03 00:00:00+00:00,140.68,144.49,139.19,140.87,1488181,140.68,144.49,139.19,140.87,1488181,0.0,1.0
2018-12-04 00:00:00+00:00,134.5,143.95,134.13,141.04,1601604,134.5,143.95,134.13,141.04,1601604,0.0,1.0
2018-12-06 00:00:00+00:00,136.83,137.29,129.01,132.0,1543508,136.83,137.29,129.01,132.0,1543508,0.0,1.0
2018-12-07 00:00:00+00:00,135.31,139.8,133.58,136.89,1115805,135.31,139.8,133.58,136.89,1115805,0.0,1.0
2018-12-10 00:00:00+00:00,130.79,136.84,130.1,134.2,1464973,130.79,136.84,130.1,134.2,1464973,0.0,1.0
2018-12-11 00:00:00+00:00,128.37,133.81,126.41,133.81,2356285,128.37,133.81,126.41,133.81,2356285,0.0,1.0
2018-12-12 00:00:00+00:00,128.47,133.78,128.03,130.3,1656504,128.47,133.78,128.03,130.3,1656504,0.0,1.0
2018-12-13 00:00:00+00:00,125.55,130.12,124.71,129.78,1171222,125.55,130.12,124.71,129.78,1171222,0.0,1.0
2018-12-14 00:00:00+00:00,125.68,127.4,122.24,123.85,917007,125.68,127.4,122.24,123.85,917007,0.0,1.0
2018-12-17 00:00:00+00:00,120.47,124.95,120.0,123.54,1251122,120.47,124.95,120.0,123.54,1251122,0.0,1.0
2018-12-18 00:00:00+00:00,120.51,122.86,119.8936,120.63,1431161,120.51,122.86,119.8936,120.63,1431161,0.0,1.0
2018-12-19 00:00:00+00:00,118.67,124.3599,115.86,120.77,1768267,118.67,124.3599,115.86,120.77,1768267,0.0,1.0
2018-12-20 00:00:00+00:00,114.53,118.99,111.85,117.5,2298960,114.53,118.99,111.85,117.5,2298960,0.0,1.0
2018-12-21 00:00:00+00:00,106.84,114.37,104.06,114.18,3379143,106.84,114.37,104.06,114.18,3379143,0.0,1.0
2018-12-24 00:00:00+00:00,107.75,110.4099,103.29,104.8,944212,107.75,110.4099,103.29,104.8,944212,0.0,1.0
2018-12-26 00:00:00+00:00,114.04,114.06,106.775,108.74,1463860,114.04,114.06,106.775,108.74,1463860,0.0,1.0
2018-12-27 00:00:00+00:00,113.82,114.45,109.5,112.66,1498158,113.82,114.45,109.5,112.66,1498158,0.0,1.0
2018-12-28 00:00:00+00:00,112.16,114.6745,110.3374,114.07,970986,112.16,114.6745,110.3374,114.07,970986,0.0,1.0
2018-12-31 00:00:00+00:00,113.5,116.25,112.27,114.42,1397783,113.5,116.25,112.27,114.42,1397783,0.0,1.0
2019-01-02 00:00:00+00:00,113.74,115.63,110.36,111.66,861548,113.74,115.63,110.36,111.66,861548,0.0,1.0
2019-01-03 00:00:00+00:00,109.02,113.345,108.59,112.08,1082285,109.02,113.345,108.59,112.08,1082285,0.0,1.0
2019-01-04 00:00:00+00:00,118.51,121.47,111.5,112.06,2484800,118.51,121.47,111.5,112.06,2484800,0.0,1.0
2019-01-07 00:00:00+00:00,119.36,123.8663,113.28,115.04,2516626,119.36,123.8663,113.28,115.04,2516626,0.0,1.0
2019-01-08 00:00:00+00:00,117.48,122.77,114.7,121.44,1257095,117.48,122.77,114.7,121.44,1257095,0.0,1.0
2019-01-09 00:00:00+00:00,122.69,124.38,118.1611,118.6,1276739,122.69,124.38,118.1611,118.6,1276739,0.0,1.0
2019-01-10 00:00:00+00:00,123.93,124.97,119.59,122.35,1347068,123.93,124.97,119.59,122.35,1347068,0.0,1.0
2019-01-11 00:00:00+00:00,120.52,124.36,118.29,123.0,1414551,120.52,124.36,118.29,123.0,1414551,0.0,1.0
2019-01-14 00:00:00+00:00,126.71,128.0,118.57,120.2,2474581,126.71,128.0,118.57,120.2,2474581,0.0,1.0
2019-01-15 00:00:00+00:00,131.25,132.42,128.64,129.27,2979922,131.25,132.42,128.64,129.27,2979922,0.0,1.0
2019-01-16 00:00:00+00:00,134.25,134.56,130.15,132.02,2152451,134.25,134.56,130.15,132.02,2152451,0.0,1.0
2019-01-17 00:00:00+00:00,133.25,135.35,132.53,133.02,1372430,133.25,135.35,132.53,133.02,1372430,0.0,1.0
2019-01-18 00:00:00+00:00,133.66,136.0,132.5795,135.0,1314443,133.66,136.0,132.5795,135.0,1314443,0.0,1.0
2019-01-22 00:00:00+00:00,133.8,134.77,131.76,132.61,1255560,133.8,134.77,131.76,132.61,1255560,0.0,1.0
2019-01-23 00:00:00+00:00,130.92,135.5,128.535,134.2,1159580,130.92,135.5,128.535,134.2,1159580,0.0,1.0
2019-01-24 00:00:00+00:00,132.7,133.56,130.15,131.0,708075,132.7,133.56,130.15,131.0,708075,0.0,1.0
2019-01-25 00:00:00+00:00,134.67,135.65,133.0,134.28,997331,134.67,135.65,133.0,134.28,997331,0.0,1.0
2019-01-28 00:00:00+00:00,133.25,134.41,130.9,134.04,1512653,133.25,134.41,130.9,134.04,1512653,0.0,1.0
2019-01-29 00:00:00+00:00,132.46,134.1,129.7562,133.72,790934,132.46,134.1,129.7562,133.72,790934,0.0,1.0
2019-01-30 00:00:00+00:00,136.47,137.49,133.55,133.97,1456233,136.47,137.49,133.55,133.97,1456233,0.0,1.0
2019-01-31 00:00:00+00:00,135.45,140.6999,135.31,136.52,2174029,135.45,140.6999,135.31,136.52,2174029,0.0,1.0
2019-02-01 00:00:00+00:00,137.21,138.79,133.45,135.12,1783803,137.21,138.79,133.45,135.12,1783803,0.0,1.0
2019-02-04 00:00:00+00:00,138.6,141.41,137.2,137.74,1245395,138.6,141.41,137.2,137.74,1245395,0.0,1.0
2019-02-05 00:00:00+00:00,139.4,141.0,137.63,140.0,1844466,139.4,141.0,137.63,140.0,1844466,0.0,1.0
2019-02-06 00:00:00+00:00,135.45,137.35,129.6,129.9,7575306,135.45,137.35,129.6,129.9,7575306,0.0,1.0
2019-02-07 00:00:00+00:00,131.19,135.0,128.7,134.97,2515176,131.19,135.0,128.7,134.97,2515176,0.0,1.0
2019-02-08 00:00:00+00:00,134.71,135.74,128.9708,129.52,1989903,134.71,135.74,128.9708,129.52,1989903,0.0,1.0
2019-02-11 00:00:00+00:00,137.82,138.9,136.09,136.65,3154834,137.82,138.9,136.09,136.65,3154834,0.0,1.0
2019-02-12 00:00:00+00:00,140.46,143.37,137.9,139.0,2483299,140.46,143.37,137.9,139.0,2483299,0.0,1.0
2019-02-13 00:00:00+00:00,143.54,144.13,141.11,142.13,2165795,143.54,144.13,141.11,142.13,2165795,0.0,1.0
2019-02-14 00:00:00+00:00,146.87,148.985,143.0,143.25,2943585,146.87,148.985,143.0,143.25,2943585,0.0,1.0
2019-02-15 00:00:00+00:00,148.52,148.64,144.69,147.96,2056064,148.52,148.64,144.69,147.96,2056064,0.0,1.0
2019-02-19 00:00:00+00:00,146.28,149.805,145.65,148.0,1223384,146.28,149.805,145.65,148.0,1223384,0.0,1.0
2019-02-20 00:00:00+00:00,147.83,148.66,145.65,146.5,1230395,147.83,148.66,145.65,146.5,1230395,0.0,1.0
2019-02-21 00:00:00+00:00,148.52,149.86,146.65,147.55,1039623,148.52,149.86,146.65,147.55,1039623,0.0,1.0
2019-02-22 00:00:00+00:00,151.19,152.57,148.8,149.0,1961435,151.19,152.57,148.8,149.0,1961435,0.0,1.0
2019-02-25 00:00:00+00:00,149.33,153.44,148.5,152.0,1188740,149.33,153.44,148.5,152.0,1188740,0.0,1.0
2019-02-26 00:00:00+00:00,145.07,147.94,142.0,145.84,1587347,145.07,147.94,142.0,145.84,1587347,0.0,1.0
2019-02-27 00:00:00+00:00,145.0,147.7,142.85,145.0,1830244,145.0,147.7,142.85,145.0,1830244,0.0,1.0
2019-02-28 00:00:00+00:00,140.14,146.015,139.41,145.65,2110563,140.14,146.015,139.41,145.65,2110563,0.0,1.0
2019-03-01 00:00:00+00:00,138.0,141.0,135.22,139.21,3306385,138.0,141.0,135.22,139.21,3306385,0.0,1.0
2019-03-04 00:00:00+00:00,139.23,140.2244,136.68,138.45,1415700,139.23,140.2244,136.68,138.45,1415700,0.0,1.0
2019-03-05 00:00:00+00:00,143.6,146.2,139.42,139.42,1712966,143.6,146.2,139.42,139.42,1712966,0.0,1.0
2019-03-06 00:00:00+00:00,145.12,146.6,142.3932,143.85,1233748,145.12,146.6,142.3932,143.85,1233748,0.0,1.0
2019-03-07 00:00:00+00:00,140.18,145.0,138.4,144.1,1588891,140.18,145.0,138.4,144.1,1588891,0.0,1.0
2019-03-08 00:00:00+00:00,140.18,141.25,138.1,138.39,1129050,140.18,141.25,138.1,138.39,1129050,0.0,1.0
2019-03-11 00:00:00+00:00,146.36,147.39,140.15,140.18,1523928,146.36,147.39,140.15,140.18,1523928,0.0,1.0
2019-03-12 00:00:00+00:00,145.33,147.79,144.82,146.62,796098,145.33,147.79,144.82,146.62,796098,0.0,1.0
2019-03-13 00:00:00+00:00,143.49,147.22,143.23,146.96,1266990,143.49,147.22,143.23,146.96,1266990,0.0,1.0
2019-03-14 00:00:00+00:00,140.24,144.55,140.01,144.24,1184456,140.24,144.55,140.01,144.24,1184456,0.0,1.0
2019-03-15 00:00:00+00:00,141.91,144.47,140.6,141.61,1346599,141.91,144.47,140.6,141.61,1346599,0.0,1.0
2019-03-18 00:00:00+00:00,139.18,143.3248,138.1,141.92,1151857,139.18,143.3248,138.1,141.92,1151857,0.0,1.0
2019-03-19 00:00:00+00:00,141.55,142.485,139.07,140.63,1682584,141.55,142.485,139.07,140.63,1682584,0.0,1.0
2019-03-20 00:00:00+00:00,143.9,144.38,139.7,141.39,1139112,143.9,144.38,139.7,141.39,1139112,0.0,1.0
2019-03-21 00:00:00+00:00,143.99,145.0,141.52,142.42,1106333,143.99,145.0,141.52,142.42,1106333,0.0,1.0
2019-03-22 00:00:00+00:00,139.0,142.85,137.03,142.75,2243040,139.0,142.85,137.03,142.75,2243040,0.0,1.0
2019-03-25 00:00:00+00:00,142.1,143.49,135.7,137.75,1906867,142.1,143.49,135.7,137.75,1906867,0.0,1.0
2019-03-26 00:00:00+00:00,137.45,143.0,136.4,142.1,1775829,137.45,143.0,136.4,142.1,1775829,0.0,1.0
2019-03-27 00:00:00+00:00,133.35,138.54,131.78,138.03,2071865,133.35,138.54,131.78,138.03,2071865,0.0,1.0
2019-03-28 00:00:00+00:00,137.64,137.88,132.97,133.85,1258010,137.64,137.88,132.97,133.85,1258010,0.0,1.0
2019-03-29 00:00:00+00:00,138.8,139.71,135.1,135.59,1666458,138.8,139.71,135.1,135.59,1666458,0.0,1.0
2019-04-01 00:00:00+00:00,140.06,141.0,137.95,139.93,1473033,140.06,141.0,137.95,139.93,1473033,0.0,1.0
2019-04-02 00:00:00+00:00,142.55,143.5,139.5,140.65,1361566,142.55,143.5,139.5,140.65,1361566,0.0,1.0
2019-04-03 00:00:00+00:00,143.82,145.51,142.55,143.19,1367382,143.82,145.51,142.55,143.19,1367382,0.0,1.0
2019-04-04 00:00:00+00:00,140.27,143.58,138.87,143.39,1289660,140.27,143.58,138.87,143.39,1289660,0.0,1.0
2019-04-05 00:00:00+00:00,141.13,144.25,140.91,141.44,2196851,141.13,144.25,140.91,141.44,2196851,0.0,1.0
2019-04-08 00:00:00+00:00,142.28,144.36,139.78,140.85,753729,142.28,144.36,139.78,140.85,753729,0.0,1.0
2019-04-09 00:00:00+00:00,141.34,143.37,140.63,141.71,907101,141.34,143.37,140.63,141.71,907101,0.0,1.0
2019-04-10 00:00:00+00:00,143.57,145.44,140.47,141.35,1056709,143.57,145.44,140.47,141.35,1056709,0.0,1.0
2019-04-11 00:00:00+00:00,141.8,144.3559,140.5001,143.71,913390,141.8,144.3559,140.5001,143.71,913390,0.0,1.0
2019-04-12 00:00:00+00:00,144.95,146.2,142.26,142.71,904672,144.95,146.2,142.26,142.71,904672,0.0,1.0
2019-04-15 00:00:00+00:00,138.55,141.95,137.2,141.0,2024188,138.55,141.95,137.2,141.0,2024188,0.0,1.0
2019-04-16 00:00:00+00:00,139.41,140.49,136.85,138.67,1172676,139.41,140.49,136.85,138.67,1172676,0.0,1.0
2019-04-17 00:00:00+00:00,137.69,140.2,136.67,139.91,972088,137.69,140.2,136.67,139.91,972088,0.0,1.0
2019-04-18 00:00:00+00:00,139.65,139.75,134.66,137.46,1119159,139.65,139.75,134.66,137.46,1119159,0.0,1.0
2019-04-22 00:00:00+00:00,135.92,136.905,133.95,136.2,1634154,135.92,136.905,133.95,136.2,1634154,0.0,1.0
2019-04-23 00:00:00+00:00,138.79,139.85,134.43,134.96,1704491,138.79,139.85,134.43,134.96,1704491,0.0,1.0
2019-04-24 00:00:00+00:00,135.62,138.79,134.14,138.48,1693704,135.62,138.79,134.14,138.48,1693704,0.0,1.0
2019-04-25 00:00:00+00:00,132.82,136.35,132.2108,134.5,1675271,132.82,136.35,132.2108,134.5,1675271,0.0,1.0
2019-04-26 00:00:00+00:00,138.25,139.225,133.23,134.0,2844608,138.25,139.225,133.23,134.0,2844608,0.0,1.0
2019-04-29 00:00:00+00:00,138.14,145.46,134.2101,144.4,6689595,138.14,145.46,134.2101,144.4,6689595,0.0,1.0
2019-04-30 00:00:00+00:00,135.77,140.83,133.8,138.35,1678636,135.77,140.83,133.8,138.35,1678636,0.0,1.0
2019-05-01 00:00:00+00:00,136.5,137.29,135.07,136.5,1482384,136.5,137.29,135.07,136.5,1482384,0.0,1.0
2019-05-02 00:00:00+00:00,132.7,136.7,131.86,136.5,1287883,132.7,136.7,131.86,136.5,1287883,0.0,1.0
2019-05-03 00:00:00+00:00,136.17,137.24,132.77,132.77,1411346,136.17,137.24,132.77,132.77,1411346,0.0,1.0
2019-05-06 00:00:00+00:00,137.0,137.345,131.94,132.96,1157822,137.0,137.345,131.94,132.96,1157822,0.0,1.0
2019-05-07 00:00:00+00:00,136.06,137.27,134.36,135.13,1013982,136.06,137.27,134.36,135.13,1013982,0.0,1.0
2019-05-08 00:00:00+00:00,137.71,137.9,134.5,135.57,847670,137.71,137.9,134.5,135.57,847670,0.0,1.0
2019-05-09 00:00:00+00:00,134.83,136.43,132.45,135.61,1304305,134.83,136.43,132.45,135.61,1304305,0.0,1.0
2019-05-10 00:00:00+00:00,137.85,138.18,134.34,134.69,1296880,137.85,138.18,134.34,134.69,1296880,0.0,1.0
2019-05-13 00:00:00+00:00,132.39,134.68,132.03,133.99,1371709,132.39,134.68,132.03,133.99,1371709,0.0,1.0
2019-05-14 00:00:00+00:00,133.58,135.24,131.01,134.21,1130626,133.58,135.24,131.01,134.21,1130626,0.0,1.0
2019-05-15 00:00:00+00:00,136.43,136.65,131.33,132.15,906411,136.43,136.65,131.33,132.15,906411,0.0,1.0
2019-05-16 00:00:00+00:00,135.43,138.16,135.05,136.43,1032365,135.43,138.16,135.05,136.43,1032365,0.0,1.0
2019-05-17 00:00:00+00:00,132.76,135.0,131.99,133.73,991398,132.76,135.0,131.99,133.73,991398,0.0,1.0
2019-05-20 00:00:00+00:00,131.52,133.44,130.985,131.5,1056974,131.52,133.44,130.985,131.5,1056974,0.0,1.0
2019-05-21 00:00:00+00:00,132.24,134.85,132.08,132.75,904175,132.24,134.85,132.08,132.75,904175,0.0,1.0
2019-05-22 00:00:00+00:00,127.09,132.66,126.61,132.05,2023006,127.09,132.66,126.61,132.05,2023006,0.0,1.0
2019-05-23 00:00:00+00:00,121.58,124.81,120.05,124.55,2096451,121.58,124.81,120.05,124.55,2096451,0.0,1.0
2019-05-24 00:00:00+00:00,124.65,125.57,122.32,122.9,1227776,124.65,125.57,122.32,122.9,1227776,0.0,1.0
2019-05-28 00:00:00+00:00,124.36,125.78,123.69,124.34,677950,124.36,125.78,123.69,124.34,677950,0.0,1.0
2019-05-29 00:00:00+00:00,125.67,126.0,122.52,123.12,1013804,125.67,126.0,122.52,123.12,1013804,0.0,1.0
2019-05-30 00:00:00+00:00,127.61,128.625,125.825,126.17,980813,127.61,128.625,125.825,126.17,980813,0.0,1.0
2019-05-31 00:00:00+00:00,125.58,127.27,124.81,125.44,1073402,125.58,127.27,124.81,125.44,1073402,0.0,1.0
2019-06-03 00:00:00+00:00,122.81,127.13,121.33,125.52,1399310,122.81,127.13,121.33,125.52,1399310,0.0,1.0
2019-06-04 00:00:00+00:00,127.61,127.99,123.15,123.94,1351938,127.61,127.99,123.15,123.94,1351938,0.0,1.0
2019-06-05 00:00:00+00:00,131.0,134.9,128.86,128.86,2283612,131.0,134.9,128.86,128.86,2283612,0.0,1.0
2019-06-06 00:00:00+00:00,135.41,135.6834,129.01,131.62,2333893,135.41,135.6834,129.01,131.62,2333893,0.0,1.0
2019-06-07 00:00:00+00:00,140.08,140.63,135.045,135.5,1643477,140.08,140.63,135.045,135.5,1643477,0.0,1.0
2019-06-10 00:00:00+00:00,139.23,146.5899,138.47,141.0,1753076,139.23,146.5899,138.47,141.0,1753076,0.0,1.0
2019-06-11 00:00:00+00:00,138.6,142.48,137.21,140.34,1483204,138.6,142.48,137.21,140.34,1483204,0.0,1.0
2019-06-12 00:00:00+00:00,142.5,142.56,137.97,138.28,1607569,142.5,142.56,137.97,138.28,1607569,0.0,1.0
2019-06-13 00:00:00+00:00,144.85,145.0,140.56,143.01,1104873,144.85,145.0,140.56,143.01,1104873,0.0,1.0
2019-06-14 00:00:00+00:00,144.59,145.0,141.5,144.0,1109396,144.59,145.0,141.5,144.0,1109396,0.0,1.0
2019-06-17 00:00:00+00:00,149.5,149.85,144.6674,145.0,2405824,149.5,149.85,144.6674,145.0,2405824,0.0,1.0
2019-06-18 00:00:00+00:00,147.01,151.26,146.87,150.23,1559981,147.01,151.26,146.87,150.23,1559981,0.0,1.0
2019-06-19 00:00:00+00:00,149.3,149.54,146.23,147.5,1006975,149.3,149.54,146.23,147.5,1006975,0.0,1.0
2019-06-20 00:00:00+00:00,149.77,154.295,149.0712,150.96,1664305,149.77,154.295,149.0712,150.96,1664305,0.0,1.0
2019-06-21 00:00:00+00:00,148.31,149.34,147.23,148.78,2648108,148.31,149.34,147.23,148.78,2648108,0.0,1.0
2019-06-24 00:00:00+00:00,150.04,152.3807,142.5,143.0,2887134,150.04,152.3807,142.5,143.0,2887134,0.0,1.0
2019-06-25 00:00:00+00:00,144.16,150.2649,143.5,149.29,1996846,144.16,150.2649,143.5,149.29,1996846,0.0,1.0
2019-06-26 00:00:00+00:00,142.1,145.95,141.52,143.79,1468250,142.1,145.95,141.52,143.79,1468250,0.0,1.0
2019-06-27 00:00:00+00:00,143.25,144.99,142.1,143.6,1490863,143.25,144.99,142.1,143.6,1490863,0.0,1.0
2019-06-28 00:00:00+00:00,146.22,146.22,142.68,143.74,9156183,146.22,146.22,142.68,143.74,9156183,0.0,1.0
2019-07-01 00:00:00+00:00,145.29,148.7,143.15,148.1,1296865,145.29,148.7,143.15,148.1,1296865,0.0,1.0
2019-07-02 00:00:00+00:00,146.43,146.43,142.58,145.3,1144182,146.43,146.43,142.58,145.3,1144182,0.0,1.0
2019-07-03 00:00:00+00:00,145.86,147.68,144.81,147.02,576686,145.86,147.68,144.81,147.02,576686,0.0,1.0
2019-07-05 00:00:00+00:00,146.31,146.43,144.6528,145.52,679622,146.31,146.43,144.6528,145.52,679622,0.0,1.0
2019-07-08 00:00:00+00:00,144.29,145.4225,142.76,145.37,1306688,144.29,145.4225,142.76,145.37,1306688,0.0,1.0
2019-07-09 00:00:00+00:00,147.24,147.3,144.39,144.39,1349838,147.24,147.3,144.39,144.39,1349838,0.0,1.0
2019-07-10 00:00:00+00:00,151.36,152.5,148.22,148.3,1196400,151.36,152.5,148.22,148.3,1196400,0.0,1.0
2019-07-11 00:00:00+00:00,151.46,152.96,149.75,151.36,945703,151.46,152.96,149.75,151.36,945703,0.0,1.0
2019-07-12 00:00:00+00:00,152.3,153.3,150.48,151.0,952016,152.3,153.3,150.48,151.0,952016,0.0,1.0
2019-07-15 00:00:00+00:00,154.27,154.38,151.01,152.07,548277,154.27,154.38,151.01,152.07,548277,0.0,1.0
2019-07-16 00:00:00+00:00,151.45,156.8,148.88,154.54,1393764,151.45,156.8,148.88,154.54,1393764,0.0,1.0
2019-07-17 00:00:00+00:00,148.09,152.31,147.28,151.11,1164215,148.09,152.31,147.28,151.11,1164215,0.0,1.0
2019-07-18 00:00:00+00:00,145.2,147.97,143.59,147.52,1406733,145.2,147.97,143.59,147.52,1406733,0.0,1.0
2019-07-19 00:00:00+00:00,144.11,146.24,143.61,145.7,906984,144.11,146.24,143.61,145.7,906984,0.0,1.0
2019-07-22 00:00:00+00:00,146.76,146.95,143.82,145.23,904024,146.76,146.95,143.82,145.23,904024,0.0,1.0
2019-07-23 00:00:00+00:00,148.74,151.6645,146.52,146.65,1016377,148.74,151.6645,146.52,146.65,1016377,0.0,1.0
2019-07-24 00:00:00+00:00,152.34,152.76,147.92,148.71,1202376,152.34,152.76,147.92,148.71,1202376,0.0,1.0
2019-07-25 00:00:00+00:00,152.97,155.26,152.07,152.84,955696,152.97,155.26,152.07,152.84,955696,0.0,1.0
2019-07-26 00:00:00+00:00,155.38,156.55,153.355,153.44,896641,155.38,156.55,153.355,153.44,896641,0.0,1.0
2019-07-29 00:00:00+00:00,153.89,156.39,153.53,155.25,1078971,153.89,156.39,153.53,155.25,1078971,0.0,1.0
2019-07-30 00:00:00+00:00,155.2,156.205,151.52,151.94,2009610,155.2,156.205,151.52,151.94,2009610,0.0,1.0
2019-07-31 00:00:00+00:00,154.94,155.68,145.67,148.92,5241264,154.94,155.68,145.67,148.92,5241264,0.0,1.0
2019-08-01 00:00:00+00:00,155.61,161.38,154.21,154.94,3540494,155.61,161.38,154.21,154.94,3540494,0.0,1.0
2019-08-02 00:00:00+00:00,153.47,156.5832,151.015,154.35,953939,153.47,156.5832,151.015,154.35,953939,0.0,1.0
2019-08-05 00:00:00+00:00,150.0,150.81,146.69,149.75,1552820,150.0,150.81,146.69,149.75,1552820,0.0,1.0
2019-08-06 00:00:00+00:00,151.44,153.0,148.79,150.92,1088858,151.44,153.0,148.79,150.92,1088858,0.0,1.0
2019-08-07 00:00:00+00:00,151.78,151.82,148.17,149.37,953179,151.78,151.82,148.17,149.37,953179,0.0,1.0
2019-08-08 00:00:00+00:00,157.66,157.94,152.48,153.0,941535,157.66,157.94,152.48,153.0,941535,0.0,1.0
2019-08-09 00:00:00+00:00,155.01,157.5,154.5001,156.76,472040,155.01,157.5,154.5001,156.76,472040,0.0,1.0
2019-08-12 00:00:00+00:00,151.07,154.19,149.01,153.75,856772,151.07,154.19,149.01,153.75,856772,0.0,1.0
2019-08-13 00:00:00+00:00,152.82,154.6819,149.24,150.42,1234978,152.82,154.6819,149.24,150.42,1234978,0.0,1.0
2019-08-14 00:00:00+00:00,147.15,149.91,143.52,149.91,1320827,147.15,149.91,143.52,149.91,1320827,0.0,1.0
2019-08-15 00:00:00+00:00,145.37,148.205,145.27,146.83,785181,145.37,148.205,145.27,146.83,785181,0.0,1.0
2019-08-16 00:00:00+00:00,147.74,148.73,146.43,146.63,641256,147.74,148.73,146.43,146.63,641256,0.0,1.0
2019-08-19 00:00:00+00:00,150.1,151.484,147.72,149.84,659247,150.1,151.484,147.72,149.84,659247,0.0,1.0
2019-08-20 00:00:00+00:00,148.11,150.68,147.87,149.56,740886,148.11,150.68,147.87,149.56,740886,0.0,1.0
2019-08-21 00:00:00+00:00,145.76,149.0,145.11,148.78,968790,145.76,149.0,145.11,148.78,968790,0.0,1.0
2019-08-22 00:00:00+00:00,140.95,145.75,140.51,145.38,1410658,140.95,145.75,140.51,145.38,1410658,0.0,1.0
2019-08-23 00:00:00+00:00,138.02,140.12,135.26,140.0,1485844,138.02,140.12,135.26,140.0,1485844,0.0,1.0
2019-08-26 00:00:00+00:00,137.82,140.33,136.7301,138.67,684760,137.82,140.33,136.7301,138.67,684760,0.0,1.0
2019-08-27 00:00:00+00:00,133.88,139.84,132.81,139.64,1760893,133.88,139.84,132.81,139.64,1760893,0.0,1.0
2019-08-28 00:00:00+00:00,132.67,133.61,130.02,133.5,1461357,132.67,133.61,130.02,133.5,1461357,0.0,1.0
2019-08-29 00:00:00+00:00,136.35,137.39,133.66,134.46,792144,136.35,137.39,133.66,134.46,792144,0.0,1.0
2019-08-30 00:00:00+00:00,134.95,138.24,133.0,136.7,678935,134.95,138.24,133.0,136.7,678935,0.0,1.0
2019-09-03 00:00:00+00:00,133.41,135.1103,132.5,134.38,885210,133.41,135.1103,132.5,134.38,885210,0.0,1.0
2019-09-04 00:00:00+00:00,133.45,134.79,131.49,133.7,1260883,133.45,134.79,131.49,133.7,1260883,0.0,1.0
2019-09-05 00:00:00+00:00,135.68,136.5,134.31,135.62,701192,135.68,136.5,134.31,135.62,701192,0.0,1.0
2019-09-06 00:00:00+00:00,136.06,136.69,134.72,135.53,937086,136.06,136.69,134.72,135.53,937086,0.0,1.0
2019-09-09 00:00:00+00:00,134.1,136.27,133.86,136.27,818027,134.1,136.27,133.86,136.27,818027,0.0,1.0
2019-09-10 00:00:00+00:00,130.0,133.57,129.47,133.17,1751746,130.0,133.57,129.47,133.17,1751746,0.0,1.0
2019-09-11 00:00:00+00:00,132.0,133.19,129.26,130.1,1180360,132.0,133.19,129.26,130.1,1180360,0.0,1.0
2019-09-12 00:00:00+00:00,128.55,133.18,128.48,132.17,1187095,128.55,133.18,128.48,132.17,1187095,0.0,1.0
2019-09-13 00:00:00+00:00,130.63,131.8,127.75,129.0,1221821,130.63,131.8,127.75,129.0,1221821,0.0,1.0
2019-09-16 00:00:00+00:00,128.17,130.99,128.16,129.92,892648,128.17,130.99,128.16,129.92,892648,0.0,1.0
2019-09-17 00:00:00+00:00,129.08,130.43,125.33,129.05,1852622,129.08,130.43,125.33,129.05,1852622,0.0,1.0
2019-09-18 00:00:00+00:00,127.98,130.45,126.03,129.23,928857,127.98,130.45,126.03,129.23,928857,0.0,1.0
2019-09-19 00:00:00+00:00,124.39,128.53,123.9,127.61,2497412,124.39,128.53,123.9,127.61,2497412,0.0,1.0
2019-09-20 00:00:00+00:00,120.7,125.87,120.63,124.0,2387824,120.7,125.87,120.63,124.0,2387824,0.0,1.0
2019-09-23 00:00:00+00:00,121.61,122.115,119.26,120.87,1532571,121.61,122.115,119.26,120.87,1532571,0.0,1.0
2019-09-24 00:00:00+00:00,116.8,121.0,115.0,120.86,2456801,116.8,121.0,115.0,120.86,2456801,0.0,1.0
2019-09-25 00:00:00+00:00,118.22,118.84,114.76,116.9,1390805,118.22,118.84,114.76,116.9,1390805,0.0,1.0
2019-09-26 00:00:00+00:00,116.2,119.19,114.76,118.0,1386128,116.2,119.19,114.76,118.0,1386128,0.0,1.0
2019-09-27 00:00:00+00:00,112.24,117.23,111.3043,116.74,1837180,112.24,117.23,111.3043,116.74,1837180,0.0,1.0
2019-09-30 00:00:00+00:00,114.0,115.67,110.75,112.05,1373922,114.0,115.67,110.75,112.05,1373922,0.0,1.0
2019-10-01 00:00:00+00:00,112.52,117.42,112.27,117.41,1576003,112.52,117.42,112.27,117.41,1576003,0.0,1.0
2019-10-02 00:00:00+00:00,113.9,115.0,112.382,113.22,2055058,113.9,115.0,112.382,113.22,2055058,0.0,1.0
2019-10-03 00:00:00+00:00,114.82,115.17,110.57,114.0,1373523,114.82,115.17,110.57,114.0,1373523,0.0,1.0
2019-10-04 00:00:00+00:00,116.42,117.17,113.89,116.1,2046479,116.42,117.17,113.89,116.1,2046479,0.0,1.0
2019-10-07 00:00:00+00:00,115.86,117.72,115.2915,116.5,1138612,115.86,117.72,115.2915,116.5,1138612,0.0,1.0
2019-10-08 00:00:00+00:00,115.08,116.21,113.97,115.0,1251887,115.08,116.21,113.97,115.0,1251887,0.0,1.0
2019-10-09 00:00:00+00:00,114.24,116.33,113.85,115.61,934495,114.24,116.33,113.85,115.61,934495,0.0,1.0
2019-10-10 00:00:00+00:00,112.52,115.0,112.03,114.09,768932,112.52,115.0,112.03,114.09,768932,0.0,1.0
2019-10-11 00:00:00+00:00,115.49,118.11,114.83,115.0,1360111,115.49,118.11,114.83,115.0,1360111,0.0,1.0
2019-10-14 00:00:00+00:00,115.17,116.27,113.72,115.18,599188,115.17,116.27,113.72,115.18,599188,0.0,1.0
2019-10-15 00:00:00+00:00,118.59,119.1,114.99,115.63,1515966,118.59,119.1,114.99,115.63,1515966,0.0,1.0
2019-10-16 00:00:00+00:00,116.56,118.71,115.63,118.02,1064731,116.56,118.71,115.63,118.02,1064731,0.0,1.0
2019-10-17 00:00:00+00:00,117.83,119.11,116.81,117.03,1133989,117.83,119.11,116.81,117.03,1133989,0.0,1.0
2019-10-18 00:00:00+00:00,115.33,117.97,114.26,117.91,802586,115.33,117.97,114.26,117.91,802586,0.0,1.0
2019-10-21 00:00:00+00:00,119.0,120.06,115.48,115.73,1160730,119.0,120.06,115.48,115.73,1160730,0.0,1.0
2019-10-22 00:00:00+00:00,118.01,119.95,117.11,119.63,1128290,118.01,119.95,117.11,119.63,1128290,0.0,1.0
2019-10-23 00:00:00+00:00,118.23,119.3,117.2,118.33,720681,118.23,119.3,117.2,118.33,720681,0.0,1.0
2019-10-24 00:00:00+00:00,118.83,119.42,117.02,119.21,868439,118.83,119.42,117.02,119.21,868439,0.0,1.0
2019-10-25 00:00:00+00:00,120.69,122.0,118.32,119.53,2319748,120.69,122.0,118.32,119.53,2319748,0.0,1.0
2019-10-28 00:00:00+00:00,140.2,143.1499,129.34,131.11,10796652,140.2,143.1499,129.34,131.11,10796652,0.0,1.0
2019-10-29 00:00:00+00:00,135.99,137.91,134.09,137.87,2569997,135.99,137.91,134.09,137.87,2569997,0.0,1.0
2019-10-30 00:00:00+00:00,140.45,140.9,135.4601,135.86,1644354,140.45,140.9,135.4601,135.86,1644354,0.0,1.0
2019-10-31 00:00:00+00:00,144.3,144.62,138.89,141.8,1942016,144.3,144.62,138.89,141.8,1942016,0.0,1.0
2019-11-01 00:00:00+00:00,146.92,147.11,143.04,145.0,1851295,146.92,147.11,143.04,145.0,1851295,0.0,1.0
2019-11-04 00:00:00+00:00,154.15,154.31,148.04,148.68,3854965,154.15,154.31,148.04,148.68,3854965,0.0,1.0
2019-11-05 00:00:00+00:00,150.37,153.31,150.0,151.67,2551441,150.37,153.31,150.0,151.67,2551441,0.0,1.0
2019-11-06 00:00:00+00:00,148.48,150.0,145.79,150.0,1362955,148.48,150.0,145.79,150.0,1362955,0.0,1.0
2019-11-07 00:00:00+00:00,148.17,149.74,146.26,148.65,961579,148.17,149.74,146.26,148.65,961579,0.0,1.0
2019-11-08 00:00:00+00:00,147.85,149.33,146.01,147.9,902804,147.85,149.33,146.01,147.9,902804,0.0,1.0
2019-11-11 00:00:00+00:00,146.63,149.4,145.62,146.63,1477276,146.63,149.4,145.62,146.63,1477276,0.0,1.0
2019-11-12 00:00:00+00:00,146.39,147.44,142.44,144.2,2002423,146.39,147.44,142.44,144.2,2002423,0.0,1.0
2019-11-13 00:00:00+00:00,146.78,147.79,143.01,145.49,1071614,146.78,147.79,143.01,145.49,1071614,0.0,1.0
2019-11-14 00:00:00+00:00,148.76,149.01,146.6284,147.4,1417666,148.76,149.01,146.6284,147.4,1417666,0.0,1.0
2019-11-15 00:00:00+00:00,147.51,148.82,146.71,148.67,885603,147.51,148.82,146.71,148.67,885603,0.0,1.0
2019-11-18 00:00:00+00:00,140.26,144.89,139.51,144.74,2305342,140.26,144.89,139.51,144.74,2305342,0.0,1.0
2019-11-19 00:00:00+00:00,136.97,140.5,136.25,140.5,2119351,136.97,140.5,136.25,140.5,2119351,0.0,1.0
2019-11-20 00:00:00+00:00,138.03,138.53,135.25,136.83,1820899,138.03,138.53,135.25,136.83,1820899,0.0,1.0
2019-11-21 00:00:00+00:00,139.06,139.4,137.19,138.36,1583335,139.06,139.4,137.19,138.36,1583335,0.0,1.0
2019-11-22 00:00:00+00:00,140.89,141.89,139.35,140.08,1575832,140.89,141.89,139.35,140.08,1575832,0.0,1.0
2019-11-25 00:00:00+00:00,141.87,142.71,138.34,139.08,1239128,141.87,142.71,138.34,139.08,1239128,0.0,1.0
2019-11-26 00:00:00+00:00,143.83,144.0,141.65,141.87,973498,143.83,144.0,141.65,141.87,973498,0.0,1.0
2019-11-27 00:00:00+00:00,142.93,144.7,142.835,143.08,1006467,142.93,144.7,142.835,143.08,1006467,0.0,1.0
2019-11-29 00:00:00+00:00,142.55,143.23,141.594,142.0,394479,142.55,143.23,141.594,142.0,394479,0.0,1.0
2019-12-02 00:00:00+00:00,142.53,143.47,141.48,143.08,1253955,142.53,143.47,141.48,143.08,1253955,0.0,1.0
2019-12-03 00:00:00+00:00,143.98,144.15,140.01,140.26,774630,143.98,144.15,140.01,140.26,774630,0.0,1.0
2019-12-04 00:00:00+00:00,144.95,148.3623,144.09,145.02,1506042,144.95,148.3623,144.09,145.02,1506042,0.0,1.0
2019-12-05 00:00:00+00:00,146.58,146.9,144.55,146.0,791607,146.58,146.9,144.55,146.0,791607,0.0,1.0
2019-12-06 00:00:00+00:00,148.09,148.1781,146.34,147.59,724230,148.09,148.1781,146.34,147.59,724230,0.0,1.0
2019-12-09 00:00:00+00:00,146.31,148.89,146.08,147.78,1373713,146.31,148.89,146.08,147.78,1373713,0.0,1.0
2019-12-10 00:00:00+00:00,145.97,147.92,145.0,145.86,1450257,145.97,147.92,145.0,145.86,1450257,0.0,1.0
2019-12-11 00:00:00+00:00,147.13,147.35,141.97,144.96,764135,147.13,147.35,141.97,144.96,764135,0.0,1.0
2019-12-12 00:00:00+00:00,147.23,148.68,145.7,146.97,592992,147.23,148.68,145.7,146.97,592992,0.0,1.0
2019-12-13 00:00:00+00:00,147.2,148.36,146.09,146.51,703297,147.2,148.36,146.09,146.51,703297,0.0,1.0
2019-12-16 00:00:00+00:00,150.78,151.4,148.01,148.45,1223803,150.78,151.4,148.01,148.45,1223803,0.0,1.0
2019-12-17 00:00:00+00:00,151.53,152.7,150.2305,150.95,1431822,151.53,152.7,150.2305,150.95,1431822,0.0,1.0
2019-12-18 00:00:00+00:00,150.87,153.2033,150.44,152.76,1561782,150.87,153.2033,150.44,152.76,1561782,0.0,1.0
2019-12-19 00:00:00+00:00,149.68,150.75,148.75,150.65,1025677,149.68,150.75,148.75,150.65,1025677,0.0,1.0
2019-12-20 00:00:00+00:00,150.31,150.73,148.805,150.73,828317,150.31,150.73,148.805,150.73,828317,0.0,1.0
2019-12-23 00:00:00+00:00,150.42,152.0,149.78,150.4,939167,150.42,152.0,149.78,150.4,939167,0.0,1.0
2019-12-24 00:00:00+00:00,151.82,153.01,150.02,150.63,1007977,151.82,153.01,150.02,150.63,1007977,0.0,1.0
2019-12-26 00:00:00+00:00,152.52,153.18,151.05,151.89,752651,152.52,153.18,151.05,151.89,752651,0.0,1.0
2019-12-27 00:00:00+00:00,153.17,154.0,152.51,152.62,920697,153.17,154.0,152.51,152.62,920697,0.0,1.0
2019-12-30 00:00:00+00:00,149.81,153.49,149.67,153.18,1038115,149.81,153.49,149.67,153.18,1038115,0.0,1.0
2019-12-31 00:00:00+00:00,149.55,150.21,147.55,149.12,769269,149.55,150.21,147.55,149.12,769269,0.0,1.0
2020-01-02 00:00:00+00:00,151.62,152.8,149.61,151.0,662649,151.62,152.8,149.61,151.0,662649,0.0,1.0
2020-01-03 00:00:00+00:00,152.5,153.59,149.5,149.5,1018414,152.5,153.59,149.5,149.5,1018414,0.0,1.0
2020-01-06 00:00:00+00:00,156.72,157.0,150.35,151.49,1311868,156.72,157.0,150.35,151.49,1311868,0.0,1.0
2020-01-07 00:00:00+00:00,156.02,157.85,155.01,156.7,892288,156.02,157.85,155.01,156.7,892288,0.0,1.0
2020-01-08 00:00:00+00:00,158.78,159.48,155.34,156.33,974544,158.78,159.48,155.34,156.33,974544,0.0,1.0
2020-01-09 00:00:00+00:00,157.74,159.98,157.11,157.84,1630456,157.74,159.98,157.11,157.84,1630456,0.0,1.0
2020-01-10 00:00:00+00:00,156.04,158.66,154.9,157.74,1046428,156.04,158.66,154.9,157.74,1046428,0.0,1.0
2020-01-13 00:00:00+00:00,150.87,154.115,150.265,152.2,1880884,150.87,154.115,150.265,152.2,1880884,0.0,1.0
2020-01-14 00:00:00+00:00,149.4,152.13,148.22,151.62,1048027,149.4,152.13,148.22,151.62,1048027,0.0,1.0
2020-01-15 00:00:00+00:00,152.45,152.82,149.355,149.39,1037351,152.45,152.82,149.355,149.39,1037351,0.0,1.0
2020-01-16 00:00:00+00:00,151.84,153.35,150.27,153.35,701250,151.84,153.35,150.27,153.35,701250,0.0,1.0
2020-01-17 00:00:00+00:00,148.34,152.65,146.62,152.08,1314026,148.34,152.65,146.62,152.08,1314026,0.0,1.0
2020-01-21 00:00:00+00:00,148.95,149.44,145.715,147.5,1743918,148.95,149.44,145.715,147.5,1743918,0.0,1.0
2020-01-22 00:00:00+00:00,148.12,152.93,147.03,150.0,1718058,148.12,152.93,147.03,150.0,1718058,0.0,1.0
2020-01-23 00:00:00+00:00,148.97,150.95,147.64,148.0,1102143,148.97,150.95,147.64,148.0,1102143,0.0,1.0
2020-01-24 00:00:00+00:00,146.63,150.21,145.9,149.35,1164762,146.63,150.21,145.9,149.35,1164762,0.0,1.0
2020-01-27 00:00:00+00:00,144.34,145.38,141.5,143.1,1003919,144.34,145.38,141.5,143.1,1003919,0.0,1.0
2020-01-28 00:00:00+00:00,144.3,145.595,143.0601,145.0,791274,144.3,145.595,143.0601,145.0,791274,0.0,1.0
2020-01-29 00:00:00+00:00,141.57,144.94,141.42,144.94,1214567,141.57,144.94,141.42,144.94,1214567,0.0,1.0
2020-01-30 00:00:00+00:00,142.71,142.97,140.0,140.15,886626,142.71,142.97,140.0,140.15,886626,0.0,1.0
2020-01-31 00:00:00+00:00,141.3,143.02,140.1,143.0,1501149,141.3,143.02,140.1,143.0,1501149,0.0,1.0
2020-02-03 00:00:00+00:00,146.5,146.57,141.5,141.73,1894463,146.5,146.57,141.5,141.73,1894463,0.0,1.0
2020-02-04 00:00:00+00:00,154.31,156.0,148.6471,149.05,3150151,154.31,156.0,148.6471,149.05,3150151,0.0,1.0
2020-02-05 00:00:00+00:00,147.0,152.0,145.36,150.0,4159242,147.0,152.0,145.36,150.0,4159242,0.0,1.0
2020-02-06 00:00:00+00:00,154.37,154.55,145.6,146.62,2341525,154.37,154.55,145.6,146.62,2341525,0.0,1.0
2020-02-07 00:00:00+00:00,154.55,155.0,150.71,152.79,2110608,154.55,155.0,150.71,152.79,2110608,0.0,1.0
2020-02-10 00:00:00+00:00,148.33,154.29,147.9,152.63,1794663,148.33,154.29,147.9,152.63,1794663,0.0,1.0
2020-02-11 00:00:00+00:00,145.77,150.98,145.02,149.35,1527939,145.77,150.98,145.02,149.35,1527939,0.0,1.0
2020-02-12 00:00:00+00:00,147.08,147.44,144.17,146.16,1223948,147.08,147.44,144.17,146.16,1223948,0.0,1.0
2020-02-13 00:00:00+00:00,141.5,146.89,141.3,146.89,1590882,141.5,146.89,141.3,146.89,1590882,0.0,1.0
2020-02-14 00:00:00+00:00,141.0,144.46,140.85,142.72,1288130,141.0,144.46,140.85,142.72,1288130,0.0,1.0
2020-02-18 00:00:00+00:00,144.63,145.13,140.9,141.5,1480203,144.63,145.13,140.9,141.5,1480203,0.0,1.0
2020-02-19 00:00:00+00:00,143.36,146.34,143.0,145.57,1051328,143.36,146.34,143.0,145.57,1051328,0.0,1.0
2020-02-20 00:00:00+00:00,147.86,148.18,142.18,143.35,1442139,147.86,148.18,142.18,143.35,1442139,0.0,1.0
2020-02-21 00:00:00+00:00,146.95,147.1,143.06,146.76,1170697,146.95,147.1,143.06,146.76,1170697,0.0,1.0
2020-02-24 00:00:00+00:00,145.33,146.7,139.131,140.48,1382141,145.33,146.7,139.131,140.48,1382141,0.0,1.0
2020-02-25 00:00:00+00:00,141.8,147.95,141.21,146.83,2049160,141.8,147.95,141.21,146.83,2049160,0.0,1.0
2020-02-26 00:00:00+00:00,140.49,144.58,140.39,140.92,1502937,140.49,144.58,140.39,140.92,1502937,0.0,1.0
2020-02-27 00:00:00+00:00,134.51,140.18,134.5,137.01,1826269,134.51,140.18,134.5,137.01,1826269,0.0,1.0
2020-02-28 00:00:00+00:00,137.12,137.55,129.64,131.06,1909395,137.12,137.55,129.64,131.06,1909395,0.0,1.0
2020-03-02 00:00:00+00:00,139.34,139.79,134.61,137.98,1001743,139.34,139.79,134.61,137.98,1001743,0.0,1.0
2020-03-03 00:00:00+00:00,137.16,142.33,136.09,139.43,964919,137.16,142.33,136.09,139.43,964919,0.0,1.0
2020-03-04 00:00:00+00:00,144.25,144.33,137.23,139.0,1335986,144.25,144.33,137.23,139.0,1335986,0.0,1.0
2020-03-05 00:00:00+00:00,148.08,149.35,140.27,141.74,1501634,148.08,149.35,140.27,141.74,1501634,0.0,1.0
2020-03-06 00:00:00+00:00,145.14,146.99,141.57,145.25,1311463,145.14,146.99,141.57,145.25,1311463,0.0,1.0
2020-03-09 00:00:00+00:00,139.78,145.67,134.0,136.93,1361698,139.78,145.67,134.0,136.93,1361698,0.0,1.0
2020-03-10 00:00:00+00:00,141.9,142.72,133.19,141.76,1359036,141.9,142.72,133.19,141.76,1359036,0.0,1.0
2020-03-11 00:00:00+00:00,135.06,140.81,133.475,139.08,905483,135.06,140.81,133.475,139.08,905483,0.0,1.0
2020-03-12 00:00:00+00:00,126.99,129.88,116.482,125.43,1836630,126.99,129.88,116.482,125.43,1836630,0.0,1.0
2020-03-13 00:00:00+00:00,131.56,133.01,121.01,133.01,1439593,131.56,133.01,121.01,133.01,1439593,0.0,1.0
2020-03-16 00:00:00+00:00,117.64,123.89,109.18,118.53,1735968,117.64,123.89,109.18,118.53,1735968,0.0,1.0
2020-03-17 00:00:00+00:00,118.87,119.84,111.15,118.31,2493027,118.87,119.84,111.15,118.31,2493027,0.0,1.0
2020-03-18 00:00:00+00:00,121.24,122.61,110.97,111.0,1990804,121.24,122.61,110.97,111.0,1990804,0.0,1.0
2020-03-19 00:00:00+00:00,129.13,140.36,117.74,119.83,2504123,129.13,140.36,117.74,119.83,2504123,0.0,1.0
2020-03-20 00:00:00+00:00,124.36,129.69,119.0,129.39,3669126,124.36,129.69,119.0,129.39,3669126,0.0,1.0
2020-03-23 00:00:00+00:00,118.18,123.41,113.58,123.41,2207859,118.18,123.41,113.58,123.41,2207859,0.0,1.0
2020-03-24 00:00:00+00:00,129.69,133.95,123.1175,125.0,2680092,129.69,133.95,123.1175,125.0,2680092,0.0,1.0
2020-03-25 00:00:00+00:00,124.23,131.5,122.32,130.04,1994379,124.23,131.5,122.32,130.04,1994379,0.0,1.0
2020-03-26 00:00:00+00:00,126.81,127.99,122.605,124.09,1125553,126.81,127.99,122.605,124.09,1125553,0.0,1.0
2020-03-27 00:00:00+00:00,122.54,126.38,121.5,122.48,1094210,122.54,126.38,121.5,122.48,1094210,0.0,1.0
2020-03-30 00:00:00+00:00,121.43,126.9836,120.03,124.4,1354885,121.43,126.9836,120.03,124.4,1354885,0.0,1.0
2020-03-31 00:00:00+00:00,121.44,125.9,120.01,122.0,1763566,121.44,125.9,120.01,122.0,1763566,0.0,1.0
2020-04-01 00:00:00+00:00,121.61,124.47,116.3,119.81,1718059,121.61,124.47,116.3,119.81,1718059,0.0,1.0
2020-04-02 00:00:00+00:00,121.91,125.41,119.26,120.69,738395,121.91,125.41,119.26,120.69,738395,0.0,1.0
2020-04-03 00:00:00+00:00,122.12,123.3,119.375,122.1,871690,122.12,123.3,119.375,122.1,871690,0.0,1.0
2020-04-06 00:00:00+00:00,122.52,123.47,116.0,120.89,2315044,122.52,123.47,116.0,120.89,2315044,0.0,1.0
2020-04-07 00:00:00+00:00,127.61,129.4,123.5516,125.1,1539225,127.61,129.4,123.5516,125.1,1539225,0.0,1.0
2020-04-08 00:00:00+00:00,126.04,129.98,124.07,127.54,1385677,126.04,129.98,124.07,127.54,1385677,0.0,1.0
2020-04-09 00:00:00+00:00,131.86,134.7575,126.5,127.62,1226226,131.86,134.7575,126.5,127.62,1226226,0.0,1.0
2020-04-13 00:00:00+00:00,129.83,132.36,128.03,131.77,1067416,129.83,132.36,128.03,131.77,1067416,0.0,1.0
2020-04-14 00:00:00+00:00,135.93,137.33,130.56,132.05,1536441,135.93,137.33,130.56,132.05,1536441,0.0,1.0
2020-04-15 00:00:00+00:00,138.78,141.63,133.37,134.17,1747084,138.78,141.63,133.37,134.17,1747084,0.0,1.0
2020-04-16 00:00:00+00:00,139.49,140.57,136.03,139.95,1102551,139.49,140.57,136.03,139.95,1102551,0.0,1.0
2020-04-17 00:00:00+00:00,141.86,142.9581,139.07,141.22,709102,141.86,142.9581,139.07,141.22,709102,0.0,1.0
2020-04-20 00:00:00+00:00,144.54,146.3,140.0,140.69,1144376,144.54,146.3,140.0,140.69,1144376,0.0,1.0
2020-04-21 00:00:00+00:00,139.14,143.67,138.0301,142.7,1098049,139.14,143.67,138.0301,142.7,1098049,0.0,1.0
2020-04-22 00:00:00+00:00,139.74,142.6,139.48,141.54,899069,139.74,142.6,139.48,141.54,899069,0.0,1.0
2020-04-23 00:00:00+00:00,138.71,141.235,138.13,139.75,769452,138.71,141.235,138.13,139.75,769452,0.0,1.0
2020-04-24 00:00:00+00:00,137.84,140.2,136.62,139.25,1142245,137.84,140.2,136.62,139.25,1142245,0.0,1.0
2020-04-27 00:00:00+00:00,140.25,141.47,139.01,140.1,1135455,140.25,141.47,139.01,140.1,1135455,0.0,1.0
2020-04-28 00:00:00+00:00,139.78,143.74,139.2,141.5,1514828,139.78,143.74,139.2,141.5,1514828,0.0,1.0
2020-04-29 00:00:00+00:00,155.78,163.94,152.4201,153.0,5744080,155.78,163.94,152.4201,153.0,5744080,0.0,1.0
2020-04-30 00:00:00+00:00,151.57,153.9,146.0,148.94,2118507,151.57,153.9,146.0,148.94,2118507,0.0,1.0
2020-05-01 00:00:00+00:00,144.84,146.89,143.93,144.5,2047260,144.84,146.89,143.93,144.5,2047260,0.0,1.0
2020-05-04 00:00:00+00:00,145.31,148.0,143.01,144.07,1224082,145.31,148.0,143.01,144.07,1224082,0.0,1.0
2020-05-05 00:00:00+00:00,145.02,148.45,144.03,147.36,1230959,145.02,148.45,144.03,147.36,1230959,0.0,1.0
2020-05-06 00:00:00+00:00,148.48,149.9656,146.05,146.81,1279904,148.48,149.9656,146.05,146.81,1279904,0.0,1.0
2020-05-07 00:00:00+00:00,148.04,151.67,147.14,150.0,1421671,148.04,151.67,147.14,150.0,1421671,0.0,1.0
2020-05-08 00:00:00+00:00,152.15,153.27,149.0701,149.79,912355,152.15,153.27,149.0701,149.79,912355,0.0,1.0
2020-05-11 00:00:00+00:00,156.02,159.02,151.6,152.85,1294478,156.02,159.02,151.6,152.85,1294478,0.0,1.0
2020-05-12 00:00:00+00:00,153.94,158.365,153.57,157.44,1099309,153.94,158.365,153.57,157.44,1099309,0.0,1.0
2020-05-13 00:00:00+00:00,148.98,154.87,146.68,154.63,974927,148.98,154.87,146.68,154.63,974927,0.0,1.0
2020-05-14 00:00:00+00:00,152.07,152.2,146.94,148.0,894041,152.07,152.2,146.94,148.0,894041,0.0,1.0
2020-05-15 00:00:00+00:00,158.83,159.0,150.16,150.55,1511491,158.83,159.0,150.16,150.55,1511491,0.0,1.0
2020-05-18 00:00:00+00:00,161.43,163.88,158.72,160.0,1306459,161.43,163.88,158.72,160.0,1306459,0.0,1.0
2020-05-19 00:00:00+00:00,175.03,179.69,161.57,161.94,4115439,175.03,179.69,161.57,161.94,4115439,0.0,1.0
2020-05-20 00:00:00+00:00,189.8,190.48,174.01,174.99,4813878,189.8,190.48,174.01,174.99,4813878,0.0,1.0
2020-05-21 00:00:00+00:00,192.74,196.75,186.91,188.81,4321746,192.74,196.75,186.91,188.81,4321746,0.0,1.0
2020-05-22 00:00:00+00:00,190.17,194.57,187.0,192.0,2156268,190.17,194.57,187.0,192.0,2156268,0.0,1.0
2020-05-26 00:00:00+00:00,191.0,192.97,183.76,192.0,2482455,191.0,192.97,183.76,192.0,2482455,0.0,1.0
2020-05-27 00:00:00+00:00,185.95,190.0,180.13,189.3,2326496,185.95,190.0,180.13,189.3,2326496,0.0,1.0
2020-05-28 00:00:00+00:00,177.22,185.9,175.73,183.21,1857194,177.22,185.9,175.73,183.21,1857194,0.0,1.0
2020-05-29 00:00:00+00:00,180.93,181.78,178.07,179.12,1158182,180.93,181.78,178.07,179.12,1158182,0.0,1.0
2020-06-01 00:00:00+00:00,182.71,185.0,177.45,181.5,1309598,182.71,185.0,177.45,181.5,1309598,0.0,1.0
2020-06-02 00:00:00+00:00,189.36,189.77,182.9,183.0,1552237,189.36,189.77,182.9,183.0,1552237,0.0,1.0
2020-06-03 00:00:00+00:00,184.63,191.62,183.51,189.36,1521526,184.63,191.62,183.51,189.36,1521526,0.0,1.0
2020-06-04 00:00:00+00:00,181.84,188.22,180.3,184.23,1199490,181.84,188.22,180.3,184.23,1199490,0.0,1.0
2020-06-05 00:00:00+00:00,184.28,184.72,177.505,179.0,1157705,184.28,184.72,177.505,179.0,1157705,0.0,1.0
2020-06-08 00:00:00+00:00,187.3,187.46,180.5,183.5,1202073,187.3,187.46,180.5,183.5,1202073,0.0,1.0
2020-06-09 00:00:00+00:00,191.31,194.5899,186.12,187.79,1582778,191.31,194.5899,186.12,187.79,1582778,0.0,1.0
2020-06-10 00:00:00+00:00,189.4,197.2772,187.1,192.85,2107934,189.4,197.2772,187.1,192.85,2107934,0.0,1.0
2020-06-11 00:00:00+00:00,178.68,186.92,177.21,184.5,1723806,178.68,186.92,177.21,184.5,1723806,0.0,1.0
2020-06-12 00:00:00+00:00,180.07,185.54,177.81,183.86,907606,180.07,185.54,177.81,183.86,907606,0.0,1.0
2020-06-15 00:00:00+00:00,187.88,188.81,177.27,178.23,1396077,187.88,188.81,177.27,178.23,1396077,0.0,1.0
2020-06-16 00:00:00+00:00,185.48,190.92,183.1601,190.42,1061089,185.48,190.92,183.1601,190.42,1061089,0.0,1.0
2020-06-17 00:00:00+00:00,199.83,199.99,186.35,187.0,3134448,199.83,199.99,186.35,187.0,3134448,0.0,1.0
2020-06-18 00:00:00+00:00,225.28,229.54,206.54,209.79,12316967,225.28,229.54,206.54,209.79,12316967,0.0,1.0
2020-06-19 00:00:00+00:00,231.29,242.25,228.71,234.5,12859634,231.29,242.25,228.71,234.5,12859634,0.0,1.0
2020-06-22 00:00:00+00:00,236.06,238.26,227.0701,228.33,6323310,236.06,238.26,227.0701,228.33,6323310,0.0,1.0
2020-06-23 00:00:00+00:00,241.76,257.23,240.5,242.41,8048082,241.76,257.23,240.5,242.41,8048082,0.0,1.0
2020-06-24 00:00:00+00:00,242.86,247.6067,235.11,242.68,4942714,242.86,247.6067,235.11,242.68,4942714,0.0,1.0
2020-06-25 00:00:00+00:00,267.47,268.3,241.45,241.92,8560942,267.47,268.3,241.45,241.92,8560942,0.0,1.0
2020-06-26 00:00:00+00:00,264.95,271.71,254.85,266.6,6490294,264.95,271.71,254.85,266.6,6490294,0.0,1.0
2020-06-29 00:00:00+00:00,265.14,270.99,255.56,257.37,4764800,265.14,270.99,255.56,257.37,4764800,0.0,1.0
2020-06-30 00:00:00+00:00,258.19,265.78,253.64,263.34,3512300,258.19,265.78,253.64,263.34,3512300,0.0,1.0
2020-07-01 00:00:00+00:00,258.9,261.09,254.32,256.0,3402800,258.9,261.09,254.32,256.0,3402800,0.0,1.0
2020-07-02 00:00:00+00:00,271.49,274.3,263.21,264.5,4244400,271.49,274.3,263.208,264.5,4244400,0.0,1.0
2020-07-06 00:00:00+00:00,260.26,272.67,257.51,269.8,5159100,260.26,272.67,257.51,269.8,5159100,0.0,1.0
2020-07-07 00:00:00+00:00,261.99,267.75,255.5,260.1,2282100,261.99,267.75,255.501,260.1,2282100,0.0,1.0
2020-07-08 00:00:00+00:00,269.26,277.62,262.7,266.57,3786900,269.26,277.615,262.7,266.57,3786900,0.0,1.0
2020-07-09 00:00:00+00:00,274.79,279.76,268.68,272.77,2637900,274.79,279.76,268.68,272.77,2637900,0.0,1.0
2020-07-10 00:00:00+00:00,278.24,278.93,273.52,275.45,1770600,278.24,278.93,273.52,275.45,1770600,0.0,1.0
2020-07-13 00:00:00+00:00,261.19,285.4,258.01,281.4,2833400,261.19,285.4,258.01,281.4,2833400,0.0,1.0
2020-07-14 00:00:00+00:00,262.8,262.9,243.11,246.31,3857400,262.8,262.9,243.11,246.31,3857400,0.0,1.0
2020-07-15 00:00:00+00:00,258.5,265.72,254.0,265.0,1778300,258.5,265.72,254.0,265.0,1778300,0.0,1.0
2020-07-16 00:00:00+00:00,268.68,272.35,258.27,259.27,2790600,268.68,272.35,258.27,259.27,2790600,0.0,1.0
2020-07-17 00:00:00+00:00,263.23,269.04,261.72,267.08,1658000,263.23,269.04,261.72,267.08,1658000,0.0,1.0
2020-07-20 00:00:00+00:00,291.19,292.76,265.2,265.53,4107272,291.19,292.76,265.2,265.53,4107272,0.0,1.0
2020-07-21 00:00:00+00:00,276.38,289.814,276.31,288.41,2548156,276.38,289.814,276.31,288.41,2548156,0.0,1.0
2020-07-22 00:00:00+00:00,289.62,299.67,286.93,290.67,5062908,289.62,299.67,286.93,290.67,5062908,0.0,1.0
2020-07-23 00:00:00+00:00,267.54,288.99,266.96,287.55,2812905,267.54,288.99,266.96,287.55,2812905,0.0,1.0
2020-07-24 00:00:00+00:00,268.74,270.8146,257.03,266.17,2406592,268.74,270.8146,257.03,266.17,2406592,0.0,1.0
2020-07-27 00:00:00+00:00,272.5,275.75,269.2,275.75,1562137,272.5,275.75,269.2,275.75,1562137,0.0,1.0
2020-07-28 00:00:00+00:00,267.12,275.85,266.86,270.0,1860850,267.12,275.85,266.86,270.0,1860850,0.0,1.0
2020-07-29 00:00:00+00:00,262.21,268.585,251.02,254.88,3970634,262.21,268.585,251.02,254.88,3970634,0.0,1.0
2020-07-30 00:00:00+00:00,261.79,264.3199,251.83,252.0,2667356,261.79,264.3199,251.83,252.0,2667356,0.0,1.0
2020-07-31 00:00:00+00:00,257.82,265.075,255.09,264.63,1811692,257.82,265.075,255.09,264.63,1811692,0.0,1.0
2020-08-03 00:00:00+00:00,254.43,259.8,251.51,259.0,1831319,254.43,259.8,251.51,259.0,1831319,0.0,1.0
2020-08-04 00:00:00+00:00,250.02,259.1918,250.01,256.96,1707171,250.02,259.1918,250.01,256.96,1707171,0.0,1.0
2020-08-05 00:00:00+00:00,249.25,251.98,246.0,249.84,1656945,249.25,251.98,246.0,249.84,1656945,0.0,1.0
2020-08-06 00:00:00+00:00,255.32,256.36,249.5,252.53,1341331,255.32,256.36,249.5,252.53,1341331,0.0,1.0
2020-08-07 00:00:00+00:00,252.12,256.19,248.6275,256.02,1239633,252.12,256.19,248.6275,256.02,1239633,0.0,1.0
2020-08-10 00:00:00+00:00,248.99,252.95,241.27,251.49,1389617,248.99,252.95,241.27,251.49,1389617,0.0,1.0
2020-08-11 00:00:00+00:00,253.72,262.14,243.5112,246.61,2621035,253.72,262.14,243.5112,246.61,2621035,0.0,1.0
2020-08-12 00:00:00+00:00,253.29,265.97,251.69,255.36,2030929,253.29,265.97,251.69,255.36,2030929,0.0,1.0
2020-08-13 00:00:00+00:00,253.66,254.69,247.3,249.42,1388673,253.66,254.69,247.3,249.42,1388673,0.0,1.0
2020-08-14 00:00:00+00:00,251.32,258.59,249.66,255.98,984170,251.32,258.59,249.66,255.98,984170,0.0,1.0
2020-08-17 00:00:00+00:00,259.91,260.98,250.86,254.31,1341569,259.91,260.98,250.86,254.31,1341569,0.0,1.0
2020-08-18 00:00:00+00:00,256.8,260.67,253.62,258.96,989069,256.8,260.67,253.62,258.96,989069,0.0,1.0
2020-08-19 00:00:00+00:00,261.72,264.5,256.92,259.98,1372012,261.72,264.5,256.92,259.98,1372012,0.0,1.0
2020-08-20 00:00:00+00:00,269.33,270.89,258.638,260.0,1730690,269.33,270.89,258.638,260.0,1730690,0.0,1.0
2020-08-21 00:00:00+00:00,270.98,276.8774,268.63,271.03,1612056,270.98,276.8774,268.63,271.03,1612056,0.0,1.0
2020-08-24 00:00:00+00:00,269.13,279.24,266.108,276.81,1249976,269.13,279.24,266.108,276.81,1249976,0.0,1.0
2020-08-25 00:00:00+00:00,268.69,269.27,257.48,267.78,1265992,268.69,269.27,257.48,267.78,1265992,0.0,1.0
2020-08-26 00:00:00+00:00,278.29,280.0,268.76,268.76,1314388,278.29,280.0,268.76,268.76,1314388,0.0,1.0
2020-08-27 00:00:00+00:00,272.01,278.99,268.14,278.98,1243898,272.01,278.99,268.14,278.98,1243898,0.0,1.0
2020-08-28 00:00:00+00:00,279.36,284.615,274.06,276.1,1378142,279.36,284.615,274.06,276.1,1378142,0.0,1.0
2020-08-31 00:00:00+00:00,282.16,284.9092,278.83,280.28,882121,282.16,284.9092,278.83,280.28,882121,0.0,1.0
2020-09-01 00:00:00+00:00,291.75,293.0,282.0901,284.65,1234512,291.75,293.0,282.0901,284.65,1234512,0.0,1.0
2020-09-02 00:00:00+00:00,276.29,294.67,266.08,291.85,2455724,276.29,294.67,266.08,291.85,2455724,0.0,1.0
2020-09-03 00:00:00+00:00,261.66,274.97,258.69,268.0,1845517,261.66,274.97,258.69,268.0,1845517,0.0,1.0
2020-09-04 00:00:00+00:00,248.21,260.44,238.66,259.31,2062756,248.21,260.44,238.66,259.31,2062756,0.0,1.0
2020-09-08 00:00:00+00:00,240.02,247.34,237.1185,240.66,1470034,240.02,247.34,237.1185,240.66,1470034,0.0,1.0
2020-09-09 00:00:00+00:00,244.93,250.96,243.005,247.99,1057128,244.93,250.96,243.005,247.99,1057128,0.0,1.0
2020-09-10 00:00:00+00:00,247.78,265.8879,247.35,260.03,3026326,247.78,265.8879,247.35,260.03,3026326,0.0,1.0
2020-09-11 00:00:00+00:00,241.6,251.45,237.51,249.64,1371633,241.6,251.45,237.51,249.64,1371633,0.0,1.0
2020-09-14 00:00:00+00:00,238.55,248.07,238.33,246.26,1185653,238.55,248.07,238.33,246.26,1185653,0.0,1.0
2020-09-15 00:00:00+00:00,237.91,244.59,237.01,242.5,1233001,237.91,244.59,237.01,242.5,1233001,0.0,1.0
2020-09-16 00:00:00+00:00,234.85,241.11,220.7,232.0,5340002,234.85,241.11,220.7,232.0,5340002,0.0,1.0
2020-09-17 00:00:00+00:00,234.31,238.99,228.01,230.82,1913641,234.31,238.99,228.01,230.82,1913641,0.0,1.0
2020-09-18 00:00:00+00:00,233.89,237.19,229.925,235.18,1298199,233.89,237.19,229.925,235.18,1298199,0.0,1.0
2020-09-21 00:00:00+00:00,239.34,240.0,230.128,232.0,998322,239.34,240.0,230.128,232.0,998322,0.0,1.0
2020-09-22 00:00:00+00:00,241.01,241.77,234.02,239.24,1539575,241.01,241.77,234.02,239.24,1539575,0.0,1.0
2020-09-23 00:00:00+00:00,235.05,244.84,234.57,241.96,1142056,235.05,244.84,234.57,241.96,1142056,0.0,1.0
2020-09-24 00:00:00+00:00,231.26,234.7,225.18,233.0,1451254,231.26,234.7,225.18,233.0,1451254,0.0,1.0
2020-09-25 00:00:00+00:00,235.98,236.34,229.47,233.98,771138,235.98,236.34,229.47,233.98,771138,0.0,1.0
2020-09-28 00:00:00+00:00,236.42,243.99,233.49,243.0,937946,236.42,243.99,233.49,243.0,937946,0.0,1.0
2020-09-29 00:00:00+00:00,242.45,244.33,234.64,237.39,1217486,242.45,244.33,234.64,237.39,1217486,0.0,1.0
2020-09-30 00:00:00+00:00,242.57,246.4673,240.6,244.0,1131808,242.57,246.4673,240.6,244.0,1131808,0.0,1.0
2020-10-01 00:00:00+00:00,250.19,250.75,243.965,244.52,1051535,250.19,250.75,243.965,244.52,1051535,0.0,1.0
2020-10-02 00:00:00+00:00,240.28,249.32,240.18,244.07,1043762,240.28,249.32,240.18,244.07,1043762,0.0,1.0
2020-10-05 00:00:00+00:00,251.37,252.11,241.2713,244.1,964740,251.37,252.11,241.2713,244.1,964740,0.0,1.0
2020-10-06 00:00:00+00:00,248.54,255.7,247.15,249.68,932596,248.54,255.7,247.15,249.68,932596,0.0,1.0
2020-10-07 00:00:00+00:00,251.51,253.25,246.74,251.7,616710,251.51,253.25,246.74,251.7,616710,0.0,1.0
2020-10-08 00:00:00+00:00,249.8,254.9,247.68,254.63,765645,249.8,254.9,247.68,254.63,765645,0.0,1.0
2020-10-09 00:00:00+00:00,250.0,252.8856,248.052,249.67,617524,250.0,252.8856,248.052,249.67,617524,0.0,1.0
2020-10-12 00:00:00+00:00,251.44,253.62,248.21,252.13,937817,251.44,253.62,248.21,252.13,937817,0.0,1.0
2020-10-13 00:00:00+00:00,266.95,268.25,252.82,254.0,1591636,266.95,268.25,252.82,254.0,1591636,0.0,1.0
2020-10-14 00:00:00+00:00,257.62,269.0,257.17,268.86,989701,257.62,269.0,257.17,268.86,989701,0.0,1.0
2020-10-15 00:00:00+00:00,261.55,261.87,250.63,253.97,904518,261.55,261.87,250.63,253.97,904518,0.0,1.0
2020-10-16 00:00:00+00:00,262.55,268.25,262.15,263.99,1038470,262.55,268.25,262.15,263.99,1038470,0.0,1.0
2020-10-19 00:00:00+00:00,261.01,267.4899,259.765,263.17,819032,261.01,267.4899,259.765,263.17,819032,0.0,1.0
2020-10-20 00:00:00+00:00,260.95,263.7179,257.32,260.04,904414,260.95,263.7179,257.32,260.04,904414,0.0,1.0
2020-10-21 00:00:00+00:00,271.32,273.575,260.63,262.15,1359931,271.32,273.575,260.63,262.15,1359931,0.0,1.0
2020-10-22 00:00:00+00:00,271.88,274.0,266.1816,269.54,1216356,271.88,274.0,266.1816,269.54,1216356,0.0,1.0
2020-10-23 00:00:00+00:00,283.49,284.1278,270.38,270.38,1350242,283.49,284.1278,270.38,270.38,1350242,0.0,1.0
2020-10-26 00:00:00+00:00,284.96,286.55,280.0,280.23,1921494,284.96,286.55,280.0,280.23,1921494,0.0,1.0
2020-10-27 00:00:00+00:00,287.45,292.79,285.0001,286.74,1778021,287.45,292.79,285.0001,286.74,1778021,0.0,1.0
2020-10-28 00:00:00+00:00,276.14,284.64,273.36,281.43,2257927,276.14,284.64,273.36,281.43,2257927,0.0,1.0
2020-10-29 00:00:00+00:00,266.87,268.56,248.26,260.0,5508170,266.87,268.56,248.26,260.0,5508170,0.0,1.0
2020-10-30 00:00:00+00:00,239.89,265.53,235.88,263.71,3522325,239.89,265.53,235.88,263.71,3522325,0.0,1.0
2020-11-02 00:00:00+00:00,231.6,240.79,228.11,240.01,2282211,231.6,240.79,228.11,240.01,2282211,0.0,1.0
2020-11-03 00:00:00+00:00,236.53,241.35,232.866,236.0,1418714,236.53,241.35,232.866,236.0,1418714,0.0,1.0
2020-11-04 00:00:00+00:00,239.28,246.95,238.0,245.0,1906996,239.28,246.95,238.0,245.0,1906996,0.0,1.0
2020-11-05 00:00:00+00:00,256.38,257.77,239.6,247.72,2180565,256.38,257.77,239.6,247.72,2180565,0.0,1.0
2020-11-06 00:00:00+00:00,276.1,276.49,255.74,257.5,2161205,276.1,276.49,255.74,257.5,2161205,0.0,1.0
2020-11-09 00:00:00+00:00,274.2,284.11,257.18,258.0,2060311,274.2,284.11,257.18,258.0,2060311,0.0,1.0
2020-11-10 00:00:00+00:00,249.99,273.575,248.02,272.56,2371402,249.99,273.575,248.02,272.56,2371402,0.0,1.0
2020-11-11 00:00:00+00:00,261.04,264.55,252.31,253.0,1183849,261.04,264.55,252.31,253.0,1183849,0.0,1.0
2020-11-12 00:00:00+00:00,258.69,267.66,256.81,261.29,890829,258.69,267.66,256.81,261.29,890829,0.0,1.0
2020-11-13 00:00:00+00:00,253.5,262.12,251.9,260.5,864017,253.5,262.12,251.9,260.5,864017,0.0,1.0
2020-11-16 00:00:00+00:00,245.85,256.05,245.31,252.85,1438100,245.85,256.05,245.31,252.85,1438100,0.0,1.0
2020-11-17 00:00:00+00:00,250.44,251.26,244.61,247.45,822860,250.44,251.26,244.61,247.45,822860,0.0,1.0
2020-11-18 00:00:00+00:00,253.02,255.66,246.62,251.25,979145,253.02,255.66,246.62,251.25,979145,0.0,1.0
2020-11-19 00:00:00+00:00,249.94,254.94,247.55,252.93,1372718,249.94,254.94,247.55,252.93,1372718,0.0,1.0
2020-11-20 00:00:00+00:00,260.0,262.9,250.28,251.82,1057355,260.0,262.9,250.28,251.82,1057355,0.0,1.0
2020-11-23 00:00:00+00:00,268.86,270.78,260.01,260.01,947965,268.86,270.78,260.01,260.01,947965,0.0,1.0
2020-11-24 00:00:00+00:00,270.14,274.19,266.5001,267.91,819745,270.14,274.19,266.5001,267.91,819745,0.0,1.0
2020-11-25 00:00:00+00:00,270.09,274.72,268.02,269.0,720741,270.09,274.72,268.02,269.0,720741,0.0,1.0
2020-11-27 00:00:00+00:00,277.62,277.78,267.33,269.46,774210,277.62,277.78,267.33,269.46,774210,0.0,1.0
2020-11-30 00:00:00+00:00,291.37,291.72,272.102,277.0,1800164,291.37,291.72,272.102,277.0,1800164,0.0,1.0
2020-12-01 00:00:00+00:00,284.99,292.01,282.24,291.04,1226026,284.99,292.01,282.24,291.04,1226026,0.0,1.0
2020-12-02 00:00:00+00:00,320.89,330.87,281.19,283.23,8178534,320.89,330.87,281.19,283.23,8178534,0.0,1.0
2020-12-03 00:00:00+00:00,316.43,332.0,314.5,317.5,2420023,316.43,332.0,314.5,317.5,2420023,0.0,1.0
2020-12-04 00:00:00+00:00,319.77,323.8076,315.6801,317.29,1979315,319.77,323.8076,315.6801,317.29,1979315,0.0,1.0
2020-12-07 00:00:00+00:00,342.0,342.36,319.0,319.8,2287613,342.0,342.36,319.0,319.8,2287613,0.0,1.0
2020-12-08 00:00:00+00:00,332.86,342.92,330.285,337.0,1620608,332.86,342.92,330.285,337.0,1620608,0.0,1.0
2020-12-09 00:00:00+00:00,332.45,338.216,324.5345,337.28,1682208,332.45,338.216,324.5345,337.28,1682208,0.0,1.0
2020-12-10 00:00:00+00:00,343.3,344.98,327.07,329.64,1268900,343.3,344.98,327.07,329.64,1268900,0.0,1.0
2020-12-11 00:00:00+00:00,341.22,346.4399,333.57,342.3,1657577,341.22,346.4399,333.57,342.3,1657577,0.0,1.0
2020-12-14 00:00:00+00:00,320.34,341.6675,319.52,340.5,2117332,320.34,341.6675,319.52,340.5,2117332,0.0,1.0
2020-12-15 00:00:00+00:00,326.97,330.82,320.5011,324.07,2198594,326.97,330.82,320.5011,324.07,2198594,0.0,1.0
2020-12-16 00:00:00+00:00,318.53,323.88,312.209,316.52,1574728,318.53,323.88,312.209,316.52,1574728,0.0,1.0
2020-12-17 00:00:00+00:00,328.06,329.89,319.13,323.13,960673,328.06,329.89,319.13,323.13,960673,0.0,1.0
2020-12-18 00:00:00+00:00,336.1,337.2,330.495,333.43,1090751,336.1,337.2,330.495,333.43,1090751,0.0,1.0
2020-12-21 00:00:00+00:00,325.57,333.5,322.81,330.06,1076848,325.57,333.5,322.81,330.06,1076848,0.0,1.0
2020-12-22 00:00:00+00:00,321.96,328.07,319.42,328.07,958829,321.96,328.07,319.42,328.07,958829,0.0,1.0
2020-12-23 00:00:00+00:00,330.79,335.77,321.59,322.15,1131584,330.79,335.77,321.59,322.15,1131584,0.0,1.0
2020-12-24 00:00:00+00:00,328.39,336.34,327.62,329.81,435769,328.39,336.34,327.62,329.81,435769,0.0,1.0
2020-12-28 00:00:00+00:00,317.29,331.55,316.0,331.28,887186,317.29,331.55,316.0,331.28,887186,0.0,1.0
2020-12-29 00:00:00+00:00,318.43,323.9,310.55,320.95,688065,318.43,323.9,310.55,320.95,688065,0.0,1.0
2020-12-30 00:00:00+00:00,319.35,323.47,316.17,323.47,631692,319.35,323.47,316.17,323.47,631692,0.0,1.0
2020-12-31 00:00:00+00:00,314.66,323.5,312.47,323.5,587054,314.66,323.5,312.47,323.5,587054,0.0,1.0
2021-01-04 00:00:00+00:00,311.0,318.69,305.51,317.42,945841,311.0,318.69,305.51,317.42,945841,0.0,1.0
2021-01-05 00:00:00+00:00,313.72,316.15,309.08,309.48,610396,313.72,316.15,309.08,309.48,610396,0.0,1.0
2021-01-06 00:00:00+00:00,314.24,323.39,307.035,308.16,1024859,314.24,323.39,307.035,308.16,1024859,0.0,1.0
2021-01-07 00:00:00+00:00,331.36,332.6,316.25,317.44,977474,331.36,332.6,316.25,317.44,977474,0.0,1.0
2021-01-08 00:00:00+00:00,353.11,354.6,333.29,335.0,2199732,353.11,354.6,333.29,335.0,2199732,0.0,1.0
2021-01-11 00:00:00+00:00,344.07,354.0,341.5901,350.06,1105587,344.07,354.0,341.5901,350.06,1105587,0.0,1.0
2021-01-12 00:00:00+00:00,347.01,349.7799,341.46,344.0,826857,347.01,349.7799,341.46,344.0,826857,0.0,1.0
2021-01-13 00:00:00+00:00,347.06,370.95,344.5,348.0,2412060,347.06,370.95,344.5,348.0,2412060,0.0,1.0
2021-01-14 00:00:00+00:00,342.27,349.7,339.0604,349.7,853998,342.27,349.7,339.0604,349.7,853998,0.0,1.0
2021-01-15 00:00:00+00:00,319.82,334.69,317.01,330.72,2351973,319.82,334.69,317.01,330.72,2351973,0.0,1.0
2021-01-19 00:00:00+00:00,319.75,326.9431,317.07,320.35,1252558,319.75,326.9431,317.07,320.35,1252558,0.0,1.0
2021-01-20 00:00:00+00:00,331.41,338.2,325.39,328.83,1044979,331.41,338.2,325.39,328.83,1044979,0.0,1.0
2021-01-21 00:00:00+00:00,348.3,350.25,333.78,337.91,1641836,348.3,350.25,333.78,337.91,1641836,0.0,1.0
2021-01-22 00:00:00+00:00,338.96,348.28,338.17,346.27,1083637,338.96,348.28,338.17,346.27,1083637,0.0,1.0
2021-01-25 00:00:00+00:00,333.61,345.05,326.66,344.0,1393657,333.61,345.05,326.66,344.0,1393657,0.0,1.0
2021-01-26 00:00:00+00:00,337.01,340.5,332.33,337.24,818253,337.01,340.5,332.33,337.24,818253,0.0,1.0
2021-01-27 00:00:00+00:00,330.19,344.99,323.59,330.75,1549227,330.19,344.99,323.59,330.75,1549227,0.0,1.0
2021-01-28 00:00:00+00:00,325.44,331.33,317.12,330.18,1532051,325.44,331.33,317.12,330.18,1532051,0.0,1.0
2021-01-29 00:00:00+00:00,315.0,331.39,312.83,328.59,1485688,315.0,331.39,312.83,328.59,1485688,0.0,1.0
2021-02-01 00:00:00+00:00,332.65,332.7,315.8,319.45,1186230,332.65,332.7,315.8,319.45,1186230,0.0,1.0
2021-02-02 00:00:00+00:00,345.05,350.25,338.85,339.68,1736142,345.05,350.25,338.85,339.68,1736142,0.0,1.0
2021-02-03 00:00:00+00:00,317.25,327.2999,310.7,321.5,6296247,317.25,327.2999,310.7,321.5,6296247,0.0,1.0
2021-02-04 00:00:00+00:00,314.7,323.98,312.9,319.31,2451286,314.7,323.98,312.9,319.31,2451286,0.0,1.0
2021-02-05 00:00:00+00:00,310.77,316.76,306.0,316.23,2342815,310.77,316.76,306.0,316.23,2342815,0.0,1.0
2021-02-08 00:00:00+00:00,323.79,325.08,311.68,311.93,1610303,323.79,325.08,311.68,311.93,1610303,0.0,1.0
2021-02-09 00:00:00+00:00,334.0,334.62,320.41,323.37,1432844,334.0,334.62,320.41,323.37,1432844,0.0,1.0
2021-02-10 00:00:00+00:00,335.71,339.62,325.63,334.34,1489475,335.71,339.62,325.63,334.34,1489475,0.0,1.0
2021-02-11 00:00:00+00:00,331.9,337.8821,325.95,335.9,1032373,331.9,337.8821,325.95,335.9,1032373,0.0,1.0
2021-02-12 00:00:00+00:00,339.7,340.43,329.395,333.94,1119505,339.7,340.43,329.395,333.94,1119505,0.0,1.0
2021-02-16 00:00:00+00:00,353.73,364.0,343.0,343.0,1923753,353.73,364.0,343.0,343.0,1923753,0.0,1.0
2021-02-17 00:00:00+00:00,355.19,355.71,342.73,349.41,1279685,355.19,355.71,342.73,349.41,1279685,0.0,1.0
2021-02-18 00:00:00+00:00,354.88,358.7093,341.59,353.57,1386478,354.88,358.7093,341.59,353.57,1386478,0.0,1.0
2021-02-19 00:00:00+00:00,364.59,365.99,354.1781,355.62,1313773,364.59,365.99,354.1781,355.62,1313773,0.0,1.0
2021-02-22 00:00:00+00:00,349.91,387.44,344.0,360.91,4511053,349.91,387.44,344.0,360.91,4511053,0.0,1.0
2021-02-23 00:00:00+00:00,336.31,337.88,310.34,332.57,4161969,336.31,337.88,310.34,332.57,4161969,0.0,1.0
2021-02-24 00:00:00+00:00,334.69,339.2,324.0,335.22,1477891,334.69,339.2,324.0,335.22,1477891,0.0,1.0
2021-02-25 00:00:00+00:00,303.06,335.0,302.6,330.0,2413848,303.06,335.0,302.6,330.0,2413848,0.0,1.0
2021-02-26 00:00:00+00:00,307.38,311.83,295.34,300.0,2593281,307.38,311.83,295.34,300.0,2593281,0.0,1.0
2021-03-01 00:00:00+00:00,321.28,321.78,307.4,313.0,1541982,321.28,321.78,307.4,313.0,1541982,0.0,1.0
2021-03-02 00:00:00+00:00,322.74,326.15,316.34,320.07,1482998,322.74,326.15,316.34,320.07,1482998,0.0,1.0
2021-03-03 00:00:00+00:00,300.24,323.04,299.89,322.73,1636578,300.24,323.04,299.89,322.73,1636578,0.0,1.0
2021-03-04 00:00:00+00:00,285.01,301.28,278.23,297.48,2591395,285.01,301.28,278.23,297.48,2591395,0.0,1.0
2021-03-05 00:00:00+00:00,274.98,291.37,261.6,290.0,2599418,274.98,291.37,261.6,290.0,2599418,0.0,1.0
2021-03-08 00:00:00+00:00,258.33,276.59,254.92,275.0,2107968,258.33,276.59,254.92,275.0,2107968,0.0,1.0
2021-03-09 00:00:00+00:00,273.58,279.64,268.6,274.6,2424023,273.58,279.64,268.6,274.6,2424023,0.0,1.0
2021-03-10 00:00:00+00:00,270.19,284.02,269.4,282.73,1319533,270.19,284.02,269.4,282.73,1319533,0.0,1.0
2021-03-11 00:00:00+00:00,286.96,289.4,273.07,276.01,1855063,286.96,289.4,273.07,276.01,1855063,0.0,1.0
2021-03-12 00:00:00+00:00,279.89,281.87,273.0,280.06,963610,279.89,281.87,273.0,280.06,963610,0.0,1.0
2021-03-15 00:00:00+00:00,285.46,286.38,275.67,282.99,867404,285.46,286.38,275.67,282.99,867404,0.0,1.0
2021-03-16 00:00:00+00:00,284.69,292.66,280.27,289.0,891849,284.69,292.66,280.27,289.0,891849,0.0,1.0
2021-03-17 00:00:00+00:00,283.35,287.46,272.22,277.4,844724,283.35,287.46,272.22,277.4,844724,0.0,1.0
2021-03-18 00:00:00+00:00,271.73,279.92,266.1454,278.45,1468126,271.73,279.92,266.1454,278.45,1468126,0.0,1.0
2021-03-19 00:00:00+00:00,272.11,275.2,267.46,269.99,1327136,272.11,275.2,267.46,269.99,1327136,0.0,1.0
2021-03-22 00:00:00+00:00,275.47,278.57,273.2154,276.0,606471,275.47,278.57,273.2154,276.0,606471,0.0,1.0
2021-03-23 00:00:00+00:00,267.3,275.63,266.55,274.0,802911,267.3,275.63,266.55,274.0,802911,0.0,1.0
2021-03-24 00:00:00+00:00,258.68,271.66,258.06,270.87,1053108,258.68,271.66,258.06,270.87,1053108,0.0,1.0
2021-03-25 00:00:00+00:00,254.63,258.97,250.1,255.0,1658001,254.63,258.97,250.1,255.0,1658001,0.0,1.0
2021-03-26 00:00:00+00:00,261.31,263.92,251.0,258.51,1267835,261.31,263.92,251.0,258.51,1267835,0.0,1.0
2021-03-29 00:00:00+00:00,252.59,261.605,250.38,261.0,1078802,252.59,261.605,250.38,261.0,1078802,0.0,1.0
2021-03-30 00:00:00+00:00,257.69,261.4399,249.0,253.64,1495816,257.69,261.4399,249.0,253.64,1495816,0.0,1.0
2021-03-31 00:00:00+00:00,267.95,271.87,263.9,266.28,1194108,267.95,271.87,263.9,266.28,1194108,0.0,1.0
2021-04-01 00:00:00+00:00,273.1,280.0,270.53,271.19,1183881,273.1,280.0,270.53,271.19,1183881,0.0,1.0
2021-04-05 00:00:00+00:00,273.3,279.99,272.09,279.56,949468,273.3,279.99,272.09,279.56,949468,0.0,1.0
2021-04-06 00:00:00+00:00,282.34,288.65,278.76,279.99,1280477,282.34,288.65,278.76,279.99,1280477,0.0,1.0
2021-04-07 00:00:00+00:00,280.15,282.88,276.51,281.46,690358,280.15,282.88,276.51,281.46,690358,0.0,1.0
2021-04-08 00:00:00+00:00,280.94,285.99,279.5,285.17,680226,280.94,285.99,279.5,285.17,680226,0.0,1.0
2021-04-09 00:00:00+00:00,279.2,279.73,273.35,279.68,1171000,279.2,279.73,273.35,279.68,1171000,0.0,1.0
2021-04-12 00:00:00+00:00,276.91,278.82,271.26,277.38,622150,276.91,278.82,271.26,277.38,622150,0.0,1.0
2021-04-13 00:00:00+00:00,293.12,294.22,278.5,279.92,1154284,293.12,294.22,278.5,279.92,1154284,0.0,1.0
2021-04-14 00:00:00+00:00,287.6,294.4,285.15,294.0,815779,287.6,294.4,285.15,294.0,815779,0.0,1.0
2021-04-15 00:00:00+00:00,299.74,300.94,290.3,291.28,1216819,299.74,300.94,290.3,291.28,1216819,0.0,1.0
2021-04-16 00:00:00+00:00,292.02,299.74,290.4,299.74,778025,292.02,299.74,290.4,299.74,778025,0.0,1.0
2021-04-19 00:00:00+00:00,280.37,291.66,278.09,287.0,1398396,280.37,291.66,278.09,287.0,1398396,0.0,1.0
2021-04-20 00:00:00+00:00,271.2,281.0,268.06,281.0,1262150,271.2,281.0,268.06,281.0,1262150,0.0,1.0
2021-04-21 00:00:00+00:00,261.71,267.265,260.61,267.26,1828544,261.71,267.265,260.61,267.26,1828544,0.0,1.0
2021-04-22 00:00:00+00:00,265.16,271.6299,264.61,266.02,1482335,265.16,271.6299,264.61,266.02,1482335,0.0,1.0
2021-04-23 00:00:00+00:00,284.11,286.2899,267.86,268.0,2240252,284.11,286.2899,267.86,268.0,2240252,0.0,1.0
2021-04-26 00:00:00+00:00,298.02,298.73,277.33,278.12,2239621,298.02,298.73,277.33,278.12,2239621,0.0,1.0
2021-04-27 00:00:00+00:00,292.92,299.485,289.64,297.88,1239423,292.92,299.485,289.64,297.88,1239423,0.0,1.0
2021-04-28 00:00:00+00:00,256.84,270.16,255.16,269.7,7772280,256.84,270.16,255.16,269.7,7772280,0.0,1.0
2021-04-29 00:00:00+00:00,262.15,265.88,260.0,262.84,3330773,262.15,265.88,260.0,262.84,3330773,0.0,1.0
2021-04-30 00:00:00+00:00,252.12,264.4,251.96,260.0,2187594,252.12,264.4,251.96,260.0,2187594,0.0,1.0
2021-05-03 00:00:00+00:00,247.69,258.6,246.9,255.42,2305621,247.69,258.6,246.9,255.42,2305621,0.0,1.0
2021-05-04 00:00:00+00:00,240.12,244.8,236.3446,244.4,2562417,240.12,244.8,236.3446,244.4,2562417,0.0,1.0
2021-05-05 00:00:00+00:00,239.5,246.34,236.671,246.0,1549900,239.5,246.34,236.671,246.0,1549900,0.0,1.0
2021-05-06 00:00:00+00:00,237.04,237.73,230.3,235.5,1770085,237.04,237.73,230.3,235.5,1770085,0.0,1.0
2021-05-07 00:00:00+00:00,239.41,246.5,237.35,242.36,1312761,239.41,246.5,237.35,242.36,1312761,0.0,1.0
2021-05-10 00:00:00+00:00,228.21,237.47,227.63,235.42,1857277,228.21,237.47,227.63,235.42,1857277,0.0,1.0
2021-05-11 00:00:00+00:00,228.01,230.94,221.0,221.73,2509484,228.01,230.94,221.0,221.73,2509484,0.0,1.0
2021-05-12 00:00:00+00:00,225.6,232.01,223.4,224.77,1322072,225.6,232.01,223.4,224.77,1322072,0.0,1.0
2021-05-13 00:00:00+00:00,217.07,231.41,214.155,229.0,1635659,217.07,231.41,214.155,229.0,1635659,0.0,1.0
2021-05-14 00:00:00+00:00,223.59,223.85,216.8,219.05,2461655,223.59,223.85,216.8,219.05,2461655,0.0,1.0
2021-05-17 00:00:00+00:00,223.33,223.7,215.94,222.96,1352660,223.33,223.7,215.94,222.96,1352660,0.0,1.0
2021-05-18 00:00:00+00:00,220.99,230.38,220.5,225.64,1292563,220.99,230.38,220.5,225.64,1292563,0.0,1.0
2021-05-19 00:00:00+00:00,220.31,220.88,211.1,212.68,1832024,220.31,220.88,211.1,212.68,1832024,0.0,1.0
2021-05-20 00:00:00+00:00,228.68,231.19,223.515,225.46,1233491,228.68,231.19,223.515,225.46,1233491,0.0,1.0
2021-05-21 00:00:00+00:00,229.14,231.56,225.3967,229.95,1037461,229.14,231.56,225.3967,229.95,1037461,0.0,1.0
2021-05-24 00:00:00+00:00,234.06,235.615,228.33,229.66,980921,234.06,235.615,228.33,229.66,980921,0.0,1.0
2021-05-25 00:00:00+00:00,236.76,239.095,233.25,237.01,1126584,236.76,239.095,233.25,237.01,1126584,0.0,1.0
2021-05-26 00:00:00+00:00,238.39,239.47,231.53,237.9,1364512,238.39,239.47,231.53,237.9,1364512,0.0,1.0
2021-05-27 00:00:00+00:00,240.26,242.865,233.965,238.4,1002586,240.26,242.865,233.965,238.4,1002586,0.0,1.0
2021-05-28 00:00:00+00:00,241.57,246.3,241.11,242.03,920735,241.57,246.3,241.11,242.03,920735,0.0,1.0
2021-06-01 00:00:00+00:00,241.73,246.33,239.21,243.5,1037355,241.73,246.33,239.21,243.5,1037355,0.0,1.0
2021-06-02 00:00:00+00:00,239.73,243.55,238.39,243.55,1088942,239.73,243.55,238.39,243.55,1088942,0.0,1.0
2021-06-03 00:00:00+00:00,232.19,238.45,231.525,236.12,1244836,232.19,238.45,231.525,236.12,1244836,0.0,1.0
2021-06-04 00:00:00+00:00,236.17,238.11,232.59,234.54,946944,236.17,238.11,232.59,234.54,946944,0.0,1.0
2021-06-07 00:00:00+00:00,242.66,244.0,235.87,235.87,1273490,242.66,244.0,235.87,235.87,1273490,0.0,1.0
2021-06-08 00:00:00+00:00,242.51,245.95,240.2292,245.22,1167810,242.51,245.95,240.2292,245.22,1167810,0.0,1.0
2021-06-09 00:00:00+00:00,237.7,245.7342,237.549,243.01,1024051,237.7,245.7342,237.549,243.01,1024051,0.0,1.0
2021-06-10 00:00:00+00:00,247.19,247.46,237.1201,238.68,1500237,247.19,247.46,237.1201,238.68,1500237,0.0,1.0
2021-06-11 00:00:00+00:00,243.66,251.82,240.8,248.0,1576982,243.66,251.82,240.8,248.0,1576982,0.0,1.0
2021-06-14 00:00:00+00:00,251.51,253.4113,243.97,245.0,1250501,251.51,253.4113,243.97,245.0,1250501,0.0,1.0
2021-06-15 00:00:00+00:00,242.76,252.7,241.95,252.48,1350068,242.76,252.7,241.95,252.48,1350068,0.0,1.0
2021-06-16 00:00:00+00:00,242.78,248.21,236.46,244.11,1364960,242.78,248.21,236.46,244.11,1364960,0.0,1.0
2021-06-17 00:00:00+00:00,247.11,249.1,238.5,238.83,1237676,247.11,249.1,238.5,238.83,1237676,0.0,1.0
2021-06-18 00:00:00+00:00,247.64,249.36,244.33,246.11,1348552,247.64,249.36,244.33,246.11,1348552,0.0,1.0
2021-06-21 00:00:00+00:00,245.6,248.0,242.04,247.5,826114,245.6,248.0,242.04,247.5,826114,0.0,1.0
2021-06-22 00:00:00+00:00,253.64,254.35,244.6,246.92,1436651,253.64,254.35,244.6,246.92,1436651,0.0,1.0
2021-06-23 00:00:00+00:00,256.7,257.69,252.56,252.57,951453,256.7,257.69,252.56,252.57,951453,0.0,1.0
2021-06-24 00:00:00+00:00,264.16,265.5861,259.6,260.0,2251539,264.16,265.5861,259.6,260.0,2251539,0.0,1.0
2021-06-25 00:00:00+00:00,266.38,268.29,261.86,266.08,1562074,266.38,268.29,261.86,266.08,1562074,0.0,1.0
2021-06-28 00:00:00+00:00,271.56,273.6,265.78,268.0,1248266,271.56,273.6,265.78,268.0,1248266,0.0,1.0
2021-06-29 00:00:00+00:00,272.86,274.12,265.09,271.01,875111,272.86,274.12,265.09,271.01,875111,0.0,1.0
2021-06-30 00:00:00+00:00,275.59,280.5399,269.5,274.0,1572813,275.59,280.5399,269.5,274.0,1572813,0.0,1.0
2021-07-01 00:00:00+00:00,268.63,275.2499,266.41,273.5,835146,268.63,275.2499,266.41,273.5,835146,0.0,1.0
2021-07-02 00:00:00+00:00,267.83,272.06,267.2918,269.76,480874,267.83,272.06,267.2918,269.76,480874,0.0,1.0
2021-07-06 00:00:00+00:00,263.52,269.6499,262.28,266.98,1063866,263.52,269.6499,262.28,266.98,1063866,0.0,1.0
2021-07-07 00:00:00+00:00,259.04,266.49,257.59,266.41,746914,259.04,266.49,257.59,266.41,746914,0.0,1.0
2021-07-08 00:00:00+00:00,256.15,259.3443,250.31,254.25,932923,256.15,259.3443,250.31,254.25,932923,0.0,1.0
2021-07-09 00:00:00+00:00,262.83,262.98,253.0,254.86,575505,262.83,262.98,253.0,254.86,575505,0.0,1.0
2021-07-12 00:00:00+00:00,261.01,265.2951,257.83,263.55,741243,261.01,265.2951,257.83,263.55,741243,0.0,1.0
2021-07-13 00:00:00+00:00,263.85,267.76,261.18,261.18,899204,263.85,267.76,261.18,261.18,899204,0.0,1.0
2021-07-14 00:00:00+00:00,253.41,265.99,253.34,264.21,1120104,253.41,265.99,253.34,264.21,1120104,0.0,1.0
2021-07-15 00:00:00+00:00,247.97,256.1842,246.83,252.84,1506822,247.97,256.1842,246.83,252.84,1506822,0.0,1.0
2021-07-16 00:00:00+00:00,243.24,250.0,242.27,250.0,1443159,243.24,250.0,242.27,250.0,1443159,0.0,1.0
2021-07-19 00:00:00+00:00,241.81,246.94,237.19,239.0,1232541,241.81,246.94,237.19,239.0,1232541,0.0,1.0
2021-07-20 00:00:00+00:00,246.5,248.44,238.6001,243.0,902176,246.5,248.44,238.6001,243.0,902176,0.0,1.0
2021-07-21 00:00:00+00:00,247.91,249.75,243.73,247.25,1249865,247.91,249.75,243.73,247.25,1249865,0.0,1.0
2021-07-22 00:00:00+00:00,244.18,248.95,243.82,247.71,781336,244.18,248.95,243.82,247.71,781336,0.0,1.0
2021-07-23 00:00:00+00:00,243.64,247.905,240.0,243.28,1501497,243.64,247.905,240.0,243.28,1501497,0.0,1.0
2021-07-26 00:00:00+00:00,240.59,241.59,235.1251,238.0,1931341,240.59,241.59,235.1251,238.0,1931341,0.0,1.0
2021-07-27 00:00:00+00:00,236.93,241.66,232.9403,239.76,1403813,236.93,241.66,232.9403,239.76,1403813,0.0,1.0
2021-07-28 00:00:00+00:00,223.32,224.17,213.11,220.7,7220257,223.32,224.17,213.11,220.7,7220257,0.0,1.0
2021-07-29 00:00:00+00:00,225.27,228.76,223.5,225.31,2538143,225.27,228.76,223.5,225.31,2538143,0.0,1.0
2021-07-30 00:00:00+00:00,228.67,233.22,225.34,226.53,2169952,228.67,233.22,225.34,226.53,2169952,0.0,1.0
2021-08-02 00:00:00+00:00,228.4,230.88,222.65,228.72,2227501,228.4,230.88,222.65,228.72,2227501,0.0,1.0
2021-08-03 00:00:00+00:00,217.95,227.63,214.995,226.62,3438794,217.95,227.63,214.995,226.62,3438794,0.0,1.0
2021-08-04 00:00:00+00:00,217.42,220.27,216.64,218.2,1670278,217.42,220.27,216.64,218.2,1670278,0.0,1.0
2021-08-05 00:00:00+00:00,221.13,222.0,216.7,219.5,1700785,221.13,222.0,216.7,219.5,1700785,0.0,1.0
2021-08-06 00:00:00+00:00,221.97,224.5,219.16,221.67,1014028,221.97,224.5,219.16,221.67,1014028,0.0,1.0
2021-08-09 00:00:00+00:00,224.78,227.43,220.755,223.48,1040824,224.78,227.43,220.755,223.48,1040824,0.0,1.0
2021-08-10 00:00:00+00:00,215.48,226.27,215.33,225.54,2855535,215.48,226.27,215.33,225.54,2855535,0.0,1.0
2021-08-11 00:00:00+00:00,214.0,217.53,210.15,216.07,3304618,214.0,217.53,210.15,216.07,3304618,0.0,1.0
2021-08-12 00:00:00+00:00,215.04,215.47,210.52,213.21,1541995,215.04,215.47,210.52,213.21,1541995,0.0,1.0
2021-08-13 00:00:00+00:00,211.48,216.0577,211.21,215.5,856263,211.48,216.0577,211.21,215.5,856263,0.0,1.0
2021-08-16 00:00:00+00:00,208.83,210.865,204.51,210.3,1452656,208.83,210.865,204.51,210.3,1452656,0.0,1.0
2021-08-17 00:00:00+00:00,206.16,208.89,205.12,205.48,1330096,206.16,208.89,205.12,205.48,1330096,0.0,1.0
2021-08-18 00:00:00+00:00,205.42,209.5,204.76,209.22,1515083,205.42,209.5,204.76,209.22,1515083,0.0,1.0
2021-08-19 00:00:00+00:00,205.08,207.99,201.6775,203.44,834019,205.08,207.99,201.6775,203.44,834019,0.0,1.0
2021-08-20 00:00:00+00:00,216.64,218.14,209.55,209.55,2314334,216.64,218.14,209.55,209.55,2314334,0.0,1.0
2021-08-23 00:00:00+00:00,221.5,222.465,217.4,217.4,1354411,221.5,222.465,217.4,217.4,1354411,0.0,1.0
2021-08-24 00:00:00+00:00,224.88,225.7,222.49,223.31,887663,224.88,225.7,222.49,223.31,887663,0.0,1.0
2021-08-25 00:00:00+00:00,226.9,227.29,224.1,224.54,842006,226.9,227.29,224.1,224.54,842006,0.0,1.0
2021-08-26 00:00:00+00:00,224.62,227.52,222.4817,224.07,1125931,224.62,227.52,222.4817,224.07,1125931,0.0,1.0
2021-08-27 00:00:00+00:00,226.02,227.82,225.49,225.49,1339053,226.02,227.82,225.49,225.49,1339053,0.0,1.0
2021-08-30 00:00:00+00:00,233.12,234.3983,225.945,226.28,1059326,233.12,234.3983,225.945,226.28,1059326,0.0,1.0
2021-08-31 00:00:00+00:00,234.34,235.42,232.25,233.51,1216969,234.34,235.42,232.25,233.51,1216969,0.0,1.0
2021-09-01 00:00:00+00:00,238.38,239.17,235.01,236.5,811133,238.38,239.17,235.01,236.5,811133,0.0,1.0
2021-09-02 00:00:00+00:00,254.03,255.85,243.0,244.92,3946919,254.03,255.85,243.0,244.92,3946919,0.0,1.0
2021-09-03 00:00:00+00:00,249.04,255.9048,248.185,251.8,1188067,249.04,255.9048,248.185,251.8,1188067,0.0,1.0
2021-09-07 00:00:00+00:00,254.72,263.59,254.44,260.94,1866266,254.72,263.59,254.44,260.94,1866266,0.0,1.0
2021-09-08 00:00:00+00:00,249.68,254.19,245.85,253.98,1043396,249.68,254.19,245.85,253.98,1043396,0.0,1.0
2021-09-09 00:00:00+00:00,246.01,250.98,245.4855,247.4,926167,246.01,250.98,245.4855,247.4,926167,0.0,1.0
2021-09-10 00:00:00+00:00,247.76,254.94,245.42,247.01,1515082,247.76,254.94,245.42,247.01,1515082,0.0,1.0
2021-09-13 00:00:00+00:00,244.22,247.82,236.66,245.98,1215412,244.22,247.82,236.66,245.98,1215412,0.0,1.0
2021-09-14 00:00:00+00:00,243.81,246.35,242.55,244.51,815085,243.81,246.35,242.55,244.51,815085,0.0,1.0
2021-09-15 00:00:00+00:00,242.87,244.2,239.62,243.45,766757,242.87,244.2,239.62,243.45,766757,0.0,1.0
2021-09-16 00:00:00+00:00,242.02,242.85,239.26,240.35,846159,242.02,242.85,239.26,240.35,846159,0.0,1.0
2021-09-17 00:00:00+00:00,248.1,248.39,242.5201,243.23,1130317,248.1,248.39,242.5201,243.23,1130317,0.0,1.0
2021-09-20 00:00:00+00:00,237.76,240.913,234.5,240.52,1357467,237.76,240.913,234.5,240.52,1357467,0.0,1.0
2021-09-21 00:00:00+00:00,234.51,238.79,233.94,236.2,884209,234.51,238.79,233.94,236.2,884209,0.0,1.0
2021-09-22 00:00:00+00:00,235.35,237.145,234.206,234.79,906646,235.35,237.145,234.206,234.79,906646,0.0,1.0
2021-09-23 00:00:00+00:00,234.86,238.3064,233.56,237.89,942972,234.86,238.3064,233.56,237.89,942972,0.0,1.0
2021-09-24 00:00:00+00:00,230.2,231.81,225.495,231.81,1103152,230.2,231.81,225.495,231.81,1103152,0.0,1.0
2021-09-27 00:00:00+00:00,232.94,235.6,227.06,228.84,818926,232.94,235.6,227.06,228.84,818926,0.0,1.0
2021-09-28 00:00:00+00:00,227.34,232.01,225.87,231.29,1392383,227.34,232.01,225.87,231.29,1392383,0.0,1.0
2021-09-29 00:00:00+00:00,220.32,229.27,220.19,228.41,1071189,220.32,229.27,220.19,228.41,1071189,0.0,1.0
2021-09-30 00:00:00+00:00,225.34,226.34,218.51,221.87,1050728,225.34,226.34,218.51,221.87,1050728,0.0,1.0
2021-10-01 00:00:00+00:00,229.33,230.0,223.96,227.02,898232,229.33,230.0,223.96,227.02,898232,0.0,1.0
2021-10-04 00:00:00+00:00,221.91,230.0,218.66,229.99,1145372,221.91,230.0,218.66,229.99,1145372,0.0,1.0
2021-10-05 00:00:00+00:00,225.82,227.93,221.63,221.96,647894,225.82,227.93,221.63,221.96,647894,0.0,1.0
2021-10-06 00:00:00+00:00,232.02,232.9,222.53,223.59,1037064,232.02,232.9,222.53,223.59,1037064,0.0,1.0
2021-10-07 00:00:00+00:00,234.9,238.41,232.8,233.01,661682,234.9,238.41,232.8,233.01,661682,0.0,1.0
2021-10-08 00:00:00+00:00,232.88,238.37,232.34,235.5,625206,232.88,238.37,232.34,235.5,625206,0.0,1.0
2021-10-11 00:00:00+00:00,231.89,236.58,230.44,233.87,647482,231.89,236.58,230.44,233.87,647482,0.0,1.0
2021-10-12 00:00:00+00:00,235.3,235.75,231.5,232.81,651438,235.3,235.75,231.5,232.81,651438,0.0,1.0
2021-10-13 00:00:00+00:00,243.83,244.26,238.106,238.29,1216357,243.83,244.26,238.106,238.29,1216357,0.0,1.0
2021-10-14 00:00:00+00:00,247.37,248.12,240.03,246.68,858645,247.37,248.12,240.03,246.68,858645,0.0,1.0
2021-10-15 00:00:00+00:00,247.4,249.61,243.42,248.92,813581,247.4,249.61,243.42,248.92,813581,0.0,1.0
2021-10-18 00:00:00+00:00,248.82,250.56,245.49,247.23,763515,248.82,250.56,245.49,247.23,763515,0.0,1.0
2021-10-19 00:00:00+00:00,255.61,256.13,247.45,250.25,1056108,255.61,256.13,247.45,250.25,1056108,0.0,1.0
2021-10-20 00:00:00+00:00,251.18,258.61,249.66,258.29,736756,251.18,258.61,249.66,258.29,736756,0.0,1.0
2021-10-21 00:00:00+00:00,255.0,263.04,250.84,251.09,1093529,255.0,263.04,250.84,251.09,1093529,0.0,1.0
2021-10-22 00:00:00+00:00,252.96,254.37,249.02,251.5,988109,252.96,254.37,249.02,251.5,988109,0.0,1.0
2021-10-25 00:00:00+00:00,257.89,259.19,250.58,252.06,1009736,257.89,259.19,250.58,252.06,1009736,0.0,1.0
2021-10-26 00:00:00+00:00,252.2,263.69,251.57,260.34,1672603,252.2,263.69,251.57,260.34,1672603,0.0,1.0
2021-10-27 00:00:00+00:00,273.13,278.0,260.5301,269.91,3958202,273.13,278.0,260.5301,269.91,3958202,0.0,1.0
2021-10-28 00:00:00+00:00,288.95,293.32,273.14,273.62,3414425,288.95,293.32,273.14,273.62,3414425,0.0,1.0
2021-10-29 00:00:00+00:00,289.4,292.82,283.32,285.14,1604407,289.4,292.82,283.32,285.14,1604407,0.0,1.0
2021-11-01 00:00:00+00:00,300.95,302.5714,294.52,295.4,2354116,300.95,302.5714,294.52,295.4,2354116,0.0,1.0
2021-11-02 00:00:00+00:00,298.2,305.6,296.5883,300.0,1311881,298.2,305.6,296.5883,300.0,1311881,0.0,1.0
2021-11-03 00:00:00+00:00,298.08,299.66,291.03,297.8,1223943,298.08,299.66,291.03,297.8,1223943,0.0,1.0
2021-11-04 00:00:00+00:00,293.48,299.08,291.785,295.1,1137219,293.48,299.08,291.785,295.1,1137219,0.0,1.0
2021-11-05 00:00:00+00:00,289.05,297.63,285.0,293.3,1261116,289.05,297.63,285.0,293.3,1261116,0.0,1.0
2021-11-08 00:00:00+00:00,286.9,289.86,283.105,287.0,2077151,286.9,289.86,283.105,287.0,2077151,0.0,1.0
2021-11-09 00:00:00+00:00,278.75,286.47,276.105,282.24,1575300,278.75,286.47,276.105,282.24,1575300,0.0,1.0
2021-11-10 00:00:00+00:00,269.72,279.71,266.37,277.14,1367895,269.72,279.71,266.37,277.14,1367895,0.0,1.0
2021-11-11 00:00:00+00:00,276.65,280.0,273.75,275.1,1262913,276.65,280.0,273.75,275.1,1262913,0.0,1.0
2021-11-12 00:00:00+00:00,280.56,284.53,277.75,282.24,1852957,280.56,284.53,277.75,282.24,1852957,0.0,1.0
2021-11-15 00:00:00+00:00,278.38,286.6,278.33,281.81,1055281,278.38,286.6,278.33,281.81,1055281,0.0,1.0
2021-11-16 00:00:00+00:00,271.3,279.055,270.0,278.98,1586898,271.3,279.055,270.0,278.98,1586898,0.0,1.0
2021-11-17 00:00:00+00:00,271.95,272.06,265.87,271.55,1103338,271.95,272.06,265.87,271.55,1103338,0.0,1.0
2021-11-18 00:00:00+00:00,263.37,272.0,262.33,268.56,1050038,263.37,272.0,262.33,268.56,1050038,0.0,1.0
2021-11-19 00:00:00+00:00,259.55,266.91,258.07,263.27,799787,259.55,266.91,258.07,263.27,799787,0.0,1.0
2021-11-22 00:00:00+00:00,250.34,264.135,247.015,258.65,1347223,250.34,264.135,247.015,258.65,1347223,0.0,1.0
2021-11-23 00:00:00+00:00,243.03,251.13,237.06,246.23,2356760,243.03,251.13,237.06,246.23,2356760,0.0,1.0
2021-11-24 00:00:00+00:00,249.49,251.585,238.6501,244.67,1552478,249.49,251.585,238.6501,244.67,1552478,0.0,1.0
2021-11-26 00:00:00+00:00,250.89,253.05,246.05,248.08,836851,250.89,253.05,246.05,248.08,836851,0.0,1.0
2021-11-29 00:00:00+00:00,246.6,251.45,245.23,250.85,1347780,246.6,251.45,245.23,250.85,1347780,0.0,1.0
2021-11-30 00:00:00+00:00,238.5,248.88,235.895,245.54,1874423,238.5,248.88,235.895,245.54,1874423,0.0,1.0
2021-12-01 00:00:00+00:00,225.09,241.42,224.3209,238.15,1627418,225.09,241.42,224.3209,238.15,1627418,0.0,1.0
2021-12-02 00:00:00+00:00,228.54,232.72,224.875,225.0,1603203,228.54,232.72,224.875,225.0,1603203,0.0,1.0
2021-12-03 00:00:00+00:00,228.8,233.73,221.15,230.0,1830973,228.8,233.73,221.15,230.0,1830973,0.0,1.0
2021-12-06 00:00:00+00:00,232.01,232.59,225.21,228.95,1186181,232.01,232.59,225.21,228.95,1186181,0.0,1.0
2021-12-07 00:00:00+00:00,238.51,242.92,237.22,239.96,1089502,238.51,242.92,237.22,239.96,1089502,0.0,1.0
2021-12-08 00:00:00+00:00,243.17,245.3699,235.47,240.0,1137734,243.17,245.3699,235.47,240.0,1137734,0.0,1.0
2021-12-09 00:00:00+00:00,233.42,245.81,232.05,241.61,1060039,233.42,245.81,232.05,241.61,1060039,0.0,1.0
2021-12-10 00:00:00+00:00,233.26,238.43,230.07,237.1,838644,233.26,238.43,230.07,237.1,838644,0.0,1.0
2021-12-13 00:00:00+00:00,225.62,234.45,222.94,232.88,1188024,225.62,234.45,222.94,232.88,1188024,0.0,1.0
2021-12-14 00:00:00+00:00,222.68,227.28,219.75,222.0,2137334,222.68,227.28,219.75,222.0,2137334,0.0,1.0
2021-12-15 00:00:00+00:00,225.4,227.02,216.0,222.35,1557874,225.4,227.02,216.0,222.35,1557874,0.0,1.0
2021-12-16 00:00:00+00:00,226.55,232.6599,224.05,229.16,1130028,226.55,232.6599,224.05,229.16,1130028,0.0,1.0
2021-12-17 00:00:00+00:00,235.28,237.45,222.77,224.31,1697737,235.28,237.45,222.77,224.31,1697737,0.0,1.0
2021-12-20 00:00:00+00:00,228.16,236.49,228.11,230.75,1120716,228.16,236.49,228.11,230.75,1120716,0.0,1.0
2021-12-21 00:00:00+00:00,238.11,238.84,230.06,230.19,716732,238.11,238.84,230.06,230.19,716732,0.0,1.0
2021-12-22 00:00:00+00:00,235.16,240.92,234.01,238.03,972688,235.16,240.92,234.01,238.03,972688,0.0,1.0
2021-12-23 00:00:00+00:00,236.63,238.06,226.62,235.5,813273,236.63,238.06,226.62,235.5,813273,0.0,1.0
2021-12-27 00:00:00+00:00,233.78,237.75,230.23,236.71,964015,233.78,237.75,230.23,236.71,964015,0.0,1.0
2021-12-28 00:00:00+00:00,233.78,239.49,231.51,234.57,777211,233.78,239.49,231.51,234.57,777211,0.0,1.0
2021-12-29 00:00:00+00:00,232.92,235.84,228.1001,232.64,1155760,232.92,235.84,228.1001,232.64,1155760,0.0,1.0
2021-12-30 00:00:00+00:00,237.92,241.54,233.17,233.78,941575,237.92,241.54,233.17,233.78,941575,0.0,1.0
2021-12-31 00:00:00+00:00,234.03,241.25,233.29,237.77,840575,234.03,241.25,233.29,237.77,840575,0.0,1.0
2022-01-03 00:00:00+00:00,244.16,247.2,235.25,235.25,1933830,244.16,247.2,235.25,235.25,1933830,0.0,1.0
2022-01-04 00:00:00+00:00,239.26,246.38,227.415,245.1,1874416,239.26,246.38,227.415,245.1,1874416,0.0,1.0
2022-01-05 00:00:00+00:00,227.7,241.89,225.42,237.76,1345270,227.7,241.89,225.42,237.76,1345270,0.0,1.0
2022-01-06 00:00:00+00:00,228.27,231.78,219.61,224.95,1172122,228.27,231.78,219.61,224.95,1172122,0.0,1.0
2022-01-07 00:00:00+00:00,223.58,232.47,221.34,228.15,907220,223.58,232.47,221.34,228.15,907220,0.0,1.0
2022-01-10 00:00:00+00:00,224.41,224.98,212.38,220.84,1394214,224.41,224.98,212.38,220.84,1394214,0.0,1.0
2022-01-11 00:00:00+00:00,234.97,236.33,222.06,224.4,1173418,234.97,236.33,222.06,224.4,1173418,0.0,1.0
2022-01-12 00:00:00+00:00,231.31,240.08,230.38,237.21,1111613,231.31,240.08,230.38,237.21,1111613,0.0,1.0
2022-01-13 00:00:00+00:00,226.45,238.8,226.19,236.16,985595,226.45,238.8,226.19,236.16,985595,0.0,1.0
2022-01-14 00:00:00+00:00,218.56,226.399,213.74,223.91,1665402,218.56,226.399,213.74,223.91,1665402,0.0,1.0
2022-01-18 00:00:00+00:00,210.87,218.0,209.68,213.57,1376188,210.87,218.0,209.68,213.57,1376188,0.0,1.0
2022-01-19 00:00:00+00:00,207.35,216.61,207.03,212.98,1656659,207.35,216.61,207.03,212.98,1656659,0.0,1.0
2022-01-20 00:00:00+00:00,208.66,217.94,207.66,210.89,2517815,208.66,217.94,207.66,210.89,2517815,0.0,1.0
2022-01-21 00:00:00+00:00,195.53,205.72,194.72,202.37,3149987,195.53,205.72,194.72,202.37,3149987,0.0,1.0
2022-01-24 00:00:00+00:00,193.56,194.23,177.07,187.41,3005140,193.56,194.23,177.07,187.41,3005140,0.0,1.0
2022-01-25 00:00:00+00:00,184.04,192.0,180.76,187.75,2074420,184.04,192.0,180.76,187.75,2074420,0.0,1.0
2022-01-26 00:00:00+00:00,174.79,192.91,173.58,189.33,2654604,174.79,192.91,173.58,189.33,2654604,0.0,1.0
2022-01-27 00:00:00+00:00,171.32,179.83,169.43,172.89,2513470,171.32,179.83,169.43,172.89,2513470,0.0,1.0
2022-01-28 00:00:00+00:00,172.98,174.035,164.41,172.23,2515476,172.98,174.035,164.41,172.23,2515476,0.0,1.0
2022-01-31 00:00:00+00:00,196.26,196.57,179.53,180.35,4882381,196.26,196.57,179.53,180.35,4882381,0.0,1.0
2022-02-01 00:00:00+00:00,203.62,205.2829,193.63,199.13,2868508,203.62,205.2829,193.63,199.13,2868508,0.0,1.0
2022-02-02 00:00:00+00:00,191.92,208.49,188.36,205.35,6687923,191.92,208.49,188.36,205.35,6687923,0.0,1.0
2022-02-03 00:00:00+00:00,159.76,174.4,155.57,164.0,14049295,159.76,174.4,155.57,164.0,14049295,0.0,1.0
2022-02-04 00:00:00+00:00,174.43,176.95,161.1,163.11,5779163,174.43,176.95,161.1,163.11,5779163,0.0,1.0
2022-02-07 00:00:00+00:00,171.51,175.0,167.3,169.99,4407093,171.51,175.0,167.3,169.99,4407093,0.0,1.0
2022-02-08 00:00:00+00:00,165.92,172.87,163.66,170.0,3828162,165.92,172.87,163.66,170.0,3828162,0.0,1.0
2022-02-09 00:00:00+00:00,175.49,175.82,163.21,167.68,4911124,175.49,175.82,163.21,167.68,4911124,0.0,1.0
2022-02-10 00:00:00+00:00,167.83,177.6,167.01,169.67,2235703,167.83,177.6,167.01,169.67,2235703,0.0,1.0
2022-02-11 00:00:00+00:00,161.93,171.0,160.22,168.01,2158342,161.93,171.0,160.22,168.01,2158342,0.0,1.0
2022-02-14 00:00:00+00:00,162.21,166.06,159.53,160.69,1607950,162.21,166.06,159.53,160.69,1607950,0.0,1.0
2022-02-15 00:00:00+00:00,168.06,168.7599,162.5,165.45,1384540,168.06,168.7599,162.5,165.45,1384540,0.0,1.0
2022-02-16 00:00:00+00:00,163.94,165.73,161.31,164.8,1577258,163.94,165.73,161.31,164.8,1577258,0.0,1.0
2022-02-17 00:00:00+00:00,159.22,163.98,157.7,162.59,2017814,159.22,163.98,157.7,162.59,2017814,0.0,1.0
2022-02-18 00:00:00+00:00,152.27,160.17,150.74,158.85,2330972,152.27,160.17,150.74,158.85,2330972,0.0,1.0
2022-02-22 00:00:00+00:00,149.38,156.65,148.1,150.2,1816208,149.38,156.65,148.1,150.2,1816208,0.0,1.0
2022-02-23 00:00:00+00:00,144.17,152.2696,144.09,151.03,1450069,144.17,152.2696,144.09,151.03,1450069,0.0,1.0
2022-02-24 00:00:00+00:00,149.21,149.81,135.555,136.89,2352212,149.21,149.81,135.555,136.89,2352212,0.0,1.0
2022-02-25 00:00:00+00:00,151.91,152.88,145.9,150.47,1674518,151.91,152.88,145.9,150.47,1674518,0.0,1.0
2022-02-28 00:00:00+00:00,156.19,157.97,149.93,151.64,1883499,156.19,157.97,149.93,151.64,1883499,0.0,1.0
2022-03-01 00:00:00+00:00,151.25,159.49,150.24,159.34,1404661,151.25,159.49,150.24,159.34,1404661,0.0,1.0
2022-03-02 00:00:00+00:00,149.48,153.1,145.86,152.89,1462021,149.48,153.1,145.86,152.89,1462021,0.0,1.0
2022-03-03 00:00:00+00:00,139.92,151.83,138.62,150.81,2393490,139.92,151.83,138.62,150.81,2393490,0.0,1.0
2022-03-04 00:00:00+00:00,135.17,142.3,134.09,140.9,2383661,135.17,142.3,134.09,140.9,2383661,0.0,1.0
2022-03-07 00:00:00+00:00,130.51,138.72,130.05,135.28,2320081,130.51,138.72,130.05,135.28,2320081,0.0,1.0
2022-03-08 00:00:00+00:00,131.68,137.26,125.84,129.99,1858568,131.68,137.26,125.84,129.99,1858568,0.0,1.0
2022-03-09 00:00:00+00:00,136.42,139.81,134.93,135.34,1521947,136.42,139.81,134.93,135.34,1521947,0.0,1.0
2022-03-10 00:00:00+00:00,132.67,135.37,129.76,134.23,1978620,132.67,135.37,129.76,134.23,1978620,0.0,1.0
2022-03-11 00:00:00+00:00,124.29,135.38,124.15,134.34,2027616,124.29,135.38,124.15,134.34,2027616,0.0,1.0
2022-03-14 00:00:00+00:00,119.47,125.9109,118.2,122.78,2185005,119.47,125.9109,118.2,122.78,2185005,0.0,1.0
2022-03-15 00:00:00+00:00,123.84,125.93,120.81,121.35,1496892,123.84,125.93,120.81,121.35,1496892,0.0,1.0
2022-03-16 00:00:00+00:00,133.58,134.5884,125.82,126.0,2297862,133.58,134.5884,125.82,126.0,2297862,0.0,1.0
2022-03-17 00:00:00+00:00,138.73,139.86,131.47,132.84,1977480,138.73,139.86,131.47,132.84,1977480,0.0,1.0
2022-03-18 00:00:00+00:00,144.78,147.5,138.15,138.71,2562140,144.78,147.5,138.15,138.71,2562140,0.0,1.0
2022-03-21 00:00:00+00:00,140.42,146.4,138.44,143.17,1912140,140.42,146.4,138.44,143.17,1912140,0.0,1.0
2022-03-22 00:00:00+00:00,147.47,148.0,137.17,139.67,2529283,147.47,148.0,137.17,139.67,2529283,0.0,1.0
2022-03-23 00:00:00+00:00,148.57,155.3,144.76,146.07,2102798,148.57,155.3,144.76,146.07,2102798,0.0,1.0
2022-03-24 00:00:00+00:00,149.26,156.91,143.82,155.15,2310384,149.26,156.91,143.82,155.15,2310384,0.0,1.0
2022-03-25 00:00:00+00:00,146.04,149.98,142.715,149.96,1155336,146.04,149.98,142.715,149.96,1155336,0.0,1.0
2022-03-28 00:00:00+00:00,150.13,150.3,144.17,146.25,939734,150.13,150.3,144.17,146.25,939734,0.0,1.0
2022-03-29 00:00:00+00:00,157.31,158.19,150.62,154.0,1597189,157.31,158.19,150.62,154.0,1597189,0.0,1.0
2022-03-30 00:00:00+00:00,156.16,159.34,153.51,154.36,1643343,156.16,159.34,153.51,154.36,1643343,0.0,1.0
2022-03-31 00:00:00+00:00,151.02,156.57,150.81,154.91,1371817,151.02,156.57,150.81,154.91,1371817,0.0,1.0
2022-04-01 00:00:00+00:00,153.7,156.26,152.0,152.54,1408812,153.7,156.26,152.0,152.54,1408812,0.0,1.0
2022-04-04 00:00:00+00:00,158.84,160.06,153.82,154.97,2214080,158.84,160.06,153.82,154.97,2214080,0.0,1.0
2022-04-05 00:00:00+00:00,148.91,159.83,147.66,159.17,1695122,148.91,159.83,147.66,159.17,1695122,0.0,1.0
2022-04-06 00:00:00+00:00,145.64,146.08,141.755,145.34,2308355,145.64,146.08,141.755,145.34,2308355,0.0,1.0
2022-04-07 00:00:00+00:00,141.39,148.2999,138.01,144.59,1404326,141.39,148.2999,138.01,144.59,1404326,0.0,1.0
2022-04-08 00:00:00+00:00,141.28,144.67,138.16,141.38,1434139,141.28,144.67,138.16,141.38,1434139,0.0,1.0
2022-04-11 00:00:00+00:00,139.61,142.5,135.83,138.2,1416589,139.61,142.5,135.83,138.2,1416589,0.0,1.0
2022-04-12 00:00:00+00:00,138.9,146.43,138.51,144.95,1043366,138.9,146.43,138.51,144.95,1043366,0.0,1.0
2022-04-13 00:00:00+00:00,141.34,148.47,136.5,138.12,1092465,141.34,148.47,136.5,138.12,1092465,0.0,1.0
2022-04-14 00:00:00+00:00,136.27,141.92,136.015,141.25,1304386,136.27,141.92,136.015,141.25,1304386,0.0,1.0
2022-04-18 00:00:00+00:00,134.43,136.56,131.53,136.56,961086,134.43,136.56,131.53,136.56,961086,0.0,1.0
2022-04-19 00:00:00+00:00,137.41,138.74,131.97,132.74,906999,137.41,138.74,131.97,132.74,906999,0.0,1.0
2022-04-20 00:00:00+00:00,122.49,131.23,121.57,130.01,5632991,122.49,131.23,121.57,130.01,5632991,0.0,1.0
2022-04-21 00:00:00+00:00,112.62,126.4,110.53,123.34,4384289,112.62,126.4,110.53,123.34,4384289,0.0,1.0
2022-04-22 00:00:00+00:00,110.21,116.7,109.1,112.7,2444998,110.21,116.7,109.1,112.7,2444998,0.0,1.0
2022-04-25 00:00:00+00:00,112.14,113.625,107.21,108.77,3044833,112.14,113.625,107.21,108.77,3044833,0.0,1.0
2022-04-26 00:00:00+00:00,110.41,114.515,105.4,112.34,4753124,110.41,114.515,105.4,112.34,4753124,0.0,1.0
2022-04-27 00:00:00+00:00,96.67,105.64,95.74,97.22,9175092,96.67,105.64,95.74,97.22,9175092,0.0,1.0
2022-04-28 00:00:00+00:00,102.68,104.515,95.2201,96.91,4121341,102.68,104.515,95.2201,96.91,4121341,0.0,1.0
2022-04-29 00:00:00+00:00,101.65,107.03,101.55,102.04,2981730,101.65,107.03,101.55,102.04,2981730,0.0,1.0
2022-05-02 00:00:00+00:00,108.86,109.39,99.9,101.17,2698897,108.86,109.39,99.9,101.17,2698897,0.0,1.0
2022-05-03 00:00:00+00:00,109.49,110.94,106.55,107.26,2004282,109.49,110.94,106.55,107.26,2004282,0.0,1.0
2022-05-04 00:00:00+00:00,112.55,113.36,104.12,108.62,2467105,112.55,113.36,104.12,108.62,2467105,0.0,1.0
2022-05-05 00:00:00+00:00,105.59,110.84,104.34,110.42,2449738,105.59,110.84,104.34,110.42,2449738,0.0,1.0
2022-05-06 00:00:00+00:00,104.68,108.98,101.57,108.33,3018562,104.68,108.98,101.57,108.33,3018562,0.0,1.0
2022-05-09 00:00:00+00:00,94.44,104.19,93.52,101.78,2305515,94.44,104.19,93.52,101.78,2305515,0.0,1.0
2022-05-10 00:00:00+00:00,99.17,100.52,93.68,97.87,3157964,99.17,100.52,93.68,97.87,3157964,0.0,1.0
2022-05-11 00:00:00+00:00,91.94,101.38,91.35,97.71,2894512,91.94,101.38,91.35,97.71,2894512,0.0,1.0
2022-05-12 00:00:00+00:00,97.08,100.75,89.03,90.44,3096018,97.08,100.75,89.03,90.44,3096018,0.0,1.0
2022-05-13 00:00:00+00:00,106.09,106.9514,99.95,99.95,2479790,106.09,106.9514,99.95,99.95,2479790,0.0,1.0
2022-05-16 00:00:00+00:00,101.05,106.86,100.555,104.31,2077393,101.05,106.86,100.555,104.31,2077393,0.0,1.0
2022-05-17 00:00:00+00:00,105.06,106.7,101.0,103.11,2874600,105.06,106.7,101.0,103.11,2874600,0.0,1.0
2022-05-18 00:00:00+00:00,104.4,107.64,102.85,103.44,1803068,104.4,107.64,102.85,103.44,1803068,0.0,1.0
2022-05-19 00:00:00+00:00,105.77,108.5199,103.0101,104.0,1908377,105.77,108.5199,103.0101,104.0,1908377,0.0,1.0
2022-05-20 00:00:00+00:00,107.27,108.4,102.96,107.25,1856315,107.27,108.4,102.96,107.25,1856315,0.0,1.0
2022-05-23 00:00:00+00:00,109.07,109.28,103.11,106.27,2430128,109.07,109.28,103.11,106.27,2430128,0.0,1.0
2022-05-24 00:00:00+00:00,103.5,106.39,102.19,105.5,3996575,103.5,106.39,102.19,105.5,3996575,0.0,1.0
2022-05-25 00:00:00+00:00,108.79,109.82,102.84,103.38,2400453,108.79,109.82,102.84,103.38,2400453,0.0,1.0
2022-05-26 00:00:00+00:00,108.62,110.91,107.24,107.99,2272719,108.62,110.91,107.24,107.99,2272719,0.0,1.0
2022-05-27 00:00:00+00:00,112.97,113.38,109.01,109.7,2716319,112.97,113.38,109.01,109.7,2716319,0.0,1.0
2022-05-31 00:00:00+00:00,112.77,115.6,110.38,115.22,1770612,112.77,115.6,110.38,115.22,1770612,0.0,1.0
2022-06-01 00:00:00+00:00,110.0,116.1295,109.81,114.02,1499102,110.0,116.1295,109.81,114.02,1499102,0.0,1.0
2022-06-02 00:00:00+00:00,116.5,117.25,109.41,110.04,1284409,116.5,117.25,109.41,110.04,1284409,0.0,1.0
2022-06-03 00:00:00+00:00,112.23,115.7101,111.35,114.2,1086953,112.23,115.7101,111.35,114.2,1086953,0.0,1.0
2022-06-06 00:00:00+00:00,111.04,117.44,110.31,116.99,2424992,111.04,117.44,110.31,116.99,2424992,0.0,1.0
2022-06-07 00:00:00+00:00,109.43,110.23,107.31,110.0,2408335,109.43,110.23,107.31,110.0,2408335,0.0,1.0
2022-06-08 00:00:00+00:00,116.03,119.0,110.0,110.12,4138361,116.03,119.0,110.0,110.12,4138361,0.0,1.0
2022-06-09 00:00:00+00:00,111.93,118.08,111.77,116.09,2772195,111.93,118.08,111.77,116.09,2772195,0.0,1.0
2022-06-10 00:00:00+00:00,102.23,111.3373,102.06,108.85,2498542,102.23,111.3373,102.06,108.85,2498542,0.0,1.0
2022-06-13 00:00:00+00:00,98.61,100.66,96.075,98.62,2492960,98.61,100.66,96.075,98.62,2492960,0.0,1.0
2022-06-14 00:00:00+00:00,98.05,103.0,97.21,102.54,2466828,98.05,103.0,97.21,102.54,2466828,0.0,1.0
2022-06-15 00:00:00+00:00,105.35,106.9,101.0,103.69,2885446,105.35,106.9,101.0,103.69,2885446,0.0,1.0
2022-06-16 00:00:00+00:00,97.85,102.95,96.69,102.35,2165617,97.85,102.95,96.69,102.35,2165617,0.0,1.0
2022-06-17 00:00:00+00:00,99.27,101.4899,96.81,98.96,1776312,99.27,101.4899,96.81,98.96,1776312,0.0,1.0
2022-06-21 00:00:00+00:00,101.4,104.84,101.01,101.01,1568215,101.4,104.84,101.01,101.01,1568215,0.0,1.0
2022-06-22 00:00:00+00:00,99.33,102.46,98.73,99.72,1484176,99.33,102.46,98.73,99.72,1484176,0.0,1.0
2022-06-23 00:00:00+00:00,102.19,102.9,96.84,100.19,2197516,102.19,102.9,96.84,100.19,2197516,0.0,1.0
2022-06-24 00:00:00+00:00,107.0,107.09,102.58,103.73,2563311,107.0,107.09,102.58,103.73,2563311,0.0,1.0
2022-06-27 00:00:00+00:00,106.27,109.09,103.895,108.66,1639076,106.27,109.09,103.895,108.66,1639076,0.0,1.0
2022-06-28 00:00:00+00:00,99.0,106.35,98.6101,106.35,2539720,99.0,106.35,98.6101,106.35,2539720,0.0,1.0
2022-06-29 00:00:00+00:00,97.96,98.09,93.71,97.64,3052779,97.96,98.09,93.71,97.64,3052779,0.0,1.0
2022-06-30 00:00:00+00:00,93.83,97.07,92.055,96.95,2399432,93.83,97.07,92.055,96.95,2399432,0.0,1.0
2022-07-01 00:00:00+00:00,97.52,97.63,93.66,94.68,1987510,97.52,97.63,93.66,94.68,1987510,0.0,1.0
2022-07-05 00:00:00+00:00,104.83,104.88,94.56,95.81,2556368,104.83,104.88,94.56,95.81,2556368,0.0,1.0
2022-07-06 00:00:00+00:00,102.87,105.35,101.73,104.03,1592037,102.87,105.35,101.73,104.03,1592037,0.0,1.0
2022-07-07 00:00:00+00:00,105.83,106.1,102.28,102.61,1544331,105.83,106.1,102.28,102.61,1544331,0.0,1.0
2022-07-08 00:00:00+00:00,104.24,106.16,101.74,103.6,1433657,104.24,106.16,101.74,103.6,1433657,0.0,1.0
2022-07-11 00:00:00+00:00,99.15,103.1594,98.7201,102.24,1744912,99.15,103.1594,98.7201,102.24,1744912,0.0,1.0
2022-07-12 00:00:00+00:00,99.58,102.17,98.02,100.01,1137643,99.58,102.17,98.02,100.01,1137643,0.0,1.0
2022-07-13 00:00:00+00:00,99.21,100.34,94.75,95.96,1443460,99.21,100.34,94.75,95.96,1443460,0.0,1.0
2022-07-14 00:00:00+00:00,96.32,98.5,95.93,98.06,1335772,96.32,98.5,95.93,98.06,1335772,0.0,1.0
2022-07-15 00:00:00+00:00,102.33,102.6,96.58,97.81,1608330,102.33,102.6,96.58,97.81,1608330,0.0,1.0
2022-07-18 00:00:00+00:00,103.57,108.0,102.59,104.45,1576200,103.57,108.0,102.59,104.45,1576200,0.0,1.0
2022-07-19 00:00:00+00:00,108.68,108.965,102.59,105.95,1964468,108.68,108.965,102.59,105.95,1964468,0.0,1.0
2022-07-20 00:00:00+00:00,113.25,114.045,109.315,110.0,2075808,113.25,114.045,109.315,110.0,2075808,0.0,1.0
2022-07-21 00:00:00+00:00,115.62,115.8,111.7,112.66,2381357,115.62,115.8,111.7,112.66,2381357,0.0,1.0
2022-07-22 00:00:00+00:00,111.65,116.36,110.2,113.19,2046275,111.65,116.36,110.2,113.19,2046275,0.0,1.0
2022-07-25 00:00:00+00:00,110.42,112.18,108.53,110.6,1595692,110.42,112.18,108.53,110.6,1595692,0.0,1.0
2022-07-26 00:00:00+00:00,103.97,107.3499,103.395,105.94,2752557,103.97,107.3499,103.395,105.94,2752557,0.0,1.0
2022-07-27 00:00:00+00:00,116.61,121.64,114.2351,118.04,7373255,116.61,121.64,114.2351,118.04,7373255,0.0,1.0
2022-07-28 00:00:00+00:00,114.59,117.2465,110.76,115.53,2637397,114.59,117.2465,110.76,115.53,2637397,0.0,1.0
2022-07-29 00:00:00+00:00,113.02,115.3499,110.36,112.9,1708138,113.02,115.3499,110.36,112.9,1708138,0.0,1.0
2022-08-01 00:00:00+00:00,115.35,115.835,110.2,111.44,1683985,115.35,115.835,110.2,111.44,1683985,0.0,1.0
2022-08-02 00:00:00+00:00,116.0,117.1797,113.42,113.79,1116301,116.0,117.1797,113.42,113.79,1116301,0.0,1.0
2022-08-03 00:00:00+00:00,120.46,120.56,116.57,117.6,1698544,120.46,120.56,116.57,117.6,1698544,0.0,1.0
2022-08-04 00:00:00+00:00,122.4,124.6299,120.1,120.58,1459387,122.4,124.6299,120.1,120.58,1459387,0.0,1.0
2022-08-05 00:00:00+00:00,118.73,120.56,116.8294,118.46,1304139,118.73,120.56,116.8294,118.46,1304139,0.0,1.0
2022-08-08 00:00:00+00:00,119.7,123.415,118.73,119.86,998019,119.7,123.415,118.73,119.86,998019,0.0,1.0
2022-08-09 00:00:00+00:00,115.56,118.755,113.64,118.23,1090952,115.56,118.755,113.64,118.23,1090952,0.0,1.0
2022-08-10 00:00:00+00:00,120.09,120.9,116.66,119.55,1370217,120.09,120.9,116.66,119.55,1370217,0.0,1.0
2022-08-11 00:00:00+00:00,122.73,126.27,120.94,122.6,1985606,122.73,126.27,120.94,122.6,1985606,0.0,1.0
2022-08-12 00:00:00+00:00,123.63,124.68,121.85,124.17,910242,123.63,124.68,121.85,124.17,910242,0.0,1.0
2022-08-15 00:00:00+00:00,122.6,124.67,121.45,122.83,1021651,122.6,124.67,121.45,122.83,1021651,0.0,1.0
2022-08-16 00:00:00+00:00,120.1,121.7401,117.86,121.48,872731,120.1,121.7401,117.86,121.48,872731,0.0,1.0
2022-08-17 00:00:00+00:00,114.15,118.28,113.78,117.97,1411550,114.15,118.28,113.78,117.97,1411550,0.0,1.0
2022-08-18 00:00:00+00:00,114.39,115.44,112.01,113.63,1102399,114.39,115.44,112.01,113.63,1102399,0.0,1.0
2022-08-19 00:00:00+00:00,111.43,113.44,110.07,113.0,963375,111.43,113.44,110.07,113.0,963375,0.0,1.0
2022-08-22 00:00:00+00:00,109.6,110.91,107.66,108.68,1213752,109.6,110.91,107.66,108.68,1213752,0.0,1.0
2022-08-23 00:00:00+00:00,108.03,110.92,107.42,109.63,895886,108.03,110.92,107.42,109.63,895886,0.0,1.0
2022-08-24 00:00:00+00:00,110.05,112.105,108.05,108.09,701995,110.05,112.105,108.05,108.09,701995,0.0,1.0
2022-08-25 00:00:00+00:00,113.53,113.6,110.67,111.64,860506,113.53,113.6,110.67,111.64,860506,0.0,1.0
2022-08-26 00:00:00+00:00,109.31,114.19,109.03,113.91,908633,109.31,114.19,109.03,113.91,908633,0.0,1.0
2022-08-29 00:00:00+00:00,108.56,110.7,106.87,107.45,963988,108.56,110.7,106.87,107.45,963988,0.0,1.0
2022-08-30 00:00:00+00:00,107.23,111.51,105.77,110.32,951661,107.23,111.51,105.77,110.32,951661,0.0,1.0
2022-08-31 00:00:00+00:00,108.15,110.08,107.35,109.5,1050490,108.15,110.08,107.35,109.5,1050490,0.0,1.0
2022-09-01 00:00:00+00:00,106.52,107.09,102.18,106.06,1570662,106.52,107.09,102.18,106.06,1570662,0.0,1.0
2022-09-02 00:00:00+00:00,104.42,108.29,103.36,107.55,1405435,104.42,108.29,103.36,107.55,1405435,0.0,1.0
2022-09-06 00:00:00+00:00,102.59,104.37,100.62,104.06,961128,102.59,104.37,100.62,104.06,961128,0.0,1.0
2022-09-07 00:00:00+00:00,105.86,106.28,102.35,102.35,652327,105.86,106.28,102.35,102.35,652327,0.0,1.0
2022-09-08 00:00:00+00:00,105.18,106.55,103.72,104.36,857910,105.18,106.55,103.72,104.36,857910,0.0,1.0
2022-09-09 00:00:00+00:00,110.28,110.58,106.11,106.31,1617703,110.28,110.58,106.11,106.31,1617703,0.0,1.0
2022-09-12 00:00:00+00:00,111.34,113.18,109.84,111.54,1407939,111.34,113.18,109.84,111.54,1407939,0.0,1.0
2022-09-13 00:00:00+00:00,101.96,106.46,101.67,106.0,1728997,101.96,106.46,101.67,106.0,1728997,0.0,1.0
2022-09-14 00:00:00+00:00,102.45,102.87,98.6,101.74,1210352,102.45,102.87,98.6,101.74,1210352,0.0,1.0
2022-09-15 00:00:00+00:00,103.96,105.46,100.33,100.48,1336610,103.96,105.46,100.33,100.48,1336610,0.0,1.0
2022-09-16 00:00:00+00:00,100.34,102.26,99.7,102.26,1348243,100.34,102.26,99.7,102.26,1348243,0.0,1.0
2022-09-19 00:00:00+00:00,99.7,100.4455,98.03,99.78,1714790,99.7,100.4455,98.03,99.78,1714790,0.0,1.0
2022-09-20 00:00:00+00:00,97.26,99.25,96.945,98.02,1323399,97.26,99.25,96.945,98.02,1323399,0.0,1.0
2022-09-21 00:00:00+00:00,95.39,99.4274,95.12,96.96,873541,95.39,99.4274,95.12,96.96,873541,0.0,1.0
2022-09-22 00:00:00+00:00,92.45,95.59,92.44,94.9,1002996,92.45,95.59,92.44,94.9,1002996,0.0,1.0
2022-09-23 00:00:00+00:00,89.34,92.37,88.69,90.51,1782094,89.34,92.37,88.69,90.51,1782094,0.0,1.0
2022-09-26 00:00:00+00:00,89.14,91.6899,88.895,89.0,1578429,89.14,91.6899,88.895,89.0,1578429,0.0,1.0
2022-09-27 00:00:00+00:00,89.5,92.695,88.455,91.01,1268388,89.5,92.695,88.455,91.01,1268388,0.0,1.0
2022-09-28 00:00:00+00:00,92.88,93.29,89.395,90.05,1016926,92.88,93.29,89.395,90.05,1016926,0.0,1.0
2022-09-29 00:00:00+00:00,86.84,91.21,85.9191,90.95,1525105,86.84,91.21,85.9191,90.95,1525105,0.0,1.0
2022-09-30 00:00:00+00:00,86.3,89.42,86.0,86.49,1859038,86.3,89.42,86.0,86.49,1859038,0.0,1.0
2022-10-03 00:00:00+00:00,89.0,89.45,86.28,87.5,3551172,89.0,89.45,86.28,87.5,3551172,0.0,1.0
2022-10-04 00:00:00+00:00,94.63,95.46,91.325,91.93,2057097,94.63,95.46,91.325,91.93,2057097,0.0,1.0
2022-10-05 00:00:00+00:00,91.4,93.68,89.11,92.28,1681851,91.4,93.68,89.11,92.28,1681851,0.0,1.0
2022-10-06 00:00:00+00:00,92.25,93.285,90.37,91.93,1425152,92.25,93.285,90.37,91.93,1425152,0.0,1.0
2022-10-07 00:00:00+00:00,88.01,90.29,87.38,90.06,1276464,88.01,90.29,87.38,90.06,1276464,0.0,1.0
2022-10-10 00:00:00+00:00,85.97,88.49,85.92,88.01,1305244,85.97,88.49,85.92,88.01,1305244,0.0,1.0
2022-10-11 00:00:00+00:00,82.13,85.78,80.51,85.0,1973691,82.13,85.78,80.51,85.0,1973691,0.0,1.0
2022-10-12 00:00:00+00:00,83.18,84.825,80.0,82.15,4097041,83.18,84.825,80.0,82.15,4097041,0.0,1.0
2022-10-13 00:00:00+00:00,82.65,84.43,78.5,79.86,2378241,82.65,84.43,78.5,79.86,2378241,0.0,1.0
2022-10-14 00:00:00+00:00,81.79,85.88,81.72,84.36,1644632,81.79,85.88,81.72,84.36,1644632,0.0,1.0
2022-10-17 00:00:00+00:00,86.72,87.35,84.19,84.5,1189281,86.72,87.35,84.19,84.5,1189281,0.0,1.0
2022-10-18 00:00:00+00:00,88.04,90.26,86.5187,89.41,1810893,88.04,90.26,86.5187,89.41,1810893,0.0,1.0
2022-10-19 00:00:00+00:00,88.75,90.6108,87.58,89.36,1308061,88.75,90.6108,87.58,89.36,1308061,0.0,1.0
2022-10-20 00:00:00+00:00,87.74,90.43,86.62,87.25,1314250,87.74,90.43,86.62,87.25,1314250,0.0,1.0
2022-10-21 00:00:00+00:00,88.7,89.2699,84.52,85.55,1737778,88.7,89.2699,84.52,85.55,1737778,0.0,1.0
2022-10-24 00:00:00+00:00,94.66,97.07,84.08,88.96,6219435,94.66,97.07,84.08,88.96,6219435,0.0,1.0
2022-10-25 00:00:00+00:00,97.05,98.64,95.08,95.57,3226157,97.05,98.64,95.08,95.57,3226157,0.0,1.0
2022-10-26 00:00:00+00:00,84.42,91.98,84.0,91.53,8016928,84.42,91.98,84.0,91.53,8016928,0.0,1.0
2022-10-27 00:00:00+00:00,81.74,84.52,80.02,84.23,3597243,81.74,84.52,80.02,84.23,3597243,0.0,1.0
2022-10-28 00:00:00+00:00,83.36,83.36,80.53,81.42,2460712,83.36,83.36,80.53,81.42,2460712,0.0,1.0
2022-10-31 00:00:00+00:00,80.58,83.66,80.3201,83.0,1994672,80.58,83.66,80.3201,83.0,1994672,0.0,1.0
2022-11-01 00:00:00+00:00,80.17,84.63,80.13,81.6,2690246,80.17,84.63,80.13,81.6,2690246,0.0,1.0
2022-11-02 00:00:00+00:00,75.0,79.86,74.85,79.8,3245404,75.0,79.86,74.85,79.8,3245404,0.0,1.0
2022-11-03 00:00:00+00:00,71.72,74.2499,71.45,73.67,3530774,71.72,74.2499,71.45,73.67,3530774,0.0,1.0
2022-11-04 00:00:00+00:00,71.05,73.49,69.285,73.23,2055042,71.05,73.49,69.285,73.23,2055042,0.0,1.0
2022-11-07 00:00:00+00:00,73.44,73.63,71.285,72.65,1520863,73.44,73.63,71.285,72.65,1520863,0.0,1.0
2022-11-08 00:00:00+00:00,73.27,74.745,71.29,73.2,1321620,73.27,74.745,71.29,73.2,1321620,0.0,1.0
2022-11-09 00:00:00+00:00,71.4,72.33,70.01,71.93,1680932,71.4,72.33,70.01,71.93,1680932,0.0,1.0
2022-11-10 00:00:00+00:00,78.44,78.6,75.65,75.93,2078813,78.44,78.6,75.65,75.93,2078813,0.0,1.0
2022-11-11 00:00:00+00:00,83.71,83.78,78.11,79.6,1987087,83.71,83.78,78.11,79.6,1987087,0.0,1.0
2022-11-14 00:00:00+00:00,82.5,83.81,81.46,82.21,1338631,82.5,83.81,81.46,82.21,1338631,0.0,1.0
2022-11-15 00:00:00+00:00,85.11,86.8414,83.71,85.99,1326154,85.11,86.8414,83.71,85.99,1326154,0.0,1.0
2022-11-16 00:00:00+00:00,82.5,84.21,82.26,83.54,953361,82.5,84.21,82.26,83.54,953361,0.0,1.0
2022-11-17 00:00:00+00:00,79.45,80.1,77.67,80.0,1941441,79.45,80.1,77.67,80.0,1941441,0.0,1.0
2022-11-18 00:00:00+00:00,76.99,80.87,76.02,80.87,1601585,76.99,80.87,76.02,80.87,1601585,0.0,1.0
2022-11-21 00:00:00+00:00,74.12,75.89,73.75,75.89,1392719,74.12,75.89,73.75,75.89,1392719,0.0,1.0
2022-11-22 00:00:00+00:00,75.25,75.35,70.18,72.97,1614297,75.25,75.35,70.18,72.97,1614297,0.0,1.0
2022-11-23 00:00:00+00:00,78.26,78.6,74.78,75.5,905648,78.26,78.6,74.78,75.5,905648,0.0,1.0
2022-11-25 00:00:00+00:00,78.73,79.285,77.1854,77.85,602181,78.73,79.285,77.1854,77.85,602181,0.0,1.0
2022-11-28 00:00:00+00:00,76.73,79.375,76.44,77.75,1136995,76.73,79.375,76.44,77.75,1136995,0.0,1.0
2022-11-29 00:00:00+00:00,75.1,77.6689,74.895,77.0,1007113,75.1,77.6689,74.895,77.0,1007113,0.0,1.0
2022-11-30 00:00:00+00:00,79.42,79.72,74.51,75.39,1514815,79.42,79.72,74.51,75.39,1514815,0.0,1.0
2022-12-01 00:00:00+00:00,79.45,82.35,78.95,80.25,1021692,79.45,82.35,78.95,80.25,1021692,0.0,1.0
2022-12-02 00:00:00+00:00,80.31,80.42,76.695,77.86,1154054,80.31,80.42,76.695,77.86,1154054,0.0,1.0
2022-12-05 00:00:00+00:00,78.31,81.645,77.93,79.5,1171979,78.31,81.645,77.93,79.5,1171979,0.0,1.0
2022-12-06 00:00:00+00:00,75.16,78.48,74.55,78.31,1647156,75.16,78.48,74.55,78.31,1647156,0.0,1.0
2022-12-07 00:00:00+00:00,75.72,75.97,73.6,74.52,1279715,75.72,75.97,73.6,74.52,1279715,0.0,1.0
2022-12-08 00:00:00+00:00,77.8,78.17,74.66,76.0,1314780,77.8,78.17,74.66,76.0,1314780,0.0,1.0
2022-12-09 00:00:00+00:00,78.17,80.0,77.635,78.16,1529561,78.17,80.0,77.635,78.16,1529561,0.0,1.0
2022-12-12 00:00:00+00:00,79.73,79.82,77.06,77.91,1413885,79.73,79.82,77.06,77.91,1413885,0.0,1.0
2022-12-13 00:00:00+00:00,80.96,87.48,80.05,83.95,3864976,80.96,87.48,80.05,83.95,3864976,0.0,1.0
2022-12-14 00:00:00+00:00,79.32,81.32,78.21,80.24,1186692,79.32,81.32,78.21,80.24,1186692,0.0,1.0
2022-12-15 00:00:00+00:00,72.36,78.27,72.32,77.31,3263979,72.36,78.27,72.32,77.31,3263979,0.0,1.0
2022-12-16 00:00:00+00:00,74.74,75.26,71.72,72.12,3499942,74.74,75.26,71.72,72.12,3499942,0.0,1.0
2022-12-19 00:00:00+00:00,73.26,74.8,72.84,74.54,1292796,73.26,74.8,72.84,74.54,1292796,0.0,1.0
2022-12-20 00:00:00+00:00,76.51,77.35,72.2,72.2,2010342,76.51,77.35,72.2,72.2,2010342,0.0,1.0
2022-12-21 00:00:00+00:00,77.49,79.395,76.5,76.93,1509179,77.49,79.395,76.5,76.93,1509179,0.0,1.0
2022-12-22 00:00:00+00:00,77.96,78.06,75.74,75.92,1646041,77.96,78.06,75.74,75.92,1646041,0.0,1.0
2022-12-23 00:00:00+00:00,77.7,78.18,76.19,77.6,943999,77.7,78.18,76.19,77.6,943999,0.0,1.0
2022-12-27 00:00:00+00:00,76.52,76.92,73.93,76.65,1178634,76.52,76.92,73.93,76.65,1178634,0.0,1.0
2022-12-28 00:00:00+00:00,76.61,78.24,76.07,76.09,1616280,76.61,78.24,76.07,76.09,1616280,0.0,1.0
2022-12-29 00:00:00+00:00,79.01,79.44,77.6933,78.0,979175,79.01,79.44,77.6933,78.0,979175,0.0,1.0
2022-12-30 00:00:00+00:00,78.95,79.05,76.53,76.77,1255839,78.95,79.05,76.53,76.77,1255839,0.0,1.0
2023-01-03 00:00:00+00:00,81.9,81.99,79.24,81.88,1286955,81.9,81.99,79.24,81.88,1286955,0.0,1.0
2023-01-04 00:00:00+00:00,81.33,83.37,80.87,83.0,1842924,81.33,83.37,80.87,83.0,1842924,0.0,1.0
2023-01-05 00:00:00+00:00,81.58,82.61,79.14,80.61,1557126,81.58,82.61,79.14,80.61,1557126,0.0,1.0
2023-01-06 00:00:00+00:00,83.54,84.25,79.85,82.65,1185283,83.54,84.25,79.85,82.65,1185283,0.0,1.0
2023-01-09 00:00:00+00:00,85.04,86.32,83.7722,84.45,1376855,85.04,86.32,83.7722,84.45,1376855,0.0,1.0
2023-01-10 00:00:00+00:00,90.79,91.0,84.69,84.86,2044774,90.79,91.0,84.69,84.86,2044774,0.0,1.0
2023-01-11 00:00:00+00:00,91.75,93.28,90.08,91.32,1631182,91.75,93.28,90.08,91.32,1631182,0.0,1.0
2023-01-12 00:00:00+00:00,91.2,91.67,88.41,89.14,1774620,91.2,91.67,88.41,89.14,1774620,0.0,1.0
2023-01-13 00:00:00+00:00,92.06,92.08,90.356,90.68,2135224,92.06,92.08,90.356,90.68,2135224,0.0,1.0
2023-01-17 00:00:00+00:00,91.75,92.73,90.59,92.08,1752142,91.75,92.73,90.59,92.08,1752142,0.0,1.0
2023-01-18 00:00:00+00:00,92.73,93.56,90.94,92.73,2235423,92.73,93.56,90.94,92.73,2235423,0.0,1.0
2023-01-19 00:00:00+00:00,93.58,94.52,91.145,91.37,2280827,93.58,94.52,91.145,91.37,2280827,0.0,1.0
2023-01-20 00:00:00+00:00,97.91,98.28,95.61,96.1,2761302,97.91,98.28,95.61,96.1,2761302,0.0,1.0
2023-01-23 00:00:00+00:00,99.94,104.0,99.38,102.39,4690795,99.94,104.0,99.38,102.39,4690795,0.0,1.0
2023-01-24 00:00:00+00:00,99.29,100.51,97.95,99.0,1482218,99.29,100.51,97.95,99.0,1482218,0.0,1.0
2023-01-25 00:00:00+00:00,100.03,100.06,94.35,97.18,2180443,100.03,100.06,94.35,97.18,2180443,0.0,1.0
2023-01-26 00:00:00+00:00,101.3,102.17,99.69,101.29,1505320,101.3,102.17,99.69,101.29,1505320,0.0,1.0
2023-01-27 00:00:00+00:00,102.24,103.31,100.32,100.52,1753825,102.24,103.31,100.32,100.52,1753825,0.0,1.0
2023-01-30 00:00:00+00:00,100.0,102.43,99.8,101.07,2322834,100.0,102.43,99.8,101.07,2322834,0.0,1.0
2023-01-31 00:00:00+00:00,112.72,113.3,106.31,109.37,9596967,112.72,113.3,106.31,109.37,9596967,0.0,1.0
2023-02-01 00:00:00+00:00,118.14,119.6,111.63,113.37,4556548,118.14,119.6,111.63,113.37,4556548,0.0,1.0
2023-02-02 00:00:00+00:00,122.57,123.98,118.85,120.78,5198385,122.57,123.98,118.85,120.78,5198385,0.0,1.0
2023-02-03 00:00:00+00:00,121.17,123.82,118.0008,118.08,2553256,121.17,123.82,118.0008,118.08,2553256,0.0,1.0
2023-02-06 00:00:00+00:00,122.92,125.63,121.3701,123.5,3348279,122.92,125.63,121.3701,123.5,3348279,0.0,1.0
2023-02-07 00:00:00+00:00,125.38,126.04,121.36,121.77,2884809,125.38,126.04,121.36,121.77,2884809,0.0,1.0
2023-02-08 00:00:00+00:00,123.68,125.27,122.86,124.4,1494764,123.68,125.27,122.86,124.4,1494764,0.0,1.0
2023-02-09 00:00:00+00:00,120.83,126.66,120.12,125.8,1433615,120.83,126.66,120.12,125.8,1433615,0.0,1.0
2023-02-10 00:00:00+00:00,125.16,127.79,124.12,125.0,3801159,125.16,127.79,124.12,125.0,3801159,0.0,1.0
2023-02-13 00:00:00+00:00,122.32,126.44,122.3,125.87,1958480,122.32,126.44,122.3,125.87,1958480,0.0,1.0
2023-02-14 00:00:00+00:00,126.1,126.26,120.32,121.52,1435092,126.1,126.26,120.32,121.52,1435092,0.0,1.0
2023-02-15 00:00:00+00:00,128.27,128.68,124.89,125.37,1721719,128.27,128.68,124.89,125.37,1721719,0.0,1.0
2023-02-16 00:00:00+00:00,125.57,128.98,125.47,125.74,1639576,125.57,128.98,125.47,125.74,1639576,0.0,1.0
2023-02-17 00:00:00+00:00,125.33,125.57,122.49,123.93,1438784,125.33,125.57,122.49,123.93,1438784,0.0,1.0
2023-02-21 00:00:00+00:00,120.35,123.78,119.26,121.11,1731536,120.35,123.78,119.26,121.11,1731536,0.0,1.0
2023-02-22 00:00:00+00:00,120.07,120.9199,118.19,120.25,1919322,120.07,120.9199,118.19,120.25,1919322,0.0,1.0
2023-02-23 00:00:00+00:00,118.86,121.7,116.5,121.05,1356733,118.86,121.7,116.5,121.05,1356733,0.0,1.0
2023-02-24 00:00:00+00:00,117.14,117.41,114.9,116.44,1612323,117.14,117.41,114.9,116.44,1612323,0.0,1.0
2023-02-27 00:00:00+00:00,116.84,118.5,115.48,117.76,1593663,116.84,118.5,115.48,117.76,1593663,0.0,1.0
2023-02-28 00:00:00+00:00,116.3,119.39,116.2181,116.48,1198707,116.3,119.39,116.2181,116.48,1198707,0.0,1.0
2023-03-01 00:00:00+00:00,117.2,118.225,115.91,117.92,1314629,117.2,118.225,115.91,117.92,1314629,0.0,1.0
2023-03-02 00:00:00+00:00,118.48,119.01,114.6401,115.06,870041,118.48,119.01,114.6401,115.06,870041,0.0,1.0
2023-03-03 00:00:00+00:00,123.74,123.9,119.54,119.6,1779526,123.74,123.9,119.54,119.6,1779526,0.0,1.0
2023-03-06 00:00:00+00:00,126.38,128.3199,124.04,124.04,2092609,126.38,128.3199,124.04,124.04,2092609,0.0,1.0
2023-03-07 00:00:00+00:00,126.33,129.6,125.07,127.11,2110459,126.33,129.6,125.07,127.11,2110459,0.0,1.0
2023-03-08 00:00:00+00:00,126.99,127.64,124.745,126.0,1272943,126.99,127.64,124.745,126.0,1272943,0.0,1.0
2023-03-09 00:00:00+00:00,123.93,131.3259,123.6,127.0,2346043,123.93,131.3259,123.6,127.0,2346043,0.0,1.0
2023-03-10 00:00:00+00:00,121.66,123.7,119.81,123.68,1571122,121.66,123.7,119.81,123.68,1571122,0.0,1.0
2023-03-13 00:00:00+00:00,123.39,125.05,118.5454,120.2,1569476,123.39,125.05,118.5454,120.2,1569476,0.0,1.0
2023-03-14 00:00:00+00:00,125.54,127.58,124.44,125.12,1638828,125.54,127.58,124.44,125.12,1638828,0.0,1.0
2023-03-15 00:00:00+00:00,125.65,125.88,121.47,123.41,1653622,125.65,125.88,121.47,123.41,1653622,0.0,1.0
2023-03-16 00:00:00+00:00,129.21,130.08,124.235,125.66,1407792,129.21,130.08,124.235,125.66,1407792,0.0,1.0
2023-03-17 00:00:00+00:00,127.09,129.69,126.235,128.75,1665426,127.09,129.69,126.235,128.75,1665426,0.0,1.0
2023-03-20 00:00:00+00:00,126.41,127.45,124.57,125.34,1525919,126.41,127.45,124.57,125.34,1525919,0.0,1.0
2023-03-21 00:00:00+00:00,128.81,129.62,126.715,127.5,1475092,128.81,129.62,126.715,127.5,1475092,0.0,1.0
2023-03-22 00:00:00+00:00,128.2,133.31,127.902,132.28,1793769,128.2,133.31,127.902,132.28,1793769,0.0,1.0
2023-03-23 00:00:00+00:00,131.05,133.505,128.78,129.0,1146332,131.05,133.505,128.78,129.0,1146332,0.0,1.0
2023-03-24 00:00:00+00:00,128.3,130.56,127.13,130.19,1452059,128.3,130.56,127.13,130.19,1452059,0.0,1.0
2023-03-27 00:00:00+00:00,129.48,131.77,128.38,128.75,1670372,129.48,131.77,128.38,128.75,1670372,0.0,1.0
2023-03-28 00:00:00+00:00,128.12,128.945,126.83,128.63,1148792,128.12,128.945,126.83,128.63,1148792,0.0,1.0
2023-03-29 00:00:00+00:00,129.87,130.25,128.57,129.59,803812,129.87,130.25,128.57,129.59,803812,0.0,1.0
2023-03-30 00:00:00+00:00,130.83,131.62,129.86,130.9,842381,130.83,131.62,129.86,130.9,842381,0.0,1.0
2023-03-31 00:00:00+00:00,133.62,134.36,130.5201,130.97,1572510,133.62,134.36,130.5201,130.97,1572510,0.0,1.0
2023-04-03 00:00:00+00:00,136.44,136.725,131.77,132.37,1265908,136.44,136.725,131.77,132.37,1265908,0.0,1.0
2023-04-04 00:00:00+00:00,134.88,136.66,133.68,135.99,1000236,134.88,136.66,133.68,135.99,1000236,0.0,1.0
2023-04-05 00:00:00+00:00,131.25,134.23,130.3,133.99,1046820,131.25,134.23,130.3,133.99,1046820,0.0,1.0
2023-04-06 00:00:00+00:00,132.48,133.29,129.07,130.08,778906,132.48,133.29,129.07,130.08,778906,0.0,1.0
2023-04-10 00:00:00+00:00,132.25,132.74,129.05,130.09,782440,132.25,132.74,129.05,130.09,782440,0.0,1.0
2023-04-11 00:00:00+00:00,131.28,134.89,130.86,133.36,912136,131.28,134.89,130.86,133.36,912136,0.0,1.0
2023-04-12 00:00:00+00:00,130.92,134.285,130.44,133.09,1117010,130.92,134.285,130.44,133.09,1117010,0.0,1.0
2023-04-13 00:00:00+00:00,134.96,135.13,132.2101,132.4,1120675,134.96,135.13,132.2101,132.4,1120675,0.0,1.0
2023-04-14 00:00:00+00:00,134.74,135.82,132.77,134.03,978833,134.74,135.82,132.77,134.03,978833,0.0,1.0
2023-04-17 00:00:00+00:00,133.78,134.375,131.46,134.07,1057672,133.78,134.375,131.46,134.07,1057672,0.0,1.0
2023-04-18 00:00:00+00:00,134.57,136.2875,133.565,136.16,1052237,134.57,136.2875,133.565,136.16,1052237,0.0,1.0
2023-04-19 00:00:00+00:00,133.56,135.38,131.73,132.61,1015187,133.56,135.38,131.73,132.61,1015187,0.0,1.0
2023-04-20 00:00:00+00:00,133.33,134.77,132.24,132.24,778402,133.33,134.77,132.24,132.24,778402,0.0,1.0
2023-04-21 00:00:00+00:00,133.76,134.12,131.56,134.12,1362079,133.76,134.12,131.56,134.12,1362079,0.0,1.0
2023-04-24 00:00:00+00:00,131.45,134.219,130.205,133.1,2946809,131.45,134.219,130.205,133.1,2946809,0.0,1.0
2023-04-25 00:00:00+00:00,138.2,145.8797,136.71,140.5,8215926,138.2,145.8797,136.71,140.5,8215926,0.0,1.0
2023-04-26 00:00:00+00:00,133.12,140.09,133.03,138.53,2434925,133.12,140.09,133.03,138.53,2434925,0.0,1.0
2023-04-27 00:00:00+00:00,132.17,134.075,130.9001,133.96,1991547,132.17,134.075,130.9001,133.96,1991547,0.0,1.0
2023-04-28 00:00:00+00:00,133.6,133.6,128.67,131.04,1643997,133.6,133.6,128.67,131.04,1643997,0.0,1.0
2023-05-01 00:00:00+00:00,138.43,138.5,133.88,134.0,1530793,138.43,138.5,133.88,134.0,1530793,0.0,1.0
2023-05-02 00:00:00+00:00,136.39,138.16,135.04,138.02,1390027,136.39,138.16,135.04,138.02,1390027,0.0,1.0
2023-05-03 00:00:00+00:00,138.06,140.99,135.91,135.91,1670083,138.06,140.99,135.91,135.91,1670083,0.0,1.0
2023-05-04 00:00:00+00:00,140.48,140.9499,136.59,137.48,1607934,140.48,140.9499,136.59,137.48,1607934,0.0,1.0
2023-05-05 00:00:00+00:00,141.75,142.39,139.2904,141.32,1234203,141.75,142.39,139.2904,141.32,1234203,0.0,1.0
2023-05-08 00:00:00+00:00,144.53,146.0,141.96,141.96,1851170,144.53,146.0,141.96,141.96,1851170,0.0,1.0
2023-05-09 00:00:00+00:00,143.7,144.84,142.92,143.58,1374035,143.7,144.84,142.92,143.58,1374035,0.0,1.0
2023-05-10 00:00:00+00:00,147.74,147.99,143.57,145.0,1715127,147.74,147.99,143.57,145.0,1715127,0.0,1.0
2023-05-11 00:00:00+00:00,147.06,149.62,146.617,148.16,1319478,147.06,149.62,146.617,148.16,1319478,0.0,1.0
2023-05-12 00:00:00+00:00,142.53,147.08,141.1201,146.7,1686952,142.53,147.08,141.1201,146.7,1686952,0.0,1.0
2023-05-15 00:00:00+00:00,144.22,144.3,141.1,141.87,1502515,144.22,144.3,141.1,141.87,1502515,0.0,1.0
2023-05-16 00:00:00+00:00,146.32,146.84,143.04,144.22,1355173,146.32,146.84,143.04,144.22,1355173,0.0,1.0
2023-05-17 00:00:00+00:00,146.0,147.55,145.45,146.79,1226158,146.0,147.55,145.45,146.79,1226158,0.0,1.0
2023-05-18 00:00:00+00:00,151.48,152.07,144.76,145.46,1667130,151.48,152.07,144.76,145.46,1667130,0.0,1.0
2023-05-19 00:00:00+00:00,149.43,152.3,148.45,151.21,1221572,149.43,152.3,148.45,151.21,1221572,0.0,1.0
2023-05-22 00:00:00+00:00,148.6,150.82,148.21,148.65,973202,148.6,150.82,148.21,148.65,973202,0.0,1.0
2023-05-23 00:00:00+00:00,147.67,151.16,147.48,148.16,1445619,147.67,151.16,147.48,148.16,1445619,0.0,1.0
2023-05-24 00:00:00+00:00,147.04,148.535,144.81,145.7,1085505,147.04,148.535,144.81,145.7,1085505,0.0,1.0
2023-05-25 00:00:00+00:00,147.65,149.85,147.54,149.35,1107421,147.65,149.85,147.54,149.35,1107421,0.0,1.0
2023-05-26 00:00:00+00:00,150.31,151.01,146.82,148.0,1009976,150.31,151.01,146.82,148.0,1009976,0.0,1.0
2023-05-30 00:00:00+00:00,148.01,151.85,144.57,151.85,2294417,148.01,151.85,144.57,151.85,2294417,0.0,1.0
2023-05-31 00:00:00+00:00,148.9,149.95,145.4,146.08,1091940,148.9,149.95,145.4,146.08,1091940,0.0,1.0
2023-06-01 00:00:00+00:00,153.92,154.6,149.07,150.2,1121440,153.92,154.6,149.07,150.2,1121440,0.0,1.0
2023-06-02 00:00:00+00:00,151.74,155.0,148.77,154.3,1164038,151.74,155.0,148.77,154.3,1164038,0.0,1.0
2023-06-05 00:00:00+00:00,156.34,157.13,150.25,151.1,1837600,156.34,157.13,150.25,151.1,1837600,0.0,1.0
2023-06-06 00:00:00+00:00,153.03,154.87,152.465,154.1,1127719,153.03,154.87,152.465,154.1,1127719,0.0,1.0
2023-06-07 00:00:00+00:00,148.31,155.68,147.54,153.0,1558223,148.31,155.68,147.54,153.0,1558223,0.0,1.0
2023-06-08 00:00:00+00:00,149.47,151.69,148.4701,150.27,1219002,149.47,151.69,148.4701,150.27,1219002,0.0,1.0
2023-06-09 00:00:00+00:00,150.48,151.73,148.36,149.5,2033197,150.48,151.73,148.36,149.5,2033197,0.0,1.0
2023-06-12 00:00:00+00:00,150.6,151.37,149.12,150.89,1522243,150.6,151.37,149.12,150.89,1522243,0.0,1.0
2023-06-13 00:00:00+00:00,151.54,152.74,149.37,151.53,1917745,151.54,152.74,149.37,151.53,1917745,0.0,1.0
2023-06-14 00:00:00+00:00,151.65,153.08,149.265,151.96,1750862,151.65,153.08,149.265,151.96,1750862,0.0,1.0
2023-06-15 00:00:00+00:00,152.18,152.24,148.2,150.08,1374456,152.18,152.24,148.2,150.08,1374456,0.0,1.0
2023-06-16 00:00:00+00:00,159.99,160.63,153.2,153.31,3532881,159.99,160.63,153.2,153.31,3532881,0.0,1.0
2023-06-20 00:00:00+00:00,156.82,158.78,154.82,156.2,1586267,156.82,158.78,154.82,156.2,1586267,0.0,1.0
2023-06-21 00:00:00+00:00,155.93,160.8,152.8,159.3,2620542,155.93,160.8,152.8,159.3,2620542,0.0,1.0
2023-06-22 00:00:00+00:00,159.09,159.17,153.5,154.45,1280893,159.09,159.17,153.5,154.45,1280893,0.0,1.0
2023-06-23 00:00:00+00:00,157.49,158.31,154.65,157.05,1263792,157.49,158.31,154.65,157.05,1263792,0.0,1.0
2023-06-26 00:00:00+00:00,153.78,158.21,152.71,156.41,1720330,153.78,158.21,152.71,156.41,1720330,0.0,1.0
2023-06-27 00:00:00+00:00,158.62,159.75,155.57,156.14,1041941,158.62,159.75,155.57,156.14,1041941,0.0,1.0
2023-06-28 00:00:00+00:00,160.57,161.66,157.48,158.32,805556,160.57,161.66,157.48,158.32,805556,0.0,1.0
2023-06-29 00:00:00+00:00,159.26,161.215,158.8898,160.53,924777,159.26,161.215,158.8898,160.53,924777,0.0,1.0
2023-06-30 00:00:00+00:00,160.55,161.31,159.055,160.1,1357685,160.55,161.31,159.055,160.1,1357685,0.0,1.0
2023-07-03 00:00:00+00:00,160.56,162.37,159.8,160.85,550312,160.56,162.37,159.8,160.85,550312,0.0,1.0
2023-07-05 00:00:00+00:00,160.73,161.21,158.29,160.69,732233,160.73,161.21,158.29,160.69,732233,0.0,1.0
2023-07-06 00:00:00+00:00,156.62,159.08,155.37,158.78,1021846,156.62,159.08,155.37,158.78,1021846,0.0,1.0
2023-07-07 00:00:00+00:00,156.97,158.64,156.06,156.52,800804,156.97,158.64,156.06,156.52,800804,0.0,1.0
2023-07-10 00:00:00+00:00,157.39,159.285,155.3721,156.03,846759,157.39,159.285,155.3721,156.03,846759,0.0,1.0
2023-07-11 00:00:00+00:00,160.58,161.77,156.66,157.34,1160571,160.58,161.77,156.66,157.34,1160571,0.0,1.0
2023-07-12 00:00:00+00:00,165.79,166.12,161.375,162.0,1540681,165.79,166.12,161.375,162.0,1540681,0.0,1.0
2023-07-13 00:00:00+00:00,171.1,173.11,164.51,167.0,2410825,171.1,173.11,164.51,167.0,2410825,0.0,1.0
2023-07-14 00:00:00+00:00,172.03,179.24,170.92,176.2,3640583,172.03,179.24,170.92,176.2,3640583,0.0,1.0
2023-07-17 00:00:00+00:00,179.17,179.42,170.77,171.77,2292964,179.17,179.42,170.77,171.77,2292964,0.0,1.0
2023-07-18 00:00:00+00:00,179.58,179.815,175.79,178.5,2151627,179.58,179.815,175.79,178.5,2151627,0.0,1.0
2023-07-19 00:00:00+00:00,179.84,182.0,178.06,180.0,1599521,179.84,182.0,178.06,180.0,1599521,0.0,1.0
2023-07-20 00:00:00+00:00,172.48,177.59,171.44,177.01,1918487,172.48,177.59,171.44,177.01,1918487,0.0,1.0
2023-07-21 00:00:00+00:00,171.71,179.6,171.18,173.49,2560191,171.71,179.6,171.18,173.49,2560191,0.0,1.0
2023-07-24 00:00:00+00:00,163.72,169.52,159.67,169.52,3944857,163.72,169.52,159.67,169.52,3944857,0.0,1.0
2023-07-25 00:00:00+00:00,140.38,152.65,139.1532,150.1,14609941,140.38,152.65,139.1532,150.1,14609941,0.0,1.0
2023-07-26 00:00:00+00:00,149.13,149.21,141.1,141.69,7091364,149.13,149.21,141.1,141.69,7091364,0.0,1.0
2023-07-27 00:00:00+00:00,144.52,151.8,142.885,151.47,5155072,144.52,151.8,142.885,151.47,5155072,0.0,1.0
2023-07-28 00:00:00+00:00,148.6,149.33,142.63,146.05,2966669,148.6,149.33,142.63,146.05,2966669,0.0,1.0
2023-07-31 00:00:00+00:00,149.41,151.31,148.09,149.7,1881583,149.41,151.31,148.09,149.7,1881583,0.0,1.0
2023-08-01 00:00:00+00:00,150.84,152.8,148.05,148.61,1686001,150.84,152.8,148.05,148.61,1686001,0.0,1.0
2023-08-02 00:00:00+00:00,146.51,150.19,143.84,149.21,2164881,146.51,150.19,143.84,149.21,2164881,0.0,1.0
2023-08-03 00:00:00+00:00,145.42,147.42,143.74,144.57,1683946,145.42,147.42,143.74,144.57,1683946,0.0,1.0
2023-08-04 00:00:00+00:00,144.12,146.5,143.04,145.27,1456965,144.12,146.5,143.04,145.27,1456965,0.0,1.0
2023-08-07 00:00:00+00:00,141.99,145.1,141.1,145.1,1646152,141.99,145.1,141.1,145.1,1646152,0.0,1.0
2023-08-08 00:00:00+00:00,138.37,141.42,137.22,141.14,2483942,138.37,141.42,137.22,141.14,2483942,0.0,1.0
2023-08-09 00:00:00+00:00,139.09,140.18,137.42,138.47,1671193,139.09,140.18,137.42,138.47,1671193,0.0,1.0
2023-08-10 00:00:00+00:00,136.43,140.699,135.22,140.34,2643578,136.43,140.699,135.22,140.34,2643578,0.0,1.0
2023-08-11 00:00:00+00:00,138.68,139.195,135.895,136.39,1578499,138.68,139.195,135.895,136.39,1578499,0.0,1.0
2023-08-14 00:00:00+00:00,139.38,139.665,135.34,137.3,1942914,139.38,139.665,135.34,137.3,1942914,0.0,1.0
2023-08-15 00:00:00+00:00,133.43,138.58,133.27,138.38,2125331,133.43,138.58,133.27,138.38,2125331,0.0,1.0
2023-08-16 00:00:00+00:00,134.35,136.14,132.28,132.6,1584881,134.35,136.14,132.28,132.6,1584881,0.0,1.0
2023-08-17 00:00:00+00:00,131.57,134.8543,131.19,134.35,1129296,131.57,134.8543,131.19,134.35,1129296,0.0,1.0
2023-08-18 00:00:00+00:00,131.87,132.475,129.23,129.9,1587271,131.87,132.475,129.23,129.9,1587271,0.0,1.0
2023-08-21 00:00:00+00:00,132.49,132.97,130.0,131.92,1234780,132.49,132.97,130.0,131.92,1234780,0.0,1.0
2023-08-22 00:00:00+00:00,133.44,134.03,131.045,133.0,871004,133.44,134.03,131.045,133.0,871004,0.0,1.0
2023-08-23 00:00:00+00:00,138.24,139.01,133.11,133.22,1629303,138.24,139.01,133.11,133.22,1629303,0.0,1.0
2023-08-24 00:00:00+00:00,135.76,140.32,135.26,139.18,1415814,135.76,140.32,135.26,139.18,1415814,0.0,1.0
2023-08-25 00:00:00+00:00,137.22,138.81,133.69,138.81,1360642,137.22,138.81,133.69,138.81,1360642,0.0,1.0
2023-08-28 00:00:00+00:00,141.26,142.15,138.26,138.89,1530635,141.26,142.15,138.26,138.89,1530635,0.0,1.0
2023-08-29 00:00:00+00:00,144.51,144.8,140.5,140.61,1045871,144.51,144.8,140.5,140.61,1045871,0.0,1.0
2023-08-30 00:00:00+00:00,149.45,149.6,144.395,144.64,1624848,149.45,149.6,144.395,144.64,1624848,0.0,1.0
2023-08-31 00:00:00+00:00,153.97,154.92,149.82,149.95,2305376,153.97,154.92,149.82,149.95,2305376,0.0,1.0
2023-09-01 00:00:00+00:00,157.56,158.51,155.2,155.56,1454548,157.56,158.51,155.2,155.56,1454548,0.0,1.0
2023-09-05 00:00:00+00:00,159.32,160.845,154.87,156.03,1710449,159.32,160.845,154.87,156.03,1710449,0.0,1.0
2023-09-06 00:00:00+00:00,160.47,163.65,159.055,161.9,2066498,160.47,163.65,159.055,161.9,2066498,0.0,1.0
2023-09-07 00:00:00+00:00,160.1,161.95,157.79,158.57,1892689,160.1,161.95,157.79,158.57,1892689,0.0,1.0
2023-09-08 00:00:00+00:00,155.47,161.19,154.4001,159.83,1713575,155.47,161.19,154.4001,159.83,1713575,0.0,1.0
2023-09-11 00:00:00+00:00,157.66,158.07,154.815,155.99,1102246,157.66,158.07,154.815,155.99,1102246,0.0,1.0
2023-09-12 00:00:00+00:00,154.65,158.27,154.02,156.65,1059731,154.65,158.27,154.02,156.65,1059731,0.0,1.0
2023-09-13 00:00:00+00:00,155.49,155.57,151.11,153.14,1249619,155.49,155.57,151.11,153.14,1249619,0.0,1.0
2023-09-14 00:00:00+00:00,157.15,158.8,154.65,155.29,1491636,157.15,158.8,154.65,155.29,1491636,0.0,1.0
2023-09-15 00:00:00+00:00,158.58,158.66,153.91,156.68,1497775,158.58,158.66,153.91,156.68,1497775,0.0,1.0
2023-09-18 00:00:00+00:00,159.24,160.2,155.54,157.36,1208843,159.24,160.2,155.54,157.36,1208843,0.0,1.0
2023-09-19 00:00:00+00:00,160.17,160.9,156.28,158.5,1282516,160.17,160.9,156.28,158.5,1282516,0.0,1.0
2023-09-20 00:00:00+00:00,160.77,167.74,160.71,163.03,1709002,160.77,167.74,160.71,163.03,1709002,0.0,1.0
2023-09-21 00:00:00+00:00,154.06,158.79,153.69,158.52,1610986,154.06,158.79,153.69,158.52,1610986,0.0,1.0
2023-09-22 00:00:00+00:00,156.35,159.55,155.93,156.38,1206012,156.35,159.55,155.93,156.38,1206012,0.0,1.0
2023-09-25 00:00:00+00:00,155.52,156.35,151.49,155.67,1437008,155.52,156.35,151.49,155.67,1437008,0.0,1.0
2023-09-26 00:00:00+00:00,152.36,157.0,151.28,154.02,1327392,152.36,157.0,151.28,154.02,1327392,0.0,1.0
2023-09-27 00:00:00+00:00,153.75,155.48,152.05,153.33,703679,153.75,155.48,152.05,153.33,703679,0.0,1.0
2023-09-28 00:00:00+00:00,153.53,154.55,147.86,150.8,995393,153.53,154.55,147.86,150.8,995393,0.0,1.0
2023-09-29 00:00:00+00:00,154.64,158.9,154.52,157.35,1477557,154.64,158.9,154.52,157.35,1477557,0.0,1.0
2023-10-02 00:00:00+00:00,158.11,159.61,154.69,155.29,999236,158.11,159.61,154.69,155.29,999236,0.0,1.0
2023-10-03 00:00:00+00:00,154.51,159.56,152.32,157.44,1226240,154.51,159.56,152.32,157.44,1226240,0.0,1.0
2023-10-04 00:00:00+00:00,159.58,159.98,154.12,154.21,1433610,159.58,159.98,154.12,154.21,1433610,0.0,1.0
2023-10-05 00:00:00+00:00,157.31,159.57,154.62,158.73,1299274,157.31,159.57,154.62,158.73,1299274,0.0,1.0
2023-10-06 00:00:00+00:00,160.53,161.38,154.83,155.64,1156457,160.53,161.38,154.83,155.64,1156457,0.0,1.0
2023-10-09 00:00:00+00:00,156.45,157.83,153.165,155.84,1411991,156.45,157.83,153.165,155.84,1411991,0.0,1.0
2023-10-10 00:00:00+00:00,157.6,160.15,155.215,156.21,1601365,157.6,160.15,155.215,156.21,1601365,0.0,1.0
2023-10-11 00:00:00+00:00,156.57,159.7399,153.31,157.42,1531630,156.57,159.7399,153.31,157.42,1531630,0.0,1.0
2023-10-12 00:00:00+00:00,158.12,162.46,156.02,159.52,1992673,158.12,162.46,156.02,159.52,1992673,0.0,1.0
2023-10-13 00:00:00+00:00,153.56,157.69,152.9,156.86,1759043,153.56,157.69,152.9,156.86,1759043,0.0,1.0
2023-10-16 00:00:00+00:00,158.12,158.26,152.79,153.52,1396276,158.12,158.26,152.79,153.52,1396276,0.0,1.0
2023-10-17 00:00:00+00:00,157.33,159.36,156.57,157.45,1048604,157.33,159.36,156.57,157.45,1048604,0.0,1.0
2023-10-18 00:00:00+00:00,148.92,156.175,148.66,156.0,1736079,148.92,156.175,148.66,156.0,1736079,0.0,1.0
2023-10-19 00:00:00+00:00,149.97,154.53,149.56,152.61,1678053,149.97,154.53,149.56,152.61,1678053,0.0,1.0
2023-10-20 00:00:00+00:00,149.92,151.45,145.76,149.3,1941871,149.92,151.45,145.76,149.3,1941871,0.0,1.0
2023-10-23 00:00:00+00:00,154.61,155.83,145.79,146.06,3272705,154.61,155.83,145.79,146.06,3272705,0.0,1.0
2023-10-24 00:00:00+00:00,170.63,173.45,163.0,163.98,7498632,170.63,173.45,163.0,163.98,7498632,0.0,1.0
2023-10-25 00:00:00+00:00,161.82,170.5,160.05,169.94,4657773,161.82,170.5,160.05,169.94,4657773,0.0,1.0
2023-10-26 00:00:00+00:00,158.38,165.35,155.0,162.75,2981522,158.38,165.35,155.0,162.75,2981522,0.0,1.0
2023-10-27 00:00:00+00:00,159.35,162.06,158.1,158.59,1971378,159.35,162.06,158.1,158.59,1971378,0.0,1.0
2023-10-30 00:00:00+00:00,162.67,164.27,159.75,161.2,1959277,162.67,164.27,159.75,161.2,1959277,0.0,1.0
2023-10-31 00:00:00+00:00,164.76,165.57,161.39,163.03,1566463,164.76,165.57,161.39,163.03,1566463,0.0,1.0
2023-11-01 00:00:00+00:00,167.63,167.9,163.65,165.0,1366114,167.63,167.9,163.65,165.0,1366114,0.0,1.0
2023-11-02 00:00:00+00:00,167.31,171.0,167.24,170.5,2155118,167.31,171.0,167.24,170.5,2155118,0.0,1.0
2023-11-03 00:00:00+00:00,169.98,170.95,167.05,167.5,1370135,169.98,170.95,167.05,167.5,1370135,0.0,1.0
2023-11-06 00:00:00+00:00,167.24,169.695,165.59,169.58,1127338,167.24,169.695,165.59,169.58,1127338,0.0,1.0
2023-11-07 00:00:00+00:00,165.5,168.77,165.28,168.45,1473976,165.5,168.77,165.28,168.45,1473976,0.0,1.0
2023-11-08 00:00:00+00:00,169.97,170.3,164.83,165.87,1403286,169.97,170.3,164.83,165.87,1403286,0.0,1.0
2023-11-09 00:00:00+00:00,170.28,175.15,170.21,171.2,1450953,170.28,175.15,170.21,171.2,1450953,0.0,1.0
2023-11-10 00:00:00+00:00,170.98,171.67,167.6401,169.52,977414,170.98,171.67,167.6401,169.52,977414,0.0,1.0
2023-11-13 00:00:00+00:00,171.17,173.23,169.02,170.0,1307666,171.17,173.23,169.02,170.0,1307666,0.0,1.0
2023-11-14 00:00:00+00:00,174.41,175.0,171.05,174.56,1236119,174.41,175.0,171.05,174.56,1236119,0.0,1.0
2023-11-15 00:00:00+00:00,173.76,176.65,173.68,174.43,1248130,173.76,176.65,173.68,174.43,1248130,0.0,1.0
2023-11-16 00:00:00+00:00,175.28,176.34,170.62,171.85,1301688,175.28,176.34,170.62,171.85,1301688,0.0,1.0
2023-11-17 00:00:00+00:00,176.05,177.02,174.67,175.72,1024280,176.05,177.02,174.67,175.72,1024280,0.0,1.0
2023-11-20 00:00:00+00:00,179.86,180.95,175.0,175.04,1319029,179.86,180.95,175.0,175.04,1319029,0.0,1.0
2023-11-21 00:00:00+00:00,178.68,180.18,178.01,178.54,1479568,178.68,180.18,178.01,178.54,1479568,0.0,1.0
2023-11-22 00:00:00+00:00,181.2,182.5,179.0,179.63,1231020,181.2,182.5,179.0,179.63,1231020,0.0,1.0
2023-11-24 00:00:00+00:00,181.7,182.305,178.73,179.22,499093,181.7,182.305,178.73,179.22,499093,0.0,1.0
2023-11-27 00:00:00+00:00,183.04,184.485,181.36,182.0,1204475,183.04,184.485,181.36,182.0,1204475,0.0,1.0
2023-11-28 00:00:00+00:00,182.61,184.92,182.04,183.0,845855,182.61,184.92,182.04,183.0,845855,0.0,1.0
2023-11-29 00:00:00+00:00,182.31,184.28,180.42,183.0,1013346,182.31,184.28,180.42,183.0,1013346,0.0,1.0
2023-11-30 00:00:00+00:00,185.11,185.59,180.6462,183.03,1597433,185.11,185.59,180.6462,183.03,1597433,0.0,1.0
2023-12-01 00:00:00+00:00,180.69,183.34,179.66,180.73,1628242,180.69,183.34,179.66,180.73,1628242,0.0,1.0
2023-12-04 00:00:00+00:00,194.17,201.415,192.0,193.0,6862758,194.17,201.415,192.0,193.0,6862758,0.0,1.0
2023-12-05 00:00:00+00:00,199.32,199.97,191.26,192.9,3133142,199.32,199.97,191.26,192.9,3133142,0.0,1.0
2023-12-06 00:00:00+00:00,193.79,202.88,193.58,199.0,1863534,193.79,202.88,193.58,199.0,1863534,0.0,1.0
2023-12-07 00:00:00+00:00,195.82,196.3,193.02,193.95,1238718,195.82,196.3,193.02,193.95,1238718,0.0,1.0
2023-12-08 00:00:00+00:00,198.05,198.39,191.0,192.26,1729918,198.05,198.39,191.0,192.26,1729918,0.0,1.0
2023-12-11 00:00:00+00:00,197.76,200.0,196.32,200.0,1593240,197.76,200.0,196.32,200.0,1593240,0.0,1.0
2023-12-12 00:00:00+00:00,199.0,199.99,195.7,197.13,1254512,199.0,199.99,195.7,197.13,1254512,0.0,1.0
2023-12-13 00:00:00+00:00,199.49,202.33,196.301,199.02,2161520,199.49,202.33,196.301,199.02,2161520,0.0,1.0
2023-12-14 00:00:00+00:00,196.15,200.82,195.52,198.35,2048754,196.15,200.82,195.52,198.35,2048754,0.0,1.0
2023-12-15 00:00:00+00:00,192.17,195.455,191.42,195.1,2245951,192.17,195.455,191.42,195.1,2245951,0.0,1.0
2023-12-18 00:00:00+00:00,193.04,194.75,189.17,190.74,2576883,193.04,194.75,189.17,190.74,2576883,0.0,1.0
2023-12-19 00:00:00+00:00,190.83,193.9724,190.211,192.58,1495540,190.83,193.9724,190.211,192.58,1495540,0.0,1.0
2023-12-20 00:00:00+00:00,188.71,192.25,188.01,190.24,1133972,188.71,192.25,188.01,190.24,1133972,0.0,1.0
2023-12-21 00:00:00+00:00,192.85,195.715,192.605,195.31,1556983,192.85,195.715,192.605,195.31,1556983,0.0,1.0
2023-12-22 00:00:00+00:00,189.59,193.42,188.56,192.83,1328245,189.59,193.42,188.56,192.83,1328245,0.0,1.0
2023-12-26 00:00:00+00:00,189.88,191.42,189.23,189.99,1120965,189.88,191.42,189.23,189.99,1120965,0.0,1.0
2023-12-27 00:00:00+00:00,190.27,192.0312,190.03,190.36,741546,190.27,192.0312,190.03,190.36,741546,0.0,1.0
2023-12-28 00:00:00+00:00,188.75,192.44,188.72,191.67,721931,188.75,192.44,188.72,191.67,721931,0.0,1.0
2023-12-29 00:00:00+00:00,187.91,189.97,187.89,189.31,1389730,187.91,189.97,187.89,189.31,1389730,0.0,1.0
2024-01-02 00:00:00+00:00,188.8,190.28,185.37,188.05,1385808,188.8,190.28,185.37,188.05,1385808,0.0,1.0
2024-01-03 00:00:00+00:00,187.94,189.49,185.71,187.34,977346,187.94,189.49,185.71,187.34,977346,0.0,1.0
2024-01-04 00:00:00+00:00,192.58,195.52,187.45,190.0,2576773,192.58,195.52,187.45,190.0,2576773,0.0,1.0
2024-01-05 00:00:00+00:00,193.52,195.08,192.24,192.62,1394910,193.52,195.08,192.24,192.62,1394910,0.0,1.0
2024-01-08 00:00:00+00:00,197.25,197.7451,193.32,195.2,1545074,197.25,197.7451,193.32,195.2,1545074,0.0,1.0
2024-01-09 00:00:00+00:00,193.02,198.24,192.35,196.98,1130871,193.02,198.24,192.35,196.98,1130871,0.0,1.0
2024-01-10 00:00:00+00:00,196.79,199.64,193.25,193.25,1860773,196.79,199.64,193.25,193.25,1860773,0.0,1.0
2024-01-11 00:00:00+00:00,200.82,200.94,194.66,198.27,2041327,200.82,200.94,194.66,198.27,2041327,0.0,1.0
2024-01-12 00:00:00+00:00,203.03,204.03,198.45,200.95,1927777,203.03,204.03,198.45,200.95,1927777,0.0,1.0
2024-01-16 00:00:00+00:00,203.35,203.75,198.01,201.16,2141139,203.35,203.75,198.01,201.16,2141139,0.0,1.0
2024-01-17 00:00:00+00:00,198.68,199.79,191.88,196.64,3335675,198.68,199.79,191.88,196.64,3335675,0.0,1.0
2024-01-18 00:00:00+00:00,204.82,209.875,200.81,200.81,2474536,204.82,209.875,200.81,200.81,2474536,0.0,1.0
2024-01-19 00:00:00+00:00,204.71,206.45,202.3,205.93,1323747,204.71,206.45,202.3,205.93,1323747,0.0,1.0
2024-01-22 00:00:00+00:00,205.67,208.38,204.22,206.0,1168989,205.67,208.38,204.22,206.0,1168989,0.0,1.0
2024-01-23 00:00:00+00:00,206.71,207.49,204.575,205.32,1147980,206.71,207.49,204.575,205.32,1147980,0.0,1.0
2024-01-24 00:00:00+00:00,211.14,215.32,209.18,213.0,1896020,211.14,215.32,209.18,213.0,1896020,0.0,1.0
2024-01-25 00:00:00+00:00,214.18,214.19,210.34,211.43,1217990,214.18,214.19,210.34,211.43,1217990,0.0,1.0
2024-01-26 00:00:00+00:00,214.29,215.0699,211.77,213.06,1545406,214.29,215.0699,211.77,213.06,1545406,0.0,1.0
2024-01-29 00:00:00+00:00,218.61,219.2,214.8,216.0,1287023,218.61,219.2,214.8,216.0,1287023,0.0,1.0
2024-01-30 00:00:00+00:00,217.62,224.0,217.46,222.3,1796956,217.62,224.0,217.46,222.3,1796956,0.0,1.0
2024-01-31 00:00:00+00:00,215.35,219.52,213.31,214.01,1191662,215.35,219.52,213.31,214.01,1191662,0.0,1.0
2024-02-01 00:00:00+00:00,218.96,219.9376,216.68,217.25,1174372,218.96,219.9376,216.68,217.25,1174372,0.0,1.0
2024-02-02 00:00:00+00:00,222.47,224.45,218.57,221.34,1725063,222.47,224.45,218.57,221.34,1725063,0.0,1.0
2024-02-05 00:00:00+00:00,223.25,223.83,219.36,220.55,3812138,223.25,223.83,219.36,220.55,3812138,0.0,1.0
2024-02-06 00:00:00+00:00,231.92,248.67,228.972,241.01,7779931,231.92,248.67,228.972,241.01,7779931,0.0,1.0
2024-02-07 00:00:00+00:00,240.83,243.01,227.52,230.02,4757663,240.83,243.01,227.52,230.02,4757663,0.0,1.0
2024-02-08 00:00:00+00:00,240.01,244.29,237.6508,238.0,2749044,240.01,244.29,237.6508,238.0,2749044,0.0,1.0
2024-02-09 00:00:00+00:00,240.77,242.21,238.0401,239.55,2049368,240.77,242.21,238.0401,239.55,2049368,0.0,1.0
2024-02-12 00:00:00+00:00,234.68,239.395,233.355,238.38,2824278,234.68,239.395,233.355,238.38,2824278,0.0,1.0
2024-02-13 00:00:00+00:00,238.0,238.52,228.07,231.34,1798271,238.0,238.52,228.07,231.34,1798271,0.0,1.0
2024-02-14 00:00:00+00:00,244.17,244.38,239.14,240.72,1623561,244.17,244.38,239.14,240.72,1623561,0.0,1.0
2024-02-15 00:00:00+00:00,245.51,247.7,242.19,244.17,1808165,245.51,247.7,242.19,244.17,1808165,0.0,1.0
2024-02-16 00:00:00+00:00,246.25,248.5032,243.38,245.46,1548596,246.25,248.5032,243.38,245.46,1548596,0.0,1.0
2024-02-20 00:00:00+00:00,243.4,246.5,239.66,244.14,2222584,243.4,246.5,239.66,244.14,2222584,0.0,1.0
2024-02-21 00:00:00+00:00,245.09,245.64,240.73,243.29,1897482,245.09,245.64,240.73,243.29,1897482,0.0,1.0
2024-02-22 00:00:00+00:00,248.12,249.22,243.99,247.96,1728492,248.12,249.22,243.99,247.96,1728492,0.0,1.0
2024-02-23 00:00:00+00:00,256.1,256.29,247.95,249.28,2492750,256.1,256.29,247.95,249.28,2492750,0.0,1.0
2024-02-26 00:00:00+00:00,254.99,256.43,250.23,255.49,1754817,254.99,256.43,250.23,255.49,1754817,0.0,1.0
2024-02-27 00:00:00+00:00,253.02,255.99,250.54,255.82,1529954,253.02,255.99,250.54,255.82,1529954,0.0,1.0
2024-02-28 00:00:00+00:00,252.25,253.44,249.38,250.97,1657466,252.25,253.44,249.38,250.97,1657466,0.0,1.0
2024-02-29 00:00:00+00:00,256.41,257.36,252.765,254.36,1336493,256.41,257.36,252.765,254.36,1336493,0.0,1.0
2024-03-01 00:00:00+00:00,263.75,263.82,254.54,256.15,2303948,263.75,263.82,254.54,256.15,2303948,0.0,1.0
2024-03-04 00:00:00+00:00,270.0,271.56,262.49,263.56,2793041,270.0,271.56,262.49,263.56,2793041,0.0,1.0
2024-03-05 00:00:00+00:00,267.0,270.265,263.28,268.36,2482498,267.0,270.265,263.28,268.36,2482498,0.0,1.0
2024-03-06 00:00:00+00:00,268.03,272.0775,267.42,270.0,1181270,268.03,272.0775,267.42,270.0,1181270,0.0,1.0
2024-03-07 00:00:00+00:00,270.35,271.72,266.02,268.0,921483,270.35,271.72,266.02,268.0,921483,0.0,1.0
2024-03-08 00:00:00+00:00,259.4,272.44,259.24,269.5,1968096,259.4,272.44,259.24,269.5,1968096,0.0,1.0
2024-03-11 00:00:00+00:00,254.45,259.0,253.25,258.5,2484027,254.45,259.0,253.25,258.5,2484027,0.0,1.0
2024-03-12 00:00:00+00:00,258.09,259.736,254.955,255.5,1345699,258.09,259.736,254.955,255.5,1345699,0.0,1.0
2024-03-13 00:00:00+00:00,257.26,260.49,255.38,258.27,923224,257.26,260.49,255.38,258.27,923224,0.0,1.0
2024-03-14 00:00:00+00:00,257.13,259.4,255.59,257.55,840797,257.13,259.4,255.59,257.55,840797,0.0,1.0
2024-03-15 00:00:00+00:00,254.89,256.99,252.51,256.99,1432147,254.89,256.99,252.51,256.99,1432147,0.0,1.0
2024-03-18 00:00:00+00:00,254.15,257.675,251.61,257.0,885934,254.15,257.675,251.61,257.0,885934,0.0,1.0
2024-03-19 00:00:00+00:00,252.76,254.78,249.58,253.95,1067565,252.76,254.78,249.58,253.95,1067565,0.0,1.0
2024-03-20 00:00:00+00:00,261.72,262.41,254.42,256.17,1587644,261.72,262.41,254.42,256.17,1587644,0.0,1.0
2024-03-21 00:00:00+00:00,259.64,264.67,258.5,264.21,1097571,259.64,264.67,258.5,264.21,1097571,0.0,1.0
2024-03-22 00:00:00+00:00,264.95,265.46,258.89,259.38,868220,264.95,265.46,258.89,259.38,868220,0.0,1.0
2024-03-25 00:00:00+00:00,261.92,264.95,260.89,263.01,824685,261.92,264.95,260.89,263.01,824685,0.0,1.0
2024-03-26 00:00:00+00:00,262.81,278.3,262.65,273.01,1956367,262.81,278.3,262.65,273.01,1956367,0.0,1.0
2024-03-27 00:00:00+00:00,260.2,269.72,257.56,267.0,1427218,260.2,269.72,257.56,267.0,1427218,0.0,1.0
2024-03-28 00:00:00+00:00,263.9,268.545,258.0,258.53,1371668,263.9,268.545,258.0,258.53,1371668,0.0,1.0
2024-04-01 00:00:00+00:00,266.43,267.24,260.8,262.97,1082567,266.43,267.24,260.8,262.97,1082567,0.0,1.0
2024-04-02 00:00:00+00:00,269.58,270.72,261.38,261.44,1797944,269.58,270.72,261.38,261.44,1797944,0.0,1.0
2024-04-03 00:00:00+00:00,291.77,293.0,279.0,285.04,4618749,291.77,293.0,279.0,285.04,4618749,0.0,1.0
2024-04-04 00:00:00+00:00,295.96,304.0,292.75,293.0,3548161,295.96,304.0,292.75,293.0,3548161,0.0,1.0
2024-04-05 00:00:00+00:00,310.31,313.068,298.68,298.68,2984951,310.31,313.068,298.68,298.68,2984951,0.0,1.0
2024-04-08 00:00:00+00:00,309.07,313.1591,307.41,309.2,1716457,309.07,313.1591,307.41,309.2,1716457,0.0,1.0
2024-04-09 00:00:00+00:00,300.73,309.585,299.11,308.6,2539869,300.73,309.585,299.11,308.6,2539869,0.0,1.0
2024-04-10 00:00:00+00:00,299.99,303.45,296.0,297.79,1511202,299.99,303.45,296.0,297.79,1511202,0.0,1.0
2024-04-11 00:00:00+00:00,303.57,305.74,299.02,300.79,1134701,303.57,305.74,299.02,300.79,1134701,0.0,1.0
2024-04-12 00:00:00+00:00,300.45,303.355,299.0,301.0,1419981,300.45,303.355,299.0,301.0,1419981,0.0,1.0
2024-04-15 00:00:00+00:00,290.52,304.59,290.35,302.72,1944005,290.52,304.59,290.35,302.72,1944005,0.0,1.0
2024-04-16 00:00:00+00:00,298.08,300.93,289.01,291.13,1585650,298.08,300.93,289.01,291.13,1585650,0.0,1.0
2024-04-17 00:00:00+00:00,293.58,300.045,293.27,298.32,1471279,293.58,300.045,293.27,298.32,1471279,0.0,1.0
2024-04-18 00:00:00+00:00,289.2,296.801,288.67,294.78,2027178,289.2,296.801,288.67,294.78,2027178,0.0,1.0
2024-04-19 00:00:00+00:00,275.83,285.0,270.45,284.8,4245510,275.83,285.0,270.45,284.8,4245510,0.0,1.0
2024-04-22 00:00:00+00:00,272.24,280.97,267.76,280.97,5589180,272.24,280.97,267.76,280.97,5589180,0.0,1.0
2024-04-23 00:00:00+00:00,303.31,319.3,298.5,301.13,11386186,303.31,319.3,298.5,301.13,11386186,0.0,1.0
2024-04-24 00:00:00+00:00,281.23,305.64,278.14,301.35,8241547,281.23,305.64,278.14,301.35,8241547,0.0,1.0
2024-04-25 00:00:00+00:00,289.02,291.375,271.65,275.67,3711405,289.02,291.375,271.65,275.67,3711405,0.0,1.0
2024-04-26 00:00:00+00:00,289.59,294.0,284.84,292.65,2477228,289.59,294.0,284.84,292.65,2477228,0.0,1.0
2024-04-29 00:00:00+00:00,286.24,290.91,284.23,289.01,1851897,286.24,290.91,284.23,289.01,1851897,0.0,1.0
2024-04-30 00:00:00+00:00,280.44,288.45,280.37,287.0,1258095,280.44,288.45,280.37,287.0,1258095,0.0,1.0
2024-05-01 00:00:00+00:00,284.54,290.88,280.66,280.66,1671864,284.54,290.88,280.66,280.66,1671864,0.0,1.0
2024-05-02 00:00:00+00:00,294.17,294.39,283.39,287.515,1627972,294.17,294.39,283.39,287.515,1627972,0.0,1.0
2024-05-03 00:00:00+00:00,296.07,298.82,292.04,294.81,1503922,296.07,298.82,292.04,294.81,1503922,0.0,1.0
2024-05-06 00:00:00+00:00,299.48,300.04,294.62,298.0,1395052,299.48,300.04,294.62,298.0,1395052,0.0,1.0
2024-05-07 00:00:00+00:00,298.05,299.83,294.76,296.54,1332258,298.05,299.83,294.76,296.54,1332258,0.0,1.0
2024-05-08 00:00:00+00:00,298.65,303.295,296.17,297.55,2108727,298.65,303.295,296.17,297.55,2108727,0.0,1.0
2024-05-09 00:00:00+00:00,298.66,301.37,294.2623,298.88,844749,298.66,301.37,294.2623,298.88,844749,0.0,1.0
2024-05-10 00:00:00+00:00,294.6,303.656,293.08,300.21,943896,294.6,303.656,293.08,300.21,943896,0.0,1.0
2024-05-13 00:00:00+00:00,289.71,295.41,287.17,294.65,898844,289.71,295.41,287.17,294.65,898844,0.0,1.0
2024-05-14 00:00:00+00:00,290.12,291.535,286.205,287.72,917898,290.12,291.535,286.205,287.72,917898,0.0,1.0
2024-05-15 00:00:00+00:00,303.04,303.07,295.39,298.85,2013583,303.04,303.07,295.39,298.85,2013583,0.0,1.0
2024-05-16 00:00:00+00:00,298.12,304.92,297.86,302.54,1316061,298.12,304.92,297.86,302.54,1316061,0.0,1.0
2024-05-17 00:00:00+00:00,302.82,302.87,298.12,299.95,893624,302.82,302.87,298.12,299.95,893624,0.0,1.0
2024-05-20 00:00:00+00:00,308.21,312.69,303.0,303.0,1487473,308.21,312.69,303.0,303.0,1487473,0.0,1.0
2024-05-21 00:00:00+00:00,304.93,307.98,302.375,304.85,1028925,304.93,307.98,302.375,304.85,1028925,0.0,1.0
2024-05-22 00:00:00+00:00,298.76,306.69,295.71,306.0,1376846,298.76,306.69,295.71,306.0,1376846,0.0,1.0
2024-05-23 00:00:00+00:00,300.51,305.82,296.98,302.92,1013271,300.51,305.82,296.98,302.92,1013271,0.0,1.0
2024-05-24 00:00:00+00:00,308.16,309.64,298.0,298.0,1165619,308.16,309.64,298.0,298.0,1165619,0.0,1.0
2024-05-28 00:00:00+00:00,310.29,311.9999,306.0,307.0,1080814,310.29,311.9999,306.0,307.0,1080814,0.0,1.0
2024-05-29 00:00:00+00:00,307.52,309.155,304.1,307.71,1102964,307.52,309.155,304.1,307.71,1102964,0.0,1.0
2024-05-30 00:00:00+00:00,304.69,307.235,301.59,305.45,704206,304.69,307.235,301.59,305.45,704206,0.0,1.0
2024-05-31 00:00:00+00:00,296.78,304.65,292.21,301.89,1478286,296.78,304.65,292.21,301.89,1478286,0.0,1.0
2024-06-03 00:00:00+00:00,313.62,317.0,307.355,313.01,2279225,313.62,317.0,307.355,313.01,2279225,0.0,1.0
2024-06-04 00:00:00+00:00,326.68,326.76,310.5,312.64,3484818,326.68,326.76,310.5,312.64,3484818,0.0,1.0
2024-06-05 00:00:00+00:00,324.75,331.08,322.55,326.55,1822724,324.75,331.08,322.55,326.55,1822724,0.0,1.0
2024-06-06 00:00:00+00:00,319.51,328.63,318.1,325.0,1229189,319.51,328.63,318.1,325.0,1229189,0.0,1.0
2024-06-07 00:00:00+00:00,308.21,319.05,307.67,318.99,2137706,308.21,319.05,307.67,318.99,2137706,0.0,1.0
2024-06-10 00:00:00+00:00,309.0,312.16,305.3656,309.46,1547978,309.0,312.16,305.3656,309.46,1547978,0.0,1.0
2024-06-11 00:00:00+00:00,310.0,319.375,306.08,319.0,1808771,310.0,319.375,306.08,319.0,1808771,0.0,1.0
2024-06-12 00:00:00+00:00,315.49,316.11,309.29,311.0,1139403,315.49,316.11,309.29,311.0,1139403,0.0,1.0
2024-06-13 00:00:00+00:00,306.01,314.8365,300.79,313.14,2135640,306.01,314.8365,300.79,313.14,2135640,0.0,1.0
2024-06-14 00:00:00+00:00,313.02,316.7,305.85,307.23,2047135,313.02,316.7,305.85,307.23,2047135,0.0,1.0
2024-06-17 00:00:00+00:00,311.22,317.4519,310.88,312.67,1326030,311.22,317.4519,310.88,312.67,1326030,0.0,1.0
2024-06-18 00:00:00+00:00,309.9,312.31,305.4901,310.0,1218652,309.9,312.31,305.4901,310.0,1218652,0.0,1.0
2024-06-20 00:00:00+00:00,313.89,317.3,310.65,311.64,1476162,313.89,317.3,310.65,311.64,1476162,0.0,1.0
2024-06-21 00:00:00+00:00,317.74,319.04,308.4,311.71,1399924,317.74,319.04,308.4,311.71,1399924,0.0,1.0
2024-06-24 00:00:00+00:00,314.99,319.5,310.67,317.74,1485067,314.99,319.5,310.67,317.74,1485067,0.0,1.0
2024-06-25 00:00:00+00:00,321.28,322.73,312.615,317.91,1040853,321.28,322.73,312.615,317.91,1040853,0.0,1.0
2024-06-26 00:00:00+00:00,318.96,321.9999,316.19,320.0,1245607,318.96,321.9999,316.19,320.0,1245607,0.0,1.0
2024-06-27 00:00:00+00:00,315.38,324.56,314.24,319.29,1492581,315.38,324.56,314.24,319.29,1492581,0.0,1.0
2024-06-28 00:00:00+00:00,313.79,317.99,306.21,315.39,4934951,313.79,317.99,306.21,315.39,4934951,0.0,1.0
2024-07-01 00:00:00+00:00,313.84,314.42,306.81,313.64,1080524,313.84,314.42,306.81,313.64,1080524,0.0,1.0
2024-07-02 00:00:00+00:00,315.55,316.645,309.43,314.02,913308,315.55,316.645,309.43,314.02,913308,0.0,1.0
2024-07-03 00:00:00+00:00,314.8,316.08,311.01,315.3,661797,314.8,316.08,311.01,315.3,661797,0.0,1.0
2024-07-05 00:00:00+00:00,316.85,317.09,313.53,315.0,939759,316.85,317.09,313.53,315.0,939759,0.0,1.0
2024-07-08 00:00:00+00:00,313.71,322.0,309.01,321.94,1733408,313.71,322.0,309.01,321.94,1733408,0.0,1.0
2024-07-09 00:00:00+00:00,311.55,315.43,310.64,315.26,1448723,311.55,315.43,310.64,315.26,1448723,0.0,1.0
2024-07-10 00:00:00+00:00,304.99,312.31,304.85,308.0,2220271,304.99,312.31,304.85,308.0,2220271,0.0,1.0
2024-07-11 00:00:00+00:00,300.98,314.02,297.11,312.73,2288379,300.98,314.02,297.11,312.73,2288379,0.0,1.0
2024-07-12 00:00:00+00:00,302.27,307.44,300.39,302.13,1244537,302.27,307.44,300.39,302.13,1244537,0.0,1.0
2024-07-15 00:00:00+00:00,302.15,308.12,299.4,302.27,1145499,302.15,308.12,299.4,302.27,1145499,0.0,1.0
2024-07-16 00:00:00+00:00,298.5,304.87,294.85,303.78,1424739,298.5,304.87,294.85,303.78,1424739,0.0,1.0
2024-07-17 00:00:00+00:00,294.74,299.38,290.87,294.79,1982063,294.74,299.38,290.87,294.79,1982063,0.0,1.0
2024-07-18 00:00:00+00:00,290.16,298.32,288.07,296.66,1817298,290.16,298.32,288.07,296.66,1817298,0.0,1.0
2024-07-19 00:00:00+00:00,295.09,298.38,290.5,292.23,1782350,295.09,298.38,290.5,292.23,1782350,0.0,1.0
2024-07-22 00:00:00+00:00,295.45,300.72,290.13,298.0,3122106,295.45,300.72,290.13,298.0,3122106,0.0,1.0
2024-07-23 00:00:00+00:00,330.79,343.4,326.5,339.5,6669226,330.79,343.4,326.5,339.5,6669226,0.0,1.0
2024-07-24 00:00:00+00:00,336.52,346.23,328.76,333.62,5691169,336.52,346.23,328.76,333.62,5691169,0.0,1.0
2024-07-25 00:00:00+00:00,328.95,341.0,324.08,336.82,2716343,328.95,341.0,324.08,336.82,2716343,0.0,1.0
2024-07-26 00:00:00+00:00,321.88,331.37,320.2,330.42,1986644,321.88,331.37,320.2,330.42,1986644,0.0,1.0
2024-07-29 00:00:00+00:00,323.74,328.07,319.73,323.74,1736792,323.74,328.07,319.73,323.74,1736792,0.0,1.0
2024-07-30 00:00:00+00:00,330.35,334.65,321.83,323.35,2508339,330.35,334.65,321.83,323.35,2508339,0.0,1.0
2024-07-31 00:00:00+00:00,343.94,344.34,330.14,334.05,2118003,343.94,344.34,330.14,334.05,2118003,0.0,1.0
2024-08-01 00:00:00+00:00,336.5,359.375,335.01,345.09,2642530,336.5,359.375,335.01,345.09,2642530,0.0,1.0
2024-08-02 00:00:00+00:00,330.85,332.4,318.75,326.41,2977814,330.85,332.4,318.75,326.41,2977814,0.0,1.0
2024-08-05 00:00:00+00:00,324.03,325.59,300.57,302.01,3183833,324.03,325.59,300.57,302.01,3183833,0.0,1.0
2024-08-06 00:00:00+00:00,327.3,330.72,320.38,323.99,1540279,327.3,330.72,320.38,323.99,1540279,0.0,1.0
2024-08-07 00:00:00+00:00,323.34,335.3633,323.16,329.0,1320726,323.34,335.3633,323.16,329.0,1320726,0.0,1.0
2024-08-08 00:00:00+00:00,338.32,339.49,324.36,328.2,1445099,338.32,339.49,324.36,328.2,1445099,0.0,1.0
2024-08-09 00:00:00+00:00,339.9,343.275,333.67,337.27,1213055,339.9,343.275,333.67,337.27,1213055,0.0,1.0
2024-08-12 00:00:00+00:00,340.36,343.43,336.51,340.0,918955,340.36,343.43,336.51,340.0,918955,0.0,1.0
2024-08-13 00:00:00+00:00,334.74,340.31,333.8,339.0,2081347,334.74,340.31,333.8,339.0,2081347,0.0,1.0
2024-08-14 00:00:00+00:00,334.35,338.51,332.37,335.99,1831135,334.35,338.51,332.37,335.99,1831135,0.0,1.0
2024-08-15 00:00:00+00:00,335.59,341.6371,333.91,337.0,2115595,335.59,341.6371,333.91,337.0,2115595,0.0,1.0
2024-08-16 00:00:00+00:00,337.38,338.91,332.82,335.21,1513287,337.38,338.91,332.82,335.21,1513287,0.0,1.0
2024-08-19 00:00:00+00:00,344.69,346.17,334.565,335.0,2043212,344.69,346.17,334.565,335.0,2043212,0.0,1.0
2024-08-20 00:00:00+00:00,346.28,348.8499,342.745,346.55,1557049,346.28,348.8499,342.745,346.55,1557049,0.0,1.0
2024-08-21 00:00:00+00:00,343.69,347.86,343.305,345.16,1756369,343.69,347.86,343.305,345.16,1756369,0.0,1.0
2024-08-22 00:00:00+00:00,342.2,350.32,340.52,345.01,1706719,342.2,350.32,340.52,345.01,1706719,0.0,1.0
2024-08-23 00:00:00+00:00,342.49,347.9796,340.1759,342.41,1490342,342.49,347.9796,340.1759,342.41,1490342,0.0,1.0
2024-08-26 00:00:00+00:00,336.07,343.81,333.61,342.5,1184596,336.07,343.81,333.61,342.5,1184596,0.0,1.0
2024-08-27 00:00:00+00:00,339.47,343.26,333.0,333.51,1412934,339.47,343.26,333.0,333.51,1412934,0.0,1.0
2024-08-28 00:00:00+00:00,337.56,339.54,334.09,338.31,976896,337.56,339.54,334.09,338.31,976896,0.0,1.0
2024-08-29 00:00:00+00:00,340.73,344.5,338.8,338.8,1453065,340.73,344.5,338.8,338.8,1453065,0.0,1.0
2024-08-30 00:00:00+00:00,342.88,343.505,337.47,341.17,1077146,342.88,343.505,337.47,341.17,1077146,0.0,1.0
2024-09-03 00:00:00+00:00,328.6,342.4,326.095,340.05,1632775,328.6,342.4,326.095,340.05,1632775,0.0,1.0
2024-09-04 00:00:00+00:00,329.25,336.38,327.07,327.8,825533,329.25,336.38,327.07,327.8,825533,0.0,1.0
2024-09-05 00:00:00+00:00,328.63,329.6,322.62,323.38,1542578,328.63,329.6,322.62,323.38,1542578,0.0,1.0
2024-09-06 00:00:00+00:00,322.77,331.92,319.07,331.26,1162291,322.77,331.92,319.07,331.26,1162291,0.0,1.0
2024-09-09 00:00:00+00:00,324.07,329.04,322.35,324.5,828229,324.07,329.04,322.35,324.5,828229,0.0,1.0
2024-09-10 00:00:00+00:00,327.0,328.15,324.16,326.52,741454,327.0,328.15,324.16,326.52,741454,0.0,1.0
2024-09-11 00:00:00+00:00,336.66,337.23,326.0,328.11,1058835,336.66,337.23,326.0,328.11,1058835,0.0,1.0
2024-09-12 00:00:00+00:00,337.51,342.17,337.13,338.25,944148,337.51,342.17,337.13,338.25,944148,0.0,1.0
2024-09-13 00:00:00+00:00,337.9,344.5182,337.53,337.79,994441,337.9,344.5182,337.53,337.79,994441,0.0,1.0
2024-09-16 00:00:00+00:00,338.83,344.0,337.1501,343.02,1129750,338.83,344.0,337.1501,343.02,1129750,0.0,1.0
2024-09-17 00:00:00+00:00,342.15,346.98,339.28,341.04,950769,342.15,346.98,339.28,341.04,950769,0.0,1.0
2024-09-18 00:00:00+00:00,343.97,346.82,340.37,342.85,1150172,343.97,346.82,340.37,342.85,1150172,0.0,1.0
2024-09-19 00:00:00+00:00,360.22,368.29,348.96,350.0,2811760,360.22,368.29,348.96,350.0,2811760,0.0,1.0
2024-09-20 00:00:00+00:00,365.17,366.79,362.0,363.82,1434068,365.17,366.79,362.0,363.82,1434068,0.0,1.0
2024-09-23 00:00:00+00:00,369.01,371.11,363.53,367.0,1777830,369.01,371.11,363.53,367.0,1777830,0.0,1.0
2024-09-24 00:00:00+00:00,380.36,382.6,371.0,374.83,2547763,380.36,382.6,371.0,374.83,2547763,0.0,1.0
2024-09-25 00:00:00+00:00,383.96,386.96,375.711,377.8,1667501,383.96,386.96,375.711,377.8,1667501,0.0,1.0
2024-09-26 00:00:00+00:00,379.16,389.23,373.08,386.72,1781106,379.16,389.23,373.08,386.72,1781106,0.0,1.0
2024-09-27 00:00:00+00:00,369.2,377.41,365.91,376.76,2904197,369.2,377.41,365.91,376.76,2904197,0.0,1.0
2024-09-30 00:00:00+00:00,368.53,373.38,366.25,369.05,1553557,368.53,373.38,366.25,369.05,1553557,0.0,1.0
2024-10-01 00:00:00+00:00,375.4,375.66,367.93,370.49,1565937,375.4,375.66,367.93,370.49,1565937,0.0,1.0
2024-10-02 00:00:00+00:00,374.75,377.3679,371.53,374.46,1504724,374.75,377.3679,371.53,374.46,1504724,0.0,1.0
2024-10-03 00:00:00+00:00,372.6,376.69,371.74,372.57,946987,372.6,376.69,371.74,372.57,946987,0.0,1.0
2024-10-04 00:00:00+00:00,371.45,379.48,368.11,376.38,1095140,371.45,379.48,368.11,376.38,1095140,0.0,1.0
2024-10-07 00:00:00+00:00,362.95,371.0,362.31,369.36,1749213,362.95,371.0,362.31,369.36,1749213,0.0,1.0
2024-10-08 00:00:00+00:00,370.38,371.9528,365.03,366.58,1023544,370.38,371.9528,365.03,366.58,1023544,0.0,1.0
2024-10-09 00:00:00+00:00,373.98,376.14,368.35,370.0,1061222,373.98,376.14,368.35,370.0,1061222,0.0,1.0
2024-10-10 00:00:00+00:00,378.0,382.7675,375.0,375.0,1681037,378.0,382.7675,375.0,375.0,1681037,0.0,1.0
2024-10-11 00:00:00+00:00,373.7,380.0,373.39,379.11,1260659,373.7,380.0,373.39,379.11,1260659,0.0,1.0
2024-10-14 00:00:00+00:00,372.5,377.18,370.23,375.0,949663,372.5,377.18,370.23,375.0,949663,0.0,1.0
2024-10-15 00:00:00+00:00,372.6,374.2,364.2564,373.61,1085494,372.6,374.2,364.2564,373.61,1085494,0.0,1.0
2024-10-16 00:00:00+00:00,371.69,376.86,368.41,375.0,997206,371.69,376.86,368.41,375.0,997206,0.0,1.0
2024-10-17 00:00:00+00:00,366.75,373.9899,366.65,372.38,1242624,366.75,373.9899,366.65,372.38,1242624,0.0,1.0
2024-10-18 00:00:00+00:00,378.88,384.21,369.42,370.0,1680980,378.88,384.21,369.42,370.0,1680980,0.0,1.0
2024-10-21 00:00:00+00:00,381.97,382.55,376.06,377.43,1091979,381.97,382.55,376.06,377.43,1091979,0.0,1.0
2024-10-22 00:00:00+00:00,387.63,389.48,381.8,381.99,1945597,387.63,389.48,381.8,381.99,1945597,0.0,1.0
2024-10-23 00:00:00+00:00,379.84,388.73,378.9,387.63,1289776,379.84,388.73,378.9,387.63,1289776,0.0,1.0
2024-10-24 00:00:00+00:00,376.87,383.59,376.03,382.0,897584,376.87,383.59,376.03,382.0,897584,0.0,1.0
2024-10-25 00:00:00+00:00,379.16,382.9999,376.0,376.7,789763,379.16,382.9999,376.0,376.7,789763,0.0,1.0
2024-10-28 00:00:00+00:00,384.36,388.555,381.1,388.0,1301059,384.36,388.555,381.1,388.0,1301059,0.0,1.0
2024-10-29 00:00:00+00:00,391.23,397.195,384.22,386.7,1923330,391.23,397.195,384.22,386.7,1923330,0.0,1.0
2024-10-30 00:00:00+00:00,394.02,395.68,389.14,391.68,1345886,394.02,395.68,389.14,391.68,1345886,0.0,1.0
2024-10-31 00:00:00+00:00,385.1,393.74,381.67,390.08,1786507,385.1,393.74,381.67,390.08,1786507,0.0,1.0
2024-11-01 00:00:00+00:00,384.5,389.33,380.63,382.51,1545695,384.5,389.33,380.63,382.51,1545695,0.0,1.0
2024-11-04 00:00:00+00:00,377.73,383.745,377.11,380.94,1235306,377.73,383.745,377.11,380.94,1235306,0.0,1.0
2024-11-05 00:00:00+00:00,382.63,384.07,378.38,380.27,1019523,382.63,384.07,378.38,380.27,1019523,0.0,1.0
2024-11-06 00:00:00+00:00,391.16,392.12,376.04,386.1,2029672,391.16,392.12,376.04,386.1,2029672,0.0,1.0
2024-11-07 00:00:00+00:00,399.84,403.76,391.42,399.0,2694520,399.84,403.76,391.42,399.0,2694520,0.0,1.0
2024-11-08 00:00:00+00:00,400.68,405.93,397.33,399.15,2038256,400.68,405.93,397.33,399.15,2038256,0.0,1.0
2024-11-11 00:00:00+00:00,410.19,412.95,404.79,405.11,3289863,410.19,412.95,404.79,405.11,3289863,0.0,1.0
2024-11-12 00:00:00+00:00,419.39,420.0,411.4,415.81,6596682,419.39,420.0,411.4,415.81,6596682,0.0,1.0
2024-11-13 00:00:00+00:00,467.37,473.0,445.0001,460.26,12048765,467.37,473.0,445.0001,460.26,12048765,0.0,1.0
2024-11-14 00:00:00+00:00,477.5,489.69,466.36,471.0,5040192,477.5,489.69,466.36,471.0,5040192,0.0,1.0
2024-11-15 00:00:00+00:00,458.32,474.0,457.54,474.0,3024154,458.32,474.0,457.54,474.0,3024154,0.0,1.0
2024-11-18 00:00:00+00:00,454.36,460.64,452.49,460.64,2950157,454.36,460.64,452.49,460.64,2950157,0.0,1.0
2024-11-19 00:00:00+00:00,463.83,465.21,450.0,454.3,2799585,463.83,465.21,450.0,454.3,2799585,0.0,1.0
2024-11-20 00:00:00+00:00,470.01,473.0,460.6487,467.78,2386422,470.01,473.0,460.6487,467.78,2386422,0.0,1.0
2024-11-21 00:00:00+00:00,470.7,473.62,465.5035,468.22,2181792,470.7,473.62,465.5035,468.22,2181792,0.0,1.0
2024-11-22 00:00:00+00:00,475.04,480.09,469.49,471.81,2296207,475.04,480.09,469.49,471.81,2296207,0.0,1.0
2024-11-25 00:00:00+00:00,481.38,485.46,466.88,483.35,27687736,481.38,485.46,466.88,483.35,27687736,0.0,1.0
2024-11-26 00:00:00+00:00,476.61,482.72,474.335,477.55,2660794,476.61,482.72,474.335,477.55,2660794,0.0,1.0
2024-11-27 00:00:00+00:00,475.24,484.29,473.175,480.3,2045599,475.24,484.29,473.175,480.3,2045599,0.0,1.0
2024-11-29 00:00:00+00:00,476.96,478.87,473.33,475.72,981171,476.96,478.87,473.33,475.72,981171,0.0,1.0
2024-12-02 00:00:00+00:00,480.27,482.38,473.01,478.765,2040172,480.27,482.38,473.01,478.765,2040172,0.0,1.0
2024-12-03 00:00:00+00:00,493.32,494.0,477.0,477.28,2160288,493.32,494.0,477.0,477.28,2160288,0.0,1.0
2024-12-04 00:00:00+00:00,502.38,506.4729,490.2277,493.5,2489107,502.38,506.4729,490.2277,493.5,2489107,0.0,1.0
2024-12-05 00:00:00+00:00,493.51,495.06,480.66,492.6,2241048,493.51,495.06,480.66,492.6,2241048,0.0,1.0
2024-12-06 00:00:00+00:00,498.63,499.02,487.69,495.22,1841230,498.63,499.02,487.69,495.22,1841230,0.0,1.0
2024-12-09 00:00:00+00:00,482.52,497.0,481.0,496.52,2903253,482.52,497.0,481.0,496.52,2903253,0.0,1.0
2024-12-10 00:00:00+00:00,471.58,488.4291,465.3401,480.0,2783808,471.58,488.4291,465.3401,480.0,2783808,0.0,1.0
2024-12-11 00:00:00+00:00,476.91,478.94,469.505,474.98,1948991,476.91,478.94,469.505,474.98,1948991,0.0,1.0
2024-12-12 00:00:00+00:00,480.11,487.8199,475.0,477.0,1607411,480.11,487.8199,475.0,477.0,1607411,0.0,1.0
2024-12-13 00:00:00+00:00,483.31,484.6,474.54,479.585,1432067,483.31,484.6,474.54,479.585,1432067,0.0,1.0
2024-12-16 00:00:00+00:00,484.9,490.665,481.742,483.04,1398768,484.9,490.665,481.742,483.04,1398768,0.0,1.0
2024-12-17 00:00:00+00:00,474.37,483.82,471.7001,479.91,1915549,474.37,483.82,471.7001,479.91,1915549,0.0,1.0
2024-12-18 00:00:00+00:00,448.65,482.67,446.78,479.5,3386824,448.65,482.67,446.78,479.5,3386824,0.0,1.0
2024-12-19 00:00:00+00:00,454.16,460.78,450.01,453.92,1858703,454.16,460.78,450.01,453.92,1858703,0.0,1.0
2024-12-20 00:00:00+00:00,460.88,464.465,444.17,445.27,1834616,460.88,464.465,444.17,445.27,1834616,0.0,1.0
2024-12-23 00:00:00+00:00,456.29,462.5,451.0,462.0,1659292,456.29,462.5,451.0,462.0,1659292,0.0,1.0
2024-12-24 00:00:00+00:00,461.64,462.69,455.9,456.82,522347,461.64,462.69,455.9,456.82,522347,0.0,1.0
2024-12-26 00:00:00+00:00,457.98,460.91,455.28,458.0,1146080,457.98,460.91,455.28,458.0,1146080,0.0,1.0
2024-12-27 00:00:00+00:00,456.48,459.0,449.495,456.12,963814,456.48,459.0,449.495,456.12,963814,0.0,1.0
2024-12-30 00:00:00+00:00,451.79,455.17,444.85,450.0,1604819,451.79,455.17,444.85,450.0,1604819,0.0,1.0
2024-12-31 00:00:00+00:00,447.38,453.11,446.21,451.76,763812,447.38,453.11,446.21,451.76,763812,0.0,1.0
2025-01-02 00:00:00+00:00,457.79,460.27,443.21,450.58,1092708,457.79,460.27,443.21,450.58,1092708,0.0,1.0
2025-01-03 00:00:00+00:00,466.69,472.8,459.5,459.95,1185911,466.69,472.8,459.5,459.95,1185911,0.0,1.0
2025-01-06 00:00:00+00:00,468.93,474.3134,460.6001,469.44,1752124,468.93,474.3134,460.6001,469.44,1752124,0.0,1.0
2025-01-07 00:00:00+00:00,463.93,472.97,454.7133,472.0,1261128,463.93,472.97,454.7133,472.0,1261128,0.0,1.0
2025-01-08 00:00:00+00:00,479.73,482.0599,460.93,462.71,2154777,479.73,482.0599,460.93,462.71,2154777,0.0,1.0
2025-01-10 00:00:00+00:00,459.53,479.43,456.25,476.0,2966474,459.53,479.43,456.25,476.0,2966474,0.0,1.0
2025-01-13 00:00:00+00:00,458.54,463.5,451.4284,452.43,1345100,458.54,463.5,451.4284,452.43,1345100,0.0,1.0
2025-01-14 00:00:00+00:00,463.59,469.39,460.33,463.39,1140718,463.59,469.39,460.33,463.39,1140718,0.0,1.0
2025-01-15 00:00:00+00:00,490.69,492.18,476.06,476.12,2053740,490.69,492.18,476.06,476.12,2053740,0.0,1.0
2025-01-16 00:00:00+00:00,490.34,500.48,488.23,490.81,1376902,490.34,500.48,488.23,490.81,1376902,0.0,1.0
2025-01-17 00:00:00+00:00,485.53,490.78,480.005,487.0,2021656,485.53,490.78,480.005,487.0,2021656,0.0,1.0
2025-01-21 00:00:00+00:00,487.51,500.86,476.52,497.36,2133343,487.51,500.86,476.52,497.36,2133343,0.0,1.0
2025-01-22 00:00:00+00:00,493.56,510.84,493.03,509.0,1867070,493.56,510.84,493.03,509.0,1867070,0.0,1.0
2025-01-23 00:00:00+00:00,501.5,501.61,488.002,490.0,892706,501.5,501.61,488.002,490.0,892706,0.0,1.0
2025-01-24 00:00:00+00:00,510.43,512.01,501.475,507.82,1778329,510.43,512.01,501.475,507.82,1778329,0.0,1.0
2025-01-27 00:00:00+00:00,513.98,516.5829,488.04,495.11,2445419,513.98,516.5829,488.04,495.11,2445419,0.0,1.0
2025-01-28 00:00:00+00:00,530.8,536.995,510.7189,518.0,2243645,530.8,536.995,510.7189,518.0,2243645,0.0,1.0
2025-01-29 00:00:00+00:00,538.83,543.86,528.19,529.97,1902110,538.83,543.86,528.19,529.97,1902110,0.0,1.0
2025-01-30 00:00:00+00:00,550.13,558.31,541.585,544.0,2045476,550.13,558.31,541.585,544.0,2045476,0.0,1.0
2025-01-31 00:00:00+00:00,548.55,560.36,546.56,550.0,1562330,548.55,560.36,546.56,550.0,1562330,0.0,1.0
2025-02-03 00:00:00+00:00,549.08,554.6958,534.8937,538.92,2536322,549.08,554.6958,534.8937,538.92,2536322,0.0,1.0
2025-02-04 00:00:00+00:00,621.77,623.4,581.07,595.99,6757342,621.77,623.4,581.07,595.99,6757342,0.0,1.0
2025-02-05 00:00:00+00:00,626.0,630.77,607.3,608.85,4609123,626.0,630.77,607.3,608.85,4609123,0.0,1.0
2025-02-06 00:00:00+00:00,625.87,628.5,618.01,628.5,1857088,625.87,628.5,618.01,628.5,1857088,0.0,1.0
2025-02-07 00:00:00+00:00,622.99,632.45,620.69,628.37,2318501,622.99,632.45,620.69,628.37,2318501,0.0,1.0
2025-02-10 00:00:00+00:00,637.69,642.27,621.23,629.59,2133450,637.69,642.27,621.23,629.59,2133450,0.0,1.0
2025-02-11 00:00:00+00:00,623.15,635.45,619.002,628.0,1662124,623.15,635.45,619.002,628.0,1662124,0.0,1.0
2025-02-12 00:00:00+00:00,640.59,648.2723,623.71,626.56,1804749,640.59,648.2723,623.71,626.56,1804749,0.0,1.0
2025-02-13 00:00:00+00:00,648.32,652.6279,640.05,647.12,1630535,648.32,652.6279,640.05,647.12,1630535,0.0,1.0
2025-02-14 00:00:00+00:00,638.18,648.0,626.1,643.76,2120601,638.18,648.0,626.1,643.76,2120601,0.0,1.0
2025-02-18 00:00:00+00:00,630.56,646.98,625.64,639.04,1934356,630.56,646.98,625.64,639.04,1934356,0.0,1.0
2025-02-19 00:00:00+00:00,642.73,643.0,624.25,638.0,1474374,642.73,643.0,624.25,638.0,1474374,0.0,1.0
2025-02-20 00:00:00+00:00,636.77,638.79,615.15,635.5,1907651,636.77,638.79,615.15,635.5,1907651,0.0,1.0
2025-02-21 00:00:00+00:00,607.38,639.012,605.557,636.37,2198670,607.38,639.012,605.557,636.37,2198670,0.0,1.0
2025-02-24 00:00:00+00:00,601.61,621.91,592.98,612.3,2078629,601.61,621.91,592.98,612.3,2078629,0.0,1.0
2025-02-25 00:00:00+00:00,588.57,599.12,575.535,597.22,2822820,588.57,599.12,575.535,597.22,2822820,0.0,1.0
2025-02-26 00:00:00+00:00,603.13,608.5294,592.89,595.62,2629946,603.13,608.5294,592.89,595.62,2629946,0.0,1.0
2025-02-27 00:00:00+00:00,590.76,613.0,586.0,611.0,1191837,590.76,613.0,586.0,611.0,1191837,0.0,1.0
2025-02-28 00:00:00+00:00,608.01,609.92,580.0,584.25,4531895,608.01,609.92,580.0,584.25,4531895,0.0,1.0
2025-03-03 00:00:00+00:00,599.86,626.56,593.77,610.6,1576810,599.86,626.56,593.77,610.6,1576810,0.0,1.0
2025-03-04 00:00:00+00:00,584.14,590.7099,560.1,588.25,2987516,584.14,590.7099,560.1,588.25,2987516,0.0,1.0
2025-03-05 00:00:00+00:00,586.83,587.27,569.08,584.27,1790177,586.83,587.27,569.08,584.27,1790177,0.0,1.0
2025-03-06 00:00:00+00:00,543.41,581.34,534.2201,570.01,2964348,543.41,581.34,534.2201,570.01,2964348,0.0,1.0
2025-03-07 00:00:00+00:00,532.1,548.84,506.49,540.52,3827023,532.1,548.84,506.49,540.52,3827023,0.0,1.0
2025-03-10 00:00:00+00:00,489.24,513.2,483.65,508.12,5799766,489.24,513.2,483.65,508.12,5799766,0.0,1.0
2025-03-11 00:00:00+00:00,508.44,513.78,487.16,490.4,4055755,508.44,513.78,487.16,490.4,4055755,0.0,1.0
2025-03-12 00:00:00+00:00,535.84,552.6549,524.145,544.46,3695454,535.84,552.6549,524.145,544.46,3695454,0.0,1.0
2025-03-13 00:00:00+00:00,537.91,545.395,525.49,534.6,2532419,537.91,545.395,525.49,534.6,2532419,0.0,1.0
2025-03-14 00:00:00+00:00,574.79,576.62,546.95,548.255,3240392,574.79,576.62,546.95,548.255,3240392,0.0,1.0
2025-03-17 00:00:00+00:00,597.46,604.11,570.07,570.07,2802947,597.46,604.11,570.07,570.07,2802947,0.0,1.0
2025-03-18 00:00:00+00:00,569.48,603.2,564.0,593.3,2288737,569.48,603.2,564.0,593.3,2288737,0.0,1.0
2025-03-19 00:00:00+00:00,586.23,594.6891,557.41,571.97,2239736,586.23,594.6891,557.41,571.97,2239736,0.0,1.0
2025-03-20 00:00:00+00:00,594.55,598.16,580.0,580.0,2526690,594.55,598.16,580.0,580.0,2526690,0.0,1.0
2025-03-21 00:00:00+00:00,599.94,603.21,586.65,591.87,2544198,599.94,603.21,586.65,591.87,2544198,0.0,1.0
2025-03-24 00:00:00+00:00,604.71,618.1368,597.09,617.0,1923078,604.71,618.1368,597.09,617.0,1923078,0.0,1.0
2025-03-25 00:00:00+00:00,615.88,621.2,606.0,606.87,1573443,615.88,621.2,606.0,606.87,1573443,0.0,1.0
2025-03-26 00:00:00+00:00,576.35,610.015,574.96,607.58,2827665,576.35,610.015,574.96,607.58,2827665,0.0,1.0
2025-03-27 00:00:00+00:00,580.22,588.73,562.57,569.15,2206142,580.22,588.73,562.57,569.15,2206142,0.0,1.0
2025-03-28 00:00:00+00:00,561.16,590.83,556.0,576.67,1921337,561.16,590.83,556.0,576.67,1921337,0.0,1.0
2025-03-31 00:00:00+00:00,550.03,551.39,525.8063,545.0,3179863,550.03,551.39,525.8063,545.0,3179863,0.0,1.0
2025-04-01 00:00:00+00:00,551.73,552.86,540.0001,547.2,1612707,551.73,552.86,540.0001,547.2,1612707,0.0,1.0
2025-04-02 00:00:00+00:00,565.41,578.94,542.98,545.18,1933088,565.41,578.94,542.98,545.18,1933088,0.0,1.0
2025-04-03 00:00:00+00:00,558.42,569.73,540.67,544.69,2962624,558.42,569.73,540.67,544.69,2962624,0.0,1.0
2025-04-04 00:00:00+00:00,503.3,539.4,495.1901,535.0,4150324,503.3,539.4,495.1901,535.0,4150324,0.0,1.0
2025-04-07 00:00:00+00:00,518.97,555.0,475.01,477.51,3893943,518.97,555.0,475.01,477.51,3893943,0.0,1.0
2025-04-08 00:00:00+00:00,518.35,558.0,507.8,558.0,3305860,518.35,558.0,507.8,558.0,3305860,0.0,1.0
2025-04-09 00:00:00+00:00,569.06,577.3063,511.7,513.99,3519003,569.06,577.3063,511.7,513.99,3519003,0.0,1.0
2025-04-10 00:00:00+00:00,553.02,565.9999,537.0,560.9,1990390,553.02,565.9999,537.0,560.9,1990390,0.0,1.0
2025-04-11 00:00:00+00:00,543.66,567.09,542.0,552.41,2154400,543.66,567.09,542.0,552.41,2154400,0.0,1.0
2025-04-14 00:00:00+00:00,549.17,565.0,539.6545,562.0,2125186,549.17,565.0,539.6545,562.0,2125186,0.0,1.0
2025-04-15 00:00:00+00:00,572.39,577.81,548.545,556.0,2284971,572.39,577.81,548.545,556.0,2284971,0.0,1.0
2025-04-16 00:00:00+00:00,563.07,573.6799,553.0001,564.48,1895786,563.07,573.6799,553.0001,564.48,1895786,0.0,1.0
2025-04-17 00:00:00+00:00,574.25,578.45,560.1609,565.79,1733203,574.25,578.45,560.1609,565.79,1733203,0.0,1.0
2025-04-21 00:00:00+00:00,558.82,593.8399,555.605,584.0,1854635,558.82,593.8399,555.605,584.0,1854635,0.0,1.0
2025-04-22 00:00:00+00:00,590.39,598.9,572.25,573.85,2592996,590.39,598.9,572.25,573.85,2592996,0.0,1.0
2025-04-23 00:00:00+00:00,592.7,614.0999,587.36,610.0,1921729,592.7,614.0999,587.36,610.0,1921729,0.0,1.0
2025-04-24 00:00:00+00:00,605.95,611.8621,593.87,593.87,1556559,605.95,611.8621,593.87,593.87,1556559,0.0,1.0
2025-04-25 00:00:00+00:00,620.72,624.09,599.27,604.99,2586422,620.72,624.09,599.27,604.99,2586422,0.0,1.0
2025-04-28 00:00:00+00:00,597.73,627.5,595.0,627.5,3939380,597.73,627.5,595.0,627.5,3939380,0.0,1.0
2025-04-29 00:00:00+00:00,576.94,590.9999,540.1,558.0,10270289,576.94,590.9999,540.1,558.0,10270289,0.0,1.0
2025-04-30 00:00:00+00:00,613.98,615.25,565.02,571.8,4234041,613.98,615.25,565.02,571.8,4234041,0.0,1.0
2025-05-01 00:00:00+00:00,602.26,610.88,594.0,606.1,2329208,602.26,610.88,594.0,606.1,2329208,0.0,1.0
2025-05-02 00:00:00+00:00,644.0,653.32,612.0,614.98,4851723,644.0,653.32,612.0,614.98,4851723,0.0,1.0
2025-05-05 00:00:00+00:00,637.65,646.0,625.61,628.58,1720017,637.65,646.0,625.61,628.58,1720017,0.0,1.0
2025-05-06 00:00:00+00:00,632.85,639.98,627.92,632.2,1421732,632.85,639.98,627.92,632.2,1421732,0.0,1.0
2025-05-07 00:00:00+00:00,657.1,659.9999,633.09,633.09,2595444,657.1,659.9999,633.09,633.09,2595444,0.0,1.0
2025-05-08 00:00:00+00:00,655.26,663.55,643.63,659.0,1633535,655.26,663.55,643.63,659.0,1633535,0.0,1.0
2025-05-09 00:00:00+00:00,648.25,660.8068,638.43,659.0,1211472,648.25,660.8068,638.43,659.0,1211472,0.0,1.0
2025-05-12 00:00:00+00:00,620.81,632.21,602.0,627.93,3746451,620.81,632.21,602.0,627.93,3746451,0.0,1.0
2025-05-13 00:00:00+00:00,620.07,635.4575,615.12,626.54,2404159,620.07,635.4575,615.12,626.54,2404159,0.0,1.0
2025-05-14 00:00:00+00:00,633.23,640.22,617.5,617.5,2293055,633.23,640.22,617.5,617.5,2293055,0.0,1.0
2025-05-15 00:00:00+00:00,640.18,647.47,626.0,628.62,1462073,640.18,647.47,626.0,628.62,1462073,0.0,1.0
2025-05-16 00:00:00+00:00,656.3,658.5234,646.0,648.5,2231428,656.3,658.5234,646.0,648.5,2231428,0.0,1.0
2025-05-19 00:00:00+00:00,664.62,669.0,646.08,649.0,1977269,664.62,669.0,646.08,649.0,1977269,0.0,1.0
2025-05-20 00:00:00+00:00,658.61,663.89,651.12,662.66,1390155,658.61,663.89,651.12,662.66,1390155,0.0,1.0
2025-05-21 00:00:00+00:00,643.0,663.39,638.0,656.12,2158614,643.0,663.39,638.0,656.12,2158614,0.0,1.0
2025-05-22 00:00:00+00:00,636.75,651.01,635.25,646.1,2505057,636.75,651.01,635.25,646.1,2505057,0.0,1.0
2025-05-23 00:00:00+00:00,653.82,658.5189,628.9,634.11,1885051,653.82,658.5189,628.9,634.11,1885051,0.0,1.0
2025-05-27 00:00:00+00:00,653.4,671.2399,652.69,655.98,1706132,653.4,671.2399,652.69,655.98,1706132,0.0,1.0
2025-05-28 00:00:00+00:00,663.96,664.5395,651.1293,652.88,1299412,663.96,664.5395,651.1293,652.88,1299412,0.0,1.0
2025-05-29 00:00:00+00:00,636.67,665.0,634.26,659.85,1942420,636.67,665.0,634.26,659.85,1942420,0.0,1.0
2025-05-30 00:00:00+00:00,665.14,669.26,637.2001,645.0,3167384,665.14,669.26,637.2001,645.0,3167384,0.0,1.0
2025-06-02 00:00:00+00:00,672.0,674.9989,656.84,660.0,1861415,672.0,674.9989,656.84,660.0,1861415,0.0,1.0
2025-06-03 00:00:00+00:00,671.07,678.5699,665.9,675.76,1496994,671.07,678.5699,665.9,675.76,1496994,0.0,1.0
2025-06-04 00:00:00+00:00,701.08,708.19,676.025,677.0,2524650,701.08,708.19,676.025,677.0,2524650,0.0,1.0
2025-06-05 00:00:00+00:00,712.82,717.87,700.92,704.18,2006615,712.82,717.87,700.92,704.18,2006615,0.0,1.0
2025-06-06 00:00:00+00:00,712.26,716.64,707.48,714.25,937201,712.26,716.64,707.48,714.25,937201,0.0,1.0
2025-06-09 00:00:00+00:00,699.11,710.855,689.59,708.69,1145516,699.11,710.855,689.59,708.69,1145516,0.0,1.0
2025-06-10 00:00:00+00:00,693.32,706.025,672.3602,704.23,1695213,693.32,706.025,672.3602,704.23,1695213,0.0,1.0
2025-06-11 00:00:00+00:00,709.14,714.71,692.0,695.0,1238556,709.14,714.71,692.0,695.0,1238556,0.0,1.0
2025-06-12 00:00:00+00:00,702.82,710.0,696.0,707.01,1021668,702.82,710.0,696.0,707.01,1021668,0.0,1.0
2025-06-13 00:00:00+00:00,710.85,710.89,691.21,694.76,1125775,710.85,710.89,691.21,694.76,1125775,0.0,1.0
2025-06-16 00:00:00+00:00,715.57,723.7,709.15,709.15,1340037,715.57,723.7,709.15,709.15,1340037,0.0,1.0
2025-06-17 00:00:00+00:00,721.28,728.8,710.705,717.55,1099357,721.28,728.8,710.705,717.55,1099357,0.0,1.0
2025-06-18 00:00:00+00:00,710.19,723.99,703.48,719.47,1602388,710.19,723.99,703.48,719.47,1602388,0.0,1.0
2025-06-20 00:00:00+00:00,707.42,723.71,706.91,714.5,1528746,707.42,723.71,706.91,714.5,1528746,0.0,1.0
2025-06-23 00:00:00+00:00,731.15,732.86,702.0,707.18,1855511,731.15,732.86,702.0,707.18,1855511,0.0,1.0
2025-06-24 00:00:00+00:00,749.91,754.2123,729.795,733.9,1591104,749.91,754.2123,729.795,733.9,1591104,0.0,1.0
2025-06-25 00:00:00+00:00,736.3,759.17,735.6065,752.7,1159632,736.3,759.17,735.6065,752.7,1159632,0.0,1.0
2025-06-26 00:00:00+00:00,775.9,777.385,742.625,744.58,2555256,775.9,777.385,742.625,744.58,2555256,0.0,1.0
2025-06-27 00:00:00+00:00,772.6,785.0,767.0174,780.3,2793907,772.6,785.0,767.0174,780.3,2793907,0.0,1.0
2025-06-30 00:00:00+00:00,767.34,778.33,750.28,776.99,1933251,767.34,778.33,750.28,776.99,1933251,0.0,1.0
2025-07-01 00:00:00+00:00,722.35,769.7104,718.03,766.93,2725725,722.35,769.7104,718.03,766.93,2725725,0.0,1.0
2025-07-02 00:00:00+00:00,709.5,734.0,703.98,725.0,2788473,709.5,734.0,703.98,725.0,2788473,0.0,1.0
2025-07-03 00:00:00+00:00,725.05,725.55,704.55,713.0,1078903,725.05,725.55,704.55,713.0,1078903,0.0,1.0
2025-07-07 00:00:00+00:00,736.29,737.69,712.0,721.72,1556397,736.29,737.69,712.0,721.72,1556397,0.0,1.0
2025-07-08 00:00:00+00:00,721.39,743.99,709.99,738.45,1774509,721.39,743.99,709.99,738.45,1774509,0.0,1.0
2025-07-09 00:00:00+00:00,722.12,731.98,713.5,722.44,1362432,722.12,731.98,713.5,722.44,1362432,0.0,1.0
2025-07-10 00:00:00+00:00,709.95,726.8242,699.0,720.57,1338494,709.95,726.8242,699.0,720.57,1338494,0.0,1.0
2025-07-11 00:00:00+00:00,709.15,714.1,699.825,709.0,1267747,709.15,714.1,699.825,709.0,1267747,0.0,1.0
2025-07-14 00:00:00+00:00,717.49,723.87,707.15,711.89,1257006,717.49,723.87,707.15,711.89,1257006,0.0,1.0
2025-07-15 00:00:00+00:00,710.46,718.24,696.66,717.49,1809742,710.46,718.24,696.66,717.49,1809742,0.0,1.0
2025-07-16 00:00:00+00:00,705.55,712.85,698.635,705.49,1337145,705.55,712.85,698.635,705.49,1337145,0.0,1.0
2025-07-17 00:00:00+00:00,720.91,724.775,693.48,703.08,1658809,720.91,724.775,693.48,703.08,1658809,0.0,1.0
2025-07-18 00:00:00+00:00,695.48,719.0,685.47,713.15,2149882,695.48,719.0,685.47,713.15,2149882,0.0,1.0
2025-07-21 00:00:00+00:00,706.88,707.51,689.1326,692.75,1296378,706.88,707.51,689.1326,692.75,1296378,0.0,1.0
2025-07-22 00:00:00+00:00,675.74,713.17,674.99,709.49,2041674,675.74,713.17,674.99,709.49,2041674,0.0,1.0
2025-07-23 00:00:00+00:00,674.46,680.0,665.25,680.0,2190334,674.46,680.0,665.25,680.0,2190334,0.0,1.0
2025-07-24 00:00:00+00:00,681.42,699.5,678.19,694.15,1906040,681.42,699.5,678.19,694.15,1906040,0.0,1.0
2025-07-25 00:00:00+00:00,693.1,702.3,678.73,681.53,1757532,693.1,702.3,678.73,681.53,1757532,0.0,1.0
2025-07-28 00:00:00+00:00,700.98,710.0,686.0677,686.22,2030399,700.98,710.0,686.0677,686.22,2030399,0.0,1.0
2025-07-29 00:00:00+00:00,620.01,663.99,615.63,657.53,11468148,620.01,663.99,615.63,657.53,11468148,0.0,1.0
2025-07-30 00:00:00+00:00,650.47,657.78,619.0,623.0,5872186,650.47,657.78,619.0,623.0,5872186,0.0,1.0
2025-07-31 00:00:00+00:00,626.54,662.0,624.495,654.81,3678684,626.54,662.0,624.495,654.81,3678684,0.0,1.0
2025-08-01 00:00:00+00:00,627.15,641.25,618.9239,622.0,2531546,627.15,641.25,618.9239,622.0,2531546,0.0,1.0
2025-08-04 00:00:00+00:00,658.59,677.0,658.58,661.0,3764875,658.59,677.0,658.58,661.0,3764875,0.0,1.0
2025-08-05 00:00:00+00:00,647.0,659.645,637.43,655.0,2135927,647.0,659.645,637.43,655.0,2135927,0.0,1.0
2025-08-06 00:00:00+00:00,666.81,667.2371,645.97,651.78,2208167,666.81,667.2371,645.97,651.78,2208167,0.0,1.0
2025-08-07 00:00:00+00:00,686.74,690.41,668.0,668.0,2444948,686.74,690.41,668.0,668.0,2444948,0.0,1.0
2025-08-08 00:00:00+00:00,705.89,717.27,690.5,692.92,2361986,705.89,717.27,690.5,692.92,2361986,0.0,1.0
