date,close,high,low,open,volume,adjClose,adjHigh,adjLow,adjOpen,adjVolume,divCash,splitFactor
2018-01-02 00:00:00+00:00,41.02,41.05,40.42,40.51,4983999,34.0500682331,34.0749707696,33.5520175032,33.6267251127,4983999,0.0,1.0
2018-01-03 00:00:00+00:00,41.71,41.81,41.44,41.59,6963207,34.6228265725,34.7058350275,34.398703744,34.5232164265,6963207,0.0,1.0
2018-01-04 00:00:00+00:00,41.49,42.0,41.45,41.92,4876605,34.4402079715,34.8635510919,34.4070045895,34.7971443279,4876605,0.0,1.0
2018-01-05 00:00:00+00:00,42.46,42.57,41.79,41.89,5330763,35.2453899848,35.3366992853,34.6892333365,34.7722417914,5330763,0.0,1.0
2018-01-08 00:00:00+00:00,42.44,42.48,42.19,42.4,3538166,35.2287882938,35.2619916758,35.0212671564,35.1955849118,3538166,0.0,1.0
2018-01-09 00:00:00+00:00,42.18,42.5,42.13,42.49,5729886,35.0129663109,35.2785933668,34.9714620834,35.2702925213,5729886,0.0,1.0
2018-01-10 00:00:00+00:00,41.3,41.45,40.72,41.35,7102744,34.2824919071,34.4070045895,33.8010428682,34.3239961345,7102744,0.0,1.0
2018-01-11 00:00:00+00:00,41.03,41.4,40.95,41.22,5701803,34.0583690786,34.365500362,33.9919623146,34.2160851431,5701803,0.0,1.0
2018-01-12 00:00:00+00:00,41.19,41.3,40.76,41.04,5028042,34.1911826066,34.2824919071,33.8342462502,34.0666699241,5028042,0.0,1.0
2018-01-16 00:00:00+00:00,42.23,42.35,41.81,42.01,9081596,35.0544705384,35.1540806844,34.7058350275,34.8718519374,9081596,0.0,1.0
2018-01-17 00:00:00+00:00,43.13,43.27,42.5,42.66,7117676,35.8015466332,35.9177584702,35.2785933668,35.4114068948,7117676,0.0,1.0
2018-01-18 00:00:00+00:00,44.57,44.85,43.5,43.86,11866214,36.9968683849,37.2292920589,36.1086779166,36.4075083546,11866214,0.0,1.0
2018-01-19 00:00:00+00:00,44.67,45.54,44.58,45.07,6543691,37.0798768399,37.8020503982,37.0051692304,37.4119106598,6543691,0.0,1.0
2018-01-22 00:00:00+00:00,46.38,46.4,45.94,46.0,8335803,38.4993214201,38.5159231111,38.1340842182,38.1838892911,8335803,0.0,1.0
2018-01-23 00:00:00+00:00,46.28,46.57,46.06,46.48,5659918,38.4163129651,38.6570374845,38.2336943641,38.5823298751,5659918,0.0,1.0
2018-01-24 00:00:00+00:00,45.33,45.67,45.25,45.64,7400619,37.6277326428,37.9099613897,37.5613258788,37.8850588532,7400619,0.0,1.0
2018-01-25 00:00:00+00:00,45.1,45.78,45.04,45.71,7655744,37.4368131963,38.0012706902,37.3870081233,37.9431647717,7655744,0.0,1.0
2018-01-26 00:00:00+00:00,45.72,45.74,45.03,45.5,7057308,37.9514656172,37.9680673082,37.3787072778,37.7688470162,7057308,0.0,1.0
2018-01-29 00:00:00+00:00,45.4,45.69,45.2,45.47,11604440,37.6858385613,37.9265630807,37.5198216513,37.7439444798,11604440,0.0,1.0
2018-01-30 00:00:00+00:00,44.88,45.03,44.4,44.57,10224612,37.2541945954,37.3787072778,36.8557540115,36.9968683849,10224612,0.0,1.0
2018-01-31 00:00:00+00:00,45.31,45.8,45.12,45.43,6333308,37.6111309518,38.0178723812,37.4534148873,37.7107410978,6333308,0.0,1.0
2018-02-01 00:00:00+00:00,45.45,45.93,45.3,45.33,6706450,37.7273427888,38.1257833727,37.6028301063,37.6277326428,6706450,0.0,1.0
2018-02-02 00:00:00+00:00,44.51,45.32,44.45,45.01,12051826,36.9470633119,37.6194317973,36.8972582389,37.3621055868,12051826,0.0,1.0
2018-02-05 00:00:00+00:00,42.95,44.81,42.81,44.05,11748286,35.6521314142,37.1960886769,35.5359195773,36.565224419,11748286,0.0,1.0
2018-02-06 00:00:00+00:00,43.59,43.7,42.1,42.27,13414082,36.1833855261,36.2746948266,34.9465595469,35.0876739204,13414082,0.0,1.0
2018-02-07 00:00:00+00:00,41.88,42.99,41.88,42.99,15239465,34.7639409459,35.6853347962,34.7639409459,35.6853347962,15239465,0.0,1.0
2018-02-08 00:00:00+00:00,40.36,42.12,40.36,42.11,11356007,33.5022124302,34.9631612379,33.5022124302,34.9548603924,11356007,0.0,1.0
2018-02-09 00:00:00+00:00,41.47,41.68,39.96,40.74,10588441,34.4236062805,34.597924036,33.1701786103,33.8176445592,10588441,0.0,1.0
2018-02-12 00:00:00+00:00,42.53,42.79,41.96,42.03,6573345,35.3034959033,35.5193178863,34.8303477099,34.8884536284,6573345,0.0,1.0
2018-02-13 00:00:00+00:00,42.38,42.66,41.88,42.54,5831887,35.1789832208,35.4114068948,34.7639409459,35.3117967488,5831887,0.0,1.0
2018-02-14 00:00:00+00:00,43.05,43.09,41.92,42.17,6860094,35.7351398692,35.7683432512,34.7971443279,35.0046654654,6860094,0.0,1.0
2018-02-15 00:00:00+00:00,43.52,43.75,42.75,43.52,6116541,36.1252796076,36.3161990541,35.4861145043,36.1252796076,6116541,0.0,1.0
2018-02-16 00:00:00+00:00,43.48,43.96,43.31,43.35,4792140,36.0920762256,36.4905168095,35.9509618522,35.9841652342,4792140,0.0,1.0
2018-02-20 00:00:00+00:00,43.74,44.16,43.0,43.08,9291660,36.3078982086,36.6565337195,35.6936356417,35.7600424057,9291660,0.0,1.0
2018-02-21 00:00:00+00:00,42.89,43.82,42.87,43.66,6612592,35.6023263412,36.3743049726,35.5857246503,36.2414914446,6612592,0.0,1.0
2018-02-22 00:00:00+00:00,42.39,42.74,42.18,42.67,7983977,35.1872840663,35.4778136588,35.0129663109,35.4197077403,7983977,0.0,1.0
2018-02-23 00:00:00+00:00,43.9,43.9,43.11,43.39,7204907,36.4407117366,36.4407117366,35.7849449422,36.0173686162,7204907,0.0,1.0
2018-02-26 00:00:00+00:00,44.41,44.41,43.8,44.11,3897607,36.864054857,36.864054857,36.3577032816,36.615029492,3897607,0.0,1.0
2018-02-27 00:00:00+00:00,43.62,44.3,43.61,44.05,5999145,36.2082880626,36.7727455565,36.1999872171,36.565224419,5999145,0.0,1.0
2018-02-28 00:00:00+00:00,43.35,43.91,43.29,43.67,6400130,35.9841652342,36.4490125821,35.9343601612,36.2497922901,6400130,0.0,1.0
2018-03-01 00:00:00+00:00,42.72,43.56,42.31,43.35,7792448,35.4612119678,36.1584829896,35.1208773024,35.9841652342,7792448,0.0,1.0
2018-03-02 00:00:00+00:00,43.01,43.05,42.15,42.39,4819615,35.7019364872,35.7351398692,34.9880637744,35.1872840663,4819615,0.0,1.0
2018-03-05 00:00:00+00:00,43.49,43.76,42.87,43.05,5977197,36.1003770711,36.3244998996,35.5857246503,35.7351398692,5977197,0.0,1.0
2018-03-06 00:00:00+00:00,43.54,44.4,43.43,44.34,8632022,36.1418812986,36.8557540115,36.0505719981,36.8059489385,8632022,0.0,1.0
2018-03-07 00:00:00+00:00,44.2,44.28,43.18,43.31,4482853,36.6897371015,36.7561438655,35.8430508607,35.9509618522,4482853,0.0,1.0
2018-03-08 00:00:00+00:00,43.8,44.39,43.59,44.3,7092396,36.3577032816,36.847453166,36.1833855261,36.7727455565,7092396,0.0,1.0
2018-03-09 00:00:00+00:00,44.59,44.6,43.52,44.05,8336201,37.0134700759,37.0217709214,36.1252796076,36.565224419,8336201,0.0,1.0
2018-03-12 00:00:00+00:00,45.22,45.35,44.75,44.79,5176080,37.5364233423,37.6443343338,37.1462836039,37.1794869859,5176080,0.0,1.0
2018-03-13 00:00:00+00:00,44.99,45.75,44.91,45.5,5842276,37.3455038958,37.9763681537,37.2790971319,37.7688470162,5842276,0.0,1.0
2018-03-14 00:00:00+00:00,45.15,45.45,44.83,45.43,4300486,37.4783174238,37.7273427888,37.2126903679,37.7107410978,4300486,0.0,1.0
2018-03-15 00:00:00+00:00,45.31,45.65,44.89,45.1,3942214,37.6111309518,37.8933596987,37.2624954409,37.4368131963,3942214,0.0,1.0
2018-03-16 00:00:00+00:00,44.97,45.52,44.93,45.0,8125628,37.3289022048,37.7854487072,37.2956988229,37.3538047413,8125628,0.0,1.0
2018-03-19 00:00:00+00:00,44.6,44.87,44.19,44.72,5116451,37.0217709214,37.2458937499,36.681436256,37.1213810674,5116451,0.0,1.0
2018-03-20 00:00:00+00:00,44.83,44.91,44.52,44.7,6404225,37.2126903679,37.2790971319,36.9553641574,37.1047793764,6404225,0.0,1.0
2018-03-21 00:00:00+00:00,44.7,44.85,44.25,44.57,7036362,37.1047793764,37.2292920589,36.731241329,36.9968683849,7036362,0.0,1.0
2018-03-22 00:00:00+00:00,43.69,44.37,43.69,44.1,6318484,36.2663939811,36.830851475,36.2663939811,36.6067286465,6318484,0.0,1.0
2018-03-23 00:00:00+00:00,42.58,43.7,42.58,43.63,5923485,35.3450001308,36.2746948266,35.3450001308,36.2165889081,5923485,0.0,1.0
2018-03-26 00:00:00+00:00,44.27,44.28,43.18,43.81,5395299,36.74784302,36.7561438655,35.8430508607,36.3660041271,5395299,0.0,1.0
2018-03-27 00:00:00+00:00,43.29,44.84,43.13,44.72,6994993,35.9343601612,37.2209912134,35.8015466332,37.1213810674,6994993,0.0,1.0
2018-03-28 00:00:00+00:00,42.69,43.17,42.44,42.98,8563120,35.4363094313,35.8347500152,35.2287882938,35.6770339507,8563120,0.0,1.0
2018-03-29 00:00:00+00:00,43.76,43.92,42.96,43.0,7758880,36.3244998996,36.4573134275,35.6604322597,35.6936356417,7758880,0.0,1.0
2018-04-02 00:00:00+00:00,42.5,43.59,42.42,43.34,6361231,35.2785933668,36.1833855261,35.2121866028,35.9758643887,6361231,0.0,1.0
2018-04-03 00:00:00+00:00,43.48,44.28,43.03,44.27,6174460,36.0920762256,36.7561438655,35.7185381782,36.74784302,6174460,0.0,1.0
2018-04-04 00:00:00+00:00,43.94,43.94,42.35,42.37,5497422,36.4739151185,36.4739151185,35.1540806844,35.1706823753,5497422,0.0,1.0
2018-04-05 00:00:00+00:00,43.32,44.23,43.14,44.03,6115059,35.9592626977,36.714639638,35.8098474787,36.548622728,6115059,0.0,1.0
2018-04-06 00:00:00+00:00,42.42,43.17,42.26,42.88,5133141,35.2121866028,35.8347500152,35.0793730749,35.5940254957,5133141,0.0,1.0
2018-04-09 00:00:00+00:00,43.07,44.04,42.91,43.09,6696449,35.7517415602,36.5569235735,35.6189280322,35.7683432512,6696449,0.0,1.0
2018-04-10 00:00:00+00:00,43.58,44.22,43.03,43.87,5786914,36.1750846806,36.7063387925,35.7185381782,36.4158092001,5786914,0.0,1.0
2018-04-11 00:00:00+00:00,43.38,43.79,43.25,43.25,4788035,36.0090677707,36.3494024361,35.9011567792,35.9011567792,4788035,0.0,1.0
2018-04-12 00:00:00+00:00,43.85,43.85,43.05,43.33,7574742,36.3992075091,36.3992075091,35.7351398692,35.9675635432,7574742,0.0,1.0
2018-04-13 00:00:00+00:00,42.65,43.74,42.56,43.69,5749861,35.4031060493,36.3078982086,35.3283984398,36.2663939811,5749861,0.0,1.0
2018-04-16 00:00:00+00:00,42.87,43.01,42.68,42.81,5206940,35.5857246503,35.7019364872,35.4280085858,35.5359195773,5206940,0.0,1.0
2018-04-17 00:00:00+00:00,42.31,42.36,41.77,42.09,9831052,35.1208773024,35.1623815298,34.6726316455,34.9382587014,9831052,0.0,1.0
2018-04-18 00:00:00+00:00,41.92,42.26,41.21,42.1,8947352,34.7971443279,35.0793730749,34.2077842976,34.9465595469,8947352,0.0,1.0
2018-04-19 00:00:00+00:00,39.53,40.08,39.11,39.93,27526972,32.8132422539,33.2697887563,32.464606743,33.1452760738,27526972,0.0,1.0
2018-04-20 00:00:00+00:00,38.95,39.54,38.82,39.37,15313274,32.331793215,32.8215430994,32.2238822235,32.6804287259,15313274,0.0,1.0
2018-04-23 00:00:00+00:00,38.75,39.08,38.53,38.96,11178257,32.165776305,32.4397042065,31.9831577041,32.3400940605,11178257,0.0,1.0
2018-04-24 00:00:00+00:00,38.75,39.21,38.3,39.04,13003961,32.165776305,32.547615198,31.7922382576,32.4065008245,13003961,0.0,1.0
2018-04-25 00:00:00+00:00,38.17,38.49,38.02,38.36,12358738,31.6843272662,31.9499543221,31.5598145837,31.8420433306,12358738,0.0,1.0
2018-04-26 00:00:00+00:00,38.17,38.56,38.08,38.08,7685776,31.6843272662,32.0080602406,31.6096196567,31.6096196567,7685776,0.0,1.0
2018-04-27 00:00:00+00:00,38.17,38.74,37.99,38.74,8276074,31.6843272662,32.1574754595,31.5349120472,32.1574754595,8276074,0.0,1.0
2018-04-30 00:00:00+00:00,38.45,38.84,38.38,38.69,7968006,31.9167509401,32.2404839145,31.8586450216,32.1159712321,7968006,0.0,1.0
2018-05-01 00:00:00+00:00,38.93,38.94,38.26,38.34,5506982,32.315191524,32.3234923695,31.7590348756,31.8254416396,5506982,0.0,1.0
2018-05-02 00:00:00+00:00,37.75,38.6,37.65,38.6,11522180,31.3356917552,32.0412636226,31.2526833003,32.0412636226,11522180,0.0,1.0
2018-05-03 00:00:00+00:00,38.1,38.19,37.3,37.55,7021462,31.6262213477,31.7009289572,30.9621537078,31.1696748453,7021462,0.0,1.0
2018-05-04 00:00:00+00:00,38.59,38.66,37.94,38.0,9474019,32.0329627771,32.0910686956,31.4934078197,31.5432128927,9474019,0.0,1.0
2018-05-07 00:00:00+00:00,38.45,38.65,38.24,38.45,4590052,31.9167509401,32.0827678501,31.7424331846,31.9167509401,4590052,0.0,1.0
2018-05-08 00:00:00+00:00,39.18,39.38,38.94,38.98,8116627,32.5227126615,32.6887295714,32.3234923695,32.3566957515,8116627,0.0,1.0
2018-05-09 00:00:00+00:00,39.35,39.46,39.16,39.37,5861370,32.6638270349,32.7551363354,32.5061109705,32.6804287259,5861370,0.0,1.0
2018-05-10 00:00:00+00:00,39.77,39.87,39.44,39.57,7957866,33.0124625458,33.0954710008,32.7385346444,32.8464456359,7957866,0.0,1.0
2018-05-11 00:00:00+00:00,39.91,40.18,39.64,40.04,4184397,33.1286743828,33.3527972113,32.9045515544,33.2365853743,4184397,0.0,1.0
2018-05-14 00:00:00+00:00,39.95,40.55,39.88,40.13,5014043,33.1618777648,33.6599284947,33.1037718463,33.3112929838,5014043,0.0,1.0
2018-05-15 00:00:00+00:00,39.3,39.4,38.96,39.36,5622821,32.6223228074,32.7053312624,32.3400940605,32.6721278804,5622821,0.0,1.0
2018-05-16 00:00:00+00:00,39.79,39.83,39.28,39.4,7671542,33.0290642368,33.0622676188,32.6057211164,32.7053312624,7671542,0.0,1.0
2018-05-17 00:00:00+00:00,38.96,39.24,38.67,39.07,7964248,32.3400940605,32.5725177344,32.0993695411,32.431403361,7964248,0.0,1.0
2018-05-18 00:00:00+00:00,38.42,38.55,38.28,38.47,7783854,31.8918484036,31.9997593951,31.7756365666,31.9333526311,7783854,0.0,1.0
2018-05-21 00:00:00+00:00,39.47,39.7,39.12,39.34,7902158,32.7634371809,32.9543566274,32.4729075885,32.6555261894,7902158,0.0,1.0
2018-05-22 00:00:00+00:00,39.64,39.79,39.45,39.47,5752013,32.9045515544,33.0290642368,32.7468354899,32.7634371809,5752013,0.0,1.0
2018-05-23 00:00:00+00:00,39.65,39.65,39.09,39.14,4815439,32.9128523999,32.9128523999,32.448005052,32.4895092795,4815439,0.0,1.0
2018-05-24 00:00:00+00:00,39.27,39.45,38.78,39.37,7930841,32.5974202709,32.7468354899,32.1906788415,32.6804287259,7930841,0.0,1.0
2018-05-25 00:00:00+00:00,39.3,39.49,38.93,39.1,5403034,32.6223228074,32.7800388719,32.315191524,32.4563058975,5403034,0.0,1.0
2018-05-29 00:00:00+00:00,38.16,38.56,38.03,38.49,7198184,31.6760264207,32.0080602406,31.5681154292,31.9499543221,7198184,0.0,1.0
2018-05-30 00:00:00+00:00,38.34,38.4,38.07,38.3,8413407,31.8254416396,31.8752467126,31.6013188112,31.7922382576,8413407,0.0,1.0
2018-05-31 00:00:00+00:00,38.7,38.86,38.29,38.33,8129402,32.1242720776,32.2570856055,31.7839374121,31.8171407941,8129402,0.0,1.0
2018-06-01 00:00:00+00:00,39.2,39.2,38.8,38.99,5969953,32.5393143525,32.5393143525,32.2072805325,32.364996597,5969953,0.0,1.0
2018-06-04 00:00:00+00:00,39.97,40.0,39.67,39.85,8927244,33.1784794558,33.2033819923,32.9294540909,33.0788693098,8927244,0.0,1.0
2018-06-05 00:00:00+00:00,39.54,39.86,39.4,39.7,6345937,32.8215430994,33.0871701553,32.7053312624,32.9543566274,6345937,0.0,1.0
2018-06-06 00:00:00+00:00,39.56,39.93,39.56,39.85,9829721,32.8381447904,33.1452760738,32.8381447904,33.0788693098,9829721,0.0,1.0
2018-06-07 00:00:00+00:00,39.52,39.94,39.46,39.56,8216851,32.8049414084,33.1535769193,32.7551363354,32.8381447904,8216851,0.0,1.0
2018-06-08 00:00:00+00:00,38.93,39.16,38.52,39.16,8081251,32.315191524,32.5061109705,31.9748568586,32.5061109705,8081251,0.0,1.0
2018-06-11 00:00:00+00:00,38.76,39.15,38.76,39.0,4511611,32.1740771505,32.497810125,32.1740771505,32.3732974425,4511611,0.0,1.0
2018-06-12 00:00:00+00:00,39.2,39.36,38.98,39.13,6582572,32.5393143525,32.6721278804,32.3566957515,32.481208434,6582572,0.0,1.0
2018-06-13 00:00:00+00:00,39.05,39.89,39.05,39.73,9616631,32.41480167,33.1120726918,32.41480167,32.9792591639,9616631,0.0,1.0
2018-06-14 00:00:00+00:00,38.6,39.07,38.6,39.03,7636002,32.0412636226,32.431403361,32.0412636226,32.398199979,7636002,0.0,1.0
2018-06-15 00:00:00+00:00,38.69,38.94,38.55,38.82,11235657,32.1159712321,32.3234923695,31.9997593951,32.2238822235,11235657,0.0,1.0
2018-06-18 00:00:00+00:00,38.25,38.36,37.84,38.31,8924151,31.7507340301,31.8420433306,31.4103993647,31.8005391031,8924151,0.0,1.0
2018-06-19 00:00:00+00:00,37.56,37.97,37.35,37.7,9848939,31.1779756908,31.5183103562,31.0036579353,31.2941875277,9848939,0.0,1.0
2018-06-20 00:00:00+00:00,38.35,38.59,38.01,38.34,8668618,31.8337424851,32.0329627771,31.5515137382,31.8254416396,8668618,0.0,1.0
2018-06-21 00:00:00+00:00,37.62,38.01,37.55,37.87,9246739,31.2277807638,31.5515137382,31.1696748453,31.4353019012,9246739,0.0,1.0
2018-06-22 00:00:00+00:00,38.12,38.31,37.97,38.27,10407382,31.6428230387,31.8005391031,31.5183103562,31.7673357211,10407382,0.0,1.0
2018-06-25 00:00:00+00:00,36.51,36.56,36.05,36.3,10528119,31.4231419926,31.4661756026,31.027232781,31.2424008308,10528119,1.345351,1.0
2018-06-26 00:00:00+00:00,36.46,36.7,36.11,36.33,8817159,31.3801083827,31.5866697105,31.078873113,31.2682209968,8817159,0.0,1.0
2018-06-27 00:00:00+00:00,35.51,36.32,35.51,36.25,8798176,30.5624697934,31.2596142748,30.5624697934,31.1993672209,8798176,0.0,1.0
2018-06-28 00:00:00+00:00,35.94,35.94,35.35,35.5,7199048,30.9325588391,30.9325588391,30.4247622416,30.5538630715,7199048,0.0,1.0
2018-06-29 00:00:00+00:00,36.56,36.77,36.44,36.55,8091467,31.4661756026,31.6469167644,31.3628949387,31.4575688806,8091467,0.0,1.0
2018-07-02 00:00:00+00:00,36.54,36.57,36.04,36.21,7365505,31.4489621586,31.4747823246,31.018626059,31.1649403329,7365505,0.0,1.0
2018-07-03 00:00:00+00:00,36.39,36.61,36.35,36.39,6512599,31.3198613287,31.5092092126,31.2854344408,31.3198613287,6512599,0.0,1.0
2018-07-05 00:00:00+00:00,36.59,36.6,36.24,36.4,9231130,31.4919957686,31.5006024906,31.1907604989,31.3284680507,9231130,0.0,1.0
2018-07-06 00:00:00+00:00,37.27,37.35,36.76,36.82,7260331,32.077252864,32.14610664,31.6383100424,31.6899503744,7260331,0.0,1.0
2018-07-09 00:00:00+00:00,37.83,38.03,37.57,37.87,7124209,32.5592292956,32.7313637354,32.3354545238,32.5936561835,7124209,0.0,1.0
2018-07-10 00:00:00+00:00,37.93,37.95,37.47,37.47,7211545,32.6452965155,32.6625099595,32.2493873039,32.2493873039,7211545,0.0,1.0
2018-07-11 00:00:00+00:00,36.97,37.35,36.9,37.33,7316218,31.8190512043,32.14610664,31.7588041503,32.128893196,7316218,0.0,1.0
2018-07-12 00:00:00+00:00,37.31,37.59,37.2,37.33,5275251,32.111679752,32.3526679678,32.0170058101,32.128893196,5275251,0.0,1.0
2018-07-13 00:00:00+00:00,37.77,37.8,37.48,37.54,4947684,32.5075889636,32.5334091296,32.2579940259,32.3096343578,4947684,0.0,1.0
2018-07-16 00:00:00+00:00,37.79,37.89,37.65,37.88,5399217,32.5248024076,32.6108696275,32.4043082997,32.6022629055,5399217,0.0,1.0
2018-07-17 00:00:00+00:00,38.04,38.12,37.35,37.5,6238488,32.7399704574,32.8088242333,32.14610664,32.2752074698,6238488,0.0,1.0
2018-07-18 00:00:00+00:00,38.41,38.47,37.88,38.04,10532157,33.0584191711,33.1100595031,32.6022629055,32.7399704574,10532157,0.0,1.0
2018-07-19 00:00:00+00:00,39.81,40.39,38.62,39.44,17762344,34.26336025,34.7625501255,33.2391603329,33.9449115363,17762344,0.0,1.0
2018-07-20 00:00:00+00:00,40.73,40.85,39.84,39.99,14481042,35.0551786732,35.1584593372,34.289180416,34.4182812458,14481042,0.0,1.0
2018-07-23 00:00:00+00:00,40.74,40.98,40.63,40.82,6832856,35.0637853952,35.270346723,34.9691114533,35.1326391712,6832856,0.0,1.0
2018-07-24 00:00:00+00:00,40.39,41.21,40.38,41.1,7018282,34.7625501255,35.4683013289,34.7539434035,35.373627387,7018282,0.0,1.0
2018-07-25 00:00:00+00:00,40.89,40.9,40.31,40.53,7722415,35.1928862251,35.2014929471,34.6936963496,34.8830442334,7722415,0.0,1.0
2018-07-26 00:00:00+00:00,40.82,40.94,40.44,40.7,8476564,35.1326391712,35.2359198351,34.8055837355,35.0293585073,8476564,0.0,1.0
2018-07-27 00:00:00+00:00,41.45,41.92,40.94,40.94,9468457,35.6748626567,36.0793785903,35.2359198351,35.2359198351,9468457,0.0,1.0
2018-07-30 00:00:00+00:00,41.09,41.52,40.89,41.45,5174338,35.365020665,35.7351097106,35.1928862251,35.6748626567,5174338,0.0,1.0
2018-07-31 00:00:00+00:00,41.21,41.58,41.09,41.26,4908316,35.4683013289,35.7867500426,35.365020665,35.5113349388,4908316,0.0,1.0
2018-08-01 00:00:00+00:00,41.71,41.73,41.32,41.44,6115340,35.8986374285,35.9158508724,35.5629752708,35.6662559347,6115340,0.0,1.0
2018-08-02 00:00:00+00:00,41.55,41.65,41.0,41.1,4669358,35.7609298766,35.8469970965,35.287560167,35.373627387,4669358,0.0,1.0
2018-08-03 00:00:00+00:00,41.69,41.95,41.56,41.64,4575207,35.8814239845,36.1051987563,35.7695365986,35.8383903745,4575207,0.0,1.0
2018-08-06 00:00:00+00:00,41.07,41.42,41.0,41.2,7245800,35.347807221,35.6490424907,35.287560167,35.4596946069,7245800,0.0,1.0
2018-08-07 00:00:00+00:00,41.24,41.25,40.84,41.07,7494935,35.4941214948,35.5027282168,35.1498526152,35.347807221,7494935,0.0,1.0
2018-08-08 00:00:00+00:00,41.97,42.11,41.45,41.56,5089555,36.1224122003,36.2429063081,35.6748626567,35.7695365986,5089555,0.0,1.0
2018-08-09 00:00:00+00:00,41.84,41.95,41.68,41.94,4513334,36.0105248144,36.1051987563,35.8728172625,36.0965920343,4513334,0.0,1.0
2018-08-10 00:00:00+00:00,41.03,41.3,40.79,41.3,7053201,35.313380333,35.5457618268,35.1068190052,35.5457618268,7053201,0.0,1.0
2018-08-13 00:00:00+00:00,40.71,40.99,40.47,40.69,6708559,35.0379652293,35.278953445,34.8314039015,35.0207517853,6708559,0.0,1.0
2018-08-14 00:00:00+00:00,40.91,41.19,40.87,41.0,5339319,35.2100996691,35.4510878849,35.1756727811,35.287560167,5339319,0.0,1.0
2018-08-15 00:00:00+00:00,40.45,40.55,40.12,40.45,6052813,34.8141904575,34.9002576774,34.5301686317,34.8141904575,6052813,0.0,1.0
2018-08-16 00:00:00+00:00,40.41,40.73,40.37,40.45,5544010,34.7797635695,35.0551786732,34.7453366815,34.8141904575,5544010,0.0,1.0
2018-08-17 00:00:00+00:00,40.13,40.22,39.79,40.19,7897279,34.5387753537,34.6162358517,34.246146806,34.5904156857,7897279,0.0,1.0
2018-08-20 00:00:00+00:00,40.1,40.24,39.9,40.02,4156825,34.5129551878,34.6334492956,34.3408207479,34.4441014118,4156825,0.0,1.0
2018-08-21 00:00:00+00:00,40.89,41.04,40.36,40.37,6075469,35.1928862251,35.321987055,34.7367299595,34.7453366815,6075469,0.0,1.0
2018-08-22 00:00:00+00:00,40.9,41.05,40.54,40.85,5512712,35.2014929471,35.330593777,34.8916509554,35.1584593372,5512712,0.0,1.0
2018-08-23 00:00:00+00:00,40.68,41.35,40.68,41.3,4126100,35.0121450633,35.5887954368,35.0121450633,35.5457618268,4126100,0.0,1.0
2018-08-24 00:00:00+00:00,41.24,41.41,40.83,40.93,4231971,35.4941214948,35.6404357687,35.1412458932,35.2273131131,4231971,0.0,1.0
2018-08-27 00:00:00+00:00,41.53,41.71,41.37,41.43,5733031,35.7437164326,35.8986374285,35.6060088807,35.6576492127,5733031,0.0,1.0
2018-08-28 00:00:00+00:00,42.35,42.76,42.25,42.39,10683520,36.4494676359,36.8023432376,36.363400416,36.4838945239,10683520,0.0,1.0
2018-08-29 00:00:00+00:00,44.13,44.38,43.09,43.19,12278199,37.9814641505,38.1966322003,37.0863650634,37.1724322833,12278199,0.0,1.0
2018-08-30 00:00:00+00:00,43.46,44.49,43.41,44.35,7826396,37.4048137771,38.2913061422,37.3617801671,38.1708120343,7826396,0.0,1.0
2018-08-31 00:00:00+00:00,43.6,43.61,42.96,43.12,8782907,37.5253078849,37.5339146069,36.9744776775,37.1121852293,8782907,0.0,1.0
2018-09-04 00:00:00+00:00,44.11,44.12,43.19,43.26,8174946,37.9642507065,37.9728574285,37.1724322833,37.2326793372,8174946,0.0,1.0
2018-09-05 00:00:00+00:00,44.22,44.57,44.02,44.09,7262563,38.0589246484,38.3601599182,37.8867902086,37.9470372625,7262563,0.0,1.0
2018-09-06 00:00:00+00:00,44.05,44.07,43.58,43.94,10424877,37.9126103746,37.9298238186,37.508094441,37.8179364327,10424877,0.0,1.0
2018-09-07 00:00:00+00:00,44.88,45.24,43.98,44.0,14256084,38.6269682999,38.9368102916,37.8523633206,37.8695767646,14256084,0.0,1.0
2018-09-10 00:00:00+00:00,44.62,45.06,44.52,45.0,6824875,38.4031935281,38.7818892958,38.3171263082,38.7302489638,6824875,0.0,1.0
2018-09-11 00:00:00+00:00,44.55,44.57,43.575,43.64,12509668,38.3429464742,38.3601599182,37.50379108,37.5597347729,12509668,0.0,1.0
2018-09-12 00:00:00+00:00,43.94,44.3,43.82,43.92,10303817,37.8179364327,38.1277784244,37.7146557688,37.8007229887,10303817,0.0,1.0
2018-09-13 00:00:00+00:00,43.43,43.99,43.27,43.99,9624463,37.3789936111,37.8609700426,37.2412860592,37.8609700426,9624463,0.0,1.0
2018-09-14 00:00:00+00:00,44.41,44.56,43.95,44.02,5295417,38.2224523663,38.3515531962,37.8265431547,37.8867902086,5295417,0.0,1.0
2018-09-17 00:00:00+00:00,43.76,44.14,43.47,43.63,6210327,37.6630154368,37.9900708725,37.413420499,37.5511280509,6210327,0.0,1.0
2018-09-18 00:00:00+00:00,43.56,44.09,43.35,43.5,8814246,37.490880997,37.9470372625,37.3101398351,37.439240665,8814246,0.0,1.0
2018-09-19 00:00:00+00:00,44.02,44.39,43.74,44.2,6393206,37.8867902086,38.2052389223,37.6458019928,38.0417112045,6393206,0.0,1.0
2018-09-20 00:00:00+00:00,44.17,44.43,43.9,44.25,4727951,38.0158910385,38.2396658103,37.7835095447,38.0847448144,4727951,0.0,1.0
2018-09-21 00:00:00+00:00,44.06,44.41,44.02,44.25,6668649,37.9212170966,38.2224523663,37.8867902086,38.0847448144,6668649,0.0,1.0
2018-09-24 00:00:00+00:00,44.89,44.94,43.79,43.84,8229157,38.6355750219,38.6786086319,37.6888356028,37.7318692127,8229157,0.0,1.0
2018-09-25 00:00:00+00:00,44.17,44.91,44.13,44.8,6678269,38.0158910385,38.6527884659,37.9814641505,38.558114524,6678269,0.0,1.0
2018-09-26 00:00:00+00:00,44.27,44.73,44.25,44.25,4564383,38.1019582584,38.49786747,38.0847448144,38.0847448144,4564383,0.0,1.0
2018-09-27 00:00:00+00:00,44.76,45.23,44.58,44.6,6712091,38.523687636,38.9282035696,38.3687666402,38.3859800841,6712091,0.0,1.0
2018-09-28 00:00:00+00:00,44.16,44.62,43.97,44.5,7727678,38.0072843165,38.4031935281,37.8437565986,38.2999128642,7727678,0.0,1.0
2018-10-01 00:00:00+00:00,44.66,44.96,44.42,44.55,5029837,38.4376204161,38.6958220758,38.2310590883,38.3429464742,5029837,0.0,1.0
2018-10-02 00:00:00+00:00,43.62,43.99,43.45,43.75,5440303,37.5425213289,37.8609700426,37.3962070551,37.6544087148,5440303,0.0,1.0
2018-10-03 00:00:00+00:00,43.96,44.24,43.57,44.04,5631207,37.8351498767,38.0761380924,37.499487719,37.9040036526,5631207,0.0,1.0
2018-10-04 00:00:00+00:00,42.43,43.08,41.97,43.07,7885146,36.5183214119,37.0777583414,36.1224122003,37.0691516194,7885146,0.0,1.0
2018-10-05 00:00:00+00:00,41.63,42.07,41.17,41.88,7921383,35.8297836525,36.2084794202,35.4338744409,36.0449517023,7921383,0.0,1.0
2018-10-08 00:00:00+00:00,40.96,41.17,40.4,40.76,7761763,35.2531332791,35.4338744409,34.7711568475,35.0809988392,7761763,0.0,1.0
2018-10-09 00:00:00+00:00,40.9,41.3,40.58,41.0,5679127,35.2014929471,35.5457618268,34.9260778434,35.287560167,5679127,0.0,1.0
2018-10-10 00:00:00+00:00,39.35,40.44,39.35,40.35,12853511,33.8674510384,34.8055837355,33.8674510384,34.7281232376,12853511,0.0,1.0
2018-10-11 00:00:00+00:00,38.94,39.6,38.33,38.5,10209134,33.5145754367,34.0826190882,32.9895653952,33.135879669,10209134,0.0,1.0
2018-10-12 00:00:00+00:00,39.66,40.58,39.19,40.14,7578911,34.1342594201,34.9260778434,33.7297434865,34.5473820757,7578911,0.0,1.0
2018-10-15 00:00:00+00:00,38.75,39.59,38.72,39.47,8208953,33.3510477188,34.0740123662,33.3252275529,33.9707317023,8208953,0.0,1.0
2018-10-16 00:00:00+00:00,40.01,40.06,39.4,39.84,10748152,34.4354946898,34.4785282998,33.9104846483,34.289180416,10748152,0.0,1.0
2018-10-17 00:00:00+00:00,39.57,40.09,39.18,40.0,8173649,34.0567989222,34.5043484658,33.7211367645,34.4268879678,8173649,0.0,1.0
2018-10-18 00:00:00+00:00,38.54,39.95,38.46,39.8,9555582,33.170306557,34.3838543579,33.1014527811,34.254753528,9555582,0.0,1.0
2018-10-19 00:00:00+00:00,38.45,39.32,38.34,39.16,11266228,33.0928460591,33.8416308724,32.9981721172,33.7039233205,11266228,0.0,1.0
2018-10-22 00:00:00+00:00,38.72,39.23,38.54,39.19,8165672,33.3252275529,33.7641703745,33.170306557,33.7297434865,8165672,0.0,1.0
2018-10-23 00:00:00+00:00,38.0,38.18,37.26,37.42,12349962,32.7055435694,32.8604645653,32.068646142,32.2063536939,12349962,0.0,1.0
2018-10-24 00:00:00+00:00,36.48,37.56,36.43,37.56,13312718,31.3973218267,32.3268478018,31.3542882167,32.3268478018,13312718,0.0,1.0
2018-10-25 00:00:00+00:00,37.39,37.55,36.49,36.78,9927283,32.1805335279,32.3182410798,31.4059285487,31.6555234864,9927283,0.0,1.0
2018-10-26 00:00:00+00:00,36.67,37.29,36.14,36.55,11973228,31.5608495445,32.094466308,31.1046932789,31.4575688806,11973228,0.0,1.0
2018-10-29 00:00:00+00:00,36.33,37.41,35.97,37.17,8269528,31.2682209968,32.1977469719,30.9583790051,31.9911856441,8269528,0.0,1.0
2018-10-30 00:00:00+00:00,37.78,37.8,36.67,36.84,12106392,32.5161956856,32.5334091296,31.5608495445,31.7071638184,12106392,0.0,1.0
2018-10-31 00:00:00+00:00,38.1,38.99,38.03,38.69,12610907,32.7916107894,33.5576090466,32.7313637354,33.2994073869,12610907,0.0,1.0
2018-11-01 00:00:00+00:00,39.05,39.08,38.39,38.78,14348581,33.6092493786,33.6350695446,33.0412057271,33.3768678848,14348581,0.0,1.0
2018-11-02 00:00:00+00:00,38.78,39.49,38.43,39.18,9736505,33.3768678848,33.9879451462,33.0756326151,33.7211367645,9736505,0.0,1.0
2018-11-05 00:00:00+00:00,38.48,38.82,38.31,38.72,8591862,33.1186662251,33.4112947728,32.9723519512,33.3252275529,8591862,0.0,1.0
2018-11-06 00:00:00+00:00,38.73,38.85,38.42,38.5,8578097,33.3338342749,33.4371149388,33.0670258931,33.135879669,8578097,0.0,1.0
2018-11-07 00:00:00+00:00,39.18,39.3,38.72,39.29,6568768,33.7211367645,33.8244174284,33.3252275529,33.8158107064,6568768,0.0,1.0
2018-11-08 00:00:00+00:00,38.7,39.06,38.69,38.79,7953651,33.3080141089,33.6178561006,33.2994073869,33.3854746068,7953651,0.0,1.0
2018-11-09 00:00:00+00:00,38.07,38.39,37.81,38.09,5975376,32.7657906234,33.0412057271,32.5420158516,32.7830040674,5975376,0.0,1.0
2018-11-12 00:00:00+00:00,37.06,37.92,37.01,37.86,11666706,31.8965117022,32.6366897935,31.8534780922,32.5850494616,11666706,0.0,1.0
2018-11-13 00:00:00+00:00,37.4,38.12,37.24,37.39,15057118,32.1891402499,32.8088242333,32.0514326981,32.1805335279,15057118,0.0,1.0
2018-11-14 00:00:00+00:00,37.84,38.34,37.37,38.2,10404893,32.5678360176,32.9981721172,32.163320084,32.8776780093,10404893,0.0,1.0
2018-11-15 00:00:00+00:00,38.52,38.57,37.89,38.07,10840370,33.153093113,33.196126723,32.6108696275,32.7657906234,10840370,0.0,1.0
2018-11-16 00:00:00+00:00,36.87,37.2,36.66,37.07,16382423,31.7329839844,32.0170058101,31.5522428225,31.9051184242,16382423,0.0,1.0
2018-11-19 00:00:00+00:00,36.05,36.68,35.96,36.64,15191679,31.027232781,31.5694562665,30.9497722831,31.5350293785,15191679,0.0,1.0
2018-11-20 00:00:00+00:00,35.64,35.99,35.22,35.4,11673471,30.6743571793,30.9755924491,30.3128748557,30.4677958515,11673471,0.0,1.0
2018-11-21 00:00:00+00:00,36.17,36.72,36.14,36.42,7013073,31.1305134449,31.6038831545,31.1046932789,31.3456814947,7013073,0.0,1.0
2018-11-23 00:00:00+00:00,35.96,36.2,35.75,35.83,2320492,30.9497722831,31.1563336109,30.7690311213,30.8378848972,2320492,0.0,1.0
2018-11-26 00:00:00+00:00,36.84,36.89,36.47,36.71,7077608,31.7071638184,31.7501974283,31.3887151047,31.5952764325,7077608,0.0,1.0
2018-11-27 00:00:00+00:00,36.8,36.82,36.39,36.39,6870309,31.6727369304,31.6899503744,31.3198613287,31.3198613287,6870309,0.0,1.0
2018-11-28 00:00:00+00:00,38.01,38.02,37.07,37.27,8380230,32.7141502914,32.7227570134,31.9051184242,32.077252864,8380230,0.0,1.0
2018-11-29 00:00:00+00:00,37.93,38.37,37.87,37.95,7056653,32.6452965155,33.0239922831,32.5936561835,32.6625099595,7056653,0.0,1.0
2018-11-30 00:00:00+00:00,37.59,37.6,37.08,37.24,8734425,32.3526679678,32.3612746898,31.9137251462,32.0514326981,8734425,0.0,1.0
2018-12-03 00:00:00+00:00,38.73,39.0,38.38,38.82,7455797,33.3338342749,33.5662157686,33.0325990051,33.4112947728,7455797,0.0,1.0
2018-12-04 00:00:00+00:00,37.44,38.78,37.43,38.53,13321361,32.2235671379,33.3768678848,32.2149604159,33.161699835,13321361,0.0,1.0
2018-12-06 00:00:00+00:00,36.86,36.86,35.61,35.7,12075830,31.7243772624,31.7243772624,30.6485370134,30.7259975113,12075830,0.0,1.0
2018-12-07 00:00:00+00:00,36.52,36.94,36.14,36.65,10802713,31.4317487146,31.7932310383,31.1046932789,31.5436361005,10802713,0.0,1.0
2018-12-10 00:00:00+00:00,36.43,36.83,36.08,36.31,12439158,31.3542882167,31.6985570964,31.053052947,31.2510075528,12439158,0.0,1.0
2018-12-11 00:00:00+00:00,36.7,37.35,36.3,37.24,8635840,31.5866697105,32.14610664,31.2424008308,32.0514326981,8635840,0.0,1.0
2018-12-12 00:00:00+00:00,37.38,37.7,37.27,37.61,8405361,32.1719268059,32.4473419097,32.077252864,32.3698814118,8405361,0.0,1.0
2018-12-13 00:00:00+00:00,37.33,37.66,37.19,37.49,5825943,32.128893196,32.4129150217,32.0083990881,32.2666007479,5825943,0.0,1.0
2018-12-14 00:00:00+00:00,36.53,37.11,36.53,36.8,5969705,31.4403554366,31.9395453122,31.4403554366,31.6727369304,5969705,0.0,1.0
2018-12-17 00:00:00+00:00,36.22,36.94,36.115,36.63,10733264,31.1735470549,31.7932310383,31.083176474,31.5264226565,10733264,0.0,1.0
2018-12-18 00:00:00+00:00,36.76,37.0,36.61,36.61,7100418,31.6383100424,31.8448713702,31.5092092126,31.5092092126,7100418,0.0,1.0
2018-12-19 00:00:00+00:00,36.23,37.275,36.1,36.62,11786466,31.1821537769,32.081556225,31.070266391,31.5178159346,11786466,0.0,1.0
2018-12-20 00:00:00+00:00,35.88,36.75,35.54,36.41,12540408,30.8809185071,31.6297033204,30.5882899594,31.3370747727,12540408,0.0,1.0
2018-12-21 00:00:00+00:00,35.71,36.93,35.65,36.64,16981253,30.7346042333,31.7846243163,30.6829639013,31.5350293785,16981253,0.0,1.0
2018-12-24 00:00:00+00:00,35.29,35.89,35.27,35.56,6288545,30.3731219096,30.8895252291,30.3559084656,30.6055034034,6288545,0.0,1.0
2018-12-26 00:00:00+00:00,36.76,36.77,35.33,35.33,10063418,31.6383100424,31.6469167644,30.4075487976,30.4075487976,10063418,0.0,1.0
2018-12-27 00:00:00+00:00,36.78,36.8,35.96,36.2,8688645,31.6555234864,31.6727369304,30.9497722831,31.1563336109,8688645,0.0,1.0
2018-12-28 00:00:00+00:00,37.14,37.68,37.02,37.13,7368997,31.9653654781,32.4301284657,31.8620848142,31.9567587561,7368997,0.0,1.0
2018-12-31 00:00:00+00:00,36.91,37.585,36.77,37.43,4600602,31.7674108723,32.3483646068,31.6469167644,32.2149604159,4600602,0.0,1.0
2019-01-02 00:00:00+00:00,36.52,36.75,36.0,36.2,5273146,31.4317487146,31.6297033204,30.9841991711,31.1563336109,5273146,0.0,1.0
2019-01-03 00:00:00+00:00,34.36,35.52,34.27,35.34,15998006,29.5726967644,30.5710765154,29.4952362664,30.4161555196,15998006,0.0,1.0
2019-01-04 00:00:00+00:00,34.97,35.03,34.21,34.46,14178232,30.0977068059,30.1493471378,29.4435959345,29.6587639843,14178232,0.0,1.0
2019-01-07 00:00:00+00:00,35.23,35.47,34.97,35.01,6850767,30.3214815777,30.5280429055,30.0977068059,30.1321336938,6850767,0.0,1.0
2019-01-08 00:00:00+00:00,34.94,35.18,34.64,35.11,11462595,30.0718866399,30.2784479677,29.8136849801,30.2182009138,11462595,0.0,1.0
2019-01-09 00:00:00+00:00,35.61,35.96,35.33,35.33,11770519,30.6485370134,30.9497722831,30.4075487976,30.4075487976,11770519,0.0,1.0
2019-01-10 00:00:00+00:00,36.42,36.48,35.4,35.46,7894616,31.3456814947,31.3973218267,30.4677958515,30.5194361835,7894616,0.0,1.0
2019-01-11 00:00:00+00:00,36.61,36.77,36.24,36.45,7232991,31.5092092126,31.6469167644,31.1907604989,31.3715016607,7232991,0.0,1.0
2019-01-14 00:00:00+00:00,35.76,36.19,35.72,36.13,6146255,30.7776378432,31.1477268889,30.7432109553,31.0960865569,6146255,0.0,1.0
2019-01-15 00:00:00+00:00,36.04,36.23,35.8,36.04,10165839,31.018626059,31.1821537769,30.8120647312,31.018626059,10165839,0.0,1.0
2019-01-16 00:00:00+00:00,35.64,36.03,35.64,35.9,8727353,30.6743571793,31.010019337,30.6743571793,30.8981319511,8727353,0.0,1.0
2019-01-17 00:00:00+00:00,36.29,36.55,34.83,34.92,21917216,31.2337941088,31.4575688806,29.977212698,30.0546731959,21917216,0.0,1.0
2019-01-18 00:00:00+00:00,36.84,37.01,36.16,36.24,12905926,31.7071638184,31.8534780922,31.1219067229,31.1907604989,12905926,0.0,1.0
2019-01-22 00:00:00+00:00,36.37,36.76,36.1,36.5,13381677,31.3026478848,31.6383100424,31.070266391,31.4145352707,13381677,0.0,1.0
2019-01-23 00:00:00+00:00,36.49,36.74,36.24,36.53,13918777,31.4059285487,31.6210965985,31.1907604989,31.4403554366,13918777,0.0,1.0
2019-01-24 00:00:00+00:00,37.64,37.64,36.78,36.88,14094127,32.3957015777,32.3957015777,31.6555234864,31.7415907063,14094127,0.0,1.0
2019-01-25 00:00:00+00:00,38.14,38.26,37.88,38.0,16763721,32.8260376773,32.9293183412,32.6022629055,32.7055435694,16763721,0.0,1.0
2019-01-28 00:00:00+00:00,37.44,37.66,36.9,36.92,14086534,32.2235671379,32.4129150217,31.7588041503,31.7760175943,14086534,0.0,1.0
2019-01-29 00:00:00+00:00,36.33,37.29,36.3,37.29,10101047,31.2682209968,32.094466308,31.2424008308,32.094466308,10101047,0.0,1.0
2019-01-30 00:00:00+00:00,37.38,37.45,36.29,36.81,9281569,32.1719268059,32.2321738599,31.2337941088,31.6813436524,9281569,0.0,1.0
2019-01-31 00:00:00+00:00,37.62,38.1,37.31,37.31,7633398,32.3784881338,32.7916107894,32.111679752,32.111679752,7633398,0.0,1.0
2019-02-01 00:00:00+00:00,37.57,37.87,37.44,37.75,6438407,32.3354545238,32.5936561835,32.2235671379,32.4903755196,6438407,0.0,1.0
2019-02-04 00:00:00+00:00,37.94,38.01,37.38,37.5,7283766,32.6539032375,32.7141502914,32.1719268059,32.2752074698,7283766,0.0,1.0
2019-02-05 00:00:00+00:00,38.25,38.27,37.88,37.92,7314024,32.9207116192,32.9379250632,32.6022629055,32.6366897935,7314024,0.0,1.0
2019-02-06 00:00:00+00:00,38.74,38.82,38.31,38.42,8795506,33.3424409968,33.4112947728,32.9723519512,33.0670258931,8795506,0.0,1.0
2019-02-07 00:00:00+00:00,38.12,38.46,37.83,38.37,7916235,32.8088242333,33.1014527811,32.5592292956,33.0239922831,7916235,0.0,1.0
2019-02-08 00:00:00+00:00,37.79,37.92,37.5,37.71,7147158,32.5248024076,32.6366897935,32.2752074698,32.4559486317,7147158,0.0,1.0
2019-02-11 00:00:00+00:00,38.29,38.29,37.83,37.92,8860663,32.9551385072,32.9551385072,32.5592292956,32.6366897935,8860663,0.0,1.0
2019-02-12 00:00:00+00:00,38.64,38.77,38.44,38.64,8831206,33.2563737769,33.3682611628,33.0842393371,33.2563737769,8831206,0.0,1.0
2019-02-13 00:00:00+00:00,38.13,38.48,38.05,38.37,7155553,32.8174309553,33.1186662251,32.7485771794,33.0239922831,7155553,0.0,1.0
2019-02-14 00:00:00+00:00,38.06,38.21,37.76,37.92,7782795,32.7571839014,32.8862847313,32.4989822416,32.6366897935,7782795,0.0,1.0
2019-02-15 00:00:00+00:00,38.09,38.28,37.87,37.91,6257553,32.7830040674,32.9465317852,32.5936561835,32.6280830715,6257553,0.0,1.0
2019-02-19 00:00:00+00:00,38.46,38.66,38.105,38.22,8105692,33.1014527811,33.2735872209,32.7959141504,32.8948914533,8105692,0.0,1.0
2019-02-20 00:00:00+00:00,39.0,39.51,38.89,38.93,7178581,33.5662157686,34.0051585902,33.4715418267,33.5059687147,7178581,0.0,1.0
2019-02-21 00:00:00+00:00,38.98,39.18,38.8,39.07,4607292,33.5490023247,33.7211367645,33.3940813288,33.6264628226,4607292,0.0,1.0
2019-02-22 00:00:00+00:00,39.39,39.41,39.08,39.12,5117948,33.9018779263,33.9190913703,33.6350695446,33.6694964325,5117948,0.0,1.0
2019-02-25 00:00:00+00:00,39.58,39.92,39.48,39.87,5101495,34.0654056442,34.3580341919,33.9793384243,34.3150005819,5101495,0.0,1.0
2019-02-26 00:00:00+00:00,39.6,39.67,39.38,39.41,5587317,34.0826190882,34.1428661421,33.8932712043,33.9190913703,5587317,0.0,1.0
2019-02-27 00:00:00+00:00,39.45,39.59,39.06,39.51,8194927,33.9535182583,34.0740123662,33.6178561006,34.0051585902,8194927,0.0,1.0
2019-02-28 00:00:00+00:00,39.05,39.29,39.0,39.12,5705056,33.6092493786,33.8158107064,33.5662157686,33.6694964325,5705056,0.0,1.0
2019-03-01 00:00:00+00:00,39.39,39.52,39.2,39.36,5299224,33.9018779263,34.0137653122,33.7383502085,33.8760577604,5299224,0.0,1.0
2019-03-04 00:00:00+00:00,39.15,39.33,38.71,39.33,7081092,33.6953165985,33.8502375944,33.3166208309,33.8502375944,7081092,0.0,1.0
2019-03-05 00:00:00+00:00,39.02,39.23,38.66,38.95,7192605,33.5834292126,33.7641703745,33.2735872209,33.5231821587,7192605,0.0,1.0
2019-03-06 00:00:00+00:00,38.79,39.22,38.78,39.06,4433407,33.3854746068,33.7555636525,33.3768678848,33.6178561006,4433407,0.0,1.0
2019-03-07 00:00:00+00:00,38.63,38.88,38.37,38.77,4231307,33.2477670549,33.4629351047,33.0239922831,33.3682611628,4231307,0.0,1.0
2019-03-08 00:00:00+00:00,38.2,38.38,37.94,37.95,5066169,32.8776780093,33.0325990051,32.6539032375,32.6625099595,5066169,0.0,1.0
2019-03-11 00:00:00+00:00,38.64,38.69,38.2,38.23,6005422,33.2563737769,33.2994073869,32.8776780093,32.9034981753,6005422,0.0,1.0
2019-03-12 00:00:00+00:00,38.9,39.17,38.86,39.05,5580175,33.4801485487,33.7125300425,33.4457216608,33.6092493786,5580175,0.0,1.0
2019-03-13 00:00:00+00:00,39.21,39.44,39.02,39.22,6086456,33.7469569305,33.9449115363,33.5834292126,33.7555636525,6086456,0.0,1.0
2019-03-14 00:00:00+00:00,38.82,39.05,38.74,39.0,4935032,33.4112947728,33.6092493786,33.3424409968,33.5662157686,4935032,0.0,1.0
2019-03-15 00:00:00+00:00,39.65,40.07,39.41,39.41,8871307,34.1256526981,34.4871350218,33.9190913703,33.9190913703,8871307,0.0,1.0
2019-03-18 00:00:00+00:00,39.85,39.98,39.64,39.86,6290868,34.297787138,34.4096745239,34.1170459761,34.3063938599,6290868,0.0,1.0
2019-03-19 00:00:00+00:00,39.76,40.08,39.6,39.98,8033561,34.22032664,34.4957417438,34.0826190882,34.4096745239,8033561,0.0,1.0
2019-03-20 00:00:00+00:00,39.85,40.15,39.64,39.77,5394019,34.297787138,34.5559887977,34.1170459761,34.228933362,5394019,0.0,1.0
2019-03-21 00:00:00+00:00,41.04,41.24,40.22,40.25,6509703,35.321987055,35.4941214948,34.6162358517,34.6420560176,6509703,0.0,1.0
2019-03-22 00:00:00+00:00,40.43,41.02,40.34,40.84,6759220,34.7969770135,35.304773611,34.7195165156,35.1498526152,6759220,0.0,1.0
2019-03-25 00:00:00+00:00,39.92,40.46,39.77,40.0,4901898,34.3580341919,34.8227971795,34.228933362,34.4268879678,4901898,0.0,1.0
2019-03-26 00:00:00+00:00,40.4,40.63,40.07,40.11,5573519,34.7711568475,34.9691114533,34.4871350218,34.5215619097,5573519,0.0,1.0
2019-03-27 00:00:00+00:00,40.2,40.26,39.8,40.19,7660259,34.5990224077,34.6506627396,34.254753528,34.5904156857,7660259,0.0,1.0
2019-03-28 00:00:00+00:00,40.34,40.54,40.2,40.24,6632731,34.7195165156,34.8916509554,34.5990224077,34.6334492956,6632731,0.0,1.0
2019-03-29 00:00:00+00:00,40.96,41.05,40.6,40.82,6116275,35.2531332791,35.330593777,34.9432912874,35.1326391712,6116275,0.0,1.0
2019-04-01 00:00:00+00:00,41.37,41.37,40.74,41.08,6834247,35.6060088807,35.6060088807,35.0637853952,35.356413943,6834247,0.0,1.0
2019-04-02 00:00:00+00:00,41.27,41.36,41.0,41.18,5580175,35.5199416608,35.5974021587,35.287560167,35.4424811629,5580175,0.0,1.0
2019-04-03 00:00:00+00:00,41.79,41.96,41.51,41.6,6821111,35.9674912044,36.1138054783,35.7265029886,35.8039634866,6821111,0.0,1.0
2019-04-04 00:00:00+00:00,42.04,42.18,41.65,41.73,7610282,36.1826592542,36.3031533621,35.8469970965,35.9158508724,7610282,0.0,1.0
2019-04-05 00:00:00+00:00,42.23,42.34,42.06,42.34,4430552,36.346186972,36.440860914,36.1998726982,36.440860914,4430552,0.0,1.0
2019-04-08 00:00:00+00:00,42.39,42.49,42.08,42.24,6830320,36.4838945239,36.5699617438,36.2170861422,36.354793694,6830320,0.0,1.0
2019-04-09 00:00:00+00:00,42.21,42.3,42.03,42.24,5049921,36.3289735281,36.406434026,36.1740525322,36.354793694,5049921,0.0,1.0
2019-04-10 00:00:00+00:00,42.37,42.5,42.18,42.26,4040323,36.4666810799,36.5785684658,36.3031533621,36.372007138,4040323,0.0,1.0
2019-04-11 00:00:00+00:00,42.1,42.2,41.95,42.09,5172154,36.2342995861,36.3203668061,36.1051987563,36.2256928642,5172154,0.0,1.0
2019-04-12 00:00:00+00:00,42.58,42.65,42.28,42.47,6555695,36.6474222418,36.7076692957,36.389220582,36.5527482999,6555695,0.0,1.0
2019-04-15 00:00:00+00:00,42.61,42.77,42.46,42.58,5274352,36.6732424077,36.8109499596,36.5441415779,36.6474222418,5274352,0.0,1.0
2019-04-16 00:00:00+00:00,43.01,43.08,42.75,42.83,6639295,37.0175112874,37.0777583414,36.7937365156,36.8625902916,6639295,0.0,1.0
2019-04-17 00:00:00+00:00,44.39,44.46,43.86,43.9,15795715,38.2052389223,38.2654859763,37.7490826567,37.7835095447,15795715,0.0,1.0
2019-04-18 00:00:00+00:00,45.4,45.64,44.0,44.06,16569844,39.0745178435,39.2810791713,37.8695767646,37.9212170966,16569844,0.0,1.0
2019-04-22 00:00:00+00:00,45.15,45.16,44.59,44.79,10872419,38.8593497937,38.8679565157,38.3773733621,38.549507802,10872419,0.0,1.0
2019-04-23 00:00:00+00:00,45.42,45.42,45.06,45.15,11437537,39.0917312875,39.0917312875,38.7818892958,38.8593497937,11437537,0.0,1.0
2019-04-24 00:00:00+00:00,45.41,45.59,44.94,45.08,10777150,39.0831245655,39.2380455613,38.6786086319,38.7991027398,10777150,0.0,1.0
2019-04-25 00:00:00+00:00,44.48,45.04,44.43,44.93,10149965,38.2826994202,38.7646758518,38.2396658103,38.6700019099,10149965,0.0,1.0
2019-04-26 00:00:00+00:00,43.94,44.0,43.32,43.65,12745003,37.8179364327,37.8695767646,37.2843196692,37.5683414949,12745003,0.0,1.0
2019-04-29 00:00:00+00:00,43.83,43.92,43.58,43.85,9272099,37.7232624908,37.8007229887,37.508094441,37.7404759347,9272099,0.0,1.0
2019-04-30 00:00:00+00:00,43.82,43.94,43.26,43.4,11863889,37.7146557688,37.8179364327,37.2326793372,37.3531734451,11863889,0.0,1.0
2019-05-01 00:00:00+00:00,43.82,44.56,43.82,44.29,7319021,37.7146557688,38.3515531962,37.7146557688,38.1191717024,7319021,0.0,1.0
2019-05-02 00:00:00+00:00,44.4,44.47,43.75,43.86,10717293,38.2138456443,38.2740926982,37.6544087148,37.7490826567,10717293,0.0,1.0
2019-05-03 00:00:00+00:00,44.71,45.14,44.56,44.93,5479939,38.480654026,38.8507430717,38.3515531962,38.6700019099,5479939,0.0,1.0
2019-05-06 00:00:00+00:00,43.76,43.82,43.21,43.32,10756392,37.6630154368,37.7146557688,37.1896457273,37.2843196692,10756392,0.0,1.0
2019-05-07 00:00:00+00:00,43.76,44.05,43.29,43.83,10225163,37.6630154368,37.9126103746,37.2584995032,37.7232624908,10225163,0.0,1.0
2019-05-08 00:00:00+00:00,43.7,44.0,43.46,43.52,8112550,37.6113751049,37.8695767646,37.4048137771,37.456454109,8112550,0.0,1.0
2019-05-09 00:00:00+00:00,43.25,43.3,42.28,42.92,11229555,37.2240726152,37.2671062252,36.389220582,36.9400507895,11229555,0.0,1.0
2019-05-10 00:00:00+00:00,42.83,43.09,42.19,42.86,8314005,36.8625902916,37.0863650634,36.3117600841,36.8884104575,8314005,0.0,1.0
2019-05-13 00:00:00+00:00,40.99,41.51,40.74,41.37,11046001,35.278953445,35.7265029886,35.0637853952,35.6060088807,11046001,0.0,1.0
2019-05-14 00:00:00+00:00,41.97,42.08,41.4,41.59,7107844,36.1224122003,36.2170861422,35.6318290467,35.7953567646,7107844,0.0,1.0
2019-05-15 00:00:00+00:00,41.97,42.33,41.46,41.55,5347893,36.1224122003,36.432254192,35.6834693787,35.7609298766,5347893,0.0,1.0
2019-05-16 00:00:00+00:00,41.53,41.64,41.22,41.63,9214675,35.7437164326,35.8383903745,35.4769080509,35.8297836525,9214675,0.0,1.0
2019-05-17 00:00:00+00:00,40.25,40.95,40.09,40.39,11270975,34.6420560176,35.2445265571,34.5043484658,34.7625501255,11270975,0.0,1.0
2019-05-20 00:00:00+00:00,38.66,39.3,38.52,39.25,13979652,33.2735872209,33.8244174284,33.153093113,33.7813838184,13979652,0.0,1.0
2019-05-21 00:00:00+00:00,39.3,39.34,38.66,39.15,11806402,33.8244174284,33.8588443164,33.2735872209,33.6953165985,11806402,0.0,1.0
2019-05-22 00:00:00+00:00,38.9,39.39,38.89,39.2,12217584,33.4801485487,33.9018779263,33.4715418267,33.7383502085,12217584,0.0,1.0
2019-05-23 00:00:00+00:00,38.07,38.18,37.41,37.98,14709113,32.7657906234,32.8604645653,32.1977469719,32.6883301255,14709113,0.0,1.0
2019-05-24 00:00:00+00:00,38.2,38.74,38.2,38.42,10540670,32.8776780093,33.3424409968,32.8776780093,33.0670258931,10540670,0.0,1.0
2019-05-28 00:00:00+00:00,37.65,38.2,37.65,38.13,12484718,32.4043082997,32.8776780093,32.4043082997,32.8174309553,12484718,0.0,1.0
2019-05-29 00:00:00+00:00,37.69,37.75,37.18,37.46,13042994,32.4387351877,32.4903755196,31.9997923661,32.2407805819,13042994,0.0,1.0
2019-05-30 00:00:00+00:00,38.04,38.37,37.84,37.95,7351714,32.7399704574,33.0239922831,32.5678360176,32.6625099595,7351714,0.0,1.0
2019-05-31 00:00:00+00:00,38.35,38.97,38.25,38.27,9302893,33.0067788392,33.5403956027,32.9207116192,32.9379250632,9302893,0.0,1.0
2019-06-03 00:00:00+00:00,38.82,39.09,38.66,38.96,9618285,33.4112947728,33.6436762666,33.2735872209,33.5317888807,9618285,0.0,1.0
2019-06-04 00:00:00+00:00,39.06,39.1,38.42,38.64,6985615,33.6178561006,33.6522829886,33.0670258931,33.2563737769,6985615,0.0,1.0
2019-06-05 00:00:00+00:00,38.23,39.26,38.1,39.24,8220145,32.9034981753,33.7899905404,32.7916107894,33.7727770964,8220145,0.0,1.0
2019-06-06 00:00:00+00:00,38.44,38.59,37.92,38.18,6233956,33.0842393371,33.213340167,32.6366897935,32.8604645653,6233956,0.0,1.0
2019-06-07 00:00:00+00:00,38.82,39.0,38.56,38.74,4457237,33.4112947728,33.5662157686,33.187520001,33.3424409968,4457237,0.0,1.0
2019-06-10 00:00:00+00:00,39.62,40.13,39.45,39.49,8351793,34.0998325321,34.5387753537,33.9535182583,33.9879451462,8351793,0.0,1.0
2019-06-11 00:00:00+00:00,39.96,40.6,39.94,40.47,6100708,34.3924610799,34.9432912874,34.3752476359,34.8314039015,6100708,0.0,1.0
2019-06-12 00:00:00+00:00,39.46,40.19,39.45,40.0,6163222,33.9621249803,34.5904156857,33.9535182583,34.4268879678,6163222,0.0,1.0
2019-06-13 00:00:00+00:00,39.45,39.62,39.03,39.62,6646766,33.9535182583,34.0998325321,33.5920359346,34.0998325321,6646766,0.0,1.0
2019-06-14 00:00:00+00:00,37.84,38.7,37.83,38.63,11281546,32.5678360176,33.3080141089,32.5592292956,33.2477670549,11281546,0.0,1.0
2019-06-17 00:00:00+00:00,37.66,38.05,37.66,37.92,6500741,32.4129150217,32.7485771794,32.4129150217,32.6366897935,6500741,0.0,1.0
2019-06-18 00:00:00+00:00,39.21,39.42,38.22,38.27,12303214,33.7469569305,33.9276980923,32.8948914533,32.9379250632,12303214,0.0,1.0
2019-06-19 00:00:00+00:00,39.4,39.96,39.3,39.94,10217607,33.9104846483,34.3924610799,33.8244174284,34.3752476359,10217607,0.0,1.0
2019-06-20 00:00:00+00:00,40.51,40.72,40.135,40.45,10400416,34.8658307894,35.0465719513,34.5430787147,34.8141904575,10400416,0.0,1.0
2019-06-21 00:00:00+00:00,40.52,40.7,40.42,40.52,12766296,34.8744375114,35.0293585073,34.7883702915,34.8744375114,12766296,0.0,1.0
2019-06-24 00:00:00+00:00,39.98,40.07,39.44,39.56,6570962,35.5075755227,35.5875075336,35.0279834571,35.1345594716,6570962,1.275632,1.0
2019-06-25 00:00:00+00:00,38.92,39.52,38.91,39.52,6790520,34.5661540606,35.0990341335,34.557272726,35.0990341335,6790520,0.0,1.0
2019-06-26 00:00:00+00:00,39.08,39.38,38.98,39.38,9133326,34.7082554133,34.9746954498,34.6194420679,34.9746954498,9133326,0.0,1.0
2019-06-27 00:00:00+00:00,39.59,39.76,39.29,39.58,11375159,35.1612034753,35.3121861626,34.8947634388,35.1523221407,11375159,0.0,1.0
2019-06-28 00:00:00+00:00,39.17,39.73,39.12,39.73,7039976,34.7881874243,35.285542159,34.7437807515,35.285542159,7039976,0.0,1.0
2019-07-01 00:00:00+00:00,41.38,41.9,41.15,41.54,11085423,36.7509623594,37.2127917559,36.5466916648,36.8930637121,11085423,0.0,1.0
2019-07-02 00:00:00+00:00,40.8,41.31,40.74,41.19,4446016,36.2358449556,36.6887930175,36.1825569483,36.582217003,4446016,0.0,1.0
2019-07-03 00:00:00+00:00,40.33,40.37,40.01,40.35,3125012,35.8184222318,35.85394757,35.5342195263,35.8361849009,3125012,0.0,1.0
2019-07-05 00:00:00+00:00,39.93,40.1,39.64,39.87,3149470,35.4631688499,35.6141515372,35.205610148,35.4098808426,3149470,0.0,1.0
2019-07-08 00:00:00+00:00,39.32,39.69,39.24,39.57,6772262,34.9214074425,35.2500168208,34.8503567661,35.1434408062,6772262,0.0,1.0
2019-07-09 00:00:00+00:00,39.67,40.01,39.42,39.65,6576968,35.2322541517,35.5342195263,35.010220788,35.2144914826,6576968,0.0,1.0
2019-07-10 00:00:00+00:00,40.71,41.14,40.55,40.83,7944982,36.1559129447,36.5378103302,36.0138115919,36.2624889592,7944982,0.0,1.0
2019-07-11 00:00:00+00:00,40.9,41.19,40.83,41.14,6126560,36.3246583011,36.582217003,36.2624889592,36.5378103302,6126560,0.0,1.0
2019-07-12 00:00:00+00:00,41.23,41.27,40.82,41.11,4695815,36.6177423411,36.6532676793,36.2536076247,36.5111663266,4695815,0.0,1.0
2019-07-15 00:00:00+00:00,41.82,41.93,41.66,41.75,5784301,37.1417410795,37.2394357595,36.9996397267,37.0795717376,5784301,0.0,1.0
2019-07-16 00:00:00+00:00,41.77,41.95,41.57,41.8,6529518,37.0973344067,37.2571984286,36.9197077158,37.1239784104,6529518,0.0,1.0
2019-07-17 00:00:00+00:00,41.63,41.91,41.52,41.68,5514566,36.9729957231,37.2216730904,36.875301043,37.0174023958,5514566,0.0,1.0
2019-07-18 00:00:00+00:00,43.19,43.23,42.31,42.52,11262042,38.3584839125,38.3940092507,37.5769264723,37.7634344978,11262042,0.0,1.0
2019-07-19 00:00:00+00:00,43.83,44.02,43.07,43.08,11439126,38.9268893236,39.09563468,38.251907898,38.2607892325,11439126,0.0,1.0
2019-07-22 00:00:00+00:00,44.6,44.88,44.13,44.2,10035911,39.6107520838,39.8594294511,39.1933293601,39.2554987019,10035911,0.0,1.0
2019-07-23 00:00:00+00:00,44.42,44.58,44.24,44.54,6565784,39.4508880619,39.5929894147,39.2910240401,39.5574640765,6565784,0.0,1.0
2019-07-24 00:00:00+00:00,44.54,44.63,44.24,44.5,7130494,39.5574640765,39.6373960874,39.2910240401,39.5219387383,7130494,0.0,1.0
2019-07-25 00:00:00+00:00,43.62,44.24,43.62,44.21,6594076,38.7403812981,39.2910240401,38.7403812981,39.2643800364,6594076,0.0,1.0
2019-07-26 00:00:00+00:00,43.46,43.89,43.38,43.73,4398967,38.5982799453,38.9801773309,38.527229269,38.8380759781,4398967,0.0,1.0
2019-07-29 00:00:00+00:00,43.94,43.95,43.4,43.52,4138649,39.0245840036,39.0334653382,38.5449919381,38.6515679526,4138649,0.0,1.0
2019-07-30 00:00:00+00:00,43.11,43.4,42.77,43.4,4938490,38.2874332362,38.5449919381,37.9854678615,38.5449919381,4938490,0.0,1.0
2019-07-31 00:00:00+00:00,42.63,43.17,42.05,43.03,7592285,37.8611291779,38.3407212434,37.3460117741,38.2163825598,7592285,0.0,1.0
2019-08-01 00:00:00+00:00,41.87,43.39,41.6,42.75,9662848,37.1861477522,38.5361106035,36.9463517194,37.9677051924,9662848,0.0,1.0
2019-08-02 00:00:00+00:00,41.65,41.78,41.01,41.15,9316972,36.9907583922,37.1062157413,36.4223529811,36.5466916648,9316972,0.0,1.0
2019-08-05 00:00:00+00:00,39.87,40.52,39.78,40.41,6668437,35.4098808426,35.9871675882,35.3299488317,35.8894729082,6668437,0.0,1.0
2019-08-06 00:00:00+00:00,41.26,41.51,40.89,41.18,8667763,36.6443863448,36.8664197085,36.3157769665,36.5733356684,8667763,0.0,1.0
2019-08-07 00:00:00+00:00,41.26,41.45,40.8,41.05,5484674,36.6443863448,36.8131317012,36.2358449556,36.4578783193,5484674,0.0,1.0
2019-08-08 00:00:00+00:00,41.9,42.18,41.75,41.85,7795872,37.2127917559,37.4614691232,37.0795717376,37.1683850831,7795872,0.0,1.0
2019-08-09 00:00:00+00:00,41.41,41.71,41.0,41.59,3480493,36.777606363,37.0440463995,36.4134716465,36.9374703849,3480493,0.0,1.0
2019-08-12 00:00:00+00:00,40.96,41.27,40.85,41.05,4543181,36.3779463084,36.6532676793,36.2802516283,36.4578783193,4543181,0.0,1.0
2019-08-13 00:00:00+00:00,41.84,41.99,40.55,40.63,7834553,37.1595037486,37.2927237668,36.0138115919,36.0848622683,7834553,0.0,1.0
2019-08-14 00:00:00+00:00,40.43,41.09,40.25,40.85,9622124,35.9072355773,36.4934036575,35.7473715555,36.2802516283,9622124,0.0,1.0
2019-08-15 00:00:00+00:00,40.86,40.99,40.34,40.38,7690100,36.2891329629,36.404590312,35.8273035664,35.8628289046,7690100,0.0,1.0
2019-08-16 00:00:00+00:00,41.54,41.73,41.15,41.18,4845662,36.8930637121,37.0618090685,36.5466916648,36.5733356684,4845662,0.0,1.0
2019-08-19 00:00:00+00:00,41.78,42.21,41.65,42.16,3797555,37.1062157413,37.4881131268,36.9907583922,37.4437064541,3797555,0.0,1.0
2019-08-20 00:00:00+00:00,41.94,42.22,41.72,42.0,7540304,37.2483170941,37.4969944614,37.052927734,37.3016051013,7540304,0.0,1.0
2019-08-21 00:00:00+00:00,42.58,42.64,42.29,42.41,3914624,37.8167225051,37.8700105124,37.5591638032,37.6657398178,3914624,0.0,1.0
2019-08-22 00:00:00+00:00,42.13,42.49,41.73,42.39,3145644,37.4170624505,37.7367904942,37.0618090685,37.6479771487,3145644,0.0,1.0
2019-08-23 00:00:00+00:00,40.95,42.15,40.86,41.94,7526853,36.3690649738,37.4348251196,36.2891329629,37.2483170941,7526853,0.0,1.0
2019-08-26 00:00:00+00:00,41.34,41.55,41.13,41.37,5519272,36.7154370212,36.9019450467,36.5289289957,36.7420810248,5519272,0.0,1.0
2019-08-27 00:00:00+00:00,41.35,41.68,41.27,41.55,4192830,36.7243183557,37.0174023958,36.6532676793,36.9019450467,4192830,0.0,1.0
2019-08-28 00:00:00+00:00,41.65,41.77,41.05,41.32,3585956,36.9907583922,37.0973344067,36.4578783193,36.6976743521,3585956,0.0,1.0
2019-08-29 00:00:00+00:00,42.28,42.57,42.23,42.34,5171590,37.5502824687,37.8078411706,37.5058757959,37.603570476,5171590,0.0,1.0
2019-08-30 00:00:00+00:00,42.63,42.89,42.36,42.71,5382157,37.8611291779,38.0920438761,37.6213331451,37.9321798542,5382157,0.0,1.0
2019-09-03 00:00:00+00:00,41.72,42.16,41.58,42.15,4747959,37.052927734,37.4437064541,36.9285890503,37.4348251196,4747959,0.0,1.0
2019-09-04 00:00:00+00:00,43.15,43.15,42.39,42.61,4460894,38.3229585744,38.3229585744,37.6479771487,37.8433665088,4460894,0.0,1.0
2019-09-05 00:00:00+00:00,44.24,44.51,43.76,43.76,7698262,39.2910240401,39.5308200729,38.8647199818,38.8647199818,7698262,0.0,1.0
2019-09-06 00:00:00+00:00,43.71,44.04,43.69,44.0,4325287,38.820313309,39.1133973491,38.8025506399,39.0778720109,4325287,0.0,1.0
2019-09-09 00:00:00+00:00,43.85,44.08,43.54,43.91,4639981,38.9446519927,39.1489226873,38.6693306217,38.99794,4639981,0.0,1.0
2019-09-10 00:00:00+00:00,44.1,44.1,43.36,43.6,5001631,39.1666853564,39.1666853564,38.5094665999,38.722618629,5001631,0.0,1.0
2019-09-11 00:00:00+00:00,44.22,44.27,43.84,43.91,4015793,39.273261371,39.3176680437,38.9357706582,38.99794,4015793,0.0,1.0
2019-09-12 00:00:00+00:00,44.07,44.46,43.93,44.29,6577889,39.1400413528,39.4864134001,39.0157026691,39.3354307128,6577889,0.0,1.0
2019-09-13 00:00:00+00:00,44.74,44.83,44.19,44.43,6230998,39.7350907675,39.8150227784,39.2466173673,39.4597693965,6230998,0.0,1.0
2019-09-16 00:00:00+00:00,44.6,44.74,44.49,44.53,3716248,39.6107520838,39.7350907675,39.5130574038,39.548582742,3716248,0.0,1.0
2019-09-17 00:00:00+00:00,45.13,45.15,44.21,44.28,6141985,40.0814628148,40.0992254839,39.2643800364,39.3265493783,6141985,0.0,1.0
2019-09-18 00:00:00+00:00,45.04,45.2,44.61,45.17,4058567,40.0015308039,40.1436321567,39.6196334184,40.116988153,4058567,0.0,1.0
2019-09-19 00:00:00+00:00,44.9,45.22,44.76,44.8,6624115,40.1651731231,40.4514282545,40.0399365031,40.0757183946,6624115,0.3242542,1.0
2019-09-20 00:00:00+00:00,43.87,44.9,43.87,44.77,7397664,39.243789419,40.1651731231,39.243789419,40.048881976,7397664,0.0,1.0
2019-09-23 00:00:00+00:00,44.07,44.29,43.85,44.18,5001154,39.4226988761,39.6194992789,39.2258984732,39.5210990775,5001154,0.0,1.0
2019-09-24 00:00:00+00:00,44.12,44.55,44.06,44.4,8028836,39.4674262404,39.8520815732,39.4137534032,39.7178994803,8028836,0.0,1.0
2019-09-25 00:00:00+00:00,45.01,45.1,44.0,44.2,6817329,40.2635733245,40.3440825802,39.3600805661,39.5389900232,6817329,0.0,1.0
2019-09-26 00:00:00+00:00,46.46,46.51,45.1,45.1,15872782,41.5606668886,41.6053942529,40.3440825802,40.3440825802,15872782,0.0,1.0
2019-09-27 00:00:00+00:00,45.51,46.48,45.19,46.0,9610430,40.7108469673,41.5785578344,40.4245918359,41.1491751373,9610430,0.0,1.0
2019-09-30 00:00:00+00:00,46.48,46.74,46.12,46.57,8469315,41.5785578344,41.8111401286,41.2565208115,41.6590670901,8469315,0.0,1.0
2019-10-01 00:00:00+00:00,47.19,47.85,46.96,46.96,11598857,42.2136864071,42.8040876156,42.0079405314,42.0079405314,11598857,0.0,1.0
2019-10-02 00:00:00+00:00,46.43,46.94,46.33,46.71,5793579,41.5338304701,41.9900495857,41.4443757415,41.78430371,5793579,0.0,1.0
2019-10-03 00:00:00+00:00,47.13,47.14,46.24,46.45,6209616,42.16001357,42.1689590428,41.3638664858,41.5517214158,6209616,0.0,1.0
2019-10-04 00:00:00+00:00,47.42,47.45,46.78,47.03,5717579,42.4194322828,42.4462687014,41.84692202,42.0705588414,5717579,0.0,1.0
2019-10-07 00:00:00+00:00,47.95,48.15,47.43,47.73,11409935,42.8935423442,43.0724518013,42.4283777557,42.6967419413,11409935,0.0,1.0
2019-10-08 00:00:00+00:00,47.86,48.4,47.6,48.26,13177733,42.8130330885,43.2960886227,42.5804507942,43.1708520027,13177733,0.0,1.0
2019-10-09 00:00:00+00:00,48.68,49.06,48.17,48.2,11476181,43.5465618627,43.8864898312,43.090342747,43.1171791656,11476181,0.0,1.0
2019-10-10 00:00:00+00:00,48.93,49.39,48.49,48.91,9568361,43.7701986841,44.1816904354,43.3765978784,43.7523077383,9568361,0.0,1.0
2019-10-11 00:00:00+00:00,49.42,49.79,49.33,49.45,7516323,44.208526854,44.5395093497,44.1280175983,44.2353632726,7516323,0.0,1.0
2019-10-14 00:00:00+00:00,49.91,50.13,49.3,49.42,7993530,44.6468550239,44.8436554268,44.1011811797,44.208526854,7993530,0.0,1.0
2019-10-15 00:00:00+00:00,50.39,50.64,50.11,50.2,9629615,45.076237721,45.2998745424,44.8257644811,44.9062737368,9629615,0.0,1.0
2019-10-16 00:00:00+00:00,50.13,51.13,50.07,50.34,13706449,44.8436554268,45.7382027124,44.7899825896,45.0315103567,13706449,0.0,1.0
2019-10-17 00:00:00+00:00,49.75,51.21,49.26,51.14,12419679,44.5037274582,45.8097664952,44.0653992883,45.7471481852,12419679,0.0,1.0
2019-10-18 00:00:00+00:00,49.28,50.09,49.13,49.65,9169152,44.083290234,44.8078735353,43.9491081412,44.4142727297,9169152,0.0,1.0
2019-10-21 00:00:00+00:00,50.0,50.11,49.33,49.53,6878936,44.7273642796,44.8257644811,44.1280175983,44.3069270554,6878936,0.0,1.0
2019-10-22 00:00:00+00:00,50.64,50.83,50.18,50.3,10719909,45.2998745424,45.4698385267,44.8883827911,44.9957284653,10719909,0.0,1.0
2019-10-23 00:00:00+00:00,50.17,50.4,49.92,50.1,7129320,44.8794373182,45.0851831939,44.6558004968,44.8168190082,7129320,0.0,1.0
2019-10-24 00:00:00+00:00,50.95,51.05,50.23,50.49,7014353,45.577184201,45.6666389295,44.9331101553,45.1656924496,7014353,0.0,1.0
2019-10-25 00:00:00+00:00,51.13,51.23,50.69,50.8,6303453,45.7382027124,45.8276574409,45.3446019067,45.4430021081,6303453,0.0,1.0
2019-10-28 00:00:00+00:00,51.31,51.48,51.05,51.4,7725428,45.8992212238,46.0512942623,45.6666389295,45.9797304795,7725428,0.0,1.0
2019-10-29 00:00:00+00:00,51.47,51.84,51.44,51.5,5303399,46.0423487895,46.3733312851,46.0155123709,46.069185208,5303399,0.0,1.0
2019-10-30 00:00:00+00:00,51.91,52.06,51.57,51.79,5197975,46.4359495951,46.570131688,46.131803518,46.3286039209,5197975,0.0,1.0
2019-10-31 00:00:00+00:00,51.63,51.93,51.35,51.89,5140831,46.1854763552,46.4538405408,45.9350031152,46.4180586494,5140831,0.0,1.0
2019-11-01 00:00:00+00:00,52.1,52.1,51.7,51.89,5226543,46.6059135794,46.6059135794,46.2480946652,46.4180586494,5226543,0.0,1.0
2019-11-04 00:00:00+00:00,53.49,53.79,53.12,53.55,7658469,47.8493343064,48.117698492,47.5183518107,47.9030071435,7658469,0.0,1.0
2019-11-05 00:00:00+00:00,53.55,53.97,53.49,53.63,5286891,47.9030071435,48.2787170034,47.8493343064,47.9745709263,5286891,0.0,1.0
2019-11-06 00:00:00+00:00,53.64,53.75,53.1,53.7,4545096,47.9835163992,48.0819166006,47.500460865,48.0371892363,4545096,0.0,1.0
2019-11-07 00:00:00+00:00,53.67,54.37,53.52,53.9,7890881,48.0103528178,48.6365359177,47.8761707249,48.2160986935,7890881,0.0,1.0
2019-11-08 00:00:00+00:00,52.83,53.53,52.53,53.53,6558428,47.2589330979,47.8851161978,46.9905689122,47.8851161978,6558428,0.0,1.0
2019-11-11 00:00:00+00:00,52.6,52.75,52.16,52.39,4046263,47.0531872222,47.187369315,46.6595864165,46.8653322922,4046263,0.0,1.0
2019-11-12 00:00:00+00:00,52.15,52.69,52.03,52.69,8625113,46.6506409437,47.1336964779,46.5432952694,47.1336964779,8625113,0.0,1.0
2019-11-13 00:00:00+00:00,52.88,52.94,52.15,52.58,5367929,47.3036604622,47.3573332993,46.6506409437,47.0352962765,5367929,0.0,1.0
2019-11-14 00:00:00+00:00,52.48,52.73,52.13,52.5,5308585,46.9458415479,47.1694783693,46.632749998,46.9637324936,5308585,0.0,1.0
2019-11-15 00:00:00+00:00,53.29,53.39,52.88,53.01,5986449,47.6704248492,47.7598795778,47.3036604622,47.4199516093,5986449,0.0,1.0
2019-11-18 00:00:00+00:00,53.42,53.96,53.39,53.39,4774385,47.7867159964,48.2697715306,47.7598795778,47.7598795778,4774385,0.0,1.0
2019-11-19 00:00:00+00:00,53.76,54.14,53.68,54.05,4731111,48.0908620735,48.430790042,48.0192982906,48.3502807863,4731111,0.0,1.0
2019-11-20 00:00:00+00:00,53.5,53.78,53.21,53.55,5264798,47.8582797792,48.1087530192,47.5988610664,47.9030071435,5264798,0.0,1.0
2019-11-21 00:00:00+00:00,52.98,53.51,52.94,53.5,6036658,47.3931151907,47.8672252521,47.3573332993,47.8582797792,6036658,0.0,1.0
2019-11-22 00:00:00+00:00,52.79,53.16,52.74,52.92,4172240,47.2231512064,47.5541337021,47.1784238422,47.3394423536,4172240,0.0,1.0
2019-11-25 00:00:00+00:00,53.76,53.94,52.8,53.09,5021497,48.0908620735,48.2518805849,47.2320966793,47.4915153921,5021497,0.0,1.0
2019-11-26 00:00:00+00:00,53.63,53.79,53.38,53.5,5672838,47.9745709263,48.117698492,47.7509341049,47.8582797792,5672838,0.0,1.0
2019-11-27 00:00:00+00:00,53.89,54.06,53.54,54.03,2785808,48.2071532206,48.3592262592,47.8940616706,48.3323898406,2785808,0.0,1.0
2019-11-29 00:00:00+00:00,53.09,53.16,52.8,53.06,3391746,47.4915153921,47.5541337021,47.2320966793,47.4646789736,3391746,0.0,1.0
2019-12-02 00:00:00+00:00,52.98,53.59,52.78,53.55,4475787,47.3931151907,47.9387890349,47.2142057336,47.9030071435,4475787,0.0,1.0
2019-12-03 00:00:00+00:00,52.78,52.93,52.18,52.42,5516579,47.2142057336,47.3483878264,46.6774773622,46.8921687108,5516579,0.0,1.0
2019-12-04 00:00:00+00:00,53.18,53.57,53.11,53.27,3905221,47.5720246478,47.9208980892,47.5094063378,47.6525339035,3905221,0.0,1.0
2019-12-05 00:00:00+00:00,54.4,54.54,53.49,53.62,7624347,48.6633723363,48.7886089562,47.8493343064,47.9656254535,7624347,0.0,1.0
2019-12-06 00:00:00+00:00,54.94,55.03,54.5,54.5,5429102,49.1464278705,49.2269371262,48.7528270648,48.7528270648,5429102,0.0,1.0
2019-12-09 00:00:00+00:00,54.46,55.19,54.32,55.05,6540899,48.7170451734,49.3700646919,48.5918085534,49.2448280719,6540899,0.0,1.0
2019-12-10 00:00:00+00:00,54.52,55.06,54.33,54.68,4364837,48.7707180105,49.2537735447,48.6007540263,48.9138455762,4364837,0.0,1.0
2019-12-11 00:00:00+00:00,55.9,56.2,55.03,55.04,11015786,50.0051932646,50.2735574503,49.2269371262,49.235882599,11015786,0.0,1.0
2019-12-12 00:00:00+00:00,58.61,58.62,57.02,57.25,15787807,52.4294164086,52.4383618815,51.0070862245,51.2128321002,15787807,0.0,1.0
2019-12-13 00:00:00+00:00,58.25,59.52,58.25,59.05,9886939,52.1073793858,53.2434544385,52.1073793858,52.8230172143,9886939,0.0,1.0
2019-12-16 00:00:00+00:00,58.54,58.7,58.29,58.29,5779350,52.3667980986,52.5099256643,52.1431612772,52.1431612772,5779350,0.0,1.0
2019-12-17 00:00:00+00:00,59.23,59.71,58.78,59.71,8407537,52.9840357257,53.4134184228,52.5814894471,53.4134184228,8407537,0.0,1.0
2019-12-18 00:00:00+00:00,59.1,59.64,58.72,59.6,10021065,52.8677445785,53.3508001128,52.52781661,53.3150182213,10021065,0.0,1.0
2019-12-19 00:00:00+00:00,57.96,58.5,57.88,58.5,7228607,52.2147098528,52.7011823048,52.1426398599,52.7011823048,7228607,0.409983,1.0
2019-12-20 00:00:00+00:00,57.93,58.3,57.32,57.78,8043756,52.1876836054,52.5210073226,51.6381499096,52.0525523687,8043756,0.0,1.0
2019-12-23 00:00:00+00:00,58.22,58.34,57.95,58.03,4022005,52.4489373297,52.557042319,52.2057011036,52.2777710965,4022005,0.0,1.0
2019-12-24 00:00:00+00:00,57.76,58.09,57.55,57.99,2692204,52.0345348705,52.3318235912,51.8453511392,52.2417361001,2692204,0.0,1.0
2019-12-26 00:00:00+00:00,58.25,58.35,57.76,57.8,2490372,52.475963577,52.5660510681,52.0345348705,52.070569867,2490372,0.0,1.0
2019-12-27 00:00:00+00:00,58.46,58.71,58.33,58.53,2847810,52.6651473083,52.8903660361,52.5480335699,52.7282085521,2847810,0.0,1.0
2019-12-30 00:00:00+00:00,57.85,58.69,57.62,58.66,3519872,52.1156136125,52.8723485379,51.9084123829,52.8453222906,3519872,0.0,1.0
2019-12-31 00:00:00+00:00,58.1,58.13,57.46,57.68,2950206,52.3408323403,52.3678585877,51.7642723972,51.9624648776,2950206,0.0,1.0
2020-01-02 00:00:00+00:00,60.04,60.12,59.6,59.6,8432371,54.088529668,54.1605996609,53.6921447071,53.6921447071,8432371,0.0,1.0
2020-01-03 00:00:00+00:00,58.06,58.98,58.04,58.97,10546343,52.3047973439,53.1336022622,52.2867798456,53.1245935131,10546343,0.0,1.0
2020-01-06 00:00:00+00:00,57.39,57.69,57.13,57.6,8897013,51.7012111534,51.9714736267,51.4669836765,51.8903948847,8897013,0.0,1.0
2020-01-07 00:00:00+00:00,58.32,58.6,56.74,57.45,7496684,52.5390248208,52.7912697959,51.1156424611,51.755263648,7496684,0.0,1.0
2020-01-08 00:00:00+00:00,58.75,58.98,58.11,58.19,5381490,52.9264010326,53.1336022622,52.3498410894,52.4219110823,5381490,0.0,1.0
2020-01-09 00:00:00+00:00,59.23,59.71,58.7,59.69,5112651,53.35882099,53.7912409473,52.881357287,53.7732234491,5112651,0.0,1.0
2020-01-10 00:00:00+00:00,58.86,59.7,58.77,59.7,4807703,53.0254972728,53.7822321982,52.9444185308,53.7822321982,4807703,0.0,1.0
2020-01-13 00:00:00+00:00,60.06,60.16,59.45,60.15,6617157,54.1065471663,54.1966346574,53.5570134704,54.1876259083,6617157,0.0,1.0
2020-01-14 00:00:00+00:00,60.32,60.64,59.92,60.16,6715078,54.3407746432,54.6290546148,53.9804246787,54.1966346574,6715078,0.0,1.0
2020-01-15 00:00:00+00:00,58.39,59.7,58.26,59.67,10067060,52.6020860646,53.7822321982,52.4849723261,53.7552059509,10067060,0.0,1.0
2020-01-16 00:00:00+00:00,58.75,59.69,58.3,59.2,11212151,52.9264010326,53.7732234491,52.5210073226,53.3317947426,11212151,0.0,1.0
2020-01-17 00:00:00+00:00,58.58,58.75,58.01,58.64,8124393,52.7732522977,52.9264010326,52.2597535983,52.8273047924,8124393,0.0,1.0
2020-01-21 00:00:00+00:00,58.24,59.0,57.47,57.99,9873238,52.4669548279,53.1516197604,51.7732811463,52.2417361001,9873238,0.0,1.0
2020-01-22 00:00:00+00:00,58.35,58.94,58.32,58.9,8120757,52.5660510681,53.0975672657,52.5390248208,53.0615322693,8120757,0.0,1.0
2020-01-23 00:00:00+00:00,57.48,58.07,56.62,57.86,9993658,51.7822898954,52.313806093,51.0075374718,52.1246223616,9993658,0.0,1.0
2020-01-24 00:00:00+00:00,57.73,58.14,57.46,58.09,10399867,52.0075086232,52.3768673368,51.7642723972,52.3318235912,10399867,0.0,1.0
2020-01-27 00:00:00+00:00,55.26,55.99,55.06,55.62,9674614,49.7823475925,50.4399862777,49.6021726103,50.1066625606,9674614,0.0,1.0
2020-01-28 00:00:00+00:00,57.09,57.12,55.48,55.73,8119515,51.43094868,51.4579749274,49.980540073,50.2057588008,8119515,0.0,1.0
2020-01-29 00:00:00+00:00,57.19,57.52,56.85,57.52,7690271,51.5210361711,51.8183248918,51.2147387013,51.8183248918,7690271,0.0,1.0
2020-01-30 00:00:00+00:00,55.8,56.04,55.06,55.08,10278741,50.2688200446,50.4850300233,49.6021726103,49.6201901085,10278741,0.0,1.0
2020-01-31 00:00:00+00:00,53.94,55.48,53.6,55.43,13463129,48.5931927098,49.980540073,48.28689524,49.9354963274,13463129,0.0,1.0
2020-02-03 00:00:00+00:00,54.77,54.94,54.14,54.35,9594288,49.340918886,49.4940676209,48.773367692,48.9625514233,9594288,0.0,1.0
2020-02-04 00:00:00+00:00,57.52,57.64,56.9,56.92,12743381,51.8183248918,51.9264298812,51.2597824469,51.2777999451,12743381,0.0,1.0
2020-02-05 00:00:00+00:00,57.92,58.15,57.17,58.1,6592639,52.1786748563,52.3858760859,51.5030186729,52.3408323403,6592639,0.0,1.0
2020-02-06 00:00:00+00:00,58.02,58.28,57.28,58.27,4235623,52.2687623474,52.5029898243,51.6021149131,52.4939810752,4235623,0.0,1.0
2020-02-07 00:00:00+00:00,56.2,57.14,56.06,57.14,6808403,50.6291700091,51.4759924256,50.5030475215,51.4759924256,6808403,0.0,1.0
2020-02-10 00:00:00+00:00,57.02,57.05,56.34,56.44,4279796,51.3678874362,51.3949136836,50.7552924966,50.8453799877,4279796,0.0,1.0
2020-02-11 00:00:00+00:00,58.66,58.9,57.81,57.95,6522704,52.8453222906,53.0615322693,52.0795786161,52.2057011036,6522704,0.0,1.0
2020-02-12 00:00:00+00:00,59.63,59.75,58.9,59.25,5958150,53.7191709544,53.8272759438,53.0615322693,53.3768384882,5958150,0.0,1.0
2020-02-13 00:00:00+00:00,59.33,59.7,58.74,59.13,6457733,53.4489084811,53.7822321982,52.9173922835,53.2687334988,6457733,0.0,1.0
2020-02-14 00:00:00+00:00,58.19,59.17,57.87,59.02,6931384,52.4219110823,53.3047684953,52.1336311107,53.1696372586,6931384,0.0,1.0
2020-02-18 00:00:00+00:00,56.18,56.56,55.63,56.1,10988996,50.6111525108,50.9534849771,50.1156713097,50.5390825179,10988996,0.0,1.0
2020-02-19 00:00:00+00:00,57.64,57.94,57.0,57.25,7864676,51.9264298812,52.1966923545,51.349869938,51.5750886658,7864676,0.0,1.0
2020-02-20 00:00:00+00:00,56.48,57.04,55.81,56.94,7189369,50.8814149842,51.3859049345,50.2778287937,51.2958174433,7189369,0.0,1.0
2020-02-21 00:00:00+00:00,55.59,56.65,55.52,56.65,6816314,50.0796363132,51.0345637191,50.0165750694,51.0345637191,6816314,0.0,1.0
2020-02-24 00:00:00+00:00,54.12,54.69,53.18,53.55,9967795,48.7553501938,49.2688488932,47.9085277772,48.2418514944,9967795,0.0,1.0
2020-02-25 00:00:00+00:00,53.86,55.47,53.83,55.33,12660878,48.5211227169,49.9715313239,48.4940964695,49.8454088363,12660878,0.0,1.0
2020-02-26 00:00:00+00:00,55.03,55.41,54.38,54.49,10968758,49.575146363,49.9174788292,48.9895776707,49.0886739109,10968758,0.0,1.0
2020-02-27 00:00:00+00:00,53.29,54.6,53.27,54.2,11875960,48.0076240175,49.1877701511,47.9896065193,48.8274201867,11875960,0.0,1.0
2020-02-28 00:00:00+00:00,53.84,54.05,51.0,51.35,13604545,48.5031052186,48.69228895,45.9446204708,46.2599266898,13604545,0.0,1.0
2020-03-02 00:00:00+00:00,55.98,56.01,53.83,54.37,13794475,50.4309775286,50.4580037759,48.4940964695,48.9805689216,13794475,0.0,1.0
2020-03-03 00:00:00+00:00,54.88,56.37,54.04,56.3,14660712,49.4400151263,50.782318744,48.6832802009,50.7192575002,14660712,0.0,1.0
2020-03-04 00:00:00+00:00,57.08,57.09,55.55,55.97,9877574,51.4219399309,51.43094868,50.0436013168,50.4219687795,9877574,0.0,1.0
2020-03-05 00:00:00+00:00,55.73,56.39,55.25,56.11,10002946,50.2057588008,50.8003362422,49.7733388434,50.548091267,10002946,0.0,1.0
2020-03-06 00:00:00+00:00,55.07,55.08,53.97,54.6,12969585,49.6111813594,49.6201901085,48.6202189571,49.1877701511,12969585,0.0,1.0
2020-03-09 00:00:00+00:00,51.83,54.14,51.06,51.55,13776549,46.6923466471,48.773367692,45.9986729655,46.440101672,13776549,0.0,1.0
2020-03-10 00:00:00+00:00,54.51,54.62,52.49,53.71,11698685,49.1066914091,49.2057876494,47.2869240885,48.3859914802,11698685,0.0,1.0
2020-03-11 00:00:00+00:00,52.24,53.56,52.09,53.11,14497947,47.0617053607,48.2508602435,46.926574124,47.8454665335,14497947,0.0,1.0
2020-03-12 00:00:00+00:00,48.69,50.99,48.51,49.66,15936059,43.863599426,45.9356117217,43.701441942,44.7374480898,15936059,0.0,1.0
2020-03-13 00:00:00+00:00,52.23,52.46,49.29,51.9,14737583,47.0526966116,47.2598978412,44.4041243727,46.7554078909,14737583,0.0,1.0
2020-03-16 00:00:00+00:00,44.9,48.35,44.9,46.34,16620252,40.4492835126,43.5573019562,40.4492835126,41.7465433847,16620252,0.0,1.0
2020-03-17 00:00:00+00:00,48.54,48.56,45.03,45.75,13414147,43.7284681893,43.7464856875,40.566397251,41.2150271871,13414147,0.0,1.0
2020-03-18 00:00:00+00:00,44.37,46.09,43.26,43.8,15012979,39.9718198096,41.5213246569,38.9718486582,39.4583211103,15012979,0.0,1.0
2020-03-19 00:00:00+00:00,43.89,45.18,42.7,43.74,11178822,39.9148268593,41.087989918,38.8326066733,39.7784125501,11178822,0.416736,1.0
2020-03-20 00:00:00+00:00,44.53,48.28,44.48,48.02,14156233,40.496861245,43.9072189739,40.4513898086,43.6707675047,14156233,0.0,1.0
2020-03-23 00:00:00+00:00,45.26,45.61,43.52,45.12,10504856,41.1607442162,41.4790442709,39.57833823,41.0334241943,10504856,0.0,1.0
2020-03-24 00:00:00+00:00,48.87,48.92,47.5,48.0,12201339,44.4437819233,44.4892533596,43.1978645663,43.6525789302,12201339,0.0,1.0
2020-03-25 00:00:00+00:00,49.0,50.05,48.05,49.3,9794353,44.5620076579,45.516907822,43.6980503665,44.8348362762,9794353,0.0,1.0
2020-03-26 00:00:00+00:00,49.87,50.46,48.92,49.1,10577118,45.353210651,45.8897736003,44.4892533596,44.6529505306,10577118,0.0,1.0
2020-03-27 00:00:00+00:00,46.91,48.09,46.51,47.23,12157621,42.6613016169,43.7344275156,42.2975301259,42.9523188098,12157621,0.0,1.0
2020-03-30 00:00:00+00:00,47.82,48.16,46.77,47.18,8428262,43.4888817592,43.7980875266,42.5339815951,42.9068473734,8428262,0.0,1.0
2020-03-31 00:00:00+00:00,47.79,49.03,47.66,47.8,9583061,43.4615988973,44.5892905197,43.3433731627,43.4706931846,9583061,0.0,1.0
2020-04-01 00:00:00+00:00,46.51,47.56,46.3,46.83,8755144,42.2975301259,43.25243029,42.106550093,42.5885473187,8755144,0.0,1.0
2020-04-02 00:00:00+00:00,48.13,48.22,46.61,46.92,6174693,43.7708046648,43.8526532502,42.3884729986,42.6703959042,6174693,0.0,1.0
2020-04-03 00:00:00+00:00,47.06,48.15,46.78,47.79,5486163,42.7977159261,43.7889932393,42.5430758823,43.4615988973,5486163,0.0,1.0
2020-04-06 00:00:00+00:00,49.97,50.1,48.51,48.63,7361777,45.4441535237,45.5623792583,44.1163875813,44.2255190286,7361777,0.0,1.0
2020-04-07 00:00:00+00:00,49.72,51.32,49.66,51.29,6568709,45.2167963418,46.6718823062,45.1622306182,46.6445994443,6568709,0.0,1.0
2020-04-08 00:00:00+00:00,50.27,50.6,49.54,50.21,6324879,45.7169821421,46.0170936222,45.0530991708,45.6624164184,6324879,0.0,1.0
2020-04-09 00:00:00+00:00,48.33,50.66,47.72,50.28,12273926,43.9526904103,46.0716593459,43.3979388864,45.7260764293,12273926,0.0,1.0
2020-04-13 00:00:00+00:00,48.75,49.09,47.96,48.74,9867823,44.3346504759,44.6438562434,43.616201781,44.3255561887,9867823,0.0,1.0
2020-04-14 00:00:00+00:00,50.63,51.27,49.95,50.0,11064250,46.044376484,46.6264108698,45.4259649492,45.4714363856,11064250,0.0,1.0
2020-04-15 00:00:00+00:00,49.66,49.97,49.04,49.76,9386177,45.1622306182,45.4441535237,44.598384807,45.2531734909,9386177,0.0,1.0
2020-04-16 00:00:00+00:00,52.4,53.14,51.68,51.81,18591108,47.6540653321,48.3270425906,46.9992766481,47.1175023827,18591108,0.0,1.0
2020-04-17 00:00:00+00:00,53.69,54.19,53.0,54.13,11286854,48.8272283908,49.2819427547,48.1997225687,49.227377031,11286854,0.0,1.0
2020-04-20 00:00:00+00:00,52.59,53.82,52.56,53.0,9900677,47.8268567903,48.9454541254,47.7995739285,48.1997225687,9900677,0.0,1.0
2020-04-21 00:00:00+00:00,51.37,51.81,50.52,51.6,13099732,46.7173537425,47.1175023827,45.944339324,46.9265223499,13099732,0.0,1.0
2020-04-22 00:00:00+00:00,52.95,53.11,52.41,52.48,8255475,48.1542511323,48.2997597288,47.6631596194,47.7268196303,8255475,0.0,1.0
2020-04-23 00:00:00+00:00,52.64,53.13,52.26,52.81,7617759,47.8723282267,48.3179483033,47.5267453102,48.0269311104,7617759,0.0,1.0
2020-04-24 00:00:00+00:00,52.73,52.89,52.0,52.6,5701758,47.9541768122,48.0996854087,47.290293841,47.8359510776,5701758,0.0,1.0
2020-04-27 00:00:00+00:00,53.51,53.75,52.97,53.15,5811725,48.6635312198,48.8817941145,48.1724397069,48.3361368779,5811725,0.0,1.0
2020-04-28 00:00:00+00:00,52.76,53.73,52.68,53.51,8561048,47.9814596741,48.8636055399,47.9087053758,48.6635312198,8561048,0.0,1.0
2020-04-29 00:00:00+00:00,54.48,54.69,53.43,53.75,8564542,49.5456770857,49.7366571185,48.5907769216,48.8817941145,8564542,0.0,1.0
2020-04-30 00:00:00+00:00,53.13,54.41,52.96,54.2,6333093,48.3179483033,49.4820170748,48.1633454196,49.291037042,6333093,0.0,1.0
2020-05-01 00:00:00+00:00,51.1,52.56,51.09,52.48,10234639,46.4718079861,47.7995739285,46.4627136988,47.7268196303,10234639,0.0,1.0
2020-05-04 00:00:00+00:00,52.15,52.18,51.28,51.79,7512838,47.4267081502,47.453991012,46.635505157,47.0993138082,7512838,0.0,1.0
2020-05-05 00:00:00+00:00,51.71,52.58,51.58,52.21,7779016,47.02655951,47.8177625031,46.9083337754,47.4812738738,7779016,0.0,1.0
2020-05-06 00:00:00+00:00,52.13,52.62,52.0,52.11,8203825,47.4085195756,47.8541396522,47.290293841,47.390331001,8203825,0.0,1.0
2020-05-07 00:00:00+00:00,52.33,52.98,52.1,52.95,5492982,47.5904053211,48.1815339942,47.3812367138,48.1542511323,5492982,0.0,1.0
2020-05-08 00:00:00+00:00,52.91,53.34,52.47,52.62,6085977,48.1178739832,48.5089283361,47.717725343,47.8541396522,6085977,0.0,1.0
2020-05-11 00:00:00+00:00,52.4,52.83,52.38,52.61,6441922,47.6540653321,48.045119685,47.6358767575,47.8450453649,6441922,0.0,1.0
2020-05-12 00:00:00+00:00,51.1,52.64,51.08,52.64,8564695,46.4718079861,47.8723282267,46.4536194115,47.8723282267,8564695,0.0,1.0
2020-05-13 00:00:00+00:00,50.92,52.02,50.48,51.91,8603305,46.3081108151,47.3084824156,45.9079621749,47.2084452555,8603305,0.0,1.0
2020-05-14 00:00:00+00:00,52.1,52.15,49.79,50.43,13687539,47.3812367138,47.4267081502,45.2804563528,45.8624907385,13687539,0.0,1.0
2020-05-15 00:00:00+00:00,49.8,51.05,49.38,50.56,17758523,45.28955064,46.4263365497,44.9075905744,45.9807164731,17758523,0.0,1.0
2020-05-18 00:00:00+00:00,51.87,52.19,50.77,50.94,12726464,47.1720681064,47.4630852993,46.1716965059,46.3262993896,12726464,0.0,1.0
2020-05-19 00:00:00+00:00,50.81,51.46,50.8,51.35,12939008,46.208073655,46.799202328,46.1989793677,46.699165168,12939008,0.0,1.0
2020-05-20 00:00:00+00:00,51.84,52.09,50.5,51.58,8401392,47.1447852446,47.3721424265,45.9261507494,46.9083337754,8401392,0.0,1.0
2020-05-21 00:00:00+00:00,50.75,52.21,50.69,52.1,7838977,46.1535079314,47.4812738738,46.0989422077,47.3812367138,7838977,0.0,1.0
2020-05-22 00:00:00+00:00,49.8,50.86,49.61,50.84,12453812,45.28955064,46.2535450914,45.1167591818,46.2353565169,12453812,0.0,1.0
2020-05-26 00:00:00+00:00,50.82,51.4,50.79,51.3,8869886,46.2171679423,46.7446366044,46.1898850805,46.6536937316,8869886,0.0,1.0
2020-05-27 00:00:00+00:00,51.74,51.74,50.75,51.03,11403885,47.0538423718,47.0538423718,46.1535079314,46.4081479751,11403885,0.0,1.0
2020-05-28 00:00:00+00:00,50.28,51.62,50.1,51.46,8178708,45.7260764293,46.9447109245,45.5623792583,46.799202328,8178708,0.0,1.0
2020-05-29 00:00:00+00:00,50.33,50.73,49.86,50.34,10918536,45.7715478657,46.1353193568,45.3441163637,45.780642153,10918536,0.0,1.0
2020-06-01 00:00:00+00:00,51.03,51.28,50.54,50.91,6187306,46.4081479751,46.635505157,45.9625278985,46.2990165278,6187306,0.0,1.0
2020-06-02 00:00:00+00:00,52.01,52.04,51.29,51.45,6060701,47.2993881283,47.3266709901,46.6445994443,46.7901080408,6060701,0.0,1.0
2020-06-03 00:00:00+00:00,53.06,53.25,52.42,52.64,8378545,48.2542882924,48.4270797506,47.6722539066,47.8723282267,8378545,0.0,1.0
2020-06-04 00:00:00+00:00,54.28,54.37,53.03,53.06,13261440,49.3637913402,49.4456399257,48.2270054305,48.2542882924,13261440,0.0,1.0
2020-06-05 00:00:00+00:00,55.2,56.34,55.06,55.5,9774094,50.2004657697,51.2372145193,50.0731457478,50.473294388,9774094,0.0,1.0
2020-06-08 00:00:00+00:00,55.57,55.78,54.71,55.74,6297985,50.5369543989,50.7279344317,49.7548456931,50.6915572826,6297985,0.0,1.0
2020-06-09 00:00:00+00:00,56.61,56.63,54.95,55.29,9349461,51.4827602757,51.5009488503,49.9731085877,50.2823143552,9349461,0.0,1.0
2020-06-10 00:00:00+00:00,57.55,58.04,56.82,56.82,9187306,52.3376232798,52.7832433564,51.6737403086,51.6737403086,9187306,0.0,1.0
2020-06-11 00:00:00+00:00,55.04,56.41,55.01,55.85,9870829,50.0549571732,51.3008745302,50.0276743114,50.7915944427,9870829,0.0,1.0
2020-06-12 00:00:00+00:00,56.0,56.87,55.35,56.5,9838102,50.9280087518,51.719211745,50.3368800788,51.3827231157,9838102,0.0,1.0
2020-06-15 00:00:00+00:00,56.02,56.12,54.52,54.71,7509727,50.9461973264,51.0371401992,49.5820542348,49.7548456931,7509727,0.0,1.0
2020-06-16 00:00:00+00:00,55.8,57.0,55.54,56.59,8826530,50.7461230063,51.8374374796,50.5096715371,51.4645717012,8826530,0.0,1.0
2020-06-17 00:00:00+00:00,56.6,56.82,55.89,56.15,8246014,51.4736659885,51.6737403086,50.8279715918,51.064423061,8246014,0.0,1.0
2020-06-18 00:00:00+00:00,56.15,56.54,55.79,56.04,6830733,51.446793279,51.8041263044,51.1169474094,51.346007041,6830733,0.420451,1.0
2020-06-19 00:00:00+00:00,55.31,56.5,55.27,56.48,6962464,50.6771529165,51.7674767634,50.6405033754,51.7491519928,6962464,0.0,1.0
2020-06-22 00:00:00+00:00,56.0,56.0,55.32,55.5,4479460,51.3093575,51.3093575,50.6863153018,50.8512382366,4479460,0.0,1.0
2020-06-23 00:00:00+00:00,56.76,57.16,56.53,56.64,7826530,52.0056987803,52.372194191,51.7949639192,51.8957501571,7826530,0.0,1.0
2020-06-24 00:00:00+00:00,56.58,57.06,56.16,56.71,7076313,51.8407758455,52.2805703384,51.4559556643,51.959886854,7076313,0.0,1.0
2020-06-25 00:00:00+00:00,57.04,57.09,55.95,56.56,4508481,52.2622455678,52.3080574942,51.2635455736,51.822451075,4508481,0.0,1.0
2020-06-26 00:00:00+00:00,56.33,57.26,56.21,57.0,6226181,51.6117162138,52.4638180437,51.5017675906,52.2255960268,6226181,0.0,1.0
2020-06-29 00:00:00+00:00,56.39,56.41,55.66,56.34,5016572,51.6666905254,51.685015296,50.9978364009,51.6208785991,5016572,0.0,1.0
2020-06-30 00:00:00+00:00,56.77,56.99,56.19,56.25,7158664,52.0148611656,52.2164336415,51.4834428201,51.5384171317,7158664,0.0,1.0
2020-07-01 00:00:00+00:00,56.82,57.47,56.76,56.97,6865885,52.0606730919,52.6562281344,52.0056987803,52.198108871,6865885,0.0,1.0
2020-07-02 00:00:00+00:00,58.62,59.07,57.95,57.95,10015544,53.7099024402,54.1222097772,53.0960226272,53.0960226272,10015544,0.0,1.0
2020-07-06 00:00:00+00:00,61.88,62.13,60.56,60.67,12714999,56.6968400375,56.9258996692,55.4874051821,55.5881914201,12714999,0.0,1.0
2020-07-07 00:00:00+00:00,60.71,61.5,60.68,61.26,6671146,55.6248409611,56.3486693973,55.5973538053,56.1287721509,6671146,0.0,1.0
2020-07-08 00:00:00+00:00,62.59,62.74,61.5,61.64,8715289,57.3473693915,57.4848051705,56.3486693973,56.476942791,8715289,0.0,1.0
2020-07-09 00:00:00+00:00,64.78,64.97,62.89,62.95,16897998,59.3539317652,59.5280170852,57.6222409495,57.6772152611,16897998,0.0,1.0
2020-07-10 00:00:00+00:00,63.85,64.56,63.19,64.47,10697432,58.5018299352,59.1523592893,57.8971125076,59.0698978218,10697432,0.0,1.0
2020-07-13 00:00:00+00:00,65.07,67.08,64.98,65.2,16645367,59.6196409379,61.4612803768,59.5371794705,59.7387519464,16645367,0.0,1.0
2020-07-14 00:00:00+00:00,66.96,67.03,65.33,66.0,10459230,61.3513317535,61.4154684504,59.8578629549,60.4717427678,10459230,0.0,1.0
2020-07-15 00:00:00+00:00,66.06,67.21,65.16,67.18,12412418,60.5267170794,61.5803913852,59.7021024053,61.5529042294,12412418,0.0,1.0
2020-07-16 00:00:00+00:00,66.59,66.63,64.32,65.38,15703469,61.0123234986,61.0489730397,58.9324620428,59.9036748812,15703469,0.0,1.0
2020-07-17 00:00:00+00:00,66.4,68.0,66.37,67.31,11716568,60.8382381785,62.3042198214,60.8107510227,61.6720152379,11716568,0.0,1.0
2020-07-20 00:00:00+00:00,66.89,66.98,65.8,66.7,6354280,61.2871950567,61.3696565241,60.2884950625,61.1131097366,6354280,0.0,1.0
2020-07-21 00:00:00+00:00,67.81,69.25,67.71,68.84,10615325,62.1301345013,63.4495179799,62.0385106486,63.0738601839,10615325,0.0,1.0
2020-07-22 00:00:00+00:00,68.53,68.9,68.03,68.1,7366145,62.7898262406,63.1288344955,62.3317069772,62.3958436741,7366145,0.0,1.0
2020-07-23 00:00:00+00:00,67.37,68.5,66.752,68.26,8559459,61.7269895495,62.7623390848,61.16075414,62.5424418384,8559459,0.0,1.0
2020-07-24 00:00:00+00:00,73.9,76.89,71.35,71.4,41226755,67.7100271294,70.4495803245,65.3736188861,65.4194308125,41226755,0.0,1.0
2020-07-27 00:00:00+00:00,83.25,83.4,80.43,81.36,39899163,76.2768573549,76.4142931339,73.6930647093,74.5451665393,39899163,0.0,1.0
2020-07-28 00:00:00+00:00,76.92,79.58,76.49,79.345,31500115,70.4770674803,72.9142619616,70.0830849138,72.6989459078,31500115,0.0,1.0
2020-07-29 00:00:00+00:00,82.67,83.37,77.06,77.11,28304032,75.7454390093,76.3868059781,70.6053408741,70.6511528004,28304032,0.0,1.0
2020-07-30 00:00:00+00:00,79.93,81.28,78.61,80.01,16820321,73.2349454459,74.4718674571,72.0255105906,73.3082445281,16820321,0.0,1.0
2020-07-31 00:00:00+00:00,78.89,79.77,77.51,79.63,12027110,72.2820573781,73.0883472817,71.0176482111,72.9600738879,12027110,0.0,1.0
2020-08-03 00:00:00+00:00,78.95,79.15,77.41,77.77,10138008,72.3370316897,72.5202793951,70.9260243584,71.2558702281,10138008,0.0,1.0
2020-08-04 00:00:00+00:00,80.19,80.19,78.74,79.33,12569353,73.4731674629,73.4731674629,72.1446215991,72.6852023299,12569353,0.0,1.0
2020-08-05 00:00:00+00:00,81.63,84.0,80.57,80.98,14447178,74.7925509415,76.96403625,73.8213381031,74.1969958991,14447178,0.0,1.0
2020-08-06 00:00:00+00:00,80.52,82.1,80.22,82.04,9838671,73.7755261768,75.2231830491,73.5006546187,75.1682087375,9838671,0.0,1.0
2020-08-07 00:00:00+00:00,80.03,80.785,79.41,80.49,8705825,73.3265692986,74.0183293864,72.758501412,73.7480390209,8705825,0.0,1.0
2020-08-10 00:00:00+00:00,79.87,80.85,79.2199,80.55,7421360,73.1799711343,74.0778848906,72.5843244681,73.8030133326,7421360,0.0,1.0
2020-08-11 00:00:00+00:00,77.94,79.1967,77.94,79.09,7056292,71.4116307776,72.5630677343,71.4116307776,72.4653050834,7056292,0.0,1.0
2020-08-12 00:00:00+00:00,79.39,79.55,77.73,78.16,8359058,72.7401766415,72.8867748058,71.219220687,71.6132032535,8359058,0.0,1.0
2020-08-13 00:00:00+00:00,78.3,79.1,77.83,79.0,6551833,71.7414766473,72.4744674687,71.3108445397,72.382843616,6551833,0.0,1.0
2020-08-14 00:00:00+00:00,78.41,79.23,78.05,78.42,5611160,71.8422628852,72.5935784772,71.5124170156,71.8514252705,5611160,0.0,1.0
2020-08-17 00:00:00+00:00,80.19,80.89,79.66,79.8,8563862,73.4731674629,74.1145344317,72.9875610437,73.1158344375,8563862,0.0,1.0
2020-08-18 00:00:00+00:00,79.41,80.82,79.25,80.22,6804750,72.758501412,74.0503977348,72.6119032477,73.5006546187,6804750,0.0,1.0
2020-08-19 00:00:00+00:00,78.54,79.23,78.25,79.01,7976798,71.9613738937,72.5935784772,71.6956647209,72.3920060013,7976798,0.0,1.0
2020-08-20 00:00:00+00:00,76.81,77.1,75.98,76.32,11457107,70.3762812424,70.6419904151,69.6158032651,69.9273243643,11457107,0.0,1.0
2020-08-21 00:00:00+00:00,78.34,78.73,77.86,78.02,7942292,71.7781261884,72.1354592138,71.3383316955,71.4849298598,7942292,0.0,1.0
2020-08-24 00:00:00+00:00,78.9,79.91,78.49,79.73,6405596,72.2912197634,73.2166206754,71.9155619674,73.0516977406,6405596,0.0,1.0
2020-08-25 00:00:00+00:00,80.04,80.48,79.47,79.85,6113068,73.3357316839,73.7388766357,72.8134757236,73.1616463638,6113068,0.0,1.0
2020-08-26 00:00:00+00:00,81.75,82.165,81.01,81.25,7821623,74.9024995647,75.2827385533,74.2244830549,74.4443803013,7821623,0.0,1.0
2020-08-27 00:00:00+00:00,80.6,82.31,80.17,82.18,8018244,73.8488252589,75.4155931397,73.4548426924,75.2964821312,8018244,0.0,1.0
2020-08-28 00:00:00+00:00,80.44,80.88,79.91,80.06,5699537,73.7022270946,74.1053720464,73.2166206754,73.3540564544,5699537,0.0,1.0
2020-08-31 00:00:00+00:00,79.25,79.76,78.69,79.0,9812880,72.6119032477,73.0791848964,72.0988096727,72.382843616,9812880,0.0,1.0
2020-09-01 00:00:00+00:00,81.55,81.6,79.99,80.12,10208235,74.7192518593,74.7650637857,73.2899197576,73.409030766,10208235,0.0,1.0
2020-09-02 00:00:00+00:00,82.17,82.71,79.88,81.35,12567846,75.2873197459,75.7820885504,73.1891335196,74.536004154,12567846,0.0,1.0
2020-09-03 00:00:00+00:00,81.18,81.81,78.38,81.12,20090081,74.3802436044,74.9574738763,71.8147757294,74.3252692928,20090081,0.0,1.0
2020-09-04 00:00:00+00:00,78.91,81.47,77.41,80.5,13638715,72.3003821486,74.6459527772,70.9260243584,73.7572014062,13638715,0.0,1.0
2020-09-08 00:00:00+00:00,77.32,79.15,77.22,78.02,11553491,70.843562891,72.5202793951,70.7519390384,71.4849298598,11553491,0.0,1.0
2020-09-09 00:00:00+00:00,79.4,79.7,78.55,78.62,7867529,72.7493390268,73.0242105848,71.970536279,72.0346729759,7867529,0.0,1.0
2020-09-10 00:00:00+00:00,78.9,81.23,78.76,80.74,11241835,72.2912197634,74.4260555308,72.1629463696,73.9770986526,11241835,0.0,1.0
2020-09-11 00:00:00+00:00,78.82,80.3,78.6,80.01,7853450,72.2179206812,73.5739537009,72.0163482053,73.3082445281,7853450,0.0,1.0
2020-09-14 00:00:00+00:00,80.5,81.12,79.95,80.5,7091059,73.7572014062,74.3252692928,73.2532702165,73.7572014062,7091059,0.0,1.0
2020-09-15 00:00:00+00:00,85.85,86.79,81.38,81.56,21048351,78.6590775245,79.5203417397,74.5634913098,74.7284142446,21048351,0.0,1.0
2020-09-16 00:00:00+00:00,83.13,86.49,83.04,86.49,14506069,76.1669087317,79.2454701817,76.0844472643,79.2454701817,14506069,0.0,1.0
2020-09-17 00:00:00+00:00,81.91,82.285,80.61,81.0,10090229,75.439944011,75.7853228293,74.2426307744,74.6018247454,10090229,0.426577,1.0
2020-09-18 00:00:00+00:00,80.23,82.84,80.11,82.37,10528323,73.8926469052,76.2964834803,73.7821256833,75.8636086948,10528323,0.0,1.0
2020-09-21 00:00:00+00:00,80.59,80.65,79.085,79.8,8417129,74.2242105707,74.2794711817,72.8380902468,73.4966125269,8417129,0.0,1.0
2020-09-22 00:00:00+00:00,80.48,80.89,79.4,80.83,6375192,74.1228994507,74.5005136253,73.1282084541,74.4452530144,6375192,0.0,1.0
2020-09-23 00:00:00+00:00,77.92,79.93,77.89,79.7,9094689,71.7651133847,73.6163438506,71.7374830792,73.4045115087,9094689,0.0,1.0
2020-09-24 00:00:00+00:00,78.38,78.995,76.17,76.82,9940859,72.1887780684,72.7551993304,70.1533455661,70.7520021844,9940859,0.0,1.0
2020-09-25 00:00:00+00:00,78.88,78.92,77.39,78.17,6057546,72.6492831594,72.6861235667,71.2769779882,71.9953659302,6057546,0.0,1.0
2020-09-28 00:00:00+00:00,79.77,80.37,79.47,80.31,5999278,73.4689822215,74.0215883307,73.1926791668,73.9663277198,5999278,0.0,1.0
2020-09-29 00:00:00+00:00,80.51,81.24,79.31,79.7,6117121,74.1505297562,74.8228671891,73.0453175377,73.4045115087,6117121,0.0,1.0
2020-09-30 00:00:00+00:00,81.07,81.935,80.57,80.59,5878908,74.6662954581,75.4629692656,74.2057903671,74.2242105707,5878908,0.0,1.0
2020-10-01 00:00:00+00:00,82.62,82.72,81.74,82.06,6253844,76.0938612403,76.1859622585,75.2833722801,75.5780955383,6253844,0.0,1.0
2020-10-02 00:00:00+00:00,80.8,82.195,80.61,80.71,6145942,74.417622709,75.7024319129,74.2426307744,74.3347317926,6145942,0.0,1.0
2020-10-05 00:00:00+00:00,84.54,84.63,81.55,81.55,10129076,77.8622007898,77.9450917062,75.1083803455,75.1083803455,10129076,0.0,1.0
2020-10-06 00:00:00+00:00,83.12,84.45,82.765,83.77,7795619,76.5543663313,77.7793098734,76.2274077167,77.1530229496,7795619,0.0,1.0
2020-10-07 00:00:00+00:00,86.92,87.0,84.78,84.78,11446400,80.0542050231,80.1278858376,78.0832432335,78.0832432335,11446400,0.0,1.0
2020-10-08 00:00:00+00:00,87.8,88.86,86.52,88.86,10920758,80.8646939832,81.8409647762,79.6858009502,81.8409647762,10920758,0.0,1.0
2020-10-09 00:00:00+00:00,88.78,88.8,87.64,88.34,7608763,81.7672839616,81.7857041653,80.7173323541,81.3620394816,7608763,0.0,1.0
2020-10-12 00:00:00+00:00,90.91,91.27,88.68,89.12,10021991,83.7290356494,84.0605993149,81.6751829434,82.0804274235,10021991,0.0,1.0
2020-10-13 00:00:00+00:00,89.64,90.65,89.43,90.5,8247043,82.5593527182,83.4895730021,82.36594058,83.3514214748,8247043,0.0,1.0
2020-10-14 00:00:00+00:00,88.6,89.88,88.27,89.65,8196049,81.6015021289,82.7803951619,81.2975687688,82.56856282,8196049,0.0,1.0
2020-10-15 00:00:00+00:00,88.15,89.49,87.19,87.29,10335225,81.187047547,82.4212011909,80.3028777722,80.3949787904,10335225,0.0,1.0
2020-10-16 00:00:00+00:00,86.7,88.59,86.44,88.55,7460246,79.851582783,81.5922920271,79.6121201357,81.5554516198,7460246,0.0,1.0
2020-10-19 00:00:00+00:00,87.56,89.62,87.29,88.34,7994502,80.6436515396,82.5409325146,80.3949787904,81.3620394816,7994502,0.0,1.0
2020-10-20 00:00:00+00:00,88.26,88.98,87.77,87.79,7358557,81.288358667,81.9514859981,80.8370636778,80.8554838814,7358557,0.0,1.0
2020-10-21 00:00:00+00:00,87.64,88.87,87.5662,88.0,7387647,80.7173323541,81.850174878,80.6493618027,81.0488960197,7387647,0.0,1.0
2020-10-22 00:00:00+00:00,88.21,88.94,87.88,88.44,5659769,81.2423081579,81.9146455908,80.9383747978,81.4541404998,5659769,0.0,1.0
2020-10-23 00:00:00+00:00,88.31,88.45,87.43,88.25,4165381,81.3344091761,81.4633506016,80.5239202159,81.2791485652,4165381,0.0,1.0
2020-10-26 00:00:00+00:00,86.73,87.78,85.77,87.21,5567997,79.8792130885,80.8462737796,78.9950433137,80.3212979758,5567997,0.0,1.0
2020-10-27 00:00:00+00:00,86.71,87.22,85.975,86.96,5315791,79.8607928848,80.3305080777,79.183850401,80.0910454303,5315791,0.0,1.0
2020-10-28 00:00:00+00:00,83.85,85.41,83.84,85.15,8727340,77.2267037642,78.6634796482,77.2174936624,78.4240170008,8727340,0.0,1.0
2020-10-29 00:00:00+00:00,84.89,85.325,84.02,84.27,5845620,78.1845543535,78.5851937827,77.3832754951,77.6135280406,5845620,0.0,1.0
2020-10-30 00:00:00+00:00,83.87,84.75,83.16,84.43,4964485,77.2451239678,78.055612928,76.5912067386,77.7608896698,4964485,0.0,1.0
2020-11-02 00:00:00+00:00,85.71,85.96,84.53,84.6,6597096,78.9397827028,79.1700352483,77.852990688,77.9174614007,6597096,0.0,1.0
2020-11-03 00:00:00+00:00,87.69,88.24,86.06,86.19,6274661,80.7633828632,81.2699384633,79.2621362665,79.3818675902,6274661,0.0,1.0
2020-11-04 00:00:00+00:00,89.45,89.77,88.46,88.72,7620827,82.3843607836,82.6790840419,81.4725607034,81.7120233507,7620827,0.0,1.0
2020-11-05 00:00:00+00:00,90.43,90.96,89.77,90.42,6670090,83.286950762,83.7750861585,82.6790840419,83.2777406602,6670090,0.0,1.0
2020-11-06 00:00:00+00:00,91.41,91.5,89.05,89.81,6402973,84.1895407404,84.2724316568,82.0159567108,82.7159244492,6402973,0.0,1.0
2020-11-09 00:00:00+00:00,89.03,92.48,88.94,92.2,8978048,81.9975365072,85.1750216352,81.9146455908,84.9171387842,8978048,0.0,1.0
2020-11-10 00:00:00+00:00,87.66,88.8,86.7,88.4,8350080,80.7357525578,81.7857041653,79.851582783,81.4173000925,8350080,0.0,1.0
2020-11-11 00:00:00+00:00,90.88,91.18,89.36,89.5,7707331,83.7014053439,83.9777083985,82.3014698672,82.4304112927,7707331,0.0,1.0
2020-11-12 00:00:00+00:00,89.82,91.89,89.78,90.88,7481999,82.725134551,84.6316256278,82.6882941437,83.7014053439,7481999,0.0,1.0
2020-11-13 00:00:00+00:00,93.22,93.81,91.21,91.54,9180058,85.8565691699,86.3999651773,84.005338704,84.3092720641,9180058,0.0,1.0
2020-11-16 00:00:00+00:00,99.27,102.44,96.36,96.42,18436213,91.4286807713,94.3482830483,88.7485411415,88.8038017524,18436213,0.0,1.0
2020-11-17 00:00:00+00:00,95.71,98.09,95.69,97.98,10843684,88.1498845232,90.3418887565,88.1314643196,90.2405776364,10843684,0.0,1.0
2020-11-18 00:00:00+00:00,96.93,98.8,96.37,98.52,8526561,89.2735169453,90.9958059857,88.7577512433,90.7379231347,8526561,0.0,1.0
2020-11-19 00:00:00+00:00,96.61,96.86,95.62,96.77,5542791,88.978793687,89.2090462325,88.0669936068,89.1261553162,5542791,0.0,1.0
2020-11-20 00:00:00+00:00,95.33,97.2,95.3,96.66,5335994,87.799900654,89.5221896944,87.7722703486,89.0248441961,5335994,0.0,1.0
2020-11-23 00:00:00+00:00,98.13,98.93,96.85,97.16,8806565,90.3787291637,91.1155373094,89.1998361307,89.4853492872,8806565,0.0,1.0
2020-11-24 00:00:00+00:00,96.64,98.59,96.02,98.49,6985178,89.0064239925,90.8023938475,88.4353976796,90.7102928293,6985178,0.0,1.0
2020-11-25 00:00:00+00:00,97.49,97.99,96.14,96.2,5194871,89.7892826472,90.2497877383,88.5459189015,88.6011795124,5194871,0.0,1.0
2020-11-27 00:00:00+00:00,98.74,99.27,98.05,98.54,4367070,90.9405453748,91.4286807713,90.3050483492,90.7563433384,4367070,0.0,1.0
2020-11-30 00:00:00+00:00,97.02,97.95,96.2,97.56,13840521,89.3564078617,90.212947331,88.6011795124,89.85375336,13840521,0.0,1.0
2020-12-01 00:00:00+00:00,100.86,104.3,98.52,98.69,15943457,92.8930869607,96.0613619869,90.7379231347,90.8944948657,15943457,0.0,1.0
2020-12-02 00:00:00+00:00,99.54,102.035,99.52,102.0,8676338,91.6773535204,93.9752739246,91.6589333168,93.9430385682,8676338,0.0,1.0
2020-12-03 00:00:00+00:00,99.5,101.19,99.43,101.06,7358959,91.6405131131,93.1970203208,91.5760424004,93.0772889971,7358959,0.0,1.0
2020-12-04 00:00:00+00:00,103.73,103.75,100.7,101.51,10824540,95.5363861832,95.5548063868,92.7457253316,93.491743579,10824540,0.0,1.0
2020-12-07 00:00:00+00:00,106.39,107.61,104.97,106.02,11792959,97.9862732674,99.1099056895,96.6784388089,97.6454995,11792959,0.0,1.0
2020-12-08 00:00:00+00:00,105.64,107.84,105.11,107.78,9876217,97.2955156309,99.3217380314,96.8073802344,99.2664774204,9876217,0.0,1.0
2020-12-09 00:00:00+00:00,104.42,106.6,103.51,106.01,8204104,96.1718832088,98.1796854056,95.3337639431,97.6362893982,8204104,0.0,1.0
2020-12-10 00:00:00+00:00,104.23,105.11,102.2,103.0,7135041,95.9968912742,96.8073802344,94.1272406046,94.8640487503,7135041,0.0,1.0
2020-12-11 00:00:00+00:00,104.03,105.12,103.22,104.01,7492587,95.8126892378,96.8165903362,95.0666709903,95.7942690341,7492587,0.0,1.0
2020-12-14 00:00:00+00:00,103.56,104.9,103.5,103.77,5878013,95.3798144522,96.6139680962,95.3245538413,95.5732265905,5878013,0.0,1.0
2020-12-15 00:00:00+00:00,105.09,106.38,104.42,105.68,7403995,96.7889600307,97.9770631656,96.1718832088,97.3323560382,7403995,0.0,1.0
2020-12-16 00:00:00+00:00,105.2,105.67,103.96,105.65,5986854,96.8902711508,97.3231459363,95.748218525,97.3047257327,5986854,0.0,1.0
2020-12-17 00:00:00+00:00,103.9,105.32,103.85,104.9,7779301,96.1002534839,97.4136544458,96.0540069711,97.0251837388,7779301,0.442227,1.0
2020-12-18 00:00:00+00:00,104.28,104.8,103.155,104.0,7417039,96.4517269808,96.9326907133,95.411180444,96.1927465094,7417039,0.0,1.0
2020-12-21 00:00:00+00:00,104.83,104.96,103.32,103.56,6116373,96.9604386209,97.0806795541,95.5637939361,95.7857771972,6116373,0.0,1.0
2020-12-22 00:00:00+00:00,103.94,105.22,102.91,105.07,5601057,96.1372506941,97.3211614204,95.1845725315,97.1824218821,5601057,0.0,1.0
2020-12-23 00:00:00+00:00,103.76,104.87,103.6,104.67,3320779,95.9707632482,96.9974358311,95.8227744074,96.8124497802,3320779,0.0,1.0
2020-12-24 00:00:00+00:00,105.97,106.34,104.67,104.76,3172110,98.0148591115,98.3570833058,96.8124497802,96.8956935031,3172110,0.0,1.0
2020-12-28 00:00:00+00:00,106.15,108.17,105.95,107.6,5147548,98.1813465574,100.0497056723,97.9963605064,99.522495427,5147548,0.0,1.0
2020-12-29 00:00:00+00:00,105.56,107.15,105.22,107.0,4602400,97.635637707,99.1062768123,97.3211614204,98.9675372741,4602400,0.0,1.0
2020-12-30 00:00:00+00:00,108.9,109.7,107.4,107.7,9571771,100.7249047584,101.4648489623,99.337509376,99.6149884525,9571771,0.0,1.0
2020-12-31 00:00:00+00:00,109.04,109.67,108.4377,109.66,4909503,100.8543949941,101.4371010547,100.2973095015,101.4278517521,4909503,0.0,1.0
2021-01-04 00:00:00+00:00,111.7,114.1,110.445,111.47,11262137,103.3147094721,105.5345420838,102.1539220022,103.1019755135,11262137,0.0,1.0
2021-01-05 00:00:00+00:00,112.77,114.95,112.01,112.41,10583572,104.3043848448,106.3207328005,103.6014378511,103.9714099531,10583572,0.0,1.0
2021-01-06 00:00:00+00:00,115.61,116.39,112.55,113.85,10609283,106.9311867687,107.6526323676,104.1009001888,105.3033095201,10609283,0.0,1.0
2021-01-07 00:00:00+00:00,121.43,122.94,117.59,119.34,13556089,112.3142808523,113.7109255371,108.7625486734,110.3811766195,13556089,0.0,1.0
2021-01-08 00:00:00+00:00,118.69,126.29,116.98,125.91,18976772,109.7799719538,116.8094418911,108.198341218,116.4579683942,18976772,0.0,1.0
2021-01-11 00:00:00+00:00,122.6,123.6,118.8,119.74,12032650,113.3964492505,114.3213795054,109.8817142819,110.7511487215,12032650,0.0,1.0
2021-01-12 00:00:00+00:00,123.0,125.2,121.68,125.16,14080513,113.7664213524,115.8012679132,112.545513416,115.764270703,14080513,0.0,1.0
2021-01-13 00:00:00+00:00,119.23,124.8,118.0,124.4,20650477,110.2794342915,115.4312958113,109.141770078,115.0613237093,20650477,0.0,1.0
2021-01-14 00:00:00+00:00,126.45,134.645,121.67,123.45,37125416,116.9574307318,124.5372341707,112.5362641134,114.1826399671,37125416,0.0,1.0
2021-01-15 00:00:00+00:00,125.23,128.54,123.21,128.47,17343064,115.8290158209,118.8905349646,113.960656706,118.8257898467,17343064,0.0,1.0
2021-01-19 00:00:00+00:00,131.3,134.05,128.44,130.59,20443818,121.4433424681,123.9869006691,118.7980419391,120.7866419871,20443818,0.0,1.0
2021-01-20 00:00:00+00:00,130.64,136.13,130.1,135.19,17360739,120.8328884999,125.9107555993,120.3334261622,125.0413211596,17360739,0.0,1.0
2021-01-21 00:00:00+00:00,134.16,135.4,132.34,133.25,15609871,124.0886429971,125.2355565132,122.4052699332,123.2469564651,15609871,0.0,1.0
2021-01-22 00:00:00+00:00,129.14,131.25,128.81,130.04,19163233,119.4454931175,121.3970959553,119.1402661334,120.2779303469,19163233,0.0,1.0
2021-01-25 00:00:00+00:00,130.52,132.17,127.35,131.83,20469346,120.7218968693,122.2480317899,117.7898679612,121.9335555032,20469346,0.0,1.0
2021-01-26 00:00:00+00:00,126.65,129.315,126.25,129.05,17084608,117.1424167828,119.6073559121,116.7724446809,119.3622493946,17084608,0.0,1.0
2021-01-27 00:00:00+00:00,121.74,125.1,121.5,124.95,16732723,112.6010092313,115.7087748877,112.3790259701,115.5700353495,16732723,0.0,1.0
2021-01-28 00:00:00+00:00,125.83,127.58,123.58,124.5,14148052,116.3839739738,118.0026019199,114.3028809003,115.1538167348,14148052,0.0,1.0
2021-01-29 00:00:00+00:00,121.52,124.36,120.55,124.0,15169178,112.3975245752,115.0243264991,111.5003422279,114.6913516073,15169178,0.0,1.0
2021-02-01 00:00:00+00:00,126.66,126.85,123.38,124.54,10179940,117.1516660854,117.3274028338,114.1178948493,115.190813945,10179940,0.0,1.0
2021-02-02 00:00:00+00:00,128.44,130.2488,127.45,129.47,9270339,118.7980419391,120.4710557841,117.8823609867,119.7507201016,9270339,0.0,1.0
2021-02-03 00:00:00+00:00,127.5,129.14,126.06,129.0,9676640,117.9286074995,119.4454931175,116.5967079324,119.3160028818,9676640,0.0,1.0
2021-02-04 00:00:00+00:00,128.15,128.2,125.9707,127.5,7445110,118.5298121652,118.5760586779,116.5141116607,117.9286074995,7445110,0.0,1.0
2021-02-05 00:00:00+00:00,127.78,128.88,126.7,128.79,6226765,118.1875879709,119.2050112512,117.1886632956,119.1217675283,6226765,0.0,1.0
2021-02-08 00:00:00+00:00,132.55,133.25,128.7,128.7,11159970,122.5995052867,123.2469564651,119.0385238054,119.0385238054,11159970,0.0,1.0
2021-02-09 00:00:00+00:00,132.68,134.41,131.75,133.98,7904617,122.7197462199,124.3198755608,121.8595610828,123.9221555512,7904617,0.0,1.0
2021-02-10 00:00:00+00:00,133.69,136.0,132.51,134.12,11796533,123.6539257773,125.7905146661,122.5625080765,124.0516457869,11796533,0.0,1.0
2021-02-11 00:00:00+00:00,139.16,139.23,134.06,135.4,12347934,128.7132942716,128.7780393894,123.9961499716,125.2355565132,12347934,0.0,1.0
2021-02-12 00:00:00+00:00,138.06,139.805,137.1599,138.915,11114110,127.6958709912,129.309874286,126.8633412688,128.4866863591,11114110,0.0,1.0
2021-02-16 00:00:00+00:00,140.05,142.195,139.42,141.61,11833592,129.5364821985,131.5204575952,128.9537761379,130.9793733961,11833592,0.0,1.0
2021-02-17 00:00:00+00:00,136.27,139.64,136.1,139.21,12263515,126.0402458349,129.1572607939,125.8830076916,128.7595407843,12263515,0.0,1.0
2021-02-18 00:00:00+00:00,134.63,135.88,133.4,134.85,11614584,124.5233602169,125.6795230355,123.3856960034,124.726844873,11614584,0.0,1.0
2021-02-19 00:00:00+00:00,136.66,137.95,135.72,136.15,10771927,126.4009686343,127.5941286632,125.5315341947,125.9292542043,10771927,0.0,1.0
2021-02-22 00:00:00+00:00,133.57,135.28,133.18,133.59,10219665,123.5429341467,125.1245648826,123.1822113473,123.5614327518,10219665,0.0,1.0
2021-02-23 00:00:00+00:00,129.1,131.7399,125.3827,129.1,18444734,119.4084959073,121.8502192872,115.9702526708,119.4084959073,18444734,0.0,1.0
2021-02-24 00:00:00+00:00,132.3,132.38,127.68,129.51,12782875,122.368272723,122.4422671434,118.0950949454,119.7877173118,12782875,0.0,1.0
2021-02-25 00:00:00+00:00,126.0,131.54,125.72,131.52,13456068,116.5412121171,121.6653257293,116.2822316458,121.6468271242,13456068,0.0,1.0
2021-02-26 00:00:00+00:00,125.94,127.39,122.83,125.43,17223807,116.4857163018,117.8268651714,113.6091832091,116.0140018718,17223807,0.0,1.0
2021-03-01 00:00:00+00:00,129.13,130.3,127.24,129.63,9714884,119.436243815,120.5184122132,117.6881256332,119.8987089424,9714884,0.0,1.0
2021-03-02 00:00:00+00:00,126.0,128.52,126.0,128.43,8274533,116.5412121171,118.8720363595,116.5412121171,118.7887926365,8274533,0.0,1.0
2021-03-03 00:00:00+00:00,122.89,127.7599,122.71,126.72,10660313,113.6646790244,118.1689968727,113.4981915785,117.2071619007,10660313,0.0,1.0
2021-03-04 00:00:00+00:00,115.59,123.15,113.49,121.95,24454247,106.9126881636,113.9051608907,104.9703346284,112.7952445848,24454247,0.0,1.0
2021-03-05 00:00:00+00:00,120.8,121.3,115.38,120.9,17448732,111.7315747917,112.1940399191,106.7184528101,111.8240678172,17448732,0.0,1.0
2021-03-08 00:00:00+00:00,113.93,121.0,113.7,120.54,17246948,105.3773039405,111.9165608426,105.1645699819,111.4910929254,17246948,0.0,1.0
2021-03-09 00:00:00+00:00,116.38,118.4,115.33,117.07,17717113,107.643383065,109.5117421799,106.6722062974,108.2815849409,17717113,0.0,1.0
2021-03-10 00:00:00+00:00,113.83,118.03,113.41,117.8,15240262,105.284810915,109.1695179856,104.896340208,108.956784027,15240262,0.0,1.0
2021-03-11 00:00:00+00:00,120.58,120.8,117.07,118.24,15091598,111.5280901356,111.7315747917,108.2815849409,109.3637533391,15091598,0.0,1.0
2021-03-12 00:00:00+00:00,118.3,119.0,117.28,119.0,8171001,109.4192491544,110.0667003329,108.4758202944,110.0667003329,8171001,0.0,1.0
2021-03-15 00:00:00+00:00,119.08,119.11,116.71,118.65,8946293,110.1406947532,110.1684426609,107.9486100491,109.7429747436,8946293,0.0,1.0
2021-03-16 00:00:00+00:00,119.35,121.245,118.1,119.72,10793373,110.3904259221,112.1431687551,109.2342631034,110.7326501164,10793373,0.0,1.0
2021-03-17 00:00:00+00:00,118.76,119.52,115.39,117.75,9869563,110.2593790288,110.9649796355,107.1305973908,109.3216729592,9869563,0.448317,1.0
2021-03-18 00:00:00+00:00,114.5,118.33,114.1,118.0,10299940,106.3043019434,109.8601576328,105.9329332029,109.553778422,10299940,0.0,1.0
2021-03-19 00:00:00+00:00,113.63,114.89,113.21,114.38,11535951,105.496574933,106.6663864653,105.1066377555,106.1928913212,11535951,0.0,1.0
2021-03-22 00:00:00+00:00,117.18,118.33,114.79,114.79,9376422,108.7924725041,109.8601576328,106.5735442802,106.5735442802,9376422,0.0,1.0
2021-03-23 00:00:00+00:00,114.89,116.75,114.615,116.1,8977391,106.6663864653,108.3932511082,106.4110704562,107.789776905,8977391,0.0,1.0
2021-03-24 00:00:00+00:00,108.96,114.69,108.85,112.47,24196072,101.1608448886,106.4807020951,101.058718485,104.4196055858,24196072,0.0,1.0
2021-03-25 00:00:00+00:00,110.45,112.75,107.89,108.0,16772398,102.5441934467,104.679563704,100.167433508,100.2695599116,16772398,0.0,1.0
2021-03-26 00:00:00+00:00,116.56,116.7,111.2,112.0,12910910,108.2168509565,108.3468300156,103.2405098349,103.9832473158,12910910,0.0,1.0
2021-03-29 00:00:00+00:00,114.39,116.76,112.39,116.55,10863643,106.2021755397,108.4025353267,104.3453318377,108.207566738,10863643,0.0,1.0
2021-03-30 00:00:00+00:00,115.07,116.0881,114.29,115.28,8206164,106.8335023984,107.778728685,106.1093333546,107.0284709872,8206164,0.0,1.0
2021-03-31 00:00:00+00:00,118.28,118.355,115.56,115.79,9806546,109.8137365403,109.8833681791,107.2884291055,107.5019661312,9806546,0.0,1.0
2021-04-01 00:00:00+00:00,124.8,124.88,121.64,122.81,17904013,115.867047009,115.9413207571,112.9332339597,114.0194875254,17904013,0.0,1.0
2021-04-05 00:00:00+00:00,124.5,127.4,122.681,127.07,14113892,115.5885204537,118.2809438217,113.8997211067,117.9745646108,14113892,0.0,1.0
2021-04-06 00:00:00+00:00,122.44,124.01,121.54,124.0,13042312,113.6759714406,115.1335937467,112.8403917746,115.1243095282,13042312,0.0,1.0
2021-04-07 00:00:00+00:00,119.89,122.61,119.84,122.44,11193229,111.3084957204,113.8338031552,111.2620746279,113.6759714406,11193229,0.0,1.0
2021-04-08 00:00:00+00:00,123.43,123.82,121.38,121.38,10226706,114.5951090731,114.957193595,112.6918442785,112.6918442785,10226706,0.0,1.0
2021-04-09 00:00:00+00:00,122.8,123.435,121.7,122.75,8315187,114.0102033069,114.5997511823,112.9889392708,113.9637822144,8315187,0.0,1.0
2021-04-12 00:00:00+00:00,120.9,122.46,119.24,122.21,9868416,112.24620179,113.6945398776,110.7050215173,113.4624344148,9868416,0.0,1.0
2021-04-13 00:00:00+00:00,121.27,122.9,120.35,122.4,8384755,112.5897178749,114.103045492,111.7355697719,113.6388345665,8384755,0.0,1.0
2021-04-14 00:00:00+00:00,120.84,122.43,120.5,121.99,9521863,112.1904964789,113.6666872221,111.8748330496,113.2581816076,9521863,0.0,1.0
2021-04-15 00:00:00+00:00,118.35,122.0,116.56,121.7,18709052,109.8787260698,113.2674658261,108.2168509565,112.9889392708,18709052,0.0,1.0
2021-04-16 00:00:00+00:00,118.84,120.6,117.8484,119.19,9512086,110.3336527768,111.9676752347,109.4130296694,110.6586004247,9512086,0.0,1.0
2021-04-19 00:00:00+00:00,115.4,118.88,115.2,118.0,12630310,107.1398816093,110.3707896509,106.9541972391,109.553778422,12630310,0.0,1.0
2021-04-20 00:00:00+00:00,114.95,116.78,114.55,116.05,9299195,106.7220917763,108.4211037637,106.3507230359,107.7433558125,9299195,0.0,1.0
2021-04-21 00:00:00+00:00,117.4,117.49,113.77,114.5,8472229,108.9967253114,109.0802832779,105.6265539921,106.3043019434,8472229,0.0,1.0
2021-04-22 00:00:00+00:00,115.32,117.5,114.41,117.5,7411787,107.0656078612,109.0895674965,106.2207439768,109.0895674965,7411787,0.0,1.0
2021-04-23 00:00:00+00:00,118.64,118.72,115.93,116.58,8386671,110.1479684066,110.2222421547,107.6319451903,108.2354193935,8386671,0.0,1.0
2021-04-26 00:00:00+00:00,121.52,121.54,119.4,120.0,8444012,112.8218233376,112.8403917746,110.8535690134,111.410622124,8444012,0.0,1.0
2021-04-27 00:00:00+00:00,121.27,121.65,119.89,121.5,5491795,112.5897178749,112.9425181782,111.3084957204,112.8032549006,5491795,0.0,1.0
2021-04-28 00:00:00+00:00,119.66,120.415,118.73,120.0,6476501,111.0949586947,111.7959171922,110.2315263732,111.410622124,6476501,0.0,1.0
2021-04-29 00:00:00+00:00,119.1,120.8339,117.61,120.72,8831780,110.5750424581,112.1848331056,109.1916939001,112.0790858568,8831780,0.0,1.0
2021-04-30 00:00:00+00:00,116.74,118.18,116.65,118.01,7950744,108.3839668897,109.7208943552,108.3004089231,109.5630626405,7950744,0.0,1.0
2021-05-03 00:00:00+00:00,115.94,117.55,115.73,117.47,10229530,107.6412294088,109.135988589,107.4462608201,109.0617148409,10229530,0.0,1.0
2021-05-04 00:00:00+00:00,115.36,115.82,113.74,115.0,9638315,107.1027447352,107.5298187867,105.5987013366,106.7685128689,9638315,0.0,1.0
2021-05-05 00:00:00+00:00,115.38,116.4898,115.3,116.0,4174138,107.1213131723,108.1516757425,107.0470394242,107.6969347199,4174138,0.0,1.0
2021-05-06 00:00:00+00:00,117.0,117.635,114.46,115.3,8581653,108.6253565709,109.2149044463,106.2671650693,107.0470394242,8581653,0.0,1.0
2021-05-07 00:00:00+00:00,116.83,119.42,116.05,118.4,9614315,108.4675248563,110.8721374504,107.7433558125,109.9251471624,9614315,0.0,1.0
2021-05-10 00:00:00+00:00,112.31,115.38,112.23,114.98,12281223,104.2710580896,107.1213131723,104.1967843415,106.7499444319,12281223,0.0,1.0
2021-05-11 00:00:00+00:00,112.85,112.99,109.13,109.73,10007715,104.7724058891,104.9023849483,101.3186766033,101.8757297139,10007715,0.0,1.0
2021-05-12 00:00:00+00:00,108.21,110.0899,108.06,109.35,15058920,100.4645285004,102.2098687381,100.3252652227,101.5229294105,15058920,0.0,1.0
2021-05-13 00:00:00+00:00,108.75,111.43,107.9,109.36,10561429,100.9658762999,103.4540468607,100.1767177265,101.532213629,10561429,0.0,1.0
2021-05-14 00:00:00+00:00,112.46,112.83,110.24,110.61,8425191,104.4103213672,104.7538374521,102.349224858,102.6927409428,8425191,0.0,1.0
2021-05-17 00:00:00+00:00,109.8,110.03,107.87,109.07,10688635,101.9407192435,102.1542562692,100.148865071,101.2629712922,10688635,0.0,1.0
2021-05-18 00:00:00+00:00,110.84,113.48,110.74,113.0,7476605,102.9062779686,105.3573116553,102.8134357835,104.9116691668,7476605,0.0,1.0
2021-05-19 00:00:00+00:00,112.4,112.49,108.0,108.5,7280450,104.3546160562,104.4381740228,100.2695599116,100.7337708372,7280450,0.0,1.0
2021-05-20 00:00:00+00:00,113.28,113.72,112.1,112.39,6442494,105.1716272851,105.5801328995,104.0760895009,104.3453318377,6442494,0.0,1.0
2021-05-21 00:00:00+00:00,111.85,114.0,111.69,114.0,5979369,103.8439840381,105.8400910178,103.695436542,105.8400910178,5979369,0.0,1.0
2021-05-24 00:00:00+00:00,113.63,114.54,112.12,112.26,6650678,105.496574933,106.3414388174,104.0946579379,104.224636997,6650678,0.0,1.0
2021-05-25 00:00:00+00:00,114.28,114.94,113.6,114.85,5331665,106.1000491361,106.7128075578,105.4687222774,106.6292495912,5331665,0.0,1.0
2021-05-26 00:00:00+00:00,116.0,116.0,114.0,114.0,6605133,107.6969347199,107.6969347199,105.8400910178,105.8400910178,6605133,0.0,1.0
2021-05-27 00:00:00+00:00,115.77,116.53,115.0,116.0,6513706,107.4833976942,108.188998301,106.7685128689,107.6969347199,6513706,0.0,1.0
2021-05-28 00:00:00+00:00,117.36,117.84,115.95,116.3,5391713,108.9595884373,109.4052309258,107.6505136274,107.9754612752,5391713,0.0,1.0
2021-06-01 00:00:00+00:00,118.51,120.04,117.43,119.71,7596056,110.027273566,111.4477589981,109.0245779669,111.1413797872,7596056,0.0,1.0
2021-06-02 00:00:00+00:00,118.95,119.45,117.92,118.9,5383361,110.4357791805,110.899990106,109.4795046739,110.3893580879,5383361,0.0,1.0
2021-06-03 00:00:00+00:00,116.82,118.26,116.461,118.05,4912170,108.4582406378,109.7951681032,108.1249371932,109.6001995145,4912170,0.0,1.0
2021-06-04 00:00:00+00:00,119.51,119.85,118.05,118.23,5352051,110.955695417,111.2713588464,109.6001995145,109.7673154477,5352051,0.0,1.0
2021-06-07 00:00:00+00:00,118.22,118.75,117.57,118.14,6266010,109.7580312292,110.2500948102,109.154557026,109.6837574811,6266010,0.0,1.0
2021-06-08 00:00:00+00:00,115.92,117.678,115.06,117.55,11564751,107.6226609718,109.2548265859,106.8242181799,109.135988589,11564751,0.0,1.0
2021-06-09 00:00:00+00:00,117.13,117.65,115.97,116.0,6401585,108.7460514116,109.2288307741,107.6690820644,107.6969347199,6401585,0.0,1.0
2021-06-10 00:00:00+00:00,118.24,118.85,116.63,117.04,8566639,109.7765996662,110.3429369954,108.2818404861,108.662493445,8566639,0.0,1.0
2021-06-11 00:00:00+00:00,118.25,118.42,117.16,118.29,6036625,109.7858838847,109.9437155994,108.7739040671,109.8230207588,6036625,0.0,1.0
2021-06-14 00:00:00+00:00,120.99,121.0,118.46,118.55,7610338,112.3297597566,112.3390439751,109.9808524734,110.06441044,7610338,0.0,1.0
2021-06-15 00:00:00+00:00,119.45,122.0,119.27,120.35,8196928,110.899990106,113.2674658261,110.7328741728,111.7355697719,8196928,0.0,1.0
2021-06-16 00:00:00+00:00,118.02,119.895,117.5,119.55,7931253,109.572346859,111.3131378297,109.0895674965,110.9928322911,7931253,0.0,1.0
2021-06-17 00:00:00+00:00,119.12,120.24,117.59,117.68,7608083,111.0125733249,112.0563450016,109.5867066595,109.6705811692,7608083,0.451263,1.0
2021-06-18 00:00:00+00:00,115.79,117.8898,115.21,117.51,12532777,107.9092164648,109.8661019708,107.3686918466,109.5121515397,12532777,0.0,1.0
2021-06-21 00:00:00+00:00,114.14,115.4,113.02,115.38,11116212,106.3715171197,107.545760256,105.3277454431,107.527121476,11116212,0.0,1.0
2021-06-22 00:00:00+00:00,114.33,114.49,112.01,113.5,11792379,106.5485855292,106.6976957687,104.3864870561,105.7750761616,11792379,0.0,1.0
2021-06-23 00:00:00+00:00,116.05,117.42,115.8087,116.2,8913726,108.151520604,109.42827703,107.9266437241,108.2913114536,8913726,0.0,1.0
2021-06-24 00:00:00+00:00,117.24,117.67,116.27,116.72,6772228,109.2605280105,109.6612617792,108.3565471834,108.775919732,6772228,0.0,1.0
2021-06-25 00:00:00+00:00,116.53,117.925,116.53,117.45,6712802,108.5988513226,109.8989062235,108.5988513226,109.4562351999,6712802,0.0,1.0
2021-06-28 00:00:00+00:00,119.61,119.95,117.18,117.29,11026593,111.4692234334,111.7860826924,109.2046116707,109.3071249603,11026593,0.0,1.0
2021-06-29 00:00:00+00:00,120.23,120.285,118.4183,119.4,7874887,112.0470256116,112.0982822564,110.3586317307,111.2735162441,7874887,0.0,1.0
2021-06-30 00:00:00+00:00,120.16,120.76,119.0116,120.16,7936357,111.9817898818,112.54095328,110.9115511376,111.9817898818,7936357,0.0,1.0
2021-07-01 00:00:00+00:00,118.42,120.2055,118.03,120.1,8295619,110.360216027,112.0241931062,109.9967598181,111.925873542,8295619,0.0,1.0
2021-07-02 00:00:00+00:00,118.91,119.18,118.41,118.75,5148281,110.8168661355,111.0684896647,110.350896637,110.667755896,5148281,0.0,1.0
2021-07-06 00:00:00+00:00,120.05,120.96,118.22,119.85,7181463,111.8792765921,112.7273410794,110.1738282276,111.6928887927,7181463,0.0,1.0
2021-07-07 00:00:00+00:00,118.25,121.05,118.205,120.64,7391845,110.2017863975,112.8112155891,110.1598491426,112.4291206004,7391845,0.0,1.0
2021-07-08 00:00:00+00:00,117.87,118.275,115.38,115.87,7565354,109.8476495786,110.2250848724,107.527121476,107.9837715846,7565354,0.0,1.0
2021-07-09 00:00:00+00:00,120.56,120.785,117.62,118.0,8374158,112.3545654806,112.5642517549,109.6146648294,109.9688016482,8374158,0.0,1.0
2021-07-12 00:00:00+00:00,122.63,122.7299,119.52,121.19,10668671,114.2836792044,114.3767799102,111.3853489237,112.9416870487,10668671,0.0,1.0
2021-07-13 00:00:00+00:00,123.9,125.48,122.13,123.19,13460157,115.4672417306,116.9397053459,113.8177097059,114.8055650428,13460157,0.0,1.0
2021-07-14 00:00:00+00:00,124.39,125.78,124.07,125.15,10587743,115.9238918392,117.219287045,115.6256713601,116.6321654769,10587743,0.0,1.0
2021-07-15 00:00:00+00:00,117.53,120.7,116.87,120.12,23734491,109.5307903196,112.4850369402,108.9157105816,111.9445123219,23734491,0.0,1.0
2021-07-16 00:00:00+00:00,115.74,118.99,115.17,118.75,12110018,107.862619515,110.8914212553,107.3314142867,110.667755896,12110018,0.0,1.0
2021-07-19 00:00:00+00:00,115.35,115.6177,113.23,114.0,9230201,107.4991633061,107.7486433756,105.5234526325,106.2410456602,9230201,0.0,1.0
2021-07-20 00:00:00+00:00,116.4,116.87,114.43,115.88,7108021,108.477699253,108.9157105816,106.6417794289,107.9930909746,7108021,0.0,1.0
2021-07-21 00:00:00+00:00,117.87,117.87,115.93,116.23,5564738,109.8476495786,109.8476495786,108.0396879244,108.3192696235,5564738,0.0,1.0
2021-07-22 00:00:00+00:00,116.56,118.09,116.21,118.09,5746523,108.6268094925,110.052676158,108.3006308436,110.052676158,5746523,0.0,1.0
2021-07-23 00:00:00+00:00,116.79,117.65,115.33,117.65,5773862,108.8411554618,109.6426229993,107.4805245262,109.6426229993,5773862,0.0,1.0
2021-07-26 00:00:00+00:00,115.65,116.1,114.87,115.79,6440613,107.7787450052,108.1981175539,107.0518325876,107.9092164648,6440613,0.0,1.0
2021-07-27 00:00:00+00:00,113.54,115.4,112.0455,115.32,11127505,105.8123537215,107.545760256,104.4195708905,107.4712051362,11127505,0.0,1.0
2021-07-28 00:00:00+00:00,115.07,115.51,113.88,113.94,6819729,107.238220387,107.6482735457,106.1292129805,106.1851293203,6819729,0.0,1.0
2021-07-29 00:00:00+00:00,116.15,117.11,115.61,116.0,7132068,108.2447145037,109.1393759409,107.7414674454,108.1049236542,7132068,0.0,1.0
2021-07-30 00:00:00+00:00,116.64,117.42,115.19,115.5,6482617,108.7013646123,109.42827703,107.3500530666,107.6389541557,6482617,0.0,1.0
2021-08-02 00:00:00+00:00,116.86,118.38,116.66,117.5,6028772,108.9063911916,110.3229384671,108.7200033922,109.5028321497,6028772,0.0,1.0
2021-08-03 00:00:00+00:00,118.41,118.64,116.84,117.31,5874719,110.350896637,110.5652426063,108.8877524117,109.3257637403,5874719,0.0,1.0
2021-08-04 00:00:00+00:00,118.74,119.55,118.28,118.43,4253964,110.658436506,111.4133070936,110.2297445674,110.369535417,4253964,0.0,1.0
2021-08-05 00:00:00+00:00,119.22,119.24,118.24,119.07,4452335,111.1057672246,111.1244060045,110.1924670075,110.965976375,4452335,0.0,1.0
2021-08-06 00:00:00+00:00,118.21,118.6,117.45,118.37,4338144,110.1645088376,110.5279650464,109.4562351999,110.3136190771,4338144,0.0,1.0
2021-08-09 00:00:00+00:00,118.22,118.79,117.32,118.42,4280237,110.1738282276,110.7050334559,109.3350831303,110.360216027,4280237,0.0,1.0
2021-08-10 00:00:00+00:00,116.36,119.05,114.08,118.5,5132785,108.4404216931,110.9473375951,106.3156007799,110.4347711467,5132785,0.0,1.0
2021-08-11 00:00:00+00:00,115.99,117.29,115.2,116.5,4490350,108.0956042642,109.3071249603,107.3593724566,108.5708931527,4490350,0.0,1.0
2021-08-12 00:00:00+00:00,115.7,115.95,114.44,115.55,6345036,107.8253419551,108.0583267043,106.6510988188,107.6855511055,6345036,0.0,1.0
2021-08-13 00:00:00+00:00,115.5,115.52,114.49,115.07,4563785,107.6389541557,107.6575929356,106.6976957687,107.238220387,4563785,0.0,1.0
2021-08-16 00:00:00+00:00,114.63,115.48,114.095,115.1,5439250,106.8281672283,107.6203153757,106.3295798649,107.2661785569,5439250,0.0,1.0
2021-08-17 00:00:00+00:00,111.11,113.85,110.75,113.73,13398802,103.5477419588,106.1012548106,103.2122439198,105.989422131,13398802,0.0,1.0
2021-08-18 00:00:00+00:00,110.45,113.0,110.38,111.74,9167291,102.9326622207,105.3091066631,102.8674264909,104.1348635269,9167291,0.0,1.0
2021-08-19 00:00:00+00:00,110.52,110.97,107.68,109.0,12146912,102.9978979505,103.4172704992,100.351191199,101.5813506751,12146912,0.0,1.0
2021-08-20 00:00:00+00:00,108.12,109.71,107.73,109.14,13042016,100.7612443577,102.2430273629,100.3977881488,101.7118221346,13042016,0.0,1.0
2021-08-23 00:00:00+00:00,110.96,111.33,109.27,110.08,9533453,103.4079511092,103.7527685381,101.8329742043,102.5878447918,9533453,0.0,1.0
2021-08-24 00:00:00+00:00,112.11,113.065,111.8,111.82,6719811,104.4796809558,105.3696826979,104.1907798667,104.2094186467,6719811,0.0,1.0
2021-08-25 00:00:00+00:00,117.03,119.18,115.61,115.71,22106785,109.0648208211,111.0684896647,107.7414674454,107.8346613451,22106785,0.0,1.0
2021-08-26 00:00:00+00:00,118.1,118.46,116.35,117.98,9892122,110.0619955479,110.3974935869,108.4311023032,109.9501628683,9892122,0.0,1.0
2021-08-27 00:00:00+00:00,118.49,119.3,117.69,118.33,6827711,110.4254517568,111.1803223444,109.6799005592,110.2763415173,6827711,0.0,1.0
2021-08-30 00:00:00+00:00,118.99,119.5,118.47,118.88,6434244,110.8914212553,111.3667101438,110.4068129768,110.7889079656,6434244,0.0,1.0
2021-08-31 00:00:00+00:00,119.01,120.8,118.7,120.01,8424941,110.9100600352,112.5782308399,110.6211589461,111.8419990322,8424941,0.0,1.0
2021-09-01 00:00:00+00:00,120.46,121.36,119.56,120.215,8603893,112.2613715809,113.1001166782,111.4226264836,112.0330465266,8603893,0.0,1.0
2021-09-02 00:00:00+00:00,120.79,121.39,120.46,120.94,6869814,112.5689114499,113.1280748481,112.2613715809,112.7087022995,6869814,0.0,1.0
2021-09-03 00:00:00+00:00,123.97,124.48,121.26,121.58,10369888,115.5324774604,116.0077663489,113.0069227785,113.3051432576,10369888,0.0,1.0
2021-09-07 00:00:00+00:00,124.7,125.28,123.89,124.62,9746856,116.2127929283,116.7533175465,115.4579223407,116.1382378085,9746856,0.0,1.0
2021-09-08 00:00:00+00:00,121.89,123.14,121.23,122.97,7983285,113.5940443466,114.7589680929,112.9789646086,114.6005384634,7983285,0.0,1.0
2021-09-09 00:00:00+00:00,122.68,123.49,121.88,122.19,5101323,114.3302761543,115.0851467419,113.5847249567,113.8736260457,5101323,0.0,1.0
2021-09-10 00:00:00+00:00,122.97,124.335,122.89,123.02,5163940,114.6005384634,115.8726351943,114.5259833437,114.6471354133,5163940,0.0,1.0
2021-09-13 00:00:00+00:00,123.62,124.1,122.202,122.94,6622769,115.2062988115,115.65362953,113.8848093137,114.5725802935,6622769,0.0,1.0
2021-09-14 00:00:00+00:00,123.09,123.63,122.4,123.63,5110493,114.7123711431,115.2156182014,114.0693332351,115.2156182014,5110493,0.0,1.0
2021-09-15 00:00:00+00:00,121.5,122.5,120.88,122.405,5566531,113.2305881378,114.1625271348,112.6527859596,114.0739929301,5566531,0.0,1.0
2021-09-16 00:00:00+00:00,120.79,121.13,119.35,120.0,7301357,113.0317831832,113.3499453347,111.6842728944,112.2925240664,7301357,0.496676,1.0
2021-09-17 00:00:00+00:00,117.75,120.47,117.69,120.19,10729198,110.1870392402,112.7323364524,110.1308929782,112.4703205629,10729198,0.0,1.0
2021-09-20 00:00:00+00:00,114.7,116.01,113.55,115.2,8991029,107.3329375868,108.5587976412,106.2568008979,107.8008231038,8991029,0.0,1.0
2021-09-21 00:00:00+00:00,114.96,115.87,114.553,115.65,8182230,107.5762380556,108.4277896965,107.1953792448,108.221920069,8182230,0.0,1.0
2021-09-22 00:00:00+00:00,115.87,116.24,114.91,115.23,5345592,108.4277896965,108.774024979,107.5294495039,107.8288962348,5345592,0.0,1.0
2021-09-23 00:00:00+00:00,116.19,116.97,115.59,116.97,5484707,108.7272364273,109.4571378338,108.165773807,109.4571378338,5484707,0.0,1.0
2021-09-24 00:00:00+00:00,115.64,116.56,115.525,116.0,4455865,108.2125623587,109.0734717099,108.1049486898,108.5494399309,4455865,0.0,1.0
2021-09-27 00:00:00+00:00,116.15,116.57,115.01,115.7,5198843,108.689805586,109.0828294202,107.6230266073,108.2687086207,5198843,0.0,1.0
2021-09-28 00:00:00+00:00,111.9,115.04,111.85,114.33,9792250,104.7127786919,107.6510997383,104.6659901403,106.9867023043,9792250,0.0,1.0
2021-09-29 00:00:00+00:00,111.62,112.85,111.02,112.3,6522356,104.4507628025,105.6017611741,103.8893001821,105.0870871055,6522356,0.0,1.0
2021-09-30 00:00:00+00:00,111.65,113.35,111.65,112.43,6437891,104.4788359335,106.0696466911,104.4788359335,105.2087373399,6437891,0.0,1.0
2021-10-01 00:00:00+00:00,111.56,112.3,110.3,112.0,5315200,104.3946165404,105.0870871055,103.2155450377,104.8063557953,5315200,0.0,1.0
2021-10-04 00:00:00+00:00,109.02,111.43,108.52,111.0,8514511,102.0177581144,104.272966306,101.5498725974,103.8705847614,8514511,0.0,1.0
2021-10-05 00:00:00+00:00,109.26,110.35,109.22,109.8,8039615,102.2423431625,103.2623335894,102.2049123211,102.7476595208,8039615,0.0,1.0
2021-10-06 00:00:00+00:00,109.34,109.52,107.58,108.44,7553611,102.3172048452,102.4856436313,100.6702478256,101.4750109147,7553611,0.0,1.0
2021-10-07 00:00:00+00:00,110.83,111.71,110.49,111.0,7821918,103.7115036857,104.5349821955,103.3933415342,103.8705847614,7821918,0.0,1.0
2021-10-08 00:00:00+00:00,110.04,111.07,109.51,110.98,5143409,102.9722445689,103.9360887338,102.476285921,103.8518693408,5143409,0.0,1.0
2021-10-11 00:00:00+00:00,110.26,111.71,109.9,110.08,5318487,103.1781141964,104.5349821955,102.8412366242,103.0096754103,5318487,0.0,1.0
2021-10-12 00:00:00+00:00,109.2,111.03,108.555,110.47,9294631,102.1861969004,103.8986578925,101.5826245836,103.3746261135,9294631,0.0,1.0
2021-10-13 00:00:00+00:00,109.98,110.05,108.95,109.32,7845095,102.9160983069,102.9816022793,101.952254142,102.2984894245,7845095,0.0,1.0
2021-10-14 00:00:00+00:00,112.56,114.74,111.16,114.14,16930481,105.3303875743,107.3703684282,104.0203081269,106.8089058079,16930481,0.0,1.0
2021-10-15 00:00:00+00:00,114.86,114.95,112.96,114.78,11558807,107.4826609523,107.5668803453,105.7046959879,107.4077992695,11558807,0.0,1.0
2021-10-18 00:00:00+00:00,115.34,115.35,113.42,113.42,6773808,107.9318310485,107.9411887589,106.1351506635,106.1351506635,6773808,0.0,1.0
2021-10-19 00:00:00+00:00,116.96,116.98,115.63,115.8,5406087,109.4477801234,109.4664955441,108.2032046483,108.3622857241,5406087,0.0,1.0
2021-10-20 00:00:00+00:00,115.59,117.025,115.55,116.88,8205785,108.165773807,109.5086052406,108.1283429656,109.3729184407,8205785,0.0,1.0
2021-10-21 00:00:00+00:00,116.29,116.35,114.6108,115.01,4640287,108.8208135307,108.8769597927,107.2494668106,107.6230266073,4640287,0.0,1.0
2021-10-22 00:00:00+00:00,114.23,117.15,114.23,116.24,6283013,106.8931252009,109.6255766199,106.8931252009,108.774024979,6283013,0.0,1.0
2021-10-25 00:00:00+00:00,113.64,114.5499,113.11,114.4,6667685,106.3410202909,107.1924783546,105.8450616429,107.0522062767,6667685,0.0,1.0
2021-10-26 00:00:00+00:00,114.18,115.3,113.72,114.94,4852307,106.8463366492,107.8944002072,106.4158819736,107.557522635,4852307,0.0,1.0
2021-10-27 00:00:00+00:00,113.75,115.06,113.71,114.03,5394494,106.4439551046,107.669815159,106.4065242633,106.7059709941,5394494,0.0,1.0
2021-10-28 00:00:00+00:00,116.01,116.02,113.54,113.66,5714261,108.5587976412,108.5681553516,106.2474431875,106.3597357116,5714261,0.0,1.0
2021-10-29 00:00:00+00:00,113.7,114.19,113.22,114.07,7118867,106.3971665529,106.8556943595,105.9479964567,106.7434018355,7118867,0.0,1.0
2021-11-01 00:00:00+00:00,114.12,114.34,113.35,113.58,4817868,106.7901903872,106.9960600146,106.0696466911,106.2848740289,4817868,0.0,1.0
2021-11-02 00:00:00+00:00,114.11,114.8,113.54,113.59,4470432,106.7808326768,107.4265146902,106.2474431875,106.2942317392,4470432,0.0,1.0
2021-11-03 00:00:00+00:00,114.01,114.1,112.7303,113.44,6073019,106.6872555734,106.7714749665,105.4897493814,106.1538660841,6073019,0.0,1.0
2021-11-04 00:00:00+00:00,117.79,117.85,112.41,113.37,14682844,110.2244700815,110.2806163436,105.1900219192,106.0883621118,14682844,0.0,1.0
2021-11-05 00:00:00+00:00,117.8,119.5299,116.25,118.17,8668123,110.2338277919,111.8526181034,108.7833826894,110.5800630744,8668123,0.0,1.0
2021-11-08 00:00:00+00:00,120.91,122.25,117.05,118.39,15776322,113.1440757073,114.3980088927,109.5319995165,110.7859327019,15776322,0.0,1.0
2021-11-09 00:00:00+00:00,121.78,123.27,120.17,121.25,9962148,113.9581965067,115.3524953472,112.4516051422,113.4622378588,9962148,0.0,1.0
2021-11-10 00:00:00+00:00,118.2,120.8,117.68,119.6,9046064,110.6081362054,113.0411408935,110.1215352678,111.9182156529,9046064,0.0,1.0
2021-11-11 00:00:00+00:00,118.19,120.465,117.8,119.26,6993951,110.5987784951,112.7276575972,110.2338277919,111.6000535014,6993951,0.0,1.0
2021-11-12 00:00:00+00:00,118.69,118.82,117.27,118.39,6747101,111.066664012,111.1883142464,109.7378691439,110.7859327019,6747101,0.0,1.0
2021-11-15 00:00:00+00:00,118.12,119.64,117.51,119.32,5156986,110.5332745227,111.9556464942,109.9624541921,111.6561997634,5156986,0.0,1.0
2021-11-16 00:00:00+00:00,118.08,118.38,117.16,117.69,5555127,110.4958436814,110.7765749915,109.6349343302,110.1308929782,5555127,0.0,1.0
2021-11-17 00:00:00+00:00,119.06,119.55,117.51,118.0,6391350,111.4128992946,111.8714271012,109.9624541921,110.4209819987,6391350,0.0,1.0
2021-11-18 00:00:00+00:00,123.39,123.555,119.8,119.97,13229657,115.4647878713,115.6191900919,112.1053698597,112.2644509354,13229657,0.0,1.0
2021-11-19 00:00:00+00:00,124.26,124.8,122.02,122.03,9076350,116.2789086708,116.7842250291,114.1827815549,114.1921392652,9076350,0.0,1.0
2021-11-22 00:00:00+00:00,124.75,128.09,123.21,123.5,16086015,116.7374364774,119.8629117306,115.2963490852,115.567722685,16086015,0.0,1.0
2021-11-23 00:00:00+00:00,121.36,123.2,119.52,122.72,10983988,113.5651726725,115.2869913749,111.8433539702,114.8378212786,10983988,0.0,1.0
2021-11-24 00:00:00+00:00,120.71,120.87,118.395,120.0,6992624,112.9569215005,113.1066448659,110.790611557,112.2925240664,6992624,0.0,1.0
2021-11-26 00:00:00+00:00,117.09,119.04,116.52,117.5,6766865,109.5694303578,111.3941838739,109.0360408685,109.9530964817,6766865,0.0,1.0
2021-11-29 00:00:00+00:00,119.28,119.88,117.9,118.36,7633952,111.618768922,112.1802315424,110.3274048953,110.7578595709,7633952,0.0,1.0
2021-11-30 00:00:00+00:00,117.15,120.17,115.76,118.1,10561774,109.6255766199,112.4516051422,108.3248548827,110.514559102,10561774,0.0,1.0
2021-12-01 00:00:00+00:00,120.63,123.51,119.22,119.22,12939395,112.8820598178,115.5770803954,111.56262266,111.56262266,12939395,0.0,1.0
2021-12-02 00:00:00+00:00,121.7,123.4,120.02,120.35,8425542,113.883334824,115.4741455816,112.3112394871,112.6200439283,8425542,0.0,1.0
2021-12-03 00:00:00+00:00,119.33,121.85,117.98,121.0,7809043,111.6655574737,114.0237004791,110.402266578,113.2282951003,7809043,0.0,1.0
2021-12-06 00:00:00+00:00,119.14,119.5,116.58,118.89,5681181,111.4877609773,111.8246385495,109.0921871305,111.2538182188,5681181,0.0,1.0
2021-12-07 00:00:00+00:00,122.32,122.58,120.26,120.54,7459249,114.463512865,114.7068133339,112.5358245352,112.7978404247,7459249,0.0,1.0
2021-12-08 00:00:00+00:00,121.8,122.22,120.11,121.63,5795681,113.9769119274,114.3699357617,112.3954588802,113.8178308517,5795681,0.0,1.0
2021-12-09 00:00:00+00:00,119.5,122.09,119.49,121.18,6103894,111.8246385495,114.2482855273,111.8152808391,113.3967338864,6103894,0.0,1.0
2021-12-10 00:00:00+00:00,119.13,120.79,118.24,120.0,5973913,111.4784032669,113.0317831832,110.6455670468,112.2925240664,5973913,0.0,1.0
2021-12-13 00:00:00+00:00,116.42,119.03,116.39,118.86,5854263,108.9424637651,111.3848261636,108.9143906341,111.2257450878,5854263,0.0,1.0
2021-12-14 00:00:00+00:00,116.29,116.98,115.25,115.44,6267349,108.8208135307,109.4664955441,107.8476116555,108.0254081519,6267349,0.0,1.0
2021-12-15 00:00:00+00:00,120.4,120.51,116.48,116.79,6700712,112.66683248,112.7697672937,108.9986100271,109.2886990477,6700712,0.0,1.0
2021-12-16 00:00:00+00:00,116.57,120.75,116.135,120.34,9116058,109.546951266,113.4751168,109.1381589198,113.0898182668,9116058,0.495978,1.0
2021-12-17 00:00:00+00:00,116.32,117.49,115.93,116.29,11765679,109.312013136,110.4115235845,108.9455096532,109.2838205604,11765679,0.0,1.0
2021-12-20 00:00:00+00:00,114.94,116.62,113.91,115.92,6980781,108.0151546583,109.593938892,107.0472095626,108.936112128,6980781,0.0,1.0
2021-12-21 00:00:00+00:00,117.44,117.5,115.08,116.07,6122925,110.3645359585,110.4209211097,108.1467200111,109.077075006,6122925,0.0,1.0
2021-12-22 00:00:00+00:00,121.3,121.44,116.83,116.92,9300126,113.991980686,114.1235460388,109.7912869213,109.8758646481,9300126,0.0,1.0
2021-12-23 00:00:00+00:00,120.68,121.79,119.84,120.96,6512512,113.4093341236,114.4524594209,112.6199420067,113.6724648292,6512512,0.0,1.0
2021-12-27 00:00:00+00:00,122.7,123.26,121.2,121.22,6316917,115.3076342141,115.8338956254,113.898005434,113.9168004844,6316917,0.0,1.0
2021-12-28 00:00:00+00:00,122.06,123.66,121.87,123.38,6322707,114.7061926013,116.2097966334,114.5276396225,115.9466659278,6322707,0.0,1.0
2021-12-29 00:00:00+00:00,121.41,123.15,120.97,121.8,5847669,114.0953534632,115.7305228482,113.6818623544,114.4618569461,5847669,0.0,1.0
2021-12-30 00:00:00+00:00,120.42,121.5518,120.19,121.0,4187802,113.1649984684,114.2286103706,112.9488553887,113.71005493,4187802,0.0,1.0
2021-12-31 00:00:00+00:00,120.31,121.75,120.22,121.35,3837909,113.0616256912,114.4148693201,112.9770479643,114.038968312,3837909,0.0,1.0
2022-01-03 00:00:00+00:00,128.8,129.5859,124.0,124.125,18638186,121.0401245867,121.7786760922,116.5293124903,116.6467815553,18638186,0.0,1.0
2022-01-04 00:00:00+00:00,133.4,135.5,130.3,130.87,25554943,125.362986179,127.3364664712,122.4497533668,122.9854123032,25554943,0.0,1.0
2022-01-05 00:00:00+00:00,127.06,130.88,126.88,130.71,17891191,119.4049552017,122.9948098284,119.2357997481,122.8350519,17891191,0.0,1.0
2022-01-06 00:00:00+00:00,128.47,129.0,124.81,127.0,16248974,120.730006255,121.2280750907,117.2905120315,119.3485700505,16248974,0.0,1.0
2022-01-07 00:00:00+00:00,123.5,127.14,123.31,126.55,21248087,116.0594362302,119.4801354033,115.8808832514,118.9256814165,21248087,0.0,1.0
2022-01-10 00:00:00+00:00,125.01,125.87,123.26,125.11,11857712,117.4784625355,118.2866497028,115.8338956254,117.5724377875,11857712,0.0,1.0
2022-01-11 00:00:00+00:00,129.17,129.55,125.4975,126.54,11909650,121.3878330191,121.7449389767,117.9365918891,118.9162838913,11909650,0.0,1.0
2022-01-12 00:00:00+00:00,132.23,132.92,130.22,130.5,16389195,124.2634757305,124.9119049694,122.3745731652,122.6377038708,16389195,0.0,1.0
2022-01-13 00:00:00+00:00,139.19,145.0,138.92,140.75,52019992,130.8041532703,136.264115412,130.5504200899,132.2701672016,52019992,0.0,1.0
2022-01-14 00:00:00+00:00,140.66,143.88,136.09,136.09,28255335,132.1855894748,135.2115925895,127.8909204581,127.8909204581,28255335,0.0,1.0
2022-01-18 00:00:00+00:00,133.83,137.1799,133.29,136.75,14791715,125.7670797627,128.9151567297,125.2596134018,128.5111571213,14791715,0.0,1.0
2022-01-19 00:00:00+00:00,131.01,135.9,130.94,134.62,10863066,123.116977656,127.7123674792,123.0511949796,126.5094842535,10863066,0.0,1.0
2022-01-20 00:00:00+00:00,128.33,132.7499,128.2,131.92,11421884,120.5984409022,124.7520530657,120.4762730746,123.9721524493,11421884,0.0,1.0
2022-01-21 00:00:00+00:00,124.53,127.98,124.27,127.08,15573725,117.0273813259,120.2695275202,116.7830456707,119.4237502521,15573725,0.0,1.0
2022-01-24 00:00:00+00:00,125.96,126.07,120.13,123.77,17100523,118.3712274296,118.4746002068,112.8924702375,116.3131694106,17100523,0.0,1.0
2022-01-25 00:00:00+00:00,122.48,125.82,121.7,125.49,11370503,115.1008886597,118.2396620768,114.3678816941,117.9295437452,11370503,0.0,1.0
2022-01-26 00:00:00+00:00,123.08,126.6715,121.89,125.38,13592103,115.6647401718,119.0398613477,114.5464346729,117.826170968,13592103,0.0,1.0
2022-01-27 00:00:00+00:00,116.38,124.14,116.03,124.0,18599845,109.3683982872,116.6608778431,109.0394849052,116.5293124903,18599845,0.0,1.0
2022-01-28 00:00:00+00:00,117.61,119.6,114.19,118.71,14005884,110.5242938869,112.3944014019,107.3103402682,111.558021659,14005884,0.0,1.0
2022-01-31 00:00:00+00:00,122.63,122.77,118.81,119.52,10189146,115.2418515377,115.3734168906,111.651996911,112.3192212003,10189146,0.0,1.0
2022-02-01 00:00:00+00:00,123.05,123.2369,120.1,122.9,6956333,115.6365475962,115.8121873422,112.8642776619,115.4955847182,6956333,0.0,1.0
2022-02-02 00:00:00+00:00,124.15,126.47,122.55,126.23,8562948,116.6702753683,118.8505012149,115.1666713361,118.62496061,8562948,0.0,1.0
2022-02-03 00:00:00+00:00,119.84,123.88,119.25,121.45,9926778,112.6199420067,116.4165421878,112.0654880199,114.132943564,9926778,0.0,1.0
2022-02-04 00:00:00+00:00,121.02,121.83,119.39,120.44,5743240,113.7288499804,114.4900495217,112.1970533727,113.1837935188,5743240,0.0,1.0
2022-02-07 00:00:00+00:00,122.31,124.1,121.88,122.56,6562909,114.9411307313,116.6232877423,114.5370371477,115.1760688613,6562909,0.0,1.0
2022-02-08 00:00:00+00:00,123.71,123.86,121.61,122.0,7036211,116.2567842594,116.3977471374,114.2833039673,114.6498074501,7036211,0.0,1.0
2022-02-09 00:00:00+00:00,125.52,125.55,122.76,124.88,10979701,117.9577363208,117.9859288964,115.3640193654,117.3562947079,10979701,0.0,1.0
2022-02-10 00:00:00+00:00,124.71,128.66,124.36,124.8,10474922,117.1965367795,120.9085592338,116.8676233975,117.2811145063,10474922,0.0,1.0
2022-02-11 00:00:00+00:00,121.01,126.58,120.45,125.5,9845686,113.7194524552,118.9538739921,113.193191044,117.9389412704,9845686,0.0,1.0
2022-02-14 00:00:00+00:00,119.77,121.55,118.0,119.95,8081751,112.5541593303,114.2269188161,110.8907973698,112.7233147839,8081751,0.0,1.0
2022-02-15 00:00:00+00:00,124.52,124.61,121.46,122.015,9258676,117.0179838007,117.1025615275,114.1423410892,114.6639037379,9258676,0.0,1.0
2022-02-16 00:00:00+00:00,123.6,124.29,121.57,123.14,5749484,116.1534114822,116.8018407211,114.2457138665,115.721125323,5749484,0.0,1.0
2022-02-17 00:00:00+00:00,119.76,122.75,119.65,122.49,7976737,112.5447618051,115.3546218402,112.4413890279,115.1102861849,7976737,0.0,1.0
2022-02-18 00:00:00+00:00,119.31,120.69,118.45,120.52,8389010,112.1218731711,113.4187316488,111.3136860038,113.2589737204,8389010,0.0,1.0
2022-02-22 00:00:00+00:00,116.91,119.36,115.72,117.5,9325637,109.8664671229,112.1688607971,108.748161624,110.4209211097,9325637,0.0,1.0
2022-02-23 00:00:00+00:00,115.9,119.43,115.76,118.55,8114717,108.9173170776,112.2346434735,108.7857517248,111.4076612558,8114717,0.0,1.0
2022-02-24 00:00:00+00:00,111.88,111.98,104.38,108.0,27539111,105.1395119469,105.2334871989,98.0913680462,101.4932721689,27539111,0.0,1.0
2022-02-25 00:00:00+00:00,111.23,113.0,109.36,112.29,14258911,104.5286728088,106.1920347693,102.7713355962,105.5248104801,14258911,0.0,1.0
2022-02-28 00:00:00+00:00,107.01,109.77,105.0,109.37,26390834,100.5629171741,103.1566341295,98.6740146087,102.7807331214,26390834,0.0,1.0
2022-03-01 00:00:00+00:00,108.05,111.1062,107.05,110.0,20377882,101.5402597949,104.4123314468,100.6005072749,103.3727772091,20377882,0.0,1.0
2022-03-02 00:00:00+00:00,109.61,109.97,107.86,108.4,13342390,103.0062737263,103.3445846335,101.3617068161,101.869173177,13342390,0.0,1.0
2022-03-03 00:00:00+00:00,108.79,110.0,107.6,109.91,10841731,102.2356766598,103.3727772091,101.1173711609,103.2881994823,10841731,0.0,1.0
2022-03-04 00:00:00+00:00,105.06,108.12,103.805,107.0,22379149,98.7303997599,101.6060424713,97.5510103472,100.5535196488,22379149,0.0,1.0
2022-03-07 00:00:00+00:00,99.29,104.09,99.055,103.29,29422885,93.308027719,97.8188398154,93.0871858768,97.0670377993,29422885,0.0,1.0
2022-03-08 00:00:00+00:00,100.0,103.11,98.62,100.21,25649964,93.9752520083,96.8978823457,92.6783935306,94.1726000375,25649964,0.0,1.0
2022-03-09 00:00:00+00:00,104.95,105.72,102.76,104.505,14348370,98.6270269827,99.3506364231,96.5689689637,98.2088371112,14348370,0.0,1.0
2022-03-10 00:00:00+00:00,103.96,105.53,102.52,104.19,11811010,97.6966719878,99.1720834443,96.3434283589,97.9128150674,11811010,0.0,1.0
2022-03-11 00:00:00+00:00,101.41,105.36,101.3,105.36,18116439,95.3003030616,99.0123255159,95.1969302844,99.0123255159,18116439,0.0,1.0
2022-03-14 00:00:00+00:00,99.3,101.86,99.07,101.52,17959381,93.3174252442,95.7231916956,93.1012821646,95.4036758388,17959381,0.0,1.0
2022-03-15 00:00:00+00:00,102.09,102.14,97.62,98.03,13415591,95.9393347752,95.9863224012,91.7386410105,92.1239395437,13415591,0.0,1.0
2022-03-16 00:00:00+00:00,105.69,105.79,102.81,102.99,20347066,99.7826143436,99.877024992,97.0635876683,97.2335268355,20347066,0.489672,1.0
2022-03-17 00:00:00+00:00,106.49,106.53,104.75,105.75,8041999,100.5378995311,100.5756637905,98.8951542482,99.8392607326,8041999,0.0,1.0
2022-03-18 00:00:00+00:00,106.72,107.04,104.89,105.71,10024498,100.7550440226,101.0571580976,99.027329156,99.8014964732,10024498,0.0,1.0
2022-03-21 00:00:00+00:00,106.92,107.215,105.1301,106.72,10344819,100.9438653195,101.2223767324,99.2540091229,100.7550440226,10344819,0.0,1.0
2022-03-22 00:00:00+00:00,107.04,107.955,106.23,106.39,10377150,101.0571580976,101.9210155309,100.2924318452,100.4434888827,10377150,0.0,1.0
2022-03-23 00:00:00+00:00,105.35,108.19,105.35,106.5,12905344,99.4616181388,102.1428805547,99.4616181388,100.547340596,12905344,0.0,1.0
2022-03-24 00:00:00+00:00,107.92,107.98,105.83,106.78,10834029,101.8879718039,101.944618193,99.9147892514,100.8116904116,10834029,0.0,1.0
2022-03-25 00:00:00+00:00,106.73,107.98,105.84,107.69,7415565,100.7644850874,101.944618193,99.9242303162,101.6708273125,7415565,0.0,1.0
2022-03-28 00:00:00+00:00,106.33,106.72,104.61,105.62,8151204,100.3868424936,100.7550440226,98.7629793403,99.7165268896,8151204,0.0,1.0
2022-03-29 00:00:00+00:00,109.25,109.755,106.79,107.915,14076209,103.1436334283,103.6204072029,100.8211314765,101.8832512715,14076209,0.0,1.0
2022-03-30 00:00:00+00:00,106.73,109.34,106.51,107.79,15456251,100.7644850874,103.2286030119,100.5567816608,101.7652379609,15456251,0.0,1.0
2022-03-31 00:00:00+00:00,104.26,107.15,104.19,106.96,13021619,98.4325420708,101.1610098109,98.3664546169,100.9816295788,13021619,0.0,1.0
2022-04-01 00:00:00+00:00,102.79,105.95,102.21,105.77,12085100,97.0447055386,100.0280820295,96.4971237776,99.8581428623,12085100,0.0,1.0
2022-04-04 00:00:00+00:00,104.79,105.57,103.28,104.02,9083931,98.9329185075,99.6693215654,97.507317716,98.2059565145,9083931,0.0,1.0
2022-04-05 00:00:00+00:00,102.5,104.6,102.11,104.48,12061364,96.7709146581,98.7535382755,96.4027131292,98.6402454973,12061364,0.0,1.0
2022-04-06 00:00:00+00:00,101.18,102.14,99.72,100.42,14902562,95.5246940986,96.4310363237,94.1462986313,94.8071731704,14902562,0.0,1.0
2022-04-07 00:00:00+00:00,100.52,101.23,99.65,100.42,12430960,94.9015838188,95.5718994228,94.0802111774,94.8071731704,12430960,0.0,1.0
2022-04-08 00:00:00+00:00,99.29,100.7,99.12,100.62,11796236,93.740332843,95.0715229861,93.5798347406,94.9959944673,11796236,0.0,1.0
2022-04-11 00:00:00+00:00,97.57,98.38,96.91,98.22,12480480,92.1164696897,92.8811959421,91.4933594099,92.7301389046,12480480,0.0,1.0
2022-04-12 00:00:00+00:00,97.44,100.15,97.44,100.0,13291484,91.9937358467,94.5522644196,91.9937358467,94.4106484469,13291484,0.0,1.0
2022-04-13 00:00:00+00:00,101.5,102.22,99.5,99.8,15776799,95.8268081736,96.5065648424,93.9385952047,94.22182715,15776799,0.0,1.0
2022-04-14 00:00:00+00:00,98.36,104.5,98.33,104.0,17828483,92.8623138124,98.659127627,92.8339906179,98.1870743848,17828483,0.0,1.0
2022-04-18 00:00:00+00:00,98.77,99.84,97.47,97.95,10277448,93.249397471,94.2595914094,92.0220590412,92.4752301538,10277448,0.0,1.0
2022-04-19 00:00:00+00:00,99.45,99.45,97.71,98.44,10103023,93.8913898805,93.8913898805,92.2486445975,92.9378423312,10103023,0.0,1.0
2022-04-20 00:00:00+00:00,99.01,101.0,98.9,100.4,8558736,93.4759830273,95.3547549314,93.372131314,94.7882910407,8558736,0.0,1.0
2022-04-21 00:00:00+00:00,97.66,100.65,97.41,99.75,13038539,92.2014392733,95.0243176618,91.9654126522,94.1746218258,13038539,0.0,1.0
2022-04-22 00:00:00+00:00,95.68,97.79,95.36,97.03,11650097,90.332108434,92.3241731162,90.029994359,91.6066521881,11650097,0.0,1.0
2022-04-25 00:00:00+00:00,96.24,96.28,94.45,95.05,10654403,90.8608080653,90.8985723247,89.1708574581,89.7373213488,10654403,0.0,1.0
2022-04-26 00:00:00+00:00,92.77,95.0237,92.77,94.94,11807078,87.5847585642,89.7124913483,87.5847585642,89.6334696355,11807078,0.0,1.0
2022-04-27 00:00:00+00:00,90.26,92.69,90.22,91.84,15846299,85.2150512882,87.5092300455,85.1772870288,86.7067395337,15846299,0.0,1.0
2022-04-28 00:00:00+00:00,95.22,96.2,91.78,92.16,15176158,89.8978194512,90.8230438059,86.6500931446,87.0088536087,15176158,0.0,1.0
2022-04-29 00:00:00+00:00,92.93,95.59,92.77,93.18,10629321,87.7358156017,90.2471388504,87.5847585642,87.9718422228,10629321,0.0,1.0
2022-05-02 00:00:00+00:00,93.76,94.273,91.24,92.5,8251931,88.5194239838,89.0037506104,86.140275643,87.3298498134,8251931,0.0,1.0
2022-05-03 00:00:00+00:00,93.63,94.045,92.51,92.78,9511887,88.3966901409,88.7884943319,87.3392908783,87.5941996291,9511887,0.0,1.0
2022-05-04 00:00:00+00:00,95.99,96.07,91.915,93.91,8986605,90.6247814442,90.700309963,86.77754752,88.6610399565,8986605,0.0,1.0
2022-05-05 00:00:00+00:00,92.15,94.38,91.22,94.04,11517236,86.9994125438,89.1047700042,86.1213935133,88.7837737995,11517236,0.0,1.0
2022-05-06 00:00:00+00:00,91.63,92.88,90.27,91.4,7944884,86.5084771719,87.6886102775,85.224492353,86.2913326805,7944884,0.0,1.0
2022-05-09 00:00:00+00:00,87.3,90.19,87.01,89.94,11428619,82.4204960942,85.1489638343,82.1467052137,84.9129372132,11428619,0.0,1.0
2022-05-10 00:00:00+00:00,88.82,90.29,88.09,90.02,11690449,83.8555379506,85.2433744827,83.1663402169,84.9884657319,11690449,0.0,1.0
2022-05-11 00:00:00+00:00,87.83,90.57,87.8,88.87,11531266,82.9208725309,85.5077242984,82.8925493364,83.9027432748,11531266,0.0,1.0
2022-05-12 00:00:00+00:00,87.69,88.21,85.39,86.22,11592851,82.7886976231,83.279632995,80.6172527088,81.4008610909,11592851,0.0,1.0
2022-05-13 00:00:00+00:00,90.96,91.36,88.16,88.87,11180642,85.8759258273,86.2535684211,83.2324276708,83.9027432748,11180642,0.0,1.0
2022-05-16 00:00:00+00:00,90.41,91.37,89.5,89.87,6729129,85.3566672609,86.263009486,84.49753036,84.8468497593,6729129,0.0,1.0
2022-05-17 00:00:00+00:00,93.32,93.49,92.37,93.3,7668780,88.1040171307,88.264515233,87.2071159704,88.085135001,7668780,0.0,1.0
2022-05-18 00:00:00+00:00,90.53,93.23,90.37,92.07,9610923,85.469960039,88.0190475471,85.3189030015,86.9238840251,9610923,0.0,1.0
2022-05-19 00:00:00+00:00,90.21,92.1,89.5586,89.84,7738979,85.167845964,86.9522072196,84.552855,84.8185265647,7738979,0.0,1.0
2022-05-20 00:00:00+00:00,90.78,93.04,88.83,93.04,10469940,85.7059866601,87.839667315,83.8649790154,87.839667315,10469940,0.0,1.0
2022-05-23 00:00:00+00:00,91.5,91.91,90.65,91.02,6920473,86.3857433289,86.7728269876,85.5832528171,85.9325722164,6920473,0.0,1.0
2022-05-24 00:00:00+00:00,88.72,89.8,88.52,89.52,8788577,83.7611273021,84.7807623053,83.5723060052,84.5164124897,8788577,0.0,1.0
2022-05-25 00:00:00+00:00,90.41,90.92,89.04,89.33,9113503,85.3566672609,85.8381615679,84.0632413771,84.3370322576,9113503,0.0,1.0
2022-05-26 00:00:00+00:00,91.0,91.365,89.0378,89.41,9762724,85.9136900867,86.2582889535,84.0611643429,84.4125607764,9762724,0.0,1.0
2022-05-27 00:00:00+00:00,93.77,93.818,92.53,92.62,6279008,88.5288650487,88.5741821599,87.3581730079,87.4431425915,6279008,0.0,1.0
2022-05-31 00:00:00+00:00,95.3,96.29,94.51,95.54,9621699,89.9733479699,90.9080133895,89.2275038472,90.1999335262,9621699,0.0,1.0
2022-06-01 00:00:00+00:00,94.75,96.36,93.825,95.6,6152366,89.4540894035,90.9741008435,88.5807909053,90.2565799153,6152366,0.0,1.0
2022-06-02 00:00:00+00:00,96.34,96.37,93.6201,93.99,6334967,90.9552187138,90.9835419083,88.3873434867,88.7365684753,6334967,0.0,1.0
2022-06-03 00:00:00+00:00,93.77,94.5829,92.9,94.36,9137134,88.5288650487,89.2963292099,87.7074924072,89.0858878745,9137134,0.0,1.0
2022-06-06 00:00:00+00:00,93.11,95.54,92.865,95.0,9440246,87.9057547689,90.1999335262,87.6744486802,89.6901160246,9440246,0.0,1.0
2022-06-07 00:00:00+00:00,93.84,93.86,91.77,92.67,7360186,88.5949525026,88.6138346323,86.6406520797,87.4903479158,7360186,0.0,1.0
2022-06-08 00:00:00+00:00,93.47,94.9299,93.14,94.0,6446275,88.2456331033,89.62393416,87.9340779635,88.7460095401,6446275,0.0,1.0
2022-06-09 00:00:00+00:00,90.85,93.5,90.8,93.0,8091123,85.772074114,88.2739562979,85.7248687898,87.8019030556,8091123,0.0,1.0
2022-06-10 00:00:00+00:00,88.68,90.72,88.625,90.54,10463738,83.7233630427,85.6493402711,83.6714371861,85.4794011038,10463738,0.0,1.0
2022-06-13 00:00:00+00:00,85.55,86.83,85.015,86.06,14603691,80.7683097463,81.9767660465,80.2632127772,81.2498040534,14603691,0.0,1.0
2022-06-14 00:00:00+00:00,87.19,87.88,86.2899,86.74,10449553,82.3166443809,82.9680778552,81.4668541342,81.8917964629,10449553,0.0,1.0
2022-06-15 00:00:00+00:00,89.13,89.81,87.37,87.51,11742543,84.1482109607,84.7902033702,82.4865835481,82.6187584559,11742543,0.0,1.0
2022-06-16 00:00:00+00:00,84.52,85.93,83.99,85.22,10505195,80.2370506424,81.575600588,79.733907755,80.9015789842,10505195,0.467289,1.0
2022-06-17 00:00:00+00:00,85.0,85.6,83.95,85.0,9735491,80.6927272196,81.2623229412,79.6959347069,80.6927272196,9735491,0.0,1.0
2022-06-21 00:00:00+00:00,86.95,87.75,86.0,86.0,9603974,82.5439133146,83.3033742767,81.6420534222,81.6420534222,9603974,0.0,1.0
2022-06-22 00:00:00+00:00,84.91,86.1753,84.55,84.64,7873518,80.6072878614,81.8084703055,80.2655304284,80.3509697867,7873518,0.0,1.0
2022-06-23 00:00:00+00:00,84.12,84.23,82.755,84.13,10370298,79.8573201613,79.9617460436,78.5614898948,79.8668134234,10370298,0.0,1.0
2022-06-24 00:00:00+00:00,85.92,86.55,84.15,84.15,10670085,81.566107326,82.1641828336,79.8857999474,79.8857999474,10670085,0.0,1.0
2022-06-27 00:00:00+00:00,85.86,87.0,85.58,86.92,7358017,81.5091477538,82.5913796248,81.2433364171,82.5154335286,7358017,0.0,1.0
2022-06-28 00:00:00+00:00,84.34,86.81,84.34,86.15,8290894,80.0661719259,82.4110076463,80.0661719259,81.7844523526,8290894,0.0,1.0
2022-06-29 00:00:00+00:00,83.65,84.61,83.33,84.43,7981289,79.4111368461,80.3224900006,79.1073524613,80.1516112841,7981289,0.0,1.0
2022-06-30 00:00:00+00:00,81.75,82.22,80.12,81.46,14201624,77.6074170612,78.0536003764,76.060015351,77.3321124625,14201624,0.0,1.0
2022-07-01 00:00:00+00:00,77.0,79.22,76.18,79.04,19531696,73.0981175989,75.2056217687,72.3196701128,75.0347430522,19531696,0.0,1.0
2022-07-05 00:00:00+00:00,76.11,76.15,73.74,74.55,22270972,72.2532172786,72.2911903267,70.0033141785,70.7722684026,22270972,0.0,1.0
2022-07-06 00:00:00+00:00,75.56,76.3,73.78,74.29,11530526,71.7310878672,72.4335892571,70.0412872266,70.5254435899,11530526,0.0,1.0
2022-07-07 00:00:00+00:00,80.65,80.96,78.34,78.6,15847752,76.5631582384,76.8574493612,74.3702147104,74.6170395231,15847752,0.0,1.0
2022-07-08 00:00:00+00:00,81.51,82.16,79.76,79.92,10004173,77.3795787726,77.9966408043,75.7182579181,75.8701501105,10004173,0.0,1.0
2022-07-11 00:00:00+00:00,79.11,80.27,78.82,79.77,9527709,75.1011958864,76.2024142814,74.8258912876,75.7277511801,9527709,0.0,1.0
2022-07-12 00:00:00+00:00,79.1,81.48,78.93,81.16,10363671,75.0917026244,77.3510989865,74.9303171699,77.0473146017,10363671,0.0,1.0
2022-07-13 00:00:00+00:00,81.29,81.72,78.9,79.28,14706500,77.170727008,77.5789372751,74.9018373838,75.2625813408,14706500,0.0,1.0
2022-07-14 00:00:00+00:00,83.67,84.04,80.51,82.95,23377014,79.4301233702,79.7813740651,76.43025257,78.7466085043,23377014,0.0,1.0
2022-07-15 00:00:00+00:00,85.63,86.04,83.965,85.58,14061049,81.2908027272,81.6800264703,79.7101745999,81.2433364171,14061049,0.0,1.0
2022-07-18 00:00:00+00:00,83.58,86.08,83.37,86.06,11352457,79.3446840119,81.7179995184,79.1453255094,81.6990129943,11352457,0.0,1.0
2022-07-19 00:00:00+00:00,86.15,86.47,84.564,85.0,10673130,81.7844523526,82.0882367374,80.2788209953,80.6927272196,10673130,0.0,1.0
2022-07-20 00:00:00+00:00,86.56,86.752,85.11,85.18,11664797,82.1736760956,82.3559467265,80.7971531019,80.8636059361,11664797,0.0,1.0
2022-07-21 00:00:00+00:00,87.79,87.795,86.4,86.68,7134954,83.3413473248,83.3460939558,82.0217839032,82.2875952399,7134954,0.0,1.0
2022-07-22 00:00:00+00:00,86.32,87.73,85.8,87.41,8612137,81.945837807,83.2843877527,81.4521881817,82.9806033678,8612137,0.0,1.0
2022-07-25 00:00:00+00:00,86.3,86.7,85.63,86.3,5960949,81.926851283,82.306581764,81.2908027272,81.926851283,5960949,0.0,1.0
2022-07-26 00:00:00+00:00,84.42,85.2,83.845,84.76,6977686,80.1421180221,80.8825924601,79.5962554556,80.464888931,6977686,0.0,1.0
2022-07-27 00:00:00+00:00,87.63,87.9,85.31,85.31,9399496,83.1894551324,83.4457732071,80.9870183424,80.9870183424,9399496,0.0,1.0
2022-07-28 00:00:00+00:00,88.61,88.62,86.45,87.13,10668229,84.1197948109,84.129288073,82.0692502133,82.7147920311,10668229,0.0,1.0
2022-07-29 00:00:00+00:00,88.48,89.21,87.79,87.82,10366204,83.9963824046,84.6893905325,83.3413473248,83.3698271109,10366204,0.0,1.0
2022-08-01 00:00:00+00:00,86.31,86.89,84.3,85.3,20102613,81.936344545,82.4869537425,80.0281988778,80.9775250804,20102613,0.0,1.0
2022-08-02 00:00:00+00:00,86.05,87.51,84.17,84.52,15541623,81.6895197323,83.0755359881,79.9047864715,80.2370506424,15541623,0.0,1.0
2022-08-03 00:00:00+00:00,86.51,86.77,84.555,85.96,20779410,82.1262097855,82.3730345982,80.2702770595,81.6040803741,20779410,0.0,1.0
2022-08-04 00:00:00+00:00,88.42,88.42,86.62,87.0,13472519,83.9394228324,83.9394228324,82.2306356678,82.5913796248,13472519,0.0,1.0
2022-08-05 00:00:00+00:00,89.77,90.975,88.01,88.03,13293500,85.2210132059,86.36495128,83.5501990894,83.5691856134,13293500,0.0,1.0
2022-08-08 00:00:00+00:00,87.94,89.1,86.91,88.98,12122334,83.4837462552,84.5849646502,82.5059402665,84.4710455059,12122334,0.0,1.0
2022-08-09 00:00:00+00:00,85.21,87.14,84.44,86.94,13075014,80.8920857221,82.7242852931,80.1611045462,82.5344200526,13075014,0.0,1.0
2022-08-10 00:00:00+00:00,88.67,88.67,86.31,86.81,10704579,84.1767543831,84.1767543831,81.936344545,82.4110076463,10704579,0.0,1.0
2022-08-11 00:00:00+00:00,89.52,91.0,89.31,89.96,11158789,84.9836816553,86.3886844351,84.7843231527,85.4013851844,11158789,0.0,1.0
2022-08-12 00:00:00+00:00,90.86,91.35,89.64,89.68,12098828,86.2557787667,86.720948606,85.0976007996,85.1355738477,12098828,0.0,1.0
2022-08-15 00:00:00+00:00,91.57,91.94,90.0,90.01,15949516,86.9298003706,87.2810510655,85.4393582325,85.4488514945,15949516,0.0,1.0
2022-08-16 00:00:00+00:00,89.95,91.35,88.5681,91.14,10566123,85.3918919224,86.720948606,84.080018043,86.5215901035,10566123,0.0,1.0
2022-08-17 00:00:00+00:00,89.2,89.77,88.48,89.0,9093091,84.6798972705,85.2210132059,83.9963824046,84.4900320299,9093091,0.0,1.0
2022-08-18 00:00:00+00:00,89.27,89.67,88.415,88.71,10947701,84.7463501046,85.1260805857,83.9346762014,84.2147274312,10947701,0.0,1.0
2022-08-19 00:00:00+00:00,87.2,88.59,87.015,88.5,9602761,82.7812448653,84.1008082869,82.6056195178,84.0153689286,9602761,0.0,1.0
2022-08-22 00:00:00+00:00,85.24,86.03,84.94,85.41,8053958,80.9205655082,81.6705332083,80.6357676474,81.0819509627,8053958,0.0,1.0
2022-08-23 00:00:00+00:00,86.03,86.595,84.99,85.16,8462474,81.6705332083,82.2069025127,80.6832339576,80.844619412,8462474,0.0,1.0
2022-08-24 00:00:00+00:00,85.56,86.13,85.2,85.8,7085798,81.224349893,81.7654658285,80.8825924601,81.4521881817,7085798,0.0,1.0
2022-08-25 00:00:00+00:00,87.57,87.59,86.01,86.33,6602130,83.1324955602,83.1514820843,81.6515466842,81.955331069,6602130,0.0,1.0
2022-08-26 00:00:00+00:00,84.74,87.79,84.65,87.5,9381506,80.4459024069,83.3413473248,80.3604630487,83.0660427261,9381506,0.0,1.0
2022-08-29 00:00:00+00:00,82.85,84.32,82.78,83.91,9609997,78.651675884,80.0471854018,78.5852230499,79.6579616588,9609997,0.0,1.0
2022-08-30 00:00:00+00:00,82.79,83.98,81.73,83.78,8392293,78.5947163119,79.724414493,77.5884305372,79.5345492525,8392293,0.0,1.0
2022-08-31 00:00:00+00:00,83.35,84.87,83.0625,84.11,8887148,79.1263389853,80.5693148133,78.8534077021,79.8478268993,8887148,0.0,1.0
2022-09-01 00:00:00+00:00,81.64,81.83,80.12,81.45,11565973,77.5029911789,77.6833631574,76.060015351,77.3226192004,11565973,0.0,1.0
2022-09-02 00:00:00+00:00,80.9,82.98,80.61,81.55,8850116,76.800489789,78.7750882904,76.5251851903,77.4175518207,8850116,0.0,1.0
2022-09-06 00:00:00+00:00,80.03,81.03,79.52,81.03,12663563,75.9745759928,76.9239021953,75.4904196294,76.9239021953,12663563,0.0,1.0
2022-09-07 00:00:00+00:00,79.95,80.175,78.23,78.39,9843466,75.8986298966,76.1122282921,74.2657888281,74.4176810205,9843466,0.0,1.0
2022-09-08 00:00:00+00:00,80.24,80.735,78.77,79.01,8181692,76.1739344953,76.6438509656,74.7784249775,75.0062632661,8181692,0.0,1.0
2022-09-09 00:00:00+00:00,81.53,81.66,80.74,80.83,7086204,77.3985652966,77.521977703,76.6485975966,76.7340369548,7086204,0.0,1.0
2022-09-12 00:00:00+00:00,82.15,82.495,81.76,81.97,7903004,77.9871475422,78.3146650821,77.6169103232,77.8162688258,7903004,0.0,1.0
2022-09-13 00:00:00+00:00,78.81,81.14,78.515,80.42,12835062,74.8163980256,77.0283280776,74.5363467958,76.3448132118,12835062,0.0,1.0
2022-09-14 00:00:00+00:00,79.66,80.155,78.98,79.74,8849582,75.6233252978,76.0932417681,74.97778348,75.699271394,8849582,0.0,1.0
2022-09-15 00:00:00+00:00,77.98,79.25,77.67,78.58,10533054,74.4534915035,75.6660579848,74.1575107089,75.0263575577,10533054,0.447722,1.0
2022-09-16 00:00:00+00:00,77.89,78.0,76.92,77.11,10604536,74.3675615954,74.4725870387,73.4414281412,73.622835725,10604536,0.0,1.0
2022-09-19 00:00:00+00:00,78.23,78.23,76.545,76.55,10378599,74.6921856928,74.6921856928,73.0833868574,73.0881607412,10378599,0.0,1.0
2022-09-20 00:00:00+00:00,78.15,78.435,77.51,77.54,8202782,74.6158035522,74.8879149279,74.0047464278,74.0333897305,8202782,0.0,1.0
2022-09-21 00:00:00+00:00,77.14,79.31,77.14,77.58,10868995,73.6514790277,75.7233445902,73.6514790277,74.0715808008,10868995,0.0,1.0
2022-09-22 00:00:00+00:00,75.63,76.75,75.355,76.45,10810170,72.2097661248,73.2791160925,71.9472025167,72.9926830655,10810170,0.0,1.0
2022-09-23 00:00:00+00:00,73.87,74.39,73.09,74.3,12685532,70.5293590327,71.0258429462,69.7846331623,70.9399130381,12685532,0.0,1.0
2022-09-26 00:00:00+00:00,73.01,74.19,72.92,73.47,13441486,69.7082510217,70.8348875949,69.6223211136,70.1474483299,13441486,0.0,1.0
2022-09-27 00:00:00+00:00,73.03,74.04,72.35,73.51,12430577,69.7273465569,70.6916710813,69.0780983622,70.1856394002,12430577,0.0,1.0
2022-09-28 00:00:00+00:00,72.13,72.29,70.7,71.11,12943618,68.8680474756,69.0208117567,67.5027167133,67.8941751836,12943618,0.0,1.0
2022-09-29 00:00:00+00:00,69.28,70.68,68.48,70.52,16120328,66.1469337185,67.4836211781,65.3831123129,67.330856897,16120328,0.0,1.0
2022-09-30 00:00:00+00:00,68.56,69.65,67.74,67.81,10472365,65.4594944535,66.5002011185,64.6765775128,64.7434118858,10472365,0.0,1.0
2022-10-03 00:00:00+00:00,69.25,69.5675,67.65,68.08,11945087,66.1182904157,66.4214320361,64.5906476047,65.0012016102,11945087,0.0,1.0
2022-10-04 00:00:00+00:00,72.81,72.9294,70.72,70.8,14900686,69.5172956703,69.6312960151,67.5218122484,67.598194389,14900686,0.0,1.0
2022-10-05 00:00:00+00:00,74.48,74.91,72.58,72.92,14037149,71.1117728544,71.5223268598,69.2976970162,69.6223211136,14037149,0.0,1.0
2022-10-06 00:00:00+00:00,74.35,74.92,73.86,73.97,11796844,70.987651876,71.5318746274,70.5198112651,70.6248367083,11796844,0.0,1.0
2022-10-07 00:00:00+00:00,69.75,72.03,69.75,71.81,14758622,66.5956787942,68.7725697999,66.5956787942,68.5625189134,14758622,0.0,1.0
2022-10-10 00:00:00+00:00,67.44,69.88,67.01,69.85,16042221,64.3901444857,66.7197997726,63.9795904803,66.6911564699,16042221,0.0,1.0
2022-10-11 00:00:00+00:00,63.45,64.91,62.62,64.2,28699310,60.5805852257,61.9745592908,59.7881205175,61.2966677934,28699310,0.0,1.0
2022-10-12 00:00:00+00:00,64.11,64.23,63.365,63.6,16468679,61.2107378853,61.3253110961,60.4994292014,60.7238017392,16468679,0.0,1.0
2022-10-13 00:00:00+00:00,66.62,70.2,62.32,63.06,36639339,63.6072275451,67.0253283348,59.5016874904,60.2082222905,36639339,0.0,1.0
2022-10-14 00:00:00+00:00,63.92,67.45,63.78,67.26,19453090,61.0293303014,64.3996922533,60.8956615555,64.2182846695,19453090,0.0,1.0
2022-10-17 00:00:00+00:00,64.89,65.35,64.035,64.98,11280071,61.9554637556,62.3946610638,61.1391296285,62.0413936638,11280071,0.0,1.0
2022-10-18 00:00:00+00:00,63.71,66.11,62.78,65.9,16656129,60.8288271825,63.1202913991,59.9408847986,62.9197882801,16656129,0.0,1.0
2022-10-19 00:00:00+00:00,63.66,64.11,62.17,62.74,12385218,60.7810883446,61.2107378853,59.3584709769,59.9026937283,12385218,0.0,1.0
2022-10-20 00:00:00+00:00,63.58,65.275,63.38,63.75,11300915,60.7047062041,62.323052807,60.5137508527,60.8670182528,11300915,0.0,1.0
2022-10-21 00:00:00+00:00,63.75,63.78,62.02,62.02,13699010,60.8670182528,60.8956615555,59.2152544633,59.2152544633,13699010,0.0,1.0
2022-10-24 00:00:00+00:00,61.29,61.62,59.68,60.58,25010771,58.5182674308,58.8333437606,56.9810768522,57.8403759334,25010771,0.0,1.0
2022-10-25 00:00:00+00:00,61.14,61.36,59.51,59.96,21700580,58.3750509172,58.5851018038,56.8187648035,57.2484143441,21700580,0.0,1.0
2022-10-26 00:00:00+00:00,60.84,61.98,60.43,60.86,14048822,58.0886178902,59.177063393,57.6971594198,58.1077134253,14048822,0.0,1.0
2022-10-27 00:00:00+00:00,60.95,62.45,60.91,61.85,12937561,58.1936433334,59.6258084688,58.1554522632,59.0529424146,12937561,0.0,1.0
2022-10-28 00:00:00+00:00,62.01,62.03,60.07,60.77,11972333,59.2057066957,59.2248022309,57.3534397874,58.0217835172,11972333,0.0,1.0
2022-10-31 00:00:00+00:00,61.55,62.265,61.07,61.59,10802817,58.7665093876,59.4491747688,58.3082165443,58.8047004578,10802817,0.0,1.0
2022-11-01 00:00:00+00:00,61.58,63.43,61.58,63.26,11561899,58.7951526903,60.5614896906,58.7951526903,60.3991776419,11561899,0.0,1.0
2022-11-02 00:00:00+00:00,60.52,62.89,60.52,62.5,16552942,57.783089328,60.0459102418,57.783089328,59.6735473066,16552942,0.0,1.0
2022-11-03 00:00:00+00:00,60.28,60.89,59.43,60.0,11040914,57.5539429063,58.136356728,56.7423826629,57.2866054144,11040914,0.0,1.0
2022-11-04 00:00:00+00:00,62.48,62.5,61.02,61.51,12786052,59.6544517715,59.6735473066,58.2604777064,58.7283183173,12786052,0.0,1.0
2022-11-07 00:00:00+00:00,62.76,62.9264,61.9711,62.62,8507052,59.9217892634,60.0806641158,59.1685658799,59.7881205175,8507052,0.0,1.0
2022-11-08 00:00:00+00:00,65.02,65.75,64.22,64.37,14102799,62.079584734,62.7765717666,61.3157633285,61.458979842,14102799,0.0,1.0
2022-11-09 00:00:00+00:00,65.0,66.6,64.95,66.53,15086801,62.0604891989,63.5881320099,62.0127503611,63.521297637,15086801,0.0,1.0
2022-11-10 00:00:00+00:00,70.84,70.87,67.32,67.74,21367851,67.6363854592,67.6650287619,64.2755712749,64.6765775128,21367851,0.0,1.0
2022-11-11 00:00:00+00:00,73.83,74.6,72.38,72.74,15524662,70.4911679624,71.2263460652,69.1067416649,69.4504612974,15524662,0.0,1.0
2022-11-14 00:00:00+00:00,72.8,73.68,72.24,73.24,11575276,69.5077479028,70.3479514488,68.9730729189,69.9278496758,11575276,0.0,1.0
2022-11-15 00:00:00+00:00,80.46,82.93,80.01,81.92,48742400,76.8213378607,79.1796364502,76.3916883201,78.2153119257,48742400,0.0,1.0
2022-11-16 00:00:00+00:00,79.45,80.57,78.9,80.56,24006636,75.8570133362,76.9263633039,75.3318861199,76.9168155364,24006636,0.0,1.0
2022-11-17 00:00:00+00:00,81.48,82.94,78.69,79.3,24278444,77.7952101527,79.1891842178,75.1313830009,75.7137968227,24278444,0.0,1.0
2022-11-18 00:00:00+00:00,82.27,82.84,81.0,82.78,18578370,78.5494837907,79.0937065421,77.3369173094,79.0364199367,18578370,0.0,1.0
2022-11-21 00:00:00+00:00,79.93,81.03,79.465,80.81,18659710,76.3153061795,77.3655606121,75.8713349875,77.1555097256,18659710,0.0,1.0
2022-11-22 00:00:00+00:00,82.54,83.19,81.23,81.35,16504724,78.807273515,79.427878407,77.5565159635,77.6710891743,16504724,0.0,1.0
2022-11-23 00:00:00+00:00,81.97,82.945,81.73,82.44,14683777,78.2630507636,79.1939581016,78.0339043419,78.7117958393,14683777,0.0,1.0
2022-11-25 00:00:00+00:00,81.4,82.37,81.4,82.14,5908312,77.7188280122,78.6449614664,77.7188280122,78.4253628123,5908312,0.0,1.0
2022-11-28 00:00:00+00:00,79.22,81.08,78.89,80.27,13231081,75.6374146821,77.4132994499,75.3223383523,76.6399302769,13231081,0.0,1.0
2022-11-29 00:00:00+00:00,79.33,80.205,78.96,79.91,11502331,75.7424401254,76.5778697877,75.3891727253,76.2962106444,11502331,0.0,1.0
2022-11-30 00:00:00+00:00,82.98,83.43,80.47,80.63,21667259,79.2273752881,79.6570248287,76.8308856282,76.9836499093,21667259,0.0,1.0
2022-12-01 00:00:00+00:00,82.68,83.63,81.14,83.04,15975133,78.940942261,79.8479801801,77.4705860554,79.2846618935,15975133,0.0,1.0
2022-12-02 00:00:00+00:00,81.5,82.16,81.15,81.81,10519780,77.8143056878,78.4444583474,77.4801338229,78.1102864825,10519780,0.0,1.0
2022-12-05 00:00:00+00:00,81.62,82.1758,80.95,81.94,11523339,77.9288788987,78.4595438202,77.2891784716,78.2344074609,11523339,0.0,1.0
2022-12-06 00:00:00+00:00,79.56,81.44,79.16,81.4,13992139,75.9620387795,77.7570190824,75.5801280767,77.7188280122,13992139,0.0,1.0
2022-12-07 00:00:00+00:00,79.24,79.71,78.59,79.0,14925265,75.6565102172,76.105255293,75.0359053253,75.4273637956,14925265,0.0,1.0
2022-12-08 00:00:00+00:00,80.8,80.97,79.1,79.45,11197474,77.145961958,77.3082740067,75.5228414713,75.8570133362,11197474,0.0,1.0
2022-12-09 00:00:00+00:00,80.69,82.19,80.69,80.85,13787901,77.0409365148,78.4731016501,77.0409365148,77.1937007959,13787901,0.0,1.0
2022-12-12 00:00:00+00:00,80.43,80.43,78.8,79.79,11516597,76.792694558,76.792694558,75.2364084442,76.1816374335,11516597,0.0,1.0
2022-12-13 00:00:00+00:00,80.51,82.09,79.625,82.09,16938026,76.8690766985,78.3776239744,76.0240992687,78.3776239744,16938026,0.0,1.0
2022-12-14 00:00:00+00:00,80.02,81.51,79.5201,80.82,17909974,76.4012360876,77.8238534554,75.9239431869,77.1650574932,17909974,0.0,1.0
2022-12-15 00:00:00+00:00,77.61,79.21,77.39,79.21,17080157,74.5310938488,76.0676194274,74.3198215817,76.0676194274,17080157,0.451278,1.0
2022-12-16 00:00:00+00:00,76.3,78.06,76.23,77.61,11929136,73.2730635313,74.9632416678,73.2058405372,74.5310938488,11929136,0.0,1.0
2022-12-19 00:00:00+00:00,76.1,77.12,75.76,76.92,12561296,73.0809978339,74.0605328903,72.7544861485,73.868467193,12561296,0.0,1.0
2022-12-20 00:00:00+00:00,75.62,76.2,74.9,75.11,12080590,72.6200401604,73.1770306826,71.92860365,72.1302726322,12080590,0.0,1.0
2022-12-21 00:00:00+00:00,77.14,77.42,75.77,75.86,10806100,74.0797394601,74.3486314363,72.7640894334,72.8505189972,10806100,0.0,1.0
2022-12-22 00:00:00+00:00,75.28,76.43,74.015,76.28,13019652,72.2935284749,73.3979062345,71.0787129393,73.2538569615,13019652,0.0,1.0
2022-12-23 00:00:00+00:00,74.89,75.3534,74.17,74.89,7452602,71.9190003651,72.3640165858,71.2275638547,71.9190003651,7452602,0.0,1.0
2022-12-27 00:00:00+00:00,74.32,74.74,74.16,74.33,8974797,71.3716131277,71.7749510921,71.2179605699,71.3812164126,8974797,0.0,1.0
2022-12-28 00:00:00+00:00,73.06,74.545,72.84,74.19,10275692,70.1615992345,71.5876870372,69.9503269675,71.2467704244,10275692,0.0,1.0
2022-12-29 00:00:00+00:00,76.0,76.0399,74.15,74.35,11142511,72.9849649853,73.0232820919,71.208357285,71.4004229823,11142511,0.0,1.0
2022-12-30 00:00:00+00:00,74.49,74.57,73.65,74.29,7784126,71.5348689704,71.6116952494,70.7281930417,71.3428032731,7784126,0.0,1.0
2023-01-03 00:00:00+00:00,74.03,75.97,73.77,75.85,9276191,71.0931178666,72.9561551307,70.8434324601,72.8409157123,9276191,0.0,1.0
2023-01-04 00:00:00+00:00,76.32,76.61,74.47,74.99,12316386,73.292270101,73.5707653621,71.5156624007,72.0150332138,12316386,0.0,1.0
2023-01-05 00:00:00+00:00,75.73,76.44,75.34,76.0,10039194,72.7256762939,73.4075095194,72.3511481841,72.9849649853,10039194,0.0,1.0
2023-01-06 00:00:00+00:00,78.07,78.739,76.15,76.5,13744129,74.9728449526,75.6153047102,73.1290142583,73.4651292286,13744129,0.0,1.0
2023-01-09 00:00:00+00:00,80.31,81.215,80.055,80.56,22247607,77.1239807627,77.9930780432,76.8790969986,77.3640628844,22247607,0.0,1.0
2023-01-10 00:00:00+00:00,81.27,81.58,80.46,80.51,10269011,78.0458961099,78.3435979408,77.2680300357,77.3160464601,10269011,0.0,1.0
2023-01-11 00:00:00+00:00,81.78,81.89,80.625,81.57,11771417,78.5356636381,78.6412997716,77.426484236,78.3339946559,11771417,0.0,1.0
2023-01-12 00:00:00+00:00,87.0,88.8335,84.42,84.96,36086750,83.5485783384,85.3093406187,81.0709308429,81.5895082257,36086750,0.0,1.0
2023-01-13 00:00:00+00:00,86.8,87.1,84.9,85.41,18719894,83.3565126411,83.6446111871,81.5318885165,82.0216560446,18719894,0.0,1.0
2023-01-17 00:00:00+00:00,88.99,89.73,86.16,86.22,21849956,85.4596320268,86.170275107,82.7419024096,82.7995221188,21849956,0.0,1.0
2023-01-18 00:00:00+00:00,89.47,91.22,89.36,90.48,19209828,85.9205897004,87.6011645521,85.8149535669,86.890521472,19209828,0.0,1.0
2023-01-19 00:00:00+00:00,88.4,90.01,88.26,89.03,13651099,84.8930382197,86.4391670832,84.7585922316,85.4980451663,13651099,0.0,1.0
2023-01-20 00:00:00+00:00,91.03,91.03,89.2,90.0,14287246,87.4187021396,87.4187021396,85.661301009,86.4295637984,14287246,0.0,1.0
2023-01-23 00:00:00+00:00,95.66,95.73,91.72,91.76,22875100,91.8650230328,91.9322460269,88.0813287954,88.1197419349,22875100,0.0,1.0
2023-01-24 00:00:00+00:00,94.56,98.0,91.55,95.79,11370500,90.8086616975,94.1121916915,87.9180729527,91.9898657361,11370500,0.0,1.0
2023-01-25 00:00:00+00:00,92.41,93.0,91.12,92.68,14147280,88.7439554512,89.3105492583,87.5051317034,89.0032441426,14147280,0.0,1.0
2023-01-26 00:00:00+00:00,93.45,94.28,92.64,93.89,15759412,89.7426970773,90.5397697212,88.9648310031,90.1652416114,15759412,0.0,1.0
2023-01-27 00:00:00+00:00,93.3,94.1202,92.24,92.82,13646559,89.5986478043,90.3863092291,88.5806996085,89.1376901307,13646559,0.0,1.0
2023-01-30 00:00:00+00:00,93.13,94.25,92.58,92.85,14079798,89.4353919616,90.5109598666,88.9072112939,89.1664999853,14079798,0.0,1.0
2023-01-31 00:00:00+00:00,92.73,92.76,90.0,91.0,13342098,89.0512605669,89.0800704215,86.4295637984,87.389892285,13342098,0.0,1.0
2023-02-01 00:00:00+00:00,94.74,95.77,92.57,93.0,16788486,90.9815208251,91.9706591663,88.897608009,89.3105492583,16788486,0.0,1.0
2023-02-02 00:00:00+00:00,96.65,97.5,95.84,96.6,14925277,92.8157482346,93.6320274482,92.0378821604,92.7677318102,14925277,0.0,1.0
2023-02-03 00:00:00+00:00,94.66,96.95,94.31,95.04,12242178,90.9046945461,93.1038467806,90.5685795758,91.2696193711,12242178,0.0,1.0
2023-02-06 00:00:00+00:00,91.83,92.05,90.735,91.8,12425241,88.1869649289,88.398237196,87.135405236,88.1581550743,12425241,0.0,1.0
2023-02-07 00:00:00+00:00,94.55,94.7,91.68,91.78,15258858,90.7990584126,90.9431076856,88.0429156559,88.1389485046,15258858,0.0,1.0
2023-02-08 00:00:00+00:00,94.28,95.94,94.23,95.02,12899724,90.5397697212,92.1339150091,90.4917532969,91.2504128013,12899724,0.0,1.0
2023-02-09 00:00:00+00:00,96.69,98.565,95.62,96.0,16997355,92.854161374,94.6547772865,91.8266098933,92.1915347183,16997355,0.0,1.0
2023-02-10 00:00:00+00:00,95.37,96.5,94.25,95.95,11511442,91.5865277717,92.6716989616,90.5109598666,92.1435182939,11511442,0.0,1.0
2023-02-13 00:00:00+00:00,96.11,96.39,94.91,95.47,7803456,92.2971708518,92.566062828,91.1447766678,91.6825606203,7803456,0.0,1.0
2023-02-14 00:00:00+00:00,97.96,98.99,95.22,95.82,15345050,94.0737785521,95.0629168933,91.4424784987,92.0186755907,15345050,0.0,1.0
2023-02-15 00:00:00+00:00,92.76,93.6799,90.77,92.33,30752027,89.0800704215,89.9634765964,87.1690167331,88.6671291723,30752027,0.0,1.0
2023-02-16 00:00:00+00:00,90.82,91.79,89.88,90.98,15568426,87.2170331574,88.1485517895,86.31432438,87.3706857153,15568426,0.0,1.0
2023-02-17 00:00:00+00:00,90.1,90.3,88.94,89.97,11235272,86.525596647,86.7176623444,85.4116156025,86.4007539438,11235272,0.0,1.0
2023-02-21 00:00:00+00:00,87.64,89.42,87.475,88.38,14007605,84.1631885699,85.8725732761,84.0047343696,84.87383165,14007605,0.0,1.0
2023-02-22 00:00:00+00:00,86.83,88.09,86.66,87.75,10106384,83.3853224957,84.5953363889,83.222066653,84.2688247034,10106384,0.0,1.0
2023-02-23 00:00:00+00:00,90.08,91.99,89.46,90.3,15468324,86.5063900773,88.3406174868,85.9109864156,86.7176623444,15468324,0.0,1.0
2023-02-24 00:00:00+00:00,88.11,88.145,87.24,88.09,8817618,84.6145429586,84.6481544556,83.7790571752,84.5953363889,8817618,0.0,1.0
2023-02-27 00:00:00+00:00,87.3,88.85,87.235,88.7,10609435,83.8366768844,85.3251860387,83.7742555328,85.1811367657,10609435,0.0,1.0
2023-02-28 00:00:00+00:00,87.07,88.145,86.9,87.14,7520449,83.6158013325,84.6481544556,83.4525454898,83.6830243265,7520449,0.0,1.0
2023-03-01 00:00:00+00:00,88.42,90.04,88.265,89.04,8176749,84.9122447895,86.4679769378,84.763393874,85.5076484512,8176749,0.0,1.0
2023-03-02 00:00:00+00:00,89.03,89.34,87.12,87.64,9776757,85.4980451663,85.7957469972,83.6638177568,84.1631885699,9776757,0.0,1.0
2023-03-03 00:00:00+00:00,89.79,89.85,87.88,88.67,10844048,86.2278948162,86.2855145254,84.3936674067,85.1523269111,10844048,0.0,1.0
2023-03-06 00:00:00+00:00,89.58,91.33,89.505,90.075,9959998,86.026225834,87.7068006856,85.9542011975,86.5015884349,9959998,0.0,1.0
2023-03-07 00:00:00+00:00,88.85,90.24,88.3,89.95,8761066,85.3251860387,86.6600426352,84.7970053711,86.381547374,8761066,0.0,1.0
2023-03-08 00:00:00+00:00,90.83,90.84,88.14,88.345,8813034,87.2266364423,87.2362397271,84.6433528132,84.840220153,8813034,0.0,1.0
2023-03-09 00:00:00+00:00,88.88,90.69,88.5732,89.705,10354665,85.3539958933,87.0921904541,85.0593671136,86.1462668948,10354665,0.0,1.0
2023-03-10 00:00:00+00:00,87.25,89.17,87.2,88.03,11928804,83.7886604601,85.6324911544,83.7406440357,84.5377166797,11928804,0.0,1.0
2023-03-13 00:00:00+00:00,87.74,89.0,86.31,86.38,11847587,84.2592214185,85.4692353117,82.8859516826,82.9531746767,11847587,0.0,1.0
2023-03-14 00:00:00+00:00,89.29,89.625,87.71,88.03,11100110,85.7477305728,86.0694406159,84.2304115639,84.5377166797,11100110,0.0,1.0
2023-03-15 00:00:00+00:00,86.7,87.24,85.44,87.2,12171472,83.2604797924,83.7790571752,82.0504658992,83.7406440357,12171472,0.0,1.0
2023-03-16 00:00:00+00:00,89.3,89.47,85.82,85.95,13188257,86.1883187189,86.3523950255,82.8295802067,82.9550503235,13188257,0.448789,1.0
2023-03-17 00:00:00+00:00,89.47,90.03,89.0,89.06,13287742,86.3523950255,86.8928816827,85.8987722954,85.9566815801,13287742,0.0,1.0
2023-03-20 00:00:00+00:00,90.04,90.37,88.6605,89.21,8217489,86.9025332301,87.2210342959,85.5711022595,86.1014547919,8217489,0.0,1.0
2023-03-21 00:00:00+00:00,92.5,93.0,90.8,91.0,12299684,89.2768139026,89.759391275,87.6360508362,87.8290817852,12299684,0.0,1.0
2023-03-22 00:00:00+00:00,92.62,95.03,92.54,93.5,12812373,89.3926324719,91.7186554071,89.3154200924,90.2419686475,12812373,0.0,1.0
2023-03-23 00:00:00+00:00,94.59,95.82,93.43,94.49,11169698,91.2939873194,92.4811276556,90.1744078153,91.1974718449,11169698,0.0,1.0
2023-03-24 00:00:00+00:00,92.79,94.18,92.09,93.95,7655139,89.5567087786,90.898273874,88.8811004572,90.6762882827,7655139,0.0,1.0
2023-03-27 00:00:00+00:00,90.66,92.18,90.55,92.04,9349773,87.500929172,88.9679643842,87.39476215,88.8328427199,9349773,0.0,1.0
2023-03-28 00:00:00+00:00,90.81,90.87,89.9229,90.66,7521266,87.6457023837,87.7036116684,86.7895136095,87.500929172,7521266,0.0,1.0
2023-03-29 00:00:00+00:00,92.76,93.215,91.45,91.76,9264041,89.5277541362,89.9668995452,88.2634014204,88.5625993913,9264041,0.0,1.0
2023-03-30 00:00:00+00:00,92.47,93.52,92.03,93.35,10232790,89.2478592602,90.2612717423,88.8231911725,90.0971954357,10232790,0.0,1.0
2023-03-31 00:00:00+00:00,93.02,93.26,91.13,91.24,8701770,89.7786943699,90.0103315087,87.9545519021,88.060718924,8701770,0.0,1.0
2023-04-03 00:00:00+00:00,92.84,93.5999,91.71,93.01,6863562,89.6049665158,90.3383876065,88.5143416541,89.7690428225,6863562,0.0,1.0
2023-04-04 00:00:00+00:00,92.17,93.28,91.72,93.04,6338442,88.9583128367,90.0296346036,88.5239932015,89.7979974648,6338442,0.0,1.0
2023-04-05 00:00:00+00:00,90.2,92.18,89.045,91.6,9171762,87.0569579893,88.9679643842,85.942204259,88.4081746322,9171762,0.0,1.0
2023-04-06 00:00:00+00:00,90.24,90.91,89.4,89.66,5874515,87.0955641791,87.7422178582,86.2848341934,86.5357744271,5874515,0.0,1.0
2023-04-10 00:00:00+00:00,89.02,89.03,86.47,88.415,12232876,85.9180753903,85.9277269378,83.4569307909,85.3341567697,12232876,0.0,1.0
2023-04-11 00:00:00+00:00,89.24,89.84,88.465,88.64,11079168,86.1304094342,86.7095022811,85.3824145069,85.5513165873,11079168,0.0,1.0
2023-04-12 00:00:00+00:00,86.87,89.5,86.86,88.91,11299106,83.8429926888,86.3813496679,83.8333411414,85.8119083684,11299106,0.0,1.0
2023-04-13 00:00:00+00:00,87.05,87.625,85.97,86.56,7910506,84.0167205429,84.5716845212,82.9743534184,83.5437947179,7910506,0.0,1.0
2023-04-14 00:00:00+00:00,87.2,88.37,86.54,87.95,7656385,84.1614937546,85.2907248062,83.524491623,84.8853598133,7656385,0.0,1.0
2023-04-17 00:00:00+00:00,87.99,88.05,87.16,87.75,7558584,84.9239660031,84.9818752878,84.1228875648,84.6923288643,7558584,0.0,1.0
2023-04-18 00:00:00+00:00,88.14,88.4,87.495,88.2,8468232,85.0687392148,85.3196794485,84.4462144044,85.1266484995,8468232,0.0,1.0
2023-04-19 00:00:00+00:00,87.23,87.38,86.04,86.23,11191264,84.190448397,84.3352216087,83.0419142506,83.2252936521,11191264,0.0,1.0
2023-04-20 00:00:00+00:00,89.29,91.8765,88.1,88.32,19206258,86.1786671715,88.6750399191,85.030133025,85.2424670689,19206258,0.0,1.0
2023-04-21 00:00:00+00:00,85.37,87.91,85.28,87.78,13175396,82.3952605715,84.8467536235,82.3083966444,84.7212835067,13175396,0.0,1.0
2023-04-24 00:00:00+00:00,84.64,85.96,83.99,85.4,10567552,81.6906976077,82.964701871,81.0633470235,82.4242152138,10567552,0.0,1.0
2023-04-25 00:00:00+00:00,82.29,83.4,82.26,83.27,13423692,79.4225839572,80.493905724,79.3936293149,80.3684356072,13423692,0.0,1.0
2023-04-26 00:00:00+00:00,82.25,82.38,81.21,82.24,11260992,79.3839777674,79.5094478842,78.3802168327,79.37432622,11260992,0.0,1.0
2023-04-27 00:00:00+00:00,83.67,83.86,82.16,82.9,10013661,80.7544975052,80.9378769067,79.2971138404,80.0113283516,10013661,0.0,1.0
2023-04-28 00:00:00+00:00,84.3,84.51,83.7213,84.48,8262599,81.3625449944,81.5652274909,80.8040099436,81.5362728485,8262599,0.0,1.0
2023-05-01 00:00:00+00:00,83.98,84.69,83.9,84.3,4931139,81.0536954761,81.7389553449,80.9764830965,81.3625449944,4931139,0.0,1.0
2023-05-02 00:00:00+00:00,82.96,84.05,82.55,83.5,6874978,80.0692376363,81.1212563082,79.6735241909,80.5904211985,6874978,0.0,1.0
2023-05-03 00:00:00+00:00,82.7,83.76,82.4414,82.62,7151630,79.8182974026,80.8413614322,79.5687083856,79.741085023,7151630,0.0,1.0
2023-05-04 00:00:00+00:00,83.49,83.76,82.64,83.0,7290557,80.5807696511,80.8413614322,79.7603881179,80.1078438261,7290557,0.0,1.0
2023-05-05 00:00:00+00:00,84.97,85.57,83.745,84.3,6865003,82.0091986735,82.5882915205,80.826884111,81.3625449944,6865003,0.0,1.0
2023-05-08 00:00:00+00:00,85.54,85.54,84.41,84.5,6746640,82.5593368781,82.5593368781,81.4687120164,81.5555759434,6746640,0.0,1.0
2023-05-09 00:00:00+00:00,85.06,85.48,84.3,85.25,7287804,82.0960626006,82.5014275934,81.3625449944,82.2794420021,7287804,0.0,1.0
2023-05-10 00:00:00+00:00,84.9,85.145,84.17,84.51,7442294,81.9416378414,82.1781007539,81.2370748776,81.5652274909,7442294,0.0,1.0
2023-05-11 00:00:00+00:00,83.43,84.14,82.525,84.14,8730884,80.5228603664,81.2081202353,79.6493953223,81.2081202353,8730884,0.0,1.0
2023-05-12 00:00:00+00:00,83.43,83.93,82.945,83.38,5069826,80.5228603664,81.0054377388,80.0547603151,80.4746026291,5069826,0.0,1.0
2023-05-15 00:00:00+00:00,85.66,85.67,83.225,83.33,8707286,82.6751554475,82.6848069949,80.3250036437,80.4263448919,8707286,0.0,1.0
2023-05-16 00:00:00+00:00,85.88,86.75,85.59,85.69,11286533,82.8874894914,83.7271741194,82.6075946154,82.7041100898,11286533,0.0,1.0
2023-05-17 00:00:00+00:00,90.88,91.8,88.06,88.3,23215574,87.7132632158,88.6012055811,84.9915268352,85.223163974,23215574,0.0,1.0
2023-05-18 00:00:00+00:00,92.65,93.4,91.07,91.25,14879044,89.4215871143,90.145453173,87.8966426174,88.0703704714,14879044,0.0,1.0
2023-05-19 00:00:00+00:00,92.58,92.785,91.56,92.13,9295245,89.3540262821,89.5518830049,88.3695684424,88.9197066469,9295245,0.0,1.0
2023-05-22 00:00:00+00:00,91.72,92.44,91.195,92.07,9259822,88.5239932015,89.2189046179,88.0172869605,88.8617973623,9259822,0.0,1.0
2023-05-23 00:00:00+00:00,90.44,91.335,90.33,91.0,7656686,87.2885951281,88.1524086248,87.1824281061,87.8290817852,7656686,0.0,1.0
2023-05-24 00:00:00+00:00,90.13,90.15,89.18,89.28,9443880,86.9893971572,87.0087002521,86.0725001495,86.169015624,9443880,0.0,1.0
2023-05-25 00:00:00+00:00,100.95,102.37,96.98,97.06,60793166,97.4323714969,98.8028912346,93.6007071597,93.6779195393,60793166,0.0,1.0
2023-05-26 00:00:00+00:00,103.21,104.44,100.73,100.85,26135846,99.6136212204,100.8007615566,97.220037453,97.3358560224,26135846,0.0,1.0
2023-05-30 00:00:00+00:00,101.98,105.24,101.525,103.79,25247959,98.4264808841,101.5728853525,97.9873354752,100.1734109724,25247959,0.0,1.0
2023-05-31 00:00:00+00:00,98.59,99.98,98.06,99.73,21995480,95.154606299,96.4961713944,94.6430742842,96.2548827081,21995480,0.0,1.0
2023-06-01 00:00:00+00:00,98.84,100.59,98.6,98.68,14998514,95.3958949852,97.0849157887,95.1642578464,95.241470226,14998514,0.0,1.0
2023-06-02 00:00:00+00:00,98.94,101.3,98.62,101.25,13085123,95.4924104597,97.7701756576,95.1835609413,97.7219179204,13085123,0.0,1.0
2023-06-05 00:00:00+00:00,98.05,98.81,94.2475,98.01,10568514,94.6334227367,95.3669403428,90.9634218193,94.5948165469,10568514,0.0,1.0
2023-06-06 00:00:00+00:00,99.82,100.6,97.42,97.61,13827603,96.3417466352,97.0945673362,94.0253752474,94.208754649,13827603,0.0,1.0
2023-06-07 00:00:00+00:00,100.29,103.02,99.54,101.38,14367514,96.7953693653,99.4302418188,96.0715033066,97.8473880372,14367514,0.0,1.0
2023-06-08 00:00:00+00:00,99.94,100.7,98.625,98.99,9081050,96.4575652046,97.1910828107,95.188386715,95.5406681969,9081050,0.0,1.0
2023-06-09 00:00:00+00:00,102.8,104.68,102.25,102.7,14906100,99.217907775,101.0323986953,98.6870726653,99.1213923005,14906100,0.0,1.0
2023-06-12 00:00:00+00:00,107.06,107.39,104.31,104.34,20578756,103.3294669882,103.647968054,100.6752914397,100.7042460821,20578756,0.0,1.0
2023-06-13 00:00:00+00:00,106.8,110.69,106.74,110.0,17858602,103.0785267545,106.8329787122,103.0206174698,106.1670219382,17858602,0.0,1.0
2023-06-14 00:00:00+00:00,107.41,107.7,105.22,106.03,12862629,103.6672711489,103.9471660249,101.5535822576,102.335357601,12862629,0.0,1.0
2023-06-15 00:00:00+00:00,105.18,106.66,105.07,106.27,11987940,101.9469281784,103.3814352492,101.8403094096,103.0034232508,11987940,0.447547,1.0
2023-06-16 00:00:00+00:00,104.57,105.7451,104.35,105.43,11430776,101.3556786425,102.4946578714,101.1424411049,102.189243562,11430776,0.0,1.0
2023-06-20 00:00:00+00:00,103.98,104.88,103.07,104.18,9302357,100.7838143372,101.6561497181,99.901786341,100.9776666441,9302357,0.0,1.0
2023-06-21 00:00:00+00:00,101.64,103.73,101.6175,103.15,9340383,98.515742347,100.5414989537,98.4939339624,99.9793272638,9340383,0.0,1.0
2023-06-22 00:00:00+00:00,103.13,103.425,101.33,101.42,8581952,99.9599420331,100.2458741857,98.2152712713,98.3025048094,8581952,0.0,1.0
2023-06-23 00:00:00+00:00,101.91,102.19,101.005,101.52,8919044,98.7774429612,99.0488361908,97.9002612727,98.3994309628,8919044,0.0,1.0
2023-06-26 00:00:00+00:00,100.11,103.035,100.09,102.02,8560047,97.0327721995,99.8678621873,97.0133869688,98.88406173,8560047,0.0,1.0
2023-06-27 00:00:00+00:00,102.08,102.79,100.02,101.15,9732034,98.9422174221,99.6303931114,96.9455386614,98.0408041952,9732034,0.0,1.0
2023-06-28 00:00:00+00:00,100.92,101.88,100.2196,100.5,8160885,97.8178740423,98.7483651152,97.1390032636,97.4107841979,8160885,0.0,1.0
2023-06-29 00:00:00+00:00,100.64,101.52,100.02,101.34,7383942,97.5464808127,98.3994309628,96.9455386614,98.2249638867,7383942,0.0,1.0
2023-06-30 00:00:00+00:00,100.92,101.89,100.405,101.4,11704648,97.8178740423,98.7580577305,97.3187043521,98.2831195787,11704648,0.0,1.0
2023-07-03 00:00:00+00:00,103.15,103.6808,102.07,102.25,5638381,99.9793272638,100.4938112862,98.9325248067,99.1069918829,5638381,0.0,1.0
2023-07-05 00:00:00+00:00,100.99,103.09,100.96,101.4,9014765,97.8857223497,99.9211715717,97.8566445036,98.2831195787,9014765,0.0,1.0
2023-07-06 00:00:00+00:00,99.41,99.56,98.6,99.1,9143570,96.3542891255,96.4996783556,95.5691872827,96.0538180498,9143570,0.0,1.0
2023-07-07 00:00:00+00:00,100.23,101.94,99.0,99.08,8036622,97.1490835836,98.8065208073,95.9568918964,96.0344328191,8036622,0.0,1.0
2023-07-10 00:00:00+00:00,99.77,100.75,99.4,100.25,8041648,96.7032232778,97.6530995814,96.3445965101,97.1684688143,8041648,0.0,1.0
2023-07-11 00:00:00+00:00,101.26,102.33,100.14,102.33,7684553,98.1474229639,99.1845328056,97.0618500455,99.1845328056,7684553,0.0,1.0
2023-07-12 00:00:00+00:00,103.9,104.425,102.76,102.83,10202026,100.7062734145,101.21513572,99.6013152654,99.6691635728,10202026,0.0,1.0
2023-07-13 00:00:00+00:00,105.57,105.645,102.52,105.0,9265863,102.3249401768,102.3976347919,99.3686924972,101.7724611022,9265863,0.0,1.0
2023-07-14 00:00:00+00:00,105.14,107.295,104.86,106.0,9518336,101.908157717,103.9969163235,101.6367644874,102.7417226365,9518336,0.0,1.0
2023-07-17 00:00:00+00:00,104.79,105.025,102.59,104.68,10729126,101.56891618,101.7966926406,99.4365408046,101.4622974113,10729126,0.0,1.0
2023-07-18 00:00:00+00:00,103.15,103.73,102.01,103.69,10355352,99.9793272638,100.5414989537,98.8743691147,100.5027284923,10355352,0.0,1.0
2023-07-19 00:00:00+00:00,103.06,104.79,102.57,103.9,11204828,99.8920937257,101.56891618,99.4171555739,100.7062734145,11204828,0.0,1.0
2023-07-20 00:00:00+00:00,97.86,100.45,97.05,98.55,22810237,94.8519337473,97.3623211211,94.0668319045,95.520724206,22810237,0.0,1.0
2023-07-21 00:00:00+00:00,97.25,97.99,96.332,97.88,15381226,94.2606842114,94.9779377467,93.3709021229,94.871318978,15381226,0.0,1.0
2023-07-24 00:00:00+00:00,98.25,98.265,96.78,97.27,9054912,95.2299457457,95.2444846687,93.8051312902,94.280069442,9054912,0.0,1.0
2023-07-25 00:00:00+00:00,100.32,100.89,99.11,99.515,9202222,97.2363171217,97.7887961962,96.0635106652,96.4560615866,9202222,0.0,1.0
2023-07-26 00:00:00+00:00,99.41,100.13,98.57,99.49,8993547,96.3542891255,97.0521574302,95.5401094366,96.4318300482,8993547,0.0,1.0
2023-07-27 00:00:00+00:00,99.35,101.76,98.905,101.5,8049784,96.2961334334,98.6320537311,95.8648120506,98.3800457322,8049784,0.0,1.0
2023-07-28 00:00:00+00:00,100.86,100.99,99.78,100.11,6766298,97.7597183502,97.8857223497,96.7129158932,97.0327721995,6766298,0.0,1.0
2023-07-31 00:00:00+00:00,99.15,99.78,98.42,99.18,8654145,96.1022811265,96.7129158932,95.3947202065,96.1313589726,8654145,0.0,1.0
2023-08-01 00:00:00+00:00,98.4,99.19,98.085,99.14,6439692,95.3753349758,96.1410515879,95.0700175925,96.0925885112,6439692,0.0,1.0
2023-08-02 00:00:00+00:00,95.7,97.5,95.21,97.5,9827891,92.7583288332,94.5029995949,92.2833906814,94.5029995949,9827891,0.0,1.0
2023-08-03 00:00:00+00:00,94.98,95.805,94.575,94.84,8603707,92.0604605285,92.8601012943,91.6679096071,91.9247639137,8603707,0.0,1.0
2023-08-04 00:00:00+00:00,96.16,97.58,95.13,95.28,7562649,93.204189139,94.5805405177,92.2058497586,92.3512389888,7562649,0.0,1.0
2023-08-07 00:00:00+00:00,96.35,96.94,95.225,96.73,6601403,93.3883488305,93.9602131357,92.2979296044,93.7566682135,6601403,0.0,1.0
2023-08-08 00:00:00+00:00,94.49,94.9,93.67,94.88,7659012,91.5855223767,91.9829196057,90.7907279185,91.963534375,7659012,0.0,1.0
2023-08-09 00:00:00+00:00,93.98,95.85,93.71,95.83,6426862,91.0911989942,92.9037180633,90.8294983799,92.8843328326,6426862,0.0,1.0
2023-08-10 00:00:00+00:00,94.8,95.97,94.28,95.45,7459584,91.8859934523,93.0200294474,91.3819774545,92.5160134496,7459584,0.0,1.0
2023-08-11 00:00:00+00:00,91.99,93.5,91.97,93.5,10658398,89.1623685409,90.6259534577,89.1429833102,90.6259534577,10658398,0.0,1.0
2023-08-14 00:00:00+00:00,93.07,93.29,91.3,91.69,7489675,90.209170998,90.4224085355,88.4935780822,88.8715900806,7489675,0.0,1.0
2023-08-15 00:00:00+00:00,91.68,92.71,91.49,92.52,6069500,88.8618974653,89.8602368456,88.6777377737,89.6760771541,6069500,0.0,1.0
2023-08-16 00:00:00+00:00,91.78,92.715,91.32,91.44,7439502,88.9588236187,89.8650831533,88.5129633129,88.629274697,7439502,0.0,1.0
2023-08-17 00:00:00+00:00,91.64,92.92,91.35,92.92,7712486,88.8231270039,90.0637817678,88.5420411589,90.0637817678,7712486,0.0,1.0
2023-08-18 00:00:00+00:00,91.1,91.33,89.56,90.07,9066167,88.2997257754,88.5226559283,86.8070630125,87.301386395,9066167,0.0,1.0
2023-08-21 00:00:00+00:00,92.56,92.905,90.5,90.5,8618303,89.7148476155,90.0492428448,87.7181688548,87.7181688548,8618303,0.0,1.0
2023-08-22 00:00:00+00:00,92.24,93.49,91.805,93.35,7060063,89.4046839245,90.6162608424,88.9830551571,90.4805642276,7060063,0.0,1.0
2023-08-23 00:00:00+00:00,94.22,95.095,93.24,93.79,10362581,91.3238217624,92.1719256049,90.3739454588,90.9070393027,10362581,0.0,1.0
2023-08-24 00:00:00+00:00,92.53,96.78,92.47,96.53,12254419,89.6857697694,93.8051312902,89.6276140774,93.5628159067,12254419,0.0,1.0
2023-08-25 00:00:00+00:00,93.1,93.41,91.405,92.25,10355952,90.238248844,90.5387199196,88.5953505433,89.4143765398,10355952,0.0,1.0
2023-08-28 00:00:00+00:00,94.0,94.15,93.2484,93.82,5174779,91.1105842249,91.255973455,90.3820872557,90.9361171487,5174779,0.0,1.0
2023-08-29 00:00:00+00:00,95.08,95.62,93.51,93.77,8910319,92.1573866819,92.6807879104,90.635646073,90.887654072,8910319,0.0,1.0
2023-08-30 00:00:00+00:00,94.78,95.92,94.63,95.45,6073414,91.8666082216,92.9715663707,91.7212189915,92.5160134496,6073414,0.0,1.0
2023-08-31 00:00:00+00:00,93.57,94.4,93.27,93.34,8661169,90.6938017651,91.4982888386,90.4030233048,90.4708716122,8661169,0.0,1.0
2023-09-01 00:00:00+00:00,93.19,94.58,93.09,94.3,7094628,90.3254823821,91.6727559148,90.2285562286,91.4013626851,7094628,0.0,1.0
2023-09-05 00:00:00+00:00,94.6,95.05,92.87,93.4,6396488,91.6921411454,92.1283088359,90.0153186911,90.5290273043,6396488,0.0,1.0
2023-09-06 00:00:00+00:00,92.26,93.96,91.591,93.85,7933713,89.4240691552,91.0718137635,88.7756331887,90.9651949947,7933713,0.0,1.0
2023-09-07 00:00:00+00:00,90.05,90.29,88.43,90.07,14684446,87.2820011643,87.5146239326,85.7117974788,87.301386395,14684446,0.0,1.0
2023-09-08 00:00:00+00:00,89.64,91.07,89.3165,90.75,5822265,86.8846039353,88.2706479293,86.5710478289,87.9604842384,5822265,0.0,1.0
2023-09-11 00:00:00+00:00,89.6,90.3949,89.16,90.1,7268572,86.8458334739,87.6162994675,86.4193583988,87.3304642411,7268572,0.0,1.0
2023-09-12 00:00:00+00:00,90.48,91.57,90.42,90.46,8242642,87.6987836241,88.7552786965,87.640627932,87.6793983934,8242642,0.0,1.0
2023-09-13 00:00:00+00:00,91.22,91.885,90.48,90.6,5757807,88.4160371595,89.0605960798,87.6987836241,87.8150950082,5757807,0.0,1.0
2023-09-14 00:00:00+00:00,91.47,92.93,91.265,92.78,6506310,89.1149764982,90.5373867495,88.9152545108,90.39124871,6506310,0.471105,1.0
2023-09-15 00:00:00+00:00,89.25,91.14,88.86,90.51,19940492,86.9521335133,88.7934728112,86.5721746106,88.1796930453,19940492,0.0,1.0
2023-09-18 00:00:00+00:00,88.83,89.665,88.43,88.54,6647388,86.5429470027,87.356448756,86.1532455639,86.2604134596,6647388,0.0,1.0
2023-09-19 00:00:00+00:00,88.17,88.84,87.79,88.45,7175404,85.8999396288,86.5526895386,85.529723262,86.1727306359,7175404,0.0,1.0
2023-09-20 00:00:00+00:00,87.29,89.315,87.29,88.52,6939697,85.0425964636,87.0154599971,85.0425964636,86.2409283877,6939697,0.0,1.0
2023-09-21 00:00:00+00:00,85.36,86.14,85.35,86.04,10660422,83.1622870218,83.9222048273,83.1525444858,83.8247794676,10660422,0.0,1.0
2023-09-22 00:00:00+00:00,85.64,86.7741,85.45,86.25,7970526,83.4350780289,84.539979033,83.2499698455,84.0293727229,7970526,0.0,1.0
2023-09-25 00:00:00+00:00,86.24,86.24,85.02,85.39,8758022,84.019630187,84.019630187,82.8310407989,83.1915146297,8758022,0.0,1.0
2023-09-26 00:00:00+00:00,84.29,85.23,84.015,84.95,8877634,82.1198356732,83.0356340542,81.8519159341,82.7628430471,8877634,0.0,1.0
2023-09-27 00:00:00+00:00,85.44,85.555,84.1,85.17,7858373,83.2402273095,83.3522664732,81.9347274899,82.9771788384,7858373,0.0,1.0
2023-09-28 00:00:00+00:00,86.41,87.13,84.975,85.25,6647723,84.1852532984,84.8867158881,82.787199387,83.0551191262,6647723,0.0,1.0
2023-09-29 00:00:00+00:00,86.9,88.03,86.695,87.75,7338288,84.6626375609,85.7635441252,84.4629155735,85.4907531181,7338288,0.0,1.0
2023-10-02 00:00:00+00:00,87.65,88.42,87.02,87.18,6305021,85.3933277584,86.143503028,84.7795479925,84.935428568,6305021,0.0,1.0
2023-10-03 00:00:00+00:00,85.41,87.32,85.06,87.0,8201668,83.2109997016,85.0718240715,82.8700109428,84.7600629205,8201668,0.0,1.0
2023-10-04 00:00:00+00:00,86.67,86.76,85.38,85.47,7658502,84.4385592336,84.5262420573,83.1817720937,83.2694549175,7658502,0.0,1.0
2023-10-05 00:00:00+00:00,87.03,87.9374,86.53,86.83,6651679,84.7892905284,85.6733282422,84.30216373,84.5944398091,6651679,0.0,1.0
2023-10-06 00:00:00+00:00,89.29,90.02,87.38,88.09,9777118,86.9911036572,87.7023087828,85.1302792873,85.821999341,9777118,0.0,1.0
2023-10-09 00:00:00+00:00,88.99,89.34,88.04,88.8,4781316,86.6988275781,87.039816337,85.7732866612,86.5137193948,4781316,0.0,1.0
2023-10-10 00:00:00+00:00,90.61,90.66,89.14,89.27,7182943,88.2771184049,88.3258310848,86.8449656177,86.9716185852,7182943,0.0,1.0
2023-10-11 00:00:00+00:00,92.0,92.01,90.63,91.26,8051727,89.6313309045,89.6410734404,88.2966034769,88.9103832429,8051727,0.0,1.0
2023-10-12 00:00:00+00:00,92.42,93.44,91.84,92.51,8897784,90.0405174151,91.0342560839,89.475450329,90.1282002388,8897784,0.0,1.0
2023-10-13 00:00:00+00:00,90.46,92.94,90.2,92.75,7986463,88.1309803654,90.5471292855,87.8776744303,90.3620211021,7986463,0.0,1.0
2023-10-16 00:00:00+00:00,91.22,91.9,90.43,90.48,8791813,88.871413099,89.5339055448,88.1017527575,88.1504654374,8791813,0.0,1.0
2023-10-17 00:00:00+00:00,91.0,91.7,88.52,89.81,7997066,88.6570773077,89.3390548254,86.2409283877,87.4977155275,7997066,0.0,1.0
2023-10-18 00:00:00+00:00,89.6,90.01,88.58,88.88,9982673,87.2931222722,87.6925662469,86.2993836035,86.5916596825,9982673,0.0,1.0
2023-10-19 00:00:00+00:00,92.91,94.76,92.36,93.09,22751595,90.5179016776,92.3202708316,89.9820621993,90.693267325,22751595,0.0,1.0
2023-10-20 00:00:00+00:00,91.31,94.32,91.09,92.0,12197289,88.9590959227,91.891599249,88.7447601314,89.6313309045,12197289,0.0,1.0
2023-10-23 00:00:00+00:00,91.11,92.26,89.1641,89.98,8227866,88.7642452033,89.8846368396,86.8684451293,87.663338639,8227866,0.0,1.0
2023-10-24 00:00:00+00:00,91.64,92.0,90.86,91.2,7374762,89.2805996096,89.6313309045,88.5206818041,88.851928027,7374762,0.0,1.0
2023-10-25 00:00:00+00:00,87.64,90.85,86.68,90.8,13027070,85.3835852225,88.5109392682,84.4483017696,88.4622265883,13027070,0.0,1.0
2023-10-26 00:00:00+00:00,87.45,88.14,86.54,87.12,9377296,85.1984770391,85.8707120209,84.311906266,84.8769733522,9377296,0.0,1.0
2023-10-27 00:00:00+00:00,85.99,87.78,85.89,87.54,12480729,83.7760667878,85.519980726,83.6786414281,85.2861598628,12480729,0.0,1.0
2023-10-30 00:00:00+00:00,86.06,88.3,86.0,87.31,9785511,83.8442645396,86.0265925964,83.7858093237,85.0620815355,9785511,0.0,1.0
2023-10-31 00:00:00+00:00,86.31,86.43,84.95,86.15,9004922,84.0878279388,84.2047383704,82.7628430471,83.9319473633,9004922,0.0,1.0
2023-11-01 00:00:00+00:00,87.8,87.87,86.34,86.47,9508804,85.539465798,85.6076635497,84.1170555467,84.2437085142,9508804,0.0,1.0
2023-11-02 00:00:00+00:00,90.48,91.05,89.465,90.4,11032583,88.1504654374,88.7057899875,87.1615980366,88.0725251496,11032583,0.0,1.0
2023-11-03 00:00:00+00:00,91.79,92.45,90.84,91.65,9226706,89.4267376492,90.069745023,88.5011967322,89.2903421456,9226706,0.0,1.0
2023-11-06 00:00:00+00:00,92.6,92.61,91.29,92.0,8402708,90.2158830625,90.2256255985,88.9396108508,89.6313309045,8402708,0.0,1.0
2023-11-07 00:00:00+00:00,92.41,93.05,91.75,92.25,6241257,90.0307748792,90.6542971811,89.3877675053,89.8748943037,6241257,0.0,1.0
2023-11-08 00:00:00+00:00,92.0,93.44,91.93,93.33,6537666,89.6313309045,91.0342560839,89.5631331527,90.9270881882,6537666,0.0,1.0
2023-11-09 00:00:00+00:00,91.62,93.37,91.6,92.63,8166021,89.2611145377,90.9660583321,89.2416294658,90.2451106705,8166021,0.0,1.0
2023-11-10 00:00:00+00:00,97.44,97.75,93.61,94.04,19292869,94.931270471,95.233289086,91.1998791953,91.6188082419,19292869,0.0,1.0
2023-11-13 00:00:00+00:00,96.42,97.18,95.72,97.01,9526286,93.9375318023,94.6779645358,93.2555542845,94.5123414244,9526286,0.0,1.0
2023-11-14 00:00:00+00:00,98.91,99.69,97.95,98.0,13873244,96.3634232583,97.1233410638,95.4281398054,95.4768524852,13873244,0.0,1.0
2023-11-15 00:00:00+00:00,98.8,100.6999,98.42,99.95,10422887,96.2562553626,98.1072397712,95.8860389959,97.3766469989,10422887,0.0,1.0
2023-11-16 00:00:00+00:00,98.54,99.0997,97.91,98.24,8459045,96.0029494275,96.5482391656,95.3891696615,95.7106733484,8459045,0.0,1.0
2023-11-17 00:00:00+00:00,99.58,99.72,98.3215,98.94,7247710,97.0161731681,97.1525686717,95.7900750166,96.3926508662,7247710,0.0,1.0
2023-11-20 00:00:00+00:00,99.96,100.5887,99.54,99.9,6452894,97.3863895349,97.9989027712,96.9772030243,97.3279343191,6452894,0.0,1.0
2023-11-21 00:00:00+00:00,98.41,100.15,98.235,100.0,10112622,95.8762964599,97.5714977183,95.7058020804,97.4253596788,10112622,0.0,1.0
2023-11-22 00:00:00+00:00,98.65,99.65,97.95,98.72,7416466,96.1101173231,97.0843709199,95.4281398054,96.1783150749,7416466,0.0,1.0
2023-11-24 00:00:00+00:00,97.83,98.725,97.47,98.48,4297621,95.3112293737,96.1831863429,94.9604980789,95.9444942117,4297621,0.0,1.0
2023-11-27 00:00:00+00:00,97.21,97.55,96.42,97.42,6856096,94.7071921437,95.0384383666,93.9375318023,94.9117853991,6856096,0.0,1.0
2023-11-28 00:00:00+00:00,97.98,98.25,97.235,97.87,6358143,95.4573674133,95.7204158844,94.7315484837,95.3501995176,6358143,0.0,1.0
2023-11-29 00:00:00+00:00,98.88,99.73,98.6,99.0,7091122,96.3341956504,97.1623112076,96.0614046433,96.451106082,7091122,0.0,1.0
2023-11-30 00:00:00+00:00,97.31,98.98,96.9,98.925,9681363,94.8046175034,96.4316210101,94.4051735287,96.3780370622,9681363,0.0,1.0
2023-12-01 00:00:00+00:00,98.55,98.78,97.02,97.7,7500388,96.0126919634,96.2367702907,94.5220839604,95.1845764062,7500388,0.0,1.0
2023-12-04 00:00:00+00:00,97.01,97.2,95.2501,97.05,10619352,94.5123414244,94.6974496078,92.7977525194,94.5513115683,10619352,0.0,1.0
2023-12-05 00:00:00+00:00,96.69,97.015,95.88,96.46,8009587,94.2005802734,94.5172126924,93.41143486,93.9765019462,8009587,0.0,1.0
2023-12-06 00:00:00+00:00,97.85,98.57,97.445,97.8,9857256,95.3307144457,96.0321770354,94.936141739,95.2820017658,9857256,0.0,1.0
2023-12-07 00:00:00+00:00,99.29,99.64,97.89,97.96,11373668,96.7336396251,97.0746283839,95.3696845896,95.4378823413,11373668,0.0,1.0
2023-12-08 00:00:00+00:00,100.35,100.37,98.945,99.12,10572458,97.7663484377,97.7858335096,96.3975221342,96.5680165136,10572458,0.0,1.0
2023-12-11 00:00:00+00:00,100.95,101.21,99.37,99.57,9482773,98.3509005957,98.6042065309,96.8115799128,97.0064306322,9482773,0.0,1.0
2023-12-12 00:00:00+00:00,101.6,101.65,99.95,100.15,7378574,98.9841654336,99.0328781135,97.3766469989,97.5714977183,7378574,0.0,1.0
2023-12-13 00:00:00+00:00,102.12,102.68,100.905,101.4,8988814,99.490777304,100.0363593182,98.3070591839,98.7893147143,8988814,0.0,1.0
2023-12-14 00:00:00+00:00,103.45,103.81,102.8,103.35,10074499,101.2528776341,101.6052317757,100.6166826562,101.1550014837,10074499,0.478667,1.0
2023-12-15 00:00:00+00:00,102.54,104.755,102.39,103.5,16379236,100.3622046651,102.5301613974,100.2153904394,101.3018157093,16379236,0.0,1.0
2023-12-18 00:00:00+00:00,102.93,103.31,102.08,102.84,5660567,100.7439216518,101.1158510235,99.911974373,100.6558331164,5660567,0.0,1.0
2023-12-19 00:00:00+00:00,103.87,103.975,103.09,103.24,8152927,101.663957466,101.7667274239,100.9005234925,101.0473377182,8152927,0.0,1.0
2023-12-20 00:00:00+00:00,100.04,103.085,99.935,102.7,10814080,97.915300904,100.895629685,97.812530946,100.5188065058,10814080,0.0,1.0
2023-12-21 00:00:00+00:00,102.55,102.715,101.16,101.3,9068244,100.3719922801,100.5334879283,99.0115137889,99.1485403996,9068244,0.0,1.0
2023-12-22 00:00:00+00:00,103.15,103.59,102.705,102.93,5566576,100.9592491828,101.3899042447,100.5237003133,100.7439216518,5566576,0.0,1.0
2023-12-26 00:00:00+00:00,104.45,104.9575,103.57,103.61,6407484,102.2316391385,102.7283606021,101.3703290146,101.4094794748,6407484,0.0,1.0
2023-12-27 00:00:00+00:00,104.65,105.37,104.075,105.05,5874645,102.4273914394,103.1320997226,101.8646035744,102.8188960412,5874645,0.0,1.0
2023-12-28 00:00:00+00:00,104.7,105.52,104.7,105.0,5335145,102.4763295147,103.2789139483,102.4763295147,102.769957966,5335145,0.0,1.0
2023-12-29 00:00:00+00:00,104.0,104.97,103.67,104.72,4409641,101.7911964616,102.7405951209,101.4682051651,102.4959047447,4409641,0.0,1.0
2024-01-02 00:00:00+00:00,101.53,102.62,100.59,102.25,9020864,99.3736555456,100.4405055854,98.4536197314,100.0783638288,9020864,0.0,1.0
2024-01-03 00:00:00+00:00,100.17,101.25,99.661,100.34,6650601,98.0425398996,99.0996023243,97.5443502938,98.2089293553,6650601,0.0,1.0
2024-01-04 00:00:00+00:00,99.13,100.44,99.12,99.53,7996713,97.0246279349,98.3068055058,97.0148403199,97.4161325367,7996713,0.0,1.0
2024-01-05 00:00:00+00:00,99.61,100.64,98.8,99.0,7339396,97.4944334571,98.5025578066,96.7016366385,96.8973889394,7339396,0.0,1.0
2024-01-08 00:00:00+00:00,102.24,102.79,100.5,100.63,12455556,100.0685762137,100.6068950412,98.365531196,98.4927701916,12455556,0.0,1.0
2024-01-09 00:00:00+00:00,101.89,101.965,100.21,101.05,7763961,99.7260096872,99.7994168,98.0816903597,98.9038500235,7763961,0.0,1.0
2024-01-10 00:00:00+00:00,100.8,102.7773,99.98,102.52,6975726,98.6591596473,100.5944647701,97.8565752137,100.342629435,6975726,0.0,1.0
2024-01-11 00:00:00+00:00,101.22,102.16,99.99,101.7,7862691,99.0702394792,99.9902752934,97.8663628288,99.5400450013,7862691,0.0,1.0
2024-01-12 00:00:00+00:00,101.24,102.375,100.87,100.89,6519711,99.0898147093,100.2007090168,98.7276729527,98.7472481827,6519711,0.0,1.0
2024-01-16 00:00:00+00:00,101.67,102.35,100.2,100.53,11185515,99.5106821562,100.1762399792,98.0719027447,98.3948940412,11185515,0.0,1.0
2024-01-17 00:00:00+00:00,102.95,103.325,100.0,100.87,17649519,100.7634968819,101.1305324461,97.8761504438,98.7276729527,17649519,0.0,1.0
2024-01-18 00:00:00+00:00,113.03,113.39,109.48,111.2,58783719,110.6294128466,110.9817669882,107.1548095059,108.8382792935,58783719,0.0,1.0
2024-01-19 00:00:00+00:00,114.2,115.15,111.02,113.22,37812587,111.7745638068,112.704387236,108.6621022227,110.8153775325,37812587,0.0,1.0
2024-01-22 00:00:00+00:00,113.03,115.1,112.52,114.78,17755537,110.6294128466,112.6554491608,110.1302444794,112.3422454794,17755537,0.0,1.0
2024-01-23 00:00:00+00:00,114.13,114.6199,113.16,113.52,11667877,111.7060505015,112.1855457625,110.7566518422,111.1090059838,11667877,0.0,1.0
2024-01-24 00:00:00+00:00,116.52,118.8455,114.61,115.33,21829205,114.0452904971,116.3214003757,112.1758560236,112.8805643068,21829205,0.0,1.0
2024-01-25 00:00:00+00:00,116.56,118.84,116.48,118.02,15485264,114.0844409573,116.3160171874,114.0061400369,115.5134327538,15485264,0.0,1.0
2024-01-26 00:00:00+00:00,117.26,118.04,116.302,116.9,10196442,114.7695740104,115.5330079839,113.8319204891,114.4172198688,10196442,0.0,1.0
2024-01-29 00:00:00+00:00,116.98,117.8701,115.755,117.17,10042237,114.4955207892,115.3667164043,113.2965379462,114.681485475,10042237,0.0,1.0
2024-01-30 00:00:00+00:00,116.06,118.01,115.5609,116.36,11030838,113.5950602051,115.5036451387,113.1065603382,113.8886886564,11030838,0.0,1.0
2024-01-31 00:00:00+00:00,112.96,114.74,112.875,113.5,12853858,110.5608995413,112.3030950192,110.4777048134,111.0894307537,12853858,0.0,1.0
2024-02-01 00:00:00+00:00,113.39,114.0325,112.605,113.8,8807585,110.9817669882,111.6106212548,110.2134392072,111.383059205,8807585,0.0,1.0
2024-02-02 00:00:00+00:00,115.75,115.96,113.9201,114.86,10043957,113.2916441387,113.4971840546,111.5006084617,112.4205463997,10043957,0.0,1.0
2024-02-05 00:00:00+00:00,118.79,119.54,116.58,117.13,13267629,116.2670791122,117.0011502405,114.1040161874,114.6423350148,13267629,0.0,1.0
2024-02-06 00:00:00+00:00,119.38,120.99,118.2768,120.12,11511859,116.8445483998,118.420354422,115.7647787081,117.5688319131,11511859,0.0,1.0
2024-02-07 00:00:00+00:00,124.98,124.995,120.0,120.01,18172529,122.3256128247,122.3402942472,117.4513805326,117.4611681476,18172529,0.0,1.0
2024-02-08 00:00:00+00:00,133.73,134.75,126.11,127.0,33367010,130.8897759885,131.888112723,123.4316133247,124.3027110636,33367010,0.0,1.0
2024-02-09 00:00:00+00:00,133.11,135.17,130.59,134.5,16984174,130.2829438557,132.2991925549,127.8164648646,131.6434223469,16984174,0.0,1.0
2024-02-12 00:00:00+00:00,130.46,133.51,130.26,133.27,14203766,127.689225869,130.6744484575,127.4934735681,130.4395456965,14203766,0.0,1.0
2024-02-13 00:00:00+00:00,127.55,129.92,126.475,127.93,14493976,124.8410298911,127.1606946566,123.7888612738,125.2129592628,14493976,0.0,1.0
2024-02-14 00:00:00+00:00,129.27,130.79,127.96,129.63,13069689,126.5244996787,128.0122171654,125.2423221079,126.8768538203,13069689,0.0,1.0
2024-02-15 00:00:00+00:00,129.03,131.13,128.35,130.8,12553979,126.2895969176,128.344996077,125.6240390946,128.0220047805,12553979,0.0,1.0
2024-02-16 00:00:00+00:00,126.69,128.64,125.81,127.13,13104415,123.9992949972,125.9078799309,123.1379848733,124.4299500592,13104415,0.0,1.0
2024-02-20 00:00:00+00:00,125.33,127.06,124.145,126.89,12038783,122.6681793512,124.3614367539,121.5083469685,124.1950472981,12038783,0.0,1.0
2024-02-21 00:00:00+00:00,125.34,125.38,122.91,124.43,11578140,122.6779669663,122.7171174264,120.2995765105,121.7872939972,11578140,0.0,1.0
2024-02-22 00:00:00+00:00,129.07,131.48,129.0,129.69,17014124,126.3287473778,128.6875626035,126.2602340725,126.9355795106,17014124,0.0,1.0
2024-02-23 00:00:00+00:00,129.53,131.005,127.73,130.5,10123345,126.7789776699,128.2226508889,125.0172069619,127.7283763292,10123345,0.0,1.0
2024-02-26 00:00:00+00:00,130.64,131.23,128.56,130.02,9526723,127.8654029398,128.4428722274,125.8295790105,127.258570807,9526723,0.0,1.0
2024-02-27 00:00:00+00:00,128.59,131.97,128.59,130.77,8851789,125.8589418557,129.1671557407,125.8589418557,127.9926419354,8851789,0.0,1.0
2024-02-28 00:00:00+00:00,127.38,128.58,126.65,128.5,6519095,124.6746404353,125.8491542406,123.9601445371,125.7708533203,6519095,0.0,1.0
2024-02-29 00:00:00+00:00,128.67,129.1899,127.15,128.03,9369902,125.937242776,126.4461008822,124.4495252893,125.3108354132,9369902,0.0,1.0
2024-03-01 00:00:00+00:00,133.9,136.65,130.1,130.13,24393047,131.0561654442,133.7477595815,127.3368717274,127.3662345725,24393047,0.0,1.0
2024-03-04 00:00:00+00:00,138.26,141.99,137.68,139.94,26544607,135.3235656036,138.9743460152,134.755883931,136.9678849311,26544607,0.0,1.0
2024-03-05 00:00:00+00:00,134.97,137.43,133.73,137.12,13694693,132.103440254,134.5111935549,130.8897759885,134.2077774885,13694693,0.0,1.0
2024-03-06 00:00:00+00:00,141.57,144.0,138.6115,138.8,22292689,138.5632661833,140.9416566391,135.6676002724,135.852096816,22292689,0.0,1.0
2024-03-07 00:00:00+00:00,149.2,151.6,144.15,144.9,34675734,146.0312164621,148.3802440728,141.0884708647,141.8225419931,34675734,0.0,1.0
2024-03-08 00:00:00+00:00,146.37,158.4,144.925,153.9,43856881,143.2613214046,155.035822303,141.8470110307,150.631395533,43856881,0.0,1.0
2024-03-11 00:00:00+00:00,139.02,144.4,138.93,143.62,29110514,136.067424347,141.3331612408,135.9793358116,140.5697272674,29110514,0.0,1.0
2024-03-12 00:00:00+00:00,144.4,146.7,140.57,144.52,21039438,141.3331612408,143.5843127011,137.5845046788,141.4506126214,21039438,0.0,1.0
2024-03-13 00:00:00+00:00,142.14,143.23,141.37,143.05,12548017,139.1211602408,140.1880102807,138.3675138824,140.0118332099,12548017,0.0,1.0
2024-03-14 00:00:00+00:00,139.62,143.1,139.02,142.61,14917325,136.6546812496,140.0607712851,136.067424347,139.5811781479,14917325,0.0,1.0
2024-03-15 00:00:00+00:00,136.98,137.7,134.63,135.44,22751213,134.0707508779,134.7754591611,131.7706613425,132.5634581611,22751213,0.0,1.0
2024-03-18 00:00:00+00:00,136.64,141.54,136.61,140.18,14732899,134.2797683335,139.0951288782,134.2502865342,137.7586206454,14732899,0.553553,1.0
2024-03-19 00:00:00+00:00,134.87,136.2731,133.03,135.3,17341128,132.5403421775,133.9192059286,130.7321251566,132.9629146335,17341128,0.0,1.0
2024-03-20 00:00:00+00:00,136.75,137.31,135.01,136.53,12750230,134.3878682641,134.9381951835,132.6779239074,134.1716684029,12750230,0.0,1.0
2024-03-21 00:00:00+00:00,139.45,142.6,139.04,142.55,17809393,137.0412301969,140.1368191185,136.6383122738,140.0876827864,17809393,0.0,1.0
2024-03-22 00:00:00+00:00,140.54,141.34,139.11,139.4,9944135,138.1124022364,138.8985835499,136.7071031387,136.9920938648,9944135,0.0,1.0
2024-03-25 00:00:00+00:00,140.23,141.68,139.26,140.16,9922244,137.8077569775,139.2327106081,136.8545121349,137.7389661126,9922244,0.0,1.0
2024-03-26 00:00:00+00:00,138.84,140.96,138.64,140.61,10786446,136.4417669454,138.525147426,136.245221617,138.1811931014,10786446,0.0,1.0
2024-03-27 00:00:00+00:00,136.69,139.28,135.15,138.86,13842815,134.3289046656,136.8741666678,132.8155056372,136.4614214782,13842815,0.0,1.0
2024-03-28 00:00:00+00:00,136.05,136.8,135.44,135.68,10019364,133.6999596148,134.4370045962,133.1004963633,133.3363507574,10019364,0.0,1.0
2024-04-01 00:00:00+00:00,141.49,142.96,137.05,137.29,14124040,139.0459925461,140.4906007096,134.6826862566,134.9185406506,14124040,0.0,1.0
2024-04-02 00:00:00+00:00,140.22,141.04,139.35,140.38,9793360,137.7979297111,138.6037655573,136.9429575327,137.9551659737,9793360,0.0,1.0
2024-04-03 00:00:00+00:00,142.0,142.93,138.39,138.58,9398049,139.5471831334,140.4611189103,135.9995399566,136.1862580185,9398049,0.0,1.0
2024-04-04 00:00:00+00:00,139.66,146.75,139.43,144.0,15489756,137.2476027917,144.2151346819,137.0215756641,141.512636417,15489756,0.0,1.0
2024-04-05 00:00:00+00:00,141.36,142.0,138.92,140.0,8185115,138.9182380827,139.5471831334,136.5203850767,137.5817298499,8185115,0.0,1.0
2024-04-08 00:00:00+00:00,142.79,146.0,142.76,145.24,16213139,140.3235371804,143.4780897006,140.2940553812,142.7312174528,16213139,0.0,1.0
2024-04-09 00:00:00+00:00,145.4,148.1699,142.95,146.26,18369410,142.8884537155,145.6105082406,140.4807734431,143.7335986274,18369410,0.0,1.0
2024-04-10 00:00:00+00:00,146.22,148.43,145.26,146.63,18861324,143.6942895618,145.8661154401,142.7508719857,144.0972074849,18861324,0.0,1.0
2024-04-11 00:00:00+00:00,147.2,147.56,144.13,147.2,11818761,144.6573616707,145.0111432618,141.6403908804,144.6573616707,11818761,0.0,1.0
2024-04-12 00:00:00+00:00,142.52,146.51,142.15,145.0,12024043,140.0582009872,143.9792802879,139.6945921297,142.4953630588,12024043,0.0,1.0
2024-04-15 00:00:00+00:00,140.14,145.48,139.8801,145.02,13458780,137.7193115797,142.9670718469,137.4639009255,142.5150175916,13458780,0.0,1.0
2024-04-16 00:00:00+00:00,139.8,140.5399,137.06,137.89,14218222,137.3851845215,138.1123039638,134.692513523,135.5081766357,14218222,0.0,1.0
2024-04-17 00:00:00+00:00,139.03,142.57,137.3601,141.13,18823237,136.6284850073,140.1073373193,134.9874297882,138.6922109551,18823237,0.0,1.0
2024-04-18 00:00:00+00:00,132.27,135.13,130.3,132.89,39306149,129.9852529089,132.7958511044,128.0492814246,130.5945434268,39306149,0.0,1.0
2024-04-19 00:00:00+00:00,127.7,131.55,126.64,129.37,28284021,125.4941921559,129.2776897268,124.4525019156,127.1353456477,28284021,0.0,1.0
2024-04-22 00:00:00+00:00,129.75,130.6606,125.78,126.75,18556792,127.5087817716,128.4036526516,123.6073570037,124.5606018462,18556792,0.0,1.0
2024-04-23 00:00:00+00:00,133.43,133.71,130.66,131.36,12573756,131.1252158133,131.400379273,128.4030630156,129.0909716649,12573756,0.0,1.0
2024-04-24 00:00:00+00:00,132.97,136.29,131.54,136.09,15558000,130.6731615581,133.9358140088,129.2678624604,133.7392686805,15558000,0.0,1.0
2024-04-25 00:00:00+00:00,136.58,137.84,128.86,130.0,18034257,134.220804735,135.4590403036,126.6341550604,127.754463432,18034257,0.0,1.0
2024-04-26 00:00:00+00:00,138.3,138.7399,135.945,136.81,9453393,135.9110945588,136.3433960086,133.5967733174,134.4468318626,9453393,0.0,1.0
2024-04-29 00:00:00+00:00,138.5,138.646,135.91,138.0,10025907,136.1076398872,136.2511179769,133.562377885,135.6162765663,10025907,0.0,1.0
2024-04-30 00:00:00+00:00,137.34,139.7,137.26,137.94,10980630,134.9676769827,137.2869118573,134.8890588514,135.5573129678,10980630,0.0,1.0
2024-05-01 00:00:00+00:00,134.94,139.43,133.21,137.42,12573480,132.6091330424,137.0215756641,130.9090159522,135.0462951141,12573480,0.0,1.0
2024-05-02 00:00:00+00:00,136.23,136.74,133.22,135.6,9261896,133.8768504103,134.3780409977,130.9188432186,133.257732626,9261896,0.0,1.0
2024-05-03 00:00:00+00:00,141.56,142.11,138.76,138.9,13264336,139.1147834111,139.655283064,136.3631488141,136.5007305439,13264336,0.0,1.0
2024-05-06 00:00:00+00:00,142.83,142.83,139.81,140.47,8601573,140.3628462461,140.3628462461,137.3950117879,138.0436113715,8601573,0.0,1.0
2024-05-07 00:00:00+00:00,141.11,142.295,140.51,141.87,8682941,138.6725564223,139.8370874928,138.0829204372,139.41942867,8682941,0.0,1.0
2024-05-08 00:00:00+00:00,143.6,144.26,140.8,141.11,10202348,141.1195457603,141.7681453439,138.3679111633,138.6725564223,10202348,0.0,1.0
2024-05-09 00:00:00+00:00,142.79,143.35,141.1301,142.94,8012668,140.3235371804,140.8738640999,138.6923092278,140.4709461767,8012668,0.0,1.0
2024-05-10 00:00:00+00:00,149.26,150.495,146.93,147.22,23671378,146.6817785528,147.8954459554,144.3920254774,144.6770162036,23671378,0.0,1.0
2024-05-13 00:00:00+00:00,146.41,148.44,146.3,148.02,8278732,143.8810076237,145.8759427065,143.7729076931,145.463197517,8278732,0.0,1.0
2024-05-14 00:00:00+00:00,151.95,152.01,146.25,146.49,12316540,149.3253132192,149.3842768177,143.723771361,143.9596257551,12316540,0.0,1.0
2024-05-15 00:00:00+00:00,155.58,156.0,152.73,153.36,14027093,152.8926109289,153.3053561184,150.0918399998,150.7109577841,14027093,0.0,1.0
2024-05-16 00:00:00+00:00,152.23,155.055,152.21,154.1,13394140,149.6004766789,152.3766794419,149.5808221461,151.438175499,13394140,0.0,1.0
2024-05-17 00:00:00+00:00,151.68,154.0,150.84,154.0,7711247,149.0599770259,151.3399028349,148.2344866468,151.3399028349,7711247,0.0,1.0
2024-05-20 00:00:00+00:00,153.55,154.24,150.82,151.67,9261190,150.8976758461,151.5757572289,148.214832114,149.0501497595,9261190,0.0,1.0
2024-05-21 00:00:00+00:00,153.67,153.99,151.95,152.3,7919449,151.0156030431,151.3300755684,149.3253132192,149.6692675438,7919449,0.0,1.0
2024-05-22 00:00:00+00:00,156.15,157.23,154.5401,155.88,13455201,153.4527651147,154.5141098878,151.8706734941,153.1874289214,13455201,0.0,1.0
2024-05-23 00:00:00+00:00,157.09,160.7799,155.865,159.18,20872972,154.376528158,158.0026911935,153.1726880218,156.4304268393,20872972,0.0,1.0
2024-05-24 00:00:00+00:00,160.0,160.66,156.71,157.2,11908211,157.2362626856,157.8848622691,154.0030920341,154.4846280886,11908211,0.0,1.0
2024-05-28 00:00:00+00:00,159.41,160.38,157.6,159.68,13964361,156.6564539669,157.6096988094,154.8777187453,156.9217901602,13964361,0.0,1.0
2024-05-29 00:00:00+00:00,154.34,156.88,153.21,156.75,15779980,151.6740298931,154.1701555632,150.5635487878,154.0424010998,15779980,0.0,1.0
2024-05-30 00:00:00+00:00,152.96,154.05,151.89,153.59,9710978,150.3178671274,151.3890391669,149.2663496207,150.9369849117,9710978,0.0,1.0
2024-05-31 00:00:00+00:00,151.04,152.5,147.81,151.48,13782609,148.4310319752,149.8658128722,145.2568249222,148.8634316976,13782609,0.0,1.0
2024-06-03 00:00:00+00:00,154.95,157.15,152.4602,155.12,12924395,152.2734931446,154.4354917565,149.8267003518,152.4405566737,12924395,0.0,1.0
2024-06-04 00:00:00+00:00,152.47,153.79,150.99,153.4,10066743,149.8363310729,151.1335302401,148.3818956431,150.7502668498,10066743,0.0,1.0
2024-06-05 00:00:00+00:00,162.92,163.73,157.95,158.59,23192572,160.1058244796,160.9018330594,155.2216730699,155.8506181207,23192572,0.0,1.0
2024-06-06 00:00:00+00:00,162.07,164.7,160.36,164.52,14819056,159.2705068341,161.855077902,157.5900442766,161.6781871064,14819056,0.0,1.0
2024-06-07 00:00:00+00:00,164.39,166.1199,161.96,163.57,14023335,161.550432643,163.2504514606,159.1624069035,160.7445967967,14023335,0.0,1.0
2024-06-10 00:00:00+00:00,168.16,169.84,162.4156,164.0,12438405,165.2553120825,166.9062928407,159.6101371615,161.1671692527,12438405,0.0,1.0
2024-06-11 00:00:00+00:00,165.71,168.405,163.79,168.18,11508574,162.8476318102,165.4960801098,160.9607966579,165.2749666154,11508574,0.0,1.0
2024-06-12 00:00:00+00:00,172.98,176.06,171.535,173.36,20309502,169.9920544959,173.0188525526,168.5720144986,170.3654906198,20309502,0.0,1.0
2024-06-13 00:00:00+00:00,172.91,174.07,170.51,172.95,15591789,170.4581519149,171.6017032203,168.0921836967,170.4975847185,15591789,0.54429,1.0
2024-06-14 00:00:00+00:00,172.51,173.64,170.36,172.0,9192483,170.0638238785,171.1778005812,167.9443106831,169.5610556322,9192483,0.0,1.0
2024-06-17 00:00:00+00:00,177.24,178.67,173.48,177.84,18593708,174.7267529084,176.1364756384,171.0200693667,175.3182449629,18593708,0.0,1.0
2024-06-18 00:00:00+00:00,179.69,184.86,178.99,180.02,27155146,177.1420121311,182.2387020009,176.4519380674,177.4673327611,27155146,0.0,1.0
2024-06-20 00:00:00+00:00,175.38,183.1746,173.5,182.58,28403222,172.8931275393,180.5772008198,171.0397857685,179.9910321937,28403222,0.0,1.0
2024-06-21 00:00:00+00:00,173.96,177.48,172.21,172.71,20271302,171.4932630103,174.9633497302,169.7680778512,170.2609878967,20271302,0.0,1.0
2024-06-24 00:00:00+00:00,167.81,171.42,167.121,170.43,19741664,165.4304694514,168.9892799794,164.7512394087,168.0133180895,19741664,0.0,1.0
2024-06-25 00:00:00+00:00,172.6,172.64,169.01,169.95,13480972,170.1525476867,170.1919804903,166.6134535604,167.5401244458,13480972,0.0,1.0
2024-06-26 00:00:00+00:00,172.07,173.69,170.2,172.12,11901499,169.6300630385,171.2270915858,167.7865794686,169.6793540431,11901499,0.0,1.0
2024-06-27 00:00:00+00:00,171.63,175.48,171.15,173.79,10864584,169.1963021985,172.9917095484,168.7231085549,171.3256735948,10864584,0.0,1.0
2024-06-28 00:00:00+00:00,173.81,176.8199,172.81,172.81,11216068,171.3453899967,174.3126098882,170.3595699058,170.3595699058,11216068,0.0,1.0
2024-07-01 00:00:00+00:00,172.33,175.3,170.45,174.24,10716975,169.8863762622,172.8142619321,168.0330344913,171.7692926357,10716975,0.0,1.0
2024-07-02 00:00:00+00:00,175.7,176.71,171.03,171.13,10655486,173.2085899684,174.2042682602,168.604810144,168.7033921531,10655486,0.0,1.0
2024-07-03 00:00:00+00:00,182.49,182.49,177.88,177.99,11808737,179.9023083855,179.9023083855,175.3576777666,175.4661179766,11808737,0.0,1.0
2024-07-05 00:00:00+00:00,183.99,185.08,182.3,184.14,11372882,181.3810385219,182.4555824209,179.7150025683,181.5289115355,11372882,0.0,1.0
2024-07-08 00:00:00+00:00,186.63,192.8,185.13,190.0,22582402,183.9836035618,190.0661135226,182.5048734255,187.3058172681,22582402,0.0,1.0
2024-07-09 00:00:00+00:00,184.52,188.44,182.5,188.09,19972038,181.90352317,185.7679379263,179.9121665864,185.4229008945,19972038,0.0,1.0
2024-07-10 00:00:00+00:00,191.05,191.42,186.7,188.28,19293520,188.3409283635,188.7056817971,184.0526109682,185.6102067118,19293520,0.0,1.0
2024-07-11 00:00:00+00:00,184.5,193.47,183.01,193.09,21584170,181.8838067682,190.7266129835,180.4149348328,190.3520013489,21584170,0.0,1.0
2024-07-12 00:00:00+00:00,187.35,190.38,182.75,183.07,19220331,184.6933940272,187.6804289026,180.1586216092,180.4740840383,19220331,0.0,1.0
2024-07-15 00:00:00+00:00,185.22,190.06,184.08,188.68,15683114,182.5935972337,187.3649664735,181.46976233,186.0045347481,15683114,0.0,1.0
2024-07-16 00:00:00+00:00,186.04,189.59,185.02,188.27,16663311,183.4019697082,186.9016310308,182.3964332155,185.6003485109,16663311,0.0,1.0
2024-07-17 00:00:00+00:00,171.2,176.58,170.51,175.215,45052592,168.7723995595,174.0761116484,168.0921836967,172.7304672244,45052592,0.0,1.0
2024-07-18 00:00:00+00:00,171.87,178.69,164.51,175.5,52903620,169.4328990203,176.1561920402,162.1772631514,173.0114259503,52903620,0.0,1.0
2024-07-19 00:00:00+00:00,165.77,170.52,165.22,169.17,22585296,163.4193964659,168.1020418977,162.877195416,166.771184775,22585296,0.0,1.0
2024-07-22 00:00:00+00:00,169.35,170.88,166.18,166.61,21037199,166.9486323913,168.4569371304,163.8235827032,164.2474853423,21037199,0.0,1.0
2024-07-23 00:00:00+00:00,169.82,171.54,167.9666,169.42,11690667,167.411967834,169.1075783904,165.5848488776,167.0176397977,11690667,0.0,1.0
2024-07-24 00:00:00+00:00,159.8,165.45,159.59,165.09,19536581,157.5340505234,163.1039340369,157.3270283043,162.7490388041,19536581,0.0,1.0
2024-07-25 00:00:00+00:00,160.28,163.4,152.11,158.16,25731750,158.007244167,161.0830028506,149.9530940245,155.9173055743,25731750,0.0,1.0
2024-07-26 00:00:00+00:00,161.94,164.59,159.19,164.3,13089172,159.6437055179,162.2561287587,156.9327002679,161.9702409323,13089172,0.0,1.0
2024-07-29 00:00:00+00:00,160.01,163.23,158.63,162.68,12663082,157.7410727425,160.9154134351,156.380641017,160.3732123851,12663082,0.0,1.0
2024-07-30 00:00:00+00:00,154.54,161.1499,152.55,160.44,22017963,152.3486368453,158.8648090641,150.3868548645,158.1649753815,22017963,0.0,1.0
2024-07-31 00:00:00+00:00,165.8,166.65,162.07,163.77,19860383,163.4489710687,164.2869181459,159.7718621297,161.4477562842,19860383,0.0,1.0
2024-08-01 00:00:00+00:00,158.18,167.665,156.84,163.48,21095641,155.9370219761,165.2875255382,154.6160230543,161.1618684578,21095641,0.0,1.0
2024-08-02 00:00:00+00:00,149.86,153.86,146.89,151.25,31095265,147.73499882,151.6782791835,144.80711315,149.1052887463,31095265,0.0,1.0
2024-08-05 00:00:00+00:00,147.95,150.0,133.57,133.86,31193148,145.8520824464,147.8730136327,131.6759895395,131.9618773658,31193148,0.0,1.0
2024-08-06 00:00:00+00:00,155.39,157.71,147.72,150.44,24528068,153.1865839226,155.4736865334,145.6253438255,148.3067744727,24528068,0.0,1.0
2024-08-07 00:00:00+00:00,155.04,162.65,154.52,161.55,22379012,152.8415468908,160.3436377824,152.3289204435,159.2592356824,22379012,0.0,1.0
2024-08-08 00:00:00+00:00,164.55,164.75,155.54,159.27,18889635,162.2166959551,162.4138599732,153.3344569362,157.0115658752,18889635,0.0,1.0
2024-08-09 00:00:00+00:00,167.12,167.8,163.24,166.32,20519406,164.7502535886,165.4206112504,160.925271636,163.9615975159,20519406,0.0,1.0
2024-08-12 00:00:00+00:00,167.63,169.53,165.54,166.0,14727277,165.253021835,167.1260800077,163.192657845,163.6461350869,14727277,0.0,1.0
2024-08-13 00:00:00+00:00,172.34,172.45,166.34,168.0,15243472,169.8962344631,170.0046746731,163.9813139178,165.6177752686,15243472,0.0,1.0
2024-08-14 00:00:00+00:00,169.97,172.51,167.19,171.88,11510307,167.5598408477,170.0638238785,164.819260995,169.4427572213,11510307,0.0,1.0
2024-08-15 00:00:00+00:00,173.96,175.44,170.82,172.43,15393526,171.4932630103,172.9522767448,168.3977879249,169.9849582712,15393526,0.0,1.0
2024-08-16 00:00:00+00:00,174.54,175.0,172.25,173.39,10709972,172.065038663,172.5185159048,169.8075106549,170.9313455585,10709972,0.0,1.0
2024-08-19 00:00:00+00:00,175.45,175.45,171.1,174.76,11510990,172.9621349457,172.9621349457,168.6738175504,172.281919083,11510990,0.0,1.0
2024-08-20 00:00:00+00:00,172.04,175.4,169.85,175.4,13555525,169.6004884358,172.9128439412,167.4415424368,172.9128439412,13555525,0.0,1.0
2024-08-21 00:00:00+00:00,171.44,173.08,169.91,170.36,9434811,169.0089963813,170.6257413303,167.5006916422,167.9443106831,9434811,0.0,1.0
2024-08-22 00:00:00+00:00,166.44,173.28,166.06,172.0,13546124,164.0798959268,170.8229053485,163.7052842923,169.5610556322,13546124,0.0,1.0
2024-08-23 00:00:00+00:00,171.28,173.29,167.915,169.0,12189133,168.8512651667,170.8327635494,165.5339805609,166.6035953595,12189133,0.0,1.0
2024-08-26 00:00:00+00:00,169.07,171.05,167.82,170.38,9611328,166.6726027659,168.6245265458,165.4403276523,167.9640270849,9611328,0.0,1.0
2024-08-27 00:00:00+00:00,170.55,170.58,165.04,166.42,9186041,168.1316165004,168.1611911031,162.6997477996,164.060179525,9186041,0.0,1.0
2024-08-28 00:00:00+00:00,169.2,172.465,166.2,171.32,10581371,166.8007593777,170.0194619744,163.843299105,168.8906979704,10581371,0.0,1.0
2024-08-29 00:00:00+00:00,169.15,175.42,167.51,168.65,13213194,166.7514683731,172.932560343,165.1347234241,166.2585583277,13213194,0.0,1.0
2024-08-30 00:00:00+00:00,171.7,172.23,168.75,170.055,9481403,169.2653096049,169.7877942531,166.3571403368,167.6436355554,9481403,0.0,1.0
2024-09-03 00:00:00+00:00,160.49,168.679,159.8,168.0,18464355,158.2142663861,166.2871471103,157.5340505234,165.6177752686,18464355,0.0,1.0
2024-09-04 00:00:00+00:00,160.87,163.88,158.95,159.3,11225498,158.5888780206,161.5561964942,156.6961034461,157.0411404779,11225498,0.0,1.0
2024-09-05 00:00:00+00:00,163.7,164.59,161.05,161.54,10260578,161.3787488778,162.2561287587,158.766325637,159.2493774815,10260578,0.0,1.0
2024-09-06 00:00:00+00:00,156.82,165.4053,156.01,164.89,14964411,154.5963066525,163.0598678788,153.7977923789,162.551874786,14964411,0.0,1.0
2024-09-09 00:00:00+00:00,162.78,163.1,160.25,160.76,10339023,160.4717943942,160.7872568233,157.9776695643,158.4804378106,10339023,0.0,1.0
2024-09-10 00:00:00+00:00,162.43,162.89,157.6931,162.89,11910831,160.1267573624,160.5802346042,155.4570261739,160.5802346042,11910831,0.0,1.0
2024-09-11 00:00:00+00:00,170.23,170.38,161.42,163.8,15059547,167.8161540713,167.9640270849,159.1310790706,161.4773308869,15059547,0.0,1.0
2024-09-12 00:00:00+00:00,171.43,172.15,169.0,170.6,13415497,169.6162605714,170.3286429293,167.2119701136,168.79504202,13415497,0.625999,1.0
2024-09-13 00:00:00+00:00,172.5,174.765,171.45,172.24,8787842,170.6749399088,172.9159760763,169.6360489703,170.417690724,8787842,0.0,1.0
2024-09-16 00:00:00+00:00,169.08,170.56,166.77,169.91,12194259,167.2911237089,168.7554652223,165.005563644,168.1123422603,12194259,0.0,1.0
2024-09-17 00:00:00+00:00,167.35,170.2402,166.355,169.35,8582819,165.5794272101,168.439048725,164.5949543683,167.5582670931,8582819,0.0,1.0
2024-09-18 00:00:00+00:00,167.28,171.6,167.0,168.46,9115969,165.5101678142,169.7844619615,165.2331302306,166.6776833452,9115969,0.0,1.0
2024-09-19 00:00:00+00:00,176.22,177.78,172.63,174.38,15855048,174.3555820912,175.8990772,170.8035645012,172.5350493989,15855048,0.0,1.0
2024-09-20 00:00:00+00:00,174.08,176.02,173.6501,174.87,18429784,172.2382234164,174.1576981029,171.8128717836,173.0198651702,18429784,0.0,1.0
2024-09-23 00:00:00+00:00,174.76,175.4,173.7,174.84,5794249,172.9110289766,173.5442577392,171.8622438386,172.9901825719,5794249,0.0,1.0
2024-09-24 00:00:00+00:00,181.97,182.78,177.05,179.5,14576105,180.0447467548,180.8461769075,175.1768006427,177.6008794993,14576105,0.0,1.0
2024-09-25 00:00:00+00:00,182.35,183.82,181.21,181.52,8280927,180.4207263326,181.8751736466,179.2927875993,179.5995077812,8280927,0.0,1.0
2024-09-26 00:00:00+00:00,186.83,189.33,183.8,188.495,15103400,184.8533276705,187.3268775243,181.8553852478,186.5007118731,15103400,0.0,1.0
2024-09-27 00:00:00+00:00,177.97,185.94,177.4,185.84,17908399,176.0870669888,183.9727439226,175.5230976222,183.8738019285,17908399,0.0,1.0
2024-09-30 00:00:00+00:00,173.67,176.82,171.93,174.27,13561649,171.8325612404,174.9492340561,170.1109705422,172.4262132053,13561649,0.0,1.0
2024-10-01 00:00:00+00:00,172.07,175.99,170.78,175.31,11850168,170.249489334,174.1280155047,168.9731376095,173.4552099445,11850168,0.0,1.0
2024-10-02 00:00:00+00:00,175.8,176.9739,170.7899,172.96,11164365,173.9400257158,175.1015057851,168.9829328669,171.1300730819,11164365,0.0,1.0
2024-10-03 00:00:00+00:00,179.48,180.79,175.1218,175.8,12555033,177.5810911005,178.8772312239,173.2690011115,173.9400257158,12555033,0.0,1.0
2024-10-04 00:00:00+00:00,181.16,181.23,177.55,179.7,10001896,179.2433166022,179.3125759981,175.6715106134,177.7987634876,10001896,0.0,1.0
2024-10-07 00:00:00+00:00,184.51,185.0,180.93,181.6,12054159,182.5578734063,183.0426891776,179.0157500157,179.6786613765,12054159,0.0,1.0
2024-10-08 00:00:00+00:00,186.05,186.54,182.03,184.96,10394172,184.0815801162,184.5663958875,180.1041119513,183.0031123799,10394172,0.0,1.0
2024-10-09 00:00:00+00:00,187.14,188.0,182.26,187.8,11925013,185.1600478524,186.0109490021,180.3316785379,185.8130650138,11925013,0.0,1.0
2024-10-10 00:00:00+00:00,185.78,187.08,184.4,185.86,6443849,183.814436732,185.1006826559,182.4490372127,183.8935903273,6443849,0.0,1.0
2024-10-11 00:00:00+00:00,190.81,191.4899,188.01,188.17,12163858,188.7912190377,189.4639256559,186.0208432015,186.1791503921,12163858,0.0,1.0
2024-10-14 00:00:00+00:00,192.21,194.25,190.5029,190.61,11714387,190.1764069558,192.1948236365,188.4873681737,188.5933350494,11714387,0.0,1.0
2024-10-15 00:00:00+00:00,187.13,193.62,184.25,192.96,21812670,185.150153653,191.5714890733,182.3006242215,190.9184719119,21812670,0.0,1.0
2024-10-16 00:00:00+00:00,187.48,190.01,186.66,189.78,18689223,185.4964506325,187.9996830845,184.6851262805,187.772116498,18689223,0.0,1.0
2024-10-17 00:00:00+00:00,205.84,212.6,201.97,203.35,62274668,203.6622007585,210.350679563,199.8331455849,201.1985451041,62274668,0.0,1.0
2024-10-18 00:00:00+00:00,200.78,205.95,200.76,205.95,21030823,198.6557358545,203.771036952,198.6359474556,203.771036952,21030823,0.0,1.0
2024-10-21 00:00:00+00:00,201.95,203.44,199.66,200.81,14819950,199.813357186,201.2875928989,197.54758552,198.6854184527,14819950,0.0,1.0
2024-10-22 00:00:00+00:00,198.48,200.17,197.11,199.07,11165073,196.380069989,198.0521896902,195.0245646692,196.9638277545,11165073,0.0,1.0
2024-10-23 00:00:00+00:00,200.86,203.13,196.23,196.68,16535701,198.7348894498,200.980872717,194.1538751206,194.5991140943,16535701,0.0,1.0
2024-10-24 00:00:00+00:00,197.93,200.5,197.41,198.96,9935780,195.8358890212,198.3786982708,195.3213906516,196.8549915609,9935780,0.0,1.0
2024-10-25 00:00:00+00:00,203.44,205.2,200.0,200.25,13434862,201.2875928989,203.0289719959,197.8839883001,198.1313432855,13434862,0.0,1.0
2024-10-28 00:00:00+00:00,194.68,199.74,194.5201,199.26,20135345,192.6202742113,197.6267391153,192.4620659627,197.1518175434,20135345,0.0,1.0
2024-10-29 00:00:00+00:00,196.94,198.79,193.6,194.39,13779107,194.8563632791,196.6867901709,191.5517006745,192.3333424283,13779107,0.0,1.0
2024-10-30 00:00:00+00:00,194.48,195.45,192.61,194.38,10007766,192.422390223,193.3821275663,190.5721749324,192.3234482289,10007766,0.0,1.0
2024-10-31 00:00:00+00:00,190.54,192.86,187.66,192.86,13062658,188.5240756535,190.8195299178,185.674546222,190.8195299178,13062658,0.0,1.0
2024-11-01 00:00:00+00:00,192.95,198.17,192.55,194.2,12691190,190.9085777125,196.0733498072,190.5128097359,192.1453526394,12691190,0.0,1.0
2024-11-04 00:00:00+00:00,191.56,194.36,190.6,193.7,10917292,189.5332839938,192.30365983,188.58344085,191.6506426686,10917292,0.0,1.0
2024-11-05 00:00:00+00:00,195.76,198.34,193.49,193.58,10339213,193.6888477481,196.2415511972,191.4428644809,191.5319122757,10339213,0.0,1.0
2024-11-06 00:00:00+00:00,193.22,194.26,188.5,192.04,19834867,191.1757210967,192.2047178359,186.5056589728,190.0082055658,19834867,0.0,1.0
2024-11-07 00:00:00+00:00,201.19,202.01,196.25,196.31,14865161,199.0613980305,199.8727223825,194.1736635195,194.233028716,14865161,0.0,1.0
2024-11-08 00:00:00+00:00,201.2,206.61,200.02,203.89,13112091,199.0712922299,204.4240541134,197.9037766989,201.7328318725,13112091,0.0,1.0
2024-11-11 00:00:00+00:00,194.05,198.2,191.49,197.96,16610009,191.9969396482,196.1030324054,189.4640245979,195.8655716194,16610009,0.0,1.0
2024-11-12 00:00:00+00:00,191.77,194.0,189.72,193.83,11818985,189.7410621815,191.9474686511,187.7127513015,191.779267261,11818985,0.0,1.0
2024-11-13 00:00:00+00:00,186.66,192.48,186.5,192.443,13882151,184.6851262805,190.44355034,184.5268190898,190.4069418022,13882151,0.0,1.0
2024-11-14 00:00:00+00:00,188.5,192.66,187.535,188.4,11453908,186.5056589728,190.6216459295,185.5508687293,186.4067169787,11453908,0.0,1.0
2024-11-15 00:00:00+00:00,186.01,188.8,184.81,188.18,9834757,184.0420033185,186.8024849553,182.8546993887,186.1890445916,9834757,0.0,1.0
2024-11-18 00:00:00+00:00,187.48,188.0,183.49,184.35,10694009,185.4964506325,186.0109490021,181.5486650659,182.3995662156,10694009,0.0,1.0
2024-11-19 00:00:00+00:00,189.67,190.02,188.02,189.13,9390115,187.6632803044,188.0095772839,186.0307374009,187.128993536,9390115,0.0,1.0
2024-11-20 00:00:00+00:00,188.36,188.85,184.06,188.85,10624495,186.367140181,186.8519559524,182.1126344326,186.8519559524,10624495,0.0,1.0
2024-11-21 00:00:00+00:00,191.24,192.3,186.74,189.41,18137330,189.2166696126,190.2654547505,184.7642798758,187.4060311196,18137330,0.0,1.0
2024-11-22 00:00:00+00:00,190.08,193.0,189.43,192.95,8838925,188.0689424804,190.9580487096,187.4258195184,190.9085777125,8838925,0.0,1.0
2024-11-25 00:00:00+00:00,185.08,188.25,183.71,188.09,14380026,183.1218427729,186.2583039875,181.7663374531,186.0999967968,14380026,0.0,1.0
2024-11-26 00:00:00+00:00,183.84,185.9,182.33,185.4,10186572,181.8949620455,183.9331671249,180.4009379338,183.4384571542,10186572,0.0,1.0
2024-11-27 00:00:00+00:00,181.19,182.45,178.05,182.0,9895248,179.2729992005,180.5196683268,176.1662205842,180.0744293531,9895248,0.0,1.0
2024-11-29 00:00:00+00:00,184.66,186.95,181.18,181.51,8045290,182.7062863975,184.9720580635,179.2631050011,179.5896135818,8045290,0.0,1.0
2024-12-02 00:00:00+00:00,194.4,195.29,188.94,189.34,16646881,192.3432366277,193.2238203756,186.9410037471,187.3367717237,16646881,0.0,1.0
2024-12-03 00:00:00+00:00,198.89,199.0,192.6,193.5,11217660,196.785732165,196.8945683586,190.562280733,191.4527586803,11217660,0.0,1.0
2024-12-04 00:00:00+00:00,200.69,202.6,198.27,199.85,12761061,198.5666880597,200.456480148,196.1722918013,197.7355753089,12761061,0.0,1.0
2024-12-05 00:00:00+00:00,204.3,205.63,200.75,201.25,12483722,202.1384940486,203.4544225707,198.6260532562,199.120763227,12483722,0.0,1.0
2024-12-06 00:00:00+00:00,203.02,203.19,199.93,202.0,9672870,200.8720365234,201.0402379135,197.8147289042,199.8628281831,9672870,0.0,1.0
2024-12-09 00:00:00+00:00,199.17,203.125,198.98,200.93,9699663,197.0627697487,200.9759256173,196.8747799598,198.8041488457,9699663,0.0,1.0
2024-12-10 00:00:00+00:00,191.94,199.91,190.37,199.1,15307905,189.9092635716,197.7949405054,188.3558742634,196.9935103527,15307905,0.0,1.0
2024-12-11 00:00:00+00:00,194.6,196.0,193.26,194.67,9027611,192.541120616,193.9263085341,191.2152978944,192.6103800119,9027611,0.0,1.0
2024-12-12 00:00:00+00:00,191.46,195.42,191.29,194.63,7944938,190.0434219897,193.9741226639,189.8746797891,193.1899677314,7944938,0.615593,1.0
2024-12-13 00:00:00+00:00,200.99,202.54,197.27,198.51,19476980,199.5029112385,201.041443068,195.8104348476,197.0412603112,19476980,0.0,1.0
2024-12-16 00:00:00+00:00,202.22,205.5,200.87,203.2,15139257,200.7238106903,203.9795425618,199.3837990968,201.696559847,15139257,0.0,1.0
2024-12-17 00:00:00+00:00,200.66,202.4,197.47,201.0,11169364,199.1753528489,200.9024789028,196.0089550836,199.5128372503,11169364,0.0,1.0
2024-12-18 00:00:00+00:00,195.56,205.24,193.96,203.0,14721065,194.1130868292,203.721466255,192.5249249406,201.498039611,14721065,0.0,1.0
2024-12-19 00:00:00+00:00,194.64,198.57,193.95,198.4,10553405,193.1998937432,197.100816382,192.5149989288,196.9320741814,10553405,0.0,1.0
2024-12-20 00:00:00+00:00,197.21,198.08,191.98,192.6,16170143,195.7508787767,196.6144418036,190.5595746035,191.1749873353,16170143,0.0,1.0
2024-12-23 00:00:00+00:00,207.36,208.0499,200.905,201.0,17847038,205.8257807573,206.5105763116,199.4185401381,199.5128372503,17847038,0.0,1.0
2024-12-24 00:00:00+00:00,206.33,207.2,204.55,205.92,7634490,204.8034015415,205.6669645684,203.0365714405,204.3964350576,7634490,0.0,1.0
2024-12-26 00:00:00+00:00,203.06,208.16,202.89,205.5,8053235,201.5575956818,206.6198617016,201.3888534811,203.9795425618,8053235,0.0,1.0
2024-12-27 00:00:00+00:00,201.63,204.5,199.05,204.5,10664418,200.1381759939,202.9869413815,197.5772649486,202.9869413815,10664418,0.0,1.0
2024-12-30 00:00:00+00:00,200.39,201.967,198.48,199.84,11235213,198.9073505303,200.4726825917,197.0114822758,198.3614198811,11235213,0.0,1.0
2024-12-31 00:00:00+00:00,197.49,201.78,197.36,200.79,6427867,196.0288071072,200.2870661709,195.8997689538,199.3043910024,6427867,0.0,1.0
2025-01-02 00:00:00+00:00,201.58,203.7699,196.69,197.0,10951425,200.0885459349,202.2622432597,195.234726163,195.5424325289,10951425,0.0,1.0
2025-01-03 00:00:00+00:00,208.61,208.8,203.7,204.1,10261948,207.0665322327,207.255126457,202.1928604372,202.5899009094,10261948,0.0,1.0
2025-01-06 00:00:00+00:00,220.01,222.2,215.693,218.77,24339947,218.3821856887,220.5559822737,214.0971263931,217.1513602251,24339947,0.0,1.0
2025-01-07 00:00:00+00:00,211.42,221.48,211.32,221.24,17010000,209.8557415495,219.8413094238,209.7564814315,219.6030851405,17010000,0.0,1.0
2025-01-08 00:00:00+00:00,207.12,210.3,205.92,209.97,13262732,205.587556474,208.7440282275,204.3964350576,208.416469838,13262732,0.0,1.0
2025-01-10 00:00:00+00:00,208.37,209.9791,203.23,207.6,17265198,206.8283079494,208.4255025087,201.7263378824,206.0640050406,17265198,0.0,1.0
2025-01-13 00:00:00+00:00,201.36,203.59,200.05,200.52,16612392,199.8701736752,202.0836743074,198.5698661289,199.0363886837,16612392,0.0,1.0
2025-01-14 00:00:00+00:00,201.45,206.26,198.5,205.185,14182944,199.9595077814,204.7339194589,197.0313342994,203.66687319,14182944,0.0,1.0
2025-01-15 00:00:00+00:00,206.8,209.04,199.35,202.49,18286492,205.2699240963,207.4933507403,197.8750453027,200.991813009,18286492,0.0,1.0
2025-01-16 00:00:00+00:00,214.79,221.95,213.17,218.89,38539551,213.2008075273,220.3078319786,211.5927936151,217.2704723667,38539551,0.0,1.0
2025-01-17 00:00:00+00:00,211.5,215.68,211.06,215.17,21606103,209.9351496439,214.0842225778,209.4984051246,213.5779959758,21606103,0.0,1.0
2025-01-21 00:00:00+00:00,218.7,220.15,212.05,214.46,19061304,217.0818781425,218.521149854,210.4810802931,212.8732491378,19061304,0.0,1.0
2025-01-22 00:00:00+00:00,223.2,225.43,219.31,221.95,17294474,221.548583454,223.7620840862,217.6873648625,220.3078319786,17294474,0.0,1.0
2025-01-23 00:00:00+00:00,224.62,224.7,219.41,220.1,8986795,222.9580771301,223.0374852246,217.7866249805,218.4715197949,8986795,0.0,1.0
2025-01-24 00:00:00+00:00,221.88,226.4,220.96,226.22,13183798,220.238349896,224.7249072311,219.32515681,224.5462390187,13183798,0.0,1.0
2025-01-27 00:00:00+00:00,192.31,207.0,187.665,197.04,68667472,190.887132993,205.4684443324,186.2765005103,195.5821365761,68667472,0.0,1.0
2025-01-28 00:00:00+00:00,202.4,202.84,192.46,195.65,31738835,200.9024789028,201.3392234221,191.0360231701,194.2024209354,31738835,0.0,1.0
2025-01-29 00:00:00+00:00,202.33,206.45,199.75,204.49,15199493,200.8329968201,204.9225136832,198.2720857748,202.9770153697,15199493,0.0,1.0
2025-01-30 00:00:00+00:00,208.15,209.62,205.4161,206.57,13538952,206.6099356898,208.0690594249,203.8962633228,205.0416258248,13538952,0.0,1.0
2025-01-31 00:00:00+00:00,209.32,215.0,208.2,209.93,15781905,207.7712790708,213.4092537752,206.6595657488,208.3767657908,15781905,0.0,1.0
2025-02-03 00:00:00+00:00,199.8,204.99,197.98,199.63,17719766,198.3217158338,203.4733159599,196.5151816856,198.1529736332,17719766,0.0,1.0
2025-02-04 00:00:00+00:00,204.05,205.75,202.08,204.07,12692908,202.5402708503,204.2276928569,200.584846525,202.5601228739,12692908,0.0,1.0
2025-02-05 00:00:00+00:00,208.57,210.48,203.83,206.0,10997769,207.0268281855,208.92269644,202.3218985907,204.475843152,10997769,0.0,1.0
2025-02-06 00:00:00+00:00,210.5,211.18,207.0,210.055,8491436,208.9425484636,209.6175172662,205.4684443324,208.5008409383,8491436,0.0,1.0
2025-02-07 00:00:00+00:00,206.12,213.18,205.72,213.01,11616199,204.5949552937,211.6027196269,204.1979148215,211.4339774263,11616199,0.0,1.0
2025-02-10 00:00:00+00:00,207.95,209.98,206.53,208.0,9296479,206.4114154537,208.4263958498,205.0019217776,206.4610455127,9296479,0.0,1.0
2025-02-11 00:00:00+00:00,208.74,209.84,201.0,205.13,9224508,207.1955703862,208.2874316846,199.5128372503,203.6122801251,9224508,0.0,1.0
2025-02-12 00:00:00+00:00,206.38,207.0691,203.01,204.9,7373675,204.8530316005,205.5370330739,201.5079656228,203.3839818536,7373675,0.0,1.0
2025-02-13 00:00:00+00:00,201.83,202.3,199.23,201.88,15580928,200.33669623,200.8032187847,197.755933161,200.386326289,15580928,0.0,1.0
2025-02-14 00:00:00+00:00,203.9,206.25,197.4605,199.98,23220332,202.3913806733,204.7239934471,195.9995253724,198.5003840463,23220332,0.0,1.0
2025-02-18 00:00:00+00:00,202.74,205.85,200.52,204.755,14988136,201.2399633041,204.326952975,199.0363886837,203.2400546825,14988136,0.0,1.0
2025-02-19 00:00:00+00:00,200.95,202.6,200.02,202.01,13163071,199.4632071913,201.1009991388,198.5400880935,200.5153644424,13163071,0.0,1.0
2025-02-20 00:00:00+00:00,200.1,200.34,197.61,200.28,10639333,198.619496188,198.8577204712,196.1479192489,198.7981644004,10639333,0.0,1.0
2025-02-21 00:00:00+00:00,198.24,202.69,196.01,201.33,13757337,196.7732579925,201.1903332451,194.5597573603,199.8403956398,13757337,0.0,1.0
2025-02-24 00:00:00+00:00,191.65,198.79,191.46,196.88,15114277,190.232016214,197.3191886417,190.0434219897,195.4233203872,15114277,0.0,1.0
2025-02-25 00:00:00+00:00,189.37,193.53,187.468,190.65,20580951,187.9688855228,192.0981064331,186.0809580778,189.2394150336,20580951,0.0,1.0
2025-02-26 00:00:00+00:00,194.62,196.08,191.09,191.09,14112250,193.1800417196,194.6292394429,189.676159553,189.676159553,14112250,0.0,1.0
2025-02-27 00:00:00+00:00,181.09,194.77,181.08,194.69,24219211,179.7501477495,193.3289318967,179.7402217377,193.2495238023,24219211,0.0,1.0
2025-02-28 00:00:00+00:00,180.53,182.16,175.52,179.31,27929427,179.1942910885,180.8122310125,174.221359175,177.9833176485,27929427,0.0,1.0
2025-03-03 00:00:00+00:00,172.97,181.57,171.07,181.15,37402998,171.6902261651,180.2265963161,169.8042839224,179.8097038203,37402998,0.0,1.0
2025-03-04 00:00:00+00:00,180.0,183.6,174.18,175.06,29395234,178.6682124629,182.2415767122,172.8912735933,173.764762632,29395234,0.0,1.0
2025-03-05 00:00:00+00:00,184.28,184.74,180.72,183.0,17333996,182.9165455148,183.3731420578,179.3828853128,181.646016004,17333996,0.0,1.0
2025-03-06 00:00:00+00:00,175.85,181.55,175.79,178.575,17864290,174.5489175645,180.2067442925,174.4893614937,177.2537557809,17864290,0.0,1.0
2025-03-07 00:00:00+00:00,177.1,178.47,171.02,175.79,21012687,175.7896690399,177.149532657,169.7546538634,174.4893614937,21012687,0.0,1.0
2025-03-10 00:00:00+00:00,170.65,174.89,167.91,172.47,18046213,169.3873914267,173.5960204313,166.6676641925,171.1939255749,18046213,0.0,1.0
2025-03-11 00:00:00+00:00,170.97,173.3346,168.1,170.65,16561137,169.7050238044,172.0521285554,166.8562584168,169.3873914267,16561137,0.0,1.0
2025-03-12 00:00:00+00:00,177.17,178.13,174.76,175.6,14737610,175.8591511225,176.8120482557,173.4669822779,174.3007672694,14737610,0.0,1.0
2025-03-13 00:00:00+00:00,171.59,173.89,170.5,173.89,14381570,170.3204365362,172.603419251,169.2385012496,172.603419251,14381570,0.0,1.0
2025-03-14 00:00:00+00:00,174.09,174.37,171.9309,172.65,11449411,172.8019394871,173.0798678176,170.6588142786,171.3725937874,11449411,0.0,1.0
2025-03-17 00:00:00+00:00,176.24,177.16,173.82,173.95,9678112,174.9360320248,175.8492251107,172.5339371684,172.6629753218,9678112,0.0,1.0
2025-03-18 00:00:00+00:00,173.13,174.5755,170.4324,174.38,9986033,172.5277721224,173.968243991,169.8395556488,173.7734240323,9986033,0.683789,1.0
2025-03-19 00:00:00+00:00,173.76,175.73,171.74,173.0,10678482,173.155580685,175.1187280949,171.1426071987,172.3982243238,10678482,0.0,1.0
2025-03-20 00:00:00+00:00,177.47,178.67,174.55,174.85,12209690,176.8526755534,178.0485013869,173.942832692,174.2417891504,12209690,0.0,1.0
2025-03-21 00:00:00+00:00,176.73,177.2,173.7918,174.91,9993226,176.1152496228,176.5836147409,173.1872700696,174.3015804421,9993226,0.0,1.0
2025-03-24 00:00:00+00:00,181.16,182.925,179.675,179.99,11440018,180.5298399913,182.2887004881,179.0500055224,179.3639098037,11440018,0.0,1.0
2025-03-25 00:00:00+00:00,180.9,182.51,179.8,182.47,8718753,180.2707443941,181.875144054,179.1745707134,181.8352831929,8718753,0.0,1.0
2025-03-26 00:00:00+00:00,173.5,179.55,171.4662,179.23,14644601,172.8964850878,178.9254403314,170.8697596043,178.6065534425,14644601,0.0,1.0
2025-03-27 00:00:00+00:00,168.24,171.61,167.55,171.39,17559075,167.6547818511,171.0130594001,166.9671819968,170.7938246639,17559075,0.0,1.0
2025-03-28 00:00:00+00:00,165.25,168.63,164.06,168.04,16331998,164.6751824827,168.043425247,163.4893218645,167.4554775455,16331998,0.0,1.0
2025-03-31 00:00:00+00:00,166.0,166.13,159.73,160.36,19408272,165.4225736286,165.5521214273,159.1743836488,159.8021922114,19408272,0.0,1.0
2025-04-01 00:00:00+00:00,168.64,168.87,165.06,166.39,9180009,168.0533904622,168.2825904137,164.4858433924,165.8112170245,9180009,0.0,1.0
2025-04-02 00:00:00+00:00,170.39,171.75,166.345,166.85,10072689,169.797303136,171.152572414,165.7663735557,166.2696169273,10072689,0.0,1.0
2025-04-03 00:00:00+00:00,157.38,161.8,157.21,160.06,28370483,156.8325580583,161.2371832115,156.6631493985,159.503235753,28370483,0.0,1.0
2025-04-04 00:00:00+00:00,146.8,151.31,144.84,150.89,36085144,146.2893602933,150.783672384,144.3361780986,150.3651333423,36085144,0.0,1.0
2025-04-07 00:00:00+00:00,146.17,153.75,134.25,134.51,46388328,145.6615517307,153.2151849121,133.7830151183,134.0421107156,46388328,0.0,1.0
2025-04-08 00:00:00+00:00,141.37,152.61,138.98,151.98,30479663,140.8782483969,152.0791503703,138.4965619452,151.4513418077,30479663,0.0,1.0
2025-04-09 00:00:00+00:00,158.75,160.62,137.9,140.2,45612516,158.1977925515,160.0612878086,137.4203186951,139.7123182092,45612516,0.0,1.0
2025-04-10 00:00:00+00:00,151.13,156.0,146.91,155.5,24503452,150.604298509,155.4573583498,146.3989776613,154.9590975859,24503452,0.0,1.0
2025-04-11 00:00:00+00:00,157.08,158.01,153.25,156.0,19632205,156.5336015999,157.4603666208,152.7169241481,155.4573583498,19632205,0.0,1.0
2025-04-14 00:00:00+00:00,155.84,158.59,154.03,158.3,17509449,155.2979149053,158.038349107,153.4942109399,157.7493578639,17509449,0.0,1.0
2025-04-15 00:00:00+00:00,157.33,158.25,156.05,156.485,14306631,156.7827319819,157.6995317875,155.5071844262,155.9406712908,14306631,0.0,1.0
2025-04-16 00:00:00+00:00,151.67,153.54,148.49,150.6,23806098,151.1424201341,153.0059153912,147.9734816754,150.0761420992,23806098,0.0,1.0
2025-04-17 00:00:00+00:00,151.74,157.5,151.4469,156.05,27239900,151.212176641,156.9521406416,150.9200961812,155.5071844262,27239900,0.0,1.0
2025-04-21 00:00:00+00:00,147.86,150.28,145.84,149.99,15170478,147.3456731128,149.7572552103,145.3326996265,149.4682639672,15170478,0.0,1.0
2025-04-22 00:00:00+00:00,151.4,152.5996,147.4401,148.0,12668584,150.8733593215,152.0687865464,146.9272337233,147.4851861267,12668584,0.0,1.0
2025-04-23 00:00:00+00:00,157.81,160.38,156.0,159.37,17667929,157.2610623153,159.8221226419,155.4573583498,158.8156358988,17667929,0.0,1.0
2025-04-24 00:00:00+00:00,164.18,164.55,157.39,157.78,18761145,163.6089044479,163.9776174132,156.8425232736,157.2311666694,18761145,0.0,1.0
2025-04-25 00:00:00+00:00,165.1,165.91,161.16,163.93,14654790,164.5257042535,165.3328866911,160.5994094337,163.3597740659,14654790,0.0,1.0
2025-04-28 00:00:00+00:00,163.4,165.32,160.5,165.0,11415622,162.8316176561,164.7449389897,159.9417052253,164.4260521007,11415622,0.0,1.0
2025-04-29 00:00:00+00:00,164.48,166.0,163.5,164.38,9830097,163.9078609062,165.4225736286,162.9312698089,163.8082087535,9830097,0.0,1.0
2025-04-30 00:00:00+00:00,166.69,166.92,161.75,163.54,10073011,166.1101734829,166.3393734343,161.1873571351,162.97113067,10073011,0.0,1.0
2025-05-01 00:00:00+00:00,172.72,174.78,170.95,172.8,22670639,172.119198296,174.1720326434,170.3553551916,172.1989200182,22670639,0.0,1.0
2025-05-02 00:00:00+00:00,179.28,180.65,177.14,179.795,21691162,178.6563795189,180.0216140121,176.5238234492,179.1695881058,21691162,0.0,1.0
2025-05-05 00:00:00+00:00,176.4,180.08,176.25,179.0,14618920,175.7863975186,179.4535967412,175.6369192894,178.3773534911,14618920,0.0,1.0
2025-05-06 00:00:00+00:00,172.28,174.74,170.5884,172.6,14565567,171.6807288237,174.1321717823,169.9950130072,171.9996157127,14565567,0.0,1.0
2025-05-07 00:00:00+00:00,174.54,175.98,171.37,174.1,9703998,173.9328674768,175.3678584769,170.7738942334,173.4943980045,9703998,0.0,1.0
2025-05-08 00:00:00+00:00,175.22,177.45,173.66,175.34,10342957,174.6105021157,176.8327451229,173.0559285322,174.7300846991,10342957,0.0,1.0
2025-05-09 00:00:00+00:00,176.52,180.46,176.47,179.8,11582754,175.905980102,179.8322749218,175.8561540256,179.1745707134,11582754,0.0,1.0
2025-05-12 00:00:00+00:00,186.98,189.17,184.61,187.28,22064866,186.3295952836,188.5119774297,183.9678392625,186.628551742,22064866,0.0,1.0
2025-05-13 00:00:00+00:00,193.99,194.28,187.72,187.72,19996036,193.3152111941,193.6042024372,187.0670212143,187.0670212143,19996036,0.0,1.0
2025-05-14 00:00:00+00:00,194.76,196.22,193.23,195.28,12358953,194.0825327705,195.5374542013,192.5578548329,194.600723965,12358953,0.0,1.0
2025-05-15 00:00:00+00:00,194.22,194.49,191.63,193.1,10241765,193.5444111455,193.813471958,190.9634203883,192.4283070343,10241765,0.0,1.0
2025-05-16 00:00:00+00:00,194.22,195.08,192.57,194.53,9146662,193.5444111455,194.4014196595,191.9001506245,193.8533328191,9146662,0.0,1.0
2025-05-19 00:00:00+00:00,193.5,193.5,188.8107,189.0,10144438,192.8269156454,192.8269156454,188.1539272447,188.3425687699,10144438,0.0,1.0
2025-05-20 00:00:00+00:00,193.45,193.73,190.81,191.8,7054072,192.777089569,193.0561155968,190.1462727354,191.132829048,7054072,0.0,1.0
2025-05-21 00:00:00+00:00,191.76,195.27,190.53,193.1,7375650,191.0929681869,194.5907587498,189.8672467076,192.4283070343,7375650,0.0,1.0
2025-05-22 00:00:00+00:00,196.19,196.83,191.335,191.34,11824973,195.5075585554,196.1453323333,190.6694465375,190.6744291452,11824973,0.0,1.0
2025-05-23 00:00:00+00:00,191.98,192.8,190.03,192.02,9403136,191.312202923,192.1293505759,189.3689859437,191.3520637842,9403136,0.0,1.0
2025-05-27 00:00:00+00:00,197.68,198.31,193.7,194.095,12228212,196.992375632,197.6201841945,193.026219951,193.4198459545,12228212,0.0,1.0
2025-05-28 00:00:00+00:00,196.14,198.065,195.48,196.09,17787617,195.457732479,197.3760364202,194.8000282706,195.4079064026,17787617,0.0,1.0
2025-05-29 00:00:00+00:00,197.15,199.8,196.08,199.46,14624606,196.4642192222,199.1050012711,195.3979411874,198.7661839516,14624606,0.0,1.0
2025-05-30 00:00:00+00:00,193.32,195.91,190.56,195.77,11998300,192.6475417704,195.2285325276,189.8971423534,195.0890195137,11998300,0.0,1.0
2025-06-02 00:00:00+00:00,194.84,195.16,192.195,193.035,7447367,194.1622544928,194.4811413817,191.5264550515,192.363533135,7447367,0.0,1.0
2025-06-03 00:00:00+00:00,197.61,198.1685,193.64,194.345,9548320,196.922619125,197.4791763983,192.9664286593,193.6689763365,9548320,0.0,1.0
2025-06-04 00:00:00+00:00,202.4,204.03,200.38,201.38,13531121,201.6959572436,203.320287334,199.6829837573,200.6795052851,13531121,0.0,1.0
2025-06-05 00:00:00+00:00,203.34,205.76,202.28,204.88,12242180,202.6326874798,205.0442695773,201.5763746602,204.1673306327,12242180,0.0,1.0
2025-06-06 00:00:00+00:00,205.18,206.29,203.23,203.58,8531979,204.4662870911,205.572425987,202.5230701117,202.8718526465,8531979,0.0,1.0
2025-06-09 00:00:00+00:00,207.0,209.27,205.87,206.4,11472258,206.2799562718,208.5420601401,205.1538869453,205.6820433551,11472258,0.0,1.0
2025-06-10 00:00:00+00:00,212.46,213.23,209.96,211.605,14513988,211.7209638141,212.4882853906,209.2296599944,210.8689379077,14513988,0.0,1.0
2025-06-11 00:00:00+00:00,214.1,217.43,212.95,215.0,13326440,213.3552591198,216.6736758077,212.2092593627,214.2521284949,13326440,0.0,1.0
2025-06-12 00:00:00+00:00,215.43,215.88,211.91,212.92,9796134,215.43,215.88,211.91,212.92,9796134,0.751983,1.0
2025-06-13 00:00:00+00:00,211.1,213.26,209.4,210.11,10152533,211.1,213.26,209.4,210.11,10152533,0.0,1.0
2025-06-16 00:00:00+00:00,215.68,217.6,212.73,213.0,10932869,215.68,217.6,212.73,213.0,10932869,0.0,1.0
2025-06-17 00:00:00+00:00,213.9,215.94,213.5,213.89,8389651,213.9,215.94,213.5,213.89,8389651,0.0,1.0
2025-06-18 00:00:00+00:00,213.5,215.1651,212.89,214.695,6931992,213.5,215.1651,212.89,214.695,6931992,0.0,1.0
2025-06-20 00:00:00+00:00,209.51,215.4978,208.15,215.2,16992048,209.51,215.4978,208.15,215.2,16992048,0.0,1.0
2025-06-23 00:00:00+00:00,210.32,210.59,206.2015,206.63,7535531,210.32,210.59,206.2015,206.63,7535531,0.0,1.0
2025-06-24 00:00:00+00:00,220.09,220.365,213.88,214.39,14814705,220.09,220.365,213.88,214.39,14814705,0.0,1.0
2025-06-25 00:00:00+00:00,222.74,223.5,220.8,220.8,9168374,222.74,223.5,220.8,220.8,9168374,0.0,1.0
2025-06-26 00:00:00+00:00,224.01,225.22,222.6956,224.98,7982208,224.01,225.22,222.6956,224.98,7982208,0.0,1.0
2025-06-27 00:00:00+00:00,228.57,228.88,224.03,224.3,13132971,228.57,228.88,224.03,224.3,13132971,0.0,1.0
2025-06-30 00:00:00+00:00,226.49,228.15,224.8,227.44,9279803,226.49,228.15,224.8,227.44,9279803,0.0,1.0
2025-07-01 00:00:00+00:00,224.68,228.6,221.18,227.425,9990210,224.68,228.6,221.18,227.425,9990210,0.0,1.0
2025-07-02 00:00:00+00:00,233.6,233.82,224.0,224.48,12012459,233.6,233.82,224.0,224.48,12012459,0.0,1.0
2025-07-03 00:00:00+00:00,234.8,237.58,233.27,233.87,7779584,234.8,237.58,233.27,233.87,7779584,0.0,1.0
2025-07-07 00:00:00+00:00,229.17,232.55,227.44,231.63,13817520,229.17,232.55,227.44,231.63,13817520,0.0,1.0
2025-07-08 00:00:00+00:00,227.86,230.33,227.535,229.78,8854432,227.86,230.33,227.535,229.78,8854432,0.0,1.0
2025-07-09 00:00:00+00:00,231.84,233.27,230.24,230.45,9475340,231.84,233.27,230.24,230.45,9475340,0.0,1.0
2025-07-10 00:00:00+00:00,229.76,233.05,227.77,232.78,13124703,229.76,233.05,227.77,232.78,13124703,0.0,1.0
2025-07-11 00:00:00+00:00,230.4,232.27,229.4001,231.0,8817763,230.4,232.27,229.4001,231.0,8817763,0.0,1.0
2025-07-14 00:00:00+00:00,228.67,229.85,226.31,229.33,10673518,228.67,229.85,226.31,229.33,10673518,0.0,1.0
2025-07-15 00:00:00+00:00,236.95,237.71,233.85,234.46,14270133,236.95,237.71,233.85,234.46,14270133,0.0,1.0
2025-07-16 00:00:00+00:00,237.56,238.31,234.15,236.395,15092753,237.56,238.31,234.15,236.395,15092753,0.0,1.0
2025-07-17 00:00:00+00:00,245.6,248.28,241.39,245.79,27395684,245.6,248.28,241.39,245.79,27395684,0.0,1.0
2025-07-18 00:00:00+00:00,240.4,245.97,238.69,245.31,16252018,240.4,245.97,238.69,245.31,16252018,0.0,1.0
2025-07-21 00:00:00+00:00,238.85,242.34,238.71,240.12,11971805,238.85,242.34,238.71,240.12,11971805,0.0,1.0
2025-07-22 00:00:00+00:00,234.6,238.0,231.76,237.83,11919542,234.6,238.0,231.76,237.83,11919542,0.0,1.0
2025-07-23 00:00:00+00:00,240.33,240.5,236.38,238.52,9885441,240.33,240.5,236.38,238.52,9885441,0.0,1.0
2025-07-24 00:00:00+00:00,241.6,241.95,238.03,240.205,9081946,241.6,241.95,238.03,240.205,9081946,0.0,1.0
2025-07-25 00:00:00+00:00,245.6,246.24,240.94,241.32,11593366,245.6,246.24,240.94,241.32,11593366,0.0,1.0
2025-07-28 00:00:00+00:00,242.75,243.95,241.05,243.0,11892202,242.75,243.95,241.05,243.0,11892202,0.0,1.0
2025-07-29 00:00:00+00:00,241.33,243.97,239.82,241.495,9411525,241.33,243.97,239.82,241.495,9411525,0.0,1.0
2025-07-30 00:00:00+00:00,242.91,244.57,241.22,242.12,6823770,242.91,244.57,241.22,242.12,6823770,0.0,1.0
2025-07-31 00:00:00+00:00,241.62,247.41,239.8,245.98,13490682,241.62,247.41,239.8,245.98,13490682,0.0,1.0
2025-08-01 00:00:00+00:00,235.21,237.19,231.8401,235.62,13549793,235.21,237.19,231.8401,235.62,13549793,0.0,1.0
2025-08-04 00:00:00+00:00,239.0,239.0,236.39,237.91,6450728,239.0,239.0,236.39,237.91,6450728,0.0,1.0
2025-08-05 00:00:00+00:00,232.47,238.63,230.17,238.325,11868867,232.47,238.63,230.17,238.325,11868867,0.0,1.0
2025-08-06 00:00:00+00:00,231.37,232.2,228.82,231.03,9457183,231.37,232.2,228.82,231.03,9457183,0.0,1.0
2025-08-07 00:00:00+00:00,242.62,247.84,240.8,244.47,17691005,242.62,247.84,240.8,244.47,17691005,0.0,1.0
2025-08-08 00:00:00+00:00,241.83,243.16,238.97,243.16,10552538,241.83,243.16,238.97,243.16,10552538,0.0,1.0
